COUNTY_ID,COUNTY,TOWN_ID,TOWN,V_ID,VILLAGE,A0A14_CNT,A0A14_M_CNT,A0A14_F_CNT,A15A64_CNT,A15A64_M_CNT,A15A64_F_CNT,A65UP_CNT,A65UP_M_CNT,A65UP_F_CNT,INFO_TIME
┐делеN╜X,┐делжW║┘,╢m┬эел░╧еN╜X,╢m┬эел░╧жW║┘,з°и╜еN╜X,з°и╜жW║┘,0-14╖│дHдf╝╞,0-14╖│иkй╩дHдf╝╞,0-14╖│дkй╩дHдf╝╞,15-64╖│дHдf╝╞,15-64╖│иkй╩дHдf╝╞,15-64╖│дkй╩дHдf╝╞,65╖│еHдWдHдf╝╞,65╖│еHдWиkй╩дHдf╝╞,65╖│еHдWдkй╩дHдf╝╞,╕ъо╞о╔╢б
65000,╖sе_ел,65000010,кO╛Ї░╧,65000010-001,пdлJи╜,222,104,118,1278,625,653,183,81,102,"102Y12M"
65000,╖sе_ел,65000010,кO╛Ї░╧,65000010-002,мyк┌и╜,221,120,101,1140,523,617,208,96,112,"102Y12M"
65000,╖sе_ел,65000010,кO╛Ї░╧,65000010-003,иккQи╜,139,74,65,586,281,305,127,61,66,"102Y12M"
65000,╖sе_ел,65000010,кO╛Ї░╧,65000010-004,╢└е█и╜,214,118,96,868,410,458,167,81,86,"102Y12M"
65000,╖sе_ел,65000010,кO╛Ї░╧,65000010-005,╤║иqи╜,271,132,139,1318,658,660,268,128,140,"102Y12M"
65000,╖sе_ел,65000010,кO╛Ї░╧,65000010-006,┘ї┐│и╜,700,378,322,4442,2144,2298,625,283,342,"102Y12M"
65000,╖sе_ел,65000010,кO╛Ї░╧,65000010-007,╖s┐│и╜,384,184,200,2577,1250,1327,433,200,233,"102Y12M"
65000,╖sе_ел,65000010,кO╛Ї░╧,65000010-008,к└лси╜,750,402,348,7151,4022,3129,949,517,432,"102Y12M"
65000,╖sе_ел,65000010,кO╛Ї░╧,65000010-009,н╗к└и╜,595,308,287,3552,1765,1787,449,218,231,"102Y12M"
65000,╖sе_ел,65000010,кO╛Ї░╧,65000010-010,дде┐и╜,619,327,292,3610,1783,1827,408,206,202,"102Y12M"
65000,╖sе_ел,65000010,кO╛Ї░╧,65000010-011,ж█▒jи╜,616,329,287,4071,1995,2076,771,371,400,"102Y12M"
65000,╖sе_ел,65000010,кO╛Ї░╧,65000010-012,ж█е▀и╜,371,186,185,2267,1106,1161,366,170,196,"102Y12M"
65000,╖sе_ел,65000010,кO╛Ї░╧,65000010-013,е·╡╪и╜,351,196,155,2164,1071,1093,364,167,197,"102Y12M"
65000,╖sе_ел,65000010,кO╛Ї░╧,65000010-014,░ъе·и╜,390,212,178,2984,1472,1512,571,267,304,"102Y12M"
65000,╖sе_ел,65000010,кO╛Ї░╧,65000010-015,┤фз└и╜,458,231,227,2407,1120,1287,233,112,121,"102Y12M"
65000,╖sе_ел,65000010,кO╛Ї░╧,65000010-016,кў╡╪и╜,544,289,255,3291,1585,1706,417,209,208,"102Y12M"
65000,╖sе_ел,65000010,кO╛Ї░╧,65000010-017,┤ф╝wи╜,648,364,284,3948,1925,2023,572,260,312,"102Y12M"
65000,╖sе_ел,65000010,кO╛Ї░╧,65000010-018,е┴┼vи╜,320,172,148,2010,1011,999,462,208,254,"102Y12M"
65000,╖sе_ел,65000010,кO╛Ї░╧,65000010-019,л╪░ъи╜,441,216,225,2922,1429,1493,470,228,242,"102Y12M"
65000,╖sе_ел,65000010,кO╛Ї░╧,65000010-020,║~е═и╜,720,376,344,3403,1640,1763,593,286,307,"102Y12M"
65000,╖sе_ел,65000010,кO╛Ї░╧,65000010-021,д╜БFи╜,655,338,317,3049,1508,1541,512,233,279,"102Y12M"
65000,╖sе_ел,65000010,кO╛Ї░╧,65000010-022,╖sе┴и╜,787,416,371,3467,1691,1776,535,244,291,"102Y12M"
65000,╖sе_ел,65000010,кO╛Ї░╧,65000010-023,йп║╓и╜,599,313,286,3222,1599,1623,490,231,259,"102Y12M"
65000,╖sе_ел,65000010,кO╛Ї░╧,65000010-024,й╛╕█и╜,560,301,259,3051,1475,1576,628,290,338,"102Y12M"
65000,╖sе_ел,65000010,кO╛Ї░╧,65000010-025,ж╩╣╪и╜,408,222,186,1848,868,980,334,157,177,"102Y12M"
65000,╖sе_ел,65000010,кO╛Ї░╧,65000010-026,д╢╣╪и╜,475,245,230,2397,1149,1248,386,172,214,"102Y12M"
65000,╖sе_ел,65000010,кO╛Ї░╧,65000010-027,╖sоHи╜,230,112,118,1728,843,885,301,143,158,"102Y12M"
65000,╖sе_ел,65000010,кO╛Ї░╧,65000010-028,╡╪ж┐и╜,1374,683,691,5564,2548,3016,571,259,312,"102Y12M"
65000,╖sе_ел,65000010,кO╛Ї░╧,65000010-029,ж┐╗Aи╜,642,328,314,3932,1960,1972,559,250,309,"102Y12M"
65000,╖sе_ел,65000010,кO╛Ї░╧,65000010-030,п┬╗Aи╜,727,378,349,4472,2178,2294,530,245,285,"102Y12M"
65000,╖sе_ел,65000010,кO╛Ї░╧,65000010-031,╖╦└Yи╜,831,440,391,4832,2362,2470,625,287,338,"102Y12M"
65000,╖sе_ел,65000010,кO╛Ї░╧,65000010-032,┴p╗Aи╜,477,250,227,2915,1363,1552,432,196,236,"102Y12M"
65000,╖sе_ел,65000010,кO╛Ї░╧,65000010-033,з╗╗Aи╜,664,363,301,4035,1922,2113,369,179,190,"102Y12M"
65000,╖sе_ел,65000010,кO╛Ї░╧,65000010-034,дп╗Aи╜,376,181,195,2413,1173,1240,329,166,163,"102Y12M"
65000,╖sе_ел,65000010,кO╛Ї░╧,65000010-035,╖s╗Aи╜,1121,589,532,6706,3167,3539,544,269,275,"102Y12M"
65000,╖sе_ел,65000010,кO╛Ї░╧,65000010-036,жN╗Aи╜,516,255,261,3188,1577,1611,296,155,141,"102Y12M"
65000,╖sе_ел,65000010,кO╛Ї░╧,65000010-037,╝w╗Aи╜,1261,655,606,5975,2887,3088,394,177,217,"102Y12M"
65000,╖sе_ел,65000010,кO╛Ї░╧,65000010-038,║б╗Aи╜,403,225,178,2509,1190,1319,354,185,169,"102Y12M"
65000,╖sе_ел,65000010,кO╛Ї░╧,65000010-039,й·╗Aи╜,644,331,313,3949,1918,2031,627,296,331,"102Y12M"
65000,╖sе_ел,65000010,кO╛Ї░╧,65000010-040,кQ╗Aи╜,481,238,243,2845,1402,1443,398,183,215,"102Y12M"
65000,╖sе_ел,65000010,кO╛Ї░╧,65000010-041,мf╗Aи╜,540,304,236,3166,1512,1654,451,206,245,"102Y12M"
65000,╖sе_ел,65000010,кO╛Ї░╧,65000010-042,└s╗Aи╜,615,328,287,4196,2024,2172,481,228,253,"102Y12M"
65000,╖sе_ел,65000010,кO╛Ї░╧,65000010-043,╡╪╗Aи╜,657,340,317,2968,1423,1545,337,154,183,"102Y12M"
65000,╖sе_ел,65000010,кO╛Ї░╧,65000010-044,й╛╗Aи╜,2037,1057,980,8026,3734,4292,726,323,403,"102Y12M"
65000,╖sе_ел,65000010,кO╛Ї░╧,65000010-045,┤P╗Aи╜,342,183,159,2064,1037,1027,303,144,159,"102Y12M"
65000,╖sе_ел,65000010,кO╛Ї░╧,65000010-046,дх╗Aи╜,472,255,217,3262,1599,1663,499,231,268,"102Y12M"
65000,╖sе_ел,65000010,кO╛Ї░╧,65000010-047,лC╗Aи╜,376,216,160,2460,1257,1203,330,145,185,"102Y12M"
65000,╖sе_ел,65000010,кO╛Ї░╧,65000010-048,├h╗Aи╜,729,387,342,5037,2492,2545,568,276,292,"102Y12M"
65000,╖sе_ел,65000010,кO╛Ї░╧,65000010-049,║╓╗Aи╜,138,77,61,1144,583,561,213,111,102,"102Y12M"
65000,╖sе_ел,65000010,кO╛Ї░╧,65000010-050,┤ф╝Lи╜,753,411,342,5171,2584,2587,587,265,322,"102Y12M"
65000,╖sе_ел,65000010,кO╛Ї░╧,65000010-051,о╢┐│и╜,542,276,266,3639,1834,1805,532,235,297,"102Y12M"
65000,╖sе_ел,65000010,кO╛Ї░╧,65000010-052,о╢╕qи╜,529,272,257,3410,1694,1716,469,217,252,"102Y12M"
65000,╖sе_ел,65000010,кO╛Ї░╧,65000010-053,е·┤_и╜,442,226,216,2575,1319,1256,361,161,200,"102Y12M"
65000,╖sе_ел,65000010,кO╛Ї░╧,65000010-054,оHсYи╜,763,371,392,5133,2468,2665,643,292,351,"102Y12M"
65000,╖sе_ел,65000010,кO╛Ї░╧,65000010-055,к°╣╪и╜,334,170,164,2287,1141,1146,328,150,178,"102Y12M"
65000,╖sе_ел,65000010,кO╛Ї░╧,65000010-056,║╓╣╪и╜,397,197,200,2796,1419,1377,303,138,165,"102Y12M"
65000,╖sе_ел,65000010,кO╛Ї░╧,65000010-057,о№дsи╜,2058,1038,1020,6323,2929,3394,658,304,354,"102Y12M"
65000,╖sе_ел,65000010,кO╛Ї░╧,65000010-058,дEжpи╜,461,242,219,2293,1099,1194,329,144,185,"102Y12M"
65000,╖sе_ел,65000010,кO╛Ї░╧,65000010-059,е╔е·и╜,996,506,490,4329,2011,2318,497,238,259,"102Y12M"
65000,╖sе_ел,65000010,кO╛Ї░╧,65000010-060,е·дпи╜,500,258,242,2333,1130,1203,359,188,171,"102Y12M"
65000,╖sе_ел,65000010,кO╛Ї░╧,65000010-061,░ёсYи╜,781,398,383,3349,1595,1754,427,207,220,"102Y12M"
65000,╖sе_ел,65000010,кO╛Ї░╧,65000010-062,е├жwи╜,576,292,284,2819,1382,1437,341,161,180,"102Y12M"
65000,╖sе_ел,65000010,кO╛Ї░╧,65000010-063,┬∙е╔и╜,778,400,378,3109,1498,1611,400,175,225,"102Y12M"
65000,╖sе_ел,65000010,кO╛Ї░╧,65000010-064,╝s╖sи╜,602,336,266,2834,1373,1461,386,190,196,"102Y12M"
65000,╖sе_ел,65000010,кO╛Ї░╧,65000010-065,▓`еCи╜,1841,936,905,6501,3017,3484,668,332,336,"102Y12M"
65000,╖sе_ел,65000010,кO╛Ї░╧,65000010-066,н╗еCи╜,757,390,367,3082,1469,1613,382,181,201,"102Y12M"
65000,╖sе_ел,65000010,кO╛Ї░╧,65000010-067,жшжwи╜,431,224,207,2163,1073,1090,343,160,183,"102Y12M"
65000,╖sе_ел,65000010,кO╛Ї░╧,65000010-068,кFеCи╜,836,442,394,3676,1780,1896,519,254,265,"102Y12M"
65000,╖sе_ел,65000010,кO╛Ї░╧,65000010-069,к°жwи╜,1041,553,488,3673,1743,1930,332,167,165,"102Y12M"
65000,╖sе_ел,65000010,кO╛Ї░╧,65000010-070,║╓еCи╜,797,397,400,3488,1585,1903,464,207,257,"102Y12M"
65000,╖sе_ел,65000010,кO╛Ї░╧,65000010-071,║╓╕Sи╜,659,337,322,3141,1451,1690,413,192,221,"102Y12M"
65000,╖sе_ел,65000010,кO╛Ї░╧,65000010-072,е┴▒┌и╜,1141,610,531,3430,1656,1774,443,210,233,"102Y12M"
65000,╖sе_ел,65000010,кO╛Ї░╧,65000010-073,░ъоїи╜,647,325,322,2864,1345,1519,405,198,207,"102Y12M"
65000,╖sе_ел,65000010,кO╛Ї░╧,65000010-074,║╓╝wи╜,803,446,357,4041,2015,2026,678,327,351,"102Y12M"
65000,╖sе_ел,65000010,кO╛Ї░╧,65000010-075,┤║мPи╜,461,233,228,2768,1319,1449,413,191,222,"102Y12M"
65000,╖sе_ел,65000010,кO╛Ї░╧,65000010-076,║╓мPи╜,554,293,261,2754,1297,1457,411,183,228,"102Y12M"
65000,╖sе_ел,65000010,кO╛Ї░╧,65000010-077,╢m╢│и╜,523,286,237,2896,1368,1528,448,206,242,"102Y12M"
65000,╖sе_ел,65000010,кO╛Ї░╧,65000010-078,╝s╝wи╜,1054,546,508,5382,2611,2771,648,299,349,"102Y12M"
65000,╖sе_ел,65000010,кO╛Ї░╧,65000010-079,дj┬╫и╜,718,370,348,3790,1812,1978,573,280,293,"102Y12M"
65000,╖sе_ел,65000010,кO╛Ї░╧,65000010-080,нл╝yи╜,1408,709,699,7371,3533,3838,655,335,320,"102Y12M"
65000,╖sе_ел,65000010,кO╛Ї░╧,65000010-081,дп╖Rи╜,415,222,193,2523,1263,1260,417,192,225,"102Y12M"
65000,╖sе_ел,65000010,кO╛Ї░╧,65000010-082,йMени╜,856,466,390,2920,1343,1577,223,114,109,"102Y12M"
65000,╖sе_ел,65000010,кO╛Ї░╧,65000010-083,╝s║╓и╜,670,353,317,3437,1667,1770,307,151,156,"102Y12M"
65000,╖sе_ел,65000010,кO╛Ї░╧,65000010-084,╡╪┐│и╜,570,306,264,3409,1628,1781,374,181,193,"102Y12M"
65000,╖sе_ел,65000010,кO╛Ї░╧,65000010-085,╡╪╢Qи╜,394,202,192,2197,1050,1147,339,153,186,"102Y12M"
65000,╖sе_ел,65000010,кO╛Ї░╧,65000010-086,╡╪╝wи╜,1080,552,528,5760,2773,2987,609,292,317,"102Y12M"
65000,╖sе_ел,65000010,кO╛Ї░╧,65000010-087,╡╪кFи╜,886,451,435,5537,2678,2859,619,298,321,"102Y12M"
65000,╖sе_ел,65000010,кO╛Ї░╧,65000010-088,лH╕qи╜,590,300,290,3426,1712,1714,478,222,256,"102Y12M"
65000,╖sе_ел,65000010,кO╛Ї░╧,65000010-089,пBмwи╜,526,253,273,3222,1665,1557,641,357,284,"102Y12M"
65000,╖sе_ел,65000010,кO╛Ї░╧,65000010-090,╡╪дди╜,711,373,338,4632,2290,2342,334,185,149,"102Y12M"
65000,╖sе_ел,65000010,кO╛Ї░╧,65000010-091,╣┤дди╜,490,253,237,3612,1785,1827,213,115,98,"102Y12M"
65000,╖sе_ел,65000010,кO╛Ї░╧,65000010-092,дддsи╜,510,261,249,2944,1491,1453,444,229,215,"102Y12M"
65000,╖sе_ел,65000010,кO╛Ї░╧,65000010-093,┤_┐│и╜,125,62,63,732,377,355,452,403,49,"102Y12M"
65000,╖sе_ел,65000010,кO╛Ї░╧,65000010-094,дjжwи╜,596,307,289,3403,1704,1699,451,223,228,"102Y12M"
65000,╖sе_ел,65000010,кO╛Ї░╧,65000010-095,║╓жwи╜,328,163,165,2110,1044,1066,308,152,156,"102Y12M"
65000,╖sе_ел,65000010,кO╛Ї░╧,65000010-096,╗Eжwи╜,720,370,350,4581,2293,2288,445,256,189,"102Y12M"
65000,╖sе_ел,65000010,кO╛Ї░╧,65000010-097,└sжwи╜,379,190,189,2347,1142,1205,323,166,157,"102Y12M"
65000,╖sе_ел,65000010,кO╛Ї░╧,65000010-098,▒X▒[и╜,1795,930,865,8097,3934,4163,655,328,327,"102Y12M"
65000,╖sе_ел,65000010,кO╛Ї░╧,65000010-099,╖╦мwи╜,991,496,495,4950,2402,2548,521,247,274,"102Y12M"
65000,╖sе_ел,65000010,кO╛Ї░╧,65000010-100,╖╦е_и╜,564,292,272,2860,1421,1439,385,159,226,"102Y12M"
65000,╖sе_ел,65000010,кO╛Ї░╧,65000010-101,н╗╢ои╜,320,171,149,2127,1049,1078,295,139,156,"102Y12M"
65000,╖sе_ел,65000010,кO╛Ї░╧,65000010-102,╖sе═и╜,517,263,254,3569,1802,1767,411,203,208,"102Y12M"
65000,╖sе_ел,65000010,кO╛Ї░╧,65000010-103,дх╝wи╜,444,240,204,2500,1227,1273,319,146,173,"102Y12M"
65000,╖sе_ел,65000010,кO╛Ї░╧,65000010-104,дхд╞и╜,438,223,215,2569,1253,1316,394,194,200,"102Y12M"
65000,╖sе_ел,65000010,кO╛Ї░╧,65000010-105,╖sо№и╜,508,264,244,3118,1549,1569,240,127,113,"102Y12M"
65000,╖sе_ел,65000010,кO╛Ї░╧,65000010-106,▓ўе·и╜,469,250,219,2277,1100,1177,370,165,205,"102Y12M"
65000,╖sе_ел,65000010,кO╛Ї░╧,65000010-107,┤I╢Qи╜,244,128,116,1840,876,964,278,137,141,"102Y12M"
65000,╖sе_ел,65000010,кO╛Ї░╧,65000010-108,е┐оїи╜,425,228,197,2548,1207,1341,282,131,151,"102Y12M"
65000,╖sе_ел,65000010,кO╛Ї░╧,65000010-109,е┴е═и╜,339,169,170,1927,900,1027,200,94,106,"102Y12M"
65000,╖sе_ел,65000010,кO╛Ї░╧,65000010-110,лсоHи╜,538,290,248,3058,1494,1564,438,216,222,"102Y12M"
65000,╖sе_ел,65000010,кO╛Ї░╧,65000010-111,╡╪║╓и╜,288,157,131,1787,866,921,220,103,117,"102Y12M"
65000,╖sе_ел,65000010,кO╛Ї░╧,65000010-112,░ємKи╜,718,372,346,3682,1837,1845,261,119,142,"102Y12M"
65000,╖sе_ел,65000010,кO╛Ї░╧,65000010-113,жийMи╜,1178,611,567,5144,2525,2619,354,180,174,"102Y12M"
65000,╖sе_ел,65000010,кO╛Ї░╧,65000010-114,е·║aи╜,302,168,134,2046,995,1051,356,169,187,"102Y12M"
65000,╖sе_ел,65000010,кO╛Ї░╧,65000010-115,е┴жwи╜,308,160,148,1574,759,815,357,165,192,"102Y12M"
65000,╖sе_ел,65000010,кO╛Ї░╧,65000010-116,╢зй·и╜,313,176,137,2376,1146,1230,341,166,175,"102Y12M"
65000,╖sе_ел,65000010,кO╛Ї░╧,65000010-117,┤┬╢зи╜,425,233,192,2837,1338,1499,344,172,172,"102Y12M"
65000,╖sе_ел,65000010,кO╛Ї░╧,65000010-118,кQмfи╜,313,160,153,1904,949,955,209,102,107,"102Y12M"
65000,╖sе_ел,65000010,кO╛Ї░╧,65000010-119,дх╕tи╜,536,288,248,3290,1621,1669,307,138,169,"102Y12M"
65000,╖sе_ел,65000010,кO╛Ї░╧,65000010-120,й~дпи╜,349,186,163,2655,1307,1348,265,105,160,"102Y12M"
65000,╖sе_ел,65000010,кO╛Ї░╧,65000010-121,▓°╖qи╜,889,497,392,3361,1577,1784,241,114,127,"102Y12M"
65000,╖sе_ел,65000010,кO╛Ї░╧,65000010-122,кFжwи╜,617,305,312,2051,977,1074,203,110,93,"102Y12M"
65000,╖sе_ел,65000010,кO╛Ї░╧,65000010-123,дн┼vи╜,606,310,296,3356,1664,1692,463,233,230,"102Y12M"
65000,╖sе_ел,65000010,кO╛Ї░╧,65000010-124,╖╦║╓и╜,2933,1552,1381,11452,5556,5896,641,323,318,"102Y12M"
65000,╖sе_ел,65000010,кO╛Ї░╧,65000010-125,дj╞[и╜,513,288,225,3178,1544,1634,207,93,114,"102Y12M"
65000,╖sе_ел,65000010,кO╛Ї░╧,65000010-126,┼w╢щи╜,187,104,83,1094,579,515,158,71,87,"102Y12M"
65000,╖sе_ел,65000020,дTнл░╧,65000020-001,дjж│и╜,606,309,297,4562,2258,2304,416,206,210,"102Y12M"
65000,╖sе_ел,65000020,дTнл░╧,65000020-002,дGнли╜,234,104,130,1398,730,668,187,94,93,"102Y12M"
65000,╖sе_ел,65000020,дTнл░╧,65000020-003,│╗оrи╜,282,147,135,1920,985,935,204,104,100,"102Y12M"
65000,╖sе_ел,65000020,дTнл░╧,65000020-004,ижд¤и╜,113,57,56,788,444,344,161,76,85,"102Y12M"
65000,╖sе_ел,65000020,дTнл░╧,65000020-005,дд┐│и╜,466,230,236,3089,1561,1528,411,207,204,"102Y12M"
65000,╖sе_ел,65000020,дTнл░╧,65000020-006,╝wлpи╜,33,19,14,328,170,158,77,30,47,"102Y12M"
65000,╖sе_ел,65000020,дTнл░╧,65000020-007,жие\и╜,1038,529,509,4845,2350,2495,475,211,264,"102Y12M"
65000,╖sе_ел,65000020,дTнл░╧,65000020-008,║╓мчи╜,888,450,438,4435,2172,2263,480,204,276,"102Y12M"
65000,╖sе_ел,65000020,дTнл░╧,65000020-009,║╓е┴и╜,535,268,267,2812,1421,1391,389,180,209,"102Y12M"
65000,╖sе_ел,65000020,дTнл░╧,65000020-010,╣Lе╨и╜,1047,529,518,7248,4002,3246,847,469,378,"102Y12M"
65000,╖sе_ел,65000020,дTнл░╧,65000020-011,└Aе╨и╜,302,154,148,1682,846,836,282,128,154,"102Y12M"
65000,╖sе_ел,65000020,дTнл░╧,65000020-012,нлй·и╜,650,336,314,2706,1313,1393,444,223,221,"102Y12M"
65000,╖sе_ел,65000020,дTнл░╧,65000020-013,е·е╨и╜,471,249,222,3583,1761,1822,561,249,312,"102Y12M"
65000,╖sе_ел,65000020,дTнл░╧,65000020-014,е·╢зи╜,664,352,312,5211,2636,2575,627,279,348,"102Y12M"
65000,╖sе_ел,65000020,дTнл░╧,65000020-015,е╨д▀и╜,503,266,237,3345,1665,1680,494,239,255,"102Y12M"
65000,╖sе_ел,65000020,дTнл░╧,65000020-016,║╓е╨и╜,403,213,190,3174,1596,1578,275,122,153,"102Y12M"
65000,╖sе_ел,65000020,дTнл░╧,65000020-017,е╨дди╜,933,533,400,5022,2440,2582,555,277,278,"102Y12M"
65000,╖sе_ел,65000020,дTнл░╧,65000020-018,е╨жwи╜,873,477,396,5085,2427,2658,592,261,331,"102Y12M"
65000,╖sе_ел,65000020,дTнл░╧,65000020-019,дTе┴и╜,532,275,257,2707,1350,1357,323,147,176,"102Y12M"
65000,╖sе_ел,65000020,дTнл░╧,65000020-020,е·й·и╜,1224,663,561,6012,2907,3105,605,279,326,"102Y12M"
65000,╖sе_ел,65000020,дTнл░╧,65000020-021,е·е┐и╜,208,108,100,1794,881,913,172,86,86,"102Y12M"
65000,╖sе_ел,65000020,дTнл░╧,65000020-022,жPжwи╜,187,99,88,1205,608,597,192,85,107,"102Y12M"
65000,╖sе_ел,65000020,дTнл░╧,65000020-023,жP╝yи╜,206,112,94,1524,761,763,214,113,101,"102Y12M"
65000,╖sе_ел,65000020,дTнл░╧,65000020-024,╡ц╝dи╜,303,162,141,1753,868,885,283,119,164,"102Y12M"
65000,╖sе_ел,65000020,дTнл░╧,65000020-025,е├мKи╜,280,140,140,1591,777,814,207,100,107,"102Y12M"
65000,╖sе_ел,65000020,дTнл░╧,65000020-026,дде┐и╜,135,69,66,1189,603,586,174,70,104,"102Y12M"
65000,╖sе_ел,65000020,дTнл░╧,65000020-027,жNзQи╜,125,77,48,1234,624,610,174,76,98,"102Y12M"
65000,╖sе_ел,65000020,дTнл░╧,65000020-028,дjжPи╜,179,85,94,1612,786,826,215,88,127,"102Y12M"
65000,╖sе_ел,65000020,дTнл░╧,65000020-029,дде┴и╜,148,72,76,1061,552,509,188,80,108,"102Y12M"
65000,╖sе_ел,65000020,дTнл░╧,65000020-030,енйMи╜,170,97,73,1227,650,577,262,115,147,"102Y12M"
65000,╖sе_ел,65000020,дTнл░╧,65000020-031,дjжwи╜,209,103,106,1362,688,674,219,95,124,"102Y12M"
65000,╖sе_ел,65000020,дTнл░╧,65000020-032,дп╝wи╜,191,106,85,1636,853,783,305,157,148,"102Y12M"
65000,╖sе_ел,65000020,дTнл░╧,65000020-033,й╛з╡и╜,180,88,92,1359,681,678,291,146,145,"102Y12M"
65000,╖sе_ел,65000020,дTнл░╧,65000020-034,дп╕qи╜,135,75,60,962,483,479,171,70,101,"102Y12M"
65000,╖sе_ел,65000020,дTнл░╧,65000020-035,е·║aи╜,142,71,71,1168,587,581,197,84,113,"102Y12M"
65000,╖sе_ел,65000020,дTнл░╧,65000020-036,е·╜ўи╜,155,84,71,1285,658,627,200,87,113,"102Y12M"
65000,╖sе_ел,65000020,дTнл░╧,65000020-037,║╓мPи╜,72,37,35,703,339,364,123,57,66,"102Y12M"
65000,╖sе_ел,65000020,дTнл░╧,65000020-038,║╓зQи╜,242,110,132,1955,926,1029,195,89,106,"102Y12M"
65000,╖sе_ел,65000020,дTнл░╧,65000020-039,▓MйMи╜,395,199,196,3166,1495,1671,344,167,177,"102Y12M"
65000,╖sе_ел,65000020,дTнл░╧,65000020-040,е├┐│и╜,145,69,76,1096,532,564,160,71,89,"102Y12M"
65000,╖sе_ел,65000020,дTнл░╧,65000020-041,дддsи╜,326,175,151,2159,1062,1097,325,146,179,"102Y12M"
65000,╖sе_ел,65000020,дTнл░╧,65000020-042,дj╢щи╜,364,197,167,2143,1101,1042,319,123,196,"102Y12M"
65000,╖sе_ел,65000020,дTнл░╧,65000020-043,░ъ╢йи╜,344,175,169,2254,1084,1170,274,125,149,"102Y12M"
65000,╖sе_ел,65000020,дTнл░╧,65000020-044,нл╢зи╜,516,276,240,2941,1451,1490,436,198,238,"102Y12M"
65000,╖sе_ел,65000020,дTнл░╧,65000020-045,е┴е═и╜,620,340,280,3446,1702,1744,481,211,270,"102Y12M"
65000,╖sе_ел,65000020,дTнл░╧,65000020-046,нл╖sи╜,179,101,78,1224,621,603,225,110,115,"102Y12M"
65000,╖sе_ел,65000020,дTнл░╧,65000020-047,е┐╝wи╜,155,65,90,893,441,452,157,63,94,"102Y12M"
65000,╖sе_ел,65000020,дTнл░╧,65000020-048,е┐╕qи╜,237,140,97,1498,751,747,235,111,124,"102Y12M"
65000,╖sе_ел,65000020,дTнл░╧,65000020-049,е┐жwи╜,256,131,125,1608,787,821,250,113,137,"102Y12M"
65000,╖sе_ел,65000020,дTнл░╧,65000020-050,ж█▒jи╜,223,115,108,1490,757,733,250,110,140,"102Y12M"
65000,╖sе_ел,65000020,дTнл░╧,65000020-051,дхд╞и╜,308,171,137,1846,943,903,388,182,206,"102Y12M"
65000,╖sе_ел,65000020,дTнл░╧,65000020-052,ддеби╜,223,121,102,1386,709,677,244,110,134,"102Y12M"
65000,╖sе_ел,65000020,дTнл░╧,65000020-053,┬∙╢щи╜,141,79,62,817,407,410,151,72,79,"102Y12M"
65000,╖sе_ел,65000020,дTнл░╧,65000020-054,└A│qи╜,149,71,78,1231,617,614,271,121,150,"102Y12M"
65000,╖sе_ел,65000020,дTнл░╧,65000020-055,└Aжwи╜,201,94,107,1442,712,730,325,148,177,"102Y12M"
65000,╖sе_ел,65000020,дTнл░╧,65000020-056,к°жwи╜,220,115,105,1793,916,877,311,134,177,"102Y12M"
65000,╖sе_ел,65000020,дTнл░╧,65000020-057,е·╡╪и╜,228,121,107,1560,761,799,251,119,132,"102Y12M"
65000,╖sе_ел,65000020,дTнл░╧,65000020-058,к°е═и╜,92,48,44,716,361,355,129,53,76,"102Y12M"
65000,╖sе_ел,65000020,дTнл░╧,65000020-059,╢}д╕и╜,119,61,58,1105,564,541,201,94,107,"102Y12M"
65000,╖sе_ел,65000020,дTнл░╧,65000020-060,дj╝wи╜,89,39,50,664,318,346,122,55,67,"102Y12M"
65000,╖sе_ел,65000020,дTнл░╧,65000020-061,к°д╕и╜,298,162,136,2103,1066,1037,289,126,163,"102Y12M"
65000,╖sе_ел,65000020,дTнл░╧,65000020-062,к°ж┐и╜,238,133,105,1634,809,825,257,117,140,"102Y12M"
65000,╖sе_ел,65000020,дTнл░╧,65000020-063,к°оїи╜,280,158,122,1863,935,928,283,123,160,"102Y12M"
65000,╖sе_ел,65000020,дTнл░╧,65000020-064,к°║╓и╜,208,104,104,1305,641,664,194,98,96,"102Y12M"
65000,╖sе_ел,65000020,дTнл░╧,65000020-065,д╢╣╪и╜,162,89,73,1003,506,497,159,63,96,"102Y12M"
65000,╖sе_ел,65000020,дTнл░╧,65000020-066,╕U╣╪и╜,255,121,134,1713,838,875,238,105,133,"102Y12M"
65000,╖sе_ел,65000020,дTнл░╧,65000020-067,└Aж┐и╜,288,144,144,1977,1016,961,282,131,151,"102Y12M"
65000,╖sе_ел,65000020,дTнл░╧,65000020-068,└s└╪и╜,438,232,206,2704,1345,1359,360,155,205,"102Y12M"
65000,╖sе_ел,65000020,дTнл░╧,65000020-069,└sк∙и╜,266,139,127,1525,777,748,252,108,144,"102Y12M"
65000,╖sе_ел,65000020,дTнл░╧,65000020-070,иqж┐и╜,207,114,93,1105,565,540,195,85,110,"102Y12M"
65000,╖sе_ел,65000020,дTнл░╧,65000020-071,л│╣╪и╜,208,109,99,1399,688,711,231,108,123,"102Y12M"
65000,╖sе_ел,65000020,дTнл░╧,65000020-072,дTжwи╜,282,147,135,2162,1046,1116,393,172,221,"102Y12M"
65000,╖sе_ел,65000020,дTнл░╧,65000020-073,║╓жwи╜,409,212,197,2535,1273,1262,356,163,193,"102Y12M"
65000,╖sе_ел,65000020,дTнл░╧,65000020-074,лHжwи╜,276,138,138,1666,827,839,227,100,127,"102Y12M"
65000,╖sе_ел,65000020,дTнл░╧,65000020-075,жw╝yи╜,222,122,100,1708,849,859,262,116,146,"102Y12M"
65000,╖sе_ел,65000020,дTнл░╧,65000020-076,йп║╓и╜,586,304,282,3740,1857,1883,520,236,284,"102Y12M"
65000,╖sе_ел,65000020,дTнл░╧,65000020-077,д╗жXи╜,496,259,237,3081,1571,1510,435,192,243,"102Y12M"
65000,╖sе_ел,65000020,дTнл░╧,65000020-078,д╗║╓и╜,910,472,438,4731,2324,2407,376,178,198,"102Y12M"
65000,╖sе_ел,65000020,дTнл░╧,65000020-079,╢╢╝wи╜,273,143,130,1791,955,836,326,151,175,"102Y12M"
65000,╖sе_ел,65000020,дTнл░╧,65000020-080,й╙╝wи╜,265,145,120,1416,728,688,287,124,163,"102Y12M"
65000,╖sе_ел,65000020,дTнл░╧,65000020-081,╖ч╝wи╜,330,173,157,1905,947,958,350,153,197,"102Y12M"
65000,╖sе_ел,65000020,дTнл░╧,65000020-082,▒R╝wи╜,511,284,227,3310,1666,1644,511,238,273,"102Y12M"
65000,╖sе_ел,65000020,дTнл░╧,65000020-083,лp╝wи╜,620,314,306,2891,1407,1484,376,186,190,"102Y12M"
65000,╖sе_ел,65000020,дTнл░╧,65000020-084,║√╝wи╜,427,215,212,2424,1158,1266,305,158,147,"102Y12M"
65000,╖sе_ел,65000020,дTнл░╧,65000020-085,й|╝wи╜,447,222,225,2505,1225,1280,378,178,200,"102Y12M"
65000,╖sе_ел,65000020,дTнл░╧,65000020-086,░Ў╝wи╜,547,275,272,3084,1543,1541,389,179,210,"102Y12M"
65000,╖sе_ел,65000020,дTнл░╧,65000020-087,е├╝wи╜,873,477,396,4094,2020,2074,534,234,300,"102Y12M"
65000,╖sе_ел,65000020,дTнл░╧,65000020-088,е├▓▒и╜,622,336,286,2723,1325,1398,356,165,191,"102Y12M"
65000,╖sе_ел,65000020,дTнл░╧,65000020-089,е├║╓и╜,977,471,506,4498,2185,2313,426,199,227,"102Y12M"
65000,╖sе_ел,65000020,дTнл░╧,65000020-090,е├▓Mи╜,1033,548,485,4759,2261,2498,451,208,243,"102Y12M"
65000,╖sе_ел,65000020,дTнл░╧,65000020-091,е├жwи╜,845,452,393,3414,1655,1759,325,145,180,"102Y12M"
65000,╖sе_ел,65000020,дTнл░╧,65000020-092,е├▐kи╜,290,143,147,2175,1113,1062,237,126,111,"102Y12M"
65000,╖sе_ел,65000020,дTнл░╧,65000020-093,╖╦м№и╜,1099,558,541,6552,3169,3383,655,309,346,"102Y12M"
65000,╖sе_ел,65000020,дTнл░╧,65000020-094,║╓╢йи╜,805,439,366,3724,1769,1955,344,172,172,"102Y12M"
65000,╖sе_ел,65000020,дTнл░╧,65000020-095,дн▒`и╜,659,356,303,3465,1692,1773,405,191,214,"102Y12M"
65000,╖sе_ел,65000020,дTнл░╧,65000020-096,дн║╓и╜,556,272,284,3101,1508,1593,318,151,167,"102Y12M"
65000,╖sе_ел,65000020,дTнл░╧,65000020-097,дпй╛и╜,444,234,210,2661,1309,1352,316,152,164,"102Y12M"
65000,╖sе_ел,65000020,дTнл░╧,65000020-098,╖O║╓и╜,230,128,102,1885,945,940,304,153,151,"102Y12M"
65000,╖sе_ел,65000020,дTнл░╧,65000020-099,╖Oе═и╜,256,121,135,1872,938,934,322,148,174,"102Y12M"
65000,╖sе_ел,65000020,дTнл░╧,65000020-100,╖O┤fи╜,275,146,129,1869,941,928,244,102,142,"102Y12M"
65000,╖sе_ел,65000020,дTнл░╧,65000020-101,╖O╖Rи╜,404,212,192,3029,1489,1540,399,185,214,"102Y12M"
65000,╖sе_ел,65000020,дTнл░╧,65000020-102,╖Oд╞и╜,378,194,184,2129,1044,1085,224,99,125,"102Y12M"
65000,╖sе_ел,65000020,дTнл░╧,65000020-103,╖Oпзи╜,661,345,316,3850,1939,1911,500,249,251,"102Y12M"
65000,╖sе_ел,65000020,дTнл░╧,65000020-104,дн╡╪и╜,786,394,392,4136,2006,2130,397,181,216,"102Y12M"
65000,╖sе_ел,65000020,дTнл░╧,65000020-105,┤I╢Qи╜,846,457,389,4999,2358,2641,394,187,207,"102Y12M"
65000,╖sе_ел,65000020,дTнл░╧,65000020-106,┤I╡╪и╜,478,242,236,2664,1372,1292,296,138,158,"102Y12M"
65000,╖sе_ел,65000020,дTнл░╧,65000020-107,┤I║╓и╜,298,145,153,1787,863,924,209,103,106,"102Y12M"
65000,╖sе_ел,65000020,дTнл░╧,65000020-108,║╤╡╪и╜,973,480,493,5280,2537,2743,427,193,234,"102Y12M"
65000,╖sе_ел,65000020,дTнл░╧,65000020-109,днижи╜,165,95,70,1490,793,697,230,101,129,"102Y12M"
65000,╖sе_ел,65000020,дTнл░╧,65000020-110,│╒╖Rи╜,555,289,266,3950,1923,2027,396,169,227,"102Y12M"
65000,╖sе_ел,65000020,дTнл░╧,65000020-111,║╓╝wи╜,583,302,281,3178,1485,1693,398,179,219,"102Y12M"
65000,╖sе_ел,65000020,дTнл░╧,65000020-112,е├жNи╜,507,255,252,2494,1226,1268,257,114,143,"102Y12M"
65000,╖sе_ел,65000020,дTнл░╧,65000020-113,е├╡oи╜,852,454,398,4965,2456,2509,367,179,188,"102Y12M"
65000,╖sе_ел,65000020,дTнл░╧,65000020-114,е├╢╢и╜,847,442,405,4301,2068,2233,369,170,199,"102Y12M"
65000,╖sе_ел,65000020,дTнл░╧,65000020-115,е├┬╫и╜,1182,612,570,4864,2347,2517,343,168,175,"102Y12M"
65000,╖sе_ел,65000020,дTнл░╧,65000020-116,е▀╝wи╜,453,248,205,2767,1360,1407,374,175,199,"102Y12M"
65000,╖sе_ел,65000020,дTнл░╧,65000020-117,║╓╝╓и╜,597,308,289,3048,1514,1534,391,199,192,"102Y12M"
65000,╖sе_ел,65000020,дTнл░╧,65000020-118,дп╡╪и╜,554,302,252,3613,1781,1832,366,168,198,"102Y12M"
65000,╖sе_ел,65000020,дTнл░╧,65000020-119,дн╢╢и╜,563,301,262,3251,1622,1629,366,164,202,"102Y12M"
65000,╖sе_ел,65000030,ддйM░╧,65000030-001,ддньи╜,605,288,317,3954,1975,1979,414,196,218,"102Y12M"
65000,╖sе_ел,65000030,ддйM░╧,65000030-002,енкeи╜,1389,750,639,7592,3644,3948,700,337,363,"102Y12M"
65000,╖sе_ел,65000030,ддйM░╧,65000030-003,лHйMи╜,585,314,271,3502,1749,1753,495,255,240,"102Y12M"
65000,╖sе_ел,65000030,ддйM░╧,65000030-004,дпйMи╜,605,317,288,3658,1832,1826,438,193,245,"102Y12M"
65000,╖sе_ел,65000030,ддйM░╧,65000030-005,дде┐и╜,531,280,251,3342,1622,1720,437,215,222,"102Y12M"
65000,╖sе_ел,65000030,ддйM░╧,65000030-006,л╪йMи╜,488,249,239,2909,1455,1454,543,248,295,"102Y12M"
65000,╖sе_ел,65000030,ддйM░╧,65000030-007,│sйMи╜,235,123,112,1852,846,1006,311,134,177,"102Y12M"
65000,╖sе_ел,65000030,ддйM░╧,65000030-008,│sл░и╜,807,422,385,5014,2429,2585,895,399,496,"102Y12M"
65000,╖sе_ел,65000030,ддйM░╧,65000030-009,дOжци╜,893,462,431,4964,2376,2588,524,241,283,"102Y12M"
65000,╖sе_ел,65000030,ддйM░╧,65000030-010,кD╝dи╜,447,232,215,2818,1371,1447,468,225,243,"102Y12M"
65000,╖sе_ел,65000030,ддйM░╧,65000030-011,║sйMи╜,446,237,209,2811,1370,1441,428,195,233,"102Y12M"
65000,╖sе_ел,65000030,ддйM░╧,65000030-012,╝qм№и╜,504,263,241,3630,1768,1862,563,270,293,"102Y12M"
65000,╖sе_ел,65000030,ддйM░╧,65000030-013,║╓пuи╜,459,246,213,3423,1698,1725,436,191,245,"102Y12M"
65000,╖sе_ел,65000030,ддйM░╧,65000030-014,║╓╡╜и╜,370,202,168,3473,1639,1834,494,238,256,"102Y12M"
65000,╖sе_ел,65000030,ддйM░╧,65000030-015,║╓м№и╜,517,270,247,3700,1834,1866,506,255,251,"102Y12M"
65000,╖sе_ел,65000030,ддйM░╧,65000030-016,║╓▓╗и╜,625,341,284,4239,2103,2136,532,239,293,"102Y12M"
65000,╖sе_ел,65000030,ддйM░╧,65000030-017,е╦б╜и╜,687,363,324,4368,2124,2244,634,293,341,"102Y12M"
65000,╖sе_ел,65000030,ддйM░╧,65000030-018,║╓йMи╜,332,182,150,3085,1544,1541,472,223,249,"102Y12M"
65000,╖sе_ел,65000030,ддйM░╧,65000030-019,и╬йMи╜,539,268,271,3901,1874,2027,578,247,331,"102Y12M"
65000,╖sе_ел,65000030,ддйM░╧,65000030-020,жw╝╓и╜,361,194,167,2974,1406,1568,437,181,256,"102Y12M"
65000,╖sе_ел,65000030,ддйM░╧,65000030-021,жwйMи╜,368,201,167,2519,1197,1322,387,182,205,"102Y12M"
65000,╖sе_ел,65000030,ддйM░╧,65000030-022,жwени╜,574,317,257,4347,2094,2253,768,312,456,"102Y12M"
65000,╖sе_ел,65000030,ддйM░╧,65000030-023,дджwи╜,406,208,198,3403,1618,1785,640,281,359,"102Y12M"
65000,╖sе_ел,65000030,ддйM░╧,65000030-024,оїжwи╜,342,161,181,2843,1373,1470,547,257,290,"102Y12M"
65000,╖sе_ел,65000030,ддйM░╧,65000030-025,╖sлnи╜,1196,615,581,6528,3033,3495,781,355,426,"102Y12M"
65000,╖sе_ел,65000030,ддйM░╧,65000030-026,лnдsи╜,716,395,321,4152,1991,2161,609,283,326,"102Y12M"
65000,╖sе_ел,65000030,ддйM░╧,65000030-027,иqдsи╜,497,237,260,3706,1812,1894,480,227,253,"102Y12M"
65000,╖sе_ел,65000030,ддйM░╧,65000030-028,иqжии╜,348,184,164,2922,1401,1521,367,182,185,"102Y12M"
65000,╖sе_ел,65000030,ддйM░╧,65000030-029,иq║╓и╜,428,227,201,3957,1914,2043,586,268,318,"102Y12M"
65000,╖sе_ел,65000030,ддйM░╧,65000030-030,иq┤║и╜,665,362,303,5157,2498,2659,741,362,379,"102Y12M"
65000,╖sе_ел,65000030,ддйM░╧,65000030-031,иqй·и╜,542,290,252,3821,1782,2039,694,320,374,"102Y12M"
65000,╖sе_ел,65000030,ддйM░╧,65000030-032,иqоpи╜,442,236,206,3281,1538,1743,476,214,262,"102Y12M"
65000,╖sе_ел,65000030,ддйM░╧,65000030-033,иqдпи╜,414,210,204,2575,1262,1313,398,198,200,"102Y12M"
65000,╖sе_ел,65000030,ддйM░╧,65000030-034,│╗лnи╜,296,149,147,2638,1288,1350,317,147,170,"102Y12M"
65000,╖sе_ел,65000030,ддйM░╧,65000030-035,╡╪╖sи╜,1062,563,499,5882,2813,3069,670,297,373,"102Y12M"
65000,╖sе_ел,65000030,ддйM░╧,65000030-036,кFлnи╜,362,196,166,2967,1449,1518,707,339,368,"102Y12M"
65000,╖sе_ел,65000030,ддйM░╧,65000030-037,╡╪лnи╜,614,325,289,3956,1967,1989,555,253,302,"102Y12M"
65000,╖sе_ел,65000030,ддйM░╧,65000030-038,й╛з╡и╜,653,332,321,4051,2024,2027,666,314,352,"102Y12M"
65000,╖sе_ел,65000030,ддйM░╧,65000030-039,▒Rлnи╜,447,242,205,3260,1562,1698,476,215,261,"102Y12M"
65000,╖sе_ел,65000030,ддйM░╧,65000030-040,┤║лnи╜,351,184,167,2554,1265,1289,442,223,219,"102Y12M"
65000,╖sе_ел,65000030,ддйM░╧,65000030-041,╛ю╕Їи╜,37,21,16,309,161,148,54,32,22,"102Y12M"
65000,╖sе_ел,65000030,ддйM░╧,65000030-042,д║лnи╜,583,306,277,4285,2212,2073,529,251,278,"102Y12M"
65000,╖sе_ел,65000030,ддйM░╧,65000030-043,╣╪лnи╜,303,173,130,1974,977,997,331,153,178,"102Y12M"
65000,╖sе_ел,65000030,ддйM░╧,65000030-044,е~лnи╜,678,344,334,5678,3181,2497,819,472,347,"102Y12M"
65000,╖sе_ел,65000030,ддйM░╧,65000030-045,┤_┐│и╜,700,355,345,4149,1978,2171,713,339,374,"102Y12M"
65000,╖sе_ел,65000030,ддйM░╧,65000030-046,йM┐│и╜,601,351,250,3480,1621,1859,493,238,255,"102Y12M"
65000,╖sе_ел,65000030,ддйM░╧,65000030-047,┤║ени╜,573,305,268,4278,1967,2311,695,314,381,"102Y12M"
65000,╖sе_ел,65000030,ддйM░╧,65000030-048,┤║╖sи╜,396,210,186,2936,1399,1537,516,242,274,"102Y12M"
65000,╖sе_ел,65000030,ддйM░╧,65000030-049,┤║║╓и╜,568,294,274,4228,2040,2188,664,307,357,"102Y12M"
65000,╖sе_ел,65000030,ддйM░╧,65000030-050,┤║жwи╜,509,257,252,3873,1929,1944,576,249,327,"102Y12M"
65000,╖sе_ел,65000030,ддйM░╧,65000030-051,┤║дхи╜,365,195,170,2646,1316,1330,409,189,220,"102Y12M"
65000,╖sе_ел,65000030,ддйM░╧,65000030-052,└AйMи╜,1006,502,504,4549,2259,2290,443,199,244,"102Y12M"
65000,╖sе_ел,65000030,ддйM░╧,65000030-053,└Aйўи╜,348,208,140,1751,860,891,317,194,123,"102Y12M"
65000,╖sе_ел,65000030,ддйM░╧,65000030-054,ж╟б╜и╜,111,56,55,609,323,286,89,53,36,"102Y12M"
65000,╖sе_ел,65000030,ддйM░╧,65000030-055,┐n┴Jи╜,1060,556,504,6825,3276,3549,695,330,365,"102Y12M"
65000,╖sе_ел,65000030,ддйM░╧,65000030-056,е┴и╔и╜,315,161,154,2193,1060,1133,231,108,123,"102Y12M"
65000,╖sе_ел,65000030,ддйM░╧,65000030-057,н√дsи╜,861,458,403,4891,2352,2539,497,249,248,"102Y12M"
65000,╖sе_ел,65000030,ддйM░╧,65000030-058,╣┼┴Jи╜,298,157,141,2303,1143,1160,220,103,117,"102Y12M"
65000,╖sе_ел,65000030,ддйM░╧,65000030-059,дхд╕и╜,619,323,296,4453,2169,2284,536,256,280,"102Y12M"
65000,╖sе_ел,65000030,ддйM░╧,65000030-060,╣┼╖sи╜,531,277,254,3311,1638,1673,387,186,201,"102Y12M"
65000,╖sе_ел,65000030,ддйM░╧,65000030-061,е┴жwи╜,701,365,336,4206,2097,2109,417,192,225,"102Y12M"
65000,╖sе_ел,65000030,ддйM░╧,65000030-062,жw┴Jи╜,645,328,317,3841,1866,1975,406,193,213,"102Y12M"
65000,╖sе_ел,65000030,ддйM░╧,65000030-063,╖ч┴Jи╜,262,121,141,1885,897,988,272,116,156,"102Y12M"
65000,╖sе_ел,65000030,ддйM░╧,65000030-064,й·┴Jи╜,598,307,291,3918,1932,1986,358,169,189,"102Y12M"
65000,╖sе_ел,65000030,ддйM░╧,65000030-065,▓M┴Jи╜,425,214,211,2653,1348,1305,397,193,204,"102Y12M"
65000,╖sе_ел,65000030,ддйM░╧,65000030-066,ж█▒jи╜,669,339,330,4289,2105,2184,401,207,194,"102Y12M"
65000,╖sе_ел,65000030,ддйM░╧,65000030-067,╝w┴Jи╜,532,272,260,3702,1826,1876,569,261,308,"102Y12M"
65000,╖sе_ел,65000030,ддйM░╧,65000030-068,е┴е═и╜,405,198,207,3580,1753,1827,444,210,234,"102Y12M"
65000,╖sе_ел,65000030,ддйM░╧,65000030-069,░ъе·и╜,428,226,202,3241,1580,1661,341,172,169,"102Y12M"
65000,╖sе_ел,65000030,ддйM░╧,65000030-070,╣╪╝wи╜,758,381,377,3514,1702,1812,619,272,347,"102Y12M"
65000,╖sе_ел,65000030,ддйM░╧,65000030-071,й·╝wи╜,568,291,277,3189,1567,1622,457,233,224,"102Y12M"
65000,╖sе_ел,65000030,ддйM░╧,65000030-072,иqдЇи╜,394,209,185,2842,1381,1461,627,294,333,"102Y12M"
65000,╖sе_ел,65000030,ддйM░╧,65000030-073,╝wжци╜,1008,535,473,5398,2569,2829,472,212,260,"102Y12M"
65000,╖sе_ел,65000030,ддйM░╧,65000030-074,йyжwи╜,167,90,77,1443,703,740,254,119,135,"102Y12M"
65000,╖sе_ел,65000030,ддйM░╧,65000030-075,жw╢╢и╜,444,230,214,3549,1673,1876,580,254,326,"102Y12M"
65000,╖sе_ел,65000030,ддйM░╧,65000030-076,иq╕qи╜,278,149,129,2159,1065,1094,325,147,178,"102Y12M"
65000,╖sе_ел,65000030,ддйM░╧,65000030-077,иqдhи╜,247,130,117,2015,976,1039,401,194,207,"102Y12M"
65000,╖sе_ел,65000030,ддйM░╧,65000030-078,┐│лnи╜,358,186,172,2618,1293,1325,481,214,267,"102Y12M"
65000,╖sе_ел,65000030,ддйM░╧,65000030-079,┤║е╗и╜,253,129,124,1762,844,918,358,156,202,"102Y12M"
65000,╖sе_ел,65000030,ддйM░╧,65000030-080,║╓лnи╜,552,305,247,3585,1695,1890,471,207,264,"102Y12M"
65000,╖sе_ел,65000030,ддйM░╧,65000030-081,дд┐│и╜,1093,565,528,5514,2663,2851,553,265,288,"102Y12M"
65000,╖sе_ел,65000030,ддйM░╧,65000030-082,жN┐│и╜,467,228,239,2579,1198,1381,283,123,160,"102Y12M"
65000,╖sе_ел,65000030,ддйM░╧,65000030-083,дддsи╜,452,232,220,2345,1143,1202,296,142,154,"102Y12M"
65000,╖sе_ел,65000030,ддйM░╧,65000030-084,║╤кeи╜,628,343,285,3327,1641,1686,382,195,187,"102Y12M"
65000,╖sе_ел,65000030,ддйM░╧,65000030-085,└Aдди╜,633,317,316,3500,1729,1771,368,172,196,"102Y12M"
65000,╖sе_ел,65000030,ддйM░╧,65000030-086,└A▓▒и╜,531,269,262,3314,1626,1688,342,164,178,"102Y12M"
65000,╖sе_ел,65000030,ддйM░╧,65000030-087,е┴ж│и╜,318,172,146,2419,1232,1187,359,174,185,"102Y12M"
65000,╖sе_ел,65000030,ддйM░╧,65000030-088,н√┤Iи╜,446,228,218,2787,1403,1384,293,142,151,"102Y12M"
65000,╖sе_ел,65000030,ддйM░╧,65000030-089,╣┼╝yи╜,615,332,283,3632,1797,1835,395,198,197,"102Y12M"
65000,╖sе_ел,65000030,ддйM░╧,65000030-090,лa┴Jи╜,356,195,161,3009,1506,1503,277,137,140,"102Y12M"
65000,╖sе_ел,65000030,ддйM░╧,65000030-091,░ъ╡╪и╜,425,230,195,2840,1400,1440,253,129,124,"102Y12M"
65000,╖sе_ел,65000030,ддйM░╧,65000030-092,е┐лnи╜,434,229,205,2940,1483,1457,476,214,262,"102Y12M"
65000,╖sе_ел,65000030,ддйM░╧,65000030-093,е┐жци╜,410,207,203,2557,1224,1333,278,150,128,"102Y12M"
65000,╖sе_ел,65000040,е├йM░╧,65000040-001,║╓кLи╜,442,231,211,2637,1309,1328,597,268,329,"102Y12M"
65000,╖sе_ел,65000040,е├йM░╧,65000040-002,дхд╞и╜,334,174,160,2142,1025,1117,401,163,238,"102Y12M"
65000,╖sе_ел,65000040,е├йM░╧,65000040-003,┐▌╖╦и╜,407,192,215,3897,2008,1889,799,401,398,"102Y12M"
65000,╖sе_ел,65000040,е├йM░╧,65000040-004,е·й·и╜,364,172,192,2387,1091,1296,445,201,244,"102Y12M"
65000,╖sе_ел,65000040,е├йM░╧,65000040-005,дп╖Rи╜,304,174,130,2098,984,1114,353,161,192,"102Y12M"
65000,╖sе_ел,65000040,е├йM░╧,65000040-006,е├нsи╜,491,248,243,2684,1272,1412,563,264,299,"102Y12M"
65000,╖sе_ел,65000040,е├йM░╧,65000040-007,е├║╓и╜,343,170,173,2235,1099,1136,444,210,234,"102Y12M"
65000,╖sе_ел,65000040,е├йM░╧,65000040-008,е┴кvи╜,424,234,190,2316,1047,1269,456,202,254,"102Y12M"
65000,╖sе_ел,65000040,е├йM░╧,65000040-009,е├жии╜,112,69,43,781,386,395,208,88,120,"102Y12M"
65000,╖sе_ел,65000040,е├йM░╧,65000040-010,й╛╕qи╜,115,64,51,633,325,308,131,71,60,"102Y12M"
65000,╖sе_ел,65000040,е├йM░╧,65000040-011,е├д╕и╜,785,389,396,3922,1798,2124,622,281,341,"102Y12M"
65000,╖sе_ел,65000040,е├йM░╧,65000040-012,иqкLи╜,590,304,286,2991,1468,1523,448,196,252,"102Y12M"
65000,╖sе_ел,65000040,е├йM░╧,65000040-013,лOжwи╜,1209,645,564,5920,2784,3136,687,306,381,"102Y12M"
65000,╖sе_ел,65000040,е├йM░╧,65000040-014,дд╖╦и╜,717,374,343,4107,2018,2089,618,292,326,"102Y12M"
65000,╖sе_ел,65000040,е├йM░╧,65000040-015,е├жwи╜,642,318,324,3402,1536,1866,477,215,262,"102Y12M"
65000,╖sе_ел,65000040,е├йM░╧,65000040-016,е┴▒┌и╜,792,406,386,3740,1761,1979,614,257,357,"102Y12M"
65000,╖sе_ел,65000040,е├йM░╧,65000040-017,е┴┼vи╜,791,400,391,3659,1735,1924,519,250,269,"102Y12M"
65000,╖sе_ел,65000040,е├йM░╧,65000040-018,дд┐│и╜,360,169,191,2287,1078,1209,522,221,301,"102Y12M"
65000,╖sе_ел,65000040,е├йM░╧,65000040-019,└yжци╜,143,67,76,917,443,474,208,93,115,"102Y12M"
65000,╖sе_ел,65000040,е├йM░╧,65000040-020,иqо╘и╜,601,312,289,3273,1601,1672,464,212,252,"102Y12M"
65000,╖sе_ел,65000040,е├йM░╧,65000040-021,иqжии╜,365,179,186,2398,1196,1202,396,193,203,"102Y12M"
65000,╖sе_ел,65000040,е├йM░╧,65000040-022,дW╖╦и╜,205,101,104,1585,735,850,353,149,204,"102Y12M"
65000,╖sе_ел,65000040,е├йM░╧,65000040-023,ж╦кLи╜,467,231,236,2888,1395,1493,573,263,310,"102Y12M"
65000,╖sе_ел,65000040,е├йM░╧,65000040-024,┬∙йMи╜,570,299,271,3033,1377,1656,507,220,287,"102Y12M"
65000,╖sе_ел,65000040,е├йM░╧,65000040-025,жwйMи╜,515,253,262,3105,1441,1664,574,250,324,"102Y12M"
65000,╖sе_ел,65000040,е├йM░╧,65000040-026,дЇ╖╜и╜,564,300,264,3207,1533,1674,554,244,310,"102Y12M"
65000,╖sе_ел,65000040,е├йM░╧,65000040-027,иєйMи╜,373,197,176,2343,1137,1206,447,208,239,"102Y12M"
65000,╖sе_ел,65000040,е├йM░╧,65000040-028,кe│Ўи╜,370,193,177,2496,1204,1292,418,180,238,"102Y12M"
65000,╖sе_ел,65000040,е├йM░╧,65000040-029,│╗╖╦и╜,262,136,126,1977,958,1019,373,166,207,"102Y12M"
65000,╖sе_ел,65000040,е├йM░╧,65000040-030,╝цсYи╜,806,431,375,3594,1685,1909,615,255,360,"102Y12M"
65000,╖sе_ел,65000040,е├йM░╧,65000040-031,╝цжwи╜,755,382,373,3822,1809,2013,647,305,342,"102Y12M"
65000,╖sе_ел,65000040,е├йM░╧,65000040-032,дj╖sи╜,351,171,180,2081,925,1156,393,175,218,"102Y12M"
65000,╖sе_ел,65000040,е├йM░╧,65000040-033,лOени╜,746,383,363,3770,1765,2005,593,272,321,"102Y12M"
65000,╖sе_ел,65000040,е├йM░╧,65000040-034,е┴е╗и╜,722,363,359,3189,1477,1712,397,180,217,"102Y12M"
65000,╖sе_ел,65000040,е├йM░╧,65000040-035,е┴╝╓и╜,681,338,343,3830,1877,1953,556,260,296,"102Y12M"
65000,╖sе_ел,65000040,е├йM░╧,65000040-036,е·┤_и╜,196,104,92,1327,600,727,279,121,158,"102Y12M"
65000,╖sе_ел,65000040,е├йM░╧,65000040-037,┤_┐│и╜,290,159,131,1880,911,969,361,152,209,"102Y12M"
65000,╖sе_ел,65000040,е├йM░╧,65000040-038,║╓йMи╜,711,371,340,4293,1972,2321,678,323,355,"102Y12M"
65000,╖sе_ел,65000040,е├йM░╧,65000040-039,▒oйMи╜,599,311,288,3459,1628,1831,662,289,373,"102Y12M"
65000,╖sе_ел,65000040,е├йM░╧,65000040-040,┤╝е·и╜,576,304,272,2680,1284,1396,507,225,282,"102Y12M"
65000,╖sе_ел,65000040,е├йM░╧,65000040-041,╖sе═и╜,112,61,51,723,377,346,146,67,79,"102Y12M"
65000,╖sе_ел,65000040,е├йM░╧,65000040-042,дjжPи╜,103,48,55,778,409,369,171,79,92,"102Y12M"
65000,╖sе_ел,65000040,е├йM░╧,65000040-043,лe╖╦и╜,225,107,118,1648,783,865,319,133,186,"102Y12M"
65000,╖sе_ел,65000040,е├йM░╧,65000040-044,йMени╜,668,346,322,3850,1794,2056,620,288,332,"102Y12M"
65000,╖sе_ел,65000040,е├йM░╧,65000040-045,╖sб╜и╜,232,124,108,1779,898,881,387,164,223,"102Y12M"
65000,╖sе_ел,65000040,е├йM░╧,65000040-046,дU╖╦и╜,598,294,304,3195,1566,1629,472,213,259,"102Y12M"
65000,╖sе_ел,65000040,е├йM░╧,65000040-047,иqйMи╜,737,390,347,4069,1914,2155,524,243,281,"102Y12M"
65000,╖sе_ел,65000040,е├йM░╧,65000040-048,кe└╪и╜,444,220,224,2593,1287,1306,462,203,259,"102Y12M"
65000,╖sе_ел,65000040,е├йM░╧,65000040-049,е┴е═и╜,714,356,358,3196,1498,1698,523,253,270,"102Y12M"
65000,╖sе_ел,65000040,е├йM░╧,65000040-050,иq▒oи╜,445,228,217,2206,1052,1154,284,137,147,"102Y12M"
65000,╖sе_ел,65000040,е├йM░╧,65000040-051,дWкLи╜,492,251,241,2743,1298,1445,538,255,283,"102Y12M"
65000,╖sе_ел,65000040,е├йM░╧,65000040-052,║Ї╖╦и╜,177,98,79,917,458,459,202,89,113,"102Y12M"
65000,╖sе_ел,65000040,е├йM░╧,65000040-053,е┐┐│и╜,261,139,122,1716,783,933,384,169,215,"102Y12M"
65000,╖sе_ел,65000040,е├йM░╧,65000040-054,е├┐│и╜,438,216,222,2454,1181,1273,581,257,324,"102Y12M"
65000,╖sе_ел,65000040,е├йM░╧,65000040-055,о█кLи╜,520,260,260,2903,1373,1530,571,259,312,"102Y12M"
65000,╖sе_ел,65000040,е├йM░╧,65000040-056,й▒╡єи╜,604,303,301,3321,1475,1846,540,252,288,"102Y12M"
65000,╖sе_ел,65000040,е├йM░╧,65000040-057,лH╕qи╜,246,123,123,2127,961,1166,396,172,224,"102Y12M"
65000,╖sе_ел,65000040,е├йM░╧,65000040-058,лс╖╦и╜,202,121,81,1425,694,731,283,121,162,"102Y12M"
65000,╖sе_ел,65000040,е├йM░╧,65000040-059,е┴┤Iи╜,580,312,268,2393,1153,1240,350,168,182,"102Y12M"
65000,╖sе_ел,65000040,е├йM░╧,65000040-060,иqд╕и╜,466,258,208,2439,1154,1285,443,202,241,"102Y12M"
65000,╖sе_ел,65000040,е├йM░╧,65000040-061,е├╝╓и╜,405,211,194,2030,924,1106,321,140,181,"102Y12M"
65000,╖sе_ел,65000040,е├йM░╧,65000040-062,лO╢╢и╜,2069,1080,989,8095,3776,4319,673,297,376,"102Y12M"
65000,╖sе_ел,65000050,╖s▓°░╧,65000050-001,о№дsи╜,837,429,408,4415,2154,2261,610,288,322,"102Y12M"
65000,╖sе_ел,65000050,╖s▓°░╧,65000050-002,└Yлeи╜,853,419,434,4333,2148,2185,438,213,225,"102Y12M"
65000,╖sе_ел,65000050,╖s▓°░╧,65000050-003,░ъоїи╜,234,116,118,1205,621,584,241,110,131,"102Y12M"
65000,╖sе_ел,65000050,╖s▓°░╧,65000050-004,е■жwи╜,749,380,369,3648,1756,1892,493,231,262,"102Y12M"
65000,╖sе_ел,65000050,╖s▓°░╧,65000050-005,║╓░Єи╜,524,293,231,2767,1383,1384,258,136,122,"102Y12M"
65000,╖sе_ел,65000050,╖s▓°░╧,65000050-006,┬╫ж~и╜,548,270,278,3150,1519,1631,313,159,154,"102Y12M"
65000,╖sе_ел,65000050,╖s▓°░╧,65000050-007,й╛з╡и╜,657,343,314,3870,1894,1976,547,257,290,"102Y12M"
65000,╖sе_ел,65000050,╖s▓°░╧,65000050-008,лэжwи╜,757,392,365,3588,1732,1856,515,230,285,"102Y12M"
65000,╖sе_ел,65000050,╖s▓°░╧,65000050-009,лс┤фи╜,935,505,430,6211,2994,3217,371,172,199,"102Y12M"
65000,╖sе_ел,65000050,╖s▓°░╧,65000050-010,дх┐┼и╜,363,182,181,1687,835,852,281,124,157,"102Y12M"
65000,╖sе_ел,65000050,╖s▓°░╧,65000050-011,ддм№и╜,1037,513,524,4771,2306,2465,572,281,291,"102Y12M"
65000,╖sе_ел,65000050,╖s▓°░╧,65000050-012,дK╝wи╜,439,219,220,2672,1280,1392,250,145,105,"102Y12M"
65000,╖sе_ел,65000050,╖s▓°░╧,65000050-013,┐│║~и╜,559,304,255,2821,1376,1445,527,259,268,"102Y12M"
65000,╖sе_ел,65000050,╖s▓°░╧,65000050-014,ддйMи╜,595,321,274,3768,1858,1910,562,267,295,"102Y12M"
65000,╖sе_ел,65000050,╖s▓°░╧,65000050-015,жш▓▒и╜,1973,1037,936,8389,4137,4252,562,290,272,"102Y12M"
65000,╖sе_ел,65000050,╖s▓°░╧,65000050-016,║aйMи╜,486,255,231,4030,2393,1637,510,273,237,"102Y12M"
65000,╖sе_ел,65000050,╖s▓°░╧,65000050-017,ддоїи╜,716,388,328,3590,1758,1832,581,299,282,"102Y12M"
65000,╖sе_ел,65000050,╖s▓°░╧,65000050-018,├гкLи╜,1008,525,483,4801,2427,2374,683,358,325,"102Y12M"
65000,╖sе_ел,65000050,╖s▓°░╧,65000050-019,дх╝wи╜,313,171,142,1408,681,727,219,102,117,"102Y12M"
65000,╖sе_ел,65000050,╖s▓°░╧,65000050-020,дд╕█и╜,331,186,145,1785,861,924,212,115,97,"102Y12M"
65000,╖sе_ел,65000050,╖s▓°░╧,65000050-021,╕╬е┴и╜,1195,638,557,5835,2888,2947,517,251,266,"102Y12M"
65000,╖sе_ел,65000050,╖s▓°░╧,65000050-022,дхй·и╜,298,155,143,1457,715,742,244,101,143,"102Y12M"
65000,╖sе_ел,65000050,╖s▓°░╧,65000050-023,дд┤фи╜,1143,601,542,5372,2589,2783,382,180,202,"102Y12M"
65000,╖sе_ел,65000050,╖s▓°░╧,65000050-024,┤I░ъи╜,275,151,124,2113,1063,1050,180,84,96,"102Y12M"
65000,╖sе_ел,65000050,╖s▓°░╧,65000050-025,лф╖╜и╜,822,424,398,4381,2117,2264,534,262,272,"102Y12M"
65000,╖sе_ел,65000050,╖s▓°░╧,65000050-026,е▀дHи╜,376,215,161,1717,830,887,336,160,176,"102Y12M"
65000,╖sе_ел,65000050,╖s▓°░╧,65000050-027,лn┤фи╜,769,403,366,4543,2220,2323,307,152,155,"102Y12M"
65000,╖sе_ел,65000050,╖s▓°░╧,65000050-028,дп╖Rи╜,377,194,183,2260,1105,1155,310,150,160,"102Y12M"
65000,╖sе_ел,65000050,╖s▓°░╧,65000050-029,е▀╝wи╜,395,216,179,2151,1022,1129,294,145,149,"102Y12M"
65000,╖sе_ел,65000050,╖s▓°░╧,65000050-030,лH╕qи╜,909,447,462,4547,2192,2355,401,186,215,"102Y12M"
65000,╖sе_ел,65000050,╖s▓°░╧,65000050-031,е▀иеи╜,780,392,388,4346,2077,2269,451,220,231,"102Y12M"
65000,╖sе_ел,65000050,╖s▓°░╧,65000050-032,е┴жwи╜,1021,538,483,4974,2376,2598,333,159,174,"102Y12M"
65000,╖sе_ел,65000050,╖s▓°░╧,65000050-033,йMени╜,636,322,314,4160,2012,2148,283,140,143,"102Y12M"
65000,╖sе_ел,65000050,╖s▓°░╧,65000050-034,е▀е\и╜,562,287,275,3000,1463,1537,443,220,223,"102Y12M"
65000,╖sе_ел,65000050,╖s▓°░╧,65000050-035,е┴е╗и╜,387,210,177,2677,1311,1366,196,109,87,"102Y12M"
65000,╖sе_ел,65000050,╖s▓°░╧,65000050-036,д╞жии╜,463,259,204,2708,1391,1317,289,140,149,"102Y12M"
65000,╖sе_ел,65000050,╖s▓°░╧,65000050-037,е▀з╙и╜,630,319,311,3221,1562,1659,407,211,196,"102Y12M"
65000,╖sе_ел,65000050,╖s▓°░╧,65000050-038,е·╡╪и╜,1458,777,681,5860,2822,3038,366,191,175,"102Y12M"
65000,╖sе_ел,65000050,╖s▓°░╧,65000050-039,лф╜хи╜,659,352,307,3460,1692,1768,381,177,204,"102Y12M"
65000,╖sе_ел,65000050,╖s▓°░╧,65000050-040,└ч╜Lи╜,280,156,124,1883,973,910,289,143,146,"102Y12M"
65000,╖sе_ел,65000050,╖s▓°░╧,65000050-041,е·║aи╜,950,500,450,3635,1746,1889,243,108,135,"102Y12M"
65000,╖sе_ел,65000050,╖s▓°░╧,65000050-042,ж█▒jи╜,394,218,176,2193,1101,1092,338,171,167,"102Y12M"
65000,╖sе_ел,65000050,╖s▓°░╧,65000050-043,дж╗ёи╜,1390,709,681,6426,3132,3294,489,241,248,"102Y12M"
65000,╖sе_ел,65000050,╖s▓°░╧,65000050-044,е·й·и╜,910,478,432,3761,1797,1964,206,108,98,"102Y12M"
65000,╖sе_ел,65000050,╖s▓°░╧,65000050-045,ж█е▀и╜,873,441,432,4453,2111,2342,479,224,255,"102Y12M"
65000,╖sе_ел,65000050,╖s▓°░╧,65000050-046,жX╗ёи╜,621,344,277,3892,1921,1971,333,170,163,"102Y12M"
65000,╖sе_ел,65000050,╖s▓°░╧,65000050-047,йп║╓и╜,667,346,321,3678,1789,1889,389,187,202,"102Y12M"
65000,╖sе_ел,65000050,╖s▓°░╧,65000050-048,┬∙╗ёи╜,2060,1130,930,8283,4008,4275,584,322,262,"102Y12M"
65000,╖sе_ел,65000050,╖s▓°░╧,65000050-049,ж█лHи╜,363,196,167,2109,1007,1102,239,125,114,"102Y12M"
65000,╖sе_ел,65000050,╖s▓°░╧,65000050-050,└s╗ёи╜,1601,798,803,6757,3201,3556,404,189,215,"102Y12M"
65000,╖sе_ел,65000050,╖s▓°░╧,65000050-051,дд╡╪и╜,424,229,195,2227,1080,1147,211,103,108,"102Y12M"
65000,╖sе_ел,65000050,╖s▓°░╧,65000050-052,дд╢йи╜,910,484,426,3659,1726,1933,251,139,112,"102Y12M"
65000,╖sе_ел,65000050,╖s▓°░╧,65000050-053,ддньи╜,1704,892,812,7868,3793,4075,478,218,260,"102Y12M"
65000,╖sе_ел,65000050,╖s▓°░╧,65000050-054,ддлHи╜,1788,921,867,7217,3462,3755,397,184,213,"102Y12M"
65000,╖sе_ел,65000050,╖s▓°░╧,65000050-055,е|║√и╜,696,381,315,4022,1941,2081,346,170,176,"102Y12M"
65000,╖sе_ел,65000050,╖s▓°░╧,65000050-056,л╪║╓и╜,287,163,124,2243,1093,1150,179,103,76,"102Y12M"
65000,╖sе_ел,65000050,╖s▓°░╧,65000050-057,ддз╗и╜,540,278,262,3149,1550,1599,284,151,133,"102Y12M"
65000,╖sе_ел,65000050,╖s▓°░╧,65000050-058,дде■и╜,524,303,221,3107,1533,1574,274,132,142,"102Y12M"
65000,╖sе_ел,65000050,╖s▓°░╧,65000050-059,е▀оїи╜,762,394,368,3912,1857,2055,420,210,210,"102Y12M"
65000,╖sе_ел,65000050,╖s▓°░╧,65000050-060,е■оїи╜,779,433,346,4175,2026,2149,550,274,276,"102Y12M"
65000,╖sе_ел,65000050,╖s▓°░╧,65000050-061,дп╕qи╜,517,269,248,3116,1545,1571,342,168,174,"102Y12M"
65000,╖sе_ел,65000050,╖s▓°░╧,65000050-062,е▀░Єи╜,976,488,488,5294,2535,2759,444,231,213,"102Y12M"
65000,╖sе_ел,65000050,╖s▓°░╧,65000050-063,йўй·и╜,475,252,223,3142,1523,1619,201,87,114,"102Y12M"
65000,╖sе_ел,65000050,╖s▓°░╧,65000050-064,йўени╜,678,358,320,3855,1815,2040,218,106,112,"102Y12M"
65000,╖sе_ел,65000050,╖s▓°░╧,65000050-065,дх╕tи╜,523,271,252,2800,1280,1520,476,223,253,"102Y12M"
65000,╖sе_ел,65000050,╖s▓°░╧,65000050-066,╕Uжwи╜,531,275,256,3271,1546,1725,252,131,121,"102Y12M"
65000,╖sе_ел,65000050,╖s▓°░╧,65000050-067,└sжwи╜,369,195,174,2030,1012,1018,154,76,78,"102Y12M"
65000,╖sе_ел,65000050,╖s▓°░╧,65000050-068,║╓└чи╜,289,144,145,1927,1009,918,304,139,165,"102Y12M"
65000,╖sе_ел,65000050,╖s▓°░╧,65000050-069,лс╝wи╜,345,189,156,2724,1348,1376,173,87,86,"102Y12M"
65000,╖sе_ел,65000050,╖s▓°░╧,65000050-070,л╪жwи╜,978,490,488,5555,2685,2870,317,158,159,"102Y12M"
65000,╖sе_ел,65000050,╖s▓°░╧,65000050-071,жи╝wи╜,885,429,456,4228,2033,2195,273,144,129,"102Y12M"
65000,╖sе_ел,65000050,╖s▓°░╧,65000050-072,║╓┐│и╜,951,487,464,4822,2432,2390,314,162,152,"102Y12M"
65000,╖sе_ел,65000050,╖s▓°░╧,65000050-073,йўлHи╜,692,362,330,3036,1432,1604,157,76,81,"102Y12M"
65000,╖sе_ел,65000050,╖s▓°░╧,65000050-074,йў╢йи╜,745,368,377,3676,1745,1931,212,104,108,"102Y12M"
65000,╖sе_ел,65000050,╖s▓°░╧,65000050-075,ддени╜,2150,1099,1051,6987,3138,3849,387,162,225,"102Y12M"
65000,╖sе_ел,65000050,╖s▓°░╧,65000050-076,е▀з╩и╜,2307,1192,1115,8774,4065,4709,410,185,225,"102Y12M"
65000,╖sе_ел,65000050,╖s▓°░╧,65000050-077,ої┬╫и╜,418,204,214,2009,1003,1006,242,111,131,"102Y12M"
65000,╖sе_ел,65000050,╖s▓°░╧,65000050-078,┤Iе┴и╜,521,277,244,3281,1576,1705,203,106,97,"102Y12M"
65000,╖sе_ел,65000050,╖s▓°░╧,65000050-079,└s║╓и╜,378,179,199,1927,931,996,144,68,76,"102Y12M"
65000,╖sе_ел,65000050,╖s▓°░╧,65000050-080,▓╗╗ёи╜,377,203,174,1988,977,1011,156,80,76,"102Y12M"
65000,╖sе_ел,65000050,╖s▓°░╧,65000050-081,е┴е■и╜,590,310,280,3202,1571,1631,175,89,86,"102Y12M"
65000,╖sе_ел,65000050,╖s▓°░╧,65000050-082,е┴ж│и╜,642,347,295,3475,1655,1820,189,89,100,"102Y12M"
65000,╖sе_ел,65000050,╖s▓°░╧,65000050-083,е·е┐и╜,986,529,457,3627,1767,1860,198,99,99,"102Y12M"
65000,╖sе_ел,65000050,╖s▓°░╧,65000050-084,е·йMи╜,477,247,230,2408,1165,1243,151,75,76,"102Y12M"
65000,╖sе_ел,65000060,╖sй▒░╧,65000060-001,░ъ┬╫и╜,334,177,157,2675,1226,1449,596,255,341,"102Y12M"
65000,╖sе_ел,65000060,╖sй▒░╧,65000060-002,й·╝wи╜,434,209,225,3266,1533,1733,604,266,338,"102Y12M"
65000,╖sе_ел,65000060,╖sй▒░╧,65000060-003,дj┬╫и╜,398,203,195,3056,1446,1610,522,233,289,"102Y12M"
65000,╖sе_ел,65000060,╖sй▒░╧,65000060-004,дjжPи╜,410,207,203,3225,1534,1691,586,285,301,"102Y12M"
65000,╖sе_ел,65000060,╖sй▒░╧,65000060-005,ж┐│ои╜,591,306,285,4554,2163,2391,677,311,366,"102Y12M"
65000,╖sе_ел,65000060,╖sй▒░╧,65000060-006,─_┐│и╜,509,267,242,3973,1936,2037,685,308,377,"102Y12M"
65000,╖sе_ел,65000060,╖sй▒░╧,65000060-007,─_жwи╜,415,229,186,4436,2121,2315,834,381,453,"102Y12M"
65000,╖sе_ел,65000060,╖sй▒░╧,65000060-008,лH╕qи╜,490,244,246,5211,2504,2707,819,364,455,"102Y12M"
65000,╖sе_ел,65000060,╖sй▒░╧,65000060-009,й╛з╡и╜,257,116,141,2273,1113,1160,413,194,219,"102Y12M"
65000,╖sе_ел,65000060,╖sй▒░╧,65000060-010,дj─Pи╜,225,126,99,2076,1012,1064,431,185,246,"102Y12M"
65000,╖sе_ел,65000060,╖sй▒░╧,65000060-011,д╙ени╜,372,194,178,2438,1214,1224,401,167,234,"102Y12M"
65000,╖sе_ел,65000060,╖sй▒░╧,65000060-012,│╗л░и╜,172,85,87,1318,708,610,275,135,140,"102Y12M"
65000,╖sе_ел,65000060,╖sй▒░╧,65000060-013,дUл░и╜,452,228,224,2512,1314,1198,401,202,199,"102Y12M"
65000,╖sе_ел,65000060,╖sй▒░╧,65000060-014,оу╤Lи╜,1245,631,614,6988,3405,3583,804,351,453,"102Y12M"
65000,╖sе_ел,65000060,╖sй▒░╧,65000060-015,е├жwи╜,707,358,349,4228,2081,2147,536,254,282,"102Y12M"
65000,╖sе_ел,65000060,╖sй▒░╧,65000060-016,д╜▒[и╜,1611,822,789,8805,4278,4527,1007,477,530,"102Y12M"
65000,╖sе_ел,65000060,╖sй▒░╧,65000060-017,╝wжwи╜,849,469,380,5118,2558,2560,635,296,339,"102Y12M"
65000,╖sе_ел,65000060,╖sй▒░╧,65000060-018,┬∙л░и╜,719,384,335,4697,2390,2307,621,301,320,"102Y12M"
65000,╖sе_ел,65000060,╖sй▒░╧,65000060-019,дщ┐│и╜,668,323,345,4748,2421,2327,620,314,306,"102Y12M"
65000,╖sе_ел,65000060,╖sй▒░╧,65000060-020,к┤║└и╜,715,382,333,4858,2341,2517,621,281,340,"102Y12M"
65000,╖sе_ел,65000060,╖sй▒░╧,65000060-021,╢ю╝ци╜,122,56,66,742,402,340,175,87,88,"102Y12M"
65000,╖sе_ел,65000060,╖sй▒░╧,65000060-022,м№╝ци╜,624,330,294,4258,2095,2163,593,266,327,"102Y12M"
65000,╖sе_ел,65000060,╖sй▒░╧,65000060-023,н√╝ци╜,564,302,262,3621,1816,1805,602,302,300,"102Y12M"
65000,╖sе_ел,65000060,╖sй▒░╧,65000060-024,┬∙з|и╜,97,58,39,641,370,271,161,76,85,"102Y12M"
65000,╖sе_ел,65000060,╖sй▒░╧,65000060-025,▓╩з|и╜,333,151,182,2407,1140,1267,439,214,225,"102Y12M"
65000,╖sе_ел,65000060,╖sй▒░╧,65000060-026,й}д╪и╜,258,134,124,1826,932,894,647,372,275,"102Y12M"
65000,╖sе_ел,65000060,╖sй▒░╧,65000060-027,└tдsи╜,142,64,78,1358,710,648,315,160,155,"102Y12M"
65000,╖sе_ел,65000060,╖sй▒░╧,65000060-028,╝s┐│и╜,116,64,52,1020,566,454,278,159,119,"102Y12M"
65000,╖sе_ел,65000060,╖sй▒░╧,65000060-029,к╜╝ци╜,128,77,51,925,501,424,214,107,107,"102Y12M"
65000,╖sе_ел,65000060,╖sй▒░╧,65000060-030,лC╝ци╜,614,315,299,4480,2191,2289,514,237,277,"102Y12M"
65000,╖sе_ел,65000060,╖sй▒░╧,65000060-031,╖sй▒и╜,234,127,107,1353,671,682,275,127,148,"102Y12M"
65000,╖sе_ел,65000060,╖sй▒░╧,65000060-032,▒iлnи╜,205,98,107,1509,686,823,311,147,164,"102Y12M"
65000,╖sе_ел,65000060,╖sй▒░╧,65000060-033,░ъо╒и╜,342,192,150,2115,1013,1102,296,126,170,"102Y12M"
65000,╖sе_ел,65000060,╖sй▒░╧,65000060-034,дхдди╜,193,102,91,1388,675,713,282,125,157,"102Y12M"
65000,╖sе_ел,65000060,╖sй▒░╧,65000060-035,╝sй·и╜,53,29,24,579,305,274,146,71,75,"102Y12M"
65000,╖sе_ел,65000060,╖sй▒░╧,65000060-036,дхй·и╜,174,90,84,1869,930,939,383,177,206,"102Y12M"
65000,╖sе_ел,65000060,╖sй▒░╧,65000060-037,дд┐│и╜,672,343,329,5965,3151,2814,1061,571,490,"102Y12M"
65000,╖sе_ел,65000060,╖sй▒░╧,65000060-038,╖sе═и╜,608,295,313,4589,2182,2407,975,434,541,"102Y12M"
65000,╖sе_ел,65000060,╖sй▒░╧,65000060-039,╖s╝wи╜,313,150,163,2142,1008,1134,437,191,246,"102Y12M"
65000,╖sе_ел,65000060,╖sй▒░╧,65000060-040,▒iе_и╜,860,440,420,5551,2676,2875,916,416,500,"102Y12M"
65000,╖sе_ел,65000060,╖sй▒░╧,65000060-041,днФви╜,802,399,403,5771,2749,3022,954,426,528,"102Y12M"
65000,╖sе_ел,65000060,╖sй▒░╧,65000060-042,╖sжwи╜,518,236,282,3292,1515,1777,648,290,358,"102Y12M"
65000,╖sе_ел,65000060,╖sй▒░╧,65000060-043,й╛╕█и╜,261,143,118,2011,935,1076,368,178,190,"102Y12M"
65000,╖sе_ел,65000060,╖sй▒░╧,65000060-044,дде┐и╜,742,383,359,4919,2306,2613,1069,469,600,"102Y12M"
65000,╖sе_ел,65000060,╖sй▒░╧,65000060-045,дд╡╪и╜,463,241,222,3085,1442,1643,661,310,351,"102Y12M"
65000,╖sе_ел,65000060,╖sй▒░╧,65000060-046,дп╖Rи╜,246,132,114,1570,733,837,356,161,195,"102Y12M"
65000,╖sе_ел,65000060,╖sй▒░╧,65000060-047,ж╩з╘и╜,465,244,221,3051,1423,1628,643,279,364,"102Y12M"
65000,╖sе_ел,65000060,╖sй▒░╧,65000060-048,ж╩йMи╜,427,212,215,2596,1299,1297,491,220,271,"102Y12M"
65000,╖sе_ел,65000060,╖sй▒░╧,65000060-049,║╓╝wи╜,453,228,225,3154,1486,1668,574,253,321,"102Y12M"
65000,╖sе_ел,65000060,╖sй▒░╧,65000060-050,ж╩║╓и╜,341,174,167,2516,1181,1335,480,211,269,"102Y12M"
65000,╖sе_ел,65000060,╖sй▒░╧,65000060-051,║╓е┴и╜,458,221,237,3124,1462,1662,633,290,343,"102Y12M"
65000,╖sе_ел,65000060,╖sй▒░╧,65000060-052,дддsи╜,648,320,328,3962,1791,2171,697,350,347,"102Y12M"
65000,╖sе_ел,65000060,╖sй▒░╧,65000060-053,йMени╜,126,58,68,702,377,325,161,68,93,"102Y12M"
65000,╖sе_ел,65000060,╖sй▒░╧,65000060-054,ддеби╜,680,331,349,4337,2014,2323,786,366,420,"102Y12M"
65000,╖sе_ел,65000060,╖sй▒░╧,65000060-055,й·л░и╜,420,224,196,2826,1386,1440,351,158,193,"102Y12M"
65000,╖sе_ел,65000060,╖sй▒░╧,65000060-056,жwйMи╜,1009,505,504,5702,2793,2909,594,262,332,"102Y12M"
65000,╖sе_ел,65000060,╖sй▒░╧,65000060-057,жN▓╗и╜,477,248,229,3877,1863,2014,579,244,335,"102Y12M"
65000,╖sе_ел,65000060,╖sй▒░╧,65000060-058,─_║╓и╜,935,479,456,5646,2757,2889,788,367,421,"102Y12M"
65000,╖sе_ел,65000060,╖sй▒░╧,65000060-059,дpл░и╜,489,252,237,2992,1475,1517,486,225,261,"102Y12M"
65000,╖sе_ел,65000060,╖sй▒░╧,65000060-060,н╗йYи╜,1229,597,632,8137,3963,4174,813,393,420,"102Y12M"
65000,╖sе_ел,65000060,╖sй▒░╧,65000060-061,л╪░ъи╜,328,153,175,2447,1151,1296,499,211,288,"102Y12M"
65000,╖sе_ел,65000060,╖sй▒░╧,65000060-062,┤_┐│и╜,417,215,202,2708,1312,1396,440,208,232,"102Y12M"
65000,╖sе_ел,65000060,╖sй▒░╧,65000060-063,м№л░и╜,271,138,133,2244,1112,1132,290,138,152,"102Y12M"
65000,╖sе_ел,65000060,╖sй▒░╧,65000060-064,жwйўи╜,706,355,351,4158,1948,2210,362,152,210,"102Y12M"
65000,╖sе_ел,65000060,╖sй▒░╧,65000060-065,к°мKи╜,284,155,129,2127,993,1134,299,135,164,"102Y12M"
65000,╖sе_ел,65000060,╖sй▒░╧,65000060-066,╖sйMи╜,524,268,256,3454,1655,1799,387,181,206,"102Y12M"
65000,╖sе_ел,65000060,╖sй▒░╧,65000060-067,е├ени╜,866,446,420,4584,2186,2398,491,224,267,"102Y12M"
65000,╖sе_ел,65000060,╖sй▒░╧,65000060-068,╣F╞[и╜,380,193,187,3041,1405,1636,337,157,180,"102Y12M"
65000,╖sе_ел,65000060,╖sй▒░╧,65000060-069,╡╪л░и╜,303,165,138,2113,1001,1112,240,118,122,"102Y12M"
65000,╖sе_ел,65000070,╛ЁкL░╧,65000070-001,дTжhи╜,631,327,304,3417,1722,1695,267,120,147,"102Y12M"
65000,╖sе_ел,65000070,╛ЁкL░╧,65000070-002,дT║╓и╜,744,392,352,3335,1620,1715,424,210,214,"102Y12M"
65000,╖sе_ел,65000070,╛ЁкL░╧,65000070-003,дT┐│и╜,759,389,370,3944,2031,1913,386,201,185,"102Y12M"
65000,╖sе_ел,65000070,╛ЁкL░╧,65000070-004,ж`жwи╜,541,278,263,3120,1549,1571,184,97,87,"102Y12M"
65000,╖sе_ел,65000070,╛ЁкL░╧,65000070-005,лOжwи╜,995,533,462,5292,2633,2659,627,282,345,"102Y12M"
65000,╖sе_ел,65000070,╛ЁкL░╧,65000070-006,╝цй│и╜,704,355,349,3873,2130,1743,510,243,267,"102Y12M"
65000,╖sе_ел,65000070,╛ЁкL░╧,65000070-007,б╜╝dи╜,837,459,378,4268,2101,2167,317,148,169,"102Y12M"
65000,╖sе_ел,65000070,╛ЁкL░╧,65000070-008,╛Ё╝wи╜,506,259,247,3052,1505,1547,433,214,219,"102Y12M"
65000,╖sе_ел,65000070,╛ЁкL░╧,65000070-009,╛Ёжши╜,791,405,386,4096,2005,2091,661,310,351,"102Y12M"
65000,╖sе_ел,65000070,╛ЁкL░╧,65000070-010,╛Ёлnи╜,594,308,286,3674,1816,1858,365,165,200,"102Y12M"
65000,╖sе_ел,65000070,╛ЁкL░╧,65000070-011,╛ЁдHи╜,628,322,306,2639,1296,1343,353,170,183,"102Y12M"
65000,╖sе_ел,65000070,╛ЁкL░╧,65000070-012,йYд║и╜,275,145,130,1368,700,668,185,85,100,"102Y12M"
65000,╖sе_ел,65000070,╛ЁкL░╧,65000070-013,╛ЁкFи╜,123,56,67,982,498,484,184,84,100,"102Y12M"
65000,╖sе_ел,65000070,╛ЁкL░╧,65000070-014,дjжPи╜,522,287,235,2865,1370,1495,209,91,118,"102Y12M"
65000,╖sе_ел,65000070,╛ЁкL░╧,65000070-015,йMени╜,584,289,295,3242,1611,1631,414,209,205,"102Y12M"
65000,╖sе_ел,65000070,╛ЁкL░╧,65000070-016,┤^нэи╜,854,441,413,4363,2165,2198,282,144,138,"102Y12M"
65000,╖sе_ел,65000070,╛ЁкL░╧,65000070-017,┤^║╓и╜,910,492,418,4356,2117,2239,358,170,188,"102Y12M"
65000,╖sе_ел,65000070,╛ЁкL░╧,65000070-018,кFдsи╜,441,221,220,2766,1409,1357,307,165,142,"102Y12M"
65000,╖sе_ел,65000070,╛ЁкL░╧,65000070-019,кF╢зи╜,1052,569,483,4954,2474,2480,461,238,223,"102Y12M"
65000,╖sе_ел,65000070,╛ЁкL░╧,65000070-020,кFк@и╜,735,387,348,3924,1920,2004,342,173,169,"102Y12M"
65000,╖sе_ел,65000070,╛ЁкL░╧,65000070-021,╝╓дsи╜,248,130,118,1361,730,631,262,130,132,"102Y12M"
65000,╖sе_ел,65000070,╛ЁкL░╧,65000070-022,кF╢щи╜,287,161,126,1429,789,640,207,108,99,"102Y12M"
65000,╖sе_ел,65000070,╛ЁкL░╧,65000070-023,жш╢щи╜,280,148,132,1514,836,678,198,97,101,"102Y12M"
65000,╖sе_ел,65000070,╛ЁкL░╧,65000070-024,лn╢щи╜,3081,1596,1485,9741,4588,5153,848,427,421,"102Y12M"
65000,╖sе_ел,65000070,╛ЁкL░╧,65000070-025,е_╢щи╜,338,179,159,1865,980,885,189,90,99,"102Y12M"
65000,╖sе_ел,65000070,╛ЁкL░╧,65000070-026,мa╢щи╜,1805,941,864,6382,3029,3353,634,296,338,"102Y12M"
65000,╖sе_ел,65000070,╛ЁкL░╧,65000070-027,╛Ёе_и╜,85,46,39,768,396,372,189,79,110,"102Y12M"
65000,╖sе_ел,65000070,╛ЁкL░╧,65000070-028,ж`║╓и╜,674,359,315,3739,1834,1905,293,138,155,"102Y12M"
65000,╖sе_ел,65000070,╛ЁкL░╧,65000070-029,╛Ё┐│и╜,651,328,323,3068,1515,1553,348,180,168,"102Y12M"
65000,╖sе_ел,65000070,╛ЁкL░╧,65000070-030,╛Ё║╓и╜,546,285,261,2839,1353,1486,411,189,222,"102Y12M"
65000,╖sе_ел,65000070,╛ЁкL░╧,65000070-031,е·┐│и╜,599,314,285,3389,1709,1680,215,106,109,"102Y12M"
65000,╖sе_ел,65000070,╛ЁкL░╧,65000070-032,кў╝dи╜,769,404,365,3520,1774,1746,298,154,144,"102Y12M"
65000,╖sе_ел,65000070,╛ЁкL░╧,65000070-033,┤^┐│и╜,856,455,401,5132,2496,2636,297,160,137,"102Y12M"
65000,╖sе_ел,65000070,╛ЁкL░╧,65000070-034,дхкLи╜,961,511,450,4362,2110,2252,307,158,149,"102Y12M"
65000,╖sе_ел,65000070,╛ЁкL░╧,65000070-035,дsи╬и╜,965,475,490,4801,2467,2334,326,152,174,"102Y12M"
65000,╖sе_ел,65000070,╛ЁкL░╧,65000070-036,дддsи╜,822,446,376,4215,2157,2058,476,209,267,"102Y12M"
65000,╖sе_ел,65000070,╛ЁкL░╧,65000070-037,и|н^и╜,479,248,231,2445,1187,1258,330,148,182,"102Y12M"
65000,╖sе_ел,65000070,╛ЁкL░╧,65000070-038,дд╡╪и╜,579,298,281,2847,1403,1444,168,77,91,"102Y12M"
65000,╖sе_ел,65000070,╛ЁкL░╧,65000070-039,д╙╢╢и╜,420,231,189,2407,1232,1175,156,77,79,"102Y12M"
65000,╖sе_ел,65000070,╛ЁкL░╧,65000070-040,ж`е┴и╜,382,219,163,2378,1251,1127,132,68,64,"102Y12M"
65000,╖sе_ел,65000070,╛ЁкL░╧,65000070-041,ж`е═и╜,184,106,78,1568,804,764,119,63,56,"102Y12M"
65000,╖sе_ел,65000070,╛ЁкL░╧,65000070-042,дT└sи╜,272,156,116,1748,883,865,178,89,89,"102Y12M"
65000,╖sе_ел,65000080,┼a║q░╧,65000080-001,кF┼aи╜,180,103,77,823,419,404,144,66,78,"102Y12M"
65000,╖sе_ел,65000080,┼a║q░╧,65000080-002,жш┼aи╜,375,193,182,1847,936,911,317,132,185,"102Y12M"
65000,╖sе_ел,65000080,┼a║q░╧,65000080-003,лn┼aи╜,1045,545,500,4759,2328,2431,592,265,327,"102Y12M"
65000,╖sе_ел,65000080,┼a║q░╧,65000080-004,е_┼aи╜,737,384,353,3326,1693,1633,344,165,179,"102Y12M"
65000,╖sе_ел,65000080,┼a║q░╧,65000080-005,дд┼aи╜,175,96,79,865,437,428,152,65,87,"102Y12M"
65000,╖sе_ел,65000080,┼a║q░╧,65000080-006,л╪╝wи╜,96,55,41,452,260,192,60,24,36,"102Y12M"
65000,╖sе_ел,65000080,┼a║q░╧,65000080-007,жP╝yи╜,413,195,218,1452,716,736,179,81,98,"102Y12M"
65000,╖sе_ел,65000080,┼a║q░╧,65000080-008,е├йўи╜,1818,917,901,7158,3551,3607,679,307,372,"102Y12M"
65000,╖sе_ел,65000080,┼a║q░╧,65000080-009,лn╣tи╜,519,277,242,2892,1459,1433,392,184,208,"102Y12M"
65000,╖sе_ел,65000080,┼a║q░╧,65000080-010,жyдsи╜,1165,596,569,5836,2922,2914,555,282,273,"102Y12M"
65000,╖sе_ел,65000080,┼a║q░╧,65000080-011,дG╛Їи╜,1351,707,644,6194,3210,2984,677,335,342,"102Y12M"
65000,╖sе_ел,65000080,┼a║q░╧,65000080-012,дGе╥и╜,190,105,85,817,437,380,115,62,53,"102Y12M"
65000,╖sе_ел,65000080,┼a║q░╧,65000080-013,кF┤Єи╜,57,26,31,247,140,107,34,14,20,"102Y12M"
65000,╖sе_ел,65000080,┼a║q░╧,65000080-014,дj┤Єи╜,712,373,339,4510,2297,2213,523,251,272,"102Y12M"
65000,╖sе_ел,65000080,┼a║q░╧,65000080-015,╗ё╗яи╜,845,447,398,3915,1961,1954,403,185,218,"102Y12M"
65000,╖sе_ел,65000080,┼a║q░╧,65000080-016,╗ё║╓и╜,540,288,252,3561,1754,1807,395,181,214,"102Y12M"
65000,╖sе_ел,65000080,┼a║q░╧,65000080-017,е├жNи╜,870,455,415,4107,2032,2075,358,173,185,"102Y12M"
65000,╖sе_ел,65000080,┼a║q░╧,65000080-018,дд┤Єи╜,981,521,460,5000,2567,2433,504,233,271,"102Y12M"
65000,╖sе_ел,65000080,┼a║q░╧,65000080-019,╗ё▓╗и╜,743,368,375,3965,1993,1972,347,170,177,"102Y12M"
65000,╖sе_ел,65000080,┼a║q░╧,65000080-020,л╪░ъи╜,1270,647,623,5604,2707,2897,455,214,241,"102Y12M"
65000,╖sе_ел,65000090,дTоl░╧,65000090-001,дTоlи╜,37,17,20,235,127,108,70,36,34,"102Y12M"
65000,╖sе_ел,65000090,дTоl░╧,65000090-002,иqдtи╜,109,54,55,468,229,239,104,44,60,"102Y12M"
65000,╖sе_ел,65000090,дTоl░╧,65000090-003,дK▒iи╜,656,331,325,3022,1499,1523,328,152,176,"102Y12M"
65000,╖sе_ел,65000090,дTоl░╧,65000090-004,ддоHи╜,402,206,196,2032,1031,1001,166,79,87,"102Y12M"
65000,╖sе_ел,65000090,дTоl░╧,65000090-005,е░╣Dи╜,180,104,76,961,533,428,176,90,86,"102Y12M"
65000,╖sе_ел,65000090,дTоl░╧,65000090-006,е├БFи╜,1339,708,631,5929,2827,3102,791,364,427,"102Y12M"
65000,╖sе_ел,65000090,дTоl░╧,65000090-007,┴G╖╦и╜,997,535,462,4590,2263,2327,381,174,207,"102Y12M"
65000,╖sе_ел,65000090,дTоl░╧,65000090-008,╗Ёдsи╜,1695,879,816,7872,3948,3924,803,402,401,"102Y12M"
65000,╖sе_ел,65000090,дTоl░╧,65000090-009,└sоHи╜,1557,822,735,6727,3381,3346,675,320,355,"102Y12M"
65000,╖sе_ел,65000090,дTоl░╧,65000090-010,дjоHи╜,601,349,252,3398,1801,1597,463,198,265,"102Y12M"
65000,╖sе_ел,65000090,дTоl░╧,65000090-011,╣┼▓Kи╜,296,150,146,1759,945,814,704,544,160,"102Y12M"
65000,╖sе_ел,65000090,дTоl░╧,65000090-012,▓K║╓и╜,173,93,80,959,509,450,157,74,83,"102Y12M"
65000,╖sе_ел,65000090,дTоl░╧,65000090-013,кўж`и╜,57,36,21,410,249,161,108,53,55,"102Y12M"
65000,╖sе_ел,65000090,дTоl░╧,65000090-014,дн╝dи╜,109,64,45,672,392,280,219,104,115,"102Y12M"
65000,╖sе_ел,65000090,дTоl░╧,65000090-015,┤биди╜,67,39,28,529,334,195,236,117,119,"102Y12M"
65000,╖sе_ел,65000090,дTоl░╧,65000090-016,ж│дьи╜,64,34,30,580,362,218,187,96,91,"102Y12M"
65000,╖sе_ел,65000090,дTоl░╧,65000090-017,╖╦е_и╜,403,213,190,1815,977,838,307,149,158,"102Y12M"
65000,╖sе_ел,65000090,дTоl░╧,65000090-018,╖╦лnи╜,257,139,118,1238,677,561,232,116,116,"102Y12M"
65000,╖sе_ел,65000090,дTоl░╧,65000090-019,╖╦кFи╜,475,270,205,2567,1326,1241,316,140,176,"102Y12M"
65000,╖sе_ел,65000090,дTоl░╧,65000090-020,жи║╓и╜,144,66,78,768,440,328,154,66,88,"102Y12M"
65000,╖sе_ел,65000090,дTоl░╧,65000090-021,жwз|и╜,221,110,111,1096,632,464,298,154,144,"102Y12M"
65000,╖sе_ел,65000090,дTоl░╧,65000090-022,ж╦▒[и╜,247,120,127,1663,968,695,344,175,169,"102Y12M"
65000,╖sе_ел,65000090,дTоl░╧,65000090-023,д╢╣╪и╜,1016,548,468,5514,2787,2727,378,182,196,"102Y12M"
65000,╖sе_ел,65000090,дTоl░╧,65000090-024,жw╖╦и╜,1370,732,638,6319,3097,3222,468,203,265,"102Y12M"
65000,╖sе_ел,65000090,дTоl░╧,65000090-025,дде┐и╜,886,457,429,4337,2204,2133,419,187,232,"102Y12M"
65000,╖sе_ел,65000090,дTоl░╧,65000090-026,дG∙─и╜,500,242,258,2900,1484,1416,268,131,137,"102Y12M"
65000,╖sе_ел,65000090,дTоl░╧,65000090-027,└s╛╟и╜,2990,1530,1460,9470,4252,5218,804,388,416,"102Y12M"
65000,╖sе_ел,65000090,дTоl░╧,65000090-028,└sожи╜,1338,715,623,4105,1890,2215,333,170,163,"102Y12M"
65000,╖sе_ел,65000100,▓HдЇ░╧,65000100-001,ддйMи╜,87,52,35,451,270,181,111,52,59,"102Y12M"
65000,╖sе_ел,65000100,▓HдЇ░╧,65000100-002,д┘дsи╜,125,72,53,888,493,395,202,99,103,"102Y12M"
65000,╖sе_ел,65000100,▓HдЇ░╧,65000100-003,╜хз╡и╜,173,88,85,1249,696,553,255,127,128,"102Y12M"
65000,╖sе_ел,65000100,▓HдЇ░╧,65000100-004,┐│дпи╜,168,92,76,1327,706,621,275,144,131,"102Y12M"
65000,╖sе_ел,65000100,▓HдЇ░╧,65000100-005,┐╗┴жи╜,115,63,52,820,464,356,158,82,76,"102Y12M"
65000,╖sе_ел,65000100,▓HдЇ░╧,65000100-006,╕qдsи╜,356,202,154,2296,1214,1082,359,173,186,"102Y12M"
65000,╖sе_ел,65000100,▓HдЇ░╧,65000100-007,й╛дsи╜,126,64,62,680,390,290,151,75,76,"102Y12M"
65000,╖sе_ел,65000100,▓HдЇ░╧,65000100-008,оr│╗и╜,1042,569,473,4638,2156,2482,451,212,239,"102Y12M"
65000,╖sе_ел,65000100,▓HдЇ░╧,65000100-009,░ёоqи╜,246,125,121,1216,654,562,216,104,112,"102Y12M"
65000,╖sе_ел,65000100,▓HдЇ░╧,65000100-010,╖s┐│и╜,1129,598,531,5242,2435,2807,421,196,225,"102Y12M"
65000,╖sе_ел,65000100,▓HдЇ░╧,65000100-011,дЇ╕Pи╜,942,490,452,4775,2342,2433,548,253,295,"102Y12M"
65000,╖sе_ел,65000100,▓HдЇ░╧,65000100-012,е_зыи╜,1642,872,770,6378,2986,3392,588,271,317,"102Y12M"
65000,╖sе_ел,65000100,▓HдЇ░╧,65000100-013,дЇ╖╜и╜,300,163,137,1828,995,833,327,164,163,"102Y12M"
65000,╖sе_ел,65000100,▓HдЇ░╧,65000100-014,й╛╝dи╜,144,80,64,886,520,366,236,116,120,"102Y12M"
65000,╖sе_ел,65000100,▓HдЇ░╧,65000100-015,╛Ё┐│и╜,120,63,57,1011,540,471,213,113,100,"102Y12M"
65000,╖sе_ел,65000100,▓HдЇ░╧,65000100-016,йW│╗и╜,108,59,49,1149,580,569,179,87,92,"102Y12M"
65000,╖sе_ел,65000100,▓HдЇ░╧,65000100-017,║╓╝wи╜,606,312,294,5369,2559,2810,669,317,352,"102Y12M"
65000,╖sе_ел,65000100,▓HдЇ░╧,65000100-018,ж╦│Єи╜,696,365,331,4994,2251,2743,649,295,354,"102Y12M"
65000,╖sе_ел,65000100,▓HдЇ░╧,65000100-019,е┴е═и╜,813,431,382,5604,2499,3105,792,370,422,"102Y12M"
65000,╖sе_ел,65000100,▓HдЇ░╧,65000100-020,дK╢╒и╜,472,234,238,4027,1735,2292,580,276,304,"102Y12M"
65000,╖sе_ел,65000100,▓HдЇ░╧,65000100-021,мёу╕и╜,951,514,437,7420,3301,4119,1039,487,552,"102Y12M"
65000,╖sе_ел,65000100,▓HдЇ░╧,65000100-022,╛Hд╜и╜,883,442,441,4904,2287,2617,539,247,292,"102Y12M"
65000,╖sе_ел,65000100,▓HдЇ░╧,65000100-023,дд┐│и╜,515,271,244,3239,1570,1669,686,303,383,"102Y12M"
65000,╖sе_ел,65000100,▓HдЇ░╧,65000100-024,к°й░и╜,160,78,82,1183,605,578,282,136,146,"102Y12M"
65000,╖sе_ел,65000100,▓HдЇ░╧,65000100-025,▓Mдхи╜,130,66,64,991,507,484,168,80,88,"102Y12M"
65000,╖sе_ел,65000100,▓HдЇ░╧,65000100-026,пєкFи╜,76,33,43,669,346,323,144,73,71,"102Y12M"
65000,╖sе_ел,65000100,▓HдЇ░╧,65000100-027,иєд╕и╜,196,102,94,1280,647,633,194,81,113,"102Y12M"
65000,╖sе_ел,65000100,▓HдЇ░╧,65000100-028,е├жNи╜,114,56,58,761,384,377,138,59,79,"102Y12M"
65000,╖sе_ел,65000100,▓HдЇ░╧,65000100-029,е┴жwи╜,123,60,63,594,298,296,153,60,93,"102Y12M"
65000,╖sе_ел,65000100,▓HдЇ░╧,65000100-030,╖sе═и╜,65,32,33,876,500,376,128,66,62,"102Y12M"
65000,╖sе_ел,65000100,▓HдЇ░╧,65000100-031,дхд╞и╜,299,156,143,1465,670,795,254,119,135,"102Y12M"
65000,╖sе_ел,65000100,▓HдЇ░╧,65000100-032,кoиои╜,671,341,330,4512,2196,2316,619,275,344,"102Y12M"
65000,╖sе_ел,65000100,▓HдЇ░╧,65000100-033,иF▒[и╜,436,231,205,2845,1396,1449,346,156,190,"102Y12M"
65000,╖sе_ел,65000100,▓HдЇ░╧,65000100-034,╖s╕qи╜,704,360,344,3467,1684,1783,413,195,218,"102Y12M"
65000,╖sе_ел,65000100,▓HдЇ░╧,65000100-035,╖sмKи╜,1177,637,540,5596,2611,2985,477,214,263,"102Y12M"
65000,╖sе_ел,65000100,▓HдЇ░╧,65000100-036,╖sе┴и╜,626,328,298,3893,1861,2032,417,197,220,"102Y12M"
65000,╖sе_ел,65000100,▓HдЇ░╧,65000100-037,е┐╝wи╜,769,384,385,3616,1609,2007,290,126,164,"102Y12M"
65000,╖sе_ел,65000100,▓HдЇ░╧,65000100-038,е_╖sи╜,490,245,245,2321,1084,1237,163,71,92,"102Y12M"
65000,╖sе_ел,65000100,▓HдЇ░╧,65000100-039,е┴┼vи╜,450,251,199,3417,1575,1842,393,166,227,"102Y12M"
65000,╖sе_ел,65000100,▓HдЇ░╧,65000100-040,йп║╓и╜,576,304,272,3431,1669,1762,537,232,305,"102Y12M"
65000,╖sе_ел,65000100,▓HдЇ░╧,65000100-041,╛╟й▓и╜,618,328,290,3578,1689,1889,367,166,201,"102Y12M"
65000,╖sе_ел,65000100,▓HдЇ░╧,65000100-042,дj╔▄и╜,682,353,329,4554,2116,2438,553,252,301,"102Y12M"
65000,╖sе_ел,65000110,ж┴дю░╧,65000110-001,╕qе┴и╜,150,81,69,1115,550,565,237,104,133,"102Y12M"
65000,╖sе_ел,65000110,ж┴дю░╧,65000110-002,┬зк∙и╜,116,61,55,796,400,396,186,89,97,"102Y12M"
65000,╖sе_ел,65000110,ж┴дю░╧,65000110-003,┤╝╝zи╜,542,271,271,3588,1647,1941,412,179,233,"102Y12M"
65000,╖sе_ел,65000110,ж┴дю░╧,65000110-004,лH▒ци╜,22,11,11,257,143,114,75,36,39,"102Y12M"
65000,╖sе_ел,65000110,ж┴дю░╧,65000110-005,╛ЇкFи╜,452,237,215,2252,1084,1168,285,124,161,"102Y12M"
65000,╖sе_ел,65000110,ж┴дю░╧,65000110-006,иqоpи╜,856,415,441,4250,2299,1951,554,254,300,"102Y12M"
65000,╖sе_ел,65000110,ж┴дю░╧,65000110-007,╖sйўи╜,826,449,377,4362,2130,2232,685,304,381,"102Y12M"
65000,╖sе_ел,65000110,ж┴дю░╧,65000110-008,┤_┐│и╜,1071,541,530,5557,2547,3010,540,236,304,"102Y12M"
65000,╖sе_ел,65000110,ж┴дю░╧,65000110-009,нX╨ди╜,818,424,394,3669,1860,1809,374,173,201,"102Y12M"
65000,╖sе_ел,65000110,ж┴дю░╧,65000110-010,к°жwи╜,154,82,72,1279,671,608,239,111,128,"102Y12M"
65000,╖sе_ел,65000110,ж┴дю░╧,65000110-011,лOжwи╜,172,85,87,1287,652,635,194,93,101,"102Y12M"
65000,╖sе_ел,65000110,ж┴дю░╧,65000110-012,лOк°и╜,586,314,272,3285,1651,1634,371,160,211,"102Y12M"
65000,╖sе_ел,65000110,ж┴дю░╧,65000110-013,╢mк°и╜,244,138,106,1871,964,907,254,111,143,"102Y12M"
65000,╖sе_ел,65000110,ж┴дю░╧,65000110-014,ж┐е_и╜,791,424,367,4783,2468,2315,530,258,272,"102Y12M"
65000,╖sе_ел,65000110,ж┴дю░╧,65000110-015,л¤е_и╜,557,292,265,4047,2065,1982,458,200,258,"102Y12M"
65000,╖sе_ел,65000110,ж┴дю░╧,65000110-016,пMд║и╜,102,58,44,1258,644,614,210,99,111,"102Y12M"
65000,╖sе_ел,65000110,ж┴дю░╧,65000110-017,дK│sи╜,80,32,48,817,447,370,136,65,71,"102Y12M"
65000,╖sе_ел,65000110,ж┴дю░╧,65000110-018,╝╠╛Ёи╜,199,103,96,1815,968,847,263,121,142,"102Y12M"
65000,╖sе_ел,65000110,ж┴дю░╧,65000110-019,е_оpи╜,463,235,228,3701,1902,1799,416,198,218,"102Y12M"
65000,╖sе_ел,65000110,ж┴дю░╧,65000110-020,е_дsи╜,317,156,161,4473,2190,2283,490,223,267,"102Y12M"
65000,╖sе_ел,65000110,ж┴дю░╧,65000110-021,е╒╢│и╜,665,353,312,3448,1708,1740,434,196,238,"102Y12M"
65000,╖sе_ел,65000110,ж┴дю░╧,65000110-022,╛юмьи╜,380,195,185,3689,1856,1833,612,286,326,"102Y12M"
65000,╖sе_ел,65000110,ж┴дю░╧,65000110-023,кFдsи╜,66,32,34,483,254,229,65,35,30,"102Y12M"
65000,╖sе_ел,65000110,ж┴дю░╧,65000110-024,║╓дsи╜,254,133,121,2889,1396,1493,465,202,263,"102Y12M"
65000,╖sе_ел,65000110,ж┴дю░╧,65000110-025,йy┐│и╜,177,84,93,2202,1065,1137,455,190,265,"102Y12M"
65000,╖sе_ел,65000110,ж┴дю░╧,65000110-026,дд┐│и╜,663,346,317,6013,2962,3051,584,263,321,"102Y12M"
65000,╖sе_ел,65000110,ж┴дю░╧,65000110-027,┤Єе·и╜,505,275,230,4472,2179,2293,443,191,252,"102Y12M"
65000,╖sе_ел,65000110,ж┴дю░╧,65000110-028,дп╝wи╜,202,120,82,1381,697,684,263,109,154,"102Y12M"
65000,╖sе_ел,65000110,ж┴дю░╧,65000110-029,лp╝wи╜,915,483,432,6170,3072,3098,499,233,266,"102Y12M"
65000,╖sе_ел,65000110,ж┴дю░╧,65000110-030,й╛з╡и╜,761,401,360,6243,3043,3200,582,266,316,"102Y12M"
65000,╖sе_ел,65000110,ж┴дю░╧,65000110-031,ж█▒jи╜,812,433,379,4056,1973,2083,440,195,245,"102Y12M"
65000,╖sе_ел,65000110,ж┴дю░╧,65000110-032,дхд╞и╜,563,294,269,3471,1664,1807,338,162,176,"102Y12M"
65000,╖sе_ел,65000110,ж┴дю░╧,65000110-033,кў└sи╜,517,284,233,4028,1962,2066,391,178,213,"102Y12M"
65000,╖sе_ел,65000110,ж┴дю░╧,65000110-034,║╓╝wи╜,304,156,148,2668,1294,1374,240,109,131,"102Y12M"
65000,╖sе_ел,65000110,ж┴дю░╧,65000110-035,┐│║╓и╜,272,132,140,2504,1223,1281,234,102,132,"102Y12M"
65000,╖sе_ел,65000110,ж┴дю░╧,65000110-036,▒d║╓и╜,515,266,249,4268,2031,2237,310,154,156,"102Y12M"
65000,╖sе_ел,65000110,ж┴дю░╧,65000110-037,й╛дsи╜,159,79,80,2748,1336,1412,432,204,228,"102Y12M"
65000,╖sе_ел,65000110,ж┴дю░╧,65000110-038,└Їкeи╜,84,48,36,990,550,440,157,83,74,"102Y12M"
65000,╖sе_ел,65000110,ж┴дю░╧,65000110-039,кF╢╒и╜,373,182,191,3128,1541,1587,461,213,248,"102Y12M"
65000,╖sе_ел,65000110,ж┴дю░╧,65000110-040,дsе·и╜,349,173,176,2267,1093,1174,205,96,109,"102Y12M"
65000,╖sе_ел,65000110,ж┴дю░╧,65000110-041,дjжPи╜,371,175,196,2191,1060,1131,249,112,137,"102Y12M"
65000,╖sе_ел,65000110,ж┴дю░╧,65000110-042,▒R╝wи╜,825,422,403,3944,1953,1991,413,194,219,"102Y12M"
65000,╖sе_ел,65000110,ж┴дю░╧,65000110-043,┤Є┐│и╜,551,295,256,5041,2508,2533,584,266,318,"102Y12M"
65000,╖sе_ел,65000110,ж┴дю░╧,65000110-044,к°лCи╜,32,17,15,735,355,380,219,97,122,"102Y12M"
65000,╖sе_ел,65000110,ж┴дю░╧,65000110-045,║╓жwи╜,1336,696,640,4529,2126,2403,383,176,207,"102Y12M"
65000,╖sе_ел,65000110,ж┴дю░╧,65000110-046,иqдsи╜,736,379,357,3505,1690,1815,380,174,206,"102Y12M"
65000,╖sе_ел,65000110,ж┴дю░╧,65000110-047,л╪жии╜,806,435,371,4002,1859,2143,351,150,201,"102Y12M"
65000,╖sе_ел,65000110,ж┴дю░╧,65000110-048,л░дди╜,724,367,357,3510,1649,1861,407,164,243,"102Y12M"
65000,╖sе_ел,65000110,ж┴дю░╧,65000110-049,┤Є╜ми╜,204,110,94,1987,920,1067,262,110,152,"102Y12M"
65000,╖sе_ел,65000110,ж┴дю░╧,65000110-050,лO╖sи╜,289,154,135,2245,1094,1151,236,100,136,"102Y12M"
65000,╖sе_ел,65000120,╖чк┌░╧,65000120-001,└s╝ци╜,76,38,38,600,315,285,153,60,93,"102Y12M"
65000,╖sе_ел,65000120,╖чк┌░╧,65000120-002,└s┐│и╜,308,157,151,1642,810,832,328,144,184,"102Y12M"
65000,╖sе_ел,65000120,╖чк┌░╧,65000120-003,└s┬эи╜,145,87,58,1066,563,503,267,115,152,"102Y12M"
65000,╖sе_ел,65000120,╖чк┌░╧,65000120-004,└sдtи╜,265,128,137,1417,698,719,271,119,152,"102Y12M"
65000,╖sе_ел,65000120,╖чк┌░╧,65000120-005,└sдsи╜,170,85,85,1191,653,538,200,87,113,"102Y12M"
65000,╖sе_ел,65000120,╖чк┌░╧,65000120-006,└sжwи╜,90,43,47,571,292,279,95,41,54,"102Y12M"
65000,╖sе_ел,65000120,╖чк┌░╧,65000120-007,дЎФви╜,545,264,281,3168,1622,1546,660,273,387,"102Y12M"
65000,╖sе_ел,65000120,╖чк┌░╧,65000120-008,мaйWи╜,146,78,68,959,534,425,209,84,125,"102Y12M"
65000,╖sе_ел,65000120,╖чк┌░╧,65000120-009,кFйMи╜,283,144,139,1472,766,706,349,133,216,"102Y12M"
65000,╖sе_ел,65000120,╖чк┌░╧,65000120-010,дWд╤и╜,158,86,72,1139,625,514,221,90,131,"102Y12M"
65000,╖sе_ел,65000120,╖чк┌░╧,65000120-011,жN╝yи╜,175,90,85,1492,821,671,264,119,145,"102Y12M"
65000,╖sе_ел,65000120,╖чк┌░╧,65000120-012,жNжwи╜,385,214,171,2660,1372,1288,436,175,261,"102Y12M"
65000,╖sе_ел,65000120,╖чк┌░╧,65000120-013,│╟│╜и╜,290,143,147,1751,943,808,276,119,157,"102Y12M"
65000,╖sе_ел,65000120,╖чк┌░╧,65000120-014,╡U╓╗и╜,44,21,23,403,240,163,102,44,58,"102Y12M"
65000,╖sе_ел,65000120,╖чк┌░╧,65000120-015,е·┤_и╜,24,15,9,237,130,107,86,40,46,"102Y12M"
65000,╖sе_ел,65000120,╖чк┌░╧,65000120-016,д}╛Їи╜,23,13,10,272,159,113,49,25,24,"102Y12M"
65000,╖sе_ел,65000120,╖чк┌░╧,65000120-017,║╙дпи╜,4,0,4,105,65,40,35,15,20,"102Y12M"
65000,╖sе_ел,65000120,╖чк┌░╧,65000120-018,░Єдsи╜,60,27,33,384,225,159,108,43,65,"102Y12M"
65000,╖sе_ел,65000120,╖чк┌░╧,65000120-019,е├╝yи╜,31,20,11,359,200,159,122,56,66,"102Y12M"
65000,╖sе_ел,65000120,╖чк┌░╧,65000120-020,▒Rдхи╜,29,19,10,267,147,120,89,31,58,"102Y12M"
65000,╖sе_ел,65000120,╖чк┌░╧,65000120-021,║╓жэи╜,23,11,12,136,80,56,49,26,23,"102Y12M"
65000,╖sе_ел,65000120,╖чк┌░╧,65000120-022,╣|╝wи╜,26,16,10,251,149,102,113,39,74,"102Y12M"
65000,╖sе_ел,65000120,╖чк┌░╧,65000120-023,╖sдsи╜,18,11,7,301,175,126,112,50,62,"102Y12M"
65000,╖sе_ел,65000120,╖чк┌░╧,65000120-024,е╩дsи╜,9,4,5,148,80,68,59,32,27,"102Y12M"
65000,╖sе_ел,65000120,╖чк┌░╧,65000120-025,╗╔дsи╜,22,13,9,139,82,57,78,35,43,"102Y12M"
65000,╖sе_ел,65000120,╖чк┌░╧,65000120-026,е█дsи╜,20,8,12,266,150,116,115,56,59,"102Y12M"
65000,╖sе_ел,65000120,╖чк┌░╧,65000120-027,а╒╖sи╜,24,12,12,214,111,103,83,32,51,"102Y12M"
65000,╖sе_ел,65000120,╖чк┌░╧,65000120-028,а╒м}и╜,39,18,21,365,183,182,159,62,97,"102Y12M"
65000,╖sе_ел,65000120,╖чк┌░╧,65000120-029,о№└╪и╜,126,56,70,1044,497,547,178,67,111,"102Y12M"
65000,╖sе_ел,65000120,╖чк┌░╧,65000120-030,╖ч└╪и╜,263,149,114,1768,851,917,288,124,164,"102Y12M"
65000,╖sе_ел,65000120,╖чк┌░╧,65000120-031,▓`┐Dи╜,162,76,86,1062,532,530,204,87,117,"102Y12M"
65000,╖sе_ел,65000120,╖чк┌░╧,65000120-032,лn╢ои╜,23,9,14,225,116,109,42,18,24,"102Y12M"
65000,╖sе_ел,65000120,╖чк┌░╧,65000120-033,╗є└Yи╜,71,34,37,748,388,360,136,57,79,"102Y12M"
65000,╖sе_ел,65000120,╖чк┌░╧,65000120-034,╖sоpи╜,535,287,248,2757,1405,1352,363,147,216,"102Y12M"
65000,╖sе_ел,65000130,дgл░░╧,65000130-001,░ё╢эи╜,543,278,265,4523,2598,1925,410,252,158,"102Y12M"
65000,╖sе_ел,65000130,дgл░░╧,65000130-002,дgл░и╜,265,139,126,1663,820,843,241,115,126,"102Y12M"
65000,╖sе_ел,65000130,дgл░░╧,65000130-003,н√кLи╜,866,460,406,4845,2334,2511,535,252,283,"102Y12M"
65000,╖sе_ел,65000130,дgл░░╧,65000130-004,н√дпи╜,783,396,387,4615,2283,2332,450,218,232,"102Y12M"
65000,╖sе_ел,65000130,дgл░░╧,65000130-005,к°н╖и╜,276,139,137,1603,786,817,303,133,170,"102Y12M"
65000,╖sе_ел,65000130,дgл░░╧,65000130-006,дщ╖sи╜,633,323,310,3911,1913,1998,380,191,189,"102Y12M"
65000,╖sе_ел,65000130,дgл░░╧,65000130-007,дщйMи╜,841,444,397,4861,2388,2473,406,198,208,"102Y12M"
65000,╖sе_ел,65000130,дgл░░╧,65000130-008,│f─╟и╜,485,266,219,3429,1669,1760,266,142,124,"102Y12M"
65000,╖sе_ел,65000130,дgл░░╧,65000130-009,мaкLи╜,628,313,315,2619,1263,1356,225,111,114,"102Y12M"
65000,╖sе_ел,65000130,дgл░░╧,65000130-010,░ёкLи╜,1287,689,598,7213,3471,3742,475,210,265,"102Y12M"
65000,╖sе_ел,65000130,дgл░░╧,65000130-011,╖ч┐│и╜,419,220,199,2642,1283,1359,328,151,177,"102Y12M"
65000,╖sе_ел,65000130,дgл░░╧,65000130-012,▓MдЇи╜,1160,585,575,6936,3344,3592,453,243,210,"102Y12M"
65000,╖sе_ел,65000130,дgл░░╧,65000130-013,▓MйMи╜,826,447,379,5359,2743,2616,442,214,228,"102Y12M"
65000,╖sе_ел,65000130,дgл░░╧,65000130-014,е├┬╫и╜,769,415,354,3630,1790,1840,312,147,165,"102Y12M"
65000,╖sе_ел,65000130,дgл░░╧,65000130-015,▓Mд╞и╜,187,96,91,1374,734,640,185,92,93,"102Y12M"
65000,╖sе_ел,65000130,дgл░░╧,65000130-016,▓M╖╦и╜,991,501,490,5744,2816,2928,619,323,296,"102Y12M"
65000,╖sе_ел,65000130,дgл░░╧,65000130-017,Фвз╩и╜,1049,585,464,6426,3123,3303,428,208,220,"102Y12M"
65000,╖sе_ел,65000130,дgл░░╧,65000130-018,енйMи╜,977,516,461,6009,2950,3059,400,190,210,"102Y12M"
65000,╖sе_ел,65000130,дgл░░╧,65000130-019,з╩╝dи╜,787,389,398,4047,2009,2038,316,166,150,"102Y12M"
65000,╖sе_ел,65000130,дgл░░╧,65000130-020,дjжwи╜,639,333,306,3941,1991,1950,443,229,214,"102Y12M"
65000,╖sе_ел,65000130,дgл░░╧,65000130-021,е├╣чи╜,1313,696,617,6825,3389,3436,643,325,318,"102Y12M"
65000,╖sе_ел,65000130,дgл░░╧,65000130-022,иKл@и╜,661,354,307,3613,1848,1765,336,168,168,"102Y12M"
65000,╖sе_ел,65000130,дgл░░╧,65000130-023,│╗оHи╜,765,396,369,4070,2025,2045,412,205,207,"102Y12M"
65000,╖sе_ел,65000130,дgл░░╧,65000130-024,│╗║╓и╜,833,424,409,4020,2066,1954,544,263,281,"102Y12M"
65000,╖sе_ел,65000130,дgл░░╧,65000130-025,│╗╖sи╜,485,236,249,2032,988,1044,240,112,128,"102Y12M"
65000,╖sе_ел,65000130,дgл░░╧,65000130-026,пке╨и╜,228,112,116,1406,731,675,159,77,82,"102Y12M"
65000,╖sе_ел,65000130,дgл░░╧,65000130-027,╝╓зQи╜,678,367,311,4707,2292,2415,318,137,181,"102Y12M"
65000,╖sе_ел,65000130,дgл░░╧,65000130-028,╝s║╓и╜,835,440,395,4894,2374,2520,322,166,156,"102Y12M"
65000,╖sе_ел,65000130,дgл░░╧,65000130-029,╛╟й▓и╜,492,247,245,3114,1499,1615,200,90,110,"102Y12M"
65000,╖sе_ел,65000130,дgл░░╧,65000130-030,й╡╣╪и╜,609,331,278,3876,1935,1941,313,159,154,"102Y12M"
65000,╖sе_ел,65000130,дgл░░╧,65000130-031,жwйMи╜,705,367,338,4354,2136,2218,284,131,153,"102Y12M"
65000,╖sе_ел,65000130,дgл░░╧,65000130-032,лC╢│и╜,501,259,242,2506,1224,1282,282,137,145,"102Y12M"
65000,╖sе_ел,65000130,дgл░░╧,65000130-033,н√║╓и╜,662,350,312,4622,2321,2301,474,238,236,"102Y12M"
65000,╖sе_ел,65000130,дgл░░╧,65000130-034,й╡жNи╜,606,328,278,3767,1925,1842,341,161,180,"102Y12M"
65000,╖sе_ел,65000130,дgл░░╧,65000130-035,┤_┐│и╜,608,312,296,3935,1942,1993,329,170,159,"102Y12M"
65000,╖sе_ел,65000130,дgл░░╧,65000130-036,╕╬е═и╜,861,443,418,4622,2288,2334,424,193,231,"102Y12M"
65000,╖sе_ел,65000130,дgл░░╧,65000130-037,н√лHи╜,510,278,232,3763,1831,1932,358,178,180,"102Y12M"
65000,╖sе_ел,65000130,дgл░░╧,65000130-038,е├┤Iи╜,804,414,390,4467,2223,2244,311,147,164,"102Y12M"
65000,╖sе_ел,65000130,дgл░░╧,65000130-039,╛╟жии╜,397,213,184,2828,1389,1439,195,91,104,"102Y12M"
65000,╖sе_ел,65000130,дgл░░╧,65000130-040,й╡йMи╜,993,517,476,5515,2626,2889,388,183,205,"102Y12M"
65000,╖sе_ел,65000130,дgл░░╧,65000130-041,дде┐и╜,525,271,254,2764,1272,1492,208,90,118,"102Y12M"
65000,╖sе_ел,65000130,дgл░░╧,65000130-042,╛╟дhи╜,874,474,400,4013,1898,2115,283,137,146,"102Y12M"
65000,╖sе_ел,65000130,дgл░░╧,65000130-043,й·╝wи╜,871,453,418,4798,2223,2575,302,129,173,"102Y12M"
65000,╖sе_ел,65000130,дgл░░╧,65000130-044,╝s┐│и╜,536,286,250,2877,1340,1537,217,98,119,"102Y12M"
65000,╖sе_ел,65000130,дgл░░╧,65000130-045,лCдsи╜,411,201,210,2599,1314,1285,263,145,118,"102Y12M"
65000,╖sе_ел,65000130,дgл░░╧,65000130-046,кўл░и╜,1015,526,489,5108,2422,2686,347,156,191,"102Y12M"
65000,╖sе_ел,65000130,дgл░░╧,65000130-047,й╡╕Sи╜,665,355,310,3525,1763,1762,284,140,144,"102Y12M"
65000,╖sе_ел,65000140,─кмw░╧,65000140-001,е┐╕qи╜,3337,1751,1586,8687,4001,4686,533,261,272,"102Y12M"
65000,╖sе_ел,65000140,─кмw░╧,65000140-002,ддньи╜,960,510,450,4371,2077,2294,354,166,188,"102Y12M"
65000,╖sе_ел,65000140,─кмw░╧,65000140-003,дд╕Їи╜,645,350,295,3280,1675,1605,309,136,173,"102Y12M"
65000,╖sе_ел,65000140,─кмw░╧,65000140-004,е·╡╪и╜,749,396,353,4291,2064,2227,440,187,253,"102Y12M"
65000,╖sе_ел,65000140,─кмw░╧,65000140-005,лOжЎи╜,582,309,273,3107,1531,1576,385,178,207,"102Y12M"
65000,╖sе_ел,65000140,─кмw░╧,65000140-006,дЇ┘їи╜,1853,968,885,8682,4200,4482,642,301,341,"102Y12M"
65000,╖sе_ел,65000140,─кмw░╧,65000140-007,╝╙нэи╜,902,489,413,5212,2511,2701,427,205,222,"102Y12M"
65000,╖sе_ел,65000140,─кмw░╧,65000140-008,╞Oж┐и╜,857,438,419,4569,2219,2350,399,183,216,"102Y12M"
65000,╖sе_ел,65000140,─кмw░╧,65000140-009,лэ╝wи╜,840,445,395,5065,2503,2562,578,252,326,"102Y12M"
65000,╖sе_ел,65000140,─кмw░╧,65000140-010,╖╦сYи╜,450,237,213,2688,1325,1363,357,151,206,"102Y12M"
65000,╖sе_ел,65000140,─кмw░╧,65000140-011,╛Ё╝wи╜,456,230,226,2772,1386,1386,339,157,182,"102Y12M"
65000,╖sе_ел,65000140,─кмw░╧,65000140-012,лOйMи╜,408,205,203,2241,1114,1127,249,113,136,"102Y12M"
65000,╖sе_ел,65000140,─кмw░╧,65000140-013,дп┤_и╜,334,163,171,1773,871,902,250,116,134,"102Y12M"
65000,╖sе_ел,65000140,─кмw░╧,65000140-014,▒o│╙и╜,438,212,226,2685,1331,1354,439,184,255,"102Y12M"
65000,╖sе_ел,65000140,─кмw░╧,65000140-015,лn┤фи╜,1072,579,493,4884,2368,2516,336,146,190,"102Y12M"
65000,╖sе_ел,65000140,─кмw░╧,65000140-016,е├╝╓и╜,1208,645,563,5208,2559,2649,375,175,200,"102Y12M"
65000,╖sе_ел,65000140,─кмw░╧,65000140-017,е├▒dи╜,1174,598,576,5702,2741,2961,344,151,193,"102Y12M"
65000,╖sе_ел,65000140,─кмw░╧,65000140-018,лH╕qи╜,528,278,250,3428,1706,1722,300,146,154,"102Y12M"
65000,╖sе_ел,65000140,─кмw░╧,65000140-019,е╔▓Mи╜,880,478,402,4728,2272,2456,402,173,229,"102Y12M"
65000,╖sе_ел,65000140,─кмw░╧,65000140-020,┤_┐│и╜,559,294,265,2979,1458,1521,241,114,127,"102Y12M"
65000,╖sе_ел,65000140,─кмw░╧,65000140-021,дЇкeи╜,1434,765,669,7853,3830,4023,564,254,310,"102Y12M"
65000,╖sе_ел,65000140,─кмw░╧,65000140-022,дп╖Rи╜,815,424,391,4616,2275,2341,315,151,164,"102Y12M"
65000,╖sе_ел,65000140,─кмw░╧,65000140-023,й╛╕qи╜,507,289,218,2728,1297,1431,223,99,124,"102Y12M"
65000,╖sе_ел,65000140,─кмw░╧,65000140-024,дE╦|и╜,835,449,386,4498,2231,2267,355,162,193,"102Y12M"
65000,╖sе_ел,65000140,─кмw░╧,65000140-025,дд╡╪и╜,427,214,213,2705,1350,1355,345,163,182,"102Y12M"
65000,╖sе_ел,65000140,─кмw░╧,65000140-026,▒oдпи╜,440,207,233,2577,1288,1289,278,132,146,"102Y12M"
65000,╖sе_ел,65000140,─кмw░╧,65000140-027,дп╝wи╜,803,428,375,4729,2340,2389,394,195,199,"102Y12M"
65000,╖sе_ел,65000140,─кмw░╧,65000140-028,дп╕qи╜,508,257,251,4103,2245,1858,319,163,156,"102Y12M"
65000,╖sе_ел,65000140,─кмw░╧,65000140-029,е·й·и╜,822,438,384,4078,2022,2056,325,147,178,"102Y12M"
65000,╖sе_ел,65000140,─кмw░╧,65000140-030,лO╖sи╜,372,219,153,2224,1112,1112,240,110,130,"102Y12M"
65000,╖sе_ел,65000140,─кмw░╧,65000140-031,к°жwи╜,815,425,390,4425,2211,2214,297,128,169,"102Y12M"
65000,╖sе_ел,65000140,─кмw░╧,65000140-032,е┴йMи╜,380,197,183,2248,1137,1111,315,145,170,"102Y12M"
65000,╖sе_ел,65000140,─кмw░╧,65000140-033,й╛з╡и╜,329,180,149,2122,1055,1067,137,63,74,"102Y12M"
65000,╖sе_ел,65000140,─кмw░╧,65000140-034,║╓жwи╜,440,244,196,2717,1323,1394,198,80,118,"102Y12M"
65000,╖sе_ел,65000140,─кмw░╧,65000140-035,е├жwи╜,721,364,357,4230,2078,2152,338,156,182,"102Y12M"
65000,╖sе_ел,65000140,─кмw░╧,65000140-036,й╡ени╜,651,337,314,3508,1709,1799,229,105,124,"102Y12M"
65000,╖sе_ел,65000140,─кмw░╧,65000140-037,жие\и╜,1231,612,619,6279,3053,3226,376,155,221,"102Y12M"
65000,╖sе_ел,65000140,─кмw░╧,65000140-038,е├╝wи╜,645,349,296,3832,1885,1947,248,109,139,"102Y12M"
65000,╖sе_ел,65000150,днк╤░╧,65000150-001,┐│м├и╜,626,336,290,4242,2166,2076,418,222,196,"102Y12M"
65000,╖sе_ел,65000150,днк╤░╧,65000150-002,зє╝dи╜,140,71,69,996,534,462,181,82,99,"102Y12M"
65000,╖sе_ел,65000150,днк╤░╧,65000150-003,╢░║╓и╜,562,296,266,3148,1562,1586,317,164,153,"102Y12M"
65000,╖sе_ел,65000150,днк╤░╧,65000150-004,╞[н╡и╜,195,107,88,1137,619,518,240,122,118,"102Y12M"
65000,╖sе_ел,65000150,днк╤░╧,65000150-005,жиж{и╜,934,508,426,4718,2406,2312,462,224,238,"102Y12M"
65000,╖sе_ел,65000150,днк╤░╧,65000150-006,жие\и╜,916,477,439,4466,2263,2203,300,159,141,"102Y12M"
65000,╖sе_ел,65000150,днк╤░╧,65000150-007,дн└sи╜,255,145,110,1190,650,540,201,96,105,"102Y12M"
65000,╖sе_ел,65000150,днк╤░╧,65000150-008,днк╤и╜,634,325,309,3560,1839,1721,435,201,234,"102Y12M"
65000,╖sе_ел,65000150,днк╤░╧,65000150-009,дн║╓и╜,587,293,294,3065,1573,1492,247,119,128,"102Y12M"
65000,╖sе_ел,65000150,днк╤░╧,65000150-010,╝wн╡и╜,871,463,408,4362,2137,2225,308,136,172,"102Y12M"
65000,╖sе_ел,65000150,днк╤░╧,65000150-011,│░д@и╜,256,125,131,1487,767,720,674,314,360,"102Y12M"
65000,╖sе_ел,65000150,днк╤░╧,65000150-012,╢T░╙и╜,482,236,246,2130,1060,1070,578,270,308,"102Y12M"
65000,╖sе_ел,65000150,днк╤░╧,65000150-013,╝wоїи╜,725,385,340,3637,1757,1880,262,113,149,"102Y12M"
65000,╖sе_ел,65000150,днк╤░╧,65000150-014,жи╝wи╜,397,214,183,2321,1171,1150,299,143,156,"102Y12M"
65000,╖sе_ел,65000150,днк╤░╧,65000150-015,д╗║╓и╜,547,289,258,3150,1544,1606,212,94,118,"102Y12M"
65000,╖sе_ел,65000150,днк╤░╧,65000150-016,╢░╜хи╜,620,319,301,3204,1605,1599,271,132,139,"102Y12M"
65000,╖sе_ел,65000150,днк╤░╧,65000150-017,е┴╕qи╜,526,265,261,2680,1348,1332,297,127,170,"102Y12M"
65000,╖sе_ел,65000150,днк╤░╧,65000150-018,жиоїи╜,928,481,447,4502,2290,2212,351,167,184,"102Y12M"
65000,╖sе_ел,65000150,днк╤░╧,65000150-019,дЇ╕Pи╜,1213,656,557,6507,3224,3283,523,253,270,"102Y12M"
65000,╖sе_ел,65000150,днк╤░╧,65000150-020,║╓╝wи╜,525,285,240,2505,1258,1247,222,105,117,"102Y12M"
65000,╖sе_ел,65000160,оїдs░╧,65000160-001,дjмьи╜,172,95,77,749,405,344,128,57,71,"102Y12M"
65000,╖sе_ел,65000160,оїдs░╧,65000160-002,╛дй·и╜,663,337,326,2852,1411,1441,286,144,142,"102Y12M"
65000,╖sе_ел,65000160,оїдs░╧,65000160-003,дs╕}и╜,1063,562,501,5589,2780,2809,525,239,286,"102Y12M"
65000,╖sе_ел,65000160,оїдs░╧,65000160-004,║╓оїи╜,439,231,208,2268,1166,1102,342,163,179,"102Y12M"
65000,╖sе_ел,65000160,оїдs░╧,65000160-005,╖м╛Ёи╜,747,398,349,3517,1763,1754,434,211,223,"102Y12M"
65000,╖sе_ел,65000160,оїдs░╧,65000160-006,жP║aи╜,666,360,306,3411,1674,1737,379,175,204,"102Y12M"
65000,╖sе_ел,65000160,оїдs░╧,65000160-007,╕q╛╟и╜,781,405,376,3751,1893,1858,338,157,181,"102Y12M"
65000,╖sе_ел,65000160,оїдs░╧,65000160-008,й·з╙и╜,462,242,220,3206,1564,1642,280,139,141,"102Y12M"
65000,╖sе_ел,65000160,оїдs░╧,65000160-009,╢Qдlи╜,584,324,260,3187,1608,1579,365,173,192,"102Y12M"
65000,╖sе_ел,65000160,оїдs░╧,65000160-010,╢QйMи╜,751,370,381,4147,2082,2065,387,210,177,"102Y12M"
65000,╖sе_ел,65000160,оїдs░╧,65000160-011,жP┐│и╜,833,418,415,3043,1469,1574,327,169,158,"102Y12M"
65000,╖sе_ел,65000160,оїдs░╧,65000160-012,╕qдпи╜,1376,731,645,6029,2996,3033,468,237,231,"102Y12M"
65000,╖sе_ел,65000160,оїдs░╧,65000160-013,оїд═и╜,289,136,153,1921,951,970,192,96,96,"102Y12M"
65000,╖sе_ел,65000160,оїдs░╧,65000160-014,╖sй·и╜,520,292,228,2910,1408,1502,239,122,117,"102Y12M"
65000,╖sе_ел,65000160,оїдs░╧,65000160-015,╢Q╜хи╜,523,262,261,3101,1515,1586,357,192,165,"102Y12M"
65000,╖sе_ел,65000160,оїдs░╧,65000160-016,║╓┐│и╜,706,361,345,2918,1416,1502,330,156,174,"102Y12M"
65000,╖sе_ел,65000160,оїдs░╧,65000160-017,е■┐│и╜,2197,1149,1048,6832,3290,3542,359,175,184,"102Y12M"
65000,╖sе_ел,65000170,кLдf░╧,65000170-001,кFкLи╜,705,374,331,3579,1808,1771,413,208,205,"102Y12M"
65000,╖sе_ел,65000170,кLдf░╧,65000170-002,кLдfи╜,846,421,425,4321,2153,2168,448,206,242,"102Y12M"
65000,╖sе_ел,65000170,кLдf░╧,65000170-003,жшкLи╜,1506,813,693,6869,3392,3477,653,312,341,"102Y12M"
65000,╖sе_ел,65000170,кLдf░╧,65000170-004,╡╫┤Єи╜,728,365,363,3636,1820,1816,447,210,237,"102Y12M"
65000,╖sе_ел,65000170,кLдf░╧,65000170-005,дд┤Єи╜,712,380,332,2720,1376,1344,350,168,182,"102Y12M"
65000,╖sе_ел,65000170,кLдf░╧,65000170-006,┤Єе_и╜,265,138,127,1265,673,592,182,92,90,"102Y12M"
65000,╖sе_ел,65000170,кLдf░╧,65000170-007,┤Єлnи╜,3645,1896,1749,11969,5623,6346,1022,498,524,"102Y12M"
65000,╖sе_ел,65000170,кLдf░╧,65000170-008,лn╢╒и╜,2518,1328,1190,10299,4825,5474,869,442,427,"102Y12M"
65000,╖sе_ел,65000170,кLдf░╧,65000170-009,кF╢╒и╜,1163,617,546,5045,2446,2599,488,228,260,"102Y12M"
65000,╖sе_ел,65000170,кLдf░╧,65000170-010,│╗║╓и╜,173,96,77,900,503,397,203,103,100,"102Y12M"
65000,╖sе_ел,65000170,кLдf░╧,65000170-011,дU║╓и╜,236,122,114,1039,544,495,197,97,100,"102Y12M"
65000,╖sе_ел,65000170,кLдf░╧,65000170-012,╣┼─_и╜,184,88,96,783,415,368,144,76,68,"102Y12M"
65000,╖sе_ел,65000170,кLдf░╧,65000170-013,╖чени╜,156,89,67,713,392,321,124,64,60,"102Y12M"
65000,╖sе_ел,65000170,кLдf░╧,65000170-014,д╙ени╜,277,154,123,1252,635,617,184,87,97,"102Y12M"
65000,╖sе_ел,65000170,кLдf░╧,65000170-015,дп╖Rи╜,1396,730,666,5091,2359,2732,457,200,257,"102Y12M"
65000,╖sе_ел,65000170,кLдf░╧,65000170-016,─RкLи╜,2400,1265,1135,6680,3069,3611,427,194,233,"102Y12M"
65000,╖sе_ел,65000170,кLдf░╧,65000170-017,─R╢щи╜,689,367,322,3420,1644,1776,320,134,186,"102Y12M"
65000,╖sе_ел,65000180,▓`з|░╧,65000180-001,▓`з|и╜,493,254,239,2742,1370,1372,324,135,189,"102Y12M"
65000,╖sе_ел,65000180,▓`з|░╧,65000180-002,╕U╢╢и╜,251,135,116,2012,1021,991,255,121,134,"102Y12M"
65000,╖sе_ел,65000180,▓`з|░╧,65000180-003,дgоwи╜,407,209,198,2474,1232,1242,315,147,168,"102Y12M"
65000,╖sе_ел,65000180,▓`з|░╧,65000180-004,к@░ки╜,213,110,103,1739,909,830,255,133,122,"102Y12M"
65000,╖sе_ел,65000180,▓`з|░╧,65000180-005,к№мXи╜,80,47,33,483,275,208,90,45,45,"102Y12M"
65000,╖sе_ел,65000180,▓`з|░╧,65000180-006,оH╖sи╜,881,473,408,5116,2469,2647,445,200,245,"102Y12M"
65000,╖sе_ел,65000180,▓`з|░╧,65000180-007,╕U║╓и╜,268,138,130,2194,1123,1071,315,151,164,"102Y12M"
65000,╖sе_ел,65000180,▓`з|░╧,65000180-008,┐реЄи╜,253,144,109,1766,903,863,251,121,130,"102Y12M"
65000,╖sе_ел,65000190,е█▐ф░╧,65000190-001,е█▐фи╜,47,24,23,347,208,139,75,29,46,"102Y12M"
65000,╖sе_ел,65000190,е█▐ф░╧,65000190-002,╝ц├фи╜,96,46,50,636,363,273,156,68,88,"102Y12M"
65000,╖sе_ел,65000190,е█▐ф░╧,65000190-003,╢й▓▒и╜,105,52,53,615,353,262,132,72,60,"102Y12M"
65000,╖sе_ел,65000190,е█▐ф░╧,65000190-004,пQ╢юи╜,47,29,18,559,329,230,175,86,89,"102Y12M"
65000,╖sе_ел,65000190,е█▐ф░╧,65000190-005,┤^дsи╜,34,14,20,255,143,112,69,35,34,"102Y12M"
65000,╖sе_ел,65000190,е█▐ф░╧,65000190-006,┬╫е╨и╜,45,26,19,299,185,114,106,57,49,"102Y12M"
65000,╖sе_ел,65000190,е█▐ф░╧,65000190-007,е├йwи╜,103,55,48,504,286,218,117,46,71,"102Y12M"
65000,╖sе_ел,65000190,е█▐ф░╧,65000190-008,дде┴и╜,109,64,45,618,373,245,152,56,96,"102Y12M"
65000,╖sе_ел,65000190,е█▐ф░╧,65000190-009,е·й·и╜,15,10,5,186,116,70,71,36,35,"102Y12M"
65000,╖sе_ел,65000190,е█▐ф░╧,65000190-010,┬╫кLи╜,30,14,16,224,131,93,44,20,24,"102Y12M"
65000,╖sе_ел,65000190,е█▐ф░╧,65000190-011,е├жwи╜,108,54,54,576,298,278,145,74,71,"102Y12M"
65000,╖sе_ел,65000190,е█▐ф░╧,65000190-012,оц└Yи╜,133,67,66,730,410,320,185,99,86,"102Y12M"
65000,╖sе_ел,65000200,йWкL░╧,65000200-001,▓╩╕]и╜,74,38,36,649,400,249,210,101,109,"102Y12M"
65000,╖sе_ел,65000200,йWкL░╧,65000200-002,йWкLи╜,161,90,71,961,541,420,233,110,123,"102Y12M"
65000,╖sе_ел,65000200,йWкL░╧,65000200-003,дjкLи╜,120,63,57,874,515,359,274,156,118,"102Y12M"
65000,╖sе_ел,65000200,йWкL░╧,65000200-004,е█б╜и╜,32,15,17,303,172,131,117,54,63,"102Y12M"
65000,╖sе_ел,65000200,йWкL░╧,65000200-005,дW╝wи╜,93,57,36,605,360,245,173,85,88,"102Y12M"
65000,╖sе_ел,65000200,йWкL░╧,65000200-006,дЇ╝wи╜,68,37,31,477,268,209,142,71,71,"102Y12M"
65000,╖sе_ел,65000200,йWкL░╧,65000200-007,║ое·и╜,55,26,29,598,340,258,241,122,119,"102Y12M"
65000,╖sе_ел,65000210,дTк█░╧,65000210-001,дK╜хи╜,48,17,31,271,158,113,81,48,33,"102Y12M"
65000,╖sе_ел,65000210,дTк█░╧,65000210-002,оH└Yи╜,724,367,357,4263,2087,2176,476,200,276,"102Y12M"
65000,╖sе_ел,65000210,дTк█░╧,65000210-003,еj╔▄и╜,118,71,47,830,456,374,187,91,96,"102Y12M"
65000,╖sе_ел,65000210,дTк█░╧,65000210-004,╖s╔▄и╜,122,60,62,712,393,319,180,92,88,"102Y12M"
65000,╖sе_ел,65000210,дTк█░╧,65000210-005,оHйWи╜,1100,558,542,5660,2850,2810,758,364,394,"102Y12M"
65000,╖sе_ел,65000210,дTк█░╧,65000210-006,нZк°и╜,65,37,28,504,272,232,96,38,58,"102Y12M"
65000,╖sе_ел,65000210,дTк█░╧,65000210-007,╛юдsи╜,44,25,19,425,248,177,136,77,59,"102Y12M"
65000,╖sе_ел,65000210,дTк█░╧,65000210-008,┐№кOи╜,65,32,33,580,356,224,190,101,89,"102Y12M"
65000,╖sе_ел,65000210,дTк█░╧,65000210-009,лснэи╜,177,100,77,1669,844,825,362,183,179,"102Y12M"
65000,╖sе_ел,65000210,дTк█░╧,65000210-010,║╓╝wи╜,104,48,56,652,337,315,136,67,69,"102Y12M"
65000,╖sе_ел,65000210,дTк█░╧,65000210-011,╢ъдsи╜,75,46,29,461,270,191,108,54,54,"102Y12M"
65000,╖sе_ел,65000210,дTк█░╧,65000210-012,й▒дlи╜,50,23,27,499,286,213,153,79,74,"102Y12M"
65000,╖sе_ел,65000210,дTк█░╧,65000210-013,┐│╡╪и╜,143,75,68,1020,572,448,220,111,109,"102Y12M"
65000,╖sе_ел,65000220,е█к∙░╧,65000220-001,╝wнZи╜,193,99,94,1014,555,459,163,85,78,"102Y12M"
65000,╖sе_ел,65000220,е█к∙░╧,65000220-002,┤I░Єи╜,234,111,123,1226,631,595,215,108,107,"102Y12M"
65000,╖sе_ел,65000220,е█к∙░╧,65000220-003,ж╤▒Ўи╜,344,176,168,1909,968,941,351,179,172,"102Y12M"
65000,╖sе_ел,65000220,е█к∙░╧,65000220-004,дs╖╦и╜,128,68,60,776,435,341,167,91,76,"102Y12M"
65000,╖sе_ел,65000220,е█к∙░╧,65000220-005,е█к∙и╜,270,149,121,1362,685,677,256,123,133,"102Y12M"
65000,╖sе_ел,65000220,е█к∙░╧,65000220-006,жy│└и╜,270,151,119,1386,719,667,216,104,112,"102Y12M"
65000,╖sе_ел,65000220,е█к∙░╧,65000220-007,░о╡╪и╜,26,16,10,288,168,120,79,43,36,"102Y12M"
65000,╖sе_ел,65000220,е█к∙░╧,65000220-008,нZкLи╜,65,37,28,593,315,278,110,53,57,"102Y12M"
65000,╖sе_ел,65000220,е█к∙░╧,65000220-009,пєи╜и╜,182,85,97,838,436,402,133,68,65,"102Y12M"
65000,╖sе_ел,65000230,дKи╜░╧,65000230-001,└s╖╜и╜,642,344,298,5617,2754,2863,621,289,332,"102Y12M"
65000,╖sе_ел,65000230,дKи╜░╧,65000230-002,ж╠н▄и╜,397,209,188,2657,1383,1274,376,176,200,"102Y12M"
65000,╖sе_ел,65000230,дKи╜░╧,65000230-003,дjоrи╜,465,236,229,2198,1143,1055,269,139,130,"102Y12M"
65000,╖sе_ел,65000230,дKи╜░╧,65000230-004,░ё└Yи╜,564,290,274,3019,1518,1501,365,167,198,"102Y12M"
65000,╖sе_ел,65000230,дKи╜░╧,65000230-005,│╗п╦и╜,265,142,123,1536,739,797,160,81,79,"102Y12M"
65000,╖sе_ел,65000230,дKи╜░╧,65000230-006,┬┬л░и╜,1065,554,511,5764,2830,2934,490,227,263,"102Y12M"
65000,╖sе_ел,65000230,дKи╜░╧,65000230-007,░T╢эи╜,680,354,326,3423,1732,1691,358,161,197,"102Y12M"
65000,╖sе_ел,65000230,дKи╜░╧,65000230-008,╙yжщи╜,311,158,153,1495,787,708,196,90,106,"102Y12M"
65000,╖sе_ел,65000230,дKи╜░╧,65000230-009,к°з|и╜,203,97,106,1218,673,545,217,107,110,"102Y12M"
65000,╖sе_ел,65000230,дKи╜░╧,65000230-010,дUп╦и╜,260,125,135,1187,625,562,183,88,95,"102Y12M"
65000,╖sе_ел,65000240,ен╖╦░╧,65000240-001,┴ж╖}и╜,34,19,15,302,184,118,118,49,69,"102Y12M"
65000,╖sе_ел,65000240,ен╖╦░╧,65000240-002,╡╫офи╜,27,13,14,212,130,82,64,22,42,"102Y12M"
65000,╖sе_ел,65000240,ен╖╦░╧,65000240-003,е╒е█и╜,13,5,8,210,132,78,53,26,27,"102Y12M"
65000,╖sе_ел,65000240,ен╖╦░╧,65000240-004,е█й│и╜,36,20,16,351,214,137,147,58,89,"102Y12M"
65000,╖sе_ел,65000240,ен╖╦░╧,65000240-005,ен╖╦и╜,29,15,14,191,113,78,68,27,41,"102Y12M"
65000,╖sе_ел,65000240,ен╖╦░╧,65000240-006,└н╕}и╜,50,29,21,499,297,202,183,76,107,"102Y12M"
65000,╖sе_ел,65000240,ен╖╦░╧,65000240-007,кF╢╒и╜,21,11,10,324,199,125,131,65,66,"102Y12M"
65000,╖sе_ел,65000240,ен╖╦░╧,65000240-008,▒цеjи╜,10,5,5,118,72,46,48,20,28,"102Y12M"
65000,╖sе_ел,65000240,ен╖╦░╧,65000240-009,лnдsи╜,17,12,5,270,178,92,126,48,78,"102Y12M"
65000,╖sе_ел,65000240,ен╖╦░╧,65000240-010,ен┤Єи╜,11,6,5,104,68,36,54,28,26,"102Y12M"
65000,╖sе_ел,65000240,ен╖╦░╧,65000240-011,дQд└и╜,102,41,61,615,377,238,287,111,176,"102Y12M"
65000,╖sе_ел,65000240,ен╖╦░╧,65000240-012,╖s╝dи╜,9,3,6,113,74,39,55,29,26,"102Y12M"
65000,╖sе_ел,65000250,┬∙╖╦░╧,65000250-001,┬∙╖╦и╜,53,25,28,351,184,167,132,53,79,"102Y12M"
65000,╖sе_ел,65000250,┬∙╖╦░╧,65000250-002,ж@йMи╜,47,24,23,346,197,149,103,46,57,"102Y12M"
65000,╖sе_ел,65000250,┬∙╖╦░╧,65000250-003,╖s░Єи╜,111,61,50,633,359,274,219,110,109,"102Y12M"
65000,╖sе_ел,65000250,┬∙╖╦░╧,65000250-004,│╜жци╜,63,31,32,584,339,245,185,89,96,"102Y12M"
65000,╖sе_ел,65000250,┬∙╖╦░╧,65000250-005,дT┤фи╜,31,17,14,320,195,125,136,67,69,"102Y12M"
65000,╖sе_ел,65000250,┬∙╖╦░╧,65000250-006,иdджи╜,186,89,97,1354,759,595,433,176,257,"102Y12M"
65000,╖sе_ел,65000250,┬∙╖╦░╧,65000250-007,дT╢Iи╜,24,11,13,268,148,120,81,38,43,"102Y12M"
65000,╖sе_ел,65000250,┬∙╖╦░╧,65000250-008,енкLи╜,103,48,55,796,449,347,217,94,123,"102Y12M"
65000,╖sе_ел,65000250,┬∙╖╦░╧,65000250-009,дWкLи╜,63,32,31,503,310,193,184,74,110,"102Y12M"
65000,╖sе_ел,65000250,┬∙╖╦░╧,65000250-010,е~мaи╜,35,16,19,359,226,133,122,50,72,"102Y12M"
65000,╖sе_ел,65000250,┬∙╖╦░╧,65000250-011,к°╖╜и╜,44,21,23,277,166,111,119,52,67,"102Y12M"
65000,╖sе_ел,65000250,┬∙╖╦░╧,65000250-012,оїени╜,75,43,32,674,362,312,181,104,77,"102Y12M"
65000,╖sе_ел,65000260,░^╝d░╧,65000260-001,░^╝dи╜,89,42,47,712,379,333,237,112,125,"102Y12M"
65000,╖sе_ел,65000260,░^╝d░╧,65000260-002,жNкLи╜,34,18,16,367,236,131,110,60,50,"102Y12M"
65000,╖sе_ел,65000260,░^╝d░╧,65000260-003,┬∙е╔и╜,71,36,35,579,333,246,207,101,106,"102Y12M"
65000,╖sе_ел,65000260,░^╝d░╧,65000260-004,└s▒^и╜,30,16,14,313,186,127,107,56,51,"102Y12M"
65000,╖sе_ел,65000260,░^╝d░╧,65000260-005,└sк∙и╜,67,30,37,554,289,265,165,81,84,"102Y12M"
65000,╖sе_ел,65000260,░^╝d░╧,65000260-006,║╓╢йи╜,196,97,99,1376,692,684,408,178,230,"102Y12M"
65000,╖sе_ел,65000260,░^╝d░╧,65000260-007,дпи╜и╜,276,144,132,1530,786,744,312,146,166,"102Y12M"
65000,╖sе_ел,65000260,░^╝d░╧,65000260-008,пu▓zи╜,253,132,121,1866,929,937,383,158,225,"102Y12M"
65000,╖sе_ел,65000260,░^╝d░╧,65000260-009,║╓│sи╜,58,35,23,763,364,399,176,73,103,"102Y12M"
65000,╖sе_ел,65000260,░^╝d░╧,65000260-010,м№┬╫и╜,87,49,38,580,351,229,220,107,113,"102Y12M"
65000,╖sе_ел,65000260,░^╝d░╧,65000260-011,йMм№и╜,122,68,54,847,443,404,211,93,118,"102Y12M"
65000,╖sе_ел,65000270,кўдs░╧,65000270-001,йMени╜,67,32,35,385,192,193,101,40,61,"102Y12M"
65000,╖sе_ел,65000270,кўдs░╧,65000270-002,дjжPи╜,85,39,46,604,291,313,139,62,77,"102Y12M"
65000,╖sе_ел,65000270,кўдs░╧,65000270-003,┬╫║ои╜,71,33,38,417,218,199,94,44,50,"102Y12M"
65000,╖sе_ел,65000270,кўдs░╧,65000270-004,┴D┤фи╜,279,153,126,1546,769,777,274,125,149,"102Y12M"
65000,╖sе_ел,65000270,кўдs░╧,65000270-005,м№е╨и╜,739,393,346,3475,1637,1838,378,168,210,"102Y12M"
65000,╖sе_ел,65000270,кўдs░╧,65000270-006,дн┤Єи╜,255,135,120,1494,769,725,245,121,124,"102Y12M"
65000,╖sе_ел,65000270,кўдs░╧,65000270-007,нлйMи╜,124,67,57,1065,540,525,215,105,110,"102Y12M"
65000,╖sе_ел,65000270,кўдs░╧,65000270-008,ит┤Єи╜,56,23,33,316,166,150,86,49,37,"102Y12M"
65000,╖sе_ел,65000270,кўдs░╧,65000270-009,д╗к╤и╜,84,54,30,547,312,235,119,57,62,"102Y12M"
65000,╖sе_ел,65000270,кўдs░╧,65000270-010,дTм╔и╜,75,39,36,530,252,278,141,69,72,"102Y12M"
65000,╖sе_ел,65000270,кўдs░╧,65000270-011,▓Mмuи╜,102,55,47,694,381,313,156,75,81,"102Y12M"
65000,╖sе_ел,65000270,кўдs░╧,65000270-012,╕U╣╪и╜,75,47,28,395,193,202,100,47,53,"102Y12M"
65000,╖sе_ел,65000270,кўдs░╧,65000270-013,жш┤Єи╜,17,6,11,159,98,61,47,26,21,"102Y12M"
65000,╖sе_ел,65000270,кўдs░╧,65000270-014,е├┐│и╜,64,27,37,482,260,222,140,78,62,"102Y12M"
65000,╖sе_ел,65000270,кўдs░╧,65000270-015,кўм№и╜,762,393,369,4597,2222,2375,596,270,326,"102Y12M"
65000,╖sе_ел,65000280,╕Uи╜░╧,65000280-001,╕Uи╜и╜,779,404,375,3826,1893,1933,578,257,321,"102Y12M"
65000,╖sе_ел,65000280,╕Uи╜░╧,65000280-002,└tзqи╜,341,177,164,1986,955,1031,497,299,198,"102Y12M"
65000,╖sе_ел,65000280,╕Uи╜░╧,65000280-003,│емhи╜,435,227,208,2891,1391,1500,398,186,212,"102Y12M"
65000,╖sе_ел,65000280,╕Uи╜░╧,65000280-004,дj─Pи╜,440,235,205,2312,1199,1113,446,212,234,"102Y12M"
65000,╖sе_ел,65000280,╕Uи╜░╧,65000280-005,┴D╝ци╜,75,39,36,485,271,214,107,53,54,"102Y12M"
65000,╖sе_ел,65000280,╕Uи╜░╧,65000280-006,┬∙┐│и╜,109,66,43,759,440,319,252,131,121,"102Y12M"
65000,╖sе_ел,65000280,╕Uи╜░╧,65000280-007,╖╦й│и╜,59,35,24,531,300,231,166,86,80,"102Y12M"
65000,╖sе_ел,65000280,╕Uи╜░╧,65000280-008,оrЧги╜,59,28,31,364,204,160,96,42,54,"102Y12M"
65000,╖sе_ел,65000280,╕Uи╜░╧,65000280-009,дд┤Tи╜,215,106,109,941,476,465,173,81,92,"102Y12M"
65000,╖sе_ел,65000280,╕Uи╜░╧,65000280-010,е_░Єи╜,310,165,145,2502,1251,1251,486,247,239,"102Y12M"
65000,╖sе_ел,65000290,пQи╙░╧,65000290-001,пQи╙и╜,411,209,202,1968,965,1003,305,143,162,"102Y12M"
65000,╖sе_ел,65000290,пQи╙░╧,65000290-002,й╛кvи╜,272,146,126,1366,671,695,139,70,69,"102Y12M"
65000,╖sе_ел,65000290,пQи╙░╧,65000290-003,║╓дsи╜,163,86,77,521,256,265,43,26,17,"102Y12M"
65000,╖sе_ел,65000290,пQи╙░╧,65000290-004,лH╜хи╜,96,48,48,454,217,237,75,37,38,"102Y12M"
65000,╖sе_ел,65000290,пQи╙░╧,65000290-005,з╡╕qи╜,21,14,7,176,97,79,26,14,12,"102Y12M"
63000,╗Oе_ел,63000010,кQдs░╧,63000010-002,▓°╖qи╜,705,358,347,4056,1965,2091,903,426,477,"102Y12M"
63000,╗Oе_ел,63000010,кQдs░╧,63000010-003,кF║aи╜,1470,775,695,5892,2696,3196,1309,590,719,"102Y12M"
63000,╗Oе_ел,63000010,кQдs░╧,63000010-004,дTе┴и╜,976,503,473,4878,2226,2652,1278,566,712,"102Y12M"
63000,╗Oе_ел,63000010,кQдs░╧,63000010-005,╖sпqи╜,592,326,266,3569,1694,1875,746,338,408,"102Y12M"
63000,╗Oе_ел,63000010,кQдs░╧,63000010-006,┤I└Aи╜,727,378,349,3861,1739,2122,836,391,445,"102Y12M"
63000,╗Oе_ел,63000010,кQдs░╧,63000010-007,╖sкFи╜,709,379,330,3704,1759,1945,726,333,393,"102Y12M"
63000,╗Oе_ел,63000010,кQдs░╧,63000010-008,┤Iоїи╜,715,373,342,3404,1443,1961,790,350,440,"102Y12M"
63000,╗Oе_ел,63000010,кQдs░╧,63000010-009,д╢╣╪и╜,969,510,459,3248,1486,1762,708,341,367,"102Y12M"
63000,╗Oе_ел,63000010,кQдs░╧,63000010-010,║ый╛и╜,821,432,389,3121,1454,1667,734,322,412,"102Y12M"
63000,╗Oе_ел,63000010,кQдs░╧,63000010-011,кFе·и╜,853,467,386,5375,2533,2842,1311,613,698,"102Y12M"
63000,╗Oе_ел,63000010,кQдs░╧,63000010-012,└sе╨и╜,2328,1233,1095,7365,3345,4020,1591,752,839,"102Y12M"
63000,╗Oе_ел,63000010,кQдs░╧,63000010-013,кFйўи╜,562,302,260,1944,874,1070,445,214,231,"102Y12M"
63000,╗Oе_ел,63000010,кQдs░╧,63000010-014,кF╢╒и╜,817,425,392,3226,1468,1758,744,347,397,"102Y12M"
63000,╗Oе_ел,63000010,кQдs░╧,63000010-015,дд╡╪и╜,1296,638,658,4608,2141,2467,1015,454,561,"102Y12M"
63000,╗Oе_ел,63000010,кQдs░╧,63000010-016,е┴ж│и╜,1019,550,469,6449,2921,3528,1482,688,794,"102Y12M"
63000,╗Oе_ел,63000010,кQдs░╧,63000010-017,е┴║╓и╜,690,348,342,4841,2297,2544,1074,480,594,"102Y12M"
63000,╗Oе_ел,63000010,кQдs░╧,63000010-018,╖Oпзи╜,777,378,399,6058,3100,2958,1140,559,581,"102Y12M"
63000,╗Oе_ел,63000010,кQдs░╧,63000010-019,жwени╜,1036,540,496,6434,3084,3350,1279,605,674,"102Y12M"
63000,╗Oе_ел,63000010,кQдs░╧,63000010-020,─P╡{и╜,658,335,323,4315,2113,2202,775,338,437,"102Y12M"
63000,╗Oе_ел,63000010,кQдs░╧,63000010-021,ж█▒jи╜,1408,757,651,6991,3323,3668,1803,837,966,"102Y12M"
63000,╗Oе_ел,63000010,кQдs░╧,63000010-022,жN▓╗и╜,1100,553,547,6373,2960,3413,1301,601,700,"102Y12M"
63000,╗Oе_ел,63000010,кQдs░╧,63000010-024,╖s╗Eи╜,1055,553,502,6148,2834,3314,1110,495,615,"102Y12M"
63000,╗Oе_ел,63000010,кQдs░╧,63000010-025,┤_▓▒и╜,987,488,499,4814,2298,2516,1057,481,576,"102Y12M"
63000,╗Oе_ел,63000010,кQдs░╧,63000010-026,дде┐и╜,2576,1349,1227,7148,3184,3964,1088,510,578,"102Y12M"
63000,╗Oе_ел,63000010,кQдs░╧,63000010-027,дд▒[и╜,981,519,462,3055,1375,1680,513,228,285,"102Y12M"
63000,╗Oе_ел,63000010,кQдs░╧,63000010-028,м№дпи╜,770,394,376,2558,1181,1377,475,226,249,"102Y12M"
63000,╗Oе_ел,63000010,кQдs░╧,63000010-029,жNдпи╜,813,444,369,3014,1392,1622,595,286,309,"102Y12M"
63000,╗Oе_ел,63000010,кQдs░╧,63000010-030,┤░д╞и╜,1434,773,661,5207,2404,2803,1004,447,557,"102Y12M"
63000,╗Oе_ел,63000010,кQдs░╧,63000010-031,┤_╖╜и╜,711,374,337,2423,1123,1300,462,203,259,"102Y12M"
63000,╗Oе_ел,63000010,кQдs░╧,63000010-032,┤_л╪и╜,930,487,443,3333,1555,1778,578,262,316,"102Y12M"
63000,╗Oе_ел,63000010,кQдs░╧,63000010-033,┤_╢╒и╜,1124,582,542,4594,2082,2512,991,444,547,"102Y12M"
63000,╗Oе_ел,63000010,кQдs░╧,63000010-034,║╓жии╜,502,267,235,2062,913,1149,439,214,225,"102Y12M"
63000,╗Oе_ел,63000010,кQдs░╧,63000010-035,кQ░Єи╜,446,246,200,2821,1276,1545,595,269,326,"102Y12M"
63000,╗Oе_ел,63000020,лH╕q░╧,63000020-001,жшз°и╜,689,388,301,4342,2165,2177,1093,615,478,"102Y12M"
63000,╗Oе_ел,63000020,лH╕q░╧,63000020-002,е┐йMи╜,748,397,351,3337,1455,1882,812,365,447,"102Y12M"
63000,╗Oе_ел,63000020,лH╕q░╧,63000020-003,┐│╢йи╜,425,231,194,2047,917,1130,569,250,319,"102Y12M"
63000,╗Oе_ел,63000020,лH╕q░╧,63000020-004,дд┐│и╜,508,267,241,2500,1068,1432,529,241,288,"102Y12M"
63000,╗Oе_ел,63000020,лH╕q░╧,63000020-005,╖sдпи╜,568,297,271,2559,1198,1361,555,249,306,"102Y12M"
63000,╗Oе_ел,63000020,лH╕q░╧,63000020-006,┐│╢ои╜,782,402,380,4243,2014,2229,1101,497,604,"102Y12M"
63000,╗Oе_ел,63000020,лH╕q░╧,63000020-007,┤░лpи╜,687,343,344,4021,1885,2136,769,358,411,"102Y12M"
63000,╗Oе_ел,63000020,лH╕q░╧,63000020-008,╝sй~и╜,1391,703,688,5898,2747,3151,1084,469,615,"102Y12M"
63000,╗Oе_ел,63000020,лH╕q░╧,63000020-009,жw▒dи╜,2114,1086,1028,7573,3467,4106,1316,636,680,"102Y12M"
63000,╗Oе_ел,63000020,лH╕q░╧,63000020-010,д╗├└и╜,648,336,312,2811,1382,1429,517,245,272,"102Y12M"
63000,╗Oе_ел,63000020,лH╕q░╧,63000020-011,╢о▓╗и╜,693,377,316,3770,1826,1944,663,299,364,"102Y12M"
63000,╗Oе_ел,63000020,лH╕q░╧,63000020-012,дн▒`и╜,464,251,213,2915,1413,1502,548,233,315,"102Y12M"
63000,╗Oе_ел,63000020,лH╕q░╧,63000020-013,дне■и╜,586,297,289,3831,1808,2023,787,368,419,"102Y12M"
63000,╗Oе_ел,63000020,лH╕q░╧,63000020-014,е├жNи╜,532,281,251,3354,1748,1606,483,216,267,"102Y12M"
63000,╗Oе_ел,63000020,лH╕q░╧,63000020-015,к°мKи╜,444,220,224,3196,1586,1610,655,292,363,"102Y12M"
63000,╗Oе_ел,63000020,лH╕q░╧,63000020-016,е|и|и╜,611,328,283,4414,2152,2262,852,383,469,"102Y12M"
63000,╗Oе_ел,63000020,лH╕q░╧,63000020-017,е|║√и╜,543,268,275,4236,2049,2187,767,349,418,"102Y12M"
63000,╗Oе_ел,63000020,лH╕q░╧,63000020-018,е├мKи╜,581,301,280,3772,1833,1939,780,356,424,"102Y12M"
63000,╗Oе_ел,63000020,лH╕q░╧,63000020-019,┤Iеxи╜,673,360,313,3301,1479,1822,583,263,320,"102Y12M"
63000,╗Oе_ел,63000020,лH╕q░╧,63000020-020,░ъ╖~и╜,1474,785,689,5585,2621,2964,1080,495,585,"102Y12M"
63000,╗Oе_ел,63000020,лH╕q░╧,63000020-021,кQ╢йи╜,263,140,123,1816,901,915,366,166,200,"102Y12M"
63000,╗Oе_ел,63000020,лH╕q░╧,63000020-022,кQд═и╜,1196,628,568,5133,2376,2757,922,438,484,"102Y12M"
63000,╗Oе_ел,63000020,лH╕q░╧,63000020-023,кQе·и╜,527,271,256,3710,1788,1922,940,421,519,"102Y12M"
63000,╗Oе_ел,63000020,лH╕q░╧,63000020-024,ддйYи╜,547,288,259,3499,1663,1836,685,329,356,"102Y12M"
63000,╗Oе_ел,63000020,лH╕q░╧,63000020-025,дджци╜,1059,552,507,6326,3075,3251,1022,484,538,"102Y12M"
63000,╗Oе_ел,63000020,лH╕q░╧,63000020-026,дj╣Dи╜,698,368,330,4769,2335,2434,941,445,496,"102Y12M"
63000,╗Oе_ел,63000020,лH╕q░╧,63000020-027,дjдпи╜,443,236,207,3039,1452,1587,778,356,422,"102Y12M"
63000,╗Oе_ел,63000020,лH╕q░╧,63000020-028,┤║╖sи╜,753,391,362,3804,1794,2010,808,337,471,"102Y12M"
63000,╗Oе_ел,63000020,лH╕q░╧,63000020-029,┤fжwи╜,802,392,410,5165,2514,2651,900,389,511,"102Y12M"
63000,╗Oе_ел,63000020,лH╕q░╧,63000020-030,дT▒iи╜,1130,616,514,6764,3249,3515,1524,682,842,"102Y12M"
63000,╗Oе_ел,63000020,лH╕q░╧,63000020-031,дT▓pи╜,638,338,300,3947,1848,2099,830,377,453,"102Y12M"
63000,╗Oе_ел,63000020,лH╕q░╧,63000020-032,д╗жXи╜,778,395,383,5259,2529,2730,1058,464,594,"102Y12M"
63000,╗Oе_ел,63000020,лH╕q░╧,63000020-033,оїйMи╜,1113,569,544,6254,2974,3280,1026,480,546,"102Y12M"
63000,╗Oе_ел,63000020,лH╕q░╧,63000020-034,┤║┴pи╜,517,260,257,3546,1665,1881,751,372,379,"102Y12M"
63000,╗Oе_ел,63000020,лH╕q░╧,63000020-035,┤║╢╘и╜,527,296,231,3124,1500,1624,724,355,369,"102Y12M"
63000,╗Oе_ел,63000020,лH╕q░╧,63000020-036,┬∙йMи╜,973,528,445,5462,2596,2866,1023,467,556,"102Y12M"
63000,╗Oе_ел,63000020,лH╕q░╧,63000020-037,╣┼┐│и╜,352,180,172,2461,1163,1298,526,234,292,"102Y12M"
63000,╗Oе_ел,63000020,лH╕q░╧,63000020-038,╛д╢╢и╜,390,201,189,3151,1518,1633,631,293,338,"102Y12M"
63000,╗Oе_ел,63000020,лH╕q░╧,63000020-039,╛дени╜,871,447,424,5560,2627,2933,1026,448,578,"102Y12M"
63000,╗Oе_ел,63000020,лH╕q░╧,63000020-040,╛дй╛и╜,583,294,289,3693,1768,1925,711,306,405,"102Y12M"
63000,╗Oе_ел,63000020,лH╕q░╧,63000020-041,╛джwи╜,190,101,89,1488,657,831,575,426,149,"102Y12M"
63000,╗Oе_ел,63000030,дjжw░╧,63000030-001,╝wжwи╜,919,485,434,4055,1791,2264,1054,482,572,"102Y12M"
63000,╗Oе_ел,63000030,дjжw░╧,63000030-002,дп╖Oи╜,1203,660,543,3854,1769,2085,788,361,427,"102Y12M"
63000,╗Oе_ел,63000030,дjжw░╧,63000030-003,йMжwи╜,1492,839,653,4999,2331,2668,1020,495,525,"102Y12M"
63000,╗Oе_ел,63000030,дjжw░╧,63000030-004,е┴м╖и╜,1302,705,597,5646,2537,3109,1524,694,830,"102Y12M"
63000,╗Oе_ел,63000030,дjжw░╧,63000030-005,дп╖Rи╜,776,375,401,3701,1603,2098,1118,518,600,"102Y12M"
63000,╗Oе_ел,63000030,дjжw░╧,63000030-006,╕qз°и╜,608,317,291,4362,2053,2309,1193,584,609,"102Y12M"
63000,╗Oе_ел,63000030,дjжw░╧,63000030-007,е┴╜ўи╜,811,434,377,4902,2298,2604,1292,617,675,"102Y12M"
63000,╗Oе_ел,63000030,дjжw░╧,63000030-008,йў╢йи╜,290,145,145,2144,1022,1122,734,336,398,"102Y12M"
63000,╗Oе_ел,63000030,дjжw░╧,63000030-009,╕█жwи╜,455,221,234,3064,1407,1657,808,356,452,"102Y12M"
63000,╗Oе_ел,63000030,дjжw░╧,63000030-010,е·кZи╜,1106,620,486,5672,2494,3178,1424,610,814,"102Y12M"
63000,╗Oе_ел,63000030,дjжw░╧,63000030-011,└sйYи╜,1144,585,559,4114,1852,2262,1021,498,523,"102Y12M"
63000,╗Oе_ел,63000030,дjжw░╧,63000030-012,└sмuи╜,909,470,439,3475,1584,1891,707,303,404,"102Y12M"
63000,╗Oе_ел,63000030,дjжw░╧,63000030-013,еjн╖и╜,626,333,293,3089,1449,1640,701,314,387,"102Y12M"
63000,╗Oе_ел,63000030,дjжw░╧,63000030-014,еj▓°и╜,1103,570,533,5051,2263,2788,1144,520,624,"102Y12M"
63000,╗Oе_ел,63000030,дjжw░╧,63000030-015,└sжwи╜,1446,766,680,5337,2570,2767,1361,733,628,"102Y12M"
63000,╗Oе_ел,63000030,дjжw░╧,63000030-016,└Aжwи╜,1371,704,667,4262,1930,2332,862,402,460,"102Y12M"
63000,╗Oе_ел,63000030,дjжw░╧,63000030-017,║╓жэи╜,1481,764,717,4450,1966,2484,883,406,477,"102Y12M"
63000,╗Oе_ел,63000030,дjжw░╧,63000030-018,е├▒dи╜,800,411,389,2753,1271,1482,547,243,304,"102Y12M"
63000,╗Oе_ел,63000030,дjжw░╧,63000030-019,е·й·и╜,828,439,389,2594,1193,1401,468,223,245,"102Y12M"
63000,╗Oе_ел,63000030,дjжw░╧,63000030-020,└Aоїи╜,814,411,403,2665,1272,1393,601,278,323,"102Y12M"
63000,╗Oе_ел,63000030,дjжw░╧,63000030-021,└A╡╪и╜,1281,648,633,4043,1867,2176,713,328,385,"102Y12M"
63000,╗Oе_ел,63000030,дjжw░╧,63000030-022,└s╣╧и╜,955,504,451,4979,2313,2666,1168,527,641,"102Y12M"
63000,╗Oе_ел,63000030,дjжw░╧,63000030-023,╖s└sи╜,1307,693,614,5071,2347,2724,963,439,524,"102Y12M"
63000,╗Oе_ел,63000030,дjжw░╧,63000030-026,└s░}и╜,415,215,200,2581,1243,1338,676,314,362,"102Y12M"
63000,╗Oе_ел,63000030,дjжw░╧,63000030-027,└s╢│и╜,720,373,347,3542,1581,1961,902,433,469,"102Y12M"
63000,╗Oе_ел,63000030,дjжw░╧,63000030-028,└sе═и╜,1445,754,691,4823,2174,2649,968,428,540,"102Y12M"
63000,╗Oе_ел,63000030,дjжw░╧,63000030-029,жэжwи╜,785,412,373,3829,1765,2064,960,438,522,"102Y12M"
63000,╗Oе_ел,63000030,дjжw░╧,63000030-030,╕qжwи╜,727,356,371,3979,1754,2225,1001,472,529,"102Y12M"
63000,╗Oе_ел,63000030,дjжw░╧,63000030-031,│qд╞и╜,779,403,376,4728,2267,2461,933,417,516,"102Y12M"
63000,╗Oе_ел,63000030,дjжw░╧,63000030-032,│qжwи╜,741,373,368,4282,2001,2281,892,421,471,"102Y12M"
63000,╗Oе_ел,63000030,дjжw░╧,63000030-033,┴{ж┐и╜,527,268,259,3136,1496,1640,644,278,366,"102Y12M"
63000,╗Oе_ел,63000030,дjжw░╧,63000030-034,кkкvи╜,527,278,249,3321,1531,1790,758,349,409,"102Y12M"
63000,╗Oе_ел,63000030,дjжw░╧,63000030-035,е■жwи╜,600,317,283,3241,1466,1775,808,373,435,"102Y12M"
63000,╗Oе_ел,63000030,дjжw░╧,63000030-036,╕s╜хи╜,746,381,365,4380,1938,2442,1054,484,570,"102Y12M"
63000,╗Oе_ел,63000030,дjжw░╧,63000030-037,╕sн^и╜,950,504,446,5504,2538,2966,1079,460,619,"102Y12M"
63000,╗Oе_ел,63000030,дjжw░╧,63000030-038,къ╝Sи╜,434,202,232,2694,1215,1479,663,285,378,"102Y12M"
63000,╗Oе_ел,63000030,дjжw░╧,63000030-039,к╫└sи╜,277,139,138,1346,633,713,367,166,201,"102Y12M"
63000,╗Oе_ел,63000030,дjжw░╧,63000030-040,└s▓Wи╜,2328,1225,1103,6758,3104,3654,1314,586,728,"102Y12M"
63000,╗Oе_ел,63000030,дjжw░╧,63000030-041,└sк∙и╜,913,468,445,3027,1390,1637,726,336,390,"102Y12M"
63000,╗Oе_ел,63000030,дjжw░╧,63000030-043,дj╛╟и╜,1401,721,680,6019,2764,3255,1541,709,832,"102Y12M"
63000,╗Oе_ел,63000030,дjжw░╧,63000030-044,к┌йMи╜,703,354,349,4388,2116,2272,1023,472,551,"102Y12M"
63000,╗Oе_ел,63000030,дjжw░╧,63000030-046,╛дд╕и╜,708,376,332,4301,2088,2213,742,335,407,"102Y12M"
63000,╗Oе_ел,63000030,дjжw░╧,63000030-047,╛дз╡и╜,789,428,361,5895,2801,3094,1126,521,605,"102Y12M"
63000,╗Oе_ел,63000030,дjжw░╧,63000030-048,╛дйMи╜,563,299,264,3731,1765,1966,687,335,352,"102Y12M"
63000,╗Oе_ел,63000030,дjжw░╧,63000030-049,л╪жwи╜,741,331,410,3639,1574,2065,923,416,507,"102Y12M"
63000,╗Oе_ел,63000030,дjжw░╧,63000030-050,л╪н█и╜,976,510,466,4293,1891,2402,1201,550,651,"102Y12M"
63000,╗Oе_ел,63000030,дjжw░╧,63000030-051,┤░жwи╜,1151,580,571,4438,1972,2466,1079,497,582,"102Y12M"
63000,╗Oе_ел,63000030,дjжw░╧,63000030-052,е┐┴nи╜,762,374,388,3537,1633,1904,858,389,469,"102Y12M"
63000,╗Oе_ел,63000030,дjжw░╧,63000030-053,┤░╖╫и╜,1124,581,543,4207,1831,2376,1069,507,562,"102Y12M"
63000,╗Oе_ел,63000030,дjжw░╧,63000030-054,╡╪┴nи╜,686,349,337,3116,1425,1691,754,348,406,"102Y12M"
63000,╗Oе_ел,63000030,дjжw░╧,63000030-055,ио╝hи╜,983,513,470,4459,1978,2481,1243,589,654,"102Y12M"
63000,╗Oе_ел,63000030,дjжw░╧,63000030-056,е·лHи╜,1316,697,619,5736,2637,3099,1244,560,684,"102Y12M"
63000,╗Oе_ел,63000030,дjжw░╧,63000030-057,╛╟й▓и╜,315,161,154,1903,970,933,760,434,326,"102Y12M"
63000,╗Oе_ел,63000040,дддs░╧,63000040-001,е┐жuи╜,361,179,182,2377,1154,1223,501,230,271,"102Y12M"
63000,╗Oе_ел,63000040,дддs░╧,63000040-002,е┐╕qи╜,588,294,294,4058,1743,2315,689,284,405,"102Y12M"
63000,╗Oе_ел,63000040,дддs░╧,63000040-003,е┐▒oи╜,373,194,179,2782,1172,1610,590,271,319,"102Y12M"
63000,╗Oе_ел,63000040,дддs░╧,63000040-004,е┴жwи╜,524,287,237,3424,1581,1843,867,398,469,"102Y12M"
63000,╗Oе_ел,63000040,дддs░╧,63000040-005,▒d╝╓и╜,262,132,130,2046,837,1209,360,166,194,"102Y12M"
63000,╗Oе_ел,63000040,дддs░╧,63000040-006,дддsи╜,603,282,321,4864,2069,2795,797,346,451,"102Y12M"
63000,╗Oе_ел,63000040,дддs░╧,63000040-007,╗E▓▒и╜,381,201,180,3223,1378,1845,564,259,305,"102Y12M"
63000,╗Oе_ел,63000040,дддs░╧,63000040-008,╢░н^и╜,1118,567,551,5296,2345,2951,971,430,541,"102Y12M"
63000,╗Oе_ел,63000040,дддs░╧,63000040-009,╗E╕ни╜,425,223,202,2901,1320,1581,601,249,352,"102Y12M"
63000,╗Oе_ел,63000040,дддs░╧,63000040-010,лэжwи╜,541,283,258,3540,1487,2053,597,250,347,"102Y12M"
63000,╗Oе_ел,63000040,дддs░╧,63000040-011,┤╕е·и╜,540,285,255,4067,1744,2323,744,323,421,"102Y12M"
63000,╗Oе_ел,63000040,дддs░╧,63000040-012,╢ъдsи╜,565,297,268,3278,1477,1801,577,258,319,"102Y12M"
63000,╗Oе_ел,63000040,дддs░╧,63000040-013,╝C╝ци╜,451,240,211,2767,1367,1400,677,336,341,"102Y12M"
63000,╗Oе_ел,63000040,дддs░╧,63000040-014,дjк╜и╜,1842,992,850,7148,3330,3818,1329,612,717,"102Y12M"
63000,╗Oе_ел,63000040,дддs░╧,63000040-015,жие\и╜,1454,764,690,4958,2217,2741,648,291,357,"102Y12M"
63000,╗Oе_ел,63000040,дддs░╧,63000040-016,е├жwи╜,1742,874,868,7162,3277,3885,1124,521,603,"102Y12M"
63000,╗Oе_ел,63000040,дддs░╧,63000040-017,дjи╬и╜,155,82,73,805,448,357,172,95,77,"102Y12M"
63000,╗Oе_ел,63000040,дддs░╧,63000040-018,╖s│▀и╜,717,394,323,4168,1971,2197,639,271,368,"102Y12M"
63000,╗Oе_ел,63000040,дддs░╧,63000040-019,╖s╔▄и╜,587,307,280,3932,1829,2103,654,265,389,"102Y12M"
63000,╗Oе_ел,63000040,дддs░╧,63000040-020,╖s║╓и╜,602,292,310,3858,1774,2084,733,324,409,"102Y12M"
63000,╗Oе_ел,63000040,дддs░╧,63000040-021,кQж┐и╜,976,486,490,4898,2264,2634,1005,446,559,"102Y12M"
63000,╗Oе_ел,63000040,дддs░╧,63000040-022,╖sе═и╜,570,289,281,3745,1776,1969,768,327,441,"102Y12M"
63000,╗Oе_ел,63000040,дддs░╧,63000040-023,дд╔▄и╜,548,302,246,3802,1813,1989,851,365,486,"102Y12M"
63000,╗Oе_ел,63000040,дддs░╧,63000040-024,жцмFи╜,601,305,296,5904,3048,2856,1190,626,564,"102Y12M"
63000,╗Oе_ел,63000040,дддs░╧,63000040-025,жцдпи╜,1053,531,522,6352,3071,3281,1063,477,586,"102Y12M"
63000,╗Oе_ел,63000040,дддs░╧,63000040-026,жцз╡и╜,514,283,231,3247,1571,1676,457,197,260,"102Y12M"
63000,╗Oе_ел,63000040,дддs░╧,63000040-027,дU░ёи╜,872,441,431,5952,2758,3194,1013,466,547,"102Y12M"
63000,╗Oе_ел,63000040,дддs░╧,63000040-028,ж┐╣чи╜,834,407,427,5228,2452,2776,993,445,548,"102Y12M"
63000,╗Oе_ел,63000040,дддs░╧,63000040-029,ж┐дsи╜,940,493,447,5615,2670,2945,1231,583,648,"102Y12M"
63000,╗Oе_ел,63000040,дддs░╧,63000040-030,дджNи╜,854,456,398,4125,1960,2165,867,400,467,"102Y12M"
63000,╗Oе_ел,63000040,дддs░╧,63000040-031,ддньи╜,603,308,295,3712,1724,1988,782,351,431,"102Y12M"
63000,╗Oе_ел,63000040,дддs░╧,63000040-032,┐│и╚и╜,610,315,295,3986,1811,2175,828,373,455,"102Y12M"
63000,╗Oе_ел,63000040,дддs░╧,63000040-033,ддеби╜,631,316,315,2646,1226,1420,591,258,333,"102Y12M"
63000,╗Oе_ел,63000040,дддs░╧,63000040-034,ж╢├Lи╜,910,487,423,4454,2094,2360,871,400,471,"102Y12M"
63000,╗Oе_ел,63000040,дддs░╧,63000040-035,└sмwи╜,510,249,261,3896,1815,2081,809,355,454,"102Y12M"
63000,╗Oе_ел,63000040,дддs░╧,63000040-036,ж╢╢щи╜,526,270,256,3422,1546,1876,654,307,347,"102Y12M"
63000,╗Oе_ел,63000040,дддs░╧,63000040-037,░ё└Yи╜,391,184,207,2582,1250,1332,634,295,339,"102Y12M"
63000,╗Oе_ел,63000040,дддs░╧,63000040-038,ж╢▒[и╜,376,190,186,2153,971,1182,454,217,237,"102Y12M"
63000,╗Oе_ел,63000040,дддs░╧,63000040-039,дOжци╜,629,308,321,4307,2011,2296,1014,462,552,"102Y12M"
63000,╗Oе_ел,63000040,дддs░╧,63000040-040,┤_╡╪и╜,640,334,306,3476,1572,1904,717,311,406,"102Y12M"
63000,╗Oе_ел,63000040,дддs░╧,63000040-041,кўоїи╜,1532,783,749,5514,2654,2860,663,294,369,"102Y12M"
63000,╗Oе_ел,63000040,дддs░╧,63000040-042,е_жwи╜,408,232,176,2077,984,1093,358,165,193,"102Y12M"
63000,╗Oе_ел,63000050,дде┐░╧,63000050-001,дЇ╖╜и╜,378,190,188,2167,975,1192,552,246,306,"102Y12M"
63000,╗Oе_ел,63000050,дде┐░╧,63000050-002,┤IдЇи╜,385,192,193,2068,1060,1008,474,232,242,"102Y12M"
63000,╗Oе_ел,63000050,дде┐░╧,63000050-003,дх▓▒и╜,307,168,139,1926,937,989,508,231,277,"102Y12M"
63000,╗Oе_ел,63000050,дде┐░╧,63000050-004,кL┐│и╜,697,366,331,3467,1629,1838,799,371,428,"102Y12M"
63000,╗Oе_ел,63000050,дде┐░╧,63000050-005,кe│Ўи╜,448,233,215,3370,1607,1763,827,362,465,"102Y12M"
63000,╗Oе_ел,63000050,дде┐░╧,63000050-006,│╗кFи╜,666,336,330,4511,2054,2457,1043,472,571,"102Y12M"
63000,╗Oе_ел,63000050,дде┐░╧,63000050-007,║Ї╖╦и╜,687,335,352,4292,2018,2274,954,422,532,"102Y12M"
63000,╗Oе_ел,63000050,дде┐░╧,63000050-008,кO╖╦и╜,377,193,184,2498,1189,1309,585,267,318,"102Y12M"
63000,╗Oе_ел,63000050,дде┐░╧,63000050-009,┐├оEи╜,610,334,276,4062,1974,2088,1020,467,553,"102Y12M"
63000,╗Oе_ел,63000050,дде┐░╧,63000050-010,┐├│╖и╜,461,246,215,3427,1682,1745,719,308,411,"102Y12M"
63000,╗Oе_ел,63000050,дде┐░╧,63000050-011,е├е\и╜,1062,553,509,4755,2331,2424,954,463,491,"102Y12M"
63000,╗Oе_ел,63000050,дде┐░╧,63000050-012,е├йўи╜,494,268,226,3857,1936,1921,893,398,495,"102Y12M"
63000,╗Oе_ел,63000050,дде┐░╧,63000050-013,└s┐│и╜,1201,636,565,2944,1392,1552,468,219,249,"102Y12M"
63000,╗Oе_ел,63000050,дде┐░╧,63000050-014,й╛╢╘и╜,739,369,370,5132,2501,2631,1154,539,615,"102Y12M"
63000,╗Oе_ел,63000050,дде┐░╧,63000050-015,╖Hжwи╜,1194,620,574,3178,1482,1696,461,225,236,"102Y12M"
63000,╗Oе_ел,63000050,дде┐░╧,63000050-016,╖R░ъи╜,803,423,380,2464,1066,1398,472,210,262,"102Y12M"
63000,╗Oе_ел,63000050,дде┐░╧,63000050-017,лnк∙и╜,655,353,302,1949,845,1104,468,222,246,"102Y12M"
63000,╗Oе_ел,63000050,дде┐░╧,63000050-018,└sе·и╜,971,510,461,2490,1163,1327,504,247,257,"102Y12M"
63000,╗Oе_ел,63000050,дде┐░╧,63000050-019,лn║╓и╜,2315,1241,1074,7514,3592,3922,1235,578,657,"102Y12M"
63000,╗Oе_ел,63000050,дде┐░╧,63000050-020,└s║╓и╜,1728,940,788,5317,2535,2782,1214,730,484,"102Y12M"
63000,╗Oе_ел,63000050,дде┐░╧,63000050-021,╖s└чи╜,2558,1314,1244,6745,3162,3583,1020,489,531,"102Y12M"
63000,╗Oе_ел,63000050,дде┐░╧,63000050-022,л╪░ъи╜,451,237,214,1090,471,619,167,88,79,"102Y12M"
63000,╗Oе_ел,63000050,дде┐░╧,63000050-023,е·┤_и╜,783,410,373,2845,1290,1555,537,276,261,"102Y12M"
63000,╗Oе_ел,63000050,дде┐░╧,63000050-024,╛дй·и╜,730,347,383,2437,1147,1290,442,236,206,"102Y12M"
63000,╗Oе_ел,63000050,дде┐░╧,63000050-025,▒Ўкси╜,382,207,175,2315,1065,1250,624,306,318,"102Y12M"
63000,╗Oе_ел,63000050,дде┐░╧,63000050-026,йп║╓и╜,847,433,414,3408,1632,1776,710,304,406,"102Y12M"
63000,╗Oе_ел,63000050,дде┐░╧,63000050-027,йпели╜,539,274,265,3206,1477,1729,867,404,463,"102Y12M"
63000,╗Oе_ел,63000050,дде┐░╧,63000050-028,кFк∙и╜,828,420,408,3169,1496,1673,598,294,304,"102Y12M"
63000,╗Oе_ел,63000050,дде┐░╧,63000050-029,дхе_и╜,824,440,384,3913,1802,2111,1014,479,535,"102Y12M"
63000,╗Oе_ел,63000050,дде┐░╧,63000050-030,дх▓╗и╜,1799,921,878,5669,2602,3067,1028,471,557,"102Y12M"
63000,╗Oе_ел,63000050,дде┐░╧,63000050-031,дT╖Rи╜,1311,678,633,5949,2696,3253,1465,655,810,"102Y12M"
63000,╗Oе_ел,63000060,дjжP░╧,63000060-001,е╔мuи╜,481,250,231,2273,1119,1154,460,225,235,"102Y12M"
63000,╗Oе_ел,63000060,дjжP░╧,63000060-002,л╪й·и╜,438,229,209,2624,1271,1353,543,272,271,"102Y12M"
63000,╗Oе_ел,63000060,дjжP░╧,63000060-003,л╪е\и╜,668,337,331,3519,1690,1829,713,348,365,"102Y12M"
63000,╗Oе_ел,63000060,дjжP░╧,63000060-004,л╪оїи╜,637,326,311,2812,1365,1447,535,254,281,"102Y12M"
63000,╗Oе_ел,63000060,дjжP░╧,63000060-005,е├╝╓и╜,776,391,385,4127,2019,2108,831,428,403,"102Y12M"
63000,╗Oе_ел,63000060,дjжP░╧,63000060-006,┤┬╢зи╜,558,304,254,3270,1555,1715,618,265,353,"102Y12M"
63000,╗Oе_ел,63000060,дjжP░╧,63000060-007,мPй·и╜,1058,560,498,4448,2050,2398,704,334,370,"102Y12M"
63000,╗Oе_ел,63000060,дjжP░╧,63000060-008,е·при╜,948,512,436,3832,1856,1976,741,329,412,"102Y12M"
63000,╗Oе_ел,63000060,дjжP░╧,63000060-009,дjж│и╜,712,348,364,3724,1825,1899,729,325,404,"102Y12M"
63000,╗Oе_ел,63000060,дjжP░╧,63000060-010,й╡ени╜,533,268,265,3108,1463,1645,601,286,315,"102Y12M"
63000,╗Oе_ел,63000060,дjжP░╧,63000060-011,┬∙│sи╜,1847,1000,847,7296,3476,3820,1291,623,668,"102Y12M"
63000,╗Oе_ел,63000060,дjжP░╧,63000060-012,лnк┌и╜,636,332,304,2960,1368,1592,619,292,327,"102Y12M"
63000,╗Oе_ел,63000060,дjжP░╧,63000060-013,е┴┼vи╜,1202,648,554,4951,2344,2607,759,331,428,"102Y12M"
63000,╗Oе_ел,63000060,дjжP░╧,63000060-014,┤║мPи╜,347,184,163,2097,1055,1042,497,247,250,"102Y12M"
63000,╗Oе_ел,63000060,дjжP░╧,63000060-015,╢ййMи╜,427,219,208,2257,1104,1153,524,250,274,"102Y12M"
63000,╗Oе_ел,63000060,дjжP░╧,63000060-016,╜┤╡▄и╜,634,318,316,3704,1818,1886,732,319,413,"102Y12M"
63000,╗Oе_ел,63000060,дjжP░╧,63000060-017,░ъ╢╢и╜,359,182,177,2304,1234,1070,466,195,271,"102Y12M"
63000,╗Oе_ел,63000060,дjжP░╧,63000060-018,░ъ╝yи╜,567,296,271,3325,1596,1729,564,246,318,"102Y12M"
63000,╗Oе_ел,63000060,дjжP░╧,63000060-019,┤н╢ои╜,392,205,187,3216,1752,1464,740,415,325,"102Y12M"
63000,╗Oе_ел,63000060,дjжP░╧,63000060-020,┤╡дхи╜,629,317,312,4094,2084,2010,802,361,441,"102Y12M"
63000,╗Oе_ел,63000060,дjжP░╧,63000060-021,╛Fж┐и╜,700,359,341,4846,2489,2357,1039,481,558,"102Y12M"
63000,╗Oе_ел,63000060,дjжP░╧,63000060-022,ж▄╕tи╜,953,487,466,5993,2901,3092,1248,541,707,"102Y12M"
63000,╗Oе_ел,63000060,дjжP░╧,63000060-024,ж╤оvи╜,797,425,372,4524,2313,2211,888,385,503,"102Y12M"
63000,╗Oе_ел,63000060,дjжP░╧,63000060-025,нл╝yи╜,1083,544,539,5291,2527,2764,899,394,505,"102Y12M"
63000,╗Oе_ел,63000060,дjжP░╧,63000060-026,лOжwи╜,522,268,254,3062,1530,1532,716,317,399,"102Y12M"
63000,╗Oе_ел,63000070,╕U╡╪░╧,63000070-001,║╓мPи╜,734,368,366,4043,1925,2118,952,518,434,"102Y12M"
63000,╗Oе_ел,63000070,╕U╡╪░╧,63000070-002,╕U╣╪и╜,378,198,180,2593,1253,1340,603,313,290,"102Y12M"
63000,╗Oе_ел,63000070,╕U╡╪░╧,63000070-003,жшк∙и╜,462,221,241,2875,1314,1561,655,323,332,"102Y12M"
63000,╗Oе_ел,63000070,╕U╡╪░╧,63000070-004,╖s░_и╜,731,372,359,4997,2318,2679,1080,506,574,"102Y12M"
63000,╗Oе_ел,63000070,╕U╡╪░╧,63000070-005,╡ц╢щи╜,688,381,307,4477,2231,2246,972,503,469,"102Y12M"
63000,╗Oе_ел,63000070,╕U╡╪░╧,63000070-006,лCдsи╜,604,311,293,4490,2226,2264,924,455,469,"102Y12M"
63000,╗Oе_ел,63000070,╕U╡╪░╧,63000070-007,┤Iе┴и╜,631,336,295,3875,1890,1985,964,484,480,"102Y12M"
63000,╗Oе_ел,63000070,╕U╡╪░╧,63000070-008,║╓н╡и╜,435,222,213,2722,1321,1401,560,246,314,"102Y12M"
63000,╗Oе_ел,63000070,╕U╡╪░╧,63000070-009,дп╝wи╜,471,244,227,3580,1758,1822,779,362,417,"102Y12M"
63000,╗Oе_ел,63000070,╕U╡╪░╧,63000070-010,┤I║╓и╜,578,286,292,4682,2591,2091,1044,623,421,"102Y12M"
63000,╗Oе_ел,63000070,╕U╡╪░╧,63000070-011,│╗║╙и╜,958,473,485,5783,2889,2894,1127,534,593,"102Y12M"
63000,╗Oе_ел,63000070,╕U╡╪░╧,63000070-012,┬∙╢щи╜,798,413,385,3599,1792,1807,663,324,339,"102Y12M"
63000,╗Oе_ел,63000070,╕U╡╪░╧,63000070-013,╖sй╛и╜,375,192,183,2368,1155,1213,809,372,437,"102Y12M"
63000,╗Oе_ел,63000070,╕U╡╪░╧,63000070-014,╖sйMи╜,840,412,428,6126,3028,3098,1251,538,713,"102Y12M"
63000,╗Oе_ел,63000070,╕U╡╪░╧,63000070-015,┐}б╜и╜,645,338,307,4210,2092,2118,904,430,474,"102Y12M"
63000,╗Oе_ел,63000070,╕U╡╪░╧,63000070-016,йMени╜,776,407,369,5363,2706,2657,1118,494,624,"102Y12M"
63000,╗Oе_ел,63000070,╕U╡╪░╧,63000070-017,║ё│Ўи╜,546,292,254,3400,1704,1696,757,363,394,"102Y12M"
63000,╗Oе_ел,63000070,╕U╡╪░╧,63000070-018,╡╪ж┐и╜,1003,531,472,6567,3237,3330,1206,549,657,"102Y12M"
63000,╗Oе_ел,63000070,╕U╡╪░╧,63000070-019,мh╢mи╜,638,301,337,4080,2112,1968,902,427,475,"102Y12M"
63000,╗Oе_ел,63000070,╕U╡╪░╧,63000070-020,дщ╡╜и╜,543,286,257,2911,1403,1508,491,243,248,"102Y12M"
63000,╗Oе_ел,63000070,╕U╡╪░╧,63000070-021,╖sжwи╜,722,386,336,4747,2386,2361,1057,470,587,"102Y12M"
63000,╗Oе_ел,63000070,╕U╡╪░╧,63000070-022,й╛╝wи╜,662,364,298,3263,1641,1622,731,339,392,"102Y12M"
63000,╗Oе_ел,63000070,╕U╡╪░╧,63000070-023,з╡╝wи╜,417,218,199,2584,1287,1297,491,221,270,"102Y12M"
63000,╗Oе_ел,63000070,╕U╡╪░╧,63000070-024,йM╝wи╜,1013,534,479,5655,2858,2797,1013,456,557,"102Y12M"
63000,╗Oе_ел,63000070,╕U╡╪░╧,63000070-025,└A╝wи╜,680,346,334,4246,2109,2137,849,384,465,"102Y12M"
63000,╗Oе_ел,63000070,╕U╡╪░╧,63000070-026,е■╝wи╜,676,382,294,3157,1573,1584,613,278,335,"102Y12M"
63000,╗Oе_ел,63000070,╕U╡╪░╧,63000070-027,лO╝wи╜,459,252,207,2528,1273,1255,495,215,280,"102Y12M"
63000,╗Oе_ел,63000070,╕U╡╪░╧,63000070-028,╗╩╝wи╜,570,274,296,3620,1797,1823,719,309,410,"102Y12M"
63000,╗Oе_ел,63000070,╕U╡╪░╧,63000070-029,║a╝wи╜,432,212,220,2739,1412,1327,650,319,331,"102Y12M"
63000,╗Oе_ел,63000070,╕U╡╪░╧,63000070-030,╣╪╝wи╜,797,407,390,4112,2051,2061,734,328,406,"102Y12M"
63000,╗Oе_ел,63000070,╕U╡╪░╧,63000070-031,┐│╝wи╜,785,408,377,3659,1808,1851,707,323,384,"102Y12M"
63000,╗Oе_ел,63000070,╕U╡╪░╧,63000070-032,╡╪дди╜,726,372,354,4604,2299,2305,1026,442,584,"102Y12M"
63000,╗Oе_ел,63000070,╕U╡╪░╧,63000070-033,дщ▓╗и╜,705,384,321,4039,1988,2051,1099,528,571,"102Y12M"
63000,╗Oе_ел,63000070,╕U╡╪░╧,63000070-034,й╛нsи╜,568,306,262,3467,1641,1826,1181,639,542,"102Y12M"
63000,╗Oе_ел,63000070,╕U╡╪░╧,63000070-035,нт╛]и╜,457,242,215,2871,1388,1483,703,311,392,"102Y12M"
63000,╗Oе_ел,63000070,╕U╡╪░╧,63000070-036,─╦╢│и╜,278,155,123,2355,1160,1195,483,212,271,"102Y12M"
63000,╗Oе_ел,63000080,дхдs░╧,63000080-001,┤║жци╜,1403,730,673,5020,2313,2707,810,364,446,"102Y12M"
63000,╗Oе_ел,63000080,дхдs░╧,63000080-002,┤║кFи╜,1420,713,707,5459,2549,2910,815,374,441,"102Y12M"
63000,╗Oе_ел,63000080,дхдs░╧,63000080-003,┤║м№и╜,925,459,466,3752,1744,2008,794,372,422,"102Y12M"
63000,╗Oе_ел,63000080,дхдs░╧,63000080-004,┤║╝yи╜,1194,613,581,5067,2434,2633,919,406,513,"102Y12M"
63000,╗Oе_ел,63000080,дхдs░╧,63000080-005,┤║дпи╜,818,434,384,3558,1669,1889,634,289,345,"102Y12M"
63000,╗Oе_ел,63000080,дхдs░╧,63000080-006,┤║╡╪и╜,1050,553,497,4436,2033,2403,838,357,481,"102Y12M"
63000,╗Oе_ел,63000080,дхдs░╧,63000080-007,╕Uж│и╜,930,501,429,4133,1966,2167,686,307,379,"102Y12M"
63000,╗Oе_ел,63000080,дхдs░╧,63000080-008,╕U▓╗и╜,695,377,318,3524,1655,1869,685,289,396,"102Y12M"
63000,╗Oе_ел,63000080,дхдs░╧,63000080-009,╕U╢йи╜,1218,651,567,5541,2596,2945,984,418,566,"102Y12M"
63000,╗Oе_ел,63000080,дхдs░╧,63000080-010,╕Uж~и╜,647,341,306,4076,1974,2102,904,408,496,"102Y12M"
63000,╗Oе_ел,63000080,дхдs░╧,63000080-011,╕UйMи╜,373,191,182,2229,1110,1119,710,297,413,"102Y12M"
63000,╗Oе_ел,63000080,дхдs░╧,63000080-012,╕U▓▒и╜,554,284,270,3541,1707,1834,780,355,425,"102Y12M"
63000,╗Oе_ел,63000080,дхдs░╧,63000080-013,┐│┬╫и╜,712,364,348,3576,1693,1883,653,321,332,"102Y12M"
63000,╗Oе_ел,63000080,дхдs░╧,63000080-014,┐│е·и╜,514,258,256,2724,1271,1453,441,199,242,"102Y12M"
63000,╗Oе_ел,63000080,дхдs░╧,63000080-015,┐│оaи╜,1077,554,523,6082,2954,3128,818,370,448,"102Y12M"
63000,╗Oе_ел,63000080,дхдs░╧,63000080-016,┐│▒oи╜,891,482,409,4633,2185,2448,800,387,413,"102Y12M"
63000,╗Oе_ел,63000080,дхдs░╧,63000080-017,┐│╖~и╜,630,320,310,4122,1971,2151,862,388,474,"102Y12M"
63000,╗Oе_ел,63000080,дхдs░╧,63000080-018,┐│жwи╜,982,516,466,4909,2358,2551,973,415,558,"102Y12M"
63000,╗Oе_ел,63000080,дхдs░╧,63000080-019,┐│║╓и╜,1193,625,568,4504,2157,2347,659,301,358,"102Y12M"
63000,╗Oе_ел,63000080,дхдs░╧,63000080-020,┐│йЇи╜,1177,615,562,6415,3099,3316,843,370,473,"102Y12M"
63000,╗Oе_ел,63000080,дхдs░╧,63000080-021,┐│оїи╜,454,233,221,3027,1422,1605,561,265,296,"102Y12M"
63000,╗Oе_ел,63000080,дхдs░╧,63000080-022,┐│йўи╜,977,500,477,5181,2485,2696,839,376,463,"102Y12M"
63000,╗Oе_ел,63000080,дхдs░╧,63000080-023,╕╒░|и╜,1018,534,484,5319,2510,2809,883,396,487,"102Y12M"
63000,╗Oе_ел,63000080,дхдs░╧,63000080-024,╡╪┐│и╜,1331,663,668,6595,3202,3393,1175,523,652,"102Y12M"
63000,╗Oе_ел,63000080,дхдs░╧,63000080-025,й·╕qи╜,815,443,372,3383,1610,1773,538,268,270,"102Y12M"
63000,╗Oе_ел,63000080,дхдs░╧,63000080-026,й·┐│и╜,906,464,442,5499,2620,2879,806,382,424,"102Y12M"
63000,╗Oе_ел,63000080,дхдs░╧,63000080-027,дьм]и╜,1278,659,619,6253,2967,3286,1319,595,724,"102Y12M"
63000,╗Oе_ел,63000080,дхдs░╧,63000080-028,дь╖sи╜,1254,643,611,7804,3983,3821,1289,626,663,"102Y12M"
63000,╗Oе_ел,63000080,дхдs░╧,63000080-029,╢╢┐│и╜,1290,645,645,5751,2807,2944,839,397,442,"102Y12M"
63000,╗Oе_ел,63000080,дхдs░╧,63000080-030,╝╠кLи╜,1287,692,595,6425,3089,3336,1201,572,629,"102Y12M"
63000,╗Oе_ел,63000080,дхдs░╧,63000080-031,╝╠╖sи╜,1057,518,539,4400,2114,2286,591,264,327,"102Y12M"
63000,╗Oе_ел,63000080,дхдs░╧,63000080-032,╝╠╕}и╜,1002,512,490,4325,2098,2227,590,266,324,"102Y12M"
63000,╗Oе_ел,63000080,дхдs░╧,63000080-033,╕Uк┌и╜,1167,616,551,6222,2916,3306,858,409,449,"102Y12M"
63000,╗Oе_ел,63000080,дхдs░╧,63000080-034,│╒╣┼и╜,730,387,343,4265,2076,2189,723,338,385,"102Y12M"
63000,╗Oе_ел,63000080,дхдs░╧,63000080-035,╕U┐│и╜,1553,783,770,6239,3048,3191,992,462,530,"102Y12M"
63000,╗Oе_ел,63000080,дхдs░╧,63000080-036,л№лnи╜,495,275,220,2754,1417,1337,445,222,223,"102Y12M"
63000,╗Oе_ел,63000080,дхдs░╧,63000080-037,ж╤мuи╜,168,99,69,710,369,341,124,58,66,"102Y12M"
63000,╗Oе_ел,63000080,дхдs░╧,63000080-038,й╛╢╢и╜,460,258,202,2936,1425,1511,597,254,343,"102Y12M"
63000,╗Oе_ел,63000080,дхдs░╧,63000080-039,╕Uм№и╜,941,500,441,5558,2667,2891,860,394,466,"102Y12M"
63000,╗Oе_ел,63000080,дхдs░╧,63000080-040,мFдjи╜,1692,877,815,5272,2486,2786,551,250,301,"102Y12M"
63000,╗Oе_ел,63000080,дхдs░╧,63000080-041,╝╠дхи╜,981,508,473,4866,2344,2522,766,379,387,"102Y12M"
63000,╗Oе_ел,63000080,дхдs░╧,63000080-042,┐│и╣и╜,556,326,230,3502,1656,1846,677,304,373,"102Y12M"
63000,╗Oе_ел,63000080,дхдs░╧,63000080-043,╝╠╛Ёи╜,838,409,429,3700,1762,1938,569,264,305,"102Y12M"
63000,╗Oе_ел,63000090,лn┤ф░╧,63000090-001,лn┤фи╜,980,544,436,4952,2527,2425,826,394,432,"102Y12M"
63000,╗Oе_ел,63000090,лn┤ф░╧,63000090-002,ддлnи╜,587,326,261,2994,1500,1494,480,212,268,"102Y12M"
63000,╗Oе_ел,63000090,лn┤ф░╧,63000090-003,╖s┤Iи╜,599,310,289,3076,1525,1551,546,243,303,"102Y12M"
63000,╗Oе_ел,63000090,лn┤ф░╧,63000090-004,дTнли╜,994,517,477,4491,2153,2338,530,230,300,"102Y12M"
63000,╗Oе_ел,63000090,лn┤ф░╧,63000090-005,кF╖sи╜,1078,550,528,5601,2762,2839,815,376,439,"102Y12M"
63000,╗Oе_ел,63000090,лn┤ф░╧,63000090-006,╖sе·и╜,479,246,233,2969,1411,1558,499,224,275,"102Y12M"
63000,╗Oе_ел,63000090,лn┤ф░╧,63000090-007,кFй·и╜,849,452,397,4237,2087,2150,667,309,358,"102Y12M"
63000,╗Oе_ел,63000090,лn┤ф░╧,63000090-008,жш╖sи╜,723,376,347,3752,1855,1897,566,256,310,"102Y12M"
63000,╗Oе_ел,63000090,лn┤ф░╧,63000090-009,е╔жии╜,700,350,350,3860,1874,1986,627,286,341,"102Y12M"
63000,╗Oе_ел,63000090,лn┤ф░╧,63000090-010,жXжии╜,909,462,447,5298,2586,2712,969,446,523,"102Y12M"
63000,╗Oе_ел,63000090,лn┤ф░╧,63000090-011,жи║╓и╜,1007,508,499,5866,2808,3058,938,452,486,"102Y12M"
63000,╗Oе_ел,63000090,лn┤ф░╧,63000090-012,╕U║╓и╜,480,253,227,3216,1529,1687,596,261,335,"102Y12M"
63000,╗Oе_ел,63000090,лn┤ф░╧,63000090-013,┬E║╓и╜,588,290,298,3576,1690,1886,614,286,328,"102Y12M"
63000,╗Oе_ел,63000090,лn┤ф░╧,63000090-014,ж╩║╓и╜,733,399,334,4147,1993,2154,640,296,344,"102Y12M"
63000,╗Oе_ел,63000090,лn┤ф░╧,63000090-015,┴pжии╜,688,372,316,3974,1911,2063,745,349,396,"102Y12M"
63000,╗Oе_ел,63000090,лn┤ф░╧,63000090-016,┬┬▓°и╜,1433,743,690,7268,3584,3684,1091,489,602,"102Y12M"
63000,╗Oе_ел,63000090,лn┤ф░╧,63000090-017,ддмуи╜,1312,696,616,7032,3430,3602,1104,492,612,"102Y12M"
63000,╗Oе_ел,63000090,лn┤ф░╧,63000090-018,дEжpи╜,938,457,481,4910,2451,2459,882,429,453,"102Y12M"
63000,╗Oе_ел,63000090,лn┤ф░╧,63000090-019,дп║╓и╜,827,448,379,4434,2185,2249,649,289,360,"102Y12M"
63000,╗Oе_ел,63000090,лn┤ф░╧,63000090-020,нл╢зи╜,759,412,347,3349,1575,1774,303,137,166,"102Y12M"
63000,╗Oе_ел,63000100,д║┤Є░╧,63000100-001,жш┤Єи╜,897,470,427,6101,2929,3172,798,353,445,"102Y12M"
63000,╗Oе_ел,63000100,д║┤Є░╧,63000100-002,жш▒dи╜,1097,543,554,7369,3524,3845,993,437,556,"102Y12M"
63000,╗Oе_ел,63000100,д║┤Є░╧,63000100-003,жшжwи╜,759,409,350,5390,2562,2828,648,287,361,"102Y12M"
63000,╗Oе_ел,63000100,д║┤Є░╧,63000100-005,┤фсYи╜,1047,523,524,4740,2235,2505,582,260,322,"102Y12M"
63000,╗Oе_ел,63000100,д║┤Є░╧,63000100-006,┤ф│ги╜,996,516,480,4404,2071,2333,532,227,305,"102Y12M"
63000,╗Oе_ел,63000100,д║┤Є░╧,63000100-007,┤ф┤Iи╜,1510,816,694,7480,3545,3935,1051,458,593,"102Y12M"
63000,╗Oе_ел,63000100,д║┤Є░╧,63000100-008,┤ф╡╪и╜,1596,786,810,7121,3394,3727,774,369,405,"102Y12M"
63000,╗Oе_ел,63000100,д║┤Є░╧,63000100-009,д║┤Єи╜,686,334,352,4687,2145,2542,670,283,387,"102Y12M"
63000,╗Oе_ел,63000100,д║┤Є░╧,63000100-010,┤Є└╪и╜,1139,581,558,6356,2989,3367,1034,475,559,"102Y12M"
63000,╗Oе_ел,63000100,д║┤Є░╧,63000100-011,╡╡мPи╜,1008,499,509,6429,3100,3329,812,373,439,"102Y12M"
63000,╗Oе_ел,63000100,д║┤Є░╧,63000100-012,дj┤Єи╜,744,384,360,4396,2045,2351,507,240,267,"102Y12M"
63000,╗Oе_ел,63000100,д║┤Є░╧,63000100-013,кў└sи╜,636,342,294,4351,2126,2225,610,285,325,"102Y12M"
63000,╗Oе_ел,63000100,д║┤Є░╧,63000100-014,кў╖чи╜,1024,497,527,5361,2533,2828,658,315,343,"102Y12M"
63000,╗Oе_ел,63000100,д║┤Є░╧,63000100-015,║╤дsи╜,1038,552,486,5564,2715,2849,717,322,395,"102Y12M"
63000,╗Oе_ел,63000100,д║┤Є░╧,63000100-016,╡╡╢│и╜,911,482,429,4451,2157,2294,768,347,421,"102Y12M"
63000,╗Oе_ел,63000100,д║┤Є░╧,63000100-017,▓Mе╒и╜,1207,599,608,6543,2972,3571,752,335,417,"102Y12M"
63000,╗Oе_ел,63000100,д║┤Є░╧,63000100-018,╕ммwи╜,1641,871,770,5558,2571,2987,521,227,294,"102Y12M"
63000,╗Oе_ел,63000100,д║┤Є░╧,63000100-019,╡╡╢зи╜,1006,525,481,6481,3113,3368,731,329,402,"102Y12M"
63000,╗Oе_ел,63000100,д║┤Є░╧,63000100-020,╖ч╢зи╜,1033,517,516,5967,2850,3117,1164,536,628,"102Y12M"
63000,╗Oе_ел,63000100,д║┤Є░╧,63000100-021,╖че·и╜,547,258,289,3761,1785,1976,525,238,287,"102Y12M"
63000,╗Oе_ел,63000100,д║┤Є░╧,63000100-022,днд└и╜,2482,1287,1195,8455,3980,4475,835,380,455,"102Y12M"
63000,╗Oе_ел,63000100,д║┤Є░╧,63000100-023,кF┤Єи╜,1464,766,698,6897,3271,3626,595,259,336,"102Y12M"
63000,╗Oе_ел,63000100,д║┤Є░╧,63000100-024,╝╓▒dи╜,1517,787,730,7083,3346,3737,587,263,324,"102Y12M"
63000,╗Oе_ел,63000100,д║┤Є░╧,63000100-025,д║╖╛и╜,739,391,348,3919,1915,2004,402,184,218,"102Y12M"
63000,╗Oе_ел,63000100,д║┤Є░╧,63000100-026,╢gм№и╜,886,468,418,5629,2777,2852,810,379,431,"102Y12M"
63000,╗Oе_ел,63000100,д║┤Є░╧,63000100-027,жц╡╜и╜,850,436,414,5226,2627,2599,732,332,400,"102Y12M"
63000,╗Oе_ел,63000100,д║┤Є░╧,63000100-028,е█╝ци╜,459,240,219,2615,1247,1368,381,175,206,"102Y12M"
63000,╗Oе_ел,63000100,д║┤Є░╧,63000100-029,┤Є┐│и╜,1034,518,516,6772,3450,3322,854,422,432,"102Y12M"
63000,╗Oе_ел,63000100,д║┤Є░╧,63000100-030,┤Єд╕и╜,763,371,392,4518,2197,2321,531,250,281,"102Y12M"
63000,╗Oе_ел,63000100,д║┤Є░╧,63000100-031,жw┤Єи╜,1515,772,743,6332,3012,3320,553,243,310,"102Y12M"
63000,╗Oе_ел,63000100,д║┤Є░╧,63000100-032,иq┤Єи╜,746,398,348,4972,2386,2586,759,347,412,"102Y12M"
63000,╗Oе_ел,63000100,д║┤Є░╧,63000100-033,жwоїи╜,898,446,452,4424,2088,2336,435,227,208,"102Y12M"
63000,╗Oе_ел,63000100,д║┤Є░╧,63000100-034,кў┤Єи╜,2221,1134,1087,7360,3383,3977,765,320,445,"102Y12M"
63000,╗Oе_ел,63000100,д║┤Є░╧,63000100-035,▒d╣чи╜,1914,982,932,7000,3325,3675,730,349,381,"102Y12M"
63000,╗Oе_ел,63000100,д║┤Є░╧,63000100-036,й·┤Єи╜,1134,611,523,4266,1968,2298,360,167,193,"102Y12M"
63000,╗Oе_ел,63000100,д║┤Є░╧,63000100-037,─кмwи╜,200,104,96,992,530,462,124,67,57,"102Y12M"
63000,╗Oе_ел,63000100,д║┤Є░╧,63000100-038,─Rдsи╜,983,502,481,4630,2207,2423,554,247,307,"102Y12M"
63000,╗Oе_ел,63000100,д║┤Є░╧,63000100-039,─_┤Єи╜,1403,728,675,6173,2916,3257,619,284,335,"102Y12M"
63000,╗Oе_ел,63000100,д║┤Є░╧,63000100-040,лn┤Єи╜,1303,653,650,4180,1877,2303,383,166,217,"102Y12M"
63000,╗Oе_ел,63000110,дhкL░╧,63000110-001,дплiи╜,666,352,314,3021,1462,1559,652,305,347,"102Y12M"
63000,╗Oе_ел,63000110,дhкL░╧,63000110-002,╕qлHи╜,537,288,249,2455,1203,1252,474,204,270,"102Y12M"
63000,╗Oе_ел,63000110,дhкL░╧,63000110-003,║╓кLи╜,405,203,202,2270,1095,1175,575,247,328,"102Y12M"
63000,╗Oе_ел,63000110,дhкL░╧,63000110-004,║╓╝wи╜,722,377,345,4442,2332,2110,964,504,460,"102Y12M"
63000,╗Oе_ел,63000110,дhкL░╧,63000110-005,║╓з╙и╜,1000,544,456,5672,2693,2979,1282,560,722,"102Y12M"
63000,╗Oе_ел,63000110,дhкL░╧,63000110-006,┬┬и╬и╜,799,412,387,4565,2180,2385,1020,436,584,"102Y12M"
63000,╗Oе_ел,63000110,дhкL░╧,63000110-007,║╓и╬и╜,1212,633,579,5854,2786,3068,1220,546,674,"102Y12M"
63000,╗Oе_ел,63000110,дhкL░╧,63000110-008,лс┤фи╜,1102,546,556,6392,3183,3209,1068,485,583,"102Y12M"
63000,╗Oе_ел,63000110,дhкL░╧,63000110-009,║╓дди╜,1277,650,627,5368,2542,2826,744,350,394,"102Y12M"
63000,╗Oе_ел,63000110,дhкL░╧,63000110-010,лe┤фи╜,772,384,388,3554,1710,1844,523,238,285,"102Y12M"
63000,╗Oе_ел,63000110,дhкL░╧,63000110-011,ж╩─╓и╜,1206,615,591,5668,2772,2896,865,399,466,"102Y12M"
63000,╗Oе_ел,63000110,дhкL░╧,63000110-012,й╙╝wи╜,774,395,379,4379,2036,2343,814,360,454,"102Y12M"
63000,╗Oе_ел,63000110,дhкL░╧,63000110-013,║╓╡╪и╜,933,481,452,5171,2531,2640,968,413,555,"102Y12M"
63000,╗Oе_ел,63000110,дhкL░╧,63000110-014,й·│╙и╜,653,338,315,3762,1853,1909,752,310,442,"102Y12M"
63000,╗Oе_ел,63000110,дhкL░╧,63000110-015,║╓╢╢и╜,769,404,365,4024,1989,2035,756,375,381,"102Y12M"
63000,╗Oе_ел,63000110,дhкL░╧,63000110-016,┤Iе·и╜,914,470,444,4592,2287,2305,791,357,434,"102Y12M"
63000,╗Oе_ел,63000110,дhкL░╧,63000110-017,╕м─ки╜,1188,628,560,5754,2789,2965,1043,471,572,"102Y12M"
63000,╗Oе_ел,63000110,дhкL░╧,63000110-018,╕мкFи╜,540,294,246,3118,1527,1591,524,241,283,"102Y12M"
63000,╗Oе_ел,63000110,дhкL░╧,63000110-019,к└дlи╜,974,481,493,5015,2506,2509,847,389,458,"102Y12M"
63000,╗Oе_ел,63000110,дhкL░╧,63000110-020,к└╖sи╜,1251,650,601,6842,3454,3388,1128,490,638,"102Y12M"
63000,╗Oе_ел,63000110,дhкL░╧,63000110-021,к└╢щи╜,1169,639,530,5812,2871,2941,878,397,481,"102Y12M"
63000,╗Oе_ел,63000110,дhкL░╧,63000110-022,е├н█и╜,905,474,431,5732,2883,2849,968,442,526,"102Y12M"
63000,╗Oе_ел,63000110,дhкL░╧,63000110-023,║╓жwи╜,637,344,293,3742,2043,1699,627,308,319,"102Y12M"
63000,╗Oе_ел,63000110,дhкL░╧,63000110-024,┤Iмwи╜,654,358,296,4428,2375,2053,720,349,371,"102Y12M"
63000,╗Oе_ел,63000110,дhкL░╧,63000110-025,йедsи╜,448,215,233,2781,1328,1453,480,211,269,"102Y12M"
63000,╗Oе_ел,63000110,дhкL░╧,63000110-026,жWдsи╜,988,484,504,5538,2594,2944,1006,446,560,"102Y12M"
63000,╗Oе_ел,63000110,дhкL░╧,63000110-027,╝wжци╜,591,332,259,3362,1536,1826,651,288,363,"102Y12M"
63000,╗Oе_ел,63000110,дhкL░╧,63000110-028,╝w╡╪и╜,765,365,400,4357,2030,2327,834,365,469,"102Y12M"
63000,╗Oе_ел,63000110,дhкL░╧,63000110-029,╕tдsи╜,681,368,313,3951,1851,2100,735,345,390,"102Y12M"
63000,╗Oе_ел,63000110,дhкL░╧,63000110-030,й╛╕█и╜,760,389,371,4277,2011,2266,963,457,506,"102Y12M"
63000,╗Oе_ел,63000110,дhкL░╧,63000110-031,к█дsи╜,1074,567,507,6013,2871,3142,858,380,478,"102Y12M"
63000,╗Oе_ел,63000110,дhкL░╧,63000110-032,кFдsи╜,762,408,354,4089,1980,2109,705,340,365,"102Y12M"
63000,╗Oе_ел,63000110,дhкL░╧,63000110-033,дTе╔и╜,761,397,364,4566,2095,2471,755,342,413,"102Y12M"
63000,╗Oе_ел,63000110,дhкL░╧,63000110-034,─ї╢ои╜,1078,584,494,6780,3134,3646,1154,539,615,"102Y12M"
63000,╗Oе_ел,63000110,дhкL░╧,63000110-035,─ї┐│и╜,882,455,427,5136,2412,2724,842,393,449,"102Y12M"
63000,╗Oе_ел,63000110,дhкL░╧,63000110-036,д╤║╓и╜,1007,534,473,4950,2299,2651,771,322,449,"102Y12M"
63000,╗Oе_ел,63000110,дhкL░╧,63000110-037,д╤╕Sи╜,727,407,320,3948,1805,2143,722,320,402,"102Y12M"
63000,╗Oе_ел,63000110,дhкL░╧,63000110-038,д╤╣╪и╜,777,406,371,3820,1730,2090,679,324,355,"102Y12M"
63000,╗Oе_ел,63000110,дhкL░╧,63000110-039,д╤йMи╜,1253,649,604,6009,2809,3200,923,419,504,"102Y12M"
63000,╗Oе_ел,63000110,дhкL░╧,63000110-040,д╤дsи╜,1075,567,508,5433,2492,2941,1004,455,549,"102Y12M"
63000,╗Oе_ел,63000110,дhкL░╧,63000110-041,д╤е╔и╜,1475,791,684,6656,2997,3659,1181,515,666,"102Y12M"
63000,╗Oе_ел,63000110,дhкL░╧,63000110-042,д╤е└и╜,1043,560,483,5070,2368,2702,971,411,560,"102Y12M"
63000,╗Oе_ел,63000110,дhкL░╧,63000110-043,е├║╓и╜,120,65,55,952,479,473,289,152,137,"102Y12M"
63000,╗Oе_ел,63000110,дhкL░╧,63000110-044,д╜└]и╜,156,94,62,1063,562,501,250,118,132,"102Y12M"
63000,╗Oе_ел,63000110,дhкL░╧,63000110-045,╖sжwи╜,220,99,121,1495,785,710,410,196,214,"102Y12M"
63000,╗Oе_ел,63000110,дhкL░╧,63000110-046,╢зй·и╜,264,143,121,2232,1093,1139,668,305,363,"102Y12M"
63000,╗Oе_ел,63000110,дhкL░╧,63000110-047,╡╫дsи╜,198,103,95,1264,692,572,258,131,127,"102Y12M"
63000,╗Oе_ел,63000110,дhкL░╧,63000110-048,ен╡еи╜,165,77,88,1110,565,545,248,132,116,"102Y12M"
63000,╗Oе_ел,63000110,дhкL░╧,63000110-049,╖╦дsи╜,175,96,79,1066,571,495,255,116,139,"102Y12M"
63000,╗Oе_ел,63000110,дhкL░╧,63000110-050,╗Aдsи╜,219,117,102,2001,966,1035,582,264,318,"102Y12M"
63000,╗Oе_ел,63000110,дhкL░╧,63000110-051,┴{╖╦и╜,303,161,142,2191,1079,1112,577,270,307,"102Y12M"
63000,╗Oе_ел,63000120,е_зы░╧,63000120-001,л╪е┴и╜,518,269,249,3099,1485,1614,603,279,324,"102Y12M"
63000,╗Oе_ел,63000120,е_зы░╧,63000120-002,дхкLи╜,563,291,272,3242,1571,1671,643,290,353,"102Y12M"
63000,╗Oе_ел,63000120,е_зы░╧,63000120-003,е█╡Pи╜,775,397,378,4216,1987,2229,718,327,391,"102Y12M"
63000,╗Oе_ел,63000120,е_зы░╧,63000120-004,║╓┐│и╜,1368,711,657,5469,2557,2912,809,369,440,"102Y12M"
63000,╗Oе_ел,63000120,е_зы░╧,63000120-005,║aе·и╜,1576,799,777,5564,2639,2925,938,425,513,"102Y12M"
63000,╗Oе_ел,63000120,е_зы░╧,63000120-006,║a╡╪и╜,1067,588,479,5798,2707,3091,1066,488,578,"102Y12M"
63000,╗Oе_ел,63000120,е_зы░╧,63000120-007,╕╬е┴и╜,1127,616,511,5830,2731,3099,992,459,533,"102Y12M"
63000,╗Oе_ел,63000120,е_зы░╧,63000120-008,о╢╡╪и╜,1154,593,561,5840,2752,3088,1154,506,648,"102Y12M"
63000,╗Oе_ел,63000120,е_зы░╧,63000120-009,е├йMи╜,1371,726,645,6903,3293,3610,1164,517,647,"102Y12M"
63000,╗Oе_ел,63000120,е_зы░╧,63000120-010,е├кYи╜,1231,621,610,5843,2738,3105,1048,465,583,"102Y12M"
63000,╗Oе_ел,63000120,е_зы░╧,63000120-011,е├й·и╜,1032,523,509,3710,1703,2007,580,263,317,"102Y12M"
63000,╗Oе_ел,63000120,е_зы░╧,63000120-012,кF╡╪и╜,734,375,359,3534,1644,1890,581,274,307,"102Y12M"
63000,╗Oе_ел,63000120,е_зы░╧,63000120-013,жNзQи╜,1495,817,678,5168,2417,2751,848,376,472,"102Y12M"
63000,╗Oе_ел,63000120,е_зы░╧,63000120-014,жN╝yи╜,1086,564,522,3983,1847,2136,660,285,375,"102Y12M"
63000,╗Oе_ел,63000120,е_зы░╧,63000120-015,┤L╜хи╜,944,468,476,3570,1689,1881,618,277,341,"102Y12M"
63000,╗Oе_ел,63000120,е_зы░╧,63000120-016,е▀╜хи╜,1071,557,514,4254,1962,2292,611,277,334,"102Y12M"
63000,╗Oе_ел,63000120,е_зы░╧,63000120-017,е▀╣Aи╜,1696,907,789,7086,3377,3709,928,417,511,"102Y12M"
63000,╗Oе_ел,63000120,е_зы░╧,63000120-018,дKеPи╜,744,399,345,4285,2093,2192,671,303,368,"102Y12M"
63000,╗Oе_ел,63000120,е_зы░╧,63000120-019,мwм№и╜,310,165,145,1617,828,789,284,141,143,"102Y12M"
63000,╗Oе_ел,63000120,е_зы░╧,63000120-020,й_йеи╜,1132,606,526,7521,3725,3796,1225,548,677,"102Y12M"
63000,╗Oе_ел,63000120,е_зы░╧,63000120-021,▓Mж┐и╜,1167,632,535,7329,3713,3616,1293,629,664,"102Y12M"
63000,╗Oе_ел,63000120,е_зы░╧,63000120-022,ддеби╜,1300,677,623,6860,3283,3577,1057,468,589,"102Y12M"
63000,╗Oе_ел,63000120,е_зы░╧,63000120-023,к°жwи╜,852,428,424,4688,2185,2503,805,351,454,"102Y12M"
63000,╗Oе_ел,63000120,е_зы░╧,63000120-024,дjжPи╜,889,466,423,4678,2312,2366,730,339,391,"102Y12M"
63000,╗Oе_ел,63000120,е_зы░╧,63000120-025,╖┼мuи╜,869,443,426,5206,2482,2724,955,425,530,"102Y12M"
63000,╗Oе_ел,63000120,е_зы░╧,63000120-026,кLмuи╜,381,194,187,2579,1275,1304,538,268,270,"102Y12M"
63000,╗Oе_ел,63000120,е_зы░╧,63000120-027,ддд▀и╜,733,365,368,4904,2307,2597,902,382,520,"102Y12M"
63000,╗Oе_ел,63000120,е_зы░╧,63000120-028,дд▒eи╜,576,304,272,3401,1602,1799,637,312,325,"102Y12M"
63000,╗Oе_ел,63000120,е_зы░╧,63000120-029,╢}й·и╜,741,353,388,5091,2474,2617,895,395,500,"102Y12M"
63000,╗Oе_ел,63000120,е_зы░╧,63000120-030,ддйMи╜,661,336,325,3801,1835,1966,808,360,448,"102Y12M"
63000,╗Oе_ел,63000120,е_зы░╧,63000120-031,┤╝дпи╜,1017,526,491,4759,2264,2495,809,353,456,"102Y12M"
63000,╗Oе_ел,63000120,е_зы░╧,63000120-032,иqдsи╜,411,211,200,2523,1254,1269,550,261,289,"102Y12M"
63000,╗Oе_ел,63000120,е_зы░╧,63000120-033,дхд╞и╜,827,415,412,3181,1538,1643,552,239,313,"102Y12M"
63000,╗Oе_ел,63000120,е_зы░╧,63000120-034,┬╫ж~и╜,836,412,424,3486,1705,1781,570,254,316,"102Y12M"
63000,╗Oе_ел,63000120,е_зы░╧,63000120-035,╜_н╗и╜,572,329,243,4000,2031,1969,652,307,345,"102Y12M"
63000,╗Oе_ел,63000120,е_зы░╧,63000120-036,оч╖╜и╜,689,344,345,4794,2390,2404,645,300,345,"102Y12M"
63000,╗Oе_ел,63000120,е_зы░╧,63000120-037,д@╝wи╜,1055,559,496,5498,2742,2756,808,371,437,"102Y12M"
63000,╗Oе_ел,63000120,е_зы░╧,63000120-038,├Ў┤чи╜,1483,794,689,8585,4195,4390,1503,775,728,"102Y12M"
63000,╗Oе_ел,63000120,е_зы░╧,63000120-039,мu╖╜и╜,270,142,128,1880,1001,879,407,198,209,"102Y12M"
63000,╗Oе_ел,63000120,е_зы░╧,63000120-040,┤Єдsи╜,156,76,80,1280,688,592,379,184,195,"102Y12M"
63000,╗Oе_ел,63000120,е_зы░╧,63000120-041,дjд┘и╜,153,94,59,910,459,451,197,102,95,"102Y12M"
63000,╗Oе_ел,63000120,е_зы░╧,63000120-042,┤Єе╨и╜,93,50,43,757,429,328,164,84,80,"102Y12M"
66000,╗Oддел,66000010,дд░╧,66000010-001,─~е·и╜,425,212,213,1405,661,744,276,148,128,"102Y12M"
66000,╗Oддел,66000010,дд░╧,66000010-002,дj╝[и╜,765,380,385,1961,928,1033,414,207,207,"102Y12M"
66000,╗Oддел,66000010,дд░╧,66000010-003,║ёдtи╜,472,258,214,1565,774,791,324,156,168,"102Y12M"
66000,╗Oддел,66000010,дд░╧,66000010-004,д╜╢щи╜,422,223,199,1360,632,728,300,155,145,"102Y12M"
66000,╗Oддел,66000010,дд░╧,66000010-005,е·┤_и╜,560,272,288,1962,962,1000,374,171,203,"102Y12M"
66000,╗Oддел,66000010,дд░╧,66000010-006,мhдtи╜,459,251,208,1667,863,804,307,139,168,"102Y12M"
66000,╗Oддел,66000010,дд░╧,66000010-007,дj╕█и╜,493,259,234,1926,985,941,354,175,179,"102Y12M"
66000,╗Oддел,66000010,дд░╧,66000010-008,дд╡╪и╜,444,222,222,1482,756,726,291,149,142,"102Y12M"
66000,╗Oддел,66000020,кF░╧,66000020-001,╖s╔▄и╜,607,349,258,2668,1387,1281,561,281,280,"102Y12M"
66000,╗Oддел,66000020,кF░╧,66000020-002,о╢┐│и╜,433,230,203,2796,1430,1366,524,242,282,"102Y12M"
66000,╗Oддел,66000020,кF░╧,66000020-003,кF╛Їи╜,550,259,291,3224,1565,1659,514,240,274,"102Y12M"
66000,╗Oддел,66000020,кF░╧,66000020-004,кF┐│и╜,386,203,183,2465,1226,1239,487,226,261,"102Y12M"
66000,╗Oддел,66000020,кF░╧,66000020-005,дzл░и╜,272,145,127,2017,1015,1002,499,230,269,"102Y12M"
66000,╗Oддел,66000020,кF░╧,66000020-006,мu╖╜и╜,200,99,101,1377,766,611,297,148,149,"102Y12M"
66000,╗Oддел,66000020,кF░╧,66000020-007,зЄ╖╦и╜,329,178,151,2104,1105,999,400,181,219,"102Y12M"
66000,╗Oддел,66000020,кF░╧,66000020-008,╝╓жии╜,361,173,188,1926,961,965,287,134,153,"102Y12M"
66000,╗Oддел,66000020,кF░╧,66000020-009,кFк∙и╜,998,535,463,5641,2787,2854,593,282,311,"102Y12M"
66000,╗Oддел,66000020,кF░╧,66000020-010,дQе╥и╜,655,337,318,3957,1946,2011,374,179,195,"102Y12M"
66000,╗Oддел,66000020,кF░╧,66000020-011,кFлnи╜,567,310,257,3336,1643,1693,483,209,274,"102Y12M"
66000,╗Oддел,66000020,кF░╧,66000020-012,кF╢╒и╜,426,240,186,2344,1174,1170,496,248,248,"102Y12M"
66000,╗Oддел,66000020,кF░╧,66000020-013,жXз@и╜,745,409,336,3422,1701,1721,822,387,435,"102Y12M"
66000,╗Oддел,66000020,кF░╧,66000020-014,┤Iеxи╜,196,103,93,1454,770,684,341,150,191,"102Y12M"
66000,╗Oддел,66000020,кF░╧,66000020-015,┤Iдпи╜,521,270,251,3537,1807,1730,803,358,445,"102Y12M"
66000,╗Oддел,66000020,кF░╧,66000020-016,кFлHи╜,1548,804,744,7725,3789,3936,758,362,396,"102Y12M"
66000,╗Oддел,66000020,кF░╧,66000020-017,кFн^и╜,1022,541,481,5956,2929,3027,568,269,299,"102Y12M"
66000,╗Oддел,66000030,лn░╧,66000030-001,л░╢ки╜,363,175,188,2896,1464,1432,676,300,376,"102Y12M"
66000,╗Oддел,66000030,лn░╧,66000030-002,░ъе·и╜,482,269,213,3432,1677,1755,664,288,376,"102Y12M"
66000,╗Oддел,66000030,лn░╧,66000030-003,лnк∙и╜,470,265,205,3130,1494,1636,504,234,270,"102Y12M"
66000,╗Oддел,66000030,лn░╧,66000030-004,╝w╕qи╜,323,178,145,2502,1200,1302,346,162,184,"102Y12M"
66000,╗Oддел,66000030,лn░╧,66000030-005,┐n╡╜и╜,329,189,140,2395,1180,1215,388,173,215,"102Y12M"
66000,╗Oддел,66000030,лn░╧,66000030-006,ж┐дtи╜,397,203,194,2531,1235,1296,337,147,190,"102Y12M"
66000,╗Oддел,66000030,лn░╧,66000030-007,╖s║aи╜,1051,542,509,3824,1694,2130,325,137,188,"102Y12M"
66000,╗Oддел,66000030,лn░╧,66000030-008,║╓┐│и╜,564,295,269,3313,1653,1660,528,232,296,"102Y12M"
66000,╗Oддел,66000030,лn░╧,66000030-009,║╓ени╜,836,410,426,4665,2250,2415,573,257,316,"102Y12M"
66000,╗Oддел,66000030,лn░╧,66000030-010,йMени╜,689,341,348,3343,1561,1782,309,145,164,"102Y12M"
66000,╗Oддел,66000030,лn░╧,66000030-011,е├┐│и╜,1437,753,684,6439,3034,3405,442,195,247,"102Y12M"
66000,╗Oддел,66000030,лn░╧,66000030-012,╛Ё╕qи╜,2438,1275,1163,9110,4319,4791,706,330,376,"102Y12M"
66000,╗Oддел,66000030,лn░╧,66000030-013,╛Ё╝wи╜,1367,714,653,6620,3158,3462,492,238,254,"102Y12M"
66000,╗Oддел,66000030,лn░╧,66000030-014,жшдtи╜,919,462,457,3780,1783,1997,426,191,235,"102Y12M"
66000,╗Oддел,66000030,лn░╧,66000030-015,к°мKи╜,420,211,209,1758,872,886,374,158,216,"102Y12M"
66000,╗Oддел,66000030,лn░╧,66000030-016,к°║aи╜,633,341,292,2270,1089,1181,418,187,231,"102Y12M"
66000,╗Oддел,66000030,лn░╧,66000030-017,║╓╢╢и╜,884,446,438,4625,2201,2424,515,247,268,"102Y12M"
66000,╗Oддел,66000030,лn░╧,66000030-018,енйMи╜,524,288,236,3179,1585,1594,501,223,278,"102Y12M"
66000,╗Oддел,66000030,лn░╧,66000030-019,лnйMи╜,976,511,465,5981,2975,3006,421,193,228,"102Y12M"
66000,╗Oддел,66000030,лn░╧,66000030-020,е├йMи╜,704,374,330,3988,1888,2100,393,191,202,"102Y12M"
66000,╗Oддел,66000030,лn░╧,66000030-021,дu╛╟и╜,1213,672,541,5347,2465,2882,425,190,235,"102Y12M"
66000,╗Oддел,66000030,лn░╧,66000030-022,▒Rн█и╜,1158,631,527,4841,2301,2540,440,195,245,"102Y12M"
66000,╗Oддел,66000040,жш░╧,66000040-001,е┴е═и╜,840,429,411,1741,780,961,376,174,202,"102Y12M"
66000,╗Oддел,66000040,жш░╧,66000040-002,зQе┴и╜,791,371,420,1462,667,795,265,115,150,"102Y12M"
66000,╗Oддел,66000040,жш░╧,66000040-003,дTе┴и╜,987,496,491,1954,946,1008,322,172,150,"102Y12M"
66000,╗Oддел,66000040,жш░╧,66000040-004,кFк@и╜,570,282,288,2009,929,1080,386,177,209,"102Y12M"
66000,╗Oддел,66000040,жш░╧,66000040-005,╝sе┴и╜,459,227,232,1341,646,695,309,136,173,"102Y12M"
66000,╗Oддел,66000040,жш░╧,66000040-006,енйMи╜,516,267,249,1677,785,892,281,121,160,"102Y12M"
66000,╗Oддел,66000040,жш░╧,66000040-007,д╜е┴и╜,666,340,326,4115,1977,2138,741,317,424,"102Y12M"
66000,╗Oддел,66000040,жш░╧,66000040-008,┬┼┐│и╜,1132,587,545,3440,1608,1832,600,278,322,"102Y12M"
66000,╗Oддел,66000040,жш░╧,66000040-009,д╜БFи╜,947,479,468,4980,2393,2587,718,331,387,"102Y12M"
66000,╗Oддел,66000040,жш░╧,66000040-010,йM└sи╜,303,149,154,2021,1035,986,376,179,197,"102Y12M"
66000,╗Oддел,66000040,жш░╧,66000040-011,е┴└sи╜,521,277,244,2930,1417,1513,422,195,227,"102Y12M"
66000,╗Oддел,66000040,жш░╧,66000040-012,лс└sи╜,622,323,299,2886,1380,1506,594,282,312,"102Y12M"
66000,╗Oддел,66000040,жш░╧,66000040-013,жw└sи╜,293,156,137,2364,1188,1176,501,239,262,"102Y12M"
66000,╗Oддел,66000040,жш░╧,66000040-014,жN└sи╜,1122,575,547,5964,2787,3177,799,364,435,"102Y12M"
66000,╗Oддел,66000040,жш░╧,66000040-015,к@ени╜,829,422,407,5064,2387,2677,754,335,419,"102Y12M"
66000,╗Oддел,66000040,жш░╧,66000040-016,й╛й·и╜,832,436,396,4824,2299,2525,799,372,427,"102Y12M"
66000,╗Oддел,66000040,жш░╧,66000040-017,д╜е┐и╜,1268,662,606,5648,2538,3110,440,196,244,"102Y12M"
66000,╗Oддел,66000040,жш░╧,66000040-018,дgоwи╜,952,516,436,5029,2427,2602,680,308,372,"102Y12M"
66000,╗Oддел,66000040,жш░╧,66000040-019,й╛╕█и╜,890,461,429,5145,2480,2665,859,370,489,"102Y12M"
66000,╗Oддел,66000040,жш░╧,66000040-020,д╜пqи╜,419,212,207,2589,1237,1352,382,173,209,"102Y12M"
66000,╗Oддел,66000040,жш░╧,66000040-021,дд┐│и╜,574,300,274,3278,1547,1731,566,258,308,"102Y12M"
66000,╗Oддел,66000040,жш░╧,66000040-022,д╜ени╜,796,412,384,4481,2018,2463,427,199,228,"102Y12M"
66000,╗Oддел,66000040,жш░╧,66000040-023,д╜╝wи╜,769,395,374,3893,1801,2092,365,165,200,"102Y12M"
66000,╗Oддел,66000040,жш░╧,66000040-024,О{└sи╜,373,213,160,2534,1214,1320,471,207,264,"102Y12M"
66000,╗Oддел,66000040,жш░╧,66000040-025,дjй╛и╜,803,411,392,3897,1783,2114,424,193,231,"102Y12M"
66000,╗Oддел,66000050,е_░╧,66000050-001,е·дjи╜,252,136,116,1813,881,932,294,133,161,"102Y12M"
66000,╗Oддел,66000050,е_░╧,66000050-002,дх▓°и╜,399,222,177,2818,1334,1484,714,312,402,"102Y12M"
66000,╗Oддел,66000050,е_░╧,66000050-003,дн▒`и╜,237,131,106,1283,654,629,197,80,117,"102Y12M"
66000,╗Oддел,66000050,е_░╧,66000050-004,╖s┐│и╜,155,80,75,1349,690,659,339,170,169,"102Y12M"
66000,╗Oддел,66000050,е_░╧,66000050-005,╖sе_и╜,216,122,94,1514,736,778,360,165,195,"102Y12M"
66000,╗Oддел,66000050,е_░╧,66000050-006,╝╓н^и╜,269,144,125,2286,1140,1146,685,313,372,"102Y12M"
66000,╗Oддел,66000050,е_░╧,66000050-007,└Aз°и╜,424,225,199,2733,1363,1370,533,243,290,"102Y12M"
66000,╗Oддел,66000050,е_░╧,66000050-008,л╪жии╜,798,398,400,4951,2439,2512,444,223,221,"102Y12M"
66000,╗Oддел,66000050,е_░╧,66000050-009,└Aмwи╜,481,258,223,2912,1418,1494,416,203,213,"102Y12M"
66000,╗Oддел,66000050,е_░╧,66000050-010,кў╡╪и╜,407,222,185,2054,991,1063,328,148,180,"102Y12M"
66000,╗Oддел,66000050,е_░╧,66000050-011,кў└sи╜,544,283,261,3747,1837,1910,738,331,407,"102Y12M"
66000,╗Oддел,66000050,е_░╧,66000050-012,кЇнэи╜,399,208,191,1863,868,995,312,140,172,"102Y12M"
66000,╗Oддел,66000050,е_░╧,66000050-013,л╪┐│и╜,892,467,425,5155,2459,2696,730,329,401,"102Y12M"
66000,╗Oддел,66000050,е_░╧,66000050-014,│╗нэи╜,673,373,300,3659,1701,1958,522,235,287,"102Y12M"
66000,╗Oддел,66000050,е_░╧,66000050-015,┐рнэи╜,962,502,460,4706,2376,2330,471,246,225,"102Y12M"
66000,╗Oддел,66000050,е_░╧,66000050-016,┐рз°и╜,684,378,306,3996,1892,2104,591,255,336,"102Y12M"
66000,╗Oддел,66000050,е_░╧,66000050-017,и|╝wи╜,563,310,253,2991,1403,1588,478,214,264,"102Y12M"
66000,╗Oддел,66000050,е_░╧,66000050-018,▓H╖╛и╜,767,380,387,4363,2080,2283,635,293,342,"102Y12M"
66000,╗Oддел,66000050,е_░╧,66000050-019,дд╣Fи╜,451,241,210,2356,1184,1172,406,164,242,"102Y12M"
66000,╗Oддел,66000050,е_░╧,66000050-020,└A▓╗и╜,522,256,266,3198,1525,1673,449,198,251,"102Y12M"
66000,╗Oддел,66000050,е_░╧,66000050-021,░╖жци╜,1017,528,489,5507,2659,2848,849,395,454,"102Y12M"
66000,╗Oддел,66000050,е_░╧,66000050-022,й·╝wи╜,799,437,362,4688,2242,2446,561,259,302,"102Y12M"
66000,╗Oддел,66000050,е_░╧,66000050-023,к°лCи╜,1150,592,558,5654,2586,3068,627,280,347,"102Y12M"
66000,╗Oддел,66000050,е_░╧,66000050-024,┐рй·и╜,679,339,340,3528,1614,1914,334,152,182,"102Y12M"
66000,╗Oддел,66000050,е_░╧,66000050-025,┐р┐│и╜,701,377,324,3653,1685,1968,338,156,182,"102Y12M"
66000,╗Oддел,66000050,е_░╧,66000050-026,дде┐и╜,489,234,255,1293,598,695,267,128,139,"102Y12M"
66000,╗Oддел,66000050,е_░╧,66000050-027,д╗жXи╜,183,98,85,1511,784,727,296,135,161,"102Y12M"
66000,╗Oддел,66000050,е_░╧,66000050-028,дj┤Єи╜,270,131,139,1998,1017,981,394,181,213,"102Y12M"
66000,╗Oддел,66000050,е_░╧,66000050-029,└Aени╜,274,136,138,1709,831,878,379,169,210,"102Y12M"
66000,╗Oддел,66000050,е_░╧,66000050-030,л╪╝wи╜,471,243,228,3068,1511,1557,524,231,293,"102Y12M"
66000,╗Oддел,66000050,е_░╧,66000050-031,▒R╝wи╜,550,297,253,3066,1429,1637,412,187,225,"102Y12M"
66000,╗Oддел,66000050,е_░╧,66000050-032,┐рйЇи╜,784,401,383,4062,1892,2170,387,175,212,"102Y12M"
66000,╗Oддел,66000050,е_░╧,66000050-033,й·╖sи╜,369,208,161,2485,1192,1293,320,143,177,"102Y12M"
66000,╗Oддел,66000050,е_░╧,66000050-034,е▀дHи╜,643,327,316,3374,1568,1806,296,128,168,"102Y12M"
66000,╗Oддел,66000050,е_░╧,66000050-035,▒Ўдtи╜,656,321,335,2905,1313,1592,220,103,117,"102Y12M"
66000,╗Oддел,66000050,е_░╧,66000050-036,┐р║╓и╜,859,437,422,3375,1569,1806,422,191,231,"102Y12M"
66000,╗Oддел,66000060,жшд┘░╧,66000060-001,жшжwи╜,992,545,447,4315,2048,2267,430,196,234,"102Y12M"
66000,╗Oддел,66000060,жшд┘░╧,66000060-002,жш╝[и╜,888,474,414,3547,1764,1783,472,233,239,"102Y12M"
66000,╗Oддел,66000060,жшд┘░╧,66000060-003,╝щмvи╜,818,452,366,4271,2226,2045,404,210,194,"102Y12M"
66000,╗Oддел,66000060,жшд┘░╧,66000060-004,└s╝ци╜,176,88,88,701,385,316,157,76,81,"102Y12M"
66000,╗Oддел,66000060,жшд┘░╧,66000060-005,┤fи╙и╜,3307,1693,1614,10178,4651,5527,749,344,405,"102Y12M"
66000,╗Oддел,66000060,жшд┘░╧,66000060-006,дWе█и╜,1094,572,522,4377,2000,2377,277,124,153,"102Y12M"
66000,╗Oддел,66000060,жшд┘░╧,66000060-007,│{е╥и╜,749,386,363,3936,1839,2097,406,193,213,"102Y12M"
66000,╗Oддел,66000060,жшд┘░╧,66000060-008,─P╡{и╜,427,231,196,2152,1066,1086,693,293,400,"102Y12M"
66000,╗Oддел,66000060,жшд┘░╧,66000060-009,жєжwи╜,855,468,387,4525,2100,2425,520,243,277,"102Y12M"
66000,╗Oддел,66000060,жшд┘░╧,66000060-010,жєнэи╜,634,333,301,2941,1364,1577,308,146,162,"102Y12M"
66000,╗Oддел,66000060,жшд┘░╧,66000060-011,дjкeи╜,678,347,331,3411,1666,1745,405,189,216,"102Y12M"
66000,╗Oддел,66000060,жшд┘░╧,66000060-012,дjе█и╜,197,100,97,1647,848,799,606,255,351,"102Y12M"
66000,╗Oддел,66000060,жшд┘░╧,66000060-013,дj║╓и╜,435,244,191,2845,1371,1474,470,192,278,"102Y12M"
66000,╗Oддел,66000060,жшд┘░╧,66000060-014,дj─Pи╜,650,315,335,4050,1934,2116,531,242,289,"102Y12M"
66000,╗Oддел,66000060,жшд┘░╧,66000060-015,┤фз└и╜,1052,541,511,4386,2171,2215,446,221,225,"102Y12M"
66000,╗Oддел,66000060,жшд┘░╧,66000060-016,╝s║╓и╜,594,303,291,2264,1142,1122,293,135,158,"102Y12M"
66000,╗Oддел,66000060,жшд┘░╧,66000060-017,кLнэи╜,809,411,398,3009,1503,1506,391,194,197,"102Y12M"
66000,╗Oддел,66000060,жшд┘░╧,66000060-018,е├жwи╜,2998,1562,1436,10338,5036,5302,1064,484,580,"102Y12M"
66000,╗Oддел,66000060,жшд┘░╧,66000060-019,║╓жwи╜,749,397,352,2403,1110,1293,166,79,87,"102Y12M"
66000,╗Oддел,66000060,жшд┘░╧,66000060-020,иєйMи╜,927,478,449,3997,2019,1978,421,196,225,"102Y12M"
66000,╗Oддел,66000060,жшд┘░╧,66000060-021,жєдпи╜,1026,522,504,5881,2780,3101,469,231,238,"102Y12M"
66000,╗Oддел,66000060,жшд┘░╧,66000060-022,жє╝wи╜,626,324,302,3329,1572,1757,305,139,166,"102Y12M"
66000,╗Oддел,66000060,жшд┘░╧,66000060-023,жє╖╜и╜,1021,541,480,6223,2941,3282,538,244,294,"102Y12M"
66000,╗Oддел,66000060,жшд┘░╧,66000060-024,жшени╜,1302,653,649,4591,2202,2389,590,260,330,"102Y12M"
66000,╗Oддел,66000060,жшд┘░╧,66000060-025,жєлnи╜,645,327,318,3885,1785,2100,377,190,187,"102Y12M"
66000,╗Oддел,66000060,жшд┘░╧,66000060-026,ж▄╡╜и╜,948,505,443,3843,1752,2091,269,121,148,"102Y12M"
66000,╗Oддел,66000060,жшд┘░╧,66000060-027,дWжwи╜,1192,631,561,4392,2008,2384,263,115,148,"102Y12M"
66000,╗Oддел,66000060,жшд┘░╧,66000060-028,дW╝wи╜,803,421,382,3778,1784,1994,487,230,257,"102Y12M"
66000,╗Oддел,66000060,жшд┘░╧,66000060-029,│{║╓и╜,1103,583,520,4907,2330,2577,442,207,235,"102Y12M"
66000,╗Oддел,66000060,жшд┘░╧,66000060-030,жєй·и╜,667,361,306,3472,1619,1853,350,159,191,"102Y12M"
66000,╗Oддел,66000060,жшд┘░╧,66000060-031,жєжии╜,1293,675,618,6403,2946,3457,664,302,362,"102Y12M"
66000,╗Oддел,66000060,жшд┘░╧,66000060-032,жє║╓и╜,698,344,354,3989,1921,2068,438,204,234,"102Y12M"
66000,╗Oддел,66000060,жшд┘░╧,66000060-033,║╓йMи╜,670,349,321,3822,1897,1925,291,121,170,"102Y12M"
66000,╗Oддел,66000060,жшд┘░╧,66000060-034,║╓дди╜,492,254,238,3036,1452,1584,197,94,103,"102Y12M"
66000,╗Oддел,66000060,жшд┘░╧,66000060-035,║╓ожи╜,860,444,416,4154,1980,2174,334,152,182,"102Y12M"
66000,╗Oддел,66000060,жшд┘░╧,66000060-036,║╓┴pи╜,714,345,369,2654,1247,1407,187,94,93,"102Y12M"
66000,╗Oддел,66000060,жшд┘░╧,66000060-037,║╓╖чи╜,807,417,390,2715,1257,1458,161,76,85,"102Y12M"
66000,╗Oддел,66000060,жшд┘░╧,66000060-038,║╓кLи╜,1816,913,903,6351,2920,3431,428,203,225,"102Y12M"
66000,╗Oддел,66000060,жшд┘░╧,66000060-039,║╓╢ои╜,1569,845,724,5113,2364,2749,374,177,197,"102Y12M"
66000,╗Oддел,66000070,лnд┘░╧,66000070-001,лnд┘и╜,2280,1194,1086,7681,3594,4087,692,308,384,"102Y12M"
66000,╗Oддел,66000070,лnд┘░╧,66000070-002,┬╫╝╓и╜,1906,1016,890,9217,4458,4759,873,403,470,"102Y12M"
66000,╗Oддел,66000070,лnд┘░╧,66000070-003,╖м╛Ёи╜,962,524,438,4879,2457,2422,568,272,296,"102Y12M"
66000,╗Oддел,66000070,лnд┘░╧,66000070-004,ддйMи╜,745,369,376,4089,2076,2013,516,250,266,"102Y12M"
66000,╗Oддел,66000070,лnд┘░╧,66000070-005,мKк└и╜,880,459,421,5354,2806,2548,678,342,336,"102Y12M"
66000,╗Oддел,66000070,лnд┘░╧,66000070-006,мKжwи╜,122,68,54,684,346,338,111,62,49,"102Y12M"
66000,╗Oддел,66000070,лnд┘░╧,66000070-007,дхдsи╜,2040,1049,991,7574,3650,3924,499,229,270,"102Y12M"
66000,╗Oддел,66000070,лnд┘░╧,66000070-008,╖sе═и╜,140,72,68,860,434,426,163,86,77,"102Y12M"
66000,╗Oддел,66000070,лnд┘░╧,66000070-009,е├йwи╜,1017,526,491,4261,2076,2185,382,172,210,"102Y12M"
66000,╗Oддел,66000070,лnд┘░╧,66000070-010,дTнэи╜,2230,1177,1053,6062,2690,3372,328,148,180,"102Y12M"
66000,╗Oддел,66000070,лnд┘░╧,66000070-011,╖╛сYи╜,1220,647,573,4697,2160,2537,398,174,224,"102Y12M"
66000,╗Oддел,66000070,лnд┘░╧,66000070-012,е╨д▀и╜,1394,740,654,5348,2524,2824,515,233,282,"102Y12M"
66000,╗Oддел,66000070,лnд┘░╧,66000070-013,╛дй·и╜,744,414,330,3799,1828,1971,762,380,382,"102Y12M"
66000,╗Oддел,66000070,лnд┘░╧,66000070-014,┬эени╜,238,135,103,1387,740,647,230,116,114,"102Y12M"
66000,╗Oддел,66000070,лnд┘░╧,66000070-015,дjжPи╜,893,483,410,4412,2025,2387,415,204,211,"102Y12M"
66000,╗Oддел,66000070,лnд┘░╧,66000070-016,дхд▀и╜,809,427,382,3263,1500,1763,292,136,156,"102Y12M"
66000,╗Oддел,66000070,лnд┘░╧,66000070-017,жPд▀и╜,1066,566,500,4719,2156,2563,386,179,207,"102Y12M"
66000,╗Oддел,66000070,лnд┘░╧,66000070-018,жVд▀и╜,861,449,412,4394,2227,2167,374,185,189,"102Y12M"
66000,╗Oддел,66000070,лnд┘░╧,66000070-019,дj╕█и╜,620,309,311,3175,1443,1732,265,122,143,"102Y12M"
66000,╗Oддел,66000070,лnд┘░╧,66000070-020,дj┐│и╜,835,453,382,3751,1713,2038,350,159,191,"102Y12M"
66000,╗Oддел,66000070,лnд┘░╧,66000070-021,дj╖~и╜,1330,664,666,5908,2704,3204,455,192,263,"102Y12M"
66000,╗Oддел,66000070,лnд┘░╧,66000070-022,┤fдди╜,1775,932,843,6126,2709,3417,468,226,242,"102Y12M"
66000,╗Oддел,66000070,лnд┘░╧,66000070-023,─_дsи╜,1139,599,540,4625,2189,2436,314,149,165,"102Y12M"
66000,╗Oддел,66000070,лnд┘░╧,66000070-024,дTйMи╜,2537,1310,1227,7341,3254,4087,391,151,240,"102Y12M"
66000,╗Oддел,66000070,лnд┘░╧,66000070-025,дT╕qи╜,1928,1019,909,5856,2611,3245,354,139,215,"102Y12M"
66000,╗Oддел,66000080,е_д┘░╧,66000080-001,е_┐│и╜,502,265,237,2946,1398,1548,546,246,300,"102Y12M"
66000,╗Oддел,66000080,е_д┘░╧,66000080-002,е_д┘и╜,526,251,275,3182,1432,1750,307,137,170,"102Y12M"
66000,╗Oддел,66000080,е_д┘░╧,66000080-003,дTе·и╜,1082,552,530,6368,3002,3366,669,297,372,"102Y12M"
66000,╗Oддел,66000080,е_д┘░╧,66000080-004,ене╨и╜,895,456,439,5115,2462,2653,462,191,271,"102Y12M"
66000,╗Oддел,66000080,е_д┘░╧,66000080-005,енйMи╜,1180,598,582,4790,2131,2659,349,158,191,"102Y12M"
66000,╗Oддел,66000080,е_д┘░╧,66000080-006,кFе·и╜,701,367,334,4088,1970,2118,586,264,322,"102Y12M"
66000,╗Oддел,66000080,е_д┘░╧,66000080-007,┬┬к└и╜,1155,583,572,5658,2743,2915,717,337,380,"102Y12M"
66000,╗Oддел,66000080,е_д┘░╧,66000080-008,дЇ┤║и╜,2861,1488,1373,11024,5288,5736,1109,526,583,"102Y12M"
66000,╗Oддел,66000080,е_д┘░╧,66000080-009,нxе\и╜,2390,1247,1143,9567,4661,4906,1181,581,600,"102Y12M"
66000,╗Oддел,66000080,е_д┘░╧,66000080-010,йMени╜,1898,986,912,6672,3198,3474,784,367,417,"102Y12M"
66000,╗Oддел,66000080,е_д┘░╧,66000080-011,кFдsи╜,333,170,163,1704,870,834,326,156,170,"102Y12M"
66000,╗Oддел,66000080,е_д┘░╧,66000080-012,е┴мFи╜,123,67,56,844,457,387,173,84,89,"102Y12M"
66000,╗Oддел,66000080,е_д┘░╧,66000080-013,б╜дlи╜,711,370,341,2869,1429,1440,324,148,176,"102Y12M"
66000,╗Oддел,66000080,е_д┘░╧,66000080-014,дjз|и╜,315,165,150,1820,936,884,276,131,145,"102Y12M"
66000,╗Oддел,66000080,е_д┘░╧,66000080-015,е┴╝wи╜,125,61,64,785,419,366,172,86,86,"102Y12M"
66000,╗Oддел,66000080,е_д┘░╧,66000080-016,кQж╦и╜,1737,908,829,7236,3308,3928,664,315,349,"102Y12M"
66000,╗Oддел,66000080,е_д┘░╧,66000080-017,дпйMи╜,1609,845,764,7768,3977,3791,788,402,386,"102Y12M"
66000,╗Oддел,66000080,е_д┘░╧,66000080-018,дпм№и╜,1877,956,921,6276,2994,3282,695,316,379,"102Y12M"
66000,╗Oддел,66000080,е_д┘░╧,66000080-019,е|е┴и╜,276,146,130,1424,717,707,251,128,123,"102Y12M"
66000,╗Oддел,66000080,е_д┘░╧,66000080-020,жZ╔▄и╜,1567,817,750,8429,4000,4429,848,400,448,"102Y12M"
66000,╗Oддел,66000080,е_д┘░╧,66000080-021,жP║aи╜,921,485,436,4791,2374,2417,613,289,324,"102Y12M"
66000,╗Oддел,66000080,е_д┘░╧,66000080-022,дп╖Rи╜,140,70,70,1018,503,515,192,93,99,"102Y12M"
66000,╗Oддел,66000080,е_д┘░╧,66000080-023,дЇ┘їи╜,892,463,429,5717,2809,2908,928,421,507,"102Y12M"
66000,╗Oддел,66000080,е_д┘░╧,66000080-024,│пени╜,735,369,366,4096,1993,2103,439,194,245,"102Y12M"
66000,╗Oддел,66000080,е_д┘░╧,66000080-025,╖sени╜,599,289,310,3789,1882,1907,647,295,352,"102Y12M"
66000,╗Oддел,66000080,е_д┘░╧,66000080-026,енжwи╜,790,417,373,4834,2374,2460,531,251,280,"102Y12M"
66000,╗Oддел,66000080,е_д┘░╧,66000080-027,ен╢╢и╜,460,228,232,2875,1328,1547,260,109,151,"102Y12M"
66000,╗Oддел,66000080,е_д┘░╧,66000080-028,ен╝wи╜,1112,582,530,5348,2428,2920,526,238,288,"102Y12M"
66000,╗Oддел,66000080,е_д┘░╧,66000080-029,кQжwи╜,851,423,428,4450,2087,2363,395,188,207,"102Y12M"
66000,╗Oддел,66000080,е_д┘░╧,66000080-030,кQнZи╜,776,407,369,4848,2344,2504,422,196,226,"102Y12M"
66000,╗Oддел,66000080,е_д┘░╧,66000080-031,дj╝wи╜,768,382,386,4550,2235,2315,560,265,295,"102Y12M"
66000,╗Oддел,66000080,е_д┘░╧,66000080-032,кQ▒jи╜,1436,747,689,5319,2500,2819,396,173,223,"102Y12M"
66000,╗Oддел,66000080,е_д┘░╧,66000080-033,кQлiи╜,830,428,402,4818,2340,2478,433,193,240,"102Y12M"
66000,╗Oддел,66000080,е_д┘░╧,66000080-034,е_и╩и╜,481,267,214,2794,1351,1443,530,236,294,"102Y12M"
66000,╗Oддел,66000080,е_д┘░╧,66000080-035,енд▀и╜,869,449,420,4351,1955,2396,408,179,229,"102Y12M"
66000,╗Oддел,66000080,е_д┘░╧,66000080-036,ен║╓и╜,732,374,358,3325,1519,1806,354,167,187,"102Y12M"
66000,╗Oддел,66000080,е_д┘░╧,66000080-037,кQйMи╜,1160,624,536,6017,2866,3151,588,264,324,"102Y12M"
66000,╗Oддел,66000080,е_д┘░╧,66000080-038,ен╢зи╜,982,507,475,4479,2062,2417,373,163,210,"102Y12M"
66000,╗Oддел,66000080,е_д┘░╧,66000080-039,ен┐│и╜,1145,580,565,5723,2630,3093,464,199,265,"102Y12M"
66000,╗Oддел,66000080,е_д┘░╧,66000080-040,енйўи╜,609,325,284,3962,1857,2105,472,201,271,"102Y12M"
66000,╗Oддел,66000080,е_д┘░╧,66000080-041,дTйMи╜,868,435,433,5270,2521,2749,573,262,311,"102Y12M"
66000,╗Oддел,66000080,е_д┘░╧,66000080-042,й╛ени╜,672,351,321,3646,1707,1939,371,174,197,"102Y12M"
66000,╗Oддел,66000090,┬╫нь░╧,66000090-001,┬╫ньи╜,297,161,136,1940,930,1010,353,163,190,"102Y12M"
66000,╗Oддел,66000090,┬╫нь░╧,66000090-002,│╗╡єи╜,86,50,36,751,354,397,194,89,105,"102Y12M"
66000,╗Oддел,66000090,┬╫нь░╧,66000090-003,дддsи╜,152,66,86,729,343,386,179,91,88,"102Y12M"
66000,╗Oддел,66000090,┬╫нь░╧,66000090-004,┬╫║aи╜,156,83,73,995,457,538,196,93,103,"102Y12M"
66000,╗Oддел,66000090,┬╫нь░╧,66000090-005,дU╡єи╜,117,56,61,647,330,317,190,85,105,"102Y12M"
66000,╗Oддел,66000090,┬╫нь░╧,66000090-006,┤IмKи╜,134,73,61,684,344,340,165,78,87,"102Y12M"
66000,╗Oддел,66000090,┬╫нь░╧,66000090-007,╕м─ки╜,122,66,56,561,278,283,136,65,71,"102Y12M"
66000,╗Oддел,66000090,┬╫нь░╧,66000090-008,┬╫жши╜,157,79,78,1413,707,706,335,148,187,"102Y12M"
66000,╗Oддел,66000090,┬╫нь░╧,66000090-009,жшжwи╜,1171,600,571,4548,2186,2362,802,364,438,"102Y12M"
66000,╗Oддел,66000090,┬╫нь░╧,66000090-010,жш╢╒и╜,436,229,207,1811,904,907,387,185,202,"102Y12M"
66000,╗Oддел,66000090,┬╫нь░╧,66000090-011,кF╢╒и╜,283,137,146,1284,619,665,266,136,130,"102Y12M"
66000,╗Oддел,66000090,┬╫нь░╧,66000090-012,е┴е═и╜,199,100,99,992,482,510,187,84,103,"102Y12M"
66000,╗Oддел,66000090,┬╫нь░╧,66000090-013,дj┘їи╜,405,225,180,2276,1118,1158,392,187,205,"102Y12M"
66000,╗Oддел,66000090,┬╫нь░╧,66000090-014,е_┘їи╜,440,238,202,2694,1360,1334,410,184,226,"102Y12M"
66000,╗Oддел,66000090,┬╫нь░╧,66000090-015,кF┘їи╜,838,460,378,3757,1962,1795,523,249,274,"102Y12M"
66000,╗Oддел,66000090,┬╫нь░╧,66000090-016,жш┘їи╜,1817,938,879,7853,3961,3892,882,416,466,"102Y12M"
66000,╗Oддел,66000090,┬╫нь░╧,66000090-017,ж`╝dи╜,129,71,58,1030,517,513,192,87,105,"102Y12M"
66000,╗Oддел,66000090,┬╫нь░╧,66000090-018,┬╫ж`и╜,409,204,205,2883,1474,1409,406,197,209,"102Y12M"
66000,╗Oддел,66000090,┬╫нь░╧,66000090-019,к└е╓и╜,1865,942,923,8960,4317,4643,966,466,500,"102Y12M"
66000,╗Oддел,66000090,┬╫нь░╧,66000090-020,дTз°и╜,1233,615,618,5751,2827,2924,700,353,347,"102Y12M"
66000,╗Oддел,66000090,┬╫нь░╧,66000090-021,дд┐│и╜,549,275,274,2566,1280,1286,472,214,258,"102Y12M"
66000,╗Oддел,66000090,┬╫нь░╧,66000090-022,е╨д▀и╜,1015,534,481,5642,2839,2803,727,335,392,"102Y12M"
66000,╗Oддел,66000090,┬╫нь░╧,66000090-023,┬╫е╨и╜,1936,988,948,9195,4584,4611,1153,541,612,"102Y12M"
66000,╗Oддел,66000090,┬╫нь░╧,66000090-024,ёTз°и╜,876,491,385,4214,2131,2083,518,253,265,"102Y12M"
66000,╗Oддел,66000090,┬╫нь░╧,66000090-025,лn╢зи╜,2772,1441,1331,9187,4354,4833,961,451,510,"102Y12M"
66000,╗Oддел,66000090,┬╫нь░╧,66000090-026,╢зй·и╜,771,389,382,2445,1133,1312,370,167,203,"102Y12M"
66000,╗Oддел,66000090,┬╫нь░╧,66000090-027,е_╢зи╜,2744,1409,1335,11521,5638,5883,1487,684,803,"102Y12M"
66000,╗Oддел,66000090,┬╫нь░╧,66000090-028,дд╢зи╜,1683,890,793,4596,2122,2474,779,357,422,"102Y12M"
66000,╗Oддел,66000090,┬╫нь░╧,66000090-029,кF╢зи╜,277,131,146,1465,758,707,237,119,118,"102Y12M"
66000,╗Oддел,66000090,┬╫нь░╧,66000090-030,лnз°и╜,985,481,504,4618,2238,2380,633,293,340,"102Y12M"
66000,╗Oддел,66000090,┬╫нь░╧,66000090-031,лnе╨и╜,500,246,254,2896,1511,1385,461,214,247,"102Y12M"
66000,╗Oддел,66000090,┬╫нь░╧,66000090-032,лn╖Cи╜,489,238,251,2894,1488,1406,386,199,187,"102Y12M"
66000,╗Oддел,66000090,┬╫нь░╧,66000090-033,п╬й·и╜,365,193,172,1900,935,965,240,122,118,"102Y12M"
66000,╗Oддел,66000090,┬╫нь░╧,66000090-034,п╬дlи╜,441,229,212,2562,1340,1222,392,192,200,"102Y12M"
66000,╗Oддел,66000090,┬╫нь░╧,66000090-035,п╬к└и╜,300,160,140,1827,951,876,261,125,136,"102Y12M"
66000,╗Oддел,66000090,┬╫нь░╧,66000090-036,ж╡дlи╜,495,259,236,2984,1563,1421,437,222,215,"102Y12M"
66000,╗Oддел,66000100,кF╢╒░╧,66000100-001,е_┐│и╜,211,111,100,1147,605,542,224,103,121,"102Y12M"
66000,╗Oддел,66000100,кF╢╒░╧,66000100-002,дд╣чи╜,136,74,62,676,341,335,180,83,97,"102Y12M"
66000,╗Oддел,66000100,кF╢╒░╧,66000100-003,кFжwи╜,264,142,122,892,444,448,266,125,141,"102Y12M"
66000,╗Oддел,66000100,кF╢╒░╧,66000100-004,лnени╜,346,182,164,1626,823,803,375,182,193,"102Y12M"
66000,╗Oддел,66000100,кF╢╒░╧,66000100-005,й╡ени╜,394,198,196,1967,983,984,431,212,219,"102Y12M"
66000,╗Oддел,66000100,кF╢╒░╧,66000100-006,дW╖sи╜,163,88,75,866,429,437,185,86,99,"102Y12M"
66000,╗Oддел,66000100,кF╢╒░╧,66000100-007,╝s┐│и╜,330,183,147,1232,647,585,301,148,153,"102Y12M"
66000,╗Oддел,66000100,кF╢╒░╧,66000100-008,оїйўи╜,605,325,280,2979,1511,1468,650,309,341,"102Y12M"
66000,╗Oддел,66000100,кF╢╒░╧,66000100-009,дд╪ши╜,292,144,148,1613,863,750,388,179,209,"102Y12M"
66000,╗Oддел,66000100,кF╢╒░╧,66000100-010,║╓╢йи╜,537,273,264,3218,1633,1585,493,239,254,"102Y12M"
66000,╗Oддел,66000100,кF╢╒░╧,66000100-011,╢й┐│и╜,199,97,102,1284,690,594,285,139,146,"102Y12M"
66000,╗Oддел,66000100,кF╢╒░╧,66000100-012,╖s▓▒и╜,835,455,380,4436,2333,2103,763,352,411,"102Y12M"
66000,╗Oддел,66000100,кF╢╒░╧,66000100-013,█▀║╓и╜,257,129,128,1340,710,630,359,166,193,"102Y12M"
66000,╗Oддел,66000100,кF╢╒░╧,66000100-014,дWл░и╜,112,56,56,824,450,374,247,116,131,"102Y12M"
66000,╗Oддел,66000100,кF╢╒░╧,66000100-015,дUл░и╜,87,46,41,696,370,326,216,104,112,"102Y12M"
66000,╗Oддел,66000100,кF╢╒░╧,66000100-016,╝yкFи╜,250,122,128,1563,858,705,417,202,215,"102Y12M"
66000,╗Oддел,66000100,кF╢╒░╧,66000100-017,╝y║╓и╜,142,69,73,1124,627,497,294,150,144,"102Y12M"
66000,╗Oддел,66000100,кF╢╒░╧,66000100-018,кF╖sи╜,237,119,118,1620,840,780,368,192,176,"102Y12M"
66000,╗Oддел,66000100,кF╢╒░╧,66000100-019,╕f╣чи╜,246,141,105,1759,891,868,355,166,189,"102Y12M"
66000,╗Oддел,66000100,кF╢╒░╧,66000100-020,дU╖sи╜,186,102,84,1457,752,705,341,156,185,"102Y12M"
66000,╗Oддел,66000100,кF╢╒░╧,66000100-021,┐│╢йи╜,133,68,65,983,546,437,261,133,128,"102Y12M"
66000,╗Oддел,66000100,кF╢╒░╧,66000100-022,нZ┐│и╜,203,101,102,1495,805,690,357,186,171,"102Y12M"
66000,╗Oддел,66000100,кF╢╒░╧,66000100-023,ої┐│и╜,94,48,46,590,328,262,160,84,76,"102Y12M"
66000,╗Oддел,66000100,кF╢╒░╧,66000100-024,░ё└Yи╜,56,27,29,565,319,246,148,74,74,"102Y12M"
66000,╗Oддел,66000100,кF╢╒░╧,66000100-025,й·е┐и╜,181,106,75,1133,633,500,308,151,157,"102Y12M"
66000,╗Oддел,66000110,дjе╥░╧,66000110-001,┤┬╢зи╜,389,197,192,1229,601,628,226,104,122,"102Y12M"
66000,╗Oддел,66000110,дjе╥░╧,66000110-002,дjе╥и╜,227,126,101,887,448,439,215,102,113,"102Y12M"
66000,╗Oддел,66000110,дjе╥░╧,66000110-003,╢╢д╤и╜,297,166,131,1356,711,645,307,142,165,"102Y12M"
66000,╗Oддел,66000110,дjе╥░╧,66000110-004,д╒к∙и╜,277,156,121,717,372,345,145,63,82,"102Y12M"
66000,╗Oддел,66000110,дjе╥░╧,66000110-005,енжwи╜,596,327,269,1960,949,1011,272,124,148,"102Y12M"
66000,╗Oддел,66000110,дjе╥░╧,66000110-006,╔▄м№и╜,449,249,200,2006,1012,994,309,135,174,"102Y12M"
66000,╗Oддел,66000110,дjе╥░╧,66000110-007,╖sм№и╜,686,361,325,3059,1565,1494,500,207,293,"102Y12M"
66000,╗Oддел,66000110,дjе╥░╧,66000110-008,йвдsи╜,431,222,209,1914,966,948,230,110,120,"102Y12M"
66000,╗Oддел,66000110,дjе╥░╧,66000110-009,дддsи╜,710,361,349,3952,1929,2023,439,192,247,"102Y12M"
66000,╗Oддел,66000110,дjе╥░╧,66000110-010,лn╢зи╜,138,77,61,725,381,344,148,68,80,"102Y12M"
66000,╗Oддел,66000110,дjе╥░╧,66000110-011,┬╚н╖и╜,169,77,92,802,423,379,162,67,95,"102Y12M"
66000,╗Oддел,66000110,дjе╥░╧,66000110-012,╕qйMи╜,620,318,302,2904,1479,1425,342,154,188,"102Y12M"
66000,╗Oддел,66000110,дjе╥░╧,66000110-013,кZ│ои╜,183,82,101,995,535,460,214,98,116,"102Y12M"
66000,╗Oддел,66000110,дjе╥░╧,66000110-014,дхж▒и╜,164,80,84,973,516,457,219,107,112,"102Y12M"
66000,╗Oддел,66000110,дjе╥░╧,66000110-015,кZж▒и╜,382,206,176,1623,824,799,234,114,120,"102Y12M"
66000,╗Oддел,66000110,дjе╥░╧,66000110-016,дхкZи╜,1293,674,619,4778,2342,2436,700,313,387,"102Y12M"
66000,╗Oддел,66000110,дjе╥░╧,66000110-017,й^д╞и╜,462,255,207,1870,917,953,205,97,108,"102Y12M"
66000,╗Oддел,66000110,дjе╥░╧,66000110-018,╝wд╞и╜,285,145,140,1543,807,736,236,120,116,"102Y12M"
66000,╗Oддел,66000110,дjе╥░╧,66000110-019,ж┐лnи╜,213,103,110,1221,641,580,141,71,70,"102Y12M"
66000,╗Oддел,66000110,дjе╥░╧,66000110-020,│╗й▒и╜,993,527,466,3950,1966,1984,483,232,251,"102Y12M"
66000,╗Oддел,66000110,дjе╥░╧,66000110-021,д╙е╒и╜,226,111,115,1139,598,541,231,107,124,"102Y12M"
66000,╗Oддел,66000110,дjе╥░╧,66000110-022,йsмKи╜,859,440,419,3578,1792,1786,438,206,232,"102Y12M"
66000,╗Oддел,66000110,дjе╥░╧,66000110-023,йп║╓и╜,483,249,234,2355,1249,1106,423,204,219,"102Y12M"
66000,╗Oддел,66000110,дjе╥░╧,66000110-024,дщлnи╜,952,524,428,4917,2496,2421,430,213,217,"102Y12M"
66000,╗Oддел,66000110,дjе╥░╧,66000110-025,└sмuи╜,235,136,99,1329,713,616,253,123,130,"102Y12M"
66000,╗Oддел,66000110,дjе╥░╧,66000110-026,жшз┴и╜,240,125,115,1457,758,699,275,123,152,"102Y12M"
66000,╗Oддел,66000110,дjе╥░╧,66000110-027,╗╔жwи╜,227,109,118,1184,655,529,215,110,105,"102Y12M"
66000,╗Oддел,66000110,дjе╥░╧,66000110-028,║╓╝wи╜,196,107,89,1007,496,511,180,86,94,"102Y12M"
66000,╗Oддел,66000110,дjе╥░╧,66000110-029,л╪┐│и╜,281,147,134,1319,705,614,263,129,134,"102Y12M"
66000,╗Oддел,66000120,▓MдЇ░╧,66000120-001,ў┤оpи╜,209,109,100,935,493,442,230,105,125,"102Y12M"
66000,╗Oддел,66000120,▓MдЇ░╧,66000120-002,╞Fмuи╜,228,121,107,888,437,451,191,89,102,"102Y12M"
66000,╗Oддел,66000120,▓MдЇ░╧,66000120-003,▓MдЇи╜,585,305,280,1856,917,939,340,165,175,"102Y12M"
66000,╗Oддел,66000120,▓MдЇ░╧,66000120-004,дхйўи╜,188,102,86,586,279,307,132,61,71,"102Y12M"
66000,╗Oддел,66000120,▓MдЇ░╧,66000120-005,лn╣чи╜,487,258,229,1488,767,721,406,183,223,"102Y12M"
66000,╗Oддел,66000120,▓MдЇ░╧,66000120-006,жш╣чи╜,288,150,138,1394,726,668,244,108,136,"102Y12M"
66000,╗Oддел,66000120,▓MдЇ░╧,66000120-007,е_╣чи╜,137,77,60,597,312,285,137,62,75,"102Y12M"
66000,╗Oддел,66000120,▓MдЇ░╧,66000120-008,дд┐│и╜,91,49,42,351,188,163,107,49,58,"102Y12M"
66000,╗Oддел,66000120,▓MдЇ░╧,66000120-009,жшк└и╜,519,277,242,1967,1039,928,339,152,187,"102Y12M"
66000,╗Oддел,66000120,▓MдЇ░╧,66000120-010,лnк└и╜,2259,1132,1127,7925,3990,3935,820,367,453,"102Y12M"
66000,╗Oддел,66000120,▓MдЇ░╧,66000120-011,╕╬╣┼и╜,218,108,110,1361,703,658,189,84,105,"102Y12M"
66000,╗Oддел,66000120,▓MдЇ░╧,66000120-012,┴{ж┐и╜,212,124,88,1424,788,636,243,119,124,"102Y12M"
66000,╗Oддел,66000120,▓MдЇ░╧,66000120-013,иqдЇи╜,623,304,319,3693,1915,1778,473,211,262,"102Y12M"
66000,╗Oддел,66000120,▓MдЇ░╧,66000120-014,кZ│└и╜,518,278,240,2989,1573,1416,409,198,211,"102Y12M"
66000,╗Oддел,66000120,▓MдЇ░╧,66000120-015,о№└╪и╜,334,177,157,1792,949,843,274,125,149,"102Y12M"
66000,╗Oддел,66000120,▓MдЇ░╧,66000120-016,Юї╖}и╜,689,387,302,4128,2146,1982,456,223,233,"102Y12M"
66000,╗Oддел,66000120,▓MдЇ░╧,66000120-017,ддк└и╜,398,193,205,2271,1148,1123,455,192,263,"102Y12M"
66000,╗Oддел,66000120,▓MдЇ░╧,66000120-018,░кжши╜,208,121,87,1178,650,528,219,104,115,"102Y12M"
66000,╗Oддел,66000120,▓MдЇ░╧,66000120-019,░клnи╜,191,106,85,1232,674,558,270,119,151,"102Y12M"
66000,╗Oддел,66000120,▓MдЇ░╧,66000120-020,░ккFи╜,201,117,84,1106,597,509,242,118,124,"102Y12M"
66000,╗Oддел,66000120,▓MдЇ░╧,66000120-021,░ке_и╜,211,117,94,1028,551,477,197,92,105,"102Y12M"
66000,╗Oддел,66000120,▓MдЇ░╧,66000120-022,░км№и╜,227,119,108,1192,646,546,228,117,111,"102Y12M"
66000,╗Oддел,66000120,▓MдЇ░╧,66000120-023,░ъйmи╜,331,163,168,1890,1019,871,326,150,176,"102Y12M"
66000,╗Oддел,66000120,▓MдЇ░╧,66000120-024,╡╫оHи╜,412,209,203,1997,1048,949,373,174,199,"102Y12M"
66000,╗Oддел,66000120,▓MдЇ░╧,66000120-025,│╗┘їи╜,276,156,120,1550,845,705,311,148,163,"102Y12M"
66000,╗Oддел,66000120,▓MдЇ░╧,66000120-026,е╨╝dи╜,363,196,167,2160,1115,1045,346,169,177,"102Y12M"
66000,╗Oддел,66000120,▓MдЇ░╧,66000120-027,╛Ї└Yи╜,1430,728,702,6633,3401,3232,796,350,446,"102Y12M"
66000,╗Oддел,66000120,▓MдЇ░╧,66000120-028,дU┘їи╜,532,261,271,2551,1365,1186,460,209,251,"102Y12M"
66000,╗Oддел,66000120,▓MдЇ░╧,66000120-029,кFдsи╜,225,113,112,1071,581,490,201,94,107,"102Y12M"
66000,╗Oддел,66000120,▓MдЇ░╧,66000120-030,╖инэи╜,197,94,103,1039,590,449,177,82,95,"102Y12M"
66000,╗Oддел,66000120,▓MдЇ░╧,66000120-031,о№н╖и╜,231,113,118,1199,644,555,216,102,114,"102Y12M"
66000,╗Oддел,66000120,▓MдЇ░╧,66000120-032,зdнэи╜,277,145,132,1330,692,638,158,83,75,"102Y12M"
66000,╗Oддел,66000130,иF│└░╧,66000130-001,й~дпи╜,284,161,123,1221,627,594,207,96,111,"102Y12M"
66000,╗Oддел,66000130,иF│└░╧,66000130-002,мемuи╜,519,266,253,1769,878,891,406,177,229,"102Y12M"
66000,╗Oддел,66000130,иF│└░╧,66000130-003,иF│└и╜,239,132,107,850,405,445,212,114,98,"102Y12M"
66000,╗Oддел,66000130,иF│└░╧,66000130-004,м№дпи╜,155,76,79,477,235,242,90,45,45,"102Y12M"
66000,╗Oддел,66000130,иF│└░╧,66000130-005,┐│дпи╜,592,319,273,2185,1102,1083,327,148,179,"102Y12M"
66000,╗Oддел,66000130,иF│└░╧,66000130-006,дцйши╜,857,448,409,3871,2015,1856,515,237,278,"102Y12M"
66000,╗Oддел,66000130,иF│└░╧,66000130-007,│└оpи╜,851,447,404,4327,2217,2110,568,270,298,"102Y12M"
66000,╗Oддел,66000130,иF│└░╧,66000130-008,│└╝dи╜,1410,690,720,5888,2951,2937,715,322,393,"102Y12M"
66000,╗Oддел,66000130,иF│└░╧,66000130-009,ж╦кLи╜,1740,900,840,6546,3288,3258,741,351,390,"102Y12M"
66000,╗Oддел,66000130,иF│└░╧,66000130-010,▓pд└и╜,212,107,105,926,506,420,158,83,75,"102Y12M"
66000,╗Oддел,66000130,иF│└░╧,66000130-011,е_╢╒и╜,1088,564,524,4236,2189,2047,433,194,239,"102Y12M"
66000,╗Oддел,66000130,иF│└░╧,66000130-012,║╓┐│и╜,759,398,361,3133,1620,1513,289,133,156,"102Y12M"
66000,╗Oддел,66000130,иF│└░╧,66000130-013,о╩ж┐и╜,294,162,132,1399,713,686,201,92,109,"102Y12M"
66000,╗Oддел,66000130,иF│└░╧,66000130-014,д╗╕Їи╜,1041,540,501,4128,2128,2000,304,125,179,"102Y12M"
66000,╗Oддел,66000130,иF│└░╧,66000130-015,лn╢╒и╜,731,383,348,2857,1461,1396,256,120,136,"102Y12M"
66000,╗Oддел,66000130,иF│└░╧,66000130-016,оHдlи╜,1023,515,508,4069,2099,1970,350,172,178,"102Y12M"
66000,╗Oддел,66000130,иF│└░╧,66000130-017,д╜й·и╜,743,398,345,3688,1881,1807,472,240,232,"102Y12M"
66000,╗Oддел,66000130,иF│└░╧,66000130-018,▓Mмuи╜,428,218,210,2049,1050,999,226,112,114,"102Y12M"
66000,╗Oддел,66000130,иF│└░╧,66000130-019,жш╢╒и╜,356,184,172,1950,1014,936,293,138,155,"102Y12M"
66000,╗Oддел,66000130,иF│└░╧,66000130-020,┐│жwи╜,701,371,330,2935,1483,1452,405,176,229,"102Y12M"
66000,╗Oддел,66000130,иF│└░╧,66000130-021,дT│└и╜,1239,642,597,5091,2524,2567,280,135,145,"102Y12M"
66000,╗Oддел,66000140,▒я┤╧░╧,66000140-001,│╗╝dи╜,537,278,259,2812,1347,1465,233,115,118,"102Y12M"
66000,╗Oддел,66000140,▒я┤╧░╧,66000140-002,дU╝dи╜,343,182,161,1762,904,858,250,123,127,"102Y12M"
66000,╗Oддел,66000140,▒я┤╧░╧,66000140-003,дде┐и╜,692,336,356,3538,1779,1759,468,232,236,"102Y12M"
66000,╗Oддел,66000140,▒я┤╧░╧,66000140-004,ддйMи╜,113,59,54,481,254,227,85,43,42,"102Y12M"
66000,╗Oддел,66000140,▒я┤╧░╧,66000140-005,дхд╞и╜,207,104,103,1045,547,498,190,82,108,"102Y12M"
66000,╗Oддел,66000140,▒я┤╧░╧,66000140-006,жwдпи╜,139,73,66,730,368,362,125,59,66,"102Y12M"
66000,╗Oддел,66000140,▒я┤╧░╧,66000140-007,пє┘їи╜,1061,554,507,5683,2933,2750,645,311,334,"102Y12M"
66000,╗Oддел,66000140,▒я┤╧░╧,66000140-008,лn┬▓и╜,870,465,405,4005,2003,2002,384,190,194,"102Y12M"
66000,╗Oддел,66000140,▒я┤╧░╧,66000140-009,║╓╝wи╜,917,485,432,3785,1914,1871,429,195,234,"102Y12M"
66000,╗Oддел,66000140,▒я┤╧░╧,66000140-010,дj╔▄и╜,1633,834,799,6334,3151,3183,698,332,366,"102Y12M"
66000,╗Oддел,66000140,▒я┤╧░╧,66000140-011,дjз°и╜,1396,701,695,5134,2550,2584,427,206,221,"102Y12M"
66000,╗Oддел,66000140,▒я┤╧░╧,66000140-012,┐│╣Aи╜,451,236,215,2046,1069,977,300,137,163,"102Y12M"
66000,╗Oддел,66000140,▒я┤╧░╧,66000140-013,е├╣чи╜,464,241,223,2114,1088,1026,309,136,173,"102Y12M"
66000,╗Oддел,66000140,▒я┤╧░╧,66000140-014,е├жwи╜,498,282,216,2355,1216,1139,320,152,168,"102Y12M"
66000,╗Oддел,66000150,жZи╜░╧,66000150-001,╝s║╓и╜,320,162,158,1723,846,877,326,188,138,"102Y12M"
66000,╗Oддел,66000150,жZи╜░╧,66000150-002,дпи╜и╜,203,101,102,903,469,434,196,101,95,"102Y12M"
66000,╗Oддел,66000150,жZи╜░╧,66000150-003,╕qи╜и╜,548,274,274,2773,1425,1348,440,219,221,"102Y12M"
66000,╗Oддел,66000150,жZи╜░╧,66000150-004,жZи╜и╜,588,294,294,3177,1638,1539,523,259,264,"102Y12M"
66000,╗Oддел,66000150,жZи╜░╧,66000150-005,лpи╜и╜,415,225,190,1895,961,934,319,159,160,"102Y12M"
66000,╗Oддел,66000150,жZи╜░╧,66000150-006,╝[кFи╜,1032,556,476,4145,2105,2040,630,281,349,"102Y12M"
66000,╗Oддел,66000150,жZи╜░╧,66000150-007,╝[жши╜,288,150,138,1637,871,766,318,138,180,"102Y12M"
66000,╗Oддел,66000150,жZи╜░╧,66000150-008,╝[лnи╜,578,297,281,2821,1464,1357,422,211,211,"102Y12M"
66000,╗Oддел,66000150,жZи╜░╧,66000150-009,╝[е_и╜,757,391,366,3120,1574,1546,409,180,229,"102Y12M"
66000,╗Oддел,66000150,жZи╜░╧,66000150-010,ддйMи╜,500,255,245,2195,1120,1075,326,146,180,"102Y12M"
66000,╗Oддел,66000150,жZи╜░╧,66000150-011,┬┬к└и╜,464,237,227,1768,902,866,229,119,110,"102Y12M"
66000,╗Oддел,66000150,жZи╜░╧,66000150-012,┴pжXи╜,301,151,150,1407,733,674,259,133,126,"102Y12M"
66000,╗Oддел,66000150,жZи╜░╧,66000150-013,д╙ени╜,438,229,209,1916,991,925,349,178,171,"102Y12M"
66000,╗Oддел,66000150,жZи╜░╧,66000150-014,м▄дsи╜,636,315,321,2835,1462,1373,431,202,229,"102Y12M"
66000,╗Oддел,66000150,жZи╜░╧,66000150-015,оїжwи╜,208,116,92,1116,608,508,221,105,116,"102Y12M"
66000,╗Oддел,66000150,жZи╜░╧,66000150-016,д╜└]и╜,360,196,164,1815,953,862,337,165,172,"102Y12M"
66000,╗Oддел,66000150,жZи╜░╧,66000150-017,дым▄и╜,338,172,166,1542,817,725,279,138,141,"102Y12M"
66000,╗Oддел,66000150,жZи╜░╧,66000150-018,╕q╝wи╜,471,232,239,2452,1204,1248,377,186,191,"102Y12M"
66000,╗Oддел,66000160,плйг░╧,66000160-001,плйги╜,586,336,250,2980,1536,1444,367,180,187,"102Y12M"
66000,╗Oддел,66000160,плйг░╧,66000160-002,╔▄лeи╜,342,172,170,1836,930,906,253,117,136,"102Y12M"
66000,╗Oддел,66000160,плйг░╧,66000160-003,е_╔▄и╜,431,228,203,2334,1197,1137,315,155,160,"102Y12M"
66000,╗Oддел,66000160,плйг░╧,66000160-004,╔▄лси╜,426,215,211,1870,1008,862,316,154,162,"102Y12M"
66000,╗Oддел,66000160,плйг░╧,66000160-005,к└дfи╜,1403,756,647,6482,3286,3196,740,343,397,"102Y12M"
66000,╗Oддел,66000160,плйг░╧,66000160-006,к└лnи╜,1066,545,521,4852,2461,2391,517,241,276,"102Y12M"
66000,╗Oддел,66000160,плйг░╧,66000160-007,дTиди╜,466,242,224,2251,1188,1063,324,154,170,"102Y12M"
66000,╗Oддел,66000160,плйг░╧,66000160-008,йд╕╠и╜,453,250,203,2601,1333,1268,355,164,191,"102Y12M"
66000,╗Oддел,66000160,плйг░╧,66000160-009,дjк└и╜,629,325,304,3889,1907,1982,301,155,146,"102Y12M"
66000,╗Oддел,66000160,плйг░╧,66000160-010,┬╫мwи╜,1076,553,523,6464,3363,3101,917,453,464,"102Y12M"
66000,╗Oддел,66000160,плйг░╧,66000160-011,плмwи╜,427,208,219,2339,1203,1136,335,152,183,"102Y12M"
66000,╗Oддел,66000160,плйг░╧,66000160-012,╖╦мwи╜,447,222,225,2481,1298,1183,396,188,208,"102Y12M"
66000,╗Oддел,66000160,плйг░╧,66000160-013,ж`лeи╜,384,203,181,2057,1046,1011,382,227,155,"102Y12M"
66000,╗Oддел,66000160,плйг░╧,66000160-014,╖s╔▄и╜,864,471,393,3723,1934,1789,478,247,231,"102Y12M"
66000,╗Oддел,66000160,плйг░╧,66000160-015,ж`░Їи╜,356,185,171,1811,935,876,353,168,185,"102Y12M"
66000,╗Oддел,66000160,плйг░╧,66000160-016,дsе╓и╜,171,89,82,892,469,423,161,80,81,"102Y12M"
66000,╗Oддел,66000170,╝цдl░╧,66000170-001,╝ц╢зи╜,2125,1093,1032,10274,5024,5250,1081,503,578,"102Y12M"
66000,╗Oддел,66000170,╝цдl░╧,66000170-002,╝циqи╜,247,128,119,1182,618,564,234,120,114,"102Y12M"
66000,╗Oддел,66000170,╝цдl░╧,66000170-003,╝це_и╜,434,233,201,2102,1046,1056,310,143,167,"102Y12M"
66000,╗Oддел,66000170,╝цдl░╧,66000170-004,║╓дпи╜,1649,879,770,9019,4391,4628,885,410,475,"102Y12M"
66000,╗Oддел,66000170,╝цдl░╧,66000170-005,└Yоaи╜,1200,632,568,4696,2290,2406,355,160,195,"102Y12M"
66000,╗Oддел,66000170,╝цдl░╧,66000170-006,е╠╜йи╜,1841,979,862,8513,4113,4400,702,310,392,"102Y12M"
66000,╗Oддел,66000170,╝цдl░╧,66000170-007,кF─_и╜,1972,1001,971,10852,5462,5390,1119,542,577,"102Y12M"
66000,╗Oддел,66000170,╝цдl░╧,66000170-008,дj┤Iи╜,463,235,228,2302,1224,1078,236,115,121,"102Y12M"
66000,╗Oддел,66000170,╝цдl░╧,66000170-009,дj┬╫и╜,1207,629,578,5112,2543,2569,429,210,219,"102Y12M"
66000,╗Oддел,66000170,╝цдl░╧,66000170-010,о▀кLи╜,613,327,286,4177,2149,2028,554,256,298,"102Y12M"
66000,╗Oддел,66000170,╝цдl░╧,66000170-011,╣┼дпи╜,685,362,323,3423,1788,1635,437,213,224,"102Y12M"
66000,╗Oддел,66000170,╝цдl░╧,66000170-012,╖sе╨и╜,185,102,83,1367,688,679,249,122,127,"102Y12M"
66000,╗Oддел,66000170,╝цдl░╧,66000170-013,╗E┐│и╜,600,307,293,3335,1711,1624,445,234,211,"102Y12M"
66000,╗Oддел,66000170,╝цдl░╧,66000170-014,└YоaкFи╜,746,365,381,3641,1814,1827,460,210,250,"102Y12M"
66000,╗Oддел,66000170,╝цдl░╧,66000170-015,оa┐│и╜,1525,763,762,6071,2847,3224,438,198,240,"102Y12M"
66000,╗Oддел,66000170,╝цдl░╧,66000170-016,оa║╓и╜,867,462,405,3726,1775,1951,386,178,208,"102Y12M"
66000,╗Oддел,66000180,дj╢о░╧,66000180-001,дj╢ои╜,843,421,422,3959,1955,2004,460,218,242,"102Y12M"
66000,╗Oддел,66000180,дj╢о░╧,66000180-002,н√кLи╜,2085,1082,1003,8082,4022,4060,777,378,399,"102Y12M"
66000,╗Oддел,66000180,дj╢о░╧,66000180-003,д╗─_и╜,1257,636,621,5449,2738,2711,772,429,343,"102Y12M"
66000,╗Oддел,66000180,дj╢о░╧,66000180-004,иqдsи╜,566,286,280,2900,1533,1367,388,189,199,"102Y12M"
66000,╗Oддел,66000180,дj╢о░╧,66000180-005,й╛╕qи╜,598,327,271,3181,1544,1637,607,361,246,"102Y12M"
66000,╗Oддел,66000180,дj╢о░╧,66000180-006,╛юдsи╜,764,409,355,3709,1893,1816,403,186,217,"102Y12M"
66000,╗Oддел,66000180,дj╢о░╧,66000180-007,дTйMи╜,1085,564,521,4501,2263,2238,436,200,236,"102Y12M"
66000,╗Oддел,66000180,дj╢о░╧,66000180-008,жш─_и╜,1025,512,513,4338,2235,2103,429,210,219,"102Y12M"
66000,╗Oддел,66000180,дj╢о░╧,66000180-009,дW╖ми╜,1307,717,590,5338,2682,2656,419,197,222,"102Y12M"
66000,╗Oддел,66000180,дj╢о░╧,66000180-010,дGйMи╜,1213,642,571,5458,2671,2787,338,151,187,"102Y12M"
66000,╗Oддел,66000180,дj╢о░╧,66000180-011,е|╝wи╜,996,532,464,4242,2086,2156,261,107,154,"102Y12M"
66000,╗Oддел,66000180,дj╢о░╧,66000180-012,дW╢ои╜,1008,515,493,5095,2578,2517,438,201,237,"102Y12M"
66000,╗Oддел,66000180,дj╢о░╧,66000180-013,дх╢ои╜,1169,598,571,5560,2725,2835,444,214,230,"102Y12M"
66000,╗Oддел,66000180,дj╢о░╧,66000180-014,дj╖ми╜,1008,479,529,4402,2183,2219,328,149,179,"102Y12M"
66000,╗Oддел,66000180,дj╢о░╧,66000180-015,╢о╖ми╜,669,339,330,3420,1644,1776,212,102,110,"102Y12M"
66000,╗Oддел,66000190,╖sк└░╧,66000190-001,╖sк└и╜,621,314,307,2797,1410,1387,523,263,260,"102Y12M"
66000,╗Oддел,66000190,╖sк└░╧,66000190-002,┤_▓▒и╜,358,198,160,1673,875,798,318,155,163,"102Y12M"
66000,╗Oддел,66000190,╖sк└░╧,66000190-003,дде┐и╜,249,130,119,1168,630,538,233,120,113,"102Y12M"
66000,╗Oддел,66000190,╖sк└░╧,66000190-004,ды┤Єи╜,177,91,86,829,439,390,181,100,81,"102Y12M"
66000,╗Oддел,66000190,╖sк└░╧,66000190-005,▒Xдsи╜,174,93,81,955,515,440,262,132,130,"102Y12M"
66000,╗Oддел,66000190,╖sк└░╧,66000190-006,дjлnи╜,296,166,130,1583,808,775,438,220,218,"102Y12M"
66000,╗Oддел,66000190,╖sк└░╧,66000190-007,е├╖╜и╜,499,263,236,2549,1340,1209,487,235,252,"102Y12M"
66000,╗Oддел,66000190,╖sк└░╧,66000190-008,дд┐│и╜,83,42,41,519,223,296,162,104,58,"102Y12M"
66000,╗Oддел,66000190,╖sк└░╧,66000190-009,иєжии╜,505,263,242,2442,1294,1148,493,243,250,"102Y12M"
66000,╗Oддел,66000190,╖sк└░╧,66000190-010,кF┐│и╜,200,104,96,1076,576,500,280,133,147,"102Y12M"
66000,╗Oддел,66000190,╖sк└░╧,66000190-011,╝yжши╜,101,46,55,738,397,341,221,110,111,"102Y12M"
66000,╗Oддел,66000190,╖sк└░╧,66000190-012,ддйMи╜,65,29,36,504,270,234,140,70,70,"102Y12M"
66000,╗Oддел,66000190,╖sк└░╧,66000190-013,║╓┐│и╜,156,73,83,972,551,421,295,148,147,"102Y12M"
66000,╗Oддел,66000200,е█йг░╧,66000200-001,е█йги╜,245,137,108,1085,553,532,216,104,112,"102Y12M"
66000,╗Oддел,66000200,е█йг░╧,66000200-002,╕Uжwи╜,265,151,114,1315,688,627,224,107,117,"102Y12M"
66000,╗Oддел,66000200,е█йг░╧,66000200-003,дEй╨и╜,195,113,82,1103,600,503,207,103,104,"102Y12M"
66000,╗Oддел,66000200,е█йг░╧,66000200-004,кўмPи╜,188,107,81,1051,560,491,274,137,137,"102Y12M"
66000,╗Oддел,66000200,е█йг░╧,66000200-005,└s┐│и╜,102,53,49,561,307,254,123,63,60,"102Y12M"
66000,╗Oддел,66000200,е█йг░╧,66000200-006,╕U┐│и╜,248,121,127,1288,671,617,217,98,119,"102Y12M"
66000,╗Oддел,66000200,е█йг░╧,66000200-007,▒Ўдlи╜,306,161,145,1598,852,746,313,147,166,"102Y12M"
66000,╗Oддел,66000200,е█йг░╧,66000200-008,дgд√и╜,165,82,83,883,468,415,190,95,95,"102Y12M"
66000,╗Oддел,66000200,е█йг░╧,66000200-009,╝w┐│и╜,213,120,93,1309,671,638,247,113,134,"102Y12M"
66000,╗Oддел,66000200,е█йг░╧,66000200-010,йM▓▒и╜,184,94,90,1097,565,532,224,108,116,"102Y12M"
66000,╗Oддел,66000210,е~оH░╧,66000210-001,е├┬╫и╜,168,81,87,883,481,402,168,72,96,"102Y12M"
66000,╗Oддел,66000210,е~оH░╧,66000210-002,д╗д└и╜,393,181,212,1910,949,961,232,113,119,"102Y12M"
66000,╗Oддел,66000210,е~оH░╧,66000210-003,дTоrи╜,317,165,152,1685,905,780,324,169,155,"102Y12M"
66000,╗Oддел,66000210,е~оH░╧,66000210-004,дjжPи╜,846,459,387,3997,2029,1968,536,273,263,"102Y12M"
66000,╗Oддел,66000210,е~оH░╧,66000210-005,дЇм№и╜,493,272,221,3060,1552,1508,410,205,205,"102Y12M"
66000,╗Oддел,66000210,е~оH░╧,66000210-006,дjкFи╜,1045,553,492,5752,2886,2866,563,295,268,"102Y12M"
66000,╗Oддел,66000210,е~оH░╧,66000210-007,░и╗яи╜,199,101,98,1191,656,535,235,111,124,"102Y12M"
66000,╗Oддел,66000210,е~оH░╧,66000210-008,дддsи╜,196,102,94,1015,520,495,184,82,102,"102Y12M"
66000,╗Oддел,66000210,е~оH░╧,66000210-009,┼Kдsи╜,327,149,178,1930,1022,908,365,173,192,"102Y12M"
66000,╗Oддел,66000210,е~оH░╧,66000210-010,дgл░и╜,249,146,103,1425,760,665,286,136,150,"102Y12M"
66000,╗Oддел,66000210,е~оH░╧,66000210-011,б╜дlи╜,174,99,75,1070,580,490,217,103,114,"102Y12M"
66000,╗Oддел,66000220,дjжw░╧,66000220-001,лnоHи╜,170,87,83,897,483,414,224,116,108,"102Y12M"
66000,╗Oддел,66000220,дjжw░╧,66000220-002,лn╔▄и╜,127,66,61,906,501,405,226,108,118,"102Y12M"
66000,╗Oддел,66000220,дjжw░╧,66000220-003,дд╔▄и╜,398,198,200,2335,1238,1097,424,201,223,"102Y12M"
66000,╗Oддел,66000220,дjжw░╧,66000220-004,└tб╜и╜,224,111,113,1354,730,624,323,167,156,"102Y12M"
66000,╗Oддел,66000220,дjжw░╧,66000220-005,║╓┐│и╜,147,82,65,1065,579,486,176,88,88,"102Y12M"
66000,╗Oддел,66000220,дjжw░╧,66000220-006,кFжwи╜,170,94,76,1054,554,500,218,106,112,"102Y12M"
66000,╗Oддел,66000220,дjжw░╧,66000220-007,│╗жwи╜,154,72,82,779,407,372,175,84,91,"102Y12M"
66000,╗Oддел,66000220,дjжw░╧,66000220-008,е├жwи╜,311,167,144,1510,825,685,304,147,157,"102Y12M"
66000,╗Oддел,66000220,дjжw░╧,66000220-009,║╓жэи╜,185,79,106,933,501,432,179,98,81,"102Y12M"
66000,╗Oддел,66000220,дjжw░╧,66000220-010,о№сYи╜,179,91,88,1269,669,600,250,119,131,"102Y12M"
66000,╗Oддел,66000220,дjжw░╧,66000220-011,жшжwи╜,271,131,140,1538,831,707,235,103,132,"102Y12M"
66000,╗Oддел,66000220,дjжw░╧,66000220-012,кQ╢ои╜,128,64,64,729,407,322,153,71,82,"102Y12M"
66000,╗Oддел,66000230,пQдщ░╧,66000230-001,пQдщи╜,1303,658,645,7321,3726,3595,934,443,491,"102Y12M"
66000,╗Oддел,66000230,пQдщ░╧,66000230-002,┤Єдщи╜,392,205,187,2238,1163,1075,337,159,178,"102Y12M"
66000,╗Oддел,66000230,пQдщ░╧,66000230-003,дTйMи╜,733,381,352,3573,1858,1715,547,297,250,"102Y12M"
66000,╗Oддел,66000230,пQдщ░╧,66000230-004,║aмuи╜,376,190,186,2745,1432,1313,461,229,232,"102Y12M"
66000,╗Oддел,66000230,пQдщ░╧,66000230-005,╛╟е╨и╜,287,164,123,2015,1066,949,363,163,200,"102Y12M"
66000,╗Oддел,66000230,пQдщ░╧,66000230-006,дE╝wи╜,3092,1628,1464,11876,5739,6137,1137,560,577,"102Y12M"
66000,╗Oддел,66000230,пQдщ░╧,66000230-007,дп╝wи╜,1589,810,779,6644,3209,3435,619,306,313,"102Y12M"
66000,╗Oддел,66000230,пQдщ░╧,66000230-008,лeж╦и╜,455,234,221,2164,1102,1062,278,132,146,"102Y12M"
66000,╗Oддел,66000230,пQдщ░╧,66000230-009,дне·и╜,262,133,129,1520,808,712,230,109,121,"102Y12M"
66000,╗Oддел,66000230,пQдщ░╧,66000230-010,е·й·и╜,383,210,173,1959,1004,955,283,129,154,"102Y12M"
66000,╗Oддел,66000230,пQдщ░╧,66000230-011,кF╢щи╜,365,204,161,1801,960,841,249,119,130,"102Y12M"
66000,╗Oддел,66000230,пQдщ░╧,66000230-012,╖╦╘┼и╜,780,385,395,4043,2090,1953,480,218,262,"102Y12M"
66000,╗Oддел,66000230,пQдщ░╧,66000230-013,┴│╝ци╜,354,176,178,1791,930,861,267,136,131,"102Y12M"
66000,╗Oддел,66000230,пQдщ░╧,66000230-014,е_и╜и╜,280,143,137,1454,755,699,209,99,110,"102Y12M"
66000,╗Oддел,66000230,пQдщ░╧,66000230-015,лnи╜и╜,174,99,75,1117,569,548,178,90,88,"102Y12M"
66000,╗Oддел,66000230,пQдщ░╧,66000230-016,╖╦з└и╜,105,50,55,683,380,303,178,91,87,"102Y12M"
66000,╗Oддел,66000240,дjи{░╧,66000240-001,д¤е╨и╜,822,430,392,3854,2017,1837,526,266,260,"102Y12M"
66000,╗Oддел,66000240,дjи{░╧,66000240-002,ддйMи╜,144,70,74,769,413,356,131,60,71,"102Y12M"
66000,╗Oддел,66000240,дjи{░╧,66000240-003,║╓дsи╜,661,335,326,3316,1669,1647,435,206,229,"102Y12M"
66000,╗Oддел,66000240,дjи{░╧,66000240-004,└чоHи╜,230,114,116,1333,695,638,193,93,100,"102Y12M"
66000,╗Oддел,66000240,дjи{░╧,66000240-005,к└╕}и╜,432,224,208,2214,1141,1073,310,143,167,"102Y12M"
66000,╗Oддел,66000240,дjи{░╧,66000240-006,╖s┐│и╜,486,266,220,2368,1261,1107,272,135,137,"102Y12M"
66000,╗Oддел,66000240,дjи{░╧,66000240-007,дjкFи╜,535,285,250,2663,1401,1262,434,200,234,"102Y12M"
66000,╗Oддел,66000240,дjи{░╧,66000240-008,дjи{и╜,307,150,157,1622,828,794,337,159,178,"102Y12M"
66000,╗Oддел,66000240,дjи{░╧,66000240-009,е├йMи╜,135,72,63,742,395,347,153,76,77,"102Y12M"
66000,╗Oддел,66000240,дjи{░╧,66000240-010,┴D╖╦и╜,276,145,131,1388,732,656,234,114,120,"102Y12M"
66000,╗Oддел,66000240,дjи{░╧,66000240-011,е├╢╢и╜,257,141,116,1425,787,638,296,148,148,"102Y12M"
66000,╗Oддел,66000240,дjи{░╧,66000240-012,жие\и╜,166,96,70,832,453,379,142,64,78,"102Y12M"
66000,╗Oддел,66000240,дjи{░╧,66000240-013,дs╢зи╜,240,116,124,1142,615,527,253,124,129,"102Y12M"
66000,╗Oддел,66000240,дjи{░╧,66000240-014,│╗╡єи╜,1586,795,791,6482,3265,3217,619,304,315,"102Y12M"
66000,╗Oддел,66000240,дjи{░╧,66000240-015,╖чдли╜,793,401,392,4441,2256,2185,475,248,227,"102Y12M"
66000,╗Oддел,66000240,дjи{░╧,66000240-016,╜йб╜и╜,861,445,416,4147,2087,2060,453,222,231,"102Y12M"
66000,╗Oддел,66000240,дjи{░╧,66000240-017,ж█▒jи╜,487,263,224,3219,1576,1643,357,188,169,"102Y12M"
66000,╗Oддел,66000250,└sдл░╧,66000250-001,ж╦з|и╜,557,293,264,2762,1423,1339,299,141,158,"102Y12M"
66000,╗Oддел,66000250,└sдл░╧,66000250-002,└sкFи╜,551,281,270,2524,1317,1207,367,185,182,"102Y12M"
66000,╗Oддел,66000250,└sдл░╧,66000250-003,└sжши╜,361,175,186,1683,852,831,263,113,150,"102Y12M"
66000,╗Oддел,66000250,└sдл░╧,66000250-004,е╨дди╜,682,364,318,3106,1599,1507,340,151,189,"102Y12M"
66000,╗Oддел,66000250,└sдл░╧,66000250-005,║╓е╨и╜,154,84,70,887,455,432,178,87,91,"102Y12M"
66000,╗Oддел,66000250,└sдл░╧,66000250-006,─RдЇи╜,420,223,197,1985,1090,895,298,137,161,"102Y12M"
66000,╗Oддел,66000250,└sдл░╧,66000250-007,└sмzи╜,1001,517,484,4495,2351,2144,653,291,362,"102Y12M"
66000,╗Oддел,66000250,└sдл░╧,66000250-008,дT╝wи╜,613,312,301,2766,1449,1317,343,159,184,"102Y12M"
66000,╗Oддел,66000250,└sдл░╧,66000250-009,й╛йMи╜,1014,525,489,4331,2247,2084,565,267,298,"102Y12M"
66000,╗Oддел,66000250,└sдл░╧,66000250-010,дs╕}и╜,1193,630,563,5060,2599,2461,475,218,257,"102Y12M"
66000,╗Oддел,66000250,└sдл░╧,66000250-011,└sмuи╜,1395,712,683,6171,3141,3030,719,326,393,"102Y12M"
66000,╗Oддел,66000250,└sдл░╧,66000250-012,└s▒^и╜,538,256,282,2373,1199,1174,264,124,140,"102Y12M"
66000,╗Oддел,66000250,└sдл░╧,66000250-013,╖s╔▄и╜,1413,728,685,5704,2878,2826,597,283,314,"102Y12M"
66000,╗Oддел,66000250,└sдл░╧,66000250-014,лn╝dи╜,371,185,186,1458,739,719,185,85,100,"102Y12M"
66000,╗Oддел,66000250,└sдл░╧,66000250-015,╖sкFи╜,783,424,359,4292,2141,2151,430,197,233,"102Y12M"
66000,╗Oддел,66000250,└sдл░╧,66000250-016,кFо№и╜,1152,608,544,7262,3551,3711,631,293,338,"102Y12M"
66000,╗Oддел,66000260,├·оp░╧,66000260-001,офкLи╜,163,87,76,1033,553,480,213,105,108,"102Y12M"
66000,╗Oддел,66000260,├·оp░╧,66000260-002,жNоpи╜,1241,651,590,8258,4231,4027,948,438,510,"102Y12M"
66000,╗Oддел,66000260,├·оp░╧,66000260-003,е╥▒Gи╜,674,372,302,4130,2117,2013,630,291,339,"102Y12M"
66000,╗Oддел,66000260,├·оp░╧,66000260-004,е╗╢mи╜,269,155,114,1898,957,941,319,144,175,"102Y12M"
66000,╗Oддел,66000260,├·оp░╧,66000260-005,дде┐и╜,331,181,150,1815,908,907,254,109,145,"102Y12M"
66000,╗Oддел,66000260,├·оp░╧,66000260-006,└A║aи╜,185,99,86,1051,551,500,165,75,90,"102Y12M"
66000,╗Oддел,66000260,├·оp░╧,66000260-007,╡▄╢щи╜,181,79,102,933,504,429,190,84,106,"102Y12M"
66000,╗Oддел,66000260,├·оp░╧,66000260-008,е╗░єи╜,971,514,457,5071,2472,2599,799,385,414,"102Y12M"
66000,╗Oддел,66000260,├·оp░╧,66000260-009,з|дfи╜,432,216,216,2533,1306,1227,439,221,218,"102Y12M"
66000,╗Oддел,66000260,├·оp░╧,66000260-010,е_мhи╜,677,353,324,3412,1740,1672,473,215,258,"102Y12M"
66000,╗Oддел,66000260,├·оp░╧,66000260-011,лnмhи╜,421,220,201,1665,836,829,240,116,124,"102Y12M"
66000,╗Oддел,66000260,├·оp░╧,66000260-012,е|╝wи╜,360,185,175,2025,1110,915,341,156,185,"102Y12M"
66000,╗Oддел,66000260,├·оp░╧,66000260-013,дн║╓и╜,367,184,183,2312,1213,1099,412,196,216,"102Y12M"
66000,╗Oддел,66000260,├·оp░╧,66000260-014,╕U┬╫и╜,394,198,196,2293,1166,1127,426,228,198,"102Y12M"
66000,╗Oддел,66000260,├·оp░╧,66000260-015,┬┬е┐и╜,312,175,137,1801,951,850,322,156,166,"102Y12M"
66000,╗Oддел,66000260,├·оp░╧,66000260-016,оpижи╜,198,98,100,967,547,420,206,89,117,"102Y12M"
66000,╗Oддел,66000260,├·оp░╧,66000260-017,д╗к╤и╜,394,206,188,2071,1078,993,359,169,190,"102Y12M"
66000,╗Oддел,66000260,├·оp░╧,66000260-018,дBеxи╜,345,178,167,2017,1084,933,301,133,168,"102Y12M"
66000,╗Oддел,66000260,├·оp░╧,66000260-019,е_╢╒и╜,385,200,185,1788,910,878,250,126,124,"102Y12M"
66000,╗Oддел,66000260,├·оp░╧,66000260-020,лn╢╒и╜,267,131,136,1168,625,543,185,88,97,"102Y12M"
66000,╗Oддел,66000270,д╙ен░╧,66000270-001,д╙ени╜,984,537,447,5119,2614,2505,639,325,314,"102Y12M"
66000,╗Oддел,66000270,д╙ен░╧,66000270-002,к°╗їи╜,1185,623,562,5331,2602,2729,413,191,222,"102Y12M"
66000,╗Oддел,66000270,д╙ен░╧,66000270-003,ддени╜,809,405,404,3768,1906,1862,371,177,194,"102Y12M"
66000,╗Oддел,66000270,д╙ен░╧,66000270-004,дд┐│и╜,569,315,254,3186,1596,1590,348,157,191,"102Y12M"
66000,╗Oддел,66000270,д╙ен░╧,66000270-005,л╪░ъи╜,472,240,232,2730,1370,1360,300,144,156,"102Y12M"
66000,╗Oддел,66000270,д╙ен░╧,66000270-006,кFени╜,850,436,414,3611,1747,1864,338,154,184,"102Y12M"
66000,╗Oддел,66000270,д╙ен░╧,66000270-007,йyкYи╜,1007,536,471,5594,2756,2838,594,281,313,"102Y12M"
66000,╗Oддел,66000270,д╙ен░╧,66000270-008,дддsи╜,509,285,224,3296,1750,1546,446,225,221,"102Y12M"
66000,╗Oддел,66000270,д╙ен░╧,66000270-009,йWкLи╜,520,270,250,2863,1466,1397,478,225,253,"102Y12M"
66000,╗Oддел,66000270,д╙ен░╧,66000270-010,е·╡╪и╜,713,355,358,4520,2230,2290,553,272,281,"102Y12M"
66000,╗Oддел,66000270,д╙ен░╧,66000270-011,╖sйWи╜,1428,743,685,6203,3034,3169,507,241,266,"102Y12M"
66000,╗Oддел,66000270,д╙ен░╧,66000270-012,╖sе·и╜,1189,636,553,6254,3112,3142,648,298,350,"102Y12M"
66000,╗Oддел,66000270,д╙ен░╧,66000270-013,╖s║╓и╜,822,422,400,4882,2300,2582,551,248,303,"102Y12M"
66000,╗Oддел,66000270,д╙ен░╧,66000270-014,└YиXи╜,309,150,159,1639,868,771,348,159,189,"102Y12M"
66000,╗Oддел,66000270,д╙ен░╧,66000270-015,кFиXи╜,135,72,63,991,532,459,264,129,135,"102Y12M"
66000,╗Oддел,66000270,д╙ен░╧,66000270-016,┐│╢йи╜,570,281,289,2916,1471,1445,425,204,221,"102Y12M"
66000,╗Oддел,66000270,д╙ен░╧,66000270-017,е·╢йи╜,575,299,276,2742,1430,1312,367,178,189,"102Y12M"
66000,╗Oддел,66000270,д╙ен░╧,66000270-018,╝w╢йи╜,921,470,451,4404,2272,2132,363,169,194,"102Y12M"
66000,╗Oддел,66000270,д╙ен░╧,66000270-019,╢└ж╦и╜,66,38,28,547,329,218,157,80,77,"102Y12M"
66000,╗Oддел,66000270,д╙ен░╧,66000270-020,е├жии╜,1300,652,648,6026,2930,3096,377,185,192,"102Y12M"
66000,╗Oддел,66000270,д╙ен░╧,66000270-021,е├ени╜,738,377,361,3705,1830,1875,335,164,171,"102Y12M"
66000,╗Oддел,66000270,д╙ен░╧,66000270-022,жие\и╜,812,420,392,3516,1743,1773,307,147,160,"102Y12M"
66000,╗Oддел,66000270,д╙ен░╧,66000270-023,кFйMи╜,457,238,219,2447,1197,1250,216,88,128,"102Y12M"
66000,╗Oддел,66000270,д╙ен░╧,66000270-024,ддмFи╜,652,363,289,3400,1711,1689,372,177,195,"102Y12M"
66000,╗Oддел,66000270,д╙ен░╧,66000270-025,енжwи╜,365,192,173,2113,1065,1048,196,97,99,"102Y12M"
66000,╗Oддел,66000270,д╙ен░╧,66000270-026,л╪┐│и╜,453,243,210,2746,1364,1382,308,170,138,"102Y12M"
66000,╗Oддел,66000270,д╙ен░╧,66000270-027,╖s┐│и╜,510,261,249,2584,1244,1340,191,83,108,"102Y12M"
66000,╗Oддел,66000270,д╙ен░╧,66000270-028,╖s░ки╜,659,340,319,3911,1936,1975,308,151,157,"102Y12M"
66000,╗Oддел,66000270,д╙ен░╧,66000270-029,╖sжNи╜,945,475,470,4763,2418,2345,395,187,208,"102Y12M"
66000,╗Oддел,66000270,д╙ен░╧,66000270-030,╖sл░и╜,1092,587,505,4751,2271,2480,313,127,186,"102Y12M"
66000,╗Oддел,66000270,д╙ен░╧,66000270-031,йyи╬и╜,941,483,458,5583,2707,2876,421,198,223,"102Y12M"
66000,╗Oддел,66000270,д╙ен░╧,66000270-032,йyйўи╜,577,316,261,3457,1731,1726,330,155,175,"102Y12M"
66000,╗Oддел,66000270,д╙ен░╧,66000270-033,е·й·и╜,552,272,280,3385,1674,1711,430,200,230,"102Y12M"
66000,╗Oддел,66000270,д╙ен░╧,66000270-034,┬╫ж~и╜,618,302,316,3885,1954,1931,517,240,277,"102Y12M"
66000,╗Oддел,66000270,д╙ен░╧,66000270-035,дj┐│и╜,358,187,171,2253,1125,1128,276,123,153,"102Y12M"
66000,╗Oддел,66000270,д╙ен░╧,66000270-036,╢╘пqи╜,340,161,179,1900,934,966,323,143,180,"102Y12M"
66000,╗Oддел,66000270,д╙ен░╧,66000270-037,╕tйMи╜,216,121,95,1365,754,611,246,112,134,"102Y12M"
66000,╗Oддел,66000270,д╙ен░╧,66000270-038,║╓╢йи╜,621,306,315,3260,1640,1620,315,155,160,"102Y12M"
66000,╗Oддел,66000270,д╙ен░╧,66000270-039,е├╢йи╜,509,263,246,2354,1195,1159,236,119,117,"102Y12M"
66000,╗Oддел,66000280,дjи╜░╧,66000280-001,дjи╜и╜,535,271,264,3165,1640,1525,380,174,206,"102Y12M"
66000,╗Oддел,66000280,дjи╜░╧,66000280-002,╖sи╜и╜,2078,1071,1007,8900,4552,4348,746,348,398,"102Y12M"
66000,╗Oддел,66000280,дjи╜░╧,66000280-003,╛Ёд¤и╜,812,419,393,3046,1543,1503,384,179,205,"102Y12M"
66000,╗Oддел,66000280,дjи╜░╧,66000280-004,кF┐│и╜,1238,626,612,6742,3255,3487,615,296,319,"102Y12M"
66000,╗Oддел,66000280,дjи╜░╧,66000280-005,▓╗┐│и╜,1069,566,503,6159,2964,3195,757,359,398,"102Y12M"
66000,╗Oддел,66000280,дjи╜░╧,66000280-006,дщ╖sи╜,638,347,291,3393,1719,1674,503,232,271,"102Y12M"
66000,╗Oддел,66000280,дjи╜░╧,66000280-007,жш║aи╜,988,518,470,4804,2293,2511,639,301,338,"102Y12M"
66000,╗Oддел,66000280,дjи╜░╧,66000280-008,д║╖sи╜,1284,701,583,7320,3450,3870,634,288,346,"102Y12M"
66000,╗Oддел,66000280,дjи╜░╧,66000280-009,кFк@и╜,532,288,244,2988,1529,1459,380,188,192,"102Y12M"
66000,╗Oддел,66000280,дjи╜░╧,66000280-010,е▀дпи╜,891,485,406,4703,2316,2387,370,163,207,"102Y12M"
66000,╗Oддел,66000280,дjи╜░╧,66000280-011,╖sдпи╜,1308,676,632,7067,3512,3555,616,291,325,"102Y12M"
66000,╗Oддел,66000280,дjи╜░╧,66000280-012,дjд╕и╜,770,410,360,3801,1887,1914,404,197,207,"102Y12M"
66000,╗Oддел,66000280,дjи╜░╧,66000280-013,оLе╨и╜,120,65,55,888,495,393,161,68,93,"102Y12M"
66000,╗Oддел,66000280,дjи╜░╧,66000280-014,дпд╞и╜,1830,950,880,7864,3901,3963,586,288,298,"102Y12M"
66000,╗Oддел,66000280,дjи╜░╧,66000280-015,░╖е┴и╜,657,364,293,4001,2083,1918,482,226,256,"102Y12M"
66000,╗Oддел,66000280,дjи╜░╧,66000280-016,╢юл░и╜,1307,687,620,7625,3901,3724,704,359,345,"102Y12M"
66000,╗Oддел,66000280,дjи╜░╧,66000280-017,╖чл░и╜,2541,1328,1213,10749,5255,5494,836,411,425,"102Y12M"
66000,╗Oддел,66000280,дjи╜░╧,66000280-018,кўл░и╜,1927,971,956,8964,4354,4610,919,440,479,"102Y12M"
66000,╗Oддел,66000280,дjи╜░╧,66000280-019,кF┤Єи╜,1557,803,754,9081,4468,4613,829,383,446,"102Y12M"
66000,╗Oддел,66000280,дjи╜░╧,66000280-020,жш┤Єи╜,534,266,268,2593,1333,1260,290,123,167,"102Y12M"
66000,╗Oддел,66000280,дjи╜░╧,66000280-021,░ъе·и╜,1261,669,592,5496,2606,2890,405,182,223,"102Y12M"
66000,╗Oддел,66000280,дjи╜░╧,66000280-022,дjй·и╜,812,426,386,3900,1904,1996,439,204,235,"102Y12M"
66000,╗Oддел,66000280,дjи╜░╧,66000280-023,е├╢йи╜,3323,1694,1629,8169,3740,4429,348,163,185,"102Y12M"
66000,╗Oддел,66000280,дjи╜░╧,66000280-024,к°║aи╜,2095,1051,1044,7821,3659,4162,633,288,345,"102Y12M"
66000,╗Oддел,66000280,дjи╜░╧,66000280-025,дд╖sи╜,1080,591,489,4703,2237,2466,382,185,197,"102Y12M"
66000,╗Oддел,66000280,дjи╜░╧,66000280-026,е▀╝wи╜,1484,758,726,6802,3381,3421,474,231,243,"102Y12M"
66000,╗Oддел,66000280,дjи╜░╧,66000280-027,дп╝wи╜,1357,703,654,5697,2762,2935,461,223,238,"102Y12M"
66000,╗Oддел,66000290,йMен░╧,66000290-001,лn╢╒и╜,238,121,117,1589,876,713,325,150,175,"102Y12M"
66000,╗Oддел,66000290,йMен░╧,66000290-002,д╤╜№и╜,37,17,20,366,211,155,106,45,61,"102Y12M"
66000,╗Oддел,66000290,йMен░╧,66000290-003,│╒╖Rи╜,248,128,120,1389,718,671,265,129,136,"102Y12M"
66000,╗Oддел,66000290,йMен░╧,66000290-004,ддз|и╜,51,30,21,363,196,167,65,38,27,"102Y12M"
66000,╗Oддел,66000290,йMен░╧,66000290-005,ж█е╤и╜,156,73,83,884,504,380,176,89,87,"102Y12M"
66000,╗Oддел,66000290,йMен░╧,66000290-006,╣F╞[и╜,194,97,97,907,506,401,176,95,81,"102Y12M"
66000,╗Oддел,66000290,йMен░╧,66000290-007,▒∙дsи╜,275,143,132,1567,835,732,336,196,140,"102Y12M"
66000,╗Oддел,66000290,йMен░╧,66000290-008,ен╡еи╜,105,56,49,647,375,272,124,69,55,"102Y12M"
67000,╗Oлnел,67000010,╖s└ч░╧,67000010-001,й╛мFи╜,727,349,378,4222,2082,2140,812,365,447,"102Y12M"
67000,╗Oлnел,67000010,╖s└ч░╧,67000010-002,е┴┼vи╜,471,243,228,2001,974,1027,576,278,298,"102Y12M"
67000,╗Oлnел,67000010,╖s└ч░╧,67000010-003,дTеPи╜,414,223,191,2449,1197,1252,582,268,314,"102Y12M"
67000,╗Oлnел,67000010,╖s└ч░╧,67000010-004,жnени╜,99,55,44,656,352,304,203,102,101,"102Y12M"
67000,╗Oлnел,67000010,╖s└ч░╧,67000010-005,й╡ени╜,120,63,57,956,510,446,275,132,143,"102Y12M"
67000,╗Oлnел,67000010,╖s└ч░╧,67000010-006,е├е═и╜,152,78,74,794,392,402,234,110,124,"102Y12M"
67000,╗Oлnел,67000010,╖s└ч░╧,67000010-007,дjз╗и╜,521,278,243,2558,1262,1296,651,304,347,"102Y12M"
67000,╗Oлnел,67000010,╖s└ч░╧,67000010-008,д¤д╜и╜,866,453,413,3720,1863,1857,625,282,343,"102Y12M"
67000,╗Oлnел,67000010,╖s└ч░╧,67000010-009,дд└чи╜,214,110,104,1046,514,532,200,99,101,"102Y12M"
67000,╗Oлnел,67000010,╖s└ч░╧,67000010-010,дgоwи╜,229,118,111,1260,677,583,304,145,159,"102Y12M"
67000,╗Oлnел,67000010,╖s└ч░╧,67000010-011,┐│жwи╜,48,30,18,327,165,162,90,46,44,"102Y12M"
67000,╗Oлnел,67000010,╖s└ч░╧,67000010-012,лn┐│и╜,304,151,153,2093,1044,1049,532,259,273,"102Y12M"
67000,╗Oлnел,67000010,╖s└ч░╧,67000010-013,┐│╖~и╜,237,117,120,1288,589,699,273,111,162,"102Y12M"
67000,╗Oлnел,67000010,╖s└ч░╧,67000010-014,е┴е═и╜,518,283,235,2950,1481,1469,538,229,309,"102Y12M"
67000,╗Oлnел,67000010,╖s└ч░╧,67000010-015,е┴║aи╜,732,383,349,4000,1923,2077,636,284,352,"102Y12M"
67000,╗Oлnел,67000010,╖s└ч░╧,67000010-016,░ё╝dи╜,282,145,137,1483,760,723,310,142,168,"102Y12M"
67000,╗Oлnел,67000010,╖s└ч░╧,67000010-017,┼@┬эи╜,191,94,97,1237,661,576,244,107,137,"102Y12M"
67000,╗Oлnел,67000010,╖s└ч░╧,67000010-018,д╙лnи╜,189,93,96,1296,713,583,279,131,148,"102Y12M"
67000,╗Oлnел,67000010,╖s└ч░╧,67000010-019,д╙е_и╜,237,126,111,1537,814,723,267,110,157,"102Y12M"
67000,╗Oлnел,67000010,╖s└ч░╧,67000010-020,лnп╚и╜,622,327,295,3388,1664,1724,340,166,174,"102Y12M"
67000,╗Oлnел,67000010,╖s└ч░╧,67000010-021,╣┼к┌и╜,285,143,142,1593,803,790,225,97,128,"102Y12M"
67000,╗Oлnел,67000010,╖s└ч░╧,67000010-022,┬┬б╜и╜,30,15,15,256,153,103,78,28,50,"102Y12M"
67000,╗Oлnел,67000010,╖s└ч░╧,67000010-023,ид▒aи╜,58,31,27,357,196,161,88,39,49,"102Y12M"
67000,╗Oлnел,67000010,╖s└ч░╧,67000010-024,┼K╜uи╜,96,43,53,554,305,249,195,95,100,"102Y12M"
67000,╗Oлnел,67000010,╖s└ч░╧,67000010-025,дн┐│и╜,98,50,48,793,442,351,230,103,127,"102Y12M"
67000,╗Oлnел,67000010,╖s└ч░╧,67000010-026,йh╖▌и╜,75,36,39,405,242,163,153,67,86,"102Y12M"
67000,╗Oлnел,67000010,╖s└ч░╧,67000010-027,╖sе_и╜,787,416,371,4170,2050,2120,508,220,288,"102Y12M"
67000,╗Oлnел,67000010,╖s└ч░╧,67000010-028,╖sлnи╜,947,497,450,4084,1970,2114,373,164,209,"102Y12M"
67000,╗Oлnел,67000010,╖s└ч░╧,67000010-029,╖sкFи╜,1716,890,826,5553,2660,2893,409,185,224,"102Y12M"
67000,╗Oлnел,67000020,╞QдЇ░╧,67000020-001,дЇиqи╜,221,119,102,1307,683,624,264,120,144,"102Y12M"
67000,╗Oлnел,67000020,╞QдЇ░╧,67000020-002,║╓▒oи╜,101,62,39,543,285,258,126,51,75,"102Y12M"
67000,╗Oлnел,67000020,╞QдЇ░╧,67000020-003,дTе═и╜,44,29,15,256,138,118,96,38,58,"102Y12M"
67000,╗Oлnел,67000020,╞QдЇ░╧,67000020-004,кZ╝qи╜,75,34,41,420,233,187,131,56,75,"102Y12M"
67000,╗Oлnел,67000020,╞QдЇ░╧,67000020-005,дд╣╥и╜,62,28,34,409,225,184,119,56,63,"102Y12M"
67000,╗Oлnел,67000020,╞QдЇ░╧,67000020-006,дЇеPи╜,19,12,7,276,149,127,91,43,48,"102Y12M"
67000,╗Oлnел,67000020,╞QдЇ░╧,67000020-007,дЇе┐и╜,97,49,48,635,326,309,181,77,104,"102Y12M"
67000,╗Oлnел,67000020,╞QдЇ░╧,67000020-008,╛Їлnи╜,555,282,273,3345,1690,1655,483,220,263,"102Y12M"
67000,╗Oлnел,67000020,╞QдЇ░╧,67000020-009,┬┬└чи╜,136,75,61,673,377,296,122,52,70,"102Y12M"
67000,╗Oлnел,67000020,╞QдЇ░╧,67000020-010,╦MдЇи╜,109,60,49,724,439,285,272,137,135,"102Y12M"
67000,╗Oлnел,67000020,╞QдЇ░╧,67000020-011,йдд║и╜,623,343,280,3121,1577,1544,549,238,311,"102Y12M"
67000,╗Oлnел,67000020,╞QдЇ░╧,67000020-012,╕q╕Yи╜,125,54,71,768,409,359,123,62,61,"102Y12M"
67000,╗Oлnел,67000020,╞QдЇ░╧,67000020-013,дUдди╜,76,39,37,612,359,253,191,85,106,"102Y12M"
67000,╗Oлnел,67000020,╞QдЇ░╧,67000020-014,┼w╢ои╜,219,107,112,1422,782,640,353,154,199,"102Y12M"
67000,╗Oлnел,67000020,╞QдЇ░╧,67000020-015,дj▓°и╜,62,30,32,400,215,185,137,64,73,"102Y12M"
67000,╗Oлnел,67000020,╞QдЇ░╧,67000020-016,оф╝dи╜,47,21,26,260,145,115,53,24,29,"102Y12M"
67000,╗Oлnел,67000020,╞QдЇ░╧,67000020-017,лсжvи╜,77,34,43,520,314,206,153,74,79,"102Y12M"
67000,╗Oлnел,67000020,╞QдЇ░╧,67000020-018,о]нэи╜,49,24,25,331,194,137,122,45,77,"102Y12M"
67000,╗Oлnел,67000020,╞QдЇ░╧,67000020-019,ж╦оHи╜,65,33,32,596,339,257,244,97,147,"102Y12M"
67000,╗Oлnел,67000020,╞QдЇ░╧,67000020-020,дUкLи╜,55,31,24,274,161,113,123,52,71,"102Y12M"
67000,╗Oлnел,67000020,╞QдЇ░╧,67000020-021,е╨╝dи╜,19,9,10,195,116,79,62,29,33,"102Y12M"
67000,╗Oлnел,67000020,╞QдЇ░╧,67000020-022,дj┬╫и╜,35,20,15,256,149,107,100,46,54,"102Y12M"
67000,╗Oлnел,67000020,╞QдЇ░╧,67000020-023,╢║й▒и╜,39,17,22,347,208,139,84,33,51,"102Y12M"
67000,╗Oлnел,67000020,╞QдЇ░╧,67000020-024,кeлnи╜,50,26,24,416,244,172,140,68,72,"102Y12M"
67000,╗Oлnел,67000020,╞QдЇ░╧,67000020-025,лn┤фи╜,114,59,55,680,383,297,247,120,127,"102Y12M"
67000,╗Oлnел,67000030,е╒кe░╧,67000030-001,е╒кeи╜,247,143,104,1441,730,711,419,196,223,"102Y12M"
67000,╗Oлnел,67000030,е╒кe░╧,67000030-002,е├жwи╜,447,242,205,2495,1242,1253,558,255,303,"102Y12M"
67000,╗Oлnел,67000030,е╒кe░╧,67000030-003,е~иди╜,193,114,79,1177,618,559,306,142,164,"102Y12M"
67000,╗Oлnел,67000030,е╒кe░╧,67000030-004,╔▄д║и╜,233,126,107,1425,757,668,313,147,166,"102Y12M"
67000,╗Oлnел,67000030,е╒кe░╧,67000030-005,иqпзи╜,123,44,79,788,430,358,170,75,95,"102Y12M"
67000,╗Oлnел,67000030,е╒кe░╧,67000030-006,кeкFи╜,144,82,62,1060,569,491,360,170,190,"102Y12M"
67000,╗Oлnел,67000030,е╒кe░╧,67000030-007,къдsи╜,35,19,16,350,204,146,131,55,76,"102Y12M"
67000,╗Oлnел,67000030,е╒кe░╧,67000030-008,дjкLи╜,58,28,30,485,282,203,162,81,81,"102Y12M"
67000,╗Oлnел,67000030,е╒кe░╧,67000030-009,оr└Yи╜,48,18,30,324,175,149,107,46,61,"102Y12M"
67000,╗Oлnел,67000030,е╒кe░╧,67000030-010,д╗╖╦и╜,65,30,35,438,260,178,137,64,73,"102Y12M"
67000,╗Oлnел,67000030,е╒кe░╧,67000030-011,еPпєи╜,110,57,53,900,509,391,598,330,268,"102Y12M"
67000,╗Oлnел,67000030,е╒кe░╧,67000030-012,├Ў└ни╜,114,53,61,762,415,347,348,160,188,"102Y12M"
67000,╗Oлnел,67000030,е╒кe░╧,67000030-013,е╔┬╫и╜,168,88,80,1031,574,457,266,119,147,"102Y12M"
67000,╗Oлnел,67000030,е╒кe░╧,67000030-014,дjж╦и╜,210,97,113,1191,660,531,338,152,186,"102Y12M"
67000,╗Oлnел,67000030,е╒кe░╧,67000030-015,╢@жwи╜,115,54,61,707,393,314,219,89,130,"102Y12M"
67000,╗Oлnел,67000030,е╒кe░╧,67000030-016,╝sжwи╜,84,44,40,506,278,228,180,85,95,"102Y12M"
67000,╗Oлnел,67000030,е╒кe░╧,67000030-017,╜м╝ци╜,119,61,58,714,405,309,219,97,122,"102Y12M"
67000,╗Oлnел,67000030,е╒кe░╧,67000030-018,ж╦к∙и╜,102,49,53,685,377,308,279,136,143,"102Y12M"
67000,╗Oлnел,67000030,е╒кe░╧,67000030-019,▒Tд║и╜,82,45,37,554,333,221,236,108,128,"102Y12M"
67000,╗Oлnел,67000030,е╒кe░╧,67000030-020,к@жwи╜,215,112,103,1161,609,552,302,151,151,"102Y12M"
67000,╗Oлnел,67000030,е╒кe░╧,67000030-021,иX└Yи╜,96,50,46,573,315,258,214,95,119,"102Y12M"
67000,╗Oлnел,67000030,е╒кe░╧,67000030-022,д║иди╜,69,41,28,539,310,229,221,103,118,"102Y12M"
67000,╗Oлnел,67000030,е╒кe░╧,67000030-023,пєй▒и╜,97,41,56,681,368,313,233,108,125,"102Y12M"
67000,╗Oлnел,67000030,е╒кe░╧,67000030-024,е╠жvи╜,59,38,21,448,266,182,194,96,98,"102Y12M"
67000,╗Oлnел,67000040,мh└ч░╧,67000040-001,дhкLи╜,195,104,91,1445,774,671,295,130,165,"102Y12M"
67000,╗Oлnел,67000040,мh└ч░╧,67000040-002,е·║╓и╜,221,104,117,1629,873,756,381,183,198,"102Y12M"
67000,╗Oлnел,67000040,мh└ч░╧,67000040-003,дд╤Lи╜,80,37,43,618,326,292,174,80,94,"102Y12M"
67000,╗Oлnел,67000040,мh└ч░╧,67000040-004,кFк@и╜,332,180,152,2268,1144,1124,523,236,287,"102Y12M"
67000,╗Oлnел,67000040,мh└ч░╧,67000040-005,дKп╬и╜,170,94,76,1166,629,537,249,118,131,"102Y12M"
67000,╗Oлnел,67000040,мh└ч░╧,67000040-006,дHйMи╜,87,31,56,629,337,292,179,78,101,"102Y12M"
67000,╗Oлnел,67000040,мh└ч░╧,67000040-007,д╙▒dи╜,168,89,79,1281,685,596,341,153,188,"102Y12M"
67000,╗Oлnел,67000040,мh└ч░╧,67000040-008,нл╖╦и╜,247,123,124,1461,807,654,402,184,218,"102Y12M"
67000,╗Oлnел,67000040,мh└ч░╧,67000040-009,┐w╣Aи╜,146,77,69,1159,639,520,285,128,157,"102Y12M"
67000,╗Oлnел,67000040,мh└ч░╧,67000040-010,дj╣Aи╜,62,28,34,562,289,273,140,74,66,"102Y12M"
67000,╗Oлnел,67000040,мh└ч░╧,67000040-011,пл╣Aи╜,169,89,80,1162,646,516,340,146,194,"102Y12M"
67000,╗Oлnел,67000040,мh└ч░╧,67000040-012,кG╝▌и╜,121,66,55,1018,573,445,270,130,140,"102Y12M"
67000,╗Oлnел,67000040,мh└ч░╧,67000040-013,ж░дsи╜,242,127,115,1369,771,598,346,152,194,"102Y12M"
67000,╗Oлnел,67000050,лс╛└░╧,67000050-001,лс╛└и╜,185,91,94,1426,747,679,328,146,182,"102Y12M"
67000,╗Oлnел,67000050,лс╛└░╧,67000050-002,лJзBи╜,213,112,101,1104,588,516,321,149,172,"102Y12M"
67000,╗Oлnел,67000050,лс╛└░╧,67000050-003,╣┼╨ди╜,166,92,74,1041,581,460,295,123,172,"102Y12M"
67000,╗Oлnел,67000050,лс╛└░╧,67000050-004,дg╖╛и╜,136,70,66,1047,563,484,332,155,177,"102Y12M"
67000,╗Oлnел,67000050,лс╛└░╧,67000050-005,╣┼е╨и╜,132,66,66,924,524,400,296,137,159,"102Y12M"
67000,╗Oлnел,67000050,лс╛└░╧,67000050-006,╣┼е┴и╜,163,83,80,958,528,430,286,134,152,"102Y12M"
67000,╗Oлnел,67000050,лс╛└░╧,67000050-007,╡╫рTи╜,106,53,53,562,300,262,237,105,132,"102Y12M"
67000,╗Oлnел,67000050,лс╛└░╧,67000050-008,оr│╗и╜,48,25,23,345,187,158,147,67,80,"102Y12M"
67000,╗Oлnел,67000050,лс╛└░╧,67000050-009,еKжwи╜,80,46,34,430,243,187,137,66,71,"102Y12M"
67000,╗Oлnел,67000050,лс╛└░╧,67000050-010,ж╦╖sи╜,179,85,94,1135,614,521,361,167,194,"102Y12M"
67000,╗Oлnел,67000050,лс╛└░╧,67000050-011,╖sкFи╜,181,94,87,1352,704,648,371,172,199,"102Y12M"
67000,╗Oлnел,67000050,лс╛└░╧,67000050-012,│╗жwи╜,147,84,63,1054,532,522,248,114,134,"102Y12M"
67000,╗Oлnел,67000050,лс╛└░╧,67000050-013,к°жwи╜,117,65,52,942,524,418,348,164,184,"102Y12M"
67000,╗Oлnел,67000050,лс╛└░╧,67000050-014,║╓жwи╜,118,54,64,966,525,441,294,129,165,"102Y12M"
67000,╗Oлnел,67000050,лс╛└░╧,67000050-015,пQ╛Ёи╜,77,38,39,556,306,250,230,106,124,"102Y12M"
67000,╗Oлnел,67000050,лс╛└░╧,67000050-016,лсб╜и╜,30,17,13,367,202,165,119,60,59,"102Y12M"
67000,╗Oлnел,67000050,лс╛└░╧,67000050-017,╛екLи╜,62,25,37,525,271,254,244,111,133,"102Y12M"
67000,╗Oлnел,67000050,лс╛└░╧,67000050-018,╡╫╝dи╜,35,20,15,286,152,134,128,61,67,"102Y12M"
67000,╗Oлnел,67000050,лс╛└░╧,67000050-019,╖s╣┼и╜,121,65,56,774,451,323,338,153,185,"102Y12M"
67000,╗Oлnел,67000050,лс╛└░╧,67000050-020,│╗к°и╜,56,29,27,369,196,173,170,82,88,"102Y12M"
67000,╗Oлnел,67000050,лс╛└░╧,67000050-021,енжwи╜,133,59,74,771,443,328,261,116,145,"102Y12M"
67000,╗Oлnел,67000060,кFдs░╧,67000060-001,кFдsи╜,175,97,78,1225,648,577,320,141,179,"102Y12M"
67000,╗Oлnел,67000060,кFдs░╧,67000060-002,кFдди╜,362,187,175,2054,1096,958,519,216,303,"102Y12M"
67000,╗Oлnел,67000060,кFдs░╧,67000060-003,кFе┐и╜,190,105,85,1198,645,553,379,177,202,"102Y12M"
67000,╗Oлnел,67000060,кFдs░╧,67000060-004,дT║aи╜,122,56,66,784,427,357,210,91,119,"102Y12M"
67000,╗Oлnел,67000060,кFдs░╧,67000060-005,дjл╚и╜,143,73,70,865,480,385,302,144,158,"102Y12M"
67000,╗Oлnел,67000060,кFдs░╧,67000060-006,мьи╜и╜,133,72,61,988,552,436,368,178,190,"102Y12M"
67000,╗Oлnел,67000060,кFдs░╧,67000060-007,кFкeи╜,79,45,34,758,422,336,210,97,113,"102Y12M"
67000,╗Oлnел,67000060,кFдs░╧,67000060-008,лn╖╦и╜,49,28,21,368,225,143,111,51,60,"102Y12M"
67000,╗Oлnел,67000060,кFдs░╧,67000060-009,дЇ╢│и╜,27,17,10,324,196,128,109,50,59,"102Y12M"
67000,╗Oлnел,67000060,кFдs░╧,67000060-010,кLжwи╜,32,15,17,274,167,107,120,62,58,"102Y12M"
67000,╗Oлnел,67000060,кFдs░╧,67000060-011,кFньи╜,268,137,131,1801,985,816,561,260,301,"102Y12M"
67000,╗Oлnел,67000060,кFдs░╧,67000060-012,└нлnи╜,85,32,53,554,314,240,194,99,95,"102Y12M"
67000,╗Oлnел,67000060,кFдs░╧,67000060-013,лn╢╒и╜,153,70,83,934,534,400,257,130,127,"102Y12M"
67000,╗Oлnел,67000060,кFдs░╧,67000060-014,лCдsи╜,136,70,66,859,503,356,286,124,162,"102Y12M"
67000,╗Oлnел,67000060,кFдs░╧,67000060-015,░кньи╜,113,63,50,752,434,318,226,105,121,"102Y12M"
67000,╗Oлnел,67000060,кFдs░╧,67000060-016,╕t╜хи╜,216,109,107,1565,853,712,437,191,246,"102Y12M"
67000,╗Oлnел,67000070,│┬из░╧,67000070-001,╜\┐│и╜,93,48,45,521,272,249,145,73,72,"102Y12M"
67000,╗Oлnел,67000070,│┬из░╧,67000070-002,лOжwи╜,95,51,44,417,208,209,158,77,81,"102Y12M"
67000,╗Oлnел,67000070,│┬из░╧,67000070-003,кFиди╜,483,238,245,2272,1124,1148,364,175,189,"102Y12M"
67000,╗Oлnел,67000070,│┬из░╧,67000070-004,Ф╙ж┐и╜,414,220,194,2100,1091,1009,440,184,256,"102Y12M"
67000,╗Oлnел,67000070,│┬из░╧,67000070-005,л╤дfи╜,224,122,102,1305,656,649,283,123,160,"102Y12M"
67000,╗Oлnел,67000070,│┬из░╧,67000070-006,дд┐│и╜,329,160,169,1688,852,836,361,159,202,"102Y12M"
67000,╗Oлnел,67000070,│┬из░╧,67000070-007,┐│╣Aи╜,290,149,141,1328,672,656,269,137,132,"102Y12M"
67000,╗Oлnел,67000070,│┬из░╧,67000070-008,╖sл╪и╜,226,119,107,1019,504,515,200,92,108,"102Y12M"
67000,╗Oлnел,67000070,│┬из░╧,67000070-009,кoиои╜,642,341,301,3184,1589,1595,473,221,252,"102Y12M"
67000,╗Oлnел,67000070,│┬из░╧,67000070-010,е_╢╒и╜,136,71,65,936,526,410,253,107,146,"102Y12M"
67000,╗Oлnел,67000070,│┬из░╧,67000070-011,дj╤Lи╜,593,313,280,2445,1228,1217,477,219,258,"102Y12M"
67000,╗Oлnел,67000070,│┬из░╧,67000070-012,┴`║aи╜,86,44,42,546,299,247,156,73,83,"102Y12M"
67000,╗Oлnел,67000070,│┬из░╧,67000070-013,└sмuи╜,66,30,36,677,352,325,164,75,89,"102Y12M"
67000,╗Oлnел,67000070,│┬из░╧,67000070-014,лn╢╒и╜,323,171,152,1947,1003,944,469,220,249,"102Y12M"
67000,╗Oлnел,67000070,│┬из░╧,67000070-015,╝dб╜и╜,198,96,102,1407,750,657,306,133,173,"102Y12M"
67000,╗Oлnел,67000070,│┬из░╧,67000070-016,дp░ёи╜,155,83,72,852,441,411,181,84,97,"102Y12M"
67000,╗Oлnел,67000070,│┬из░╧,67000070-017,░ё└Yи╜,177,101,76,1165,602,563,285,128,157,"102Y12M"
67000,╗Oлnел,67000070,│┬из░╧,67000070-018,дjдsи╜,76,41,35,504,272,232,125,53,72,"102Y12M"
67000,╗Oлnел,67000070,│┬из░╧,67000070-019,о№оHи╜,102,59,43,822,450,372,247,109,138,"102Y12M"
67000,╗Oлnел,67000070,│┬из░╧,67000070-020,▓°┬зи╜,53,29,24,386,221,165,134,60,74,"102Y12M"
67000,╗Oлnел,67000070,│┬из░╧,67000070-021,┤фз└и╜,137,75,62,978,531,447,302,137,165,"102Y12M"
67000,╗Oлnел,67000070,│┬из░╧,67000070-022,│┬дfи╜,141,71,70,917,490,427,223,103,120,"102Y12M"
67000,╗Oлnел,67000070,│┬из░╧,67000070-023,жwкFи╜,77,36,41,538,293,245,132,67,65,"102Y12M"
67000,╗Oлnел,67000070,│┬из░╧,67000070-024,жw╖~и╜,64,34,30,516,274,242,132,55,77,"102Y12M"
67000,╗Oлnел,67000070,│┬из░╧,67000070-025,жwжши╜,81,33,48,637,341,296,135,57,78,"102Y12M"
67000,╗Oлnел,67000070,│┬из░╧,67000070-026,┴┬жwи╜,95,51,44,748,413,335,151,70,81,"102Y12M"
67000,╗Oлnел,67000070,│┬из░╧,67000070-027,дде┴и╜,111,67,44,695,376,319,186,82,104,"102Y12M"
67000,╗Oлnел,67000070,│┬из░╧,67000070-028,жwе┐и╜,113,52,61,803,431,372,170,76,94,"102Y12M"
67000,╗Oлnел,67000070,│┬из░╧,67000070-029,┐jдли╜,144,69,75,1002,526,476,230,101,129,"102Y12M"
67000,╗Oлnел,67000080,дU└ч░╧,67000080-001,дU└чи╜,111,52,59,669,356,313,228,113,115,"102Y12M"
67000,╗Oлnел,67000080,дU└ч░╧,67000080-002,дпи╜и╜,389,212,177,2520,1322,1198,520,233,287,"102Y12M"
67000,╗Oлnел,67000080,дU└ч░╧,67000080-003,жvд║и╜,138,76,62,890,482,408,263,120,143,"102Y12M"
67000,╗Oлnел,67000080,дU└ч░╧,67000080-004,лс╡єи╜,193,89,104,1320,690,630,295,128,167,"102Y12M"
67000,╗Oлnел,67000080,дU└ч░╧,67000080-005,╖s┐│и╜,403,208,195,2071,1087,984,390,175,215,"102Y12M"
67000,╗Oлnел,67000080,дU└ч░╧,67000080-006,└члeи╜,266,132,134,1827,933,894,445,192,253,"102Y12M"
67000,╗Oлnел,67000080,дU└ч░╧,67000080-007,дjд┘и╜,103,56,47,759,417,342,156,55,101,"102Y12M"
67000,╗Oлnел,67000080,дU└ч░╧,67000080-008,дj░ёи╜,106,51,55,591,322,269,197,100,97,"102Y12M"
67000,╗Oлnел,67000080,дU└ч░╧,67000080-009,нT┤фи╜,111,55,56,978,520,458,277,129,148,"102Y12M"
67000,╗Oлnел,67000080,дU└ч░╧,67000080-010,дд└чи╜,146,70,76,922,507,415,253,126,127,"102Y12M"
67000,╗Oлnел,67000080,дU└ч░╧,67000080-011,╢}д╞и╜,244,123,121,1683,863,820,393,186,207,"102Y12M"
67000,╗Oлnел,67000080,дU└ч░╧,67000080-012,жш│sи╜,101,61,40,729,408,321,235,118,117,"102Y12M"
67000,╗Oлnел,67000080,дU└ч░╧,67000080-013,╢Pл╪и╜,177,102,75,1126,613,513,294,126,168,"102Y12M"
67000,╗Oлnел,67000080,дU└ч░╧,67000080-014,е╥дди╜,128,74,54,864,456,408,345,158,187,"102Y12M"
67000,╗Oлnел,67000080,дU└ч░╧,67000080-015,мїнэи╜,172,95,77,976,501,475,329,156,173,"102Y12M"
67000,╗Oлnел,67000090,д╗е╥░╧,67000090-001,д╗е╥и╜,498,257,241,2553,1282,1271,557,251,306,"102Y12M"
67000,╗Oлnел,67000090,д╗е╥░╧,67000090-002,е╥кFи╜,431,226,205,2301,1202,1099,480,212,268,"102Y12M"
67000,╗Oлnел,67000090,д╗е╥░╧,67000090-003,е╥лnи╜,219,107,112,1197,621,576,283,137,146,"102Y12M"
67000,╗Oлnел,67000090,д╗е╥░╧,67000090-004,└s┤Єи╜,187,99,88,923,487,436,211,106,105,"102Y12M"
67000,╗Oлnел,67000090,д╗е╥░╧,67000090-005,дCе╥и╜,141,64,77,830,451,379,171,76,95,"102Y12M"
67000,╗Oлnел,67000090,д╗е╥░╧,67000090-006,дGе╥и╜,525,267,258,2888,1535,1353,511,245,266,"102Y12M"
67000,╗Oлnел,67000090,д╗е╥░╧,67000090-007,дЇкLи╜,341,176,165,1953,1006,947,306,151,155,"102Y12M"
67000,╗Oлnел,67000090,д╗е╥░╧,67000090-008,ддк└и╜,211,108,103,1418,758,660,314,145,169,"102Y12M"
67000,╗Oлnел,67000090,д╗е╥░╧,67000090-009,└t┤фи╜,146,77,69,988,529,459,204,97,107,"102Y12M"
67000,╗Oлnел,67000090,д╗е╥░╧,67000090-010,╡╫оHи╜,56,28,28,525,286,239,127,59,68,"102Y12M"
67000,╗Oлnел,67000090,д╗е╥░╧,67000090-011,д¤╖▌и╜,102,53,49,618,382,236,205,98,107,"102Y12M"
67000,╗Oлnел,67000090,д╗е╥░╧,67000090-012,дjеCи╜,55,31,24,487,285,202,189,94,95,"102Y12M"
67000,╗Oлnел,67000100,йxе╨░╧,67000100-001,йxе╨и╜,256,132,124,1756,917,839,394,186,208,"102Y12M"
67000,╗Oлnел,67000100,йxе╨░╧,67000100-002,дG┬эи╜,365,189,176,2698,1388,1310,344,151,193,"102Y12M"
67000,╗Oлnел,67000100,йxе╨░╧,67000100-003,┤Єдsи╜,89,41,48,803,454,349,227,102,125,"102Y12M"
67000,╗Oлnел,67000100,йxе╨░╧,67000100-004,╣┼лnи╜,23,19,4,213,117,96,82,48,34,"102Y12M"
67000,╗Oлnел,67000100,йxе╨░╧,67000100-005,дj▒Tи╜,37,22,15,346,197,149,123,68,55,"102Y12M"
67000,╗Oлnел,67000100,йxе╨░╧,67000100-006,╢йе╨и╜,313,154,159,1693,832,861,343,161,182,"102Y12M"
67000,╗Oлnел,67000100,йxе╨░╧,67000100-007,╢йе╗и╜,480,231,249,2826,1403,1423,435,222,213,"102Y12M"
67000,╗Oлnел,67000100,йxе╨░╧,67000100-008,лnб╜и╜,156,88,68,1084,555,529,144,68,76,"102Y12M"
67000,╗Oлnел,67000100,йxе╨░╧,67000100-009,кF╔▄и╜,187,92,95,1124,622,502,294,133,161,"102Y12M"
67000,╗Oлnел,67000100,йxе╨░╧,67000100-010,жш╔▄и╜,60,34,26,510,289,221,177,79,98,"102Y12M"
67000,╗Oлnел,67000100,йxе╨░╧,67000100-011,й▐кLи╜,57,29,28,415,218,197,147,68,79,"102Y12M"
67000,╗Oлnел,67000100,йxе╨░╧,67000100-012,┤ч└Yи╜,237,121,116,1818,954,864,472,212,260,"102Y12M"
67000,╗Oлnел,67000100,йxе╨░╧,67000100-013,к└дlи╜,119,52,67,792,432,360,184,82,102,"102Y12M"
67000,╗Oлnел,67000110,дjд║░╧,67000110-001,е█┤Єи╜,120,61,59,806,437,369,262,127,135,"102Y12M"
67000,╗Oлnел,67000110,дjд║░╧,67000110-002,е█кLи╜,83,38,45,551,302,249,188,83,105,"102Y12M"
67000,╗Oлnел,67000110,дjд║░╧,67000110-003,е█л░и╜,206,109,97,1290,685,605,280,117,163,"102Y12M"
67000,╗Oлnел,67000110,дjд║░╧,67000110-004,д║ж┐и╜,99,54,45,760,430,330,242,110,132,"102Y12M"
67000,╗Oлnел,67000110,дjд║░╧,67000110-005,дjд║и╜,114,52,62,651,341,310,209,100,109,"102Y12M"
67000,╗Oлnел,67000110,дjд║░╧,67000110-006,д║│ви╜,79,50,29,550,309,241,140,61,79,"102Y12M"
67000,╗Oлnел,67000110,дjд║░╧,67000110-007,└Yк└и╜,99,52,47,807,467,340,253,121,132,"102Y12M"
67000,╗Oлnел,67000110,дjд║░╧,67000110-008,└Ї┤Єи╜,103,50,53,600,342,258,204,104,100,"102Y12M"
67000,╗Oлnел,67000110,дjд║░╧,67000110-009,дG╖╦и╜,90,52,38,664,379,285,262,132,130,"102Y12M"
67000,╗Oлnел,67000110,дjд║░╧,67000110-010,ж▒╖╦и╜,69,40,29,461,255,206,166,86,80,"102Y12M"
67000,╗Oлnел,67000120,и╬и╜░╧,67000120-001,кF╣чи╜,226,120,106,1553,743,810,326,152,174,"102Y12M"
67000,╗Oлnел,67000120,и╬и╜░╧,67000120-002,й╛дпи╜,508,258,250,2563,1276,1287,484,217,267,"102Y12M"
67000,╗Oлnел,67000120,и╬и╜░╧,67000120-003,┬эдsи╜,779,407,372,5160,2572,2588,658,301,357,"102Y12M"
67000,╗Oлnел,67000120,и╬и╜░╧,67000120-004,л╪лnи╜,1308,642,666,7378,3588,3790,981,441,540,"102Y12M"
67000,╗Oлnел,67000120,и╬и╜░╧,67000120-005,жwжши╜,2342,1240,1102,10240,4918,5322,1207,541,666,"102Y12M"
67000,╗Oлnел,67000120,и╬и╜░╧,67000120-006,д╗жwи╜,643,338,305,3486,1713,1773,610,277,333,"102Y12M"
67000,╗Oлnел,67000120,и╬и╜░╧,67000120-007,и╬д╞и╜,271,133,138,1874,970,904,363,160,203,"102Y12M"
67000,╗Oлnел,67000120,и╬и╜░╧,67000120-008,┬зд╞и╜,99,49,50,773,407,366,191,80,111,"102Y12M"
67000,╗Oлnел,67000120,и╬и╜░╧,67000120-009,┐│д╞и╜,149,80,69,999,540,459,330,148,182,"102Y12M"
67000,╗Oлnел,67000120,и╬и╜░╧,67000120-010,└ч│╗и╜,64,37,27,542,284,258,155,70,85,"102Y12M"
67000,╗Oлnел,67000120,и╬и╜░╧,67000120-011,╖╦ж{и╜,40,27,13,324,177,147,86,37,49,"102Y12M"
67000,╗Oлnел,67000120,и╬и╜░╧,67000120-012,о№╝си╜,176,100,76,1300,666,634,250,109,141,"102Y12M"
67000,╗Oлnел,67000120,и╬и╜░╧,67000120-013,║sмwи╜,92,41,51,638,318,320,142,67,75,"102Y12M"
67000,╗Oлnел,67000120,и╬и╜░╧,67000120-014,│╗б╜и╜,127,64,63,788,418,370,163,82,81,"102Y12M"
67000,╗Oлnел,67000120,и╬и╜░╧,67000120-015,╣┼║╓и╜,89,39,50,780,412,368,210,101,109,"102Y12M"
67000,╗Oлnел,67000120,и╬и╜░╧,67000120-016,│q┐│и╜,91,45,46,834,452,382,253,114,139,"102Y12M"
67000,╗Oлnел,67000120,и╬и╜░╧,67000120-017,│F╝dи╜,85,51,34,689,378,311,186,78,108,"102Y12M"
67000,╗Oлnел,67000120,и╬и╜░╧,67000120-018,└sжwи╜,105,57,48,878,473,405,219,95,124,"102Y12M"
67000,╗Oлnел,67000120,и╬и╜░╧,67000120-019,е┴жwи╜,208,108,100,1236,660,576,236,94,142,"102Y12M"
67000,╗Oлnел,67000120,и╬и╜░╧,67000120-020,дl└sи╜,187,100,87,1205,677,528,380,159,221,"102Y12M"
67000,╗Oлnел,67000120,и╬и╜░╧,67000120-021,дTиєи╜,96,54,42,834,438,396,183,78,105,"102Y12M"
67000,╗Oлnел,67000130,╛╟е╥░╧,67000130-001,дп▒oи╜,582,279,303,3606,1789,1817,522,220,302,"102Y12M"
67000,╗Oлnел,67000130,╛╟е╥░╧,67000130-002,╖s║aи╜,359,199,160,1902,939,963,263,109,154,"102Y12M"
67000,╗Oлnел,67000130,╛╟е╥░╧,67000130-003,е·╡╪и╜,169,79,90,1128,623,505,213,84,129,"102Y12M"
67000,╗Oлnел,67000130,╛╟е╥░╧,67000130-004,жv┤фи╜,102,59,43,705,397,308,183,87,96,"102Y12M"
67000,╗Oлnел,67000130,╛╟е╥░╧,67000130-005,╖O║╓и╜,266,132,134,1680,872,808,360,150,210,"102Y12M"
67000,╗Oлnел,67000130,╛╟е╥░╧,67000130-006,иqйўи╜,321,162,159,2222,1178,1044,298,120,178,"102Y12M"
67000,╗Oлnел,67000130,╛╟е╥░╧,67000130-007,й·йyи╜,276,152,124,1792,960,832,269,113,156,"102Y12M"
67000,╗Oлnел,67000130,╛╟е╥░╧,67000130-008,┬╫йMи╜,179,93,86,1105,606,499,240,104,136,"102Y12M"
67000,╗Oлnел,67000130,╛╟е╥░╧,67000130-009,енйMи╜,132,72,60,893,513,380,261,115,146,"102Y12M"
67000,╗Oлnел,67000130,╛╟е╥░╧,67000130-010,╖s╣Fи╜,234,119,115,1869,977,892,411,184,227,"102Y12M"
67000,╗Oлnел,67000130,╛╟е╥░╧,67000130-011,дj╞Wи╜,121,62,59,877,468,409,247,100,147,"102Y12M"
67000,╗Oлnел,67000130,╛╟е╥░╧,67000130-012,дT╝yи╜,154,84,70,1183,684,499,337,143,194,"102Y12M"
67000,╗Oлnел,67000130,╛╟е╥░╧,67000130-013,ддмwи╜,173,97,76,1196,640,556,337,141,196,"102Y12M"
67000,╗Oлnел,67000140,жш┤ф░╧,67000140-001,жш┤фи╜,491,237,254,2942,1470,1472,440,198,242,"102Y12M"
67000,╗Oлnел,67000140,жш┤ф░╧,67000140-002,лnо№и╜,296,162,134,2123,1097,1026,364,153,211,"102Y12M"
67000,╗Oлnел,67000140,жш┤ф░╧,67000140-003,┤фкFи╜,186,100,86,1357,723,634,239,108,131,"102Y12M"
67000,╗Oлnел,67000140,жш┤ф░╧,67000140-004,б╜кLи╜,194,97,97,1348,728,620,349,163,186,"102Y12M"
67000,╗Oлnел,67000140,жш┤ф░╧,67000140-005,лс└чи╜,192,95,97,1211,636,575,283,124,159,"102Y12M"
67000,╗Oлnел,67000140,жш┤ф░╧,67000140-006,└чжши╜,166,82,84,1173,636,537,257,111,146,"102Y12M"
67000,╗Oлnел,67000140,жш┤ф░╧,67000140-007,кўмти╜,88,47,41,644,345,299,204,99,105,"102Y12M"
67000,╗Oлnел,67000140,жш┤ф░╧,67000140-008,╝Bнэи╜,127,61,66,1108,577,531,229,103,126,"102Y12M"
67000,╗Oлnел,67000140,жш┤ф░╧,67000140-009,ж╦кLи╜,134,67,67,996,531,465,271,118,153,"102Y12M"
67000,╗Oлnел,67000140,жш┤ф░╧,67000140-010,е├╝╓и╜,134,71,63,856,465,391,219,97,122,"102Y12M"
67000,╗Oлnел,67000140,жш┤ф░╧,67000140-011,╖s┤_и╜,139,59,80,912,493,419,174,79,95,"102Y12M"
67000,╗Oлnел,67000140,жш┤ф░╧,67000140-012,╝yжwи╜,600,310,290,3912,1936,1976,556,261,295,"102Y12M"
67000,╗Oлnел,67000150,дCк╤░╧,67000150-001,лс┤фи╜,42,16,26,447,257,190,135,65,70,"102Y12M"
67000,╗Oлnел,67000150,дCк╤░╧,67000150-002,дj╝ци╜,42,17,25,540,303,237,170,77,93,"102Y12M"
67000,╗Oлnел,67000150,дCк╤░╧,67000150-003,л░д║и╜,46,21,25,365,207,158,123,46,77,"102Y12M"
67000,╗Oлnел,67000150,дCк╤░╧,67000150-004,┐wе[и╜,132,75,57,665,363,302,195,88,107,"102Y12M"
67000,╗Oлnел,67000150,дCк╤░╧,67000150-005,│╗дsи╜,69,41,28,663,379,284,233,113,120,"102Y12M"
67000,╗Oлnел,67000150,дCк╤░╧,67000150-006,жш╝dи╜,29,18,11,405,237,168,102,46,56,"102Y12M"
67000,╗Oлnел,67000150,дCк╤░╧,67000150-007,Ъм╤Lи╜,36,18,18,323,185,138,110,47,63,"102Y12M"
67000,╗Oлnел,67000150,дCк╤░╧,67000150-008,└sдsи╜,244,120,124,1366,719,647,391,185,206,"102Y12M"
67000,╗Oлnел,67000150,дCк╤░╧,67000150-009,╖╦лnи╜,30,13,17,286,154,132,89,35,54,"102Y12M"
67000,╗Oлnел,67000150,дCк╤░╧,67000150-010,дCк╤и╜,154,78,76,785,416,369,192,82,110,"102Y12M"
67000,╗Oлnел,67000150,дCк╤░╧,67000150-011,е╔жии╜,170,100,70,648,340,308,186,87,99,"102Y12M"
67000,╗Oлnел,67000150,дCк╤░╧,67000150-012,дj╤Lи╜,358,177,181,1469,753,716,262,120,142,"102Y12M"
67000,╗Oлnел,67000150,дCк╤░╧,67000150-013,дj╝dи╜,189,105,84,782,420,362,226,104,122,"102Y12M"
67000,╗Oлnел,67000150,дCк╤░╧,67000150-014,м▌йWи╜,147,83,64,588,333,255,130,51,79,"102Y12M"
67000,╗Oлnел,67000150,дCк╤░╧,67000150-015,╛ЁкLи╜,150,81,69,974,525,449,225,100,125,"102Y12M"
67000,╗Oлnел,67000150,дCк╤░╧,67000150-016,ж╦┤фи╜,77,42,35,514,256,258,137,53,84,"102Y12M"
67000,╗Oлnел,67000150,дCк╤░╧,67000150-017,дд╝dи╜,75,47,28,564,311,253,216,81,135,"102Y12M"
67000,╗Oлnел,67000150,дCк╤░╧,67000150-018,ж╦╛Їи╜,54,28,26,540,294,246,181,70,111,"102Y12M"
67000,╗Oлnел,67000150,дCк╤░╧,67000150-019,╕qжXи╜,134,74,60,966,520,446,201,80,121,"102Y12M"
67000,╗Oлnел,67000150,дCк╤░╧,67000150-020,Юї╖}и╜,96,43,53,619,335,284,129,49,80,"102Y12M"
67000,╗Oлnел,67000150,дCк╤░╧,67000150-021,е├жNи╜,125,60,65,867,472,395,161,69,92,"102Y12M"
67000,╗Oлnел,67000150,дCк╤░╧,67000150-022,дTк╤и╜,146,77,69,1153,610,543,367,211,156,"102Y12M"
67000,╗Oлnел,67000150,дCк╤░╧,67000150-023,дQеўи╜,176,92,84,1193,656,537,267,122,145,"102Y12M"
67000,╗Oлnел,67000160,▒Nнx░╧,67000160-001,к°║aи╜,124,65,59,980,482,498,174,73,101,"102Y12M"
67000,╗Oлnел,67000160,▒Nнx░╧,67000160-002,жш╡╪и╜,149,71,78,1217,641,576,238,108,130,"102Y12M"
67000,╗Oлnел,67000160,▒Nнx░╧,67000160-003,жшйMи╜,87,39,48,840,456,384,212,87,125,"102Y12M"
67000,╗Oлnел,67000160,▒Nнx░╧,67000160-004,й╛┐│и╜,185,93,92,1354,685,669,320,139,181,"102Y12M"
67000,╗Oлnел,67000160,▒Nнx░╧,67000160-005,╣┼йўи╜,110,56,54,750,412,338,199,90,109,"102Y12M"
67000,╗Oлnел,67000160,▒Nнx░╧,67000160-006,лO╖╜и╜,73,33,40,806,443,363,245,107,138,"102Y12M"
67000,╗Oлnел,67000160,▒Nнx░╧,67000160-007,нdйMи╜,101,60,41,902,488,414,224,100,124,"102Y12M"
67000,╗Oлnел,67000160,▒Nнx░╧,67000160-008,дпйMи╜,54,27,27,512,292,220,179,85,94,"102Y12M"
67000,╗Oлnел,67000160,▒Nнx░╧,67000160-009,е_оHи╜,50,24,26,470,251,219,166,70,96,"102Y12M"
67000,╗Oлnел,67000160,▒Nнx░╧,67000160-010,▒N┤Iи╜,69,40,29,497,267,230,175,81,94,"102Y12M"
67000,╗Oлnел,67000160,▒Nнx░╧,67000160-011,▒N╢Qи╜,58,34,24,469,249,220,162,73,89,"102Y12M"
67000,╗Oлnел,67000160,▒Nнx░╧,67000160-012,дTжNи╜,43,26,17,337,196,141,96,41,55,"102Y12M"
67000,╗Oлnел,67000160,▒Nнx░╧,67000160-013,е╔дsи╜,69,42,27,699,390,309,225,101,124,"102Y12M"
67000,╗Oлnел,67000160,▒Nнx░╧,67000160-014,╝sдsи╜,48,17,31,493,293,200,212,82,130,"102Y12M"
67000,╗Oлnел,67000160,▒Nнx░╧,67000160-015,к°иFи╜,184,98,86,1250,636,614,229,98,131,"102Y12M"
67000,╗Oлnел,67000160,▒Nнx░╧,67000160-016,ениFи╜,143,79,64,1045,503,542,201,89,112,"102Y12M"
67000,╗Oлnел,67000160,▒Nнx░╧,67000160-017,є╦ё╩и╜,205,123,82,1671,843,828,344,158,186,"102Y12M"
67000,╗Oлnел,67000160,▒Nнx░╧,67000160-018,є╦▐Hи╜,86,37,49,873,428,445,204,93,111,"102Y12M"
67000,╗Oлnел,67000170,е_к∙░╧,67000170-001,лOжNи╜,152,85,67,1220,625,595,191,75,116,"102Y12M"
67000,╗Oлnел,67000170,е_к∙░╧,67000170-002,┬∙мKи╜,83,50,33,435,234,201,73,28,45,"102Y12M"
67000,╗Oлnел,67000170,е_к∙░╧,67000170-003,кF╛└и╜,97,50,47,728,359,369,90,32,58,"102Y12M"
67000,╗Oлnел,67000170,е_к∙░╧,67000170-004,є╦ж┐и╜,84,41,43,714,358,356,97,38,59,"102Y12M"
67000,╗Oлnел,67000170,е_к∙░╧,67000170-005,е_к∙и╜,91,46,45,763,393,370,166,64,102,"102Y12M"
67000,╗Oлnел,67000170,е_к∙░╧,67000170-006,└A┤Єи╜,122,66,56,857,481,376,209,78,131,"102Y12M"
67000,╗Oлnел,67000170,е_к∙░╧,67000170-007,дTе·и╜,188,92,96,1069,553,516,173,74,99,"102Y12M"
67000,╗Oлnел,67000170,е_к∙░╧,67000170-008,дпи╜и╜,71,31,40,506,267,239,165,80,85,"102Y12M"
67000,╗Oлnел,67000170,е_к∙░╧,67000170-009,е╔┤фи╜,73,33,40,619,353,266,196,96,100,"102Y12M"
67000,╗Oлnел,67000170,е_к∙░╧,67000170-010,дд╝╧и╜,53,24,29,538,295,243,167,77,90,"102Y12M"
67000,╗Oлnел,67000170,е_к∙░╧,67000170-011,╖Oжwи╜,81,40,41,655,324,331,129,58,71,"102Y12M"
67000,╗Oлnел,67000170,е_к∙░╧,67000170-012,е├╡╪и╜,45,21,24,323,173,150,62,18,44,"102Y12M"
67000,╗Oлnел,67000170,е_к∙░╧,67000170-013,е├╢йи╜,58,33,25,433,201,232,100,43,57,"102Y12M"
67000,╗Oлnел,67000180,╖sд╞░╧,67000180-001,кZжwи╜,242,132,110,1609,809,800,283,121,162,"102Y12M"
67000,╗Oлnел,67000180,╖sд╞░╧,67000180-002,кF║aи╜,567,293,274,3508,1792,1716,656,318,338,"102Y12M"
67000,╗Oлnел,67000180,╖sд╞░╧,67000180-003,┼@░ъи╜,245,139,106,1569,792,777,340,170,170,"102Y12M"
67000,╗Oлnел,67000180,╖sд╞░╧,67000180-004,д╙ени╜,681,375,306,3695,1848,1847,640,302,338,"102Y12M"
67000,╗Oлnел,67000180,╖sд╞░╧,67000180-005,ддеби╜,42,26,16,297,141,156,129,58,71,"102Y12M"
67000,╗Oлnел,67000180,╖sд╞░╧,67000180-006,╞[н╡и╜,65,35,30,445,223,222,125,54,71,"102Y12M"
67000,╗Oлnел,67000180,╖sд╞░╧,67000180-007,ж╦кLи╜,33,14,19,342,196,146,103,49,54,"102Y12M"
67000,╗Oлnел,67000180,╖sд╞░╧,67000180-008,▓MдЇи╜,123,64,59,847,445,402,166,77,89,"102Y12M"
67000,╗Oлnел,67000180,╖sд╞░╧,67000180-009,иє┐│и╜,523,270,253,3026,1507,1519,434,214,220,"102Y12M"
67000,╗Oлnел,67000180,╖sд╞░╧,67000180-010,╘wдfи╜,397,211,186,1868,944,924,265,128,137,"102Y12M"
67000,╗Oлnел,67000180,╖sд╞░╧,67000180-011,е_╢╒и╜,214,124,90,1284,647,637,173,82,91,"102Y12M"
67000,╗Oлnел,67000180,╖sд╞░╧,67000180-012,┬╫║aи╜,555,294,261,2734,1395,1339,351,169,182,"102Y12M"
67000,╗Oлnел,67000180,╖sд╞░╧,67000180-013,е■┐│и╜,436,238,198,2467,1243,1224,282,135,147,"102Y12M"
67000,╗Oлnел,67000180,╖sд╞░╧,67000180-014,▒[│╗и╜,294,160,134,1695,925,770,329,161,168,"102Y12M"
67000,╗Oлnел,67000180,╖sд╞░╧,67000180-015,к╛╕qи╜,251,133,118,1902,1014,888,405,196,209,"102Y12M"
67000,╗Oлnел,67000180,╖sд╞░╧,67000180-016,дsЧги╜,231,123,108,1311,694,617,212,97,115,"102Y12M"
67000,╗Oлnел,67000180,╖sд╞░╧,67000180-017,дjз|и╜,37,17,20,393,232,161,116,46,70,"102Y12M"
67000,╗Oлnел,67000180,╖sд╞░╧,67000180-018,б╜й▐и╜,310,157,153,1927,1002,925,366,173,193,"102Y12M"
67000,╗Oлnел,67000180,╖sд╞░╧,67000180-019,ж╧кLи╜,130,71,59,822,454,368,167,72,95,"102Y12M"
67000,╗Oлnел,67000180,╖sд╞░╧,67000180-020,┴Gз|и╜,86,45,41,832,479,353,259,123,136,"102Y12M"
67000,╗Oлnел,67000190,╡╜д╞░╧,67000190-001,кF├Ўи╜,230,115,115,816,404,412,237,118,119,"102Y12M"
67000,╗Oлnел,67000190,╡╜д╞░╧,67000190-002,зд╛rи╜,1029,509,520,3198,1526,1672,500,244,256,"102Y12M"
67000,╗Oлnел,67000190,╡╜д╞░╧,67000190-003,е·дхи╜,1124,549,575,4663,2287,2376,710,343,367,"102Y12M"
67000,╗Oлnел,67000190,╡╜д╞░╧,67000190-004,дхйўи╜,529,260,269,2262,1149,1113,406,185,221,"102Y12M"
67000,╗Oлnел,67000190,╡╜д╞░╧,67000190-005,лn├Ўи╜,397,214,183,1538,757,781,235,99,136,"102Y12M"
67000,╗Oлnел,67000190,╡╜д╞░╧,67000190-006,жш├Ўи╜,86,45,41,528,270,258,147,67,80,"102Y12M"
67000,╗Oлnел,67000190,╡╜д╞░╧,67000190-007,е_├Ўи╜,55,28,27,388,228,160,110,53,57,"102Y12M"
67000,╗Oлnел,67000190,╡╜д╞░╧,67000190-008,дхе┐и╜,351,191,160,1350,695,655,234,101,133,"102Y12M"
67000,╗Oлnел,67000190,╡╜д╞░╧,67000190-009,нJоaи╜,169,83,86,1041,569,472,298,129,169,"102Y12M"
67000,╗Oлnел,67000190,╡╜д╞░╧,67000190-010,нJнэи╜,205,125,80,1361,707,654,316,149,167,"102Y12M"
67000,╗Oлnел,67000190,╡╜д╞░╧,67000190-011,д░дDи╜,200,103,97,1093,566,527,166,78,88,"102Y12M"
67000,╗Oлnел,67000190,╡╜д╞░╧,67000190-012,╖╦м№и╜,237,101,136,1573,824,749,353,158,195,"102Y12M"
67000,╗Oлnел,67000190,╡╜д╞░╧,67000190-013,д╗д└и╜,71,39,32,589,316,273,151,70,81,"102Y12M"
67000,╗Oлnел,67000190,╡╜д╞░╧,67000190-014,д╗╝wи╜,138,66,72,948,508,440,198,82,116,"102Y12M"
67000,╗Oлnел,67000190,╡╜д╞░╧,67000190-015,е╨╝dи╜,234,115,119,1449,777,672,370,169,201,"102Y12M"
67000,╗Oлnел,67000190,╡╜д╞░╧,67000190-016,кF╢йи╜,122,56,66,740,400,340,207,98,109,"102Y12M"
67000,╗Oлnел,67000190,╡╜д╞░╧,67000190-017,кFйўи╜,136,76,60,885,470,415,227,103,124,"102Y12M"
67000,╗Oлnел,67000190,╡╜д╞░╧,67000190-018,д√╔▄и╜,184,104,80,1294,672,622,275,127,148,"102Y12M"
67000,╗Oлnел,67000190,╡╜д╞░╧,67000190-019,╣┼е_и╜,205,122,83,1249,667,582,299,136,163,"102Y12M"
67000,╗Oлnел,67000190,╡╜д╞░╧,67000190-020,╣┼лnи╜,150,85,65,875,464,411,214,94,120,"102Y12M"
67000,╗Oлnел,67000190,╡╜д╞░╧,67000190-021,дp╖sи╜,959,467,492,4397,2254,2143,466,223,243,"102Y12M"
67000,╗Oлnел,67000200,╖sел░╧,67000200-001,╖sели╜,397,181,216,2483,1242,1241,332,143,189,"102Y12M"
67000,╗Oлnел,67000200,╖sел░╧,67000200-002,╖sйMи╜,1011,521,490,5459,2755,2704,684,325,359,"102Y12M"
67000,╗Oлnел,67000200,╖sел░╧,67000200-003,к└д║и╜,475,243,232,2004,998,1006,321,157,164,"102Y12M"
67000,╗Oлnел,67000200,╖sел░╧,67000200-004,дjмwи╜,119,63,56,581,309,272,127,60,67,"102Y12M"
67000,╗Oлnел,67000200,╖sел░╧,67000200-005,┬╫╡╪и╜,167,83,84,843,436,407,125,51,74,"102Y12M"
67000,╗Oлnел,67000200,╖sел░╧,67000200-006,дTк┘и╜,444,222,222,1335,657,678,168,80,88,"102Y12M"
67000,╗Oлnел,67000200,╖sел░╧,67000200-007,дj└чи╜,503,265,238,2712,1360,1352,378,187,191,"102Y12M"
67000,╗Oлnел,67000200,╖sел░╧,67000200-008,дjк└и╜,711,392,319,3975,2047,1928,545,268,277,"102Y12M"
67000,╗Oлnел,67000200,╖sел░╧,67000200-009,╝ц│╗и╜,254,134,120,1582,840,742,277,127,150,"102Y12M"
67000,╗Oлnел,67000200,╖sел░╧,67000200-010,┤фсYи╜,557,291,266,3015,1492,1523,409,192,217,"102Y12M"
67000,╗Oлnел,67000200,╖sел░╧,67000200-011,е├┤Nи╜,536,276,260,2554,1261,1293,253,117,136,"102Y12M"
67000,╗Oлnел,67000210,жwйw░╧,67000210-001,─мкLи╜,284,153,131,1807,952,855,442,203,239,"102Y12M"
67000,╗Oлnел,67000210,жwйw░╧,67000210-002,─мнэи╜,324,169,155,1769,925,844,361,160,201,"102Y12M"
67000,╗Oлnел,67000210,жwйw░╧,67000210-003,жwйwи╜,190,100,90,1269,697,572,287,119,168,"102Y12M"
67000,╗Oлnел,67000210,жwйw░╧,67000210-004,жwе[и╜,228,130,98,1084,578,506,264,123,141,"102Y12M"
67000,╗Oлnел,67000210,жwйw░╧,67000210-005,лOжши╜,103,50,53,664,356,308,162,73,89,"102Y12M"
67000,╗Oлnел,67000210,жwйw░╧,67000210-006,┤фз└и╜,271,135,136,1350,697,653,284,131,153,"102Y12M"
67000,╗Oлnел,67000210,жwйw░╧,67000210-007,дд║aи╜,354,201,153,1423,741,682,138,57,81,"102Y12M"
67000,╗Oлnел,67000210,жwйw░╧,67000210-008,┤фдfи╜,473,228,245,2541,1313,1228,287,123,164,"102Y12M"
67000,╗Oлnел,67000210,жwйw░╧,67000210-009,┤флnи╜,363,193,170,2243,1187,1056,299,136,163,"102Y12M"
67000,╗Oлnел,67000210,жwйw░╧,67000210-010,дjжPи╜,76,49,27,691,367,324,56,25,31,"102Y12M"
67000,╗Oлnел,67000210,жwйw░╧,67000210-011,д╗╣┼и╜,179,85,94,1370,727,643,212,92,120,"102Y12M"
67000,╗Oлnел,67000210,жwйw░╧,67000210-012,ддиFи╜,78,42,36,617,325,292,117,54,63,"102Y12M"
67000,╗Oлnел,67000210,жwйw░╧,67000210-013,╖sжNи╜,342,191,151,2162,1106,1056,245,103,142,"102Y12M"
67000,╗Oлnел,67000210,жwйw░╧,67000210-014,о№╝dи╜,337,184,153,2261,1203,1058,369,169,200,"102Y12M"
67000,╗Oлnел,67000210,жwйw░╧,67000210-015,║▐╝dи╜,116,57,59,773,427,346,199,93,106,"102Y12M"
67000,╗Oлnел,67000210,жwйw░╧,67000210-016,лnжwи╜,114,52,62,541,262,279,96,46,50,"102Y12M"
67000,╗Oлnел,67000220,дsдW░╧,67000220-001,й·йMи╜,229,113,116,1487,796,691,365,172,193,"102Y12M"
67000,╗Oлnел,67000220,дsдW░╧,67000220-002,лnмwи╜,179,96,83,1294,693,601,379,181,198,"102Y12M"
67000,╗Oлnел,67000220,дsдW░╧,67000220-003,дsдWи╜,101,58,43,785,403,382,199,92,107,"102Y12M"
67000,╗Oлnел,67000220,дsдW░╧,67000220-004,╖s▓°и╜,118,62,56,786,418,368,163,74,89,"102Y12M"
67000,╗Oлnел,67000220,дsдW░╧,67000220-005,е╔Фви╜,47,21,26,428,255,173,154,69,85,"102Y12M"
67000,╗Oлnел,67000220,дsдW░╧,67000220-006,ен╢зи╜,23,15,8,305,169,136,91,41,50,"102Y12M"
67000,╗Oлnел,67000220,дsдW░╧,67000220-007,┬╫╝wи╜,31,19,12,343,185,158,63,34,29,"102Y12M"
67000,╗Oлnел,67000230,е╔дл░╧,67000230-001,е╔дли╜,85,40,45,642,323,319,228,107,121,"102Y12M"
67000,╗Oлnел,67000230,е╔дл░╧,67000230-002,е╔е╨и╜,531,283,248,3487,1806,1681,825,383,442,"102Y12M"
67000,╗Oлnел,67000230,е╔дл░╧,67000230-003,дде┐и╜,174,89,85,1025,556,469,296,133,163,"102Y12M"
67000,╗Oлnел,67000230,е╔дл░╧,67000230-004,ж╦│Єи╜,187,82,105,1207,652,555,317,142,175,"102Y12M"
67000,╗Oлnел,67000230,е╔дл░╧,67000230-005,иFе╨и╜,57,29,28,381,220,161,146,69,77,"102Y12M"
67000,╗Oлnел,67000230,е╔дл░╧,67000230-006,дTоHи╜,59,37,22,414,244,170,124,59,65,"102Y12M"
67000,╗Oлnел,67000230,е╔дл░╧,67000230-007,дTйMи╜,97,45,52,621,330,291,181,88,93,"102Y12M"
67000,╗Oлnел,67000230,е╔дл░╧,67000230-008,▒цй·и╜,201,119,82,1251,705,546,352,163,189,"102Y12M"
67000,╗Oлnел,67000230,е╔дл░╧,67000230-009,╝hкLи╜,75,45,30,515,282,233,172,83,89,"102Y12M"
67000,╗Oлnел,67000230,е╔дл░╧,67000230-010,┬╫и╜и╜,119,54,65,796,453,343,256,108,148,"102Y12M"
67000,╗Oлnел,67000240,╖гжш░╧,67000240-001,╖гжши╜,209,112,97,1571,848,723,405,185,220,"102Y12M"
67000,╗Oлnел,67000240,╖гжш░╧,67000240-002,╞WеCи╜,140,77,63,967,553,414,276,127,149,"102Y12M"
67000,╗Oлnел,67000240,╖гжш░╧,67000240-003,▒KкKи╜,80,48,32,580,331,249,174,85,89,"102Y12M"
67000,╗Oлnел,67000240,╖гжш░╧,67000240-004,╖╙┐│и╜,145,89,56,842,472,370,218,107,111,"102Y12M"
67000,╗Oлnел,67000240,╖гжш░╧,67000240-005,│└е╨и╜,120,65,55,768,412,356,256,114,142,"102Y12M"
67000,╗Oлnел,67000240,╖гжш░╧,67000240-006,└tджи╜,59,31,28,539,311,228,154,75,79,"102Y12M"
67000,╗Oлnел,67000240,╖гжш░╧,67000240-007,кF╢╒и╜,295,150,145,1906,1001,905,482,219,263,"102Y12M"
67000,╗Oлnел,67000250,лnд╞░╧,67000250-001,лnд╞и╜,158,77,81,1168,634,534,297,145,152,"102Y12M"
67000,╗Oлnел,67000250,лnд╞░╧,67000250-002,дp▒[и╜,93,55,38,670,393,277,167,80,87,"102Y12M"
67000,╗Oлnел,67000250,лnд╞░╧,67000250-003,ддз|и╜,45,21,24,336,199,137,137,68,69,"102Y12M"
67000,╗Oлnел,67000250,лnд╞░╧,67000250-004,е_ени╜,68,43,25,437,235,202,161,81,80,"102Y12M"
67000,╗Oлnел,67000250,лnд╞░╧,67000250-005,кFйMи╜,80,44,36,569,313,256,148,78,70,"102Y12M"
67000,╗Oлnел,67000250,лnд╞░╧,67000250-006,жшоHи╜,79,43,36,662,380,282,199,99,100,"102Y12M"
67000,╗Oлnел,67000250,лnд╞░╧,67000250-007,е_╝dи╜,140,81,59,984,542,442,290,147,143,"102Y12M"
67000,╗Oлnел,67000250,лnд╞░╧,67000250-008,е╔дsи╜,99,55,44,821,451,370,187,92,95,"102Y12M"
67000,╗Oлnел,67000250,лnд╞░╧,67000250-009,├Ўдsи╜,113,65,48,674,357,317,112,64,48,"102Y12M"
67000,╗Oлnел,67000260,ек┬э░╧,67000260-001,е·йMи╜,25,16,9,304,174,130,113,53,60,"102Y12M"
67000,╗Oлnел,67000260,ек┬э░╧,67000260-002,║aйMи╜,56,30,26,500,281,219,190,94,96,"102Y12M"
67000,╗Oлnел,67000260,ек┬э░╧,67000260-003,ек┬эи╜,45,23,22,372,213,159,138,62,76,"102Y12M"
67000,╗Oлnел,67000260,ек┬э░╧,67000260-004,дде┐и╜,67,34,33,598,330,268,241,118,123,"102Y12M"
67000,╗Oлnел,67000260,ек┬э░╧,67000260-005,╖№е·и╜,48,28,20,282,174,108,93,48,45,"102Y12M"
67000,╗Oлnел,67000260,ек┬э░╧,67000260-006,д║╔▄и╜,36,17,19,313,196,117,137,74,63,"102Y12M"
67000,╗Oлnел,67000260,ек┬э░╧,67000260-007,╝сдsи╜,34,19,15,428,257,171,136,63,73,"102Y12M"
67000,╗Oлnел,67000260,ек┬э░╧,67000260-008,йгкLи╜,26,17,9,344,198,146,114,56,58,"102Y12M"
67000,╗Oлnел,67000260,ек┬э░╧,67000260-009,пєдsи╜,28,17,11,243,152,91,77,41,36,"102Y12M"
67000,╗Oлnел,67000260,ек┬э░╧,67000260-010,дG╝dи╜,15,8,7,155,100,55,53,23,30,"102Y12M"
67000,╗Oлnел,67000270,дп╝w░╧,67000270-001,д╙дlи╜,649,341,308,4779,2462,2317,620,297,323,"102Y12M"
67000,╗Oлnел,67000270,дп╝w░╧,67000270-002,дgоwи╜,348,184,164,2260,1178,1082,408,193,215,"102Y12M"
67000,╗Oлnел,67000270,дп╝w░╧,67000270-003,д@е╥и╜,391,216,175,2425,1256,1169,292,154,138,"102Y12M"
67000,╗Oлnел,67000270,дп╝w░╧,67000270-004,дп╝wи╜,1250,661,589,6218,3168,3050,675,323,352,"102Y12M"
67000,╗Oлnел,67000270,дп╝w░╧,67000270-005,дп╕qи╜,1307,715,592,8264,4091,4173,909,448,461,"102Y12M"
67000,╗Oлnел,67000270,дп╝w░╧,67000270-006,╖sе╨и╜,495,253,242,2965,1494,1471,310,142,168,"102Y12M"
67000,╗Oлnел,67000270,дп╝w░╧,67000270-007,лс╛└и╜,1325,673,652,7978,4033,3945,893,430,463,"102Y12M"
67000,╗Oлnел,67000270,дп╝w░╧,67000270-008,дW▒[и╜,857,431,426,4651,2386,2265,576,270,306,"102Y12M"
67000,╗Oлnел,67000270,дп╝w░╧,67000270-009,е╨нэи╜,166,99,67,1213,628,585,232,115,117,"102Y12M"
67000,╗Oлnел,67000270,дп╝w░╧,67000270-010,дTе╥и╜,80,47,33,681,347,334,122,51,71,"102Y12M"
67000,╗Oлnел,67000270,дп╝w░╧,67000270-011,лOжwи╜,345,182,163,2378,1220,1158,362,178,184,"102Y12M"
67000,╗Oлnел,67000270,дп╝w░╧,67000270-012,жие\и╜,407,220,187,3925,2052,1873,711,330,381,"102Y12M"
67000,╗Oлnел,67000270,дп╝w░╧,67000270-013,дпйMи╜,79,40,39,758,414,344,372,148,224,"102Y12M"
67000,╗Oлnел,67000270,дп╝w░╧,67000270-014,дп╖Rи╜,156,85,71,1248,651,597,243,120,123,"102Y12M"
67000,╗Oлnел,67000270,дп╝w░╧,67000270-015,дGжци╜,282,152,130,1830,945,885,322,146,176,"102Y12M"
67000,╗Oлnел,67000270,дп╝w░╧,67000270-016,дjе╥и╜,326,152,174,1918,990,928,304,156,148,"102Y12M"
67000,╗Oлnел,67000270,дп╝w░╧,67000270-017,ддмwи╜,169,82,87,1124,612,512,254,122,132,"102Y12M"
67000,╗Oлnел,67000270,дп╝w░╧,67000270-018,дде═и╜,161,87,74,1156,616,540,275,137,138,"102Y12M"
67000,╗Oлnел,67000280,┬kдп░╧,67000280-001,лnлOи╜,1085,572,513,5523,2752,2771,506,257,249,"102Y12M"
67000,╗Oлnел,67000280,┬kдп░╧,67000280-002,д╗е╥и╜,508,279,229,3360,1738,1622,486,218,268,"102Y12M"
67000,╗Oлnел,67000280,┬kдп░╧,67000280-003,┬kдпи╜,406,228,178,2070,1016,1054,316,148,168,"102Y12M"
67000,╗Oлnел,67000280,┬kдп░╧,67000280-004,лсели╜,591,319,272,3009,1505,1504,447,214,233,"102Y12M"
67000,╗Oлnел,67000280,┬kдп░╧,67000280-005,╢dнэи╜,493,257,236,3061,1530,1531,309,146,163,"102Y12M"
67000,╗Oлnел,67000280,┬kдп░╧,67000280-006,│\нэи╜,537,280,257,2861,1455,1406,448,206,242,"102Y12M"
67000,╗Oлnел,67000280,┬kдп░╧,67000280-007,м▌жши╜,389,204,185,1840,927,913,232,110,122,"102Y12M"
67000,╗Oлnел,67000280,┬kдп░╧,67000280-008,м▌кFи╜,295,167,128,1601,801,800,194,90,104,"102Y12M"
67000,╗Oлnел,67000280,┬kдп░╧,67000280-009,▒[│╗и╜,559,294,265,2392,1214,1178,364,188,176,"102Y12M"
67000,╗Oлnел,67000280,┬kдп░╧,67000280-010,иF▒[и╜,88,46,42,597,319,278,99,55,44,"102Y12M"
67000,╗Oлnел,67000280,┬kдп░╧,67000280-011,дj╝ци╜,243,136,107,1538,806,732,301,127,174,"102Y12M"
67000,╗Oлnел,67000280,┬kдп░╧,67000280-012,кZкFи╜,226,120,106,1683,1022,661,185,95,90,"102Y12M"
67000,╗Oлnел,67000280,┬kдп░╧,67000280-013,дKе╥и╜,462,226,236,2275,1143,1132,329,160,169,"102Y12M"
67000,╗Oлnел,67000280,┬kдп░╧,67000280-014,дCе╥и╜,440,250,190,2716,1372,1344,316,147,169,"102Y12M"
67000,╗Oлnел,67000280,┬kдп░╧,67000280-015,╢¤╝qи╜,299,165,134,1839,973,866,334,147,187,"102Y12M"
67000,╗Oлnел,67000280,┬kдп░╧,67000280-016,жшоHи╜,179,99,80,1457,771,686,209,95,114,"102Y12M"
67000,╗Oлnел,67000280,┬kдп░╧,67000280-017,дj╝qи╜,282,126,156,2433,1256,1177,293,141,152,"102Y12M"
67000,╗Oлnел,67000280,┬kдп░╧,67000280-018,лn┐│и╜,895,499,396,3801,1880,1921,322,153,169,"102Y12M"
67000,╗Oлnел,67000280,┬kдп░╧,67000280-019,╖sнэи╜,400,211,189,2153,1086,1067,315,152,163,"102Y12M"
67000,╗Oлnел,67000280,┬kдп░╧,67000280-020,┬kлnи╜,336,177,159,2147,1051,1096,252,129,123,"102Y12M"
67000,╗Oлnел,67000280,┬kдп░╧,67000280-021,дхд╞и╜,637,321,316,2909,1427,1482,229,116,113,"102Y12M"
67000,╗Oлnел,67000290,├Ў╝q░╧,67000290-001,├Ў╝qи╜,322,189,133,1806,942,864,333,168,165,"102Y12M"
67000,╗Oлnел,67000290,├Ў╝q░╧,67000290-002,дsжши╜,254,142,112,1770,906,864,354,174,180,"102Y12M"
67000,╗Oлnел,67000290,├Ў╝q░╧,67000290-003,н╗мvи╜,383,199,184,2810,1457,1353,702,335,367,"102Y12M"
67000,╗Oлnел,67000290,├Ў╝q░╧,67000290-004,е_╢╒и╜,344,163,181,2025,1092,933,484,235,249,"102Y12M"
67000,╗Oлnел,67000290,├Ў╝q░╧,67000290-005,╖sоHи╜,155,83,72,911,486,425,134,71,63,"102Y12M"
67000,╗Oлnел,67000290,├Ў╝q░╧,67000290-006,╖sе·и╜,51,27,24,588,332,256,185,92,93,"102Y12M"
67000,╗Oлnел,67000290,├Ў╝q░╧,67000290-007,дне╥и╜,491,272,219,2749,1407,1342,379,191,188,"102Y12M"
67000,╗Oлnел,67000290,├Ў╝q░╧,67000290-008,кF╢╒и╜,495,250,245,2801,1478,1323,465,229,236,"102Y12M"
67000,╗Oлnел,67000290,├Ў╝q░╧,67000290-009,кQ╕}и╜,268,129,139,1606,809,797,345,149,196,"102Y12M"
67000,╗Oлnел,67000290,├Ў╝q░╧,67000290-010,лnкси╜,197,101,96,1258,647,611,269,130,139,"102Y12M"
67000,╗Oлnел,67000290,├Ў╝q░╧,67000290-011,е_кси╜,341,170,171,1851,935,916,356,173,183,"102Y12M"
67000,╗Oлnел,67000290,├Ў╝q░╧,67000290-012,▓`з|и╜,233,130,103,1370,720,650,270,120,150,"102Y12M"
67000,╗Oлnел,67000290,├Ў╝q░╧,67000290-013,ем│Uи╜,164,88,76,1084,584,500,230,101,129,"102Y12M"
67000,╗Oлnел,67000290,├Ў╝q░╧,67000290-014,е╨дди╜,91,53,38,616,348,268,163,80,83,"102Y12M"
67000,╗Oлnел,67000290,├Ў╝q░╧,67000290-015,└tм}и╜,99,49,50,703,381,322,160,73,87,"102Y12M"
67000,╗Oлnел,67000290,├Ў╝q░╧,67000290-016,░ё└Yи╜,176,98,78,1459,777,682,268,118,150,"102Y12M"
67000,╗Oлnел,67000290,├Ў╝q░╧,67000290-017,дU┤Єи╜,45,27,18,404,223,181,88,38,50,"102Y12M"
67000,╗Oлnел,67000300,└s▒T░╧,67000300-001,▒T│╗и╜,131,73,58,888,483,405,299,141,158,"102Y12M"
67000,╗Oлnел,67000300,└s▒T░╧,67000300-002,дg▒Tи╜,58,33,25,521,303,218,167,75,92,"102Y12M"
67000,╗Oлnел,67000300,└s▒T░╧,67000300-003,ддз|и╜,6,3,3,131,77,54,44,21,23,"102Y12M"
67000,╗Oлnел,67000300,└s▒T░╧,67000300-004,╖гз|и╜,35,19,16,300,169,131,72,36,36,"102Y12M"
67000,╗Oлnел,67000300,└s▒T░╧,67000300-005,д√оHи╜,20,13,7,253,148,105,85,44,41,"102Y12M"
67000,╗Oлnел,67000300,└s▒T░╧,67000300-006,дjйWи╜,12,5,7,241,141,100,96,44,52,"102Y12M"
67000,╗Oлnел,67000300,└s▒T░╧,67000300-007,└s▓юи╜,34,16,18,328,191,137,123,58,65,"102Y12M"
67000,╗Oлnел,67000300,└s▒T░╧,67000300-008,е█б╜и╜,35,19,16,323,185,138,108,41,67,"102Y12M"
67000,╗Oлnел,67000310,е├▒d░╧,67000310-001,днд¤и╜,965,501,464,5251,2456,2795,537,246,291,"102Y12M"
67000,╗Oлnел,67000310,е├▒d░╧,67000310-002,║Ї╝dи╜,1199,613,586,6032,2918,3114,489,225,264,"102Y12M"
67000,╗Oлnел,67000310,е├▒d░╧,67000310-003,е├▒dи╜,1532,777,755,7956,4057,3899,752,379,373,"102Y12M"
67000,╗Oлnел,67000310,е├▒d░╧,67000310-004,оH╢щи╜,2397,1209,1188,9074,4532,4542,595,266,329,"102Y12M"
67000,╗Oлnел,67000310,е├▒d░╧,67000310-005,дj╛Їи╜,941,460,481,5413,2620,2793,406,182,224,"102Y12M"
67000,╗Oлnел,67000310,е├▒d░╧,67000310-006,д¤жци╜,423,203,220,2223,1133,1090,271,130,141,"102Y12M"
67000,╗Oлnел,67000310,е├▒d░╧,67000310-007,пQж╦и╜,540,271,269,2419,1239,1180,177,86,91,"102Y12M"
67000,╗Oлnел,67000310,е├▒d░╧,67000310-008,чrкQи╜,249,125,124,1613,831,782,211,96,115,"102Y12M"
67000,╗Oлnел,67000310,е├▒d░╧,67000310-009,дTе┴и╜,239,123,116,1234,662,572,207,103,104,"102Y12M"
67000,╗Oлnел,67000310,е├▒d░╧,67000310-010,Ъмжци╜,1425,772,653,7816,3808,4008,658,312,346,"102Y12M"
67000,╗Oлnел,67000310,е├▒d░╧,67000310-011,е╥│╗и╜,416,216,200,2062,994,1068,333,159,174,"102Y12M"
67000,╗Oлnел,67000310,е├▒d░╧,67000310-012,дj╞Wи╜,640,350,290,3156,1540,1616,447,214,233,"102Y12M"
67000,╗Oлnел,67000310,е├▒d░╧,67000310-013,кF╞Wи╜,624,324,300,3330,1691,1639,439,208,231,"102Y12M"
67000,╗Oлnел,67000310,е├▒d░╧,67000310-014,жш╞Wи╜,1386,756,630,6920,3331,3589,566,260,306,"102Y12M"
67000,╗Oлnел,67000310,е├▒d░╧,67000310-015,лn╞Wи╜,648,339,309,3472,1789,1683,484,231,253,"102Y12M"
67000,╗Oлnел,67000310,е├▒d░╧,67000310-016,▒Xдsи╜,1213,616,597,5636,2791,2845,632,290,342,"102Y12M"
67000,╗Oлnел,67000310,е├▒d░╧,67000310-017,е_╞Wи╜,1896,1045,851,7910,3942,3968,611,280,331,"102Y12M"
67000,╗Oлnел,67000310,е├▒d░╧,67000310-018,╖s╛Ёи╜,243,139,104,1328,685,643,183,86,97,"102Y12M"
67000,╗Oлnел,67000310,е├▒d░╧,67000310-019,┤_┐│и╜,225,121,104,1673,819,854,401,229,172,"102Y12M"
67000,╗Oлnел,67000310,е├▒d░╧,67000310-020,┤_░ъи╜,976,509,467,7302,3651,3651,685,307,378,"102Y12M"
67000,╗Oлnел,67000310,е├▒d░╧,67000310-021,л╪░ъи╜,166,80,86,1400,689,711,359,170,189,"102Y12M"
67000,╗Oлnел,67000310,е├▒d░╧,67000310-022,плмwи╜,124,64,60,1130,549,581,170,85,85,"102Y12M"
67000,╗Oлnел,67000310,е├▒d░╧,67000310-023,жш╢╒и╜,1226,627,599,5917,2964,2953,452,219,233,"102Y12M"
67000,╗Oлnел,67000310,е├▒d░╧,67000310-024,жие\и╜,233,122,111,1705,863,842,485,213,272,"102Y12M"
67000,╗Oлnел,67000310,е├▒d░╧,67000310-025,дд┐│и╜,401,212,189,2940,1489,1451,473,207,266,"102Y12M"
67000,╗Oлnел,67000310,е├▒d░╧,67000310-026,│╙зQи╜,1109,562,547,6583,3160,3423,895,403,492,"102Y12M"
67000,╗Oлnел,67000310,е├▒d░╧,67000310-027,└s╝ци╜,2084,1097,987,9593,4757,4836,663,306,357,"102Y12M"
67000,╗Oлnел,67000310,е├▒d░╧,67000310-028,е·┤_и╜,46,19,27,428,225,203,107,61,46,"102Y12M"
67000,╗Oлnел,67000310,е├▒d░╧,67000310-029,Ъммwи╜,970,499,471,5316,2669,2647,481,245,236,"102Y12M"
67000,╗Oлnел,67000310,е├▒d░╧,67000310-030,дGд¤и╜,1390,765,625,7212,3493,3719,711,331,380,"102Y12M"
67000,╗Oлnел,67000310,е├▒d░╧,67000310-031,д╗жXи╜,864,466,398,4944,2273,2671,452,204,248,"102Y12M"
67000,╗Oлnел,67000310,е├▒d░╧,67000310-032,дTжXи╜,518,287,231,3226,1610,1616,354,169,185,"102Y12M"
67000,╗Oлnел,67000310,е├▒d░╧,67000310-033,кF╛Їи╜,1109,598,511,4033,1985,2048,307,142,165,"102Y12M"
67000,╗Oлnел,67000310,е├▒d░╧,67000310-034,жw▒dи╜,914,456,458,4410,2058,2352,333,135,198,"102Y12M"
67000,╗Oлnел,67000310,е├▒d░╧,67000310-035,жш╛Їи╜,446,225,221,2952,1372,1580,321,146,175,"102Y12M"
67000,╗Oлnел,67000310,е├▒d░╧,67000310-036,й|│╗и╜,683,370,313,3630,1801,1829,317,143,174,"102Y12M"
67000,╗Oлnел,67000310,е├▒d░╧,67000310-037,┤_╡╪и╜,1698,901,797,8655,4234,4421,668,308,360,"102Y12M"
67000,╗Oлnел,67000310,е├▒d░╧,67000310-038,е┐▒jи╜,1488,770,718,7080,3460,3620,584,288,296,"102Y12M"
67000,╗Oлnел,67000310,е├▒d░╧,67000310-039,дд╡╪и╜,274,135,139,2462,1203,1259,303,134,169,"102Y12M"
67000,╗Oлnел,67000320,кF░╧,67000320-001,┤I╕╬и╜,275,139,136,1979,918,1061,334,148,186,"102Y12M"
67000,╗Oлnел,67000320,кF░╧,67000320-002,╕╬╣Aи╜,528,256,272,2746,1310,1436,428,197,231,"102Y12M"
67000,╗Oлnел,67000320,кF░╧,67000320-003,дj┤╝и╜,1085,594,491,6029,2929,3100,619,293,326,"102Y12M"
67000,╗Oлnел,67000320,кF░╧,67000320-004,▒R╛╟и╜,530,287,243,2679,1262,1417,388,181,207,"102Y12M"
67000,╗Oлnел,67000320,кF░╧,67000320-005,мuлnи╜,642,348,294,4244,2063,2181,765,343,422,"102Y12M"
67000,╗Oлnел,67000320,кF░╧,67000320-006,дпйMи╜,692,370,322,4124,1982,2142,441,188,253,"102Y12M"
67000,╗Oлnел,67000320,кF░╧,67000320-007,лсе╥и╜,484,248,236,2651,1284,1367,520,245,275,"102Y12M"
67000,╗Oлnел,67000320,кF░╧,67000320-008,кFе·и╜,1183,629,554,4629,2176,2453,649,299,350,"102Y12M"
67000,╗Oлnел,67000320,кF░╧,67000320-009,╖sкFи╜,284,138,146,2178,1018,1160,399,180,219,"102Y12M"
67000,╗Oлnел,67000320,кF░╧,67000320-010,дджши╜,663,363,300,2909,1338,1571,544,261,283,"102Y12M"
67000,╗Oлnел,67000320,кF░╧,67000320-011,кFжwи╜,249,141,108,1327,676,651,288,129,159,"102Y12M"
67000,╗Oлnел,67000320,кF░╧,67000320-012,▒Rй·и╜,1029,535,494,3806,1736,2070,461,210,251,"102Y12M"
67000,╗Oлnел,67000320,кF░╧,67000320-013,ж█▒jи╜,992,494,498,4616,2142,2474,511,236,275,"102Y12M"
67000,╗Oлnел,67000320,кF░╧,67000320-014,йMени╜,706,358,348,4014,1901,2113,398,188,210,"102Y12M"
67000,╗Oлnел,67000320,кF░╧,67000320-015,╕ЇкFи╜,205,104,101,1397,616,781,237,98,139,"102Y12M"
67000,╗Oлnел,67000320,кF░╧,67000320-016,дj╝wи╜,138,71,67,1377,677,700,346,164,182,"102Y12M"
67000,╗Oлnел,67000320,кF░╧,67000320-017,├Ў╕tи╜,1308,688,620,3965,1942,2023,308,134,174,"102Y12M"
67000,╗Oлnел,67000320,кF░╧,67000320-018,╜├░ъи╜,268,139,129,1428,694,734,263,115,148,"102Y12M"
67000,╗Oлnел,67000320,кF░╧,67000320-019,▒R╡╜и╜,890,459,431,4558,2112,2446,432,191,241,"102Y12M"
67000,╗Oлnел,67000320,кF░╧,67000320-020,┤I▒jи╜,660,344,316,3961,1883,2078,591,273,318,"102Y12M"
67000,╗Oлnел,67000320,кF░╧,67000320-021,│ЄдUи╜,361,207,154,1705,801,904,449,190,259,"102Y12M"
67000,╗Oлnел,67000320,кF░╧,67000320-022,дpкFи╜,900,484,416,3977,1898,2079,619,289,330,"102Y12M"
67000,╗Oлnел,67000320,кF░╧,67000320-023,дj╛╟и╜,218,102,116,1141,539,602,227,113,114,"102Y12M"
67000,╗Oлnел,67000320,кF░╧,67000320-024,└sдsи╜,915,471,444,3973,1805,2168,476,201,275,"102Y12M"
67000,╗Oлnел,67000320,кF░╧,67000320-025,къз└и╜,1014,543,471,4570,2180,2390,488,226,262,"102Y12M"
67000,╗Oлnел,67000320,кF░╧,67000320-026,╝w░ки╜,443,252,191,2601,1320,1281,357,174,183,"102Y12M"
67000,╗Oлnел,67000320,кF░╧,67000320-027,▓°╖qи╜,832,446,386,3556,1658,1898,424,186,238,"102Y12M"
67000,╗Oлnел,67000320,кF░╧,67000320-028,дj║╓и╜,181,103,78,1700,922,778,435,165,270,"102Y12M"
67000,╗Oлnел,67000320,кF░╧,67000320-029,й╛з╡и╜,448,239,209,3840,1823,2017,747,454,293,"102Y12M"
67000,╗Oлnел,67000320,кF░╧,67000320-030,▒R╗ги╜,386,195,191,2260,1054,1206,462,204,258,"102Y12M"
67000,╗Oлnел,67000320,кF░╧,67000320-031,кFй·и╜,596,311,285,2959,1384,1575,426,207,219,"102Y12M"
67000,╗Oлnел,67000320,кF░╧,67000320-032,▒R╝wи╜,1187,600,587,4362,1999,2363,498,241,257,"102Y12M"
67000,╗Oлnел,67000320,кF░╧,67000320-033,кF┤╝и╜,337,179,158,2095,1029,1066,270,132,138,"102Y12M"
67000,╗Oлnел,67000320,кF░╧,67000320-034,кF╕tи╜,426,226,200,2190,1013,1177,253,108,145,"102Y12M"
67000,╗Oлnел,67000320,кF░╧,67000320-035,▒Rжии╜,930,496,434,2819,1261,1558,276,124,152,"102Y12M"
67000,╗Oлnел,67000320,кF░╧,67000320-036,кFк∙и╜,269,135,134,1646,776,870,405,188,217,"102Y12M"
67000,╗Oлnел,67000320,кF░╧,67000320-037,жидjи╜,311,188,123,1803,902,901,481,211,270,"102Y12M"
67000,╗Oлnел,67000320,кF░╧,67000320-038,дjжPи╜,304,170,134,2519,1303,1216,594,262,332,"102Y12M"
67000,╗Oлnел,67000320,кF░╧,67000320-039,╝wе·и╜,791,418,373,3683,1662,2021,439,199,240,"102Y12M"
67000,╗Oлnел,67000320,кF░╧,67000320-040,▒RлHи╜,724,371,353,4201,2088,2113,492,234,258,"102Y12M"
67000,╗Oлnел,67000320,кF░╧,67000320-041,▒Rдхи╜,1846,991,855,5814,2637,3177,427,210,217,"102Y12M"
67000,╗Oлnел,67000320,кF░╧,67000320-042,┤_┐│и╜,760,389,371,3148,1478,1670,412,197,215,"102Y12M"
67000,╗Oлnел,67000320,кF░╧,67000320-043,╕╬╕tи╜,1664,881,783,4001,1926,2075,199,89,110,"102Y12M"
67000,╗Oлnел,67000320,кF░╧,67000320-044,лn╕tи╜,783,430,353,2398,1161,1237,176,90,86,"102Y12M"
67000,╗Oлnел,67000320,кF░╧,67000320-045,дх╕tи╜,1472,739,733,3907,1859,2048,228,102,126,"102Y12M"
67000,╗Oлnел,67000330,лn░╧,67000330-001,ж╦╖╦и╜,190,109,81,1409,653,756,312,136,176,"102Y12M"
67000,╗Oлnел,67000330,лn░╧,67000330-002,пяжvи╜,2,1,1,84,24,60,93,81,12,"102Y12M"
67000,╗Oлnел,67000330,лn░╧,67000330-003,й·╝wи╜,33,15,18,348,191,157,121,62,59,"102Y12M"
67000,╗Oлnел,67000330,лn░╧,67000330-004,дjжии╜,87,45,42,677,334,343,157,74,83,"102Y12M"
67000,╗Oлnел,67000330,лn░╧,67000330-005,╝sж{и╜,285,146,139,1940,980,960,465,204,261,"102Y12M"
67000,╗Oлnел,67000330,лn░╧,67000330-006,╖sйўи╜,234,114,120,2010,997,1013,415,188,227,"102Y12M"
67000,╗Oлnел,67000330,лn░╧,67000330-007,╖s┐│и╜,343,197,146,2438,1179,1259,472,204,268,"102Y12M"
67000,╗Oлnел,67000330,лn░╧,67000330-008,е╨╝dи╜,376,204,172,2901,1417,1484,546,256,290,"102Y12M"
67000,╗Oлnел,67000330,лn░╧,67000330-009,░ъжvи╜,369,169,200,2602,1306,1296,584,260,324,"102Y12M"
67000,╗Oлnел,67000330,лn░╧,67000330-010,дщ╖sи╜,241,130,111,1824,929,895,303,153,150,"102Y12M"
67000,╗Oлnел,67000330,лn░╧,67000330-011,е·й·и╜,508,239,269,3847,1943,1904,532,237,295,"102Y12M"
67000,╗Oлnел,67000330,лn░╧,67000330-012,е╒│╖и╜,202,103,99,1585,848,737,324,143,181,"102Y12M"
67000,╗Oлnел,67000330,лn░╧,67000330-013,й·лGи╜,493,246,247,3304,1636,1668,478,210,268,"102Y12M"
67000,╗Oлnел,67000330,лn░╧,67000330-014,│▀кFи╜,300,151,149,1798,963,835,247,116,131,"102Y12M"
67000,╗Oлnел,67000330,лn░╧,67000330-015,│▀е_и╜,363,187,176,1965,1021,944,318,153,165,"102Y12M"
67000,╗Oлnел,67000330,лn░╧,67000330-016,│▀лnи╜,152,70,82,1113,619,494,253,125,128,"102Y12M"
67000,╗Oлnел,67000330,лn░╧,67000330-017,м┘░`и╜,441,234,207,2540,1317,1223,339,162,177,"102Y12M"
67000,╗Oлnел,67000330,лn░╧,67000330-018,┐│╣Aи╜,308,159,149,1847,973,874,244,107,137,"102Y12M"
67000,╗Oлnел,67000330,лn░╧,67000330-019,жPжwи╜,365,197,168,2040,1070,970,285,128,157,"102Y12M"
67000,╗Oлnел,67000330,лn░╧,67000330-020,жЄ╛┬и╜,459,252,207,2289,1168,1121,237,125,112,"102Y12M"
67000,╗Oлnел,67000330,лn░╧,67000330-021,дjкLи╜,235,122,113,1940,916,1024,402,193,209,"102Y12M"
67000,╗Oлnел,67000330,лn░╧,67000330-022,дjй╛и╜,532,248,284,4042,2029,2013,697,311,386,"102Y12M"
67000,╗Oлnел,67000330,лn░╧,67000330-023,дjожи╜,390,193,197,3024,1530,1494,545,242,303,"102Y12M"
67000,╗Oлnел,67000330,лn░╧,67000330-024,╖sе═и╜,298,167,131,2642,1271,1371,735,318,417,"102Y12M"
67000,╗Oлnел,67000330,лn░╧,67000330-025,жA┐│и╜,321,168,153,2062,1017,1045,417,186,231,"102Y12M"
67000,╗Oлnел,67000330,лn░╧,67000330-026,й·┐│и╜,473,240,233,3103,1535,1568,437,205,232,"102Y12M"
67000,╗Oлnел,67000330,лn░╧,67000330-027,дх╡╪и╜,381,193,188,2989,1458,1531,521,224,297,"102Y12M"
67000,╗Oлnел,67000330,лn░╧,67000330-028,кў╡╪и╜,654,331,323,4467,2182,2285,785,358,427,"102Y12M"
67000,╗Oлnел,67000330,лn░╧,67000330-029,лn│ги╜,315,173,142,2516,1355,1161,291,146,145,"102Y12M"
67000,╗Oлnел,67000330,лn░╧,67000330-030,╢}лnи╜,798,409,389,5451,2674,2777,570,256,314,"102Y12M"
67000,╗Oлnел,67000330,лn░╧,67000330-031,╣№лnи╜,213,100,113,1482,754,728,261,109,152,"102Y12M"
67000,╗Oлnел,67000330,лn░╧,67000330-032,л╪лnи╜,686,348,338,4608,2364,2244,461,229,232,"102Y12M"
67000,╗Oлnел,67000330,лn░╧,67000330-033,░pлnи╜,521,264,257,3333,1671,1662,405,187,218,"102Y12M"
67000,╗Oлnел,67000330,лn░╧,67000330-034,й▓лnи╜,616,320,296,4193,2067,2126,581,257,324,"102Y12M"
67000,╗Oлnел,67000330,лn░╧,67000330-035,дхлnи╜,645,326,319,4610,2195,2415,578,258,320,"102Y12M"
67000,╗Oлnел,67000330,лn░╧,67000330-036,є╦ё╩и╜,191,105,86,1558,831,727,348,159,189,"102Y12M"
67000,╗Oлnел,67000330,лn░╧,67000330-037,кQжwи╜,302,155,147,1628,879,749,259,113,146,"102Y12M"
67000,╗Oлnел,67000330,лn░╧,67000330-038,е├╣чи╜,257,143,114,1635,880,755,304,140,164,"102Y12M"
67000,╗Oлnел,67000330,лn░╧,67000330-039,лn╡╪и╜,301,146,155,2321,1178,1143,244,109,135,"102Y12M"
67000,╗Oлnел,67000340,е_░╧,67000340-001,╢}д╕и╜,203,92,111,1893,964,929,438,177,261,"102Y12M"
67000,╗Oлnел,67000340,е_░╧,67000340-002,╖s│╙и╜,155,82,73,1450,743,707,350,151,199,"102Y12M"
67000,╗Oлnел,67000340,е_░╧,67000340-003,│╙жwи╜,90,43,47,936,484,452,233,107,126,"102Y12M"
67000,╗Oлnел,67000340,е_░╧,67000340-004,кF┐│и╜,390,204,186,1951,973,978,307,142,165,"102Y12M"
67000,╗Oлnел,67000340,е_░╧,67000340-005,дOжци╜,309,152,157,2098,1040,1058,389,201,188,"102Y12M"
67000,╗Oлnел,67000340,е_░╧,67000340-006,╡╪┐│и╜,200,85,115,1773,886,887,370,165,205,"102Y12M"
67000,╗Oлnел,67000340,е_░╧,67000340-007,о╢┐│и╜,161,86,75,1451,734,717,413,183,230,"102Y12M"
67000,╗Oлnел,67000340,е_░╧,67000340-008,дп╖Rи╜,175,91,84,1615,796,819,316,139,177,"102Y12M"
67000,╗Oлnел,67000340,е_░╧,67000340-009,дjдпи╜,107,53,54,819,414,405,186,83,103,"102Y12M"
67000,╗Oлnел,67000340,е_░╧,67000340-010,дjдsи╜,46,24,22,458,242,216,115,52,63,"102Y12M"
67000,╗Oлnел,67000340,е_░╧,67000340-011,дj╣Dи╜,252,127,125,1740,847,893,554,218,336,"102Y12M"
67000,╗Oлnел,67000340,е_░╧,67000340-012,е·кZи╜,170,88,82,1179,587,592,308,132,176,"102Y12M"
67000,╗Oлnел,67000340,е_░╧,67000340-013,╣ъ╜юи╜,314,149,165,1779,859,920,292,115,177,"102Y12M"
67000,╗Oлnел,67000340,е_░╧,67000340-014,дp▒dи╜,237,133,104,1889,993,896,290,126,164,"102Y12M"
67000,╗Oлnел,67000340,е_░╧,67000340-015,е┐н╖и╜,178,89,89,1271,659,612,235,113,122,"102Y12M"
67000,╗Oлnел,67000340,е_░╧,67000340-016,й╡ени╜,161,73,88,1436,742,694,331,143,188,"102Y12M"
67000,╗Oлnел,67000340,е_░╧,67000340-017,┐│е_и╜,133,65,68,1150,602,548,238,103,135,"102Y12M"
67000,╗Oлnел,67000340,е_░╧,67000340-018,дj┬╫и╜,591,314,277,3962,1952,2010,603,274,329,"102Y12M"
67000,╗Oлnел,67000340,е_░╧,67000340-019,нл┐│и╜,212,111,101,1916,955,961,325,146,179,"102Y12M"
67000,╗Oлnел,67000340,е_░╧,67000340-020,йM╢╢и╜,1323,689,634,6131,2734,3397,739,341,398,"102Y12M"
67000,╗Oлnел,67000340,е_░╧,67000340-021,░ъйmи╜,213,104,109,1304,691,613,254,120,134,"102Y12M"
67000,╗Oлnел,67000340,е_░╧,67000340-022,д╗е╥и╜,257,137,120,2173,1107,1066,406,180,226,"102Y12M"
67000,╗Oлnел,67000340,е_░╧,67000340-023,е┐─▒и╜,334,163,171,2806,1429,1377,572,266,306,"102Y12M"
67000,╗Oлnел,67000340,е_░╧,67000340-024,жие\и╜,920,464,456,4014,1903,2111,388,195,193,"102Y12M"
67000,╗Oлnел,67000340,е_░╧,67000340-025,дхд╕и╜,1883,972,911,5719,2768,2951,510,232,278,"102Y12M"
67000,╗Oлnел,67000340,е_░╧,67000340-026,дj┤фи╜,964,521,443,5043,2483,2560,513,242,271,"102Y12M"
67000,╗Oлnел,67000340,е_░╧,67000340-027,░ъ┐│и╜,130,67,63,1289,645,644,298,132,166,"102Y12M"
67000,╗Oлnел,67000340,е_░╧,67000340-028,╕╬е┴и╜,199,98,101,1225,618,607,266,120,146,"102Y12M"
67000,╗Oлnел,67000340,е_░╧,67000340-029,жwе┴и╜,154,86,68,1059,550,509,225,85,140,"102Y12M"
67000,╗Oлnел,67000340,е_░╧,67000340-030,┐│лnи╜,223,102,121,1391,707,684,233,100,133,"102Y12M"
67000,╗Oлnел,67000340,е_░╧,67000340-031,к°║aи╜,287,142,145,2114,1031,1083,648,296,352,"102Y12M"
67000,╗Oлnел,67000340,е_░╧,67000340-032,дд╝╙и╜,122,60,62,1296,647,649,307,139,168,"102Y12M"
67000,╗Oлnел,67000340,е_░╧,67000340-033,д╜╢щи╜,159,79,80,1394,677,717,424,202,222,"102Y12M"
67000,╗Oлnел,67000340,е_░╧,67000340-034,е╔м╙и╜,163,85,78,1316,672,644,289,128,161,"102Y12M"
67000,╗Oлnел,67000340,е_░╧,67000340-035,к°╝wи╜,177,96,81,1140,575,565,212,87,125,"102Y12M"
67000,╗Oлnел,67000340,е_░╧,67000340-036,дT╝wи╜,157,91,66,981,493,488,246,112,134,"102Y12M"
67000,╗Oлnел,67000340,е_░╧,67000340-037,дн║╓и╜,168,98,70,1386,802,584,242,129,113,"102Y12M"
67000,╗Oлnел,67000340,е_░╧,67000340-038,д╕─_и╜,530,266,264,2679,1157,1522,225,101,124,"102Y12M"
67000,╗Oлnел,67000340,е_░╧,67000340-039,е├▓╗и╜,323,173,150,2644,1343,1301,420,197,223,"102Y12M"
67000,╗Oлnел,67000340,е_░╧,67000340-040,жи╝wи╜,3901,2062,1839,10379,4848,5531,804,365,439,"102Y12M"
67000,╗Oлnел,67000340,е_░╧,67000340-041,дхжии╜,807,405,402,3026,1492,1534,408,179,229,"102Y12M"
67000,╗Oлnел,67000340,е_░╧,67000340-042,дjйMи╜,585,292,293,3430,1722,1708,338,144,194,"102Y12M"
67000,╗Oлnел,67000340,е_░╧,67000340-043,╜хе_и╜,714,376,338,3314,1586,1728,280,125,155,"102Y12M"
67000,╗Oлnел,67000350,жwлn░╧,67000350-001,кFйMи╜,418,199,219,1691,867,824,93,37,56,"102Y12M"
67000,╗Oлnел,67000350,жwлn░╧,67000350-002,жw╢╢и╜,951,499,452,4173,2135,2038,295,122,173,"102Y12M"
67000,╗Oлnел,67000350,жwлn░╧,67000350-003,б╜лnи╜,958,506,452,4432,2228,2204,340,146,194,"102Y12M"
67000,╗Oлnел,67000350,жwлn░╧,67000350-004,ж{лnи╜,885,488,397,4240,2152,2088,519,250,269,"102Y12M"
67000,╗Oлnел,67000350,жwлn░╧,67000350-005,ж{е_и╜,1033,536,497,4177,2077,2100,324,133,191,"102Y12M"
67000,╗Oлnел,67000350,жwлn░╧,67000350-006,жwкFи╜,366,194,172,2578,1333,1245,360,170,190,"102Y12M"
67000,╗Oлnел,67000350,жwлn░╧,67000350-007,жwжши╜,596,304,292,2772,1426,1346,314,145,169,"102Y12M"
67000,╗Oлnел,67000350,жwлn░╧,67000350-008,│╗жwи╜,774,398,376,3960,2012,1948,320,158,162,"102Y12M"
67000,╗Oлnел,67000350,жwлn░╧,67000350-009,жw╝yи╜,969,509,460,5273,2658,2615,487,232,255,"102Y12M"
67000,╗Oлnел,67000350,жwлn░╧,67000350-010,╖s╢╢и╜,1214,620,594,5479,2766,2713,346,160,186,"102Y12M"
67000,╗Oлnел,67000350,жwлn░╧,67000350-011,ньж·и╜,359,183,176,1980,1042,938,197,81,116,"102Y12M"
67000,╗Oлnел,67000350,жwлn░╧,67000350-012,┴`└Yи╜,224,108,116,1619,875,744,257,126,131,"102Y12M"
67000,╗Oлnел,67000350,жwлn░╧,67000350-013,к°жwи╜,721,382,339,3976,2054,1922,362,160,202,"102Y12M"
67000,╗Oлnел,67000350,жwлn░╧,67000350-014,д╜┐╦и╜,174,91,83,1103,586,517,126,55,71,"102Y12M"
67000,╗Oлnел,67000350,жwлn░╧,67000350-015,о№кFи╜,965,513,452,4815,2459,2356,435,201,234,"102Y12M"
67000,╗Oлnел,67000350,жwлn░╧,67000350-016,о№жши╜,386,189,197,2319,1229,1090,283,133,150,"102Y12M"
67000,╗Oлnел,67000350,жwлn░╧,67000350-017,о№лnи╜,276,137,139,1828,962,866,228,107,121,"102Y12M"
67000,╗Oлnел,67000350,жwлn░╧,67000350-018,╖╦д▀и╜,1336,737,599,6281,3259,3022,495,213,282,"102Y12M"
67000,╗Oлnел,67000350,жwлn░╧,67000350-019,Ъме╨и╜,290,155,135,1199,614,585,179,81,98,"102Y12M"
67000,╗Oлnел,67000350,жwлn░╧,67000350-020,▓WкFи╜,892,485,407,4010,2039,1971,338,145,193,"102Y12M"
67000,╗Oлnел,67000350,жwлn░╧,67000350-021,▓Wжши╜,549,283,266,2868,1454,1414,254,112,142,"102Y12M"
67000,╗Oлnел,67000350,жwлn░╧,67000350-022,ж·кFи╜,493,271,222,2874,1519,1355,303,135,168,"102Y12M"
67000,╗Oлnел,67000350,жwлn░╧,67000350-023,ж·жши╜,272,138,134,1625,861,764,225,88,137,"102Y12M"
67000,╗Oлnел,67000350,жwлn░╧,67000350-024,д╜б╜и╜,137,83,54,801,413,388,152,63,89,"102Y12M"
67000,╗Oлnел,67000350,жwлn░╧,67000350-025,лn┐│и╜,194,103,91,1434,771,663,210,89,121,"102Y12M"
67000,╗Oлnел,67000350,жwлn░╧,67000350-026,╛╟кFи╜,278,150,128,1852,977,875,306,139,167,"102Y12M"
67000,╗Oлnел,67000350,жwлn░╧,67000350-027,л░кFи╜,235,133,102,1369,718,651,190,81,109,"102Y12M"
67000,╗Oлnел,67000350,жwлn░╧,67000350-028,л░е_и╜,250,136,114,1302,669,633,174,84,90,"102Y12M"
67000,╗Oлnел,67000350,жwлn░╧,67000350-029,л░дди╜,205,94,111,914,439,475,138,59,79,"102Y12M"
67000,╗Oлnел,67000350,жwлn░╧,67000350-030,л░лnи╜,514,256,258,2665,1359,1306,388,175,213,"102Y12M"
67000,╗Oлnел,67000350,жwлn░╧,67000350-031,л░жши╜,263,132,131,1217,612,605,164,68,96,"102Y12M"
67000,╗Oлnел,67000350,жwлn░╧,67000350-032,лCпєи╜,267,136,131,1302,686,616,228,102,126,"102Y12M"
67000,╗Oлnел,67000350,жwлn░╧,67000350-033,мт▒[и╜,212,116,96,1177,635,542,193,83,110,"102Y12M"
67000,╗Oлnел,67000350,жwлn░╧,67000350-034,┼уоcи╜,190,98,92,1223,617,606,225,103,122,"102Y12M"
67000,╗Oлnел,67000350,жwлn░╧,67000350-035,│└ж╒и╜,128,63,65,751,395,356,119,51,68,"102Y12M"
67000,╗Oлnел,67000350,жwлn░╧,67000350-036,е|пєи╜,336,167,169,1589,823,766,300,142,158,"102Y12M"
67000,╗Oлnел,67000350,жwлn░╧,67000350-037,жwйMи╜,326,146,180,1986,989,997,270,131,139,"102Y12M"
67000,╗Oлnел,67000350,жwлn░╧,67000350-038,╖╦е_и╜,576,284,292,2595,1251,1344,338,161,177,"102Y12M"
67000,╗Oлnел,67000350,жwлn░╧,67000350-039,╖╦│╗и╜,913,459,454,4138,2033,2105,388,184,204,"102Y12M"
67000,╗Oлnел,67000350,жwлn░╧,67000350-040,╖╦сYи╜,678,350,328,2826,1420,1406,391,178,213,"102Y12M"
67000,╗Oлnел,67000350,жwлn░╧,67000350-041,о№ж·и╜,784,427,357,4038,1987,2051,436,207,229,"102Y12M"
67000,╗Oлnел,67000350,жwлn░╧,67000350-042,йп║╓и╜,560,301,259,3355,1713,1642,442,195,247,"102Y12M"
67000,╗Oлnел,67000350,жwлn░╧,67000350-043,╗ё░─и╜,727,382,345,4347,2133,2214,278,118,160,"102Y12M"
67000,╗Oлnел,67000350,жwлn░╧,67000350-044,▒Ўкси╜,664,361,303,3897,1950,1947,305,153,152,"102Y12M"
67000,╗Oлnел,67000350,жwлn░╧,67000350-045,▓z╖Qи╜,697,356,341,4372,2204,2168,358,171,187,"102Y12M"
67000,╗Oлnел,67000350,жwлn░╧,67000350-046,╖╦кFи╜,695,362,333,3475,1716,1759,260,108,152,"102Y12M"
67000,╗Oлnел,67000350,жwлn░╧,67000350-047,▓Wдди╜,599,301,298,2915,1511,1404,378,170,208,"102Y12M"
67000,╗Oлnел,67000350,жwлn░╧,67000350-048,ем│Uи╜,206,114,92,1503,774,729,126,53,73,"102Y12M"
67000,╗Oлnел,67000350,жwлn░╧,67000350-049,░ъжwи╜,405,201,204,2125,1035,1090,148,75,73,"102Y12M"
67000,╗Oлnел,67000350,жwлn░╧,67000350-050,жw┤Iи╜,1147,565,582,5004,2554,2450,482,239,243,"102Y12M"
67000,╗Oлnел,67000350,жwлn░╧,67000350-051,дjжwи╜,529,281,248,3418,1736,1682,267,129,138,"102Y12M"
67000,╗Oлnел,67000360,жwен░╧,67000360-001,жшк∙и╜,184,87,97,1188,623,565,236,102,134,"102Y12M"
67000,╗Oлnел,67000360,жwен░╧,67000360-002,кўл░и╜,250,118,132,1727,874,853,257,121,136,"102Y12M"
67000,╗Oлnел,67000360,жwен░╧,67000360-003,е█к∙и╜,299,158,141,1921,983,938,337,143,194,"102Y12M"
67000,╗Oлnел,67000360,жwен░╧,67000360-004,║ое·и╜,32,13,19,426,241,185,76,43,33,"102Y12M"
67000,╗Oлnел,67000360,жwен░╧,67000360-005,л╪ени╜,827,434,393,4243,1962,2281,324,138,186,"102Y12M"
67000,╗Oлnел,67000360,жwен░╧,67000360-006,й╔ени╜,814,411,403,3834,1777,2057,292,135,157,"102Y12M"
67000,╗Oлnел,67000360,жwен░╧,67000360-007,╡╪ени╜,823,432,391,4475,2140,2335,386,175,211,"102Y12M"
67000,╗Oлnел,67000360,жwен░╧,67000360-008,ен│qи╜,1448,733,715,6480,2982,3498,497,231,266,"102Y12M"
67000,╗Oлnел,67000360,жwен░╧,67000360-009,дхени╜,956,478,478,4462,2087,2375,388,162,226,"102Y12M"
67000,╗Oлnел,67000360,жwен░╧,67000360-010,░ъени╜,1434,745,689,5983,2768,3215,425,192,233,"102Y12M"
67000,╗Oлnел,67000360,жwен░╧,67000360-011,и|ени╜,1701,883,818,6839,3000,3839,433,180,253,"102Y12M"
67000,╗Oлnел,67000360,жwен░╧,67000360-012,╗ї╕№и╜,667,346,321,2408,1163,1245,187,90,97,"102Y12M"
67000,╗Oлnел,67000360,жwен░╧,67000360-013,о№└Yи╜,174,85,89,1323,700,623,269,117,152,"102Y12M"
67000,╗Oлnел,67000360,жwен░╧,67000360-014,┤феJи╜,132,64,68,1095,591,504,251,124,127,"102Y12M"
67000,╗Oлnел,67000360,жwен░╧,67000360-015,енжwи╜,494,255,239,3067,1526,1541,525,238,287,"102Y12M"
67000,╗Oлnел,67000370,дджш░╧,67000370-001,д╜е┐и╜,210,106,104,1143,541,602,314,135,179,"102Y12M"
67000,╗Oлnел,67000370,дджш░╧,67000370-002,╗╚жPи╜,185,107,78,910,417,493,273,120,153,"102Y12M"
67000,╗Oлnел,67000370,дджш░╧,67000370-003,дpжши╜,119,62,57,596,304,292,134,57,77,"102Y12M"
67000,╗Oлnел,67000370,дджш░╧,67000370-004,еPпєи╜,445,217,228,2256,1024,1232,372,167,205,"102Y12M"
67000,╗Oлnел,67000370,дджш░╧,67000370-005,ик┤Oи╜,185,89,96,1111,524,587,353,159,194,"102Y12M"
67000,╗Oлnел,67000370,дджш░╧,67000370-006,днжmи╜,349,181,168,1326,599,727,299,140,159,"102Y12M"
67000,╗Oлnел,67000370,дджш░╧,67000370-007,░pд¤и╜,509,273,236,1298,562,736,220,106,114,"102Y12M"
67000,╗Oлnел,67000370,дджш░╧,67000370-008,║╓жwи╜,129,71,58,771,392,379,236,106,130,"102Y12M"
67000,╗Oлnел,67000370,дджш░╧,67000370-009,кk╡╪и╜,925,462,463,2300,952,1348,357,153,204,"102Y12M"
67000,╗Oлnел,67000370,дджш░╧,67000370-010,дjлnи╜,202,104,98,1084,503,581,258,111,147,"102Y12M"
67000,╗Oлnел,67000370,дджш░╧,67000370-011,╢}дsи╜,400,210,190,1577,760,817,374,174,200,"102Y12M"
67000,╗Oлnел,67000370,дджш░╧,67000370-012,╢i╛╟и╜,228,109,119,1024,481,543,267,108,159,"102Y12M"
67000,╗Oлnел,67000370,дджш░╧,67000370-013,л╪░ъи╜,158,85,73,1026,532,494,237,117,120,"102Y12M"
67000,╗Oлnел,67000370,дджш░╧,67000370-014,лCж~и╜,151,84,67,970,466,504,294,121,173,"102Y12M"
67000,╗Oлnел,67000370,дджш░╧,67000370-015,е├║╓и╜,214,109,105,997,513,484,315,154,161,"102Y12M"
67000,╗Oлnел,67000370,дджш░╧,67000370-016,е├╡╪и╜,213,111,102,1002,493,509,305,136,169,"102Y12M"
67000,╗Oлnел,67000370,дджш░╧,67000370-017,д╤жZи╜,156,89,67,1126,567,559,314,145,169,"102Y12M"
67000,╗Oлnел,67000370,дджш░╧,67000370-018,дTе┴и╜,201,116,85,1020,557,463,333,154,179,"102Y12M"
67000,╗Oлnел,67000370,дджш░╧,67000370-019,╕Uйўи╜,228,129,99,1477,733,744,455,195,260,"102Y12M"
67000,╗Oлnел,67000370,дджш░╧,67000370-020,┤╢└┘и╜,114,52,62,882,457,425,218,94,124,"102Y12M"
67000,╗Oлnел,67000370,дджш░╧,67000370-021,дЇеPи╜,90,44,46,972,528,444,264,121,143,"102Y12M"
67000,╗Oлnел,67000370,дджш░╧,67000370-022,├─д¤и╜,507,262,245,2823,1336,1487,487,216,271,"102Y12M"
67000,╗Oлnел,67000370,дджш░╧,67000370-023,иєйMи╜,253,147,106,1827,1024,803,433,205,228,"102Y12M"
67000,╗Oлnел,67000370,дджш░╧,67000370-024,дх╜хи╜,144,82,62,1079,556,523,255,112,143,"102Y12M"
67000,╗Oлnел,67000370,дджш░╧,67000370-025,е·╜хи╜,579,293,286,3135,1502,1633,475,215,260,"102Y12M"
67000,╗Oлnел,67000370,дджш░╧,67000370-026,д╕жwи╜,106,53,53,1034,552,482,251,97,154,"102Y12M"
67000,╗Oлnел,67000370,дджш░╧,67000370-027,иє╢iи╜,141,75,66,908,443,465,185,82,103,"102Y12M"
67000,╗Oлnел,67000370,дджш░╧,67000370-028,жwо№и╜,204,113,91,1261,612,649,210,96,114,"102Y12M"
67000,╗Oлnел,67000370,дджш░╧,67000370-029,е┴е═и╜,167,88,79,1461,790,671,369,163,206,"102Y12M"
67000,╗Oлnел,67000370,дджш░╧,67000370-030,дде┐и╜,125,61,64,911,472,439,269,119,150,"102Y12M"
67000,╗Oлnел,67000370,дджш░╧,67000370-031,дj▓Dи╜,365,188,177,2581,1256,1325,346,152,194,"102Y12M"
67000,╗Oлnел,67000370,дджш░╧,67000370-032,е┴еDи╜,103,56,47,810,405,405,177,82,95,"102Y12M"
67000,╗Oлnел,67000370,дджш░╧,67000370-033,жш┤Єи╜,969,490,479,4545,2145,2400,540,239,301,"102Y12M"
67000,╗Oлnел,67000370,дджш░╧,67000370-034,жш╜хи╜,766,417,349,4481,2222,2259,444,197,247,"102Y12M"
67000,╗Oлnел,67000370,дджш░╧,67000370-035,дTжXи╜,221,128,93,1560,789,771,343,142,201,"102Y12M"
67000,╗Oлnел,67000370,дджш░╧,67000370-036,е┴┼vи╜,127,61,66,1222,641,581,317,146,171,"102Y12M"
67000,╗Oлnел,67000370,дджш░╧,67000370-037,лOжwи╜,91,45,46,887,451,436,273,134,139,"102Y12M"
67000,╗Oлnел,67000370,дджш░╧,67000370-038,░pжши╜,105,56,49,908,467,441,247,111,136,"102Y12M"
64000,░к╢пел,64000010,╞Q╤L░╧,64000010-001,┬┼╛Їи╜,194,106,88,1170,564,606,199,93,106,"102Y12M"
64000,░к╢пел,64000010,╞Q╤L░╧,64000010-002,╖O╖Rи╜,38,17,21,280,148,132,74,31,43,"102Y12M"
64000,░к╢пел,64000010,╞Q╤L░╧,64000010-003,│╒╖Rи╜,66,31,35,554,284,270,140,54,86,"102Y12M"
64000,░к╢пел,64000010,╞Q╤L░╧,64000010-004,╣╪мPи╜,97,54,43,1118,561,557,288,149,139,"102Y12M"
64000,░к╢пел,64000010,╞Q╤L░╧,64000010-005,дддsи╜,120,56,64,928,459,469,243,113,130,"102Y12M"
64000,░к╢пел,64000010,╞Q╤L░╧,64000010-006,▒╨дпи╜,263,134,129,1835,927,908,416,182,234,"102Y12M"
64000,░к╢пел,64000010,╞Q╤L░╧,64000010-007,╖s╝╓и╜,99,58,41,738,360,378,173,80,93,"102Y12M"
64000,░к╢пел,64000010,╞Q╤L░╧,64000010-008,ддньи╜,65,36,29,543,249,294,135,62,73,"102Y12M"
64000,░к╢пел,64000010,╞Q╤L░╧,64000010-009,е·й·и╜,137,65,72,1204,595,609,270,133,137,"102Y12M"
64000,░к╢пел,64000010,╞Q╤L░╧,64000010-010,и|дпи╜,118,50,68,668,318,350,142,66,76,"102Y12M"
64000,░к╢пел,64000010,╞Q╤L░╧,64000010-011,кe└╪и╜,183,100,83,1518,744,774,318,150,168,"102Y12M"
64000,░к╢пел,64000010,╞Q╤L░╧,64000010-012,иFжaи╜,79,41,38,612,312,300,134,62,72,"102Y12M"
64000,░к╢пел,64000010,╞Q╤L░╧,64000010-013,лn║▌и╜,131,64,67,817,420,397,233,103,130,"102Y12M"
64000,░к╢пел,64000010,╞Q╤L░╧,64000010-014,┤ф│ги╜,153,71,82,951,479,472,215,99,116,"102Y12M"
64000,░к╢пел,64000010,╞Q╤L░╧,64000010-015,ж┐жши╜,115,55,60,983,522,461,204,89,115,"102Y12M"
64000,░к╢пел,64000010,╞Q╤L░╧,64000010-016,╖s┬╫и╜,156,78,78,686,362,324,134,48,86,"102Y12M"
64000,░к╢пел,64000010,╞Q╤L░╧,64000010-017,й▓е_и╜,175,100,75,1631,860,771,397,220,177,"102Y12M"
64000,░к╢пел,64000010,╞Q╤L░╧,64000010-018,│░╛Їи╜,127,56,71,1073,537,536,255,114,141,"102Y12M"
64000,░к╢пел,64000010,╞Q╤L░╧,64000010-019,├uлnи╜,62,31,31,516,268,248,151,76,75,"102Y12M"
64000,░к╢пел,64000010,╞Q╤L░╧,64000010-020,╖sд╞и╜,87,48,39,517,284,233,122,50,72,"102Y12M"
64000,░к╢пел,64000010,╞Q╤L░╧,64000010-021,ж┐лnи╜,96,49,47,577,304,273,124,61,63,"102Y12M"
64000,░к╢пел,64000020,╣кдs░╧,64000020-001,╣коpи╜,187,87,100,1847,931,916,351,173,178,"102Y12M"
64000,░к╢пел,64000020,╣кдs░╧,64000020-002,╢поpи╜,199,108,91,1784,855,929,338,172,166,"102Y12M"
64000,░к╢пел,64000020,╣кдs░╧,64000020-003,лeоpи╜,407,215,192,3721,1889,1832,720,322,398,"102Y12M"
64000,░к╢пел,64000020,╣кдs░╧,64000020-004,е·║aи╜,399,213,186,3101,1590,1511,601,286,315,"102Y12M"
64000,░к╢пел,64000020,╣кдs░╧,64000020-005,е┴▒┌и╜,167,90,77,1185,615,570,220,93,127,"102Y12M"
64000,░к╢пел,64000020,╣кдs░╧,64000020-006,д║▒йи╜,140,75,65,1003,527,476,210,101,109,"102Y12M"
64000,░к╢пел,64000020,╣кдs░╧,64000020-007,л╪░ъи╜,275,159,116,2069,1081,988,366,180,186,"102Y12M"
64000,░к╢пел,64000020,╣кдs░╧,64000020-008,й╛е┐и╜,447,230,217,3382,1678,1704,636,288,348,"102Y12M"
64000,░к╢пел,64000020,╣кдs░╧,64000020-009,ж█▒jи╜,51,25,26,523,279,244,249,120,129,"102Y12M"
64000,░к╢пел,64000020,╣кдs░╧,64000020-010,└sдли╜,133,75,58,1160,606,554,239,110,129,"102Y12M"
64000,░к╢пел,64000020,╣кдs░╧,64000020-011,е┐╝wи╜,292,142,150,1765,901,864,285,132,153,"102Y12M"
64000,░к╢пел,64000020,╣кдs░╧,64000020-012,енйMи╜,469,234,235,3084,1517,1567,536,252,284,"102Y12M"
64000,░к╢пел,64000020,╣кдs░╧,64000020-013,е┴▒jи╜,292,149,143,2416,1220,1196,477,216,261,"102Y12M"
64000,░к╢пел,64000020,╣кдs░╧,64000020-014,лpе═и╜,485,261,224,2877,1468,1409,432,214,218,"102Y12M"
64000,░к╢пел,64000020,╣кдs░╧,64000020-015,└sдlи╜,4327,2173,2154,12778,5718,7060,1178,580,598,"102Y12M"
64000,░к╢пел,64000020,╣кдs░╧,64000020-016,└sдЇи╜,5057,2627,2430,15900,6868,9032,1197,544,653,"102Y12M"
64000,░к╢пел,64000020,╣кдs░╧,64000020-017,й·╕█и╜,3941,2114,1827,14730,6592,8138,1376,618,758,"102Y12M"
64000,░к╢пел,64000020,╣кдs░╧,64000020-018,╡╪┬╫и╜,434,241,193,3517,1672,1845,496,228,268,"102Y12M"
64000,░к╢пел,64000020,╣кдs░╧,64000020-019,╕╬┐│и╜,362,195,167,2892,1443,1449,444,202,242,"102Y12M"
64000,░к╢пел,64000020,╣кдs░╧,64000020-020,╕╬┬╫и╜,190,97,93,2287,1161,1126,398,165,233,"102Y12M"
64000,░к╢пел,64000020,╣кдs░╧,64000020-021,╣кйеи╜,118,69,49,1061,567,494,299,117,182,"102Y12M"
64000,░к╢пел,64000020,╣кдs░╧,64000020-022,╛Ё╝wи╜,155,77,78,1035,544,491,178,83,95,"102Y12M"
64000,░к╢пел,64000020,╣кдs░╧,64000020-023,─_╛Ёи╜,98,48,50,1484,849,635,265,133,132,"102Y12M"
64000,░к╢пел,64000020,╣кдs░╧,64000020-024,┐│йvи╜,113,55,58,1114,613,501,272,127,145,"102Y12M"
64000,░к╢пел,64000020,╣кдs░╧,64000020-025,е·д╞и╜,113,51,62,1112,574,538,255,113,142,"102Y12M"
64000,░к╢пел,64000020,╣кдs░╧,64000020-026,дsдUи╜,106,55,51,1177,603,574,213,95,118,"102Y12M"
64000,░к╢пел,64000020,╣кдs░╧,64000020-027,кe├фи╜,148,82,66,1309,665,644,256,123,133,"102Y12M"
64000,░к╢пел,64000020,╣кдs░╧,64000020-028,║ёдtи╜,154,87,67,1265,679,586,285,126,159,"102Y12M"
64000,░к╢пел,64000020,╣кдs░╧,64000020-029,╡nдsи╜,52,26,26,529,299,230,179,84,95,"102Y12M"
64000,░к╢пел,64000020,╣кдs░╧,64000020-030,оpлnи╜,86,45,41,733,406,327,181,75,106,"102Y12M"
64000,░к╢пел,64000020,╣кдs░╧,64000020-031,─R┐│и╜,97,56,41,825,437,388,203,97,106,"102Y12M"
64000,░к╢пел,64000020,╣кдs░╧,64000020-032,╖sе┴и╜,107,53,54,947,505,442,160,70,90,"102Y12M"
64000,░к╢пел,64000020,╣кдs░╧,64000020-033,й╡ени╜,103,51,52,696,369,327,168,73,95,"102Y12M"
64000,░к╢пел,64000020,╣кдs░╧,64000020-034,║√е═и╜,119,65,54,1141,585,556,250,113,137,"102Y12M"
64000,░к╢пел,64000020,╣кдs░╧,64000020-035,┤fжwи╜,141,82,59,1047,580,467,219,103,116,"102Y12M"
64000,░к╢пел,64000020,╣кдs░╧,64000020-036,╣╪дsи╜,144,79,65,1248,655,593,250,103,147,"102Y12M"
64000,░к╢пел,64000020,╣кдs░╧,64000020-037,ня▓ю└Yи╜,103,57,46,863,465,398,181,90,91,"102Y12M"
64000,░к╢пел,64000020,╣кдs░╧,64000020-038,оч╖╜и╜,60,25,35,573,328,245,88,49,39,"102Y12M"
64000,░к╢пел,64000030,ек└ч░╧,64000030-001,╢i╛╟и╜,167,83,84,2195,1290,905,393,201,192,"102Y12M"
64000,░к╢пел,64000030,ек└ч░╧,64000030-002,з└жши╜,114,58,56,865,440,425,271,127,144,"102Y12M"
64000,░к╢пел,64000030,ек└ч░╧,64000030-003,│╗е_и╜,35,14,21,470,250,220,122,49,73,"102Y12M"
64000,░к╢пел,64000030,ек└ч░╧,64000030-004,дде_и╜,67,42,25,521,264,257,156,65,91,"102Y12M"
64000,░к╢пел,64000030,ек└ч░╧,64000030-005,ддлnи╜,50,29,21,453,253,200,119,66,53,"102Y12M"
64000,░к╢пел,64000030,ек└ч░╧,64000030-006,╝qкFи╜,94,50,44,725,400,325,164,82,82,"102Y12M"
64000,░к╢пел,64000030,ек└ч░╧,64000030-007,╝qе_и╜,93,43,50,754,409,345,213,100,113,"102Y12M"
64000,░к╢пел,64000030,ек└ч░╧,64000030-008,з└лnи╜,76,36,40,611,334,277,179,79,100,"102Y12M"
64000,░к╢пел,64000030,ек└ч░╧,64000030-009,з└е_и╜,364,193,171,2917,1521,1396,580,274,306,"102Y12M"
64000,░к╢пел,64000030,ек└ч░╧,64000030-011,л╠дsи╜,171,82,89,1321,641,680,385,202,183,"102Y12M"
64000,░к╢пел,64000030,ек└ч░╧,64000030-012,▓╗йMи╜,36,20,16,278,130,148,147,96,51,"102Y12M"
64000,░к╢пел,64000030,ек└ч░╧,64000030-013,е├▓Mи╜,371,192,179,739,365,374,155,131,24,"102Y12M"
64000,░к╢пел,64000030,ек└ч░╧,64000030-014,┤_┐│и╜,1,1,0,48,29,19,6,4,2,"102Y12M"
64000,░к╢пел,64000030,ек└ч░╧,64000030-015,▓ўе·и╜,221,126,95,1476,750,726,367,177,190,"102Y12M"
64000,░к╢пел,64000030,ек└ч░╧,64000030-016,е·╜ўи╜,332,172,160,2145,1051,1094,464,195,269,"102Y12M"
64000,░к╢пел,64000030,ек└ч░╧,64000030-017,жX╕sи╜,150,78,72,1639,879,760,845,392,453,"102Y12M"
64000,░к╢пел,64000030,ек└ч░╧,64000030-019,й·л╪и╜,149,77,72,727,366,361,153,68,85,"102Y12M"
64000,░к╢пел,64000030,ек└ч░╧,64000030-021,│╗жши╜,101,44,57,837,446,391,233,113,120,"102Y12M"
64000,░к╢пел,64000030,ек└ч░╧,64000030-022,╕tжZи╜,68,39,29,657,340,317,176,81,95,"102Y12M"
64000,░к╢пел,64000030,ек└ч░╧,64000030-023,╕tжши╜,17,9,8,285,158,127,81,47,34,"102Y12M"
64000,░к╢пел,64000030,ек└ч░╧,64000030-024,╕tлnи╜,70,33,37,452,238,214,105,50,55,"102Y12M"
64000,░к╢пел,64000030,ек└ч░╧,64000030-025,л░лnи╜,40,17,23,418,210,208,124,58,66,"102Y12M"
64000,░к╢пел,64000030,ек└ч░╧,64000030-026,╕ЇкFи╜,89,49,40,617,339,278,142,71,71,"102Y12M"
64000,░к╢пел,64000030,ек└ч░╧,64000030-027,б╜е_и╜,53,28,25,375,210,165,106,56,50,"102Y12M"
64000,░к╢пел,64000030,ек└ч░╧,64000030-028,б╜лnи╜,58,29,29,543,308,235,145,61,84,"102Y12M"
64000,░к╢пел,64000030,ек└ч░╧,64000030-029,░ёжши╜,60,35,25,786,404,382,227,112,115,"102Y12M"
64000,░к╢пел,64000030,ек└ч░╧,64000030-030,░ёе_и╜,101,54,47,1103,564,539,341,195,146,"102Y12M"
64000,░к╢пел,64000030,ек└ч░╧,64000030-031,░ёкFи╜,148,82,66,871,468,403,250,127,123,"102Y12M"
64000,░к╢пел,64000030,ек└ч░╧,64000030-032,о№│╙и╜,584,290,294,4729,2366,2363,1473,680,793,"102Y12M"
64000,░к╢пел,64000030,ек└ч░╧,64000030-034,▒R╣ъи╜,501,270,231,2746,1312,1434,222,110,112,"102Y12M"
64000,░к╢пел,64000030,ек└ч░╧,64000030-035,ж█зUи╜,38,22,16,376,196,180,59,31,28,"102Y12M"
64000,░к╢пел,64000030,ек└ч░╧,64000030-036,кG╢Tи╜,272,132,140,2249,1075,1174,667,314,353,"102Y12M"
64000,░к╢пел,64000030,ек└ч░╧,64000030-037,кG┤fи╜,105,57,48,1329,629,700,334,158,176,"102Y12M"
64000,░к╢пел,64000030,ек└ч░╧,64000030-038,кGоpи╜,142,68,74,1366,684,682,458,227,231,"102Y12M"
64000,░к╢пел,64000030,ек└ч░╧,64000030-039,╖sдUи╜,2408,1226,1182,11417,5410,6007,1410,613,797,"102Y12M"
64000,░к╢пел,64000030,ек└ч░╧,64000030-040,╖sдWи╜,4977,2649,2328,22644,10542,12102,2288,1028,1260,"102Y12M"
64000,░к╢пел,64000030,ек└ч░╧,64000030-041,╖sдди╜,943,464,479,4458,2229,2229,621,313,308,"102Y12M"
64000,░к╢пел,64000030,ек└ч░╧,64000030-042,╖sе·и╜,3096,1619,1477,11646,5484,6162,1157,532,625,"102Y12M"
64000,░к╢пел,64000030,ек└ч░╧,64000030-043,╡цд╜и╜,7035,3587,3448,25106,11915,13191,2101,992,1109,"102Y12M"
64000,░к╢пел,64000030,ек└ч░╧,64000030-044,║╓дsи╜,9420,4952,4468,30199,14072,16127,2087,963,1124,"102Y12M"
64000,░к╢пел,64000040,╖г▒ъ░╧,64000040-001,▓M┬╫и╜,4661,2419,2242,17834,8714,9120,1130,555,575,"102Y12M"
64000,░к╢пел,64000040,╖г▒ъ░╧,64000040-002,кF╣чи╜,876,448,428,3315,1532,1783,358,168,190,"102Y12M"
64000,░к╢пел,64000040,╖г▒ъ░╧,64000040-003,дн▒`и╜,1170,609,561,5184,2499,2685,496,239,257,"102Y12M"
64000,░к╢пел,64000040,╖г▒ъ░╧,64000040-004,и╔ени╜,527,273,254,2799,1326,1473,370,156,214,"102Y12M"
64000,░к╢пел,64000040,╖г▒ъ░╧,64000040-005,дд╢зи╜,488,265,223,2441,1244,1197,451,207,244,"102Y12M"
64000,░к╢пел,64000040,╖г▒ъ░╧,64000040-006,┤f╖ги╜,383,215,168,2884,1554,1330,305,143,162,"102Y12M"
64000,░к╢пел,64000040,╖г▒ъ░╧,64000040-007,┤fе┴и╜,594,288,306,3460,1754,1706,477,224,253,"102Y12M"
64000,░к╢пел,64000040,╖г▒ъ░╧,64000040-008,┤f┬╫и╜,702,365,337,4266,2065,2201,410,201,209,"102Y12M"
64000,░к╢пел,64000040,╖г▒ъ░╧,64000040-009,└Aл╠и╜,408,205,203,3008,1513,1495,515,247,268,"102Y12M"
64000,░к╢пел,64000040,╖г▒ъ░╧,64000040-010,е╔л╠и╜,320,166,154,2211,1115,1096,357,169,188,"102Y12M"
64000,░к╢пел,64000040,╖г▒ъ░╧,64000040-011,кўе╨и╜,463,237,226,2962,1485,1477,473,213,260,"102Y12M"
64000,░к╢пел,64000040,╖г▒ъ░╧,64000040-012,╕Zе╨и╜,215,120,95,1453,727,726,238,116,122,"102Y12M"
64000,░к╢пел,64000040,╖г▒ъ░╧,64000040-013,╖чл╠и╜,555,292,263,3566,1718,1848,450,211,239,"102Y12M"
64000,░к╢пел,64000040,╖г▒ъ░╧,64000040-014,╗Aл╠и╜,1812,923,889,13895,6736,7159,1033,500,533,"102Y12M"
64000,░к╢пел,64000040,╖г▒ъ░╧,64000040-015,з╗лnи╜,224,117,107,1008,527,481,432,225,207,"102Y12M"
64000,░к╢пел,64000040,╖г▒ъ░╧,64000040-016,з╗╝▌и╜,708,372,336,1980,1027,953,786,407,379,"102Y12M"
64000,░к╢пел,64000040,╖г▒ъ░╧,64000040-017,з╗║aи╜,665,341,324,2175,1046,1129,673,445,228,"102Y12M"
64000,░к╢пел,64000040,╖г▒ъ░╧,64000040-018,╝sйўи╜,468,234,234,2691,1326,1365,496,239,257,"102Y12M"
64000,░к╢пел,64000040,╖г▒ъ░╧,64000040-019,д[йўи╜,394,210,184,2448,1182,1266,256,134,122,"102Y12M"
64000,░к╢пел,64000040,╖г▒ъ░╧,64000040-020,дjйўи╜,349,196,153,1849,897,952,385,180,205,"102Y12M"
64000,░к╢пел,64000040,╖г▒ъ░╧,64000040-021,║╓йўи╜,341,183,158,1834,966,868,308,146,162,"102Y12M"
64000,░к╢пел,64000040,╖г▒ъ░╧,64000040-022,▓▒йўи╜,938,480,458,4864,2388,2476,456,207,249,"102Y12M"
64000,░к╢пел,64000040,╖г▒ъ░╧,64000040-023,оїйўи╜,233,135,98,1296,650,646,229,113,116,"102Y12M"
64000,░к╢пел,64000040,╖г▒ъ░╧,64000040-024,┐│йўи╜,869,462,407,3792,1862,1930,438,212,226,"102Y12M"
64000,░к╢пел,64000040,╖г▒ъ░╧,64000040-025,л╪йўи╜,414,225,189,2419,1204,1215,386,194,192,"102Y12M"
64000,░к╢пел,64000040,╖г▒ъ░╧,64000040-026,з╗йўи╜,686,355,331,2812,1299,1513,265,137,128,"102Y12M"
64000,░к╢пел,64000040,╖г▒ъ░╧,64000040-027,йMйўи╜,246,133,113,1840,908,932,349,169,180,"102Y12M"
64000,░к╢пел,64000040,╖г▒ъ░╧,64000040-028,╝yйўи╜,418,201,217,2937,1441,1496,445,212,233,"102Y12M"
64000,░к╢пел,64000040,╖г▒ъ░╧,64000040-029,╢ййўи╜,539,283,256,3086,1488,1598,495,239,256,"102Y12M"
64000,░к╢пел,64000040,╖г▒ъ░╧,64000040-030,иqйўи╜,331,182,149,2012,983,1029,260,130,130,"102Y12M"
64000,░к╢пел,64000040,╖г▒ъ░╧,64000040-031,╕╬йўи╜,991,500,491,3647,1806,1841,378,177,201,"102Y12M"
64000,░к╢пел,64000040,╖г▒ъ░╧,64000040-032,░ъйўи╜,742,398,344,3213,1556,1657,334,154,180,"102Y12M"
64000,░к╢пел,64000040,╖г▒ъ░╧,64000040-033,е[йўи╜,1498,749,749,7371,3535,3836,742,337,405,"102Y12M"
64000,░к╢пел,64000040,╖г▒ъ░╧,64000040-034,дпйўи╜,856,415,441,4477,2141,2336,365,169,196,"102Y12M"
64000,░к╢пел,64000040,╖г▒ъ░╧,64000040-035,┬┼е╨и╜,1233,681,552,3977,1963,2014,261,115,146,"102Y12M"
64000,░к╢пел,64000040,╖г▒ъ░╧,64000040-036,дд┐│и╜,410,219,191,1385,688,697,137,63,74,"102Y12M"
64000,░к╢пел,64000040,╖г▒ъ░╧,64000040-037,ддйMи╜,506,265,241,1803,932,871,213,101,112,"102Y12M"
64000,░к╢пел,64000050,дTе┴░╧,64000050-001,╣йкўи╜,520,267,253,3557,1769,1788,475,234,241,"102Y12M"
64000,░к╢пел,64000050,дTе┴░╧,64000050-002,╣й▓▒и╜,1350,703,647,6802,3266,3536,651,305,346,"102Y12M"
64000,░к╢пел,64000050,дTе┴░╧,64000050-003,╣й▒jи╜,571,300,271,3450,1683,1767,390,197,193,"102Y12M"
64000,░к╢пел,64000050,дTе┴░╧,64000050-004,╣йдOи╜,619,331,288,3297,1612,1685,441,205,236,"102Y12M"
64000,░к╢пел,64000050,дTе┴░╧,64000050-005,╣йжши╜,1093,563,530,6231,3018,3213,764,357,407,"102Y12M"
64000,░к╢пел,64000050,дTе┴░╧,64000050-006,╣йдди╜,378,194,184,3073,1545,1528,408,190,218,"102Y12M"
64000,░к╢пел,64000050,дTе┴░╧,64000050-007,╣йоїи╜,4056,2075,1981,18589,8624,9965,1809,835,974,"102Y12M"
64000,░к╢пел,64000050,дTе┴░╧,64000050-008,е╗└]и╜,1055,556,499,7714,3774,3940,963,445,518,"102Y12M"
64000,░к╢пел,64000050,дTе┴░╧,64000050-009,е╗йMи╜,1034,525,509,6518,3183,3335,641,296,345,"102Y12M"
64000,░к╢пел,64000050,дTе┴░╧,64000050-010,е╗дхи╜,266,136,130,1813,908,905,317,142,175,"102Y12M"
64000,░к╢пел,64000050,дTе┴░╧,64000050-011,е╗кZи╜,393,207,186,1489,701,788,261,129,132,"102Y12M"
64000,░к╢пел,64000050,дTе┴░╧,64000050-012,е╗д╕и╜,1164,592,572,4909,2319,2590,540,268,272,"102Y12M"
64000,░к╢пел,64000050,дTе┴░╧,64000050-013,е╗жwи╜,1209,637,572,4305,2037,2268,375,181,194,"102Y12M"
64000,░к╢пел,64000050,дTе┴░╧,64000050-014,е╗дWи╜,1168,616,552,4505,2083,2422,369,183,186,"102Y12M"
64000,░к╢пел,64000050,дTе┴░╧,64000050-015,е╗┤ни╜,1794,926,868,6780,3144,3636,766,360,406,"102Y12M"
64000,░к╢пел,64000050,дTе┴░╧,64000050-016,─_╖ри╜,410,205,205,3357,1651,1706,424,202,222,"102Y12M"
64000,░к╢пел,64000050,дTе┴░╧,64000050-017,─_╝wи╜,641,343,298,4672,2219,2453,475,239,236,"102Y12M"
64000,░к╢пел,64000050,дTе┴░╧,64000050-018,─_оїи╜,587,305,282,3632,1683,1949,352,154,198,"102Y12M"
64000,░к╢пел,64000050,дTе┴░╧,64000050-019,─_┐│и╜,839,438,401,5772,2729,3043,729,343,386,"102Y12M"
64000,░к╢пел,64000050,дTе┴░╧,64000050-020,─_дди╜,565,310,255,2735,1316,1419,415,189,226,"102Y12M"
64000,░к╢пел,64000050,дTе┴░╧,64000050-021,─_╡╪и╜,612,327,285,3000,1397,1603,293,134,159,"102Y12M"
64000,░к╢пел,64000050,дTе┴░╧,64000050-022,─_░ъи╜,1963,1019,944,7466,3477,3989,629,293,336,"102Y12M"
64000,░к╢пел,64000050,дTе┴░╧,64000050-023,─_е┴и╜,546,278,268,2825,1359,1466,327,162,165,"102Y12M"
64000,░к╢пел,64000050,дTе┴░╧,64000050-024,─_╝yи╜,518,264,254,2520,1210,1310,254,103,151,"102Y12M"
64000,░к╢пел,64000050,дTе┴░╧,64000050-025,─_╖~и╜,1064,549,515,4503,2079,2424,457,220,237,"102Y12M"
64000,░к╢пел,64000050,дTе┴░╧,64000050-026,─_▓▒и╜,655,336,319,4454,2154,2300,550,262,288,"102Y12M"
64000,░к╢пел,64000050,дTе┴░╧,64000050-027,─_жwи╜,922,490,432,6429,3020,3409,715,337,378,"102Y12M"
64000,░к╢пел,64000050,дTе┴░╧,64000050-028,─_└sи╜,786,449,337,3734,1798,1936,642,298,344,"102Y12M"
64000,░к╢пел,64000050,дTе┴░╧,64000050-029,─_п]и╜,631,334,297,5787,3049,2738,756,361,395,"102Y12M"
64000,░к╢пел,64000050,дTе┴░╧,64000050-030,─_е╔и╜,1906,961,945,7722,3626,4096,661,296,365,"102Y12M"
64000,░к╢пел,64000050,дTе┴░╧,64000050-031,╞Wдlи╜,453,235,218,3333,1601,1732,423,211,212,"102Y12M"
64000,░к╢пел,64000050,дTе┴░╧,64000050-032,╞W╖Rи╜,345,168,177,2769,1426,1343,434,187,247,"102Y12M"
64000,░к╢пел,64000050,дTе┴░╧,64000050-033,╞Wдди╜,559,288,271,4773,2335,2438,706,333,373,"102Y12M"
64000,░к╢пел,64000050,дTе┴░╧,64000050-034,╞W╡╪и╜,240,126,114,2301,1129,1172,414,197,217,"102Y12M"
64000,░к╢пел,64000050,дTе┴░╧,64000050-035,╞W│╙и╜,189,96,93,1610,831,779,373,171,202,"102Y12M"
64000,░к╢пел,64000050,дTе┴░╧,64000050-036,╞WзQи╜,310,166,144,2751,1368,1383,553,268,285,"102Y12M"
64000,░к╢пел,64000050,дTе┴░╧,64000050-037,╞W┤_и╜,395,203,192,3359,1659,1700,411,192,219,"102Y12M"
64000,░к╢пел,64000050,дTе┴░╧,64000050-038,е┐┐│и╜,2406,1258,1148,10805,5035,5770,1070,453,617,"102Y12M"
64000,░к╢пел,64000050,дTе┴░╧,64000050-039,е┐╢╢и╜,635,313,322,3512,1687,1825,480,222,258,"102Y12M"
64000,░к╢пел,64000050,дTе┴░╧,64000050-040,╞W┐│и╜,350,170,180,1637,829,808,305,136,169,"102Y12M"
64000,░к╢пел,64000050,дTе┴░╧,64000050-041,╞Wжии╜,356,173,183,2018,997,1021,301,142,159,"102Y12M"
64000,░к╢пел,64000050,дTе┴░╧,64000050-042,жw▒dи╜,394,219,175,2550,1305,1245,546,258,288,"102Y12M"
64000,░к╢пел,64000050,дTе┴░╧,64000050-043,жw╣чи╜,228,108,120,1639,852,787,384,169,215,"102Y12M"
64000,░к╢пел,64000050,дTе┴░╧,64000050-044,жwжNи╜,798,397,401,4402,2089,2313,558,255,303,"102Y12M"
64000,░к╢пел,64000050,дTе┴░╧,64000050-045,жw╡oи╜,752,402,350,4296,1963,2333,481,226,255,"102Y12M"
64000,░к╢пел,64000050,дTе┴░╧,64000050-046,жwкFи╜,438,223,215,2493,1214,1279,554,275,279,"102Y12M"
64000,░к╢пел,64000050,дTе┴░╧,64000050-047,жwйMи╜,342,184,158,2197,1092,1105,429,207,222,"102Y12M"
64000,░к╢пел,64000050,дTе┴░╧,64000050-048,╣F╝wи╜,201,112,89,1141,570,571,301,148,153,"102Y12M"
64000,░к╢пел,64000050,дTе┴░╧,64000050-049,╣Fй·и╜,205,110,95,1292,625,667,324,150,174,"102Y12M"
64000,░к╢пел,64000050,дTе┴░╧,64000050-050,╣Fдпи╜,203,111,92,1282,609,673,289,132,157,"102Y12M"
64000,░к╢пел,64000050,дTе┴░╧,64000050-051,╣Fлiи╜,138,69,69,868,439,429,213,89,124,"102Y12M"
64000,░к╢пел,64000050,дTе┴░╧,64000050-052,жP╝wи╜,353,183,170,2379,1198,1181,517,267,250,"102Y12M"
64000,░к╢пел,64000050,дTе┴░╧,64000050-053,╝w┤╝и╜,317,161,156,1960,964,996,424,186,238,"102Y12M"
64000,░к╢пел,64000050,дTе┴░╧,64000050-054,╝wдпи╜,238,125,113,1719,833,886,301,146,155,"102Y12M"
64000,░к╢пел,64000050,дTе┴░╧,64000050-055,жwе═и╜,193,83,110,1255,644,611,285,144,141,"102Y12M"
64000,░к╢пел,64000050,дTе┴░╧,64000050-056,╝wкFи╜,88,44,44,678,349,329,169,78,91,"102Y12M"
64000,░к╢пел,64000050,дTе┴░╧,64000050-057,╝wжци╜,127,68,59,952,471,481,236,114,122,"102Y12M"
64000,░к╢пел,64000050,дTе┴░╧,64000050-058,║ы╡╪и╜,201,112,89,1284,622,662,351,155,196,"102Y12M"
64000,░к╢пел,64000050,дTе┴░╧,64000050-059,е┴и╔и╜,253,140,113,1746,834,912,411,187,224,"102Y12M"
64000,░к╢пел,64000050,дTе┴░╧,64000050-060,жwйyи╜,467,248,219,2721,1340,1381,558,259,299,"102Y12M"
64000,░к╢пел,64000050,дTе┴░╧,64000050-061,жwоїи╜,486,274,212,3391,1662,1729,655,289,366,"102Y12M"
64000,░к╢пел,64000050,дTе┴░╧,64000050-062,жwи╣и╜,473,252,221,3364,1746,1618,685,330,355,"102Y12M"
64000,░к╢пел,64000050,дTе┴░╧,64000050-063,дQе■и╜,209,119,90,1344,678,666,261,122,139,"102Y12M"
64000,░к╢пел,64000050,дTе┴░╧,64000050-064,дQм№и╜,234,125,109,1650,843,807,293,123,170,"102Y12M"
64000,░к╢пел,64000050,дTе┴░╧,64000050-065,╝wе_и╜,233,125,108,1686,843,843,327,147,180,"102Y12M"
64000,░к╢пел,64000050,дTе┴░╧,64000050-066,е▀╕█и╜,82,40,42,596,289,307,209,91,118,"102Y12M"
64000,░к╢пел,64000050,дTе┴░╧,64000050-067,е▀╖~и╜,100,51,49,840,417,423,234,107,127,"102Y12M"
64000,░к╢пел,64000050,дTе┴░╧,64000050-068,┤фкFи╜,118,70,48,1187,586,601,265,115,150,"102Y12M"
64000,░к╢пел,64000050,дTе┴░╧,64000050-069,┤ф╖sи╜,156,69,87,1202,593,609,236,103,133,"102Y12M"
64000,░к╢пел,64000050,дTе┴░╧,64000050-070,┤фжши╜,61,38,23,656,339,317,149,82,67,"102Y12M"
64000,░к╢пел,64000050,дTе┴░╧,64000050-072,│╒╖Rи╜,109,62,47,1078,529,549,237,109,128,"102Y12M"
64000,░к╢пел,64000050,дTе┴░╧,64000050-073,│╒┤fи╜,681,355,326,3644,1735,1909,640,293,347,"102Y12M"
64000,░к╢пел,64000050,дTе┴░╧,64000050-074,к°й·и╜,142,77,65,939,474,465,193,97,96,"102Y12M"
64000,░к╢пел,64000050,дTе┴░╧,64000050-075,л╪кFи╜,118,57,61,1075,514,561,187,87,100,"102Y12M"
64000,░к╢пел,64000050,дTе┴░╧,64000050-076,┐│╝wи╜,209,124,85,1499,718,781,302,144,158,"102Y12M"
64000,░к╢пел,64000050,дTе┴░╧,64000050-077,╗ёлnи╜,82,43,39,810,415,395,214,109,105,"102Y12M"
64000,░к╢пел,64000050,дTе┴░╧,64000050-078,╗ёе_и╜,158,80,78,1188,633,555,317,157,160,"102Y12M"
64000,░к╢пел,64000050,дTе┴░╧,64000050-079,╝wжши╜,110,53,57,834,449,385,156,77,79,"102Y12M"
64000,░к╢пел,64000050,дTе┴░╧,64000050-081,┬╫╕╬и╜,280,151,129,2226,1125,1101,438,202,236,"102Y12M"
64000,░к╢пел,64000050,дTе┴░╧,64000050-082,дtкFи╜,132,73,59,1169,608,561,190,86,104,"102Y12M"
64000,░к╢пел,64000050,дTе┴░╧,64000050-083,╕╬е┴и╜,235,132,103,1138,583,555,175,86,89,"102Y12M"
64000,░к╢пел,64000050,дTе┴░╧,64000050-084,дOжци╜,123,56,67,994,539,455,211,103,108,"102Y12M"
64000,░к╢пел,64000050,дTе┴░╧,64000050-085,дd╖│и╜,135,66,69,948,443,505,243,113,130,"102Y12M"
64000,░к╢пел,64000050,дTе┴░╧,64000050-086,е▀╝wи╜,144,72,72,968,461,507,235,109,126,"102Y12M"
64000,░к╢пел,64000050,дTе┴░╧,64000050-087,дdе_и╜,120,57,63,927,472,455,249,109,140,"102Y12M"
64000,░к╢пел,64000050,дTе┴░╧,64000050-088,дdмюи╜,209,96,113,1842,957,885,352,170,182,"102Y12M"
64000,░к╢пел,64000060,╖s┐│░╧,64000060-001,пE╡Mи╜,148,69,79,1594,770,824,389,164,225,"102Y12M"
64000,░к╢пел,64000060,╖s┐│░╧,64000060-002,о╢жии╜,99,49,50,936,465,471,273,117,156,"102Y12M"
64000,░к╢пел,64000060,╖s┐│░╧,64000060-003,╝wе═и╜,468,233,235,2584,1194,1390,472,211,261,"102Y12M"
64000,░к╢пел,64000060,╖s┐│░╧,64000060-004,о╢╡╪и╜,123,75,48,956,455,501,273,117,156,"102Y12M"
64000,░к╢пел,64000060,╖s┐│░╧,64000060-005,е┐оЁи╜,119,57,62,1170,577,593,357,152,205,"102Y12M"
64000,░к╢пел,64000060,╖s┐│░╧,64000060-006,╝wмFи╜,87,45,42,602,282,320,125,63,62,"102Y12M"
64000,░к╢пел,64000060,╖s┐│░╧,64000060-007,дп┴nи╜,113,48,65,859,385,474,172,78,94,"102Y12M"
64000,░к╢пел,64000060,╖s┐│░╧,64000060-008,╝w▒ци╜,228,121,107,1701,803,898,397,187,210,"102Y12M"
64000,░к╢пел,64000060,╖s┐│░╧,64000060-009,╡╪┴nи╜,101,47,54,860,428,432,197,89,108,"102Y12M"
64000,░к╢пел,64000060,╖s┐│░╧,64000060-010,┐╝╢щи╜,76,40,36,619,332,287,163,79,84,"102Y12M"
64000,░к╢пел,64000060,╖s┐│░╧,64000060-011,е├╣чи╜,133,67,66,1146,572,574,283,131,152,"102Y12M"
64000,░к╢пел,64000060,╖s┐│░╧,64000060-012,е╔┐┼и╜,80,47,33,733,396,337,174,75,99,"102Y12M"
64000,░к╢пел,64000060,╖s┐│░╧,64000060-013,╢╢йўи╜,413,214,199,1668,820,848,372,178,194,"102Y12M"
64000,░к╢пел,64000060,╖s┐│░╧,64000060-014,дхйўи╜,529,289,240,2186,1003,1183,468,217,251,"102Y12M"
64000,░к╢пел,64000060,╖s┐│░╧,64000060-015,е·─ги╜,457,227,230,2018,922,1096,438,205,233,"102Y12M"
64000,░к╢пел,64000060,╖s┐│░╧,64000060-016,┐│йўи╜,289,144,145,1505,711,794,356,159,197,"102Y12M"
64000,░к╢пел,64000060,╖s┐│░╧,64000060-017,╢}ени╜,644,335,309,3000,1375,1625,506,239,267,"102Y12M"
64000,░к╢пел,64000060,╖s┐│░╧,64000060-018,жие\и╜,86,41,45,917,430,487,249,116,133,"102Y12M"
64000,░к╢пел,64000060,╖s┐│░╧,64000060-019,╖sж┐и╜,142,68,74,1017,498,519,193,90,103,"102Y12M"
64000,░к╢пел,64000060,╖s┐│░╧,64000060-020,╛дй·и╜,78,43,35,747,390,357,146,73,73,"102Y12M"
64000,░к╢пел,64000060,╖s┐│░╧,64000060-021,╖Rени╜,92,45,47,812,388,424,215,95,120,"102Y12M"
64000,░к╢пел,64000060,╖s┐│░╧,64000060-022,лn┤фи╜,207,105,102,1720,893,827,351,167,184,"102Y12M"
64000,░к╢пел,64000060,╖s┐│░╧,64000060-023,ддкFи╜,392,196,196,2487,1181,1306,387,187,200,"102Y12M"
64000,░к╢пел,64000060,╖s┐│░╧,64000060-024,й·▓°и╜,46,23,23,567,314,253,161,75,86,"102Y12M"
64000,░к╢пел,64000060,╖s┐│░╧,64000060-025,дjй·и╜,110,60,50,906,429,477,233,101,132,"102Y12M"
64000,░к╢пел,64000060,╖s┐│░╧,64000060-026,мюдsи╜,61,34,27,701,367,334,185,86,99,"102Y12M"
64000,░к╢пел,64000060,╖s┐│░╧,64000060-027,к°┼ци╜,116,56,60,805,383,422,155,71,84,"102Y12M"
64000,░к╢пел,64000060,╖s┐│░╧,64000060-028,л╪┐│и╜,69,39,30,775,409,366,188,91,97,"102Y12M"
64000,░к╢пел,64000060,╖s┐│░╧,64000060-029,л╪╡╪и╜,69,41,28,720,359,361,188,88,100,"102Y12M"
64000,░к╢пел,64000060,╖s┐│░╧,64000060-030,║~е┴и╜,72,35,37,640,308,332,154,68,86,"102Y12M"
64000,░к╢пел,64000060,╖s┐│░╧,64000060-031,║aкvи╜,100,53,47,656,323,333,157,73,84,"102Y12M"
64000,░к╢пел,64000060,╖s┐│░╧,64000060-032,кFйYи╜,131,65,66,1028,517,511,280,137,143,"102Y12M"
64000,░к╢пел,64000070,лeкў░╧,64000070-001,дTдtи╜,52,34,18,621,323,298,150,70,80,"102Y12M"
64000,░к╢пел,64000070,лeкў░╧,64000070-002,пєж┐и╜,89,50,39,873,449,424,210,99,111,"102Y12M"
64000,░к╢пел,64000070,лeкў░╧,64000070-003,к°л░и╜,140,67,73,1159,587,572,285,122,163,"102Y12M"
64000,░к╢пел,64000070,лeкў░╧,64000070-004,е_кўи╜,105,57,48,750,362,388,169,79,90,"102Y12M"
64000,░к╢пел,64000070,лeкў░╧,64000070-005,кFкўи╜,105,54,51,821,396,425,211,101,110,"102Y12M"
64000,░к╢пел,64000070,лeкў░╧,64000070-006,╖sе═и╜,446,228,218,3120,1482,1638,590,261,329,"102Y12M"
64000,░к╢пел,64000070,лeкў░╧,64000070-007,лскўи╜,84,42,42,634,343,291,197,90,107,"102Y12M"
64000,░к╢пел,64000070,лeкў░╧,64000070-008,к°┐│и╜,98,53,45,958,465,493,204,94,110,"102Y12M"
64000,░к╢пел,64000070,лeкў░╧,64000070-009,лCдsи╜,155,70,85,1328,613,715,302,138,164,"102Y12M"
64000,░к╢пел,64000070,лeкў░╧,64000070-010,е┴е═и╜,78,42,36,615,280,335,152,77,75,"102Y12M"
64000,░к╢пел,64000070,лeкў░╧,64000070-011,┤_д╕и╜,95,42,53,831,383,448,231,104,127,"102Y12M"
64000,░к╢пел,64000070,лeкў░╧,64000070-012,кLзыи╜,73,41,32,868,503,365,218,103,115,"102Y12M"
64000,░к╢пел,64000070,лeкў░╧,64000070-013,░ъе┴и╜,111,56,55,855,410,445,201,104,97,"102Y12M"
64000,░к╢пел,64000070,лeкў░╧,64000070-014,к└кFи╜,170,86,84,1337,624,713,384,187,197,"102Y12M"
64000,░к╢пел,64000070,лeкў░╧,64000070-015,к└жши╜,139,70,69,879,407,472,198,91,107,"102Y12M"
64000,░к╢пел,64000070,лeкў░╧,64000070-016,│╒з╡и╜,106,47,59,835,403,432,161,76,85,"102Y12M"
64000,░к╢пел,64000070,лeкў░╧,64000070-017,к°е═и╜,172,81,91,1400,680,720,350,166,184,"102Y12M"
64000,░к╢пел,64000070,лeкў░╧,64000070-018,║a┤_и╜,106,57,49,950,468,482,212,89,123,"102Y12M"
64000,░к╢пел,64000070,лeкў░╧,64000070-019,дхжши╜,81,43,38,730,351,379,222,93,129,"102Y12M"
64000,░к╢пел,64000070,лeкў░╧,64000070-020,дхкFи╜,135,57,78,997,490,507,290,114,176,"102Y12M"
64000,░к╢пел,64000080,нd╢о░╧,64000080-001,│╒дпи╜,79,32,47,590,287,303,128,56,72,"102Y12M"
64000,░к╢пел,64000080,нd╢о░╧,64000080-002,нdмwи╜,118,58,60,1184,573,611,271,117,154,"102Y12M"
64000,░к╢пел,64000080,нd╢о░╧,64000080-003,нdк@и╜,120,61,59,1085,545,540,275,140,135,"102Y12M"
64000,░к╢пел,64000080,нd╢о░╧,64000080-004,нdдди╜,184,102,82,1532,733,799,222,91,131,"102Y12M"
64000,░к╢пел,64000080,нd╢о░╧,64000080-005,нd╢ои╜,131,67,64,1352,626,726,225,102,123,"102Y12M"
64000,░к╢пел,64000080,нd╢о░╧,64000080-006,нdкFи╜,155,82,73,1341,658,683,257,114,143,"102Y12M"
64000,░к╢пел,64000080,нd╢о░╧,64000080-007,л░е_и╜,181,88,93,1287,598,689,251,106,145,"102Y12M"
64000,░к╢пел,64000080,нd╢о░╧,64000080-008,л░жши╜,70,39,31,517,250,267,91,43,48,"102Y12M"
64000,░к╢пел,64000080,нd╢о░╧,64000080-009,л░кFи╜,260,136,124,1764,838,926,316,147,169,"102Y12M"
64000,░к╢пел,64000080,нd╢о░╧,64000080-010,╖N╕█и╜,407,204,203,3356,1571,1785,432,201,231,"102Y12M"
64000,░к╢пел,64000080,нd╢о░╧,64000080-011,╣кдди╜,112,60,52,810,410,400,241,122,119,"102Y12M"
64000,░к╢пел,64000080,нd╢о░╧,64000080-012,е╨жши╜,172,91,81,1125,551,574,312,135,177,"102Y12M"
64000,░к╢пел,64000080,нd╢о░╧,64000080-013,дHйMи╜,187,111,76,1524,725,799,370,157,213,"102Y12M"
64000,░к╢пел,64000080,нd╢о░╧,64000080-014,дпмFи╜,82,45,37,1077,511,566,249,108,141,"102Y12M"
64000,░к╢пел,64000080,нd╢о░╧,64000080-015,╝s┐Aи╜,167,79,88,1530,797,733,399,181,218,"102Y12M"
64000,░к╢пел,64000080,нd╢о░╧,64000080-016,м№е╨и╜,107,63,44,994,488,506,251,112,139,"102Y12M"
64000,░к╢пел,64000080,нd╢о░╧,64000080-017,╡╪░єи╜,328,163,165,2696,1251,1445,508,219,289,"102Y12M"
64000,░к╢пел,64000080,нd╢о░╧,64000080-018,дщдди╜,199,95,104,1887,918,969,446,200,246,"102Y12M"
64000,░к╢пел,64000080,нd╢о░╧,64000080-019,┤╢╖╙и╜,305,165,140,2434,1183,1251,513,239,274,"102Y12M"
64000,░к╢пел,64000080,нd╢о░╧,64000080-020,йM╖╓и╜,298,150,148,1766,893,873,399,178,221,"102Y12M"
64000,░к╢пел,64000080,нd╢о░╧,64000080-021,┤╕о╘и╜,189,101,88,1777,1021,756,294,160,134,"102Y12M"
64000,░к╢пел,64000080,нd╢о░╧,64000080-022,┤╢д╤и╜,452,225,227,2772,1265,1507,543,253,290,"102Y12M"
64000,░к╢пел,64000080,нd╢о░╧,64000080-023,кL┤Iи╜,505,257,248,1648,723,925,279,143,136,"102Y12M"
64000,░к╢пел,64000080,нd╢о░╧,64000080-024,кL│Єи╜,690,350,340,2076,898,1178,358,176,182,"102Y12M"
64000,░к╢пел,64000080,нd╢о░╧,64000080-025,кLжwи╜,395,192,203,1274,556,718,288,130,158,"102Y12M"
64000,░к╢пел,64000080,нd╢о░╧,64000080-026,е·╡╪и╜,93,48,45,593,313,280,171,73,98,"102Y12M"
64000,░к╢пел,64000080,нd╢о░╧,64000080-027,кL┐│и╜,176,97,79,1170,565,605,259,119,140,"102Y12M"
64000,░к╢пел,64000080,нd╢о░╧,64000080-028,кL╡╪и╜,351,163,188,2453,1204,1249,476,230,246,"102Y12M"
64000,░к╢пел,64000080,нd╢о░╧,64000080-029,кLжши╜,166,80,86,1334,644,690,339,156,183,"102Y12M"
64000,░к╢пел,64000080,нd╢о░╧,64000080-030,кLдди╜,234,123,111,2566,1280,1286,557,259,298,"102Y12M"
64000,░к╢пел,64000080,нd╢о░╧,64000080-031,кLмuи╜,547,289,258,1707,750,957,273,135,138,"102Y12M"
64000,░к╢пел,64000080,нd╢о░╧,64000080-032,кLлnи╜,765,390,375,2528,1113,1415,503,245,258,"102Y12M"
64000,░к╢пел,64000080,нd╢о░╧,64000080-033,дде┐и╜,815,422,393,2492,1065,1427,410,203,207,"102Y12M"
64000,░к╢пел,64000080,нd╢о░╧,64000080-034,й|╕qи╜,345,184,161,1334,616,718,272,120,152,"102Y12M"
64000,░к╢пел,64000080,нd╢о░╧,64000080-035,жP╝yи╜,1089,564,525,2180,918,1262,289,126,163,"102Y12M"
64000,░к╢пел,64000080,нd╢о░╧,64000080-036,│═▒█и╜,455,230,225,1820,872,948,372,175,197,"102Y12M"
64000,░к╢пел,64000080,нd╢о░╧,64000080-037,жw▓╗и╜,381,219,162,2007,923,1084,446,211,235,"102Y12M"
64000,░к╢пел,64000080,нd╢о░╧,64000080-038,л╡▒╢и╜,298,153,145,1355,640,715,326,132,194,"102Y12M"
64000,░к╢пел,64000080,нd╢о░╧,64000080-039,║╓╣╪и╜,143,78,65,1310,687,623,290,124,166,"102Y12M"
64000,░к╢пел,64000080,нd╢о░╧,64000080-040,║╓лnи╜,226,122,104,1615,849,766,397,176,221,"102Y12M"
64000,░к╢пел,64000080,нd╢о░╧,64000080-041,дн┼vи╜,183,87,96,1839,858,981,337,174,163,"102Y12M"
64000,░к╢пел,64000080,нd╢о░╧,64000080-042,е┴еDи╜,358,197,161,3419,1712,1707,643,294,349,"102Y12M"
64000,░к╢пел,64000080,нd╢о░╧,64000080-043,кL╝wи╜,179,90,89,1607,761,846,325,133,192,"102Y12M"
64000,░к╢пел,64000080,нd╢о░╧,64000080-044,кL╢Qи╜,285,152,133,1629,737,892,241,125,116,"102Y12M"
64000,░к╢пел,64000080,нd╢о░╧,64000080-045,кL║aи╜,513,258,255,3657,1768,1889,598,275,323,"102Y12M"
64000,░к╢пел,64000080,нd╢о░╧,64000080-046,н^й·и╜,280,152,128,1750,838,912,316,144,172,"102Y12M"
64000,░к╢пел,64000080,нd╢о░╧,64000080-047,кL╣tи╜,129,72,57,1325,650,675,316,158,158,"102Y12M"
64000,░к╢пел,64000080,нd╢о░╧,64000080-048,┤┬╢зи╜,179,95,84,1255,620,635,282,133,149,"102Y12M"
64000,░к╢пел,64000080,нd╢о░╧,64000080-049,║╓╢йи╜,335,176,159,2232,1093,1139,497,221,276,"102Y12M"
64000,░к╢пел,64000080,нd╢о░╧,64000080-050,║╓▓╗и╜,143,77,66,1090,574,516,222,100,122,"102Y12M"
64000,░к╢пел,64000080,нd╢о░╧,64000080-051,║╓о№и╜,118,61,57,900,470,430,219,94,125,"102Y12M"
64000,░к╢пел,64000080,нd╢о░╧,64000080-052,║╓▒dи╜,252,139,113,1635,821,814,372,173,199,"102Y12M"
64000,░к╢пел,64000080,нd╢о░╧,64000080-053,║╓дHи╜,223,111,112,1805,916,889,361,162,199,"102Y12M"
64000,░к╢пел,64000080,нd╢о░╧,64000080-054,║╓жaи╜,334,165,169,2489,1259,1230,467,211,256,"102Y12M"
64000,░к╢пел,64000080,нd╢о░╧,64000080-055,║╓й~и╜,321,186,135,2372,1202,1170,504,233,271,"102Y12M"
64000,░к╢пел,64000080,нd╢о░╧,64000080-056,║╓кFи╜,325,167,158,2443,1198,1245,346,152,194,"102Y12M"
64000,░к╢пел,64000080,нd╢о░╧,64000080-057,║╓жши╜,217,103,114,1571,793,778,326,146,180,"102Y12M"
64000,░к╢пел,64000080,нd╢о░╧,64000080-058,е├▒dи╜,230,128,102,2037,1020,1017,404,192,212,"102Y12M"
64000,░к╢пел,64000080,нd╢о░╧,64000080-059,е┐дхи╜,211,113,98,1815,862,953,247,109,138,"102Y12M"
64000,░к╢пел,64000080,нd╢о░╧,64000080-060,е┐иеи╜,269,148,121,2604,1216,1388,357,172,185,"102Y12M"
64000,░к╢пел,64000080,нd╢о░╧,64000080-061,е┐дjи╜,699,345,354,4660,2183,2477,535,247,288,"102Y12M"
64000,░к╢пел,64000080,нd╢о░╧,64000080-062,дн║╓и╜,347,187,160,3289,1649,1640,683,332,351,"102Y12M"
64000,░к╢пел,64000080,нd╢о░╧,64000080-063,е┐д▀и╜,413,219,194,3247,1587,1660,522,251,271,"102Y12M"
64000,░к╢пел,64000080,нd╢о░╧,64000080-064,е┐╣Dи╜,429,203,226,3775,1827,1948,598,288,310,"102Y12M"
64000,░к╢пел,64000080,нd╢о░╧,64000080-065,е┐╕qи╜,429,227,202,2294,1188,1106,325,154,171,"102Y12M"
64000,░к╢пел,64000080,нd╢о░╧,64000080-066,е┐дпи╜,335,166,169,2384,1142,1242,348,165,183,"102Y12M"
64000,░к╢пел,64000080,нd╢о░╧,64000080-067,дхйўи╜,506,266,240,3538,1709,1829,530,256,274,"102Y12M"
64000,░к╢пел,64000080,нd╢о░╧,64000080-068,л╪нxи╜,255,149,106,1797,905,892,286,142,144,"102Y12M"
64000,░к╢пел,64000080,нd╢о░╧,64000080-069,╜├кZи╜,215,109,106,1793,917,876,409,201,208,"102Y12M"
64000,░к╢пел,64000090,лe┬э░╧,64000090-001,пє╕┼и╜,1513,763,750,8698,4320,4378,928,440,488,"102Y12M"
64000,░к╢пел,64000090,лe┬э░╧,64000090-002,й·з╡и╜,347,183,164,2214,1135,1079,392,175,217,"102Y12M"
64000,░к╢пел,64000090,лe┬э░╧,64000090-003,й·е┐и╜,788,389,399,4508,2339,2169,667,327,340,"102Y12M"
64000,░к╢пел,64000090,лe┬э░╧,64000090-004,й·╕qи╜,362,205,157,2040,1029,1011,359,171,188,"102Y12M"
64000,░к╢пел,64000090,лe┬э░╧,64000090-005,дп╖Rи╜,125,62,63,1120,602,518,233,106,127,"102Y12M"
64000,░к╢пел,64000090,лe┬э░╧,64000090-006,╝wйўи╜,229,112,117,1694,857,837,379,184,195,"102Y12M"
64000,░к╢пел,64000090,лe┬э░╧,64000090-007,ен╡еи╜,285,142,143,2320,1356,964,368,187,181,"102Y12M"
64000,░к╢пел,64000090,лe┬э░╧,64000090-008,енйўи╜,101,57,44,576,317,259,140,62,78,"102Y12M"
64000,░к╢пел,64000090,лe┬э░╧,64000090-009,й·┬зи╜,205,109,96,1316,712,604,294,131,163,"102Y12M"
64000,░к╢пел,64000090,лe┬э░╧,64000090-010,лH╕qи╜,160,80,80,1230,646,584,256,126,130,"102Y12M"
64000,░к╢пел,64000090,лe┬э░╧,64000090-011,лH╝wи╜,330,175,155,2032,1071,961,426,198,228,"102Y12M"
64000,░к╢пел,64000090,лe┬э░╧,64000090-012,й·╣Dи╜,130,59,71,973,534,439,240,115,125,"102Y12M"
64000,░к╢пел,64000090,лe┬э░╧,64000090-013,┐│д╞и╜,81,39,42,637,344,293,157,73,84,"102Y12M"
64000,░к╢пел,64000090,лe┬э░╧,64000090-014,┐│дпи╜,83,50,33,656,354,302,164,71,93,"102Y12M"
64000,░к╢пел,64000090,лe┬э░╧,64000090-015,лe┬эи╜,164,87,77,1199,646,553,262,118,144,"102Y12M"
64000,░к╢пел,64000090,лe┬э░╧,64000090-016,┬экFи╜,173,90,83,1534,792,742,385,178,207,"102Y12M"
64000,░к╢пел,64000090,лe┬э░╧,64000090-017,┬э║aи╜,264,131,133,1957,1010,947,421,181,240,"102Y12M"
64000,░к╢пел,64000090,лe┬э░╧,64000090-018,┬эйўи╜,285,145,140,1777,928,849,340,153,187,"102Y12M"
64000,░к╢пел,64000090,лe┬э░╧,64000090-019,┬эо№и╜,585,292,293,3721,1865,1856,572,278,294,"102Y12M"
64000,░к╢пел,64000090,лe┬э░╧,64000090-020,┬э╢зи╜,62,30,32,840,448,392,216,85,131,"102Y12M"
64000,░к╢пел,64000090,лe┬э░╧,64000090-021,┐│и╣и╜,453,222,231,2522,1270,1252,247,116,131,"102Y12M"
64000,░к╢пел,64000090,лe┬э░╧,64000090-022,┬эдди╜,88,51,37,688,382,306,162,80,82,"102Y12M"
64000,░к╢пел,64000090,лe┬э░╧,64000090-023,┬эе_и╜,93,51,42,925,492,433,198,90,108,"102Y12M"
64000,░к╢пел,64000090,лe┬э░╧,64000090-024,й╛п┬и╜,571,289,282,4081,2050,2031,1009,447,562,"102Y12M"
64000,░к╢пел,64000090,лe┬э░╧,64000090-025,й╛╕█и╜,256,135,121,1801,940,861,393,186,207,"102Y12M"
64000,░к╢пел,64000090,лe┬э░╧,64000090-028,жшдsи╜,321,175,146,3044,1455,1589,597,273,324,"102Y12M"
64000,░к╢пел,64000090,лe┬э░╧,64000090-029,е┴┼vи╜,708,362,346,3729,1754,1975,487,234,253,"102Y12M"
64000,░к╢пел,64000090,лe┬э░╧,64000090-030,л╪╢йи╜,117,61,56,944,497,447,197,88,109,"102Y12M"
64000,░к╢пел,64000090,лe┬э░╧,64000090-031,о╢┐│и╜,231,124,107,1985,940,1045,292,145,147,"102Y12M"
64000,░к╢пел,64000090,лe┬э░╧,64000090-032,и}йMи╜,310,152,158,2564,1225,1339,370,176,194,"102Y12M"
64000,░к╢пел,64000090,лe┬э░╧,64000090-033,жше╥и╜,226,119,107,1708,850,858,356,170,186,"102Y12M"
64000,░к╢пел,64000090,лe┬э░╧,64000090-034,▓▒┐│и╜,247,128,119,2375,1082,1293,435,195,240,"102Y12M"
64000,░к╢пел,64000090,лe┬э░╧,64000090-035,▓▒┬╫и╜,242,131,111,2547,1163,1384,520,234,286,"102Y12M"
64000,░к╢пел,64000090,лe┬э░╧,64000090-036,┐│дди╜,303,174,129,2860,1382,1478,465,224,241,"102Y12M"
64000,░к╢пел,64000090,лe┬э░╧,64000090-037,┐│кFи╜,875,454,421,4808,2296,2512,636,301,335,"102Y12M"
64000,░к╢пел,64000090,лe┬э░╧,64000090-038,й╛з╡и╜,273,132,141,2278,1108,1170,475,211,264,"102Y12M"
64000,░к╢пел,64000090,лe┬э░╧,64000090-039,┤_░ъи╜,348,164,184,2390,1188,1202,549,246,303,"102Y12M"
64000,░к╢пел,64000090,лe┬э░╧,64000090-040,ж╦д║и╜,364,188,176,2396,1169,1227,415,188,227,"102Y12M"
64000,░к╢пел,64000090,лe┬э░╧,64000090-041,ж╦кFи╜,248,120,128,2037,961,1076,307,154,153,"102Y12M"
64000,░к╢пел,64000090,лe┬э░╧,64000090-042,ж╦лnи╜,1563,818,745,6038,2799,3239,641,286,355,"102Y12M"
64000,░к╢пел,64000090,лe┬э░╧,64000090-043,ж╦е_и╜,285,142,143,1892,909,983,299,155,144,"102Y12M"
64000,░к╢пел,64000090,лe┬э░╧,64000090-044,ж╦жши╜,618,311,307,3729,1823,1906,558,255,303,"102Y12M"
64000,░к╢пел,64000090,лe┬э░╧,64000090-045,ж╦дди╜,471,245,226,3056,1462,1594,451,202,249,"102Y12M"
64000,░к╢пел,64000090,лe┬э░╧,64000090-046,╖чж╦и╜,391,201,190,1484,724,760,227,96,131,"102Y12M"
64000,░к╢пел,64000090,лe┬э░╧,64000090-047,╖члnи╜,1136,591,545,4277,2109,2168,632,320,312,"102Y12M"
64000,░к╢пел,64000090,лe┬э░╧,64000090-048,╖ч┬╫и╜,797,417,380,2555,1234,1321,391,182,209,"102Y12M"
64000,░к╢пел,64000090,лe┬э░╧,64000090-049,╖ч▓╗и╜,1333,677,656,4546,2125,2421,527,261,266,"102Y12M"
64000,░к╢пел,64000090,лe┬э░╧,64000090-050,╖чкFи╜,601,300,301,1992,959,1033,422,195,227,"102Y12M"
64000,░к╢пел,64000090,лe┬э░╧,64000090-051,╖чйMи╜,545,285,260,1774,899,875,335,152,183,"102Y12M"
64000,░к╢пел,64000090,лe┬э░╧,64000090-052,╖чени╜,983,518,465,3424,1638,1786,495,228,267,"102Y12M"
64000,░к╢пел,64000090,лe┬э░╧,64000090-053,╖ч╢йи╜,741,380,361,3198,1542,1656,477,231,246,"102Y12M"
64000,░к╢пел,64000090,лe┬э░╧,64000090-054,╖че_и╜,314,169,145,2745,1352,1393,412,203,209,"102Y12M"
64000,░к╢пел,64000090,лe┬э░╧,64000090-055,╖чжши╜,274,134,140,2256,1140,1116,513,256,257,"102Y12M"
64000,░к╢пел,64000090,лe┬э░╧,64000090-056,╖ч▒^и╜,271,139,132,2299,1150,1149,383,184,199,"102Y12M"
64000,░к╢пел,64000090,лe┬э░╧,64000090-057,╖ч┐│и╜,342,204,138,2353,1162,1191,378,174,204,"102Y12M"
64000,░к╢пел,64000090,лe┬э░╧,64000090-058,╖ч╕█и╜,296,145,151,2484,1214,1270,294,142,152,"102Y12M"
64000,░к╢пел,64000090,лe┬э░╧,64000090-059,╖чдхи╜,339,173,166,2246,1113,1133,269,144,125,"102Y12M"
64000,░к╢пел,64000090,лe┬э░╧,64000090-060,╖ч╡╪и╜,673,348,325,4102,2015,2087,541,247,294,"102Y12M"
64000,░к╢пел,64000090,лe┬э░╧,64000090-061,╖чйўи╜,465,257,208,2779,1342,1437,344,174,170,"102Y12M"
64000,░к╢пел,64000100,║Xмz░╧,64000100-001,║XдUи╜,134,64,70,984,522,462,229,111,118,"102Y12M"
64000,░к╢пел,64000100,║Xмz░╧,64000100-002,е├жwи╜,146,74,72,971,520,451,188,85,103,"102Y12M"
64000,░к╢пел,64000100,║Xмz░╧,64000100-003,о╢┐│и╜,208,112,96,1441,764,677,263,114,149,"102Y12M"
64000,░к╢пел,64000100,║Xмz░╧,64000100-004,╖O╖Rи╜,361,168,193,2053,1068,985,328,158,170,"102Y12M"
64000,░к╢пел,64000100,║Xмz░╧,64000100-005,┤_┐│и╜,434,228,206,2610,1336,1274,372,172,200,"102Y12M"
64000,░к╢пел,64000100,║Xмz░╧,64000100-006,дд╡╪и╜,230,116,114,1371,688,683,180,87,93,"102Y12M"
64000,░к╢пел,64000100,║Xмz░╧,64000100-007,╣ъ╜юи╜,151,63,88,1177,626,551,223,92,131,"102Y12M"
64000,░к╢пел,64000100,║Xмz░╧,64000100-008,е_ж┬и╜,421,241,180,2360,1257,1103,361,173,188,"102Y12M"
64000,░к╢пел,64000100,║Xмz░╧,64000100-009,лnж┬и╜,252,128,124,1831,984,847,272,134,138,"102Y12M"
64000,░к╢пел,64000100,║Xмz░╧,64000100-010,дWж╦и╜,439,235,204,2463,1301,1162,410,218,192,"102Y12M"
64000,░к╢пел,64000100,║Xмz░╧,64000100-011,ддмwи╜,179,90,89,1593,851,742,298,154,144,"102Y12M"
64000,░к╢пел,64000100,║Xмz░╧,64000100-012,жw╢╢и╜,110,59,51,797,435,362,143,64,79,"102Y12M"
64000,░к╢пел,64000100,║Xмz░╧,64000100-013,дд┐│и╜,373,220,153,2347,1146,1201,337,162,175,"102Y12M"
64000,░к╢пел,64000110,дp┤ф░╧,64000110-001,дp┤фи╜,421,216,205,1928,1001,927,359,180,179,"102Y12M"
64000,░к╢пел,64000110,дp┤ф░╧,64000110-002,┤фдfи╜,444,220,224,3067,1528,1539,360,198,162,"102Y12M"
64000,░к╢пел,64000110,дp┤ф░╧,64000110-003,┤фе┐и╜,491,283,208,2503,1212,1291,305,169,136,"102Y12M"
64000,░к╢пел,64000110,дp┤ф░╧,64000110-004,┤фсYи╜,267,139,128,1668,826,842,215,101,114,"102Y12M"
64000,░к╢пел,64000110,дp┤ф░╧,64000110-005,┤фй·и╜,576,292,284,3091,1535,1556,390,183,207,"102Y12M"
64000,░к╢пел,64000110,дp┤ф░╧,64000110-006,┤фжZи╜,475,236,239,2297,1198,1099,233,116,117,"102Y12M"
64000,░к╢пел,64000110,дp┤ф░╧,64000110-007,┤флnи╜,347,173,174,2167,1164,1003,228,117,111,"102Y12M"
64000,░к╢пел,64000110,дp┤ф░╧,64000110-008,┤ф┐│и╜,389,211,178,2054,1054,1000,366,170,196,"102Y12M"
64000,░к╢пел,64000110,дp┤ф░╧,64000110-009,╗ёоcи╜,372,196,176,2157,1062,1095,229,113,116,"102Y12M"
64000,░к╢пел,64000110,дp┤ф░╧,64000110-010,й▒┬эи╜,985,549,436,5537,2730,2807,534,253,281,"102Y12M"
64000,░к╢пел,64000110,дp┤ф░╧,64000110-011,дjнdи╜,359,185,174,2440,1182,1258,256,123,133,"102Y12M"
64000,░к╢пел,64000110,дp┤ф░╧,64000110-012,дGнdи╜,633,327,306,3581,1815,1766,452,214,238,"102Y12M"
64000,░к╢пел,64000110,дp┤ф░╧,64000110-013,дTнdи╜,389,194,195,2724,1330,1394,318,159,159,"102Y12M"
64000,░к╢пел,64000110,дp┤ф░╧,64000110-014,е┐нdи╜,777,422,355,3952,1908,2044,344,175,169,"102Y12M"
64000,░к╢пел,64000110,дp┤ф░╧,64000110-015,╢╢нdи╜,883,431,452,4291,2063,2228,294,133,161,"102Y12M"
64000,░к╢пел,64000110,дp┤ф░╧,64000110-016,д╗нdи╜,704,375,329,2529,1206,1323,194,80,114,"102Y12M"
64000,░к╢пел,64000110,дp┤ф░╧,64000110-017,з╗лGи╜,743,380,363,3196,1513,1683,283,139,144,"102Y12M"
64000,░к╢пел,64000110,дp┤ф░╧,64000110-018,дsкFи╜,430,206,224,2734,1349,1385,320,157,163,"102Y12M"
64000,░к╢пел,64000110,дp┤ф░╧,64000110-019,лCоqи╜,305,166,139,2101,1045,1056,315,135,180,"102Y12M"
64000,░к╢пел,64000110,дp┤ф░╧,64000110-020,└┘лnи╜,587,313,274,3620,1783,1837,409,192,217,"102Y12M"
64000,░к╢пел,64000110,дp┤ф░╧,64000110-021,оїдsи╜,572,311,261,2954,1450,1504,274,147,127,"102Y12M"
64000,░к╢пел,64000110,дp┤ф░╧,64000110-022,дsй·и╜,2330,1236,1094,9968,4808,5160,824,404,420,"102Y12M"
64000,░к╢пел,64000110,дp┤ф░╧,64000110-023,░ккQи╜,541,280,261,3478,1754,1724,395,216,179,"102Y12M"
64000,░к╢пел,64000110,дp┤ф░╧,64000110-024,кQкўи╜,434,241,193,2502,1233,1269,223,111,112,"102Y12M"
64000,░к╢пел,64000110,дp┤ф░╧,64000110-025,кQдsи╜,498,252,246,2853,1402,1451,268,128,140,"102Y12M"
64000,░к╢пел,64000110,дp┤ф░╧,64000110-026,дjйWи╜,446,240,206,2230,1120,1110,280,132,148,"102Y12M"
64000,░к╢пел,64000110,дp┤ф░╧,64000110-027,йW│╗и╜,878,481,397,4671,2417,2254,453,211,242,"102Y12M"
64000,░к╢пел,64000110,дp┤ф░╧,64000110-028,д╒жvи╜,635,342,293,3882,1921,1961,403,196,207,"102Y12M"
64000,░к╢пел,64000110,дp┤ф░╧,64000110-029,╖H▓°и╜,496,279,217,2482,1246,1236,233,120,113,"102Y12M"
64000,░к╢пел,64000110,дp┤ф░╧,64000110-030,жXз@и╜,445,237,208,2372,1205,1167,285,144,141,"102Y12M"
64000,░к╢пел,64000110,дp┤ф░╧,64000110-031,о█кLи╜,1509,789,720,7339,3594,3745,636,295,341,"102Y12M"
64000,░к╢пел,64000110,дp┤ф░╧,64000110-032,дднэи╜,556,291,265,3155,1635,1520,316,155,161,"102Y12M"
64000,░к╢пел,64000110,дp┤ф░╧,64000110-033,╗ё╗яи╜,364,195,169,2678,1363,1315,441,208,233,"102Y12M"
64000,░к╢пел,64000110,дp┤ф░╧,64000110-034,└s╗ёи╜,427,228,199,2583,1289,1294,414,201,213,"102Y12M"
64000,░к╢пел,64000110,дp┤ф░╧,64000110-035,╗ё┤╦и╜,274,136,138,1916,958,958,294,133,161,"102Y12M"
64000,░к╢пел,64000110,дp┤ф░╧,64000110-036,╗ёкLи╜,358,171,187,2644,1294,1350,396,174,222,"102Y12M"
64000,░к╢пел,64000110,дp┤ф░╧,64000110-037,╗ё┐│и╜,328,153,175,2172,1076,1096,289,129,160,"102Y12M"
64000,░к╢пел,64000110,дp┤ф░╧,64000110-038,╗ё╖╜и╜,531,269,262,3141,1605,1536,431,203,228,"102Y12M"
64000,░к╢пел,64000120,╗ёдs░╧,64000120-001,┐ддfи╜,55,30,25,376,176,200,81,36,45,"102Y12M"
64000,░к╢пел,64000120,╗ёдs░╧,64000120-002,жие\и╜,100,53,47,539,288,251,169,79,90,"102Y12M"
64000,░к╢пел,64000120,╗ёдs░╧,64000120-003,е·й·и╜,128,76,52,1145,578,567,247,115,132,"102Y12M"
64000,░к╢пел,64000120,╗ёдs░╧,64000120-004,┐│дди╜,164,92,72,819,388,431,83,34,49,"102Y12M"
64000,░к╢пел,64000120,╗ёдs░╧,64000120-005,лn┐│и╜,195,108,87,813,407,406,184,87,97,"102Y12M"
64000,░к╢пел,64000120,╗ёдs░╧,64000120-006,йM╝wи╜,657,299,358,1873,867,1006,206,92,114,"102Y12M"
64000,░к╢пел,64000120,╗ёдs░╧,64000120-007,╗ё▒^и╜,167,84,83,999,484,515,210,105,105,"102Y12M"
64000,░к╢пел,64000120,╗ёдs░╧,64000120-008,ддйMи╜,457,251,206,3112,1518,1594,479,226,253,"102Y12M"
64000,░к╢пел,64000120,╗ёдs░╧,64000120-009,┬эе_и╜,750,405,345,5546,2791,2755,524,253,271,"102Y12M"
64000,░к╢пел,64000120,╗ёдs░╧,64000120-010,┐д╕┼и╜,136,65,71,737,373,364,163,80,83,"102Y12M"
64000,░к╢пел,64000120,╗ёдs░╧,64000120-011,дхн^и╜,431,215,216,3018,1494,1524,403,168,235,"102Y12M"
64000,░к╢пел,64000120,╗ёдs░╧,64000120-012,┬эжши╜,755,391,364,4483,2221,2262,861,413,448,"102Y12M"
64000,░к╢пел,64000120,╗ёдs░╧,64000120-013,┬экFи╜,320,168,152,1963,1000,963,389,173,216,"102Y12M"
64000,░к╢пел,64000120,╗ёдs░╧,64000120-014,░ё│╗и╜,1050,550,500,5349,2633,2716,742,354,388,"102Y12M"
64000,░к╢пел,64000120,╗ёдs░╧,64000120-015,дде┐и╜,238,123,115,1218,574,644,176,79,97,"102Y12M"
64000,░к╢пел,64000120,╗ёдs░╧,64000120-016,┬элnи╜,674,339,335,4301,2197,2104,541,255,286,"102Y12M"
64000,░к╢пел,64000120,╗ёдs░╧,64000120-017,ж╤╖▌и╜,914,472,442,6315,3150,3165,705,359,346,"102Y12M"
64000,░к╢пел,64000120,╗ёдs░╧,64000120-018,╖чж╦и╜,986,512,474,4412,2213,2199,792,368,424,"102Y12M"
64000,░к╢пел,64000120,╗ёдs░╧,64000120-019,й╛╕qи╜,679,346,333,4148,1997,2151,560,260,300,"102Y12M"
64000,░к╢пел,64000120,╗ёдs░╧,64000120-020,╕█╕qи╜,495,263,232,3353,1680,1673,229,111,118,"102Y12M"
64000,░к╢пел,64000120,╗ёдs░╧,64000120-021,╖s┐│и╜,238,127,111,2143,1254,889,362,198,164,"102Y12M"
64000,░к╢пел,64000120,╗ёдs░╧,64000120-022,о№е·и╜,523,274,249,3335,1650,1685,630,293,337,"102Y12M"
64000,░к╢пел,64000120,╗ёдs░╧,64000120-023,о№н╖и╜,173,90,83,1103,550,553,555,277,278,"102Y12M"
64000,░к╢пел,64000120,╗ёдs░╧,64000120-024,й╛╕█и╜,344,182,162,2900,1447,1453,341,170,171,"102Y12M"
64000,░к╢пел,64000120,╗ёдs░╧,64000120-025,╖sе╥и╜,570,316,254,2719,1303,1416,289,151,138,"102Y12M"
64000,░к╢пел,64000120,╗ёдs░╧,64000120-026,кZ║~и╜,738,396,342,4340,2143,2197,462,216,246,"102Y12M"
64000,░к╢пел,64000120,╗ёдs░╧,64000120-027,е┐╕qи╜,903,464,439,5613,2812,2801,762,352,410,"102Y12M"
64000,░к╢пел,64000120,╗ёдs░╧,64000120-028,д@е╥и╜,491,257,234,2976,1484,1492,451,196,255,"102Y12M"
64000,░к╢пел,64000120,╗ёдs░╧,64000120-029,║╓┐│и╜,1136,561,575,5241,2588,2653,742,358,384,"102Y12M"
64000,░к╢пел,64000120,╗ёдs░╧,64000120-030,кFк∙и╜,922,464,458,4798,2336,2462,888,387,501,"102Y12M"
64000,░к╢пел,64000120,╗ёдs░╧,64000120-031,╖ч┐│и╜,1008,539,469,4357,2068,2289,554,240,314,"102Y12M"
64000,░к╢пел,64000120,╗ёдs░╧,64000120-032,д╤┐│и╜,531,251,280,3205,1623,1582,465,209,256,"102Y12M"
64000,░к╢пел,64000120,╗ёдs░╧,64000120-033,╖s▒jи╜,1192,616,576,4703,2257,2446,508,244,264,"102Y12M"
64000,░к╢пел,64000120,╗ёдs░╧,64000120-034,░ъоїи╜,429,237,192,3571,1758,1813,451,235,216,"102Y12M"
64000,░к╢пел,64000120,╗ёдs░╧,64000120-035,╗ёкFи╜,1181,610,571,5185,2499,2686,624,304,320,"102Y12M"
64000,░к╢пел,64000120,╗ёдs░╧,64000120-036,╖s┤Iи╜,765,389,376,3933,1946,1987,386,192,194,"102Y12M"
64000,░к╢пел,64000120,╗ёдs░╧,64000120-037,░ъе·и╜,333,169,164,3162,1518,1644,358,190,168,"102Y12M"
64000,░к╢пел,64000120,╗ёдs░╧,64000120-038,░ъ╢йи╜,281,135,146,2446,1226,1220,229,114,115,"102Y12M"
64000,░к╢пел,64000120,╗ёдs░╧,64000120-039,дх╝wи╜,1153,574,579,7822,3736,4086,635,283,352,"102Y12M"
64000,░к╢пел,64000120,╗ёдs░╧,64000120-040,╣L░ёи╜,2053,1062,991,10031,5110,4921,613,308,305,"102Y12M"
64000,░к╢пел,64000120,╗ёдs░╧,64000120-041,▒фд╜и╜,262,128,134,1911,944,967,329,145,184,"102Y12M"
64000,░к╢пел,64000120,╗ёдs░╧,64000120-042,┐│дпи╜,842,439,403,3323,1584,1739,573,252,321,"102Y12M"
64000,░к╢пел,64000120,╗ёдs░╧,64000120-043,дн║╓и╜,590,326,264,2754,1354,1400,423,195,228,"102Y12M"
64000,░к╢пел,64000120,╗ёдs░╧,64000120-044,й╛з╡и╜,935,480,455,5277,2557,2720,709,349,360,"102Y12M"
64000,░к╢пел,64000120,╗ёдs░╧,64000120-045,е═й·и╜,228,125,103,1794,894,900,274,130,144,"102Y12M"
64000,░к╢пел,64000120,╗ёдs░╧,64000120-046,йM┐│и╜,1638,864,774,4655,2175,2480,619,278,341,"102Y12M"
64000,░к╢пел,64000120,╗ёдs░╧,64000120-047,иєйMи╜,715,362,353,3410,1677,1733,470,210,260,"102Y12M"
64000,░к╢пел,64000120,╗ёдs░╧,64000120-048,дхдsи╜,772,416,356,5522,2783,2739,627,308,319,"102Y12M"
64000,░к╢пел,64000120,╗ёдs░╧,64000120-049,║╓╕█и╜,682,325,357,3212,1544,1668,387,173,214,"102Y12M"
64000,░к╢пел,64000120,╗ёдs░╧,64000120-050,╕█╝wи╜,421,217,204,1884,901,983,420,200,220,"102Y12M"
64000,░к╢пел,64000120,╗ёдs░╧,64000120-051,дTе┴и╜,134,72,62,929,469,460,172,82,90,"102Y12M"
64000,░к╢пел,64000120,╗ёдs░╧,64000120-052,╕█е┐и╜,22,8,14,291,158,133,160,68,92,"102Y12M"
64000,░к╢пел,64000120,╗ёдs░╧,64000120-053,е_к∙и╜,678,345,333,3721,1868,1853,579,254,325,"102Y12M"
64000,░к╢пел,64000120,╗ёдs░╧,64000120-054,┤Iе╥и╜,295,155,140,2188,1212,976,359,164,195,"102Y12M"
64000,░к╢пел,64000120,╗ёдs░╧,64000120-055,лnжии╜,1737,905,832,6642,3296,3346,581,306,275,"102Y12M"
64000,░к╢пел,64000120,╗ёдs░╧,64000120-056,дх╡╪и╜,1915,960,955,7333,3542,3791,1168,497,671,"102Y12M"
64000,░к╢пел,64000120,╗ёдs░╧,64000120-057,дj╝wи╜,782,395,387,3981,1979,2002,478,232,246,"102Y12M"
64000,░к╢пел,64000120,╗ёдs░╧,64000120-058,кZкQи╜,293,147,146,2489,1276,1213,316,151,165,"102Y12M"
64000,░к╢пел,64000120,╗ёдs░╧,64000120-059,дх┐┼и╜,640,337,303,3684,1708,1976,333,153,180,"102Y12M"
64000,░к╢пел,64000120,╗ёдs░╧,64000120-060,дх║╓и╜,1992,1077,915,8633,4049,4584,569,262,307,"102Y12M"
64000,░к╢пел,64000120,╗ёдs░╧,64000120-061,╕█лHи╜,334,168,166,1913,912,1001,206,95,111,"102Y12M"
64000,░к╢пел,64000120,╗ёдs░╧,64000120-062,╕█┤╝и╜,425,188,237,2478,1207,1271,285,134,151,"102Y12M"
64000,░к╢пел,64000120,╗ёдs░╧,64000120-063,░ъ┤Iи╜,316,153,163,2452,1187,1265,204,85,119,"102Y12M"
64000,░к╢пел,64000120,╗ёдs░╧,64000120-064,кZ╝yи╜,378,208,170,2175,1066,1109,264,132,132,"102Y12M"
64000,░к╢пел,64000120,╗ёдs░╧,64000120-065,о№мvи╜,701,374,327,3617,1689,1928,273,132,141,"102Y12M"
64000,░к╢пел,64000120,╗ёдs░╧,64000120-066,╖sкZи╜,371,183,188,2091,1047,1044,246,124,122,"102Y12M"
64000,░к╢пел,64000120,╗ёдs░╧,64000120-067,╖s╝╓и╜,874,440,434,4223,2028,2195,292,146,146,"102Y12M"
64000,░к╢пел,64000120,╗ёдs░╧,64000120-068,╖sоїи╜,882,471,411,3862,1841,2021,259,115,144,"102Y12M"
64000,░к╢пел,64000120,╗ёдs░╧,64000120-069,дд▒[и╜,213,114,99,2327,1174,1153,215,110,105,"102Y12M"
64000,░к╢пел,64000120,╗ёдs░╧,64000120-070,дд║aи╜,515,273,242,4226,2124,2102,346,170,176,"102Y12M"
64000,░к╢пел,64000120,╗ёдs░╧,64000120-071,дде┴и╜,468,250,218,4312,2106,2206,290,126,164,"102Y12M"
64000,░к╢пел,64000120,╗ёдs░╧,64000120-072,дGе╥и╜,895,478,417,4128,2055,2073,403,193,210,"102Y12M"
64000,░к╢пел,64000120,╗ёдs░╧,64000120-073,└sжии╜,363,192,171,2664,1321,1343,306,151,155,"102Y12M"
64000,░к╢пел,64000120,╗ёдs░╧,64000120-074,┤I║aи╜,428,224,204,2306,1143,1163,208,114,94,"102Y12M"
64000,░к╢пел,64000120,╗ёдs░╧,64000120-075,╡╜м№и╜,691,365,326,5106,2530,2576,487,236,251,"102Y12M"
64000,░к╢пел,64000120,╗ёдs░╧,64000120-076,лnйMи╜,535,257,278,2412,1197,1215,369,162,207,"102Y12M"
64000,░к╢пел,64000120,╗ёдs░╧,64000120-077,║╓▓╗и╜,567,290,277,2492,1243,1249,327,142,185,"102Y12M"
64000,░к╢пел,64000120,╗ёдs░╧,64000120-078,лOжwи╜,1691,859,832,4687,2282,2405,258,125,133,"102Y12M"
64000,░к╢пел,64000130,кL╢щ░╧,64000130-001,кFкLи╜,637,320,317,2541,1263,1278,390,183,207,"102Y12M"
64000,░к╢пел,64000130,кL╢щ░╧,64000130-002,кL╢щи╜,619,314,305,2960,1454,1506,430,192,238,"102Y12M"
64000,░к╢пел,64000130,кL╢щ░╧,64000130-003,╖╦ж{и╜,761,391,370,3628,1894,1734,440,207,233,"102Y12M"
64000,░к╢пел,64000130,кL╢щ░╧,64000130-004,╝ц└Yи╜,390,197,193,2488,1309,1179,347,167,180,"102Y12M"
64000,░к╢пел,64000130,кL╢щ░╧,64000130-005,дднэи╜,576,294,282,2651,1401,1250,426,214,212,"102Y12M"
64000,░к╢пел,64000130,кL╢щ░╧,64000130-006,ддк∙и╜,323,175,148,2159,1099,1060,325,159,166,"102Y12M"
64000,░к╢пел,64000130,кL╢щ░╧,64000130-007,│╗нэи╜,706,363,343,3980,2060,1920,427,200,227,"102Y12M"
64000,░к╢пел,64000130,кL╢щ░╧,64000130-008,┤фоHи╜,235,122,113,1587,828,759,243,122,121,"102Y12M"
64000,░к╢пел,64000130,кL╢щ░╧,64000130-009,жш╖╦и╜,464,231,233,3113,1606,1507,383,204,179,"102Y12M"
64000,░к╢пел,64000130,кL╢щ░╧,64000130-010,┤ф╝Lи╜,220,107,113,1481,742,739,197,105,92,"102Y12M"
64000,░к╢пел,64000130,кL╢щ░╧,64000130-011,е_ж┬и╜,204,111,93,1437,726,711,258,128,130,"102Y12M"
64000,░к╢пел,64000130,кL╢щ░╧,64000130-012,кLд║и╜,397,231,166,1649,817,832,291,154,137,"102Y12M"
64000,░к╢пел,64000130,кL╢щ░╧,64000130-013,д¤д╜и╜,791,415,376,3614,1802,1812,320,150,170,"102Y12M"
64000,░к╢пел,64000130,кL╢щ░╧,64000130-014,кLоaи╜,136,77,59,1133,633,500,196,89,107,"102Y12M"
64000,░к╢пел,64000130,кL╢щ░╧,64000130-015,┼╟нэи╜,273,128,145,1619,848,771,232,111,121,"102Y12M"
64000,░к╢пел,64000130,кL╢щ░╧,64000130-016,╗ёкхи╜,278,131,147,1666,843,823,264,134,130,"102Y12M"
64000,░к╢пел,64000130,кL╢щ░╧,64000130-017,ддкхи╜,304,155,149,1645,865,780,285,138,147,"102Y12M"
64000,░к╢пел,64000130,кL╢щ░╧,64000130-018,кFж┬и╜,84,49,35,820,442,378,144,68,76,"102Y12M"
64000,░к╢пел,64000130,кL╢щ░╧,64000130-019,жшж┬и╜,99,48,51,687,372,315,108,54,54,"102Y12M"
64000,░к╢пел,64000130,кL╢щ░╧,64000130-020,дп╖Rи╜,613,323,290,2689,1324,1365,330,165,165,"102Y12M"
64000,░к╢пел,64000130,кL╢щ░╧,64000130-021,дх╜хи╜,356,184,172,2118,1056,1062,299,131,168,"102Y12M"
64000,░к╢пел,64000130,кL╢щ░╧,64000130-022,╝s└│и╜,684,361,323,3159,1584,1575,343,169,174,"102Y12M"
64000,░к╢пел,64000130,кL╢щ░╧,64000130-023,дн║╓и╜,438,227,211,2370,1236,1134,211,106,105,"102Y12M"
64000,░к╢пел,64000130,кL╢щ░╧,64000130-024,ддж┬и╜,322,165,157,2145,1100,1045,298,152,146,"102Y12M"
64000,░к╢пел,64000140,дj╝d░╧,64000140-001,л■╝ци╜,146,83,63,1250,662,588,209,103,106,"102Y12M"
64000,░к╢пел,64000140,дj╝d░╧,64000140-002,д║з|и╜,877,455,422,5067,2651,2416,509,268,241,"102Y12M"
64000,░к╢пел,64000140,дj╝d░╧,64000140-003,дj╝dи╜,1051,546,505,6097,3180,2917,681,325,356,"102Y12M"
64000,░к╢пел,64000140,дj╝d░╧,64000140-004,дW╝dи╜,333,165,168,2116,1142,974,277,133,144,"102Y12M"
64000,░к╢пел,64000140,дj╝d░╧,64000140-005,дT╢йи╜,572,292,280,4094,2165,1929,590,276,314,"102Y12M"
64000,░к╢пел,64000140,дj╝d░╧,64000140-006,п[▓yи╜,591,301,290,3928,2059,1869,450,208,242,"102Y12M"
64000,░к╢пел,64000140,дj╝d░╧,64000140-007,п╬╢щи╜,570,285,285,3438,1819,1619,368,165,203,"102Y12M"
64000,░к╢пел,64000140,дj╝d░╧,64000140-008,лe╔▄и╜,226,113,113,2056,1073,983,288,147,141,"102Y12M"
64000,░к╢пел,64000140,дj╝d░╧,64000140-009,дд╔▄и╜,1499,780,719,9516,4853,4663,1033,493,540,"102Y12M"
64000,░к╢пел,64000140,дj╝d░╧,64000140-010,лс╔▄и╜,1129,575,554,6695,3335,3360,741,353,388,"102Y12M"
64000,░к╢пел,64000140,дj╝d░╧,64000140-011,╕qдпи╜,187,101,86,1596,894,702,293,144,149,"102Y12M"
64000,░к╢пел,64000140,дj╝d░╧,64000140-012,╖sнэи╜,203,111,92,1396,753,643,242,117,125,"102Y12M"
64000,░к╢пел,64000140,дj╝d░╧,64000140-013,╣L╖╦и╜,339,175,164,2273,1198,1075,254,126,128,"102Y12M"
64000,░к╢пел,64000140,дj╝d░╧,64000140-014,╝щ╝dи╜,382,187,195,2738,1487,1251,423,187,236,"102Y12M"
64000,░к╢пел,64000140,дj╝d░╧,64000140-015,╖|╡▓и╜,194,109,85,1379,738,641,209,106,103,"102Y12M"
64000,░к╢пел,64000140,дj╝d░╧,64000140-016,╖|к└и╜,836,422,414,5387,2814,2573,705,364,341,"102Y12M"
64000,░к╢пел,64000140,дj╝d░╧,64000140-017,дs│╗и╜,990,535,455,6691,3368,3323,872,423,449,"102Y12M"
64000,░к╢пел,64000140,дj╝d░╧,64000140-018,й╛╕qи╜,48,23,25,522,274,248,120,64,56,"102Y12M"
64000,░к╢пел,64000140,дj╝d░╧,64000140-019,е├к┌и╜,961,501,460,6172,3126,3046,724,346,378,"102Y12M"
64000,░к╢пел,64000140,дj╝d░╧,64000140-020,╕qйMи╜,208,111,97,1737,937,800,337,172,165,"102Y12M"
64000,░к╢пел,64000140,дj╝d░╧,64000140-021,╖╦╝dи╜,190,93,97,1361,749,612,201,92,109,"102Y12M"
64000,░к╢пел,64000140,дj╝d░╧,64000140-022,ж┐дsи╜,249,128,121,1668,853,815,206,106,100,"102Y12M"
64000,░к╢пел,64000140,дj╝d░╧,64000140-023,мLй·и╜,382,197,185,3135,1690,1445,479,239,240,"102Y12M"
64000,░к╢пел,64000140,дj╝d░╧,64000140-024,е·кZи╜,21,15,6,212,112,100,58,34,24,"102Y12M"
64000,░к╢пел,64000140,дj╝d░╧,64000140-025,дд┐│и╜,532,278,254,5875,2974,2901,1065,491,574,"102Y12M"
64000,░к╢пел,64000150,дj╛Ё░╧,64000150-001,ж╦╝dи╜,334,181,153,2417,1268,1149,305,155,150,"102Y12M"
64000,░к╢пел,64000150,дj╛Ё░╧,64000150-002,дEж▒и╜,817,416,401,4343,2178,2165,568,284,284,"102Y12M"
64000,░к╢пел,64000150,дj╛Ё░╧,64000150-003,д[░єи╜,572,302,270,3485,1732,1753,698,350,348,"102Y12M"
64000,░к╢пел,64000150,дj╛Ё░╧,64000150-004,дЇжwи╜,312,157,155,2093,1119,974,370,177,193,"102Y12M"
64000,░к╢пел,64000150,дj╛Ё░╧,64000150-005,дЇ╝dи╜,337,171,166,1981,1067,914,410,202,208,"102Y12M"
64000,░к╢пел,64000150,дj╛Ё░╧,64000150-006,эB╕}и╜,550,281,269,3182,1681,1501,566,255,311,"102Y12M"
64000,░к╢пел,64000150,дj╛Ё░╧,64000150-007,┐│дsи╜,195,96,99,1002,551,451,177,80,97,"102Y12M"
64000,░к╢пел,64000150,дj╛Ё░╧,64000150-008,йMдsи╜,131,75,56,863,469,394,192,95,97,"102Y12M"
64000,░к╢пел,64000150,дj╛Ё░╧,64000150-009,йhдsи╜,142,77,65,808,439,369,220,104,116,"102Y12M"
64000,░к╢пел,64000150,дj╛Ё░╧,64000150-010,дjз|и╜,234,116,118,1284,704,580,246,113,133,"102Y12M"
64000,░к╢пел,64000150,дj╛Ё░╧,64000150-011,дл╕}и╜,235,129,106,1378,756,622,305,145,160,"102Y12M"
64000,░к╢пел,64000150,дj╛Ё░╧,64000150-012,дpйWи╜,179,105,74,1149,618,531,215,100,115,"102Y12M"
64000,░к╢пел,64000150,дj╛Ё░╧,64000150-013,└sе╪и╜,238,119,119,1459,801,658,300,144,156,"102Y12M"
64000,░к╢пел,64000150,дj╛Ё░╧,64000150-014,дj╛Ёи╜,411,238,173,2156,1138,1018,378,181,197,"102Y12M"
64000,░к╢пел,64000150,дj╛Ё░╧,64000150-015,дTйMи╜,117,61,56,831,441,390,211,96,115,"102Y12M"
64000,░к╢пел,64000150,дj╛Ё░╧,64000150-016,╖╦оHи╜,213,120,93,1394,752,642,299,149,150,"102Y12M"
64000,░к╢пел,64000150,дj╛Ё░╧,64000150-017,┐│е╨и╜,238,117,121,1817,750,1067,271,115,156,"102Y12M"
64000,░к╢пел,64000150,дj╛Ё░╧,64000150-018,▓╬└ни╜,57,27,30,602,296,306,131,56,75,"102Y12M"
64000,░к╢пел,64000160,дjк└░╧,64000160-001,╣┼╕█и╜,106,60,46,857,468,389,186,83,103,"102Y12M"
64000,░к╢пел,64000160,дjк└░╧,64000160-002,лOк└и╜,364,191,173,2545,1335,1210,293,131,162,"102Y12M"
64000,░к╢пел,64000160,дjк└░╧,64000160-003,дjк└и╜,624,357,267,4420,2243,2177,563,270,293,"102Y12M"
64000,░к╢пел,64000160,дjк└░╧,64000160-004,╗Aл╠и╜,235,125,110,1516,772,744,230,112,118,"102Y12M"
64000,░к╢пел,64000160,дjк└░╧,64000160-005,дTеди╜,334,179,155,2350,1240,1110,416,193,223,"102Y12M"
64000,░к╢пел,64000160,дjк└░╧,64000160-006,╞[н╡и╜,765,421,344,4944,2476,2468,559,283,276,"102Y12M"
64000,░к╢пел,64000160,дjк└░╧,64000160-007,пл╣Aи╜,605,320,285,4246,2120,2126,483,237,246,"102Y12M"
64000,░к╢пел,64000160,дjк└░╧,64000160-008,дди╜и╜,495,259,236,2908,1513,1395,426,199,227,"102Y12M"
64000,░к╢пел,64000160,дjк└░╧,64000160-009,лOжwи╜,434,219,215,2841,1472,1369,352,167,185,"102Y12M"
64000,░к╢пел,64000170,дпкZ░╧,64000170-001,дj╞Wи╜,501,254,247,3319,1721,1598,261,125,136,"102Y12M"
64000,░к╢пел,64000170,дпкZ░╧,64000170-002,╞Wд║и╜,1194,588,606,6053,3066,2987,418,211,207,"102Y12M"
64000,░к╢пел,64000170,дпкZ░╧,64000170-003,ж╥╝ци╜,269,139,130,2401,1265,1136,380,190,190,"102Y12M"
64000,░к╢пел,64000170,дпкZ░╧,64000170-004,пQкLи╜,613,311,302,3437,1746,1691,468,228,240,"102Y12M"
64000,░к╢пел,64000170,дпкZ░╧,64000170-005,дп║╓и╜,97,57,40,712,371,341,126,63,63,"102Y12M"
64000,░к╢пел,64000170,дпкZ░╧,64000170-006,дпкZи╜,869,452,417,4774,2482,2292,605,295,310,"102Y12M"
64000,░к╢пел,64000170,дпкZ░╧,64000170-007,дхкZи╜,1686,858,828,7841,3997,3844,731,353,378,"102Y12M"
64000,░к╢пел,64000170,дпкZ░╧,64000170-008,ж╦лси╜,243,120,123,1993,1040,953,299,150,149,"102Y12M"
64000,░к╢пел,64000170,дпкZ░╧,64000170-009,дKиЎи╜,2258,1172,1086,12854,6551,6303,951,468,483,"102Y12M"
64000,░к╢пел,64000170,дпкZ░╧,64000170-010,░к╖ги╜,167,92,75,1448,772,676,274,140,134,"102Y12M"
64000,░к╢пел,64000170,дпкZ░╧,64000170-011,лсжwи╜,396,208,188,2300,1186,1114,291,154,137,"102Y12M"
64000,░к╢пел,64000170,дпкZ░╧,64000170-012,дд╡╪и╜,172,90,82,1487,802,685,202,90,112,"102Y12M"
64000,░к╢пел,64000170,дпкZ░╧,64000170-013,днйMи╜,658,365,293,3684,1903,1781,313,156,157,"102Y12M"
64000,░к╢пел,64000170,дпкZ░╧,64000170-014,дпйMи╜,686,368,318,3338,1672,1666,259,131,128,"102Y12M"
64000,░к╢пел,64000170,дпкZ░╧,64000170-015,икдsи╜,927,483,444,4785,2442,2343,311,158,153,"102Y12M"
64000,░к╢пел,64000170,дпкZ░╧,64000170-016,дп╖Oи╜,315,162,153,1834,918,916,192,103,89,"102Y12M"
64000,░к╢пел,64000180,│╛кQ░╧,64000180-001,│╛кQи╜,1128,588,540,9011,4521,4490,1157,590,567,"102Y12M"
64000,░к╢пел,64000180,│╛кQ░╧,64000180-002,╣┌╕╠и╜,513,287,226,4089,1996,2093,510,258,252,"102Y12M"
64000,░к╢пел,64000180,│╛кQ░╧,64000180-003,дj╡╪и╜,1005,548,457,8679,4284,4395,1224,599,625,"102Y12M"
64000,░к╢пел,64000180,│╛кQ░╧,64000180-004,ПщоHи╜,435,242,193,3141,1652,1489,450,218,232,"102Y12M"
64000,░к╢пел,64000180,│╛кQ░╧,64000180-005,дпм№и╜,791,420,371,5570,2911,2659,875,448,427,"102Y12M"
64000,░к╢пел,64000180,│╛кQ░╧,64000180-006,дjж╦и╜,90,52,38,593,313,280,102,48,54,"102Y12M"
64000,░к╢пел,64000180,│╛кQ░╧,64000180-007,╡╪м№и╜,467,248,219,3502,1810,1692,449,218,231,"102Y12M"
64000,░к╢пел,64000190,йгдs░╧,64000190-001,енжwи╜,186,104,82,1058,523,535,261,116,145,"102Y12M"
64000,░к╢пел,64000190,йгдs░╧,64000190-002,йгдsи╜,767,414,353,3820,1918,1902,547,257,290,"102Y12M"
64000,░к╢пел,64000190,йгдs░╧,64000190-003,╣╪д╤и╜,782,411,371,2933,1391,1542,493,221,272,"102Y12M"
64000,░к╢пел,64000190,йгдs░╧,64000190-004,║√дпи╜,159,88,71,893,445,448,228,100,128,"102Y12M"
64000,░к╢пел,64000190,йгдs░╧,64000190-005,лсмїи╜,738,381,357,3699,1765,1934,371,177,194,"102Y12M"
64000,░к╢пел,64000190,йгдs░╧,64000190-006,дj┐ёи╜,184,106,78,1137,612,525,220,93,127,"102Y12M"
64000,░к╢пел,64000190,йгдs░╧,64000190-007,й╛з╡и╜,378,193,185,2242,1128,1114,734,311,423,"102Y12M"
64000,░к╢пел,64000190,йгдs░╧,64000190-008,йMени╜,25,10,15,293,159,134,19,10,9,"102Y12M"
64000,░к╢пел,64000190,йгдs░╧,64000190-009,лeоpи╜,510,270,240,2504,1217,1287,465,186,279,"102Y12M"
64000,░к╢пел,64000190,йгдs░╧,64000190-010,╝Bнэи╜,175,105,70,1234,641,593,248,119,129,"102Y12M"
64000,░к╢пел,64000190,йгдs░╧,64000190-011,иєйMи╜,543,272,271,3238,1588,1650,399,175,224,"102Y12M"
64000,░к╢пел,64000190,йгдs░╧,64000190-012,лсиєи╜,860,468,392,4946,2416,2530,643,302,341,"102Y12M"
64000,░к╢пел,64000190,йгдs░╧,64000190-013,лH╕qи╜,325,176,149,1594,788,806,291,132,159,"102Y12M"
64000,░к╢пел,64000190,йгдs░╧,64000190-014,╝цй│и╜,93,45,48,690,390,300,119,58,61,"102Y12M"
64000,░к╢пел,64000190,йгдs░╧,64000190-015,дTйMи╜,126,59,67,767,392,375,145,75,70,"102Y12M"
64000,░к╢пел,64000190,йгдs░╧,64000190-016,дп╣╪и╜,502,248,254,3016,1504,1512,571,275,296,"102Y12M"
64000,░к╢пел,64000190,йгдs░╧,64000190-017,║╤мїи╜,557,294,263,3402,1734,1668,409,198,211,"102Y12M"
64000,░к╢пел,64000190,йгдs░╧,64000190-018,╡{н╗и╜,645,354,291,3681,1834,1847,355,163,192,"102Y12M"
64000,░к╢пел,64000190,йгдs░╧,64000190-019,ж╦│Єи╜,1661,857,804,6171,2978,3193,411,200,211,"102Y12M"
64000,░к╢пел,64000190,йгдs░╧,64000190-020,еxдWи╜,1398,669,729,4979,2436,2543,413,189,224,"102Y12M"
64000,░к╢пел,64000190,йгдs░╧,64000190-021,╞W╕╠и╜,327,171,156,1649,835,814,190,85,105,"102Y12M"
64000,░к╢пел,64000190,йгдs░╧,64000190-022,е╒ж╠и╜,331,182,149,1670,836,834,165,86,79,"102Y12M"
64000,░к╢пел,64000190,йгдs░╧,64000190-023,е█╝ци╜,347,181,166,1706,864,842,231,115,116,"102Y12M"
64000,░к╢пел,64000190,йгдs░╧,64000190-024,║╓┐│и╜,132,68,64,937,489,448,169,91,78,"102Y12M"
64000,░к╢пел,64000190,йгдs░╧,64000190-025,е╗мwи╜,319,155,164,1568,823,745,243,119,124,"102Y12M"
64000,░к╢пел,64000190,йгдs░╧,64000190-026,╣┼┐│и╜,502,277,225,3077,1582,1495,526,242,284,"102Y12M"
64000,░к╢пел,64000190,йгдs░╧,64000190-027,╣┼оpи╜,234,122,112,1518,821,697,274,123,151,"102Y12M"
64000,░к╢пел,64000190,йгдs░╧,64000190-028,╡╪▒^и╜,219,110,109,1365,727,638,219,111,108,"102Y12M"
64000,░к╢пел,64000190,йгдs░╧,64000190-029,дj▓°и╜,138,61,77,847,474,373,164,73,91,"102Y12M"
64000,░к╢пел,64000190,йгдs░╧,64000190-030,иє║aи╜,296,139,157,1916,970,946,336,161,175,"102Y12M"
64000,░к╢пел,64000190,йгдs░╧,64000190-031,м░└Hи╜,140,74,66,591,322,269,98,43,55,"102Y12M"
64000,░к╢пел,64000190,йгдs░╧,64000190-032,╣╪оpи╜,470,241,229,2161,1044,1117,259,124,135,"102Y12M"
64000,░к╢пел,64000190,йгдs░╧,64000190-033,дп╕qи╜,202,112,90,1471,749,722,540,238,302,"102Y12M"
64000,░к╢пел,64000200,╛Ї└Y░╧,64000200-001,╛Ї└Yи╜,421,215,206,1816,896,920,329,160,169,"102Y12M"
64000,░к╢пел,64000200,╛Ї└Y░╧,64000200-002,╛Їлnи╜,127,68,59,956,485,471,223,116,107,"102Y12M"
64000,░к╢пел,64000200,╛Ї└Y░╧,64000200-003,еK╢йи╜,319,157,162,2040,1059,981,442,214,228,"102Y12M"
64000,░к╢пел,64000200,╛Ї└Y░╧,64000200-004,еK┬╫и╜,295,156,139,2096,1066,1030,316,156,160,"102Y12M"
64000,░к╢пел,64000200,╛Ї└Y░╧,64000200-005,иб╝dи╜,153,77,76,1067,580,487,196,88,108,"102Y12M"
64000,░к╢пел,64000200,╛Ї└Y░╧,64000200-006,кFкLи╜,332,165,167,2059,1031,1028,365,160,205,"102Y12M"
64000,░к╢пел,64000200,╛Ї└Y░╧,64000200-007,жшкLи╜,187,106,81,1230,648,582,298,137,161,"102Y12M"
64000,░к╢пел,64000200,╛Ї└Y░╧,64000200-008,е╒╛Ёи╜,519,260,259,2783,1368,1415,393,216,177,"102Y12M"
64000,░к╢пел,64000200,╛Ї└Y░╧,64000200-009,╡зиqи╜,217,113,104,1382,743,639,237,115,122,"102Y12M"
64000,░к╢пел,64000200,╛Ї└Y░╧,64000200-010,╖s▓°и╜,272,146,126,1634,828,806,255,124,131,"102Y12M"
64000,░к╢пел,64000200,╛Ї└Y░╧,64000200-011,е╥е_и╜,215,96,119,1790,962,828,286,141,145,"102Y12M"
64000,░к╢пел,64000200,╛Ї└Y░╧,64000200-012,е╥лnи╜,270,147,123,2146,1155,991,343,163,180,"102Y12M"
64000,░к╢пел,64000200,╛Ї└Y░╧,64000200-013,│╗╞Qи╜,105,45,60,1152,594,558,179,89,90,"102Y12M"
64000,░к╢пел,64000200,╛Ї└Y░╧,64000200-014,дд▒Tи╜,74,38,36,611,346,265,99,47,52,"102Y12M"
64000,░к╢пел,64000200,╛Ї└Y░╧,64000200-015,еKйMи╜,519,267,252,3378,1670,1708,421,199,222,"102Y12M"
64000,░к╢пел,64000200,╛Ї└Y░╧,64000200-016,╝wкQи╜,227,125,102,1154,604,550,161,78,83,"102Y12M"
64000,░к╢пел,64000200,╛Ї└Y░╧,64000200-017,дT╝wи╜,123,61,62,695,359,336,103,40,63,"102Y12M"
64000,░к╢пел,64000210,┐P▒_░╧,64000210-001,жyдsи╜,115,58,57,922,481,441,245,123,122,"102Y12M"
64000,░к╢пел,64000210,┐P▒_░╧,64000210-002,├гкLи╜,319,181,138,1899,980,919,267,131,136,"102Y12M"
64000,░к╢пел,64000210,┐P▒_░╧,64000210-003,жwй█и╜,478,261,217,2837,1517,1320,860,637,223,"102Y12M"
64000,░к╢пел,64000210,┐P▒_░╧,64000210-004,ид▒Jи╜,321,175,146,2402,1265,1137,309,143,166,"102Y12M"
64000,░к╢пел,64000210,┐P▒_░╧,64000210-005,╗ё╢пи╜,273,155,118,2135,1150,985,400,191,209,"102Y12M"
64000,░к╢пел,64000210,┐P▒_░╧,64000210-006,кўдsи╜,60,39,21,411,230,181,91,46,45,"102Y12M"
64000,░к╢пел,64000210,┐P▒_░╧,64000210-007,кF┐Pи╜,416,210,206,2064,1075,989,366,166,200,"102Y12M"
64000,░к╢пел,64000210,┐P▒_░╧,64000210-008,лn┐Pи╜,582,305,277,3205,1662,1543,486,237,249,"102Y12M"
64000,░к╢пел,64000210,┐P▒_░╧,64000210-009,жш┐Pи╜,500,285,215,2974,1544,1430,495,219,276,"102Y12M"
64000,░к╢пел,64000210,┐P▒_░╧,64000210-010,╛юдsи╜,206,114,92,1643,957,686,309,157,152,"102Y12M"
64000,░к╢пел,64000210,┐P▒_░╧,64000210-011,▓`дЇи╜,304,142,162,2135,1132,1003,513,255,258,"102Y12M"
64000,░к╢пел,64000220,е╨╝d░╧,64000220-001,│└оHи╜,35,19,16,294,174,120,85,42,43,"102Y12M"
64000,░к╢пел,64000220,е╨╝d░╧,64000220-002,лnжwи╜,67,34,33,877,507,370,320,163,157,"102Y12M"
64000,░к╢пел,64000220,е╨╝d░╧,64000220-003,дjжPи╜,27,12,15,291,183,108,106,48,58,"102Y12M"
64000,░к╢пел,64000220,е╨╝d░╧,64000220-004,е╨╝dи╜,24,8,16,272,146,126,105,61,44,"102Y12M"
64000,░к╢пел,64000220,е╨╝d░╧,64000220-005,дCмPи╜,12,4,8,447,271,176,226,115,111,"102Y12M"
64000,░к╢пел,64000220,е╨╝d░╧,64000220-006,▒R╝wи╜,91,45,46,775,444,331,240,114,126,"102Y12M"
64000,░к╢пел,64000220,е╨╝d░╧,64000220-007,жш╝wи╜,73,42,31,633,360,273,243,115,128,"102Y12M"
64000,░к╢пел,64000220,е╨╝d░╧,64000220-008,дTйMи╜,29,14,15,307,192,115,103,47,56,"102Y12M"
64000,░к╢пел,64000220,е╨╝d░╧,64000220-009,еjлFи╜,45,27,18,391,248,143,189,89,100,"102Y12M"
64000,░к╢пел,64000220,е╨╝d░╧,64000220-010,╖s┐│и╜,109,53,56,972,546,426,344,182,162,"102Y12M"
64000,░к╢пел,64000230,к№╜м░╧,64000230-001,е█жwи╜,178,92,86,1134,606,528,238,99,139,"102Y12M"
64000,░к╢пел,64000230,к№╜м░╧,64000230-002,дд╕Їи╜,344,174,170,1769,907,862,367,171,196,"102Y12M"
64000,░к╢пел,64000230,к№╜м░╧,64000230-003,Фвдsи╜,186,94,92,1092,593,499,213,104,109,"102Y12M"
64000,░к╢пел,64000230,к№╜м░╧,64000230-004,┤флси╜,343,174,169,1952,1010,942,295,135,160,"102Y12M"
64000,░к╢пел,64000230,к№╜м░╧,64000230-005,▒^дsи╜,93,44,49,651,322,329,158,63,95,"102Y12M"
64000,░к╢пел,64000230,к№╜м░╧,64000230-006,к№╜ми╜,847,435,412,4506,2234,2272,581,261,320,"102Y12M"
64000,░к╢пел,64000230,к№╜м░╧,64000230-007,▓M╜ми╜,458,231,227,2473,1270,1203,383,168,215,"102Y12M"
64000,░к╢пел,64000230,к№╜м░╧,64000230-008,йM╜ми╜,393,201,192,2140,1091,1049,310,151,159,"102Y12M"
64000,░к╢пел,64000230,к№╜м░╧,64000230-009,лC║Xи╜,242,117,125,1328,687,641,248,111,137,"102Y12M"
64000,░к╢пел,64000230,к№╜м░╧,64000230-010,┤_жwи╜,260,133,127,1494,750,744,265,111,154,"102Y12M"
64000,░к╢пел,64000230,к№╜м░╧,64000230-011,е╔оwи╜,165,91,74,929,517,412,179,88,91,"102Y12M"
64000,░к╢пел,64000230,к№╜м░╧,64000230-012,лn╜ми╜,488,254,234,2660,1346,1314,433,193,240,"102Y12M"
64000,░к╢пел,64000240,╕Їж╦░╧,64000240-001,ж╦║ни╜,608,308,300,2788,1407,1381,413,203,210,"102Y12M"
64000,░к╢пел,64000240,╕Їж╦░╧,64000240-002,│╗╝dи╜,224,118,106,1011,537,474,220,104,116,"102Y12M"
64000,░к╢пел,64000240,╕Їж╦░╧,64000240-003,╖s╣Fи╜,202,108,94,1049,560,489,230,115,115,"102Y12M"
64000,░к╢пел,64000240,╕Їж╦░╧,64000240-004,лс╢mи╜,236,111,125,956,504,452,164,82,82,"102Y12M"
64000,░к╢пел,64000240,╕Їж╦░╧,64000240-005,е_└ни╜,224,112,112,1134,576,558,189,89,100,"102Y12M"
64000,░к╢пел,64000240,╕Їж╦░╧,64000240-006,к└жши╜,303,162,141,1941,999,942,373,183,190,"102Y12M"
64000,░к╢пел,64000240,╕Їж╦░╧,64000240-007,е╥е_и╜,300,157,143,1785,930,855,383,185,198,"102Y12M"
64000,░к╢пел,64000240,╕Їж╦░╧,64000240-008,е╥лnи╜,487,269,218,2871,1489,1382,513,256,257,"102Y12M"
64000,░к╢пел,64000240,╕Їж╦░╧,64000240-009,дUз|и╜,357,199,158,2405,1294,1111,415,190,225,"102Y12M"
64000,░к╢пел,64000240,╕Їж╦░╧,64000240-010,ж╦╢щи╜,216,122,94,1603,879,724,297,143,154,"102Y12M"
64000,░к╢пел,64000240,╕Їж╦░╧,64000240-011,ж╦кFи╜,891,441,450,3109,1545,1564,421,210,211,"102Y12M"
64000,░к╢пел,64000240,╕Їж╦░╧,64000240-012,ж╦жши╜,501,283,218,2047,1043,1004,345,163,182,"102Y12M"
64000,░к╢пел,64000240,╕Їж╦░╧,64000240-013,дхе_и╜,778,437,341,2826,1405,1421,379,170,209,"102Y12M"
64000,░к╢пел,64000240,╕Їж╦░╧,64000240-014,дхлnи╜,564,285,279,2109,1044,1065,385,183,202,"102Y12M"
64000,░к╢пел,64000240,╕Їж╦░╧,64000240-015,дT╖▌и╜,146,74,72,768,385,383,160,74,86,"102Y12M"
64000,░к╢пел,64000240,╕Їж╦░╧,64000240-016,└n╝dи╜,374,203,171,1690,886,804,240,116,124,"102Y12M"
64000,░к╢пел,64000240,╕Їж╦░╧,64000240-017,к└кFи╜,214,108,106,1490,794,696,311,148,163,"102Y12M"
64000,░к╢пел,64000240,╕Їж╦░╧,64000240-018,к└дди╜,108,58,50,758,406,352,193,89,104,"102Y12M"
64000,░к╢пел,64000240,╕Їж╦░╧,64000240-019,ж╦лnи╜,613,326,287,2392,1171,1221,463,205,258,"102Y12M"
64000,░к╢пел,64000240,╕Їж╦░╧,64000240-020,к└лnи╜,523,282,241,3920,1979,1941,421,195,226,"102Y12M"
64000,░к╢пел,64000250,┤Єд║░╧,64000250-001,о№дsи╜,129,64,65,904,486,418,264,128,136,"102Y12M"
64000,░к╢пел,64000250,┤Єд║░╧,64000250-002,╝Bоaи╜,124,62,62,895,498,397,202,85,117,"102Y12M"
64000,░к╢пел,64000250,┤Єд║░╧,64000250-003,д╙╖▌и╜,88,50,38,677,377,300,158,70,88,"102Y12M"
64000,░к╢пел,64000250,┤Єд║░╧,64000250-004,д╜БFи╜,364,179,185,1929,1018,911,265,132,133,"102Y12M"
64000,░к╢пел,64000250,┤Єд║░╧,64000250-005,╕ннэи╜,374,192,182,2191,1134,1057,294,127,167,"102Y12M"
64000,░к╢пел,64000250,┤Єд║░╧,64000250-006,дj┤Єи╜,465,254,211,3059,1568,1491,446,211,235,"102Y12M"
64000,░к╢пел,64000250,┤Єд║░╧,64000250-007,е╨з└и╜,113,52,61,892,457,435,204,101,103,"102Y12M"
64000,░к╢пел,64000250,┤Єд║░╧,64000250-008,┤Єд║и╜,566,303,263,3277,1673,1604,341,176,165,"102Y12M"
64000,░к╢пел,64000250,┤Єд║░╧,64000250-009,о№оHи╜,226,113,113,1621,824,797,319,158,161,"102Y12M"
64000,░к╢пел,64000250,┤Єд║░╧,64000250-010,дх╜хи╜,144,69,75,1006,526,480,219,105,114,"102Y12M"
64000,░к╢пел,64000250,┤Єд║░╧,64000250-011,дд╜хи╜,246,124,122,1851,963,888,347,159,188,"102Y12M"
64000,░к╢пел,64000250,┤Єд║░╧,64000250-012,╢h╜хи╜,137,74,63,928,499,429,168,76,92,"102Y12M"
64000,░к╢пел,64000250,┤Єд║░╧,64000250-013,й╛┐│и╜,95,52,43,611,343,268,152,70,82,"102Y12M"
64000,░к╢пел,64000250,┤Єд║░╧,64000250-014,┤ЄкFи╜,331,168,163,2309,1142,1167,272,122,150,"102Y12M"
64000,░к╢пел,64000260,нX█_░╧,64000260-001,║╓╝wи╜,105,56,49,879,451,428,175,80,95,"102Y12M"
64000,░к╢пел,64000260,нX█_░╧,64000260-002,╕U║╓и╜,141,69,72,818,428,390,160,86,74,"102Y12M"
64000,░к╢пел,64000260,нX█_░╧,64000260-003,е╒╢│и╜,228,111,117,1501,778,723,274,122,152,"102Y12M"
64000,░к╢пел,64000260,нX█_░╧,64000260-004,╣┼╜чи╜,615,321,294,3288,1695,1593,389,176,213,"102Y12M"
64000,░к╢пел,64000260,нX█_░╧,64000260-005,╣┼жwи╜,217,102,115,1545,826,719,203,91,112,"102Y12M"
64000,░к╢пел,64000260,нX█_░╧,64000260-006,╣┼йwи╜,157,94,63,986,530,456,265,125,140,"102Y12M"
64000,░к╢пел,64000260,нX█_░╧,64000260-007,лOйwи╜,370,180,190,2616,1389,1227,491,226,265,"102Y12M"
64000,░к╢пел,64000260,нX█_░╧,64000260-008,е·йwи╜,135,78,57,875,459,416,202,96,106,"102Y12M"
64000,░к╢пел,64000260,нX█_░╧,64000260-009,дjйwи╜,115,65,50,1023,567,456,210,103,107,"102Y12M"
64000,░к╢пел,64000260,нX█_░╧,64000260-010,жNйwи╜,172,97,75,1035,540,495,212,108,104,"102Y12M"
64000,░к╢пел,64000260,нX█_░╧,64000260-011,╣┼╝╓и╜,266,132,134,1775,908,867,292,139,153,"102Y12M"
64000,░к╢пел,64000260,нX█_░╧,64000260-012,╣┼оїи╜,150,67,83,972,510,462,234,114,120,"102Y12M"
64000,░к╢пел,64000260,нX█_░╧,64000260-013,╣┼║╓и╜,122,69,53,875,487,388,184,82,102,"102Y12M"
64000,░к╢пел,64000260,нX█_░╧,64000260-014,йMиєи╜,187,91,96,951,508,443,238,120,118,"102Y12M"
64000,░к╢пел,64000260,нX█_░╧,64000260-015,▒T║|и╜,680,340,340,4013,2134,1879,527,263,264,"102Y12M"
64000,░к╢пел,64000270,е├жw░╧,64000270-001,е├жwи╜,210,115,95,1358,714,644,252,122,130,"102Y12M"
64000,░к╢пел,64000270,е├жw░╧,64000270-002,е├╡╪и╜,246,124,122,1629,835,794,290,130,160,"102Y12M"
64000,░к╢пел,64000270,е├жw░╧,64000270-003,╖s┤фи╜,295,146,149,2220,1112,1108,308,145,163,"102Y12M"
64000,░к╢пел,64000270,е├жw░╧,64000270-004,╞Qе╨и╜,44,23,21,327,181,146,69,30,39,"102Y12M"
64000,░к╢пел,64000270,е├жw░╧,64000270-005,лO╣чи╜,403,187,216,2274,1192,1082,253,113,140,"102Y12M"
64000,░к╢пел,64000270,е├жw░╧,64000270-006,║√╖sи╜,570,312,258,3052,1481,1571,338,155,183,"102Y12M"
64000,░к╢пел,64000280,└▒к√░╧,64000280-001,е·йMи╜,213,113,100,1142,583,559,152,70,82,"102Y12M"
64000,░к╢пел,64000280,└▒к√░╧,64000280-002,└▒╣tи╜,320,153,167,1612,811,801,309,144,165,"102Y12M"
64000,░к╢пел,64000280,└▒к√░╧,64000280-003,└▒дпи╜,80,49,31,475,251,224,126,60,66,"102Y12M"
64000,░к╢пел,64000280,└▒к√░╧,64000280-004,└▒╣╪и╜,103,42,61,646,338,308,127,65,62,"102Y12M"
64000,░к╢пел,64000280,└▒к√░╧,64000280-005,└▒к√и╜,290,144,146,1447,764,683,287,136,151,"102Y12M"
64000,░к╢пел,64000280,└▒к√░╧,64000280-006,┬┬┤фи╜,254,153,101,1453,782,671,227,106,121,"102Y12M"
64000,░к╢пел,64000280,└▒к√░╧,64000280-007,дхжwи╜,291,145,146,1579,852,727,277,131,146,"102Y12M"
64000,░к╢пел,64000280,└▒к√░╧,64000280-008,╞Q╤Lи╜,310,157,153,1830,996,834,300,158,142,"102Y12M"
64000,░к╢пел,64000280,└▒к√░╧,64000280-009,╣L┤фи╜,145,76,69,828,415,413,160,80,80,"102Y12M"
64000,░к╢пел,64000280,└▒к√░╧,64000280-010,о№з└и╜,150,78,72,757,410,347,140,69,71,"102Y12M"
64000,░к╢пел,64000280,└▒к√░╧,64000280-011,║кй│и╜,181,92,89,991,526,465,185,88,97,"102Y12M"
64000,░к╢пел,64000280,└▒к√░╧,64000280-012,лn╝dи╜,351,168,183,1898,991,907,284,139,145,"102Y12M"
64000,░к╢пел,64000290,▒ъйx░╧,64000290-001,▒ълHи╜,322,167,155,1938,1000,938,293,136,157,"102Y12M"
64000,░к╢пел,64000290,▒ъйx░╧,64000290-002,▒ъ╕qи╜,292,138,154,1818,957,861,304,137,167,"102Y12M"
64000,░к╢пел,64000290,▒ъйx░╧,64000290-003,▒ъйMи╜,413,204,209,2075,1033,1042,334,160,174,"102Y12M"
64000,░к╢пел,64000290,▒ъйx░╧,64000290-004,▒ъени╜,246,136,110,1323,662,661,171,79,92,"102Y12M"
64000,░к╢пел,64000290,▒ъйx░╧,64000290-005,дд▒[и╜,211,112,99,1016,540,476,152,70,82,"102Y12M"
64000,░к╢пел,64000290,▒ъйx░╧,64000290-006,икоrи╜,224,120,104,1707,925,782,257,118,139,"102Y12M"
64000,░к╢пел,64000290,▒ъйx░╧,64000290-007,┬з│Hи╜,255,132,123,1939,1030,909,320,145,175,"102Y12M"
64000,░к╢пел,64000290,▒ъйx░╧,64000290-008,┤╝│Hи╜,339,168,171,2631,1370,1261,308,156,152,"102Y12M"
64000,░к╢пел,64000290,▒ъйx░╧,64000290-009,лH│Hи╜,300,152,148,2083,1110,973,197,86,111,"102Y12M"
64000,░к╢пел,64000290,▒ъйx░╧,64000290-010,жPжwи╜,174,80,94,892,478,414,140,66,74,"102Y12M"
64000,░к╢пел,64000290,▒ъйx░╧,64000290-011,дjк┘и╜,608,331,277,3211,1686,1525,497,243,254,"102Y12M"
64000,░к╢пел,64000290,▒ъйx░╧,64000290-012,иккFи╜,238,103,135,2083,1092,991,299,144,155,"102Y12M"
64000,░к╢пел,64000290,▒ъйx░╧,64000290-013,икжши╜,98,47,51,722,400,322,89,37,52,"102Y12M"
64000,░к╢пел,64000290,▒ъйx░╧,64000290-014,нX╨ди╜,268,136,132,2141,1138,1003,288,146,142,"102Y12M"
64000,░к╢пел,64000290,▒ъйx░╧,64000290-015,их─_и╜,295,155,140,2541,1334,1207,329,149,180,"102Y12M"
64000,░к╢пел,64000300,║Xдs░╧,64000300-001,д╙ени╜,352,197,155,1931,966,965,444,210,234,"102Y12M"
64000,░к╢пел,64000300,║Xдs░╧,64000300-002,дj╝wи╜,406,214,192,2120,1051,1069,459,202,257,"102Y12M"
64000,░к╢пел,64000300,║Xдs░╧,64000300-003,╡Dмwи╜,243,126,117,1411,746,665,410,166,244,"102Y12M"
64000,░к╢пел,64000300,║Xдs░╧,64000300-004,╢ъ┤Iи╜,210,101,109,1604,831,773,328,166,162,"102Y12M"
64000,░к╢пел,64000300,║Xдs░╧,64000300-005,дде┐и╜,207,100,107,1306,748,558,294,134,160,"102Y12M"
64000,░к╢пел,64000300,║Xдs░╧,64000300-006,дjкLи╜,155,86,69,1150,648,502,340,163,177,"102Y12M"
64000,░к╢пел,64000300,║Xдs░╧,64000300-007,дWмwи╜,74,33,41,807,451,356,255,118,137,"102Y12M"
64000,░к╢пел,64000300,║Xдs░╧,64000300-008,╖sе·и╜,93,45,48,645,382,263,248,121,127,"102Y12M"
64000,░к╢пел,64000300,║Xдs░╧,64000300-009,лn│╙и╜,202,97,105,1810,979,831,507,265,242,"102Y12M"
64000,░к╢пел,64000300,║Xдs░╧,64000300-010,дд╝dи╜,14,6,8,126,75,51,63,34,29,"102Y12M"
64000,░к╢пел,64000300,║Xдs░╧,64000300-011,кFени╜,229,124,105,1638,890,748,420,189,231,"102Y12M"
64000,░к╢пел,64000300,║Xдs░╧,64000300-012,кFйўи╜,124,63,61,890,464,426,235,103,132,"102Y12M"
64000,░к╢пел,64000300,║Xдs░╧,64000300-013,ж╦оpи╜,255,120,135,1335,716,619,330,155,175,"102Y12M"
64000,░к╢пел,64000300,║Xдs░╧,64000300-014,╖чжNи╜,361,192,169,1784,868,916,353,164,189,"102Y12M"
64000,░к╢пел,64000300,║Xдs░╧,64000300-015,е├йMи╜,653,334,319,2988,1518,1470,520,239,281,"102Y12M"
64000,░к╢пел,64000300,║Xдs░╧,64000300-016,дTиєи╜,311,169,142,1829,975,854,397,189,208,"102Y12M"
64000,░к╢пел,64000300,║Xдs░╧,64000300-017,є╦мwи╜,57,35,22,603,345,258,256,127,129,"102Y12M"
64000,░к╢пел,64000300,║Xдs░╧,64000300-018,дjдsи╜,124,63,61,1000,557,443,350,164,186,"102Y12M"
64000,░к╢пел,64000300,║Xдs░╧,64000300-019,ддмwи╜,71,36,35,671,381,290,255,118,137,"102Y12M"
64000,░к╢пел,64000300,║Xдs░╧,64000300-020,лnмwи╜,111,50,61,1068,589,479,385,181,204,"102Y12M"
64000,░к╢пел,64000300,║Xдs░╧,64000300-021,╝s║╓и╜,100,55,45,507,295,212,139,60,79,"102Y12M"
64000,░к╢пел,64000310,м№┐@░╧,64000310-001,║╓жwи╜,230,124,106,2065,1108,957,685,327,358,"102Y12M"
64000,░к╢пел,64000310,м№┐@░╧,64000310-002,жXйMи╜,290,155,135,1992,1045,947,534,265,269,"102Y12M"
64000,░к╢пел,64000310,м№┐@░╧,64000310-003,╕S┐│и╜,347,183,164,2067,1082,985,586,277,309,"102Y12M"
64000,░к╢пел,64000310,м№┐@░╧,64000310-004,дд╛┬и╜,235,114,121,1680,922,758,525,243,282,"102Y12M"
64000,░к╢пел,64000310,м№┐@░╧,64000310-005,╝w┐│и╜,217,109,108,1264,680,584,364,169,195,"102Y12M"
64000,░к╢пел,64000310,м№┐@░╧,64000310-006,└sдsи╜,252,135,117,1730,933,797,575,271,304,"102Y12M"
64000,░к╢пел,64000310,м№┐@░╧,64000310-007,╖рдsи╜,322,160,162,2003,1080,923,608,283,325,"102Y12M"
64000,░к╢пел,64000310,м№┐@░╧,64000310-008,└sи{и╜,138,78,60,1152,640,512,475,231,244,"102Y12M"
64000,░к╢пел,64000310,м№┐@░╧,64000310-009,╝s╝wи╜,166,92,74,1024,561,463,415,197,218,"102Y12M"
64000,░к╢пел,64000310,м№┐@░╧,64000310-010,┐│╢йи╜,115,63,52,914,519,395,365,185,180,"102Y12M"
64000,░к╢пел,64000310,м№┐@░╧,64000310-011,ддж`и╜,245,125,120,1687,868,819,467,213,254,"102Y12M"
64000,░к╢пел,64000310,м№┐@░╧,64000310-012,кFк∙и╜,148,64,84,971,538,433,386,183,203,"102Y12M"
64000,░к╢пел,64000310,м№┐@░╧,64000310-013,оїжwи╜,189,108,81,1208,624,584,397,200,197,"102Y12M"
64000,░к╢пел,64000310,м№┐@░╧,64000310-014,─j┐@и╜,268,144,124,1757,900,857,639,304,335,"102Y12M"
64000,░к╢пел,64000310,м№┐@░╧,64000310-015,▓MдЇи╜,241,124,117,1464,772,692,417,201,216,"102Y12M"
64000,░к╢пел,64000310,м№┐@░╧,64000310-016,жNмvи╜,215,112,103,1582,873,709,490,242,248,"102Y12M"
64000,░к╢пел,64000310,м№┐@░╧,64000310-017,жNйMи╜,184,97,87,1150,644,506,329,146,183,"102Y12M"
64000,░к╢пел,64000310,м№┐@░╧,64000310-018,жNкFи╜,220,105,115,1480,785,695,399,196,203,"102Y12M"
64000,░к╢пел,64000310,м№┐@░╧,64000310-019,╝sкLи╜,172,99,73,1207,659,548,421,186,235,"102Y12M"
64000,░к╢пел,64000320,д╗└t░╧,64000320-001,╖sл┬и╜,79,51,28,583,354,229,210,90,120,"102Y12M"
64000,░к╢пел,64000320,д╗└t░╧,64000320-002,╖s┐│и╜,79,40,39,539,307,232,172,77,95,"102Y12M"
64000,░к╢пел,64000320,д╗└t░╧,64000320-003,╖s╝dи╜,76,44,32,476,260,216,169,87,82,"102Y12M"
64000,░к╢пел,64000320,д╗└t░╧,64000320-004,╖s╡oи╜,121,63,58,894,502,392,244,119,125,"102Y12M"
64000,░к╢пел,64000320,д╗└t░╧,64000320-005,╙y┐@и╜,188,91,97,1221,689,532,310,159,151,"102Y12M"
64000,░к╢пел,64000320,д╗└t░╧,64000320-006,д╗└tи╜,121,58,63,862,485,377,203,100,103,"102Y12M"
64000,░к╢пел,64000320,д╗└t░╧,64000320-007,╕q─_и╜,149,86,63,876,460,416,258,130,128,"102Y12M"
64000,░к╢пел,64000320,д╗└t░╧,64000320-008,┐│└sи╜,134,61,73,761,421,340,153,71,82,"102Y12M"
64000,░к╢пел,64000320,д╗└t░╧,64000320-009,дд┐│и╜,180,92,88,1247,707,540,287,140,147,"102Y12M"
64000,░к╢пел,64000320,д╗└t░╧,64000320-010,─_и╙и╜,122,67,55,812,411,401,201,96,105,"102Y12M"
64000,░к╢пел,64000320,д╗└t░╧,64000320-011,дхкZи╜,213,113,100,1337,761,576,303,142,161,"102Y12M"
64000,░к╢пел,64000320,д╗└t░╧,64000320-012,дjмzи╜,25,8,17,270,164,106,68,28,40,"102Y12M"
64000,░к╢пел,64000330,е╥еP░╧,64000330-001,кFжwи╜,46,21,25,417,222,195,130,52,78,"102Y12M"
64000,░к╢пел,64000330,е╥еP░╧,64000330-002,жшжwи╜,121,65,56,758,391,367,208,89,119,"102Y12M"
64000,░к╢пел,64000330,е╥еP░╧,64000330-003,йMжwи╜,68,31,37,576,306,270,152,77,75,"102Y12M"
64000,░к╢пел,64000330,е╥еP░╧,64000330-004,дjе╨и╜,229,128,101,1392,759,633,261,134,127,"102Y12M"
64000,░к╢пел,64000330,е╥еP░╧,64000330-005,─_╢йи╜,44,21,23,568,315,253,151,80,71,"102Y12M"
64000,░к╢пел,64000330,е╥еP░╧,64000330-006,├Ўдsи╜,75,46,29,497,286,211,142,67,75,"102Y12M"
64000,░к╢пел,64000330,е╥еP░╧,64000330-007,дpкLи╜,68,41,27,463,262,201,78,38,40,"102Y12M"
64000,░к╢пел,64000340,з№кL░╧,64000340-001,з№кLи╜,66,34,32,546,330,216,171,79,92,"102Y12M"
64000,░к╢пел,64000340,з№кL░╧,64000340-002,дь▒ъи╜,59,27,32,572,344,228,160,76,84,"102Y12M"
64000,░к╢пел,64000340,з№кL░╧,64000340-003,╢░и╙и╜,136,82,54,1168,689,479,305,144,161,"102Y12M"
64000,░к╢пел,64000340,з№кL░╧,64000340-004,╖s╔▄и╜,138,73,65,1244,699,545,424,196,228,"102Y12M"
64000,░к╢пел,64000340,з№кL░╧,64000340-005,дWени╜,169,89,80,1378,771,607,390,173,217,"102Y12M"
64000,░к╢пел,64000340,з№кL░╧,64000340-006,дым▄и╜,506,245,261,2989,1674,1315,690,337,353,"102Y12M"
64000,░к╢пел,64000340,з№кL░╧,64000340-007,дым№и╜,143,65,78,1024,585,439,309,150,159,"102Y12M"
64000,░к╢пел,64000350,д║к∙░╧,64000350-001,╖╛йWи╜,112,60,52,832,487,345,216,97,119,"102Y12M"
64000,░к╢пел,64000350,д║к∙░╧,64000350-002,кўж╦и╜,62,32,30,563,326,237,142,74,68,"102Y12M"
64000,░к╢пел,64000350,д║к∙░╧,64000350-003,е├┤Iи╜,105,56,49,875,493,382,176,82,94,"102Y12M"
64000,░к╢пел,64000350,д║к∙░╧,64000350-004,е├жNи╜,37,23,14,327,194,133,109,53,56,"102Y12M"
64000,░к╢пел,64000350,д║к∙░╧,64000350-005,е├┐│и╜,43,27,16,386,240,146,96,41,55,"102Y12M"
64000,░к╢пел,64000350,д║к∙░╧,64000350-006,е█з|и╜,59,26,33,436,232,204,102,51,51,"102Y12M"
64000,░к╢пел,64000350,д║к∙░╧,64000350-007,д║к∙и╜,114,55,59,807,437,370,227,106,121,"102Y12M"
64000,░к╢пел,64000350,д║к∙░╧,64000350-008,д║рTи╜,161,87,74,1060,553,507,252,122,130,"102Y12M"
64000,░к╢пел,64000350,д║к∙░╧,64000350-009,╞[лFи╜,203,100,103,1425,764,661,401,198,203,"102Y12M"
64000,░к╢пел,64000350,д║к∙░╧,64000350-010,ддоHи╜,70,37,33,465,265,200,144,64,80,"102Y12M"
64000,░к╢пел,64000350,д║к∙░╧,64000350-011,д║кFи╜,82,42,40,648,374,274,211,111,100,"102Y12M"
64000,░к╢пел,64000350,д║к∙░╧,64000350-012,д║лnи╜,41,20,21,345,205,140,83,42,41,"102Y12M"
64000,░к╢пел,64000350,д║к∙░╧,64000350-013,кFоHи╜,57,30,27,417,231,186,97,51,46,"102Y12M"
64000,░к╢пел,64000350,д║к∙░╧,64000350-014,дTени╜,81,40,41,579,324,255,136,68,68,"102Y12M"
64000,░к╢пел,64000350,д║к∙░╧,64000350-015,дьм]и╜,68,43,25,535,318,217,129,58,71,"102Y12M"
64000,░к╢пел,64000350,д║к∙░╧,64000350-016,д║┐│и╜,69,32,37,504,319,185,122,53,69,"102Y12M"
64000,░к╢пел,64000350,д║к∙░╧,64000350-017,╖чдsи╜,25,15,10,264,151,113,89,40,49,"102Y12M"
64000,░к╢пел,64000350,д║к∙░╧,64000350-018,е·┐│и╜,81,35,46,511,287,224,170,84,86,"102Y12M"
64000,░к╢пел,64000360,нZкL░╧,64000360-001,нZкLи╜,153,88,65,624,316,308,62,25,37,"102Y12M"
64000,░к╢пел,64000360,нZкL░╧,64000360-002,╕Uдsи╜,64,38,26,299,158,141,50,20,30,"102Y12M"
64000,░к╢пел,64000360,нZкL░╧,64000360-003,жhп╟и╜,111,54,57,423,209,214,46,19,27,"102Y12M"
64000,░к╢пел,64000370,оч╖╜░╧,64000370-001,оч╖╜и╜,182,92,90,723,387,336,71,32,39,"102Y12M"
64000,░к╢пел,64000370,оч╖╜░╧,64000370-002,─_дsи╜,49,25,24,486,267,219,44,25,19,"102Y12M"
64000,░к╢пел,64000370,оч╖╜░╧,64000370-003,л╪дsи╜,144,73,71,591,297,294,46,18,28,"102Y12M"
64000,░к╢пел,64000370,оч╖╜░╧,64000370-004,░кдди╜,142,78,64,537,289,248,51,24,27,"102Y12M"
64000,░к╢пел,64000370,оч╖╜░╧,64000370-005,╢╘йMи╜,64,35,29,268,130,138,9,5,4,"102Y12M"
64000,░к╢пел,64000370,оч╖╜░╧,64000370-006,┤_┐│и╜,67,36,31,275,154,121,24,12,12,"102Y12M"
64000,░к╢пел,64000370,оч╖╜░╧,64000370-007,й╘к▄─їи╜,63,40,23,249,136,113,12,6,6,"102Y12M"
64000,░к╢пел,64000370,оч╖╜░╧,64000370-008,▒Ўдsи╜,42,14,28,248,147,101,19,8,11,"102Y12M"
64000,░к╢пел,64000380,и║║┐оL░╧,64000380-001,╣FеdзVе╦,368,165,203,1243,676,567,96,45,51,"102Y12M"
64000,░к╢пел,64000380,и║║┐оL░╧,64000380-002,║┐╢ои╜,154,83,71,570,289,281,44,17,27,"102Y12M"
64000,░к╢пел,64000380,и║║┐оL░╧,64000380-003,лnиF╛|и╜,119,68,51,505,266,239,46,20,26,"102Y12M"
10002,йy─ї┐д,10002010,йy─їел,10002010-001,пл╣Aи╜,60,34,26,431,233,198,128,51,77,"102Y12M"
10002,йy─ї┐д,10002010,йy─їел,10002010-002,е┴┼vи╜,251,138,113,1564,802,762,299,152,147,"102Y12M"
10002,йy─ї┐д,10002010,йy─їел,10002010-003,е┴е═и╜,62,35,27,336,189,147,91,38,53,"102Y12M"
10002,йy─ї┐д,10002010,йy─їел,10002010-004,к@ени╜,68,31,37,481,256,225,165,78,87,"102Y12M"
10002,йy─ї┐д,10002010,йy─їел,10002010-005,дjкFи╜,57,33,24,410,206,204,119,52,67,"102Y12M"
10002,йy─ї┐д,10002010,йy─їел,10002010-006,╖s┐│и╜,90,48,42,462,225,237,121,53,68,"102Y12M"
10002,йy─ї┐д,10002010,йy─їел,10002010-007,йM╖№и╜,325,181,144,1883,903,980,356,161,195,"102Y12M"
10002,йy─ї┐д,10002010,йy─їел,10002010-008,╢iдhи╜,829,437,392,4829,2276,2553,745,355,390,"102Y12M"
10002,йy─ї┐д,10002010,йy─їел,10002010-009,лn╛Їи╜,122,61,61,607,321,286,114,56,58,"102Y12M"
10002,йy─ї┐д,10002010,йy─їел,10002010-010,л╪╖~и╜,337,170,167,1299,659,640,218,115,103,"102Y12M"
10002,йy─ї┐д,10002010,йy─їел,10002010-011,лnмzи╜,360,167,193,1206,609,597,247,106,141,"102Y12M"
10002,йy─ї┐д,10002010,йy─їел,10002010-012,│═▒█и╜,247,125,122,1427,759,668,392,167,225,"102Y12M"
10002,йy─ї┐д,10002010,йy─їел,10002010-013,╛дй·и╜,366,189,177,1530,770,760,225,124,101,"102Y12M"
10002,йy─ї┐д,10002010,йy─їел,10002010-014,кFз°и╜,1028,561,467,4588,2160,2428,511,224,287,"102Y12M"
10002,йy─ї┐д,10002010,йy─їел,10002010-015,й╡ени╜,1505,756,749,5550,2632,2918,618,292,326,"102Y12M"
10002,йy─ї┐д,10002010,йy─їел,10002010-016,дC▒iи╜,261,135,126,1147,619,528,241,116,125,"102Y12M"
10002,йy─ї┐д,10002010,йy─їел,10002010-017,╖Oжwи╜,750,380,370,4349,2120,2229,647,268,379,"102Y12M"
10002,йy─ї┐д,10002010,йy─їел,10002010-018,╖sе┴и╜,58,30,28,435,226,209,150,73,77,"102Y12M"
10002,йy─ї┐д,10002010,йy─їел,10002010-019,кFк∙и╜,46,20,26,326,157,169,109,62,47,"102Y12M"
10002,йy─ї┐д,10002010,йy─їел,10002010-020,дде┐и╜,62,32,30,455,252,203,134,64,70,"102Y12M"
10002,йy─ї┐д,10002010,йy─їел,10002010-021,дpкFи╜,150,80,70,1093,555,538,251,109,142,"102Y12M"
10002,йy─ї┐д,10002010,йy─їел,10002010-022,╡ц╢щи╜,167,90,77,1187,583,604,238,101,137,"102Y12M"
10002,йy─ї┐д,10002010,йy─їел,10002010-023,з╡╖Gи╜,119,67,52,787,431,356,207,98,109,"102Y12M"
10002,йy─ї┐д,10002010,йy─їел,10002010-024,╖sе═и╜,347,185,162,2197,1117,1080,326,161,165,"102Y12M"
10002,йy─ї┐д,10002010,йy─їел,10002010-025,╙tе╒и╜,404,205,199,2263,1119,1144,245,119,126,"102Y12M"
10002,йy─ї┐д,10002010,йy─їел,10002010-026,е_мzи╜,266,142,124,1668,829,839,229,107,122,"102Y12M"
10002,йy─ї┐д,10002010,йy─їел,10002010-027,▒Ўмwи╜,432,216,216,2689,1399,1290,429,219,210,"102Y12M"
10002,йy─ї┐д,10002010,йy─їел,10002010-028,е_к∙и╜,124,70,54,695,364,331,147,71,76,"102Y12M"
10002,йy─ї┐д,10002010,йy─їел,10002010-029,╝yйMи╜,77,44,33,667,347,320,144,60,84,"102Y12M"
10002,йy─ї┐д,10002010,йy─їел,10002010-030,╢kд¤и╜,58,28,30,609,325,284,158,70,88,"102Y12M"
10002,йy─ї┐д,10002010,йy─їел,10002010-031,дддsи╜,54,25,29,525,290,235,164,71,93,"102Y12M"
10002,йy─ї┐д,10002010,йy─їел,10002010-032,жшк∙и╜,175,97,78,1002,532,470,236,90,146,"102Y12M"
10002,йy─ї┐д,10002010,йy─їел,10002010-033,дj╣Dи╜,271,144,127,1262,591,671,216,107,109,"102Y12M"
10002,йy─ї┐д,10002010,йy─їел,10002010-034,лnк∙и╜,95,48,47,385,176,209,80,37,43,"102Y12M"
10002,йy─ї┐д,10002010,йy─їел,10002010-035,нt│ви╜,802,402,400,2628,1230,1398,375,156,219,"102Y12M"
10002,йy─ї┐д,10002010,йy─їел,10002010-036,е┴▒┌и╜,571,303,268,1963,954,1009,534,234,300,"102Y12M"
10002,йy─ї┐д,10002010,йy─їел,10002010-037,л╪нxи╜,648,333,315,2605,1177,1428,344,159,185,"102Y12M"
10002,йy─ї┐д,10002010,йy─їел,10002010-038,лф╖╜и╜,1817,944,873,6927,3181,3746,648,321,327,"102Y12M"
10002,йy─ї┐д,10002010,йy─їел,10002010-039,дхд╞и╜,721,390,331,2822,1331,1491,493,223,270,"102Y12M"
10002,йy─ї┐д,10002010,йy─їел,10002010-040,┤_┐│и╜,450,237,213,2411,1149,1262,559,236,323,"102Y12M"
10002,йy─ї┐д,10002020,├╣кF┬э,10002020-004,дj╖sи╜,288,161,127,1333,638,695,256,120,136,"102Y12M"
10002,йy─ї┐д,10002020,├╣кF┬э,10002020-005,кFжwи╜,846,456,390,3186,1414,1772,336,152,184,"102Y12M"
10002,йy─ї┐д,10002020,├╣кF┬э,10002020-006,╖s╕sи╜,534,307,227,2371,1157,1214,308,141,167,"102Y12M"
10002,йy─ї┐д,10002020,├╣кF┬э,10002020-007,├╣▓°и╜,482,251,231,2651,1223,1428,287,117,170,"102Y12M"
10002,йy─ї┐д,10002020,├╣кF┬э,10002020-008,лnйўи╜,386,209,177,2070,990,1080,337,154,183,"102Y12M"
10002,йy─ї┐д,10002020,├╣кF┬э,10002020-009,лn╗ии╜,210,99,111,1107,528,579,263,114,149,"102Y12M"
10002,йy─ї┐д,10002020,├╣кF┬э,10002020-010,жие\и╜,276,146,130,1262,594,668,277,124,153,"102Y12M"
10002,йy─ї┐д,10002020,├╣кF┬э,10002020-011,дп╝wи╜,171,89,82,1039,541,498,236,107,129,"102Y12M"
10002,йy─ї┐д,10002020,├╣кF┬э,10002020-016,║~е┴и╜,924,488,436,3210,1509,1701,637,285,352,"102Y12M"
10002,йy─ї┐д,10002020,├╣кF┬э,10002020-017,жшжwи╜,437,219,218,2536,1213,1323,361,156,205,"102Y12M"
10002,йy─ї┐д,10002020,├╣кF┬э,10002020-018,е_жии╜,693,341,352,2533,1216,1317,341,152,189,"102Y12M"
10002,йy─ї┐д,10002020,├╣кF┬э,10002020-019,╜хдхи╜,836,445,391,3148,1444,1704,677,300,377,"102Y12M"
10002,йy─ї┐д,10002020,├╣кF┬э,10002020-020,д╜е┐и╜,733,398,335,2438,1158,1280,509,231,278,"102Y12M"
10002,йy─ї┐д,10002020,├╣кF┬э,10002020-021,╢░▓╗и╜,244,118,126,1008,499,509,208,94,114,"102Y12M"
10002,йy─ї┐д,10002020,├╣кF┬э,10002020-022,лH╕qи╜,721,385,336,2637,1243,1394,473,198,275,"102Y12M"
10002,йy─ї┐д,10002020,├╣кF┬э,10002020-023,ж╦кLи╜,650,342,308,2596,1251,1345,534,244,290,"102Y12M"
10002,йy─ї┐д,10002020,├╣кF┬э,10002020-024,дп╖Rи╜,792,403,389,3185,1506,1679,369,180,189,"102Y12M"
10002,йy─ї┐д,10002020,├╣кF┬э,10002020-025,╛ЁкLи╜,823,422,401,3061,1401,1660,446,212,234,"102Y12M"
10002,йy─ї┐д,10002020,├╣кF┬э,10002020-026,░ъ╡╪и╜,1080,561,519,3999,1772,2227,502,228,274,"102Y12M"
10002,йy─ї┐д,10002020,├╣кF┬э,10002020-027,║√┤ни╜,732,364,368,2712,1281,1431,428,191,237,"102Y12M"
10002,йy─ї┐д,10002020,├╣кF┬э,10002020-028,╢}й·и╜,203,107,96,1168,593,575,329,143,186,"102Y12M"
10002,йy─ї┐д,10002020,├╣кF┬э,10002020-029,дддsи╜,224,118,106,1062,532,530,343,152,191,"102Y12M"
10002,йy─ї┐д,10002020,├╣кF┬э,10002020-030,дпйMи╜,168,84,84,903,446,457,227,93,134,"102Y12M"
10002,йy─ї┐д,10002030,─м┐D┬э,10002030-001,└s╝wи╜,465,247,218,2929,1537,1392,508,235,273,"102Y12M"
10002,йy─ї┐д,10002030,─м┐D┬э,10002030-002,│╗╝dи╜,125,72,53,828,425,403,133,61,72,"102Y12M"
10002,йy─ї┐д,10002030,─м┐D┬э,10002030-003,е├║aи╜,664,349,315,3139,1617,1522,522,241,281,"102Y12M"
10002,йy─ї┐д,10002030,─м┐D┬э,10002030-004,жsдпи╜,144,82,62,792,433,359,210,88,122,"102Y12M"
10002,йy─ї┐д,10002030,─м┐D┬э,10002030-005,┤ф├фи╜,131,64,67,1174,642,532,307,149,158,"102Y12M"
10002,йy─ї┐д,10002030,─м┐D┬э,10002030-007,╣iдBи╜,500,257,243,2391,1225,1166,399,199,200,"102Y12M"
10002,йy─ї┐д,10002030,─м┐D┬э,10002030-008,╖sл░и╜,195,97,98,1109,570,539,226,101,125,"102Y12M"
10002,йy─ї┐д,10002030,─м┐D┬э,10002030-009,╕t┤Єи╜,356,171,185,2084,1071,1013,395,194,201,"102Y12M"
10002,йy─ї┐д,10002030,─м┐D┬э,10002030-010,─мжши╜,357,185,172,2194,1118,1076,441,196,245,"102Y12M"
10002,йy─ї┐д,10002030,─м┐D┬э,10002030-011,─ме_и╜,150,84,66,906,465,441,231,94,137,"102Y12M"
10002,йy─ї┐д,10002030,─м┐D┬э,10002030-012,─млnи╜,57,27,30,396,208,188,121,42,79,"102Y12M"
10002,йy─ї┐д,10002030,─м┐D┬э,10002030-013,─мкFи╜,67,32,35,473,243,230,90,36,54,"102Y12M"
10002,йy─ї┐д,10002030,─м┐D┬э,10002030-014,к°жwи╜,64,37,27,478,265,213,110,38,72,"102Y12M"
10002,йy─ї┐д,10002030,─м┐D┬э,10002030-015,е├е·и╜,63,38,25,359,181,178,122,52,70,"102Y12M"
10002,йy─ї┐д,10002030,─м┐D┬э,10002030-016,е├мKи╜,78,45,33,530,289,241,133,56,77,"102Y12M"
10002,йy─ї┐д,10002030,─м┐D┬э,10002030-017,е├╝╓и╜,84,40,44,399,200,199,95,42,53,"102Y12M"
10002,йy─ї┐д,10002030,─м┐D┬э,10002030-018,лnжwи╜,79,44,35,851,448,403,238,120,118,"102Y12M"
10002,йy─ї┐д,10002030,─м┐D┬э,10002030-019,лnе┐и╜,116,64,52,839,422,417,219,106,113,"102Y12M"
10002,йy─ї┐д,10002030,─м┐D┬э,10002030-020,лnжии╜,129,65,64,979,518,461,267,121,146,"102Y12M"
10002,йy─ї┐д,10002030,─м┐D┬э,10002030-021,лn┐│и╜,175,83,92,1287,650,637,314,158,156,"102Y12M"
10002,йy─ї┐д,10002030,─м┐D┬э,10002030-022,лn╣чи╜,106,54,52,947,497,450,257,119,138,"102Y12M"
10002,йy─ї┐д,10002030,─м┐D┬э,10002030-023,лnл╪и╜,147,72,75,1135,599,536,242,116,126,"102Y12M"
10002,йy─ї┐д,10002030,─м┐D┬э,10002030-024,кF┐Dи╜,38,22,16,298,157,141,80,36,44,"102Y12M"
10002,йy─ї┐д,10002030,─м┐D┬э,10002030-025,лn▒jи╜,83,47,36,615,331,284,188,92,96,"102Y12M"
10002,йy─ї┐д,10002030,─м┐D┬э,10002030-026,┤┬╢зи╜,48,23,25,472,260,212,202,115,87,"102Y12M"
10002,йy─ї┐д,10002030,─м┐D┬э,10002030-027,╕t╖Rи╜,393,196,197,2483,1245,1238,431,204,227,"102Y12M"
10002,йy─ї┐д,10002040,└Yл░┬э,10002040-001,е█л░и╜,33,14,19,243,146,97,78,30,48,"102Y12M"
10002,йy─ї┐д,10002040,└Yл░┬э,10002040-002,дjи╜и╜,91,44,47,567,287,280,150,73,77,"102Y12M"
10002,йy─ї┐д,10002040,└Yл░┬э,10002040-003,дj╖╦и╜,117,60,57,783,428,355,175,78,97,"102Y12M"
10002,йy─ї┐д,10002040,└Yл░┬э,10002040-004,жX┐│и╜,48,32,16,288,153,135,84,39,45,"102Y12M"
10002,йy─ї┐д,10002040,└Yл░┬э,10002040-005,зє╖sи╜,165,95,70,1137,589,548,275,123,152,"102Y12M"
10002,йy─ї┐д,10002040,└Yл░┬э,10002040-006,е~┐Dи╜,96,54,42,790,430,360,183,83,100,"102Y12M"
10002,йy─ї┐д,10002040,└Yл░┬э,10002040-007,┤фдfи╜,85,43,42,573,305,268,120,59,61,"102Y12M"
10002,йy─ї┐д,10002040,└Yл░┬э,10002040-008,кZ└чи╜,255,121,134,1425,730,695,251,109,142,"102Y12M"
10002,йy─ї┐д,10002040,└Yл░┬э,10002040-009,дjз|и╜,203,114,89,1169,595,574,200,91,109,"102Y12M"
10002,йy─ї┐д,10002040,└Yл░┬э,10002040-010,л░кFи╜,106,54,52,627,327,300,176,77,99,"102Y12M"
10002,йy─ї┐д,10002040,└Yл░┬э,10002040-011,л░е_и╜,78,37,41,424,227,197,104,49,55,"102Y12M"
10002,йy─ї┐д,10002040,└Yл░┬э,10002040-012,л░жши╜,79,38,41,478,259,219,146,70,76,"102Y12M"
10002,йy─ї┐д,10002040,└Yл░┬э,10002040-013,л░лnи╜,100,52,48,542,276,266,133,68,65,"102Y12M"
10002,йy─ї┐д,10002040,└Yл░┬э,10002040-014,ж╦жwи╜,301,146,155,1884,993,891,334,151,183,"102Y12M"
10002,йy─ї┐д,10002040,└Yл░┬э,10002040-015,╖sл╪и╜,371,214,157,1720,882,838,342,145,197,"102Y12M"
10002,йy─ї┐д,10002040,└Yл░┬э,10002040-016,й▐╢ои╜,363,196,167,1599,797,802,260,111,149,"102Y12M"
10002,йy─ї┐д,10002040,└Yл░┬э,10002040-017,║╓жии╜,162,84,78,813,466,347,203,95,108,"102Y12M"
10002,йy─ї┐д,10002040,└Yл░┬э,10002040-018,кўн▒и╜,248,131,117,1519,829,690,306,153,153,"102Y12M"
10002,йy─ї┐д,10002040,└Yл░┬э,10002040-019,кўм╒и╜,108,57,51,624,359,265,129,61,68,"102Y12M"
10002,йy─ї┐д,10002040,└Yл░┬э,10002040-020,│╗оHи╜,154,82,72,1195,634,561,254,115,139,"102Y12M"
10002,йy─ї┐д,10002040,└Yл░┬э,10002040-021,дUоHи╜,130,61,69,811,447,364,203,97,106,"102Y12M"
10002,йy─ї┐д,10002040,└Yл░┬э,10002040-022,дд▒[и╜,146,83,63,930,485,445,195,97,98,"102Y12M"
10002,йy─ї┐д,10002040,└Yл░┬э,10002040-023,дGл░и╜,147,68,79,986,542,444,196,94,102,"102Y12M"
10002,йy─ї┐д,10002040,└Yл░┬э,10002040-024,└tдsи╜,108,50,58,646,307,339,79,41,38,"102Y12M"
10002,йy─ї┐д,10002050,┴G╖╦╢m,10002050-001,е╒╢│з°,247,131,116,1373,753,620,281,137,144,"102Y12M"
10002,йy─ї┐д,10002050,┴G╖╦╢m,10002050-002,е╔е█з°,273,157,116,1619,846,773,317,163,154,"102Y12M"
10002,йy─ї┐д,10002050,┴G╖╦╢m,10002050-003,╝w╢зз°,586,301,285,3278,1618,1660,652,306,346,"102Y12M"
10002,йy─ї┐д,10002050,┴G╖╦╢m,10002050-004,дjй╛з°,375,189,186,2236,1102,1134,340,166,174,"102Y12M"
10002,йy─ї┐д,10002050,┴G╖╦╢m,10002050-005,дj╕qз°,94,45,49,566,282,284,147,77,70,"102Y12M"
10002,йy─ї┐д,10002050,┴G╖╦╢m,10002050-006,д╗╡▓з°,202,98,104,1206,650,556,323,142,181,"102Y12M"
10002,йy─ї┐д,10002050,┴G╖╦╢m,10002050-007,дG└sз°,160,85,75,1027,578,449,220,101,119,"102Y12M"
10002,йy─ї┐д,10002050,┴G╖╦╢m,10002050-008,о╔╝щз°,167,84,83,1240,695,545,277,134,143,"102Y12M"
10002,йy─ї┐д,10002050,┴G╖╦╢m,10002050-009,е╔е╨з°,295,153,142,1802,983,819,378,195,183,"102Y12M"
10002,йy─ї┐д,10002050,┴G╖╦╢m,10002050-010,дTе┴з°,370,203,167,2105,1133,972,456,240,216,"102Y12M"
10002,йy─ї┐д,10002050,┴G╖╦╢m,10002050-011,кLм№з°,185,99,86,1043,561,482,198,92,106,"102Y12M"
10002,йy─ї┐д,10002050,┴G╖╦╢m,10002050-012,е╒├Zз°,115,58,57,707,407,300,133,69,64,"102Y12M"
10002,йy─ї┐д,10002050,┴G╖╦╢m,10002050-013,е╔е·з°,117,64,53,851,463,388,180,90,90,"102Y12M"
10002,йy─ї┐д,10002050,┴G╖╦╢m,10002050-014,е·кZз°,157,82,75,1082,601,481,232,105,127,"102Y12M"
10002,йy─ї┐д,10002050,┴G╖╦╢m,10002050-015,зdиFз°,337,185,152,2173,1153,1020,412,202,210,"102Y12M"
10002,йy─ї┐д,10002050,┴G╖╦╢m,10002050-016,└s╝цз°,460,236,224,2867,1485,1382,488,239,249,"102Y12M"
10002,йy─ї┐д,10002050,┴G╖╦╢m,10002050-017,░╠▒[з°,137,72,65,834,462,372,174,93,81,"102Y12M"
10002,йy─ї┐д,10002050,┴G╖╦╢m,10002050-018,дG╡▓з°,58,34,24,363,206,157,83,40,43,"102Y12M"
10002,йy─ї┐д,10002060,зз│Є╢m,10002060-001,жN▓╗з°,346,182,164,2134,1084,1050,300,138,162,"102Y12M"
10002,йy─ї┐д,10002060,зз│Є╢m,10002060-002,м№║╓з°,224,120,104,1504,828,676,307,154,153,"102Y12M"
10002,йy─ї┐д,10002060,зз│Є╢m,10002060-003,╖sлnз°,118,62,56,765,430,335,206,101,105,"102Y12M"
10002,йy─ї┐д,10002060,зз│Є╢m,10002060-004,кF┤фз°,127,64,63,854,471,383,168,80,88,"102Y12M"
10002,йy─ї┐д,10002060,зз│Є╢m,10002060-005,┤_┐│з°,213,110,103,1449,772,677,267,133,134,"102Y12M"
10002,йy─ї┐д,10002060,зз│Є╢m,10002060-006,╣L└нз°,178,91,87,1355,729,626,267,133,134,"102Y12M"
10002,йy─ї┐д,10002060,зз│Є╢m,10002060-007,е├┬эз°,87,40,47,691,371,320,170,79,91,"102Y12M"
10002,йy─ї┐д,10002060,зз│Є╢m,10002060-008,й╛з╡з°,302,151,151,1989,1082,907,359,170,189,"102Y12M"
10002,йy─ї┐д,10002060,зз│Є╢m,10002060-009,еjлFз°,199,97,102,1312,721,591,250,119,131,"102Y12M"
10002,йy─ї┐д,10002060,зз│Є╢m,10002060-010,е\│╥з°,181,84,97,1067,578,489,215,108,107,"102Y12M"
10002,йy─ї┐д,10002060,зз│Є╢m,10002060-011,м№л░з°,261,147,114,1783,988,795,366,186,180,"102Y12M"
10002,йy─ї┐д,10002060,зз│Є╢m,10002060-012,╖sк└з°,107,54,53,876,497,379,242,118,124,"102Y12M"
10002,йy─ї┐д,10002060,зз│Є╢m,10002060-013,дj║╓з°,220,130,90,1513,810,703,282,135,147,"102Y12M"
10002,йy─ї┐д,10002060,зз│Є╢m,10002060-014,еj╡▓з°,135,71,64,916,482,434,163,76,87,"102Y12M"
10002,йy─ї┐д,10002070,н√дs╢m,10002070-001,н√дsз°,709,344,365,4984,2550,2434,702,331,371,"102Y12M"
10002,йy─ї┐д,10002070,н√дs╢m,10002070-002,й|╝wз°,219,122,97,1875,1025,850,386,189,197,"102Y12M"
10002,йy─ї┐д,10002070,н√дs╢m,10002070-003,┤fжnз°,239,121,118,1272,682,590,239,122,117,"102Y12M"
10002,йy─ї┐д,10002070,н√дs╢m,10002070-004,дC╜хз°,245,136,109,1155,646,509,197,91,106,"102Y12M"
10002,йy─ї┐д,10002070,н√дs╢m,10002070-005,▓`╖╛з°,240,123,117,1508,825,683,298,147,151,"102Y12M"
10002,йy─ї┐д,10002070,н√дs╢m,10002070-006,у╕л╤з°,111,63,48,1042,575,467,234,113,121,"102Y12M"
10002,йy─ї┐д,10002070,н√дs╢m,10002070-007,д║л░з°,179,86,93,1213,650,563,290,149,141,"102Y12M"
10002,йy─ї┐д,10002070,н√дs╢m,10002070-008,дд╡╪з°,52,29,23,535,322,213,158,83,75,"102Y12M"
10002,йy─ї┐д,10002070,н√дs╢m,10002070-009,е├йMз°,222,108,114,1623,850,773,276,135,141,"102Y12M"
10002,йy─ї┐д,10002070,н√дs╢m,10002070-010,└Yд└з°,172,100,72,1176,626,550,184,81,103,"102Y12M"
10002,йy─ї┐д,10002070,н√дs╢m,10002070-011,кEдsз°,280,151,129,1939,1059,880,427,224,203,"102Y12M"
10002,йy─ї┐д,10002070,н√дs╢m,10002070-012,жP╝╓з°,323,182,141,2169,1191,978,382,193,189,"102Y12M"
10002,йy─ї┐д,10002070,н√дs╢m,10002070-013,┤ЄкFз°,128,67,61,738,399,339,156,72,84,"102Y12M"
10002,йy─ї┐д,10002070,н√дs╢m,10002070-014,╢hеPз°,129,71,58,726,442,284,178,92,86,"102Y12M"
10002,йy─ї┐д,10002070,н√дs╢m,10002070-015,┤Єе_з°,125,62,63,822,453,369,235,114,121,"102Y12M"
10002,йy─ї┐д,10002070,н√дs╢m,10002070-016,┤Єжшз°,176,108,68,1150,672,478,341,171,170,"102Y12M"
10002,йy─ї┐д,10002080,еVдs╢m,10002080-001,кZ▓Wз°,107,58,49,992,545,447,234,102,132,"102Y12M"
10002,йy─ї┐д,10002080,еVдs╢m,10002080-002,м├п]з°,251,128,123,1391,713,678,232,115,117,"102Y12M"
10002,йy─ї┐д,10002080,еVдs╢m,10002080-003,╕╔л░з°,197,95,102,978,515,463,189,94,95,"102Y12M"
10002,йy─ї┐д,10002080,еVдs╢m,10002080-004,дTй_з°,146,88,58,822,425,397,156,70,86,"102Y12M"
10002,йy─ї┐д,10002080,еVдs╢m,10002080-005,дj┐│з°,112,62,50,797,443,354,176,86,90,"102Y12M"
10002,йy─ї┐д,10002080,еVдs╢m,10002080-006,кFл░з°,231,121,110,1251,647,604,236,112,124,"102Y12M"
10002,йy─ї┐д,10002080,еVдs╢m,10002080-007,н╗йMз°,711,352,359,2475,1242,1233,369,179,190,"102Y12M"
10002,йy─ї┐д,10002080,еVдs╢m,10002080-008,лn┐│з°,857,451,406,2561,1251,1310,335,140,195,"102Y12M"
10002,йy─ї┐д,10002080,еVдs╢m,10002080-009,еVдsз°,120,63,57,680,373,307,208,98,110,"102Y12M"
10002,йy─ї┐д,10002080,еVдs╢m,10002080-010,жwенз°,150,83,67,584,301,283,141,65,76,"102Y12M"
10002,йy─ї┐д,10002080,еVдs╢m,10002080-011,д╙йMз°,189,109,80,1269,686,583,271,116,155,"102Y12M"
10002,йy─ї┐д,10002080,еVдs╢m,10002080-012,дK─_з°,98,52,46,745,408,337,165,85,80,"102Y12M"
10002,йy─ї┐д,10002080,еVдs╢m,10002080-013,дYдsз°,180,94,86,1246,670,576,247,115,132,"102Y12M"
10002,йy─ї┐д,10002080,еVдs╢m,10002080-014,дддsз°,46,26,20,427,225,202,79,43,36,"102Y12M"
10002,йy─ї┐д,10002080,еVдs╢m,10002080-015,╢╢жwз°,571,271,300,4522,2366,2156,678,311,367,"102Y12M"
10002,йy─ї┐д,10002080,еVдs╢m,10002080-016,е├м№з°,379,193,186,2615,1362,1253,385,175,210,"102Y12M"
10002,йy─ї┐д,10002080,еVдs╢m,10002080-017,╕sн^з°,694,358,336,4057,2068,1989,860,397,463,"102Y12M"
10002,йy─ї┐д,10002080,еVдs╢m,10002080-018,▓M╖╛з°,721,351,370,3269,1641,1628,499,217,282,"102Y12M"
10002,йy─ї┐д,10002080,еVдs╢m,10002080-019,│└оHз°,248,139,109,2102,1167,935,348,184,164,"102Y12M"
10002,йy─ї┐д,10002080,еVдs╢m,10002080-020,▒oжwз°,175,93,82,956,521,435,215,103,112,"102Y12M"
10002,йy─ї┐д,10002080,еVдs╢m,10002080-021,╝s┐│з°,286,145,141,2265,1163,1102,375,168,207,"102Y12M"
10002,йy─ї┐д,10002080,еVдs╢m,10002080-022,╝sжwз°,246,128,118,1508,758,750,223,108,115,"102Y12M"
10002,йy─ї┐д,10002080,еVдs╢m,10002080-023,м_кLз°,254,137,117,1460,764,696,221,106,115,"102Y12M"
10002,йy─ї┐д,10002080,еVдs╢m,10002080-024,дj╢iз°,109,50,59,650,372,278,189,113,76,"102Y12M"
10002,йy─ї┐д,10002090,дн╡▓╢m,10002090-001,дT┐│з°,228,120,108,1645,884,761,350,169,181,"102Y12M"
10002,йy─ї┐д,10002090,дн╡▓╢m,10002090-002,дG╡▓з°,210,104,106,1526,789,737,283,126,157,"102Y12M"
10002,йy─ї┐д,10002090,дн╡▓╢m,10002090-003,┬эжwз°,302,164,138,2187,1140,1047,333,162,171,"102Y12M"
10002,йy─ї┐д,10002090,дн╡▓╢m,10002090-004,дWе|з°,123,67,56,1307,686,621,323,143,180,"102Y12M"
10002,йy─ї┐д,10002090,дн╡▓╢m,10002090-005,дд┐│з°,125,76,49,1176,584,592,203,93,110,"102Y12M"
10002,йy─ї┐д,10002090,дн╡▓╢m,10002090-006,е|╡▓з°,243,123,120,2026,1045,981,403,189,214,"102Y12M"
10002,йy─ї┐д,10002090,дн╡▓╢m,10002090-007,║╓┐│з°,194,91,103,1519,822,697,296,145,151,"102Y12M"
10002,йy─ї┐д,10002090,дн╡▓╢m,10002090-008,дн╡▓з°,458,263,195,3021,1606,1415,524,250,274,"102Y12M"
10002,йy─ї┐д,10002090,дн╡▓╢m,10002090-009,дjжNз°,545,278,267,3035,1577,1458,464,236,228,"102Y12M"
10002,йy─ї┐д,10002090,дн╡▓╢m,10002090-010,иєйMз°,407,208,199,2737,1426,1311,401,198,203,"102Y12M"
10002,йy─ї┐д,10002090,дн╡▓╢m,10002090-011,з╡л┬з°,184,94,90,1233,663,570,285,141,144,"102Y12M"
10002,йy─ї┐д,10002090,дн╡▓╢m,10002090-012,└A▓│з°,200,117,83,1255,673,582,306,146,160,"102Y12M"
10002,йy─ї┐д,10002090,дн╡▓╢m,10002090-013,зQ┐Aз°,279,140,139,1816,955,861,354,163,191,"102Y12M"
10002,йy─ї┐д,10002090,дн╡▓╢m,10002090-014,жи┐│з°,439,232,207,2541,1323,1218,433,203,230,"102Y12M"
10002,йy─ї┐д,10002090,дн╡▓╢m,10002090-015,йu╖sз°,383,207,176,2496,1298,1198,432,220,212,"102Y12M"
10002,йy─ї┐д,10002100,дTмP╢m,10002100-001,н√дsз°,8,3,5,178,101,77,52,25,27,"102Y12M"
10002,йy─ї┐д,10002100,дTмP╢m,10002100-002,д╤дsз°,68,34,34,417,232,185,166,84,82,"102Y12M"
10002,йy─ї┐д,10002100,дTмP╢m,10002100-003,д╤║╓з°,85,46,39,567,333,234,201,99,102,"102Y12M"
10002,йy─ї┐д,10002100,дTмP╢m,10002100-004,┬∙╜хз°,77,34,43,470,278,192,160,81,79,"102Y12M"
10002,йy─ї┐д,10002100,дTмP╢m,10002100-005,дHйMз°,62,34,28,360,189,171,120,56,64,"102Y12M"
10002,йy─ї┐д,10002100,дTмP╢m,10002100-006,╕q╝wз°,164,104,60,958,520,438,273,124,149,"102Y12M"
10002,йy─ї┐д,10002100,дTмP╢m,10002100-007,╢░╝yз°,138,70,68,1004,516,488,256,124,132,"102Y12M"
10002,йy─ї┐д,10002100,дTмP╢m,10002100-008,дым▄з°,135,77,58,735,409,326,190,92,98,"102Y12M"
10002,йy─ї┐д,10002100,дTмP╢m,10002100-009,л¤╖╙з°,126,65,61,1100,664,436,243,127,116,"102Y12M"
10002,йy─ї┐д,10002100,дTмP╢m,10002100-010,дj┴Їз°,406,209,197,3376,1823,1553,594,293,301,"102Y12M"
10002,йy─ї┐д,10002100,дTмP╢m,10002100-011,жц░╖з°,73,44,29,675,368,307,149,68,81,"102Y12M"
10002,йy─ї┐д,10002100,дTмP╢m,10002100-012,╕U╝wз°,53,25,28,509,286,223,112,62,50,"102Y12M"
10002,йy─ї┐д,10002100,дTмP╢m,10002100-013,╢QкLз°,60,34,26,426,227,199,85,38,47,"102Y12M"
10002,йy─ї┐д,10002100,дTмP╢m,10002100-014,╕U┤Iз°,77,36,41,584,338,246,168,88,80,"102Y12M"
10002,йy─ї┐д,10002100,дTмP╢m,10002100-015,дj╕qз°,98,44,54,1000,553,447,215,114,101,"102Y12M"
10002,йy─ї┐д,10002100,дTмP╢m,10002100-016,й|кZз°,65,38,27,631,361,270,175,79,96,"102Y12M"
10002,йy─ї┐д,10002100,дTмP╢m,10002100-017,дjмwз°,215,117,98,1264,714,550,286,139,147,"102Y12M"
10002,йy─ї┐д,10002100,дTмP╢m,10002100-018,з└╣╒з°,204,120,84,1120,625,495,258,125,133,"102Y12M"
10002,йy─ї┐д,10002110,дjжP╢m,10002110-001,┤H╖╦з°,218,125,93,766,397,369,108,59,49,"102Y12M"
10002,йy─ї┐д,10002110,дjжP╢m,10002110-002,▒[░ёз°,133,69,64,533,290,243,49,25,24,"102Y12M"
10002,йy─ї┐д,10002110,дjжP╢m,10002110-003,кQ├╣з°,148,81,67,618,347,271,64,29,35,"102Y12M"
10002,йy─ї┐д,10002110,дjжP╢m,10002110-004,┤_┐│з°,48,23,25,243,137,106,48,29,19,"102Y12M"
10002,йy─ї┐д,10002110,дjжP╢m,10002110-005,н^дhз°,74,37,37,312,182,130,40,18,22,"102Y12M"
10002,йy─ї┐д,10002110,дjжP╢m,10002110-006,╝╓дЇз°,85,44,41,336,199,137,45,22,23,"102Y12M"
10002,йy─ї┐д,10002110,дjжP╢m,10002110-007,д╙енз°,3,1,2,61,40,21,17,12,5,"102Y12M"
10002,йy─ї┐д,10002110,дjжP╢m,10002110-008,е|йuз°,227,117,110,692,378,314,85,33,52,"102Y12M"
10002,йy─ї┐д,10002110,дjжP╢m,10002110-009,лnдsз°,198,97,101,591,335,256,50,21,29,"102Y12M"
10002,йy─ї┐д,10002110,дjжP╢m,10002110-010,нZжwз°,29,18,11,166,97,69,18,8,10,"102Y12M"
10002,йy─ї┐д,10002120,лn┐D╢m,10002120-001,лn┐Dз°,284,152,132,1089,585,504,134,65,69,"102Y12M"
10002,йy─ї┐д,10002120,лn┐D╢m,10002120-002,║╤н╘з°,273,138,135,844,458,386,98,53,45,"102Y12M"
10002,йy─ї┐д,10002120,лn┐D╢m,10002120-003,кFйиз°,108,54,54,401,201,200,41,16,25,"102Y12M"
10002,йy─ї┐д,10002120,лn┐D╢m,10002120-004,кўйиз°,147,65,82,369,193,176,45,24,21,"102Y12M"
10002,йy─ї┐д,10002120,лn┐D╢m,10002120-005,кZ╢Ёз°,86,42,44,380,217,163,58,27,31,"102Y12M"
10002,йy─ї┐д,10002120,лn┐D╢m,10002120-006,кўмvз°,154,88,66,402,219,183,47,20,27,"102Y12M"
10002,йy─ї┐д,10002120,лn┐D╢m,10002120-007,┐Dксз°,214,113,101,665,371,294,73,29,44,"102Y12M"
10003,оч╢щ┐д,10003010,оч╢щел,10003010-001,дхд╞и╜,144,70,74,602,280,322,145,66,79,"102Y12M"
10003,оч╢щ┐д,10003010,оч╢щел,10003010-002,дхй·и╜,272,139,133,1181,544,637,279,134,145,"102Y12M"
10003,оч╢щ┐д,10003010,оч╢щел,10003010-003,кZ│ои╜,189,94,95,1260,609,651,272,130,142,"102Y12M"
10003,оч╢щ┐д,10003010,оч╢щел,10003010-004,дjкLи╜,2245,1137,1108,8540,4209,4331,715,338,377,"102Y12M"
10003,оч╢щ┐д,10003010,оч╢щел,10003010-005,й╛╕qи╜,2110,1085,1025,6949,3164,3785,452,224,228,"102Y12M"
10003,оч╢щ┐д,10003010,оч╢щел,10003010-006,╖|╜]и╜,1510,783,727,7454,3573,3881,615,282,333,"102Y12M"
10003,оч╢щ┐д,10003010,оч╢щел,10003010-007,к°м№и╜,156,76,80,730,373,357,207,98,109,"102Y12M"
10003,оч╢щ┐д,10003010,оч╢щел,10003010-008,е┴е═и╜,189,106,83,1283,622,661,245,116,129,"102Y12M"
10003,оч╢щ┐д,10003010,оч╢щел,10003010-009,е├┐│и╜,283,148,135,1456,749,707,334,151,183,"102Y12M"
10003,оч╢щ┐д,10003010,оч╢щел,10003010-010,иXмwи╜,887,467,420,4001,2021,1980,543,265,278,"102Y12M"
10003,оч╢щ┐д,10003010,оч╢щел,10003010-011,е├жwи╜,892,468,424,3981,1977,2004,638,293,345,"102Y12M"
10003,оч╢щ┐д,10003010,оч╢щел,10003010-012,кFоHи╜,860,427,433,4129,2021,2108,607,249,358,"102Y12M"
10003,оч╢щ┐д,10003010,оч╢щел,10003010-013,кFк∙и╜,367,199,168,2529,1198,1331,432,192,240,"102Y12M"
10003,оч╢щ┐д,10003010,оч╢щел,10003010-014,кFдsи╜,262,137,125,1558,803,755,319,155,164,"102Y12M"
10003,оч╢щ┐д,10003010,оч╢щел,10003010-015,╕U╣╪и╜,119,66,53,874,433,441,171,81,90,"102Y12M"
10003,оч╢щ┐д,10003010,оч╢щел,10003010-016,к°жwи╜,628,321,307,3124,1552,1572,380,186,194,"102Y12M"
10003,оч╢щ┐д,10003010,оч╢щел,10003010-017,ддоHи╜,377,212,165,1926,1012,914,293,133,160,"102Y12M"
10003,оч╢щ┐д,10003010,оч╢щел,10003010-018,жшоHи╜,519,261,258,2701,1408,1293,404,190,214,"102Y12M"
10003,оч╢щ┐д,10003010,оч╢щел,10003010-019,жшк∙и╜,312,166,146,1404,678,726,245,121,124,"102Y12M"
10003,оч╢щ┐д,10003010,оч╢щел,10003010-020,ддйMи╜,205,112,93,1131,582,549,285,113,172,"102Y12M"
10003,оч╢щ┐д,10003010,оч╢щел,10003010-021,дхйўи╜,167,95,72,780,386,394,186,91,95,"102Y12M"
10003,оч╢щ┐д,10003010,оч╢щел,10003010-022,╖sоHи╜,1778,940,838,7553,3634,3919,857,403,454,"102Y12M"
10003,оч╢щ┐д,10003010,оч╢щел,10003010-023,дддsи╜,1276,655,621,5774,2806,2968,438,192,246,"102Y12M"
10003,оч╢щ┐д,10003010,оч╢щел,10003010-024,╖Oдхи╜,1329,676,653,5371,2591,2780,574,267,307,"102Y12M"
10003,оч╢щ┐д,10003010,оч╢щел,10003010-025,жш┤Єи╜,322,173,149,1295,592,703,226,104,122,"102Y12M"
10003,оч╢щ┐д,10003010,оч╢щел,10003010-026,лnк∙и╜,1164,607,557,5226,2550,2676,807,356,451,"102Y12M"
10003,оч╢щ┐д,10003010,оч╢щел,10003010-027,лn╡╪и╜,315,152,163,1180,576,604,265,127,138,"102Y12M"
10003,оч╢щ┐д,10003010,оч╢щел,10003010-028,е╔дsи╜,867,471,396,4444,2172,2272,696,337,359,"102Y12M"
10003,оч╢щ┐д,10003010,оч╢щел,10003010-029,дджии╜,675,359,316,3820,1905,1915,498,240,258,"102Y12M"
10003,оч╢щ┐д,10003010,оч╢щел,10003010-030,дде┐и╜,750,395,355,4083,2026,2057,630,296,334,"102Y12M"
10003,оч╢щ┐д,10003010,оч╢щел,10003010-031,е_к∙и╜,219,113,106,1357,690,667,282,118,164,"102Y12M"
10003,оч╢щ┐д,10003010,оч╢щел,10003010-032,╢│кLи╜,1315,685,630,5404,2559,2845,572,266,306,"102Y12M"
10003,оч╢щ┐д,10003010,оч╢щел,10003010-033,║╓кLи╜,1406,720,686,5142,2468,2674,637,300,337,"102Y12M"
10003,оч╢щ┐д,10003010,оч╢щел,10003010-034,е·┐│и╜,1396,710,686,4530,2145,2385,654,307,347,"102Y12M"
10003,оч╢щ┐д,10003010,оч╢щел,10003010-035,└sдsи╜,577,317,260,3135,1595,1540,540,270,270,"102Y12M"
10003,оч╢щ┐д,10003010,оч╢щел,10003010-036,└sйги╜,1130,587,543,5031,2468,2563,464,222,242,"102Y12M"
10003,оч╢щ┐д,10003010,оч╢щел,10003010-037,жие\и╜,637,327,310,3470,1661,1809,485,218,267,"102Y12M"
10003,оч╢щ┐д,10003010,оч╢щел,10003010-038,лC╖╦и╜,884,451,433,4121,2090,2031,639,295,344,"102Y12M"
10003,оч╢щ┐д,10003010,оч╢щел,10003010-039,┤┬╢зи╜,303,138,165,1770,880,890,304,132,172,"102Y12M"
10003,оч╢щ┐д,10003010,оч╢щел,10003010-040,дд┐│и╜,1332,679,653,4893,2412,2481,663,309,354,"102Y12M"
10003,оч╢щ┐д,10003010,оч╢щел,10003010-041,┬╫кLи╜,1242,632,610,5643,2761,2882,795,383,412,"102Y12M"
10003,оч╢щ┐д,10003010,оч╢щел,10003010-042,л╪░ъи╜,750,395,355,4428,2193,2235,579,268,311,"102Y12M"
10003,оч╢щ┐д,10003010,оч╢щел,10003010-043,дj┬╫и╜,881,461,420,4489,2176,2313,510,234,276,"102Y12M"
10003,оч╢щ┐д,10003010,оч╢щел,10003010-044,║╓жwи╜,920,487,433,3754,1749,2005,528,245,283,"102Y12M"
10003,оч╢щ┐д,10003010,оч╢щел,10003010-045,дTе┴и╜,813,409,404,3619,1737,1882,464,209,255,"102Y12M"
10003,оч╢щ┐д,10003010,оч╢щел,10003010-046,дj┐│и╜,1933,1005,928,8824,4319,4505,774,373,401,"102Y12M"
10003,оч╢щ┐д,10003010,оч╢щел,10003010-047,мKдщи╜,1103,573,530,5295,2646,2649,509,237,272,"102Y12M"
10003,оч╢щ┐д,10003010,оч╢щел,10003010-048,лHе·и╜,1287,679,608,5703,2803,2900,532,252,280,"102Y12M"
10003,оч╢щ┐д,10003010,оч╢щел,10003010-049,дд╣чи╜,1267,655,612,4989,2360,2629,327,137,190,"102Y12M"
10003,оч╢щ┐д,10003010,оч╢щел,10003010-050,жPжwи╜,1629,892,737,6864,3227,3637,498,240,258,"102Y12M"
10003,оч╢щ┐д,10003010,оч╢щел,10003010-051,▓°╖qи╜,1528,786,742,7006,3325,3681,513,239,274,"102Y12M"
10003,оч╢щ┐д,10003010,оч╢щел,10003010-052,дхдди╜,456,251,205,2204,1137,1067,420,194,226,"102Y12M"
10003,оч╢щ┐д,10003010,оч╢щел,10003010-053,оїдsи╜,630,362,268,3270,1602,1668,473,224,249,"102Y12M"
10003,оч╢щ┐д,10003010,оч╢щел,10003010-054,дд╕Їи╜,650,330,320,3573,1688,1885,328,147,181,"102Y12M"
10003,оч╢щ┐д,10003010,оч╢щел,10003010-055,дд╝wи╜,1312,723,589,5697,2849,2848,549,257,292,"102Y12M"
10003,оч╢щ┐д,10003010,оч╢щел,10003010-056,└s▓╗и╜,973,521,452,4073,1934,2139,347,175,172,"102Y12M"
10003,оч╢щ┐д,10003010,оч╢щел,10003010-057,дjж│и╜,1042,531,511,4161,1938,2223,288,125,163,"102Y12M"
10003,оч╢щ┐д,10003010,оч╢щел,10003010-058,─_дsи╜,1574,837,737,7266,3489,3777,452,208,244,"102Y12M"
10003,оч╢щ┐д,10003010,оч╢щел,10003010-059,└s╗ёи╜,1490,781,709,7711,4017,3694,591,313,278,"102Y12M"
10003,оч╢щ┐д,10003010,оч╢щел,10003010-060,└sжwи╜,1085,587,498,4270,2090,2180,292,142,150,"102Y12M"
10003,оч╢щ┐д,10003010,оч╢щел,10003010-061,ж█▒jи╜,1370,724,646,6283,2979,3304,440,208,232,"102Y12M"
10003,оч╢щ┐д,10003010,оч╢щел,10003010-062,ддлHи╜,1002,522,480,4918,2394,2524,429,209,220,"102Y12M"
10003,оч╢щ┐д,10003010,оч╢щел,10003010-063,к°╝wи╜,738,383,355,4222,2061,2161,445,194,251,"102Y12M"
10003,оч╢щ┐д,10003010,оч╢щел,10003010-064,ддени╜,685,354,331,3989,1953,2036,405,190,215,"102Y12M"
10003,оч╢щ┐д,10003010,оч╢щел,10003010-065,ддньи╜,891,438,453,4031,1920,2111,260,111,149,"102Y12M"
10003,оч╢щ┐д,10003010,оч╢щел,10003010-066,ддоїи╜,964,490,474,3792,1779,2013,245,124,121,"102Y12M"
10003,оч╢щ┐д,10003010,оч╢щел,10003010-067,лnоHи╜,977,517,460,3961,1862,2099,319,150,169,"102Y12M"
10003,оч╢щ┐д,10003010,оч╢щел,10003010-068,─_╝yи╜,1654,846,808,5175,2356,2819,309,134,175,"102Y12M"
10003,оч╢щ┐д,10003010,оч╢щел,10003010-069,е_оHи╜,1065,551,514,3906,1863,2043,252,111,141,"102Y12M"
10003,оч╢щ┐д,10003010,оч╢щел,10003010-070,дд╕tи╜,1218,618,600,4744,2134,2610,403,171,232,"102Y12M"
10003,оч╢щ┐д,10003010,оч╢щел,10003010-071,└s╣╪и╜,1075,548,527,4302,2099,2203,311,153,158,"102Y12M"
10003,оч╢щ┐д,10003010,оч╢щел,10003010-072,жP╝wи╜,1930,1060,870,5170,2371,2799,322,156,166,"102Y12M"
10003,оч╢щ┐д,10003010,оч╢щел,10003010-073,й·╝wи╜,698,353,345,3026,1436,1590,203,96,107,"102Y12M"
10003,оч╢щ┐д,10003010,оч╢щел,10003010-074,─_жwи╜,2115,1090,1025,7029,3234,3795,405,185,220,"102Y12M"
10003,оч╢щ┐д,10003010,оч╢щел,10003010-075,╖ч╝yи╜,1397,700,697,5050,2405,2645,309,144,165,"102Y12M"
10003,оч╢щ┐д,10003010,оч╢щел,10003010-076,дTд╕и╜,780,378,402,3127,1543,1584,342,171,171,"102Y12M"
10003,оч╢щ┐д,10003020,дд├cел,10003020-001,└sени╜,599,312,287,2554,1221,1333,565,272,293,"102Y12M"
10003,оч╢щ┐д,10003020,дд├cел,10003020-002,└sйўи╜,890,466,424,4745,2360,2385,589,294,295,"102Y12M"
10003,оч╢щ┐д,10003020,дд├cел,10003020-003,дп╝wи╜,521,267,254,2637,1313,1324,382,206,176,"102Y12M"
10003,оч╢щ┐д,10003020,дд├cел,10003020-004,е├┐│и╜,108,57,51,810,407,403,161,77,84,"102Y12M"
10003,оч╢щ┐д,10003020,дд├cел,10003020-005,д║├cи╜,368,189,179,1862,983,879,424,192,232,"102Y12M"
10003,оч╢щ┐д,10003020,дд├cел,10003020-006,жие\и╜,840,454,386,3932,1940,1992,369,184,185,"102Y12M"
10003,оч╢щ┐д,10003020,дд├cел,10003020-007,е·й·и╜,916,467,449,4834,2337,2497,707,327,380,"102Y12M"
10003,оч╢щ┐д,10003020,дд├cел,10003020-008,ж█е▀и╜,751,393,358,3964,1972,1992,1165,567,598,"102Y12M"
10003,оч╢щ┐д,10003020,дд├cел,10003020-009,ж█▒jи╜,633,360,273,3047,1461,1586,324,146,178,"102Y12M"
10003,оч╢щ┐д,10003020,дд├cел,10003020-010,дд░эи╜,827,414,413,3228,1616,1612,427,193,234,"102Y12M"
10003,оч╢щ┐д,10003020,дд├cел,10003020-011,└s┐│и╜,612,319,293,3404,1693,1711,521,263,258,"102Y12M"
10003,оч╢щ┐д,10003020,дд├cел,10003020-012,дпм№и╜,1133,591,542,4848,2300,2548,504,245,259,"102Y12M"
10003,оч╢щ┐д,10003020,дд├cел,10003020-013,дп╖Rи╜,418,250,168,2591,1327,1264,275,144,131,"102Y12M"
10003,оч╢щ┐д,10003020,дд├cел,10003020-014,╖s╡єи╜,236,126,110,1763,873,890,273,135,138,"102Y12M"
10003,оч╢щ┐д,10003020,дд├cел,10003020-015,ддеби╜,492,270,222,2965,1480,1485,610,265,345,"102Y12M"
10003,оч╢щ┐д,10003020,дд├cел,10003020-016,┤╢дпи╜,1252,678,574,3734,1804,1930,373,179,194,"102Y12M"
10003,оч╢щ┐д,10003020,дд├cел,10003020-017,┤╢╕qи╜,750,405,345,4798,2578,2220,472,259,213,"102Y12M"
10003,оч╢щ┐д,10003020,дд├cел,10003020-018,й╛╕qи╜,567,287,280,2640,1274,1366,260,131,129,"102Y12M"
10003,оч╢щ┐д,10003020,дд├cел,10003020-019,дде┐и╜,867,463,404,4218,2117,2101,420,214,206,"102Y12M"
10003,оч╢щ┐д,10003020,дд├cел,10003020-020,┐│дпи╜,586,272,314,2955,1469,1486,343,167,176,"102Y12M"
10003,оч╢щ┐д,10003020,дд├cел,10003020-021,кF┐│и╜,551,294,257,2693,1301,1392,477,215,262,"102Y12M"
10003,оч╢щ┐д,10003020,дд├cел,10003020-022,мв╖╦и╜,391,214,177,1906,1003,903,256,126,130,"102Y12M"
10003,оч╢щ┐д,10003020,дд├cел,10003020-023,┐wжци╜,499,269,230,2094,1036,1058,148,77,71,"102Y12M"
10003,оч╢щ┐д,10003020,дд├cел,10003020-024,╖sй·и╜,598,313,285,3306,1661,1645,554,257,297,"102Y12M"
10003,оч╢щ┐д,10003020,дд├cел,10003020-025,╖s┐│и╜,723,374,349,3362,1606,1756,384,192,192,"102Y12M"
10003,оч╢щ┐д,10003020,дд├cел,10003020-026,ддньи╜,720,387,333,3359,1640,1719,553,240,313,"102Y12M"
10003,оч╢щ┐д,10003020,дд├cел,10003020-027,д║йwи╜,1444,728,716,5836,3006,2830,548,261,287,"102Y12M"
10003,оч╢щ┐д,10003020,дд├cел,10003020-028,дд├cи╜,138,75,63,616,318,298,154,70,84,"102Y12M"
10003,оч╢щ┐д,10003020,дд├cел,10003020-029,└sйги╜,870,463,407,4017,1983,2034,635,346,289,"102Y12M"
10003,оч╢щ┐д,10003020,дд├cел,10003020-030,дп▓╗и╜,469,245,224,2545,1269,1276,349,186,163,"102Y12M"
10003,оч╢щ┐д,10003020,дд├cел,10003020-031,дЇз└и╜,477,260,217,3047,1605,1442,544,250,294,"102Y12M"
10003,оч╢щ┐д,10003020,дд├cел,10003020-032,лCоHи╜,346,187,159,1775,888,887,193,99,94,"102Y12M"
10003,оч╢щ┐д,10003020,дд├cел,10003020-033,┤_┐│и╜,2475,1333,1142,7554,3576,3978,472,227,245,"102Y12M"
10003,оч╢щ┐д,10003020,дд├cел,10003020-034,дхд╞и╜,1926,1002,924,7927,3785,4142,600,295,305,"102Y12M"
10003,оч╢щ┐д,10003020,дд├cел,10003020-035,┐│░ъи╜,330,189,141,1683,830,853,338,155,183,"102Y12M"
10003,оч╢щ┐д,10003020,дд├cел,10003020-036,й╛║╓и╜,1046,522,524,6169,3089,3080,844,400,444,"102Y12M"
10003,оч╢щ┐д,10003020,дд├cел,10003020-037,лH╕qи╜,1078,578,500,4056,1937,2119,329,155,174,"102Y12M"
10003,оч╢щ┐д,10003020,дд├cел,10003020-038,е█└Yи╜,273,138,135,1426,732,694,382,176,206,"102Y12M"
10003,оч╢щ┐д,10003020,дд├cел,10003020-039,└sкFи╜,855,438,417,3889,1877,2012,746,382,364,"102Y12M"
10003,оч╢щ┐д,10003020,дд├cел,10003020-040,ддл╪и╜,172,92,80,828,415,413,209,105,104,"102Y12M"
10003,оч╢щ┐д,10003020,дд├cел,10003020-041,┐│лnи╜,432,211,221,2599,1189,1410,365,158,207,"102Y12M"
10003,оч╢щ┐д,10003020,дд├cел,10003020-042,лс╝dи╜,736,381,355,4062,2024,2038,413,212,201,"102Y12M"
10003,оч╢щ┐д,10003020,дд├cел,10003020-043,╣L└ни╜,993,531,462,3606,1828,1778,402,209,193,"102Y12M"
10003,оч╢щ┐д,10003020,дд├cел,10003020-044,дн┼vи╜,1074,548,526,5031,2529,2502,583,279,304,"102Y12M"
10003,оч╢щ┐д,10003020,дд├cел,10003020-045,┬┬й·и╜,213,123,90,1247,678,569,328,148,180,"102Y12M"
10003,оч╢щ┐д,10003020,дд├cел,10003020-046,к█к▌и╜,397,219,178,2262,1219,1043,405,204,201,"102Y12M"
10003,оч╢щ┐д,10003020,дд├cел,10003020-047,дым▄и╜,935,476,459,3983,2071,1912,484,239,245,"102Y12M"
10003,оч╢щ┐д,10003020,дд├cел,10003020-048,дTе┴и╜,546,273,273,2698,1432,1266,455,221,234,"102Y12M"
10003,оч╢щ┐д,10003020,дд├cел,10003020-049,дsкFи╜,646,328,318,3092,1659,1433,516,248,268,"102Y12M"
10003,оч╢щ┐д,10003020,дд├cел,10003020-050,дд║aи╜,200,107,93,681,337,344,206,93,113,"102Y12M"
10003,оч╢щ┐д,10003020,дд├cел,10003020-051,д║нэи╜,780,422,358,3973,2090,1883,516,240,276,"102Y12M"
10003,оч╢щ┐д,10003020,дд├cел,10003020-052,о╢┐│и╜,626,297,329,4078,2046,2032,538,276,262,"102Y12M"
10003,оч╢щ┐д,10003020,дд├cел,10003020-053,┤╢╝yи╜,579,290,289,2381,1214,1167,303,141,162,"102Y12M"
10003,оч╢щ┐д,10003020,дд├cел,10003020-054,┐│йMи╜,468,217,251,2530,1307,1223,417,201,216,"102Y12M"
10003,оч╢щ┐д,10003020,дд├cел,10003020-055,е├е·и╜,955,512,443,4505,2173,2332,558,254,304,"102Y12M"
10003,оч╢щ┐д,10003020,дд├cел,10003020-056,┤_╡╪и╜,1104,567,537,4375,2116,2259,382,183,199,"102Y12M"
10003,оч╢щ┐д,10003020,дд├cел,10003020-057,й╛з╡и╜,1109,596,513,4002,1921,2081,275,125,150,"102Y12M"
10003,оч╢щ┐д,10003020,дд├cел,10003020-058,║╓╝wи╜,452,244,208,2426,1217,1209,349,155,194,"102Y12M"
10003,оч╢щ┐д,10003020,дд├cел,10003020-059,йMени╜,596,304,292,2320,1135,1185,271,134,137,"102Y12M"
10003,оч╢щ┐д,10003020,дд├cел,10003020-060,┤╢й╛и╜,958,488,470,2985,1441,1544,293,137,156,"102Y12M"
10003,оч╢щ┐д,10003020,дд├cел,10003020-061,┤╢▒jи╜,740,406,334,3467,1639,1828,248,127,121,"102Y12M"
10003,оч╢щ┐д,10003020,дд├cел,10003020-062,й·╝wи╜,1106,603,503,4217,2033,2184,348,176,172,"102Y12M"
10003,оч╢щ┐д,10003020,дд├cел,10003020-063,ж▄╡╜и╜,688,373,315,3226,1593,1633,303,143,160,"102Y12M"
10003,оч╢щ┐д,10003020,дд├cел,10003020-064,дн║╓и╜,497,256,241,3111,1544,1567,461,219,242,"102Y12M"
10003,оч╢щ┐д,10003020,дд├cел,10003020-065,└s╝wи╜,605,307,298,3430,1731,1699,367,193,174,"102Y12M"
10003,оч╢щ┐д,10003020,дд├cел,10003020-066,е┐╕qи╜,946,480,466,3896,1897,1999,461,216,245,"102Y12M"
10003,оч╢щ┐д,10003020,дд├cел,10003020-067,└sжwи╜,369,194,175,1857,893,964,400,220,180,"102Y12M"
10003,оч╢щ┐д,10003020,дд├cел,10003020-068,дддsи╜,872,470,402,4300,2083,2217,246,118,128,"102Y12M"
10003,оч╢щ┐д,10003020,дд├cел,10003020-069,╝w╕qи╜,437,233,204,2411,1155,1256,307,149,158,"102Y12M"
10003,оч╢щ┐д,10003020,дд├cел,10003020-070,дп╕qи╜,554,264,290,3161,1565,1596,343,160,183,"102Y12M"
10003,оч╢щ┐д,10003020,дд├cел,10003020-071,╡╪│╘и╜,481,250,231,2661,1302,1359,429,244,185,"102Y12M"
10003,оч╢щ┐д,10003020,дд├cел,10003020-072,дп║╓и╜,773,408,365,4262,2023,2239,440,232,208,"102Y12M"
10003,оч╢щ┐д,10003020,дд├cел,10003020-073,йп║╓и╜,892,456,436,5287,2562,2725,400,179,221,"102Y12M"
10003,оч╢щ┐д,10003020,дд├cел,10003020-074,е├║╓и╜,823,420,403,4943,2524,2419,462,247,215,"102Y12M"
10003,оч╢щ┐д,10003020,дд├cел,10003020-075,дпйMи╜,773,414,359,3216,1615,1601,254,124,130,"102Y12M"
10003,оч╢щ┐д,10003020,дд├cел,10003020-076,╡╪╖Rи╜,640,329,311,2976,1432,1544,286,149,137,"102Y12M"
10003,оч╢щ┐д,10003020,дд├cел,10003020-077,▓°╖qи╜,513,282,231,2794,1365,1429,574,278,296,"102Y12M"
10003,оч╢щ┐д,10003020,дд├cел,10003020-078,ж█кvи╜,608,313,295,2795,1338,1457,570,249,321,"102Y12M"
10003,оч╢щ┐д,10003020,дд├cел,10003020-079,░╖жци╜,1348,723,625,4089,1908,2181,467,214,253,"102Y12M"
10003,оч╢щ┐д,10003020,дд├cел,10003020-080,┐│ени╜,517,269,248,2163,1105,1058,370,178,192,"102Y12M"
10003,оч╢щ┐д,10003020,дд├cел,10003020-081,дд┐│и╜,563,286,277,2919,1336,1583,187,100,87,"102Y12M"
10003,оч╢щ┐д,10003020,дд├cел,10003020-082,└s╖Oи╜,917,470,447,4190,2013,2177,215,96,119,"102Y12M"
10003,оч╢щ┐д,10003020,дд├cел,10003020-083,ж█лHи╜,917,470,447,4592,2194,2398,335,145,190,"102Y12M"
10003,оч╢щ┐д,10003020,дд├cел,10003020-084,кL┤╦и╜,868,492,376,3475,1640,1835,331,163,168,"102Y12M"
10003,оч╢щ┐д,10003020,дд├cел,10003020-085,кў╡╪и╜,684,364,320,3375,1507,1868,233,113,120,"102Y12M"
10003,оч╢щ┐д,10003030,дj╖╦┬э,10003030-001,┐│йMи╜,232,125,107,1319,685,634,330,140,190,"102Y12M"
10003,оч╢щ┐д,10003030,дj╖╦┬э,10003030-002,║╓дпи╜,162,84,78,827,441,386,208,101,107,"102Y12M"
10003,оч╢щ┐д,10003030,дj╖╦┬э,10003030-003,д@д▀и╜,910,495,415,4383,2206,2177,487,222,265,"102Y12M"
10003,оч╢щ┐д,10003030,дj╖╦┬э,10003030-004,д@╝wи╜,992,510,482,4932,2462,2470,643,296,347,"102Y12M"
10003,оч╢щ┐д,10003030,дj╖╦┬э,10003030-005,дым▄и╜,201,114,87,1074,580,494,184,91,93,"102Y12M"
10003,оч╢щ┐д,10003030,дj╖╦┬э,10003030-006,е├║╓и╜,86,47,39,766,435,331,205,103,102,"102Y12M"
10003,оч╢щ┐д,10003030,дj╖╦┬э,10003030-007,м№╡╪и╜,456,226,230,2722,1482,1240,435,207,228,"102Y12M"
10003,оч╢щ┐д,10003030,дj╖╦┬э,10003030-008,║╓жwи╜,274,146,128,1914,1061,853,447,191,256,"102Y12M"
10003,оч╢щ┐д,10003030,дj╖╦┬э,10003030-009,┤_┐│и╜,107,61,46,731,444,287,230,112,118,"102Y12M"
10003,оч╢щ┐д,10003030,дj╖╦┬э,10003030-010,╖sоpи╜,120,64,56,639,370,269,220,103,117,"102Y12M"
10003,оч╢щ┐д,10003030,дj╖╦┬э,10003030-011,▒dжwи╜,180,87,93,1094,601,493,213,97,116,"102Y12M"
10003,оч╢щ┐д,10003030,дj╖╦┬э,10003030-012,╕qйMи╜,225,122,103,1496,814,682,355,170,185,"102Y12M"
10003,оч╢щ┐д,10003030,дj╖╦┬э,10003030-013,╖ч┐│и╜,366,194,172,2330,1318,1012,425,210,215,"102Y12M"
10003,оч╢щ┐д,10003030,дj╖╦┬э,10003030-014,дд╖sи╜,163,83,80,1269,737,532,297,132,165,"102Y12M"
10003,оч╢щ┐д,10003030,дj╖╦┬э,10003030-015,дп╕qи╜,547,269,278,2377,1104,1273,556,311,245,"102Y12M"
10003,оч╢щ┐д,10003030,дj╖╦┬э,10003030-016,╣┤╖Rи╜,460,232,228,2045,1000,1045,493,239,254,"102Y12M"
10003,оч╢щ┐д,10003030,дj╖╦┬э,10003030-017,дп╡╜и╜,1421,732,689,5689,2912,2777,531,260,271,"102Y12M"
10003,оч╢щ┐д,10003030,дj╖╦┬э,10003030-018,дп╖Rи╜,1081,569,512,4342,2194,2148,376,193,183,"102Y12M"
10003,оч╢щ┐д,10003030,дj╖╦┬э,10003030-019,дпкZи╜,576,305,271,2576,1285,1291,323,171,152,"102Y12M"
10003,оч╢щ┐д,10003030,дj╖╦┬э,10003030-020,н√кLи╜,315,163,152,1344,684,660,185,84,101,"102Y12M"
10003,оч╢щ┐д,10003030,дj╖╦┬э,10003030-021,лn┐│и╜,837,451,386,4359,2328,2031,656,331,325,"102Y12M"
10003,оч╢щ┐д,10003030,дj╖╦┬э,10003030-022,╖ч╖╜и╜,686,343,343,3326,1738,1588,485,248,237,"102Y12M"
10003,оч╢щ┐д,10003030,дj╖╦┬э,10003030-023,е·й·и╜,414,222,192,2178,1057,1121,302,160,142,"102Y12M"
10003,оч╢щ┐д,10003030,дj╖╦┬э,10003030-024,дTд╕и╜,546,302,244,2539,1247,1292,392,210,182,"102Y12M"
10003,оч╢щ┐д,10003030,дj╖╦┬э,10003030-025,е╨д▀и╜,899,465,434,4153,2147,2006,520,234,286,"102Y12M"
10003,оч╢щ┐д,10003030,дj╖╦┬э,10003030-026,дпдхи╜,703,383,320,3129,1564,1565,409,200,209,"102Y12M"
10003,оч╢щ┐д,10003030,дj╖╦┬э,10003030-027,дпйMи╜,1174,629,545,4018,2020,1998,350,178,172,"102Y12M"
10003,оч╢щ┐д,10003040,╖и▒Ўел,10003040-001,╖и▒Ўи╜,859,451,408,3227,1611,1616,608,274,334,"102Y12M"
10003,оч╢щ┐д,10003040,╖и▒Ўел,10003040-002,╖иж┐и╜,177,88,89,923,467,456,241,119,122,"102Y12M"
10003,оч╢щ┐д,10003040,╖и▒Ўел,10003040-003,мї▒Ўи╜,459,259,200,2274,1159,1115,483,217,266,"102Y12M"
10003,оч╢щ┐д,10003040,╖и▒Ўел,10003040-004,е├╣чи╜,1280,677,603,5512,2767,2745,577,304,273,"102Y12M"
10003,оч╢щ┐д,10003040,╖и▒Ўел,10003040-005,дjени╜,534,277,257,2819,1472,1347,510,268,242,"102Y12M"
10003,оч╢щ┐д,10003040,╖и▒Ўел,10003040-006,кFмyи╜,440,239,201,2452,1296,1156,370,205,165,"102Y12M"
10003,оч╢щ┐д,10003040,╖и▒Ўел,10003040-007,дЇм№и╜,674,376,298,3517,1830,1687,559,292,267,"102Y12M"
10003,оч╢щ┐д,10003040,╖и▒Ўел,10003040-008,дWе╨и╜,421,230,191,2314,1237,1077,352,184,168,"102Y12M"
10003,оч╢щ┐д,10003040,╖и▒Ўел,10003040-009,▒Ў╖sи╜,383,204,179,1765,928,837,304,140,164,"102Y12M"
10003,оч╢щ┐д,10003040,╖и▒Ўел,10003040-010,дjжPи╜,687,382,305,2883,1496,1387,445,203,242,"102Y12M"
10003,оч╢щ┐д,10003040,╖и▒Ўел,10003040-011,оHд▀и╜,183,98,85,1218,642,576,300,129,171,"102Y12M"
10003,оч╢щ┐д,10003040,╖и▒Ўел,10003040-012,кў└sи╜,203,127,76,899,408,491,185,88,97,"102Y12M"
10003,оч╢щ┐д,10003040,╖и▒Ўел,10003040-013,╖ч╢эи╜,1077,574,503,4188,2057,2131,427,212,215,"102Y12M"
10003,оч╢щ┐д,10003040,╖и▒Ўел,10003040-014,е|║√и╜,889,476,413,3682,1803,1879,251,122,129,"102Y12M"
10003,оч╢щ┐д,10003040,╖и▒Ўел,10003040-015,▒Ў╖╦и╜,619,337,282,2997,1480,1517,174,84,90,"102Y12M"
10003,оч╢щ┐д,10003040,╖и▒Ўел,10003040-016,░кдsи╜,819,419,400,3123,1540,1583,277,137,140,"102Y12M"
10003,оч╢щ┐д,10003040,╖и▒Ўел,10003040-017,░к║aи╜,624,315,309,2766,1456,1310,367,177,190,"102Y12M"
10003,оч╢щ┐д,10003040,╖и▒Ўел,10003040-018,дпм№и╜,536,281,255,3455,1777,1678,615,285,330,"102Y12M"
10003,оч╢щ┐д,10003040,╖и▒Ўел,10003040-019,е·╡╪и╜,525,295,230,2753,1369,1384,592,284,308,"102Y12M"
10003,оч╢щ┐д,10003040,╖и▒Ўел,10003040-020,┤Iйги╜,319,162,157,1592,824,768,356,163,193,"102Y12M"
10003,оч╢щ┐д,10003040,╖и▒Ўел,10003040-021,┬╫│еи╜,650,358,292,3198,1668,1530,523,235,288,"102Y12M"
10003,оч╢щ┐д,10003040,╖и▒Ўел,10003040-022,н√е╗и╜,436,234,202,2099,1127,972,356,184,172,"102Y12M"
10003,оч╢щ┐д,10003040,╖и▒Ўел,10003040-023,╖чньи╜,631,334,297,3348,1736,1612,461,243,218,"102Y12M"
10003,оч╢щ┐д,10003040,╖и▒Ўел,10003040-024,дT┤Єи╜,428,210,218,2356,1224,1132,300,147,153,"102Y12M"
10003,оч╢щ┐д,10003040,╖и▒Ўел,10003040-025,дW┤Єи╜,608,313,295,4390,2280,2110,460,228,232,"102Y12M"
10003,оч╢щ┐д,10003040,╖и▒Ўел,10003040-026,дддsи╜,673,346,327,2683,1263,1420,211,97,114,"102Y12M"
10003,оч╢щ┐д,10003040,╖и▒Ўел,10003040-027,╖ий·и╜,1072,556,516,4195,2041,2154,256,135,121,"102Y12M"
10003,оч╢щ┐д,10003040,╖и▒Ўел,10003040-028,кў╖╦и╜,870,452,418,3143,1479,1664,193,100,93,"102Y12M"
10003,оч╢щ┐д,10003040,╖и▒Ўел,10003040-029,╕╬жии╜,599,306,293,2784,1388,1396,223,128,95,"102Y12M"
10003,оч╢щ┐д,10003040,╖и▒Ўел,10003040-030,иqд~и╜,555,287,268,2952,1533,1419,363,181,182,"102Y12M"
10003,оч╢щ┐д,10003040,╖и▒Ўел,10003040-031,лCдsи╜,569,308,261,3173,1602,1571,214,110,104,"102Y12M"
10003,оч╢щ┐д,10003040,╖и▒Ўел,10003040-032,╖s║aи╜,845,428,417,3223,1581,1642,205,109,96,"102Y12M"
10003,оч╢щ┐д,10003040,╖и▒Ўел,10003040-033,┬∙║aи╜,775,435,340,2809,1363,1446,191,102,89,"102Y12M"
10003,оч╢щ┐д,10003040,╖и▒Ўел,10003040-034,╖чйWи╜,1418,721,697,4977,2452,2525,314,143,171,"102Y12M"
10003,оч╢щ┐д,10003040,╖и▒Ўел,10003040-035,е├ени╜,275,139,136,1668,847,821,180,94,86,"102Y12M"
10003,оч╢щ┐д,10003040,╖и▒Ўел,10003040-036,╖ч╖╦и╜,753,358,395,2569,1226,1343,165,81,84,"102Y12M"
10003,оч╢щ┐д,10003040,╖и▒Ўел,10003040-037,░кдWи╜,454,247,207,2370,1279,1091,320,167,153,"102Y12M"
10003,оч╢щ┐д,10003040,╖и▒Ўел,10003040-038,┤I┬╫и╜,472,273,199,2379,1288,1091,438,215,223,"102Y12M"
10003,оч╢щ┐д,10003040,╖и▒Ўел,10003040-039,╕╬╖sи╜,489,271,218,1882,942,940,129,69,60,"102Y12M"
10003,оч╢щ┐д,10003040,╖и▒Ўел,10003040-040,дTе┴и╜,992,524,468,3028,1420,1608,200,94,106,"102Y12M"
10003,оч╢щ┐д,10003040,╖и▒Ўел,10003040-041,└Y┤Єи╜,669,346,323,2417,1200,1217,116,59,57,"102Y12M"
10003,оч╢щ┐д,10003050,─кж╦╢m,10003050-001,╖s┐│з°,834,451,383,3834,1969,1865,470,218,252,"102Y12M"
10003,оч╢щ┐д,10003050,─кж╦╢m,10003050-002,дд║╓з°,1962,1018,944,7081,3631,3450,594,289,305,"102Y12M"
10003,оч╢щ┐д,10003050,─кж╦╢m,10003050-003,╖s▓°з°,924,501,423,4039,2067,1972,436,220,216,"102Y12M"
10003,оч╢щ┐д,10003050,─кж╦╢m,10003050-004,дjж╦з°,1091,565,526,4190,2044,2146,324,144,180,"102Y12M"
10003,оч╢щ┐д,10003050,─кж╦╢m,10003050-005,дj╡╪з°,6,3,3,79,50,29,23,12,11,"102Y12M"
10003,оч╢щ┐д,10003050,─кж╦╢m,10003050-006,─кж╦з°,660,335,325,3500,1882,1618,576,275,301,"102Y12M"
10003,оч╢щ┐д,10003050,─кж╦╢m,10003050-007,лnоrз°,582,303,279,2756,1339,1417,377,191,186,"102Y12M"
10003,оч╢щ┐д,10003050,─кж╦╢m,10003050-008,└A┐│з°,1122,600,522,4538,2168,2370,287,139,148,"102Y12M"
10003,оч╢щ┐д,10003050,─кж╦╢m,10003050-009,дн║╓з°,2246,1186,1060,7811,3721,4090,432,198,234,"102Y12M"
10003,оч╢щ┐д,10003050,─кж╦╢m,10003050-010,д║нэз°,495,259,236,2473,1358,1115,303,144,159,"102Y12M"
10003,оч╢щ┐д,10003050,─кж╦╢m,10003050-011,дs╗єз°,299,167,132,1680,861,819,234,116,118,"102Y12M"
10003,оч╢щ┐д,10003050,─кж╦╢m,10003050-012,дs╕}з°,673,346,327,3203,1666,1537,462,227,235,"102Y12M"
10003,оч╢щ┐д,10003050,─кж╦╢m,10003050-013,е~к└з°,251,136,115,1203,672,531,255,123,132,"102Y12M"
10003,оч╢щ┐д,10003050,─кж╦╢m,10003050-014,з|дlз°,260,125,135,1435,815,620,327,156,171,"102Y12M"
10003,оч╢щ┐д,10003050,─кж╦╢m,10003050-015,з|дfз°,428,217,211,2125,1130,995,358,170,188,"102Y12M"
10003,оч╢щ┐д,10003050,─кж╦╢m,10003050-016,о№┤Єз°,1074,573,501,4844,2494,2350,475,217,258,"102Y12M"
10003,оч╢щ┐д,10003050,─кж╦╢m,10003050-017,лn║aз°,1134,609,525,4372,2021,2351,345,177,168,"102Y12M"
10003,оч╢щ┐д,10003050,─кж╦╢m,10003050-018,лn┐│з°,6274,3262,3012,19372,9226,10146,1238,566,672,"102Y12M"
10003,оч╢щ┐д,10003050,─кж╦╢m,10003050-019,к°┐│з°,546,308,238,2384,1209,1175,208,102,106,"102Y12M"
10003,оч╢щ┐д,10003050,─кж╦╢m,10003050-020,└Aддз°,578,284,294,2783,1367,1416,340,154,186,"102Y12M"
10003,оч╢щ┐д,10003050,─кж╦╢m,10003050-021,┤Iж╦з°,221,121,100,1165,636,529,169,80,89,"102Y12M"
10003,оч╢щ┐д,10003050,─кж╦╢m,10003050-022,дWж╦з°,714,401,313,3089,1532,1557,245,115,130,"102Y12M"
10003,оч╢щ┐д,10003050,─кж╦╢m,10003050-023,з╗ж╦з°,543,310,233,2587,1405,1182,365,189,176,"102Y12M"
10003,оч╢щ┐д,10003050,─кж╦╢m,10003050-024,е╦╜`з°,710,375,335,2526,1197,1329,198,87,111,"102Y12M"
10003,оч╢щ┐д,10003050,─кж╦╢m,10003050-025,└ч╜Lз°,1741,891,850,6480,3136,3344,383,187,196,"102Y12M"
10003,оч╢щ┐д,10003050,─кж╦╢m,10003050-026,ж╧╕Yз°,3776,1943,1833,10943,5117,5826,792,390,402,"102Y12M"
10003,оч╢щ┐д,10003060,дj╢щ╢m,10003060-001,дj╢щз°,1364,699,665,5483,2789,2694,824,384,440,"102Y12M"
10003,оч╢щ┐д,10003060,дj╢щ╢m,10003060-002,е╨д▀з°,1395,717,678,5401,2755,2646,661,314,347,"102Y12M"
10003,оч╢щ┐д,10003060,дj╢щ╢m,10003060-003,╖╦о№з°,822,437,385,4011,2115,1896,513,234,279,"102Y12M"
10003,оч╢щ┐д,10003060,дj╢щ╢m,10003060-004,йMенз°,229,119,110,1365,758,607,301,144,157,"102Y12M"
10003,оч╢щ┐д,10003060,дj╢щ╢m,10003060-005,╛юоpз°,1490,806,684,6759,3428,3331,689,343,346,"102Y12M"
10003,оч╢щ┐д,10003060,дj╢щ╢m,10003060-006,дн┼vз°,822,411,411,4087,2183,1904,575,286,289,"102Y12M"
10003,оч╢щ┐д,10003060,дj╢щ╢m,10003060-007,оHд▀з°,1081,551,530,5313,2799,2514,735,339,396,"102Y12M"
10003,оч╢щ┐д,10003060,дj╢щ╢m,10003060-008,дjо№з°,262,146,116,1401,715,686,255,118,137,"102Y12M"
10003,оч╢щ┐д,10003060,дj╢щ╢m,10003060-010,дTе█з°,585,315,270,2585,1323,1262,374,188,186,"102Y12M"
10003,оч╢щ┐д,10003060,дj╢щ╢m,10003060-011,Щ┘кLз°,1285,681,604,5878,2968,2910,541,260,281,"102Y12M"
10003,оч╢щ┐д,10003060,дj╢щ╢m,10003060-012,ж╦│Єз°,603,339,264,2837,1441,1396,337,154,183,"102Y12M"
10003,оч╢щ┐д,10003060,дj╢щ╢m,10003060-013,о№дfз°,382,195,187,1630,874,756,210,98,112,"102Y12M"
10003,оч╢щ┐д,10003060,дj╢щ╢m,10003060-014,иF▒[з°,484,245,239,2440,1324,1116,417,199,218,"102Y12M"
10003,оч╢щ┐д,10003060,дj╢щ╢m,10003060-015,лснэз°,456,225,231,2275,1197,1078,256,124,132,"102Y12M"
10003,оч╢щ┐д,10003060,дj╢щ╢m,10003060-016,ж`└Yз°,486,244,242,2248,1178,1070,315,147,168,"102Y12M"
10003,оч╢щ┐д,10003060,дj╢щ╢m,10003060-017,д║о№з°,379,192,187,1875,1021,854,289,131,158,"102Y12M"
10003,оч╢щ┐д,10003060,дj╢щ╢m,10003060-018,е_┤фз°,487,253,234,2410,1270,1140,272,127,145,"102Y12M"
10003,оч╢щ┐д,10003060,дj╢щ╢m,10003060-019,лn┤фз°,950,484,466,4161,2151,2010,301,150,151,"102Y12M"
10003,оч╢щ┐д,10003070,└tдs╢m,10003070-001,╖м╛Ёз°,1233,668,565,4983,2492,2491,448,218,230,"102Y12M"
10003,оч╢щ┐д,10003070,└tдs╢m,10003070-002,└tдsз°,1248,610,638,5477,2735,2742,702,336,366,"102Y12M"
10003,оч╢щ┐д,10003070,└tдs╢m,10003070-003,и▀з|з°,785,411,374,3887,2065,1822,286,150,136,"102Y12M"
10003,оч╢щ┐д,10003070,└tдs╢m,10003070-004,дjжPз°,1148,583,565,5013,2500,2513,537,253,284,"102Y12M"
10003,оч╢щ┐д,10003070,└tдs╢m,10003070-005,дs║╓з°,489,250,239,2830,1437,1393,364,182,182,"102Y12M"
10003,оч╢щ┐д,10003070,└tдs╢m,10003070-006,дs│╗з°,989,513,476,4827,2505,2322,499,252,247,"102Y12M"
10003,оч╢щ┐д,10003070,└tдs╢m,10003070-007,│░е·з°,482,229,253,2684,1371,1313,1047,488,559,"102Y12M"
10003,оч╢щ┐д,10003070,└tдs╢m,10003070-008,║ый╛з°,930,508,422,4082,2010,2072,734,336,398,"102Y12M"
10003,оч╢щ┐д,10003070,└tдs╢m,10003070-009,д╜жшз°,184,101,83,940,479,461,219,110,109,"102Y12M"
10003,оч╢щ┐д,10003070,└tдs╢m,10003070-010,╝╓╡╜з°,514,253,261,3226,1666,1560,207,100,107,"102Y12M"
10003,оч╢щ┐д,10003070,└tдs╢m,10003070-011,лnдWз°,307,154,153,1552,801,751,177,83,94,"102Y12M"
10003,оч╢щ┐д,10003070,└tдs╢m,10003070-012,дjз|з°,312,167,145,1649,865,784,238,120,118,"102Y12M"
10003,оч╢щ┐д,10003070,└tдs╢m,10003070-013,дд┐│з°,679,334,345,4025,2041,1984,577,286,291,"102Y12M"
10003,оч╢щ┐д,10003070,└tдs╢m,10003070-014,дs╝wз°,748,400,348,4433,2203,2230,650,319,331,"102Y12M"
10003,оч╢щ┐д,10003070,└tдs╢m,10003070-015,╖s╕Їз°,958,505,453,4853,2377,2476,784,378,406,"102Y12M"
10003,оч╢щ┐д,10003070,└tдs╢m,10003070-016,└н│╗з°,625,352,273,3516,1825,1691,410,184,226,"102Y12M"
10003,оч╢щ┐д,10003070,└tдs╢m,10003070-017,└s╣╪з°,201,92,109,1608,845,763,205,110,95,"102Y12M"
10003,оч╢щ┐д,10003070,└tдs╢m,10003070-018,┬┬╕Їз°,363,177,186,2019,1081,938,398,189,209,"102Y12M"
10003,оч╢щ┐д,10003070,└tдs╢m,10003070-019,дj▒^з°,653,334,319,3261,1755,1506,472,235,237,"102Y12M"
10003,оч╢щ┐д,10003070,└tдs╢m,10003070-020,дхд╞з°,1245,644,601,5193,2475,2718,343,158,185,"102Y12M"
10003,оч╢щ┐д,10003070,└tдs╢m,10003070-021,лnм№з°,549,296,253,2039,1020,1019,153,71,82,"102Y12M"
10003,оч╢щ┐д,10003070,└tдs╢m,10003070-022,йп║╓з°,901,496,405,4742,2341,2401,370,212,158,"102Y12M"
10003,оч╢щ┐д,10003070,└tдs╢m,10003070-023,║╓╖╜з°,292,156,136,1836,981,855,183,88,95,"102Y12M"
10003,оч╢щ┐д,10003070,└tдs╢m,10003070-024,└s╡╪з°,365,210,155,2878,1438,1440,263,133,130,"102Y12M"
10003,оч╢щ┐д,10003070,└tдs╢m,10003070-025,░j└sз°,622,308,314,4949,2470,2479,391,195,196,"102Y12M"
10003,оч╢щ┐д,10003070,└tдs╢m,10003070-026,╖s└нз°,619,339,280,3582,1828,1754,319,159,160,"102Y12M"
10003,оч╢щ┐д,10003070,└tдs╢m,10003070-027,дj┤Єз°,831,430,401,4176,1959,2217,254,110,144,"102Y12M"
10003,оч╢щ┐д,10003070,└tдs╢m,10003070-028,дj╡╪з°,2020,1078,942,7071,3447,3624,336,169,167,"102Y12M"
10003,оч╢щ┐д,10003070,└tдs╢m,10003070-029,к°й░з°,1035,540,495,3100,1198,1902,87,34,53,"102Y12M"
10003,оч╢щ┐д,10003070,└tдs╢m,10003070-030,╖s┐│з°,323,169,154,2330,1327,1003,445,256,189,"102Y12M"
10003,оч╢щ┐д,10003080,дK╝wел,10003080-001,┐│дпи╜,735,394,341,4415,2369,2046,422,212,210,"102Y12M"
10003,оч╢щ┐д,10003080,дK╝wел,10003080-002,║╓┐│и╜,871,469,402,4241,2152,2089,391,197,194,"102Y12M"
10003,оч╢щ┐д,10003080,дK╝wел,10003080-003,╖ч┬╫и╜,289,157,132,1356,671,685,250,133,117,"102Y12M"
10003,оч╢щ┐д,10003080,дK╝wел,10003080-004,╖ч╡oи╜,569,275,294,2922,1424,1498,456,256,200,"102Y12M"
10003,оч╢щ┐д,10003080,дK╝wел,10003080-005,╖ч╝wи╜,585,296,289,3120,1538,1582,502,249,253,"102Y12M"
10003,оч╢щ┐д,10003080,дK╝wел,10003080-006,╖ч▓╗и╜,550,281,269,2914,1505,1409,406,205,201,"102Y12M"
10003,оч╢щ┐д,10003080,дK╝wел,10003080-007,╝s┐│и╜,457,245,212,2879,1510,1369,387,210,177,"102Y12M"
10003,оч╢щ┐д,10003080,дK╝wел,10003080-008,╝s╢йи╜,702,365,337,3704,1876,1828,440,220,220,"102Y12M"
10003,оч╢щ┐д,10003080,дK╝wел,10003080-009,ж╦╢щи╜,491,259,232,3139,1637,1502,368,190,178,"102Y12M"
10003,оч╢щ┐д,10003080,дK╝wел,10003080-010,╛]╕╠и╜,348,185,163,1828,955,873,272,147,125,"102Y12M"
10003,оч╢щ┐д,10003080,дK╝wел,10003080-011,нX╨ди╜,529,275,254,2355,1194,1161,191,93,98,"102Y12M"
10003,оч╢щ┐д,10003080,дK╝wел,10003080-012,░кй·и╜,577,301,276,3330,1653,1677,331,184,147,"102Y12M"
10003,оч╢щ┐д,10003080,дK╝wел,10003080-013,е╒╞Oи╜,616,313,303,2798,1450,1348,347,178,169,"102Y12M"
10003,оч╢щ┐д,10003080,дK╝wел,10003080-014,дj┘їи╜,548,295,253,3466,1783,1683,303,151,152,"102Y12M"
10003,оч╢щ┐д,10003080,дK╝wел,10003080-015,дjжwи╜,546,283,263,2914,1466,1448,243,134,109,"102Y12M"
10003,оч╢щ┐д,10003080,дK╝wел,10003080-016,дj┐│и╜,736,376,360,3062,1529,1533,286,155,131,"102Y12M"
10003,оч╢щ┐д,10003080,дK╝wел,10003080-017,дjйMи╜,1362,693,669,5783,2792,2991,430,209,221,"102Y12M"
10003,оч╢щ┐д,10003080,дK╝wел,10003080-018,дjжPи╜,261,146,115,1335,659,676,223,96,127,"102Y12M"
10003,оч╢щ┐д,10003080,дK╝wел,10003080-019,дjжии╜,578,290,288,2767,1438,1329,553,253,300,"102Y12M"
10003,оч╢щ┐д,10003080,дK╝wел,10003080-020,дj╕qи╜,668,353,315,3289,1598,1691,458,235,223,"102Y12M"
10003,оч╢щ┐д,10003080,дK╝wел,10003080-021,дjй╛и╜,430,223,207,1478,727,751,237,120,117,"102Y12M"
10003,оч╢щ┐д,10003080,дK╝wел,10003080-022,дj║╓и╜,1211,655,556,4555,2143,2412,425,200,225,"102Y12M"
10003,оч╢щ┐д,10003080,дK╝wел,10003080-023,дjлiи╜,719,350,369,3452,1687,1765,243,114,129,"102Y12M"
10003,оч╢щ┐д,10003080,дK╝wел,10003080-024,дjлHи╜,466,253,213,2774,1423,1351,1073,918,155,"102Y12M"
10003,оч╢щ┐д,10003080,дK╝wел,10003080-025,дj╡╪и╜,388,202,186,2176,1118,1058,227,115,112,"102Y12M"
10003,оч╢щ┐д,10003080,дK╝wел,10003080-026,дjдпи╜,764,387,377,3709,1822,1887,328,172,156,"102Y12M"
10003,оч╢щ┐д,10003080,дK╝wел,10003080-027,дj┤╝и╜,398,205,193,2756,1350,1406,358,181,177,"102Y12M"
10003,оч╢щ┐д,10003080,дK╝wел,10003080-028,╖чоїи╜,639,337,302,3718,1862,1856,312,159,153,"102Y12M"
10003,оч╢щ┐д,10003080,дK╝wел,10003080-029,дjйўи╜,465,234,231,2542,1274,1268,330,152,178,"102Y12M"
10003,оч╢щ┐д,10003080,дK╝wел,10003080-030,дjе┐и╜,953,478,475,3677,1727,1950,289,132,157,"102Y12M"
10003,оч╢щ┐д,10003080,дK╝wел,10003080-031,дj▒jи╜,511,252,259,2801,1442,1359,253,126,127,"102Y12M"
10003,оч╢щ┐д,10003080,дK╝wел,10003080-032,дj╡oи╜,279,149,130,1819,981,838,187,91,96,"102Y12M"
10003,оч╢щ┐д,10003080,дK╝wел,10003080-033,дjй·и╜,623,330,293,3219,1578,1641,227,112,115,"102Y12M"
10003,оч╢щ┐д,10003080,дK╝wел,10003080-034,дjж╦и╜,246,113,133,1350,702,648,172,93,79,"102Y12M"
10003,оч╢щ┐д,10003080,дK╝wел,10003080-035,дj╝yи╜,228,114,114,1309,668,641,159,79,80,"102Y12M"
10003,оч╢щ┐д,10003080,дK╝wел,10003080-036,дjдdи╜,397,215,182,1918,890,1028,168,81,87,"102Y12M"
10003,оч╢щ┐д,10003080,дK╝wел,10003080-037,дj║aи╜,268,146,122,1738,887,851,201,94,107,"102Y12M"
10003,оч╢щ┐д,10003080,дK╝wел,10003080-038,нXй·и╜,728,379,349,3746,1801,1945,341,168,173,"102Y12M"
10003,оч╢щ┐д,10003080,дK╝wел,10003080-039,░кл░и╜,502,244,258,2712,1344,1368,304,154,150,"102Y12M"
10003,оч╢щ┐д,10003080,дK╝wел,10003080-040,╖ч┐│и╜,367,197,170,2259,1166,1093,238,110,128,"102Y12M"
10003,оч╢щ┐д,10003080,дK╝wел,10003080-041,дj╖Rи╜,403,212,191,2130,1053,1077,220,115,105,"102Y12M"
10003,оч╢щ┐д,10003080,дK╝wел,10003080-042,дjз╗и╜,680,367,313,2919,1420,1499,189,91,98,"102Y12M"
10003,оч╢щ┐д,10003080,дK╝wел,10003080-043,дj║~и╜,725,356,369,3542,1702,1840,156,75,81,"102Y12M"
10003,оч╢щ┐д,10003080,дK╝wел,10003080-044,╝s╝wи╜,313,191,122,2504,1300,1204,223,107,116,"102Y12M"
10003,оч╢щ┐д,10003080,дK╝wел,10003080-045,└sд═и╜,410,198,212,1904,948,956,341,179,162,"102Y12M"
10003,оч╢щ┐д,10003080,дK╝wел,10003080-046,│░е·и╜,777,425,352,3488,1695,1793,840,427,413,"102Y12M"
10003,оч╢щ┐д,10003080,дK╝wел,10003080-047,е├┬╫и╜,527,274,253,2603,1324,1279,320,166,154,"102Y12M"
10003,оч╢щ┐д,10003080,дK╝wел,10003080-048,дj╢╢и╜,385,198,187,2400,1254,1146,247,126,121,"102Y12M"
10003,оч╢щ┐д,10003090,└s╝ц╢m,10003090-001,╢└нЁз°,743,369,374,3943,2042,1901,456,238,218,"102Y12M"
10003,оч╢щ┐д,10003090,└s╝ц╢m,10003090-002,дддsз°,929,470,459,4215,2091,2124,692,339,353,"102Y12M"
10003,оч╢щ┐д,10003090,└s╝ц╢m,10003090-003,пQкLз°,647,330,317,3431,1726,1705,438,232,206,"102Y12M"
10003,оч╢щ┐д,10003090,└s╝ц╢m,10003090-004,░кенз°,455,223,232,2731,1405,1326,349,170,179,"102Y12M"
10003,оч╢щ┐д,10003090,└s╝ц╢m,10003090-006,нт╢│з°,546,280,266,2930,1500,1430,432,228,204,"102Y12M"
10003,оч╢щ┐д,10003090,└s╝ц╢m,10003090-007,дK╝wз°,579,284,295,3607,1869,1738,425,233,192,"102Y12M"
10003,оч╢щ┐д,10003090,└s╝ц╢m,10003090-008,дTдЇз°,89,39,50,524,313,211,159,81,78,"102Y12M"
10003,оч╢щ┐д,10003090,└s╝ц╢m,10003090-009,дWкLз°,786,419,367,3700,1872,1828,447,236,211,"102Y12M"
10003,оч╢щ┐д,10003090,└s╝ц╢m,10003090-010,дде┐з°,1263,649,614,4251,2064,2187,378,191,187,"102Y12M"
10003,оч╢щ┐д,10003090,└s╝ц╢m,10003090-011,└s╝цз°,289,150,139,1651,859,792,379,186,193,"102Y12M"
10003,оч╢щ┐д,10003090,└s╝ц╢m,10003090-012,░кньз°,785,400,385,3680,1899,1781,426,216,210,"102Y12M"
10003,оч╢щ┐д,10003090,└s╝ц╢m,10003090-013,дE└sз°,598,316,282,3185,1593,1592,375,203,172,"102Y12M"
10003,оч╢щ┐д,10003090,└s╝ц╢m,10003090-014,дд┐│з°,770,418,352,3859,1940,1919,418,225,193,"102Y12M"
10003,оч╢щ┐д,10003090,└s╝ц╢m,10003090-015,и╬жwз°,604,293,311,2804,1415,1389,509,238,271,"102Y12M"
10003,оч╢щ┐д,10003090,└s╝ц╢m,10003090-016,дTйMз°,368,200,168,1850,933,917,244,116,128,"102Y12M"
10003,оч╢щ┐д,10003090,└s╝ц╢m,10003090-017,дTз|з°,206,109,97,1297,707,590,283,140,143,"102Y12M"
10003,оч╢щ┐д,10003090,└s╝ц╢m,10003090-018,дjенз°,251,124,127,1648,831,817,270,148,122,"102Y12M"
10003,оч╢щ┐д,10003090,└s╝ц╢m,10003090-019,дTкLз°,489,252,237,2581,1283,1298,295,159,136,"102Y12M"
10003,оч╢щ┐д,10003090,└s╝ц╢m,10003090-020,е├┐│з°,516,276,240,2574,1324,1250,340,165,175,"102Y12M"
10003,оч╢щ┐д,10003090,└s╝ц╢m,10003090-021,пQ╛ЁкLз°,381,201,180,2030,1051,979,294,149,145,"102Y12M"
10003,оч╢щ┐д,10003090,└s╝ц╢m,10003090-022,ж╩ж~з°,789,419,370,3461,1597,1864,392,181,211,"102Y12M"
10003,оч╢щ┐д,10003090,└s╝ц╢m,10003090-023,└s▓╗з°,565,303,262,2925,1468,1457,386,204,182,"102Y12M"
10003,оч╢щ┐д,10003090,└s╝ц╢m,10003090-024,╕t╝wз°,464,245,219,2763,1418,1345,241,119,122,"102Y12M"
10003,оч╢щ┐д,10003090,└s╝ц╢m,10003090-025,└sмPз°,927,504,423,3924,1993,1931,458,237,221,"102Y12M"
10003,оч╢щ┐д,10003090,└s╝ц╢m,10003090-026,дW╡╪з°,709,347,362,2741,1331,1410,311,158,153,"102Y12M"
10003,оч╢щ┐д,10003090,└s╝ц╢m,10003090-027,кZ║~з°,488,261,227,2461,1220,1241,262,144,118,"102Y12M"
10003,оч╢щ┐д,10003090,└s╝ц╢m,10003090-028,кF┐│з°,717,395,322,3559,1746,1813,513,295,218,"102Y12M"
10003,оч╢щ┐д,10003090,└s╝ц╢m,10003090-029,е_┐│з°,365,195,170,2027,1019,1008,253,130,123,"102Y12M"
10003,оч╢щ┐д,10003090,└s╝ц╢m,10003090-030,л╪кLз°,681,360,321,3422,1662,1760,368,202,166,"102Y12M"
10003,оч╢щ┐д,10003090,└s╝ц╢m,10003090-031,┤IкLз°,593,313,280,3206,1527,1679,363,201,162,"102Y12M"
10003,оч╢щ┐д,10003100,ен┬эел,10003100-001,┬∙│sи╜,944,535,409,4205,2124,2081,555,287,268,"102Y12M"
10003,оч╢щ┐д,10003100,ен┬эел,10003100-002,░к┬∙и╜,897,482,415,3745,1889,1856,394,196,198,"102Y12M"
10003,оч╢щ┐д,10003100,ен┬эел,10003100-003,┤_е╣и╜,1479,789,690,4942,2355,2587,226,93,133,"102Y12M"
10003,оч╢щ┐д,10003100,ен┬эел,10003100-004,╝s┐│и╜,1007,516,491,4627,2226,2401,641,291,350,"102Y12M"
10003,оч╢щ┐д,10003100,ен┬эел,10003100-005,╕qе┴и╜,972,501,471,4541,2145,2396,379,180,199,"102Y12M"
10003,оч╢щ┐д,10003100,ен┬эел,10003100-006,з║л╬и╜,718,385,333,3458,1707,1751,350,160,190,"102Y12M"
10003,оч╢щ┐д,10003100,ен┬эел,10003100-007,╖s╢╒и╜,663,356,307,3290,1666,1624,488,228,260,"102Y12M"
10003,оч╢щ┐д,10003100,ен┬эел,10003100-008,╖s┤Iи╜,997,518,479,5534,2857,2677,426,230,196,"102Y12M"
10003,оч╢щ┐д,10003100,ен┬эел,10003100-009,е_╢╒и╜,371,182,189,2087,1059,1028,415,208,207,"102Y12M"
10003,оч╢щ┐д,10003100,ен┬эел,10003100-010,е_┐│и╜,773,420,353,3726,1856,1870,430,219,211,"102Y12M"
10003,оч╢щ┐д,10003100,ен┬эел,10003100-011,е_╢Qи╜,697,361,336,3766,1901,1865,290,143,147,"102Y12M"
10003,оч╢щ┐д,10003100,ен┬эел,10003100-012,ен┬эи╜,666,335,331,3651,1937,1714,481,248,233,"102Y12M"
10003,оч╢щ┐д,10003100,ен┬эел,10003100-013,лn╢╒и╜,1019,534,485,4905,2451,2454,461,223,238,"102Y12M"
10003,оч╢щ┐д,10003100,ен┬эел,10003100-014,▓°╖qи╜,711,367,344,3740,1847,1893,605,328,277,"102Y12M"
10003,оч╢щ┐д,10003100,ен┬эел,10003100-015,дsоpи╜,380,213,167,2103,1051,1052,330,180,150,"102Y12M"
10003,оч╢щ┐д,10003100,ен┬эел,10003100-016,┤ще·и╜,954,489,465,4736,2333,2403,547,268,279,"102Y12M"
10003,оч╢щ┐д,10003100,ен┬эел,10003100-017,└sожи╜,480,244,236,2419,1162,1257,424,230,194,"102Y12M"
10003,оч╢щ┐д,10003100,ен┬эел,10003100-018,кFк└и╜,590,317,273,2912,1433,1479,498,262,236,"102Y12M"
10003,оч╢щ┐д,10003100,ен┬эел,10003100-019,└s┐│и╜,571,301,270,2201,1041,1160,395,207,188,"102Y12M"
10003,оч╢щ┐д,10003100,ен┬эел,10003100-020,╢TйЎи╜,490,259,231,1611,805,806,195,90,105,"102Y12M"
10003,оч╢щ┐д,10003100,ен┬эел,10003100-021,й╛нsи╜,103,59,44,420,194,226,62,25,37,"102Y12M"
10003,оч╢щ┐д,10003100,ен┬эел,10003100-022,дде┐и╜,397,197,200,1428,690,738,127,57,70,"102Y12M"
10003,оч╢щ┐д,10003100,ен┬эел,10003100-023,л╪жwи╜,668,341,327,3829,1987,1842,453,221,232,"102Y12M"
10003,оч╢щ┐д,10003100,ен┬эел,10003100-024,кF╢╒и╜,903,478,425,4576,2428,2148,558,282,276,"102Y12M"
10003,оч╢щ┐д,10003100,ен┬эел,10003100-025,кFжwи╜,461,249,212,2544,1232,1312,320,171,149,"102Y12M"
10003,оч╢щ┐д,10003100,ен┬эел,10003100-026,╖sжwи╜,650,343,307,3608,1794,1814,352,193,159,"102Y12M"
10003,оч╢щ┐д,10003100,ен┬эел,10003100-027,┬э┐│и╜,485,246,239,2645,1410,1235,382,193,189,"102Y12M"
10003,оч╢щ┐д,10003100,ен┬эел,10003100-028,╕q┐│и╜,1388,741,647,5957,2905,3052,693,330,363,"102Y12M"
10003,оч╢щ┐д,10003100,ен┬эел,10003100-029,┤щ┬╫и╜,295,148,147,1600,806,794,174,94,80,"102Y12M"
10003,оч╢щ┐д,10003100,ен┬эел,10003100-030,┤щжwи╜,887,473,414,3809,1927,1882,301,159,142,"102Y12M"
10003,оч╢щ┐д,10003100,ен┬эел,10003100-031,╝s╣Fи╜,634,330,304,3120,1534,1586,402,187,215,"102Y12M"
10003,оч╢щ┐д,10003100,ен┬эел,10003100-032,║╓кLи╜,604,329,275,2777,1416,1361,352,181,171,"102Y12M"
10003,оч╢щ┐д,10003100,ен┬эел,10003100-033,кўмPи╜,1194,624,570,4668,2307,2361,248,124,124,"102Y12M"
10003,оч╢щ┐д,10003100,ен┬эел,10003100-034,╝sдпи╜,774,381,393,3954,1932,2022,364,189,175,"102Y12M"
10003,оч╢щ┐д,10003100,ен┬эел,10003100-035,╖s╢Qи╜,492,246,246,2793,1425,1368,364,195,169,"102Y12M"
10003,оч╢щ┐д,10003100,ен┬эел,10003100-036,е_┤Iи╜,671,339,332,3548,1786,1762,338,168,170,"102Y12M"
10003,оч╢щ┐д,10003100,ен┬эел,10003100-037,╖s║aи╜,769,416,353,4481,2182,2299,392,185,207,"102Y12M"
10003,оч╢щ┐д,10003100,ен┬эел,10003100-038,╡╪жwи╜,858,420,438,3909,1915,1994,386,220,166,"102Y12M"
10003,оч╢щ┐д,10003100,ен┬эел,10003100-039,кў│ои╜,517,262,255,2398,1147,1251,248,125,123,"102Y12M"
10003,оч╢щ┐д,10003100,ен┬эел,10003100-040,е_жwи╜,303,167,136,1312,664,648,295,147,148,"102Y12M"
10003,оч╢щ┐д,10003100,ен┬эел,10003100-041,е_╡╪и╜,700,358,342,3208,1558,1650,308,155,153,"102Y12M"
10003,оч╢щ┐д,10003100,ен┬эел,10003100-042,┤_┐│и╜,1377,714,663,4576,2209,2367,368,168,200,"102Y12M"
10003,оч╢щ┐д,10003100,ен┬эел,10003100-043,ен┐│и╜,1432,732,700,4540,2144,2396,232,101,131,"102Y12M"
10003,оч╢щ┐д,10003100,ен┬эел,10003100-044,╖sн^и╜,580,307,273,2948,1414,1534,164,77,87,"102Y12M"
10003,оч╢щ┐д,10003100,ен┬эел,10003100-045,енжwи╜,742,377,365,3529,1811,1718,413,219,194,"102Y12M"
10003,оч╢щ┐д,10003100,ен┬эел,10003100-046,енлnи╜,1162,617,545,5178,2611,2567,341,170,171,"102Y12M"
10003,оч╢щ┐д,10003110,╖sл╬╢m,10003110-001,╖sл╬з°,555,289,266,2336,1222,1114,527,237,290,"102Y12M"
10003,оч╢щ┐д,10003110,╖sл╬╢m,10003110-002,╖sе═з°,864,466,398,3393,1713,1680,531,245,286,"102Y12M"
10003,оч╢щ┐д,10003110,╖sл╬╢m,10003110-003,лс┤Єз°,294,159,135,1209,658,551,260,129,131,"102Y12M"
10003,оч╢щ┐д,10003110,╖sл╬╢m,10003110-004,▓M╡╪з°,644,357,287,3270,1730,1540,502,247,255,"102Y12M"
10003,оч╢щ┐д,10003110,╖sл╬╢m,10003110-005,└Yмwз°,626,332,294,3137,1681,1456,450,206,244,"102Y12M"
10003,оч╢щ┐д,10003110,╖sл╬╢m,10003110-006,оH│╗з°,403,200,203,2309,1271,1038,360,173,187,"102Y12M"
10003,оч╢щ┐д,10003110,╖sл╬╢m,10003110-007,дEдцз°,349,180,169,1998,1042,956,335,158,177,"102Y12M"
10003,оч╢щ┐д,10003110,╖sл╬╢m,10003110-008,к└дlз°,201,116,85,1133,645,488,309,155,154,"102Y12M"
10003,оч╢щ┐д,10003110,╖sл╬╢m,10003110-009,кFй·з°,225,121,104,1239,650,589,241,115,126,"102Y12M"
10003,оч╢щ┐д,10003110,╖sл╬╢m,10003110-010,е█╜Uз°,346,174,172,1688,919,769,341,162,179,"102Y12M"
10003,оч╢щ┐д,10003110,╖sл╬╢m,10003110-011,дUоHз°,78,42,36,571,341,230,162,69,93,"102Y12M"
10003,оч╢щ┐д,10003110,╖sл╬╢m,10003110-012,дUе╨з°,260,125,135,1435,814,621,357,170,187,"102Y12M"
10003,оч╢щ┐д,10003110,╖sл╬╢m,10003110-013,е█╡Pз°,116,52,64,738,430,308,191,90,101,"102Y12M"
10003,оч╢щ┐д,10003110,╖sл╬╢m,10003110-014,ик─цз°,164,71,93,1078,593,485,233,115,118,"102Y12M"
10003,оч╢щ┐д,10003110,╖sл╬╢m,10003110-015,е├┐│з°,124,77,47,784,443,341,217,111,106,"102Y12M"
10003,оч╢щ┐д,10003110,╖sл╬╢m,10003110-016,е├жwз°,357,182,175,1980,1099,881,422,196,226,"102Y12M"
10003,оч╢щ┐д,10003110,╖sл╬╢m,10003110-017,▓┬┤фз°,141,74,67,830,487,343,240,113,127,"102Y12M"
10003,оч╢щ┐д,10003110,╖sл╬╢m,10003110-018,▓`ж`з°,78,38,40,490,292,198,165,88,77,"102Y12M"
10003,оч╢щ┐д,10003110,╖sл╬╢m,10003110-019,│H╢бз°,134,65,69,765,444,321,151,83,68,"102Y12M"
10003,оч╢щ┐д,10003110,╖sл╬╢m,10003110-020,Юї╖}з°,128,66,62,898,521,377,215,107,108,"102Y12M"
10003,оч╢щ┐д,10003110,╖sл╬╢m,10003110-021,лс╔▄з°,123,65,58,877,526,351,241,123,118,"102Y12M"
10003,оч╢щ┐д,10003110,╖sл╬╢m,10003110-022,дjйYз°,207,117,90,1058,604,454,315,162,153,"102Y12M"
10003,оч╢щ┐д,10003110,╖sл╬╢m,10003110-023,▒ц╢бз°,147,69,78,1121,704,417,359,185,174,"102Y12M"
10003,оч╢щ┐д,10003120,╞[н╡╢m,10003120-001,╞[н╡з°,465,244,221,2309,1260,1049,455,204,251,"102Y12M"
10003,оч╢щ┐д,10003120,╞[н╡╢m,10003120-002,е╒е╔з°,147,74,73,910,521,389,217,100,117,"102Y12M"
10003,оч╢щ┐д,10003120,╞[н╡╢m,10003120-003,╝s┐│з°,220,124,96,1167,659,508,255,130,125,"102Y12M"
10003,оч╢щ┐д,10003120,╞[н╡╢m,10003120-004,дj╝цз°,246,129,117,1362,742,620,253,121,132,"102Y12M"
10003,оч╢щ┐д,10003120,╞[н╡╢m,10003120-005,кZл┬з°,143,77,66,714,398,316,172,79,93,"102Y12M"
10003,оч╢щ┐д,10003120,╞[н╡╢m,10003120-006,лOе═з°,359,191,168,1747,938,809,326,164,162,"102Y12M"
10003,оч╢щ┐д,10003120,╞[н╡╢m,10003120-007,дTйMз°,119,63,56,736,412,324,176,84,92,"102Y12M"
10003,оч╢щ┐д,10003120,╞[н╡╢m,10003120-008,╖s┐│з°,96,55,41,606,354,252,156,77,79,"102Y12M"
10003,оч╢щ┐д,10003120,╞[н╡╢m,10003120-009,з|з└з°,249,139,110,1349,765,584,259,127,132,"102Y12M"
10003,оч╢щ┐д,10003120,╞[н╡╢m,10003120-010,кў┤Єз°,505,258,247,2297,1222,1075,331,159,172,"102Y12M"
10003,оч╢щ┐д,10003120,╞[н╡╢m,10003120-011,┬┼оHз°,384,197,187,2115,1161,954,323,168,155,"102Y12M"
10003,оч╢щ┐д,10003120,╞[н╡╢m,10003120-012,дjжPз°,696,385,311,2702,1349,1353,325,147,178,"102Y12M"
10003,оч╢щ┐д,10003120,╞[н╡╢m,10003120-013,дj╘│з°,249,140,109,1242,679,563,185,87,98,"102Y12M"
10003,оч╢щ┐д,10003120,╞[н╡╢m,10003120-014,▒[йWз°,729,378,351,4221,2203,2018,576,274,302,"102Y12M"
10003,оч╢щ┐д,10003120,╞[н╡╢m,10003120-015,┤I╖╜з°,622,322,300,3182,1602,1580,332,173,159,"102Y12M"
10003,оч╢щ┐д,10003120,╞[н╡╢m,10003120-016,дWдjз°,383,206,177,2044,1099,945,276,128,148,"102Y12M"
10003,оч╢щ┐д,10003120,╞[н╡╢m,10003120-017,╖sйYз°,533,278,255,2481,1354,1127,472,223,249,"102Y12M"
10003,оч╢щ┐д,10003120,╞[н╡╢m,10003120-018,╝s║╓з°,384,191,193,1995,1095,900,343,152,191,"102Y12M"
10003,оч╢щ┐д,10003120,╞[н╡╢m,10003120-019,╢Ё╕}з°,185,115,70,875,498,377,206,95,111,"102Y12M"
10003,оч╢щ┐д,10003120,╞[н╡╢m,10003120-020,лO╗┘з°,455,235,220,1844,973,871,287,135,152,"102Y12M"
10003,оч╢щ┐д,10003120,╞[н╡╢m,10003120-021,пє║кз°,1712,867,845,5800,2937,2863,487,237,250,"102Y12M"
10003,оч╢щ┐д,10003120,╞[н╡╢m,10003120-022,╛ЁкLз°,594,313,281,2702,1411,1291,366,170,196,"102Y12M"
10003,оч╢щ┐д,10003120,╞[н╡╢m,10003120-023,┤IкLз°,417,205,212,1693,891,802,240,113,127,"102Y12M"
10003,оч╢щ┐д,10003130,┤_┐│╢m,10003130-001,дTе┴з°,308,174,134,1581,879,702,312,164,148,"102Y12M"
10003,оч╢щ┐д,10003130,┤_┐│╢m,10003130-002,┐Aдпз°,229,113,116,1094,599,495,213,114,99,"102Y12M"
10003,оч╢щ┐д,10003130,┤_┐│╢m,10003130-003,╕q▓▒з°,145,72,73,582,335,247,65,29,36,"102Y12M"
10003,оч╢щ┐д,10003130,┤_┐│╢m,10003130-004,┴°╢│з°,114,56,58,464,275,189,52,24,28,"102Y12M"
10003,оч╢щ┐д,10003130,┤_┐│╢m,10003130-005,к°┐│з°,103,61,42,516,304,212,79,43,36,"102Y12M"
10003,оч╢щ┐д,10003130,┤_┐│╢m,10003130-006,дTе·з°,135,83,52,483,273,210,59,28,31,"102Y12M"
10003,оч╢щ┐д,10003130,┤_┐│╢m,10003130-007,л╢╜ўз°,115,59,56,534,296,238,53,23,30,"102Y12M"
10003,оч╢щ┐д,10003130,┤_┐│╢m,10003130-008,╡╪│оз°,242,123,119,963,560,403,148,96,52,"102Y12M"
10003,оч╢щ┐д,10003130,┤_┐│╢m,10003130-009,├╣пBз°,172,79,93,852,475,377,103,50,53,"102Y12M"
10003,оч╢щ┐д,10003130,┤_┐│╢m,10003130-010,░к╕qз°,203,106,97,650,370,280,56,30,26,"102Y12M"
10004,╖sж╦┐д,10004010,ж╦е_ел,10004010-001,дц▒[и╜,3772,1919,1853,9193,4382,4811,512,246,266,"102Y12M"
10004,╖sж╦┐д,10004010,ж╦е_ел,10004010-002,│└│їи╜,3591,1837,1754,6644,3198,3446,405,184,221,"102Y12M"
10004,╖sж╦┐д,10004010,ж╦е_ел,10004010-003,кFени╜,3533,1815,1718,7381,3569,3812,255,132,123,"102Y12M"
10004,╖sж╦┐д,10004010,ж╦е_ел,10004010-004,дд┐│и╜,1696,876,820,4842,2397,2445,299,152,147,"102Y12M"
10004,╖sж╦┐д,10004010,ж╦е_ел,10004010-005,╣iдfи╜,455,235,220,1652,867,785,184,93,91,"102Y12M"
10004,╖sж╦┐д,10004010,ж╦е_ел,10004010-006,кFо№и╜,477,251,226,2821,1493,1328,465,214,251,"102Y12M"
10004,╖sж╦┐д,10004010,ж╦е_ел,10004010-007,ж╦е_и╜,1864,981,883,5058,2461,2597,542,259,283,"102Y12M"
10004,╖sж╦┐д,10004010,ж╦е_ел,10004010-008,ж╦дпи╜,2574,1353,1221,8065,3864,4201,957,456,501,"102Y12M"
10004,╖sж╦┐д,10004010,ж╦е_ел,10004010-009,ж╦╕qи╜,1204,656,548,4835,2436,2399,609,287,322,"102Y12M"
10004,╖sж╦┐д,10004010,ж╦е_ел,10004010-010,оїйMи╜,1365,736,629,4929,2434,2495,511,252,259,"102Y12M"
10004,╖sж╦┐д,10004010,ж╦е_ел,10004010-011,╖sк└и╜,1450,780,670,6231,3045,3186,737,367,370,"102Y12M"
10004,╖sж╦┐д,10004010,ж╦е_ел,10004010-012,┴p┐│и╜,839,452,387,4057,2093,1964,456,220,236,"102Y12M"
10004,╖sж╦┐д,10004010,ж╦е_ел,10004010-013,│┬╢щи╜,287,141,146,1650,877,773,216,110,106,"102Y12M"
10004,╖sж╦┐д,10004010,ж╦е_ел,10004010-014,╖╦ж{и╜,382,189,193,2122,1106,1016,304,149,155,"102Y12M"
10004,╖sж╦┐д,10004010,ж╦е_ел,10004010-015,е╒жaи╜,375,184,191,1897,984,913,252,112,140,"102Y12M"
10004,╖sж╦┐д,10004010,ж╦е_ел,10004010-016,╖s┤фи╜,218,109,109,1030,543,487,206,92,114,"102Y12M"
10004,╖sж╦┐д,10004010,ж╦е_ел,10004010-017,дj╕qи╜,260,128,132,1380,750,630,246,123,123,"102Y12M"
10004,╖sж╦┐д,10004010,ж╦е_ел,10004010-018,▒R╕qи╜,368,199,169,1680,913,767,291,127,164,"102Y12M"
10004,╖sж╦┐д,10004010,ж╦е_ел,10004010-019,дjм▄и╜,274,147,127,1588,813,775,186,81,105,"102Y12M"
10004,╖sж╦┐д,10004010,ж╦е_ел,10004010-020,й|╕qи╜,287,156,131,1318,714,604,291,137,154,"102Y12M"
10004,╖sж╦┐д,10004010,ж╦е_ел,10004010-021,дQ┐│и╜,3483,1796,1687,5792,2684,3108,270,106,164,"102Y12M"
10004,╖sж╦┐д,10004010,ж╦е_ел,10004010-022,╖s░ъи╜,951,482,469,4329,2214,2115,506,242,264,"102Y12M"
10004,╖sж╦┐д,10004010,ж╦е_ел,10004010-023,╖s╔▄и╜,154,83,71,958,504,454,160,79,81,"102Y12M"
10004,╖sж╦┐д,10004010,ж╦е_ел,10004010-024,е_▒[и╜,1315,676,639,3648,1744,1904,283,142,141,"102Y12M"
10004,╖sж╦┐д,10004010,ж╦е_ел,10004010-025,╖s▒[и╜,1118,616,502,5260,2694,2566,496,236,260,"102Y12M"
10004,╖sж╦┐д,10004010,ж╦е_ел,10004010-026,║╓╝wи╜,728,394,334,2851,1383,1468,495,232,263,"102Y12M"
10004,╖sж╦┐д,10004010,ж╦е_ел,10004010-027,кF┐│и╜,1056,552,504,3359,1668,1691,322,145,177,"102Y12M"
10004,╖sж╦┐д,10004010,ж╦е_ел,10004010-028,е_┐│и╜,141,78,63,496,264,232,64,29,35,"102Y12M"
10004,╖sж╦┐д,10004010,ж╦е_ел,10004010-029,┐│жwи╜,1291,650,641,3106,1498,1608,184,81,103,"102Y12M"
10004,╖sж╦┐д,10004010,ж╦е_ел,10004010-030,дхд╞и╜,1179,628,551,3059,1433,1626,227,96,131,"102Y12M"
10004,╖sж╦┐д,10004020,ж╦кF┬э,10004020-001,дWйWи╜,49,24,25,223,135,88,97,50,47,"102Y12M"
10004,╖sж╦┐д,10004020,ж╦кF┬э,10004020-002,╖чоpи╜,43,17,26,337,184,153,91,54,37,"102Y12M"
10004,╖sж╦┐д,10004020,ж╦кF┬э,10004020-003,│n╛Їи╜,38,22,16,287,176,111,91,48,43,"102Y12M"
10004,╖sж╦┐д,10004020,ж╦кF┬э,10004020-004,н√╘°и╜,327,164,163,1966,1007,959,375,183,192,"102Y12M"
10004,╖sж╦┐д,10004020,ж╦кF┬э,10004020-005,кF╣чи╜,454,235,219,2812,1416,1396,542,234,308,"102Y12M"
10004,╖sж╦┐д,10004020,ж╦кF┬э,10004020-006,дWБFи╜,1697,886,811,8211,4111,4100,1089,491,598,"102Y12M"
10004,╖sж╦┐д,10004020,ж╦кF┬э,10004020-007,дj╢mи╜,1056,536,520,4165,2074,2091,622,293,329,"102Y12M"
10004,╖sж╦┐д,10004020,ж╦кF┬э,10004020-008,кF╡╪и╜,122,74,48,593,304,289,193,84,109,"102Y12M"
10004,╖sж╦┐д,10004020,ж╦кF┬э,10004020-009,░╙╡╪и╜,627,310,317,2693,1361,1332,508,239,269,"102Y12M"
10004,╖sж╦┐д,10004020,ж╦кF┬э,10004020-010,ж╦кFи╜,193,102,91,1102,581,521,369,181,188,"102Y12M"
10004,╖sж╦┐д,10004020,ж╦кF┬э,10004020-011,║a╝╓и╜,250,136,114,1191,614,577,314,140,174,"102Y12M"
10004,╖sж╦┐д,10004020,ж╦кF┬э,10004020-012,Е╒кLи╜,816,403,413,3457,1732,1725,596,272,324,"102Y12M"
10004,╖sж╦┐д,10004020,ж╦кF┬э,10004020-013,дп╖Rи╜,760,390,370,2952,1460,1492,490,227,263,"102Y12M"
10004,╖sж╦┐д,10004020,ж╦кF┬э,10004020-014,дн┬╫и╜,2092,1080,1012,7190,3514,3676,760,373,387,"102Y12M"
10004,╖sж╦┐д,10004020,ж╦кF┬э,10004020-015,дTнли╜,1343,688,655,5501,2768,2733,644,317,327,"102Y12M"
10004,╖sж╦┐д,10004020,ж╦кF┬э,10004020-016,└Yнли╜,702,363,339,3970,2082,1888,551,257,294,"102Y12M"
10004,╖sж╦┐д,10004020,ж╦кF┬э,10004020-017,н√дsи╜,254,134,120,1625,869,756,305,149,156,"102Y12M"
10004,╖sж╦┐д,10004020,ж╦кF┬э,10004020-018,м_┤Єи╜,87,44,43,561,323,238,123,64,59,"102Y12M"
10004,╖sж╦┐д,10004020,ж╦кF┬э,10004020-019,дGнли╜,2059,1135,924,8342,4211,4131,938,462,476,"102Y12M"
10004,╖sж╦┐д,10004020,ж╦кF┬э,10004020-020,дддsи╜,332,180,152,1450,730,720,395,179,216,"102Y12M"
10004,╖sж╦┐д,10004020,ж╦кF┬э,10004020-021,дде┐и╜,275,152,123,1523,783,740,336,169,167,"102Y12M"
10004,╖sж╦┐д,10004020,ж╦кF┬э,10004020-022,лn╡╪и╜,150,74,76,850,449,401,286,129,157,"102Y12M"
10004,╖sж╦┐д,10004020,ж╦кF┬э,10004020-023,║a╡╪и╜,1936,1002,934,5989,2854,3135,1083,501,582,"102Y12M"
10004,╖sж╦┐д,10004020,ж╦кF┬э,10004020-024,й╛з╡и╜,371,202,169,1437,729,708,291,135,156,"102Y12M"
10004,╖sж╦┐д,10004020,ж╦кF┬э,10004020-025,│░┬╫и╜,149,84,65,525,290,235,103,44,59,"102Y12M"
10004,╖sж╦┐д,10004030,╖sоH┬э,10004030-001,д║е▀и╜,179,86,93,965,512,453,273,146,127,"102Y12M"
10004,╖sж╦┐д,10004030,╖sоH┬э,10004030-002,─_е█и╜,129,56,73,771,409,362,201,107,94,"102Y12M"
10004,╖sж╦┐д,10004030,╖sоH┬э,10004030-003,дхдsи╜,477,244,233,3799,1997,1802,602,294,308,"102Y12M"
10004,╖sж╦┐д,10004030,╖sоH┬э,10004030-004,дноHи╜,345,192,153,1718,948,770,347,169,178,"102Y12M"
10004,╖sж╦┐д,10004030,╖sоH┬э,10004030-005,е|оyи╜,545,282,263,2975,1555,1420,576,272,304,"102Y12M"
10004,╖sж╦┐д,10004030,╖sоH┬э,10004030-006,зЄз|и╜,250,150,100,1613,871,742,320,166,154,"102Y12M"
10004,╖sж╦┐д,10004030,╖sоH┬э,10004030-007,е╨╖sи╜,366,194,172,2096,1130,966,480,218,262,"102Y12M"
10004,╖sж╦┐д,10004030,╖sоH┬э,10004030-008,╖sоHи╜,168,73,95,801,407,394,261,115,146,"102Y12M"
10004,╖sж╦┐д,10004030,╖sоH┬э,10004030-009,╖sе═и╜,87,51,36,511,265,246,140,61,79,"102Y12M"
10004,╖sж╦┐д,10004030,╖sоH┬э,10004030-010,╖sе┴и╜,141,78,63,918,494,424,244,116,128,"102Y12M"
10004,╖sж╦┐д,10004030,╖sоH┬э,10004030-011,дW╝dи╜,294,163,131,1631,888,743,324,158,166,"102Y12M"
10004,╖sж╦┐д,10004030,╖sоH┬э,10004030-012,дU╝dи╜,245,130,115,2170,1175,995,335,171,164,"102Y12M"
10004,╖sж╦┐д,10004030,╖sоH┬э,10004030-013,лnени╜,147,78,69,853,471,382,249,134,115,"102Y12M"
10004,╖sж╦┐д,10004030,╖sоH┬э,10004030-014,е_ени╜,104,57,47,536,299,237,161,84,77,"102Y12M"
10004,╖sж╦┐д,10004030,╖sоH┬э,10004030-015,еиоHи╜,180,77,103,930,534,396,275,135,140,"102Y12M"
10004,╖sж╦┐д,10004030,╖sоH┬э,10004030-016,╖╙к∙и╜,219,115,104,1225,709,516,341,179,162,"102Y12M"
10004,╖sж╦┐д,10004030,╖sоH┬э,10004030-017,▓MдЇи╜,39,21,18,333,205,128,128,62,66,"102Y12M"
10004,╖sж╦┐д,10004030,╖sоH┬э,10004030-018,│└╗яи╜,90,49,41,593,352,241,197,98,99,"102Y12M"
10004,╖sж╦┐д,10004030,╖sоH┬э,10004030-019,╖sе_и╜,93,49,44,499,284,215,185,93,92,"102Y12M"
10004,╖sж╦┐д,10004040,├Ўжш┬э,10004040-001,кF┐│и╜,97,53,44,417,230,187,134,62,72,"102Y12M"
10004,╖sж╦┐д,10004040,├Ўжш┬э,10004040-002,жшжwи╜,349,184,165,1720,876,844,338,162,176,"102Y12M"
10004,╖sж╦┐д,10004040,├Ўжш┬э,10004040-003,лn╢пи╜,112,65,47,626,328,298,172,85,87,"102Y12M"
10004,╖sж╦┐д,10004040,├Ўжш┬э,10004040-004,е_дци╜,695,359,336,3147,1608,1539,756,363,393,"102Y12M"
10004,╖sж╦┐д,10004040,├Ўжш┬э,10004040-005,дпжwи╜,176,103,73,949,509,440,227,113,114,"102Y12M"
10004,╖sж╦┐д,10004040,├Ўжш┬э,10004040-006,е_дsи╜,107,58,49,613,358,255,215,111,104,"102Y12M"
10004,╖sж╦┐д,10004040,├Ўжш┬э,10004040-007,лnдsи╜,218,112,106,919,497,422,243,124,119,"102Y12M"
10004,╖sж╦┐д,10004040,├Ўжш┬э,10004040-008,кFжwи╜,722,381,341,3343,1702,1641,536,261,275,"102Y12M"
10004,╖sж╦┐д,10004040,├Ўжш┬э,10004040-009,кFе·и╜,178,88,90,1056,594,462,294,148,146,"102Y12M"
10004,╖sж╦┐д,10004040,├Ўжш┬э,10004040-010,╖s┤Iи╜,80,46,34,459,264,195,162,80,82,"102Y12M"
10004,╖sж╦┐д,10004040,├Ўжш┬э,10004040-011,кўдsи╜,76,35,41,460,265,195,177,92,85,"102Y12M"
10004,╖sж╦┐д,10004040,├Ўжш┬э,10004040-012,└Aдsи╜,167,75,92,861,524,337,258,131,127,"102Y12M"
10004,╖sж╦┐д,10004040,├Ўжш┬э,10004040-013,е╔дsи╜,82,34,48,371,209,162,147,77,70,"102Y12M"
10004,╖sж╦┐д,10004040,├Ўжш┬э,10004040-014,дjжPи╜,95,59,36,623,354,269,214,106,108,"102Y12M"
10004,╖sж╦┐д,10004040,├Ўжш┬э,10004040-015,е█е·и╜,328,162,166,1554,850,704,419,200,219,"102Y12M"
10004,╖sж╦┐д,10004040,├Ўжш┬э,10004040-016,дWкLи╜,110,58,52,655,384,271,227,122,105,"102Y12M"
10004,╖sж╦┐д,10004040,├Ўжш┬э,10004040-017,╖sдOи╜,58,30,28,433,267,166,160,86,74,"102Y12M"
10004,╖sж╦┐д,10004040,├Ўжш┬э,10004040-018,лnйMи╜,110,66,44,739,401,338,207,105,102,"102Y12M"
10004,╖sж╦┐д,10004040,├Ўжш┬э,10004040-019,кFдsи╜,122,61,61,740,448,292,193,94,99,"102Y12M"
10004,╖sж╦┐д,10004040,├Ўжш┬э,10004040-020,лn╖sи╜,100,49,51,734,450,284,289,145,144,"102Y12M"
10004,╖sж╦┐д,10004040,├Ўжш┬э,10004040-021,кFени╜,84,34,50,802,444,358,264,144,120,"102Y12M"
10004,╖sж╦┐д,10004050,┤Єдf╢m,10004050-001,з╡╢╒з°,220,108,112,1263,606,657,228,109,119,"102Y12M"
10004,╖sж╦┐д,10004050,┤Єдf╢m,10004050-002,дп╢╒з°,202,103,99,727,357,370,193,90,103,"102Y12M"
10004,╖sж╦┐д,10004050,┤Єдf╢m,10004050-003,╖R╢╒з°,769,403,366,3582,1784,1798,666,297,369,"102Y12M"
10004,╖sж╦┐д,10004050,┤Єдf╢m,10004050-004,лH╢╒з°,1035,517,518,4530,2251,2279,585,284,301,"102Y12M"
10004,╖sж╦┐д,10004050,┤Єдf╢m,10004050-005,дд╢╒з°,684,345,339,2406,1238,1168,431,226,205,"102Y12M"
10004,╖sж╦┐д,10004050,┤Єдf╢m,10004050-006,╝w▓▒з°,957,495,462,4199,2131,2068,560,267,293,"102Y12M"
10004,╖sж╦┐д,10004050,┤Єдf╢m,10004050-007,йM┐│з°,490,270,220,2580,1375,1205,456,229,227,"102Y12M"
10004,╖sж╦┐д,10004050,┤Єдf╢m,10004050-008,к°└нз°,639,339,300,2734,1444,1290,454,222,232,"102Y12M"
10004,╖sж╦┐д,10004050,┤Єдf╢m,10004050-009,к°жwз°,212,117,95,999,528,471,207,104,103,"102Y12M"
10004,╖sж╦┐д,10004050,┤Єдf╢m,10004050-010,┤Єдfз°,538,276,262,2503,1307,1196,429,203,226,"102Y12M"
10004,╖sж╦┐д,10004050,┤Єдf╢m,10004050-011,┤Є├шз°,522,275,247,2198,1127,1071,370,185,185,"102Y12M"
10004,╖sж╦┐д,10004050,┤Єдf╢m,10004050-012,┤Єлnз°,325,172,153,1411,729,682,255,136,119,"102Y12M"
10004,╖sж╦┐д,10004050,┤Єдf╢m,10004050-013,кi├╣з°,447,226,221,2013,1046,967,208,111,97,"102Y12M"
10004,╖sж╦┐д,10004050,┤Єдf╢m,10004050-014,╗ё░─з°,794,408,386,4661,2335,2326,424,212,212,"102Y12M"
10004,╖sж╦┐д,10004050,┤Єдf╢m,10004050-015,╗ёдsз°,432,225,207,2913,1504,1409,431,223,208,"102Y12M"
10004,╖sж╦┐д,10004050,┤Єдf╢m,10004050-016,дд┐│з°,1259,684,575,5180,2556,2624,570,300,270,"102Y12M"
10004,╖sж╦┐д,10004050,┤Єдf╢m,10004050-017,лH╕qз°,659,358,301,2740,1416,1324,415,198,217,"102Y12M"
10004,╖sж╦┐д,10004050,┤Єдf╢m,10004050-018,дде┐з°,510,263,247,2041,1074,967,413,200,213,"102Y12M"
10004,╖sж╦┐д,10004050,┤Єдf╢m,10004050-019,кF┐│з°,997,514,483,3726,1841,1885,409,197,212,"102Y12M"
10004,╖sж╦┐д,10004050,┤Єдf╢m,10004050-020,│╙зQз°,872,460,412,3713,1819,1894,367,196,171,"102Y12M"
10004,╖sж╦┐д,10004060,╖s┬╫╢m,10004060-001,║╓┐│з°,116,49,67,954,524,430,194,102,92,"102Y12M"
10004,╖sж╦┐д,10004060,╖s┬╫╢m,10004060-002,лс┤Єз°,245,112,133,1598,868,730,350,185,165,"102Y12M"
10004,╖sж╦┐д,10004060,╖s┬╫╢m,10004060-003,лCоHз°,227,125,102,1558,854,704,285,154,131,"102Y12M"
10004,╖sж╦┐д,10004060,╖s┬╫╢m,10004060-004,оHйMз°,426,236,190,2465,1321,1144,355,169,186,"102Y12M"
10004,╖sж╦┐д,10004060,╖s┬╫╢m,10004060-005,╖ч┐│з°,258,151,107,1469,798,671,265,142,123,"102Y12M"
10004,╖sж╦┐д,10004060,╖s┬╫╢m,10004060-006,йY└Yз°,151,89,62,770,410,360,130,54,76,"102Y12M"
10004,╖sж╦┐д,10004060,╖s┬╫╢m,10004060-007,дд▒[з°,619,327,292,2907,1520,1387,349,173,176,"102Y12M"
10004,╖sж╦┐д,10004060,╖s┬╫╢m,10004060-008,нл┐│з°,1072,570,502,4625,2373,2252,564,259,305,"102Y12M"
10004,╖sж╦┐д,10004060,╖s┬╫╢m,10004060-009,╖s┬╫з°,331,183,148,1906,998,908,377,173,204,"102Y12M"
10004,╖sж╦┐д,10004060,╖s┬╫╢m,10004060-010,н√дsз°,494,262,232,2055,1035,1020,234,116,118,"102Y12M"
10004,╖sж╦┐д,10004060,╖s┬╫╢m,10004060-011,кQкLз°,1562,802,760,4241,2058,2183,369,175,194,"102Y12M"
10004,╖sж╦┐д,10004060,╖s┬╫╢m,10004060-012,дWз|з°,223,102,121,1327,721,606,194,86,108,"102Y12M"
10004,╖sж╦┐д,10004060,╖s┬╫╢m,10004060-013,╗ёз|з°,187,94,93,928,521,407,190,88,102,"102Y12M"
10004,╖sж╦┐д,10004060,╖s┬╫╢m,10004060-014,й╛з╡з°,886,443,443,3328,1644,1684,285,132,153,"102Y12M"
10004,╖sж╦┐д,10004060,╖s┬╫╢m,10004060-015,дs▒Tз°,948,498,450,3814,1862,1952,521,236,285,"102Y12M"
10004,╖sж╦┐д,10004060,╖s┬╫╢m,10004060-016,кQмfз°,1548,816,732,3994,2001,1993,239,127,112,"102Y12M"
10004,╖sж╦┐д,10004060,╖s┬╫╢m,10004060-017,▒T│╗з°,484,263,221,2520,1304,1216,249,120,129,"102Y12M"
10004,╖sж╦┐д,10004070,╦|кL╢m,10004070-001,дн└sз°,49,22,27,424,237,187,128,67,61,"102Y12M"
10004,╖sж╦┐д,10004070,╦|кL╢m,10004070-002,╡╪└sз°,53,28,25,352,208,144,107,60,47,"102Y12M"
10004,╖sж╦┐д,10004070,╦|кL╢m,10004070-003,иq┤Єз°,115,63,52,839,457,382,165,89,76,"102Y12M"
10004,╖sж╦┐д,10004070,╦|кL╢m,10004070-004,е├┐│з°,70,39,31,354,197,157,86,46,40,"102Y12M"
10004,╖sж╦┐д,10004070,╦|кL╢m,10004070-005,е█╝цз°,394,200,194,2283,1229,1054,479,242,237,"102Y12M"
10004,╖sж╦┐д,10004070,╦|кL╢m,10004070-006,╖s╗ёз°,211,107,104,1356,714,642,330,164,166,"102Y12M"
10004,╖sж╦┐д,10004070,╦|кL╢m,10004070-007,ддз|з°,104,58,46,531,302,229,111,62,49,"102Y12M"
10004,╖sж╦┐д,10004070,╦|кL╢m,10004070-008,дЇз|з°,125,70,55,653,352,301,140,75,65,"102Y12M"
10004,╖sж╦┐д,10004070,╦|кL╢m,10004070-009,дхкLз°,373,200,173,1987,1036,951,477,243,234,"102Y12M"
10004,╖sж╦┐д,10004070,╦|кL╢m,10004070-010,╦|кLз°,281,143,138,1313,685,628,314,158,156,"102Y12M"
10004,╖sж╦┐д,10004070,╦|кL╢m,10004070-011,дWдsз°,568,292,276,3630,1873,1757,494,250,244,"102Y12M"
10004,╖sж╦┐д,10004070,╦|кL╢m,10004070-012,дUдsз°,163,89,74,946,512,434,251,129,122,"102Y12M"
10004,╖sж╦┐д,10004080,╛юдs╢m,10004080-001,╛юдsз°,491,264,227,2953,1615,1338,694,348,346,"102Y12M"
10004,╖sж╦┐д,10004080,╛юдs╢m,10004080-002,е╨╝dз°,104,57,47,736,435,301,200,98,102,"102Y12M"
10004,╖sж╦┐д,10004080,╛юдs╢m,10004080-003,лnйўз°,6,2,4,197,124,73,46,32,14,"102Y12M"
10004,╖sж╦┐д,10004080,╛юдs╢m,10004080-004,┬╫╢mз°,9,5,4,192,105,87,58,35,23,"102Y12M"
10004,╖sж╦┐д,10004080,╛юдs╢m,10004080-005,┬╫е╨з°,46,23,23,258,134,124,89,47,42,"102Y12M"
10004,╖sж╦┐д,10004080,╛юдs╢m,10004080-006,д║╞Wз°,138,79,59,774,444,330,262,120,142,"102Y12M"
10004,╖sж╦┐д,10004080,╛юдs╢m,10004080-007,║╓┐│з°,39,22,17,354,221,133,147,74,73,"102Y12M"
10004,╖sж╦┐д,10004080,╛юдs╢m,10004080-008,иFз|з°,111,54,57,779,447,332,321,151,170,"102Y12M"
10004,╖sж╦┐д,10004080,╛юдs╢m,10004080-009,╖s┐│з°,244,115,129,1291,708,583,388,186,202,"102Y12M"
10004,╖sж╦┐д,10004080,╛юдs╢m,10004080-010,дjи{з°,287,151,136,1364,744,620,297,133,164,"102Y12M"
10004,╖sж╦┐д,10004080,╛юдs╢m,10004080-011,дOжцз°,143,77,66,659,354,305,235,121,114,"102Y12M"
10004,╖sж╦┐д,10004090,е_оH╢m,10004090-001,е_оHз°,170,91,79,928,489,439,271,134,137,"102Y12M"
10004,╖sж╦┐д,10004090,е_оH╢m,10004090-002,лn┐│з°,155,74,81,1077,615,462,310,136,174,"102Y12M"
10004,╖sж╦┐д,10004090,е_оH╢m,10004090-003,оHз└з°,444,231,213,2145,1141,1004,541,262,279,"102Y12M"
10004,╖sж╦┐д,10004090,е_оH╢m,10004090-004,дЇаЁз°,126,72,54,675,376,299,197,105,92,"102Y12M"
10004,╖sж╦┐д,10004090,е_оH╢m,10004090-005,лnоHз°,66,39,27,318,186,132,105,64,41,"102Y12M"
10004,╖sж╦┐д,10004090,е_оH╢m,10004090-006,дjкLз°,104,50,54,657,371,286,156,74,82,"102Y12M"
10004,╖sж╦┐д,10004090,е_оH╢m,10004090-007,дj┤Єз°,54,27,27,465,274,191,131,69,62,"102Y12M"
10004,╖sж╦┐д,10004090,е_оH╢m,10004090-008,лnз|з°,42,22,20,266,162,104,110,52,58,"102Y12M"
10004,╖sж╦┐д,10004090,е_оH╢m,10004090-009,е~йWз°,22,18,4,216,132,84,87,40,47,"102Y12M"
10004,╖sж╦┐д,10004100,─_дs╢m,10004100-001,┬∙╖╦з°,377,197,180,2093,1064,1029,234,110,124,"102Y12M"
10004,╖sж╦┐д,10004100,─_дs╢m,10004100-002,дj▒Tз°,171,97,74,1613,871,742,197,106,91,"102Y12M"
10004,╖sж╦┐д,10004100,─_дs╢m,10004100-003,дTоpз°,112,48,64,848,497,351,219,124,95,"102Y12M"
10004,╖sж╦┐д,10004100,─_дs╢m,10004100-004,╖sл░з°,184,93,91,953,554,399,258,128,130,"102Y12M"
10004,╖sж╦┐д,10004100,─_дs╢m,10004100-005,▓`длз°,124,64,60,637,372,265,167,85,82,"102Y12M"
10004,╖sж╦┐д,10004100,─_дs╢m,10004100-006,─_дцз°,56,24,32,552,332,220,185,89,96,"102Y12M"
10004,╖sж╦┐д,10004100,─_дs╢m,10004100-007,дs┤Єз°,66,35,31,440,240,200,109,64,45,"102Y12M"
10004,╖sж╦┐д,10004100,─_дs╢m,10004100-008,─_дsз°,78,38,40,633,369,264,168,83,85,"102Y12M"
10004,╖sж╦┐д,10004100,─_дs╢m,10004100-009,кoе╨з°,24,11,13,431,261,170,166,99,67,"102Y12M"
10004,╖sж╦┐д,10004100,─_дs╢m,10004100-010,┬∙╖sз°,389,212,177,2345,1235,1110,274,137,137,"102Y12M"
10004,╖sж╦┐д,10004110,оoм▄╢m,10004110-001,оoм▄з°,98,55,43,678,376,302,266,132,134,"102Y12M"
10004,╖sж╦┐д,10004110,оoм▄╢m,10004110-002,дд▓▒з°,83,41,42,560,347,213,162,76,86,"102Y12M"
10004,╖sж╦┐д,10004110,оoм▄╢m,10004110-003,е█длз°,45,26,19,485,284,201,169,87,82,"102Y12M"
10004,╖sж╦┐д,10004110,оoм▄╢m,10004110-004,┤I┐│з°,143,67,76,1042,587,455,356,181,175,"102Y12M"
10004,╖sж╦┐д,10004110,оoм▄╢m,10004110-005,дCмPз°,70,43,27,436,268,168,192,97,95,"102Y12M"
10004,╖sж╦┐д,10004110,оoм▄╢m,10004110-006,┤Єе·з°,75,45,30,639,360,279,265,135,130,"102Y12M"
10004,╖sж╦┐д,10004120,жyе█╢m,10004120-001,╕q┐│з°,128,67,61,529,284,245,75,45,30,"102Y12M"
10004,╖sж╦┐д,10004120,жyе█╢m,10004120-002,╣┼╝╓з°,154,71,83,718,397,321,143,75,68,"102Y12M"
10004,╖sж╦┐д,10004120,жyе█╢m,10004120-003,╖s╝╓з°,311,138,173,1110,601,509,123,53,70,"102Y12M"
10004,╖sж╦┐д,10004120,жyе█╢m,10004120-004,▒Ўксз°,163,79,84,571,319,252,63,34,29,"102Y12M"
10004,╖sж╦┐д,10004120,жyе█╢m,10004120-005,└Aл╠з°,310,160,150,1100,593,507,100,40,60,"102Y12M"
10004,╖sж╦┐д,10004120,жyе█╢m,10004120-006,е╔оpз°,397,218,179,1114,612,502,82,37,45,"102Y12M"
10004,╖sж╦┐д,10004120,жyе█╢m,10004120-007,иq┼rз°,528,286,242,1353,736,617,95,52,43,"102Y12M"
10004,╖sж╦┐д,10004130,дноp╢m,10004130-001,дj╣iз°,254,126,128,1217,684,533,157,77,80,"102Y12M"
10004,╖sж╦┐д,10004130,дноp╢m,10004130-002,кс╢щз°,118,58,60,604,347,257,71,32,39,"102Y12M"
10004,╖sж╦┐д,10004130,дноp╢m,10004130-003,ж╦кLз°,46,21,25,326,173,153,41,27,14,"102Y12M"
10004,╖sж╦┐д,10004130,дноp╢m,10004130-004,очдsз°,277,157,120,1263,725,538,165,78,87,"102Y12M"
10005,н]о▀┐д,10005010,н]о▀ел,10005010-001,ддн]и╜,262,136,126,976,478,498,211,93,118,"102Y12M"
10005,н]о▀┐д,10005010,н]о▀ел,10005010-002,л╪е\и╜,928,501,427,3767,1780,1987,692,328,364,"102Y12M"
10005,н]о▀┐д,10005010,н]о▀ел,10005010-003,лCн]и╜,167,85,82,875,419,456,236,107,129,"102Y12M"
10005,н]о▀┐д,10005010,н]о▀ел,10005010-004,е╔▓Mи╜,435,210,225,1904,975,929,506,240,266,"102Y12M"
10005,н]о▀┐д,10005010,н]о▀ел,10005010-005,е╔╡╪и╜,732,379,353,3126,1609,1517,703,313,390,"102Y12M"
10005,н]о▀┐д,10005010,н]о▀ел,10005010-006,║√╖sи╜,600,317,283,3334,1721,1613,743,348,395,"102Y12M"
10005,н]о▀┐д,10005010,н]о▀ел,10005010-007,║√▓╗и╜,542,283,259,3024,1531,1493,638,273,365,"102Y12M"
10005,н]о▀┐д,10005010,н]о▀ел,10005010-008,║ён]и╜,119,66,53,706,381,325,217,100,117,"102Y12M"
10005,н]о▀┐д,10005010,н]о▀ел,10005010-009,░кн]и╜,516,264,252,2778,1447,1331,417,203,214,"102Y12M"
10005,н]о▀┐д,10005010,н]о▀ел,10005010-010,е╔н]и╜,150,70,80,814,415,399,212,100,112,"102Y12M"
10005,н]о▀┐д,10005010,н]о▀ел,10005010-011,дjжPи╜,73,36,37,455,221,234,131,53,78,"102Y12M"
10005,н]о▀┐д,10005010,н]о▀ел,10005010-012,╖sн]и╜,73,39,34,785,398,387,202,92,110,"102Y12M"
10005,н]о▀┐д,10005010,н]о▀ел,10005010-013,│╙зQи╜,469,254,215,3408,1696,1712,663,321,342,"102Y12M"
10005,н]о▀┐д,10005010,н]о▀ел,10005010-014,ое╖qи╜,212,108,104,1192,586,606,227,106,121,"102Y12M"
10005,н]о▀┐д,10005010,н]о▀ел,10005010-015,дWн]и╜,295,155,140,1394,692,702,360,172,188,"102Y12M"
10005,н]о▀┐д,10005010,н]о▀ел,10005010-016,е_н]и╜,937,468,469,4639,2267,2372,742,374,368,"102Y12M"
10005,н]о▀┐д,10005010,н]о▀ел,10005010-017,▓M╡╪и╜,462,240,222,2646,1299,1347,655,308,347,"102Y12M"
10005,н]о▀┐д,10005010,н]о▀ел,10005010-018,╣┼▓▒и╜,583,282,301,3124,1579,1545,643,314,329,"102Y12M"
10005,н]о▀┐д,10005010,н]о▀ел,10005010-019,║╓мPи╜,750,367,383,3591,1781,1810,596,287,309,"102Y12M"
10005,н]о▀┐д,10005010,н]о▀ел,10005010-020,╖sдtи╜,195,97,98,1030,557,473,254,133,121,"102Y12M"
10005,н]о▀┐д,10005010,н]о▀ел,10005010-021,дхдsи╜,788,436,352,3174,1572,1602,464,223,241,"102Y12M"
10005,н]о▀┐д,10005010,н]о▀ел,10005010-022,║╓─Rи╜,985,519,466,4597,2303,2294,783,373,410,"102Y12M"
10005,н]о▀┐д,10005010,н]о▀ел,10005010-023,дЇ╖╜и╜,363,186,177,2199,1091,1108,313,134,179,"102Y12M"
10005,н]о▀┐д,10005010,н]о▀ел,10005010-024,╖sн^и╜,323,171,152,1553,800,753,239,129,110,"102Y12M"
10005,н]о▀┐д,10005010,н]о▀ел,10005010-025,║╓жwи╜,667,344,323,3169,1582,1587,381,181,200,"102Y12M"
10005,н]о▀┐д,10005010,н]о▀ел,10005010-026,╣┼╖sи╜,463,232,231,2678,1378,1300,458,200,258,"102Y12M"
10005,н]о▀┐д,10005010,н]о▀ел,10005010-027,лn╢╒и╜,318,173,145,1768,935,833,318,159,159,"102Y12M"
10005,н]о▀┐д,10005010,н]о▀ел,10005010-028,дх╕tи╜,707,369,338,2951,1502,1449,334,156,178,"102Y12M"
10005,н]о▀┐д,10005020,нb╕╠┬э,10005020-001,нbкFи╜,411,207,204,2010,1050,960,307,128,179,"102Y12M"
10005,н]о▀┐д,10005020,нb╕╠┬э,10005020-002,нbлnи╜,324,171,153,1452,716,736,331,156,175,"102Y12M"
10005,н]о▀┐д,10005020,нb╕╠┬э,10005020-003,нbе_и╜,122,62,60,769,418,351,165,76,89,"102Y12M"
10005,н]о▀┐д,10005020,нb╕╠┬э,10005020-004,жшени╜,312,149,163,1344,678,666,231,115,116,"102Y12M"
10005,н]о▀┐д,10005020,нb╕╠┬э,10005020-005,нb┤фи╜,240,132,108,1111,592,519,218,103,115,"102Y12M"
10005,н]о▀┐д,10005020,нb╕╠┬э,10005020-006,жш╢╒и╜,401,224,177,1780,903,877,255,120,135,"102Y12M"
10005,н]о▀┐д,10005020,нb╕╠┬э,10005020-007,о№йди╜,217,121,96,974,511,463,199,97,102,"102Y12M"
10005,н]о▀┐д,10005020,нb╕╠┬э,10005020-008,й╨╕╠и╜,439,242,197,2033,1066,967,370,177,193,"102Y12M"
10005,н]о▀┐д,10005020,нb╕╠┬э,10005020-009,л╚╔▄и╜,828,441,387,3570,1783,1787,536,257,279,"102Y12M"
10005,н]о▀┐д,10005020,нb╕╠┬э,10005020-010,дде┐и╜,395,211,184,1898,1005,893,336,160,176,"102Y12M"
10005,н]о▀┐д,10005020,нb╕╠┬э,10005020-011,нbз|и╜,161,87,74,849,454,395,187,96,91,"102Y12M"
10005,н]о▀┐д,10005020,нb╕╠┬э,10005020-012,дЇйYи╜,102,54,48,551,305,246,160,80,80,"102Y12M"
10005,н]о▀┐д,10005020,нb╕╠┬э,10005020-013,╖s┤_и╜,217,94,123,1204,618,586,230,117,113,"102Y12M"
10005,н]о▀┐д,10005020,нb╕╠┬э,10005020-014,дsЧги╜,189,92,97,1219,652,567,320,150,170,"102Y12M"
10005,н]о▀┐д,10005020,нb╕╠┬э,10005020-015,┬┬к└и╜,328,171,157,1670,852,818,325,148,177,"102Y12M"
10005,н]о▀┐д,10005020,нb╕╠┬э,10005020-016,║╓е╨и╜,174,88,86,1075,589,486,272,132,140,"102Y12M"
10005,н]о▀┐д,10005020,нb╕╠┬э,10005020-017,е█┬эи╜,75,37,38,485,265,220,136,73,63,"102Y12M"
10005,н]о▀┐д,10005020,нb╕╠┬э,10005020-018,┐╝оHи╜,146,73,73,673,367,306,203,109,94,"102Y12M"
10005,н]о▀┐д,10005020,нb╕╠┬э,10005020-019,к└нdи╜,439,219,220,2076,1081,995,351,167,184,"102Y12M"
10005,н]о▀┐д,10005020,нb╕╠┬э,10005020-020,оїе╨и╜,279,147,132,1479,805,674,266,140,126,"102Y12M"
10005,н]о▀┐д,10005020,нb╕╠┬э,10005020-021,дWБFи╜,252,130,122,1493,821,672,288,140,148,"102Y12M"
10005,н]о▀┐д,10005020,нb╕╠┬э,10005020-022,е╔е╨и╜,279,146,133,1621,883,738,251,112,139,"102Y12M"
10005,н]о▀┐д,10005020,нb╕╠┬э,10005020-023,лn╢╒и╜,94,53,41,608,344,264,181,88,93,"102Y12M"
10005,н]о▀┐д,10005020,нb╕╠┬э,10005020-024,дsмaи╜,296,165,131,1304,690,614,189,89,100,"102Y12M"
10005,н]о▀┐д,10005020,нb╕╠┬э,10005020-025,е╨д▀и╜,335,171,164,1648,872,776,235,116,119,"102Y12M"
10005,н]о▀┐д,10005030,│q╛]┬э,10005030-001,│qкFи╜,160,66,94,1018,537,481,254,109,145,"102Y12M"
10005,н]о▀┐д,10005030,│q╛]┬э,10005030-002,│qжши╜,295,141,154,1753,921,832,464,207,257,"102Y12M"
10005,н]о▀┐д,10005030,│q╛]┬э,10005030-003,енд╕и╜,337,196,141,1669,863,806,293,150,143,"102Y12M"
10005,н]о▀┐д,10005030,│q╛]┬э,10005030-004,▒Ўлnи╜,262,144,118,1382,745,637,306,152,154,"102Y12M"
10005,н]о▀┐д,10005030,│q╛]┬э,10005030-005,ж`└Yи╜,127,58,69,588,330,258,175,88,87,"102Y12M"
10005,н]о▀┐д,10005030,│q╛]┬э,10005030-006,│qлnи╜,459,265,194,2537,1314,1223,409,197,212,"102Y12M"
10005,н]о▀┐д,10005030,│q╛]┬э,10005030-007,л░е_и╜,91,44,47,566,316,250,191,87,104,"102Y12M"
10005,н]о▀┐д,10005030,│q╛]┬э,10005030-008,л░лnи╜,107,60,47,751,441,310,260,128,132,"102Y12M"
10005,н]о▀┐д,10005030,│q╛]┬э,10005030-009,лnйMи╜,120,64,56,624,351,273,221,112,109,"102Y12M"
10005,н]о▀┐д,10005030,│q╛]┬э,10005030-010,║╓┐│и╜,85,44,41,538,316,222,184,95,89,"102Y12M"
10005,н]о▀┐д,10005030,│q╛]┬э,10005030-011,йW│╗и╜,170,83,87,1006,554,452,313,163,150,"102Y12M"
10005,н]о▀┐д,10005030,│q╛]┬э,10005030-012,днлnи╜,236,114,122,1188,625,563,234,119,115,"102Y12M"
10005,н]о▀┐д,10005030,│q╛]┬э,10005030-013,дне_и╜,231,111,120,1276,712,564,305,144,161,"102Y12M"
10005,н]о▀┐д,10005030,│q╛]┬э,10005030-014,д║┤Єи╜,318,177,141,1661,886,775,358,174,184,"102Y12M"
10005,н]о▀┐д,10005030,│q╛]┬э,10005030-015,╖м╛Ёи╜,44,28,16,325,213,112,166,76,90,"102Y12M"
10005,н]о▀┐д,10005030,│q╛]┬э,10005030-016,пQм▄и╜,130,59,71,693,391,302,273,131,142,"102Y12M"
10005,н]о▀┐д,10005030,│q╛]┬э,10005030-017,║╓└sи╜,35,19,16,306,190,116,163,85,78,"102Y12M"
10005,н]о▀┐д,10005030,│q╛]┬э,10005030-018,║╓╖╜и╜,142,62,80,718,409,309,143,67,76,"102Y12M"
10005,н]о▀┐д,10005030,│q╛]┬э,10005030-019,│q╞Wи╜,379,214,165,2084,1095,989,390,180,210,"102Y12M"
10005,н]о▀┐д,10005030,│q╛]┬э,10005030-020,╖sоHи╜,194,105,89,1016,544,472,281,147,134,"102Y12M"
10005,н]о▀┐д,10005030,│q╛]┬э,10005030-021,д║оqи╜,103,59,44,705,379,326,150,78,72,"102Y12M"
10005,н]о▀┐д,10005030,│q╛]┬э,10005030-022,е╒кFи╜,212,109,103,1264,668,596,223,104,119,"102Y12M"
10005,н]о▀┐д,10005030,│q╛]┬э,10005030-023,е╒жши╜,75,43,32,653,373,280,163,78,85,"102Y12M"
10005,н]о▀┐д,10005030,│q╛]┬э,10005030-024,енжwи╜,392,208,184,1909,975,934,302,138,164,"102Y12M"
10005,н]о▀┐д,10005040,ж╦лn┬э,10005040-001,ж╦лnи╜,383,214,169,1737,795,942,346,162,184,"102Y12M"
10005,н]о▀┐д,10005040,ж╦лn┬э,10005040-002,╖╙лnи╜,997,531,466,2911,1423,1488,559,269,290,"102Y12M"
10005,н]о▀┐д,10005040,ж╦лn┬э,10005040-003,е┐лnи╜,545,299,246,2494,1240,1254,400,179,221,"102Y12M"
10005,н]о▀┐д,10005040,ж╦лn┬э,10005040-004,╖sлnи╜,952,520,432,3684,1817,1867,480,215,265,"102Y12M"
10005,н]о▀┐д,10005040,ж╦лn┬э,10005040-005,дjнэи╜,1131,568,563,4286,2165,2121,633,296,337,"102Y12M"
10005,н]о▀┐д,10005040,ж╦лn┬э,10005040-006,└ч╜Lи╜,719,386,333,2898,1430,1468,452,207,245,"102Y12M"
10005,н]о▀┐д,10005040,ж╦лn┬э,10005040-007,╕t║╓и╜,1133,609,524,3172,1565,1607,344,170,174,"102Y12M"
10005,н]о▀┐д,10005040,ж╦лn┬э,10005040-008,ж╦┐│и╜,568,297,271,2855,1499,1356,367,174,193,"102Y12M"
10005,н]о▀┐д,10005040,ж╦лn┬э,10005040-009,└s╗ёи╜,437,226,211,2028,999,1029,217,98,119,"102Y12M"
10005,н]о▀┐д,10005040,ж╦лn┬э,10005040-010,дsи╬и╜,1206,654,552,4112,2058,2054,367,174,193,"102Y12M"
10005,н]о▀┐д,10005040,ж╦лn┬э,10005040-011,дд┤фи╜,246,127,119,928,504,424,167,77,90,"102Y12M"
10005,н]о▀┐д,10005040,ж╦лn┬э,10005040-012,дд╡╪и╜,531,276,255,2538,1316,1222,353,151,202,"102Y12M"
10005,н]о▀┐д,10005040,ж╦лn┬э,10005040-013,ддн^и╜,244,126,118,1377,718,659,162,76,86,"102Y12M"
10005,н]о▀┐д,10005040,ж╦лn┬э,10005040-014,ддм№и╜,379,206,173,1889,974,915,200,93,107,"102Y12M"
10005,н]о▀┐д,10005040,ж╦лn┬э,10005040-015,╢}д╕и╜,137,67,70,702,361,341,88,40,48,"102Y12M"
10005,н]о▀┐д,10005040,ж╦лn┬э,10005040-016,о№дfи╜,845,441,404,3172,1634,1538,375,176,199,"102Y12M"
10005,н]о▀┐д,10005040,ж╦лn┬э,10005040-017,┤фсYи╜,405,221,184,1762,907,855,283,142,141,"102Y12M"
10005,н]о▀┐д,10005040,ж╦лn┬э,10005040-018,д╜БFи╜,215,120,95,1120,598,522,189,85,104,"102Y12M"
10005,н]о▀┐д,10005040,ж╦лn┬э,10005040-019,дjоHи╜,511,266,245,3065,1599,1466,439,208,231,"102Y12M"
10005,н]о▀┐д,10005040,ж╦лn┬э,10005040-020,│╗оHи╜,297,156,141,1987,1022,965,339,167,172,"102Y12M"
10005,н]о▀┐д,10005040,ж╦лn┬э,10005040-021,▒T│╗и╜,585,309,276,3346,1780,1566,400,184,216,"102Y12M"
10005,н]о▀┐д,10005040,ж╦лn┬э,10005040-022,д╜╕qи╜,180,103,77,952,512,440,144,71,73,"102Y12M"
10005,н]о▀┐д,10005040,ж╦лn┬э,10005040-023,и╬┐│и╜,997,526,471,2773,1359,1414,392,190,202,"102Y12M"
10005,н]о▀┐д,10005040,ж╦лn┬э,10005040-024,д╤дхи╜,545,298,247,1913,947,966,149,75,74,"102Y12M"
10005,н]о▀┐д,10005040,ж╦лn┬э,10005040-025,└sдsи╜,510,261,249,1921,953,968,186,85,101,"102Y12M"
10005,н]о▀┐д,10005050,└Yеў┬э,10005050-001,мyкFи╜,400,226,174,2005,1074,931,364,176,188,"102Y12M"
10005,н]о▀┐д,10005050,└Yеў┬э,10005050-002,м└┤Єи╜,278,156,122,1548,815,733,354,175,179,"102Y12M"
10005,н]о▀┐д,10005050,└Yеў┬э,10005050-003,дц╖╪и╜,562,290,272,2768,1433,1335,440,212,228,"102Y12M"
10005,н]о▀┐д,10005050,└Yеў┬э,10005050-004,╖s╡╪и╜,635,323,312,3308,1746,1562,624,298,326,"102Y12M"
10005,н]о▀┐д,10005050,└Yеў┬э,10005050-005,┐│╢йи╜,764,404,360,3633,1897,1736,511,259,252,"102Y12M"
10005,н]о▀┐д,10005050,└Yеў┬э,10005050-006,дWоHи╜,475,249,226,2288,1218,1070,414,195,219,"102Y12M"
10005,н]о▀┐д,10005050,└Yеў┬э,10005050-007,дgд√и╜,150,72,78,693,367,326,154,68,86,"102Y12M"
10005,н]о▀┐д,10005050,└Yеў┬э,10005050-008,└Yеўи╜,706,371,335,2961,1425,1536,406,190,216,"102Y12M"
10005,н]о▀┐д,10005050,└Yеў┬э,10005050-009,й╛з╡и╜,839,455,384,2843,1351,1492,420,189,231,"102Y12M"
10005,н]о▀┐д,10005050,└Yеў┬э,10005050-010,дп╖Rи╜,280,132,148,1397,697,700,284,139,145,"102Y12M"
10005,н]о▀┐д,10005050,└Yеў┬э,10005050-011,лH╕qи╜,145,76,69,830,451,379,138,62,76,"102Y12M"
10005,н]о▀┐д,10005050,└Yеў┬э,10005050-012,йMени╜,175,95,80,860,433,427,235,115,120,"102Y12M"
10005,н]о▀┐д,10005050,└Yеў┬э,10005050-013,е┴▒┌и╜,342,179,163,1817,875,942,268,131,137,"102Y12M"
10005,н]о▀┐д,10005050,└Yеў┬э,10005050-014,кF╔▄и╜,543,287,256,2712,1385,1327,450,203,247,"102Y12M"
10005,н]о▀┐д,10005050,└Yеў┬э,10005050-015,лс╔▄и╜,922,488,434,3349,1707,1642,286,133,153,"102Y12M"
10005,н]о▀┐д,10005050,└Yеў┬э,10005050-016,дsдUи╜,947,487,460,3394,1678,1716,397,200,197,"102Y12M"
10005,н]о▀┐д,10005050,└Yеў┬э,10005050-017,┬╧очи╜,1493,770,723,4969,2380,2589,364,184,180,"102Y12M"
10005,н]о▀┐д,10005050,└Yеў┬э,10005050-018,е╨╝dи╜,707,349,358,3420,1698,1722,446,200,246,"102Y12M"
10005,н]о▀┐д,10005050,└Yеў┬э,10005050-019,─кж╦и╜,212,111,101,1225,666,559,232,112,120,"102Y12M"
10005,н]о▀┐д,10005050,└Yеў┬э,10005050-020,дW┐│и╜,299,173,126,1502,795,707,208,117,91,"102Y12M"
10005,н]о▀┐д,10005050,└Yеў┬э,10005050-021,дU┐│и╜,443,235,208,2216,1150,1066,364,184,180,"102Y12M"
10005,н]о▀┐д,10005050,└Yеў┬э,10005050-022,жyдsи╜,209,108,101,1232,641,591,243,109,134,"102Y12M"
10005,н]о▀┐д,10005050,└Yеў┬э,10005050-023,жyдUи╜,450,244,206,2316,1249,1067,446,200,246,"102Y12M"
10005,н]о▀┐д,10005050,└Yеў┬э,10005050-024,╝s┐│и╜,148,70,78,768,421,347,181,86,95,"102Y12M"
10005,н]о▀┐д,10005050,└Yеў┬э,10005050-025,└▌з|и╜,377,199,178,1982,1052,930,340,160,180,"102Y12M"
10005,н]о▀┐д,10005050,└Yеў┬э,10005050-026,е┴┼vи╜,320,161,159,1680,903,777,318,156,162,"102Y12M"
10005,н]о▀┐д,10005050,└Yеў┬э,10005050-027,е┴е═и╜,364,188,176,2059,1056,1003,307,144,163,"102Y12M"
10005,н]о▀┐д,10005050,└Yеў┬э,10005050-028,л╪░ъи╜,1069,547,522,3350,1622,1728,336,155,181,"102Y12M"
10005,н]о▀┐д,10005050,└Yеў┬э,10005050-029,жие\и╜,1096,574,522,3479,1626,1853,328,160,168,"102Y12M"
10005,н]о▀┐д,10005050,└Yеў┬э,10005050-030,ж█▒jи╜,467,243,224,1860,894,966,331,141,190,"102Y12M"
10005,н]о▀┐д,10005050,└Yеў┬э,10005050-031,жX┐│и╜,637,347,290,2295,1153,1142,157,74,83,"102Y12M"
10005,н]о▀┐д,10005050,└Yеў┬э,10005050-032,дхд╞и╜,851,420,431,2880,1426,1454,237,111,126,"102Y12M"
10005,н]о▀┐д,10005060,лс└s┬э,10005060-001,лn└sи╜,269,147,122,1258,660,598,237,98,139,"102Y12M"
10005,н]о▀┐д,10005060,лс└s┬э,10005060-002,дд└sи╜,165,88,77,709,368,341,178,86,92,"102Y12M"
10005,н]о▀┐д,10005060,лс└s┬э,10005060-003,е_└sи╜,296,164,132,1236,616,620,272,130,142,"102Y12M"
10005,н]о▀┐д,10005060,лс└s┬э,10005060-004,дj╔▄и╜,895,473,422,3963,2032,1931,501,240,261,"102Y12M"
10005,н]о▀┐д,10005060,лс└s┬э,10005060-005,╖╦мwи╜,370,196,174,2080,1089,991,395,185,210,"102Y12M"
10005,н]о▀┐д,10005060,лс└s┬э,10005060-006,┬╫┤Iи╜,160,83,77,1059,565,494,251,119,132,"102Y12M"
10005,н]о▀┐д,10005060,лс└s┬э,10005060-007,о╒┤╚и╜,144,76,68,819,427,392,184,89,95,"102Y12M"
10005,н]о▀┐д,10005060,лс└s┬э,10005060-008,оH│╗и╜,577,284,293,2510,1316,1194,424,200,224,"102Y12M"
10005,н]о▀┐д,10005060,лс└s┬э,10005060-009,╖sе┴и╜,278,132,146,1222,630,592,247,111,136,"102Y12M"
10005,н]о▀┐д,10005060,лс└s┬э,10005060-010,┤_┐│и╜,114,62,52,566,315,251,171,81,90,"102Y12M"
10005,н]о▀┐д,10005060,лс└s┬э,10005060-011,кFй·и╜,245,135,110,1288,717,571,273,126,147,"102Y12M"
10005,н]о▀┐д,10005060,лс└s┬э,10005060-012,дjдsи╜,231,109,122,1286,706,580,361,177,184,"102Y12M"
10005,н]о▀┐д,10005060,лс└s┬э,10005060-013,╞W─_и╜,194,118,76,1093,627,466,281,135,146,"102Y12M"
10005,н]о▀┐д,10005060,лс└s┬э,10005060-014,о№─_и╜,134,62,72,783,455,328,224,108,116,"102Y12M"
10005,н]о▀┐д,10005060,лс└s┬э,10005060-015,е~оHи╜,137,61,76,819,482,337,285,136,149,"102Y12M"
10005,н]о▀┐д,10005060,лс└s┬э,10005060-016,о№оHи╜,103,51,52,829,463,366,214,100,114,"102Y12M"
10005,н]о▀┐д,10005060,лс└s┬э,10005060-017,иqдЇи╜,118,54,64,575,326,249,174,71,103,"102Y12M"
10005,н]о▀┐д,10005060,лс└s┬э,10005060-018,дЇз└и╜,154,80,74,862,467,395,251,119,132,"102Y12M"
10005,н]о▀┐д,10005060,лс└s┬э,10005060-019,└sмzи╜,110,62,48,526,293,233,132,66,66,"102Y12M"
10005,н]о▀┐д,10005060,лс└s┬э,10005060-020,└sз|и╜,164,85,79,1127,631,496,260,123,137,"102Y12M"
10005,н]о▀┐д,10005060,лс└s┬э,10005060-021,║╓╣чи╜,77,46,31,606,362,244,199,92,107,"102Y12M"
10005,н]о▀┐д,10005060,лс└s┬э,10005060-022,ддйMи╜,134,59,75,868,508,360,325,155,170,"102Y12M"
10005,н]о▀┐д,10005060,лс└s┬э,10005060-023,лn┤фи╜,141,69,72,1012,587,425,294,148,146,"102Y12M"
10005,н]о▀┐д,10005070,иЇ─ї┬э,10005070-001,дд╡єи╜,115,66,49,622,331,291,190,92,98,"102Y12M"
10005,н]о▀┐д,10005070,иЇ─ї┬э,10005070-002,╖sнэи╜,207,103,104,1360,717,643,336,164,172,"102Y12M"
10005,н]о▀┐д,10005070,иЇ─ї┬э,10005070-003,дW╖sи╜,343,176,167,1909,1005,904,362,190,172,"102Y12M"
10005,н]о▀┐д,10005070,иЇ─ї┬э,10005070-004,┬╫е╨и╜,161,90,71,892,496,396,220,108,112,"102Y12M"
10005,н]о▀┐д,10005070,иЇ─ї┬э,10005070-005,жшйWи╜,113,58,55,631,337,294,147,73,74,"102Y12M"
10005,н]о▀┐д,10005070,иЇ─ї┬э,10005070-006,┤║дsи╜,169,93,76,789,397,392,173,87,86,"102Y12M"
10005,н]о▀┐д,10005070,иЇ─ї┬э,10005070-007,ж╤╔▄и╜,301,162,139,1788,916,872,460,232,228,"102Y12M"
10005,н]о▀┐д,10005070,иЇ─ї┬э,10005070-008,╖s║aи╜,180,95,85,971,503,468,247,131,116,"102Y12M"
10005,н]о▀┐д,10005070,иЇ─ї┬э,10005070-009,д║╞Wи╜,310,160,150,1984,1067,917,435,227,208,"102Y12M"
10005,н]о▀┐д,10005070,иЇ─ї┬э,10005070-010,н]┬╫и╜,94,47,47,691,381,310,151,80,71,"102Y12M"
10005,н]о▀┐д,10005070,иЇ─ї┬э,10005070-011,йWкLи╜,274,136,138,1545,815,730,290,148,142,"102Y12M"
10005,н]о▀┐д,10005080,дj┤Є╢m,10005080-001,дj┤Єз°,268,146,122,1384,741,643,376,176,200,"102Y12M"
10005,н]о▀┐д,10005080,дj┤Є╢m,10005080-002,й·┤Єз°,88,43,45,546,278,268,160,76,84,"102Y12M"
10005,н]о▀┐д,10005080,дj┤Є╢m,10005080-003,└R┤Єз°,294,165,129,1605,824,781,344,152,192,"102Y12M"
10005,н]о▀┐д,10005080,дj┤Є╢m,10005080-004,┤I┐│з°,217,110,107,1194,628,566,322,152,170,"102Y12M"
10005,н]о▀┐д,10005080,дj┤Є╢m,10005080-005,дjлnз°,67,37,30,460,273,187,155,70,85,"102Y12M"
10005,н]о▀┐д,10005080,дj┤Є╢m,10005080-006,дj╝dз°,170,87,83,1053,567,486,293,137,156,"102Y12M"
10005,н]о▀┐д,10005080,дj┤Є╢m,10005080-007,лn┤Єз°,92,55,37,586,334,252,148,69,79,"102Y12M"
10005,н]о▀┐д,10005080,дj┤Є╢m,10005080-008,╕qйMз°,273,148,125,1310,701,609,302,144,158,"102Y12M"
10005,н]о▀┐д,10005080,дj┤Є╢m,10005080-009,кF┐│з°,123,68,55,609,353,256,178,89,89,"102Y12M"
10005,н]о▀┐д,10005080,дj┤Є╢m,10005080-010,кZ║aз°,49,28,21,402,239,163,121,59,62,"102Y12M"
10005,н]о▀┐д,10005080,дj┤Є╢m,10005080-011,о▀кLз°,150,76,74,837,478,359,250,124,126,"102Y12M"
10005,н]о▀┐д,10005080,дj┤Є╢m,10005080-012,╖s╢}з°,144,79,65,877,493,384,247,134,113,"102Y12M"
10005,н]о▀┐д,10005090,д╜└]╢m,10005090-001,└]ддз°,315,147,168,1395,712,683,336,157,179,"102Y12M"
10005,н]о▀┐д,10005090,д╜└]╢m,10005090-002,└]кFз°,534,273,261,2098,1063,1035,447,209,238,"102Y12M"
10005,н]о▀┐д,10005090,д╜└]╢m,10005090-003,└]лnз°,681,352,329,3143,1596,1547,471,216,255,"102Y12M"
10005,н]о▀┐д,10005090,д╜└]╢m,10005090-004,дjз|з°,142,74,68,799,433,366,256,138,118,"102Y12M"
10005,н]о▀┐д,10005090,д╜└]╢m,10005090-005,дд╕qз°,408,221,187,2072,1104,968,393,203,190,"102Y12M"
10005,н]о▀┐д,10005090,д╜└]╢m,10005090-006,е╔мuз°,431,230,201,2033,1026,1007,309,155,154,"102Y12M"
10005,н]о▀┐д,10005090,д╜└]╢m,10005090-007,е█∙┘з°,243,121,122,1314,728,586,289,148,141,"102Y12M"
10005,н]о▀┐д,10005090,д╜└]╢m,10005090-008,║╓░Єз°,187,96,91,914,483,431,215,99,116,"102Y12M"
10005,н]о▀┐д,10005090,д╜└]╢m,10005090-009,║╓мPз°,333,185,148,1838,981,857,319,155,164,"102Y12M"
10005,н]о▀┐д,10005090,д╜└]╢m,10005090-010,╢}─qз°,28,15,13,250,138,112,90,45,45,"102Y12M"
10005,н]о▀┐д,10005090,д╜└]╢m,10005090-011,║╓╝wз°,36,18,18,327,184,143,83,40,43,"102Y12M"
10005,н]о▀┐д,10005090,д╜└]╢m,10005090-012,днижз°,367,204,163,2005,1030,975,357,166,191,"102Y12M"
10005,н]о▀┐д,10005090,д╜└]╢m,10005090-013,е╔ижз°,202,102,100,1298,671,627,200,102,98,"102Y12M"
10005,н]о▀┐д,10005090,д╜└]╢m,10005090-014,┼bйгз°,247,132,115,1353,705,648,291,135,156,"102Y12M"
10005,н]о▀┐д,10005090,д╜└]╢m,10005090-015,┼bдsз°,216,112,104,1268,716,552,287,128,159,"102Y12M"
10005,н]о▀┐д,10005090,д╜└]╢m,10005090-016,дпжwз°,165,95,70,1106,612,494,273,138,135,"102Y12M"
10005,н]о▀┐д,10005090,д╜└]╢m,10005090-017,жyдsз°,197,111,86,1267,690,577,310,149,161,"102Y12M"
10005,н]о▀┐д,10005090,д╜└]╢m,10005090-018,лnкeз°,30,15,15,177,104,73,58,29,29,"102Y12M"
10005,н]о▀┐д,10005090,д╜└]╢m,10005090-019,е_кeз°,37,19,18,256,156,100,94,49,45,"102Y12M"
10005,н]о▀┐д,10005100,╗╔╞r╢m,10005100-001,║╓┐│з°,156,75,81,911,484,427,195,94,101,"102Y12M"
10005,н]о▀┐д,10005100,╗╔╞r╢m,10005100-002,╗╔╞rз°,720,406,314,4026,2082,1944,811,380,431,"102Y12M"
10005,н]о▀┐д,10005100,╗╔╞r╢m,10005100-003,┤┬╢зз°,251,116,135,1497,807,690,328,168,160,"102Y12M"
10005,н]о▀┐д,10005100,╗╔╞r╢m,10005100-004,╝╠╛Ёз°,222,113,109,1127,619,508,281,136,145,"102Y12M"
10005,н]о▀┐д,10005100,╗╔╞r╢m,10005100-005,дE┤Єз°,205,119,86,1026,583,443,259,127,132,"102Y12M"
10005,н]о▀┐д,10005100,╗╔╞r╢m,10005100-006,ж╦┤╦з°,144,73,71,942,539,403,242,115,127,"102Y12M"
10005,н]о▀┐д,10005100,╗╔╞r╢m,10005100-007,дденз°,469,263,206,2798,1489,1309,539,263,276,"102Y12M"
10005,н]о▀┐д,10005100,╗╔╞r╢m,10005100-008,┐│╢йз°,74,40,34,418,238,180,215,98,117,"102Y12M"
10005,н]о▀┐д,10005100,╗╔╞r╢m,10005100-009,▓▒╢йз°,50,29,21,305,192,113,151,74,77,"102Y12M"
10005,н]о▀┐д,10005100,╗╔╞r╢m,10005100-010,╖s╢йз°,97,52,45,407,242,165,170,91,79,"102Y12M"
10005,н]о▀┐д,10005110,лn╔▄╢m,10005110-001,кFз°,164,97,67,907,538,369,312,138,174,"102Y12M"
10005,н]о▀┐д,10005110,лn╔▄╢m,10005110-002,жшз°,92,51,41,552,300,252,153,67,86,"102Y12M"
10005,н]о▀┐д,10005110,лn╔▄╢m,10005110-003,лnж┐з°,253,142,111,1163,665,498,286,123,163,"102Y12M"
10005,н]о▀┐д,10005110,лn╔▄╢m,10005110-004,е╨м№з°,124,69,55,651,378,273,201,92,109,"102Y12M"
10005,н]о▀┐д,10005110,лn╔▄╢m,10005110-005,╖рдsз°,116,67,49,658,392,266,245,109,136,"102Y12M"
10005,н]о▀┐д,10005110,лn╔▄╢m,10005110-006,лn┤Iз°,128,71,57,904,492,412,269,120,149,"102Y12M"
10005,н]о▀┐д,10005110,лn╔▄╢m,10005110-007,н√кLз°,148,78,70,848,484,364,256,124,132,"102Y12M"
10005,н]о▀┐д,10005110,лn╔▄╢m,10005110-008,╜┤╡▄з°,150,80,70,760,445,315,171,86,85,"102Y12M"
10005,н]о▀┐д,10005110,лn╔▄╢m,10005110-009,кFкeз°,179,96,83,911,524,387,141,66,75,"102Y12M"
10005,н]о▀┐д,10005120,└Yл╬╢m,10005120-001,└Yл╬з°,339,184,155,2094,1099,995,497,237,260,"102Y12M"
10005,н]о▀┐д,10005120,└Yл╬╢m,10005120-002,╢Hдsз°,269,135,134,1705,892,813,339,167,172,"102Y12M"
10005,н]о▀┐д,10005120,└Yл╬╢m,10005120-003,е_з|з°,106,54,52,660,342,318,129,66,63,"102Y12M"
10005,н]о▀┐д,10005120,└Yл╬╢m,10005120-004,╖р╝цз°,262,133,129,1541,839,702,276,133,143,"102Y12M"
10005,н]о▀┐д,10005120,└Yл╬╢m,10005120-005,ж▒м}з°,108,61,47,751,409,342,212,101,111,"102Y12M"
10005,н]о▀┐д,10005120,└Yл╬╢m,10005120-006,н╕╗ёз°,58,35,23,316,177,139,116,58,58,"102Y12M"
10005,н]о▀┐д,10005120,└Yл╬╢m,10005120-007,й·╝wз°,136,80,56,857,473,384,259,117,142,"102Y12M"
10005,н]о▀┐д,10005120,└Yл╬╢m,10005120-008,╗я╗ёз°,16,10,6,266,157,109,96,44,52,"102Y12M"
10005,н]о▀┐д,10005130,дT╕q╢m,10005130-001,╝s▓▒з°,745,385,360,3775,1961,1814,732,348,384,"102Y12M"
10005,н]о▀┐д,10005130,дT╕q╢m,10005130-002,О{┤Єз°,350,190,160,1610,872,738,358,172,186,"102Y12M"
10005,н]о▀┐д,10005130,дT╕q╢m,10005130-003,О{╝цз°,223,115,108,1200,655,545,321,167,154,"102Y12M"
10005,н]о▀┐д,10005130,дT╕q╢m,10005130-004,│╙┐│з°,577,318,259,3287,1675,1612,412,195,217,"102Y12M"
10005,н]о▀┐д,10005130,дT╕q╢m,10005130-005,жш┤Єз°,218,122,96,1314,715,599,245,115,130,"102Y12M"
10005,н]о▀┐д,10005130,дT╕q╢m,10005130-006,└s─╦з°,52,26,26,342,181,161,88,44,44,"102Y12M"
10005,н]о▀┐д,10005130,дT╕q╢m,10005130-007,├U│╜╝цз°,170,89,81,1140,638,502,252,130,122,"102Y12M"
10005,н]о▀┐д,10005140,жш┤Є╢m,10005140-001,░коHз°,86,43,43,492,283,209,150,71,79,"102Y12M"
10005,н]о▀┐д,10005140,жш┤Є╢m,10005140-002,дUоHз°,60,32,28,461,264,197,163,78,85,"102Y12M"
10005,н]о▀┐д,10005140,жш┤Є╢m,10005140-003,дн┤Єз°,110,58,52,681,377,304,254,128,126,"102Y12M"
10005,н]о▀┐д,10005140,жш┤Є╢m,10005140-004,е|┤Єз°,86,49,37,497,291,206,168,84,84,"102Y12M"
10005,н]о▀┐д,10005140,жш┤Є╢m,10005140-005,кў╖рз°,64,38,26,427,243,184,137,73,64,"102Y12M"
10005,н]о▀┐д,10005140,жш┤Є╢m,10005140-006,└sм}з°,37,20,17,371,212,159,125,65,60,"102Y12M"
10005,н]о▀┐д,10005140,жш┤Є╢m,10005140-007,дT┤Єз°,90,53,37,733,437,296,277,131,146,"102Y12M"
10005,н]о▀┐д,10005140,жш┤Є╢m,10005140-008,┤ЄкFз°,158,78,80,990,559,431,214,106,108,"102Y12M"
10005,н]о▀┐д,10005140,жш┤Є╢m,10005140-009,дG┤Єз°,95,47,48,546,342,204,177,87,90,"102Y12M"
10005,н]о▀┐д,10005150,│y╛Ї╢m,10005150-001,│y╛Їз°,334,180,154,1838,950,888,331,158,173,"102Y12M"
10005,н]о▀┐д,10005150,│y╛Ї╢m,10005150-002,ен┐│з°,64,33,31,375,211,164,135,59,76,"102Y12M"
10005,н]о▀┐д,10005150,│y╛Ї╢m,10005150-003,┬╫┤Єз°,136,76,60,890,480,410,195,101,94,"102Y12M"
10005,н]о▀┐д,10005150,│y╛Ї╢m,10005150-004,дjжшз°,604,324,280,3209,1690,1519,545,259,286,"102Y12M"
10005,н]о▀┐д,10005150,│y╛Ї╢m,10005150-005,└AдЇз°,69,37,32,414,221,193,115,61,54,"102Y12M"
10005,н]о▀┐д,10005150,│y╛Ї╢m,10005150-006,дj└sз°,74,46,28,412,227,185,116,59,57,"102Y12M"
10005,н]о▀┐д,10005150,│y╛Ї╢m,10005150-007,┤┬╢зз°,181,94,87,1174,600,574,237,122,115,"102Y12M"
10005,н]о▀┐д,10005150,│y╛Ї╢m,10005150-008,╜═дхз°,85,41,44,673,371,302,140,61,79,"102Y12M"
10005,н]о▀┐д,10005150,│y╛Ї╢m,10005150-009,└sк@з°,123,65,58,852,482,370,196,104,92,"102Y12M"
10005,н]о▀┐д,10005160,дT╞W╢m,10005160-001,дT╞Wз°,372,195,177,1910,1058,852,451,211,240,"102Y12M"
10005,н]о▀┐д,10005160,дT╞W╢m,10005160-002,д║╞Wз°,91,45,46,536,309,227,149,83,66,"102Y12M"
10005,н]о▀┐д,10005160,дT╞W╢m,10005160-003,╗╔├шз°,145,83,62,749,419,330,193,92,101,"102Y12M"
10005,н]о▀┐д,10005160,дT╞W╢m,10005160-004,│╗╝dз°,23,11,12,188,103,85,72,37,35,"102Y12M"
10005,н]о▀┐д,10005160,дT╞W╢m,10005160-005,е_оHз°,53,28,25,467,273,194,132,60,72,"102Y12M"
10005,н]о▀┐д,10005160,дT╞W╢m,10005160-006,дjкeз°,37,13,24,444,260,184,188,94,94,"102Y12M"
10005,н]о▀┐д,10005160,дT╞W╢m,10005160-007,дjйWз°,60,31,29,336,185,151,112,62,50,"102Y12M"
10005,н]о▀┐д,10005160,дT╞W╢m,10005160-008,е├йMз°,30,18,12,283,166,117,105,53,52,"102Y12M"
10005,н]о▀┐д,10005170,╖р╝ц╢m,10005170-001,ж╩╣╪з°,35,21,14,265,173,92,100,53,47,"102Y12M"
10005,н]о▀┐д,10005170,╖р╝ц╢m,10005170-002,е├┐│з°,66,30,36,431,256,175,168,79,89,"102Y12M"
10005,н]о▀┐д,10005170,╖р╝ц╢m,10005170-003,╖sй▒з°,86,49,37,694,405,289,274,124,150,"102Y12M"
10005,н]о▀┐д,10005170,╖р╝ц╢m,10005170-004,йM┐│з°,73,33,40,426,249,177,165,87,78,"102Y12M"
10005,н]о▀┐д,10005170,╖р╝ц╢m,10005170-005,┬╫кLз°,73,40,33,441,273,168,184,81,103,"102Y12M"
10005,н]о▀┐д,10005170,╖р╝ц╢m,10005170-006,╖s┬╫з°,29,17,12,280,158,122,90,46,44,"102Y12M"
10005,н]о▀┐д,10005170,╖р╝ц╢m,10005170-007,ж╦дьз°,52,26,26,536,313,223,210,101,109,"102Y12M"
10005,н]о▀┐д,10005180,оїжw╢m,10005180-001,дKиЎз°,52,27,25,245,150,95,42,19,23,"102Y12M"
10005,н]о▀┐д,10005180,оїжw╢m,10005180-002,└AдЇз°,162,78,84,943,531,412,178,88,90,"102Y12M"
10005,н]о▀┐д,10005180,оїжw╢m,10005180-003,▓Mжwз°,101,53,48,732,413,319,196,98,98,"102Y12M"
10005,н]о▀┐д,10005180,оїжw╢m,10005180-004,дj┐│з°,73,38,35,415,223,192,63,28,35,"102Y12M"
10005,н]о▀┐д,10005180,оїжw╢m,10005180-005,дд┐│з°,102,55,47,475,246,229,69,36,33,"102Y12M"
10005,н]о▀┐д,10005180,оїжw╢m,10005180-006,▒Ў╢щз°,135,59,76,422,242,180,37,15,22,"102Y12M"
10005,н]о▀┐д,10005180,оїжw╢m,10005180-007,╢H╗єз°,151,78,73,564,315,249,85,34,51,"102Y12M"
10005,н]о▀┐д,10005180,оїжw╢m,10005180-008,дhкLз°,129,68,61,524,274,250,74,29,45,"102Y12M"
10007,╣№д╞┐д,10007010,╣№д╞ел,10007010-001,дхд╞и╜,398,200,198,1241,585,656,287,133,154,"102Y12M"
10007,╣№д╞┐д,10007010,╣№д╞ел,10007010-002,дUб╜и╜,1390,705,685,4442,2158,2284,624,290,334,"102Y12M"
10007,╣№д╞┐д,10007010,╣№д╞ел,10007010-003,┐│е_и╜,611,333,278,1539,691,848,259,114,145,"102Y12M"
10007,╣№д╞┐д,10007010,╣№д╞ел,10007010-004,лH╕qи╜,261,119,142,746,345,401,194,86,108,"102Y12M"
10007,╣№д╞┐д,10007010,╣№д╞ел,10007010-005,е┴е═и╜,487,250,237,1293,599,694,270,118,152,"102Y12M"
10007,╣№д╞┐д,10007010,╣№д╞ел,10007010-006,╢зй·и╜,401,199,202,1479,759,720,389,171,218,"102Y12M"
10007,╣№д╞┐д,10007010,╣№д╞ел,10007010-007,╕Uжwи╜,1197,610,587,3703,1721,1982,603,267,336,"102Y12M"
10007,╣№д╞┐д,10007010,╣№д╞ел,10007010-008,╖s┐│и╜,1218,618,600,4647,2255,2392,619,273,346,"102Y12M"
10007,╣№д╞┐д,10007010,╣№д╞ел,10007010-009,╖s╡╪и╜,385,204,181,1495,732,763,307,142,165,"102Y12M"
10007,╣№д╞┐д,10007010,╣№д╞ел,10007010-010,└sдsи╜,314,164,150,1590,746,844,375,174,201,"102Y12M"
10007,╣№д╞┐д,10007010,╣№д╞ел,10007010-011,дддsи╜,156,91,65,681,335,346,159,68,91,"102Y12M"
10007,╣№д╞┐д,10007010,╣№д╞ел,10007010-012,дде┐и╜,350,186,164,1293,618,675,279,128,151,"102Y12M"
10007,╣№д╞┐д,10007010,╣№д╞ел,10007010-013,е├║╓и╜,172,102,70,768,393,375,224,102,122,"102Y12M"
10007,╣№д╞┐д,10007010,╣№д╞ел,10007010-014,е·┤_и╜,167,92,75,635,325,310,154,62,92,"102Y12M"
10007,╣№д╞┐д,10007010,╣№д╞ел,10007010-015,е·╡╪и╜,115,67,48,613,319,294,188,75,113,"102Y12M"
10007,╣№д╞┐д,10007010,╣№д╞ел,10007010-016,╕U╣╪и╜,110,58,52,764,378,386,222,106,116,"102Y12M"
10007,╣№д╞┐д,10007010,╣№д╞ел,10007010-017,ддеби╜,62,30,32,626,344,282,214,101,113,"102Y12M"
10007,╣№д╞┐д,10007010,╣№д╞ел,10007010-018,┤I╢Qи╜,114,56,58,759,380,379,213,100,113,"102Y12M"
10007,╣№д╞┐д,10007010,╣№д╞ел,10007010-019,е┴┼vи╜,163,85,78,992,536,456,269,114,155,"102Y12M"
10007,╣№д╞┐д,10007010,╣№д╞ел,10007010-020,жш┐│и╜,670,349,321,3079,1558,1521,365,160,205,"102Y12M"
10007,╣№д╞┐д,10007010,╣№д╞ел,10007010-021,жш╢╒и╜,847,458,389,3287,1588,1699,382,180,202,"102Y12M"
10007,╣№д╞┐д,10007010,╣№д╞ел,10007010-022,й╛з╡и╜,272,143,129,1128,559,569,220,90,130,"102Y12M"
10007,╣№д╞┐д,10007010,╣№д╞ел,10007010-023,й╛┼vи╜,617,341,276,2963,1438,1525,384,159,225,"102Y12M"
10007,╣№д╞┐д,10007010,╣№д╞ел,10007010-024,дн┼vи╜,940,492,448,3837,1791,2046,425,198,227,"102Y12M"
10007,╣№д╞┐д,10007010,╣№д╞ел,10007010-025,к°╝╓и╜,197,111,86,874,427,447,282,130,152,"102Y12M"
10007,╣№д╞┐д,10007010,╣№д╞ел,10007010-026,кFк┌и╜,643,347,296,3071,1560,1511,424,195,229,"102Y12M"
10007,╣№д╞┐д,10007010,╣№д╞ел,10007010-027,лnжwи╜,387,210,177,1851,945,906,259,125,134,"102Y12M"
10007,╣№д╞┐д,10007010,╣№д╞ел,10007010-028,лnм№и╜,294,148,146,1581,837,744,208,87,121,"102Y12M"
10007,╣№д╞┐д,10007010,╣№д╞ел,10007010-029,█lофи╜,483,259,224,2907,1452,1455,262,111,151,"102Y12M"
10007,╣№д╞┐д,10007010,╣№д╞ел,10007010-030,┐jб╜и╜,602,312,290,3014,1534,1480,361,153,208,"102Y12M"
10007,╣№д╞┐д,10007010,╣№д╞ел,10007010-031,енйMи╜,699,379,320,3977,1973,2004,441,199,242,"102Y12M"
10007,╣№д╞┐д,10007010,╣№д╞ел,10007010-032,оч╖╜и╜,352,199,153,2083,1055,1028,741,473,268,"102Y12M"
10007,╣№д╞┐д,10007010,╣№д╞ел,10007010-033,иЎдsи╜,412,218,194,2195,1069,1126,420,204,216,"102Y12M"
10007,╣№д╞┐д,10007010,╣№д╞ел,10007010-034,кF┐│и╜,218,110,108,1266,640,626,381,168,213,"102Y12M"
10007,╣№д╞┐д,10007010,╣№д╞ел,10007010-035,дjжPи╜,99,45,54,813,429,384,268,127,141,"102Y12M"
10007,╣№д╞┐д,10007010,╣№д╞ел,10007010-036,е├е═и╜,132,70,62,1032,521,511,313,145,168,"102Y12M"
10007,╣№д╞┐д,10007010,╣№д╞ел,10007010-037,╡╪╢зи╜,270,146,124,1515,761,754,444,184,260,"102Y12M"
10007,╣№д╞┐д,10007010,╣№д╞ел,10007010-038,╡╪е_и╜,214,113,101,1267,617,650,349,145,204,"102Y12M"
10007,╣№д╞┐д,10007010,╣№д╞ел,10007010-039,лnЭaи╜,1400,700,700,6833,3315,3518,954,436,518,"102Y12M"
10007,╣№д╞┐д,10007010,╣№д╞ел,10007010-040,жие\и╜,266,143,123,1305,640,665,269,117,152,"102Y12M"
10007,╣№д╞┐д,10007010,╣№д╞ел,10007010-041,й╡йMи╜,1142,600,542,4525,2224,2301,493,225,268,"102Y12M"
10007,╣№д╞┐д,10007010,╣№д╞ел,10007010-042,лn┐│и╜,1611,837,774,6488,3076,3412,570,238,332,"102Y12M"
10007,╣№д╞┐д,10007010,╣№д╞ел,10007010-043,жшжwи╜,475,258,217,2595,1245,1350,518,223,295,"102Y12M"
10007,╣№д╞┐д,10007010,╣№д╞ел,10007010-044,╣№жwи╜,533,269,264,2698,1327,1371,549,239,310,"102Y12M"
10007,╣№д╞┐д,10007010,╣№д╞ел,10007010-045,е·лnи╜,277,134,143,1300,641,659,234,104,130,"102Y12M"
10007,╣№д╞┐д,10007010,╣№д╞ел,10007010-046,д╢╣╪и╜,319,172,147,2189,1194,995,515,226,289,"102Y12M"
10007,╣№д╞┐д,10007010,╣№д╞ел,10007010-047,й╡ени╜,2061,1109,952,7779,3722,4057,775,357,418,"102Y12M"
10007,╣№д╞┐д,10007010,╣№д╞ел,10007010-048,л╪─_и╜,398,214,184,1847,950,897,518,236,282,"102Y12M"
10007,╣№д╞┐д,10007010,╣№д╞ел,10007010-049,║╓жwи╜,138,66,72,865,444,421,209,95,114,"102Y12M"
10007,╣№д╞┐д,10007010,╣№д╞ел,10007010-050,дjж╦и╜,648,348,300,2917,1458,1459,396,184,212,"102Y12M"
10007,╣№д╞┐д,10007010,╣№д╞ел,10007010-051,ж╦дди╜,271,155,116,1574,820,754,256,124,132,"102Y12M"
10007,╣№д╞┐д,10007010,╣№д╞ел,10007010-052,жw╖╦и╜,404,210,194,1720,874,846,170,81,89,"102Y12M"
10007,╣№д╞┐д,10007010,╣№д╞ел,10007010-053,н╗дsи╜,534,294,240,2880,1502,1378,404,182,222,"102Y12M"
10007,╣№д╞┐д,10007010,╣№д╞ел,10007010-054,д√оHи╜,454,250,204,2662,1386,1276,433,187,246,"102Y12M"
10007,╣№д╞┐д,10007010,╣№д╞ел,10007010-055,║╓дsи╜,1142,569,573,6309,3166,3143,839,393,446,"102Y12M"
10007,╣№д╞┐д,10007010,╣№д╞ел,10007010-056,дд╔▄и╜,410,220,190,2200,1077,1123,374,183,191,"102Y12M"
10007,╣№д╞┐д,10007010,╣№д╞ел,10007010-057,дTз°и╜,167,78,89,1041,556,485,174,81,93,"102Y12M"
10007,╣№д╞┐д,10007010,╣№д╞ел,10007010-058,░ъ╕tи╜,404,215,189,2225,1149,1076,334,160,174,"102Y12M"
10007,╣№д╞┐д,10007010,╣№д╞ел,10007010-059,─_б╜и╜,271,146,125,1053,578,475,176,79,97,"102Y12M"
10007,╣№д╞┐д,10007010,╣№д╞ел,10007010-060,нX╨ди╜,193,102,91,824,438,386,123,58,65,"102Y12M"
10007,╣№д╞┐д,10007010,╣№д╞ел,10007010-061,нXлnи╜,723,388,335,2541,1265,1276,304,140,164,"102Y12M"
10007,╣№д╞┐д,10007010,╣№д╞ел,10007010-062,к№жiи╜,1867,1024,843,7339,3544,3795,667,325,342,"102Y12M"
10007,╣№д╞┐д,10007010,╣№д╞ел,10007010-063,еjжiи╜,412,219,193,2274,1148,1126,257,133,124,"102Y12M"
10007,╣№д╞┐д,10007010,╣№д╞ел,10007010-064,┤_┐│и╜,986,528,458,3945,1949,1996,519,235,284,"102Y12M"
10007,╣№д╞┐д,10007010,╣№д╞ел,10007010-065,йM╜╒и╜,663,372,291,2387,1199,1188,369,167,202,"102Y12M"
10007,╣№д╞┐д,10007010,╣№д╞ел,10007010-066,е█╡Pи╜,171,85,86,1047,564,483,241,117,124,"102Y12M"
10007,╣№д╞┐д,10007010,╣№д╞ел,10007010-067,║╓е╨и╜,182,96,86,1158,601,557,213,105,108,"102Y12M"
10007,╣№д╞┐д,10007010,╣№д╞ел,10007010-068,ж╦л╤и╜,142,77,65,715,398,317,161,75,86,"102Y12M"
10007,╣№д╞┐д,10007010,╣№д╞ел,10007010-069,е╨дди╜,139,81,58,749,406,343,149,69,80,"102Y12M"
10007,╣№д╞┐д,10007010,╣№д╞ел,10007010-070,з╓йxи╜,158,77,81,987,500,487,179,88,91,"102Y12M"
10007,╣№д╞┐д,10007010,╣№д╞ел,10007010-071,еx╗ёи╜,699,373,326,4191,2155,2036,366,163,203,"102Y12M"
10007,╣№д╞┐д,10007010,╣№д╞ел,10007010-072,▒[ени╜,924,456,468,4944,2404,2540,570,247,323,"102Y12M"
10007,╣№д╞┐д,10007010,╣№д╞ел,10007010-073,жV╢зи╜,1181,616,565,4486,2115,2371,294,133,161,"102Y12M"
10007,╣№д╞┐д,10007020,│└┤ф┬э,10007020-001,дjж│и╜,202,112,90,1002,528,474,216,99,117,"102Y12M"
10007,╣№д╞┐д,10007020,│└┤ф┬э,10007020-002,дд┐│и╜,71,41,30,438,222,216,100,47,53,"102Y12M"
10007,╣№д╞┐д,10007020,│└┤ф┬э,10007020-003,мемzи╜,124,66,58,724,384,340,191,82,109,"102Y12M"
10007,╣№д╞┐д,10007020,│└┤ф┬э,10007020-004,╢╢┐│и╜,129,68,61,753,402,351,189,88,101,"102Y12M"
10007,╣№д╞┐д,10007020,│└┤ф┬э,10007020-005,│╗нэи╜,1853,937,916,6652,3368,3284,762,354,408,"102Y12M"
10007,╣№д╞┐д,10007020,│└┤ф┬э,10007020-006,кF▒Tи╜,1109,603,506,4607,2359,2248,599,284,315,"102Y12M"
10007,╣№д╞┐д,10007020,│└┤ф┬э,10007020-007,оH▒[и╜,964,536,428,4344,2169,2175,432,182,250,"102Y12M"
10007,╣№д╞┐д,10007020,│└┤ф┬э,10007020-008,кFе█и╜,853,467,386,3814,1933,1881,516,235,281,"102Y12M"
10007,╣№д╞┐д,10007020,│└┤ф┬э,10007020-009,│внэи╜,100,57,43,467,265,202,109,54,55,"102Y12M"
10007,╣№д╞┐д,10007020,│└┤ф┬э,10007020-010,╖sоcи╜,109,56,53,760,410,350,209,103,106,"102Y12M"
10007,╣№д╞┐д,10007020,│└┤ф┬э,10007020-011,е╔╢╢и╜,224,121,103,1067,557,510,248,113,135,"102Y12M"
10007,╣№д╞┐д,10007020,│└┤ф┬э,10007020-012,┤║║╓и╜,158,84,74,997,503,494,221,102,119,"102Y12M"
10007,╣№д╞┐д,10007020,│└┤ф┬э,10007020-013,ої┐│и╜,292,152,140,1023,517,506,233,109,124,"102Y12M"
10007,╣№д╞┐д,10007020,│└┤ф┬э,10007020-014,к°┐│и╜,57,33,24,223,112,111,79,38,41,"102Y12M"
10007,╣№д╞┐д,10007020,│└┤ф┬э,10007020-015,└sдsи╜,166,78,88,550,297,253,160,67,93,"102Y12M"
10007,╣№д╞┐д,10007020,│└┤ф┬э,10007020-016,┐│д╞и╜,151,86,65,506,269,237,119,45,74,"102Y12M"
10007,╣№д╞┐д,10007020,│└┤ф┬э,10007020-017,╡ц╢щи╜,246,141,105,824,420,404,181,84,97,"102Y12M"
10007,╣№д╞┐д,10007020,│└┤ф┬э,10007020-018,╡єз└и╜,527,259,268,2040,1014,1026,317,129,188,"102Y12M"
10007,╣№д╞┐д,10007020,│└┤ф┬э,10007020-019,│╗╡fи╜,796,401,395,3435,1791,1644,464,210,254,"102Y12M"
10007,╣№д╞┐д,10007020,│└┤ф┬э,10007020-020,└Y▒[и╜,572,323,249,2396,1231,1165,334,153,181,"102Y12M"
10007,╣№д╞┐д,10007020,│└┤ф┬э,10007020-021,╣∙нэи╜,733,377,356,3641,1893,1748,486,234,252,"102Y12M"
10007,╣№д╞┐д,10007020,│└┤ф┬э,10007020-022,╖╛сYи╜,836,447,389,3797,1949,1848,467,227,240,"102Y12M"
10007,╣№д╞┐д,10007020,│└┤ф┬э,10007020-023,пєдди╜,551,277,274,2763,1457,1306,539,246,293,"102Y12M"
10007,╣№д╞┐д,10007020,│└┤ф┬э,10007020-024,└Yлnи╜,371,190,181,1854,968,886,326,154,172,"102Y12M"
10007,╣№д╞┐д,10007020,│└┤ф┬э,10007020-025,дs▒[и╜,537,281,256,2695,1413,1282,537,265,272,"102Y12M"
10007,╣№д╞┐д,10007020,│└┤ф┬э,10007020-026,о№оHи╜,569,292,277,3064,1581,1483,459,219,240,"102Y12M"
10007,╣№д╞┐д,10007020,│└┤ф┬э,10007020-027,╢@жwи╜,367,189,178,1720,916,804,277,133,144,"102Y12M"
10007,╣№д╞┐д,10007020,│└┤ф┬э,10007020-028,мvнэи╜,385,203,182,2079,1091,988,447,200,247,"102Y12M"
10007,╣№д╞┐д,10007020,│└┤ф┬э,10007020-029,е├жwи╜,880,481,399,3890,1936,1954,690,294,396,"102Y12M"
10007,╣№д╞┐д,10007030,йMм№┬э,10007030-001,ж╦└чи╜,1199,653,546,5226,2609,2617,534,225,309,"102Y12M"
10007,╣№д╞┐д,10007030,йMм№┬э,10007030-002,йMкFи╜,804,439,365,3866,1929,1937,523,234,289,"102Y12M"
10007,╣№д╞┐д,10007030,йMм№┬э,10007030-003,йMлnи╜,95,46,49,380,189,191,97,40,57,"102Y12M"
10007,╣№д╞┐д,10007030,йMм№┬э,10007030-004,йMе_и╜,390,221,169,1645,826,819,213,83,130,"102Y12M"
10007,╣№д╞┐д,10007030,йMм№┬э,10007030-005,йMжши╜,730,375,355,2921,1465,1456,486,220,266,"102Y12M"
10007,╣№д╞┐д,10007030,йMм№┬э,10007030-006,е|▒iи╜,612,335,277,2618,1339,1279,282,135,147,"102Y12M"
10007,╣№д╞┐д,10007030,йMм№┬э,10007030-007,└Yлeи╜,365,200,165,1544,785,759,193,86,107,"102Y12M"
10007,╣№д╞┐д,10007030,йMм№┬э,10007030-008,┴┘к└и╜,145,69,76,781,416,365,110,42,68,"102Y12M"
10007,╣№д╞┐д,10007030,йMм№┬э,10007030-009,н▒лeи╜,435,216,219,1865,961,904,234,97,137,"102Y12M"
10007,╣№д╞┐д,10007030,йMм№┬э,10007030-010,┬эени╜,450,260,190,2510,1316,1194,343,167,176,"102Y12M"
10007,╣№д╞┐д,10007030,йMм№┬э,10007030-011,дj┴°и╜,236,116,120,1268,678,590,182,82,100,"102Y12M"
10007,╣№д╞┐д,10007030,йMм№┬э,10007030-012,╖╜░ёи╜,285,152,133,1658,863,795,249,117,132,"102Y12M"
10007,╣№д╞┐д,10007030,йMм№┬э,10007030-013,лnж·и╜,354,186,168,1964,1039,925,245,107,138,"102Y12M"
10007,╣№д╞┐д,10007030,йMм№┬э,10007030-014,╢о╖╛и╜,257,123,134,1235,661,574,196,95,101,"102Y12M"
10007,╣№д╞┐д,10007030,йMм№┬э,10007030-015,дs▓pи╜,1308,693,615,4641,2329,2312,447,194,253,"102Y12M"
10007,╣№д╞┐д,10007030,йMм№┬э,10007030-016,╣┼▓pи╜,326,165,161,1732,941,791,209,98,111,"102Y12M"
10007,╣№д╞┐д,10007030,йMм№┬э,10007030-017,┼Kдsи╜,411,213,198,2409,1265,1144,354,160,194,"102Y12M"
10007,╣№д╞┐д,10007030,йMм№┬э,10007030-018,╢@жwи╜,185,97,88,1804,949,855,233,102,131,"102Y12M"
10007,╣№д╞┐д,10007030,йMм№┬э,10007030-019,мaдли╜,642,357,285,2987,1544,1443,418,185,233,"102Y12M"
10007,╣№д╞┐д,10007030,йMм№┬э,10007030-020,ж╦╢щи╜,169,79,90,826,438,388,105,45,60,"102Y12M"
10007,╣№д╞┐д,10007030,йMм№┬э,10007030-021,╖s╔▄и╜,279,135,144,2166,1161,1005,321,143,178,"102Y12M"
10007,╣№д╞┐д,10007030,йMм№┬э,10007030-022,▓p▓▒и╜,413,199,214,2119,1104,1015,341,167,174,"102Y12M"
10007,╣№д╞┐д,10007030,йMм№┬э,10007030-023,дд╝dи╜,178,91,87,958,539,419,199,94,105,"102Y12M"
10007,╣№д╞┐д,10007030,йMм№┬э,10007030-024,дд│Єи╜,509,274,235,2614,1387,1227,378,185,193,"102Y12M"
10007,╣№д╞┐д,10007030,йMм№┬э,10007030-025,┐}д═и╜,747,413,334,3940,1961,1979,207,96,111,"102Y12M"
10007,╣№д╞┐д,10007030,йMм№┬э,10007030-026,╢юнэи╜,305,151,154,1528,827,701,297,146,151,"102Y12M"
10007,╣№д╞┐д,10007030,йMм№┬э,10007030-027,жa╝ци╜,136,74,62,808,431,377,174,72,102,"102Y12M"
10007,╣№д╞┐д,10007030,йMм№┬э,10007030-028,┤Єд║и╜,144,83,61,1084,592,492,226,108,118,"102Y12M"
10007,╣№д╞┐д,10007030,йMм№┬э,10007030-029,╣┼─_и╜,302,147,155,1740,933,807,314,145,169,"102Y12M"
10007,╣№д╞┐д,10007030,йMм№┬э,10007030-030,дым▄и╜,591,311,280,2904,1481,1423,396,180,216,"102Y12M"
10007,╣№д╞┐д,10007030,йMм№┬э,10007030-031,жnн╫и╜,267,131,136,1494,824,670,253,117,136,"102Y12M"
10007,╣№д╞┐д,10007030,йMм№┬э,10007030-032,дп╖Rи╜,545,276,269,2520,1229,1291,213,87,126,"102Y12M"
10007,╣№д╞┐д,10007040,╜uжш╢m,10007040-001,╜uжшз°,458,241,217,2012,988,1024,284,128,156,"102Y12M"
10007,╣№д╞┐д,10007040,╜uжш╢m,10007040-002,│╗╔▄з°,189,106,83,1135,617,518,214,103,111,"102Y12M"
10007,╣№д╞┐д,10007040,╜uжш╢m,10007040-003,┤JоHз°,491,265,226,2025,1053,972,305,150,155,"102Y12M"
10007,╣№д╞┐д,10007040,╜uжш╢m,10007040-004,╢єеJз°,230,117,113,1114,559,555,200,99,101,"102Y12M"
10007,╣№д╞┐д,10007040,╜uжш╢m,10007040-005,╖╛д║з°,230,120,110,1056,538,518,195,92,103,"102Y12M"
10007,╣№д╞┐д,10007040,╜uжш╢m,10007040-006,дU▓pз°,297,154,143,1732,943,789,294,135,159,"102Y12M"
10007,╣№д╞┐д,10007040,╜uжш╢m,10007040-007,│╗▓pз°,447,247,200,2253,1199,1054,347,166,181,"102Y12M"
10007,╣№д╞┐д,10007040,╜uжш╢m,10007040-008,╝w┐│з°,251,128,123,1216,627,589,148,77,71,"102Y12M"
10007,╣№д╞┐д,10007050,ж∙┤ф╢m,10007050-001,┤┐оaз°,299,144,155,1472,797,675,296,136,160,"102Y12M"
10007,╣№д╞┐д,10007050,ж∙┤ф╢m,10007050-002,│H╝dз°,175,90,85,1009,532,477,224,103,121,"102Y12M"
10007,╣№д╞┐д,10007050,ж∙┤ф╢m,10007050-003,░ёсYз°,261,132,129,1201,622,579,117,47,70,"102Y12M"
10007,╣№д╞┐д,10007050,ж∙┤ф╢m,10007050-004,╖╦й│з°,398,217,181,1686,896,790,259,123,136,"102Y12M"
10007,╣№д╞┐д,10007050,ж∙┤ф╢m,10007050-005,мuж{з°,379,197,182,1847,953,894,249,110,139,"102Y12M"
10007,╣№д╞┐д,10007050,ж∙┤ф╢m,10007050-006,мuнэз°,242,139,103,1107,570,537,219,96,123,"102Y12M"
10007,╣№д╞┐д,10007050,ж∙┤ф╢m,10007050-007,о№з└з°,322,167,155,1634,862,772,269,134,135,"102Y12M"
10007,╣№д╞┐д,10007050,ж∙┤ф╢m,10007050-008,е■┐│з°,374,208,166,1528,782,746,237,115,122,"102Y12M"
10007,╣№д╞┐д,10007050,ж∙┤ф╢m,10007050-009,йw┐│з°,472,255,217,2405,1270,1135,334,156,178,"102Y12M"
10007,╣№д╞┐д,10007050,ж∙┤ф╢m,10007050-010,╖s┤фз°,989,531,458,4713,2312,2401,585,249,336,"102Y12M"
10007,╣№д╞┐д,10007050,ж∙┤ф╢m,10007050-011,д░к╤з°,349,183,166,1639,879,760,250,110,140,"102Y12M"
10007,╣№д╞┐д,10007050,ж∙┤ф╢m,10007050-012,дjжPз°,393,205,188,1571,812,759,215,94,121,"102Y12M"
10007,╣№д╞┐д,10007050,ж∙┤ф╢m,10007050-013,дC╣┼з°,646,364,282,2657,1364,1293,281,123,158,"102Y12M"
10007,╣№д╞┐д,10007050,ж∙┤ф╢m,10007050-014,иX└Yз°,457,225,232,2034,1065,969,320,152,168,"102Y12M"
10007,╣№д╞┐д,10007060,║╓┐│╢m,10007060-001,╡fк└з°,234,118,116,1231,652,579,230,106,124,"102Y12M"
10007,╣№д╞┐д,10007060,║╓┐│╢m,10007060-002,к└з└з°,241,131,110,1230,675,555,262,118,144,"102Y12M"
10007,╣№д╞┐д,10007060,║╓┐│╢m,10007060-003,дj▒[з°,157,94,63,1066,584,482,225,97,128,"102Y12M"
10007,╣№д╞┐д,10007060,║╓┐│╢m,10007060-004,е~оHз°,200,107,93,1253,692,561,213,100,113,"102Y12M"
10007,╣№д╞┐д,10007060,║╓┐│╢m,10007060-005,е~ддз°,187,102,85,1008,552,456,226,104,122,"102Y12M"
10007,╣№д╞┐д,10007060,║╓┐│╢m,10007060-006,д╕ддз°,166,83,83,1101,594,507,206,93,113,"102Y12M"
10007,╣№д╞┐д,10007060,║╓┐│╢m,10007060-007,дTиXз°,252,132,120,1229,645,584,240,115,125,"102Y12M"
10007,╣№д╞┐д,10007060,║╓┐│╢m,10007060-008,╕U┬╫з°,136,67,69,764,412,352,112,52,60,"102Y12M"
10007,╣№д╞┐д,10007060,║╓┐│╢m,10007060-009,╡f▒Cз°,383,204,179,2125,1145,980,360,164,196,"102Y12M"
10007,╣№д╞┐д,10007060,║╓┐│╢m,10007060-010,╛Ї└Yз°,343,171,172,2468,1240,1228,347,158,189,"102Y12M"
10007,╣№д╞┐д,10007060,║╓┐│╢m,10007060-011,иqнэз°,459,241,218,2209,1160,1049,340,151,189,"102Y12M"
10007,╣№д╞┐д,10007060,║╓┐│╢m,10007060-012,┬эенз°,251,132,119,1056,572,484,190,84,106,"102Y12M"
10007,╣№д╞┐д,10007060,║╓┐│╢m,10007060-013,дTйMз°,170,88,82,900,491,409,232,108,124,"102Y12M"
10007,╣№д╞┐д,10007060,║╓┐│╢m,10007060-014,│┴нэз°,423,216,207,2025,1101,924,376,179,197,"102Y12M"
10007,╣№д╞┐д,10007060,║╓┐│╢m,10007060-015,╖H╓▀з°,336,180,156,1758,977,781,295,138,157,"102Y12M"
10007,╣№д╞┐д,10007060,║╓┐│╢m,10007060-016,│╗╓▀з°,472,242,230,2074,1119,955,360,164,196,"102Y12M"
10007,╣№д╞┐д,10007060,║╓┐│╢m,10007060-017,║╓─_з°,260,144,116,1154,608,546,202,100,102,"102Y12M"
10007,╣№д╞┐д,10007060,║╓┐│╢m,10007060-018,дG┤фз°,243,117,126,1158,627,531,225,108,117,"102Y12M"
10007,╣№д╞┐д,10007060,║╓┐│╢m,10007060-019,║╓┐│з°,593,328,265,3282,1686,1596,442,187,255,"102Y12M"
10007,╣№д╞┐д,10007060,║╓┐│╢m,10007060-020,║╓лnз°,450,222,228,2356,1240,1116,281,119,162,"102Y12M"
10007,╣№д╞┐д,10007060,║╓┐│╢m,10007060-021,жPжwз°,467,264,203,2102,1117,985,304,141,163,"102Y12M"
10007,╣№д╞┐д,10007060,║╓┐│╢m,10007060-022,жш╢╒з°,352,183,169,1751,898,853,272,130,142,"102Y12M"
10007,╣№д╞┐д,10007070,иqдЇ╢m,10007070-001,иqдЇз°,352,185,167,1496,789,707,274,116,158,"102Y12M"
10007,╣№д╞┐д,10007070,иqдЇ╢m,10007070-002,жw╖╦з°,365,193,172,1818,957,861,236,108,128,"102Y12M"
10007,╣№д╞┐д,10007070,иqдЇ╢m,10007070-003,▓°╢оз°,521,277,244,2456,1260,1196,293,133,160,"102Y12M"
10007,╣№д╞┐д,10007070,иqдЇ╢m,10007070-004,кў┐│з°,299,159,140,1658,887,771,314,149,165,"102Y12M"
10007,╣№д╞┐д,10007070,иqдЇ╢m,10007070-005,░вжшз°,262,128,134,1198,632,566,243,111,132,"102Y12M"
10007,╣№д╞┐д,10007070,иqдЇ╢m,10007070-006,жwкFз°,823,408,415,3491,1789,1702,528,259,269,"102Y12M"
10007,╣№д╞┐д,10007070,иqдЇ╢m,10007070-007,┼b╗яз°,534,287,247,2781,1461,1320,435,214,221,"102Y12M"
10007,╣№д╞┐д,10007070,иqдЇ╢m,10007070-008,░и┐│з°,413,216,197,2057,1098,959,325,146,179,"102Y12M"
10007,╣№д╞┐д,10007070,иqдЇ╢m,10007070-009,╕q┐│з°,205,96,109,1251,675,576,183,86,97,"102Y12M"
10007,╣№д╞┐д,10007070,иqдЇ╢m,10007070-010,║╓жwз°,1106,550,556,4131,2154,1977,423,201,222,"102Y12M"
10007,╣№д╞┐д,10007070,иqдЇ╢m,10007070-011,оH▒[з°,447,222,225,1713,899,814,277,133,144,"102Y12M"
10007,╣№д╞┐д,10007070,иqдЇ╢m,10007070-012,┤┐нэз°,265,139,126,1443,761,682,241,103,138,"102Y12M"
10007,╣№д╞┐д,10007070,иqдЇ╢m,10007070-013,кў│оз°,326,175,151,1444,771,673,232,101,131,"102Y12M"
10007,╣№д╞┐д,10007070,иqдЇ╢m,10007070-014,дU▒[з°,372,179,193,1826,986,840,328,152,176,"102Y12M"
10007,╣№д╞┐д,10007080,кс╛┬╢m,10007080-001,кс╛┬з°,608,315,293,2878,1462,1416,478,228,250,"102Y12M"
10007,╣№д╞┐д,10007080,кс╛┬╢m,10007080-002,кў╝[з°,267,128,139,1640,869,771,282,126,156,"102Y12M"
10007,╣№д╞┐д,10007080,кс╛┬╢m,10007080-003,дд╔▄з°,386,203,183,2160,1147,1013,362,181,181,"102Y12M"
10007,╣№д╞┐д,10007080,кс╛┬╢m,10007080-004,╝Bнэз°,106,51,55,886,483,403,190,89,101,"102Y12M"
10007,╣№д╞┐д,10007080,кс╛┬╢m,10007080-005,▒[╢оз°,190,110,80,1271,671,600,235,112,123,"102Y12M"
10007,╣№д╞┐д,10007080,кс╛┬╢m,10007080-006,лnдfз°,212,107,105,1539,798,741,254,123,131,"102Y12M"
10007,╣№д╞┐д,10007080,кс╛┬╢m,10007080-007,дддfз°,79,36,43,600,321,279,128,63,65,"102Y12M"
10007,╣№д╞┐д,10007080,кс╛┬╢m,10007080-008,е_дfз°,225,120,105,1552,839,713,263,122,141,"102Y12M"
10007,╣№д╞┐д,10007080,кс╛┬╢m,10007080-009,к°иFз°,1006,546,460,4516,2325,2191,565,257,308,"102Y12M"
10007,╣№д╞┐д,10007080,кс╛┬╢m,10007080-010,дх╝wз°,416,214,202,2709,1372,1337,300,145,155,"102Y12M"
10007,╣№д╞┐д,10007080,кс╛┬╢m,10007080-011,е╒иFз°,610,325,285,4248,2205,2043,466,220,246,"102Y12M"
10007,╣№д╞┐д,10007080,кс╛┬╢m,10007080-012,йеж╦з°,162,85,77,1126,628,498,214,103,111,"102Y12M"
10007,╣№д╞┐д,10007080,кс╛┬╢m,10007080-013,╛Ї└Yз°,657,326,331,3096,1584,1512,372,172,200,"102Y12M"
10007,╣№д╞┐д,10007080,кс╛┬╢m,10007080-014,╞W╢оз°,149,70,79,789,421,368,139,56,83,"102Y12M"
10007,╣№д╞┐д,10007080,кс╛┬╢m,10007080-015,╞WкFз°,163,90,73,842,467,375,184,86,98,"102Y12M"
10007,╣№д╞┐д,10007080,кс╛┬╢m,10007080-016,дTмKз°,326,160,166,1692,858,834,237,111,126,"102Y12M"
10007,╣№д╞┐д,10007080,кс╛┬╢m,10007080-017,е├мKз°,299,160,139,1723,885,838,196,94,102,"102Y12M"
10007,╣№д╞┐д,10007080,кс╛┬╢m,10007080-018,к°мKз°,302,156,146,1452,750,702,240,107,133,"102Y12M"
10007,╣№д╞┐д,10007090,кт╢щ╢m,10007090-001,┬┬к└з°,227,109,118,1598,846,752,303,144,159,"102Y12M"
10007,╣№д╞┐д,10007090,кт╢щ╢m,10007090-002,дjоHз°,234,134,100,1196,638,558,262,123,139,"102Y12M"
10007,╣№д╞┐д,10007090,кт╢щ╢m,10007090-003,ж╦кLз°,316,150,166,1528,825,703,281,130,151,"102Y12M"
10007,╣№д╞┐д,10007090,кт╢щ╢m,10007090-004,к└дfз°,371,183,188,2152,1144,1008,391,176,215,"102Y12M"
10007,╣№д╞┐д,10007090,кт╢щ╢m,10007090-005,нX╙yз°,327,170,157,2078,1132,946,413,202,211,"102Y12M"
10007,╣№д╞┐д,10007090,кт╢щ╢m,10007090-006,╣┼┐│з°,195,90,105,1389,771,618,286,125,161,"102Y12M"
10007,╣№д╞┐д,10007090,кт╢щ╢m,10007090-007,кт╢щз°,165,82,83,785,413,372,153,74,79,"102Y12M"
10007,╣№д╞┐д,10007090,кт╢щ╢m,10007090-008,┐д╔▄з°,178,100,78,927,520,407,230,120,110,"102Y12M"
10007,╣№д╞┐д,10007090,кт╢щ╢m,10007090-009,ж`сYз°,83,36,47,516,299,217,177,78,99,"102Y12M"
10007,╣№д╞┐д,10007090,кт╢щ╢m,10007090-010,╖╦└Yз°,179,97,82,1377,724,653,299,138,161,"102Y12M"
10007,╣№д╞┐д,10007090,кт╢щ╢m,10007090-011,╢iктз°,178,95,83,827,427,400,191,88,103,"102Y12M"
10007,╣№д╞┐д,10007090,кт╢щ╢m,10007090-012,жPжwз°,171,90,81,1021,566,455,280,137,143,"102Y12M"
10007,╣№д╞┐д,10007090,кт╢щ╢m,10007090-013,дд▒[з°,119,70,49,752,420,332,243,118,125,"102Y12M"
10007,╣№д╞┐д,10007090,кт╢щ╢m,10007090-014,дjж╦з°,114,60,54,820,447,373,225,107,118,"102Y12M"
10007,╣№д╞┐д,10007090,кт╢щ╢m,10007090-015,╖мз|з°,88,44,44,499,284,215,114,58,56,"102Y12M"
10007,╣№д╞┐д,10007100,н√кL┬э,10007100-001,кFйMи╜,166,97,69,972,490,482,185,83,102,"102Y12M"
10007,╣№д╞┐д,10007100,н√кL┬э,10007100-002,е┴е═и╜,389,197,192,2423,1195,1228,450,194,256,"102Y12M"
10007,╣№д╞┐д,10007100,н√кL┬э,10007100-003,дде┐и╜,812,421,391,3003,1433,1570,416,179,237,"102Y12M"
10007,╣№д╞┐д,10007100,н√кL┬э,10007100-004,дпм№и╜,478,239,239,2315,1153,1162,477,214,263,"102Y12M"
10007,╣№д╞┐д,10007100,н√кL┬э,10007100-005,╖s┐│и╜,156,93,63,650,319,331,164,73,91,"102Y12M"
10007,╣№д╞┐д,10007100,н√кL┬э,10007100-006,йMени╜,496,245,251,2524,1227,1297,451,208,243,"102Y12M"
10007,╣№д╞┐д,10007100,н√кL┬э,10007100-007,е·й·и╜,158,92,66,751,392,359,202,82,120,"102Y12M"
10007,╣№д╞┐д,10007100,н√кL┬э,10007100-008,дддsи╜,127,67,60,490,246,244,168,79,89,"102Y12M"
10007,╣№д╞┐д,10007100,н√кL┬э,10007100-009,╛дй·и╜,252,123,129,1612,832,780,328,151,177,"102Y12M"
10007,╣№д╞┐д,10007100,н√кL┬э,10007100-010,┤fи╙и╜,890,479,411,4969,2383,2586,705,326,379,"102Y12M"
10007,╣№д╞┐д,10007100,н√кL┬э,10007100-011,дT╕qи╜,563,321,242,2282,1125,1157,331,165,166,"102Y12M"
10007,╣№д╞┐д,10007100,н√кL┬э,10007100-012,╖sе═и╜,937,495,442,3659,1791,1868,627,285,342,"102Y12M"
10007,╣№д╞┐д,10007100,н√кL┬э,10007100-013,лnени╜,1149,600,549,4280,2069,2211,458,204,254,"102Y12M"
10007,╣№д╞┐д,10007100,н√кL┬э,10007100-014,лn┐│и╜,1027,521,506,3999,2007,1992,633,279,354,"102Y12M"
10007,╣№д╞┐д,10007100,н√кL┬э,10007100-015,╖╜╝ци╜,400,215,185,1509,800,709,247,114,133,"102Y12M"
10007,╣№д╞┐д,10007100,н√кL┬э,10007100-016,дjоHи╜,588,294,294,1915,1014,901,274,121,153,"102Y12M"
10007,╣№д╞┐д,10007100,н√кL┬э,10007100-017,дT▒°и╜,527,256,271,2313,1154,1159,288,150,138,"102Y12M"
10007,╣№д╞┐д,10007100,н√кL┬э,10007100-018,дTйMи╜,1598,808,790,5765,2836,2929,635,297,338,"102Y12M"
10007,╣№д╞┐д,10007100,н√кL┬э,10007100-019,дT╛Їи╜,586,285,301,2602,1306,1296,342,158,184,"102Y12M"
10007,╣№д╞┐д,10007100,н√кL┬э,10007100-020,ддеби╜,286,154,132,1728,890,838,232,109,123,"102Y12M"
10007,╣№д╞┐д,10007100,н√кL┬э,10007100-021,╖╛иmи╜,385,200,185,1975,1001,974,311,140,171,"102Y12M"
10007,╣№д╞┐д,10007100,н√кL┬э,10007100-022,дj─╟и╜,568,301,267,2723,1391,1332,359,167,192,"102Y12M"
10007,╣№д╞┐д,10007100,н√кL┬э,10007100-023,дjй·и╜,393,194,199,2177,1150,1027,320,148,172,"102Y12M"
10007,╣№д╞┐д,10007100,н√кL┬э,10007100-024,╕Uж~и╜,573,298,275,3175,1602,1573,434,212,222,"102Y12M"
10007,╣№д╞┐д,10007100,н√кL┬э,10007100-025,▒[╢ои╜,342,184,158,2185,1158,1027,347,159,188,"102Y12M"
10007,╣№д╞┐д,10007100,н√кL┬э,10007100-026,о╢┐│и╜,429,228,201,2325,1188,1137,378,176,202,"102Y12M"
10007,╣№д╞┐д,10007100,н√кL┬э,10007100-027,кLнэи╜,535,276,259,2466,1303,1163,393,183,210,"102Y12M"
10007,╣№д╞┐д,10007100,н√кL┬э,10007100-028,еXдЇи╜,250,134,116,1495,814,681,312,138,174,"102Y12M"
10007,╣№д╞┐д,10007100,н√кL┬э,10007100-029,┤ЄдЇи╜,186,102,84,1029,569,460,245,122,123,"102Y12M"
10007,╣№д╞┐д,10007100,н√кL┬э,10007100-030,дjФви╜,118,54,64,640,349,291,131,60,71,"102Y12M"
10007,╣№д╞┐д,10007100,н√кL┬э,10007100-031,┬э┐│и╜,312,172,140,1787,940,847,291,137,154,"102Y12M"
10007,╣№д╞┐д,10007100,н√кL┬э,10007100-032,пBж`и╜,489,249,240,1998,1048,950,312,150,162,"102Y12M"
10007,╣№д╞┐д,10007100,н√кL┬э,10007100-033,жшкFи╜,405,205,200,1735,917,818,288,145,143,"102Y12M"
10007,╣№д╞┐д,10007100,н√кL┬э,10007100-034,лnкFи╜,298,184,114,1648,846,802,277,131,146,"102Y12M"
10007,╣№д╞┐д,10007100,н√кL┬э,10007100-035,ддкFи╜,292,153,139,1591,853,738,211,100,111,"102Y12M"
10007,╣№д╞┐д,10007100,н√кL┬э,10007100-036,кFе_и╜,408,220,188,2108,1115,993,366,170,196,"102Y12M"
10007,╣№д╞┐д,10007100,н√кL┬э,10007100-037,дT╖Rи╜,626,317,309,2639,1263,1376,306,140,166,"102Y12M"
10007,╣№д╞┐д,10007100,н√кL┬э,10007100-038,дTлHи╜,516,256,260,1999,945,1054,278,131,147,"102Y12M"
10007,╣№д╞┐д,10007100,н√кL┬э,10007100-039,дTжhи╜,517,269,248,2158,1018,1140,259,127,132,"102Y12M"
10007,╣№д╞┐д,10007100,н√кL┬э,10007100-040,дп╖Rи╜,371,197,174,1292,624,668,192,83,109,"102Y12M"
10007,╣№д╞┐д,10007100,н√кL┬э,10007100-041,й╛з╡и╜,516,262,254,2032,995,1037,263,115,148,"102Y12M"
10007,╣№д╞┐д,10007110,╖╦┤Є┬э,10007110-001,е·ени╜,249,130,119,1090,553,537,208,92,116,"102Y12M"
10007,╣№д╞┐д,10007110,╖╦┤Є┬э,10007110-002,енйMи╜,125,68,57,583,294,289,127,60,67,"102Y12M"
10007,╣№д╞┐д,10007110,╖╦┤Є┬э,10007110-003,д╙ени╜,622,313,309,1620,793,827,205,93,112,"102Y12M"
10007,╣№д╞┐д,10007110,╖╦┤Є┬э,10007110-004,е·╡╪и╜,67,35,32,392,196,196,96,48,48,"102Y12M"
10007,╣№д╞┐д,10007110,╖╦┤Є┬э,10007110-005,кF╝dи╜,928,517,411,2969,1488,1481,418,192,226,"102Y12M"
10007,╣№д╞┐д,10007110,╖╦┤Є┬э,10007110-006,жш╝dи╜,603,312,291,1903,986,917,295,137,158,"102Y12M"
10007,╣№д╞┐д,10007110,╖╦┤Є┬э,10007110-007,дjмЁи╜,779,419,360,3056,1534,1522,358,156,202,"102Y12M"
10007,╣№д╞┐д,10007110,╖╦┤Є┬э,10007110-008,е_╢╒и╜,248,137,111,1191,649,542,249,116,133,"102Y12M"
10007,╣№д╞┐д,10007110,╖╦┤Є┬э,10007110-009,иX└Yи╜,568,304,264,2595,1331,1264,367,168,199,"102Y12M"
10007,╣№д╞┐д,10007110,╖╦┤Є┬э,10007110-010,дjж╦и╜,441,236,205,2157,1121,1036,426,191,235,"102Y12M"
10007,╣№д╞┐д,10007110,╖╦┤Є┬э,10007110-011,┤Єжши╜,387,197,190,2066,1057,1009,264,117,147,"102Y12M"
10007,╣№д╞┐д,10007110,╖╦┤Є┬э,10007110-012,е╨дди╜,136,72,64,757,391,366,155,58,97,"102Y12M"
10007,╣№д╞┐д,10007110,╖╦┤Є┬э,10007110-013,кeкFи╜,310,157,153,1620,817,803,272,138,134,"102Y12M"
10007,╣№д╞┐д,10007110,╖╦┤Є┬э,10007110-014,дддsи╜,424,212,212,2041,1101,940,417,185,232,"102Y12M"
10007,╣№д╞┐д,10007110,╖╦┤Є┬э,10007110-015,ддж╦и╜,150,82,68,803,409,394,131,57,74,"102Y12M"
10007,╣№д╞┐д,10007110,╖╦┤Є┬э,10007110-016,кF╖╦и╜,190,105,85,1176,610,566,226,100,126,"102Y12M"
10007,╣№д╞┐д,10007110,╖╦┤Є┬э,10007110-017,жш╖╦и╜,333,172,161,1686,873,813,247,113,134,"102Y12M"
10007,╣№д╞┐д,10007110,╖╦┤Є┬э,10007110-018,┤ЄкFи╜,1077,533,544,4226,2185,2041,559,234,325,"102Y12M"
10007,╣№д╞┐д,10007110,╖╦┤Є┬э,10007110-019,│╗╔▄и╜,101,54,47,589,327,262,117,54,63,"102Y12M"
10007,╣№д╞┐д,10007110,╖╦┤Є┬э,10007110-020,й╛─▒и╜,194,111,83,1178,594,584,203,90,113,"102Y12M"
10007,╣№д╞┐д,10007110,╖╦┤Є┬э,10007110-021,┘їй│и╜,76,38,38,639,347,292,156,71,85,"102Y12M"
10007,╣№д╞┐д,10007110,╖╦┤Є┬э,10007110-022,дjоxи╜,182,92,90,1185,632,553,236,112,124,"102Y12M"
10007,╣№д╞┐д,10007110,╖╦┤Є┬э,10007110-023,╢¤нэи╜,188,94,94,1099,595,504,280,124,156,"102Y12M"
10007,╣№д╞┐д,10007110,╖╦┤Є┬э,10007110-024,жш╢╒и╜,372,172,200,1984,1067,917,329,145,184,"102Y12M"
10007,╣№д╞┐д,10007110,╖╦┤Є┬э,10007110-025,╡f▒Cи╜,340,194,146,1459,761,698,307,135,172,"102Y12M"
10007,╣№д╞┐д,10007120,е╨дд┬э,10007120-001,н╗дsи╜,116,65,51,705,396,309,194,94,100,"102Y12M"
10007,╣№д╞┐д,10007120,е╨дд┬э,10007120-002,║╤оpи╜,85,58,27,744,373,371,667,530,137,"102Y12M"
10007,╣№д╞┐д,10007120,е╨дд┬э,10007120-003,кF╖╜и╜,110,54,56,593,326,267,155,73,82,"102Y12M"
10007,╣№д╞┐д,10007120,е╨дд┬э,10007120-004,┤_┐│и╜,215,105,110,1360,730,630,305,143,162,"102Y12M"
10007,╣№д╞┐д,10007120,е╨дд┬э,10007120-005,енйMи╜,198,105,93,1316,734,582,310,144,166,"102Y12M"
10007,╣№д╞┐д,10007120,е╨дд┬э,10007120-006,│╗╝ци╜,236,116,120,1163,604,559,215,97,118,"102Y12M"
10007,╣№д╞┐д,10007120,е╨дд┬э,10007120-007,дд╝ци╜,273,150,123,1548,800,748,313,141,172,"102Y12M"
10007,╣№д╞┐д,10007120,е╨дд┬э,10007120-008,└s╝ци╜,91,51,40,525,303,222,142,65,77,"102Y12M"
10007,╣№д╞┐д,10007120,е╨дд┬э,10007120-009,е_╕Їи╜,623,323,300,2915,1448,1467,491,226,265,"102Y12M"
10007,╣№д╞┐д,10007120,е╨дд┬э,10007120-010,жш╕Їи╜,427,217,210,2098,1039,1059,348,166,182,"102Y12M"
10007,╣№д╞┐д,10007120,е╨дд┬э,10007120-011,кF╕Їи╜,184,102,82,918,485,433,216,98,118,"102Y12M"
10007,╣№д╞┐д,10007120,е╨дд┬э,10007120-012,лn╕Їи╜,239,116,123,1055,523,532,244,114,130,"102Y12M"
10007,╣№д╞┐д,10007120,е╨дд┬э,10007120-013,дд╕Їи╜,322,164,158,1655,850,805,419,190,229,"102Y12M"
10007,╣№д╞┐д,10007120,е╨дд┬э,10007120-014,╖s╔▄и╜,358,193,165,2060,1095,965,348,176,172,"102Y12M"
10007,╣№д╞┐д,10007120,е╨дд┬э,10007120-015,дTжwи╜,226,115,111,1395,749,646,342,163,179,"102Y12M"
10007,╣№д╞┐д,10007120,е╨дд┬э,10007120-016,дj▒[и╜,183,92,91,1134,609,525,292,146,146,"102Y12M"
10007,╣№д╞┐д,10007120,е╨дд┬э,10007120-017,иF▒[и╜,388,200,188,1595,818,777,258,118,140,"102Y12M"
10007,╣№д╞┐д,10007120,е╨дд┬э,10007120-018,╖sе┴и╜,880,467,413,3838,1945,1893,463,216,247,"102Y12M"
10007,╣№д╞┐д,10007120,е╨дд┬э,10007120-019,▒Ўж{и╜,251,129,122,1154,600,554,233,108,125,"102Y12M"
10007,╣№д╞┐д,10007120,е╨дд┬э,10007120-020,дTе┴и╜,261,134,127,1379,739,640,270,119,151,"102Y12M"
10007,╣№д╞┐д,10007120,е╨дд┬э,10007120-021,дTе·и╜,116,69,47,763,410,353,190,89,101,"102Y12M"
10007,╣№д╞┐д,10007120,е╨дд┬э,10007120-022,дjк└и╜,80,36,44,747,411,336,169,86,83,"102Y12M"
10007,╣№д╞┐д,10007130,дjз°╢m,10007130-001,дjз°з°,564,308,256,2668,1391,1277,345,165,180,"102Y12M"
10007,╣№д╞┐д,10007130,дjз°╢m,10007130-002,нX╨дз°,247,130,117,1340,721,619,279,121,158,"102Y12M"
10007,╣№д╞┐д,10007130,дjз°╢m,10007130-003,лn╢╒з°,168,91,77,1246,671,575,195,95,100,"102Y12M"
10007,╣№д╞┐д,10007130,дjз°╢m,10007130-004,е╨мvз°,201,98,103,954,511,443,161,74,87,"102Y12M"
10007,╣№д╞┐д,10007130,дjз°╢m,10007130-005,╖s┐│з°,97,66,31,972,533,439,237,111,126,"102Y12M"
10007,╣№д╞┐д,10007130,дjз°╢m,10007130-006,╣L╖╛з°,476,230,246,2439,1229,1210,274,134,140,"102Y12M"
10007,╣№д╞┐д,10007130,дjз°╢m,10007130-007,м№┤фз°,341,179,162,2703,1379,1324,374,168,206,"102Y12M"
10007,╣№д╞┐д,10007130,дjз°╢m,10007130-008,енйMз°,392,201,191,2265,1220,1045,307,136,171,"102Y12M"
10007,╣№д╞┐д,10007130,дjз°╢m,10007130-009,░^║Xз°,215,108,107,1310,684,626,216,94,122,"102Y12M"
10007,╣№д╞┐д,10007130,дjз°╢m,10007130-010,е[┐№з°,190,110,80,1344,730,614,212,84,128,"102Y12M"
10007,╣№д╞┐д,10007130,дjз°╢m,10007130-011,з°дWз°,231,116,115,1290,689,601,173,74,99,"102Y12M"
10007,╣№д╞┐д,10007130,дjз°╢m,10007130-012,дj╛Їз°,311,154,157,1761,945,816,322,145,177,"102Y12M"
10007,╣№д╞┐д,10007130,дjз°╢m,10007130-013,дj▒[з°,217,118,99,1367,748,619,285,116,169,"102Y12M"
10007,╣№д╞┐д,10007130,дjз°╢m,10007130-014,┬\╢эз°,323,177,146,2291,1211,1080,352,172,180,"102Y12M"
10007,╣№д╞┐д,10007130,дjз°╢m,10007130-015,╢└нэз°,254,131,123,1887,999,888,272,131,141,"102Y12M"
10007,╣№д╞┐д,10007130,дjз°╢m,10007130-016,║╓┐│з°,294,158,136,1850,959,891,240,111,129,"102Y12M"
10007,╣№д╞┐д,10007140,оH╞Q╢m,10007140-001,оH╞Qз°,297,152,145,1474,783,691,247,119,128,"102Y12M"
10007,╣№д╞┐д,10007140,оH╞Q╢m,10007140-002,оHлnз°,259,134,125,1366,716,650,251,116,135,"102Y12M"
10007,╣№д╞┐д,10007140,оH╞Q╢m,10007140-003,б╜дlз°,182,92,90,1091,594,497,212,97,115,"102Y12M"
10007,╣№д╞┐д,10007140,оH╞Q╢m,10007140-004,еXдЇз°,157,77,80,805,418,387,161,70,91,"102Y12M"
10007,╣№д╞┐д,10007140,оH╞Q╢m,10007140-005,лn┤фз°,255,136,119,1420,769,651,354,169,185,"102Y12M"
10007,╣№д╞┐д,10007140,оH╞Q╢m,10007140-006,е┤╖Gз°,97,52,45,835,448,387,183,81,102,"102Y12M"
10007,╣№д╞┐д,10007140,оH╞Q╢m,10007140-007,┬╫┐Aз°,150,83,67,1169,654,515,243,123,120,"102Y12M"
10007,╣№д╞┐д,10007140,оH╞Q╢m,10007140-008,▒X▒[з°,163,80,83,963,498,465,190,85,105,"102Y12M"
10007,╣№д╞┐д,10007140,оH╞Q╢m,10007140-009,ид╛Ёз°,93,49,44,616,326,290,128,61,67,"102Y12M"
10007,╣№д╞┐д,10007140,оH╞Q╢m,10007140-010,е╦б╜з°,211,99,112,1085,576,509,219,115,104,"102Y12M"
10007,╣№д╞┐д,10007140,оH╞Q╢m,10007140-011,жnн╫з°,313,177,136,1541,783,758,225,104,121,"102Y12M"
10007,╣№д╞┐д,10007140,оH╞Q╢m,10007140-012,жш┤Єз°,363,197,166,1789,965,824,403,195,208,"102Y12M"
10007,╣№д╞┐д,10007140,оH╞Q╢m,10007140-013,дjж│з°,192,88,104,1013,558,455,285,135,150,"102Y12M"
10007,╣№д╞┐д,10007140,оH╞Q╢m,10007140-014,╖s┐│з°,72,38,34,332,188,144,86,44,42,"102Y12M"
10007,╣№д╞┐д,10007140,оH╞Q╢m,10007140-015,е├енз°,132,70,62,912,495,417,226,111,115,"102Y12M"
10007,╣№д╞┐д,10007140,оH╞Q╢m,10007140-016,е├╝╓з°,115,65,50,719,403,316,170,77,93,"102Y12M"
10007,╣№д╞┐д,10007140,оH╞Q╢m,10007140-017,е█░ёз°,238,127,111,1205,658,547,308,140,168,"102Y12M"
10007,╣№д╞┐д,10007140,оH╞Q╢m,10007140-018,д╤▓▒з°,120,68,52,738,400,338,191,89,102,"102Y12M"
10007,╣№д╞┐д,10007140,оH╞Q╢m,10007140-019,д╙енз°,230,123,107,1300,706,594,321,149,172,"102Y12M"
10007,╣№д╞┐д,10007140,оH╞Q╢m,10007140-020,╖sдЇз°,275,152,123,1323,691,632,269,121,148,"102Y12M"
10007,╣№д╞┐д,10007140,оH╞Q╢m,10007140-021,дTм┘з°,137,75,62,1173,638,535,291,122,169,"102Y12M"
10007,╣№д╞┐д,10007140,оH╞Q╢m,10007140-022,лn╖sз°,186,88,98,1118,634,484,269,116,153,"102Y12M"
10007,╣№д╞┐д,10007150,оHд▀╢m,10007150-001,кFк∙з°,634,334,300,3217,1639,1578,407,183,224,"102Y12M"
10007,╣№д╞┐д,10007150,оHд▀╢m,10007150-002,оHд▀з°,193,105,88,1134,600,534,216,103,113,"102Y12M"
10007,╣№д╞┐д,10007150,оHд▀╢m,10007150-003,╕qе┴з°,245,119,126,1358,696,662,237,114,123,"102Y12M"
10007,╣№д╞┐д,10007150,оHд▀╢m,10007150-004,кoиоз°,211,98,113,1106,599,507,190,95,95,"102Y12M"
10007,╣№д╞┐д,10007150,оHд▀╢m,10007150-005,е╦е_з°,244,136,108,1568,831,737,228,105,123,"102Y12M"
10007,╣№д╞┐д,10007150,оHд▀╢m,10007150-006,е╦ддз°,226,131,95,1720,889,831,238,108,130,"102Y12M"
10007,╣№д╞┐д,10007150,оHд▀╢m,10007150-007,е╦лnз°,185,106,79,1300,665,635,229,100,129,"102Y12M"
10007,╣№д╞┐д,10007150,оHд▀╢m,10007150-008,д╙енз°,339,192,147,1821,937,884,289,138,151,"102Y12M"
10007,╣№д╞┐д,10007150,оHд▀╢m,10007150-009,╕gдfз°,351,182,169,2140,1109,1031,239,102,137,"102Y12M"
10007,╣№д╞┐д,10007150,оHд▀╢m,10007150-010,дj╡╪з°,73,31,42,498,279,219,124,58,66,"102Y12M"
10007,╣№д╞┐д,10007150,оHд▀╢m,10007150-011,дпи╜з°,177,97,80,1048,554,494,169,66,103,"102Y12M"
10007,╣№д╞┐д,10007150,оHд▀╢m,10007150-012,┬┬БFз°,283,137,146,1324,657,667,205,104,101,"102Y12M"
10007,╣№д╞┐д,10007150,оHд▀╢m,10007150-013,лnБFз°,174,87,87,905,468,437,156,75,81,"102Y12M"
10007,╣№д╞┐д,10007150,оHд▀╢m,10007150-014,╖sБFз°,156,82,74,780,416,364,162,86,76,"102Y12M"
10007,╣№д╞┐д,10007150,оHд▀╢m,10007150-015,├╣нэз°,193,101,92,1215,653,562,248,110,138,"102Y12M"
10007,╣№д╞┐д,10007150,оHд▀╢m,10007150-016,╦|┐╝з°,260,125,135,1618,861,757,275,129,146,"102Y12M"
10007,╣№д╞┐д,10007150,оHд▀╢m,10007150-017,дGнлз°,219,116,103,1142,627,515,229,109,120,"102Y12M"
10007,╣№д╞┐д,10007150,оHд▀╢m,10007150-018,▒я╗ёз°,125,69,56,754,410,344,186,90,96,"102Y12M"
10007,╣№д╞┐д,10007150,оHд▀╢m,10007150-019,░ё┴°з°,120,69,51,708,384,324,140,66,74,"102Y12M"
10007,╣№д╞┐д,10007150,оHд▀╢m,10007150-020,░ёЧгз°,125,66,59,830,434,396,148,63,85,"102Y12M"
10007,╣№д╞┐д,10007160,е├╣t╢m,10007160-001,е├кFз°,150,87,63,691,350,341,144,67,77,"102Y12M"
10007,╣№д╞┐д,10007160,е├╣t╢m,10007160-002,е├жшз°,327,181,146,1415,712,703,229,108,121,"102Y12M"
10007,╣№д╞┐д,10007160,е├╣t╢m,10007160-003,е├лnз°,331,164,167,1727,881,846,273,123,150,"102Y12M"
10007,╣№д╞┐д,10007160,е├╣t╢m,10007160-004,е├е_з°,411,228,183,1978,1043,935,244,106,138,"102Y12M"
10007,╣№д╞┐д,10007160,е├╣t╢m,10007160-005,┤фжшз°,328,177,151,1578,812,766,287,127,160,"102Y12M"
10007,╣№д╞┐д,10007160,е├╣t╢m,10007160-006,дн║╓з°,249,128,121,1265,671,594,244,121,123,"102Y12M"
10007,╣№д╞┐д,10007160,е├╣t╢m,10007160-007,┘ї┤фз°,215,117,98,919,503,416,154,69,85,"102Y12M"
10007,╣№д╞┐д,10007160,е├╣t╢m,10007160-008,╖s▓°з°,219,107,112,894,465,429,145,65,80,"102Y12M"
10007,╣№д╞┐д,10007160,е├╣t╢m,10007160-009,╖фцгз°,588,325,263,2346,1234,1112,306,136,170,"102Y12M"
10007,╣№д╞┐д,10007160,е├╣t╢m,10007160-010,дниXз°,192,104,88,1311,684,627,211,103,108,"102Y12M"
10007,╣№д╞┐д,10007160,е├╣t╢m,10007160-011,пBж`з°,172,90,82,1128,595,533,181,76,105,"102Y12M"
10007,╣№д╞┐д,10007160,е├╣t╢m,10007160-012,е·╢│з°,260,132,128,1500,765,735,243,119,124,"102Y12M"
10007,╣№д╞┐д,10007160,е├╣t╢m,10007160-013,кF╣чз°,345,171,174,1759,934,825,273,121,152,"102Y12M"
10007,╣№д╞┐д,10007160,е├╣t╢m,10007160-014,е├┐│з°,273,142,131,1437,768,669,255,122,133,"102Y12M"
10007,╣№д╞┐д,10007160,е├╣t╢m,10007160-015,▒[дlз°,222,115,107,1246,658,588,182,87,95,"102Y12M"
10007,╣№д╞┐д,10007160,е├╣t╢m,10007160-016,┐Wў┤з°,154,92,62,810,428,382,155,67,88,"102Y12M"
10007,╣№д╞┐д,10007160,е├╣t╢m,10007160-017,┤░лpз°,143,75,68,615,333,282,121,54,67,"102Y12M"
10007,╣№д╞┐д,10007160,е├╣t╢m,10007160-018,▒[м№з°,135,65,70,675,363,312,156,71,85,"102Y12M"
10007,╣№д╞┐д,10007160,е├╣t╢m,10007160-019,жPжwз°,100,59,41,601,321,280,110,50,60,"102Y12M"
10007,╣№д╞┐д,10007160,е├╣t╢m,10007160-020,жPдпз°,124,73,51,756,417,339,164,72,92,"102Y12M"
10007,╣№д╞┐д,10007160,е├╣t╢m,10007160-021,┘їсYз°,125,63,62,735,410,325,175,79,96,"102Y12M"
10007,╣№д╞┐д,10007160,е├╣t╢m,10007160-022,е|к┌з°,124,63,61,562,327,235,149,63,86,"102Y12M"
10007,╣№д╞┐д,10007160,е├╣t╢m,10007160-023,║╓┐│з°,172,86,86,982,543,439,220,109,111,"102Y12M"
10007,╣№д╞┐д,10007160,е├╣t╢m,10007160-024,ж╦дlз°,156,85,71,1128,624,504,336,159,177,"102Y12M"
10007,╣№д╞┐д,10007170,к└└Y╢m,10007170-001,к└└Yз°,481,249,232,2453,1215,1238,461,212,249,"102Y12M"
10007,╣№д╞┐д,10007170,к└└Y╢m,10007170-002,кF┐│з°,241,117,124,1337,697,640,217,102,115,"102Y12M"
10007,╣№д╞┐д,10007170,к└└Y╢m,10007170-003,дs┤Єз°,169,95,74,1021,532,489,203,103,100,"102Y12M"
10007,╣№д╞┐д,10007170,к└└Y╢m,10007170-004,╝s┐│з°,856,449,407,4156,2153,2003,525,246,279,"102Y12M"
10007,╣№д╞┐д,10007170,к└└Y╢m,10007170-005,╝s║╓з°,175,102,73,827,421,406,149,76,73,"102Y12M"
10007,╣№д╞┐д,10007170,к└└Y╢m,10007170-006,┤┬┐│з°,151,76,75,968,505,463,168,75,93,"102Y12M"
10007,╣№д╞┐д,10007170,к└└Y╢m,10007170-007,дп╢оз°,455,258,197,2392,1183,1209,388,179,209,"102Y12M"
10007,╣№д╞┐д,10007170,к└└Y╢m,10007170-008,╛Ї└Yз°,369,180,189,1782,931,851,334,157,177,"102Y12M"
10007,╣№д╞┐д,10007170,к└└Y╢m,10007170-009,дпйMз°,140,72,68,646,361,285,109,49,60,"102Y12M"
10007,╣№д╞┐д,10007170,к└└Y╢m,10007170-010,▒[╢оз°,204,93,111,810,418,392,124,61,63,"102Y12M"
10007,╣№д╞┐д,10007170,к└└Y╢m,10007170-011,┘їй│з°,265,141,124,1431,799,632,253,115,138,"102Y12M"
10007,╣№д╞┐д,10007170,к└└Y╢m,10007170-012,оїжwз°,149,66,83,824,434,390,175,78,97,"102Y12M"
10007,╣№д╞┐д,10007170,к└└Y╢m,10007170-013,м№╢оз°,274,145,129,1061,549,512,185,94,91,"102Y12M"
10007,╣№д╞┐д,10007170,к└└Y╢m,10007170-014,╖sнэз°,190,101,89,1229,679,550,242,102,140,"102Y12M"
10007,╣№д╞┐д,10007170,к└└Y╢m,10007170-015,енйMз°,149,78,71,896,473,423,152,63,89,"102Y12M"
10007,╣№д╞┐д,10007170,к└└Y╢m,10007170-016,и╜дпз°,193,94,99,911,499,412,170,75,95,"102Y12M"
10007,╣№д╞┐д,10007170,к└└Y╢m,10007170-017,▒iнэз°,186,96,90,1129,585,544,201,93,108,"102Y12M"
10007,╣№д╞┐д,10007170,к└└Y╢m,10007170-018,└sдлз°,120,61,59,752,414,338,150,68,82,"102Y12M"
10007,╣№д╞┐д,10007170,к└└Y╢m,10007170-019,┬┬к└з°,299,161,138,1394,713,681,221,104,117,"102Y12M"
10007,╣№д╞┐д,10007170,к└└Y╢m,10007170-020,░ёдцз°,148,76,72,883,455,428,185,87,98,"102Y12M"
10007,╣№д╞┐д,10007170,к└└Y╢m,10007170-021,┘ї╢оз°,246,122,124,1316,688,628,239,114,125,"102Y12M"
10007,╣№д╞┐д,10007170,к└└Y╢m,10007170-022,кQж╦з°,215,115,100,961,478,483,172,84,88,"102Y12M"
10007,╣№д╞┐д,10007170,к└└Y╢m,10007170-023,▓MдЇз°,187,96,91,1105,580,525,177,82,95,"102Y12M"
10007,╣№д╞┐д,10007170,к└└Y╢m,10007170-024,иєйMз°,267,138,129,1900,1014,886,355,165,190,"102Y12M"
10007,╣№д╞┐д,10007180,дGдЇ╢m,10007180-001,жXйMз°,79,49,30,715,390,325,194,98,96,"102Y12M"
10007,╣№д╞┐д,10007180,дGдЇ╢m,10007180-002,дWрTз°,126,76,50,808,450,358,228,111,117,"102Y12M"
10007,╣№д╞┐д,10007180,дGдЇ╢m,10007180-003,╣Lж`з°,91,49,42,507,284,223,165,77,88,"102Y12M"
10007,╣№д╞┐д,10007180,дGдЇ╢m,10007180-004,днзBз°,89,50,39,532,289,243,163,79,84,"102Y12M"
10007,╣№д╞┐д,10007180,дGдЇ╢m,10007180-005,е·д╞з°,128,71,57,794,400,394,205,90,115,"102Y12M"
10007,╣№д╞┐д,10007180,дGдЇ╢m,10007180-006,дхд╞з°,129,63,66,905,457,448,174,69,105,"102Y12M"
10007,╣№д╞┐д,10007180,дGдЇ╢m,10007180-007,дGдЇз°,125,76,49,719,384,335,172,82,90,"102Y12M"
10007,╣№д╞┐д,10007180,дGдЇ╢m,10007180-008,╕tд╞з°,64,33,31,360,200,160,132,65,67,"102Y12M"
10007,╣№д╞┐д,10007180,дGдЇ╢m,10007180-009,╕╬е┴з°,156,90,66,883,460,423,194,86,108,"102Y12M"
10007,╣№д╞┐д,10007180,дGдЇ╢m,10007180-010,┤fе┴з°,80,47,33,662,365,297,245,107,138,"102Y12M"
10007,╣№д╞┐д,10007180,дGдЇ╢m,10007180-011,дj╢щз°,120,66,54,652,350,302,191,85,106,"102Y12M"
10007,╣№д╞┐д,10007180,дGдЇ╢m,10007180-012,н╫дпз°,89,42,47,627,334,293,191,93,98,"102Y12M"
10007,╣№д╞┐д,10007180,дGдЇ╢m,10007180-013,жX┐│з°,86,42,44,527,284,243,211,106,105,"102Y12M"
10007,╣№д╞┐д,10007180,дGдЇ╢m,10007180-014,╖╜мuз°,85,42,43,512,273,239,164,80,84,"102Y12M"
10007,╣№д╞┐д,10007180,дGдЇ╢m,10007180-015,н╥йMз°,60,34,26,451,256,195,161,77,84,"102Y12M"
10007,╣№д╞┐д,10007180,дGдЇ╢m,10007180-016,┤_┐│з°,124,68,56,864,460,404,253,125,128,"102Y12M"
10007,╣№д╞┐д,10007180,дGдЇ╢m,10007180-017,дQднз°,86,45,41,572,317,255,149,74,75,"102Y12M"
10007,╣№д╞┐д,10007190,е_дц┬э,10007190-001,е·┤_и╜,385,198,187,1444,702,742,240,108,132,"102Y12M"
10007,╣№д╞┐д,10007190,е_дц┬э,10007190-002,╖sмFи╜,143,66,77,668,321,347,178,82,96,"102Y12M"
10007,╣№д╞┐д,10007190,е_дц┬э,10007190-003,нл╝yи╜,96,49,47,512,278,234,118,50,68,"102Y12M"
10007,╣№д╞┐д,10007190,е_дц┬э,10007190-004,дн┼vи╜,121,66,55,596,307,289,145,65,80,"102Y12M"
10007,╣№д╞┐д,10007190,е_дц┬э,10007190-005,дCмPи╜,252,125,127,1303,693,610,249,114,135,"102Y12M"
10007,╣№д╞┐д,10007190,е_дц┬э,10007190-006,й~дпи╜,246,125,121,1068,562,506,280,132,148,"102Y12M"
10007,╣№д╞┐д,10007190,е_дц┬э,10007190-007,кFе·и╜,444,235,209,1950,984,966,303,144,159,"102Y12M"
10007,╣№д╞┐д,10007190,е_дц┬э,10007190-008,дхйўи╜,483,256,227,2668,1318,1350,317,149,168,"102Y12M"
10007,╣№д╞┐д,10007190,е_дц┬э,10007190-009,ддйMи╜,227,114,113,1094,560,534,202,100,102,"102Y12M"
10007,╣№д╞┐д,10007190,е_дц┬э,10007190-010,жш╝wи╜,937,502,435,4232,2113,2119,582,258,324,"102Y12M"
10007,╣№д╞┐д,10007190,е_дц┬э,10007190-011,жшжwи╜,283,150,133,1338,707,631,321,137,184,"102Y12M"
10007,╣№д╞┐д,10007190,е_дц┬э,10007190-012,дд╝dи╜,456,243,213,2209,1176,1033,430,202,228,"102Y12M"
10007,╣№д╞┐д,10007190,е_дц┬э,10007190-013,дj╣Dи╜,334,168,166,1543,789,754,359,171,188,"102Y12M"
10007,╣№д╞┐д,10007190,е_дц┬э,10007190-014,╖sе═и╜,317,144,173,1751,920,831,301,142,159,"102Y12M"
10007,╣№д╞┐д,10007190,е_дц┬э,10007190-015,дj╖sи╜,229,131,98,1565,795,770,232,109,123,"102Y12M"
10007,╣№д╞┐д,10007200,дGкL┬э,10007200-001,кFйMи╜,368,200,168,1824,936,888,410,184,226,"102Y12M"
10007,╣№д╞┐д,10007200,дGкL┬э,10007200-002,лnе·и╜,1066,572,494,2909,1473,1436,500,223,277,"102Y12M"
10007,╣№д╞┐д,10007200,дGкL┬э,10007200-003,жшени╜,316,153,163,1183,600,583,276,120,156,"102Y12M"
10007,╣№д╞┐д,10007200,дGкL┬э,10007200-004,е_ени╜,640,346,294,2650,1322,1328,496,218,278,"102Y12M"
10007,╣№д╞┐д,10007200,дGкL┬э,10007200-005,дджши╜,390,194,196,1419,766,653,343,156,187,"102Y12M"
10007,╣№д╞┐д,10007200,дGкL┬э,10007200-006,╝s┐│и╜,216,116,100,1142,602,540,323,143,180,"102Y12M"
10007,╣№д╞┐д,10007200,дGкL┬э,10007200-007,н╗е╨и╜,176,97,79,838,489,349,291,127,164,"102Y12M"
10007,╣№д╞┐д,10007200,дGкL┬э,10007200-008,е~ж╦и╜,146,78,68,813,470,343,255,110,145,"102Y12M"
10007,╣№д╞┐д,10007200,дGкL┬э,10007200-009,┐│╡╪и╜,144,78,66,985,532,453,239,101,138,"102Y12M"
10007,╣№д╞┐д,10007200,дGкL┬э,10007200-010,кF┐│и╜,261,141,120,1279,684,595,268,123,145,"102Y12M"
10007,╣№д╞┐д,10007200,дGкL┬э,10007200-011,лснэи╜,679,365,314,2803,1412,1391,410,190,220,"102Y12M"
10007,╣№д╞┐д,10007200,дGкL┬э,10007200-012,┬╫е╨и╜,518,285,233,2158,1129,1029,445,196,249,"102Y12M"
10007,╣№д╞┐д,10007200,дGкL┬э,10007200-013,│╗нэи╜,188,93,95,1178,676,502,281,122,159,"102Y12M"
10007,╣№д╞┐д,10007200,дGкL┬э,10007200-014,╗пе╥и╜,222,123,99,1339,738,601,374,163,211,"102Y12M"
10007,╣№д╞┐д,10007200,дGкL┬э,10007200-015,о╢┐│и╜,236,132,104,1112,600,512,248,112,136,"102Y12M"
10007,╣№д╞┐д,10007200,дGкL┬э,10007200-016,╕U┐│и╜,129,61,68,653,365,288,180,83,97,"102Y12M"
10007,╣№д╞┐д,10007200,дGкL┬э,10007200-017,е├┐│и╜,179,85,94,1291,695,596,311,145,166,"102Y12M"
10007,╣№д╞┐д,10007200,дGкL┬э,10007200-018,жш╔▄и╜,163,92,71,1100,584,516,264,124,140,"102Y12M"
10007,╣№д╞┐д,10007200,дGкL┬э,10007200-019,▒Ўк┌и╜,147,72,75,903,514,389,257,103,154,"102Y12M"
10007,╣№д╞┐д,10007200,дGкL┬э,10007200-020,╡╪▒[и╜,446,249,197,3219,1686,1533,734,338,396,"102Y12M"
10007,╣№д╞┐д,10007200,дGкL┬э,10007200-021,кF╢╒и╜,120,69,51,811,442,369,243,109,134,"102Y12M"
10007,╣№д╞┐д,10007200,дGкL┬э,10007200-022,╕UжXи╜,144,71,73,945,533,412,319,142,177,"102Y12M"
10007,╣№д╞┐д,10007200,дGкL┬э,10007200-023,дjе├и╜,90,46,44,798,431,367,215,90,125,"102Y12M"
10007,╣№д╞┐д,10007200,дGкL┬э,10007200-024,ньдци╜,156,80,76,1078,570,508,293,128,165,"102Y12M"
10007,╣№д╞┐д,10007200,дGкL┬э,10007200-025,жшдци╜,131,61,70,932,470,462,222,97,125,"102Y12M"
10007,╣№д╞┐д,10007200,дGкL┬э,10007200-026,кF╡╪и╜,104,52,52,832,458,374,227,94,133,"102Y12M"
10007,╣№д╞┐д,10007200,дGкL┬э,10007200-027,┤_┬╫и╜,93,47,46,602,328,274,176,79,97,"102Y12M"
10007,╣№д╞┐д,10007210,е╨з└╢m,10007210-001,е╨з└з°,205,114,91,1100,601,499,253,117,136,"102Y12M"
10007,╣№д╞┐д,10007210,е╨з└╢m,10007210-002,┬╫е╨з°,105,54,51,641,343,298,117,47,70,"102Y12M"
10007,╣№д╞┐д,10007210,е╨з└╢m,10007210-003,─╟енз°,535,279,256,2217,1109,1108,337,163,174,"102Y12M"
10007,╣№д╞┐д,10007210,е╨з└╢m,10007210-004,╖№йyз°,174,87,87,942,523,419,199,79,120,"102Y12M"
10007,╣№д╞┐д,10007210,е╨з└╢m,10007210-005,║╓е╨з°,89,52,37,617,345,272,217,101,116,"102Y12M"
10007,╣№д╞┐д,10007210,е╨з└╢m,10007210-006,╖s┐│з°,162,82,80,951,500,451,212,112,100,"102Y12M"
10007,╣№д╞┐д,10007210,е╨з└╢m,10007210-007,е_┬эз°,164,83,81,1001,524,477,186,82,104,"102Y12M"
10007,╣№д╞┐д,10007210,е╨з└╢m,10007210-008,лn┬эз°,123,57,66,518,292,226,148,69,79,"102Y12M"
10007,╣№д╞┐д,10007210,е╨з└╢m,10007210-009,╖sе═з°,244,133,111,1137,588,549,207,93,114,"102Y12M"
10007,╣№д╞┐д,10007210,е╨з└╢m,10007210-010,лn┤┐з°,232,124,108,1193,631,562,216,104,112,"102Y12M"
10007,╣№д╞┐д,10007210,е╨з└╢m,10007210-011,е_┤┐з°,287,146,141,1398,695,703,208,96,112,"102Y12M"
10007,╣№д╞┐д,10007210,е╨з└╢m,10007210-012,╖╦п`з°,211,116,95,1049,544,505,224,96,128,"102Y12M"
10007,╣№д╞┐д,10007210,е╨з└╢m,10007210-013,е┤├оз°,303,164,139,1561,795,766,305,146,159,"102Y12M"
10007,╣№д╞┐д,10007210,е╨з└╢m,10007210-014,мh╗ёз°,140,83,57,820,440,380,172,82,90,"102Y12M"
10007,╣№д╞┐д,10007210,е╨з└╢m,10007210-015,│░┬╫з°,128,70,58,758,398,360,179,85,94,"102Y12M"
10007,╣№д╞┐д,10007210,е╨з└╢m,10007210-016,о№┬╫з°,187,98,89,1212,694,518,320,142,178,"102Y12M"
10007,╣№д╞┐д,10007210,е╨з└╢m,10007210-017,дпи╜з°,260,129,131,1384,748,636,300,145,155,"102Y12M"
10007,╣№д╞┐д,10007210,е╨з└╢m,10007210-018,╖sнэз°,28,13,15,219,125,94,58,28,30,"102Y12M"
10007,╣№д╞┐д,10007210,е╨з└╢m,10007210-019,╖╦│╗з°,92,47,45,512,292,220,141,65,76,"102Y12M"
10007,╣№д╞┐д,10007210,е╨з└╢m,10007210-020,е┐╕qз°,158,87,71,795,422,373,133,57,76,"102Y12M"
10007,╣№д╞┐д,10007220,░ё└Y╢m,10007220-001,йMрTз°,410,224,186,2145,1119,1026,447,198,249,"102Y12M"
10007,╣№д╞┐д,10007220,░ё└Y╢m,10007220-002,┐│╣Aз°,269,146,123,1482,798,684,312,140,172,"102Y12M"
10007,╣№д╞┐д,10007220,░ё└Y╢m,10007220-003,░ё└Yз°,293,168,125,1446,773,673,316,149,167,"102Y12M"
10007,╣№д╞┐д,10007220,░ё└Y╢m,10007220-004,рT▒[з°,405,217,188,2059,1137,922,391,184,207,"102Y12M"
10007,╣№д╞┐д,10007220,░ё└Y╢m,10007220-005,▒[дlз°,271,123,148,1102,586,516,215,100,115,"102Y12M"
10007,╣№д╞┐д,10007220,░ё└Y╢m,10007220-006,е├рTз°,267,162,105,1316,682,634,327,152,175,"102Y12M"
10007,╣№д╞┐д,10007220,░ё└Y╢m,10007220-007,жX┐│з°,636,321,315,2908,1503,1405,542,234,308,"102Y12M"
10007,╣№д╞┐д,10007220,░ё└Y╢m,10007220-008,енньз°,386,192,194,1751,924,827,339,158,181,"102Y12M"
10007,╣№д╞┐д,10007220,░ё└Y╢m,10007220-009,▒[╕}з°,123,66,57,599,320,279,152,68,84,"102Y12M"
10007,╣№д╞┐д,10007220,░ё└Y╢m,10007220-010,д╕оHз°,83,51,32,474,253,221,133,63,70,"102Y12M"
10007,╣№д╞┐д,10007220,░ё└Y╢m,10007220-011,к▄┤┬з°,273,152,121,1265,675,590,373,176,197,"102Y12M"
10007,╣№д╞┐д,10007220,░ё└Y╢m,10007220-012,╖s╔▄з°,135,66,69,873,503,370,284,128,156,"102Y12M"
10007,╣№д╞┐д,10007220,░ё└Y╢m,10007220-013,│░╣┼з°,106,57,49,685,380,305,169,77,92,"102Y12M"
10007,╣№д╞┐д,10007220,░ё└Y╢m,10007220-014,ж╦│Єз°,178,93,85,925,501,424,192,89,103,"102Y12M"
10007,╣№д╞┐д,10007220,░ё└Y╢m,10007220-015,ддйMз°,246,119,127,1218,647,571,272,118,154,"102Y12M"
10007,╣№д╞┐д,10007220,░ё└Y╢m,10007220-016,╔▄д║з°,189,103,86,868,459,409,212,99,113,"102Y12M"
10007,╣№д╞┐д,10007220,░ё└Y╢m,10007220-017,дj┤Єз°,164,91,73,792,427,365,203,90,113,"102Y12M"
10007,╣№д╞┐д,10007230,к┌нb╢m,10007230-001,к┌нbз°,132,70,62,734,413,321,294,134,160,"102Y12M"
10007,╣№д╞┐д,10007230,к┌нb╢m,10007230-002,к┌ддз°,68,38,30,274,156,118,174,79,95,"102Y12M"
10007,╣№д╞┐д,10007230,к┌нb╢m,10007230-003,дп╖Rз°,86,51,35,575,316,259,242,105,137,"102Y12M"
10007,╣№д╞┐д,10007230,к┌нb╢m,10007230-004,лH╕qз°,90,49,41,414,240,174,193,85,108,"102Y12M"
10007,╣№д╞┐д,10007230,к┌нb╢m,10007230-005,лс╝dз°,150,83,67,843,441,402,213,86,127,"102Y12M"
10007,╣№д╞┐д,10007230,к┌нb╢m,10007230-006,дTжXз°,373,189,184,1869,996,873,356,157,199,"102Y12M"
10007,╣№д╞┐д,10007230,к┌нb╢m,10007230-007,е├┐│з°,187,102,85,1137,624,513,352,156,196,"102Y12M"
10007,╣№д╞┐д,10007230,к┌нb╢m,10007230-008,днлTз°,65,32,33,381,232,149,133,60,73,"102Y12M"
10007,╣№д╞┐д,10007230,к┌нb╢m,10007230-009,╕ЇдWз°,74,37,37,517,302,215,234,117,117,"102Y12M"
10007,╣№д╞┐д,10007230,к┌нb╢m,10007230-010,╕Їенз°,58,36,22,585,334,251,188,78,110,"102Y12M"
10007,╣№д╞┐д,10007230,к┌нb╢m,10007230-011,дTжиз°,82,38,44,812,447,365,289,137,152,"102Y12M"
10007,╣№д╞┐д,10007230,к┌нb╢m,10007230-012,║╓║aз°,45,20,25,420,253,167,205,95,110,"102Y12M"
10007,╣№д╞┐д,10007230,к┌нb╢m,10007230-013,│╗б╜з°,40,22,18,459,263,196,170,75,95,"102Y12M"
10007,╣№д╞┐д,10007230,к┌нb╢m,10007230-014,╖s╡єз°,74,41,33,629,404,225,271,127,144,"102Y12M"
10007,╣№д╞┐д,10007230,к┌нb╢m,10007230-015,д¤е\з°,338,170,168,1743,928,815,477,223,254,"102Y12M"
10007,╣№д╞┐д,10007230,к┌нb╢m,10007230-016,│╒╖Rз°,94,54,40,540,283,257,195,83,112,"102Y12M"
10007,╣№д╞┐д,10007230,к┌нb╢m,10007230-017,йMенз°,87,46,41,626,340,286,190,86,104,"102Y12M"
10007,╣№д╞┐д,10007230,к┌нb╢m,10007230-018,е┴е═з°,64,31,33,526,285,241,181,77,104,"102Y12M"
10007,╣№д╞┐д,10007230,к┌нb╢m,10007230-019,┐│дпз°,172,95,77,1072,590,482,330,153,177,"102Y12M"
10007,╣№д╞┐д,10007230,к┌нb╢m,10007230-020,╖s─_з°,276,142,134,1400,757,643,329,163,166,"102Y12M"
10007,╣№д╞┐д,10007230,к┌нb╢m,10007230-021,пє┤Єз°,179,101,78,1249,685,564,282,140,142,"102Y12M"
10007,╣№д╞┐д,10007230,к┌нb╢m,10007230-022,дхмzз°,134,69,65,892,514,378,226,111,115,"102Y12M"
10007,╣№д╞┐д,10007230,к┌нb╢m,10007230-023,л╪енз°,320,161,159,1852,1025,827,419,198,221,"102Y12M"
10007,╣№д╞┐д,10007230,к┌нb╢m,10007230-024,▒[╕}з°,119,65,54,630,333,297,163,76,87,"102Y12M"
10007,╣№д╞┐д,10007230,к┌нb╢m,10007230-025,╖sе═з°,220,115,105,1160,649,511,282,133,149,"102Y12M"
10007,╣№д╞┐д,10007230,к┌нb╢m,10007230-026,║~─_з°,507,250,257,2912,1561,1351,431,201,230,"102Y12M"
10007,╣№д╞┐д,10007240,дjл░╢m,10007240-001,╝цсYз°,126,75,51,831,486,345,390,175,215,"102Y12M"
10007,╣№д╞┐д,10007240,дjл░╢m,10007240-002,дWдsз°,131,71,60,897,506,391,281,139,142,"102Y12M"
10007,╣№д╞┐д,10007240,дjл░╢m,10007240-003,кFл░з°,226,112,114,1097,586,511,284,132,152,"102Y12M"
10007,╣№д╞┐д,10007240,дjл░╢m,10007240-004,жшл░з°,153,83,70,719,401,318,199,76,123,"102Y12M"
10007,╣№д╞┐д,10007240,дjл░╢m,10007240-005,дjл░з°,137,82,55,863,474,389,223,91,132,"102Y12M"
10007,╣№д╞┐д,10007240,дjл░╢m,10007240-006,╡ц╝dз°,164,85,79,883,520,363,298,128,170,"102Y12M"
10007,╣№д╞┐д,10007240,дjл░╢m,10007240-007,дs╕}з°,196,100,96,1033,595,438,353,174,179,"102Y12M"
10007,╣№д╞┐д,10007240,дjл░╢m,10007240-008,е├йMз°,109,63,46,558,326,232,183,76,107,"102Y12M"
10007,╣№д╞┐д,10007240,дjл░╢m,10007240-009,│╗╔▄з°,78,40,38,519,320,199,219,102,117,"102Y12M"
10007,╣№д╞┐д,10007240,дjл░╢m,10007240-010,д╜└]з°,120,52,68,820,490,330,334,157,177,"102Y12M"
10007,╣№д╞┐д,10007240,дjл░╢m,10007240-011,╗Oжшз°,129,63,66,713,425,288,249,114,135,"102Y12M"
10007,╣№д╞┐д,10007240,дjл░╢m,10007240-012,кF┤фз°,201,104,97,999,553,446,276,136,140,"102Y12M"
10007,╣№д╞┐д,10007240,дjл░╢m,10007240-013,жш┤фз°,96,48,48,718,415,303,272,124,148,"102Y12M"
10007,╣№д╞┐д,10007240,дjл░╢m,10007240-014,┬╫м№з°,182,100,82,737,402,335,210,96,114,"102Y12M"
10007,╣№д╞┐д,10007240,дjл░╢m,10007240-015,дT┬╫з°,97,53,44,523,321,202,217,94,123,"102Y12M"
10007,╣№д╞┐д,10007250,ж╦╢э╢m,10007250-001,ж╦д╕з°,234,120,114,924,489,435,235,109,126,"102Y12M"
10007,╣№д╞┐д,10007250,ж╦╢э╢m,10007250-002,ж╦╢эз°,484,261,223,1633,806,827,345,153,192,"102Y12M"
10007,╣№д╞┐д,10007250,ж╦╢э╢m,10007250-003,дpжшз°,122,65,57,587,337,250,222,102,120,"102Y12M"
10007,╣№д╞┐д,10007250,ж╦╢э╢m,10007250-004,е┴╣tз°,149,75,74,638,348,290,182,71,111,"102Y12M"
10007,╣№д╞┐д,10007250,ж╦╢э╢m,10007250-005,дн╔▄з°,303,161,142,1340,720,620,308,133,175,"102Y12M"
10007,╣№д╞┐д,10007250,ж╦╢э╢m,10007250-006,╛Ё╕}з°,124,64,60,527,304,223,156,71,85,"102Y12M"
10007,╣№д╞┐д,10007250,ж╦╢э╢m,10007250-007,е╨└Yз°,203,92,111,878,500,378,237,100,137,"102Y12M"
10007,╣№д╞┐д,10007250,ж╦╢э╢m,10007250-008,╖s╝sз°,186,91,95,889,517,372,341,158,183,"102Y12M"
10007,╣№д╞┐д,10007250,ж╦╢э╢m,10007250-009,╖╦сYз°,52,34,18,383,231,152,154,63,91,"102Y12M"
10007,╣№д╞┐д,10007250,ж╦╢э╢m,10007250-010,ж╦кLз°,148,77,71,683,387,296,194,92,102,"102Y12M"
10007,╣№д╞┐д,10007250,ж╦╢э╢m,10007250-011,дgоwз°,77,40,37,536,324,212,196,82,114,"102Y12M"
10007,╣№д╞┐д,10007250,ж╦╢э╢m,10007250-012,д║╖sз°,81,33,48,484,270,214,172,84,88,"102Y12M"
10007,╣№д╞┐д,10007250,ж╦╢э╢m,10007250-013,к°жwз°,137,73,64,588,330,258,214,97,117,"102Y12M"
10007,╣№д╞┐д,10007250,ж╦╢э╢m,10007250-014,е├жwз°,84,48,36,420,247,173,190,93,97,"102Y12M"
10007,╣№д╞┐д,10007260,╖╦ж{╢m,10007260-001,╖╦нэз°,288,153,135,1498,804,694,424,192,232,"102Y12M"
10007,╣№д╞┐д,10007260,╖╦ж{╢m,10007260-002,┬┬м▄з°,200,96,104,1160,596,564,291,131,160,"102Y12M"
10007,╣№д╞┐д,10007260,╖╦ж{╢m,10007260-003,мa╢щз°,222,116,106,1002,539,463,216,90,126,"102Y12M"
10007,╣№д╞┐д,10007260,╖╦ж{╢m,10007260-004,дЇз└з°,277,144,133,1197,639,558,293,127,166,"102Y12M"
10007,╣№д╞┐д,10007260,╖╦ж{╢m,10007260-005,з|нэз°,119,68,51,571,300,271,159,74,85,"102Y12M"
10007,╣№д╞┐д,10007260,╖╦ж{╢m,10007260-006,ж`╝dз°,240,120,120,1264,697,567,295,145,150,"102Y12M"
10007,╣№д╞┐д,10007260,╖╦ж{╢m,10007260-007,╝щмvз°,128,63,65,717,401,316,210,102,108,"102Y12M"
10007,╣№д╞┐д,10007260,╖╦ж{╢m,10007260-008,е╦нэз°,134,70,64,782,415,367,187,93,94,"102Y12M"
10007,╣№д╞┐д,10007260,╖╦ж{╢m,10007260-009,жшп`з°,290,139,151,1794,1018,776,446,204,242,"102Y12M"
10007,╣№д╞┐д,10007260,╖╦ж{╢m,10007260-010,▒iнэз°,106,47,59,596,334,262,178,85,93,"102Y12M"
10007,╣№д╞┐д,10007260,╖╦ж{╢m,10007260-011,╖╦ж{з°,251,137,114,1321,690,631,316,142,174,"102Y12M"
10007,╣№д╞┐д,10007260,╖╦ж{╢m,10007260-012,жие\з°,309,169,140,1619,915,704,348,145,203,"102Y12M"
10007,╣№д╞┐д,10007260,╖╦ж{╢m,10007260-013,╡цд╜з°,134,74,60,701,399,302,214,100,114,"102Y12M"
10007,╣№д╞┐д,10007260,╖╦ж{╢m,10007260-014,з└нэз°,331,176,155,1570,824,746,243,105,138,"102Y12M"
10007,╣№д╞┐д,10007260,╖╦ж{╢m,10007260-015,дj╔▄з°,301,157,144,1628,917,711,402,192,210,"102Y12M"
10007,╣№д╞┐д,10007260,╖╦ж{╢m,10007260-016,дTж`з°,215,111,104,987,531,456,294,133,161,"102Y12M"
10007,╣№д╞┐д,10007260,╖╦ж{╢m,10007260-017,кFж{з°,331,168,163,1571,820,751,415,201,214,"102Y12M"
10007,╣№д╞┐д,10007260,╖╦ж{╢m,10007260-018,║aе·з°,124,69,55,734,408,326,148,63,85,"102Y12M"
10007,╣№д╞┐д,10007260,╖╦ж{╢m,10007260-019,дT▒°з°,140,72,68,689,389,300,242,111,131,"102Y12M"
10008,лnзы┐д,10008010,лnзыел,10008010-001,└sмuи╜,152,83,69,828,407,421,202,91,111,"102Y12M"
10008,лnзы┐д,10008010,лnзыел,10008010-002,▒d╣╪и╜,251,132,119,1246,597,649,262,122,140,"102Y12M"
10008,лnзы┐д,10008010,лnзыел,10008010-003,дTе┴и╜,137,66,71,757,378,379,174,69,105,"102Y12M"
10008,лnзы┐д,10008010,лnзыел,10008010-004,дпйMи╜,58,29,29,441,215,226,111,52,59,"102Y12M"
10008,лnзы┐д,10008010,лnзыел,10008010-005,лnзыи╜,79,45,34,522,261,261,132,60,72,"102Y12M"
10008,лnзы┐д,10008010,лnзыел,10008010-006,╣№дпи╜,77,37,40,307,153,154,106,52,54,"102Y12M"
10008,лnзы┐д,10008010,лnзыел,10008010-007,▒Rдхи╜,187,95,92,869,448,421,195,83,112,"102Y12M"
10008,лnзы┐д,10008010,лnзыел,10008010-008,║s┐│и╜,379,208,171,2367,1181,1186,367,165,202,"102Y12M"
10008,лnзы┐д,10008010,лnзыел,10008010-009,║sйMи╜,1133,608,525,6408,3226,3182,864,392,472,"102Y12M"
10008,лnзы┐д,10008010,лnзыел,10008010-010,нxе\и╜,937,489,448,4176,2059,2117,543,273,270,"102Y12M"
10008,лnзы┐д,10008010,лnзыел,10008010-011,кFдsи╜,68,33,35,321,174,147,96,53,43,"102Y12M"
10008,лnзы┐д,10008010,лnзыел,10008010-012,енйMи╜,884,474,410,5470,2659,2811,838,371,467,"102Y12M"
10008,лnзы┐д,10008010,лnзыел,10008010-013,о╢┐│и╜,308,153,155,1796,970,826,375,182,193,"102Y12M"
10008,лnзы┐д,10008010,лnзыел,10008010-014,дdмюи╜,147,74,73,878,468,410,178,73,105,"102Y12M"
10008,лnзы┐д,10008010,лnзыел,10008010-015,дT┐│и╜,1054,564,490,4878,2443,2435,621,301,320,"102Y12M"
10008,лnзы┐д,10008010,лnзыел,10008010-016,дTйMи╜,516,278,238,2363,1180,1183,613,279,334,"102Y12M"
10008,лnзы┐д,10008010,лnзыел,10008010-017,╣┼┐│и╜,303,162,141,1861,988,873,337,150,187,"102Y12M"
10008,лnзы┐д,10008010,лnзыел,10008010-018,╣┼йMи╜,742,392,350,3990,2004,1986,499,234,265,"102Y12M"
10008,лnзы┐д,10008010,лnзыел,10008010-019,║╓дsи╜,271,148,123,1688,905,783,329,146,183,"102Y12M"
10008,лnзы┐д,10008010,лnзыел,10008010-020,е├┐│и╜,142,73,69,688,379,309,155,77,78,"102Y12M"
10008,лnзы┐д,10008010,лnзыел,10008010-021,╗ё╗яи╜,84,47,37,562,317,245,176,84,92,"102Y12M"
10008,лnзы┐д,10008010,лnзыел,10008010-022,╗ёдsи╜,121,60,61,911,524,387,301,153,148,"102Y12M"
10008,лnзы┐д,10008010,лnзыел,10008010-023,ендsи╜,870,429,441,4901,2418,2483,536,245,291,"102Y12M"
10008,лnзы┐д,10008010,лnзыел,10008010-024,╖s┐│и╜,879,467,412,4568,2288,2280,459,222,237,"102Y12M"
10008,лnзы┐д,10008010,лnзыел,10008010-025,е├┬╫и╜,434,257,177,2578,1325,1253,328,150,178,"102Y12M"
10008,лnзы┐д,10008010,лnзыел,10008010-026,║╓┐│и╜,408,201,207,2600,1342,1258,411,203,208,"102Y12M"
10008,лnзы┐д,10008010,лnзыел,10008010-027,└че_и╜,1395,719,676,5348,2600,2748,844,394,450,"102Y12M"
10008,лnзы┐д,10008010,лnзыел,10008010-028,└члnи╜,363,185,178,2073,1086,987,361,177,184,"102Y12M"
10008,лnзы┐д,10008010,лnзыел,10008010-029,д║┐│и╜,1300,674,626,5895,2914,2981,772,373,399,"102Y12M"
10008,лnзы┐д,10008010,лnзыел,10008010-030,д║╖sи╜,272,159,113,1282,697,585,267,138,129,"102Y12M"
10008,лnзы┐д,10008010,лnзыел,10008010-031,е·╡╪и╜,161,91,70,646,314,332,422,167,255,"102Y12M"
10008,лnзы┐д,10008010,лnзыел,10008010-032,е·║aи╜,110,62,48,794,431,363,576,237,339,"102Y12M"
10008,лnзы┐д,10008010,лnзыел,10008010-033,е·й·и╜,118,65,53,718,338,380,534,234,300,"102Y12M"
10008,лnзы┐д,10008010,лnзыел,10008010-034,е·╜ўи╜,173,81,92,451,222,229,112,46,66,"102Y12M"
10008,лnзы┐д,10008020,оHи╜┬э,10008020-001,кFк∙и╜,377,176,201,2317,1192,1125,627,293,334,"102Y12M"
10008,лnзы┐д,10008020,оHи╜┬э,10008020-002,лnк∙и╜,83,43,40,711,357,354,225,126,99,"102Y12M"
10008,лnзы┐д,10008020,оHи╜┬э,10008020-003,жшк∙и╜,625,325,300,2793,1408,1385,601,261,340,"102Y12M"
10008,лnзы┐д,10008020,оHи╜┬э,10008020-004,е_к∙и╜,467,241,226,2277,1154,1123,388,188,200,"102Y12M"
10008,лnзы┐д,10008020,оHи╜┬э,10008020-005,жP┴nи╜,317,156,161,2065,1030,1035,389,174,215,"102Y12M"
10008,лnзы┐д,10008020,оHи╜┬э,10008020-006,┬╚д╞и╜,135,78,57,920,440,480,254,115,139,"102Y12M"
10008,лnзы┐д,10008020,оHи╜┬э,10008020-007,▓M╖sи╜,543,296,247,3320,1678,1642,611,276,335,"102Y12M"
10008,лnзы┐д,10008020,оHи╜┬э,10008020-008,дjл░и╜,850,404,446,5204,2569,2635,954,439,515,"102Y12M"
10008,лnзы┐д,10008020,оHи╜┬э,10008020-009,─xл░и╜,107,58,49,834,436,398,155,81,74,"102Y12M"
10008,лnзы┐д,10008020,оHи╜┬э,10008020-010,кJкIи╜,1336,665,671,6718,3354,3364,912,452,460,"102Y12M"
10008,лnзы┐д,10008020,оHи╜┬э,10008020-011,дЇ└Yи╜,641,323,318,3377,1723,1654,499,266,233,"102Y12M"
10008,лnзы┐д,10008020,оHи╜┬э,10008020-012,─Q┼яи╜,119,61,58,922,505,417,192,94,98,"102Y12M"
10008,лnзы┐д,10008020,оHи╜┬э,10008020-013,п]оци╜,156,81,75,970,526,444,186,100,86,"102Y12M"
10008,лnзы┐д,10008020,оHи╜┬э,10008020-014,╖╦лnи╜,209,118,91,991,460,531,159,77,82,"102Y12M"
10008,лnзы┐д,10008020,оHи╜┬э,10008020-015,очж╠и╜,113,63,50,900,496,404,195,96,99,"102Y12M"
10008,лnзы┐д,10008020,оHи╜┬э,10008020-016,жие\и╜,37,24,13,263,152,111,95,46,49,"102Y12M"
10008,лnзы┐д,10008020,оHи╜┬э,10008020-017,лnз°и╜,244,127,117,1190,631,559,219,106,113,"102Y12M"
10008,лnзы┐д,10008020,оHи╜┬э,10008020-018,╖R─їи╜,256,127,129,1309,641,668,216,93,123,"102Y12M"
10008,лnзы┐д,10008020,оHи╜┬э,10008020-019,┼Kдsи╜,354,188,166,1530,799,731,245,115,130,"102Y12M"
10008,лnзы┐д,10008020,оHи╜┬э,10008020-020,й╨и╜и╜,242,138,104,1216,640,576,208,84,124,"102Y12M"
10008,лnзы┐д,10008020,оHи╜┬э,10008020-021,жV╡╜и╜,73,38,35,568,315,253,155,81,74,"102Y12M"
10008,лnзы┐д,10008020,оHи╜┬э,10008020-022,д@╖sи╜,63,32,31,879,369,510,171,76,95,"102Y12M"
10008,лnзы┐д,10008020,оHи╜┬э,10008020-023,╝sжии╜,132,65,67,955,496,459,272,139,133,"102Y12M"
10008,лnзы┐д,10008020,оHи╜┬э,10008020-024,еv┤фи╜,41,23,18,501,266,235,144,69,75,"102Y12M"
10008,лnзы┐д,10008020,оHи╜┬э,10008020-025,║╓┐│и╜,124,64,60,846,426,420,206,94,112,"102Y12M"
10008,лnзы┐д,10008020,оHи╜┬э,10008020-026,д√пvи╜,441,220,221,2446,1262,1184,488,225,263,"102Y12M"
10008,лnзы┐д,10008020,оHи╜┬э,10008020-027,дj┘їи╜,253,144,109,1304,660,644,247,111,136,"102Y12M"
10008,лnзы┐д,10008020,оHи╜┬э,10008020-028,╕╝░Gи╜,378,187,191,2304,1223,1081,456,223,233,"102Y12M"
10008,лnзы┐д,10008020,оHи╜┬э,10008020-029,жXжии╜,282,150,132,1419,725,694,285,135,150,"102Y12M"
10008,лnзы┐д,10008020,оHи╜┬э,10008020-030,е_жwи╜,644,321,323,2982,1449,1533,468,229,239,"102Y12M"
10008,лnзы┐д,10008020,оHи╜┬э,10008020-031,кIл░и╜,440,222,218,2360,1213,1147,374,162,212,"102Y12M"
10008,лnзы┐д,10008020,оHи╜┬э,10008020-032,е_▒Ўи╜,675,364,311,2945,1447,1498,377,185,192,"102Y12M"
10008,лnзы┐д,10008020,оHи╜┬э,10008020-033,оїжwи╜,360,175,185,1970,954,1016,305,150,155,"102Y12M"
10008,лnзы┐д,10008030,пєд┘┬э,10008030-001,е╔оpи╜,349,184,165,1954,959,995,285,114,171,"102Y12M"
10008,лnзы┐д,10008030,пєд┘┬э,10008030-002,квоpи╜,417,197,220,1832,899,933,406,190,216,"102Y12M"
10008,лnзы┐д,10008030,пєд┘┬э,10008030-003,йMени╜,248,139,109,1041,526,515,254,114,140,"102Y12M"
10008,лnзы┐д,10008030,пєд┘┬э,10008030-004,┤░йMи╜,1082,558,524,5802,2897,2905,841,393,448,"102Y12M"
10008,лnзы┐д,10008030,пєд┘┬э,10008030-005,дs╕}и╜,1073,551,522,6815,3347,3468,830,383,447,"102Y12M"
10008,лnзы┐д,10008030,пєд┘┬э,10008030-006,┤I╝dи╜,1300,678,622,5808,2869,2939,702,328,374,"102Y12M"
10008,лnзы┐д,10008030,пєд┘┬э,10008030-007,▒sеvи╜,949,493,456,5367,2693,2674,830,407,423,"102Y12M"
10008,лnзы┐д,10008030,пєд┘┬э,10008030-008,╖s┬╫и╜,643,326,317,3502,1844,1658,640,290,350,"102Y12M"
10008,лnзы┐д,10008030,пєд┘┬э,10008030-009,║╤оpи╜,746,408,338,3888,1964,1924,539,262,277,"102Y12M"
10008,лnзы┐д,10008030,пєд┘┬э,10008030-010,║╤мwи╜,358,170,188,2081,1070,1011,333,160,173,"102Y12M"
10008,лnзы┐д,10008030,пєд┘┬э,10008030-011,┤_┐│и╜,431,229,202,2623,1366,1257,524,250,274,"102Y12M"
10008,лnзы┐д,10008030,пєд┘┬э,10008030-012,дWкLи╜,399,225,174,2764,1384,1380,422,208,214,"102Y12M"
10008,лnзы┐д,10008030,пєд┘┬э,10008030-013,╖s╔▄и╜,494,279,215,3042,1626,1416,504,229,275,"102Y12M"
10008,лnзы┐д,10008030,пєд┘┬э,10008030-014,е_зыи╜,415,213,202,2557,1325,1232,343,170,173,"102Y12M"
10008,лnзы┐д,10008030,пєд┘┬э,10008030-015,е█дtи╜,205,118,87,1320,695,625,220,104,116,"102Y12M"
10008,лnзы┐д,10008030,пєд┘┬э,10008030-016,е[ж╤и╜,305,159,146,2015,1049,966,359,171,188,"102Y12M"
10008,лnзы┐д,10008030,пєд┘┬э,10008030-017,е_╢╒и╜,260,126,134,1701,912,789,384,192,192,"102Y12M"
10008,лnзы┐д,10008030,пєд┘┬э,10008030-018,ддньи╜,330,163,167,1795,951,844,374,178,196,"102Y12M"
10008,лnзы┐д,10008030,пєд┘┬э,10008030-019,лnоHи╜,632,327,305,3752,1953,1799,573,262,311,"102Y12M"
10008,лnзы┐д,10008030,пєд┘┬э,10008030-020,дgл░и╜,227,117,110,1464,790,674,290,137,153,"102Y12M"
10008,лnзы┐д,10008030,пєд┘┬э,10008030-021,йW│╗и╜,143,69,74,874,486,388,215,105,110,"102Y12M"
10008,лnзы┐д,10008030,пєд┘┬э,10008030-022,┬∙еVи╜,338,175,163,1949,1082,867,447,198,249,"102Y12M"
10008,лnзы┐д,10008030,пєд┘┬э,10008030-023,енкLи╜,142,73,69,924,472,452,204,96,108,"102Y12M"
10008,лnзы┐д,10008030,пєд┘┬э,10008030-024,дде┐и╜,95,43,52,608,319,289,140,70,70,"102Y12M"
10008,лnзы┐д,10008030,пєд┘┬э,10008030-025,дддsи╜,538,296,242,1976,954,1022,456,205,251,"102Y12M"
10008,лnзы┐д,10008030,пєд┘┬э,10008030-026,й·е┐и╜,622,322,300,3499,1733,1766,579,251,328,"102Y12M"
10008,лnзы┐д,10008030,пєд┘┬э,10008030-027,╖sнэи╜,689,363,326,2685,1271,1414,535,248,287,"102Y12M"
10008,лnзы┐д,10008040,ж╦дs┬э,10008040-001,ж╦дsи╜,282,147,135,1787,913,874,436,196,240,"102Y12M"
10008,лnзы┐д,10008040,ж╦дs┬э,10008040-002,дде┐и╜,101,56,45,542,282,260,155,66,89,"102Y12M"
10008,лnзы┐д,10008040,ж╦дs┬э,10008040-003,дддsи╜,701,345,356,4010,2052,1958,794,358,436,"102Y12M"
10008,лnзы┐д,10008040,ж╦дs┬э,10008040-004,╢│кLи╜,575,284,291,3095,1552,1543,647,317,330,"102Y12M"
10008,лnзы┐д,10008040,ж╦дs┬э,10008040-005,б╜б╜и╜,299,153,146,1561,804,757,249,116,133,"102Y12M"
10008,лnзы┐д,10008040,ж╦дs┬э,10008040-006,дUйWи╜,220,125,95,1069,556,513,208,101,107,"102Y12M"
10008,лnзы┐д,10008040,ж╦дs┬э,10008040-007,о█кLи╜,663,346,317,3267,1705,1562,614,270,344,"102Y12M"
10008,лnзы┐д,10008040,ж╦дs┬э,10008040-008,ддйMи╜,126,68,58,807,462,345,226,105,121,"102Y12M"
10008,лnзы┐д,10008040,ж╦дs┬э,10008040-009,дд▒Tи╜,200,103,97,1208,628,580,245,114,131,"102Y12M"
10008,лnзы┐д,10008040,ж╦дs┬э,10008040-010,╝w┐│и╜,117,71,46,715,353,362,207,98,109,"102Y12M"
10008,лnзы┐д,10008040,ж╦дs┬э,10008040-011,й╡ени╜,477,230,247,2651,1393,1258,540,255,285,"102Y12M"
10008,лnзы┐д,10008040,ж╦дs┬э,10008040-012,й╡е┐и╜,247,123,124,1444,775,669,340,173,167,"102Y12M"
10008,лnзы┐д,10008040,ж╦дs┬э,10008040-013,й╡дsи╜,108,59,49,674,360,314,180,89,91,"102Y12M"
10008,лnзы┐д,10008040,ж╦дs┬э,10008040-014,й╡йMи╜,950,495,455,4463,2219,2244,643,313,330,"102Y12M"
10008,лnзы┐д,10008040,ж╦дs┬э,10008040-015,дs▒Rи╜,244,111,133,1573,870,703,406,191,215,"102Y12M"
10008,лnзы┐д,10008040,ж╦дs┬э,10008040-016,к└╝dи╜,209,101,108,1069,566,503,242,117,125,"102Y12M"
10008,лnзы┐д,10008040,ж╦дs┬э,10008040-017,ддеби╜,117,57,60,948,534,414,389,183,206,"102Y12M"
10008,лnзы┐д,10008040,ж╦дs┬э,10008040-018,┤Iж{и╜,80,44,36,478,278,200,197,97,100,"102Y12M"
10008,лnзы┐д,10008040,ж╦дs┬э,10008040-019,дj╛bи╜,52,27,25,346,189,157,82,50,32,"102Y12M"
10008,лnзы┐д,10008040,ж╦дs┬э,10008040-020,е╨дlи╜,65,32,33,467,267,200,159,75,84,"102Y12M"
10008,лnзы┐д,10008040,ж╦дs┬э,10008040-021,║╓┐│и╜,81,40,41,489,274,215,126,60,66,"102Y12M"
10008,лnзы┐д,10008040,ж╦дs┬э,10008040-022,├U│╜и╜,71,37,34,690,401,289,217,103,114,"102Y12M"
10008,лnзы┐д,10008040,ж╦дs┬э,10008040-023,╖чж╦и╜,68,38,30,485,298,187,163,75,88,"102Y12M"
10008,лnзы┐д,10008040,ж╦дs┬э,10008040-024,йW│╗и╜,72,31,41,365,214,151,120,58,62,"102Y12M"
10008,лnзы┐д,10008040,ж╦дs┬э,10008040-025,▒э└Yи╜,124,60,64,743,443,300,241,121,120,"102Y12M"
10008,лnзы┐д,10008040,ж╦дs┬э,10008040-026,иqкLи╜,90,48,42,595,351,244,167,81,86,"102Y12M"
10008,лnзы┐д,10008040,ж╦дs┬э,10008040-027,й╡▓╗и╜,595,301,294,3297,1688,1609,518,242,276,"102Y12M"
10008,лnзы┐д,10008040,ж╦дs┬э,10008040-028,ж╦│Єи╜,327,153,174,2095,1035,1060,396,183,213,"102Y12M"
10008,лnзы┐д,10008050,╢░╢░┬э,10008050-001,╢░╢░и╜,145,73,72,873,443,430,235,111,124,"102Y12M"
10008,лnзы┐д,10008050,╢░╢░┬э,10008050-002,йMени╜,101,52,49,737,407,330,217,89,128,"102Y12M"
10008,лnзы┐д,10008050,╢░╢░┬э,10008050-003,кLз└и╜,49,26,23,441,248,193,157,79,78,"102Y12M"
10008,лnзы┐д,10008050,╢░╢░┬э,10008050-004,е╨╝dи╜,212,112,100,1045,587,458,231,111,120,"102Y12M"
10008,лnзы┐д,10008050,╢░╢░┬э,10008050-005,╣i╝dи╜,46,22,24,388,225,163,172,78,94,"102Y12M"
10008,лnзы┐д,10008050,╢░╢░┬э,10008050-006,е╔мMи╜,78,27,51,430,214,216,105,45,60,"102Y12M"
10008,лnзы┐д,10008050,╢░╢░┬э,10008050-007,зdнэи╜,101,56,45,712,364,348,246,121,125,"102Y12M"
10008,лnзы┐д,10008050,╢░╢░┬э,10008050-008,дK▒iи╜,207,101,106,1289,696,593,297,135,162,"102Y12M"
10008,лnзы┐д,10008050,╢░╢░┬э,10008050-009,е├йўи╜,108,59,49,842,457,385,170,81,89,"102Y12M"
10008,лnзы┐д,10008050,╢░╢░┬э,10008050-010,┤Iдsи╜,72,43,29,472,268,204,150,71,79,"102Y12M"
10008,лnзы┐д,10008050,╢░╢░┬э,10008050-011,╝sй·и╜,104,50,54,794,423,371,187,91,96,"102Y12M"
10008,лnзы┐д,10008060,жW╢б╢m,10008060-001,лn╢оз°,156,80,76,882,444,438,228,104,124,"102Y12M"
10008,лnзы┐д,10008060,жW╢б╢m,10008060-002,дде┐з°,606,304,302,3012,1556,1456,531,247,284,"102Y12M"
10008,лnзы┐д,10008060,жW╢б╢m,10008060-003,дддsз°,361,190,171,2048,1078,970,363,176,187,"102Y12M"
10008,лnзы┐д,10008060,жW╢б╢m,10008060-004,┐BдЇз°,267,146,121,1355,738,617,350,168,182,"102Y12M"
10008,лnзы┐д,10008060,жW╢б╢m,10008060-005,м┤╝dз°,132,75,57,854,471,383,201,94,107,"102Y12M"
10008,лnзы┐д,10008060,жW╢б╢m,10008060-006,╖sе┴з°,169,93,76,835,481,354,210,97,113,"102Y12M"
10008,лnзы┐д,10008060,жW╢б╢m,10008060-007,╖s╡єз°,616,331,285,3771,1959,1812,624,284,340,"102Y12M"
10008,лnзы┐д,10008060,жW╢б╢m,10008060-008,кF┤Єз°,247,128,119,1437,766,671,299,154,145,"102Y12M"
10008,лnзы┐д,10008060,жW╢б╢m,10008060-009,╕Uджз°,113,64,49,829,464,365,201,92,109,"102Y12M"
10008,лnзы┐д,10008060,жW╢б╢m,10008060-010,е╨еJз°,174,94,80,1061,609,452,289,139,150,"102Y12M"
10008,лnзы┐д,10008060,жW╢б╢m,10008060-011,дj╔▄з°,221,115,106,1600,878,722,396,179,217,"102Y12M"
10008,лnзы┐д,10008060,жW╢б╢m,10008060-012,б╜дUз°,126,51,75,745,416,329,212,101,111,"102Y12M"
10008,лnзы┐д,10008060,жW╢б╢m,10008060-013,дjз|з°,84,44,40,650,337,313,169,81,88,"102Y12M"
10008,лnзы┐д,10008060,жW╢б╢m,10008060-014,ж╦│Єз°,132,69,63,777,437,340,236,126,110,"102Y12M"
10008,лnзы┐д,10008060,жW╢б╢m,10008060-015,икдЇз°,141,62,79,929,526,403,347,178,169,"102Y12M"
10008,лnзы┐д,10008060,жW╢б╢m,10008060-016,дT▒[з°,215,110,105,1349,732,617,307,143,164,"102Y12M"
10008,лnзы┐д,10008060,жW╢б╢m,10008060-017,кQдsз°,247,112,135,1402,734,668,242,132,110,"102Y12M"
10008,лnзы┐д,10008060,жW╢б╢m,10008060-018,кQмfз°,190,112,78,1053,552,501,191,88,103,"102Y12M"
10008,лnзы┐д,10008060,жW╢б╢m,10008060-019,оHддз°,119,71,48,771,406,365,160,83,77,"102Y12M"
10008,лnзы┐д,10008060,жW╢б╢m,10008060-020,оr╕}з°,97,57,40,738,380,358,194,97,97,"102Y12M"
10008,лnзы┐д,10008060,жW╢б╢m,10008060-021,╖sнэз°,116,57,59,670,359,311,193,97,96,"102Y12M"
10008,лnзы┐д,10008060,жW╢б╢m,10008060-022,╖sе·з°,216,118,98,1490,818,672,369,176,193,"102Y12M"
10008,лnзы┐д,10008060,жW╢б╢m,10008060-023,дпйMз°,119,62,57,790,392,398,158,79,79,"102Y12M"
10008,лnзы┐д,10008070,│└иж╢m,10008070-001,│└ижз°,273,141,132,1584,829,755,355,166,189,"102Y12M"
10008,лnзы┐д,10008070,│└иж╢m,10008070-002,кь╢mз°,150,77,73,1223,684,539,347,160,187,"102Y12M"
10008,лnзы┐д,10008070,│└иж╢m,10008070-003,╣№╢оз°,160,76,84,1100,578,522,245,110,135,"102Y12M"
10008,лnзы┐д,10008070,│└иж╢m,10008070-004,╝s┐│з°,191,107,84,1696,911,785,413,195,218,"102Y12M"
10008,лnзы┐д,10008070,│└иж╢m,10008070-005,д║┤Єз°,122,59,63,881,482,399,220,105,115,"102Y12M"
10008,лnзы┐д,10008070,│└иж╢m,10008070-006,ж╦кLз°,196,103,93,1190,659,531,404,185,219,"102Y12M"
10008,лnзы┐д,10008070,│└иж╢m,10008070-007,ж╦┬╫з°,96,51,45,752,425,327,219,104,115,"102Y12M"
10008,лnзы┐д,10008070,│└иж╢m,10008070-008,йM╢оз°,62,30,32,486,290,196,156,76,80,"102Y12M"
10008,лnзы┐д,10008070,│└иж╢m,10008070-009,╗ё░─з°,163,80,83,1225,656,569,262,134,128,"102Y12M"
10008,лnзы┐д,10008070,│└иж╢m,10008070-010,е├╢йз°,175,88,87,1394,766,628,291,136,155,"102Y12M"
10008,лnзы┐д,10008070,│└иж╢m,10008070-011,иqоpз°,77,38,39,657,379,278,242,121,121,"102Y12M"
10008,лnзы┐д,10008070,│└иж╢m,10008070-012,▓MдЇз°,47,21,26,512,304,208,227,114,113,"102Y12M"
10008,лnзы┐д,10008070,│└иж╢m,10008070-013,╖че╨з°,95,47,48,612,357,255,167,70,97,"102Y12M"
10008,лnзы┐д,10008080,дд╝d╢m,10008080-001,╝s┐│з°,107,55,52,685,388,297,198,92,106,"102Y12M"
10008,лnзы┐д,10008080,дд╝d╢m,10008080-002,оr│╗з°,45,25,20,371,217,154,124,63,61,"102Y12M"
10008,лnзы┐д,10008080,дд╝d╢m,10008080-003,дKеPз°,117,61,56,630,353,277,195,90,105,"102Y12M"
10008,лnзы┐д,10008080,дд╝d╢m,10008080-004,йM┐│з°,80,40,40,517,311,206,191,92,99,"102Y12M"
10008,лnзы┐д,10008080,дд╝d╢m,10008080-005,║╓▓▒з°,70,35,35,571,339,232,234,113,121,"102Y12M"
10008,лnзы┐д,10008080,дд╝d╢m,10008080-006,е├енз°,250,119,131,1478,792,686,374,171,203,"102Y12M"
10008,лnзы┐д,10008080,дд╝d╢m,10008080-007,┤_┐│з°,27,11,16,248,138,110,68,29,39,"102Y12M"
10008,лnзы┐д,10008080,дд╝d╢m,10008080-008,дд╝dз°,99,58,41,569,326,243,155,71,84,"102Y12M"
10008,лnзы┐д,10008080,дд╝d╢m,10008080-009,╝s║╓з°,81,48,33,415,247,168,132,54,78,"102Y12M"
10008,лnзы┐д,10008080,дд╝d╢m,10008080-010,е├║╓з°,185,90,95,1123,595,528,226,106,120,"102Y12M"
10008,лnзы┐д,10008080,дд╝d╢m,10008080-011,╕qйMз°,137,79,58,928,493,435,211,105,106,"102Y12M"
10008,лnзы┐д,10008080,дд╝d╢m,10008080-012,▓MдЇз°,111,58,53,703,409,294,221,116,105,"102Y12M"
10008,лnзы┐д,10008080,дд╝d╢m,10008080-013,└sжwз°,79,46,33,570,333,237,182,86,96,"102Y12M"
10008,лnзы┐д,10008080,дд╝d╢m,10008080-014,└sйез°,102,53,49,508,293,215,173,81,92,"102Y12M"
10008,лnзы┐д,10008080,дд╝d╢m,10008080-015,е├йMз°,58,28,30,410,256,154,146,78,68,"102Y12M"
10008,лnзы┐д,10008080,дд╝d╢m,10008080-016,д║л░з°,38,22,16,368,220,148,111,42,69,"102Y12M"
10008,лnзы┐д,10008080,дд╝d╢m,10008080-017,е├к┌з°,45,29,16,370,210,160,109,52,57,"102Y12M"
10008,лnзы┐д,10008080,дд╝d╢m,10008080-018,▓nдхз°,55,32,23,383,227,156,136,63,73,"102Y12M"
10008,лnзы┐д,10008090,│╜ж└╢m,10008090-001,кFж└з°,225,116,109,1338,720,618,330,149,181,"102Y12M"
10008,лnзы┐д,10008090,│╜ж└╢m,10008090-002,│╜ж└з°,304,154,150,1840,933,907,376,166,210,"102Y12M"
10008,лnзы┐д,10008090,│╜ж└╢m,10008090-003,ддй·з°,143,77,66,824,451,373,234,109,125,"102Y12M"
10008,лnзы┐д,10008090,│╜ж└╢m,10008090-004,╖sл░з°,212,108,104,1157,620,537,276,124,152,"102Y12M"
10008,лnзы┐д,10008090,│╜ж└╢m,10008090-005,дjкLз°,147,79,68,911,500,411,254,129,125,"102Y12M"
10008,лnзы┐д,10008090,│╜ж└╢m,10008090-006,кFе·з°,186,102,84,1038,561,477,267,146,121,"102Y12M"
10008,лnзы┐д,10008090,│╜ж└╢m,10008090-007,ж@йMз°,116,58,58,847,449,398,211,97,114,"102Y12M"
10008,лnзы┐д,10008090,│╜ж└╢m,10008090-008,дj╢нз°,79,45,34,550,302,248,170,85,85,"102Y12M"
10008,лnзы┐д,10008090,│╜ж└╢m,10008090-009,днл░з°,100,58,42,614,357,257,169,79,90,"102Y12M"
10008,лnзы┐д,10008090,│╜ж└╢m,10008090-010,дЇк└з°,130,70,60,728,366,362,155,75,80,"102Y12M"
10008,лnзы┐д,10008090,│╜ж└╢m,10008090-011,└Yк└з°,80,43,37,702,408,294,285,150,135,"102Y12M"
10008,лnзы┐д,10008090,│╜ж└╢m,10008090-012,кZ╡nз°,61,34,27,485,282,203,178,76,102,"102Y12M"
10008,лnзы┐д,10008090,│╜ж└╢m,10008090-013,дщдыз°,95,49,46,748,379,369,131,58,73,"102Y12M"
10008,лnзы┐д,10008100,░ъйm╢m,10008100-001,░ъйmз°,282,140,142,1456,784,672,323,141,182,"102Y12M"
10008,лnзы┐д,10008100,░ъйm╢m,10008100-002,е█к∙з°,304,157,147,1510,813,697,313,137,176,"102Y12M"
10008,лnзы┐д,10008100,░ъйm╢m,10008100-003,дj║Xз°,94,54,40,582,348,234,169,88,81,"102Y12M"
10008,лnзы┐д,10008100,░ъйm╢m,10008100-004,е_┤фз°,213,116,97,1628,929,699,419,195,224,"102Y12M"
10008,лnзы┐д,10008100,░ъйm╢m,10008100-005,к°мyз°,194,108,86,1269,701,568,265,117,148,"102Y12M"
10008,лnзы┐д,10008100,░ъйm╢m,10008100-006,к°║╓з°,79,39,40,597,343,254,140,68,72,"102Y12M"
10008,лnзы┐д,10008100,░ъйm╢m,10008100-007,║╓└tз°,186,96,90,1585,865,720,386,168,218,"102Y12M"
10008,лnзы┐д,10008100,░ъйm╢m,10008100-008,░о╖╛з°,77,40,37,703,413,290,206,86,120,"102Y12M"
10008,лnзы┐д,10008100,░ъйm╢m,10008100-009,мaкLз°,119,59,60,971,537,434,262,120,142,"102Y12M"
10008,лnзы┐д,10008100,░ъйm╢m,10008100-010,е_дsз°,197,108,89,1299,716,583,358,169,189,"102Y12M"
10008,лnзы┐д,10008100,░ъйm╢m,10008100-011,лn┤фз°,183,104,79,1413,857,556,401,193,208,"102Y12M"
10008,лnзы┐д,10008100,░ъйm╢m,10008100-012,дjе█з°,86,39,47,618,374,244,154,72,82,"102Y12M"
10008,лnзы┐д,10008100,░ъйm╢m,10008100-013,к°┬╫з°,64,41,23,656,394,262,158,76,82,"102Y12M"
10008,лnзы┐д,10008110,дЇи╜╢m,10008110-001,дЇи╜з°,78,39,39,672,374,298,183,83,100,"102Y12M"
10008,лnзы┐д,10008110,дЇи╜╢m,10008110-002,╣A┤Iз°,54,26,28,382,198,184,120,58,62,"102Y12M"
10008,лnзы┐д,10008110,дЇи╜╢m,10008110-003,╖sл░з°,231,118,113,1368,733,635,334,165,169,"102Y12M"
10008,лnзы┐д,10008110,дЇи╜╢m,10008110-004,ддебз°,72,38,34,544,277,267,143,66,77,"102Y12M"
10008,лnзы┐д,10008110,дЇи╜╢m,10008110-005,л░ддз°,121,63,58,756,422,334,204,90,114,"102Y12M"
10008,лnзы┐д,10008110,дЇи╜╢m,10008110-006,е_оHз°,151,81,70,850,445,405,213,91,122,"102Y12M"
10008,лnзы┐д,10008110,дЇи╜╢m,10008110-007,╣dдuз°,172,79,93,909,462,447,184,83,101,"102Y12M"
10008,лnзы┐д,10008110,дЇи╜╢m,10008110-008,е├┬╫з°,199,104,95,1295,686,609,236,97,139,"102Y12M"
10008,лnзы┐д,10008110,дЇи╜╢m,10008110-009,│╗оrз°,161,78,83,1114,581,533,223,106,117,"102Y12M"
10008,лnзы┐д,10008110,дЇи╜╢m,10008110-010,ио╤Lз°,42,22,20,373,218,155,120,58,62,"102Y12M"
10008,лnзы┐д,10008110,дЇи╜╢m,10008110-011,╖s┐│з°,90,43,47,549,314,235,147,72,75,"102Y12M"
10008,лnзы┐д,10008110,дЇи╜╢m,10008110-012,╖sдsз°,25,11,14,188,112,76,45,18,27,"102Y12M"
10008,лnзы┐д,10008110,дЇи╜╢m,10008110-013,░pз|з°,47,28,19,293,172,121,73,35,38,"102Y12M"
10008,лnзы┐д,10008110,дЇи╜╢m,10008110-014,дWжwз°,126,63,63,975,541,434,231,99,132,"102Y12M"
10008,лnзы┐д,10008110,дЇи╜╢m,10008110-015,е┴йMз°,84,44,40,738,449,289,261,128,133,"102Y12M"
10008,лnзы┐д,10008110,дЇи╜╢m,10008110-016,е├┐│з°,37,17,20,269,153,116,85,35,50,"102Y12M"
10008,лnзы┐д,10008110,дЇи╜╢m,10008110-017,е╔оpз°,85,41,44,718,418,300,209,101,108,"102Y12M"
10008,лnзы┐д,10008110,дЇи╜╢m,10008110-018,┐│╢йз°,24,16,8,239,158,81,78,32,46,"102Y12M"
10008,лnзы┐д,10008110,дЇи╜╢m,10008110-019,лnе·з°,282,159,123,1382,671,711,287,134,153,"102Y12M"
10008,лnзы┐д,10008120,лH╕q╢m,10008120-001,дHйMз°,305,151,154,1127,647,480,123,59,64,"102Y12M"
10008,лnзы┐д,10008120,лH╕q╢m,10008120-002,жaзQз°,179,87,92,846,458,388,78,35,43,"102Y12M"
10008,лnзы┐д,10008120,лH╕q╢m,10008120-003,╝цлnз°,174,96,78,555,293,262,36,10,26,"102Y12M"
10008,лnзы┐д,10008120,лH╕q╢m,10008120-004,й·╝wз°,197,104,93,1360,738,622,288,135,153,"102Y12M"
10008,лnзы┐д,10008120,лH╕q╢m,10008120-005,╖R░ъз°,62,36,26,451,265,186,112,58,54,"102Y12M"
10008,лnзы┐д,10008120,лH╕q╢m,10008120-006,ж█▒jз°,87,46,41,632,359,273,164,70,94,"102Y12M"
10008,лnзы┐д,10008120,лH╕q╢m,10008120-007,├╣оRз°,313,141,172,1348,751,597,104,51,53,"102Y12M"
10008,лnзы┐д,10008120,лH╕q╢m,10008120-008,▒цм№з°,372,207,165,1456,791,665,125,51,74,"102Y12M"
10008,лnзы┐д,10008120,лH╕q╢m,10008120-009,жP┤Iз°,237,120,117,1273,715,558,265,128,137,"102Y12M"
10008,лnзы┐д,10008120,лH╕q╢m,10008120-010,плдьз°,115,73,42,555,327,228,114,66,48,"102Y12M"
10008,лnзы┐д,10008120,лH╕q╢m,10008120-011,кFоHз°,213,122,91,1013,525,488,82,38,44,"102Y12M"
10008,лnзы┐д,10008120,лH╕q╢m,10008120-012,┬∙└sз°,176,79,97,613,337,276,41,20,21,"102Y12M"
10008,лnзы┐д,10008120,лH╕q╢m,10008120-013,╖s╢mз°,147,82,65,567,304,263,27,11,16,"102Y12M"
10008,лnзы┐д,10008120,лH╕q╢m,10008120-014,┬╫еCз°,118,62,56,587,304,283,90,43,47,"102Y12M"
10008,лnзы┐д,10008130,дп╖R╢m,10008130-001,кkкvз°,267,143,124,738,405,333,59,31,28,"102Y12M"
10008,лnзы┐д,10008130,дп╖R╢m,10008130-002,дде┐з°,256,117,139,850,414,436,62,30,32,"102Y12M"
10008,лnзы┐д,10008130,дп╖R╢m,10008130-003,дмзUз°,245,127,118,958,516,442,129,55,74,"102Y12M"
10008,лnзы┐д,10008130,дп╖R╢m,10008130-004,╖sе═з°,45,24,21,353,184,169,51,20,31,"102Y12M"
10008,лnзы┐д,10008130,дп╖R╢m,10008130-005,дOжцз°,108,68,40,455,220,235,58,19,39,"102Y12M"
10008,лnзы┐д,10008130,дп╖R╢m,10008130-006,╡o▓╗з°,165,76,89,693,376,317,81,30,51,"102Y12M"
10008,лnзы┐д,10008130,дп╖R╢m,10008130-007,жXз@з°,169,93,76,549,280,269,71,25,46,"102Y12M"
10008,лnзы┐д,10008130,дп╖R╢m,10008130-008,┐╦╖Rз°,247,123,124,1036,559,477,124,47,77,"102Y12M"
10008,лnзы┐д,10008130,дп╖R╢m,10008130-009,дjжPз°,288,161,127,1441,734,707,248,105,143,"102Y12M"
10008,лnзы┐д,10008130,дп╖R╢m,10008130-010,лn┬╫з°,240,113,127,1124,601,523,172,85,87,"102Y12M"
10008,лnзы┐д,10008130,дп╖R╢m,10008130-011,мK╢зз°,249,124,125,901,466,435,105,46,59,"102Y12M"
10008,лnзы┐д,10008130,дп╖R╢m,10008130-012,║ын^з°,302,162,140,1269,679,590,132,62,70,"102Y12M"
10008,лnзы┐д,10008130,дп╖R╢m,10008130-013,╕U┬╫з°,165,88,77,587,320,267,49,22,27,"102Y12M"
10008,лnзы┐д,10008130,дп╖R╢m,10008130-014,║a┐│з°,1,0,1,51,31,20,24,19,5,"102Y12M"
10008,лnзы┐д,10008130,дп╖R╢m,10008130-015,╗A╡╪з°,115,54,61,427,228,199,80,52,28,"102Y12M"
10009,╢│кL┐д,10009010,дцд╗ел,10009010-001,й╛з╡и╜,256,148,108,1172,580,592,314,143,171,"102Y12M"
10009,╢│кL┐д,10009010,дцд╗ел,10009010-002,дп╖Rи╜,189,110,79,915,458,457,230,104,126,"102Y12M"
10009,╢│кL┐д,10009010,дцд╗ел,10009010-003,лH╕qи╜,94,51,43,561,283,278,157,64,93,"102Y12M"
10009,╢│кL┐д,10009010,дцд╗ел,10009010-004,е|║√и╜,86,43,43,528,279,249,148,74,74,"102Y12M"
10009,╢│кL┐д,10009010,дцд╗ел,10009010-005,д╙ени╜,137,74,63,669,340,329,164,64,100,"102Y12M"
10009,╢│кL┐д,10009010,дцд╗ел,10009010-006,ддйMи╜,148,77,71,689,353,336,199,94,105,"102Y12M"
10009,╢│кL┐д,10009010,дцд╗ел,10009010-007,е·┐│и╜,79,45,34,678,326,352,178,84,94,"102Y12M"
10009,╢│кL┐д,10009010,дцд╗ел,10009010-008,дTени╜,1121,580,541,4064,1940,2124,531,246,285,"102Y12M"
10009,╢│кL┐д,10009010,дцд╗ел,10009010-009,дK╝wи╜,607,346,261,3012,1508,1504,363,173,190,"102Y12M"
10009,╢│кL┐д,10009010,дцд╗ел,10009010-010,┬эе_и╜,616,341,275,2638,1289,1349,398,184,214,"102Y12M"
10009,╢│кL┐д,10009010,дцд╗ел,10009010-011,└s╝ци╜,376,197,179,1568,770,798,192,90,102,"102Y12M"
10009,╢│кL┐д,10009010,дцд╗ел,10009010-012,┬элnи╜,689,339,350,3159,1508,1651,561,257,304,"102Y12M"
10009,╢│кL┐д,10009010,дцд╗ел,10009010-013,кL└Yи╜,705,366,339,3641,1819,1822,659,411,248,"102Y12M"
10009,╢│кL┐д,10009010,дцд╗ел,10009010-014,нле·и╜,369,184,185,2103,1083,1020,340,158,182,"102Y12M"
10009,╢│кL┐д,10009010,дцд╗ел,10009010-015,╖╛╘┼и╜,91,52,39,539,271,268,104,57,47,"102Y12M"
10009,╢│кL┐д,10009010,дцд╗ел,10009010-016,ж┐нэи╜,445,217,228,1923,955,968,270,119,151,"102Y12M"
10009,╢│кL┐д,10009010,дцд╗ел,10009010-017,дTе·и╜,64,33,31,433,251,182,145,67,78,"102Y12M"
10009,╢│кL┐д,10009010,дцд╗ел,10009010-018,▒[Фви╜,383,191,192,2071,1010,1061,363,166,197,"102Y12M"
10009,╢│кL┐д,10009010,дцд╗ел,10009010-019,╣┼кFи╜,321,171,150,1219,596,623,138,58,80,"102Y12M"
10009,╢│кL┐д,10009010,дцд╗ел,10009010-020,д[жwи╜,341,195,146,2026,1054,972,394,187,207,"102Y12M"
10009,╢│кL┐д,10009010,дцд╗ел,10009010-021,к°ени╜,224,120,104,1450,766,684,315,147,168,"102Y12M"
10009,╢│кL┐д,10009010,дцд╗ел,10009010-022,лO╔▄и╜,848,451,397,4357,2182,2175,576,274,302,"102Y12M"
10009,╢│кL┐д,10009010,дцд╗ел,10009010-023,къ╖╦и╜,980,514,466,4775,2407,2368,608,281,327,"102Y12M"
10009,╢│кL┐д,10009010,дцд╗ел,10009010-024,▒ЎкLи╜,251,141,110,1494,806,688,355,178,177,"102Y12M"
10009,╢│кL┐д,10009010,дцд╗ел,10009010-025,┤Єдsи╜,138,83,55,1006,560,446,268,129,139,"102Y12M"
10009,╢│кL┐д,10009010,дцд╗ел,10009010-026,║hдди╜,793,387,406,3965,2002,1963,538,264,274,"102Y12M"
10009,╢│кL┐д,10009010,дцд╗ел,10009010-027,║hе_и╜,213,124,89,987,531,456,163,81,82,"102Y12M"
10009,╢│кL┐д,10009010,дцд╗ел,10009010-028,║hлnи╜,373,178,195,1624,814,810,169,88,81,"102Y12M"
10009,╢│кL┐д,10009010,дцд╗ел,10009010-029,╖╦мwи╜,506,276,230,2777,1439,1338,328,150,178,"102Y12M"
10009,╢│кL┐д,10009010,дцд╗ел,10009010-030,к°жwи╜,456,223,233,2548,1310,1238,343,162,181,"102Y12M"
10009,╢│кL┐д,10009010,дцд╗ел,10009010-031,дQдTи╜,161,82,79,976,510,466,225,106,119,"102Y12M"
10009,╢│кL┐д,10009010,дцд╗ел,10009010-032,┬экFи╜,981,518,463,4177,2047,2130,663,299,364,"102Y12M"
10009,╢│кL┐д,10009010,дцд╗ел,10009010-033,┬эжши╜,624,322,302,3292,1657,1635,470,214,256,"102Y12M"
10009,╢│кL┐д,10009010,дцд╗ел,10009010-034,д╜е┐и╜,584,299,285,2544,1159,1385,347,163,184,"102Y12M"
10009,╢│кL┐д,10009010,дцд╗ел,10009010-035,к└дfи╜,467,233,234,2058,1009,1049,380,161,219,"102Y12M"
10009,╢│кL┐д,10009010,дцд╗ел,10009010-036,д╜╕█и╜,518,288,230,1976,931,1045,274,128,146,"102Y12M"
10009,╢│кL┐д,10009010,дцд╗ел,10009010-037,й·╝wи╜,766,427,339,3009,1503,1506,321,154,167,"102Y12M"
10009,╢│кL┐д,10009010,дцд╗ел,10009010-038,жие\и╜,614,292,322,2285,1093,1192,298,139,159,"102Y12M"
10009,╢│кL┐д,10009020,дцлn┬э,10009020-001,кFдпи╜,230,131,99,1068,548,520,228,96,132,"102Y12M"
10009,╢│кL┐д,10009020,дцлn┬э,10009020-002,жшз┴и╜,938,492,446,4790,2337,2453,671,293,378,"102Y12M"
10009,╢│кL┐д,10009020,дцлn┬э,10009020-003,лnйўи╜,380,196,184,1920,933,987,388,175,213,"102Y12M"
10009,╢│кL┐д,10009020,дцлn┬э,10009020-004,е_╗╩и╜,256,124,132,1208,593,615,269,109,160,"102Y12M"
10009,╢│кL┐д,10009020,дцлn┬э,10009020-005,ддд╤и╜,178,98,80,938,485,453,275,123,152,"102Y12M"
10009,╢│кL┐д,10009020,дцлn┬э,10009020-006,┬┬к└и╜,483,267,216,2360,1184,1176,307,142,165,"102Y12M"
10009,╢│кL┐д,10009020,дцлn┬э,10009020-007,кLдlи╜,177,83,94,1151,595,556,224,102,122,"102Y12M"
10009,╢│кL┐д,10009020,дцлn┬э,10009020-008,е█└tи╜,103,56,47,669,365,304,177,77,100,"102Y12M"
10009,╢│кL┐д,10009020,дцлn┬э,10009020-009,╣t┐│и╜,91,48,43,744,443,301,217,101,116,"102Y12M"
10009,╢│кL┐д,10009020,дцлn┬э,10009020-010,╖sлnи╜,101,43,58,579,326,253,184,84,100,"102Y12M"
10009,╢│кL┐д,10009020,дцлn┬э,10009020-011,к№джи╜,161,81,80,907,502,405,302,131,171,"102Y12M"
10009,╢│кL┐д,10009020,дцлn┬э,10009020-012,▒Nнxи╜,266,153,113,1488,753,735,296,120,176,"102Y12M"
10009,╢│кL┐д,10009020,дцлn┬э,10009020-013,кFй·и╜,122,60,62,836,452,384,195,87,108,"102Y12M"
10009,╢│кL┐д,10009020,дцлn┬э,10009020-014,╖sе·и╜,474,255,219,2368,1252,1116,466,209,257,"102Y12M"
10009,╢│кL┐д,10009020,дцлn┬э,10009020-015,е╨└Yи╜,366,197,169,1931,1065,866,414,182,232,"102Y12M"
10009,╢│кL┐д,10009020,дцлn┬э,10009020-016,й·йўи╜,977,518,459,4763,2403,2360,716,318,398,"102Y12M"
10009,╢│кL┐д,10009020,дцлn┬э,10009020-017,дjкFи╜,94,47,47,771,426,345,192,101,91,"102Y12M"
10009,╢│кL┐д,10009020,дцлn┬э,10009020-018,░ё│┬и╜,76,36,40,673,356,317,201,86,115,"102Y12M"
10009,╢│кL┐д,10009020,дцлn┬э,10009020-019,жшзBи╜,98,48,50,739,406,333,221,105,116,"102Y12M"
10009,╢│кL┐д,10009020,дцлn┬э,10009020-020,╖s▒[и╜,200,104,96,1320,711,609,342,155,187,"102Y12M"
10009,╢│кL┐д,10009020,дцлn┬э,10009020-021,дpкFи╜,263,130,133,1353,718,635,309,139,170,"102Y12M"
10009,╢│кL┐д,10009020,дцлn┬э,10009020-022,е█╖╦и╜,107,55,52,751,432,319,209,88,121,"102Y12M"
10009,╢│кL┐д,10009030,къз└┬э,10009030-001,дддsи╜,192,89,103,795,399,396,248,116,132,"102Y12M"
10009,╢│кL┐д,10009030,къз└┬э,10009030-002,╖s┐│и╜,283,149,134,1493,777,716,347,161,186,"102Y12M"
10009,╢│кL┐д,10009030,къз└┬э,10009030-003,кFдпи╜,761,399,362,2251,1138,1113,465,204,261,"102Y12M"
10009,╢│кL┐д,10009030,къз└┬э,10009030-004,д╜жwи╜,725,398,327,2605,1264,1341,478,202,276,"102Y12M"
10009,╢│кL┐д,10009030,къз└┬э,10009030-005,╝w┐│и╜,533,274,259,2288,1111,1177,468,202,266,"102Y12M"
10009,╢│кL┐д,10009030,къз└┬э,10009030-006,жшжwи╜,628,335,293,2862,1372,1490,542,263,279,"102Y12M"
10009,╢│кL┐д,10009030,къз└┬э,10009030-007,жw╝yи╜,294,137,157,1205,630,575,300,115,185,"102Y12M"
10009,╢│кL┐д,10009030,къз└┬э,10009030-008,енйMи╜,1200,649,551,3586,1706,1880,281,120,161,"102Y12M"
10009,╢│кL┐д,10009030,къз└┬э,10009030-009,┐│лnи╜,500,256,244,1942,1002,940,257,123,134,"102Y12M"
10009,╢│кL┐д,10009030,къз└┬э,10009030-010,╖sжNи╜,960,486,474,3221,1586,1635,379,170,209,"102Y12M"
10009,╢│кL┐д,10009030,къз└┬э,10009030-011,┐oдtи╜,339,180,159,1690,882,808,322,145,177,"102Y12M"
10009,╢│кL┐д,10009030,къз└┬э,10009030-012,й╡ени╜,198,115,83,908,487,421,161,76,85,"102Y12M"
10009,╢│кL┐д,10009030,къз└┬э,10009030-013,дTжXи╜,214,126,88,1011,552,459,235,98,137,"102Y12M"
10009,╢│кL┐д,10009030,къз└┬э,10009030-014,е_╖╦и╜,110,63,47,689,363,326,157,66,91,"102Y12M"
10009,╢│кL┐д,10009030,къз└┬э,10009030-015,╛┴жaи╜,139,74,65,832,480,352,202,93,109,"102Y12M"
10009,╢│кL┐д,10009030,къз└┬э,10009030-016,жшд┘и╜,251,131,120,1295,712,583,319,136,183,"102Y12M"
10009,╢│кL┐д,10009030,къз└┬э,10009030-017,к┌пєи╜,173,92,81,726,422,304,184,87,97,"102Y12M"
10009,╢│кL┐д,10009030,къз└┬э,10009030-018,╤Mд║и╜,404,212,192,2342,1221,1121,418,208,210,"102Y12M"
10009,╢│кL┐д,10009030,къз└┬э,10009030-019,╘│└Yи╜,114,54,60,682,364,318,167,71,96,"102Y12M"
10009,╢│кL┐д,10009030,къз└┬э,10009030-020,жw╖╦и╜,254,121,133,1577,827,750,309,140,169,"102Y12M"
10009,╢│кL┐д,10009030,къз└┬э,10009030-021,┐│дди╜,223,122,101,1409,742,667,296,130,166,"102Y12M"
10009,╢│кL┐д,10009030,къз└┬э,10009030-022,╖Gи╧и╜,562,304,258,2770,1448,1322,479,224,255,"102Y12M"
10009,╢│кL┐д,10009030,къз└┬э,10009030-023,┤fи╙и╜,343,174,169,2074,1103,971,430,205,225,"102Y12M"
10009,╢│кL┐д,10009030,къз└┬э,10009030-024,│╗╖╦и╜,409,223,186,2269,1231,1038,450,194,256,"102Y12M"
10009,╢│кL┐д,10009030,къз└┬э,10009030-025,дд╖╦и╜,230,126,104,1151,630,521,249,111,138,"102Y12M"
10009,╢│кL┐д,10009030,къз└┬э,10009030-026,дU╖╦и╜,241,127,114,1296,712,584,271,126,145,"102Y12M"
10009,╢│кL┐д,10009030,къз└┬э,10009030-027,л╪░ъи╜,69,35,34,458,262,196,62,25,37,"102Y12M"
10009,╢│кL┐д,10009030,къз└┬э,10009030-028,е▀дпи╜,745,402,343,3433,1671,1762,566,232,334,"102Y12M"
10009,╢│кL┐д,10009030,къз└┬э,10009030-029,кFд┘и╜,196,98,98,1046,583,463,248,121,127,"102Y12M"
10009,╢│кL┐д,10009040,жш┴│┬э,10009040-001,о╢┐│и╜,310,151,159,1386,745,641,325,148,177,"102Y12M"
10009,╢│кL┐д,10009040,жш┴│┬э,10009040-002,дj╢щи╜,394,187,207,1545,792,753,257,117,140,"102Y12M"
10009,╢│кL┐д,10009040,жш┴│┬э,10009040-003,╝s║╓и╜,470,232,238,1800,867,933,284,131,153,"102Y12M"
10009,╢│кL┐д,10009040,жш┴│┬э,10009040-004,е┐┐│и╜,601,305,296,2637,1336,1301,522,248,274,"102Y12M"
10009,╢│кL┐д,10009040,жш┴│┬э,10009040-005,е├жwи╜,58,33,25,314,164,150,87,43,44,"102Y12M"
10009,╢│кL┐д,10009040,жш┴│┬э,10009040-006,ддйMи╜,91,49,42,500,250,250,145,60,85,"102Y12M"
10009,╢│кL┐д,10009040,жш┴│┬э,10009040-007,║╓┐│и╜,107,51,56,473,242,231,134,62,72,"102Y12M"
10009,╢│кL┐д,10009040,жш┴│┬э,10009040-008,е·╡╪и╜,254,118,136,942,442,500,200,98,102,"102Y12M"
10009,╢│кL┐д,10009040,жш┴│┬э,10009040-009,дд┐│и╜,609,300,309,2373,1179,1194,381,184,197,"102Y12M"
10009,╢│кL┐д,10009040,жш┴│┬э,10009040-010,║~е·и╜,926,452,474,3771,1875,1896,551,240,311,"102Y12M"
10009,╢│кL┐д,10009040,жш┴│┬э,10009040-011,╖sжwи╜,258,130,128,1174,635,539,251,112,139,"102Y12M"
10009,╢│кL┐д,10009040,жш┴│┬э,10009040-012,╖s┬╫и╜,308,161,147,1330,724,606,297,134,163,"102Y12M"
10009,╢│кL┐д,10009040,жш┴│┬э,10009040-013,╢@жwи╜,120,52,68,834,433,401,200,97,103,"102Y12M"
10009,╢│кL┐д,10009040,жш┴│┬э,10009040-014,кeлnи╜,181,94,87,858,457,401,187,84,103,"102Y12M"
10009,╢│кL┐д,10009040,жш┴│┬э,10009040-015,жwйwи╜,370,172,198,1522,846,676,363,159,204,"102Y12M"
10009,╢│кL┐д,10009040,жш┴│┬э,10009040-016,║╓е╨и╜,284,150,134,1299,699,600,298,139,159,"102Y12M"
10009,╢│кL┐д,10009040,жш┴│┬э,10009040-017,дj╖sи╜,350,171,179,1364,745,619,428,208,220,"102Y12M"
10009,╢│кL┐д,10009040,жш┴│┬э,10009040-018,░ё└Yи╜,141,76,65,707,378,329,214,94,120,"102Y12M"
10009,╢│кL┐д,10009040,жш┴│┬э,10009040-019,кF┐│и╜,155,73,82,785,445,340,286,127,159,"102Y12M"
10009,╢│кL┐д,10009040,жш┴│┬э,10009040-020,╝s┐│и╜,164,84,80,671,360,311,220,103,117,"102Y12M"
10009,╢│кL┐д,10009040,жш┴│┬э,10009040-021,│└│їи╜,225,105,120,1272,691,581,318,138,180,"102Y12M"
10009,╢│кL┐д,10009040,жш┴│┬э,10009040-022,│╗┘їи╜,173,80,93,805,432,373,234,113,121,"102Y12M"
10009,╢│кL┐д,10009040,жш┴│┬э,10009040-023,дU┘їи╜,153,81,72,704,384,320,151,71,80,"102Y12M"
10009,╢│кL┐д,10009040,жш┴│┬э,10009040-024,дE╢йи╜,161,79,82,629,355,274,160,70,90,"102Y12M"
10009,╢│кL┐д,10009040,жш┴│┬э,10009040-025,зdнэи╜,220,100,120,1109,590,519,290,139,151,"102Y12M"
10009,╢│кL┐д,10009040,жш┴│┬э,10009040-026,дCоyи╜,151,70,81,732,400,332,222,106,116,"102Y12M"
10009,╢│кL┐д,10009040,жш┴│┬э,10009040-027,д╜БFи╜,239,125,114,1154,633,521,314,150,164,"102Y12M"
10009,╢│кL┐д,10009050,дgоw┬э,10009050-001,й╛е┐и╜,138,66,72,669,362,307,224,106,118,"102Y12M"
10009,╢│кL┐д,10009050,дgоw┬э,10009050-002,╢╢д╤и╜,195,117,78,762,413,349,213,96,117,"102Y12M"
10009,╢│кL┐д,10009050,дgоw┬э,10009050-003,оcе_и╜,248,124,124,1196,608,588,280,115,165,"102Y12M"
10009,╢│кL┐д,10009050,дgоw┬э,10009050-004,╢V┤фи╜,190,111,79,871,466,405,161,80,81,"102Y12M"
10009,╢│кL┐д,10009050,дgоw┬э,10009050-005,╖╦├фи╜,162,93,69,924,489,435,271,127,144,"102Y12M"
10009,╢│кL┐д,10009050,дgоw┬э,10009050-006,┐│╖sи╜,254,126,128,1187,654,533,265,121,144,"102Y12M"
10009,╢│кL┐д,10009050,дgоw┬э,10009050-007,╛─░_и╜,170,84,86,1095,638,457,341,155,186,"102Y12M"
10009,╢│кL┐д,10009050,дgоw┬э,10009050-008,░ё╕}и╜,146,75,71,1008,587,421,392,167,225,"102Y12M"
10009,╢│кL┐д,10009050,дgоw┬э,10009050-009,дj╙yи╜,161,83,78,712,382,330,197,83,114,"102Y12M"
10009,╢│кL┐д,10009050,дgоw┬э,10009050-010,е█╝qи╜,624,314,310,2220,1124,1096,269,119,150,"102Y12M"
10009,╢│кL┐д,10009050,дgоw┬э,10009050-011,кFени╜,306,171,135,1571,818,753,404,186,218,"102Y12M"
10009,╢│кL┐д,10009050,дgоw┬э,10009050-012,лnени╜,285,148,137,1521,817,704,387,181,206,"102Y12M"
10009,╢│кL┐д,10009050,дgоw┬э,10009050-013,е_ени╜,140,70,70,804,448,356,208,84,124,"102Y12M"
10009,╢│кL┐д,10009050,дgоw┬э,10009050-014,жшени╜,269,138,131,1525,838,687,373,165,208,"102Y12M"
10009,╢│кL┐д,10009050,дgоw┬э,10009050-015,лсоHи╜,409,227,182,1977,1101,876,477,213,264,"102Y12M"
10009,╢│кL┐д,10009050,дgоw┬э,10009050-016,▒[д║и╜,255,126,129,1247,707,540,311,130,181,"102Y12M"
10009,╢│кL┐д,10009050,дgоw┬э,10009050-017,╖s╔▄и╜,221,126,95,1230,674,556,332,141,191,"102Y12M"
10009,╢│кL┐д,10009060,е_┤ф┬э,10009060-001,кF╢зи╜,116,67,49,619,336,283,180,88,92,"102Y12M"
10009,╢│кL┐д,10009060,е_┤ф┬э,10009060-002,е·е┴и╜,123,62,61,550,292,258,171,74,97,"102Y12M"
10009,╢│кL┐д,10009060,е_┤ф┬э,10009060-003,кF╡╪и╜,55,32,23,376,209,167,114,49,65,"102Y12M"
10009,╢│кL┐д,10009060,е_┤ф┬э,10009060-004,лnжwи╜,185,97,88,753,414,339,207,97,110,"102Y12M"
10009,╢│кL┐д,10009060,е_┤ф┬э,10009060-005,ддйMи╜,56,22,34,274,153,121,104,52,52,"102Y12M"
10009,╢│кL┐д,10009060,е_┤ф┬э,10009060-006,╕qе┴и╜,64,37,27,356,192,164,100,37,63,"102Y12M"
10009,╢│кL┐д,10009060,е_┤ф┬э,10009060-007,ж@║aи╜,64,36,28,316,177,139,91,42,49,"102Y12M"
10009,╢│кL┐д,10009060,е_┤ф┬э,10009060-008,жш╢╒и╜,199,109,90,858,432,426,161,64,97,"102Y12M"
10009,╢│кL┐д,10009060,е_┤ф┬э,10009060-009,дпйMи╜,44,27,17,409,217,192,152,78,74,"102Y12M"
10009,╢│кL┐д,10009060,е_┤ф┬э,10009060-010,╜ч║╓и╜,65,36,29,284,155,129,92,48,44,"102Y12M"
10009,╢│кL┐д,10009060,е_┤ф┬э,10009060-011,д╜БFи╜,87,40,47,488,257,231,150,83,67,"102Y12M"
10009,╢│кL┐д,10009060,е_┤ф┬э,10009060-012,дjжPи╜,198,114,84,1063,546,517,273,127,146,"102Y12M"
10009,╢│кL┐д,10009060,е_┤ф┬э,10009060-013,дпжwи╜,64,44,20,375,197,178,94,41,53,"102Y12M"
10009,╢│кL┐д,10009060,е_┤ф┬э,10009060-014,╡╪│╙и╜,921,489,432,4358,2276,2082,948,433,515,"102Y12M"
10009,╢│кL┐д,10009060,е_┤ф┬э,10009060-015,е·┤_и╜,341,182,159,1498,738,760,254,98,156,"102Y12M"
10009,╢│кL┐д,10009060,е_┤ф┬э,10009060-016,╖s╡єи╜,1103,560,543,5534,2784,2750,772,338,434,"102Y12M"
10009,╢│кL┐д,10009060,е_┤ф┬э,10009060-017,╝Bнэи╜,168,82,86,1037,556,481,211,87,124,"102Y12M"
10009,╢│кL┐д,10009060,е_┤ф┬э,10009060-018,й▓╡fи╜,122,62,60,714,390,324,171,75,96,"102Y12M"
10009,╢│кL┐д,10009060,е_┤ф┬э,10009060-019,пє┤Єи╜,224,108,116,1167,656,511,295,124,171,"102Y12M"
10009,╢│кL┐д,10009060,е_┤ф┬э,10009060-020,╖╛иmи╜,178,103,75,900,532,368,301,133,168,"102Y12M"
10009,╢│кL┐д,10009060,е_┤ф┬э,10009060-021,лс╖╛и╜,160,88,72,828,481,347,211,101,110,"102Y12M"
10009,╢│кL┐д,10009060,е_┤ф┬э,10009060-022,╡f╖╛и╜,89,46,43,690,420,270,273,116,157,"102Y12M"
10009,╢│кL┐д,10009060,е_┤ф┬э,10009060-023,дjе_и╜,74,37,37,457,287,170,157,58,99,"102Y12M"
10009,╢│кL┐д,10009060,е_┤ф┬э,10009060-024,жnжми╜,223,125,98,1399,792,607,377,174,203,"102Y12M"
10009,╢│кL┐д,10009060,е_┤ф┬э,10009060-025,╛Ё╕}и╜,521,271,250,2571,1382,1189,575,258,317,"102Y12M"
10009,╢│кL┐д,10009060,е_┤ф┬э,10009060-026,з▀┤┬и╜,135,69,66,800,465,335,239,96,143,"102Y12M"
10009,╢│кL┐д,10009060,е_┤ф┬э,10009060-027,дЇоHи╜,52,30,22,393,243,150,132,59,73,"102Y12M"
10009,╢│кL┐д,10009060,е_┤ф┬э,10009060-028,╖sнэи╜,59,26,33,327,176,151,97,51,46,"102Y12M"
10009,╢│кL┐д,10009070,еjз|╢m,10009070-001,дЇ╕Pз°,168,78,90,998,547,451,328,162,166,"102Y12M"
10009,╢│кL┐д,10009070,еjз|╢m,10009070-002,е╨д▀з°,153,74,79,930,483,447,201,92,109,"102Y12M"
10009,╢│кL┐д,10009070,еjз|╢m,10009070-003,░ккLз°,149,78,71,967,524,443,260,126,134,"102Y12M"
10009,╢│кL┐д,10009070,еjз|╢m,10009070-004,▓№нcз°,249,129,120,1250,691,559,324,151,173,"102Y12M"
10009,╢│кL┐д,10009070,еjз|╢m,10009070-005,кFйMз°,546,271,275,2664,1419,1245,567,263,304,"102Y12M"
10009,╢│кL┐д,10009070,еjз|╢m,10009070-006,╖s╔▄з°,192,92,100,1288,744,544,338,164,174,"102Y12M"
10009,╢│кL┐д,10009070,еjз|╢m,10009070-007,┤╤╜Lз°,294,148,146,1797,967,830,431,208,223,"102Y12M"
10009,╢│кL┐д,10009070,еjз|╢m,10009070-008,╡╪дsз°,80,48,32,571,326,245,202,92,110,"102Y12M"
10009,╢│кL┐д,10009070,еjз|╢m,10009070-009,╡╪лnз°,26,14,12,233,142,91,83,43,40,"102Y12M"
10009,╢│кL┐д,10009070,еjз|╢m,10009070-010,е├е·з°,274,139,135,1693,876,817,444,216,228,"102Y12M"
10009,╢│кL┐д,10009070,еjз|╢m,10009070-011,о█кLз°,132,69,63,946,525,421,280,130,150,"102Y12M"
10009,╢│кL┐д,10009070,еjз|╢m,10009070-012,оr╕}з°,171,98,73,1049,550,499,293,131,162,"102Y12M"
10009,╢│кL┐д,10009070,еjз|╢m,10009070-013,╝╠┤Єз°,38,19,19,368,228,140,143,71,72,"102Y12M"
10009,╢│кL┐д,10009070,еjз|╢m,10009070-014,пє└нз°,48,24,24,474,292,182,153,74,79,"102Y12M"
10009,╢│кL┐д,10009070,еjз|╢m,10009070-015,е├йўз°,298,153,145,1761,985,776,414,188,226,"102Y12M"
10009,╢│кL┐д,10009070,еjз|╢m,10009070-016,│┬╢щз°,136,78,58,603,331,272,162,73,89,"102Y12M"
10009,╢│кL┐д,10009070,еjз|╢m,10009070-017,еjз|з°,324,158,166,1865,1005,860,490,242,248,"102Y12M"
10009,╢│кL┐д,10009070,еjз|╢m,10009070-018,┤┬╢зз°,270,135,135,1764,918,846,450,210,240,"102Y12M"
10009,╢│кL┐д,10009070,еjз|╢m,10009070-019,жшенз°,193,92,101,1181,637,544,331,155,176,"102Y12M"
10009,╢│кL┐д,10009070,еjз|╢m,10009070-020,┘їеJз°,103,54,49,544,311,233,181,89,92,"102Y12M"
10009,╢│кL┐д,10009080,дj░ё╢m,10009080-001,е_йMз°,109,50,59,629,365,264,195,93,102,"102Y12M"
10009,╢│кL┐д,10009080,дj░ё╢m,10009080-002,лnйMз°,380,206,174,1832,964,868,394,177,217,"102Y12M"
10009,╢│кL┐д,10009080,дj░ё╢m,10009080-003,дj╝wз°,167,92,75,841,497,344,248,127,121,"102Y12M"
10009,╢│кL┐д,10009080,дj░ё╢m,10009080-004,кQж╦з°,143,80,63,740,414,326,275,138,137,"102Y12M"
10009,╢│кL┐д,10009080,дj░ё╢m,10009080-005,й|╕qз°,254,124,130,1577,842,735,381,174,207,"102Y12M"
10009,╢│кL┐д,10009080,дj░ё╢m,10009080-006,╣┼┐│з°,258,135,123,1511,833,678,375,170,205,"102Y12M"
10009,╢│кL┐д,10009080,дj░ё╢m,10009080-007,┬╫е╨з°,306,152,154,1476,780,696,173,77,96,"102Y12M"
10009,╢│кL┐д,10009080,дj░ё╢m,10009080-008,дT╡▓з°,143,73,70,1045,606,439,260,119,141,"102Y12M"
10009,╢│кL┐д,10009080,дj░ё╢m,10009080-009,жNе╨з°,84,46,38,636,362,274,189,88,101,"102Y12M"
10009,╢│кL┐д,10009080,дj░ё╢m,10009080-010,┬╫йгз°,85,52,33,488,293,195,180,80,100,"102Y12M"
10009,╢│кL┐д,10009080,дj░ё╢m,10009080-011,┴pм№з°,152,82,70,1002,572,430,230,111,119,"102Y12M"
10009,╢│кL┐д,10009080,дj░ё╢m,10009080-012,й╔╡Mз°,125,68,57,602,338,264,198,94,104,"102Y12M"
10009,╢│кL┐д,10009080,дj░ё╢m,10009080-013,е_┬эз°,104,52,52,574,321,253,167,86,81,"102Y12M"
10009,╢│кL┐д,10009080,дj░ё╢m,10009080-014,┐│жwз°,111,45,66,582,344,238,181,72,109,"102Y12M"
10009,╢│кL┐д,10009080,дj░ё╢m,10009080-015,жш┬эз°,87,46,41,547,338,209,254,124,130,"102Y12M"
10009,╢│кL┐д,10009090,█lоф╢m,10009090-001,█lофз°,746,422,324,3495,1801,1694,645,302,343,"102Y12M"
10009,╢│кL┐д,10009090,█lоф╢m,10009090-002,е╠нэз°,139,82,57,752,403,349,204,93,111,"102Y12M"
10009,╢│кL┐д,10009090,█lоф╢m,10009090-003,е╠жшз°,211,116,95,1352,728,624,363,175,188,"102Y12M"
10009,╢│кL┐д,10009090,█lоф╢m,10009090-004,┐│офз°,122,69,53,994,551,443,337,154,183,"102Y12M"
10009,╢│кL┐д,10009090,█lоф╢m,10009090-005,╕qйMз°,163,89,74,941,511,430,248,117,131,"102Y12M"
10009,╢│кL┐д,10009090,█lоф╢m,10009090-006,оHдlз°,304,170,134,1637,867,770,348,161,187,"102Y12M"
10009,╢│кL┐д,10009090,█lоф╢m,10009090-007,дjм№з°,516,254,262,2663,1386,1277,401,177,224,"102Y12M"
10009,╢│кL┐д,10009090,█lоф╢m,10009090-008,оHз└з°,176,85,91,1129,613,516,241,110,131,"102Y12M"
10009,╢│кL┐д,10009090,█lоф╢m,10009090-009,─╟енз°,169,90,79,1072,584,488,210,95,115,"102Y12M"
10009,╢│кL┐д,10009090,█lоф╢m,10009090-010,┐│╢Qз°,331,199,132,1747,934,813,322,156,166,"102Y12M"
10009,╢│кL┐д,10009090,█lоф╢m,10009090-011,е|жXз°,300,165,135,1561,814,747,307,147,160,"102Y12M"
10009,╢│кL┐д,10009090,█lоф╢m,10009090-012,│┬╢щз°,242,138,104,1290,704,586,317,135,182,"102Y12M"
10009,╢│кL┐д,10009090,█lоф╢m,10009090-013,дн╡╪з°,216,118,98,1186,659,527,241,112,129,"102Y12M"
10009,╢│кL┐д,10009090,█lоф╢m,10009090-014,д╗жXз°,270,147,123,1602,877,725,315,149,166,"102Y12M"
10009,╢│кL┐д,10009100,кLд║╢m,10009100-001,кLлnз°,192,98,94,909,479,430,199,96,103,"102Y12M"
10009,╢│кL┐д,10009100,кLд║╢m,10009100-002,кLддз°,629,336,293,3175,1644,1531,634,285,349,"102Y12M"
10009,╢│кL┐д,10009100,кLд║╢m,10009100-003,кLе_з°,341,172,169,1921,1021,900,427,207,220,"102Y12M"
10009,╢│кL┐д,10009100,кLд║╢m,10009100-004,йW│╗з°,67,33,34,458,265,193,143,62,81,"102Y12M"
10009,╢│кL┐д,10009100,кLд║╢m,10009100-005,кLнZз°,145,77,68,704,401,303,197,91,106,"102Y12M"
10009,╢│кL┐д,10009100,кLд║╢m,10009100-006,дE╦|з°,433,237,196,2350,1243,1107,454,222,232,"102Y12M"
10009,╢│кL┐д,10009100,кLд║╢m,10009100-007,┤Єе╗з°,76,45,31,598,323,275,130,57,73,"102Y12M"
10009,╢│кL┐д,10009100,кLд║╢m,10009100-008,пQ╢юз°,158,79,79,1027,560,467,228,106,122,"102Y12M"
10009,╢│кL┐д,10009100,кLд║╢m,10009100-009,пQ│┬з°,153,82,71,904,487,417,257,122,135,"102Y12M"
10009,╢│кL┐д,10009100,кLд║╢m,10009100-010,нл┐│з°,298,155,143,1579,848,731,331,138,193,"102Y12M"
10009,╢│кL┐д,10009110,дG▒[╢m,10009110-001,▒[кFз°,233,122,111,1223,662,561,302,134,168,"102Y12M"
10009,╢│кL┐д,10009110,дG▒[╢m,10009110-002,▒[жшз°,324,162,162,1441,774,667,354,168,186,"102Y12M"
10009,╢│кL┐д,10009110,дG▒[╢m,10009110-003,и╙┤fз°,221,123,98,1341,784,557,414,193,221,"102Y12M"
10009,╢│кL┐д,10009110,дG▒[╢m,10009110-004,дTйMз°,176,95,81,1217,698,519,430,200,230,"102Y12M"
10009,╢│кL┐д,10009110,дG▒[╢m,10009110-005,┘їеJз°,155,83,72,923,532,391,323,149,174,"102Y12M"
10009,╢│кL┐д,10009110,дG▒[╢m,10009110-006,е╨з└з°,293,157,136,1540,868,672,449,216,233,"102Y12M"
10009,╢│кL┐д,10009110,дG▒[╢m,10009110-007,йwжwз°,117,68,49,732,395,337,242,122,120,"102Y12M"
10009,╢│кL┐д,10009110,дG▒[╢m,10009110-008,дj╡╪з°,161,88,73,739,402,337,206,95,111,"102Y12M"
10009,╢│кL┐д,10009110,дG▒[╢m,10009110-009,╕q╔▄з°,161,75,86,623,320,303,188,90,98,"102Y12M"
10009,╢│кL┐д,10009110,дG▒[╢m,10009110-010,╖и╜хз°,281,158,123,1290,716,574,343,169,174,"102Y12M"
10009,╢│кL┐д,10009110,дG▒[╢m,10009110-011,┤флсз°,281,134,147,1544,884,660,456,197,259,"102Y12M"
10009,╢│кL┐д,10009110,дG▒[╢m,10009110-012,дj╕qз°,129,68,61,697,378,319,256,116,140,"102Y12M"
10009,╢│кL┐д,10009110,дG▒[╢m,10009110-013,кoиоз°,250,126,124,1519,817,702,381,164,217,"102Y12M"
10009,╢│кL┐д,10009110,дG▒[╢m,10009110-014,дj╔▄з°,199,105,94,1094,605,489,323,137,186,"102Y12M"
10009,╢│кL┐д,10009110,дG▒[╢m,10009110-015,╔▄жшз°,126,64,62,802,487,315,224,95,129,"102Y12M"
10009,╢│кL┐д,10009110,дG▒[╢m,10009110-016,дjжPз°,137,74,63,691,383,308,201,88,113,"102Y12M"
10009,╢│кL┐д,10009110,дG▒[╢m,10009110-017,┤_┐│з°,122,71,51,862,480,382,243,110,133,"102Y12M"
10009,╢│кL┐д,10009110,дG▒[╢m,10009110-018,е├йwз°,215,124,91,1218,648,570,300,147,153,"102Y12M"
10009,╢│кL┐д,10009120,▒[нI╢m,10009120-001,кFй·з°,168,96,72,1050,543,507,258,117,141,"102Y12M"
10009,╢│кL┐д,10009120,▒[нI╢m,10009120-002,жш║aз°,253,125,128,1274,668,606,275,122,153,"102Y12M"
10009,╢│кL┐д,10009120,▒[нI╢m,10009120-003,лn╢зз°,402,234,168,2009,1051,958,436,197,239,"102Y12M"
10009,╢│кL┐д,10009120,▒[нI╢m,10009120-004,▒[лeз°,322,177,145,1756,958,798,398,171,227,"102Y12M"
10009,╢│кL┐д,10009120,▒[нI╢m,10009120-005,├╣нэз°,363,192,171,1761,952,809,398,170,228,"102Y12M"
10009,╢│кL┐д,10009120,▒[нI╢m,10009120-006,┤фз└з°,227,116,111,1118,612,506,321,141,180,"102Y12M"
10009,╢│кL┐д,10009120,▒[нI╢m,10009120-007,к№─Uз°,375,215,160,1766,993,773,412,172,240,"102Y12M"
10009,╢│кL┐д,10009120,▒[нI╢m,10009120-008,дн╗эз°,159,84,75,683,380,303,188,85,103,"102Y12M"
10009,╢│кL┐д,10009120,▒[нI╢m,10009120-009,дjж│з°,217,109,108,1274,764,510,376,164,212,"102Y12M"
10009,╢│кL┐д,10009120,▒[нI╢m,10009120-010,┬╫║aз°,276,151,125,1540,884,656,419,166,253,"102Y12M"
10009,╢│кL┐д,10009120,▒[нI╢m,10009120-011,пє┤Єз°,235,127,108,1306,711,595,289,135,154,"102Y12M"
10009,╢│кL┐д,10009120,▒[нI╢m,10009120-012,┬┬╔▄з°,178,94,84,1033,563,470,257,107,150,"102Y12M"
10009,╢│кL┐д,10009120,▒[нI╢m,10009120-013,дЇз└з°,157,78,79,1028,569,459,302,143,159,"102Y12M"
10009,╢│кL┐д,10009120,▒[нI╢m,10009120-014,кDлnз°,109,59,50,673,372,301,200,85,115,"102Y12M"
10009,╢│кL┐д,10009130,│┴╝d╢m,10009130-001,│┴мzз°,1106,533,573,3425,1708,1717,515,227,288,"102Y12M"
10009,╢│кL┐д,10009130,│┴╝d╢m,10009130-002,│┴┬╫з°,1883,981,902,5576,2707,2869,647,269,378,"102Y12M"
10009,╢│кL┐д,10009130,│┴╝d╢m,10009130-003,е╦б╜з°,357,205,152,1428,769,659,306,132,174,"102Y12M"
10009,╢│кL┐д,10009130,│┴╝d╢m,10009130-004,┐│╡╪з°,364,176,188,2008,1089,919,407,168,239,"102Y12M"
10009,╢│кL┐д,10009130,│┴╝d╢m,10009130-005,▒[лсз°,416,222,194,2012,1110,902,353,136,217,"102Y12M"
10009,╢│кL┐д,10009130,│┴╝d╢m,10009130-006,лсжwз°,566,285,281,2526,1309,1217,315,142,173,"102Y12M"
10009,╢│кL┐д,10009130,│┴╝d╢m,10009130-007,о№┬╫з°,376,199,177,1802,929,873,280,114,166,"102Y12M"
10009,╢│кL┐д,10009130,│┴╝d╢m,10009130-008,дT▓▒з°,621,322,299,2842,1472,1370,380,163,217,"102Y12M"
10009,╢│кL┐д,10009130,│┴╝d╢m,10009130-009,╛Ї└Yз°,848,463,385,3246,1688,1558,465,205,260,"102Y12M"
10009,╢│кL┐д,10009130,│┴╝d╢m,10009130-010,╖sжNз°,213,112,101,897,511,386,133,55,78,"102Y12M"
10009,╢│кL┐д,10009130,│┴╝d╢m,10009130-011,мIнэз°,696,342,354,2761,1473,1288,396,189,207,"102Y12M"
10009,╢│кL┐д,10009130,│┴╝d╢m,10009130-012,╣pнэз°,401,203,198,1720,915,805,239,100,139,"102Y12M"
10009,╢│кL┐д,10009140,кF╢╒╢m,10009140-001,кFлnз°,216,108,108,1260,650,610,294,133,161,"102Y12M"
10009,╢│кL┐д,10009140,кF╢╒╢m,10009140-002,кFе_з°,180,99,81,1046,555,491,259,107,152,"102Y12M"
10009,╢│кL┐д,10009140,кF╢╒╢m,10009140-003,╣┼╢йз°,224,110,114,1342,797,545,370,159,211,"102Y12M"
10009,╢│кL┐д,10009140,кF╢╒╢m,10009140-004,┤_┐│з°,46,28,18,445,257,188,116,47,69,"102Y12M"
10009,╢│кL┐д,10009140,кF╢╒╢m,10009140-005,дым▄з°,116,66,50,942,566,376,331,142,189,"102Y12M"
10009,╢│кL┐д,10009140,кF╢╒╢m,10009140-006,╡{о№з°,74,44,30,427,255,172,135,55,80,"102Y12M"
10009,╢│кL┐д,10009140,кF╢╒╢m,10009140-007,└s╝цз°,101,57,44,683,423,260,226,99,127,"102Y12M"
10009,╢│кL┐д,10009140,кF╢╒╢m,10009140-008,жwлnз°,111,71,40,739,438,301,223,100,123,"102Y12M"
10009,╢│кL┐д,10009140,кF╢╒╢m,10009140-009,йўлnз°,113,66,47,770,457,313,185,77,108,"102Y12M"
10009,╢│кL┐д,10009140,кF╢╒╢m,10009140-010,жPжwз°,234,119,115,1684,994,690,441,189,252,"102Y12M"
10009,╢│кL┐д,10009140,кF╢╒╢m,10009140-011,╖sй[з°,117,58,59,962,575,387,203,87,116,"102Y12M"
10009,╢│кL┐д,10009140,кF╢╒╢m,10009140-012,е|м№з°,81,48,33,856,513,343,258,108,150,"102Y12M"
10009,╢│кL┐д,10009150,╜╟й╛╢m,10009150-001,дде┴з°,307,169,138,1675,916,759,376,175,201,"102Y12M"
10009,╢│кL┐д,10009150,╜╟й╛╢m,10009150-002,оHл╕з°,257,128,129,1248,680,568,299,132,167,"102Y12M"
10009,╢│кL┐д,10009150,╜╟й╛╢m,10009150-003,дд│╙з°,219,121,98,1290,685,605,295,141,154,"102Y12M"
10009,╢│кL┐д,10009150,╜╟й╛╢m,10009150-004,╖s┤Єз°,132,68,64,1005,594,411,273,121,152,"102Y12M"
10009,╢│кL┐д,10009150,╜╟й╛╢m,10009150-005,░и╗яз°,233,121,112,1309,717,592,286,122,164,"102Y12M"
10009,╢│кL┐д,10009150,╜╟й╛╢m,10009150-006,ж│д~з°,135,65,70,762,437,325,199,84,115,"102Y12M"
10009,╢│кL┐д,10009150,╜╟й╛╢m,10009150-007,е╨мvз°,112,69,43,659,376,283,169,66,103,"102Y12M"
10009,╢│кL┐д,10009150,╜╟й╛╢m,10009150-008,└sйез°,132,75,57,1019,581,438,286,127,159,"102Y12M"
10009,╢│кL┐д,10009150,╜╟й╛╢m,10009150-009,╝щнэз°,72,45,27,750,442,308,207,88,119,"102Y12M"
10009,╢│кL┐д,10009160,╗Oжш╢m,10009160-001,еxжшз°,175,98,77,1023,533,490,268,113,155,"102Y12M"
10009,╢│кL┐д,10009160,╗Oжш╢m,10009160-002,о№е_з°,160,93,67,878,474,404,232,110,122,"102Y12M"
10009,╢│кL┐д,10009160,╗Oжш╢m,10009160-003,о№лnз°,152,79,73,962,508,454,185,79,106,"102Y12M"
10009,╢│кL┐д,10009160,╗Oжш╢m,10009160-004,о№дfз°,261,132,129,1697,924,773,344,134,210,"102Y12M"
10009,╢│кL┐д,10009160,╗Oжш╢m,10009160-005,╖╦│╗з°,222,119,103,1208,717,491,360,173,187,"102Y12M"
10009,╢│кL┐д,10009160,╗Oжш╢m,10009160-006,д√нэз°,226,116,110,1524,913,611,458,208,250,"102Y12M"
10009,╢│кL┐д,10009160,╗Oжш╢m,10009160-007,мuж{з°,65,32,33,504,301,203,130,57,73,"102Y12M"
10009,╢│кL┐д,10009160,╗Oжш╢m,10009160-008,е·╡╪з°,67,32,35,606,335,271,144,72,72,"102Y12M"
10009,╢│кL┐д,10009160,╗Oжш╢m,10009160-009,дн╖}з°,45,28,17,371,225,146,103,45,58,"102Y12M"
10009,╢│кL┐д,10009160,╗Oжш╢m,10009160-010,дs╝dз°,103,58,45,686,402,284,226,100,126,"102Y12M"
10009,╢│кL┐д,10009160,╗Oжш╢m,10009160-011,┤I╡aз°,218,119,99,1335,745,590,334,140,194,"102Y12M"
10009,╢│кL┐д,10009160,╗Oжш╢m,10009160-012,е├┬╫з°,195,101,94,1209,668,541,262,117,145,"102Y12M"
10009,╢│кL┐д,10009160,╗Oжш╢m,10009160-013,йM┬╫з°,384,215,169,2613,1497,1116,687,302,385,"102Y12M"
10009,╢│кL┐д,10009160,╗Oжш╢m,10009160-014,░A┤фз°,162,98,64,1559,887,672,387,172,215,"102Y12M"
10009,╢│кL┐д,10009160,╗Oжш╢m,10009160-015,дн┤фз°,249,132,117,1583,840,743,335,141,194,"102Y12M"
10009,╢│кL┐д,10009170,д╕к°╢m,10009170-001,к°лnз°,522,306,216,2820,1570,1250,667,286,381,"102Y12M"
10009,╢│кL┐д,10009170,д╕к°╢m,10009170-002,к°е_з°,181,105,76,1320,745,575,372,157,215,"102Y12M"
10009,╢│кL┐д,10009170,д╕к°╢m,10009170-003,дlнZз°,192,110,82,1152,656,496,353,158,195,"102Y12M"
10009,╢│кL┐д,10009170,д╕к°╢m,10009170-004,лс┤Єз°,57,30,27,617,361,256,184,80,104,"102Y12M"
10009,╢│кL┐д,10009170,д╕к°╢m,10009170-005,дsд║з°,132,72,60,817,486,331,246,108,138,"102Y12M"
10009,╢│кL┐д,10009170,д╕к°╢m,10009170-006,жXйMз°,166,87,79,916,544,372,267,108,159,"102Y12M"
10009,╢│кL┐д,10009170,д╕к°╢m,10009170-007,дн╢Їз°,105,52,53,822,488,334,223,101,122,"102Y12M"
10009,╢│кL┐д,10009170,д╕к°╢m,10009170-008,╝цжшз°,66,37,29,668,419,249,210,91,119,"102Y12M"
10009,╢│кL┐д,10009170,д╕к°╢m,10009170-009,╝цкFз°,72,44,28,483,278,205,139,59,80,"102Y12M"
10009,╢│кL┐д,10009170,д╕к°╢m,10009170-010,л╚нэз°,102,58,44,689,381,308,197,90,107,"102Y12M"
10009,╢│кL┐д,10009170,д╕к°╢m,10009170-011,иЇ╣Bз°,31,19,12,261,160,101,154,73,81,"102Y12M"
10009,╢│кL┐д,10009170,д╕к°╢m,10009170-012,│╗╝dз°,135,66,69,987,565,422,270,116,154,"102Y12M"
10009,╢│кL┐д,10009170,д╕к°╢m,10009170-013,дU╝dз°,202,104,98,1192,679,513,383,180,203,"102Y12M"
10009,╢│кL┐д,10009170,д╕к°╢m,10009170-014,└sйез°,126,74,52,791,464,327,293,129,164,"102Y12M"
10009,╢│кL┐д,10009170,д╕к°╢m,10009170-015,жш▓°з°,109,57,52,739,419,320,183,81,102,"102Y12M"
10009,╢│кL┐д,10009170,д╕к°╢m,10009170-016,│└е_з°,166,85,81,1029,596,433,288,126,162,"102Y12M"
10009,╢│кL┐д,10009170,д╕к°╢m,10009170-017,│└лnз°,106,59,47,678,390,288,263,116,147,"102Y12M"
10009,╢│кL┐д,10009170,д╕к°╢m,10009170-018,е╦б╜з°,205,120,85,1194,683,511,459,210,249,"102Y12M"
10009,╢│кL┐д,10009170,д╕к°╢m,10009170-019,д║╝dз°,79,37,42,452,269,183,199,98,101,"102Y12M"
10009,╢│кL┐д,10009170,д╕к°╢m,10009170-020,▒[еJз°,113,63,50,665,390,275,249,112,137,"102Y12M"
10009,╢│кL┐д,10009170,д╕к°╢m,10009170-021,╖sжNз°,113,67,46,563,315,248,206,92,114,"102Y12M"
10009,╢│кL┐д,10009180,е|┤Є╢m,10009180-001,е|┤Єз°,245,124,121,1481,841,640,389,170,219,"102Y12M"
10009,╢│кL┐д,10009180,е|┤Є╢m,10009180-002,╖s╔▄з°,73,42,31,519,310,209,186,75,111,"102Y12M"
10009,╢│кL┐д,10009180,е|┤Є╢m,10009180-003,╖╦й│з°,99,58,41,783,470,313,263,107,156,"102Y12M"
10009,╢│кL┐д,10009180,е|┤Є╢m,10009180-004,│└│їз°,79,43,36,790,471,319,270,115,155,"102Y12M"
10009,╢│кL┐д,10009180,е|┤Є╢m,10009180-005,┤Єжшз°,344,195,149,2041,1093,948,432,180,252,"102Y12M"
10009,╢│кL┐д,10009180,е|┤Є╢m,10009180-006,мI┤Єз°,152,75,77,983,580,403,304,132,172,"102Y12M"
10009,╢│кL┐д,10009180,е|┤Є╢m,10009180-007,┤Є╝dз°,122,68,54,654,399,255,210,90,120,"102Y12M"
10009,╢│кL┐д,10009180,е|┤Є╢m,10009180-008,╜▓нэз°,109,60,49,703,431,272,250,111,139,"102Y12M"
10009,╢│кL┐д,10009180,е|┤Є╢m,10009180-009,н╕иFз°,103,45,58,791,467,324,196,71,125,"102Y12M"
10009,╢│кL┐д,10009180,е|┤Є╢m,10009180-010,дTйmз°,33,15,18,301,175,126,98,38,60,"102Y12M"
10009,╢│кL┐д,10009180,е|┤Є╢m,10009180-011,д║┤Єз°,102,58,44,685,418,267,196,88,108,"102Y12M"
10009,╢│кL┐д,10009180,е|┤Є╢m,10009180-012,ж╧╜╒з°,96,55,41,808,483,325,273,118,155,"102Y12M"
10009,╢│кL┐д,10009180,е|┤Є╢m,10009180-013,▒[е_з°,182,84,98,1418,777,641,361,137,224,"102Y12M"
10009,╢│кL┐д,10009180,е|┤Є╢m,10009180-014,▒[лnз°,85,42,43,688,397,291,211,94,117,"102Y12M"
10009,╢│кL┐д,10009180,е|┤Є╢m,10009180-015,╝s╖╛з°,81,47,34,631,348,283,148,67,81,"102Y12M"
10009,╢│кL┐д,10009180,е|┤Є╢m,10009180-016,б╜дlз°,119,65,54,835,473,362,215,77,138,"102Y12M"
10009,╢│кL┐д,10009180,е|┤Є╢m,10009180-017,кLнэз°,127,66,61,933,549,384,286,121,165,"102Y12M"
10009,╢│кL┐д,10009180,е|┤Є╢m,10009180-018,кLкFз°,106,62,44,868,516,352,221,97,124,"102Y12M"
10009,╢│кL┐д,10009180,е|┤Є╢m,10009180-019,╖╦з└з°,95,48,47,588,356,232,190,86,104,"102Y12M"
10009,╢│кL┐д,10009180,е|┤Є╢m,10009180-020,н╕кFз°,52,22,30,479,284,195,157,66,91,"102Y12M"
10009,╢│кL┐д,10009180,е|┤Є╢m,10009180-021,б╜кFз°,142,70,72,900,518,382,220,91,129,"102Y12M"
10009,╢│кL┐д,10009190,дf┤Є╢m,10009190-001,┤ЄкFз°,162,78,84,1057,579,478,269,118,151,"102Y12M"
10009,╢│кL┐д,10009190,дf┤Є╢m,10009190-002,дf┤Єз°,144,68,76,1043,554,489,207,93,114,"102Y12M"
10009,╢│кL┐д,10009190,дf┤Є╢m,10009190-003,│╗┤Єз°,96,52,44,553,322,231,160,72,88,"102Y12M"
10009,╢│кL┐д,10009190,дf┤Є╢m,10009190-004,оHе_з°,119,59,60,757,460,297,184,75,109,"102Y12M"
10009,╢│кL┐д,10009190,дf┤Є╢m,10009190-005,оHлnз°,93,55,38,609,328,281,152,63,89,"102Y12M"
10009,╢│кL┐д,10009190,дf┤Є╢m,10009190-006,┴┬нэз°,150,76,74,917,482,435,178,72,106,"102Y12M"
10009,╢│кL┐д,10009190,дf┤Є╢m,10009190-007,│H╝dз°,203,103,100,1294,700,594,254,117,137,"102Y12M"
10009,╢│кL┐д,10009190,дf┤Є╢m,10009190-008,дU▒[з°,260,132,128,1796,1035,761,386,166,220,"102Y12M"
10009,╢│кL┐д,10009190,дf┤Є╢m,10009190-009,▒[ддз°,199,103,96,1383,769,614,332,141,191,"102Y12M"
10009,╢│кL┐д,10009190,дf┤Є╢m,10009190-010,▒[кFз°,214,114,100,1354,756,598,267,122,145,"102Y12M"
10009,╢│кL┐д,10009190,дf┤Є╢m,10009190-011,лC│Fз°,50,30,20,482,260,222,124,57,67,"102Y12M"
10009,╢│кL┐д,10009190,дf┤Є╢m,10009190-012,┤фкFз°,187,100,87,1364,724,640,289,129,160,"102Y12M"
10009,╢│кL┐д,10009190,дf┤Є╢m,10009190-013,┤фжшз°,87,53,34,744,385,359,160,78,82,"102Y12M"
10009,╢│кL┐д,10009190,дf┤Є╢m,10009190-014,еxдlз°,352,205,147,1665,844,821,292,130,162,"102Y12M"
10009,╢│кL┐д,10009190,дf┤Є╢m,10009190-015,жи└sз°,121,70,51,758,427,331,247,111,136,"102Y12M"
10009,╢│кL┐д,10009190,дf┤Є╢m,10009190-016,┤Єдfз°,144,69,75,838,477,361,239,119,120,"102Y12M"
10009,╢│кL┐д,10009190,дf┤Є╢m,10009190-017,дЇдлз°,136,73,63,806,471,335,231,104,127,"102Y12M"
10009,╢│кL┐д,10009190,дf┤Є╢m,10009190-018,лснэз°,71,33,38,625,360,265,182,82,100,"102Y12M"
10009,╢│кL┐д,10009190,дf┤Є╢m,10009190-019,▒ялnз°,280,159,121,1514,830,684,386,167,219,"102Y12M"
10009,╢│кL┐д,10009190,дf┤Є╢m,10009190-020,▒яе_з°,152,74,78,968,573,395,320,140,180,"102Y12M"
10009,╢│кL┐д,10009190,дf┤Є╢m,10009190-021,╣L┤фз°,74,33,41,514,299,215,150,68,82,"102Y12M"
10009,╢│кL┐д,10009200,дЇкL╢m,10009200-001,дЇе_з°,368,203,165,1923,1078,845,533,216,317,"102Y12M"
10009,╢│кL┐д,10009200,дЇкL╢m,10009200-002,дЇлnз°,298,167,131,1740,936,804,412,187,225,"102Y12M"
10009,╢│кL┐д,10009200,дЇкL╢m,10009200-003,о№оHз°,158,87,71,804,457,347,245,101,144,"102Y12M"
10009,╢│кL┐д,10009200,дЇкL╢m,10009200-004,дgнэз°,151,78,73,983,557,426,311,139,172,"102Y12M"
10009,╢│кL┐д,10009200,дЇкL╢m,10009200-005,мKоHз°,108,58,50,744,452,292,262,118,144,"102Y12M"
10009,╢│кL┐д,10009200,дЇкL╢m,10009200-006,жшдлз°,73,40,33,514,325,189,183,84,99,"102Y12M"
10009,╢│кL┐д,10009200,дЇкL╢m,10009200-007,ио┤фз°,71,43,28,491,290,201,165,72,93,"102Y12M"
10009,╢│кL┐д,10009200,дЇкL╢m,10009200-008,─мп│з°,127,68,59,833,491,342,315,137,178,"102Y12M"
10009,╢│кL┐д,10009200,дЇкL╢m,10009200-009,╞WкFз°,56,26,30,493,288,205,206,100,106,"102Y12M"
10009,╢│кL┐д,10009200,дЇкL╢m,10009200-010,╞Wжшз°,97,54,43,818,505,313,261,123,138,"102Y12M"
10009,╢│кL┐д,10009200,дЇкL╢m,10009200-011,╕U┐│з°,70,45,25,583,345,238,213,85,128,"102Y12M"
10009,╢│кL┐д,10009200,дЇкL╢m,10009200-012,жyдsз°,90,53,37,566,332,234,159,69,90,"102Y12M"
10009,╢│кL┐д,10009200,дЇкL╢m,10009200-013,дjдsз°,128,70,58,905,525,380,279,112,167,"102Y12M"
10009,╢│кL┐д,10009200,дЇкL╢m,10009200-014,дj╖╛з°,132,75,57,807,473,334,262,118,144,"102Y12M"
10009,╢│кL┐д,10009200,дЇкL╢m,10009200-015,╢╢┐│з°,95,55,40,697,402,295,227,109,118,"102Y12M"
10009,╢│кL┐д,10009200,дЇкL╢m,10009200-016,┐╗┴жз°,110,59,51,810,488,322,232,90,142,"102Y12M"
10009,╢│кL┐д,10009200,дЇкL╢m,10009200-017,дs╕}з°,82,48,34,677,396,281,219,97,122,"102Y12M"
10009,╢│кL┐д,10009200,дЇкL╢m,10009200-018,кQе_з°,112,57,55,814,505,309,334,142,192,"102Y12M"
10009,╢│кL┐д,10009200,дЇкL╢m,10009200-019,кQддз°,62,32,30,405,253,152,166,77,89,"102Y12M"
10009,╢│кL┐д,10009200,дЇкL╢m,10009200-020,кQжшз°,61,32,29,521,304,217,234,110,124,"102Y12M"
10009,╢│кL┐д,10009200,дЇкL╢m,10009200-021,б╜оHз°,84,49,35,539,328,211,235,113,122,"102Y12M"
10009,╢│кL┐д,10009200,дЇкL╢m,10009200-022,╢єй│з°,64,31,33,582,367,215,183,81,102,"102Y12M"
10009,╢│кL┐д,10009200,дЇкL╢m,10009200-023,лс╝dз°,99,49,50,553,326,227,218,87,131,"102Y12M"
10009,╢│кL┐д,10009200,дЇкL╢m,10009200-024,╖╦сYз°,102,58,44,614,342,272,217,90,127,"102Y12M"
10010,╣┼╕q┐д,10010010,д╙лOел,10010010-001,д╙лOи╜,352,182,170,2039,1053,986,319,157,162,"102Y12M"
10010,╣┼╕q┐д,10010010,д╙лOел,10010010-002,лс╔▄и╜,78,36,42,444,245,199,80,34,46,"102Y12M"
10010,╣┼╕q┐д,10010010,д╙лOел,10010010-003,лe╝ци╜,198,108,90,1281,708,573,297,152,145,"102Y12M"
10010,╣┼╕q┐д,10010010,д╙лOел,10010010-004,лс╝ци╜,238,118,120,1370,762,608,311,130,181,"102Y12M"
10010,╣┼╕q┐д,10010010,д╙лOел,10010010-005,▒ЎоHи╜,182,98,84,1003,574,429,206,89,117,"102Y12M"
10010,╣┼╕q┐д,10010010,д╙лOел,10010010-006,мKп]и╜,136,78,58,865,466,399,165,74,91,"102Y12M"
10010,╣┼╕q┐д,10010010,д╙лOел,10010010-007,▒[│╗и╜,96,42,54,697,371,326,200,100,100,"102Y12M"
10010,╣┼╕q┐д,10010010,д╙лOел,10010010-008,кF╢╒и╜,484,258,226,1412,714,698,210,94,116,"102Y12M"
10010,╣┼╕q┐д,10010010,д╙лOел,10010010-009,╖s░ёи╜,174,92,82,1085,601,484,246,116,130,"102Y12M"
10010,╣┼╕q┐д,10010010,д╙лOел,10010010-010,┬┬░ёи╜,390,203,187,1991,1049,942,237,108,129,"102Y12M"
10010,╣┼╕q┐д,10010010,д╙лOел,10010010-011,е╨з└и╜,88,52,36,610,352,258,154,68,86,"102Y12M"
10010,╣┼╕q┐д,10010010,д╙лOел,10010010-012,┤фз└и╜,58,30,28,495,269,226,118,59,59,"102Y12M"
10010,╣┼╕q┐д,10010010,д╙лOел,10010010-013,╣L╖╛и╜,510,269,241,2787,1440,1347,286,129,157,"102Y12M"
10010,╣┼╕q┐д,10010010,д╙лOел,10010010-014,│┬╝dи╜,879,448,431,3764,1897,1867,437,184,253,"102Y12M"
10010,╣┼╕q┐д,10010010,д╙лOел,10010010-015,лn╖sи╜,326,148,178,1665,880,785,302,149,153,"102Y12M"
10010,╣┼╕q┐д,10010010,д╙лOел,10010010-016,е_╖sи╜,570,307,263,2604,1340,1264,381,173,208,"102Y12M"
10010,╣┼╕q┐д,10010010,д╙лOел,10010010-017,░ё╢mи╜,113,64,49,620,350,270,151,77,74,"102Y12M"
10010,╣┼╕q┐д,10010010,д╙лOел,10010010-018,жwдпи╜,914,466,448,2183,1049,1134,222,102,120,"102Y12M"
10010,╣┼╕q┐д,10010020,ж╡дlел,10010020-001,жw║╓и╜,381,198,183,1717,849,868,361,161,200,"102Y12M"
10010,╣┼╕q┐д,10010020,ж╡дlел,10010020-002,енйMи╜,466,228,238,1949,937,1012,399,164,235,"102Y12M"
10010,╣┼╕q┐д,10010020,ж╡дlел,10010020-003,д║нэи╜,163,88,75,857,445,412,224,97,127,"102Y12M"
10010,╣┼╕q┐д,10010020,ж╡дlел,10010020-004,╢}д╕и╜,47,24,23,322,169,153,140,71,69,"102Y12M"
10010,╣┼╕q┐д,10010020,ж╡дlел,10010020-005,╢╢д╤и╜,99,49,50,505,255,250,172,80,92,"102Y12M"
10010,╣┼╕q┐д,10010020,ж╡дlел,10010020-006,дде┐и╜,66,35,31,600,305,295,158,74,84,"102Y12M"
10010,╣┼╕q┐д,10010020,ж╡дlел,10010020-007,│╒лpи╜,155,81,74,669,339,330,167,72,95,"102Y12M"
10010,╣┼╕q┐д,10010020,ж╡дlел,10010020-008,дхд╞и╜,290,159,131,1470,779,691,411,183,228,"102Y12M"
10010,╣┼╕q┐д,10010020,ж╡дlел,10010020-009,е├йMи╜,539,274,265,2239,1132,1107,455,209,246,"102Y12M"
10010,╣┼╕q┐д,10010020,ж╡дlел,10010020-010,ж╦│Єи╜,1020,515,505,3821,1884,1937,634,292,342,"102Y12M"
10010,╣┼╕q┐д,10010020,ж╡дlел,10010020-011,╖s╝dи╜,108,59,49,609,325,284,125,58,67,"102Y12M"
10010,╣┼╕q┐д,10010020,ж╡дlел,10010020-012,О{╖╦и╜,64,39,25,514,288,226,187,86,101,"102Y12M"
10010,╣┼╕q┐д,10010020,ж╡дlел,10010020-013,╖╦дfи╜,120,68,52,671,358,313,192,84,108,"102Y12M"
10010,╣┼╕q┐д,10010020,ж╡дlел,10010020-014,╝w┐│и╜,177,94,83,950,546,404,216,107,109,"102Y12M"
10010,╣┼╕q┐д,10010020,ж╡дlел,10010020-015,дпйMи╜,497,246,251,1351,605,746,126,55,71,"102Y12M"
10010,╣┼╕q┐д,10010020,ж╡дlел,10010020-016,дj╢mи╜,444,232,212,2712,1413,1299,529,223,306,"102Y12M"
10010,╣┼╕q┐д,10010020,ж╡дlел,10010020-017,дj╕пи╜,997,519,478,2537,1263,1274,388,168,220,"102Y12M"
10010,╣┼╕q┐д,10010020,ж╡дlел,10010020-018,и╬е▌и╜,157,74,83,664,339,325,117,50,67,"102Y12M"
10010,╣┼╕q┐д,10010020,ж╡дlел,10010020-019,ж╦з°и╜,134,72,62,886,485,401,203,89,114,"102Y12M"
10010,╣┼╕q┐д,10010020,ж╡дlел,10010020-020,оrлeи╜,145,75,70,761,437,324,228,101,127,"102Y12M"
10010,╣┼╕q┐д,10010020,ж╡дlел,10010020-021,╢╢жwи╜,26,15,11,184,108,76,85,39,46,"102Y12M"
10010,╣┼╕q┐д,10010020,ж╡дlел,10010020-022,оrлси╜,75,38,37,599,353,246,198,90,108,"102Y12M"
10010,╣┼╕q┐д,10010020,ж╡дlел,10010020-023,╝wоaи╜,97,51,46,624,353,271,211,90,121,"102Y12M"
10010,╣┼╕q┐д,10010020,ж╡дlел,10010020-024,╖s╔▄и╜,98,46,52,628,316,312,133,63,70,"102Y12M"
10010,╣┼╕q┐д,10010020,ж╡дlел,10010020-025,▒Ў╡╪и╜,144,77,67,784,461,323,318,134,184,"102Y12M"
10010,╣┼╕q┐д,10010020,ж╡дlел,10010020-026,кQ╡╪и╜,144,72,72,953,566,387,382,161,221,"102Y12M"
10010,╣┼╕q┐д,10010020,ж╡дlел,10010020-027,лnж╦и╜,70,34,36,387,229,158,154,65,89,"102Y12M"
10010,╣┼╕q┐д,10010030,ем│U┬э,10010030-001,йзж┐и╜,75,30,45,523,265,258,134,61,73,"102Y12M"
10010,╣┼╕q┐д,10010030,ем│U┬э,10010030-002,дE└sи╜,48,31,17,307,173,134,110,48,62,"102Y12M"
10010,╣┼╕q┐д,10010030,ем│U┬э,10010030-003,з┬о№и╜,353,169,184,1836,954,882,297,139,158,"102Y12M"
10010,╣┼╕q┐д,10010030,ем│U┬э,10010030-004,┐│дди╜,171,91,80,1016,515,501,219,99,120,"102Y12M"
10010,╣┼╕q┐д,10010030,ем│U┬э,10010030-005,е·┤_и╜,210,108,102,1418,730,688,379,149,230,"102Y12M"
10010,╣┼╕q┐д,10010030,ем│U┬э,10010030-006,иг└sи╜,128,57,71,791,442,349,164,63,101,"102Y12M"
10010,╣┼╕q┐д,10010030,ем│U┬э,10010030-007,╖sнэи╜,87,42,45,630,340,290,160,74,86,"102Y12M"
10010,╣┼╕q┐д,10010030,ем│U┬э,10010030-008,└sж┐и╜,91,45,46,677,367,310,160,62,98,"102Y12M"
10010,╣┼╕q┐д,10010030,ем│U┬э,10010030-009,╖sз┬и╜,127,64,63,859,454,405,186,76,110,"102Y12M"
10010,╣┼╕q┐д,10010030,ем│U┬э,10010030-010,╖sе┴и╜,147,82,65,1165,570,595,195,79,116,"102Y12M"
10010,╣┼╕q┐д,10010030,ем│U┬э,10010030-011,┤_┐│и╜,270,145,125,2185,1071,1114,384,156,228,"102Y12M"
10010,╣┼╕q┐д,10010030,ем│U┬э,10010030-012,жnм№и╜,144,84,60,980,502,478,151,58,93,"102Y12M"
10010,╣┼╕q┐д,10010030,ем│U┬э,10010030-013,е├жwи╜,95,44,51,1033,561,472,202,80,122,"102Y12M"
10010,╣┼╕q┐д,10010030,ем│U┬э,10010030-014,кF┤фи╜,234,123,111,1701,918,783,313,132,181,"102Y12M"
10010,╣┼╕q┐д,10010030,ем│U┬э,10010030-015,ж┐дsи╜,25,12,13,232,128,104,84,44,40,"102Y12M"
10010,╣┼╕q┐д,10010030,ем│U┬э,10010030-016,╡цчEи╜,31,21,10,299,181,118,141,70,71,"102Y12M"
10010,╣┼╕q┐д,10010030,ем│U┬э,10010030-017,ж╥╕╒и╜,24,12,12,226,120,106,95,41,54,"102Y12M"
10010,╣┼╕q┐д,10010030,ем│U┬э,10010030-018,о╢╝dи╜,98,51,47,633,363,270,193,80,113,"102Y12M"
10010,╣┼╕q┐д,10010030,ем│U┬э,10010030-019,жшжwи╜,162,90,72,927,514,413,380,162,218,"102Y12M"
10010,╣┼╕q┐д,10010030,ем│U┬э,10010030-020,кFжwи╜,170,93,77,1093,617,476,368,169,199,"102Y12M"
10010,╣┼╕q┐д,10010030,ем│U┬э,10010030-021,дджwи╜,150,73,77,1161,662,499,434,189,245,"102Y12M"
10010,╣┼╕q┐д,10010030,ем│U┬э,10010030-022,╛ЁкLи╜,59,34,25,415,245,170,137,63,74,"102Y12M"
10010,╣┼╕q┐д,10010030,ем│U┬э,10010030-023,╢Qк┘и╜,59,31,28,557,315,242,193,92,101,"102Y12M"
10010,╣┼╕q┐д,10010040,дjкL┬э,10010040-001,кFкLи╜,90,45,45,407,204,203,121,51,70,"102Y12M"
10010,╣┼╕q┐д,10010040,дjкL┬э,10010040-002,жшкLи╜,252,124,128,1572,785,787,418,199,219,"102Y12M"
10010,╣┼╕q┐д,10010040,дjкL┬э,10010040-003,жNкLи╜,148,82,66,842,443,399,211,91,120,"102Y12M"
10010,╣┼╕q┐д,10010040,дjкL┬э,10010040-004,енкLи╜,993,511,482,5117,2527,2590,869,394,475,"102Y12M"
10010,╣┼╕q┐д,10010040,дjкL┬э,10010040-005,й·╡╪и╜,187,98,89,956,512,444,289,133,156,"102Y12M"
10010,╣┼╕q┐д,10010040,дjкL┬э,10010040-006,й·йMи╜,264,140,124,1487,758,729,278,133,145,"102Y12M"
10010,╣┼╕q┐д,10010040,дjкL┬э,10010040-007,▒╞╕Їи╜,72,36,36,506,292,214,175,87,88,"102Y12M"
10010,╣┼╕q┐д,10010040,дjкL┬э,10010040-008,жш╡▓и╜,79,42,37,545,316,229,211,95,116,"102Y12M"
10010,╣┼╕q┐д,10010040,дjкL┬э,10010040-009,┤Єе_и╜,89,46,43,523,302,221,160,71,89,"102Y12M"
10010,╣┼╕q┐д,10010040,дjкL┬э,10010040-010,дj┐}и╜,23,10,13,169,82,87,50,17,33,"102Y12M"
10010,╣┼╕q┐д,10010040,дjкL┬э,10010040-011,дjм№и╜,260,135,125,1435,772,663,376,172,204,"102Y12M"
10010,╣┼╕q┐д,10010040,дjкL┬э,10010040-012,╣L╖╦и╜,187,101,86,1182,638,544,339,152,187,"102Y12M"
10010,╣┼╕q┐д,10010040,дjкL┬э,10010040-013,ддз|и╜,150,71,79,1031,590,441,416,204,212,"102Y12M"
10010,╣┼╕q┐д,10010040,дjкL┬э,10010040-014,дWкLи╜,90,49,41,620,346,274,241,108,133,"102Y12M"
10010,╣┼╕q┐д,10010040,дjкL┬э,10010040-015,ддкLи╜,203,102,101,1314,709,605,341,140,201,"102Y12M"
10010,╣┼╕q┐д,10010040,дjкL┬э,10010040-016,дTйMи╜,278,160,118,1800,944,856,375,171,204,"102Y12M"
10010,╣┼╕q┐д,10010040,дjкL┬э,10010040-017,╖╛нIи╜,144,74,70,754,409,345,273,122,151,"102Y12M"
10010,╣┼╕q┐д,10010040,дjкL┬э,10010040-018,╕qйMи╜,85,46,39,585,322,263,167,76,91,"102Y12M"
10010,╣┼╕q┐д,10010040,дjкL┬э,10010040-019,д║кLи╜,88,51,37,543,294,249,219,101,118,"102Y12M"
10010,╣┼╕q┐д,10010040,дjкL┬э,10010040-020,дTиди╜,93,42,51,653,356,297,225,102,123,"102Y12M"
10010,╣┼╕q┐д,10010040,дjкL┬э,10010040-021,дTз°и╜,136,78,58,720,378,342,167,73,94,"102Y12M"
10010,╣┼╕q┐д,10010050,е┴╢п╢m,10010050-001,кF║aз°,354,199,155,1933,974,959,437,202,235,"102Y12M"
10010,╣┼╕q┐д,10010050,е┴╢п╢m,10010050-002,дд╝╓з°,292,153,139,1396,701,695,338,151,187,"102Y12M"
10010,╣┼╕q┐д,10010050,е┴╢п╢m,10010050-003,жшжwз°,597,322,275,2912,1474,1438,560,253,307,"102Y12M"
10010,╣┼╕q┐д,10010050,е┴╢п╢m,10010050-004,╝d│╗з°,391,186,205,1947,994,953,351,147,204,"102Y12M"
10010,╣┼╕q┐д,10010050,е┴╢п╢m,10010050-005,║╓┼vз°,301,166,135,1419,732,687,256,116,140,"102Y12M"
10010,╣┼╕q┐д,10010050,е┴╢п╢m,10010050-006,кF┤Єз°,267,143,124,1565,807,758,404,196,208,"102Y12M"
10010,╣┼╕q┐д,10010050,е┴╢п╢m,10010050-007,│╗▒[з°,216,113,103,1201,630,571,288,140,148,"102Y12M"
10010,╣┼╕q┐д,10010050,е┴╢п╢m,10010050-008,╡╫оHз°,244,131,113,1459,808,651,354,164,190,"102Y12M"
10010,╣┼╕q┐д,10010050,е┴╢п╢m,10010050-009,ддйMз°,144,82,62,756,383,373,160,77,83,"102Y12M"
10010,╣┼╕q┐д,10010050,е┴╢п╢m,10010050-010,енйMз°,94,42,52,687,383,304,126,48,78,"102Y12M"
10010,╣┼╕q┐д,10010050,е┴╢п╢m,10010050-011,жшйўз°,139,70,69,729,385,344,162,79,83,"102Y12M"
10010,╣┼╕q┐д,10010050,е┴╢п╢m,10010050-012,рTжмз°,272,145,127,1762,911,851,430,209,221,"102Y12M"
10010,╣┼╕q┐д,10010050,е┴╢п╢m,10010050-013,дT┐│з°,241,127,114,1086,553,533,176,80,96,"102Y12M"
10010,╣┼╕q┐д,10010050,е┴╢п╢m,10010050-014,кF┐│з°,70,41,29,424,252,172,158,73,85,"102Y12M"
10010,╣┼╕q┐д,10010050,е┴╢п╢m,10010050-015,┬эе_з°,143,67,76,887,486,401,180,77,103,"102Y12M"
10010,╣┼╕q┐д,10010050,е┴╢п╢m,10010050-016,┐│ддз°,273,138,135,1657,862,795,317,152,165,"102Y12M"
10010,╣┼╕q┐д,10010050,е┴╢п╢m,10010050-017,┐│лnз°,352,174,178,2478,1260,1218,287,122,165,"102Y12M"
10010,╣┼╕q┐д,10010050,е┴╢п╢m,10010050-018,║╓┐│з°,242,142,100,1799,944,855,284,126,158,"102Y12M"
10010,╣┼╕q┐д,10010050,е┴╢п╢m,10010050-019,дх╢йз°,339,177,162,2160,1127,1033,353,153,200,"102Y12M"
10010,╣┼╕q┐д,10010050,е┴╢п╢m,10010050-020,дsддз°,585,300,285,3201,1719,1482,624,299,325,"102Y12M"
10010,╣┼╕q┐д,10010050,е┴╢п╢m,10010050-021,ддебз°,192,96,96,1190,640,550,231,106,125,"102Y12M"
10010,╣┼╕q┐д,10010050,е┴╢п╢m,10010050-022,е_дцз°,953,486,467,4626,2353,2273,544,254,290,"102Y12M"
10010,╣┼╕q┐д,10010050,е┴╢п╢m,10010050-023,О{║╓з°,423,235,188,2115,1074,1041,304,160,144,"102Y12M"
10010,╣┼╕q┐д,10010050,е┴╢п╢m,10010050-024,дj▒Tз°,252,127,125,2098,1127,971,337,159,178,"102Y12M"
10010,╣┼╕q┐д,10010050,е┴╢п╢m,10010050-025,иqкLз°,298,159,139,2229,1185,1044,329,160,169,"102Y12M"
10010,╣┼╕q┐д,10010050,е┴╢п╢m,10010050-026,кQдsз°,258,142,116,1573,855,718,271,110,161,"102Y12M"
10010,╣┼╕q┐д,10010050,е┴╢п╢m,10010050-027,кў┐│з°,353,177,176,2846,1420,1426,289,140,149,"102Y12M"
10010,╣┼╕q┐д,10010050,е┴╢п╢m,10010050-028,║╓╝╓з°,1142,591,551,5458,2739,2719,526,249,277,"102Y12M"
10010,╣┼╕q┐д,10010060,╖╦дf╢m,10010060-001,╖╦кFз°,194,97,97,1110,582,528,335,147,188,"102Y12M"
10010,╣┼╕q┐д,10010060,╖╦дf╢m,10010060-002,╖╦жшз°,82,38,44,537,308,229,210,103,107,"102Y12M"
10010,╣┼╕q┐д,10010060,╖╦дf╢m,10010060-003,╖╦е_з°,79,46,33,502,283,219,177,76,101,"102Y12M"
10010,╣┼╕q┐д,10010060,╖╦дf╢m,10010060-004,┤хкFз°,128,64,64,848,464,384,250,117,133,"102Y12M"
10010,╣┼╕q┐д,10010060,╖╦дf╢m,10010060-005,┤хжшз°,74,38,36,540,323,217,233,111,122,"102Y12M"
10010,╣┼╕q┐д,10010060,╖╦дf╢m,10010060-006,оукLз°,90,44,46,663,376,287,209,88,121,"102Y12M"
10010,╣┼╕q┐д,10010060,╖╦дf╢m,10010060-007,кL╕}з°,122,58,64,618,379,239,236,107,129,"102Y12M"
10010,╣┼╕q┐д,10010060,╖╦дf╢m,10010060-008,м№лnз°,127,62,65,945,513,432,311,145,166,"102Y12M"
10010,╣┼╕q┐д,10010060,╖╦дf╢m,10010060-009,м№е_з°,96,61,35,799,461,338,251,111,140,"102Y12M"
10010,╣┼╕q┐д,10010060,╖╦дf╢m,10010060-010,е╗нэз°,77,37,40,807,449,358,214,93,121,"102Y12M"
10010,╣┼╕q┐д,10010060,╖╦дf╢m,10010060-011,мh╖╛з°,152,83,69,1096,611,485,279,127,152,"102Y12M"
10010,╣┼╕q┐д,10010060,╖╦дf╢m,10010060-012,┼|╖╦з°,140,83,57,915,479,436,198,101,97,"102Y12M"
10010,╣┼╕q┐д,10010060,╖╦дf╢m,10010060-013,зо▒[з°,86,46,40,576,323,253,195,86,109,"102Y12M"
10010,╣┼╕q┐д,10010060,╖╦дf╢m,10010060-014,йW│╗з°,115,59,56,720,390,330,210,100,110,"102Y12M"
10010,╣┼╕q┐д,10010070,╖s┤ф╢m,10010070-001,оcлeз°,413,226,187,1827,945,882,391,175,216,"102Y12M"
10010,╣┼╕q┐д,10010070,╖s┤ф╢m,10010070-002,оcлсз°,223,116,107,1314,747,567,364,168,196,"102Y12M"
10010,╣┼╕q┐д,10010070,╖s┤ф╢m,10010070-003,дj┐│з°,279,143,136,1257,659,598,335,149,186,"102Y12M"
10010,╣┼╕q┐д,10010070,╖s┤ф╢m,10010070-004,║╓╝wз°,318,175,143,1404,737,667,300,136,164,"102Y12M"
10010,╣┼╕q┐д,10010070,╖s┤ф╢m,10010070-005,еjе┴з°,185,97,88,1016,569,447,286,130,156,"102Y12M"
10010,╣┼╕q┐д,10010070,╖s┤ф╢m,10010070-006,дд╔▄з°,223,124,99,1262,706,556,381,185,196,"102Y12M"
10010,╣┼╕q┐д,10010070,╖s┤ф╢m,10010070-007,дj╝цз°,258,129,129,1326,728,598,407,184,223,"102Y12M"
10010,╣┼╕q┐д,10010070,╖s┤ф╢m,10010070-008,жш╔▄з°,189,100,89,784,446,338,221,110,111,"102Y12M"
10010,╣┼╕q┐д,10010070,╖s┤ф╢m,10010070-009,░ёдlз°,86,40,46,416,246,170,168,76,92,"102Y12M"
10010,╣┼╕q┐д,10010070,╖s┤ф╢m,10010070-010,лn▒[з°,143,80,63,737,408,329,259,114,145,"102Y12M"
10010,╣┼╕q┐д,10010070,╖s┤ф╢m,10010070-011,е_▒[з°,82,42,40,440,255,185,128,57,71,"102Y12M"
10010,╣┼╕q┐д,10010070,╖s┤ф╢m,10010070-012,о№├sз°,74,41,33,395,230,165,131,62,69,"102Y12M"
10010,╣┼╕q┐д,10010070,╖s┤ф╢m,10010070-013,дым▄з°,253,140,113,1486,828,658,344,157,187,"102Y12M"
10010,╣┼╕q┐д,10010070,╖s┤ф╢m,10010070-014,ды╝цз°,249,147,102,1380,740,640,299,132,167,"102Y12M"
10010,╣┼╕q┐д,10010070,╖s┤ф╢m,10010070-015,╖╦е_з°,203,106,97,1133,645,488,334,153,181,"102Y12M"
10010,╣┼╕q┐д,10010070,╖s┤ф╢m,10010070-016,дT╢бз°,296,169,127,1166,587,579,156,75,81,"102Y12M"
10010,╣┼╕q┐д,10010070,╖s┤ф╢m,10010070-017,ддмvз°,181,92,89,864,471,393,221,88,133,"102Y12M"
10010,╣┼╕q┐д,10010070,╖s┤ф╢m,10010070-018,╡цд╜з°,176,92,84,842,454,388,173,75,98,"102Y12M"
10010,╣┼╕q┐д,10010070,╖s┤ф╢m,10010070-019,жwйMз°,153,80,73,807,459,348,293,131,162,"102Y12M"
10010,╣┼╕q┐д,10010070,╖s┤ф╢m,10010070-020,╝цдjз°,203,113,90,977,512,465,266,127,139,"102Y12M"
10010,╣┼╕q┐д,10010070,╖s┤ф╢m,10010070-021,лn┤фз°,161,77,84,888,496,392,238,109,129,"102Y12M"
10010,╣┼╕q┐д,10010070,╖s┤ф╢m,10010070-022,кO└Yз°,84,44,40,463,270,193,149,63,86,"102Y12M"
10010,╣┼╕q┐д,10010070,╖s┤ф╢m,10010070-023,ж@йMз°,128,74,54,697,374,323,222,101,121,"102Y12M"
10010,╣┼╕q┐д,10010080,д╗╕}╢m,10010080-001,╗[└Yз°,136,69,67,993,546,447,286,124,162,"102Y12M"
10010,╣┼╕q┐д,10010080,д╗╕}╢m,10010080-002,╗[кFз°,95,52,43,661,388,273,250,112,138,"102Y12M"
10010,╣┼╕q┐д,10010080,д╗╕}╢m,10010080-003,╗[лnз°,104,58,46,705,403,302,227,108,119,"102Y12M"
10010,╣┼╕q┐д,10010080,д╗╕}╢m,10010080-004,дu╝tз°,10,7,3,169,95,74,82,35,47,"102Y12M"
10010,╣┼╕q┐д,10010080,д╗╕}╢m,10010080-005,╞Wлnз°,146,68,78,984,544,440,292,127,165,"102Y12M"
10010,╣┼╕q┐д,10010080,д╗╕}╢m,10010080-006,╞Wе_з°,143,72,71,1005,547,458,300,133,167,"102Y12M"
10010,╣┼╕q┐д,10010080,д╗╕}╢m,10010080-007,┬∙▓[з°,101,47,54,712,420,292,228,101,127,"102Y12M"
10010,╣┼╕q┐д,10010080,д╗╕}╢m,10010080-008,╢юоvз°,73,42,31,529,286,243,193,86,107,"102Y12M"
10010,╣┼╕q┐д,10010080,д╗╕}╢m,10010080-009,дT╕qз°,78,32,46,592,329,263,209,100,109,"102Y12M"
10010,╣┼╕q┐д,10010080,д╗╕}╢m,10010080-010,┤фм№з°,89,54,35,651,377,274,169,69,100,"102Y12M"
10010,╣┼╕q┐д,10010080,д╗╕}╢m,10010080-011,┬╫м№з°,153,84,69,919,517,402,245,104,141,"102Y12M"
10010,╣┼╕q┐д,10010080,д╗╕}╢m,10010080-012,д╗дцз°,125,71,54,792,437,355,209,85,124,"102Y12M"
10010,╣┼╕q┐д,10010080,д╗╕}╢m,10010080-013,▒[╢зз°,102,46,56,830,449,381,247,110,137,"102Y12M"
10010,╣┼╕q┐д,10010080,д╗╕}╢m,10010080-014,─мнэз°,169,90,79,1240,663,577,338,148,190,"102Y12M"
10010,╣┼╕q┐д,10010080,д╗╕}╢m,10010080-015,ж╦е╗з°,68,34,34,459,271,188,226,103,123,"102Y12M"
10010,╣┼╕q┐д,10010080,д╗╕}╢m,10010080-016,е├╜хз°,49,24,25,362,205,157,178,73,105,"102Y12M"
10010,╣┼╕q┐д,10010080,д╗╕}╢m,10010080-017,│╜╝dз°,49,24,25,508,296,212,220,96,124,"102Y12M"
10010,╣┼╕q┐д,10010080,д╗╕}╢m,10010080-018,╝цсYз°,95,48,47,692,386,306,265,116,149,"102Y12M"
10010,╣┼╕q┐д,10010080,д╗╕}╢m,10010080-019,е┐╕qз°,128,66,62,1121,629,492,368,165,203,"102Y12M"
10010,╣┼╕q┐д,10010080,д╗╕}╢m,10010080-020,╖╦нэз°,61,29,32,493,275,218,191,95,96,"102Y12M"
10010,╣┼╕q┐д,10010080,д╗╕}╢m,10010080-021,д╗╕}з°,65,32,33,587,325,262,258,107,151,"102Y12M"
10010,╣┼╕q┐д,10010080,д╗╕}╢m,10010080-022,д╗лnз°,50,28,22,422,238,184,181,86,95,"102Y12M"
10010,╣┼╕q┐д,10010080,д╗╕}╢m,10010080-023,▒Yдsз°,71,38,33,495,289,206,216,95,121,"102Y12M"
10010,╣┼╕q┐д,10010080,д╗╕}╢m,10010080-024,еjкLз°,46,21,25,543,329,214,253,110,143,"102Y12M"
10010,╣┼╕q┐д,10010080,д╗╕}╢m,10010080-025,зє╝dз°,51,27,24,422,261,161,173,71,102,"102Y12M"
10010,╣┼╕q┐д,10010090,кFе█╢m,10010090-001,кFе█з°,290,157,133,1626,846,780,334,152,182,"102Y12M"
10010,╣┼╕q┐д,10010090,кFе█╢m,10010090-002,╖с╛Ёз°,130,77,53,828,437,391,216,89,127,"102Y12M"
10010,╣┼╕q┐д,10010090,кFе█╢m,10010090-003,лмнэз°,188,108,80,1101,590,511,330,149,181,"102Y12M"
10010,╣┼╕q┐д,10010090,кFе█╢m,10010090-004,╢є┤фз°,296,152,144,1414,747,667,295,132,163,"102Y12M"
10010,╣┼╕q┐д,10010090,кFе█╢m,10010090-005,дTоaз°,157,82,75,962,549,413,288,131,157,"102Y12M"
10010,╣┼╕q┐д,10010090,кFе█╢m,10010090-006,е├д┘з°,87,44,43,589,312,277,158,75,83,"102Y12M"
10010,╣┼╕q┐д,10010090,кFе█╢m,10010090-007,о№оHз°,40,24,16,285,174,111,140,64,76,"102Y12M"
10010,╣┼╕q┐д,10010090,кFе█╢m,10010090-008,└s┤фз°,88,47,41,634,384,250,269,120,149,"102Y12M"
10010,╣┼╕q┐д,10010090,кFе█╢m,10010090-009,░╞├uз°,121,68,53,750,417,333,283,132,151,"102Y12M"
10010,╣┼╕q┐д,10010090,кFе█╢m,10010090-010,дU┤ез°,67,36,31,588,343,245,231,104,127,"102Y12M"
10010,╣┼╕q┐д,10010090,кFе█╢m,10010090-011,│╗┤ез°,32,16,16,291,179,112,136,61,75,"102Y12M"
10010,╣┼╕q┐д,10010090,кFе█╢m,10010090-012,╖╦дUз°,109,56,53,804,464,340,285,128,157,"102Y12M"
10010,╣┼╕q┐д,10010090,кFе█╢m,10010090-013,┤фсYз°,156,85,71,999,578,421,318,151,167,"102Y12M"
10010,╣┼╕q┐д,10010090,кFе█╢m,10010090-014,чrкQз°,91,37,54,732,405,327,219,96,123,"102Y12M"
10010,╣┼╕q┐д,10010090,кFе█╢m,10010090-015,│Є╝цз°,61,31,30,572,345,227,190,87,103,"102Y12M"
10010,╣┼╕q┐д,10010090,кFе█╢m,10010090-016,мwеJз°,109,53,56,697,392,305,212,102,110,"102Y12M"
10010,╣┼╕q┐д,10010090,кFе█╢m,10010090-017,кF▒[з°,81,41,40,562,309,253,214,94,120,"102Y12M"
10010,╣┼╕q┐д,10010090,кFе█╢m,10010090-018,жш▒[з°,159,90,69,949,506,443,231,95,136,"102Y12M"
10010,╣┼╕q┐д,10010090,кFе█╢m,10010090-019,╢єеJз°,103,52,51,755,416,339,224,96,128,"102Y12M"
10010,╣┼╕q┐д,10010090,кFе█╢m,10010090-020,║Ї╝dз°,162,88,74,1038,559,479,237,100,137,"102Y12M"
10010,╣┼╕q┐д,10010090,кFе█╢m,10010090-021,┤x╝цз°,88,56,32,604,331,273,206,98,108,"102Y12M"
10010,╣┼╕q┐д,10010090,кFе█╢m,10010090-022,┤фдfз°,28,20,8,239,162,77,97,44,53,"102Y12M"
10010,╣┼╕q┐д,10010090,кFе█╢m,10010090-023,ў┤╣кз°,142,80,62,1089,594,495,299,136,163,"102Y12M"
10010,╣┼╕q┐д,10010100,╕qж╦╢m,10010100-001,йд╕}з°,60,35,25,578,332,246,223,98,125,"102Y12M"
10010,╣┼╕q┐д,10010100,╕qж╦╢m,10010100-002,╕qж╦з°,161,71,90,1280,668,612,371,168,203,"102Y12M"
10010,╣┼╕q┐д,10010100,╕qж╦╢m,10010100-003,д╗о█з°,134,65,69,938,501,437,329,149,180,"102Y12M"
10010,╣┼╕q┐д,10010100,╕qж╦╢m,10010100-004,дпи╜з°,83,52,31,736,384,352,232,105,127,"102Y12M"
10010,╣┼╕q┐д,10010100,╕qж╦╢m,10010100-005,╢╟к┌з°,107,58,49,653,345,308,142,62,80,"102Y12M"
10010,╣┼╕q┐д,10010100,╕qж╦╢m,10010100-006,└Yж╦з°,161,78,83,1018,576,442,343,148,195,"102Y12M"
10010,╣┼╕q┐д,10010100,╕qж╦╢m,10010100-007,дннэз°,42,26,16,321,181,140,121,61,60,"102Y12M"
10010,╣┼╕q┐д,10010100,╕qж╦╢m,10010100-008,дденз°,29,13,16,333,183,150,159,66,93,"102Y12M"
10010,╣┼╕q┐д,10010100,╕qж╦╢m,10010100-009,░ёлeз°,89,46,43,620,346,274,238,101,137,"102Y12M"
10010,╣┼╕q┐д,10010100,╕qж╦╢m,10010100-010,ен╖╦з°,62,38,24,363,205,158,86,35,51,"102Y12M"
10010,╣┼╕q┐д,10010100,╕qж╦╢m,10010100-011,лс┬эз°,44,24,20,344,201,143,115,50,65,"102Y12M"
10010,╣┼╕q┐д,10010100,╕qж╦╢m,10010100-012,е_╡╪з°,65,38,27,506,260,246,124,49,75,"102Y12M"
10010,╣┼╕q┐д,10010100,╕qж╦╢m,10010100-013,╖sй▒з°,157,89,68,1265,647,618,339,134,205,"102Y12M"
10010,╣┼╕q┐д,10010100,╕qж╦╢m,10010100-014,кF╣Lз°,93,51,42,720,410,310,149,59,90,"102Y12M"
10010,╣┼╕q┐д,10010100,╕qж╦╢m,10010100-015,жш╣Lз°,82,39,43,716,384,332,186,69,117,"102Y12M"
10010,╣┼╕q┐д,10010100,╕qж╦╢m,10010100-016,йxйMз°,98,49,49,723,377,346,145,68,77,"102Y12M"
10010,╣┼╕q┐д,10010100,╕qж╦╢m,10010100-017,йx╢╢з°,68,33,35,361,187,174,101,42,59,"102Y12M"
10010,╣┼╕q┐д,10010100,╕qж╦╢m,10010100-018,╖s┤Iз°,37,18,19,427,259,168,147,57,90,"102Y12M"
10010,╣┼╕q┐д,10010100,╕qж╦╢m,10010100-019,кFе·з°,87,44,43,585,329,256,241,105,136,"102Y12M"
10010,╣┼╕q┐д,10010100,╕qж╦╢m,10010100-020,кF║aз°,23,14,9,302,189,113,149,65,84,"102Y12M"
10010,╣┼╕q┐д,10010100,╕qж╦╢m,10010100-021,└s╡ыз°,55,32,23,437,271,166,190,81,109,"102Y12M"
10010,╣┼╕q┐д,10010100,╕qж╦╢m,10010100-022,╖╦мwз°,48,29,19,453,255,198,262,117,145,"102Y12M"
10010,╣┼╕q┐д,10010110,│└пє╢m,10010110-001,лс╝dз°,45,24,21,422,227,195,125,54,71,"102Y12M"
10010,╣┼╕q┐д,10010110,│└пє╢m,10010110-002,│└кFз°,71,39,32,502,278,224,147,66,81,"102Y12M"
10010,╣┼╕q┐д,10010110,│└пє╢m,10010110-003,│└пєз°,173,94,79,1065,560,505,287,131,156,"102Y12M"
10010,╣┼╕q┐д,10010110,│└пє╢m,10010110-004,жшдлз°,184,96,88,1093,589,504,283,130,153,"102Y12M"
10010,╣┼╕q┐д,10010110,│└пє╢m,10010110-005,рT╕Yз°,82,51,31,675,469,206,100,47,53,"102Y12M"
10010,╣┼╕q┐д,10010110,│└пє╢m,10010110-006,нл╝dз°,114,52,62,818,468,350,319,142,177,"102Y12M"
10010,╣┼╕q┐д,10010110,│└пє╢m,10010110-007,мIоaз°,32,14,18,357,225,132,149,66,83,"102Y12M"
10010,╣┼╕q┐д,10010110,│└пє╢m,10010110-008,дU╝цз°,72,43,29,597,356,241,318,153,165,"102Y12M"
10010,╣┼╕q┐д,10010110,│└пє╢m,10010110-009,е·╝цз°,115,60,55,795,461,334,325,147,178,"102Y12M"
10010,╣┼╕q┐д,10010110,│└пє╢m,10010110-010,║╤╝цз°,104,56,48,713,414,299,330,150,180,"102Y12M"
10010,╣┼╕q┐д,10010110,│└пє╢m,10010110-011,кQж╦з°,103,54,49,776,451,325,265,114,151,"102Y12M"
10010,╣┼╕q┐д,10010110,│└пє╢m,10010110-012,ж╦дsз°,89,48,41,764,431,333,259,123,136,"102Y12M"
10010,╣┼╕q┐д,10010110,│└пє╢m,10010110-013,лс╘│з°,128,69,59,1060,580,480,318,141,177,"102Y12M"
10010,╣┼╕q┐д,10010110,│└пє╢m,10010110-014,дTидз°,213,91,122,1213,644,569,381,173,208,"102Y12M"
10010,╣┼╕q┐д,10010110,│└пє╢m,10010110-015,дU│┬з°,59,29,30,476,267,209,136,59,77,"102Y12M"
10010,╣┼╕q┐д,10010120,дЇдW╢m,10010120-001,дЇдWз°,619,318,301,3355,1731,1624,549,253,296,"102Y12M"
10010,╣┼╕q┐д,10010120,дЇдW╢m,10010120-002,дЇ└Yз°,319,150,169,2179,1117,1062,397,181,216,"102Y12M"
10010,╣┼╕q┐д,10010120,дЇдW╢m,10010120-003,дj╘│з°,218,110,108,1381,786,595,281,136,145,"102Y12M"
10010,╣┼╕q┐д,10010120,дЇдW╢m,10010120-004,дj▒[з°,315,165,150,1850,1005,845,370,161,209,"102Y12M"
10010,╣┼╕q┐д,10010120,дЇдW╢m,10010120-005,╢ю╖╛з°,95,55,40,688,393,295,183,80,103,"102Y12M"
10010,╣┼╕q┐д,10010120,дЇдW╢m,10010120-006,▓╩╖╦з°,246,121,125,1340,707,633,299,139,160,"102Y12M"
10010,╣┼╕q┐д,10010120,дЇдW╢m,10010120-007,дU╝dз°,192,102,90,1741,899,842,244,108,136,"102Y12M"
10010,╣┼╕q┐д,10010120,дЇдW╢m,10010120-008,дTйMз°,284,143,141,1614,859,755,251,139,112,"102Y12M"
10010,╣┼╕q┐д,10010120,дЇдW╢m,10010120-009,ж^┬kз°,50,29,21,406,189,217,59,27,32,"102Y12M"
10010,╣┼╕q┐д,10010120,дЇдW╢m,10010120-010,дT┬эз°,69,34,35,553,273,280,144,65,79,"102Y12M"
10010,╣┼╕q┐д,10010120,дЇдW╢m,10010120-011,╣tйMз°,37,19,18,343,185,158,127,55,72,"102Y12M"
10010,╣┼╕q┐д,10010120,дЇдW╢m,10010120-012,лnйMз°,145,75,70,1215,641,574,245,110,135,"102Y12M"
10010,╣┼╕q┐д,10010120,дЇдW╢m,10010120-013,└s╝wз°,254,129,125,1714,902,812,344,160,184,"102Y12M"
10010,╣┼╕q┐д,10010120,дЇдW╢m,10010120-014,╖╦мwз°,146,78,68,916,484,432,235,102,133,"102Y12M"
10010,╣┼╕q┐д,10010120,дЇдW╢m,10010120-015,мhкLз°,250,128,122,1797,969,828,302,138,164,"102Y12M"
10010,╣┼╕q┐д,10010120,дЇдW╢m,10010120-016,мh╢mз°,228,108,120,1752,894,858,345,159,186,"102Y12M"
10010,╣┼╕q┐д,10010120,дЇдW╢m,10010120-017,мh╖sз°,293,170,123,1569,781,788,220,95,125,"102Y12M"
10010,╣┼╕q┐д,10010120,дЇдW╢m,10010120-018,╝eдhз°,345,175,170,3751,1976,1775,523,237,286,"102Y12M"
10010,╣┼╕q┐д,10010120,дЇдW╢m,10010120-019,е┴е═з°,209,114,95,2714,1425,1289,418,192,226,"102Y12M"
10010,╣┼╕q┐д,10010120,дЇдW╢m,10010120-020,й╛йMз°,254,143,111,1687,869,818,354,179,175,"102Y12M"
10010,╣┼╕q┐д,10010120,дЇдW╢m,10010120-021,дд╔▄з°,241,133,108,1646,819,827,333,165,168,"102Y12M"
10010,╣┼╕q┐д,10010120,дЇдW╢m,10010120-022,лn╢mз°,114,56,58,703,414,289,191,79,112,"102Y12M"
10010,╣┼╕q┐д,10010120,дЇдW╢m,10010120-023,дTм╔з°,119,52,67,803,456,347,217,101,116,"102Y12M"
10010,╣┼╕q┐д,10010120,дЇдW╢m,10010120-024,░ъйmз°,145,70,75,1107,592,515,294,147,147,"102Y12M"
10010,╣┼╕q┐д,10010120,дЇдW╢m,10010120-025,д║╖╦з°,151,78,73,1001,523,478,175,82,93,"102Y12M"
10010,╣┼╕q┐д,10010120,дЇдW╢m,10010120-026,╕q┐│з°,106,57,49,748,409,339,172,77,95,"102Y12M"
10010,╣┼╕q┐д,10010130,ддоH╢m,10010130-001,ддоHз°,277,147,130,1602,882,720,306,135,171,"102Y12M"
10010,╣┼╕q┐д,10010130,ддоH╢m,10010130-002,ЪмБFз°,115,58,57,804,423,381,179,76,103,"102Y12M"
10010,╣┼╕q┐д,10010130,ддоH╢m,10010130-003,└sк∙з°,119,63,56,707,399,308,156,68,88,"102Y12M"
10010,╣┼╕q┐д,10010130,ддоH╢m,10010130-004,╕╬е┴з°,111,70,41,749,418,331,184,87,97,"102Y12M"
10010,╣┼╕q┐д,10010130,ддоH╢m,10010130-005,кў─їз°,252,123,129,1257,682,575,251,101,150,"102Y12M"
10010,╣┼╕q┐д,10010130,ддоH╢m,10010130-006,┤Iжмз°,415,212,203,2562,1377,1185,399,193,206,"102Y12M"
10010,╣┼╕q┐д,10010130,ддоH╢m,10010130-007,йM╖№з°,448,241,207,3066,1561,1505,434,210,224,"102Y12M"
10010,╣┼╕q┐д,10010130,ддоH╢m,10010130-008,йMм№з°,911,484,427,6401,3238,3163,906,405,501,"102Y12M"
10010,╣┼╕q┐д,10010130,ддоH╢m,10010130-009,йM┐│з°,733,372,361,5114,2648,2466,743,328,415,"102Y12M"
10010,╣┼╕q┐д,10010130,ддоH╢m,10010130-010,╢й┐│з°,264,141,123,1659,903,756,345,166,179,"102Y12M"
10010,╣┼╕q┐д,10010130,ддоH╢m,10010130-011,╕qдпз°,234,126,108,1280,691,589,283,133,150,"102Y12M"
10010,╣┼╕q┐д,10010130,ддоH╢m,10010130-012,к└дfз°,296,164,132,1859,1016,843,385,159,226,"102Y12M"
10010,╣┼╕q┐д,10010130,ддоH╢m,10010130-013,╞W╝цз°,132,64,68,888,508,380,230,106,124,"102Y12M"
10010,╣┼╕q┐д,10010130,ддоH╢m,10010130-014,е█Щ}з°,156,79,77,1035,564,471,262,118,144,"102Y12M"
10010,╣┼╕q┐д,10010130,ддоH╢m,10010130-015,│╗оHз°,131,74,57,850,469,381,214,97,117,"102Y12M"
10010,╣┼╕q┐д,10010130,ддоH╢m,10010130-016,жPдпз°,233,138,95,1723,953,770,402,183,219,"102Y12M"
10010,╣┼╕q┐д,10010130,ддоH╢m,10010130-017,╖ч┬╫з°,93,57,36,693,390,303,111,44,67,"102Y12M"
10010,╣┼╕q┐д,10010130,ддоH╢m,10010130-018,╦NдЇз°,139,75,64,886,495,391,226,100,126,"102Y12M"
10010,╣┼╕q┐д,10010130,ддоH╢m,10010130-019,дT╝hз°,68,31,37,611,345,266,103,44,59,"102Y12M"
10010,╣┼╕q┐д,10010130,ддоH╢m,10010130-020,▓`з|з°,91,44,47,657,365,292,147,64,83,"102Y12M"
10010,╣┼╕q┐д,10010130,ддоH╢m,10010130-021,кF┐│з°,45,23,22,335,191,144,67,28,39,"102Y12M"
10010,╣┼╕q┐д,10010130,ддоH╢m,10010130-022,дд▒[з°,39,14,25,264,154,110,57,29,28,"102Y12M"
10010,╣┼╕q┐д,10010140,ж╦▒T╢m,10010140-001,ж╦▒Tз°,393,211,182,2197,1131,1066,408,191,217,"102Y12M"
10010,╣┼╕q┐д,10010140,ж╦▒T╢m,10010140-002,йMенз°,371,182,189,1926,1032,894,374,177,197,"102Y12M"
10010,╣┼╕q┐д,10010140,ж╦▒T╢m,10010140-003,з|└Yз°,93,50,43,673,375,298,151,63,88,"102Y12M"
10010,╣┼╕q┐д,10010140,ж╦▒T╢m,10010140-004,иFз|з°,92,40,52,745,431,314,152,62,90,"102Y12M"
10010,╣┼╕q┐д,10010140,ж╦▒T╢m,10010140-005,╖р╘▒з°,165,85,80,1069,603,466,253,118,135,"102Y12M"
10010,╣┼╕q┐д,10010140,ж╦▒T╢m,10010140-006,╕qйMз°,69,40,29,532,298,234,111,54,57,"102Y12M"
10010,╣┼╕q┐д,10010140,ж╦▒T╢m,10010140-007,╕qдпз°,153,89,64,870,488,382,234,101,133,"102Y12M"
10010,╣┼╕q┐д,10010140,ж╦▒T╢m,10010140-008,╞W╛Їз°,617,331,286,4617,2460,2157,809,381,428,"102Y12M"
10010,╣┼╕q┐д,10010140,ж╦▒T╢m,10010140-009,│└║бз°,181,105,76,1288,705,583,288,139,149,"102Y12M"
10010,╣┼╕q┐д,10010140,ж╦▒T╢m,10010140-010,╡╡╢│з°,218,115,103,1233,670,563,287,134,153,"102Y12M"
10010,╣┼╕q┐д,10010140,ж╦▒T╢m,10010140-011,д║оHз°,249,136,113,1362,715,647,341,158,183,"102Y12M"
10010,╣┼╕q┐д,10010140,ж╦▒T╢m,10010140-012,к@енз°,247,122,125,1574,862,712,351,150,201,"102Y12M"
10010,╣┼╕q┐д,10010140,ж╦▒T╢m,10010140-013,е╒з√з°,66,30,36,599,335,264,134,62,72,"102Y12M"
10010,╣┼╕q┐д,10010140,ж╦▒T╢m,10010140-014,оч╖╜з°,140,75,65,843,495,348,229,108,121,"102Y12M"
10010,╣┼╕q┐д,10010140,ж╦▒T╢m,10010140-015,╢э┐│з°,136,70,66,744,414,330,173,78,95,"102Y12M"
10010,╣┼╕q┐д,10010140,ж╦▒T╢m,10010140-016,╕q╢йз°,91,52,39,509,292,217,93,45,48,"102Y12M"
10010,╣┼╕q┐д,10010140,ж╦▒T╢m,10010140-017,└sдsз°,260,134,126,1548,862,686,334,144,190,"102Y12M"
10010,╣┼╕q┐д,10010140,ж╦▒T╢m,10010140-018,дхФвз°,81,43,38,557,326,231,160,63,97,"102Y12M"
10010,╣┼╕q┐д,10010140,ж╦▒T╢m,10010140-019,кў╖рз°,51,26,25,355,208,147,111,56,55,"102Y12M"
10010,╣┼╕q┐д,10010140,ж╦▒T╢m,10010140-020,┤_кўз°,242,127,115,1651,912,739,395,191,204,"102Y12M"
10010,╣┼╕q┐д,10010140,ж╦▒T╢m,10010140-021,╜vЇмз°,105,60,45,745,429,316,237,100,137,"102Y12M"
10010,╣┼╕q┐д,10010140,ж╦▒T╢m,10010140-022,дп╣╪з°,18,10,8,180,120,60,71,34,37,"102Y12M"
10010,╣┼╕q┐д,10010140,ж╦▒T╢m,10010140-023,ддйMз°,118,61,57,684,401,283,162,74,88,"102Y12M"
10010,╣┼╕q┐д,10010140,ж╦▒T╢m,10010140-024,е·╡╪з°,77,45,32,596,355,241,184,95,89,"102Y12M"
10010,╣┼╕q┐д,10010150,▒Ўдs╢m,10010150-001,▒ЎкFз°,284,137,147,1898,1010,888,568,266,302,"102Y12M"
10010,╣┼╕q┐д,10010150,▒Ўдs╢m,10010150-002,▒Ўлnз°,119,64,55,775,400,375,243,110,133,"102Y12M"
10010,╣┼╕q┐д,10010150,▒Ўдs╢m,10010150-003,╣Lдsз°,49,23,26,443,244,199,157,75,82,"102Y12M"
10010,╣┼╕q┐д,10010150,▒Ўдs╢m,10010150-004,▒Ўе_з°,626,327,299,3803,1964,1839,801,381,420,"102Y12M"
10010,╣┼╕q┐д,10010150,▒Ўдs╢m,10010150-005,ж`лnз°,49,25,24,334,204,130,130,62,68,"102Y12M"
10010,╣┼╕q┐д,10010150,▒Ўдs╢m,10010150-006,е├┐│з°,69,35,34,432,230,202,123,58,65,"102Y12M"
10010,╣┼╕q┐д,10010150,▒Ўдs╢m,10010150-007,еbд╤з°,32,12,20,317,170,147,112,48,64,"102Y12M"
10010,╣┼╕q┐д,10010150,▒Ўдs╢m,10010150-008,ж`е_з°,75,41,34,502,281,221,168,73,95,"102Y12M"
10010,╣┼╕q┐д,10010150,▒Ўдs╢m,10010150-009,дjлnз°,239,131,108,1417,805,612,365,167,198,"102Y12M"
10010,╣┼╕q┐д,10010150,▒Ўдs╢m,10010150-010,О{╖╦з°,66,38,28,503,292,211,127,52,75,"102Y12M"
10010,╣┼╕q┐д,10010150,▒Ўдs╢m,10010150-011,жw╣tз°,88,50,38,724,434,290,214,95,119,"102Y12M"
10010,╣┼╕q┐д,10010150,▒Ўдs╢m,10010150-012,д╙енз°,54,28,26,410,256,154,133,64,69,"102Y12M"
10010,╣┼╕q┐д,10010150,▒Ўдs╢m,10010150-013,║╤┤Єз°,26,12,14,213,131,82,85,35,50,"102Y12M"
10010,╣┼╕q┐д,10010150,▒Ўдs╢m,10010150-014,д╙┐│з°,36,19,17,383,226,157,90,39,51,"102Y12M"
10010,╣┼╕q┐д,10010150,▒Ўдs╢m,10010150-015,╖чФвз°,123,74,49,613,340,273,166,89,77,"102Y12M"
10010,╣┼╕q┐д,10010150,▒Ўдs╢m,10010150-016,╖чи╜з°,92,46,46,529,293,236,150,71,79,"102Y12M"
10010,╣┼╕q┐д,10010150,▒Ўдs╢m,10010150-017,д╙йMз°,153,87,66,769,431,338,210,106,104,"102Y12M"
10010,╣┼╕q┐д,10010150,▒Ўдs╢m,10010150-018,└s▓┤з°,40,19,21,332,185,147,117,56,61,"102Y12M"
10010,╣┼╕q┐д,10010160,╡f╕Ї╢m,10010160-001,ж┐жшз°,120,70,50,994,541,453,217,106,111,"102Y12M"
10010,╣┼╕q┐д,10010160,╡f╕Ї╢m,10010160-002,д║┬|з°,33,20,13,334,177,157,129,66,63,"102Y12M"
10010,╣┼╕q┐д,10010160,╡f╕Ї╢m,10010160-003,╖s║╓з°,202,114,88,1121,626,495,264,131,133,"102Y12M"
10010,╣┼╕q┐д,10010160,╡f╕Ї╢m,10010160-004,дUз|з°,284,154,130,1630,867,763,313,137,176,"102Y12M"
10010,╣┼╕q┐д,10010160,╡f╕Ї╢m,10010160-005,╡f╕Їз°,111,62,49,750,403,347,153,71,82,"102Y12M"
10010,╣┼╕q┐д,10010160,╡f╕Ї╢m,10010160-006,е┴йMз°,119,60,59,718,400,318,163,78,85,"102Y12M"
10010,╣┼╕q┐д,10010160,╡f╕Ї╢m,10010160-007,─▓дfз°,217,124,93,1112,606,506,221,96,125,"102Y12M"
10010,╣┼╕q┐д,10010160,╡f╕Ї╢m,10010160-008,дj┤Єз°,96,57,39,538,329,209,163,81,82,"102Y12M"
10010,╣┼╕q┐д,10010160,╡f╕Ї╢m,10010160-009,д╜е╨з°,95,45,50,850,494,356,188,93,95,"102Y12M"
10010,╣┼╕q┐д,10010160,╡f╕Ї╢m,10010160-010,д╜┐│з°,46,26,20,436,272,164,118,69,49,"102Y12M"
10010,╣┼╕q┐д,10010160,╡f╕Ї╢m,10010160-011,пєдsз°,37,14,23,343,200,143,59,29,30,"102Y12M"
10010,╣┼╕q┐д,10010170,дjоH╢m,10010170-001,дjоHз°,226,113,113,1318,678,640,207,89,118,"102Y12M"
10010,╣┼╕q┐д,10010170,дjоH╢m,10010170-002,йMенз°,102,51,51,553,295,258,84,42,42,"102Y12M"
10010,╣┼╕q┐д,10010170,дjоH╢m,10010170-003,е├╝╓з°,82,45,37,367,198,169,47,22,25,"102Y12M"
10010,╣┼╕q┐д,10010170,дjоH╢m,10010170-004,нX╨дз°,121,61,60,706,382,324,132,61,71,"102Y12M"
10010,╣┼╕q┐д,10010170,дjоH╢m,10010170-005,жш┐│з°,47,28,19,489,263,226,86,47,39,"102Y12M"
10010,╣┼╕q┐д,10010180,к№и╜дs╢m,10010180-001,дддsз°,38,23,15,318,172,146,73,33,40,"102Y12M"
10010,╣┼╕q┐д,10010180,к№и╜дs╢m,10010180-002,дде┐з°,21,10,11,172,93,79,27,15,12,"102Y12M"
10010,╣┼╕q┐д,10010180,к№и╜дs╢m,10010180-003,н╗кLз°,15,5,10,138,72,66,53,29,24,"102Y12M"
10010,╣┼╕q┐д,10010180,к№и╜дs╢m,10010180-004,дQжrз°,35,25,10,241,143,98,74,39,35,"102Y12M"
10010,╣┼╕q┐д,10010180,к№и╜дs╢m,10010180-005,и╙жNз°,61,34,27,297,155,142,42,21,21,"102Y12M"
10010,╣┼╕q┐д,10010180,к№и╜дs╢m,10010180-006,┬╫дsз°,64,38,26,267,162,105,55,26,29,"102Y12M"
10010,╣┼╕q┐д,10010180,к№и╜дs╢m,10010180-007,╣Fи╣з°,155,80,75,721,384,337,138,51,87,"102Y12M"
10010,╣┼╕q┐д,10010180,к№и╜дs╢m,10010180-008,╝╓│ез°,196,105,91,843,428,415,113,52,61,"102Y12M"
10010,╣┼╕q┐д,10010180,к№и╜дs╢m,10010180-009,и╜и╬з°,36,23,13,215,130,85,30,9,21,"102Y12M"
10010,╣┼╕q┐д,10010180,к№и╜дs╢m,10010180-010,дsм№з°,134,80,54,453,242,211,39,12,27,"102Y12M"
10010,╣┼╕q┐д,10010180,к№и╜дs╢m,10010180-011,╖sм№з°,69,42,27,266,142,124,38,14,24,"102Y12M"
10010,╣┼╕q┐д,10010180,к№и╜дs╢m,10010180-012,п∙дsз°,55,34,21,205,109,96,35,16,19,"102Y12M"
10013,л╠кF┐д,10013010,л╠кFел,10013010-001,е·║aи╜,96,44,52,615,305,310,166,80,86,"102Y12M"
10013,л╠кF┐д,10013010,л╠кFел,10013010-002,дхй·и╜,59,24,35,277,144,133,87,42,45,"102Y12M"
10013,л╠кF┐д,10013010,л╠кFел,10013010-003,кZ╝qи╜,62,41,21,265,130,135,93,41,52,"102Y12M"
10013,л╠кF┐д,10013010,л╠кFел,10013010-004,дjжPи╜,105,51,54,562,280,282,149,62,87,"102Y12M"
10013,л╠кF┐д,10013010,л╠кFел,10013010-005,оїжwи╜,86,42,44,451,234,217,137,55,82,"102Y12M"
10013,л╠кF┐д,10013010,л╠кFел,10013010-006,║▌е┐и╜,37,22,15,238,115,123,56,34,22,"102Y12M"
10013,л╠кF┐д,10013010,л╠кFел,10013010-007,е┴┼vи╜,53,27,26,525,272,253,125,58,67,"102Y12M"
10013,л╠кF┐д,10013010,л╠кFел,10013010-008,дjоHи╜,77,40,37,607,341,266,163,75,88,"102Y12M"
10013,л╠кF┐д,10013010,л╠кFел,10013010-009,е▓лHи╜,80,41,39,519,279,240,118,54,64,"102Y12M"
10013,л╠кF┐д,10013010,л╠кFел,10013010-010,▒R┤╝и╜,36,18,18,348,191,157,85,40,45,"102Y12M"
10013,л╠кF┐д,10013010,л╠кFел,10013010-011,▒R┬зи╜,43,21,22,253,131,122,83,39,44,"102Y12M"
10013,л╠кF┐д,10013010,л╠кFел,10013010-012,║√╖sи╜,277,147,130,2361,1249,1112,537,247,290,"102Y12M"
10013,л╠кF┐д,10013010,л╠кFел,10013010-013,жw╝╓и╜,77,45,32,427,210,217,109,48,61,"102Y12M"
10013,л╠кF┐д,10013010,л╠кFел,10013010-014,енйMи╜,75,41,34,603,307,296,160,78,82,"102Y12M"
10013,л╠кF┐д,10013010,л╠кFел,10013010-015,╖г╛Ёи╜,33,14,19,375,198,177,110,55,55,"102Y12M"
10013,л╠кF┐д,10013010,л╠кFел,10013010-016,з▀н╖и╜,100,38,62,520,273,247,133,56,77,"102Y12M"
10013,л╠кF┐д,10013010,л╠кFел,10013010-017,╝yмKи╜,30,18,12,249,136,113,66,33,33,"102Y12M"
10013,л╠кF┐д,10013010,л╠кFел,10013010-018,кўмuи╜,77,44,33,576,278,298,147,62,85,"102Y12M"
10013,л╠кF┐д,10013010,л╠кFел,10013010-019,│╙┬╫и╜,59,29,30,356,185,171,95,42,53,"102Y12M"
10013,л╠кF┐д,10013010,л╠кFел,10013010-020,╛Їлnи╜,235,127,108,1413,745,668,263,128,135,"102Y12M"
10013,л╠кF┐д,10013010,л╠кFел,10013010-021,╛Їе_и╜,90,42,48,773,389,384,175,81,94,"102Y12M"
10013,л╠кF┐д,10013010,л╠кFел,10013010-022,к°мKи╜,500,270,230,1797,838,959,327,156,171,"102Y12M"
10013,л╠кF┐д,10013010,л╠кFел,10013010-023,┬╫║aи╜,370,201,169,2223,1072,1151,427,193,234,"102Y12M"
10013,л╠кF┐д,10013010,л╠кFел,10013010-024,┬╫╖╜и╜,834,425,409,3288,1531,1757,655,309,346,"102Y12M"
10013,л╠кF┐д,10013010,л╠кFел,10013010-025,┬╫е╨и╜,862,434,428,3789,1813,1976,568,289,279,"102Y12M"
10013,л╠кF┐д,10013010,л╠кFел,10013010-026,дj│sи╜,1716,902,814,9140,4365,4775,1037,512,525,"102Y12M"
10013,л╠кF┐д,10013010,л╠кFел,10013010-027,┤Єжши╜,230,123,107,1371,717,654,251,119,132,"102Y12M"
10013,л╠кF┐д,10013010,л╠кFел,10013010-028,┤Єлnи╜,143,68,75,924,497,427,181,92,89,"102Y12M"
10013,л╠кF┐д,10013010,л╠кFел,10013010-029,┬kд▀и╜,166,88,78,1010,531,479,195,93,102,"102Y12M"
10013,л╠кF┐д,10013010,л╠кFел,10013010-030,╖че·и╜,1160,628,532,6493,3138,3355,1164,638,526,"102Y12M"
10013,л╠кF┐д,10013010,л╠кFел,10013010-031,╖sе═и╜,730,384,346,5023,2555,2468,621,286,335,"102Y12M"
10013,л╠кF┐д,10013010,л╠кFел,10013010-032,│╗жvи╜,45,22,23,458,266,192,85,42,43,"102Y12M"
10013,л╠кF┐д,10013010,л╠кFел,10013010-033,лpе═и╜,412,193,219,2564,1323,1241,473,200,273,"102Y12M"
10013,л╠кF┐д,10013010,л╠кFел,10013010-034,╛▄дпи╜,86,53,33,803,439,364,165,81,84,"102Y12M"
10013,л╠кF┐д,10013010,л╠кFел,10013010-035,л╪░ъи╜,116,65,51,848,422,426,106,56,50,"102Y12M"
10013,л╠кF┐д,10013010,л╠кFел,10013010-036,д@д▀и╜,161,79,82,1079,511,568,166,71,95,"102Y12M"
10013,л╠кF┐д,10013010,л╠кFел,10013010-037,╕Uж~и╜,55,26,29,594,315,279,158,66,92,"102Y12M"
10013,л╠кF┐д,10013010,л╠кFел,10013010-038,╕qлiи╜,107,49,58,952,466,486,120,45,75,"102Y12M"
10013,л╠кF┐д,10013010,л╠кFел,10013010-039,е·╡╪и╜,73,40,33,640,362,278,130,63,67,"102Y12M"
10013,л╠кF┐д,10013010,л╠кFел,10013010-040,е├жwи╜,870,452,418,6450,3265,3185,910,409,501,"102Y12M"
10013,л╠кF┐д,10013010,л╠кFел,10013010-041,╖s┐│и╜,431,239,192,2316,1201,1115,314,151,163,"102Y12M"
10013,л╠кF┐д,10013010,л╠кFел,10013010-042,д╜└]и╜,189,103,86,1294,635,659,269,131,138,"102Y12M"
10013,л╠кF┐д,10013010,л╠кFел,10013010-043,└s╡╪и╜,322,163,159,1997,1007,990,375,179,196,"102Y12M"
10013,л╠кF┐д,10013010,л╠кFел,10013010-044,е╔жии╜,225,126,99,1366,718,648,207,102,105,"102Y12M"
10013,л╠кF┐д,10013010,л╠кFел,10013010-045,│╗мhи╜,134,68,66,982,523,459,156,78,78,"102Y12M"
10013,л╠кF┐д,10013010,л╠кFел,10013010-046,дj┤Єи╜,224,117,107,1629,868,761,232,102,130,"102Y12M"
10013,л╠кF┐д,10013010,л╠кFел,10013010-047,нт╢│и╜,51,29,22,493,255,238,178,83,95,"102Y12M"
10013,л╠кF┐д,10013010,л╠кFел,10013010-048,─P╡{и╜,103,60,43,470,253,217,105,46,59,"102Y12M"
10013,л╠кF┐д,10013010,л╠кFел,10013010-049,жw┬эи╜,280,152,128,1810,936,874,302,131,171,"102Y12M"
10013,л╠кF┐д,10013010,л╠кFел,10013010-050,е├е·и╜,109,66,43,918,495,423,208,99,109,"102Y12M"
10013,л╠кF┐д,10013010,л╠кFел,10013010-051,дjмwи╜,153,90,63,1116,597,519,153,64,89,"102Y12M"
10013,л╠кF┐д,10013010,л╠кFел,10013010-053,дjкZи╜,1235,659,576,7712,3776,3936,829,389,440,"102Y12M"
10013,л╠кF┐д,10013010,л╠кFел,10013010-054,лe╢iи╜,316,176,140,2612,1382,1230,441,203,238,"102Y12M"
10013,л╠кF┐д,10013010,л╠кFел,10013010-055,▓M╖╦и╜,636,340,296,3722,1847,1875,343,146,197,"102Y12M"
10013,л╠кF┐д,10013010,л╠кFел,10013010-056,к°жwи╜,255,136,119,1720,934,786,326,170,156,"102Y12M"
10013,л╠кF┐д,10013010,л╠кFел,10013010-057,е├╢╢и╜,35,16,19,316,169,147,78,39,39,"102Y12M"
10013,л╠кF┐д,10013010,л╠кFел,10013010-058,е├йўи╜,32,19,13,173,91,82,35,10,25,"102Y12M"
10013,л╠кF┐д,10013010,л╠кFел,10013010-059,┤╡дхи╜,406,216,190,1636,778,858,328,146,182,"102Y12M"
10013,л╠кF┐д,10013010,л╠кFел,10013010-060,╡╪дsи╜,1022,522,500,4712,2215,2497,651,303,348,"102Y12M"
10013,л╠кF┐д,10013010,л╠кFел,10013010-061,┐│╝╓и╜,190,89,101,608,283,325,172,69,103,"102Y12M"
10013,л╠кF┐д,10013010,л╠кFел,10013010-062,й·е┐и╜,132,74,58,627,290,337,166,81,85,"102Y12M"
10013,л╠кF┐д,10013010,л╠кFел,10013010-063,д╙ени╜,131,76,55,648,307,341,177,80,97,"102Y12M"
10013,л╠кF┐д,10013010,л╠кFел,10013010-064,дде┐и╜,763,401,362,4366,2098,2268,491,215,276,"102Y12M"
10013,л╠кF┐д,10013010,л╠кFел,10013010-065,│╙зQи╜,599,319,280,4846,2502,2344,680,323,357,"102Y12M"
10013,л╠кF┐д,10013010,л╠кFел,10013010-066,е├л░и╜,276,145,131,1908,950,958,419,193,226,"102Y12M"
10013,л╠кF┐д,10013010,л╠кFел,10013010-067,╖╛м№и╜,583,281,302,2274,1100,1174,410,183,227,"102Y12M"
10013,л╠кF┐д,10013010,л╠кFел,10013010-068,е_╢╒и╜,347,183,164,2134,1041,1093,407,202,205,"102Y12M"
10013,л╠кF┐д,10013010,л╠кFел,10013010-069,е_┐│и╜,1041,550,491,5673,2727,2946,647,303,344,"102Y12M"
10013,л╠кF┐д,10013010,л╠кFел,10013010-070,дп╖Rи╜,606,297,309,2145,981,1164,323,148,175,"102Y12M"
10013,л╠кF┐д,10013010,л╠кFел,10013010-071,╝s┐│и╜,265,141,124,1828,924,904,315,146,169,"102Y12M"
10013,л╠кF┐д,10013010,л╠кFел,10013010-073,▒R─їи╜,1998,1034,964,10038,4853,5185,1205,548,657,"102Y12M"
10013,л╠кF┐д,10013010,л╠кFел,10013010-074,к┼╡╛и╜,150,76,74,1019,506,513,265,124,141,"102Y12M"
10013,л╠кF┐д,10013010,л╠кFел,10013010-075,╝цсYи╜,1885,961,924,10091,4836,5255,1115,534,581,"102Y12M"
10013,л╠кF┐д,10013010,л╠кFел,10013010-076,дTдsи╜,157,69,88,1188,617,571,218,104,114,"102Y12M"
10013,л╠кF┐д,10013010,л╠кFел,10013010-077,о№┬╫и╜,107,56,51,756,404,352,167,85,82,"102Y12M"
10013,л╠кF┐д,10013010,л╠кFел,10013010-078,дп╕qи╜,159,87,72,1024,547,477,179,93,86,"102Y12M"
10013,л╠кF┐д,10013010,л╠кFел,10013010-079,йM┐│и╜,140,76,64,929,475,454,133,65,68,"102Y12M"
10013,л╠кF┐д,10013010,л╠кFел,10013010-080,лHйMи╜,174,89,85,1381,726,655,269,140,129,"102Y12M"
10013,л╠кF┐д,10013010,л╠кFел,10013010-081,▒RкZи╜,475,247,228,2359,1153,1206,507,215,292,"102Y12M"
10013,л╠кF┐д,10013020,╝щж{┬э,10013020-001,╝щж{и╜,64,42,22,440,241,199,123,50,73,"102Y12M"
10013,л╠кF┐д,10013020,╝щж{┬э,10013020-002,жP║aи╜,68,40,28,519,256,263,153,72,81,"102Y12M"
10013,л╠кF┐д,10013020,╝щж{┬э,10013020-003,╖s║aи╜,171,90,81,1104,549,555,249,121,128,"102Y12M"
10013,л╠кF┐д,10013020,╝щж{┬э,10013020-004,╖sе═и╜,120,64,56,882,468,414,193,76,117,"102Y12M"
10013,л╠кF┐д,10013020,╝щж{┬э,10013020-005,е·╡╪и╜,839,429,410,4427,2189,2238,599,276,323,"102Y12M"
10013,л╠кF┐д,10013020,╝щж{┬э,10013020-006,┤^л░и╜,130,72,58,774,406,368,139,65,74,"102Y12M"
10013,л╠кF┐д,10013020,╝щж{┬э,10013020-007,дTмPи╜,816,423,393,4847,2355,2492,567,267,300,"102Y12M"
10013,л╠кF┐д,10013020,╝щж{┬э,10013020-008,дTж@и╜,950,495,455,5806,2864,2942,914,423,491,"102Y12M"
10013,л╠кF┐д,10013020,╝щж{┬э,10013020-009,дTйMи╜,374,196,178,1826,897,929,280,127,153,"102Y12M"
10013,л╠кF┐д,10013020,╝щж{┬э,10013020-010,дн╗эи╜,225,120,105,1283,653,630,174,78,96,"102Y12M"
10013,л╠кF┐д,10013020,╝щж{┬э,10013020-011,╜┤╡▄и╜,352,173,179,1969,1006,963,342,164,178,"102Y12M"
10013,л╠кF┐д,10013020,╝щж{┬э,10013020-012,дK╖▌и╜,323,190,133,1966,1018,948,329,149,180,"102Y12M"
10013,л╠кF┐д,10013020,╝щж{┬э,10013020-013,е├мKи╜,1072,565,507,6329,3084,3245,762,352,410,"102Y12M"
10013,л╠кF┐д,10013020,╝щж{┬э,10013020-014,┤IмKи╜,186,90,96,1107,555,552,232,119,113,"102Y12M"
10013,л╠кF┐д,10013020,╝щж{┬э,10013020-015,е·мKи╜,210,113,97,1220,641,579,210,91,119,"102Y12M"
10013,л╠кF┐д,10013020,╝щж{┬э,10013020-016,┐│м№и╜,108,60,48,802,427,375,138,67,71,"102Y12M"
10013,л╠кF┐д,10013020,╝щж{┬э,10013020-017,эBдlи╜,92,47,45,457,255,202,78,32,46,"102Y12M"
10013,л╠кF┐д,10013020,╝щж{┬э,10013020-018,дE╢Їи╜,192,93,99,1496,812,684,246,110,136,"102Y12M"
10013,л╠кF┐д,10013020,╝щж{┬э,10013020-019,кrкLи╜,210,108,102,1439,746,693,282,138,144,"102Y12M"
10013,л╠кF┐д,10013020,╝щж{┬э,10013020-020,е|мKи╜,191,94,97,1613,851,762,354,166,188,"102Y12M"
10013,л╠кF┐д,10013020,╝щж{┬э,10013020-021,▒[кFи╜,188,102,86,1359,721,638,297,148,149,"102Y12M"
10013,л╠кF┐д,10013030,кF┤ф┬э,10013030-001,╖s│╙и╜,362,169,193,1849,952,897,405,176,229,"102Y12M"
10013,л╠кF┐д,10013030,кF┤ф┬э,10013030-002,│╗╖sи╜,96,47,49,477,257,220,104,51,53,"102Y12M"
10013,л╠кF┐д,10013030,кF┤ф┬э,10013030-003,│╗дди╜,67,34,33,383,184,199,85,44,41,"102Y12M"
10013,л╠кF┐д,10013030,кF┤ф┬э,10013030-004,кFйMи╜,128,69,59,617,299,318,101,48,53,"102Y12M"
10013,л╠кF┐д,10013030,кF┤ф┬э,10013030-005,┐│еxи╜,90,55,35,457,240,217,97,44,53,"102Y12M"
10013,л╠кF┐д,10013030,кF┤ф┬э,10013030-006,дд┐│и╜,225,121,104,677,332,345,107,41,66,"102Y12M"
10013,л╠кF┐д,10013030,кF┤ф┬э,10013030-007,┤┬жwи╜,360,186,174,1529,797,732,335,155,180,"102Y12M"
10013,л╠кF┐д,10013030,кF┤ф┬э,10013030-008,дK╝wи╜,211,106,105,750,403,347,133,69,64,"102Y12M"
10013,л╠кF┐д,10013030,кF┤ф┬э,10013030-009,кF╢йи╜,317,159,158,1141,609,532,224,100,124,"102Y12M"
10013,л╠кF┐д,10013030,кF┤ф┬э,10013030-010,┬╫║ои╜,88,43,45,546,281,265,123,65,58,"102Y12M"
10013,л╠кF┐д,10013030,кF┤ф┬э,10013030-011,▓▒║ои╜,258,140,118,1278,656,622,170,75,95,"102Y12M"
10013,л╠кF┐д,10013030,кF┤ф┬э,10013030-012,┐│║ои╜,444,228,216,1760,875,885,286,141,145,"102Y12M"
10013,л╠кF┐д,10013030,кF┤ф┬э,10013030-013,┬эо№и╜,504,259,245,2618,1340,1278,318,150,168,"102Y12M"
10013,л╠кF┐д,10013030,кF┤ф┬э,10013030-014,╣┼╜ми╜,425,203,222,1629,822,807,217,106,111,"102Y12M"
10013,л╠кF┐д,10013030,кF┤ф┬э,10013030-015,лnени╜,243,128,115,1502,819,683,238,131,107,"102Y12M"
10013,л╠кF┐д,10013030,кF┤ф┬э,10013030-016,▓ю└Yи╜,1118,566,552,4843,2394,2449,529,250,279,"102Y12M"
10013,л╠кF┐д,10013030,кF┤ф┬э,10013030-017,дUб╜и╜,299,168,131,1776,933,843,309,145,164,"102Y12M"
10013,л╠кF┐д,10013030,кF┤ф┬э,10013030-018,дj╝ци╜,208,101,107,1366,728,638,300,151,149,"102Y12M"
10013,л╠кF┐д,10013030,кF┤ф┬э,10013030-019,┐│кFи╜,1791,940,851,7767,3838,3929,744,336,408,"102Y12M"
10013,л╠кF┐д,10013030,кF┤ф┬э,10013030-020,┐│╣Aи╜,192,102,90,1050,526,524,130,67,63,"102Y12M"
10013,л╠кF┐д,10013030,кF┤ф┬э,10013030-021,┐│йMи╜,169,91,78,965,483,482,160,69,91,"102Y12M"
10013,л╠кF┐д,10013030,кF┤ф┬э,10013030-022,ж@йMи╜,115,51,64,465,247,218,115,50,65,"102Y12M"
10013,л╠кF┐д,10013030,кF┤ф┬э,10013030-023,дj─Pи╜,11,7,4,152,88,64,37,19,18,"102Y12M"
10013,л╠кF┐д,10013040,лэмK┬э,10013040-001,л░лnи╜,180,93,87,816,415,401,179,87,92,"102Y12M"
10013,л╠кF┐д,10013040,лэмK┬э,10013040-002,л░е_и╜,439,228,211,2013,966,1047,320,150,170,"102Y12M"
10013,л╠кF┐д,10013040,лэмK┬э,10013040-003,л░жши╜,196,107,89,991,497,494,181,81,100,"102Y12M"
10013,л╠кF┐д,10013040,лэмK┬э,10013040-004,дs╕}и╜,797,397,400,3580,1772,1808,574,257,317,"102Y12M"
10013,л╠кF┐д,10013040,лэмK┬э,10013040-005,║Їп╜и╜,619,303,316,2626,1344,1282,443,206,237,"102Y12M"
10013,л╠кF┐д,10013040,лэмK┬э,10013040-006,дп╣╪и╜,132,62,70,714,394,320,146,73,73,"102Y12M"
10013,л╠кF┐д,10013040,лэмK┬э,10013040-007,нX┤Єи╜,62,36,26,411,233,178,105,45,60,"102Y12M"
10013,л╠кF┐д,10013040,лэмK┬э,10013040-008,└Y╖╛и╜,60,31,29,350,197,153,128,62,66,"102Y12M"
10013,л╠кF┐д,10013040,лэмK┬э,10013040-009,е|╖╛и╜,137,68,69,860,484,376,178,95,83,"102Y12M"
10013,л╠кF┐д,10013040,лэмK┬э,10013040-010,╝wйMи╜,174,73,101,815,426,389,133,63,70,"102Y12M"
10013,л╠кF┐д,10013040,лэмK┬э,10013040-011,└sдЇи╜,177,100,77,913,477,436,175,78,97,"102Y12M"
10013,л╠кF┐д,10013040,лэмK┬э,10013040-012,дsо№и╜,287,142,145,1321,724,597,298,142,156,"102Y12M"
10013,л╠кF┐д,10013040,лэмK┬э,10013040-013,дjе·и╜,418,216,202,1849,987,862,364,168,196,"102Y12M"
10013,л╠кF┐д,10013040,лэмK┬э,10013040-014,дЇмuи╜,213,112,101,1183,670,513,297,135,162,"102Y12M"
10013,л╠кF┐д,10013040,лэмK┬э,10013040-015,лn╞Wи╜,325,170,155,1612,826,786,199,97,102,"102Y12M"
10013,л╠кF┐д,10013040,лэмK┬э,10013040-016,╛┴дBи╜,181,94,87,1136,575,561,176,85,91,"102Y12M"
10013,л╠кF┐д,10013040,лэмK┬э,10013040-017,├Z╞qи╜,179,101,78,1008,550,458,153,69,84,"102Y12M"
10013,л╠кF┐д,10013050,╕Uдж╢m,10013050-001,╕Uжwз°,116,59,57,517,263,254,115,56,59,"102Y12M"
10013,л╠кF┐д,10013050,╕Uдж╢m,10013050-002,╕U┤fз°,169,96,73,733,366,367,167,90,77,"102Y12M"
10013,л╠кF┐д,10013050,╕Uдж╢m,10013050-003,╕Uе■з°,495,252,243,3198,1647,1551,544,245,299,"102Y12M"
10013,л╠кF┐д,10013050,╕Uдж╢m,10013050-004,╕Uлсз°,139,72,67,602,301,301,81,34,47,"102Y12M"
10013,л╠кF┐д,10013050,╕Uдж╢m,10013050-005,╕Uе═з°,217,111,106,1266,652,614,235,111,124,"102Y12M"
10013,л╠кF┐д,10013050,╕Uдж╢m,10013050-006,─_нэз°,420,227,193,2007,1053,954,330,153,177,"102Y12M"
10013,л╠кF┐д,10013050,╕Uдж╢m,10013050-007,е|║√з°,340,178,162,1813,965,848,273,124,149,"102Y12M"
10013,л╠кF┐д,10013050,╕Uдж╢m,10013050-008,ж╦кLз°,211,120,91,1501,790,711,272,132,140,"102Y12M"
10013,л╠кF┐д,10013050,╕Uдж╢m,10013050-009,╝sжwз°,276,159,117,2021,1048,973,306,153,153,"102Y12M"
10013,л╠кF┐д,10013050,╕Uдж╢m,10013050-010,е╨нэз°,181,98,83,881,451,430,154,66,88,"102Y12M"
10013,л╠кF┐д,10013050,╕Uдж╢m,10013050-011,▒[│╗з°,296,155,141,1720,917,803,216,108,108,"102Y12M"
10013,л╠кF┐д,10013050,╕Uдж╢m,10013050-012,ШGе_з°,210,110,100,1405,727,678,282,135,147,"102Y12M"
10013,л╠кF┐д,10013050,╕Uдж╢m,10013050-013,ШGлnз°,226,132,94,1274,670,604,227,119,108,"102Y12M"
10013,л╠кF┐д,10013050,╕Uдж╢m,10013050-014,дWз°з°,120,65,55,682,341,341,101,49,52,"102Y12M"
10013,л╠кF┐д,10013050,╕Uдж╢m,10013050-015,е[┐│з°,207,103,104,1114,608,506,197,99,98,"102Y12M"
10013,л╠кF┐д,10013050,╕Uдж╢m,10013050-016,к└дfз°,197,104,93,1216,631,585,194,100,94,"102Y12M"
10013,л╠кF┐д,10013050,╕Uдж╢m,10013050-017,┐j╝dз°,144,81,63,870,457,413,152,74,78,"102Y12M"
10013,л╠кF┐д,10013050,╕Uдж╢m,10013050-018,к└е╓з°,290,154,136,1835,978,857,272,128,144,"102Y12M"
10013,л╠кF┐д,10013050,╕Uдж╢m,10013050-019,к└дWз°,229,136,93,1470,802,668,230,109,121,"102Y12M"
10013,л╠кF┐д,10013050,╕Uдж╢m,10013050-020,к└ддз°,246,120,126,1497,805,692,228,110,118,"102Y12M"
10013,л╠кF┐д,10013050,╕Uдж╢m,10013050-021,дЇмuз°,336,188,148,1559,796,763,223,99,124,"102Y12M"
10013,л╠кF┐д,10013050,╕Uдж╢m,10013050-022,╖s╔▄з°,310,146,164,1814,959,855,368,170,198,"102Y12M"
10013,л╠кF┐д,10013050,╕Uдж╢m,10013050-023,н╗к└з°,238,113,125,1365,729,636,242,122,120,"102Y12M"
10013,л╠кF┐д,10013050,╕Uдж╢m,10013050-024,лсз°з°,172,95,77,952,516,436,191,90,101,"102Y12M"
10013,л╠кF┐д,10013050,╕Uдж╢m,10013050-025,╖s─┴з°,356,171,185,1843,950,893,328,155,173,"102Y12M"
10013,л╠кF┐д,10013050,╕Uдж╢m,10013050-026,╞Wд║з°,240,124,116,1213,652,561,213,110,103,"102Y12M"
10013,л╠кF┐д,10013050,╕Uдж╢m,10013050-027,┐│е■з°,168,92,76,1048,546,502,202,94,108,"102Y12M"
10013,л╠кF┐д,10013050,╕Uдж╢m,10013050-028,┐│жwз°,124,58,66,777,383,394,146,64,82,"102Y12M"
10013,л╠кF┐д,10013050,╕Uдж╢m,10013050-029,дЇеPз°,100,43,57,496,258,238,80,43,37,"102Y12M"
10013,л╠кF┐д,10013050,╕Uдж╢m,10013050-030,е╠┤┼з°,73,41,32,367,184,183,65,32,33,"102Y12M"
10013,л╠кF┐д,10013060,к°кv╢m,10013060-001,╢i┐│з°,256,137,119,2309,1219,1090,381,179,202,"102Y12M"
10013,л╠кF┐д,10013060,к°кv╢m,10013060-002,╖s╝цз°,393,223,170,3089,1611,1478,471,216,255,"102Y12M"
10013,л╠кF┐д,10013060,к°кv╢m,10013060-003,╝ц└Yз°,317,155,162,1754,893,861,304,146,158,"102Y12M"
10013,л╠кF┐д,10013060,к°кv╢m,10013060-004,н╗╖из°,387,206,181,2292,1144,1148,296,155,141,"102Y12M"
10013,л╠кF┐д,10013060,к°кv╢m,10013060-005,к°┐│з°,140,71,69,925,505,420,189,86,103,"102Y12M"
10013,л╠кF┐д,10013060,к°кv╢m,10013060-006,╝wжиз°,100,55,45,766,425,341,182,85,97,"102Y12M"
10013,л╠кF┐д,10013060,к°кv╢m,10013060-007,╝wиєз°,133,60,73,969,499,470,209,104,105,"102Y12M"
10013,л╠кF┐д,10013060,к°кv╢m,10013060-008,┤_┐│з°,145,77,68,1247,683,564,272,132,140,"102Y12M"
10013,л╠кF┐д,10013060,к°кv╢m,10013060-009,▒[дWз°,185,104,81,1505,799,706,279,125,154,"102Y12M"
10013,л╠кF┐д,10013060,к°кv╢m,10013060-010,╝w║aз°,118,57,61,1072,604,468,199,96,103,"102Y12M"
10013,л╠кF┐д,10013060,к°кv╢m,10013060-011,╝wйMз°,77,40,37,699,373,326,126,62,64,"102Y12M"
10013,л╠кF┐д,10013060,к°кv╢m,10013060-012,┴c╡╪з°,319,166,153,2093,1118,975,418,207,211,"102Y12M"
10013,л╠кF┐д,10013060,к°кv╢m,10013060-013,┴cйўз°,232,125,107,1510,827,683,313,162,151,"102Y12M"
10013,л╠кF┐д,10013060,к°кv╢m,10013060-014,┴c║aз°,182,107,75,1231,652,579,234,131,103,"102Y12M"
10013,л╠кF┐д,10013060,к°кv╢m,10013060-015,┴c╢йз°,140,77,63,993,508,485,216,99,117,"102Y12M"
10013,л╠кF┐д,10013060,к°кv╢m,10013060-016,║a╡╪з°,122,63,59,592,307,285,107,49,58,"102Y12M"
10013,л╠кF┐д,10013070,┼яме╢m,10013070-001,╖sе╨з°,210,110,100,1859,963,896,365,185,180,"102Y12M"
10013,л╠кF┐д,10013070,┼яме╢m,10013070-002,┼я│╗з°,103,57,46,825,420,405,153,85,68,"102Y12M"
10013,л╠кF┐д,10013070,┼яме╢m,10013070-003,┼я┐сз°,140,70,70,1342,682,660,304,156,148,"102Y12M"
10013,л╠кF┐д,10013070,┼яме╢m,10013070-004,┼я│kз°,275,145,130,2197,1134,1063,434,208,226,"102Y12M"
10013,л╠кF┐д,10013070,┼яме╢m,10013070-005,е╨ддз°,125,72,53,1014,537,477,226,109,117,"102Y12M"
10013,л╠кF┐д,10013070,┼яме╢m,10013070-006,е╨д▀з°,85,36,49,725,378,347,148,74,74,"102Y12M"
10013,л╠кF┐д,10013070,┼яме╢m,10013070-007,е╨╣Dз°,53,35,18,561,303,258,159,75,84,"102Y12M"
10013,л╠кF┐д,10013080,дEжp╢m,10013080-001,дE▓Mз°,222,105,117,1361,693,668,274,121,153,"102Y12M"
10013,л╠кF┐д,10013080,дEжp╢m,10013080-002,дE╢Їз°,189,101,88,1211,617,594,229,110,119,"102Y12M"
10013,л╠кF┐д,10013080,дEжp╢m,10013080-003,дEй·з°,239,133,106,1369,726,643,236,121,115,"102Y12M"
10013,л╠кF┐д,10013080,дEжp╢m,10013080-004,е╔дЇз°,174,75,99,1099,589,510,248,125,123,"102Y12M"
10013,л╠кF┐д,10013080,дEжp╢m,10013080-005,дj╦·з°,173,90,83,1019,527,492,156,74,82,"102Y12M"
10013,л╠кF┐д,10013080,дEжp╢m,10013080-006,дT╢Їз°,238,142,96,1403,730,673,216,113,103,"102Y12M"
10013,л╠кF┐д,10013080,дEжp╢m,10013080-007,лс╔▄з°,236,130,106,1574,831,743,299,148,151,"102Y12M"
10013,л╠кF┐д,10013080,дEжp╢m,10013080-008,п╧ж╤з°,176,101,75,1101,597,504,227,116,111,"102Y12M"
10013,л╠кF┐д,10013080,дEжp╢m,10013080-009,мв┐│з°,202,96,106,1298,699,599,228,123,105,"102Y12M"
10013,л╠кF┐д,10013080,дEжp╢m,10013080-010,кF╣чз°,692,350,342,3942,2005,1937,550,259,291,"102Y12M"
10013,л╠кF┐д,10013080,дEжp╢m,10013080-011,е╔мuз°,210,108,102,1368,739,629,249,115,134,"102Y12M"
10013,л╠кF┐д,10013090,и╜┤ф╢m,10013090-001,е╔е╨з°,567,286,281,2648,1326,1322,380,176,204,"102Y12M"
10013,л╠кF┐д,10013090,и╜┤ф╢m,10013090-002,дjенз°,177,91,86,935,469,466,247,108,139,"102Y12M"
10013,л╠кF┐д,10013090,и╜┤ф╢m,10013090-003,е├мKз°,145,85,60,735,387,348,142,65,77,"102Y12M"
10013,л╠кF┐д,10013090,и╜┤ф╢m,10013090-004,мKкLз°,234,125,109,1117,536,581,240,123,117,"102Y12M"
10013,л╠кF┐д,10013090,и╜┤ф╢m,10013090-005,╣Lж┐з°,363,188,175,1780,915,865,291,122,169,"102Y12M"
10013,л╠кF┐д,10013090,и╜┤ф╢m,10013090-006,┼Kй▒з°,254,123,131,1254,641,613,210,100,110,"102Y12M"
10013,л╠кF┐д,10013090,и╜┤ф╢m,10013090-007,╢Ё╝╙з°,231,122,109,1282,662,620,270,132,138,"102Y12M"
10013,л╠кF┐д,10013090,и╜┤ф╢m,10013090-008,╝щнэз°,275,145,130,1359,704,655,258,125,133,"102Y12M"
10013,л╠кF┐д,10013090,и╜┤ф╢m,10013090-009,нX╨дз°,237,125,112,1325,702,623,359,165,194,"102Y12M"
10013,л╠кF┐д,10013090,и╜┤ф╢m,10013090-010,╕№┐│з°,359,174,185,2094,1066,1028,448,215,233,"102Y12M"
10013,л╠кF┐д,10013090,и╜┤ф╢m,10013090-011,дgоwз°,262,132,130,1761,945,816,382,169,213,"102Y12M"
10013,л╠кF┐д,10013090,и╜┤ф╢m,10013090-012,дTб╜з°,292,155,137,1557,806,751,338,156,182,"102Y12M"
10013,л╠кF┐д,10013090,и╜┤ф╢m,10013090-013,ддйMз°,146,92,54,820,433,387,152,74,78,"102Y12M"
10013,л╠кF┐д,10013090,и╜┤ф╢m,10013090-014,─jдOз°,53,33,20,429,260,169,98,35,63,"102Y12M"
10013,л╠кF┐д,10013100,╞QоH╢m,10013100-001,╖s│Єз°,470,233,237,2881,1485,1396,470,224,246,"102Y12M"
10013,л╠кF┐д,10013100,╞QоH╢m,10013100-002,░ко╘з°,409,219,190,2488,1298,1190,482,239,243,"102Y12M"
10013,л╠кF┐д,10013100,╞QоH╢m,10013100-003,╞Qе_з°,290,155,135,1682,869,813,301,150,151,"102Y12M"
10013,л╠кF┐д,10013100,╞QоH╢m,10013100-004,╞Qддз°,345,185,160,2126,1096,1030,427,208,219,"102Y12M"
10013,л╠кF┐д,10013100,╞QоH╢m,10013100-005,╞Qлnз°,233,120,113,1534,808,726,301,155,146,"102Y12M"
10013,л╠кF┐д,10013100,╞QоH╢m,10013100-006,еK╡│з°,137,66,71,898,486,412,168,75,93,"102Y12M"
10013,л╠кF┐д,10013100,╞QоH╢m,10013100-007,о╢┐│з°,216,110,106,1605,905,700,361,166,195,"102Y12M"
10013,л╠кF┐д,10013100,╞QоH╢m,10013100-008,е├╢йз°,70,36,34,498,274,224,95,47,48,"102Y12M"
10013,л╠кF┐д,10013100,╞QоH╢m,10013100-009,д[╖Rз°,102,52,50,822,451,371,157,76,81,"102Y12M"
10013,л╠кF┐д,10013100,╞QоH╢m,10013100-010,ме╢зз°,193,99,94,1393,744,649,258,116,142,"102Y12M"
10013,л╠кF┐д,10013100,╞QоH╢m,10013100-011,╖sдGз°,470,230,240,3142,1620,1522,510,250,260,"102Y12M"
10013,л╠кF┐д,10013100,╞QоH╢m,10013100-012,┤^нэз°,122,64,58,813,451,362,191,95,96,"102Y12M"
10013,л╠кF┐д,10013110,░к╛Ё╢m,10013110-001,░к╛Ёз°,295,166,129,1733,942,791,537,262,275,"102Y12M"
10013,л╠кF┐д,10013110,░к╛Ё╢m,10013110-002,к°║aз°,160,77,83,1018,546,472,339,168,171,"102Y12M"
10013,л╠кF┐д,10013110,░к╛Ё╢m,10013110-003,кF┐│з°,88,40,48,577,322,255,232,104,128,"102Y12M"
10013,л╠кF┐д,10013110,░к╛Ё╢m,10013110-004,кFо╢з°,69,37,32,480,266,214,183,91,92,"102Y12M"
10013,л╠кF┐д,10013110,░к╛Ё╢m,10013110-005,╖╜мuз°,135,68,67,885,472,413,195,96,99,"102Y12M"
10013,л╠кF┐д,10013110,░к╛Ё╢m,10013110-006,л╪┐│з°,181,102,79,961,550,411,255,119,136,"102Y12M"
10013,л╠кF┐д,10013110,░к╛Ё╢m,10013110-007,дjоHз°,42,28,14,431,263,168,200,92,108,"102Y12M"
10013,л╠кF┐д,10013110,░к╛Ё╢m,10013110-008,╡ц╝dз°,83,41,42,578,337,241,241,119,122,"102Y12M"
10013,л╠кF┐д,10013110,░к╛Ё╢m,10013110-009,еq░из°,68,38,30,523,301,222,181,94,87,"102Y12M"
10013,л╠кF┐д,10013110,░к╛Ё╢m,10013110-010,┬┬╝dз°,128,62,66,1022,576,446,304,144,160,"102Y12M"
10013,л╠кF┐д,10013110,░к╛Ё╢m,10013110-011,╖s┬╫з°,160,87,73,1212,646,566,352,161,191,"102Y12M"
10013,л╠кF┐д,10013110,░к╛Ё╢m,10013110-012,оїдsз°,250,141,109,1549,848,701,420,188,232,"102Y12M"
10013,л╠кF┐д,10013110,░к╛Ё╢m,10013110-013,лn╡╪з°,146,87,59,1025,548,477,257,133,124,"102Y12M"
10013,л╠кF┐д,10013110,░к╛Ё╢m,10013110-014,╝s║╓з°,95,38,57,821,459,362,226,103,123,"102Y12M"
10013,л╠кF┐д,10013110,░к╛Ё╢m,10013110-015,╝s┐│з°,153,82,71,1001,550,451,173,78,95,"102Y12M"
10013,л╠кF┐д,10013110,░к╛Ё╢m,10013110-016,┬┬╔▄з°,143,88,55,869,465,404,206,99,107,"102Y12M"
10013,л╠кF┐д,10013110,░к╛Ё╢m,10013110-017,е╨дlз°,144,76,68,901,499,402,238,115,123,"102Y12M"
10013,л╠кF┐д,10013110,░к╛Ё╢m,10013110-018,╞Q╛Ёз°,142,70,72,940,533,407,379,187,192,"102Y12M"
10013,л╠кF┐д,10013110,░к╛Ё╢m,10013110-019,╖sлnз°,134,76,58,1331,698,633,291,135,156,"102Y12M"
10013,л╠кF┐д,10013120,╕U┼r╢m,10013120-001,╕U┼rз°,140,73,67,1061,545,516,271,133,138,"102Y12M"
10013,л╠кF┐д,10013120,╕U┼r╢m,10013120-002,╕Uе■з°,73,36,37,608,342,266,176,75,101,"102Y12M"
10013,л╠кF┐д,10013120,╕U┼r╢m,10013120-003,╕UйMз°,224,124,100,1364,702,662,316,152,164,"102Y12M"
10013,л╠кF┐д,10013120,╕U┼r╢m,10013120-004,│└╝dз°,90,49,41,753,400,353,228,103,125,"102Y12M"
10013,л╠кF┐д,10013120,╕U┼r╢m,10013120-005,▓╕╢└з°,61,35,26,470,260,210,114,53,61,"102Y12M"
10013,л╠кF┐д,10013120,╕U┼r╢m,10013120-006,кr╖╛з°,79,44,35,891,492,399,302,151,151,"102Y12M"
10013,л╠кF┐д,10013120,╕U┼r╢m,10013120-007,дн╖╛з°,107,67,40,836,462,374,291,147,144,"102Y12M"
10013,л╠кF┐д,10013120,╕U┼r╢m,10013120-008,жи╝wз°,163,97,66,1182,647,535,349,170,179,"102Y12M"
10013,л╠кF┐д,10013120,╕U┼r╢m,10013120-009,╕Uкўз°,302,149,153,1846,1033,813,290,136,154,"102Y12M"
10013,л╠кF┐д,10013120,╕U┼r╢m,10013120-010,икдsз°,239,124,115,1487,800,687,261,130,131,"102Y12M"
10013,л╠кF┐д,10013120,╕U┼r╢m,10013120-011,и╬жїз°,242,126,116,1424,729,695,282,130,152,"102Y12M"
10013,л╠кF┐д,10013120,╕U┼r╢m,10013120-012,и╬йMз°,221,115,106,1279,672,607,286,130,156,"102Y12M"
10013,л╠кF┐д,10013120,╕U┼r╢m,10013120-013,╖sнэз°,206,119,87,1090,573,517,162,70,92,"102Y12M"
10013,л╠кF┐д,10013120,╕U┼r╢m,10013120-014,╖s╕mз°,158,80,78,1048,571,477,192,86,106,"102Y12M"
10013,л╠кF┐д,10013130,д║оH╢m,10013130-001,д║оHз°,572,288,284,3462,1733,1729,624,296,328,"102Y12M"
10013,л╠кF┐д,10013130,д║оH╢m,10013130-002,д║е╨з°,391,198,193,2683,1353,1330,482,240,242,"102Y12M"
10013,л╠кF┐д,10013130,д║оH╢m,10013130-003,┐│лnз°,150,75,75,1135,616,519,289,137,152,"102Y12M"
10013,л╠кF┐д,10013130,д║оH╢m,10013130-004,╕qлFз°,74,39,35,496,264,232,111,53,58,"102Y12M"
10013,л╠кF┐д,10013130,д║оH╢m,10013130-005,м№йMз°,255,138,117,1959,1023,936,425,216,209,"102Y12M"
10013,л╠кF┐д,10013130,д║оH╢m,10013130-006,йM┐│з°,464,254,210,2433,1209,1224,374,182,192,"102Y12M"
10013,л╠кF┐д,10013130,д║оH╢m,10013130-007,кF╣чз°,593,311,282,3982,1994,1988,724,350,374,"102Y12M"
10013,л╠кF┐д,10013130,д║оH╢m,10013130-008,┬╫е╨з°,349,165,184,2434,1278,1156,464,215,249,"102Y12M"
10013,л╠кF┐д,10013130,д║оH╢m,10013130-009,о╢┬╫з°,209,125,84,1417,775,642,340,162,178,"102Y12M"
10013,л╠кF┐д,10013130,д║оH╢m,10013130-010,┤Iе╨з°,225,142,83,1600,889,711,439,212,227,"102Y12M"
10013,л╠кF┐д,10013130,д║оH╢m,10013130-011,ж╦│Єз°,185,100,85,1619,867,752,256,127,129,"102Y12M"
10013,л╠кF┐д,10013130,д║оH╢m,10013130-012,кF╢╒з°,341,159,182,2533,1366,1167,614,290,324,"102Y12M"
10013,л╠кF┐д,10013130,д║оH╢m,10013130-013,кFд∙з°,95,50,45,772,393,379,239,120,119,"102Y12M"
10013,л╠кF┐д,10013130,д║оH╢m,10013130-014,дW╛Ёз°,131,78,53,938,501,437,230,118,112,"102Y12M"
10013,л╠кF┐д,10013130,д║оH╢m,10013130-015,ж╤░ёз°,315,171,144,2214,1172,1042,350,171,179,"102Y12M"
10013,л╠кF┐д,10013130,д║оH╢m,10013130-016,ддкLз°,236,130,106,1407,750,657,224,117,107,"102Y12M"
10013,л╠кF┐д,10013130,д║оH╢m,10013130-017,└sмuз°,399,196,203,2117,1112,1005,450,231,219,"102Y12M"
10013,л╠кF┐д,10013130,д║оH╢m,10013130-018,└s╝цз°,405,207,198,2206,1111,1095,405,213,192,"102Y12M"
10013,л╠кF┐д,10013130,д║оH╢m,10013130-019,л╪┐│з°,86,50,36,642,368,274,349,278,71,"102Y12M"
10013,л╠кF┐д,10013130,д║оH╢m,10013130-020,дj╖sз°,224,119,105,1490,794,696,355,187,168,"102Y12M"
10013,л╠кF┐д,10013130,д║оH╢m,10013130-021,╛дй·з°,441,224,217,2232,1153,1079,361,175,186,"102Y12M"
10013,л╠кF┐д,10013130,д║оH╢m,10013130-022,╣i╝dз°,203,97,106,1171,622,549,180,83,97,"102Y12M"
10013,л╠кF┐д,10013130,д║оH╢m,10013130-023,дЇк∙з°,114,52,62,720,366,354,146,65,81,"102Y12M"
10013,л╠кF┐д,10013140,ж╦е╨╢m,10013140-001,ж╦е╨з°,167,93,74,1311,720,591,275,126,149,"102Y12M"
10013,л╠кF┐д,10013140,ж╦е╨╢m,10013140-002,ж╦лnз°,81,43,38,714,372,342,205,104,101,"102Y12M"
10013,л╠кF┐д,10013140,ж╦е╨╢m,10013140-003,°¤ў@з°,88,45,43,573,313,260,162,88,74,"102Y12M"
10013,л╠кF┐д,10013140,ж╦е╨╢m,10013140-004,╝i┬╫з°,64,39,25,516,280,236,118,64,54,"102Y12M"
10013,л╠кF┐д,10013140,ж╦е╨╢m,10013140-005,└Y▒[з°,135,73,62,1085,612,473,311,154,157,"102Y12M"
10013,л╠кF┐д,10013140,ж╦е╨╢m,10013140-006,дG▒[з°,94,50,44,787,417,370,244,123,121,"102Y12M"
10013,л╠кF┐д,10013140,ж╦е╨╢m,10013140-007,м№▒[з°,59,32,27,553,294,259,156,73,83,"102Y12M"
10013,л╠кF┐д,10013140,ж╦е╨╢m,10013140-008,лn╢╒з°,48,23,25,408,218,190,102,43,59,"102Y12M"
10013,л╠кF┐д,10013140,ж╦е╨╢m,10013140-009,жш╢╒з°,294,153,141,2148,1150,998,535,269,266,"102Y12M"
10013,л╠кF┐д,10013140,ж╦е╨╢m,10013140-010,║╓е╨з°,49,25,24,400,216,184,100,51,49,"102Y12M"
10013,л╠кF┐д,10013140,ж╦е╨╢m,10013140-011,е├┬╫з°,91,48,43,761,468,293,123,58,65,"102Y12M"
10013,л╠кF┐д,10013140,ж╦е╨╢m,10013140-012,д╗л╤з°,75,35,40,692,378,314,138,58,80,"102Y12M"
10013,л╠кF┐д,10013140,ж╦е╨╢m,10013140-013,кrмwз°,93,48,45,1026,548,478,186,86,100,"102Y12M"
10013,л╠кF┐д,10013140,ж╦е╨╢m,10013140-014,дj┤Єз°,127,66,61,1024,551,473,223,104,119,"102Y12M"
10013,л╠кF┐д,10013140,ж╦е╨╢m,10013140-015,╗ёй·з°,217,117,100,1058,540,518,190,90,100,"102Y12M"
10013,л╠кF┐д,10013150,╖s░ё╢m,10013150-001,╖s░ёз°,184,90,94,1682,874,808,422,212,210,"102Y12M"
10013,л╠кF┐д,10013150,╖s░ё╢m,10013150-002,л╪е\з°,87,44,43,873,480,393,282,143,139,"102Y12M"
10013,л╠кF┐д,10013150,╖s░ё╢m,10013150-003,е┤┼Kз°,68,32,36,701,384,317,302,140,162,"102Y12M"
10013,л╠кF┐д,10013150,╖s░ё╢m,10013150-004,лn┬╫з°,64,34,30,622,360,262,175,92,83,"102Y12M"
10013,л╠кF┐д,10013150,╖s░ё╢m,10013150-005,╕U╢йз°,200,102,98,1509,815,694,253,122,131,"102Y12M"
10013,л╠кF┐д,10013150,╖s░ё╢m,10013150-006,║▀┤Єз°,125,73,52,978,539,439,187,96,91,"102Y12M"
10013,л╠кF┐д,10013150,╖s░ё╢m,10013150-007,╗ш╝цз°,176,82,94,1134,622,512,219,116,103,"102Y12M"
10013,л╠кF┐д,10013160,кD╝d╢m,10013160-001,кD╝dз°,162,86,76,1080,572,508,219,101,118,"102Y12M"
10013,л╠кF┐д,10013160,кD╝d╢m,10013160-002,╖s└sз°,120,61,59,787,388,399,142,74,68,"102Y12M"
10013,л╠кF┐д,10013160,кD╝d╢m,10013160-003,лOе═з°,115,55,60,841,455,386,200,93,107,"102Y12M"
10013,л╠кF┐д,10013160,кD╝d╢m,10013160-004,дд╝dз°,79,46,33,542,299,243,145,67,78,"102Y12M"
10013,л╠кF┐д,10013160,кD╝d╢m,10013160-005,жw╝╓з°,225,125,100,1418,798,620,330,158,172,"102Y12M"
10013,л╠кF┐д,10013160,кD╝d╢m,10013160-006,╢йдsз°,706,381,325,3741,1915,1826,613,301,312,"102Y12M"
10013,л╠кF┐д,10013160,кD╝d╢m,10013160-007,д╤о╔з°,222,114,108,1722,899,823,380,190,190,"102Y12M"
10013,л╠кF┐д,10013160,кD╝d╢m,10013160-008,жaзQз°,158,80,78,1311,693,618,315,140,175,"102Y12M"
10013,л╠кF┐д,10013160,кD╝d╢m,10013160-009,дHйMз°,256,128,128,1899,1016,883,440,205,235,"102Y12M"
10013,л╠кF┐д,10013160,кD╝d╢m,10013160-010,д║╝dз°,90,58,32,580,348,232,153,81,72,"102Y12M"
10013,л╠кF┐д,10013160,кD╝d╢m,10013160-011,╖s╢}з°,94,49,45,788,432,356,174,90,84,"102Y12M"
10013,л╠кF┐д,10013160,кD╝d╢m,10013160-012,д╙╖╜з°,114,56,58,837,475,362,171,82,89,"102Y12M"
10013,л╠кF┐д,10013160,кD╝d╢m,10013160-013,е╔мuз°,78,43,35,374,196,178,81,41,40,"102Y12M"
10013,л╠кF┐д,10013160,кD╝d╢m,10013160-014,кFо№з°,319,168,151,2411,1267,1144,522,254,268,"102Y12M"
10013,л╠кF┐д,10013160,кD╝d╢m,10013160-015,дj╔▄з°,89,57,32,556,279,277,94,45,49,"102Y12M"
10013,л╠кF┐д,10013170,╖s╢щ╢m,10013170-001,е╦б╜з°,244,130,114,1499,798,701,305,143,162,"102Y12M"
10013,л╠кF┐д,10013170,╖s╢щ╢m,10013170-002,еPжNз°,366,208,158,2310,1216,1094,351,166,185,"102Y12M"
10013,л╠кF┐д,10013170,╖s╢щ╢m,10013170-003,е╨мvз°,348,191,157,1893,998,895,375,177,198,"102Y12M"
10013,л╠кF┐д,10013170,╖s╢щ╢m,10013170-004,┤фсYз°,172,79,93,764,395,369,118,61,57,"102Y12M"
10013,л╠кF┐д,10013170,╖s╢щ╢m,10013170-005,д║╔▄з°,91,43,48,711,379,332,156,77,79,"102Y12M"
10013,л╠кF┐д,10013170,╖s╢щ╢m,10013170-006,╖sкFз°,324,168,156,1999,1049,950,424,207,217,"102Y12M"
10013,л╠кF┐д,10013170,╖s╢щ╢m,10013170-007,╖s╢щз°,390,191,199,2031,1051,980,379,188,191,"102Y12M"
10013,л╠кF┐д,10013170,╖s╢щ╢m,10013170-008,пQ└sз°,147,84,63,1105,567,538,236,115,121,"102Y12M"
10013,л╠кF┐д,10013170,╖s╢щ╢m,10013170-009,┐│└sз°,267,136,131,2030,1056,974,336,156,180,"102Y12M"
10013,л╠кF┐д,10013170,╖s╢щ╢m,10013170-010,ддмwз°,215,112,103,1473,760,713,283,127,156,"102Y12M"
10013,л╠кF┐д,10013170,╖s╢щ╢m,10013170-011,лn└sз°,208,106,102,1317,699,618,226,110,116,"102Y12M"
10013,л╠кF┐д,10013170,╖s╢щ╢m,10013170-012,┤фжшз°,257,138,119,1935,1049,886,399,176,223,"102Y12M"
10013,л╠кF┐д,10013170,╖s╢щ╢m,10013170-013,днй╨з°,364,195,169,2510,1365,1145,488,215,273,"102Y12M"
10013,л╠кF┐д,10013170,╖s╢щ╢m,10013170-014,╞QоHз°,623,337,286,4106,2119,1987,549,257,292,"102Y12M"
10013,л╠кF┐д,10013170,╖s╢щ╢m,10013170-015,ж@йMз°,320,173,147,2201,1126,1075,272,137,135,"102Y12M"
10013,л╠кF┐д,10013180,оr│╗╢m,10013180-001,оr│╗з°,804,418,386,2028,1038,990,358,160,198,"102Y12M"
10013,л╠кF┐д,10013180,оr│╗╢m,10013180-002,╢щ╝dз°,627,313,314,1777,897,880,287,136,151,"102Y12M"
10013,л╠кF┐д,10013180,оr│╗╢m,10013180-003,│Єд║з°,333,167,166,1132,590,542,198,86,112,"102Y12M"
10013,л╠кF┐д,10013180,оr│╗╢m,10013180-004,дOк└з°,363,192,171,1219,618,601,207,102,105,"102Y12M"
10013,л╠кF┐д,10013180,оr│╗╢m,10013180-005,мwдlз°,250,128,122,923,470,453,160,69,91,"102Y12M"
10013,л╠кF┐д,10013180,оr│╗╢m,10013180-006,е_╢╒з°,345,174,171,1376,709,667,297,132,165,"102Y12M"
10013,л╠кF┐д,10013180,оr│╗╢m,10013180-007,╢V╖╦з°,240,121,119,905,475,430,121,56,65,"102Y12M"
10013,л╠кF┐д,10013180,оr│╗╢m,10013180-008,┤фкFз°,455,258,197,1703,880,823,321,152,169,"102Y12M"
10013,л╠кF┐д,10013190,кL├ф╢m,10013190-001,кL├фз°,163,89,74,1285,669,616,293,143,150,"102Y12M"
10013,л╠кF┐д,10013190,кL├ф╢m,10013190-002,е·кLз°,239,119,120,1409,737,672,333,159,174,"102Y12M"
10013,л╠кF┐д,10013190,кL├ф╢m,10013190-003,дпйMз°,232,126,106,1430,738,692,336,155,181,"102Y12M"
10013,л╠кF┐д,10013190,кL├ф╢m,10013190-004,ддкLз°,63,31,32,646,334,312,185,84,101,"102Y12M"
10013,л╠кF┐д,10013190,кL├ф╢m,10013190-005,е├╝╓з°,478,256,222,2860,1466,1394,597,275,322,"102Y12M"
10013,л╠кF┐д,10013190,кL├ф╢m,10013190-006,дЇзQз°,292,145,147,1665,867,798,335,178,157,"102Y12M"
10013,л╠кF┐д,10013190,кL├ф╢m,10013190-007,▒TФвз°,157,80,77,1136,613,523,229,118,111,"102Y12M"
10013,л╠кF┐д,10013190,кL├ф╢m,10013190-008,е╨нэз°,161,77,84,811,413,398,159,74,85,"102Y12M"
10013,л╠кF┐д,10013190,кL├ф╢m,10013190-009,ж╦кLз°,296,157,139,1912,1005,907,525,270,255,"102Y12M"
10013,л╠кF┐д,10013190,кL├ф╢m,10013190-010,┬эжwз°,111,57,54,978,527,451,257,121,136,"102Y12M"
10013,л╠кF┐д,10013200,лnж{╢m,10013200-001,╖╦мwз°,187,101,86,1473,767,706,354,164,190,"102Y12M"
10013,л╠кF┐д,10013200,лnж{╢m,10013200-002,╖╦лnз°,90,49,41,804,418,386,195,86,109,"102Y12M"
10013,л╠кF┐д,10013200,лnж{╢m,10013200-003,дпи╜з°,46,25,21,380,199,181,124,47,77,"102Y12M"
10013,л╠кF┐д,10013200,лnж{╢m,10013200-004,╖╦е_з°,59,32,27,604,305,299,117,52,65,"102Y12M"
10013,л╠кF┐д,10013200,лnж{╢m,10013200-005,дC╢Їз°,142,72,70,922,470,452,208,100,108,"102Y12M"
10013,л╠кF┐д,10013200,лnж{╢m,10013200-006,╕U╡╪з°,117,63,54,855,438,417,207,105,102,"102Y12M"
10013,л╠кF┐д,10013200,лnж{╢m,10013200-007,ж╠▒[з°,94,50,44,894,493,401,218,102,116,"102Y12M"
10013,л╠кF┐д,10013200,лnж{╢m,10013200-008,╣╪д╕з°,153,67,86,917,490,427,224,93,131,"102Y12M"
10013,л╠кF┐д,10013200,лnж{╢m,10013200-009,жPжwз°,121,70,51,813,427,386,194,90,104,"102Y12M"
10013,л╠кF┐д,10013200,лnж{╢m,10013200-010,лnжwз°,50,26,24,426,230,196,142,66,76,"102Y12M"
10013,л╠кF┐д,10013210,и╬еV╢m,10013210-001,и╬еVз°,154,79,75,1192,630,562,354,155,199,"102Y12M"
10013,л╠кF┐д,10013210,и╬еV╢m,10013210-002,д╗о┌з°,178,89,89,1113,615,498,370,192,178,"102Y12M"
10013,л╠кF┐д,10013210,и╬еV╢m,10013210-003,┐роaз°,83,42,41,662,354,308,257,115,142,"102Y12M"
10013,л╠кF┐д,10013210,и╬еV╢m,10013210-004,╕Uл╪з°,201,101,100,1458,788,670,393,180,213,"102Y12M"
10013,л╠кF┐д,10013210,и╬еV╢m,10013210-005,е█е·з°,207,109,98,1783,952,831,373,183,190,"102Y12M"
10013,л╠кF┐д,10013210,и╬еV╢m,10013210-006,е╔е·з°,248,132,116,1775,936,839,464,222,242,"102Y12M"
10013,л╠кF┐д,10013210,и╬еV╢m,10013210-007,йў╢йз°,81,41,40,770,418,352,314,151,163,"102Y12M"
10013,л╠кF┐д,10013210,и╬еV╢m,10013210-008,┬╫╢йз°,69,32,37,591,318,273,219,108,111,"102Y12M"
10013,л╠кF┐д,10013210,и╬еV╢m,10013210-009,дjжPз°,137,73,64,998,550,448,273,132,141,"102Y12M"
10013,л╠кF┐д,10013210,и╬еV╢m,10013210-010,к╩╢щз°,162,85,77,952,487,465,217,105,112,"102Y12M"
10013,л╠кF┐д,10013210,и╬еV╢m,10013210-011,┐V╖┼з°,202,96,106,1026,524,502,183,100,83,"102Y12M"
10013,л╠кF┐д,10013210,и╬еV╢m,10013210-012,╢є┬╫з°,440,225,215,2338,1187,1151,301,160,141,"102Y12M"
10013,л╠кF┐д,10013220,п[▓y╢m,10013220-001,е╗║╓з°,303,151,152,1852,1016,836,275,130,145,"102Y12M"
10013,л╠кF┐д,10013220,п[▓y╢m,10013220-002,дд║╓з°,167,81,86,1051,612,439,189,89,100,"102Y12M"
10013,л╠кF┐д,10013220,п[▓y╢m,10013220-003,║о║╓з°,165,81,84,867,508,359,139,71,68,"102Y12M"
10013,л╠кF┐д,10013220,п[▓y╢m,10013220-004,дj║╓з°,260,148,112,1462,833,629,225,91,134,"102Y12M"
10013,л╠кF┐д,10013220,п[▓y╢m,10013220-005,лn║╓з°,173,79,94,1028,593,435,158,78,80,"102Y12M"
10013,л╠кF┐д,10013220,п[▓y╢m,10013220-006,д╤║╓з°,183,93,90,908,535,373,140,70,70,"102Y12M"
10013,л╠кF┐д,10013220,п[▓y╢m,10013220-007,дW║╓з°,313,164,149,1442,829,613,195,97,98,"102Y12M"
10013,л╠кF┐д,10013220,п[▓y╢m,10013220-008,з№║╓з°,105,58,47,688,405,283,127,59,68,"102Y12M"
10013,л╠кF┐д,10013230,иол░╢m,10013230-001,║╓┐│з°,269,152,117,1161,607,554,302,143,159,"102Y12M"
10013,л╠кF┐д,10013230,иол░╢m,10013230-002,║╓жwз°,90,40,50,487,261,226,131,64,67,"102Y12M"
10013,л╠кF┐д,10013230,иол░╢m,10013230-003,е╨ддз°,86,52,34,539,309,230,127,58,69,"102Y12M"
10013,л╠кF┐д,10013230,иол░╢m,10013230-004,о№дfз°,91,45,46,625,363,262,161,66,95,"102Y12M"
10013,л╠кF┐д,10013230,иол░╢m,10013230-005,▓╬оHз°,31,14,17,306,179,127,103,46,57,"102Y12M"
10013,л╠кF┐д,10013230,иол░╢m,10013230-006,╖┼мuз°,121,61,60,741,416,325,223,100,123,"102Y12M"
10013,л╠кF┐д,10013230,иол░╢m,10013230-007,лOдOз°,137,71,66,966,551,415,345,174,171,"102Y12M"
10013,л╠кF┐д,10013230,иол░╢m,10013230-008,╖s╡єз°,49,24,25,349,184,165,89,41,48,"102Y12M"
10013,л╠кF┐д,10013230,иол░╢m,10013230-009,оHсYз°,49,23,26,360,212,148,87,46,41,"102Y12M"
10013,л╠кF┐д,10013230,иол░╢m,10013230-010,оg╝dз°,72,44,28,394,226,168,120,60,60,"102Y12M"
10013,л╠кF┐д,10013230,иол░╢m,10013230-011,лс╞Wз°,36,18,18,355,210,145,104,51,53,"102Y12M"
10013,л╠кF┐д,10013240,║бж{╢m,10013240-001,║бж{з°,157,94,63,1277,734,543,304,136,168,"102Y12M"
10013,л╠кF┐д,10013240,║бж{╢m,10013240-002,и╜╝wз°,44,20,24,343,186,157,66,28,38,"102Y12M"
10013,л╠кF┐д,10013240,║бж{╢m,10013240-003,е├╣tз°,168,104,64,1090,644,446,308,151,157,"102Y12M"
10013,л╠кF┐д,10013240,║бж{╢m,10013240-004,┤фдfз°,155,72,83,1132,651,481,230,109,121,"102Y12M"
10013,л╠кF┐д,10013240,║бж{╢m,10013240-005,ТвкLз°,60,26,34,480,267,213,85,41,44,"102Y12M"
10013,л╠кF┐д,10013240,║бж{╢m,10013240-006,к°╝╓з°,188,94,94,1110,638,472,219,93,126,"102Y12M"
10013,л╠кF┐д,10013240,║бж{╢m,10013240-007,дE┤╫з°,21,11,10,289,164,125,50,28,22,"102Y12M"
10013,л╠кF┐д,10013240,║бж{╢m,10013240-008,┤феJз°,38,23,15,259,135,124,51,25,26,"102Y12M"
10013,л╠кF┐д,10013250,кDдs╢m,10013250-001,кDдsз°,135,73,62,879,492,387,195,87,108,"102Y12M"
10013,л╠кF┐д,10013250,кDдs╢m,10013250-002,е[╕Sз°,329,183,146,1709,885,824,307,138,169,"102Y12M"
10013,л╠кF┐д,10013250,кDдs╢m,10013250-003,╖м┤фз°,127,70,57,851,479,372,202,96,106,"102Y12M"
10013,л╠кF┐д,10013250,кDдs╢m,10013250-004,╡╜╛lз°,106,64,42,740,412,328,195,102,93,"102Y12M"
10013,л╠кF┐д,10013260,дTжaк∙╢m,10013260-001,дTжaз°,216,109,107,1323,667,656,168,68,100,"102Y12M"
10013,л╠кF┐д,10013260,дTжaк∙╢m,10013260-002,╣Fи╙з°,68,43,25,296,150,146,26,14,12,"102Y12M"
10013,л╠кF┐д,10013260,дTжaк∙╢m,10013260-003,╝wдхз°,92,49,43,484,260,224,82,40,42,"102Y12M"
10013,л╠кF┐д,10013260,дTжaк∙╢m,10013260-004,дjк└з°,103,67,36,529,291,238,82,36,46,"102Y12M"
10013,л╠кF┐д,10013260,дTжaк∙╢m,10013260-005,┴╔╣┼з°,131,58,73,652,337,315,73,29,44,"102Y12M"
10013,л╠кF┐д,10013260,дTжaк∙╢m,10013260-006,дfк└з°,121,60,61,488,238,250,70,31,39,"102Y12M"
10013,л╠кF┐д,10013260,дTжaк∙╢m,10013260-007,░иирз°,66,33,33,293,157,136,37,11,26,"102Y12M"
10013,л╠кF┐д,10013260,дTжaк∙╢m,10013260-008,жwйYз°,91,47,44,401,200,201,45,21,24,"102Y12M"
10013,л╠кF┐д,10013260,дTжaк∙╢m,10013260-009,лCдsз°,164,86,78,642,333,309,77,36,41,"102Y12M"
10013,л╠кF┐д,10013260,дTжaк∙╢m,10013260-010,лC╕нз°,100,52,48,570,294,276,76,30,46,"102Y12M"
10013,л╠кF┐д,10013270,├·╗O╢m,10013270-001,├·еxз°,133,76,57,1005,532,473,171,73,98,"102Y12M"
10013,л╠кF┐д,10013270,├·╗O╢m,10013270-002,к№┬зз°,46,18,28,265,148,117,42,17,25,"102Y12M"
10013,л╠кF┐д,10013270,├·╗O╢m,10013270-003,жN┼Sз°,25,10,15,140,78,62,19,8,11,"102Y12M"
10013,л╠кF┐д,10013270,├·╗O╢m,10013270-004,дjкZз°,67,36,31,343,183,160,56,29,27,"102Y12M"
10013,л╠кF┐д,10013270,├·╗O╢m,10013270-005,и╬╝╟з°,59,33,26,306,159,147,43,18,25,"102Y12M"
10013,л╠кF┐д,10013270,├·╗O╢m,10013270-006,жnп∙з°,38,19,19,361,184,177,80,34,46,"102Y12M"
10013,л╠кF┐д,10013280,║┐оa╢m,10013280-001,║┐оaз°,72,41,31,387,197,190,56,25,31,"102Y12M"
10013,л╠кF┐д,10013280,║┐оa╢m,10013280-002,е_╕нз°,133,73,60,728,391,337,104,40,64,"102Y12M"
10013,л╠кF┐д,10013280,║┐оa╢m,10013280-003,ФAдsз°,191,102,89,935,505,430,130,60,70,"102Y12M"
10013,л╠кF┐д,10013280,║┐оa╢m,10013280-004,и╬╕qз°,141,70,71,744,389,355,110,46,64,"102Y12M"
10013,л╠кF┐д,10013280,║┐оa╢m,10013280-005,▒╞╞Wз°,96,52,44,391,214,177,35,13,22,"102Y12M"
10013,л╠кF┐д,10013280,║┐оa╢m,10013280-006,дTйMз°,315,171,144,1776,905,871,254,109,145,"102Y12M"
10013,л╠кF┐д,10013290,оїкZ╢m,10013290-001,и╬енз°,184,85,99,725,393,332,78,29,49,"102Y12M"
10013,л╠кF┐д,10013290,оїкZ╢m,10013290-002,кZ╝цз°,180,89,91,855,463,392,97,40,57,"102Y12M"
10013,л╠кF┐д,10013290,оїкZ╢m,10013290-003,енйMз°,121,61,60,528,275,253,60,27,33,"102Y12M"
10013,л╠кF┐д,10013290,оїкZ╢m,10013290-004,и╬┐│з°,48,25,23,341,196,145,49,14,35,"102Y12M"
10013,л╠кF┐д,10013290,оїкZ╢m,10013290-005,оїкZз°,135,72,63,703,383,320,77,34,43,"102Y12M"
10013,л╠кF┐д,10013290,оїкZ╢m,10013290-006,╕Uжwз°,187,109,78,695,367,328,68,34,34,"102Y12M"
10013,л╠кF┐д,10013300,и╙╕q╢m,10013300-001,и╙╕qз°,176,90,86,850,431,419,100,47,53,"102Y12M"
10013,л╠кF┐д,10013300,и╙╕q╢m,10013300-002,╕qкLз°,96,57,39,532,283,249,63,28,35,"102Y12M"
10013,л╠кF┐д,10013300,и╙╕q╢m,10013300-003,джкLз°,116,58,58,689,354,335,58,23,35,"102Y12M"
10013,л╠кF┐д,10013300,и╙╕q╢m,10013300-004,еj╝╙з°,169,95,74,1039,535,504,137,54,83,"102Y12M"
10013,л╠кF┐д,10013300,и╙╕q╢m,10013300-005,дх╝╓з°,155,81,74,783,392,391,92,36,56,"102Y12M"
10013,л╠кF┐д,10013300,и╙╕q╢m,10013300-006,▒ц╣┼з°,141,72,69,827,409,418,113,55,58,"102Y12M"
10013,л╠кF┐д,10013300,и╙╕q╢m,10013300-007,лnйMз°,215,98,117,1116,627,489,143,63,80,"102Y12M"
10013,л╠кF┐д,10013310,мKдщ╢m,10013310-001,мKдщз°,223,113,110,828,444,384,87,39,48,"102Y12M"
10013,л╠кF┐д,10013310,мKдщ╢m,10013310-002,еj╡╪з°,130,74,56,626,331,295,83,35,48,"102Y12M"
10013,л╠кF┐д,10013310,мKдщ╢m,10013310-003,дhдхз°,94,50,44,293,152,141,35,16,19,"102Y12M"
10013,л╠кF┐д,10013310,мKдщ╢m,10013310-004,дCи╬з°,150,73,77,794,406,388,111,53,58,"102Y12M"
10013,л╠кF┐д,10013310,мKдщ╢m,10013310-005,┬k▒Rз°,130,56,74,583,304,279,93,49,44,"102Y12M"
10013,л╠кF┐д,10013310,мKдщ╢m,10013310-006,дOи╜з°,79,36,43,413,221,192,71,30,41,"102Y12M"
10013,л╠кF┐д,10013320,╖рдl╢m,10013320-001,╖мкLз°,109,62,47,650,349,301,91,38,53,"102Y12M"
10013,л╠кF┐д,10013320,╖рдl╢m,10013320-002,дж╕Їз°,121,65,56,701,384,317,78,33,45,"102Y12M"
10013,л╠кF┐д,10013320,╖рдl╢m,10013320-003,пєоHз°,87,41,46,592,294,298,84,37,47,"102Y12M"
10013,л╠кF┐д,10013320,╖рдl╢m,10013320-004,д║дхз°,12,8,4,194,93,101,38,14,24,"102Y12M"
10013,л╠кF┐д,10013320,╖рдl╢m,10013320-005,ж╦з|з°,55,31,24,263,135,128,26,12,14,"102Y12M"
10013,л╠кF┐д,10013320,╖рдl╢m,10013320-006,╖рдlз°,110,50,60,438,228,210,28,9,19,"102Y12M"
10013,л╠кF┐д,10013320,╖рдl╢m,10013320-007,д║╖рз°,112,59,53,548,297,251,55,21,34,"102Y12M"
10013,л╠кF┐д,10013320,╖рдl╢m,10013320-008,лnе@з°,47,24,23,305,178,127,32,14,18,"102Y12M"
10013,л╠кF┐д,10013330,иdдж╢m,10013330-001,е█к∙з°,260,140,120,1395,700,695,187,88,99,"102Y12M"
10013,л╠кF┐д,10013330,иdдж╢m,10013330-002,иdджз°,60,37,23,555,294,261,115,47,68,"102Y12M"
10013,л╠кF┐д,10013330,иdдж╢m,10013330-003,кF╖╜з°,65,25,40,369,202,167,51,22,29,"102Y12M"
10013,л╠кF┐д,10013330,иdдж╢m,10013330-004,ж░о№з°,36,16,20,313,176,137,70,29,41,"102Y12M"
10013,л╠кF┐д,10013330,иdдж╢m,10013330-005,░кдhз°,88,45,43,492,254,238,72,29,43,"102Y12M"
10013,л╠кF┐д,10013330,иdдж╢m,10013330-006,е|кLз°,82,46,36,504,292,212,63,23,40,"102Y12M"
10014,╗OкF┐д,10014010,╗OкFел,10014010-001,┤Iйги╜,185,99,86,1314,723,591,290,132,158,"102Y12M"
10014,╗OкF┐д,10014010,╗OкFел,10014010-002,┤I┬╫и╜,117,61,56,732,399,333,163,75,88,"102Y12M"
10014,╗OкF┐д,10014010,╗OкFел,10014010-003,йе╞Wи╜,215,97,118,1610,881,729,266,146,120,"102Y12M"
10014,╗OкF┐д,10014010,╗OкFел,10014010-004,лnд¤и╜,331,187,144,2318,1197,1121,378,175,203,"102Y12M"
10014,╗OкF┐д,10014010,╗OкFел,10014010-005,иїлnи╜,310,172,138,2395,1217,1178,374,166,208,"102Y12M"
10014,╗OкF┐д,10014010,╗OкFел,10014010-006,лn║aи╜,368,202,166,2264,1190,1074,419,252,167,"102Y12M"
10014,╗OкF┐д,10014010,╗OкFел,10014010-007,╖sе═и╜,794,411,383,5955,2907,3048,806,373,433,"102Y12M"
10014,╗OкF┐д,10014010,╗OкFел,10014010-008,е┴е═и╜,281,162,119,2880,1425,1455,464,222,242,"102Y12M"
10014,╗OкF┐д,10014010,╗OкFел,10014010-009,─_оси╜,124,58,66,791,391,400,135,57,78,"102Y12M"
10014,╗OкF┐д,10014010,╗OкFел,10014010-010,░и─їи╜,1266,616,650,2557,1214,1343,420,184,236,"102Y12M"
10014,╗OкF┐д,10014010,╗OкFел,10014010-011,ддд▀и╜,978,509,469,2790,1335,1455,431,196,235,"102Y12M"
10014,╗OкF┐д,10014010,╗OкFел,10014010-012,ж█▒jи╜,1208,655,553,3665,1783,1882,619,285,334,"102Y12M"
10014,╗OкF┐д,10014010,╗OкFел,10014010-013,е┴▒┌и╜,930,479,451,1308,591,717,238,114,124,"102Y12M"
10014,╗OкF┐д,10014010,╗OкFел,10014010-014,е|║√и╜,88,52,36,542,300,242,110,52,58,"102Y12M"
10014,╗OкF┐д,10014010,╗OкFел,10014010-015,дд╡╪и╜,210,108,102,1488,779,709,290,130,160,"102Y12M"
10014,╗OкF┐д,10014010,╗OкFел,10014010-016,▒j░ъи╜,59,33,26,570,308,262,105,46,59,"102Y12M"
10014,╗OкF┐д,10014010,╗OкFел,10014010-017,л╪░ъи╜,153,77,76,1166,626,540,245,104,141,"102Y12M"
10014,╗OкF┐д,10014010,╗OкFел,10014010-018,е┴┼vи╜,105,50,55,796,428,368,170,70,100,"102Y12M"
10014,╗OкF┐д,10014010,╗OкFел,10014010-019,дп╖Rи╜,62,32,30,652,346,306,124,49,75,"102Y12M"
10014,╗OкF┐д,10014010,╗OкFел,10014010-020,дде┐и╜,55,33,22,710,351,359,188,86,102,"102Y12M"
10014,╗OкF┐д,10014010,╗OкFел,10014010-021,дjжPи╜,111,58,53,680,339,341,151,68,83,"102Y12M"
10014,╗OкF┐д,10014010,╗OкFел,10014010-022,жие\и╜,122,61,61,690,350,340,157,66,91,"102Y12M"
10014,╗OкF┐д,10014010,╗OкFел,10014010-023,дхд╞и╜,462,243,219,754,368,386,107,48,59,"102Y12M"
10014,╗OкF┐д,10014010,╗OкFел,10014010-024,дддsи╜,234,114,120,694,344,350,167,72,95,"102Y12M"
10014,╗OкF┐д,10014010,╗OкFел,10014010-025,┤_░ъи╜,78,46,32,575,298,277,124,55,69,"102Y12M"
10014,╗OкF┐д,10014010,╗OкFел,10014010-026,┐│░ъи╜,298,155,143,689,323,366,141,59,82,"102Y12M"
10014,╗OкF┐д,10014010,╗OкFел,10014010-027,┤_┐│и╜,53,28,25,375,208,167,87,38,49,"102Y12M"
10014,╗OкF┐д,10014010,╗OкFел,10014010-028,┼Kкси╜,37,20,17,356,188,168,96,39,57,"102Y12M"
10014,╗OкF┐д,10014010,╗OкFел,10014010-029,╖s╢щи╜,244,140,104,1403,744,659,225,111,114,"102Y12M"
10014,╗OкF┐д,10014010,╗OкFел,10014010-030,┬╫е╨и╜,311,158,153,1813,934,879,305,156,149,"102Y12M"
10014,╗OкF┐д,10014010,╗OкFел,10014010-031,┬╫ж~и╜,271,150,121,2350,1215,1135,377,197,180,"102Y12M"
10014,╗OкF┐д,10014010,╗OкFел,10014010-032,е·й·и╜,787,397,390,2325,1042,1283,267,124,143,"102Y12M"
10014,╗OкF┐д,10014010,╗OкFел,10014010-033,┬╫╝╓и╜,299,155,144,1376,691,685,199,98,101,"102Y12M"
10014,╗OкF┐д,10014010,╗OкFел,10014010-034,е├╝╓и╜,525,269,256,1834,937,897,231,108,123,"102Y12M"
10014,╗OкF┐д,10014010,╗OкFел,10014010-035,▒d╝╓и╜,217,106,111,1184,643,541,186,93,93,"102Y12M"
10014,╗OкF┐д,10014010,╗OкFел,10014010-036,кFо№и╜,828,452,376,2702,1299,1403,405,194,211,"102Y12M"
10014,╗OкF┐д,10014010,╗OкFел,10014010-037,╖s┐│и╜,122,55,67,910,457,453,224,110,114,"102Y12M"
10014,╗OкF┐д,10014010,╗OкFел,10014010-038,┬╫║aи╜,1270,662,608,7264,3569,3695,875,396,479,"102Y12M"
10014,╗OкF┐д,10014010,╗OкFел,10014010-039,┬╫ижи╜,792,414,378,4433,2263,2170,661,307,354,"102Y12M"
10014,╗OкF┐д,10014010,╗OкFел,10014010-040,┬╫и╜и╜,348,197,151,2051,1112,939,369,170,199,"102Y12M"
10014,╗OкF┐д,10014010,╗OкFел,10014010-041,┬╫ньи╜,151,78,73,993,557,436,227,106,121,"102Y12M"
10014,╗OкF┐д,10014010,╗OкFел,10014010-042,л╪йMи╜,186,110,76,1186,637,549,277,139,138,"102Y12M"
10014,╗OкF┐д,10014010,╗OкFел,10014010-043,л╪┐│и╜,104,56,48,811,434,377,191,92,99,"102Y12M"
10014,╗OкF┐д,10014010,╗OкFел,10014010-044,л╪╖~и╜,181,104,77,1094,572,522,243,107,136,"102Y12M"
10014,╗OкF┐д,10014010,╗OкFел,10014010-045,к╛е╗и╜,181,97,84,1183,584,599,204,89,115,"102Y12M"
10014,╗OкF┐д,10014010,╗OкFел,10014010-046,л╪╣Aи╜,319,151,168,1738,940,798,249,124,125,"102Y12M"
10014,╗OкF┐д,10014020,жие\┬э,10014020-001,│╒╖Rи╜,50,21,29,506,307,199,176,81,95,"102Y12M"
10014,╗OкF┐д,10014020,жие\┬э,10014020-002,й╛з╡и╜,114,54,60,821,451,370,238,102,136,"102Y12M"
10014,╗OкF┐д,10014020,жие\┬э,10014020-003,дTеPи╜,208,112,96,1255,709,546,259,123,136,"102Y12M"
10014,╗OкF┐д,10014020,жие\┬э,10014020-004,дTе┴и╜,399,209,190,2452,1275,1177,454,224,230,"102Y12M"
10014,╗OкF┐д,10014020,жие\┬э,10014020-005,й╛┤╝и╜,324,170,154,1663,866,797,350,177,173,"102Y12M"
10014,╗OкF┐д,10014020,жие\┬э,10014020-006,й╛дпи╜,375,189,186,2004,1053,951,403,209,194,"102Y12M"
10014,╗OкF┐д,10014020,жие\┬э,10014020-007,йMени╜,53,30,23,612,339,273,187,90,97,"102Y12M"
10014,╗OкF┐д,10014020,жие\┬э,10014020-008,лH╕qи╜,210,116,94,1518,856,662,420,186,234,"102Y12M"
10014,╗OкF┐д,10014030,├Ўдs┬э,10014030-001,╝w░ки╜,220,117,103,1348,751,597,402,188,214,"102Y12M"
10014,╗OкF┐д,10014030,├Ўдs┬э,10014030-002,┬╫мuи╜,233,122,111,1006,517,489,205,98,107,"102Y12M"
10014,╗OкF┐д,10014030,├Ўдs┬э,10014030-003,╖s║╓и╜,176,92,84,798,452,346,161,68,93,"102Y12M"
10014,╗OкF┐д,10014030,├Ўдs┬э,10014030-004,дд║╓и╜,161,79,82,709,358,351,181,94,87,"102Y12M"
10014,╗OкF┐д,10014030,├Ўдs┬э,10014030-005,и╜Гуи╜,286,139,147,1512,756,756,334,155,179,"102Y12M"
10014,╗OкF┐д,10014030,├Ўдs┬э,10014030-006,╣qе·и╜,77,42,35,456,278,178,123,69,54,"102Y12M"
10014,╗OкF┐д,10014030,├Ўдs┬э,10014030-007,дым▄и╜,106,63,43,620,358,262,154,63,91,"102Y12M"
10014,╗OкF┐д,10014040,иїлn╢m,10014040-001,╣┼┬╫з°,74,40,34,436,252,184,105,46,59,"102Y12M"
10014,╗OкF┐д,10014040,иїлn╢m,10014040-002,зQжNз°,39,18,21,349,206,143,108,47,61,"102Y12M"
10014,╗OкF┐д,10014040,иїлn╢m,10014040-003,┤Iдsз°,67,30,37,452,259,193,106,52,54,"102Y12M"
10014,╗OкF┐д,10014040,иїлn╢m,10014040-004,┤I╖╜з°,33,18,15,287,178,109,92,40,52,"102Y12M"
10014,╗OкF┐д,10014040,иїлn╢m,10014040-005,й·оpз°,149,79,70,988,544,444,257,132,125,"102Y12M"
10014,╗OкF┐д,10014040,иїлn╢m,10014040-006,кь│└з°,202,105,97,1118,610,508,252,113,139,"102Y12M"
10014,╗OкF┐д,10014040,иїлn╢m,10014040-007,м№╣Aз°,123,69,54,858,499,359,224,107,117,"102Y12M"
10014,╗OкF┐д,10014040,иїлn╢m,10014040-008,╗ло╘з°,305,154,151,1906,1026,880,425,208,217,"102Y12M"
10014,╗OкF┐д,10014040,иїлn╢m,10014040-009,оїжwз°,180,100,80,995,546,449,150,76,74,"102Y12M"
10014,╗OкF┐д,10014040,иїлn╢m,10014040-010,д╙енз°,375,174,201,2657,1376,1281,457,262,195,"102Y12M"
10014,╗OкF┐д,10014040,иїлn╢m,10014040-011,зQ╣┼з°,125,64,61,948,493,455,152,79,73,"102Y12M"
10014,╗OкF┐д,10014040,иїлn╢m,10014040-012,кF┐│з°,194,99,95,1073,565,508,142,77,65,"102Y12M"
10014,╗OкF┐д,10014040,иїлn╢m,10014040-013,╖┼мuз°,156,79,77,956,519,437,248,127,121,"102Y12M"
10014,╗OкF┐д,10014050,│└│е╢m,10014050-001,╖чйMз°,78,39,39,564,316,248,127,54,73,"102Y12M"
10014,╗OкF┐д,10014050,│└│е╢m,10014050-002,╖ч┬╫з°,74,43,31,739,441,298,225,97,128,"102Y12M"
10014,╗OкF┐д,10014050,│└│е╢m,10014050-003,╖ч╖╜з°,136,68,68,764,391,373,180,88,92,"102Y12M"
10014,╗OкF┐д,10014050,│└│е╢m,10014050-004,е├жwз°,177,94,83,1258,718,540,268,124,144,"102Y12M"
10014,╗OкF┐д,10014050,│└│е╢m,10014050-005,╖ч╢йз°,114,59,55,756,430,326,198,103,95,"102Y12M"
10014,╗OкF┐д,10014050,│└│е╢m,10014050-006,│└│ез°,153,82,71,908,480,428,244,109,135,"102Y12M"
10014,╗OкF┐д,10014050,│└│е╢m,10014050-007,└sе╨з°,153,84,69,863,488,375,250,120,130,"102Y12M"
10014,╗OкF┐д,10014060,ж└дW╢m,10014060-001,║╓дхз°,192,101,91,993,546,447,268,120,148,"102Y12M"
10014,╗OкF┐д,10014060,ж└дW╢m,10014060-002,╝y┬╫з°,76,37,39,579,320,259,150,69,81,"102Y12M"
10014,╗OкF┐д,10014060,ж└дW╢m,10014060-003,дjйYз°,40,18,22,271,159,112,71,29,42,"102Y12M"
10014,╗OкF┐д,10014060,ж└дW╢m,10014060-004,дjоHз°,104,53,51,690,342,348,170,86,84,"102Y12M"
10014,╗OкF┐д,10014060,ж└дW╢m,10014060-005,║╓ньз°,292,165,127,1660,823,837,401,188,213,"102Y12M"
10014,╗OкF┐д,10014060,ж└дW╢m,10014060-006,└A╢щз°,34,16,18,268,157,111,93,45,48,"102Y12M"
10014,╗OкF┐д,10014060,ж└дW╢m,10014060-007,╖s┐│з°,104,57,47,680,393,287,194,94,100,"102Y12M"
10014,╗OкF┐д,10014060,ж└дW╢m,10014060-008,╕Uжwз°,47,24,23,251,141,110,89,44,45,"102Y12M"
10014,╗OкF┐д,10014060,ж└дW╢m,10014060-009,┤I┐│з°,43,28,15,334,195,139,78,44,34,"102Y12M"
10014,╗OкF┐д,10014060,ж└дW╢m,10014060-010,о╢┐│з°,57,36,21,364,197,167,86,45,41,"102Y12M"
10014,╗OкF┐д,10014070,кFкe╢m,10014070-001,е_╖╜з°,128,70,58,1358,893,465,370,178,192,"102Y12M"
10014,╗OкF┐д,10014070,кFкe╢m,10014070-002,ої╖╜з°,167,91,76,1079,612,467,273,121,152,"102Y12M"
10014,╗OкF┐д,10014070,кFкe╢m,10014070-003,кFкeз°,102,50,52,801,462,339,230,109,121,"102Y12M"
10014,╗OкF┐д,10014070,кFкe╢m,10014070-004,й|╝wз°,33,17,16,231,135,96,54,31,23,"102Y12M"
10014,╗OкF┐д,10014070,кFкe╢m,10014070-005,╢ййўз°,47,26,21,400,229,171,148,65,83,"102Y12M"
10014,╗OкF┐д,10014070,кFкe╢m,10014070-006,┐│йўз°,109,49,60,711,397,314,259,115,144,"102Y12M"
10014,╗OкF┐д,10014070,кFкe╢m,10014070-007,│г─їз°,251,134,117,1773,1003,770,468,204,264,"102Y12M"
10014,╗OкF┐д,10014080,к°└╪╢m,10014080-001,╝╠ньз°,63,33,30,525,319,206,188,83,105,"102Y12M"
10014,╗OкF┐д,10014080,к°└╪╢m,10014080-002,дT╢бз°,130,68,62,970,607,363,364,170,194,"102Y12M"
10014,╗OкF┐д,10014080,к°└╪╢m,10014080-003,й╛лiз°,86,51,35,449,283,166,135,68,67,"102Y12M"
10014,╗OкF┐д,10014080,к°└╪╢m,10014080-004,к°└╪з°,242,130,112,1607,933,674,471,227,244,"102Y12M"
10014,╗OкF┐д,10014080,к°└╪╢m,10014080-005,ж╦┤Єз°,88,47,41,763,447,316,224,97,127,"102Y12M"
10014,╗OкF┐д,10014080,к°└╪╢m,10014080-006,╣чоHз°,95,54,41,1042,639,403,291,152,139,"102Y12M"
10014,╗OкF┐д,10014090,д╙│┬и╜╢m,10014090-001,м№йMз°,219,123,96,1135,587,548,212,103,109,"102Y12M"
10014,╗OкF┐д,10014090,д╙│┬и╜╢m,10014090-002,дTйMз°,78,44,34,522,278,244,127,64,63,"102Y12M"
10014,╗OкF┐д,10014090,д╙│┬и╜╢m,10014090-003,╡╪╖╜з°,65,30,35,458,265,193,186,91,95,"102Y12M"
10014,╗OкF┐д,10014090,д╙│┬и╜╢m,10014090-004,е_и╜з°,78,47,31,494,298,196,103,51,52,"102Y12M"
10014,╗OкF┐д,10014090,д╙│┬и╜╢m,10014090-005,оїйMз°,213,120,93,1234,630,604,298,148,150,"102Y12M"
10014,╗OкF┐д,10014090,д╙│┬и╜╢m,10014090-006,дjд¤з°,264,149,115,1532,828,704,340,158,182,"102Y12M"
10014,╗OкF┐д,10014090,д╙│┬и╜╢m,10014090-007,н╗─їз°,95,57,38,644,368,276,189,92,97,"102Y12M"
10014,╗OкF┐д,10014090,д╙│┬и╜╢m,10014090-008,кў▒[з°,285,143,142,1519,826,693,244,122,122,"102Y12M"
10014,╗OкF┐д,10014090,д╙│┬и╜╢m,10014090-009,жhи}з°,131,63,68,795,417,378,135,53,82,"102Y12M"
10014,╗OкF┐д,10014100,дjкZ╢m,10014100-001,дjж╦з°,125,64,61,670,370,300,118,46,72,"102Y12M"
10014,╗OкF┐д,10014100,дjкZ╢m,10014100-002,дj│╛з°,200,103,97,1035,584,451,137,58,79,"102Y12M"
10014,╗OкF┐д,10014100,дjкZ╢m,10014100-003,дjкZз°,241,136,105,1312,684,628,196,96,100,"102Y12M"
10014,╗OкF┐д,10014100,дjкZ╢m,10014100-004,й|кZз°,179,93,86,1388,723,665,253,117,136,"102Y12M"
10014,╗OкF┐д,10014100,дjкZ╢m,10014100-005,лn┐│з°,85,45,40,509,254,255,83,37,46,"102Y12M"
10014,╗OкF┐д,10014110,║ёоq╢m,10014110-001,д╜БFз°,125,70,55,698,371,327,84,40,44,"102Y12M"
10014,╗OкF┐д,10014110,║ёоq╢m,10014110-002,дд╝dз°,121,54,67,951,528,423,110,51,59,"102Y12M"
10014,╗OкF┐д,10014110,║ёоq╢m,10014110-003,лn╝dз°,157,78,79,1198,643,555,136,63,73,"102Y12M"
10014,╗OкF┐д,10014120,о№║▌╢m,10014120-001,╝sньз°,216,119,97,736,388,348,64,23,41,"102Y12M"
10014,╗OкF┐д,10014120,о№║▌╢m,10014120-002,├·│└з°,57,31,26,248,137,111,38,15,23,"102Y12M"
10014,╗OкF┐д,10014120,о№║▌╢m,10014120-003,зQ╜_з°,77,37,40,236,124,112,21,7,14,"102Y12M"
10014,╗OкF┐д,10014120,о№║▌╢m,10014120-004,о№║▌з°,234,122,112,912,517,395,92,39,53,"102Y12M"
10014,╗OкF┐д,10014120,о№║▌╢m,10014120-005,оr│╗з°,146,76,70,564,330,234,53,25,28,"102Y12M"
10014,╗OкF┐д,10014120,о№║▌╢m,10014120-006,е[о│з°,121,67,54,512,303,209,36,14,22,"102Y12M"
10014,╗OкF┐д,10014130,й╡ен╢m,10014130-001,кZ│оз°,127,62,65,558,316,242,43,21,22,"102Y12M"
10014,╗OкF┐д,10014130,й╡ен╢m,10014130-002,е├▒dз°,77,36,41,270,155,115,30,10,20,"102Y12M"
10014,╗OкF┐д,10014130,й╡ен╢m,10014130-003,мї╕нз°,74,41,33,398,225,173,33,15,18,"102Y12M"
10014,╗OкF┐д,10014130,й╡ен╢m,10014130-004,╞}дsз°,117,60,57,533,301,232,73,31,42,"102Y12M"
10014,╗OкF┐д,10014130,й╡ен╢m,10014130-005,оч╖╜з°,209,100,109,929,516,413,81,28,53,"102Y12M"
10014,╗OкF┐д,10014140,кўоp╢m,10014140-001,╖s┐│з°,110,62,48,456,238,218,39,17,22,"102Y12M"
10014,╗OкF┐д,10014140,кўоp╢m,10014140-002,е┐┐│з°,116,52,64,521,272,249,61,23,38,"102Y12M"
10014,╗OкF┐д,10014140,кўоp╢m,10014140-003,╣┼─їз°,264,127,137,1054,565,489,119,54,65,"102Y12M"
10014,╗OкF┐д,10014140,кўоp╢m,10014140-004,╗лнZз°,56,35,21,289,152,137,44,20,24,"102Y12M"
10014,╗OкF┐д,10014140,кўоp╢m,10014140-005,╛·╦·з°,57,27,30,278,157,121,38,18,20,"102Y12M"
10014,╗OкF┐д,10014150,╣Fдп╢m,10014150-001,еxПшз°,104,50,54,559,310,249,81,36,45,"102Y12M"
10014,╗OкF┐д,10014150,╣Fдп╢m,10014150-002,дgПшз°,137,77,60,800,455,345,81,40,41,"102Y12M"
10014,╗OкF┐д,10014150,╣Fдп╢m,10014150-003,╖sд╞з°,51,24,27,289,171,118,50,22,28,"102Y12M"
10014,╗OкF┐д,10014150,╣Fдп╢m,10014150-004,жwо╥з°,85,47,38,605,337,268,71,32,39,"102Y12M"
10014,╗OкF┐д,10014150,╣Fдп╢m,10014150-005,┤╦е├з°,50,25,25,349,195,154,68,34,34,"102Y12M"
10014,╗OкF┐д,10014150,╣Fдп╢m,10014150-006,лnе╨з°,29,14,15,328,168,160,25,9,16,"102Y12M"
10014,╗OкF┐д,10014160,─ї└м╢m,10014160-001,кF▓Mз°,262,136,126,1091,554,537,85,41,44,"102Y12M"
10014,╗OкF┐д,10014160,─ї└м╢m,10014160-002,о╘оqз°,158,98,60,686,334,352,63,31,32,"102Y12M"
10014,╗OкF┐д,10014160,─ї└м╢m,10014160-003,мї└Yз°,217,117,100,1132,578,554,101,44,57,"102Y12M"
10014,╗OкF┐д,10014160,─ї└м╢m,10014160-004,╖жкoз°,203,92,111,834,438,396,73,38,35,"102Y12M"
10015,кс╜м┐д,10015010,кс╜мел,10015010-001,е┴е▀и╜,299,162,137,1251,575,676,273,155,118,"102Y12M"
10015,кс╜м┐д,10015010,кс╜мел,10015010-002,е┴╣Bи╜,229,128,101,1739,850,889,368,160,208,"102Y12M"
10015,кс╜м┐д,10015010,кс╜мел,10015010-003,е┴▒┌и╜,127,62,65,483,239,244,61,30,31,"102Y12M"
10015,кс╜м┐д,10015010,кс╜мел,10015010-004,еDлHи╜,151,78,73,540,247,293,119,59,60,"102Y12M"
10015,кс╜м┐д,10015010,кс╜мел,10015010-005,еD╖№и╜,131,54,77,525,252,273,87,40,47,"102Y12M"
10015,кс╜м┐д,10015010,кс╜мел,10015010-006,еDйMи╜,707,390,317,2674,1300,1374,487,215,272,"102Y12M"
10015,кс╜м┐д,10015010,кс╜мел,10015010-007,░ъл┬и╜,581,290,291,1757,890,867,319,165,154,"102Y12M"
10015,кс╜м┐д,10015010,кс╜мел,10015010-008,░ън╖и╜,1089,548,541,2908,1295,1613,543,246,297,"102Y12M"
10015,кс╜м┐д,10015010,кс╜мел,10015010-009,е┴╝wи╜,390,208,182,1336,615,721,215,91,124,"102Y12M"
10015,кс╜м┐д,10015010,кс╜мел,10015010-010,е┴╖Nи╜,207,119,88,1728,896,832,600,428,172,"102Y12M"
10015,кс╜м┐д,10015010,кс╜мел,10015010-011,е┴кvи╜,2,0,2,58,34,24,15,8,7,"102Y12M"
10015,кс╜м┐д,10015010,кс╜мел,10015010-012,еD╕qи╜,81,50,31,400,209,191,84,40,44,"102Y12M"
10015,кс╜м┐д,10015010,кс╜мел,10015010-013,еDдuи╜,179,91,88,542,253,289,103,44,59,"102Y12M"
10015,кс╜м┐д,10015010,кс╜мел,10015010-014,еD╣Aи╜,890,477,413,3250,1525,1725,441,218,223,"102Y12M"
10015,кс╜м┐д,10015010,кс╜мел,10015010-015,░ъкvи╜,378,196,182,921,401,520,157,75,82,"102Y12M"
10015,кс╜м┐д,10015010,кс╜мел,10015010-016,░ъ┤Iи╜,633,348,285,4728,2289,2439,743,334,409,"102Y12M"
10015,кс╜м┐д,10015010,кс╜мел,10015010-017,е┴мFи╜,654,319,335,3213,1495,1718,513,244,269,"102Y12M"
10015,кс╜м┐д,10015010,кс╜мел,10015010-018,е┴╢╘и╜,1132,586,546,2873,1281,1592,408,174,234,"102Y12M"
10015,кс╜м┐д,10015010,кс╜мел,10015010-019,е┴е═и╜,310,168,142,1077,482,595,227,104,123,"102Y12M"
10015,кс╜м┐д,10015010,кс╜мел,10015010-020,еD░╙и╜,231,122,109,552,262,290,107,47,60,"102Y12M"
10015,кс╜м┐д,10015010,кс╜мел,10015010-021,еD╛╟и╜,505,244,261,1661,784,877,283,126,157,"102Y12M"
10015,кс╜м┐д,10015010,кс╜мел,10015010-022,░ъе·и╜,253,144,109,1113,565,548,228,106,122,"102Y12M"
10015,кс╜м┐д,10015010,кс╜мел,10015010-023,░ъ┴pи╜,256,130,126,2371,1165,1206,316,145,171,"102Y12M"
10015,кс╜м┐д,10015010,кс╜мел,10015010-024,░ъ▒jи╜,321,170,151,1561,773,788,188,88,100,"102Y12M"
10015,кс╜м┐д,10015010,кс╜мел,10015010-025,е┴д▀и╜,111,61,50,840,453,387,126,70,56,"102Y12M"
10015,кс╜м┐д,10015010,кс╜мел,10015010-026,е┴╝╓и╜,95,50,45,562,264,298,88,40,48,"102Y12M"
10015,кс╜м┐д,10015010,кс╜мел,10015010-027,е┴еDи╜,141,80,61,486,234,252,80,32,48,"102Y12M"
10015,кс╜м┐д,10015010,кс╜мел,10015010-028,еD╢╘и╜,264,128,136,828,403,425,186,89,97,"102Y12M"
10015,кс╜м┐д,10015010,кс╜мел,10015010-029,еDдOи╜,579,306,273,2399,1109,1290,424,203,221,"102Y12M"
10015,кс╜м┐д,10015010,кс╜мел,10015010-030,░ъжwи╜,107,57,50,443,204,239,84,38,46,"102Y12M"
10015,кс╜м┐д,10015010,кс╜мел,10015010-031,░ъ╗юи╜,540,278,262,1818,870,948,330,147,183,"102Y12M"
10015,кс╜м┐д,10015010,кс╜мел,10015010-032,░ъ╝yи╜,173,88,85,876,466,410,161,77,84,"102Y12M"
10015,кс╜м┐д,10015010,кс╜мел,10015010-033,е┴и╔и╜,400,209,191,2664,1299,1365,315,152,163,"102Y12M"
10015,кс╜м┐д,10015010,кс╜мел,10015010-034,е┴ж│и╜,128,65,63,576,295,281,98,44,54,"102Y12M"
10015,кс╜м┐д,10015010,кс╜мел,10015010-035,е┴┼vи╜,104,54,50,348,161,187,72,37,35,"102Y12M"
10015,кс╜м┐д,10015010,кс╜мел,10015010-036,еDнpи╜,146,80,66,804,403,401,124,51,73,"102Y12M"
10015,кс╜м┐д,10015010,кс╜мел,10015010-037,еD┼vи╜,1105,612,493,4929,2287,2642,668,310,358,"102Y12M"
10015,кс╜м┐д,10015010,кс╜мел,10015010-038,░ъ╡╪и╜,686,343,343,1959,948,1011,401,179,222,"102Y12M"
10015,кс╜м┐д,10015010,кс╜мел,10015010-039,░ъи╛и╜,190,101,89,812,381,431,129,49,80,"102Y12M"
10015,кс╜м┐д,10015010,кс╜мел,10015010-040,░ъ║╓и╜,186,92,94,1327,714,613,193,95,98,"102Y12M"
10015,кс╜м┐д,10015010,кс╜мел,10015010-041,░ъ╕╬и╜,639,337,302,3837,1872,1965,484,209,275,"102Y12M"
10015,кс╜м┐д,10015010,кс╜мел,10015010-042,еDжwи╜,575,312,263,2225,1015,1210,371,179,192,"102Y12M"
10015,кс╜м┐д,10015010,кс╜мел,10015010-043,░ъ▓▒и╜,536,280,256,3460,1653,1807,343,172,171,"102Y12M"
10015,кс╜м┐д,10015010,кс╜мел,10015010-044,░ъ┐│и╜,610,317,293,3629,1779,1850,440,208,232,"102Y12M"
10015,кс╜м┐д,10015010,кс╜мел,10015010-045,е┴з╡и╜,539,281,258,3113,1581,1532,493,220,273,"102Y12M"
10015,кс╜м┐д,10015020,╗ёкL┬э,10015020-001,╗ёдпи╜,158,80,78,1011,543,468,254,118,136,"102Y12M"
10015,кс╜м┐д,10015020,╗ёкL┬э,10015020-002,╗ё╕qи╜,61,34,27,511,275,236,169,66,103,"102Y12M"
10015,кс╜м┐д,10015020,╗ёкL┬э,10015020-003,╗ё┬зи╜,62,30,32,484,258,226,166,82,84,"102Y12M"
10015,кс╜м┐д,10015020,╗ёкL┬э,10015020-004,╗ё┤╝и╜,163,82,81,938,475,463,284,131,153,"102Y12M"
10015,кс╜м┐д,10015020,╗ёкL┬э,10015020-005,╗ёлHи╜,173,103,70,1130,606,524,282,138,144,"102Y12M"
10015,кс╜м┐д,10015020,╗ёкL┬э,10015020-006,дs┐│и╜,38,20,18,375,220,155,142,66,76,"102Y12M"
10015,кс╜м┐д,10015020,╗ёкL┬э,10015020-007,дj║aи╜,170,92,78,1013,567,446,299,147,152,"102Y12M"
10015,кс╜м┐д,10015020,╗ёкL┬э,10015020-008,е_кLи╜,56,34,22,434,249,185,171,86,85,"102Y12M"
10015,кс╜м┐д,10015020,╗ёкL┬э,10015020-009,лnени╜,49,34,15,397,222,175,196,104,92,"102Y12M"
10015,кс╜м┐д,10015020,╗ёкL┬э,10015020-010,кL║aи╜,85,46,39,611,323,288,236,119,117,"102Y12M"
10015,кс╜м┐д,10015020,╗ёкL┬э,10015020-011,к°╛Їи╜,119,63,56,773,427,346,266,121,145,"102Y12M"
10015,кс╜м┐д,10015020,╗ёкL┬э,10015020-012,┤╦║aи╜,9,4,5,66,40,26,46,17,29,"102Y12M"
10015,кс╜м┐д,10015030,е╔и╜┬э,10015030-001,ддл░и╜,966,502,464,4616,2334,2282,822,391,431,"102Y12M"
10015,кс╜м┐д,10015030,е╔и╜┬э,10015030-002,▒╥╝╥и╜,280,137,143,1448,747,701,337,177,160,"102Y12M"
10015,кс╜м┐д,10015030,е╔и╜┬э,10015030-003,е├йўи╜,163,99,64,1131,605,526,290,147,143,"102Y12M"
10015,кс╜м┐д,10015030,е╔и╜┬э,10015030-004,оїйўи╜,141,71,70,1209,684,525,520,311,209,"102Y12M"
10015,кс╜м┐д,10015030,е╔и╜┬э,10015030-005,░ъкZи╜,182,91,91,1073,531,542,266,129,137,"102Y12M"
10015,кс╜м┐д,10015030,е╔и╜┬э,10015030-006,╖╜л░и╜,178,99,79,1082,605,477,288,148,140,"102Y12M"
10015,кс╜м┐д,10015030,е╔и╜┬э,10015030-007,к°и}и╜,91,48,43,559,320,239,165,101,64,"102Y12M"
10015,кс╜м┐д,10015030,е╔и╜┬э,10015030-008,╝╓жXи╜,122,68,54,837,524,313,246,107,139,"102Y12M"
10015,кс╜м┐д,10015030,е╔и╜┬э,10015030-009,кF┬╫и╜,102,53,49,421,263,158,135,65,70,"102Y12M"
10015,кс╜м┐д,10015030,е╔и╜┬э,10015030-010,╞[н╡и╜,181,85,96,1292,739,553,337,160,177,"102Y12M"
10015,кс╜м┐д,10015030,е╔и╜┬э,10015030-011,кQо·и╜,236,115,121,1379,843,536,303,139,164,"102Y12M"
10015,кс╜м┐д,10015030,е╔и╜┬э,10015030-012,мKдщи╜,117,59,58,707,423,284,215,91,124,"102Y12M"
10015,кс╜м┐д,10015030,е╔и╜┬э,10015030-013,╝wкZи╜,121,66,55,587,360,227,171,67,104,"102Y12M"
10015,кс╜м┐д,10015030,е╔и╜┬э,10015030-014,дTе┴и╜,122,69,53,701,406,295,260,133,127,"102Y12M"
10015,кс╜м┐д,10015030,е╔и╜┬э,10015030-015,дjмъи╜,150,86,64,884,507,377,262,118,144,"102Y12M"
10015,кс╜м┐д,10015040,╖sл░╢m,10015040-001,╖sл░з°,196,112,84,1110,574,536,267,107,160,"102Y12M"
10015,кс╜м┐д,10015040,╖sл░╢m,10015040-002,╢╢жwз°,120,63,57,781,446,335,174,81,93,"102Y12M"
10015,кс╜м┐д,10015040,╖sл░╢m,10015040-003,▒d╝╓з°,316,168,148,2143,1077,1066,335,167,168,"102Y12M"
10015,кс╜м┐д,10015040,╖sл░╢m,10015040-004,е_оHз°,606,303,303,3419,1775,1644,439,209,230,"102Y12M"
10015,кс╜м┐д,10015040,╖sл░╢m,10015040-005,и╬кLз°,146,77,69,851,433,418,115,69,46,"102Y12M"
10015,кс╜м┐д,10015040,╖sл░╢m,10015040-006,╣┼и╜з°,663,343,320,3327,1745,1582,415,205,210,"102Y12M"
10015,кс╜м┐д,10015040,╖sл░╢m,10015040-007,╣┼╖sз°,161,84,77,1051,521,530,352,232,120,"102Y12M"
10015,кс╜м┐д,10015040,╖sл░╢m,10015040-008,дj║~з°,431,236,195,2413,1227,1186,317,169,148,"102Y12M"
10015,кс╜м┐д,10015050,жNжw╢m,10015050-001,е_йўз°,1307,684,623,6479,3076,3403,940,424,516,"102Y12M"
10015,кс╜м┐д,10015050,жNжw╢m,10015050-002,│╙жwз°,654,345,309,4299,2112,2187,514,257,257,"102Y12M"
10015,кс╜м┐д,10015050,жNжw╢m,10015050-003,д╙йўз°,464,255,209,3254,1719,1535,472,236,236,"102Y12M"
10015,кс╜м┐д,10015050,жNжw╢m,10015050-004,е├жwз°,462,260,202,3757,1861,1896,544,262,282,"102Y12M"
10015,кс╜м┐д,10015050,жNжw╢m,10015050-005,╝y┬╫з°,731,364,367,6084,3148,2936,793,386,407,"102Y12M"
10015,кс╜м┐д,10015050,жNжw╢m,10015050-006,жNжwз°,608,337,271,4643,2389,2254,598,317,281,"102Y12M"
10015,кс╜м┐д,10015050,жNжw╢m,10015050-007,║╓┐│з°,381,180,201,2501,1344,1157,378,179,199,"102Y12M"
10015,кс╜м┐д,10015050,жNжw╢m,10015050-008,лn╡╪з°,168,83,85,1274,709,565,319,158,161,"102Y12M"
10015,кс╜м┐д,10015050,жNжw╢m,10015050-009,дzл░з°,120,60,60,1132,666,466,179,89,90,"102Y12M"
10015,кс╜м┐д,10015050,жNжw╢m,10015050-010,е├┐│з°,454,245,209,2538,1303,1235,381,186,195,"102Y12M"
10015,кс╜м┐д,10015050,жNжw╢m,10015050-011,╜_н╗з°,469,249,220,2817,1433,1384,424,215,209,"102Y12M"
10015,кс╜м┐д,10015050,жNжw╢m,10015050-012,лnйўз°,700,362,338,3739,1817,1922,399,174,225,"102Y12M"
10015,кс╜м┐д,10015050,жNжw╢m,10015050-013,йyйўз°,675,366,309,3592,1774,1818,521,257,264,"102Y12M"
10015,кс╜м┐д,10015050,жNжw╢m,10015050-014,дпи╜з°,708,354,354,5369,2645,2724,833,389,444,"102Y12M"
10015,кс╜м┐д,10015050,жNжw╢m,10015050-015,кFйўз°,552,294,258,4843,2513,2330,659,316,343,"102Y12M"
10015,кс╜м┐д,10015050,жNжw╢m,10015050-016,дпжwз°,239,119,120,1998,1049,949,255,129,126,"102Y12M"
10015,кс╜м┐д,10015050,жNжw╢m,10015050-017,дпйMз°,505,254,251,3948,2085,1863,476,260,216,"102Y12M"
10015,кс╜м┐д,10015050,жNжw╢m,10015050-018,е·╡╪з°,196,99,97,1589,838,751,223,121,102,"102Y12M"
10015,кс╜м┐д,10015060,╣╪┬╫╢m,10015060-001,╛Ё┤Єз°,35,18,17,280,156,124,81,31,50,"102Y12M"
10015,кс╜м┐д,10015060,╣╪┬╫╢m,10015060-002,╖╦дfз°,124,57,67,836,468,368,258,143,115,"102Y12M"
10015,кс╜м┐д,10015060,╣╪┬╫╢m,10015060-003,┬╫дsз°,249,139,110,1588,865,723,387,175,212,"102Y12M"
10015,кс╜м┐д,10015060,╣╪┬╫╢m,10015060-004,┬╫╕╠з°,186,100,86,1178,649,529,255,122,133,"102Y12M"
10015,кс╜м┐д,10015060,╣╪┬╫╢m,10015060-005,┬╫йWз°,132,64,68,751,403,348,169,94,75,"102Y12M"
10015,кс╜м┐д,10015060,╣╪┬╫╢m,10015060-006,ж@йMз°,80,43,37,498,273,225,109,56,53,"102Y12M"
10015,кс╜м┐д,10015060,╣╪┬╫╢m,10015060-007,╣╪┬╫з°,215,121,94,1363,755,608,298,134,164,"102Y12M"
10015,кс╜м┐д,10015060,╣╪┬╫╢m,10015060-008,е·║aз°,89,46,43,649,365,284,180,91,89,"102Y12M"
10015,кс╜м┐д,10015060,╣╪┬╫╢m,10015060-009,ж└лnз°,80,42,38,631,350,281,205,96,109,"102Y12M"
10015,кс╜м┐д,10015060,╣╪┬╫╢m,10015060-010,енйMз°,169,90,79,1187,666,521,262,117,145,"102Y12M"
10015,кс╜м┐д,10015060,╣╪┬╫╢m,10015060-011,з╙╛╟з°,348,194,154,2169,1158,1011,383,203,180,"102Y12M"
10015,кс╜м┐д,10015060,╣╪┬╫╢m,10015060-012,ж╠┤╠з°,24,8,16,210,118,92,58,23,35,"102Y12M"
10015,кс╜м┐д,10015060,╣╪┬╫╢m,10015060-013,дым▄з°,113,59,54,690,399,291,170,87,83,"102Y12M"
10015,кс╜м┐д,10015060,╣╪┬╫╢m,10015060-014,дЇцгз°,81,40,41,613,371,242,205,106,99,"102Y12M"
10015,кс╜м┐д,10015060,╣╪┬╫╢m,10015060-015,╞Q╝dз°,37,22,15,387,209,178,97,55,42,"102Y12M"
10015,кс╜м┐д,10015070,е·┤_╢m,10015070-001,дjжwз°,96,52,44,733,370,363,192,93,99,"102Y12M"
10015,кс╜м┐д,10015070,е·┤_╢m,10015070-002,дj╡╪з°,137,71,66,1121,600,521,263,121,142,"102Y12M"
10015,кс╜м┐д,10015070,е·┤_╢m,10015070-003,дjенз°,117,66,51,790,429,361,212,97,115,"102Y12M"
10015,кс╜м┐д,10015070,е·┤_╢m,10015070-004,дj░из°,126,71,55,853,472,381,223,80,143,"102Y12M"
10015,кс╜м┐д,10015070,е·┤_╢m,10015070-005,дjжPз°,161,82,79,945,514,431,204,92,112,"102Y12M"
10015,кс╜м┐д,10015070,е·┤_╢m,10015070-006,дj╢iз°,37,23,14,384,218,166,114,45,69,"102Y12M"
10015,кс╜м┐д,10015070,е·┤_╢m,10015070-007,дjе■з°,96,46,50,654,375,279,174,83,91,"102Y12M"
10015,кс╜м┐д,10015070,е·┤_╢m,10015070-008,дj┐│з°,89,46,43,386,223,163,83,46,37,"102Y12M"
10015,кс╜м┐д,10015070,е·┤_╢m,10015070-009,дj┤Iз°,35,18,17,274,143,131,87,44,43,"102Y12M"
10015,кс╜м┐д,10015070,е·┤_╢m,10015070-010,дj┬╫з°,46,30,16,355,219,136,149,66,83,"102Y12M"
10015,кс╜м┐д,10015070,е·┤_╢m,10015070-011,кF┤Iз°,121,67,54,820,459,361,219,110,109,"102Y12M"
10015,кс╜м┐д,10015070,е·┤_╢m,10015070-012,жш┤Iз°,106,51,55,796,437,359,238,115,123,"102Y12M"
10015,кс╜м┐д,10015070,е·┤_╢m,10015070-013,лn┤Iз°,107,57,50,694,377,317,179,84,95,"102Y12M"
10015,кс╜м┐д,10015070,е·┤_╢m,10015070-014,е_┤Iз°,102,54,48,715,400,315,226,107,119,"102Y12M"
10015,кс╜м┐д,10015080,┬╫└╪╢m,10015080-001,┬╫└╪з°,201,109,92,1428,828,600,373,160,213,"102Y12M"
10015,кс╜м┐д,10015080,┬╫└╪╢m,10015080-002,╖sк└з°,46,25,21,518,308,210,140,51,89,"102Y12M"
10015,кс╜м┐д,10015080,┬╫└╪╢m,10015080-003,┴F▒Tз°,27,13,14,274,161,113,58,24,34,"102Y12M"
10015,кс╜м┐д,10015080,┬╫└╪╢m,10015080-004,┤фдfз°,63,33,30,579,353,226,168,68,100,"102Y12M"
10015,кс╜м┐д,10015080,┬╫└╪╢m,10015080-005,└Rо·з°,56,31,25,548,357,191,153,59,94,"102Y12M"
10015,кс╜м┐д,10015090,╖ч┴J╢m,10015090-001,╖ч┴Jз°,225,121,104,1670,904,766,403,183,220,"102Y12M"
10015,кс╜м┐д,10015090,╖ч┴J╢m,10015090-002,╖чм№з°,249,135,114,1510,795,715,371,168,203,"102Y12M"
10015,кс╜м┐д,10015090,╖ч┴J╢m,10015090-003,╖чи}з°,68,38,30,429,237,192,121,63,58,"102Y12M"
10015,кс╜м┐д,10015090,╖ч┴J╢m,10015090-004,╖ч▓╗з°,105,50,55,807,435,372,217,96,121,"102Y12M"
10015,кс╜м┐д,10015090,╖ч┴J╢m,10015090-005,╖че_з°,96,43,53,505,290,215,118,43,75,"102Y12M"
10015,кс╜м┐д,10015090,╖ч┴J╢m,10015090-006,╗R┼bз°,111,58,53,769,430,339,197,94,103,"102Y12M"
10015,кс╜м┐д,10015090,╖ч┴J╢m,10015090-007,┼bйгз°,107,64,43,719,434,285,191,91,100,"102Y12M"
10015,кс╜м┐д,10015090,╖ч┴J╢m,10015090-008,й_м№з°,65,32,33,294,177,117,59,25,34,"102Y12M"
10015,кс╜м┐д,10015090,╖ч┴J╢m,10015090-009,┤I╖╜з°,106,63,43,648,377,271,210,100,110,"102Y12M"
10015,кс╜м┐д,10015090,╖ч┴J╢m,10015090-010,┤Iе┴з°,126,57,69,766,445,321,179,83,96,"102Y12M"
10015,кс╜м┐д,10015090,╖ч┴J╢m,10015090-011,┤I┐│з°,59,33,26,487,295,192,183,89,94,"102Y12M"
10015,кс╜м┐д,10015100,┤Iи╜╢m,10015100-001,зdж┐з°,58,28,30,377,231,146,127,56,71,"102Y12M"
10015,кс╜м┐д,10015100,┤Iи╜╢m,10015100-002,кFи╜з°,103,47,56,851,507,344,285,133,152,"102Y12M"
10015,кс╜м┐д,10015100,┤Iи╜╢m,10015100-003,╕U╣чз°,86,43,43,560,331,229,162,96,66,"102Y12M"
10015,кс╜м┐д,10015100,┤Iи╜╢m,10015100-004,╖s┐│з°,58,30,28,454,283,171,177,82,95,"102Y12M"
10015,кс╜м┐д,10015100,┤Iи╜╢m,10015100-005,ж╦е╨з°,134,69,65,865,457,408,256,129,127,"102Y12M"
10015,кс╜м┐д,10015100,┤Iи╜╢m,10015100-006,├╣дsз°,75,37,38,334,192,142,108,53,55,"102Y12M"
10015,кс╜м┐д,10015100,┤Iи╜╢m,10015100-007,е█╡Pз°,156,74,82,735,406,329,201,98,103,"102Y12M"
10015,кс╜м┐д,10015100,┤Iи╜╢m,10015100-008,й·и╜з°,80,47,33,293,162,131,85,42,43,"102Y12M"
10015,кс╜м┐д,10015100,┤Iи╜╢m,10015100-009,┤Iи╜з°,194,95,99,1121,595,526,335,164,171,"102Y12M"
10015,кс╜м┐д,10015100,┤Iи╜╢m,10015100-010,е├┬╫з°,72,30,42,370,214,156,107,52,55,"102Y12M"
10015,кс╜м┐д,10015100,┤Iи╜╢m,10015100-011,┬╫лnз°,88,41,47,512,301,211,141,68,73,"102Y12M"
10015,кс╜м┐д,10015100,┤Iи╜╢m,10015100-012,┤Iлnз°,69,38,31,450,256,194,107,48,59,"102Y12M"
10015,кс╜м┐д,10015100,┤Iи╜╢m,10015100-013,╛╟е╨з°,109,59,50,517,296,221,154,82,72,"102Y12M"
10015,кс╜м┐д,10015110,иqкL╢m,10015110-001,▒R╝wз°,325,183,142,1291,666,625,127,57,70,"102Y12M"
10015,кс╜м┐д,10015110,иqкL╢m,10015110-002,┤Iе@з°,354,178,176,1606,869,737,179,69,110,"102Y12M"
10015,кс╜м┐д,10015110,иqкL╢m,10015110-003,иqкLз°,402,192,210,1607,819,788,150,56,94,"102Y12M"
10015,кс╜м┐д,10015110,иqкL╢m,10015110-004,дЇ╖╜з°,298,163,135,1037,554,483,103,44,59,"102Y12M"
10015,кс╜м┐д,10015110,иqкL╢m,10015110-005,╗╔к∙з°,240,133,107,1102,592,510,89,35,54,"102Y12M"
10015,кс╜м┐д,10015110,иqкL╢m,10015110-006,дх─їз°,280,147,133,990,520,470,96,40,56,"102Y12M"
10015,кс╜м┐д,10015110,иqкL╢m,10015110-007,┤║м№з°,391,179,212,1635,879,756,150,69,81,"102Y12M"
10015,кс╜м┐д,10015110,иqкL╢m,10015110-008,и╬е┴з°,204,94,110,877,461,416,83,36,47,"102Y12M"
10015,кс╜м┐д,10015110,иqкL╢m,10015110-009,йMенз°,341,175,166,1190,651,539,120,49,71,"102Y12M"
10015,кс╜м┐д,10015120,╕U║a╢m,10015120-001,жшкLз°,221,112,109,1015,544,471,130,55,75,"102Y12M"
10015,кс╜м┐д,10015120,╕U║a╢m,10015120-002,иг┤╕з°,119,65,54,515,271,244,48,20,28,"102Y12M"
10015,кс╜м┐д,10015120,╕U║a╢m,10015120-003,╕U║aз°,172,85,87,693,374,319,58,23,35,"102Y12M"
10015,кс╜м┐д,10015120,╕U║a╢m,10015120-004,й·зQз°,136,79,57,612,341,271,69,28,41,"102Y12M"
10015,кс╜м┐д,10015120,╕U║a╢m,10015120-005,░и╗╖з°,225,102,123,1053,592,461,85,37,48,"102Y12M"
10015,кс╜м┐д,10015120,╕U║a╢m,10015120-006,мї╕нз°,185,93,92,1057,596,461,102,40,62,"102Y12M"
10015,кс╜м┐д,10015130,иЇ╖╦╢m,10015130-001,▒[дsз°,111,65,46,536,312,224,57,23,34,"102Y12M"
10015,кс╜м┐д,10015130,иЇ╖╦╢m,10015130-002,е▀дsз°,180,98,82,956,549,407,116,43,73,"102Y12M"
10015,кс╜м┐д,10015130,иЇ╖╦╢m,10015130-003,д╙енз°,152,86,66,652,346,306,78,33,45,"102Y12M"
10015,кс╜м┐д,10015130,иЇ╖╦╢m,10015130-004,иЇ╖╦з°,106,59,47,660,384,276,72,26,46,"102Y12M"
10015,кс╜м┐д,10015130,иЇ╖╦╢m,10015130-005,иЇ▓Mз°,220,114,106,1003,568,435,86,36,50,"102Y12M"
10015,кс╜м┐д,10015130,иЇ╖╦╢m,10015130-006,еjн╖з°,163,87,76,865,497,368,108,49,59,"102Y12M"
10016,╝ъ┤Є┐д,10016010,░ид╜ел,10016010-002,┤_┐│и╜,28,14,14,357,226,131,68,28,40,"102Y12M"
10016,╝ъ┤Є┐д,10016010,░ид╜ел,10016010-003,к°жwи╜,64,31,33,428,214,214,144,65,79,"102Y12M"
10016,╝ъ┤Є┐д,10016010,░ид╜ел,10016010-004,ддеби╜,65,30,35,421,224,197,136,64,72,"102Y12M"
10016,╝ъ┤Є┐д,10016010,░ид╜ел,10016010-005,▒╥й·и╜,128,64,64,759,406,353,181,84,97,"102Y12M"
10016,╝ъ┤Є┐д,10016010,░ид╜ел,10016010-006,нл╝yи╜,120,62,58,819,423,396,236,118,118,"102Y12M"
10016,╝ъ┤Є┐д,10016010,░ид╜ел,10016010-007,дд┐│и╜,86,40,46,688,374,314,138,58,80,"102Y12M"
10016,╝ъ┤Є┐д,10016010,░ид╜ел,10016010-008,е·┤_и╜,272,139,133,1706,827,879,371,165,206,"102Y12M"
10016,╝ъ┤Є┐д,10016010,░ид╜ел,10016010-009,е·║aи╜,534,281,253,3502,1679,1823,670,308,362,"102Y12M"
10016,╝ъ┤Є┐д,10016010,░ид╜ел,10016010-010,е·й·и╜,138,77,61,990,494,496,254,114,140,"102Y12M"
10016,╝ъ┤Є┐д,10016010,░ид╜ел,10016010-011,┤┬╢зи╜,911,453,458,4859,2410,2449,691,313,378,"102Y12M"
10016,╝ъ┤Є┐д,10016010,░ид╜ел,10016010-012,╢зй·и╜,372,200,172,2109,1032,1077,472,234,238,"102Y12M"
10016,╝ъ┤Є┐д,10016010,░ид╜ел,10016010-013,нле·и╜,214,96,118,1252,639,613,202,89,113,"102Y12M"
10016,╝ъ┤Є┐д,10016010,░ид╜ел,10016010-014,жш╜├и╜,706,358,348,4898,2466,2432,392,180,212,"102Y12M"
10016,╝ъ┤Є┐д,10016010,░ид╜ел,10016010-015,жшдхи╜,611,336,275,2617,1300,1317,355,178,177,"102Y12M"
10016,╝ъ┤Є┐д,10016010,░ид╜ел,10016010-016,кFдхи╜,671,364,307,2758,1338,1420,267,131,136,"102Y12M"
10016,╝ъ┤Є┐д,10016010,░ид╜ел,10016010-017,о╫дsи╜,166,92,74,1474,846,628,263,130,133,"102Y12M"
10016,╝ъ┤Є┐д,10016010,░ид╜ел,10016010-018,е·╡╪и╜,161,93,68,568,313,255,53,30,23,"102Y12M"
10016,╝ъ┤Є┐д,10016010,░ид╜ел,10016010-019,лe╝dи╜,105,52,53,722,393,329,106,51,55,"102Y12M"
10016,╝ъ┤Є┐д,10016010,░ид╜ел,10016010-020,е█мuи╜,413,211,202,2246,1122,1124,197,102,95,"102Y12M"
10016,╝ъ┤Є┐д,10016010,░ид╜ел,10016010-021,╡ц╢щи╜,51,24,27,332,188,144,75,34,41,"102Y12M"
10016,╝ъ┤Є┐д,10016010,░ид╜ел,10016010-022,кF╜├и╜,284,168,116,1617,834,783,256,128,128,"102Y12M"
10016,╝ъ┤Є┐д,10016010,░ид╜ел,10016010-023,жwжvи╜,59,28,31,449,239,210,113,56,57,"102Y12M"
10016,╝ъ┤Є┐д,10016010,░ид╜ел,10016010-024,пQоrи╜,122,66,56,772,411,361,186,91,95,"102Y12M"
10016,╝ъ┤Є┐д,10016010,░ид╜ел,10016010-025,┐│дпи╜,135,72,63,812,436,376,117,53,64,"102Y12M"
10016,╝ъ┤Є┐д,10016010,░ид╜ел,10016010-026,┼K╜uи╜,75,40,35,440,218,222,81,36,45,"102Y12M"
10016,╝ъ┤Є┐д,10016010,░ид╜ел,10016010-027,дsдЇи╜,238,134,104,1402,734,668,273,132,141,"102Y12M"
10016,╝ъ┤Є┐д,10016010,░ид╜ел,10016010-028,┬ъ┤фи╜,325,181,144,2038,1096,942,353,155,198,"102Y12M"
10016,╝ъ┤Є┐д,10016010,░ид╜ел,10016010-029,дн╝wи╜,12,7,5,199,114,85,51,27,24,"102Y12M"
10016,╝ъ┤Є┐д,10016010,░ид╜ел,10016010-030,дл╬Pи╜,68,32,36,310,167,143,69,30,39,"102Y12M"
10016,╝ъ┤Є┐д,10016010,░ид╜ел,10016010-031,б╜╕╠и╜,169,82,87,1022,555,467,182,88,94,"102Y12M"
10016,╝ъ┤Є┐д,10016010,░ид╜ел,10016010-032,н╖┬dи╜,203,107,96,1132,604,528,211,111,100,"102Y12M"
10016,╝ъ┤Є┐д,10016010,░ид╜ел,10016010-033,къдли╜,82,41,41,551,325,226,168,79,89,"102Y12M"
10016,╝ъ┤Є┐д,10016010,░ид╜ел,10016010-034,▒э╜Lи╜,74,36,38,234,128,106,26,13,13,"102Y12M"
10016,╝ъ┤Є┐д,10016020,┤Єжш╢m,10016020-001,┤Єжшз°,137,67,70,917,476,441,191,91,100,"102Y12M"
10016,╝ъ┤Є┐д,10016020,┤Єжш╢m,10016020-002,┤ЄкFз°,52,28,24,273,137,136,75,42,33,"102Y12M"
10016,╝ъ┤Є┐д,10016020,┤Єжш╢m,10016020-003,лC┴│з°,29,16,13,178,96,82,68,30,38,"102Y12M"
10016,╝ъ┤Є┐д,10016020,┤Єжш╢m,10016020-004,е╒з|з°,34,18,16,220,132,88,65,25,40,"102Y12M"
10016,╝ъ┤Є┐д,10016020,┤Єжш╢m,10016020-005,лn╝dз°,79,42,37,481,267,214,190,84,106,"102Y12M"
10016,╝ъ┤Є┐д,10016020,┤Єжш╢m,10016020-006,е_╝dз°,36,16,20,263,139,124,61,32,29,"102Y12M"
10016,╝ъ┤Є┐д,10016020,┤Єжш╢m,10016020-007,мї├╣з°,82,39,43,574,297,277,139,71,68,"102Y12M"
10016,╝ъ┤Є┐д,10016020,┤Єжш╢m,10016020-008,жш╖╦з°,79,46,33,508,295,213,97,46,51,"102Y12M"
10016,╝ъ┤Є┐д,10016020,┤Єжш╢m,10016020-009,жие\з°,79,42,37,578,293,285,99,49,50,"102Y12M"
10016,╝ъ┤Є┐д,10016020,┤Єжш╢m,10016020-010,кFе█з°,14,10,4,102,50,52,36,16,20,"102Y12M"
10016,╝ъ┤Є┐д,10016020,┤Єжш╢m,10016020-011,дджшз°,22,11,11,162,86,76,49,19,30,"102Y12M"
10016,╝ъ┤Є┐д,10016020,┤Єжш╢m,10016020-012,╝ц├фз°,47,27,20,218,119,99,43,20,23,"102Y12M"
10016,╝ъ┤Є┐д,10016020,┤Єжш╢m,10016020-013,╣й╞Wз°,53,26,27,568,422,146,76,40,36,"102Y12M"
10016,╝ъ┤Є┐д,10016020,┤Єжш╢m,10016020-014,│\оaз°,41,19,22,225,125,100,42,19,23,"102Y12M"
10016,╝ъ┤Є┐д,10016020,┤Єжш╢m,10016020-015,иF┤фз°,97,48,49,605,308,297,199,77,122,"102Y12M"
10016,╝ъ┤Є┐д,10016020,┤Єжш╢m,10016020-016,л░е_з°,32,20,12,247,154,93,36,13,23,"102Y12M"
10016,╝ъ┤Є┐д,10016020,┤Єжш╢m,10016020-017,д╙кZз°,16,4,12,63,28,35,28,14,14,"102Y12M"
10016,╝ъ┤Є┐д,10016020,┤Єжш╢m,10016020-018,╣iк∙з°,99,48,51,632,330,302,135,67,68,"102Y12M"
10016,╝ъ┤Є┐д,10016020,┤Єжш╢m,10016020-019,кLзыз°,201,105,96,840,437,403,172,83,89,"102Y12M"
10016,╝ъ┤Є┐д,10016020,┤Єжш╢m,10016020-020,жyдsз°,85,53,32,517,282,235,114,50,64,"102Y12M"
10016,╝ъ┤Є┐д,10016020,┤Єжш╢m,10016020-021,└sк∙з°,244,123,121,1459,730,729,307,138,169,"102Y12M"
10016,╝ъ┤Є┐д,10016020,┤Єжш╢m,10016020-022,Щ┘╕нз°,80,41,39,585,339,246,146,67,79,"102Y12M"
10016,╝ъ┤Є┐д,10016030,е╒иF╢m,10016030-001,ддд┘з°,93,50,43,412,212,200,107,56,51,"102Y12M"
10016,╝ъ┤Є┐д,10016030,е╒иF╢m,10016030-002,┴┐м№з°,84,52,32,565,303,262,105,56,49,"102Y12M"
10016,╝ъ┤Є┐д,10016030,е╒иF╢m,10016030-003,л░лeз°,6,2,4,83,45,38,20,10,10,"102Y12M"
10016,╝ъ┤Є┐д,10016030,е╒иF╢m,10016030-004,┬эо№з°,14,9,5,106,54,52,27,14,13,"102Y12M"
10016,╝ъ┤Є┐д,10016030,е╒иF╢m,10016030-005,┤фдlз°,40,17,23,248,137,111,60,25,35,"102Y12M"
10016,╝ъ┤Є┐д,10016030,е╒иF╢m,10016030-006,з┴└Yз°,13,7,6,176,94,82,51,23,28,"102Y12M"
10016,╝ъ┤Є┐д,10016030,е╒иF╢m,10016030-007,дpикз°,27,11,16,138,67,71,32,15,17,"102Y12M"
10016,╝ъ┤Є┐д,10016030,е╒иF╢m,10016030-008,икоrз°,241,125,116,1355,721,634,279,128,151,"102Y12M"
10016,╝ъ┤Є┐д,10016030,е╒иF╢m,10016030-009,е╦╓╗з°,27,17,10,197,110,87,80,38,42,"102Y12M"
10016,╝ъ┤Є┐д,10016030,е╒иF╢m,10016030-010,лс╝dз°,77,37,40,544,288,256,182,85,97,"102Y12M"
10016,╝ъ┤Є┐д,10016030,е╒иF╢m,10016030-011,│q▒чз°,79,39,40,583,319,264,190,88,102,"102Y12M"
10016,╝ъ┤Є┐д,10016030,е╒иF╢m,10016030-012,жNийз°,155,91,64,1166,641,525,251,108,143,"102Y12M"
10016,╝ъ┤Є┐д,10016030,е╒иF╢m,10016030-013,│╛└мз°,159,78,81,908,479,429,172,83,89,"102Y12M"
10016,╝ъ┤Є┐д,10016030,е╒иF╢m,10016030-014,н√ийз°,24,14,10,167,106,61,58,29,29,"102Y12M"
10016,╝ъ┤Є┐д,10016030,е╒иF╢m,10016030-015,дjн▄з°,37,22,15,213,107,106,40,19,21,"102Y12M"
10016,╝ъ┤Є┐д,10016040,жш└м╢m,10016040-001,╛ю┴Gз°,45,22,23,233,127,106,47,24,23,"102Y12M"
10016,╝ъ┤Є┐д,10016040,жш└м╢m,10016040-002,жXм╔з°,53,27,26,353,191,162,96,41,55,"102Y12M"
10016,╝ъ┤Є┐д,10016040,жш└м╢m,10016040-003,дpк∙з°,35,12,23,229,121,108,62,28,34,"102Y12M"
10016,╝ъ┤Є┐д,10016040,жш└м╢m,10016040-004,ж╦╞Wз°,108,53,55,647,358,289,189,84,105,"102Y12M"
10016,╝ъ┤Є┐д,10016040,жш└м╢m,10016040-005,дjж└з°,95,52,43,545,279,266,129,56,73,"102Y12M"
10016,╝ъ┤Є┐д,10016040,жш└м╢m,10016040-006,дGоrз°,10,3,7,134,83,51,22,6,16,"102Y12M"
10016,╝ъ┤Є┐д,10016040,жш└м╢m,10016040-007,ж└кFз°,68,38,30,477,237,240,144,62,82,"102Y12M"
10016,╝ъ┤Є┐д,10016040,жш└м╢m,10016040-008,ж└жшз°,20,10,10,131,72,59,66,25,41,"102Y12M"
10016,╝ъ┤Є┐д,10016040,жш└м╢m,10016040-009,ик░из°,58,24,34,423,252,171,150,69,81,"102Y12M"
10016,╝ъ┤Є┐д,10016040,жш└м╢m,10016040-010,д║╬Pз°,176,108,68,993,517,476,292,127,165,"102Y12M"
10016,╝ъ┤Є┐д,10016040,жш└м╢m,10016040-011,е~╬Pз°,298,153,145,1725,908,817,350,151,199,"102Y12M"
10016,╝ъ┤Є┐д,10016050,▒цжw╢m,10016050-001,кFжwз°,60,31,29,560,337,223,117,57,60,"102Y12M"
10016,╝ъ┤Є┐д,10016050,▒цжw╢m,10016050-002,жшжwз°,41,27,14,338,175,163,92,38,54,"102Y12M"
10016,╝ъ┤Є┐д,10016050,▒цжw╢m,10016050-003,ддк└з°,16,9,7,204,121,83,81,45,36,"102Y12M"
10016,╝ъ┤Є┐д,10016050,▒цжw╢m,10016050-004,дЇ╬Pз°,22,11,11,299,163,136,116,51,65,"102Y12M"
10016,╝ъ┤Є┐д,10016050,▒цжw╢m,10016050-005,▒Nнxз°,165,83,82,1188,624,564,254,133,121,"102Y12M"
10016,╝ъ┤Є┐д,10016050,▒цжw╢m,10016050-006,кFйWз°,120,69,51,447,230,217,35,17,18,"102Y12M"
10016,╝ъ┤Є┐д,10016050,▒цжw╢m,10016050-007,жшйWз°,26,15,11,186,110,76,29,17,12,"102Y12M"
10016,╝ъ┤Є┐д,10016050,▒цжw╢m,10016050-008,кFжNз°,3,0,3,185,111,74,72,35,37,"102Y12M"
10016,╝ъ┤Є┐д,10016050,▒цжw╢m,10016050-009,кс└мз°,61,25,36,241,134,107,63,32,31,"102Y12M"
10016,╝ъ┤Є┐д,10016060,дCм№╢m,10016060-001,кF┤Єз°,24,8,16,198,105,93,58,24,34,"102Y12M"
10016,╝ъ┤Є┐д,10016060,дCм№╢m,10016060-002,жш┤Єз°,72,40,32,426,248,178,124,58,66,"102Y12M"
10016,╝ъ┤Є┐д,10016060,дCм№╢m,10016060-003,ддйMз°,68,29,39,513,278,235,93,33,60,"102Y12M"
10016,╝ъ┤Є┐д,10016060,дCм№╢m,10016060-004,енйMз°,31,16,15,273,165,108,74,31,43,"102Y12M"
10016,╝ъ┤Є┐д,10016060,дCм№╢m,10016060-005,о№┬╫з°,42,27,15,265,143,122,71,28,43,"102Y12M"
10016,╝ъ┤Є┐д,10016060,дCм№╢m,10016060-006,лn┤фз°,182,94,88,986,510,476,162,78,84,"102Y12M"
10017,░Є╢йел,10017010,дде┐░╧,10017010-001,╝w╕qи╜,85,44,41,626,311,315,170,77,93,"102Y12M"
10017,░Є╢йел,10017010,дде┐░╧,10017010-002,е┐╕qи╜,164,91,73,1111,570,541,247,126,121,"102Y12M"
10017,░Є╢йел,10017010,дде┐░╧,10017010-003,лH╕qи╜,98,54,44,789,395,394,218,100,118,"102Y12M"
10017,░Є╢йел,10017010,дде┐░╧,10017010-004,╕qнли╜,139,71,68,943,469,474,223,96,127,"102Y12M"
10017,░Є╢йел,10017010,дде┐░╧,10017010-005,┤ф│qи╜,136,69,67,1064,528,536,260,121,139,"102Y12M"
10017,░Є╢йел,10017010,дде┐░╧,10017010-006,дд▓юи╜,180,107,73,1050,550,500,252,109,143,"102Y12M"
10017,░Є╢йел,10017010,дде┐░╧,10017010-007,е┐▓юи╜,204,114,90,1115,597,518,232,109,123,"102Y12M"
10017,░Є╢йел,10017010,дде┐░╧,10017010-008,дJ▓юи╜,124,62,62,752,391,361,198,92,106,"102Y12M"
10017,░Є╢йел,10017010,дде┐░╧,10017010-009,ддмти╜,103,53,50,914,477,437,272,129,143,"102Y12M"
10017,░Є╢йел,10017010,дде┐░╧,10017010-010,е┐мти╜,226,120,106,2046,1057,989,420,191,229,"102Y12M"
10017,░Є╢йел,10017010,дде┐░╧,10017010-011,пuмти╜,126,65,61,1163,589,574,255,113,142,"102Y12M"
10017,░Є╢йел,10017010,дде┐░╧,10017010-012,мт╞Wи╜,228,128,100,1819,936,883,410,197,213,"102Y12M"
10017,░Є╢йел,10017010,дде┐░╧,10017010-013,л╪░ъи╜,234,135,99,1780,939,841,338,155,183,"102Y12M"
10017,░Є╢йел,10017010,дде┐░╧,10017010-014,дд└╪и╜,146,78,68,1128,608,520,258,131,127,"102Y12M"
10017,░Є╢йел,10017010,дде┐░╧,10017010-015,о№└╪и╜,181,86,95,1112,621,491,189,86,103,"102Y12M"
10017,░Є╢йел,10017010,дде┐░╧,10017010-016,к└╝dи╜,280,139,141,1582,867,715,327,161,166,"102Y12M"
10017,░Є╢йел,10017010,дде┐░╧,10017010-017,йM╛╦и╜,154,86,68,911,480,431,176,87,89,"102Y12M"
10017,░Є╢йел,10017010,дде┐░╧,10017010-018,ен╝dи╜,174,79,95,1164,640,524,261,129,132,"102Y12M"
10017,░Є╢йел,10017010,дде┐░╧,10017010-019,дKдци╜,190,95,95,1351,748,603,244,113,131,"102Y12M"
10017,░Є╢йел,10017010,дде┐░╧,10017010-020,║╤мти╜,161,85,76,1210,644,566,205,91,114,"102Y12M"
10017,░Є╢йел,10017010,дде┐░╧,10017010-021,к°╝ци╜,54,26,28,454,247,207,110,49,61,"102Y12M"
10017,░Є╢йел,10017010,дде┐░╧,10017010-022,мтдlи╜,762,407,355,4538,2306,2232,489,243,246,"102Y12M"
10017,░Є╢йел,10017010,дде┐░╧,10017010-023,дде┐и╜,161,80,81,1749,960,789,370,184,186,"102Y12M"
10017,░Є╢йел,10017010,дде┐░╧,10017010-024,е┐└╪и╜,87,43,44,913,508,405,215,91,124,"102Y12M"
10017,░Є╢йел,10017010,дде┐░╧,10017010-025,╖s┬╫и╜,738,388,350,4621,2192,2429,384,166,218,"102Y12M"
10017,░Є╢йел,10017010,дде┐░╧,10017010-026,╖s┤Iи╜,712,364,348,4718,2403,2315,378,180,198,"102Y12M"
10017,░Є╢йел,10017020,дC░Ї░╧,10017020-001,к°┐│и╜,536,280,256,3349,1724,1625,596,293,303,"102Y12M"
10017,░Є╢йел,10017020,дC░Ї░╧,10017020-002,е┐е·и╜,338,166,172,2041,1019,1022,395,186,209,"102Y12M"
10017,░Є╢йел,10017020,дC░Ї░╧,10017020-003,┤Iе┴и╜,494,253,241,3153,1620,1533,625,275,350,"102Y12M"
10017,░Є╢йел,10017020,дC░Ї░╧,10017020-004,е├ени╜,284,149,135,1635,793,842,395,157,238,"102Y12M"
10017,░Є╢йел,10017020,дC░Ї░╧,10017020-005,е├жwи╜,334,178,156,1920,968,952,354,158,196,"102Y12M"
10017,░Є╢йел,10017020,дC░Ї░╧,10017020-006,дK╝wи╜,216,117,99,1402,682,720,200,93,107,"102Y12M"
10017,░Є╢йел,10017020,дC░Ї░╧,10017020-007,ж█▒jи╜,137,69,68,806,460,346,162,90,72,"102Y12M"
10017,░Є╢йел,10017020,дC░Ї░╧,10017020-008,д╗░Їи╜,290,167,123,2054,1082,972,244,114,130,"102Y12M"
10017,░Є╢йел,10017020,дC░Ї░╧,10017020-009,оїжwи╜,606,313,293,3805,1949,1856,456,214,242,"102Y12M"
10017,░Є╢йел,10017020,дC░Ї░╧,10017020-010,░Їе_и╜,616,308,308,3259,1647,1612,318,154,164,"102Y12M"
10017,░Є╢йел,10017020,дC░Ї░╧,10017020-011,░Їлnи╜,314,141,173,1873,1000,873,266,125,141,"102Y12M"
10017,░Є╢йел,10017020,дC░Ї░╧,10017020-012,║┐лnи╜,53,28,25,354,211,143,86,46,40,"102Y12M"
10017,░Є╢йел,10017020,дC░Ї░╧,10017020-013,║┐кFи╜,18,7,11,225,130,95,60,33,27,"102Y12M"
10017,░Є╢йел,10017020,дC░Ї░╧,10017020-014,║┐жши╜,22,11,11,282,165,117,71,36,35,"102Y12M"
10017,░Є╢йел,10017020,дC░Ї░╧,10017020-015,д═д@и╜,134,72,62,1543,788,755,221,102,119,"102Y12M"
10017,░Є╢йел,10017020,дC░Ї░╧,10017020-016,д═дGи╜,45,19,26,373,211,162,105,54,51,"102Y12M"
10017,░Є╢йел,10017020,дC░Ї░╧,10017020-017,е┐й·и╜,324,159,165,1747,880,867,366,158,208,"102Y12M"
10017,░Є╢йел,10017020,дC░Ї░╧,10017020-018,ж╩║╓и╜,1031,542,489,5581,2774,2807,514,231,283,"102Y12M"
10017,░Є╢йел,10017020,дC░Ї░╧,10017020-019,╣ъ╜юи╜,609,292,317,3546,1793,1753,379,175,204,"102Y12M"
10017,░Є╢йел,10017020,дC░Ї░╧,10017020-020,к°жwи╜,368,190,178,2358,1218,1140,153,93,60,"102Y12M"
10017,░Є╢йел,10017030,╖x╖x░╧,10017030-001,дKжши╜,196,103,93,1302,675,627,218,97,121,"102Y12M"
10017,░Є╢йел,10017030,╖x╖x░╧,10017030-002,дK░Їи╜,52,28,24,557,297,260,144,69,75,"102Y12M"
10017,░Є╢йел,10017030,╖x╖x░╧,10017030-003,дKлnи╜,46,27,19,589,308,281,110,51,59,"102Y12M"
10017,░Є╢йел,10017030,╖x╖x░╧,10017030-004,╣L┤фи╜,449,240,209,3241,1633,1608,477,222,255,"102Y12M"
10017,░Є╢йел,10017030,╖x╖x░╧,10017030-005,▐фд║и╜,385,199,186,2266,1112,1154,370,179,191,"102Y12M"
10017,░Є╢йел,10017030,╖x╖x░╧,10017030-006,▐фйMи╜,411,230,181,2565,1274,1291,404,192,212,"102Y12M"
10017,░Є╢йел,10017030,╖x╖x░╧,10017030-007,╖xжPи╜,293,155,138,2355,1218,1137,307,147,160,"102Y12M"
10017,░Є╢йел,10017030,╖x╖x░╧,10017030-008,╖x╖xи╜,324,168,156,2268,1141,1127,287,130,157,"102Y12M"
10017,░Є╢йел,10017030,╖x╖x░╧,10017030-009,╖xкFи╜,65,39,26,392,221,171,60,28,32,"102Y12M"
10017,░Є╢йел,10017030,╖x╖x░╧,10017030-010,╖xжши╜,762,400,362,4100,2088,2012,437,207,230,"102Y12M"
10017,░Є╢йел,10017030,╖x╖x░╧,10017030-011,дKдди╜,58,39,19,399,240,159,95,48,47,"102Y12M"
10017,░Є╢йел,10017030,╖x╖x░╧,10017030-012,▐фжwи╜,770,395,375,4461,2216,2245,612,304,308,"102Y12M"
10017,░Є╢йел,10017030,╖x╖x░╧,10017030-013,▐ф▓╗и╜,789,402,387,4862,2462,2400,382,187,195,"102Y12M"
10017,░Є╢йел,10017040,дп╖R░╧,10017040-001,кLмuи╜,689,374,315,1665,768,897,303,129,174,"102Y12M"
10017,░Є╢йел,10017040,дп╖R░╧,10017040-002,кс▒^и╜,448,223,225,996,442,554,185,88,97,"102Y12M"
10017,░Є╢йел,10017040,дп╖R░╧,10017040-003,нi╛Їи╜,648,350,298,1414,598,816,323,143,180,"102Y12M"
10017,░Є╢йел,10017040,дп╖R░╧,10017040-004,дЇ└Aи╜,778,373,405,1678,761,917,314,142,172,"102Y12M"
10017,░Є╢йел,10017040,дп╖R░╧,10017040-005,┤╝дпи╜,958,465,493,2180,985,1195,447,196,251,"102Y12M"
10017,░Є╢йел,10017040,дп╖R░╧,10017040-006,йMй·и╜,697,375,322,1538,636,902,263,121,142,"102Y12M"
10017,░Є╢йел,10017040,дп╖R░╧,10017040-007,й╛лiи╜,255,133,122,911,434,477,171,78,93,"102Y12M"
10017,░Є╢йел,10017040,дп╖R░╧,10017040-008,е╔е╨и╜,313,154,159,940,464,476,205,92,113,"102Y12M"
10017,░Є╢йел,10017040,дп╖R░╧,10017040-009,дп╝wи╜,130,72,58,757,372,385,215,105,110,"102Y12M"
10017,░Є╢йел,10017040,дп╖R░╧,10017040-010,│╒╖Rи╜,223,105,118,1312,642,670,304,144,160,"102Y12M"
10017,░Є╢йел,10017040,дп╖R░╧,10017040-011,║╓дпи╜,51,30,21,699,364,335,152,71,81,"102Y12M"
10017,░Є╢йел,10017040,дп╖R░╧,10017040-012,╕█дпи╜,90,46,44,857,452,405,189,78,111,"102Y12M"
10017,░Є╢йел,10017040,дп╖R░╧,10017040-013,жNдпи╜,164,86,78,2207,1199,1008,537,232,305,"102Y12M"
10017,░Є╢йел,10017040,дп╖R░╧,10017040-014,и|дпи╜,98,59,39,685,379,306,154,67,87,"102Y12M"
10017,░Є╢йел,10017040,дп╖R░╧,10017040-015,н^дпи╜,110,52,58,1129,617,512,270,118,152,"102Y12M"
10017,░Є╢йел,10017040,дп╖R░╧,10017040-016,└sк∙и╜,56,31,25,692,374,318,140,65,75,"102Y12M"
10017,░Є╢йел,10017040,дп╖R░╧,10017040-017,╝wлpи╜,191,97,94,1616,811,805,213,102,111,"102Y12M"
10017,░Є╢йел,10017040,дп╖R░╧,10017040-018,ж▒дЇи╜,76,44,32,750,405,345,174,73,101,"102Y12M"
10017,░Є╢йел,10017040,дп╖R░╧,10017040-019,▒Rдхи╜,61,34,27,757,405,352,184,78,106,"102Y12M"
10017,░Є╢йел,10017040,дп╖R░╧,10017040-020,дхжwи╜,59,34,25,722,386,336,203,82,121,"102Y12M"
10017,░Є╢йел,10017040,дп╖R░╧,10017040-021,е№│sи╜,80,46,34,616,333,283,158,60,98,"102Y12M"
10017,░Є╢йел,10017040,дп╖R░╧,10017040-022,╖р▓yи╜,89,46,43,857,490,367,234,96,138,"102Y12M"
10017,░Є╢йел,10017040,дп╖R░╧,10017040-023,о╤░|и╜,137,70,67,928,498,430,228,108,120,"102Y12M"
10017,░Є╢йел,10017040,дп╖R░╧,10017040-024,┤┬┤╔и╜,312,153,159,2460,1227,1233,537,240,297,"102Y12M"
10017,░Є╢йел,10017040,дп╖R░╧,10017040-025,й·╝wи╜,34,16,18,598,309,289,147,65,82,"102Y12M"
10017,░Є╢йел,10017040,дп╖R░╧,10017040-026,жPн╖и╜,36,20,16,450,225,225,153,69,84,"102Y12M"
10017,░Є╢йел,10017040,дп╖R░╧,10017040-027,дхйўи╜,48,27,21,643,346,297,187,89,98,"102Y12M"
10017,░Є╢йел,10017040,дп╖R░╧,10017040-028,╖sй▒и╜,77,39,38,483,245,238,147,59,88,"102Y12M"
10017,░Є╢йел,10017040,дп╖R░╧,10017040-029,е·╡╪и╜,271,147,124,2159,1133,1026,419,170,249,"102Y12M"
10017,░Є╢йел,10017050,дддs░╧,10017050-001,╖sл╪и╜,64,37,27,638,348,290,174,64,110,"102Y12M"
10017,░Є╢йел,10017050,дддs░╧,10017050-002,жwе┴и╜,55,29,26,891,460,431,198,91,107,"102Y12M"
10017,░Є╢йел,10017050,дддs░╧,10017050-003,жwени╜,56,29,27,656,350,306,176,70,106,"102Y12M"
10017,░Є╢йел,10017050,дддs░╧,10017050-004,дддsи╜,85,43,42,811,441,370,212,84,128,"102Y12M"
10017,░Є╢йел,10017050,дддs░╧,10017050-005,е┴кvи╜,52,24,28,713,383,330,190,82,108,"102Y12M"
10017,░Є╢йел,10017050,дддs░╧,10017050-006,дд┐│и╜,134,73,61,1135,585,550,264,121,143,"102Y12M"
10017,░Є╢йел,10017050,дддs░╧,10017050-007,дпе┐и╜,54,22,32,716,406,310,132,62,70,"102Y12M"
10017,░Є╢йел,10017050,дддs░╧,10017050-008,░╖е┴и╜,123,70,53,985,533,452,301,136,165,"102Y12M"
10017,░Є╢йел,10017050,дддs░╧,10017050-009,│qд╞и╜,112,59,53,913,488,425,226,93,133,"102Y12M"
10017,░Є╢йел,10017050,дддs░╧,10017050-010,й~дпи╜,136,57,79,1162,608,554,294,138,156,"102Y12M"
10017,░Є╢йел,10017050,дддs░╧,10017050-011,│qй·и╜,186,100,86,1545,835,710,397,183,214,"102Y12M"
10017,░Є╢йел,10017050,дддs░╧,10017050-012,иєйMи╜,177,88,89,1460,822,638,258,116,142,"102Y12M"
10017,░Є╢йел,10017050,дддs░╧,10017050-013,дхд╞и╜,164,87,77,1092,615,477,223,106,117,"102Y12M"
10017,░Є╢йел,10017050,дддs░╧,10017050-014,еPм}и╜,87,50,37,517,296,221,159,69,90,"102Y12M"
10017,░Є╢йел,10017050,дддs░╧,10017050-015,д╙е╒и╜,87,42,45,762,426,336,181,80,101,"102Y12M"
10017,░Є╢йел,10017050,дддs░╧,10017050-016,жш║aи╜,65,32,33,604,336,268,165,71,94,"102Y12M"
10017,░Є╢йел,10017050,дддs░╧,10017050-017,жш╡╪и╜,84,44,40,730,380,350,212,96,116,"102Y12M"
10017,░Є╢йел,10017050,дддs░╧,10017050-018,жшйwи╜,94,45,49,806,436,370,182,73,109,"102Y12M"
10017,░Є╢йел,10017050,дддs░╧,10017050-019,жш▒dи╜,163,92,71,1376,720,656,318,146,172,"102Y12M"
10017,░Є╢йел,10017050,дддs░╧,10017050-020,╝wйMи╜,694,363,331,5084,2489,2595,664,312,352,"102Y12M"
10017,░Є╢йел,10017050,дддs░╧,10017050-021,ддйMи╜,745,381,364,5180,2594,2586,528,253,275,"102Y12M"
10017,░Є╢йел,10017050,дддs░╧,10017050-022,╝wжwи╜,512,256,256,3541,1797,1744,365,162,203,"102Y12M"
10017,░Є╢йел,10017050,дддs░╧,10017050-023,йMени╜,41,23,18,415,220,195,106,53,53,"102Y12M"
10017,░Є╢йел,10017050,дддs░╧,10017050-024,йM╝yи╜,1092,581,511,6106,3028,3078,429,218,211,"102Y12M"
10017,░Є╢йел,10017060,жw╝╓░╧,10017060-001,жшдtи╜,139,67,72,1018,544,474,261,130,131,"102Y12M"
10017,░Є╢йел,10017060,жw╝╓░╧,10017060-002,йw░ъи╜,140,71,69,922,485,437,193,84,109,"102Y12M"
10017,░Є╢йел,10017060,жw╝╓░╧,10017060-003,╖sжши╜,139,68,71,1176,631,545,289,132,157,"102Y12M"
10017,░Є╢йел,10017060,жw╝╓░╧,10017060-004,йwи╣и╜,117,62,55,907,468,439,243,109,134,"102Y12M"
10017,░Є╢йел,10017060,жw╝╓░╧,10017060-005,╖Oдпи╜,132,76,56,792,400,392,162,82,80,"102Y12M"
10017,░Є╢йел,10017060,жw╝╓░╧,10017060-006,дzл░и╜,246,122,124,1763,935,828,475,246,229,"102Y12M"
10017,░Є╢йел,10017060,жw╝╓░╧,10017060-007,е├▒dи╜,243,131,112,1746,898,848,315,137,178,"102Y12M"
10017,░Є╢йел,10017060,жw╝╓░╧,10017060-008,╣┼дпи╜,336,161,175,2919,1531,1388,531,235,296,"102Y12M"
10017,░Є╢йел,10017060,жw╝╓░╧,10017060-009,жwйMи╜,104,48,56,749,376,373,159,76,83,"102Y12M"
10017,░Є╢йел,10017060,жw╝╓░╧,10017060-010,╝╓д@и╜,65,36,29,477,254,223,122,46,76,"102Y12M"
10017,░Є╢йел,10017060,жw╝╓░╧,10017060-011,е~╝dи╜,638,346,292,3611,1820,1791,399,194,205,"102Y12M"
10017,░Є╢йел,10017060,жw╝╓░╧,10017060-012,дд▒[и╜,184,105,79,1421,725,696,138,66,72,"102Y12M"
10017,░Є╢йел,10017060,жw╝╓░╧,10017060-013,д║╝dи╜,658,338,320,4890,2539,2351,382,176,206,"102Y12M"
10017,░Є╢йел,10017060,жw╝╓░╧,10017060-014,╖s▒[и╜,644,353,291,3586,1803,1783,309,147,162,"102Y12M"
10017,░Є╢йел,10017060,жw╝╓░╧,10017060-015,дTе┴и╜,488,247,241,2315,1134,1181,531,276,255,"102Y12M"
10017,░Є╢йел,10017060,жw╝╓░╧,10017060-016,е|║√и╜,984,545,439,4523,2201,2322,511,238,273,"102Y12M"
10017,░Є╢йел,10017060,жw╝╓░╧,10017060-017,дн║╓и╜,481,254,227,3142,1524,1618,529,264,265,"102Y12M"
10017,░Є╢йел,10017060,жw╝╓░╧,10017060-018,д╗жXи╜,492,266,226,3659,1762,1897,435,184,251,"102Y12M"
10017,░Є╢йел,10017060,жw╝╓░╧,10017060-019,дC╜хи╜,488,249,239,2413,1184,1229,461,212,249,"102Y12M"
10017,░Є╢йел,10017060,жw╝╓░╧,10017060-020,┼a║qи╜,403,207,196,2850,1518,1332,387,187,200,"102Y12M"
10017,░Є╢йел,10017060,жw╝╓░╧,10017060-021,кZ▒[и╜,765,400,365,4135,2013,2122,317,148,169,"102Y12M"
10017,░Є╢йел,10017060,жw╝╓░╧,10017060-022,к°╝╓и╜,533,272,261,3149,1487,1662,299,134,165,"102Y12M"
10017,░Є╢йел,10017060,жw╝╓░╧,10017060-023,┐│╝dи╜,722,394,328,4216,2058,2158,351,165,186,"102Y12M"
10017,░Є╢йел,10017060,жw╝╓░╧,10017060-024,┼aжwи╜,693,356,337,2759,1221,1538,237,107,130,"102Y12M"
10017,░Є╢йел,10017060,жw╝╓░╧,10017060-025,зз╞[и╜,1053,540,513,3588,1699,1889,257,121,136,"102Y12M"
10017,░Є╢йел,10017070,лH╕q░╧,10017070-001,дп╣╪и╜,194,96,98,941,436,505,241,104,137,"102Y12M"
10017,░Є╢йел,10017070,лH╕q░╧,10017070-002,дп╕qи╜,101,55,46,1133,570,563,242,108,134,"102Y12M"
10017,░Є╢йел,10017070,лH╕q░╧,10017070-003,╕qмLи╜,79,32,47,761,389,372,249,114,135,"102Y12M"
10017,░Є╢йел,10017070,лH╕q░╧,10017070-004,╕qйпи╜,202,105,97,1969,983,986,511,231,280,"102Y12M"
10017,░Є╢йел,10017070,лH╕q░╧,10017070-005,╕qе┴и╜,70,38,32,614,317,297,191,88,103,"102Y12M"
10017,░Є╢йел,10017070,лH╕q░╧,10017070-006,╕qйMи╜,111,61,50,1330,734,596,295,129,166,"102Y12M"
10017,░Є╢йел,10017070,лH╕q░╧,10017070-007,┤╝╝zи╜,46,27,19,569,280,289,142,69,73,"102Y12M"
10017,░Є╢йел,10017070,лH╕q░╧,10017070-008,┤╝╕█и╜,118,61,57,1390,772,618,303,129,174,"102Y12M"
10017,░Є╢йел,10017070,лH╕q░╧,10017070-009,┬з╗Ўи╜,118,71,47,1393,710,683,283,128,155,"102Y12M"
10017,░Є╢йел,10017070,лH╕q░╧,10017070-010,┬зкFи╜,142,66,76,1274,625,649,326,154,172,"102Y12M"
10017,░Є╢йел,10017070,лH╕q░╧,10017070-011,лH║ёи╜,276,151,125,1956,956,1000,383,161,222,"102Y12M"
10017,░Є╢йел,10017070,лH╕q░╧,10017070-012,кFе·и╜,152,68,84,1671,838,833,250,122,128,"102Y12M"
10017,░Є╢йел,10017070,лH╕q░╧,10017070-013,кFй·и╜,334,169,165,3187,1605,1582,489,236,253,"102Y12M"
10017,░Є╢йел,10017070,лH╕q░╧,10017070-014,кFжwи╜,214,113,101,2501,1245,1256,444,209,235,"102Y12M"
10017,░Є╢йел,10017070,лH╕q░╧,10017070-015,з╡йги╜,211,105,106,1145,596,549,127,53,74,"102Y12M"
10017,░Є╢йел,10017070,лH╕q░╧,10017070-016,кFлHи╜,482,256,226,3688,1833,1855,416,202,214,"102Y12M"
10017,░Є╢йел,10017070,лH╕q░╧,10017070-017,з╡▓`и╜,456,239,217,3136,1606,1530,233,99,134,"102Y12M"
10017,░Є╢йел,10017070,лH╕q░╧,10017070-018,з╡╜хи╜,374,200,174,3060,1459,1601,346,150,196,"102Y12M"
10017,░Є╢йел,10017070,лH╕q░╧,10017070-019,з╡╝wи╜,369,197,172,2252,1191,1061,273,121,152,"102Y12M"
10017,░Є╢йел,10017070,лH╕q░╧,10017070-020,з╡й╛и╜,1084,582,502,5976,2962,3014,425,199,226,"102Y12M"
10018,╖sж╦ел,10018010,кF░╧,10018010-001,лnк∙и╜,62,28,34,600,308,292,151,59,92,"102Y12M"
10018,╖sж╦ел,10018010,кF░╧,10018010-002,║╓╝wи╜,151,67,84,1156,612,544,293,118,175,"102Y12M"
10018,╖sж╦ел,10018010,кF░╧,10018010-003,лnели╜,98,57,41,796,421,375,169,74,95,"102Y12M"
10018,╖sж╦ел,10018010,кF░╧,10018010-004,├Ўл╥и╜,50,27,23,424,216,208,149,73,76,"102Y12M"
10018,╖sж╦ел,10018010,кF░╧,10018010-005,кFк∙и╜,111,50,61,499,269,230,162,86,76,"102Y12M"
10018,╖sж╦ел,10018010,кF░╧,10018010-006,║aе·и╜,48,23,25,260,130,130,84,37,47,"102Y12M"
10018,╖sж╦ел,10018010,кF░╧,10018010-007,жие\и╜,96,59,37,549,253,296,157,77,80,"102Y12M"
10018,╖sж╦ел,10018010,кF░╧,10018010-008,дUж╦и╜,71,38,33,432,221,211,119,51,68,"102Y12M"
10018,╖sж╦ел,10018010,кF░╧,10018010-009,ж╦╜ми╜,118,71,47,642,309,333,143,77,66,"102Y12M"
10018,╖sж╦ел,10018010,кF░╧,10018010-010,жxлeи╜,94,49,45,634,330,304,141,59,82,"102Y12M"
10018,╖sж╦ел,10018010,кF░╧,10018010-011,и|╜хи╜,339,159,180,1231,675,556,221,141,80,"102Y12M"
10018,╖sж╦ел,10018010,кF░╧,10018010-012,дде┐и╜,171,88,83,487,221,266,91,45,46,"102Y12M"
10018,╖sж╦ел,10018010,кF░╧,10018010-013,д╜╢щи╜,1078,566,512,2787,1290,1497,398,173,225,"102Y12M"
10018,╖sж╦ел,10018010,кF░╧,10018010-014,│╗ж╦и╜,462,240,222,2582,1284,1298,545,246,299,"102Y12M"
10018,╖sж╦ел,10018010,кF░╧,10018010-015,лnдjи╜,231,123,108,1202,601,601,297,133,164,"102Y12M"
10018,╖sж╦ел,10018010,кF░╧,10018010-016,о╢┐│и╜,936,502,434,5031,2470,2561,606,266,340,"102Y12M"
10018,╖sж╦ел,10018010,кF░╧,10018010-017,┐╦дпи╜,599,297,302,1499,690,809,230,97,133,"102Y12M"
10018,╖sж╦ел,10018010,кF░╧,10018010-018,дх╡╪и╜,1297,671,626,4107,1914,2193,580,256,324,"102Y12M"
10018,╖sж╦ел,10018010,кF░╧,10018010-019,┤_дди╜,1347,711,636,3966,1831,2135,624,280,344,"102Y12M"
10018,╖sж╦ел,10018010,кF░╧,10018010-020,дTе┴и╜,1348,676,672,4330,2021,2309,678,290,388,"102Y12M"
10018,╖sж╦ел,10018010,кF░╧,10018010-021,кF╢щи╜,1534,829,705,3713,1758,1955,444,209,235,"102Y12M"
10018,╖sж╦ел,10018010,кF░╧,10018010-022,кF╢╒и╜,894,460,434,2116,1051,1065,200,88,112,"102Y12M"
10018,╖sж╦ел,10018010,кF░╧,10018010-023,е·┤_и╜,631,331,300,2050,1017,1033,287,124,163,"102Y12M"
10018,╖sж╦ел,10018010,кF░╧,10018010-024,┬╫е\и╜,1518,829,689,4064,1904,2160,430,187,243,"102Y12M"
10018,╖sж╦ел,10018010,кF░╧,10018010-025,кZе\и╜,1076,540,536,3382,1606,1776,709,282,427,"102Y12M"
10018,╖sж╦ел,10018010,кF░╧,10018010-026,║ёдЇи╜,2661,1436,1225,5725,2650,3075,654,273,381,"102Y12M"
10018,╖sж╦ел,10018010,кF░╧,10018010-027,кFдsи╜,1151,638,513,2976,1418,1558,508,225,283,"102Y12M"
10018,╖sж╦ел,10018010,кF░╧,10018010-028,е·┬эи╜,646,329,317,3027,1442,1585,475,215,260,"102Y12M"
10018,╖sж╦ел,10018010,кF░╧,10018010-029,╖s┐│и╜,442,227,215,2566,1307,1259,549,248,301,"102Y12M"
10018,╖sж╦ел,10018010,кF░╧,10018010-030,оу╛Їи╜,954,477,477,4571,2256,2315,382,174,208,"102Y12M"
10018,╖sж╦ел,10018010,кF░╧,10018010-031,░коpи╜,1088,562,526,5259,2665,2594,626,289,337,"102Y12M"
10018,╖sж╦ел,10018010,кF░╧,10018010-032,еPоcи╜,257,132,125,1141,581,560,119,50,69,"102Y12M"
10018,╖sж╦ел,10018010,кF░╧,10018010-033,е·й·и╜,862,436,426,2916,1421,1495,369,174,195,"102Y12M"
10018,╖sж╦ел,10018010,кF░╧,10018010-035,е▀е\и╜,200,104,96,858,440,418,157,77,80,"102Y12M"
10018,╖sж╦ел,10018010,кF░╧,10018010-036,нxе\и╜,810,423,387,2698,1320,1378,357,166,191,"102Y12M"
10018,╖sж╦ел,10018010,кF░╧,10018010-037,л╪е\и╜,551,292,259,2588,1334,1254,703,307,396,"102Y12M"
10018,╖sж╦ел,10018010,кF░╧,10018010-038,лe╖╦и╜,787,418,369,2573,1325,1248,370,174,196,"102Y12M"
10018,╖sж╦ел,10018010,кF░╧,10018010-039,дЇ╖╜и╜,584,312,272,2972,1525,1447,529,258,271,"102Y12M"
10018,╖sж╦ел,10018010,кF░╧,10018010-040,дdе╥и╜,475,249,226,1895,995,900,262,124,138,"102Y12M"
10018,╖sж╦ел,10018010,кF░╧,10018010-041,оH│╗и╜,942,512,430,3016,1533,1483,338,155,183,"102Y12M"
10018,╖sж╦ел,10018010,кF░╧,10018010-042,└sдsи╜,1322,672,650,3956,1974,1982,338,160,178,"102Y12M"
10018,╖sж╦ел,10018010,кF░╧,10018010-043,╖s▓°и╜,2690,1389,1301,7793,3887,3906,538,241,297,"102Y12M"
10018,╖sж╦ел,10018010,кF░╧,10018010-044,еPдЇи╜,1561,837,724,4012,1943,2069,333,147,186,"102Y12M"
10018,╖sж╦ел,10018010,кF░╧,10018010-045,кўдsи╜,1327,718,609,4674,2309,2365,538,269,269,"102Y12M"
10018,╖sж╦ел,10018010,кF░╧,10018010-046,├ЎкFи╜,1244,653,591,4091,1980,2111,517,242,275,"102Y12M"
10018,╖sж╦ел,10018010,кF░╧,10018010-047,мь╢щи╜,2333,1229,1104,6131,3019,3112,577,263,314,"102Y12M"
10018,╖sж╦ел,10018010,кF░╧,10018010-048,л╪╡╪и╜,615,311,304,2071,1005,1066,394,181,213,"102Y12M"
10018,╖sж╦ел,10018010,кF░╧,10018010-049,╖sе·и╜,547,280,267,3076,1555,1521,509,218,291,"102Y12M"
10018,╖sж╦ел,10018010,кF░╧,10018010-050,┤_┐│и╜,1847,996,851,4400,2046,2354,529,231,298,"102Y12M"
10018,╖sж╦ел,10018010,кF░╧,10018010-051,└A╡╪и╜,524,248,276,1586,720,866,259,110,149,"102Y12M"
10018,╖sж╦ел,10018010,кF░╧,10018010-052,┤Є└╪и╜,591,316,275,3203,1552,1651,421,213,208,"102Y12M"
10018,╖sж╦ел,10018010,кF░╧,10018010-053,й·┤Єи╜,1060,543,517,4315,2103,2212,260,125,135,"102Y12M"
10018,╖sж╦ел,10018020,е_░╧,10018020-001,жшк∙и╜,54,32,22,413,227,186,84,41,43,"102Y12M"
10018,╖sж╦ел,10018020,е_░╧,10018020-002,дп╝wи╜,93,49,44,606,291,315,141,67,74,"102Y12M"
10018,╖sж╦ел,10018020,е_░╧,10018020-003,╝ч╢щи╜,84,48,36,620,330,290,180,69,111,"102Y12M"
10018,╖sж╦ел,10018020,е_░╧,10018020-004,ддеби╜,51,27,24,385,199,186,108,42,66,"102Y12M"
10018,╖sж╦ел,10018020,е_░╧,10018020-005,▒R┬зи╜,103,60,43,943,491,452,264,112,152,"102Y12M"
10018,╖sж╦ел,10018020,е_░╧,10018020-006,е█з{и╜,67,32,35,459,216,243,119,51,68,"102Y12M"
10018,╖sж╦ел,10018020,е_░╧,10018020-007,┐│лnи╜,350,182,168,1222,572,650,219,102,117,"102Y12M"
10018,╖sж╦ел,10018020,е_░╧,10018020-008,е_к∙и╜,130,66,64,771,378,393,190,79,111,"102Y12M"
10018,╖sж╦ел,10018020,е_░╧,10018020-009,дд┐│и╜,84,41,43,468,245,223,119,61,58,"102Y12M"
10018,╖sж╦ел,10018020,е_░╧,10018020-010,дjжPи╜,215,105,110,695,321,374,138,58,80,"102Y12M"
10018,╖sж╦ел,10018020,е_░╧,10018020-011,дддsи╜,110,53,57,529,260,269,132,69,63,"102Y12M"
10018,╖sж╦ел,10018020,е_░╧,10018020-012,к°йMи╜,328,185,143,1208,602,606,211,91,120,"102Y12M"
10018,╖sж╦ел,10018020,е_░╧,10018020-013,╖sе┴и╜,298,154,144,1277,629,648,221,99,122,"102Y12M"
10018,╖sж╦ел,10018020,е_░╧,10018020-014,е┴┤Iи╜,1232,645,587,4107,2014,2093,646,285,361,"102Y12M"
10018,╖sж╦ел,10018020,е_░╧,10018020-015,дЇе╨и╜,528,267,261,2491,1210,1281,485,234,251,"102Y12M"
10018,╖sж╦ел,10018020,е_░╧,10018020-016,дх╢ои╜,766,400,366,3254,1587,1667,632,278,354,"102Y12M"
10018,╖sж╦ел,10018020,е_░╧,10018020-017,е·е╨и╜,378,176,202,1887,936,951,369,158,211,"102Y12M"
10018,╖sж╦ел,10018020,е_░╧,10018020-018,дhкLи╜,315,179,136,1398,717,681,278,134,144,"102Y12M"
10018,╖sж╦ел,10018020,е_░╧,10018020-019,║╓кLи╜,762,400,362,3415,1650,1765,517,231,286,"102Y12M"
10018,╖sж╦ел,10018020,е_░╧,10018020-020,еj╜хи╜,173,90,83,775,408,367,152,72,80,"102Y12M"
10018,╖sж╦ел,10018020,е_░╧,10018020-021,┘ї╢ои╜,606,319,287,2473,1160,1313,281,119,162,"102Y12M"
10018,╖sж╦ел,10018020,е_░╧,10018020-022,┬┬к└и╜,1275,685,590,5540,2623,2917,522,235,287,"102Y12M"
10018,╖sж╦ел,10018020,е_░╧,10018020-023,кZ│ои╜,713,364,349,3695,1785,1910,1054,437,617,"102Y12M"
10018,╖sж╦ел,10018020,е_░╧,10018020-024,лn╝dи╜,881,455,426,4903,2512,2391,606,270,336,"102Y12M"
10018,╖sж╦ел,10018020,е_░╧,10018020-025,┬┬┤фи╜,69,46,23,527,291,236,80,36,44,"102Y12M"
10018,╖sж╦ел,10018020,е_░╧,10018020-026,▒d╝╓и╜,365,200,165,2316,1168,1148,246,120,126,"102Y12M"
10018,╖sж╦ел,10018020,е_░╧,10018020-027,┤фе_и╜,226,113,113,1279,651,628,199,85,114,"102Y12M"
10018,╖sж╦ел,10018020,е_░╧,10018020-028,дд╝dи╜,576,298,278,2869,1440,1429,235,110,125,"102Y12M"
10018,╖sж╦ел,10018020,е_░╧,10018020-029,о№└╪и╜,626,318,308,3117,1543,1574,250,119,131,"102Y12M"
10018,╖sж╦ел,10018020,е_░╧,10018020-030,л╚╢ои╜,956,500,456,4143,2009,2134,776,333,443,"102Y12M"
10018,╖sж╦ел,10018020,е_░╧,10018020-031,и|н^и╜,1042,569,473,3112,1458,1654,503,216,287,"102Y12M"
10018,╖sж╦ел,10018020,е_░╧,10018020-032,ж▒╖╦и╜,812,461,351,4665,2333,2332,839,555,284,"102Y12M"
10018,╖sж╦ел,10018020,е_░╧,10018020-033,жш╢ои╜,388,202,186,2481,1241,1240,476,196,280,"102Y12M"
10018,╖sж╦ел,10018020,е_░╧,10018020-034,лn╢╒и╜,737,379,358,3438,1770,1668,573,265,308,"102Y12M"
10018,╖sж╦ел,10018020,е_░╧,10018020-035,дj─Pи╜,77,38,39,278,162,116,7,4,3,"102Y12M"
10018,╖sж╦ел,10018020,е_░╧,10018020-036,╣╥║╓и╜,995,499,496,4362,2132,2230,517,244,273,"102Y12M"
10018,╖sж╦ел,10018020,е_░╧,10018020-037,╜Yе█и╜,1506,786,720,4742,2283,2459,650,290,360,"102Y12M"
10018,╖sж╦ел,10018020,е_░╧,10018020-038,╖s╢ои╜,1273,641,632,4028,1966,2062,560,256,304,"102Y12M"
10018,╖sж╦ел,10018020,е_░╧,10018020-039,е·╡╪и╜,628,304,324,3849,1957,1892,429,201,228,"102Y12M"
10018,╖sж╦ел,10018020,е_░╧,10018020-040,кў╡╪и╜,1011,545,466,4474,2085,2389,497,230,267,"102Y12M"
10018,╖sж╦ел,10018020,е_░╧,10018020-041,кўж╦и╜,1287,672,615,5321,2558,2763,430,204,226,"102Y12M"
10018,╖sж╦ел,10018020,е_░╧,10018020-042,┘їдди╜,1568,829,739,5934,2763,3171,455,197,258,"102Y12M"
10018,╖sж╦ел,10018020,е_░╧,10018020-043,кў╢ои╜,396,209,187,2052,1047,1005,241,112,129,"102Y12M"
10018,╖sж╦ел,10018020,е_░╧,10018020-044,еx╖╦и╜,220,100,120,1363,618,745,172,75,97,"102Y12M"
10018,╖sж╦ел,10018030,н╗дs░╧,10018030-001,┤флnи╜,388,212,176,2137,1132,1005,291,141,150,"102Y12M"
10018,╖sж╦ел,10018030,н╗дs░╧,10018030-002,къдsи╜,985,514,471,4976,2538,2438,543,257,286,"102Y12M"
10018,╖sж╦ел,10018030,н╗дs░╧,10018030-003,къкLи╜,444,226,218,2042,992,1050,284,151,133,"102Y12M"
10018,╖sж╦ел,10018030,н╗дs░╧,10018030-004,о√дЇи╜,389,211,178,2000,1049,951,239,114,125,"102Y12M"
10018,╖sж╦ел,10018030,н╗дs░╧,10018030-005,╛ЁдUи╜,347,179,168,1944,1001,943,273,134,139,"102Y12M"
10018,╖sж╦ел,10018030,н╗дs░╧,10018030-006,оHлeи╜,552,306,246,3128,1656,1472,372,163,209,"102Y12M"
10018,╖sж╦ел,10018030,н╗дs░╧,10018030-007,ддоHи╜,453,232,221,2608,1332,1276,299,128,171,"102Y12M"
10018,╖sж╦ел,10018030,н╗дs░╧,10018030-008,д√оHи╜,659,350,309,3463,1683,1780,339,158,181,"102Y12M"
10018,╖sж╦ел,10018030,н╗дs░╧,10018030-009,│╗оHи╜,953,500,453,4434,2146,2288,381,175,206,"102Y12M"
10018,╖sж╦ел,10018030,н╗дs░╧,10018030-010,кFн╗и╜,667,362,305,3392,1744,1648,265,125,140,"102Y12M"
10018,╖sж╦ел,10018030,н╗дs░╧,10018030-011,н╗з°и╜,482,242,240,2802,1459,1343,300,143,157,"102Y12M"
10018,╖sж╦ел,10018030,н╗дs░╧,10018030-012,н╗дsи╜,904,478,426,3727,1847,1880,393,166,227,"102Y12M"
10018,╖sж╦ел,10018030,н╗дs░╧,10018030-013,дj╔▄и╜,573,288,285,2552,1298,1254,297,148,149,"102Y12M"
10018,╖sж╦ел,10018030,н╗дs░╧,10018030-014,м№дsи╜,157,83,74,1044,585,459,157,71,86,"102Y12M"
10018,╖sж╦ел,10018030,н╗дs░╧,10018030-015,┤┬дsи╜,354,187,167,1808,956,852,271,118,153,"102Y12M"
10018,╖sж╦ел,10018030,н╗дs░╧,10018030-016,о№дsи╜,414,209,205,1997,1057,940,303,143,160,"102Y12M"
10018,╖sж╦ел,10018030,н╗дs░╧,10018030-017,нX╨ди╜,154,79,75,784,409,375,134,74,60,"102Y12M"
10018,╖sж╦ел,10018030,н╗дs░╧,10018030-018,дj┤Єи╜,129,68,61,767,412,355,127,65,62,"102Y12M"
10018,╖sж╦ел,10018030,н╗дs░╧,10018030-019,лn╣iи╜,158,78,80,665,358,307,125,59,66,"102Y12M"
10018,╖sж╦ел,10018030,н╗дs░╧,10018030-020,дд╣iи╜,285,163,122,1584,820,764,203,91,112,"102Y12M"
10018,╖sж╦ел,10018030,н╗дs░╧,10018030-021,д║┤Єи╜,900,490,410,3963,1943,2020,437,206,231,"102Y12M"
10018,╖sж╦ел,10018030,н╗дs░╧,10018030-022,╞QдЇи╜,263,127,136,1319,732,587,179,79,100,"102Y12M"
10018,╖sж╦ел,10018030,н╗дs░╧,10018030-023,лn┤фи╜,156,79,77,776,421,355,127,57,70,"102Y12M"
10018,╖sж╦ел,10018030,н╗дs░╧,10018030-024,│╗║╓и╜,728,367,361,3748,1851,1897,371,189,182,"102Y12M"
10020,╣┼╕qел,10020010,кF░╧,10020010-001,╙y├├и╜,1023,573,450,3710,1748,1962,330,161,169,"102Y12M"
10020,╣┼╕qел,10020010,кF░╧,10020010-002,лс┤Єи╜,725,412,313,3139,1510,1629,358,167,191,"102Y12M"
10020,╣┼╕qел,10020010,кF░╧,10020010-003,дп╕qи╜,686,380,306,2733,1234,1499,307,145,162,"102Y12M"
10020,╣┼╕qел,10020010,кF░╧,10020010-004,дд╔▄и╜,700,383,317,2989,1396,1593,413,193,220,"102Y12M"
10020,╣┼╕qел,10020010,кF░╧,10020010-005,│╗╔▄и╜,437,237,200,2108,1022,1086,212,91,121,"102Y12M"
10020,╣┼╕qел,10020010,кF░╧,10020010-034,ж`└Yи╜,642,316,326,3607,1739,1868,750,326,424,"102Y12M"
10020,╣┼╕qел,10020010,кF░╧,10020010-035,╖sй▒и╜,734,325,409,3755,1813,1942,582,267,315,"102Y12M"
10020,╣┼╕qел,10020010,кF░╧,10020010-036,лс╔▄и╜,684,309,375,3602,1800,1802,505,244,261,"102Y12M"
10020,╣┼╕qел,10020010,кF░╧,10020010-037,д¤е╨и╜,365,161,204,2085,948,1137,429,185,244,"102Y12M"
10020,╣┼╕qел,10020010,кF░╧,10020010-038,кFдtи╜,332,167,165,1543,737,806,374,167,207,"102Y12M"
10020,╣┼╕qел,10020010,кF░╧,10020010-039,д╙ени╜,1037,537,500,3789,1711,2078,613,274,339,"102Y12M"
10020,╣┼╕qел,10020010,кF░╧,10020010-041,┐cнэи╜,324,156,168,1464,730,734,233,115,118,"102Y12M"
10020,╣┼╕qел,10020010,кF░╧,10020010-042,│└╝dи╜,209,112,97,889,465,424,184,94,90,"102Y12M"
10020,╣┼╕qел,10020010,кF░╧,10020010-043,к°ж╦и╜,585,303,282,2532,1233,1299,378,173,205,"102Y12M"
10020,╣┼╕qел,10020010,кF░╧,10020010-044,╡uж╦и╜,287,155,132,1984,999,985,365,157,208,"102Y12M"
10020,╣┼╕qел,10020010,кF░╧,10020010-045,╖s╢}и╜,271,157,114,1754,878,876,377,161,216,"102Y12M"
10020,╣┼╕qел,10020010,кF░╧,10020010-046,л┼лHи╜,148,78,70,1172,601,571,327,156,171,"102Y12M"
10020,╣┼╕qел,10020010,кF░╧,10020010-047,┐│лnи╜,194,102,92,1403,757,646,357,142,215,"102Y12M"
10020,╣┼╕qел,10020010,кF░╧,10020010-048,┬╫ж~и╜,276,142,134,1133,586,547,268,122,146,"102Y12M"
10020,╣┼╕qел,10020010,кF░╧,10020010-049,к┌пєи╜,598,322,276,2900,1404,1496,474,211,263,"102Y12M"
10020,╣┼╕qел,10020010,кF░╧,10020010-050,к┌жwи╜,308,159,149,1811,905,906,434,198,236,"102Y12M"
10020,╣┼╕qел,10020010,кF░╧,10020010-051,│╗╝dи╜,400,210,190,2246,1116,1130,358,163,195,"102Y12M"
10020,╣┼╕qел,10020010,кF░╧,10020010-052,жw╝dи╜,362,175,187,2302,1169,1133,492,215,277,"102Y12M"
10020,╣┼╕qел,10020010,кF░╧,10020010-053,┐│жwи╜,405,202,203,2175,1095,1080,297,134,163,"102Y12M"
10020,╣┼╕qел,10020010,кF░╧,10020010-054,┐│з°и╜,706,361,345,3555,1724,1831,402,184,218,"102Y12M"
10020,╣┼╕qел,10020010,кF░╧,10020010-055,┐│дпи╜,686,365,321,3377,1617,1760,433,217,216,"102Y12M"
10020,╣┼╕qел,10020010,кF░╧,10020010-056,╣L╖╛и╜,381,188,193,1852,922,930,440,186,254,"102Y12M"
10020,╣┼╕qел,10020010,кF░╧,10020010-057,е┴▒┌и╜,294,143,151,1535,809,726,425,218,207,"102Y12M"
10020,╣┼╕qел,10020010,кF░╧,10020010-058,┤┬╢зи╜,241,123,118,1676,868,808,489,220,269,"102Y12M"
10020,╣┼╕qел,10020010,кF░╧,10020010-059,╡╪лnи╜,299,137,162,1672,820,852,509,241,268,"102Y12M"
10020,╣┼╕qел,10020010,кF░╧,10020010-060,кF┐│и╜,235,119,116,1530,744,786,501,216,285,"102Y12M"
10020,╣┼╕qел,10020010,кF░╧,10020010-061,дддsи╜,322,153,169,1524,701,823,405,164,241,"102Y12M"
10020,╣┼╕qел,10020010,кF░╧,10020010-062,ддеби╜,369,187,182,1857,930,927,503,236,267,"102Y12M"
10020,╣┼╕qел,10020010,кF░╧,10020010-063,кL┤╦и╜,974,526,448,2232,1022,1210,420,191,229,"102Y12M"
10020,╣┼╕qел,10020010,кF░╧,10020010-064,е_к∙и╜,437,221,216,2017,1013,1004,520,229,291,"102Y12M"
10020,╣┼╕qел,10020010,кF░╧,10020010-065,─ї╝ци╜,401,200,201,1894,900,994,273,128,145,"102Y12M"
10020,╣┼╕qел,10020010,кF░╧,10020010-066,дх╢ои╜,906,458,448,3350,1547,1803,309,127,182,"102Y12M"
10020,╣┼╕qел,10020010,кF░╧,10020010-067,жw╖~и╜,301,155,146,1765,851,914,298,138,160,"102Y12M"
10020,╣┼╕qел,10020010,кF░╧,10020010-068,╕q▒╨и╜,493,274,219,2690,1364,1326,349,159,190,"102Y12M"
10020,╣┼╕qел,10020020,жш░╧,10020020-001,н╗┤Єи╜,170,95,75,750,377,373,113,55,58,"102Y12M"
10020,╣┼╕qел,10020020,жш░╧,10020020-002,┤Є├фи╜,411,224,187,1803,873,930,303,120,183,"102Y12M"
10020,╣┼╕qел,10020020,жш░╧,10020020-003,е_║aи╜,463,265,198,2144,1057,1087,285,124,161,"102Y12M"
10020,╣┼╕qел,10020020,жш░╧,10020020-005,нл┐│и╜,415,217,198,1815,945,870,312,139,173,"102Y12M"
10020,╣┼╕qел,10020020,жш░╧,10020020-009,ж╦│Єи╜,714,386,328,3752,1868,1884,492,206,286,"102Y12M"
10020,╣┼╕qел,10020020,жш░╧,10020020-010,╖sнэи╜,1020,536,484,3707,1801,1906,502,234,268,"102Y12M"
10020,╣┼╕qел,10020020,жш░╧,10020020-011,лOжwи╜,588,289,299,2904,1388,1516,311,149,162,"102Y12M"
10020,╣┼╕qел,10020020,жш░╧,10020020-012,е_┤Єи╜,473,245,228,2405,1250,1155,381,180,201,"102Y12M"
10020,╣┼╕qел,10020020,жш░╧,10020020-013,дU░ёи╜,241,129,112,1395,730,665,191,97,94,"102Y12M"
10020,╣┼╕qел,10020020,жш░╧,10020020-014,ж╦з°и╜,142,74,68,997,529,468,152,75,77,"102Y12M"
10020,╣┼╕qел,10020020,жш░╧,10020020-015,дj╖╦и╜,345,181,164,1728,895,833,357,161,196,"102Y12M"
10020,╣┼╕qел,10020020,жш░╧,10020020-016,║╓е■и╜,639,333,306,3648,1766,1882,482,211,271,"102Y12M"
10020,╣┼╕qел,10020020,жш░╧,10020020-017,жшени╜,574,310,264,2695,1321,1374,319,145,174,"102Y12M"
10020,╣┼╕qел,10020020,жш░╧,10020020-018,┐jб╜и╜,596,294,302,3018,1468,1550,369,162,207,"102Y12M"
10020,╣┼╕qел,10020020,жш░╧,10020020-019,┤фйWи╜,700,372,328,2955,1419,1536,258,124,134,"102Y12M"
10020,╣┼╕qел,10020020,жш░╧,10020020-020,└Y┤фи╜,283,167,116,1431,749,682,197,86,111,"102Y12M"
10020,╣┼╕qел,10020020,жш░╧,10020020-021,╝Bнэи╜,1332,683,649,5829,2838,2991,543,255,288,"102Y12M"
10020,╣┼╕qел,10020020,жш░╧,10020020-022,╖sжши╜,407,216,191,1810,901,909,375,161,214,"102Y12M"
10020,╣┼╕qел,10020020,жш░╧,10020020-031,о╤░|и╜,260,160,100,1731,905,826,421,176,245,"102Y12M"
10020,╣┼╕qел,10020020,жш░╧,10020020-045,░Ўд╕и╜,287,159,128,1373,669,704,369,145,224,"102Y12M"
10020,╣┼╕qел,10020020,жш░╧,10020020-046,лл╖ии╜,435,245,190,1710,859,851,358,166,192,"102Y12M"
10020,╣┼╕qел,10020020,жш░╧,10020020-047,иой▒и╜,1530,795,735,5319,2488,2831,585,261,324,"102Y12M"
10020,╣┼╕qел,10020020,жш░╧,10020020-048,║╓е┴и╜,1467,803,664,5121,2446,2675,510,244,266,"102Y12M"
10020,╣┼╕qел,10020020,жш░╧,10020020-049,┤Єд║и╜,1035,538,497,4070,2001,2069,547,256,291,"102Y12M"
10020,╣┼╕qел,10020020,жш░╧,10020020-050,м№╖╜и╜,683,358,325,3279,1588,1691,542,247,295,"102Y12M"
10020,╣┼╕qел,10020020,жш░╧,10020020-051,и|н^и╜,311,160,151,1539,741,798,420,186,234,"102Y12M"
10020,╣┼╕qел,10020020,жш░╧,10020020-052,нP╗╖и╜,298,136,162,1304,646,658,414,169,245,"102Y12M"
10020,╣┼╕qел,10020020,жш░╧,10020020-053,е·╕Їи╜,1242,697,545,4557,2233,2324,626,292,334,"102Y12M"
10020,╣┼╕qел,10020020,жш░╧,10020020-054,╗Aйзи╜,224,125,99,1068,530,538,366,159,207,"102Y12M"
10020,╣┼╕qел,10020020,жш░╧,10020020-055,ж█▒jи╜,337,174,163,1336,624,712,263,122,141,"102Y12M"
10020,╣┼╕qел,10020020,жш░╧,10020020-056,е├йMи╜,318,152,166,1607,814,793,380,162,218,"102Y12M"
10020,╣┼╕qел,10020020,жш░╧,10020020-057,╖s┤Iи╜,295,149,146,1486,727,759,380,160,220,"102Y12M"
10020,╣┼╕qел,10020020,жш░╧,10020020-058,дхд╞и╜,262,122,140,1851,902,949,563,267,296,"102Y12M"
10020,╣┼╕qел,10020020,жш░╧,10020020-059,жш║aи╜,376,194,182,1911,963,948,474,236,238,"102Y12M"
10020,╣┼╕qел,10020020,жш░╧,10020020-060,░ъ╡╪и╜,182,101,81,1198,591,607,310,141,169,"102Y12M"
10020,╣┼╕qел,10020020,жш░╧,10020020-061,╡fк└и╜,195,90,105,1243,637,606,343,147,196,"102Y12M"
10020,╣┼╕qел,10020020,жш░╧,10020020-062,╛╔й·и╜,242,131,111,1364,693,671,368,164,204,"102Y12M"
10020,╣┼╕qел,10020020,жш░╧,10020020-063,╝yжwи╜,304,169,135,1469,766,703,284,112,172,"102Y12M"
10020,╣┼╕qел,10020020,жш░╧,10020020-064,лс┼ци╜,398,213,185,1972,1024,948,340,136,204,"102Y12M"
10020,╣┼╕qел,10020020,жш░╧,10020020-065,║╓жwи╜,806,404,402,3765,1784,1981,317,148,169,"102Y12M"
10020,╣┼╕qел,10020020,жш░╧,10020020-066,╖рдlи╜,668,355,313,2584,1207,1377,258,106,152,"102Y12M"
10020,╣┼╕qел,10020020,жш░╧,10020020-067,мїе╦и╜,480,269,211,1466,721,745,160,79,81,"102Y12M"
10020,╣┼╕qел,10020020,жш░╧,10020020-068,лO║╓и╜,684,378,306,3209,1468,1741,306,127,179,"102Y12M"
10020,╣┼╕qел,10020020,жш░╧,10020020-069,лOе═и╜,682,371,311,3736,1827,1909,479,224,255,"102Y12M"
10020,╣┼╕qел,10020020,жш░╧,10020020-070,е_╖sи╜,182,102,80,856,452,404,120,57,63,"102Y12M"
09020,кўк∙┐д,09020010,кўл░┬э,09020010-001,кFк∙и╜,745,368,377,4181,2096,2085,549,245,304,"102Y12M"
09020,кўк∙┐д,09020010,кўл░┬э,09020010-002,жшк∙и╜,1446,765,681,7984,3900,4084,1090,527,563,"102Y12M"
09020,кўк∙┐д,09020010,кўл░┬э,09020010-003,лnк∙и╜,755,386,369,4447,2205,2242,664,302,362,"102Y12M"
09020,кўк∙┐д,09020010,кўл░┬э,09020010-004,е_к∙и╜,598,340,258,3480,1782,1698,469,231,238,"102Y12M"
09020,кўк∙┐д,09020010,кўл░┬э,09020010-005,еjл░и╜,415,227,188,2750,1368,1382,405,196,209,"102Y12M"
09020,кўк∙┐д,09020010,кўл░┬э,09020010-006,кўдЇи╜,174,100,74,1593,816,777,234,114,120,"102Y12M"
09020,кўк∙┐д,09020010,кўл░┬э,09020010-007,п]иFи╜,239,124,115,2176,1147,1029,357,177,180,"102Y12M"
09020,кўк∙┐д,09020010,кўл░┬э,09020010-008,╜х▒gи╜,450,238,212,3421,1777,1644,440,207,233,"102Y12M"
09020,кўк∙┐д,09020020,кўиF┬э,09020020-001,иZиFи╜,648,349,299,4006,1995,2011,622,288,334,"102Y12M"
09020,кўк∙┐д,09020020,кўиF┬э,09020020-002,дTдsи╜,170,81,89,1404,715,689,304,152,152,"102Y12M"
09020,кўк∙┐д,09020020,кўиF┬э,09020020-003,дjмvи╜,128,73,55,861,443,418,167,73,94,"102Y12M"
09020,кўк∙┐д,09020020,кўиF┬э,09020020-004,е·лeи╜,264,128,136,1840,897,943,243,119,124,"102Y12M"
09020,кўк∙┐д,09020020,кўиF┬э,09020020-005,жєдци╜,212,122,90,1520,729,791,257,122,135,"102Y12M"
09020,кўк∙┐д,09020020,кўиF┬э,09020020-006,жш╢щи╜,117,63,54,1146,606,540,219,113,106,"102Y12M"
09020,кўк∙┐д,09020020,кўиF┬э,09020020-007,йx└ми╜,181,92,89,1590,787,803,319,144,175,"102Y12M"
09020,кўк∙┐д,09020020,кўиF┬э,09020020-008,о·дsи╜,268,131,137,1767,871,896,314,142,172,"102Y12M"
09020,кўк∙┐д,09020030,кў┤Є┬э,09020030-001,╖sели╜,608,306,302,3552,1810,1742,540,266,274,"102Y12M"
09020,кўк∙┐д,09020030,кў┤Є┬э,09020030-002,дsе~и╜,479,241,238,2752,1350,1402,342,185,157,"102Y12M"
09020,кўк∙┐д,09020030,кў┤Є┬э,09020030-003,е┐╕qи╜,236,128,108,1983,1022,961,296,133,163,"102Y12M"
09020,кўк∙┐д,09020030,кў┤Є┬э,09020030-004,о╞├╣и╜,157,81,76,1445,788,657,216,105,111,"102Y12M"
09020,кўк∙┐д,09020030,кў┤Є┬э,09020030-005,├гкLи╜,372,190,182,2376,1183,1193,426,202,224,"102Y12M"
09020,кўк∙┐д,09020030,кў┤Є┬э,09020030-006,╖s┤Єи╜,966,488,478,5754,2935,2819,526,241,285,"102Y12M"
09020,кўк∙┐д,09020030,кў┤Є┬э,09020030-007,╖╦┤Єи╜,165,102,63,1107,565,542,185,91,94,"102Y12M"
09020,кўк∙┐д,09020030,кў┤Є┬э,09020030-008,╜м▒gи╜,169,84,85,1203,605,598,219,108,111,"102Y12M"
09020,кўк∙┐д,09020040,кў╣ч╢m,09020040-001,еj╣чз°,306,149,157,2327,1170,1157,529,272,257,"102Y12M"
09020,кўк∙┐д,09020040,кў╣ч╢m,09020040-002,жwм№з°,471,250,221,3152,1600,1552,488,239,249,"102Y12M"
09020,кўк∙┐д,09020040,кў╣ч╢m,09020040-003,жZ╜Lз°,148,74,74,1109,555,554,209,106,103,"102Y12M"
09020,кўк∙┐д,09020040,кў╣ч╢m,09020040-004,┤ЄоHз°,562,299,263,4068,2031,2037,469,224,245,"102Y12M"
09020,кўк∙┐д,09020040,кў╣ч╢m,09020040-005,║]кLз°,502,264,238,3795,1918,1877,501,255,246,"102Y12M"
09020,кўк∙┐д,09020040,кў╣ч╢m,09020040-006,╜Lдsз°,468,231,237,5616,2917,2699,398,198,200,"102Y12M"
09020,кўк∙┐д,09020050,пP└м╢m,09020050-001,дWз┴з°,233,113,120,2059,991,1068,402,186,216,"102Y12M"
09020,кўк∙┐д,09020050,пP└м╢m,09020050-002,дWкLз°,153,77,76,1077,519,558,191,88,103,"102Y12M"
09020,кўк∙┐д,09020050,пP└м╢m,09020050-003,жшдfз°,208,95,113,1828,910,918,303,138,165,"102Y12M"
09020,кўк∙┐д,09020050,пP└м╢m,09020050-004,кL┤Єз°,326,170,156,2550,1353,1197,409,178,231,"102Y12M"
09020,кўк∙┐д,09020050,пP└м╢m,09020050-005,╢└оHз°,152,75,77,1149,542,607,196,90,106,"102Y12M"
09020,кўк∙┐д,09020060,пQ╦·╢m,09020060-001,дj╦·з°,41,21,20,218,117,101,33,18,15,"102Y12M"
09020,кўк∙┐д,09020060,пQ╦·╢m,09020060-002,дp╦·з°,76,38,38,265,123,142,23,11,12,"102Y12M"
09007,│sж┐┐д,09007010,лnмё╢m,09007010-001,д╢╣╪з°,327,175,152,1857,1053,804,204,98,106,"102Y12M"
09007,│sж┐┐д,09007010,лnмё╢m,09007010-002,┤_┐│з°,202,97,105,1014,612,402,128,60,68,"102Y12M"
09007,│sж┐┐д,09007010,лnмё╢m,09007010-003,║╓иUз°,108,62,46,698,424,274,94,49,45,"102Y12M"
09007,│sж┐┐д,09007010,лnмё╢m,09007010-004,▓MдЇз°,139,74,65,611,349,262,44,21,23,"102Y12M"
09007,│sж┐┐д,09007010,лnмё╢m,09007010-005,дп╖Rз°,78,42,36,425,235,190,52,23,29,"102Y12M"
09007,│sж┐┐д,09007010,лnмё╢m,09007010-006,мzиFз°,31,19,12,281,177,104,47,34,13,"102Y12M"
09007,│sж┐┐д,09007010,лnмё╢m,09007010-007,░ипкз°,81,47,34,471,252,219,47,25,22,"102Y12M"
09007,│sж┐┐д,09007010,лnмё╢m,09007010-008,п]┴│з°,18,10,8,154,91,63,15,7,8,"102Y12M"
09007,│sж┐┐д,09007010,лnмё╢m,09007010-009,е|║√з°,11,5,6,123,73,50,28,15,13,"102Y12M"
09007,│sж┐┐д,09007020,е_мё╢m,09007020-001,╢эз┴з°,160,88,72,866,490,376,86,40,46,"102Y12M"
09007,│sж┐┐д,09007020,е_мё╢m,09007020-002,жZиUз°,25,16,9,142,81,61,27,15,12,"102Y12M"
09007,│sж┐┐д,09007020,е_мё╢m,09007020-003,╛ЇеJз°,38,26,12,238,128,110,32,16,16,"102Y12M"
09007,│sж┐┐д,09007020,е_мё╢m,09007020-004,кр╛└з°,21,10,11,152,86,66,25,12,13,"102Y12M"
09007,│sж┐┐д,09007020,е_мё╢m,09007020-005,Пши╜з°,40,16,24,249,136,113,28,14,14,"102Y12M"
09007,│sж┐┐д,09007020,е_мё╢m,09007020-006,е╒иFз°,18,10,8,109,65,44,12,10,2,"102Y12M"
09007,│sж┐┐д,09007030,▓ўе·╢m,09007030-001,лCж|з°,43,27,16,362,219,143,41,28,13,"102Y12M"
09007,│sж┐┐д,09007030,▓ўе·╢m,09007030-002,е╨иUз°,31,17,14,178,115,63,23,16,7,"102Y12M"
09007,│sж┐┐д,09007030,▓ўе·╢m,09007030-003,жш╦·з°,8,5,3,47,25,22,15,10,5,"102Y12M"
09007,│sж┐┐д,09007030,▓ўе·╢m,09007030-004,║╓е┐з°,15,7,8,159,93,66,41,24,17,"102Y12M"
09007,│sж┐┐д,09007030,▓ўе·╢m,09007030-005,дjйWз°,43,17,26,369,212,157,63,30,33,"102Y12M"
09007,│sж┐┐д,09007040,кFд▐╢m,09007040-001,ддмhз°,73,34,39,425,249,176,48,21,27,"102Y12M"
09007,│sж┐┐д,09007040,кFд▐╢m,09007040-002,╝╓╡╪з°,93,59,34,498,310,188,34,17,17,"102Y12M"
