COUNTY_ID,COUNTY,TOWN_ID,TOWN,V_ID,VILLAGE,A0A14_CNT,A0A14_M_CNT,A0A14_F_CNT,A15A64_CNT,A15A64_M_CNT,A15A64_F_CNT,A65UP_CNT,A65UP_M_CNT,A65UP_F_CNT,INFO_TIME
縣市代碼,縣市名稱,鄉鎮市區代碼,鄉鎮市區名稱,村里代碼,村里名稱,0-14歲人口數,0-14歲男性人口數,0-14歲女性人口數,15-64歲人口數,15-64歲男性人口數,15-64歲女性人口數,65歲以上人口數,65歲以上男性人口數,65歲以上女性人口數,資料時間
65000,新北市,65000010,板橋區,65000010-001,留侯里,233,123,110,1126,531,595,300,136,164,110Y12M
65000,新北市,65000010,板橋區,65000010-002,流芳里,229,116,113,957,438,519,292,127,165,110Y12M
65000,新北市,65000010,板橋區,65000010-003,赤松里,164,88,76,691,320,371,181,82,99,110Y12M
65000,新北市,65000010,板橋區,65000010-004,黃石里,246,135,111,811,382,429,237,103,134,110Y12M
65000,新北市,65000010,板橋區,65000010-005,挹秀里,316,161,155,1254,601,653,393,192,201,110Y12M
65000,新北市,65000010,板橋區,65000010-006,湳興里,605,302,303,3715,1800,1915,939,416,523,110Y12M
65000,新北市,65000010,板橋區,65000010-007,新興里,311,163,148,2345,1135,1210,623,262,361,110Y12M
65000,新北市,65000010,板橋區,65000010-008,社後里,654,358,296,7086,4051,3035,2045,1158,887,110Y12M
65000,新北市,65000010,板橋區,65000010-009,香社里,480,257,223,3321,1666,1655,757,329,428,110Y12M
65000,新北市,65000010,板橋區,65000010-010,中正里,803,419,384,4318,2091,2227,818,360,458,110Y12M
65000,新北市,65000010,板橋區,65000010-011,自強里,665,344,321,3254,1618,1636,1268,575,693,110Y12M
65000,新北市,65000010,板橋區,65000010-012,自立里,270,139,131,1920,930,990,577,258,319,110Y12M
65000,新北市,65000010,板橋區,65000010-013,光華里,285,151,134,1866,936,930,538,223,315,110Y12M
65000,新北市,65000010,板橋區,65000010-014,國光里,284,127,157,2587,1291,1296,829,354,475,110Y12M
65000,新北市,65000010,板橋區,65000010-015,港尾里,393,206,187,2082,1012,1070,466,200,266,110Y12M
65000,新北市,65000010,板橋區,65000010-016,金華里,519,281,238,2755,1346,1409,767,329,438,110Y12M
65000,新北市,65000010,板橋區,65000010-017,港德里,520,280,240,3243,1626,1617,1005,429,576,110Y12M
65000,新北市,65000010,板橋區,65000010-018,民權里,280,154,126,1757,872,885,624,260,364,110Y12M
65000,新北市,65000010,板橋區,65000010-019,建國里,396,199,197,2452,1198,1254,714,303,411,110Y12M
65000,新北市,65000010,板橋區,65000010-020,漢生里,706,359,347,2681,1284,1397,939,444,495,110Y12M
65000,新北市,65000010,板橋區,65000010-021,公■里,548,294,254,2707,1359,1348,714,309,405,110Y12M
65000,新北市,65000010,板橋區,65000010-022,新民里,791,421,370,2894,1412,1482,838,371,467,110Y12M
65000,新北市,65000010,板橋區,65000010-023,幸福里,460,242,218,2875,1420,1455,750,330,420,110Y12M
65000,新北市,65000010,板橋區,65000010-024,忠誠里,655,343,312,2841,1385,1456,854,348,506,110Y12M
65000,新北市,65000010,板橋區,65000010-025,百壽里,579,288,291,1919,881,1038,508,222,286,110Y12M
65000,新北市,65000010,板橋區,65000010-026,介壽里,549,284,265,2028,964,1064,624,276,348,110Y12M
65000,新北市,65000010,板橋區,65000010-027,新埔里,198,107,91,1453,717,736,451,197,254,110Y12M
65000,新北市,65000010,板橋區,65000010-028,華江里,1523,800,723,5302,2396,2906,1059,458,601,110Y12M
65000,新北市,65000010,板橋區,65000010-029,江翠里,553,283,270,3744,1887,1857,915,402,513,110Y12M
65000,新北市,65000010,板橋區,65000010-030,純翠里,649,308,341,3940,1920,2020,961,412,549,110Y12M
65000,新北市,65000010,板橋區,65000010-031,溪頭里,881,447,434,5311,2611,2700,1069,467,602,110Y12M
65000,新北市,65000010,板橋區,65000010-032,聯翠里,333,192,141,2755,1292,1463,658,272,386,110Y12M
65000,新北市,65000010,板橋區,65000010-033,宏翠里,669,344,325,4129,1934,2195,785,339,446,110Y12M
65000,新北市,65000010,板橋區,65000010-034,仁翠里,287,156,131,1968,976,992,622,277,345,110Y12M
65000,新北市,65000010,板橋區,65000010-035,新翠里,989,495,494,6052,2873,3179,1269,576,693,110Y12M
65000,新北市,65000010,板橋區,65000010-036,吉翠里,483,246,237,2676,1306,1370,687,311,376,110Y12M
65000,新北市,65000010,板橋區,65000010-037,德翠里,950,506,444,5529,2683,2846,904,424,480,110Y12M
65000,新北市,65000010,板橋區,65000010-038,滿翠里,300,142,158,2096,1028,1068,635,286,349,110Y12M
65000,新北市,65000010,板橋區,65000010-039,明翠里,459,234,225,3331,1664,1667,983,426,557,110Y12M
65000,新北市,65000010,板橋區,65000010-040,松翠里,330,159,171,2391,1158,1233,673,304,369,110Y12M
65000,新北市,65000010,板橋區,65000010-041,柏翠里,584,313,271,3491,1663,1828,778,342,436,110Y12M
65000,新北市,65000010,板橋區,65000010-042,龍翠里,507,272,235,3643,1797,1846,853,380,473,110Y12M
65000,新北市,65000010,板橋區,65000010-043,華翠里,486,257,229,2460,1194,1266,655,299,356,110Y12M
65000,新北市,65000010,板橋區,65000010-044,忠翠里,1551,805,746,7886,3645,4241,1434,615,819,110Y12M
65000,新北市,65000010,板橋區,65000010-045,嵐翠里,253,141,112,1717,869,848,475,222,253,110Y12M
65000,新北市,65000010,板橋區,65000010-046,文翠里,401,215,186,2781,1380,1401,765,342,423,110Y12M
65000,新北市,65000010,板橋區,65000010-047,青翠里,304,157,147,2116,1116,1000,577,239,338,110Y12M
65000,新北市,65000010,板橋區,65000010-048,懷翠里,644,356,288,4543,2260,2283,1008,448,560,110Y12M
65000,新北市,65000010,板橋區,65000010-049,福翠里,136,68,68,960,485,475,291,139,152,110Y12M
65000,新北市,65000010,板橋區,65000010-050,港嘴里,573,297,276,4440,2223,2217,1030,432,598,110Y12M
65000,新北市,65000010,板橋區,65000010-051,振興里,360,180,180,3165,1602,1563,853,348,505,110Y12M
65000,新北市,65000010,板橋區,65000010-052,振義里,376,173,203,3075,1558,1517,766,340,426,110Y12M
65000,新北市,65000010,板橋區,65000010-053,光復里,355,201,154,2476,1263,1213,572,263,309,110Y12M
65000,新北市,65000010,板橋區,65000010-054,埔墘里,580,306,274,4672,2233,2439,1067,453,614,110Y12M
65000,新北市,65000010,板橋區,65000010-055,長壽里,331,172,159,2009,1006,1003,616,274,342,110Y12M
65000,新北市,65000010,板橋區,65000010-056,福壽里,295,126,169,2427,1227,1200,568,249,319,110Y12M
65000,新北市,65000010,板橋區,65000010-057,海山里,1568,813,755,5434,2523,2911,1173,531,642,110Y12M
65000,新北市,65000010,板橋區,65000010-058,九如里,347,186,161,2069,1040,1029,530,218,312,110Y12M
65000,新北市,65000010,板橋區,65000010-059,玉光里,891,472,419,3927,1820,2107,826,368,458,110Y12M
65000,新北市,65000010,板橋區,65000010-060,光仁里,426,229,197,1974,973,1001,546,254,292,110Y12M
65000,新北市,65000010,板橋區,65000010-061,埤墘里,890,443,447,3192,1509,1683,704,308,396,110Y12M
65000,新北市,65000010,板橋區,65000010-062,永安里,614,313,301,2596,1274,1322,621,266,355,110Y12M
65000,新北市,65000010,板橋區,65000010-063,雙玉里,671,343,328,3030,1475,1555,682,295,387,110Y12M
65000,新北市,65000010,板橋區,65000010-064,廣新里,577,297,280,2469,1217,1252,656,297,359,110Y12M
65000,新北市,65000010,板橋區,65000010-065,深丘里,1886,956,930,6012,2849,3163,1325,631,694,110Y12M
65000,新北市,65000010,板橋區,65000010-066,香丘里,762,382,380,2629,1248,1381,647,292,355,110Y12M
65000,新北市,65000010,板橋區,65000010-067,西安里,424,223,201,1879,923,956,514,217,297,110Y12M
65000,新北市,65000010,板橋區,65000010-068,東丘里,662,351,311,3171,1546,1625,871,394,477,110Y12M
65000,新北市,65000010,板橋區,65000010-069,長安里,933,486,447,3270,1563,1707,673,317,356,110Y12M
65000,新北市,65000010,板橋區,65000010-070,福丘里,879,443,436,3413,1539,1874,819,361,458,110Y12M
65000,新北市,65000010,板橋區,65000010-071,福祿里,600,297,303,2822,1331,1491,712,323,389,110Y12M
65000,新北市,65000010,板橋區,65000010-072,民族里,1227,618,609,3327,1584,1743,776,357,419,110Y12M
65000,新北市,65000010,板橋區,65000010-073,國泰里,528,265,263,2597,1262,1335,661,275,386,110Y12M
65000,新北市,65000010,板橋區,65000010-074,福德里,575,323,252,3510,1751,1759,984,444,540,110Y12M
65000,新北市,65000010,板橋區,65000010-075,景星里,351,193,158,2449,1165,1284,647,306,341,110Y12M
65000,新北市,65000010,板橋區,65000010-076,福星里,389,189,200,2476,1183,1293,690,312,378,110Y12M
65000,新北市,65000010,板橋區,65000010-077,鄉雲里,388,219,169,2718,1290,1428,710,295,415,110Y12M
65000,新北市,65000010,板橋區,65000010-078,廣德里,887,471,416,4868,2407,2461,1186,519,667,110Y12M
65000,新北市,65000010,板橋區,65000010-079,大豐里,514,262,252,3235,1602,1633,959,409,550,110Y12M
65000,新北市,65000010,板橋區,65000010-080,重慶里,1136,586,550,6355,3043,3312,1347,633,714,110Y12M
65000,新北市,65000010,板橋區,65000010-081,仁愛里,312,154,158,2096,1060,1036,652,296,356,110Y12M
65000,新北市,65000010,板橋區,65000010-082,和平里,839,426,413,3054,1412,1642,427,172,255,110Y12M
65000,新北市,65000010,板橋區,65000010-083,廣福里,510,271,239,2991,1454,1537,616,303,313,110Y12M
65000,新北市,65000010,板橋區,65000010-084,華興里,408,222,186,3068,1487,1581,751,320,431,110Y12M
65000,新北市,65000010,板橋區,65000010-085,華貴里,277,135,142,1772,898,874,522,211,311,110Y12M
65000,新北市,65000010,板橋區,65000010-086,華德里,858,445,413,5171,2470,2701,1163,522,641,110Y12M
65000,新北市,65000010,板橋區,65000010-087,華東里,860,430,430,5783,2809,2974,1344,619,725,110Y12M
65000,新北市,65000010,板橋區,65000010-088,信義里,496,255,241,3099,1550,1549,853,374,479,110Y12M
65000,新北市,65000010,板橋區,65000010-089,浮洲里,417,219,198,2700,1398,1302,675,305,370,110Y12M
65000,新北市,65000010,板橋區,65000010-090,華中里,643,326,317,3869,1934,1935,888,436,452,110Y12M
65000,新北市,65000010,板橋區,65000010-091,僑中里,554,287,267,3257,1607,1650,538,286,252,110Y12M
65000,新北市,65000010,板橋區,65000010-092,中山里,879,451,428,5230,2586,2644,1031,454,577,110Y12M
65000,新北市,65000010,板橋區,65000010-093,復興里,90,51,39,525,282,243,349,256,93,110Y12M
65000,新北市,65000010,板橋區,65000010-094,大安里,440,249,191,2820,1459,1361,780,353,427,110Y12M
65000,新北市,65000010,板橋區,65000010-095,福安里,984,520,464,5518,2655,2863,972,418,554,110Y12M
65000,新北市,65000010,板橋區,65000010-096,聚安里,587,287,300,3780,1918,1862,938,441,497,110Y12M
65000,新北市,65000010,板橋區,65000010-097,龍安里,322,184,138,1974,953,1021,565,262,303,110Y12M
65000,新北市,65000010,板橋區,65000010-098,崑崙里,1401,733,668,7573,3719,3854,1268,555,713,110Y12M
65000,新北市,65000010,板橋區,65000010-099,溪洲里,780,404,376,4290,2100,2190,1043,484,559,110Y12M
65000,新北市,65000010,板橋區,65000010-100,溪北里,469,236,233,2555,1296,1259,607,258,349,110Y12M
65000,新北市,65000010,板橋區,65000010-101,香雅里,260,130,130,2031,1016,1015,533,234,299,110Y12M
65000,新北市,65000010,板橋區,65000010-102,新生里,559,278,281,2917,1459,1458,881,424,457,110Y12M
65000,新北市,65000010,板橋區,65000010-103,文德里,288,150,138,2236,1112,1124,545,242,303,110Y12M
65000,新北市,65000010,板橋區,65000010-104,文化里,405,207,198,2360,1145,1215,652,295,357,110Y12M
65000,新北市,65000010,板橋區,65000010-105,新海里,447,226,221,2497,1250,1247,569,279,290,110Y12M
65000,新北市,65000010,板橋區,65000010-106,莒光里,371,190,181,1913,941,972,571,246,325,110Y12M
65000,新北市,65000010,板橋區,65000010-107,富貴里,240,120,120,1567,755,812,485,229,256,110Y12M
65000,新北市,65000010,板橋區,65000010-108,正泰里,392,209,183,2092,988,1104,574,266,308,110Y12M
65000,新北市,65000010,板橋區,65000010-109,民生里,339,182,157,1594,760,834,394,167,227,110Y12M
65000,新北市,65000010,板橋區,65000010-110,後埔里,423,220,203,2596,1277,1319,773,346,427,110Y12M
65000,新北市,65000010,板橋區,65000010-111,華福里,196,98,98,1365,656,709,444,213,231,110Y12M
65000,新北市,65000010,板橋區,65000010-112,堂春里,608,312,296,3271,1612,1659,540,253,287,110Y12M
65000,新北市,65000010,板橋區,65000010-113,成和里,1119,592,527,5597,2711,2886,749,350,399,110Y12M
65000,新北市,65000010,板橋區,65000010-114,光榮里,292,160,132,1780,916,864,546,254,292,110Y12M
65000,新北市,65000010,板橋區,65000010-115,民安里,372,192,180,1348,624,724,479,204,275,110Y12M
65000,新北市,65000010,板橋區,65000010-116,陽明里,262,136,126,1827,903,924,607,268,339,110Y12M
65000,新北市,65000010,板橋區,65000010-117,朝陽里,405,206,199,2349,1136,1213,692,292,400,110Y12M
65000,新北市,65000010,板橋區,65000010-118,松柏里,217,114,103,1621,792,829,440,197,243,110Y12M
65000,新北市,65000010,板橋區,65000010-119,文聖里,463,248,215,2969,1457,1512,610,264,346,110Y12M
65000,新北市,65000010,板橋區,65000010-120,居仁里,530,272,258,2927,1456,1471,556,255,301,110Y12M
65000,新北市,65000010,板橋區,65000010-121,莊敬里,809,431,378,3155,1475,1680,546,236,310,110Y12M
65000,新北市,65000010,板橋區,65000010-122,東安里,491,246,245,1657,822,835,436,190,246,110Y12M
65000,新北市,65000010,板橋區,65000010-123,五權里,514,264,250,2853,1462,1391,837,381,456,110Y12M
65000,新北市,65000010,板橋區,65000010-124,溪福里,2046,1082,964,11313,5567,5746,1432,628,804,110Y12M
65000,新北市,65000010,板橋區,65000010-125,大觀里,496,272,224,2682,1305,1377,590,278,312,110Y12M
65000,新北市,65000010,板橋區,65000010-126,歡園里,131,69,62,908,470,438,210,114,96,110Y12M
65000,新北市,65000020,三重區,65000020-001,大有里,550,288,262,3942,1975,1967,875,407,468,110Y12M
65000,新北市,65000020,三重區,65000020-002,二重里,163,87,76,1201,630,571,274,116,158,110Y12M
65000,新北市,65000020,三重區,65000020-003,頂崁里,328,168,160,2015,1015,1000,374,184,190,110Y12M
65000,新北市,65000020,三重區,65000020-004,谷王里,70,36,34,729,406,323,214,95,119,110Y12M
65000,新北市,65000020,三重區,65000020-005,中興里,383,198,185,2934,1472,1462,732,371,361,110Y12M
65000,新北市,65000020,三重區,65000020-006,德厚里,23,13,10,259,133,126,91,32,59,110Y12M
65000,新北市,65000020,三重區,65000020-007,成功里,858,434,424,4977,2397,2580,941,387,554,110Y12M
65000,新北市,65000020,三重區,65000020-008,福祉里,787,391,396,4170,2051,2119,905,401,504,110Y12M
65000,新北市,65000020,三重區,65000020-009,福民里,426,215,211,2415,1191,1224,640,298,342,110Y12M
65000,新北市,65000020,三重區,65000020-010,過田里,796,414,382,7325,4078,3247,1692,932,760,110Y12M
65000,新北市,65000020,三重區,65000020-011,錦田里,220,102,118,1517,789,728,423,182,241,110Y12M
65000,新北市,65000020,三重區,65000020-012,重明里,522,280,242,2688,1322,1366,657,292,365,110Y12M
65000,新北市,65000020,三重區,65000020-013,光田里,362,186,176,3203,1568,1635,892,389,503,110Y12M
65000,新北市,65000020,三重區,65000020-014,光陽里,482,253,229,4738,2394,2344,1128,502,626,110Y12M
65000,新北市,65000020,三重區,65000020-015,田心里,362,187,175,2996,1495,1501,780,356,424,110Y12M
65000,新北市,65000020,三重區,65000020-016,福田里,314,160,154,2581,1332,1249,588,259,329,110Y12M
65000,新北市,65000020,三重區,65000020-017,田中里,869,440,429,4561,2227,2334,1079,509,570,110Y12M
65000,新北市,65000020,三重區,65000020-018,田安里,625,326,299,4610,2235,2375,1045,463,582,110Y12M
65000,新北市,65000020,三重區,65000020-019,三民里,493,261,232,2409,1207,1202,555,256,299,110Y12M
65000,新北市,65000020,三重區,65000020-020,光明里,999,521,478,5563,2723,2840,1134,508,626,110Y12M
65000,新北市,65000020,三重區,65000020-021,光正里,265,130,135,2077,1021,1056,395,165,230,110Y12M
65000,新北市,65000020,三重區,65000020-022,同安里,142,77,65,1086,554,532,240,109,131,110Y12M
65000,新北市,65000020,三重區,65000020-023,同慶里,175,87,88,1304,645,659,330,151,179,110Y12M
65000,新北市,65000020,三重區,65000020-024,菜寮里,276,139,137,1629,804,825,405,175,230,110Y12M
65000,新北市,65000020,三重區,65000020-025,永春里,245,120,125,1379,690,689,312,135,177,110Y12M
65000,新北市,65000020,三重區,65000020-026,中正里,103,55,48,995,498,497,275,114,161,110Y12M
65000,新北市,65000020,三重區,65000020-027,吉利里,91,41,50,1055,537,518,283,130,153,110Y12M
65000,新北市,65000020,三重區,65000020-028,大同里,159,86,73,1518,733,785,347,153,194,110Y12M
65000,新北市,65000020,三重區,65000020-029,中民里,96,48,48,907,475,432,249,115,134,110Y12M
65000,新北市,65000020,三重區,65000020-030,平和里,121,63,58,1055,563,492,323,145,178,110Y12M
65000,新北市,65000020,三重區,65000020-031,大安里,152,86,66,1232,620,612,292,131,161,110Y12M
65000,新北市,65000020,三重區,65000020-032,仁德里,149,68,81,1384,698,686,458,220,238,110Y12M
65000,新北市,65000020,三重區,65000020-033,忠孝里,166,96,70,1291,637,654,378,174,204,110Y12M
65000,新北市,65000020,三重區,65000020-034,仁義里,133,75,58,1018,523,495,234,100,134,110Y12M
65000,新北市,65000020,三重區,65000020-035,光榮里,103,50,53,1047,521,526,288,131,157,110Y12M
65000,新北市,65000020,三重區,65000020-036,光輝里,149,76,73,1096,557,539,305,141,164,110Y12M
65000,新北市,65000020,三重區,65000020-037,福星里,88,38,50,903,438,465,219,85,134,110Y12M
65000,新北市,65000020,三重區,65000020-038,福利里,200,91,109,1776,833,943,317,135,182,110Y12M
65000,新北市,65000020,三重區,65000020-039,清和里,306,154,152,3069,1490,1579,672,288,384,110Y12M
65000,新北市,65000020,三重區,65000020-040,永興里,149,78,71,1084,504,580,278,119,159,110Y12M
65000,新北市,65000020,三重區,65000020-041,中山里,261,135,126,1994,986,1008,508,237,271,110Y12M
65000,新北市,65000020,三重區,65000020-042,大園里,373,197,176,2011,1007,1004,494,225,269,110Y12M
65000,新北市,65000020,三重區,65000020-043,國隆里,241,120,121,1994,1004,990,457,196,261,110Y12M
65000,新北市,65000020,三重區,65000020-044,重陽里,365,188,177,2618,1314,1304,638,281,357,110Y12M
65000,新北市,65000020,三重區,65000020-045,民生里,474,259,215,3092,1527,1565,811,367,444,110Y12M
65000,新北市,65000020,三重區,65000020-046,重新里,136,72,64,1055,522,533,344,154,190,110Y12M
65000,新北市,65000020,三重區,65000020-047,正德里,119,59,60,768,379,389,255,132,123,110Y12M
65000,新北市,65000020,三重區,65000020-048,正義里,206,111,95,1272,662,610,361,166,195,110Y12M
65000,新北市,65000020,三重區,65000020-049,正安里,198,103,95,1404,678,726,401,183,218,110Y12M
65000,新北市,65000020,三重區,65000020-050,自強里,180,93,87,1293,638,655,382,158,224,110Y12M
65000,新北市,65000020,三重區,65000020-051,文化里,209,112,97,1522,779,743,505,234,271,110Y12M
65000,新北市,65000020,三重區,65000020-052,中央里,192,97,95,1317,665,652,395,172,223,110Y12M
65000,新北市,65000020,三重區,65000020-053,雙園里,94,42,52,694,351,343,177,75,102,110Y12M
65000,新北市,65000020,三重區,65000020-054,錦通里,100,53,47,982,492,490,384,158,226,110Y12M
65000,新北市,65000020,三重區,65000020-055,錦安里,140,68,72,1280,626,654,415,180,235,110Y12M
65000,新北市,65000020,三重區,65000020-056,長安里,194,108,86,1541,762,779,424,182,242,110Y12M
65000,新北市,65000020,三重區,65000020-057,光華里,187,105,82,1709,800,909,408,174,234,110Y12M
65000,新北市,65000020,三重區,65000020-058,長生里,73,37,36,656,328,328,178,80,98,110Y12M
65000,新北市,65000020,三重區,65000020-059,開元里,139,68,71,1146,591,555,308,142,166,110Y12M
65000,新北市,65000020,三重區,65000020-060,大德里,76,42,34,613,295,318,174,70,104,110Y12M
65000,新北市,65000020,三重區,65000020-061,長元里,205,124,81,1807,936,871,466,211,255,110Y12M
65000,新北市,65000020,三重區,65000020-062,長江里,163,74,89,1527,754,773,386,183,203,110Y12M
65000,新北市,65000020,三重區,65000020-063,長泰里,175,100,75,1575,802,773,486,218,268,110Y12M
65000,新北市,65000020,三重區,65000020-064,長福里,117,59,58,1181,569,612,298,133,165,110Y12M
65000,新北市,65000020,三重區,65000020-065,介壽里,116,59,57,825,418,407,240,104,136,110Y12M
65000,新北市,65000020,三重區,65000020-066,萬壽里,150,73,77,1470,728,742,380,173,207,110Y12M
65000,新北市,65000020,三重區,65000020-067,錦江里,194,99,95,1747,887,860,426,188,238,110Y12M
65000,新北市,65000020,三重區,65000020-068,龍濱里,327,159,168,2496,1259,1237,549,232,317,110Y12M
65000,新北市,65000020,三重區,65000020-069,龍門里,171,94,77,1401,704,697,333,140,193,110Y12M
65000,新北市,65000020,三重區,65000020-070,秀江里,125,64,61,929,477,452,241,102,139,110Y12M
65000,新北市,65000020,三重區,65000020-071,奕壽里,167,89,78,1244,603,641,330,139,191,110Y12M
65000,新北市,65000020,三重區,65000020-072,三安里,249,140,109,1906,919,987,561,251,310,110Y12M
65000,新北市,65000020,三重區,65000020-073,福安里,272,148,124,2225,1108,1117,528,234,294,110Y12M
65000,新北市,65000020,三重區,65000020-074,信安里,238,124,114,1530,743,787,324,136,188,110Y12M
65000,新北市,65000020,三重區,65000020-075,安慶里,160,76,84,1485,716,769,425,185,240,110Y12M
65000,新北市,65000020,三重區,65000020-076,幸福里,428,209,219,3433,1717,1716,842,368,474,110Y12M
65000,新北市,65000020,三重區,65000020-077,六合里,400,214,186,2752,1396,1356,693,308,385,110Y12M
65000,新北市,65000020,三重區,65000020-078,六福里,916,474,442,4249,2119,2130,834,370,464,110Y12M
65000,新北市,65000020,三重區,65000020-079,順德里,213,109,104,1631,869,762,442,187,255,110Y12M
65000,新北市,65000020,三重區,65000020-080,承德里,145,81,64,1307,667,640,364,168,196,110Y12M
65000,新北市,65000020,三重區,65000020-081,瑞德里,265,146,119,1750,880,870,466,200,266,110Y12M
65000,新北市,65000020,三重區,65000020-082,崇德里,388,204,184,2772,1426,1346,793,355,438,110Y12M
65000,新北市,65000020,三重區,65000020-083,厚德里,466,250,216,2599,1282,1317,616,289,327,110Y12M
65000,新北市,65000020,三重區,65000020-084,維德里,365,210,155,2096,1032,1064,526,236,290,110Y12M
65000,新北市,65000020,三重區,65000020-085,尚德里,343,168,175,2167,1058,1109,593,259,334,110Y12M
65000,新北市,65000020,三重區,65000020-086,培德里,442,209,233,2679,1337,1342,651,294,357,110Y12M
65000,新北市,65000020,三重區,65000020-087,永德里,641,329,312,3602,1816,1786,867,370,497,110Y12M
65000,新北市,65000020,三重區,65000020-088,永盛里,418,208,210,2296,1141,1155,602,263,339,110Y12M
65000,新北市,65000020,三重區,65000020-089,永福里,736,370,366,3871,1860,2011,827,379,448,110Y12M
65000,新北市,65000020,三重區,65000020-090,永清里,777,389,388,3927,1910,2017,908,402,506,110Y12M
65000,新北市,65000020,三重區,65000020-091,永安里,561,272,289,3081,1524,1557,634,289,345,110Y12M
65000,新北市,65000020,三重區,65000020-092,永煇里,207,109,98,1889,976,913,426,199,227,110Y12M
65000,新北市,65000020,三重區,65000020-093,溪美里,1036,524,512,6637,3228,3409,1275,585,690,110Y12M
65000,新北市,65000020,三重區,65000020-094,福隆里,651,338,313,3379,1653,1726,688,306,382,110Y12M
65000,新北市,65000020,三重區,65000020-095,五常里,557,288,269,3540,1768,1772,680,298,382,110Y12M
65000,新北市,65000020,三重區,65000020-096,五福里,508,251,257,2920,1421,1499,594,260,334,110Y12M
65000,新北市,65000020,三重區,65000020-097,仁忠里,383,187,196,2261,1126,1135,608,283,325,110Y12M
65000,新北市,65000020,三重區,65000020-098,慈福里,212,110,102,1639,849,790,428,192,236,110Y12M
65000,新北市,65000020,三重區,65000020-099,慈生里,222,108,114,1604,821,783,487,208,279,110Y12M
65000,新北市,65000020,三重區,65000020-100,慈惠里,230,124,106,1628,829,799,433,190,243,110Y12M
65000,新北市,65000020,三重區,65000020-101,慈愛里,345,179,166,2473,1232,1241,676,297,379,110Y12M
65000,新北市,65000020,三重區,65000020-102,慈化里,317,163,154,1846,900,946,435,189,246,110Y12M
65000,新北市,65000020,三重區,65000020-103,慈祐里,653,332,321,3715,1860,1855,818,350,468,110Y12M
65000,新北市,65000020,三重區,65000020-104,五華里,671,332,339,3935,1903,2032,768,341,427,110Y12M
65000,新北市,65000020,三重區,65000020-105,富貴里,920,467,453,4878,2380,2498,991,435,556,110Y12M
65000,新北市,65000020,三重區,65000020-106,富華里,462,228,234,2439,1224,1215,535,253,282,110Y12M
65000,新北市,65000020,三重區,65000020-107,富福里,272,132,140,1511,724,787,362,161,201,110Y12M
65000,新北市,65000020,三重區,65000020-108,碧華里,1289,669,620,6462,3105,3357,1093,453,640,110Y12M
65000,新北市,65000020,三重區,65000020-109,五谷里,145,84,61,1431,735,696,341,162,179,110Y12M
65000,新北市,65000020,三重區,65000020-110,博愛里,479,240,239,3424,1656,1768,720,337,383,110Y12M
65000,新北市,65000020,三重區,65000020-111,福德里,477,244,233,3121,1505,1616,676,276,400,110Y12M
65000,新北市,65000020,三重區,65000020-112,永吉里,376,196,180,2114,1017,1097,492,225,267,110Y12M
65000,新北市,65000020,三重區,65000020-113,永發里,810,444,366,4355,2132,2223,837,399,438,110Y12M
65000,新北市,65000020,三重區,65000020-114,永順里,693,348,345,3913,1900,2013,689,300,389,110Y12M
65000,新北市,65000020,三重區,65000020-115,永豐里,880,458,422,4458,2153,2305,787,368,419,110Y12M
65000,新北市,65000020,三重區,65000020-116,立德里,347,168,179,2500,1237,1263,624,287,337,110Y12M
65000,新北市,65000020,三重區,65000020-117,福樂里,420,223,197,2700,1326,1374,694,305,389,110Y12M
65000,新北市,65000020,三重區,65000020-118,仁華里,588,288,300,3214,1573,1641,670,293,377,110Y12M
65000,新北市,65000020,三重區,65000020-119,五順里,445,237,208,2965,1490,1475,640,277,363,110Y12M
65000,新北市,65000030,中和區,65000030-001,中原里,1032,544,488,6129,2980,3149,1048,474,574,110Y12M
65000,新北市,65000030,中和區,65000030-002,平河里,987,517,470,7033,3353,3680,1284,572,712,110Y12M
65000,新北市,65000030,中和區,65000030-003,信和里,461,242,219,3033,1529,1504,824,363,461,110Y12M
65000,新北市,65000030,中和區,65000030-004,仁和里,426,222,204,2775,1402,1373,760,336,424,110Y12M
65000,新北市,65000030,中和區,65000030-005,中正里,412,217,195,2778,1354,1424,773,343,430,110Y12M
65000,新北市,65000030,中和區,65000030-006,建和里,330,171,159,2427,1207,1220,740,305,435,110Y12M
65000,新北市,65000030,中和區,65000030-007,連和里,217,115,102,1722,799,923,454,168,286,110Y12M
65000,新北市,65000030,中和區,65000030-008,連城里,666,333,333,4545,2236,2309,1282,527,755,110Y12M
65000,新北市,65000030,中和區,65000030-009,力行里,656,348,308,4489,2159,2330,989,429,560,110Y12M
65000,新北市,65000030,中和區,65000030-010,枋寮里,367,194,173,2657,1332,1325,751,323,428,110Y12M
65000,新北市,65000030,中和區,65000030-011,漳和里,433,237,196,2827,1377,1450,693,296,397,110Y12M
65000,新北市,65000030,中和區,65000030-012,廟美里,451,223,228,3033,1513,1520,967,437,530,110Y12M
65000,新北市,65000030,中和區,65000030-013,福真里,334,173,161,2970,1490,1480,806,350,456,110Y12M
65000,新北市,65000030,中和區,65000030-014,福善里,340,180,160,3061,1445,1616,855,373,482,110Y12M
65000,新北市,65000030,中和區,65000030-015,福美里,451,228,223,3074,1530,1544,894,395,499,110Y12M
65000,新北市,65000030,中和區,65000030-016,福祥里,509,275,234,3676,1822,1854,910,396,514,110Y12M
65000,新北市,65000030,中和區,65000030-017,瓦■里,578,306,272,4040,1959,2081,975,410,565,110Y12M
65000,新北市,65000030,中和區,65000030-018,福和里,320,175,145,2555,1285,1270,741,323,418,110Y12M
65000,新北市,65000030,中和區,65000030-019,佳和里,465,231,234,3467,1687,1780,1013,418,595,110Y12M
65000,新北市,65000030,中和區,65000030-020,安樂里,244,114,130,2545,1206,1339,762,323,439,110Y12M
65000,新北市,65000030,中和區,65000030-021,安和里,303,168,135,2188,1047,1141,633,268,365,110Y12M
65000,新北市,65000030,中和區,65000030-022,安平里,485,275,210,4131,1982,2149,1254,544,710,110Y12M
65000,新北市,65000030,中和區,65000030-023,中安里,330,152,178,2973,1423,1550,993,407,586,110Y12M
65000,新北市,65000030,中和區,65000030-024,泰安里,265,133,132,2393,1168,1225,785,326,459,110Y12M
65000,新北市,65000030,中和區,65000030-025,新南里,821,422,399,6013,2798,3215,1339,543,796,110Y12M
65000,新北市,65000030,中和區,65000030-026,南山里,490,266,224,3705,1813,1892,963,414,549,110Y12M
65000,新北市,65000030,中和區,65000030-027,秀山里,458,224,234,3144,1546,1598,934,404,530,110Y12M
65000,新北市,65000030,中和區,65000030-028,秀成里,363,208,155,2386,1168,1218,702,313,389,110Y12M
65000,新北市,65000030,中和區,65000030-029,秀福里,420,235,185,3352,1636,1716,1028,453,575,110Y12M
65000,新北市,65000030,中和區,65000030-030,秀景里,634,326,308,4495,2175,2320,1240,557,683,110Y12M
65000,新北市,65000030,中和區,65000030-031,秀明里,500,245,255,3501,1633,1868,1020,416,604,110Y12M
65000,新北市,65000030,中和區,65000030-032,秀峰里,382,183,199,3594,1707,1887,864,336,528,110Y12M
65000,新北市,65000030,中和區,65000030-033,秀仁里,436,228,208,2371,1178,1193,641,263,378,110Y12M
65000,新北市,65000030,中和區,65000030-034,頂南里,267,132,135,2090,1037,1053,583,263,320,110Y12M
65000,新北市,65000030,中和區,65000030-035,華新里,840,452,388,5904,2837,3067,1198,530,668,110Y12M
65000,新北市,65000030,中和區,65000030-036,東南里,367,183,184,2780,1389,1391,1075,454,621,110Y12M
65000,新北市,65000030,中和區,65000030-037,華南里,541,287,254,3621,1805,1816,924,415,509,110Y12M
65000,新北市,65000030,中和區,65000030-038,忠孝里,442,222,220,3258,1640,1618,977,437,540,110Y12M
65000,新北市,65000030,中和區,65000030-039,崇南里,351,192,159,3137,1503,1634,773,343,430,110Y12M
65000,新北市,65000030,中和區,65000030-040,景南里,299,154,145,2206,1078,1128,632,267,365,110Y12M
65000,新北市,65000030,中和區,65000030-041,橫路里,21,10,11,227,111,116,80,48,32,110Y12M
65000,新北市,65000030,中和區,65000030-042,內南里,492,246,246,3579,1827,1752,928,431,497,110Y12M
65000,新北市,65000030,中和區,65000030-043,壽南里,235,138,97,1728,868,860,531,236,295,110Y12M
65000,新北市,65000030,中和區,65000030-044,外南里,483,233,250,5431,3061,2370,1598,883,715,110Y12M
65000,新北市,65000030,中和區,65000030-045,復興里,540,288,252,3465,1645,1820,1039,427,612,110Y12M
65000,新北市,65000030,中和區,65000030-046,和興里,439,240,199,3156,1495,1661,861,361,500,110Y12M
65000,新北市,65000030,中和區,65000030-047,景平里,441,225,216,3860,1802,2058,1109,475,634,110Y12M
65000,新北市,65000030,中和區,65000030-048,景新里,271,137,134,2491,1213,1278,792,335,457,110Y12M
65000,新北市,65000030,中和區,65000030-049,景福里,507,267,240,4052,1907,2145,1191,532,659,110Y12M
65000,新北市,65000030,中和區,65000030-050,景安里,414,214,200,3458,1722,1736,985,426,559,110Y12M
65000,新北市,65000030,中和區,65000030-051,景文里,374,176,198,2740,1327,1413,739,316,423,110Y12M
65000,新北市,65000030,中和區,65000030-052,錦和里,708,365,343,4190,2068,2122,748,337,411,110Y12M
65000,新北市,65000030,中和區,65000030-053,錦昌里,267,150,117,1612,836,776,423,185,238,110Y12M
65000,新北市,65000030,中和區,65000030-054,灰■里,104,54,50,593,324,269,101,48,53,110Y12M
65000,新北市,65000030,中和區,65000030-055,積穗里,921,501,420,6094,2959,3135,1335,592,743,110Y12M
65000,新北市,65000030,中和區,65000030-056,民享里,216,118,98,1757,860,897,499,230,269,110Y12M
65000,新北市,65000030,中和區,65000030-057,員山里,1274,685,589,4752,2263,2489,976,434,542,110Y12M
65000,新北市,65000030,中和區,65000030-058,嘉穗里,317,163,154,2113,1067,1046,484,212,272,110Y12M
65000,新北市,65000030,中和區,65000030-059,文元里,563,277,286,3520,1751,1769,1119,502,617,110Y12M
65000,新北市,65000030,中和區,65000030-060,嘉新里,402,194,208,2965,1510,1455,691,302,389,110Y12M
65000,新北市,65000030,中和區,65000030-061,民安里,651,328,323,3781,1900,1881,879,396,483,110Y12M
65000,新北市,65000030,中和區,65000030-062,安穗里,531,275,256,3436,1654,1782,724,326,398,110Y12M
65000,新北市,65000030,中和區,65000030-063,瑞穗里,327,156,171,1698,796,902,459,195,264,110Y12M
65000,新北市,65000030,中和區,65000030-064,明穗里,586,313,273,3187,1600,1587,815,394,421,110Y12M
65000,新北市,65000030,中和區,65000030-065,清穗里,334,175,159,2247,1149,1098,636,267,369,110Y12M
65000,新北市,65000030,中和區,65000030-066,自強里,542,272,270,3637,1797,1840,896,412,484,110Y12M
65000,新北市,65000030,中和區,65000030-067,德穗里,442,230,212,3215,1574,1641,953,405,548,110Y12M
65000,新北市,65000030,中和區,65000030-068,民生里,294,156,138,2988,1460,1528,858,377,481,110Y12M
65000,新北市,65000030,中和區,65000030-069,國光里,350,181,169,2820,1405,1415,690,306,384,110Y12M
65000,新北市,65000030,中和區,65000030-070,壽德里,576,300,276,3330,1643,1687,793,310,483,110Y12M
65000,新北市,65000030,中和區,65000030-071,明德里,511,257,254,2769,1380,1389,791,358,433,110Y12M
65000,新北市,65000030,中和區,65000030-072,秀水里,409,205,204,2542,1263,1279,866,356,510,110Y12M
65000,新北市,65000030,中和區,65000030-073,德行里,911,478,433,4862,2291,2571,957,430,527,110Y12M
65000,新北市,65000030,中和區,65000030-074,宜安里,147,78,69,1351,689,662,419,167,252,110Y12M
65000,新北市,65000030,中和區,65000030-075,安順里,323,177,146,3042,1464,1578,915,383,532,110Y12M
65000,新北市,65000030,中和區,65000030-076,秀義里,276,142,134,1888,956,932,573,246,327,110Y12M
65000,新北市,65000030,中和區,65000030-077,秀士里,209,96,113,1732,858,874,532,224,308,110Y12M
65000,新北市,65000030,中和區,65000030-078,興南里,259,130,129,2101,1071,1030,684,284,400,110Y12M
65000,新北市,65000030,中和區,65000030-079,景本里,172,91,81,1445,722,723,466,185,281,110Y12M
65000,新北市,65000030,中和區,65000030-080,福南里,376,208,168,3100,1517,1583,709,308,401,110Y12M
65000,新北市,65000030,中和區,65000030-081,中興里,950,484,466,5041,2439,2602,975,417,558,110Y12M
65000,新北市,65000030,中和區,65000030-082,吉興里,331,160,171,2235,1017,1218,480,186,294,110Y12M
65000,新北市,65000030,中和區,65000030-083,中山里,329,156,173,1930,946,984,540,237,303,110Y12M
65000,新北市,65000030,中和區,65000030-084,碧河里,598,290,308,3860,1909,1951,760,343,417,110Y12M
65000,新北市,65000030,中和區,65000030-085,錦中里,565,286,279,3036,1514,1522,716,311,405,110Y12M
65000,新北市,65000030,中和區,65000030-086,錦盛里,422,232,190,2822,1382,1440,675,325,350,110Y12M
65000,新北市,65000030,中和區,65000030-087,民有里,226,118,108,1905,959,946,594,261,333,110Y12M
65000,新北市,65000030,中和區,65000030-088,員富里,395,209,186,2750,1384,1366,566,266,300,110Y12M
65000,新北市,65000030,中和區,65000030-089,嘉慶里,430,206,224,3267,1628,1639,739,333,406,110Y12M
65000,新北市,65000030,中和區,65000030-090,冠穗里,286,151,135,2339,1178,1161,648,296,352,110Y12M
65000,新北市,65000030,中和區,65000030-091,國華里,386,196,190,2547,1267,1280,556,257,299,110Y12M
65000,新北市,65000030,中和區,65000030-092,正南里,292,160,132,2427,1274,1153,720,310,410,110Y12M
65000,新北市,65000030,中和區,65000030-093,正行里,349,175,174,2155,992,1163,455,203,252,110Y12M
65000,新北市,65000040,永和區,65000040-001,福林里,393,207,186,2224,1087,1137,748,317,431,110Y12M
65000,新北市,65000040,永和區,65000040-002,文化里,265,129,136,1907,950,957,621,255,366,110Y12M
65000,新北市,65000040,永和區,65000040-003,豫溪里,317,159,158,3282,1742,1540,1247,588,659,110Y12M
65000,新北市,65000040,永和區,65000040-004,光明里,325,149,176,1976,913,1063,640,261,379,110Y12M
65000,新北市,65000040,永和區,65000040-005,仁愛里,211,116,95,1901,925,976,578,246,332,110Y12M
65000,新北市,65000040,永和區,65000040-006,永貞里,352,174,178,2183,1038,1145,816,379,437,110Y12M
65000,新北市,65000040,永和區,65000040-007,永福里,313,156,157,1773,870,903,652,272,380,110Y12M
65000,新北市,65000040,永和區,65000040-008,民治里,387,202,185,1915,869,1046,648,245,403,110Y12M
65000,新北市,65000040,永和區,65000040-009,永成里,80,45,35,650,330,320,226,94,132,110Y12M
65000,新北市,65000040,永和區,65000040-010,忠義里,59,30,29,546,288,258,164,72,92,110Y12M
65000,新北市,65000040,永和區,65000040-011,永元里,650,328,322,3150,1502,1648,990,418,572,110Y12M
65000,新北市,65000040,永和區,65000040-012,秀林里,627,331,296,2747,1338,1409,776,338,438,110Y12M
65000,新北市,65000040,永和區,65000040-013,保安里,847,447,400,5074,2418,2656,1234,533,701,110Y12M
65000,新北市,65000040,永和區,65000040-014,中溪里,511,263,248,3600,1813,1787,966,438,528,110Y12M
65000,新北市,65000040,永和區,65000040-015,永安里,463,233,230,2941,1360,1581,798,343,455,110Y12M
65000,新北市,65000040,永和區,65000040-016,民族里,678,349,329,3117,1494,1623,959,407,552,110Y12M
65000,新北市,65000040,永和區,65000040-017,民權里,672,352,320,3063,1450,1613,892,400,492,110Y12M
65000,新北市,65000040,永和區,65000040-018,中興里,337,177,160,2079,969,1110,748,315,433,110Y12M
65000,新北市,65000040,永和區,65000040-019,勵行里,123,65,58,828,386,442,287,125,162,110Y12M
65000,新北市,65000040,永和區,65000040-020,秀朗里,463,240,223,2621,1296,1325,821,369,452,110Y12M
65000,新北市,65000040,永和區,65000040-021,秀成里,306,157,149,1936,982,954,657,290,367,110Y12M
65000,新北市,65000040,永和區,65000040-022,上溪里,170,90,80,1268,594,674,442,179,263,110Y12M
65000,新北市,65000040,永和區,65000040-023,竹林里,393,206,187,2426,1180,1246,840,357,483,110Y12M
65000,新北市,65000040,永和區,65000040-024,雙和里,515,265,250,2726,1216,1510,753,332,421,110Y12M
65000,新北市,65000040,永和區,65000040-025,安和里,404,203,201,2549,1185,1364,856,375,481,110Y12M
65000,新北市,65000040,永和區,65000040-026,水源里,462,252,210,2648,1263,1385,849,371,478,110Y12M
65000,新北市,65000040,永和區,65000040-027,協和里,270,148,122,2017,986,1031,652,292,360,110Y12M
65000,新北市,65000040,永和區,65000040-028,河堤里,389,205,184,2411,1157,1254,653,277,376,110Y12M
65000,新北市,65000040,永和區,65000040-029,頂溪里,251,114,137,1644,811,833,571,236,335,110Y12M
65000,新北市,65000040,永和區,65000040-030,潭墘里,580,306,274,3147,1444,1703,898,356,542,110Y12M
65000,新北市,65000040,永和區,65000040-031,潭安里,610,315,295,3266,1604,1662,930,388,542,110Y12M
65000,新北市,65000040,永和區,65000040-032,大新里,299,155,144,1748,786,962,574,239,335,110Y12M
65000,新北市,65000040,永和區,65000040-033,保平里,639,324,315,3276,1586,1690,959,427,532,110Y12M
65000,新北市,65000040,永和區,65000040-034,民本里,621,317,304,2788,1319,1469,720,303,417,110Y12M
65000,新北市,65000040,永和區,65000040-035,民樂里,576,293,283,3119,1540,1579,987,444,543,110Y12M
65000,新北市,65000040,永和區,65000040-036,光復里,178,87,91,1148,540,608,404,166,238,110Y12M
65000,新北市,65000040,永和區,65000040-037,復興里,242,134,108,1590,773,817,583,257,326,110Y12M
65000,新北市,65000040,永和區,65000040-038,福和里,569,293,276,3466,1647,1819,1111,490,621,110Y12M
65000,新北市,65000040,永和區,65000040-039,得和里,509,258,251,2851,1375,1476,943,382,561,110Y12M
65000,新北市,65000040,永和區,65000040-040,智光里,433,226,207,2242,1098,1144,695,276,419,110Y12M
65000,新北市,65000040,永和區,65000040-041,新生里,90,39,51,661,348,313,176,68,108,110Y12M
65000,新北市,65000040,永和區,65000040-042,大同里,103,58,45,754,382,372,196,77,119,110Y12M
65000,新北市,65000040,永和區,65000040-043,前溪里,186,99,87,1429,664,765,517,219,298,110Y12M
65000,新北市,65000040,永和區,65000040-044,和平里,589,309,280,3262,1533,1729,1016,451,565,110Y12M
65000,新北市,65000040,永和區,65000040-045,新■里,197,96,101,1487,766,721,526,224,302,110Y12M
65000,新北市,65000040,永和區,65000040-046,下溪里,482,232,250,3340,1639,1701,792,339,453,110Y12M
65000,新北市,65000040,永和區,65000040-047,秀和里,563,280,283,3417,1599,1818,987,457,530,110Y12M
65000,新北市,65000040,永和區,65000040-048,河濱里,398,212,186,2180,1083,1097,660,286,374,110Y12M
65000,新北市,65000040,永和區,65000040-049,民生里,611,297,314,2684,1278,1406,837,360,477,110Y12M
65000,新北市,65000040,永和區,65000040-050,秀得里,390,188,202,1836,886,950,525,230,295,110Y12M
65000,新北市,65000040,永和區,65000040-051,上林里,416,220,196,2304,1144,1160,773,330,443,110Y12M
65000,新北市,65000040,永和區,65000040-052,網溪里,120,66,54,811,412,399,252,108,144,110Y12M
65000,新北市,65000040,永和區,65000040-053,正興里,178,89,89,1447,683,764,534,217,317,110Y12M
65000,新北市,65000040,永和區,65000040-054,永興里,368,182,186,2059,1028,1031,745,298,447,110Y12M
65000,新北市,65000040,永和區,65000040-055,桂林里,420,225,195,2576,1257,1319,792,350,442,110Y12M
65000,新北市,65000040,永和區,65000040-056,店街里,490,233,257,2849,1292,1557,823,341,482,110Y12M
65000,新北市,65000040,永和區,65000040-057,信義里,212,104,108,1772,814,958,578,233,345,110Y12M
65000,新北市,65000040,永和區,65000040-058,後溪里,181,97,84,1339,681,658,460,197,263,110Y12M
65000,新北市,65000040,永和區,65000040-059,民富里,457,231,226,2028,1027,1001,568,240,328,110Y12M
65000,新北市,65000040,永和區,65000040-060,秀元里,419,226,193,2034,970,1064,678,293,385,110Y12M
65000,新北市,65000040,永和區,65000040-061,永樂里,276,151,125,1681,732,949,438,191,247,110Y12M
65000,新北市,65000040,永和區,65000040-062,保順里,1379,707,672,8015,3726,4289,1384,579,805,110Y12M
65000,新北市,65000050,新莊區,65000050-001,海山里,576,289,287,3937,1958,1979,1035,447,588,110Y12M
65000,新北市,65000050,新莊區,65000050-002,頭前里,1465,736,729,7706,3735,3971,1222,575,647,110Y12M
65000,新北市,65000050,新莊區,65000050-003,國泰里,159,79,80,954,493,461,287,130,157,110Y12M
65000,新北市,65000050,新莊區,65000050-004,全安里,541,266,275,3247,1549,1698,833,368,465,110Y12M
65000,新北市,65000050,新莊區,65000050-005,福基里,740,382,358,4159,2043,2116,605,291,314,110Y12M
65000,新北市,65000050,新莊區,65000050-006,豐年里,461,246,215,2744,1355,1389,622,283,339,110Y12M
65000,新北市,65000050,新莊區,65000050-007,忠孝里,633,333,300,3804,1822,1982,925,413,512,110Y12M
65000,新北市,65000050,新莊區,65000050-008,恆安里,594,277,317,3191,1604,1587,808,344,464,110Y12M
65000,新北市,65000050,新莊區,65000050-009,後港里,708,365,343,5598,2734,2864,904,422,482,110Y12M
65000,新北市,65000050,新莊區,65000050-010,文衡里,294,149,145,1471,738,733,443,198,245,110Y12M
65000,新北市,65000050,新莊區,65000050-011,中美里,930,470,460,4416,2146,2270,1049,460,589,110Y12M
65000,新北市,65000050,新莊區,65000050-012,八德里,329,181,148,2323,1108,1215,499,235,264,110Y12M
65000,新北市,65000050,新莊區,65000050-013,興漢里,384,200,184,2233,1102,1131,761,345,416,110Y12M
65000,新北市,65000050,新莊區,65000050-014,中和里,491,245,246,3267,1627,1640,898,406,492,110Y12M
65000,新北市,65000050,新莊區,65000050-015,西盛里,2163,1134,1029,9781,4750,5031,1303,624,679,110Y12M
65000,新北市,65000050,新莊區,65000050-016,榮和里,457,232,225,4183,2511,1672,1048,568,480,110Y12M
65000,新北市,65000050,新莊區,65000050-017,中泰里,554,283,271,3179,1588,1591,835,382,453,110Y12M
65000,新北市,65000050,新莊區,65000050-018,瓊林里,681,333,348,3739,1915,1824,878,442,436,110Y12M
65000,新北市,65000050,新莊區,65000050-019,文德里,218,120,98,1290,642,648,343,150,193,110Y12M
65000,新北市,65000050,新莊區,65000050-020,中誠里,241,132,109,1532,755,777,421,199,222,110Y12M
65000,新北市,65000050,新莊區,65000050-021,裕民里,993,523,470,5209,2580,2629,1050,483,567,110Y12M
65000,新北市,65000050,新莊區,65000050-022,文明里,196,98,98,1228,606,622,346,162,184,110Y12M
65000,新北市,65000050,新莊區,65000050-023,中港里,1011,516,495,4704,2261,2443,897,408,489,110Y12M
65000,新北市,65000050,新莊區,65000050-024,富國里,264,144,120,1668,848,820,404,181,223,110Y12M
65000,新北市,65000050,新莊區,65000050-025,思源里,691,360,331,3850,1890,1960,968,435,533,110Y12M
65000,新北市,65000050,新莊區,65000050-026,立人里,263,140,123,1342,664,678,387,173,214,110Y12M
65000,新北市,65000050,新莊區,65000050-027,南港里,562,303,259,4043,1975,2068,712,318,394,110Y12M
65000,新北市,65000050,新莊區,65000050-028,仁愛里,266,142,124,1899,931,968,532,237,295,110Y12M
65000,新北市,65000050,新莊區,65000050-029,立德里,250,129,121,1830,894,936,520,232,288,110Y12M
65000,新北市,65000050,新莊區,65000050-030,信義里,685,350,335,3944,1877,2067,878,404,474,110Y12M
65000,新北市,65000050,新莊區,65000050-031,立言里,629,300,329,3552,1711,1841,928,419,509,110Y12M
65000,新北市,65000050,新莊區,65000050-032,民安里,874,424,450,4627,2273,2354,710,317,393,110Y12M
65000,新北市,65000050,新莊區,65000050-033,和平里,611,320,291,3562,1728,1834,740,358,382,110Y12M
65000,新北市,65000050,新莊區,65000050-034,立功里,396,198,198,2623,1301,1322,724,326,398,110Y12M
65000,新北市,65000050,新莊區,65000050-035,民本里,334,187,147,2207,1088,1119,539,266,273,110Y12M
65000,新北市,65000050,新莊區,65000050-036,化成里,457,242,215,2937,1449,1488,587,288,299,110Y12M
65000,新北市,65000050,新莊區,65000050-037,立志里,475,236,239,2761,1352,1409,760,349,411,110Y12M
65000,新北市,65000050,新莊區,65000050-038,光華里,1233,662,571,5576,2715,2861,844,397,447,110Y12M
65000,新北市,65000050,新莊區,65000050-039,思賢里,542,293,249,3121,1544,1577,698,319,379,110Y12M
65000,新北市,65000050,新莊區,65000050-040,營盤里,169,88,81,1181,616,565,387,187,200,110Y12M
65000,新北市,65000050,新莊區,65000050-041,光榮里,719,354,365,3478,1741,1737,529,216,313,110Y12M
65000,新北市,65000050,新莊區,65000050-042,自強里,263,145,118,1836,921,915,543,244,299,110Y12M
65000,新北市,65000050,新莊區,65000050-043,丹鳳里,1397,717,680,6902,3319,3583,1077,503,574,110Y12M
65000,新北市,65000050,新莊區,65000050-044,光明里,877,451,426,3786,1831,1955,573,279,294,110Y12M
65000,新北市,65000050,新莊區,65000050-045,自立里,625,346,279,3975,1882,2093,873,378,495,110Y12M
65000,新北市,65000050,新莊區,65000050-046,合鳳里,589,309,280,3366,1670,1696,733,360,373,110Y12M
65000,新北市,65000050,新莊區,65000050-047,幸福里,504,245,259,3134,1513,1621,801,356,445,110Y12M
65000,新北市,65000050,新莊區,65000050-048,雙鳳里,2207,1176,1031,9062,4424,4638,1267,595,672,110Y12M
65000,新北市,65000050,新莊區,65000050-049,自信里,271,138,133,1808,890,918,424,173,251,110Y12M
65000,新北市,65000050,新莊區,65000050-050,龍鳳里,2006,1032,974,7940,3687,4253,965,423,542,110Y12M
65000,新北市,65000050,新莊區,65000050-051,中華里,332,179,153,2221,1115,1106,396,175,221,110Y12M
65000,新北市,65000050,新莊區,65000050-052,中隆里,900,478,422,4019,1894,2125,581,272,309,110Y12M
65000,新北市,65000050,新莊區,65000050-053,中原里,2156,1142,1014,10518,4964,5554,1226,531,695,110Y12M
65000,新北市,65000050,新莊區,65000050-054,中信里,1611,815,796,6625,3197,3428,959,458,501,110Y12M
65000,新北市,65000050,新莊區,65000050-055,四維里,567,294,273,3498,1686,1812,739,320,419,110Y12M
65000,新北市,65000050,新莊區,65000050-056,建福里,249,136,113,1780,864,916,453,238,215,110Y12M
65000,新北市,65000050,新莊區,65000050-057,中宏里,401,214,187,2817,1386,1431,529,239,290,110Y12M
65000,新北市,65000050,新莊區,65000050-058,中全里,433,231,202,2651,1360,1291,558,252,306,110Y12M
65000,新北市,65000050,新莊區,65000050-059,立泰里,667,337,330,3676,1757,1919,818,370,448,110Y12M
65000,新北市,65000050,新莊區,65000050-060,全泰里,638,328,310,3409,1680,1729,1017,463,554,110Y12M
65000,新北市,65000050,新莊區,65000050-061,仁義里,399,201,198,2727,1384,1343,638,299,339,110Y12M
65000,新北市,65000050,新莊區,65000050-062,立基里,745,382,363,4537,2230,2307,941,431,510,110Y12M
65000,新北市,65000050,新莊區,65000050-063,昌明里,457,230,227,2726,1356,1370,508,227,281,110Y12M
65000,新北市,65000050,新莊區,65000050-064,昌平里,1625,785,840,6641,3082,3559,752,336,416,110Y12M
65000,新北市,65000050,新莊區,65000050-065,文聖里,424,212,212,2320,1105,1215,749,324,425,110Y12M
65000,新北市,65000050,新莊區,65000050-066,萬安里,456,251,205,2693,1275,1418,620,298,322,110Y12M
65000,新北市,65000050,新莊區,65000050-067,龍安里,273,138,135,1714,850,864,414,193,221,110Y12M
65000,新北市,65000050,新莊區,65000050-068,福營里,202,103,99,1754,869,885,457,231,226,110Y12M
65000,新北市,65000050,新莊區,65000050-069,後德里,339,199,140,2352,1173,1179,429,208,221,110Y12M
65000,新北市,65000050,新莊區,65000050-070,建安里,756,372,384,5336,2597,2739,767,343,424,110Y12M
65000,新北市,65000050,新莊區,65000050-071,成德里,727,380,347,3901,1886,2015,645,302,343,110Y12M
65000,新北市,65000050,新莊區,65000050-072,福興里,748,376,372,4820,2444,2376,640,303,337,110Y12M
65000,新北市,65000050,新莊區,65000050-073,昌信里,589,321,268,3042,1447,1595,363,168,195,110Y12M
65000,新北市,65000050,新莊區,65000050-074,昌隆里,529,254,275,3532,1665,1867,472,215,257,110Y12M
65000,新北市,65000050,新莊區,65000050-075,中平里,1808,937,871,7431,3399,4032,701,263,438,110Y12M
65000,新北市,65000050,新莊區,65000050-076,立廷里,2565,1300,1265,9489,4431,5058,1084,446,638,110Y12M
65000,新北市,65000050,新莊區,65000050-077,泰豐里,308,157,151,1880,922,958,388,163,225,110Y12M
65000,新北市,65000050,新莊區,65000050-078,富民里,412,238,174,3067,1462,1605,451,209,242,110Y12M
65000,新北市,65000050,新莊區,65000050-079,龍福里,263,124,139,1788,859,929,236,106,130,110Y12M
65000,新北市,65000050,新莊區,65000050-080,祥鳳里,378,201,177,1889,938,951,331,149,182,110Y12M
65000,新北市,65000050,新莊區,65000050-081,民全里,501,247,254,2923,1458,1465,463,221,242,110Y12M
65000,新北市,65000050,新莊區,65000050-082,民有里,479,235,244,3174,1506,1668,486,226,260,110Y12M
65000,新北市,65000050,新莊區,65000050-083,光正里,828,422,406,3455,1677,1778,506,256,250,110Y12M
65000,新北市,65000050,新莊區,65000050-084,光和里,419,226,193,2128,1013,1115,349,164,185,110Y12M
65000,新北市,65000060,新店區,65000060-001,國豐里,263,135,128,2070,976,1094,793,322,471,110Y12M
65000,新北市,65000060,新店區,65000060-002,明德里,329,185,144,2706,1321,1385,899,371,528,110Y12M
65000,新北市,65000060,新店區,65000060-003,大豐里,337,165,172,2481,1189,1292,848,365,483,110Y12M
65000,新北市,65000060,新店區,65000060-004,大同里,282,153,129,2627,1306,1321,931,400,531,110Y12M
65000,新北市,65000060,新店區,65000060-005,江陵里,435,208,227,3806,1809,1997,1196,520,676,110Y12M
65000,新北市,65000060,新店區,65000060-006,寶興里,466,237,229,3815,1825,1990,1166,494,672,110Y12M
65000,新北市,65000060,新店區,65000060-007,寶安里,362,181,181,3649,1685,1964,1332,577,755,110Y12M
65000,新北市,65000060,新店區,65000060-008,信義里,314,152,162,4779,2329,2450,1388,579,809,110Y12M
65000,新北市,65000060,新店區,65000060-009,忠孝里,188,91,97,1953,970,983,592,244,348,110Y12M
65000,新北市,65000060,新店區,65000060-010,大鵬里,143,82,61,1880,920,960,641,280,361,110Y12M
65000,新北市,65000060,新店區,65000060-011,太平里,255,117,138,2270,1076,1194,597,266,331,110Y12M
65000,新北市,65000060,新店區,65000060-012,頂城里,123,65,58,1173,643,530,376,183,193,110Y12M
65000,新北市,65000060,新店區,65000060-013,下城里,370,191,179,2338,1191,1147,633,316,317,110Y12M
65000,新北市,65000060,新店區,65000060-014,柴埕里,1104,553,551,6947,3449,3498,1360,569,791,110Y12M
65000,新北市,65000060,新店區,65000060-015,永安里,538,281,257,3826,1883,1943,871,372,499,110Y12M
65000,新北市,65000060,新店區,65000060-016,公崙里,1856,988,868,10077,4860,5217,2014,880,1134,110Y12M
65000,新北市,65000060,新店區,65000060-017,德安里,627,351,276,4627,2336,2291,987,419,568,110Y12M
65000,新北市,65000060,新店區,65000060-018,雙城里,586,333,253,4178,2139,2039,1124,535,589,110Y12M
65000,新北市,65000060,新店區,65000060-019,日興里,516,265,251,4342,2206,2136,1066,498,568,110Y12M
65000,新北市,65000060,新店區,65000060-020,玫瑰里,541,283,258,4453,2158,2295,1070,465,605,110Y12M
65000,新北市,65000060,新店區,65000060-021,塗潭里,85,41,44,710,379,331,252,126,126,110Y12M
65000,新北市,65000060,新店區,65000060-022,美潭里,473,260,213,3827,1906,1921,980,430,550,110Y12M
65000,新北市,65000060,新店區,65000060-023,員潭里,514,241,273,3932,1965,1967,896,402,494,110Y12M
65000,新北市,65000060,新店區,65000060-024,雙坑里,61,36,25,538,301,237,211,110,101,110Y12M
65000,新北市,65000060,新店區,65000060-025,粗坑里,272,142,130,2172,1027,1145,673,323,350,110Y12M
65000,新北市,65000060,新店區,65000060-026,屈尺里,163,88,75,1624,816,808,677,344,333,110Y12M
65000,新北市,65000060,新店區,65000060-027,龜山里,97,43,54,1187,618,569,438,210,228,110Y12M
65000,新北市,65000060,新店區,65000060-028,廣興里,95,53,42,906,490,416,391,213,178,110Y12M
65000,新北市,65000060,新店區,65000060-029,直潭里,82,41,41,910,484,426,312,169,143,110Y12M
65000,新北市,65000060,新店區,65000060-030,青潭里,524,266,258,4003,1947,2056,912,402,510,110Y12M
65000,新北市,65000060,新店區,65000060-031,新店里,149,76,73,1256,637,619,420,186,234,110Y12M
65000,新北市,65000060,新店區,65000060-032,張南里,191,89,102,1629,706,923,534,222,312,110Y12M
65000,新北市,65000060,新店區,65000060-033,國校里,221,113,108,1909,964,945,469,206,263,110Y12M
65000,新北市,65000060,新店區,65000060-034,文中里,171,97,74,1264,625,639,348,146,202,110Y12M
65000,新北市,65000060,新店區,65000060-035,廣明里,65,40,25,561,279,282,198,93,105,110Y12M
65000,新北市,65000060,新店區,65000060-036,文明里,167,79,88,1683,828,855,604,265,339,110Y12M
65000,新北市,65000060,新店區,65000060-037,中興里,483,232,251,5250,2831,2419,1740,856,884,110Y12M
65000,新北市,65000060,新店區,65000060-038,新生里,464,224,240,3919,1904,2015,1376,567,809,110Y12M
65000,新北市,65000060,新店區,65000060-039,新德里,244,123,121,1826,871,955,630,265,365,110Y12M
65000,新北市,65000060,新店區,65000060-040,張北里,1048,525,523,6302,3046,3256,1893,795,1098,110Y12M
65000,新北市,65000060,新店區,65000060-041,五■里,738,368,370,5362,2521,2841,1672,727,945,110Y12M
65000,新北市,65000060,新店區,65000060-042,新安里,383,190,193,2737,1271,1466,940,393,547,110Y12M
65000,新北市,65000060,新店區,65000060-043,忠誠里,239,131,108,1611,796,815,610,267,343,110Y12M
65000,新北市,65000060,新店區,65000060-044,中正里,565,282,283,4097,1955,2142,1481,593,888,110Y12M
65000,新北市,65000060,新店區,65000060-045,中華里,458,242,216,2920,1407,1513,1011,429,582,110Y12M
65000,新北市,65000060,新店區,65000060-046,仁愛里,194,110,84,1324,617,707,502,223,279,110Y12M
65000,新北市,65000060,新店區,65000060-047,百忍里,383,203,180,2457,1148,1309,942,391,551,110Y12M
65000,新北市,65000060,新店區,65000060-048,百和里,304,158,146,2193,1081,1112,726,308,418,110Y12M
65000,新北市,65000060,新店區,65000060-049,福德里,311,149,162,2697,1263,1434,871,384,487,110Y12M
65000,新北市,65000060,新店區,65000060-050,百福里,396,200,196,2485,1162,1323,862,376,486,110Y12M
65000,新北市,65000060,新店區,65000060-051,福民里,337,162,175,2748,1316,1432,1039,456,583,110Y12M
65000,新北市,65000060,新店區,65000060-052,中山里,436,207,229,3476,1604,1872,1008,425,583,110Y12M
65000,新北市,65000060,新店區,65000060-053,和平里,166,86,80,1078,545,533,243,99,144,110Y12M
65000,新北市,65000060,新店區,65000060-054,中央里,502,245,257,4001,1907,2094,1379,603,776,110Y12M
65000,新北市,65000060,新店區,65000060-055,明城里,350,184,166,2541,1254,1287,658,276,382,110Y12M
65000,新北市,65000060,新店區,65000060-056,安和里,982,513,469,6008,2943,3065,1217,540,677,110Y12M
65000,新北市,65000060,新店區,65000060-057,吉祥里,407,198,209,3400,1617,1783,950,427,523,110Y12M
65000,新北市,65000060,新店區,65000060-058,寶福里,795,408,387,5238,2577,2661,1349,579,770,110Y12M
65000,新北市,65000060,新店區,65000060-059,小城里,388,197,191,2623,1297,1326,764,351,413,110Y12M
65000,新北市,65000060,新店區,65000060-060,香坡里,1046,548,498,8757,4340,4417,1719,752,967,110Y12M
65000,新北市,65000060,新店區,65000060-061,建國里,236,130,106,2072,972,1100,765,324,441,110Y12M
65000,新北市,65000060,新店區,65000060-062,復興里,279,149,130,2312,1103,1209,672,291,381,110Y12M
65000,新北市,65000060,新店區,65000060-063,美城里,228,117,111,1966,965,1001,538,241,297,110Y12M
65000,新北市,65000060,新店區,65000060-064,安昌里,633,327,306,4284,2028,2256,721,285,436,110Y12M
65000,新北市,65000060,新店區,65000060-065,長春里,210,113,97,1802,835,967,520,226,294,110Y12M
65000,新北市,65000060,新店區,65000060-066,新和里,417,232,185,3135,1480,1655,690,303,387,110Y12M
65000,新北市,65000060,新店區,65000060-067,永平里,687,350,337,4325,2111,2214,811,349,462,110Y12M
65000,新北市,65000060,新店區,65000060-068,達觀里,356,176,180,3000,1379,1621,685,301,384,110Y12M
65000,新北市,65000060,新店區,65000060-069,華城里,203,99,104,2079,938,1141,547,282,265,110Y12M
65000,新北市,65000070,樹林區,65000070-001,三多里,460,268,192,3104,1564,1540,565,275,290,110Y12M
65000,新北市,65000070,樹林區,65000070-002,三福里,574,303,271,2928,1458,1470,665,306,359,110Y12M
65000,新北市,65000070,樹林區,65000070-003,三興里,597,280,317,3633,1891,1742,707,361,346,110Y12M
65000,新北市,65000070,樹林區,65000070-004,圳安里,363,200,163,3040,1514,1526,399,188,211,110Y12M
65000,新北市,65000070,樹林區,65000070-005,保安里,717,377,340,4552,2299,2253,1072,475,597,110Y12M
65000,新北市,65000070,樹林區,65000070-006,潭底里,531,282,249,3718,2084,1634,852,437,415,110Y12M
65000,新北市,65000070,樹林區,65000070-007,■寮里,579,300,279,3951,2001,1950,596,258,338,110Y12M
65000,新北市,65000070,樹林區,65000070-008,樹德里,388,187,201,2585,1324,1261,693,302,391,110Y12M
65000,新北市,65000070,樹林區,65000070-009,樹西里,656,348,308,3625,1823,1802,1021,463,558,110Y12M
65000,新北市,65000070,樹林區,65000070-010,樹南里,461,260,201,3142,1574,1568,658,293,365,110Y12M
65000,新北市,65000070,樹林區,65000070-011,樹人里,452,248,204,2489,1211,1278,580,254,326,110Y12M
65000,新北市,65000070,樹林區,65000070-012,坡內里,212,111,101,1292,663,629,266,129,137,110Y12M
65000,新北市,65000070,樹林區,65000070-013,樹東里,111,52,59,830,405,425,261,120,141,110Y12M
65000,新北市,65000070,樹林區,65000070-014,大同里,447,237,210,2843,1338,1505,407,192,215,110Y12M
65000,新北市,65000070,樹林區,65000070-015,和平里,479,243,236,2795,1388,1407,685,326,359,110Y12M
65000,新北市,65000070,樹林區,65000070-016,彭厝里,601,322,279,3957,1964,1993,572,255,317,110Y12M
65000,新北市,65000070,樹林區,65000070-017,彭福里,737,387,350,4242,2119,2123,731,316,415,110Y12M
65000,新北市,65000070,樹林區,65000070-018,東山里,343,182,161,2417,1231,1186,529,265,264,110Y12M
65000,新北市,65000070,樹林區,65000070-019,東陽里,770,385,385,4617,2326,2291,828,374,454,110Y12M
65000,新北市,65000070,樹林區,65000070-020,東昇里,661,321,340,3897,1920,1977,658,330,328,110Y12M
65000,新北市,65000070,樹林區,65000070-021,樂山里,267,135,132,1503,765,738,361,180,181,110Y12M
65000,新北市,65000070,樹林區,65000070-022,東園里,183,86,97,1266,684,582,290,163,127,110Y12M
65000,新北市,65000070,樹林區,65000070-023,西園里,216,107,109,1350,726,624,304,156,148,110Y12M
65000,新北市,65000070,樹林區,65000070-024,南園里,3306,1709,1597,10935,5190,5745,1903,885,1018,110Y12M
65000,新北市,65000070,樹林區,65000070-025,北園里,218,121,97,1706,893,813,313,160,153,110Y12M
65000,新北市,65000070,樹林區,65000070-026,柑園里,1923,1017,906,7148,3411,3737,1304,585,719,110Y12M
65000,新北市,65000070,樹林區,65000070-027,樹北里,68,39,29,657,321,336,227,104,123,110Y12M
65000,新北市,65000070,樹林區,65000070-028,圳福里,667,346,321,3341,1652,1689,623,298,325,110Y12M
65000,新北市,65000070,樹林區,65000070-029,樹興里,464,240,224,2716,1312,1404,585,279,306,110Y12M
65000,新北市,65000070,樹林區,65000070-030,樹福里,410,225,185,2617,1253,1364,607,273,334,110Y12M
65000,新北市,65000070,樹林區,65000070-031,光興里,479,248,231,3198,1602,1596,468,243,225,110Y12M
65000,新北市,65000070,樹林區,65000070-032,金寮里,614,315,299,3439,1696,1743,613,293,320,110Y12M
65000,新北市,65000070,樹林區,65000070-033,彭興里,738,408,330,4538,2230,2308,699,351,348,110Y12M
65000,新北市,65000070,樹林區,65000070-034,文林里,690,364,326,3916,1890,2026,684,326,358,110Y12M
65000,新北市,65000070,樹林區,65000070-035,山佳里,725,381,344,4571,2314,2257,727,355,372,110Y12M
65000,新北市,65000070,樹林區,65000070-036,中山里,739,414,325,3980,2034,1946,795,366,429,110Y12M
65000,新北市,65000070,樹林區,65000070-037,育英里,397,217,180,2370,1165,1205,538,236,302,110Y12M
65000,新北市,65000070,樹林區,65000070-038,中華里,404,218,186,2758,1307,1451,327,139,188,110Y12M
65000,新北市,65000070,樹林區,65000070-039,太順里,371,195,176,2128,1080,1048,356,185,171,110Y12M
65000,新北市,65000070,樹林區,65000070-040,圳民里,270,142,128,2264,1186,1078,364,189,175,110Y12M
65000,新北市,65000070,樹林區,65000070-041,圳生里,121,55,66,1218,630,588,234,130,104,110Y12M
65000,新北市,65000070,樹林區,65000070-042,三龍里,194,112,82,1613,824,789,344,180,164,110Y12M
65000,新北市,65000080,鶯歌區,65000080-001,東鶯里,134,69,65,765,394,371,180,77,103,110Y12M
65000,新北市,65000080,鶯歌區,65000080-002,西鶯里,241,120,121,1621,813,808,430,200,230,110Y12M
65000,新北市,65000080,鶯歌區,65000080-003,南鶯里,701,355,346,4283,2114,2169,910,396,514,110Y12M
65000,新北市,65000080,鶯歌區,65000080-004,北鶯里,596,305,291,3263,1667,1596,655,312,343,110Y12M
65000,新北市,65000080,鶯歌區,65000080-005,中鶯里,121,66,55,778,396,382,192,87,105,110Y12M
65000,新北市,65000080,鶯歌區,65000080-006,建德里,77,40,37,438,259,179,89,41,48,110Y12M
65000,新北市,65000080,鶯歌區,65000080-007,同慶里,255,133,122,1168,572,596,262,125,137,110Y12M
65000,新北市,65000080,鶯歌區,65000080-008,永昌里,1224,605,619,6549,3304,3245,1068,466,602,110Y12M
65000,新北市,65000080,鶯歌區,65000080-009,南靖里,454,249,205,2595,1334,1261,645,305,340,110Y12M
65000,新北市,65000080,鶯歌區,65000080-010,尖山里,1258,650,608,7090,3572,3518,1044,491,553,110Y12M
65000,新北市,65000080,鶯歌區,65000080-011,二橋里,1141,616,525,6496,3329,3167,1116,531,585,110Y12M
65000,新北市,65000080,鶯歌區,65000080-012,二甲里,106,61,45,693,374,319,179,92,87,110Y12M
65000,新北市,65000080,鶯歌區,65000080-013,東湖里,21,10,11,200,110,90,58,31,27,110Y12M
65000,新北市,65000080,鶯歌區,65000080-014,大湖里,482,229,253,3816,1948,1868,800,392,408,110Y12M
65000,新北市,65000080,鶯歌區,65000080-015,鳳鳴里,875,448,427,4714,2335,2379,690,330,360,110Y12M
65000,新北市,65000080,鶯歌區,65000080-016,鳳福里,428,218,210,3397,1691,1706,697,312,385,110Y12M
65000,新北市,65000080,鶯歌區,65000080-017,永吉里,728,371,357,3705,1851,1854,712,334,378,110Y12M
65000,新北市,65000080,鶯歌區,65000080-018,中湖里,639,315,324,4400,2315,2085,802,384,418,110Y12M
65000,新北市,65000080,鶯歌區,65000080-019,鳳祥里,553,303,250,3353,1694,1659,669,329,340,110Y12M
65000,新北市,65000080,鶯歌區,65000080-020,建國里,1161,596,565,5629,2716,2913,785,348,437,110Y12M
65000,新北市,65000090,三峽區,65000090-001,三峽里,41,27,14,199,112,87,78,42,36,110Y12M
65000,新北市,65000090,三峽區,65000090-002,秀川里,83,45,38,472,234,238,123,51,72,110Y12M
65000,新北市,65000090,三峽區,65000090-003,八張里,551,292,259,3136,1550,1586,530,243,287,110Y12M
65000,新北市,65000090,三峽區,65000090-004,中埔里,598,309,289,2807,1354,1453,370,179,191,110Y12M
65000,新北市,65000090,三峽區,65000090-005,弘道里,127,72,55,851,488,363,200,106,94,110Y12M
65000,新北市,65000090,三峽區,65000090-006,永■里,1024,535,489,5578,2705,2873,1117,472,645,110Y12M
65000,新北市,65000090,三峽區,65000090-007,礁溪里,791,399,392,4795,2342,2453,732,321,411,110Y12M
65000,新北市,65000090,三峽區,65000090-008,鳶山里,1470,785,685,7704,3790,3914,1427,675,752,110Y12M
65000,新北市,65000090,三峽區,65000090-009,龍埔里,1724,907,817,7671,3800,3871,1197,522,675,110Y12M
65000,新北市,65000090,三峽區,65000090-010,大埔里,483,268,215,3147,1722,1425,624,292,332,110Y12M
65000,新北市,65000090,三峽區,65000090-011,嘉添里,176,92,84,1549,842,707,599,387,212,110Y12M
65000,新北市,65000090,三峽區,65000090-012,添福里,107,50,57,857,470,387,202,96,106,110Y12M
65000,新北市,65000090,三峽區,65000090-013,金圳里,49,27,22,368,225,143,122,67,55,110Y12M
65000,新北市,65000090,三峽區,65000090-014,五寮里,58,33,25,586,330,256,217,107,110,110Y12M
65000,新北市,65000090,三峽區,65000090-015,插角里,48,30,18,429,272,157,210,107,103,110Y12M
65000,新北市,65000090,三峽區,65000090-016,有木里,43,22,21,449,292,157,223,117,106,110Y12M
65000,新北市,65000090,三峽區,65000090-017,溪北里,220,119,101,1743,933,810,437,209,228,110Y12M
65000,新北市,65000090,三峽區,65000090-018,溪南里,136,80,56,1138,640,498,283,150,133,110Y12M
65000,新北市,65000090,三峽區,65000090-019,溪東里,315,159,156,2350,1243,1107,472,203,269,110Y12M
65000,新北市,65000090,三峽區,65000090-020,成福里,83,43,40,708,395,313,181,85,96,110Y12M
65000,新北市,65000090,三峽區,65000090-021,安坑里,104,60,44,1009,588,421,328,170,158,110Y12M
65000,新北市,65000090,三峽區,65000090-022,竹崙里,151,68,83,1419,827,592,482,252,230,110Y12M
65000,新北市,65000090,三峽區,65000090-023,介壽里,796,408,388,5486,2815,2671,763,384,379,110Y12M
65000,新北市,65000090,三峽區,65000090-024,安溪里,815,434,381,6076,2984,3092,818,360,458,110Y12M
65000,新北市,65000090,三峽區,65000090-025,中正里,621,327,294,4200,2152,2048,629,292,337,110Y12M
65000,新北市,65000090,三峽區,65000090-026,二鬮里,380,188,192,2828,1428,1400,490,242,248,110Y12M
65000,新北市,65000090,三峽區,65000090-027,龍學里,3680,1913,1767,11176,5063,6113,1978,847,1131,110Y12M
65000,新北市,65000090,三峽區,65000090-028,龍恩里,1491,760,731,5351,2524,2827,940,414,526,110Y12M
65000,新北市,65000100,淡水區,65000100-001,中和里,47,25,22,423,256,167,144,73,71,110Y12M
65000,新北市,65000100,淡水區,65000100-002,屯山里,83,40,43,778,443,335,248,113,135,110Y12M
65000,新北市,65000100,淡水區,65000100-003,賢孝里,118,58,60,1164,643,521,328,168,160,110Y12M
65000,新北市,65000100,淡水區,65000100-004,興仁里,114,57,57,1119,604,515,401,214,187,110Y12M
65000,新北市,65000100,淡水區,65000100-005,蕃薯里,69,36,33,788,457,331,219,127,92,110Y12M
65000,新北市,65000100,淡水區,65000100-006,義山里,224,131,93,1937,1032,905,520,268,252,110Y12M
65000,新北市,65000100,淡水區,65000100-007,忠山里,72,39,33,594,341,253,220,106,114,110Y12M
65000,新北市,65000100,淡水區,65000100-008,崁頂里,3535,1797,1738,16235,7779,8456,2637,1230,1407,110Y12M
65000,新北市,65000100,淡水區,65000100-009,埤島里,267,144,123,1386,728,658,306,155,151,110Y12M
65000,新北市,65000100,淡水區,65000100-010,新興里,1018,519,499,5834,2697,3137,1021,424,597,110Y12M
65000,新北市,65000100,淡水區,65000100-011,水碓里,678,316,362,4359,2163,2196,929,415,514,110Y12M
65000,新北市,65000100,淡水區,65000100-012,北投里,2112,1090,1022,8034,3756,4278,1412,617,795,110Y12M
65000,新北市,65000100,淡水區,65000100-013,水源里,180,95,85,1520,813,707,479,243,236,110Y12M
65000,新北市,65000100,淡水區,65000100-014,忠寮里,111,57,54,807,461,346,267,142,125,110Y12M
65000,新北市,65000100,淡水區,65000100-015,樹興里,95,56,39,1053,548,505,350,178,172,110Y12M
65000,新北市,65000100,淡水區,65000100-016,坪頂里,72,38,34,963,486,477,323,160,163,110Y12M
65000,新北市,65000100,淡水區,65000100-017,福德里,604,326,278,5252,2536,2716,1276,556,720,110Y12M
65000,新北市,65000100,淡水區,65000100-018,竹圍里,499,262,237,4611,2140,2471,1163,449,714,110Y12M
65000,新北市,65000100,淡水區,65000100-019,民生里,665,334,331,5291,2412,2879,1387,573,814,110Y12M
65000,新北市,65000100,淡水區,65000100-020,八勢里,600,333,267,4893,2189,2704,1297,575,722,110Y12M
65000,新北市,65000100,淡水區,65000100-021,竿蓁里,1067,571,496,8111,3678,4433,2196,941,1255,110Y12M
65000,新北市,65000100,淡水區,65000100-022,鄧公里,632,336,296,4730,2219,2511,961,402,559,110Y12M
65000,新北市,65000100,淡水區,65000100-023,中興里,368,201,167,2816,1380,1436,906,402,504,110Y12M
65000,新北市,65000100,淡水區,65000100-024,長庚里,85,43,42,979,493,486,383,165,218,110Y12M
65000,新北市,65000100,淡水區,65000100-025,清文里,97,48,49,807,428,379,262,123,139,110Y12M
65000,新北市,65000100,淡水區,65000100-026,草東里,54,28,26,495,250,245,198,106,92,110Y12M
65000,新北市,65000100,淡水區,65000100-027,協元里,147,80,67,1041,525,516,321,145,176,110Y12M
65000,新北市,65000100,淡水區,65000100-028,永吉里,81,41,40,629,326,303,195,87,108,110Y12M
65000,新北市,65000100,淡水區,65000100-029,民安里,67,31,36,453,220,233,176,78,98,110Y12M
65000,新北市,65000100,淡水區,65000100-030,新生里,27,14,13,299,135,164,93,37,56,110Y12M
65000,新北市,65000100,淡水區,65000100-031,文化里,197,99,98,1270,589,681,355,153,202,110Y12M
65000,新北市,65000100,淡水區,65000100-032,油車里,529,260,269,4029,1996,2033,1065,476,589,110Y12M
65000,新北市,65000100,淡水區,65000100-033,沙崙里,468,248,220,3500,1734,1766,791,359,432,110Y12M
65000,新北市,65000100,淡水區,65000100-034,新義里,483,239,244,3072,1505,1567,733,334,399,110Y12M
65000,新北市,65000100,淡水區,65000100-035,新春里,1330,690,640,7268,3497,3771,1168,507,661,110Y12M
65000,新北市,65000100,淡水區,65000100-036,新民里,487,272,215,3628,1697,1931,805,373,432,110Y12M
65000,新北市,65000100,淡水區,65000100-037,正德里,637,315,322,3715,1710,2005,613,246,367,110Y12M
65000,新北市,65000100,淡水區,65000100-038,北新里,354,185,169,2279,1098,1181,353,162,191,110Y12M
65000,新北市,65000100,淡水區,65000100-039,民權里,388,210,178,3553,1639,1914,800,333,467,110Y12M
65000,新北市,65000100,淡水區,65000100-040,幸福里,437,229,208,2765,1349,1416,762,334,428,110Y12M
65000,新北市,65000100,淡水區,65000100-041,學府里,483,242,241,3620,1729,1891,735,312,423,110Y12M
65000,新北市,65000100,淡水區,65000100-042,大庄里,1106,605,501,7764,3524,4240,1848,812,1036,110Y12M
65000,新北市,65000110,汐止區,65000110-001,義民里,103,51,52,940,470,470,321,145,176,110Y12M
65000,新北市,65000110,汐止區,65000110-002,禮門里,112,57,55,804,391,413,231,107,124,110Y12M
65000,新北市,65000110,汐止區,65000110-003,智慧里,482,269,213,3652,1701,1951,719,304,415,110Y12M
65000,新北市,65000110,汐止區,65000110-004,信望里,20,13,7,222,126,96,105,48,57,110Y12M
65000,新北市,65000110,汐止區,65000110-005,橋東里,496,253,243,2552,1222,1330,459,187,272,110Y12M
65000,新北市,65000110,汐止區,65000110-006,秀峰里,698,347,351,4100,2262,1838,952,439,513,110Y12M
65000,新北市,65000110,汐止區,65000110-007,新昌里,708,376,332,3964,1941,2023,979,409,570,110Y12M
65000,新北市,65000110,汐止區,65000110-008,復興里,827,430,397,5402,2519,2883,1081,454,627,110Y12M
65000,新北市,65000110,汐止區,65000110-009,茄苳里,618,339,279,3550,1799,1751,597,267,330,110Y12M
65000,新北市,65000110,汐止區,65000110-010,長安里,149,72,77,1182,608,574,339,148,191,110Y12M
65000,新北市,65000110,汐止區,65000110-011,保安里,149,72,77,1238,634,604,313,148,165,110Y12M
65000,新北市,65000110,汐止區,65000110-012,保長里,639,334,305,3709,1845,1864,656,274,382,110Y12M
65000,新北市,65000110,汐止區,65000110-013,鄉長里,182,104,78,1748,886,862,387,187,200,110Y12M
65000,新北市,65000110,汐止區,65000110-014,江北里,602,332,270,4696,2436,2260,946,438,508,110Y12M
65000,新北市,65000110,汐止區,65000110-015,拱北里,505,256,249,3978,2054,1924,825,391,434,110Y12M
65000,新北市,65000110,汐止區,65000110-016,烘內里,95,53,42,1122,594,528,348,175,173,110Y12M
65000,新北市,65000110,汐止區,65000110-017,八連里,66,32,34,733,393,340,223,124,99,110Y12M
65000,新北市,65000110,汐止區,65000110-018,樟樹里,160,106,54,1584,843,741,438,199,239,110Y12M
65000,新北市,65000110,汐止區,65000110-019,北峰里,467,241,226,3882,1988,1894,806,343,463,110Y12M
65000,新北市,65000110,汐止區,65000110-020,北山里,432,231,201,4432,2112,2320,977,424,553,110Y12M
65000,新北市,65000110,汐止區,65000110-021,白雲里,515,282,233,3344,1695,1649,724,314,410,110Y12M
65000,新北市,65000110,汐止區,65000110-022,橫科里,385,202,183,3363,1714,1649,962,401,561,110Y12M
65000,新北市,65000110,汐止區,65000110-023,東山里,60,31,29,434,224,210,131,72,59,110Y12M
65000,新北市,65000110,汐止區,65000110-024,福山里,288,139,149,2582,1250,1332,857,355,502,110Y12M
65000,新北市,65000110,汐止區,65000110-025,宜興里,251,127,124,2008,956,1052,734,305,429,110Y12M
65000,新北市,65000110,汐止區,65000110-026,中興里,593,321,272,6249,3095,3154,1124,463,661,110Y12M
65000,新北市,65000110,汐止區,65000110-027,湖光里,483,229,254,4844,2366,2478,946,378,568,110Y12M
65000,新北市,65000110,汐止區,65000110-028,仁德里,136,72,64,1336,664,672,401,163,238,110Y12M
65000,新北市,65000110,汐止區,65000110-029,厚德里,687,364,323,6042,3035,3007,961,415,546,110Y12M
65000,新北市,65000110,汐止區,65000110-030,忠孝里,666,356,310,6451,3138,3313,1184,499,685,110Y12M
65000,新北市,65000110,汐止區,65000110-031,自強里,899,459,440,4512,2160,2352,791,322,469,110Y12M
65000,新北市,65000110,汐止區,65000110-032,文化里,583,300,283,3611,1764,1847,666,283,383,110Y12M
65000,新北市,65000110,汐止區,65000110-033,金龍里,447,237,210,4205,2068,2137,819,321,498,110Y12M
65000,新北市,65000110,汐止區,65000110-034,福德里,245,131,114,2672,1292,1380,499,209,290,110Y12M
65000,新北市,65000110,汐止區,65000110-035,興福里,205,92,113,2521,1242,1279,477,203,274,110Y12M
65000,新北市,65000110,汐止區,65000110-036,康福里,380,193,187,4257,2008,2249,617,247,370,110Y12M
65000,新北市,65000110,汐止區,65000110-037,忠山里,174,81,93,2324,1120,1204,785,361,424,110Y12M
65000,新北市,65000110,汐止區,65000110-038,環河里,90,43,47,918,486,432,255,145,110,110Y12M
65000,新北市,65000110,汐止區,65000110-039,東勢里,427,227,200,3554,1751,1803,827,376,451,110Y12M
65000,新北市,65000110,汐止區,65000110-040,山光里,261,139,122,2406,1172,1234,362,159,203,110Y12M
65000,新北市,65000110,汐止區,65000110-041,大同里,289,133,156,2189,1044,1145,432,180,252,110Y12M
65000,新北市,65000110,汐止區,65000110-042,崇德里,699,357,342,3892,1952,1940,706,295,411,110Y12M
65000,新北市,65000110,汐止區,65000110-043,湖興里,488,267,221,4960,2501,2459,1114,510,604,110Y12M
65000,新北市,65000110,汐止區,65000110-044,長青里,55,27,28,575,273,302,301,136,165,110Y12M
65000,新北市,65000110,汐止區,65000110-045,福安里,1325,650,675,5271,2550,2721,699,303,396,110Y12M
65000,新北市,65000110,汐止區,65000110-046,秀山里,616,324,292,3489,1723,1766,695,326,369,110Y12M
65000,新北市,65000110,汐止區,65000110-047,建成里,619,350,269,4091,1897,2194,707,265,442,110Y12M
65000,新北市,65000110,汐止區,65000110-048,城中里,506,262,244,3614,1704,1910,651,248,403,110Y12M
65000,新北市,65000110,汐止區,65000110-049,湖蓮里,224,125,99,2033,951,1082,562,234,328,110Y12M
65000,新北市,65000110,汐止區,65000110-050,保新里,227,131,96,2310,1149,1161,419,180,239,110Y12M
65000,新北市,65000120,瑞芳區,65000120-001,龍潭里,71,33,38,545,278,267,197,90,107,110Y12M
65000,新北市,65000120,瑞芳區,65000120-002,龍興里,240,109,131,1467,762,705,465,203,262,110Y12M
65000,新北市,65000120,瑞芳區,65000120-003,龍鎮里,87,43,44,932,479,453,300,126,174,110Y12M
65000,新北市,65000120,瑞芳區,65000120-004,龍川里,182,91,91,1308,644,664,326,142,184,110Y12M
65000,新北市,65000120,瑞芳區,65000120-005,龍山里,110,63,47,1063,588,475,279,120,159,110Y12M
65000,新北市,65000120,瑞芳區,65000120-006,龍安里,64,29,35,470,247,223,144,63,81,110Y12M
65000,新北市,65000120,瑞芳區,65000120-007,爪■里,428,211,217,2899,1460,1439,782,339,443,110Y12M
65000,新北市,65000120,瑞芳區,65000120-008,柑坪里,109,54,55,867,481,386,221,92,129,110Y12M
65000,新北市,65000120,瑞芳區,65000120-009,東和里,197,113,84,1278,660,618,373,142,231,110Y12M
65000,新北市,65000120,瑞芳區,65000120-010,上天里,107,51,56,992,569,423,306,134,172,110Y12M
65000,新北市,65000120,瑞芳區,65000120-011,吉慶里,135,67,68,1391,749,642,314,148,166,110Y12M
65000,新北市,65000120,瑞芳區,65000120-012,吉安里,289,147,142,2422,1282,1140,602,251,351,110Y12M
65000,新北市,65000120,瑞芳區,65000120-013,傑魚里,223,116,107,1559,829,730,375,173,202,110Y12M
65000,新北市,65000120,瑞芳區,65000120-014,猴硐里,35,14,21,331,194,137,108,54,54,110Y12M
65000,新北市,65000120,瑞芳區,65000120-015,光復里,14,9,5,152,87,65,85,47,38,110Y12M
65000,新北市,65000120,瑞芳區,65000120-016,弓橋里,9,4,5,194,109,85,68,41,27,110Y12M
65000,新北市,65000120,瑞芳區,65000120-017,碩仁里,3,0,3,100,57,43,35,22,13,110Y12M
65000,新北市,65000120,瑞芳區,65000120-018,基山里,27,8,19,278,159,119,138,62,76,110Y12M
65000,新北市,65000120,瑞芳區,65000120-019,永慶里,28,17,11,282,162,120,136,56,80,110Y12M
65000,新北市,65000120,瑞芳區,65000120-020,崇文里,12,7,5,196,117,79,100,36,64,110Y12M
65000,新北市,65000120,瑞芳區,65000120-021,福住里,11,8,3,112,64,48,49,23,26,110Y12M
65000,新北市,65000120,瑞芳區,65000120-022,頌德里,17,11,6,217,129,88,101,37,64,110Y12M
65000,新北市,65000120,瑞芳區,65000120-023,新山里,15,9,6,236,139,97,114,50,64,110Y12M
65000,新北市,65000120,瑞芳區,65000120-024,瓜山里,6,4,2,102,50,52,59,29,30,110Y12M
65000,新北市,65000120,瑞芳區,65000120-025,銅山里,4,1,3,109,73,36,71,31,40,110Y12M
65000,新北市,65000120,瑞芳區,65000120-026,石山里,16,11,5,191,114,77,118,52,66,110Y12M
65000,新北市,65000120,瑞芳區,65000120-027,■新里,20,8,12,204,105,99,77,30,47,110Y12M
65000,新北市,65000120,瑞芳區,65000120-028,■洞里,24,12,12,318,162,156,137,47,90,110Y12M
65000,新北市,65000120,瑞芳區,65000120-029,海濱里,68,35,33,1027,498,529,237,102,135,110Y12M
65000,新北市,65000120,瑞芳區,65000120-030,瑞濱里,188,98,90,1550,756,794,375,168,207,110Y12M
65000,新北市,65000120,瑞芳區,65000120-031,深澳里,111,58,53,1049,513,536,259,102,157,110Y12M
65000,新北市,65000120,瑞芳區,65000120-032,南雅里,6,5,1,206,105,101,56,28,28,110Y12M
65000,新北市,65000120,瑞芳區,65000120-033,鼻頭里,47,23,24,694,360,334,162,70,92,110Y12M
65000,新北市,65000120,瑞芳區,65000120-034,新峰里,431,216,215,2730,1405,1325,475,205,270,110Y12M
65000,新北市,65000130,土城區,65000130-001,埤塘里,441,231,210,4345,2550,1795,814,481,333,110Y12M
65000,新北市,65000130,土城區,65000130-002,土城里,267,129,138,1517,749,768,381,165,216,110Y12M
65000,新北市,65000130,土城區,65000130-003,員林里,986,494,492,5711,2711,3000,1014,466,548,110Y12M
65000,新北市,65000130,土城區,65000130-004,員仁里,672,343,329,4249,2098,2151,833,378,455,110Y12M
65000,新北市,65000130,土城區,65000130-005,長風里,192,95,97,1524,762,762,367,148,219,110Y12M
65000,新北市,65000130,土城區,65000130-006,日新里,552,303,249,3337,1631,1706,845,404,441,110Y12M
65000,新北市,65000130,土城區,65000130-007,日和里,977,502,475,5229,2535,2694,934,435,499,110Y12M
65000,新北市,65000130,土城區,65000130-008,貨饒里,584,314,270,3516,1689,1827,672,323,349,110Y12M
65000,新北市,65000130,土城區,65000130-009,柑林里,603,298,305,2982,1422,1560,416,184,232,110Y12M
65000,新北市,65000130,土城區,65000130-010,埤林里,1057,531,526,6558,3136,3422,1012,490,522,110Y12M
65000,新北市,65000130,土城區,65000130-011,瑞興里,328,172,156,2208,1100,1108,598,259,339,110Y12M
65000,新北市,65000130,土城區,65000130-012,清水里,846,433,413,6297,3085,3212,1039,499,540,110Y12M
65000,新北市,65000130,土城區,65000130-013,清和里,672,336,336,4912,2475,2437,916,424,492,110Y12M
65000,新北市,65000130,土城區,65000130-014,永豐里,592,317,275,3327,1627,1700,613,284,329,110Y12M
65000,新北市,65000130,土城區,65000130-015,清化里,135,74,61,1188,637,551,293,146,147,110Y12M
65000,新北市,65000130,土城區,65000130-016,清溪里,779,383,396,5111,2520,2591,1063,487,576,110Y12M
65000,新北市,65000130,土城區,65000130-017,■廷里,893,493,400,5678,2808,2870,1008,491,517,110Y12M
65000,新北市,65000130,土城區,65000130-018,平和里,823,414,409,5422,2625,2797,930,444,486,110Y12M
65000,新北市,65000130,土城區,65000130-019,廷寮里,551,282,269,3826,1913,1913,648,319,329,110Y12M
65000,新北市,65000130,土城區,65000130-020,大安里,636,332,304,3661,1816,1845,801,395,406,110Y12M
65000,新北市,65000130,土城區,65000130-021,永寧里,1213,644,569,6394,3198,3196,1115,517,598,110Y12M
65000,新北市,65000130,土城區,65000130-022,沛陂里,595,321,274,3737,1872,1865,636,301,335,110Y12M
65000,新北市,65000130,土城區,65000130-023,頂埔里,531,271,260,3894,1920,1974,729,328,401,110Y12M
65000,新北市,65000130,土城區,65000130-024,頂福里,704,370,334,4072,2034,2038,796,372,424,110Y12M
65000,新北市,65000130,土城區,65000130-025,頂新里,508,264,244,2233,1067,1166,409,172,237,110Y12M
65000,新北市,65000130,土城區,65000130-026,祖田里,181,93,88,1237,640,597,254,132,122,110Y12M
65000,新北市,65000130,土城區,65000130-027,樂利里,478,245,233,3863,1851,2012,743,356,387,110Y12M
65000,新北市,65000130,土城區,65000130-028,廣福里,722,379,343,4404,2151,2253,695,332,363,110Y12M
65000,新北市,65000130,土城區,65000130-029,學府里,493,245,248,2664,1260,1404,488,235,253,110Y12M
65000,新北市,65000130,土城區,65000130-030,延壽里,503,262,241,3290,1669,1621,688,333,355,110Y12M
65000,新北市,65000130,土城區,65000130-031,安和里,584,318,266,3805,1867,1938,638,290,348,110Y12M
65000,新北市,65000130,土城區,65000130-032,青雲里,395,194,201,2459,1192,1267,481,220,261,110Y12M
65000,新北市,65000130,土城區,65000130-033,員福里,603,291,312,4118,2119,1999,849,388,461,110Y12M
65000,新北市,65000130,土城區,65000130-034,延吉里,498,269,229,3243,1634,1609,710,328,382,110Y12M
65000,新北市,65000130,土城區,65000130-035,復興里,480,249,231,3357,1672,1685,694,315,379,110Y12M
65000,新北市,65000130,土城區,65000130-036,裕生里,659,312,347,4126,2035,2091,864,384,480,110Y12M
65000,新北市,65000130,土城區,65000130-037,員信里,535,281,254,3303,1606,1697,665,325,340,110Y12M
65000,新北市,65000130,土城區,65000130-038,永富里,648,318,330,4371,2191,2180,734,314,420,110Y12M
65000,新北市,65000130,土城區,65000130-039,學成里,412,224,188,2513,1205,1308,446,223,223,110Y12M
65000,新北市,65000130,土城區,65000130-040,延和里,896,455,441,5176,2474,2702,914,418,496,110Y12M
65000,新北市,65000130,土城區,65000130-041,中正里,436,222,214,2524,1189,1335,399,186,213,110Y12M
65000,新北市,65000130,土城區,65000130-042,學士里,636,342,294,3847,1838,2009,544,251,293,110Y12M
65000,新北市,65000130,土城區,65000130-043,明德里,721,360,361,4678,2170,2508,646,274,372,110Y12M
65000,新北市,65000130,土城區,65000130-044,廣興里,482,247,235,2685,1260,1425,425,196,229,110Y12M
65000,新北市,65000130,土城區,65000130-045,青山里,420,199,221,2162,1092,1070,534,267,267,110Y12M
65000,新北市,65000130,土城區,65000130-046,金城里,682,367,315,4852,2290,2562,680,287,393,110Y12M
65000,新北市,65000130,土城區,65000130-047,延祿里,485,277,208,3211,1587,1624,609,275,334,110Y12M
65000,新北市,65000140,蘆洲區,65000140-001,正義里,3257,1693,1564,11045,5196,5849,1224,540,684,110Y12M
65000,新北市,65000140,蘆洲區,65000140-002,中原里,971,520,451,4626,2224,2402,775,350,425,110Y12M
65000,新北市,65000140,蘆洲區,65000140-003,中路里,519,275,244,3136,1581,1555,592,261,331,110Y12M
65000,新北市,65000140,蘆洲區,65000140-004,光華里,624,325,299,4027,1925,2102,827,360,467,110Y12M
65000,新北市,65000140,蘆洲區,65000140-005,保佑里,470,256,214,2786,1389,1397,651,292,359,110Y12M
65000,新北市,65000140,蘆洲區,65000140-006,水湳里,1288,662,626,8360,4104,4256,1221,552,669,110Y12M
65000,新北市,65000140,蘆洲區,65000140-007,樓厝里,753,391,362,5204,2526,2678,879,391,488,110Y12M
65000,新北市,65000140,蘆洲區,65000140-008,鷺江里,675,343,332,4242,2101,2141,743,329,414,110Y12M
65000,新北市,65000140,蘆洲區,65000140-009,恆德里,622,320,302,4737,2294,2443,983,404,579,110Y12M
65000,新北市,65000140,蘆洲區,65000140-010,溪墘里,378,201,177,2292,1117,1175,588,254,334,110Y12M
65000,新北市,65000140,蘆洲區,65000140-011,樹德里,323,175,148,2395,1229,1166,557,245,312,110Y12M
65000,新北市,65000140,蘆洲區,65000140-012,保和里,276,144,132,1932,950,982,458,214,244,110Y12M
65000,新北市,65000140,蘆洲區,65000140-013,仁復里,249,145,104,1549,762,787,415,180,235,110Y12M
65000,新北市,65000140,蘆洲區,65000140-014,得勝里,315,164,151,2463,1224,1239,627,275,352,110Y12M
65000,新北市,65000140,蘆洲區,65000140-015,南港里,926,479,447,4698,2309,2389,642,270,372,110Y12M
65000,新北市,65000140,蘆洲區,65000140-016,永樂里,991,513,478,4969,2475,2494,654,307,347,110Y12M
65000,新北市,65000140,蘆洲區,65000140-017,永康里,913,472,441,5510,2632,2878,680,294,386,110Y12M
65000,新北市,65000140,蘆洲區,65000140-018,信義里,518,277,241,3025,1504,1521,653,313,340,110Y12M
65000,新北市,65000140,蘆洲區,65000140-019,玉清里,721,383,338,4689,2299,2390,799,335,464,110Y12M
65000,新北市,65000140,蘆洲區,65000140-020,復興里,359,195,164,2774,1382,1392,524,245,279,110Y12M
65000,新北市,65000140,蘆洲區,65000140-021,水河里,1105,600,505,7621,3737,3884,1063,468,595,110Y12M
65000,新北市,65000140,蘆洲區,65000140-022,仁愛里,560,292,268,4159,2020,2139,668,322,346,110Y12M
65000,新北市,65000140,蘆洲區,65000140-023,忠義里,410,229,181,2574,1236,1338,414,183,231,110Y12M
65000,新北市,65000140,蘆洲區,65000140-024,九芎里,602,300,302,4311,2132,2179,678,288,390,110Y12M
65000,新北市,65000140,蘆洲區,65000140-025,中華里,414,227,187,2408,1171,1237,598,264,334,110Y12M
65000,新北市,65000140,蘆洲區,65000140-026,得仁里,333,168,165,2267,1111,1156,507,240,267,110Y12M
65000,新北市,65000140,蘆洲區,65000140-027,仁德里,760,397,363,4181,2054,2127,780,386,394,110Y12M
65000,新北市,65000140,蘆洲區,65000140-028,仁義里,499,266,233,4216,2305,1911,798,430,368,110Y12M
65000,新北市,65000140,蘆洲區,65000140-029,光明里,662,342,320,3690,1800,1890,689,316,373,110Y12M
65000,新北市,65000140,蘆洲區,65000140-030,保新里,522,297,225,3034,1440,1594,548,268,280,110Y12M
65000,新北市,65000140,蘆洲區,65000140-031,長安里,578,276,302,4153,2097,2056,617,281,336,110Y12M
65000,新北市,65000140,蘆洲區,65000140-032,民和里,234,123,111,1993,1018,975,485,205,280,110Y12M
65000,新北市,65000140,蘆洲區,65000140-033,忠孝里,297,153,144,1920,952,968,314,143,171,110Y12M
65000,新北市,65000140,蘆洲區,65000140-034,福安里,395,210,185,2537,1261,1276,400,174,226,110Y12M
65000,新北市,65000140,蘆洲區,65000140-035,永安里,668,329,339,4060,1958,2102,710,327,383,110Y12M
65000,新北市,65000140,蘆洲區,65000140-036,延平里,469,254,215,3391,1693,1698,453,207,246,110Y12M
65000,新北市,65000140,蘆洲區,65000140-037,成功里,1055,526,529,6166,3008,3158,773,322,451,110Y12M
65000,新北市,65000140,蘆洲區,65000140-038,永德里,522,283,239,3634,1780,1854,495,222,273,110Y12M
65000,新北市,65000150,五股區,65000150-001,興珍里,460,233,227,3483,1795,1688,803,408,395,110Y12M
65000,新北市,65000150,五股區,65000150-002,更寮里,88,41,47,879,474,405,230,117,113,110Y12M
65000,新北市,65000150,五股區,65000150-003,集福里,388,205,183,3003,1545,1458,603,266,337,110Y12M
65000,新北市,65000150,五股區,65000150-004,觀音里,116,57,59,970,550,420,315,162,153,110Y12M
65000,新北市,65000150,五股區,65000150-005,成州里,830,424,406,4849,2471,2378,816,383,433,110Y12M
65000,新北市,65000150,五股區,65000150-006,成功里,1011,529,482,6303,3068,3235,774,382,392,110Y12M
65000,新北市,65000150,五股區,65000150-007,五龍里,117,74,43,1009,571,438,285,137,148,110Y12M
65000,新北市,65000150,五股區,65000150-008,五股里,462,263,199,3309,1766,1543,696,346,350,110Y12M
65000,新北市,65000150,五股區,65000150-009,五福里,393,212,181,2741,1422,1319,453,207,246,110Y12M
65000,新北市,65000150,五股區,65000150-010,德音里,583,308,275,4299,2121,2178,630,290,340,110Y12M
65000,新北市,65000150,五股區,65000150-011,陸一里,223,119,104,1806,963,843,550,174,376,110Y12M
65000,新北市,65000150,五股區,65000150-012,貿商里,292,153,139,2190,1109,1081,558,191,367,110Y12M
65000,新北市,65000150,五股區,65000150-013,德泰里,575,305,270,3614,1770,1844,475,192,283,110Y12M
65000,新北市,65000150,五股區,65000150-014,成德里,451,222,229,2563,1304,1259,545,250,295,110Y12M
65000,新北市,65000150,五股區,65000150-015,六福里,430,212,218,3181,1572,1609,395,168,227,110Y12M
65000,新北市,65000150,五股區,65000150-016,集賢里,525,274,251,3314,1649,1665,548,262,286,110Y12M
65000,新北市,65000150,五股區,65000150-017,民義里,500,272,228,2806,1406,1400,525,252,273,110Y12M
65000,新北市,65000150,五股區,65000150-018,成泰里,1605,841,764,9087,4543,4544,972,459,513,110Y12M
65000,新北市,65000150,五股區,65000150-019,水碓里,1011,545,466,6308,3128,3180,934,429,505,110Y12M
65000,新北市,65000150,五股區,65000150-020,福德里,443,224,219,2704,1345,1359,437,209,228,110Y12M
65000,新北市,65000160,泰山區,65000160-001,大科里,93,52,41,706,392,314,141,68,73,110Y12M
65000,新北市,65000160,泰山區,65000160-002,黎明里,445,229,216,2721,1333,1388,455,205,250,110Y12M
65000,新北市,65000160,泰山區,65000160-003,山腳里,934,498,436,5203,2624,2579,962,443,519,110Y12M
65000,新北市,65000160,泰山區,65000160-004,福泰里,298,157,141,2047,1059,988,551,258,293,110Y12M
65000,新北市,65000160,泰山區,65000160-005,楓樹里,563,286,277,3353,1726,1627,680,295,385,110Y12M
65000,新北市,65000160,泰山區,65000160-006,同榮里,522,269,253,3071,1529,1542,679,306,373,110Y12M
65000,新北市,65000160,泰山區,65000160-007,義學里,681,354,327,3700,1858,1842,646,284,362,110Y12M
65000,新北市,65000160,泰山區,65000160-008,明志里,465,231,234,2869,1396,1473,608,307,301,110Y12M
65000,新北市,65000160,泰山區,65000160-009,貴子里,474,255,219,3026,1518,1508,655,293,362,110Y12M
65000,新北市,65000160,泰山區,65000160-010,貴和里,646,302,344,3742,1857,1885,818,378,440,110Y12M
65000,新北市,65000160,泰山區,65000160-011,同興里,668,331,337,2814,1374,1440,576,269,307,110Y12M
65000,新北市,65000160,泰山區,65000160-012,義仁里,1339,703,636,6382,3146,3236,983,442,541,110Y12M
65000,新北市,65000160,泰山區,65000160-013,泰友里,212,103,109,1519,752,767,354,159,195,110Y12M
65000,新北市,65000160,泰山區,65000160-014,新明里,381,193,188,2417,1191,1226,541,258,283,110Y12M
65000,新北市,65000160,泰山區,65000160-015,貴賢里,395,216,179,2676,1291,1385,732,341,391,110Y12M
65000,新北市,65000160,泰山區,65000160-016,福興里,472,263,209,2724,1318,1406,554,246,308,110Y12M
65000,新北市,65000160,泰山區,65000160-017,全興里,1820,942,878,7334,3570,3764,804,338,466,110Y12M
65000,新北市,65000170,林口區,65000170-001,東林里,490,259,231,3017,1544,1473,639,295,344,110Y12M
65000,新北市,65000170,林口區,65000170-002,林口里,671,333,338,4223,2101,2122,787,347,440,110Y12M
65000,新北市,65000170,林口區,65000170-003,西林里,1922,991,931,8575,4274,4301,1423,661,762,110Y12M
65000,新北市,65000170,林口區,65000170-004,菁湖里,536,269,267,3150,1620,1530,708,308,400,110Y12M
65000,新北市,65000170,林口區,65000170-005,中湖里,727,360,367,3758,1885,1873,652,310,342,110Y12M
65000,新北市,65000170,林口區,65000170-006,湖北里,173,95,78,1123,605,518,284,155,129,110Y12M
65000,新北市,65000170,林口區,65000170-007,湖南里,6022,3106,2916,18635,8783,9852,3123,1414,1709,110Y12M
65000,新北市,65000170,林口區,65000170-008,南勢里,6216,3217,2999,19147,8884,10263,2652,1209,1443,110Y12M
65000,新北市,65000170,林口區,65000170-009,東勢里,1258,662,596,5637,2714,2923,1126,516,610,110Y12M
65000,新北市,65000170,林口區,65000170-010,頂福里,127,72,55,775,436,339,247,128,119,110Y12M
65000,新北市,65000170,林口區,65000170-011,下福里,170,87,83,1035,553,482,238,114,124,110Y12M
65000,新北市,65000170,林口區,65000170-012,嘉寶里,115,62,53,750,400,350,197,110,87,110Y12M
65000,新北市,65000170,林口區,65000170-013,瑞平里,115,65,50,617,351,266,169,86,83,110Y12M
65000,新北市,65000170,林口區,65000170-014,太平里,272,138,134,1267,638,629,251,101,150,110Y12M
65000,新北市,65000170,林口區,65000170-015,仁愛里,1253,652,601,5377,2547,2830,907,385,522,110Y12M
65000,新北市,65000170,林口區,65000170-016,麗林里,1803,942,861,7153,3355,3798,848,354,494,110Y12M
65000,新北市,65000170,林口區,65000170-017,麗園里,525,274,251,3123,1533,1590,620,283,337,110Y12M
65000,新北市,65000180,深坑區,65000180-001,深坑里,322,160,162,2613,1302,1311,587,257,330,110Y12M
65000,新北市,65000180,深坑區,65000180-002,萬順里,181,83,98,1923,992,931,451,195,256,110Y12M
65000,新北市,65000180,深坑區,65000180-003,土庫里,300,157,143,2311,1186,1125,518,241,277,110Y12M
65000,新北市,65000180,深坑區,65000180-004,昇高里,220,125,95,1543,794,749,406,214,192,110Y12M
65000,新北市,65000180,深坑區,65000180-005,阿柔里,55,29,26,429,245,184,142,74,68,110Y12M
65000,新北市,65000180,深坑區,65000180-006,埔新里,643,336,307,5040,2465,2575,858,368,490,110Y12M
65000,新北市,65000180,深坑區,65000180-007,萬福里,208,113,95,1995,1020,975,544,246,298,110Y12M
65000,新北市,65000180,深坑區,65000180-008,賴仲里,189,97,92,1772,911,861,396,184,212,110Y12M
65000,新北市,65000190,石碇區,65000190-001,石碇里,33,22,11,296,157,139,91,46,45,110Y12M
65000,新北市,65000190,石碇區,65000190-002,潭邊里,46,20,26,594,331,263,227,109,118,110Y12M
65000,新北市,65000190,石碇區,65000190-003,隆盛里,54,31,23,515,290,225,164,92,72,110Y12M
65000,新北市,65000190,石碇區,65000190-004,烏塗里,32,21,11,429,251,178,179,100,79,110Y12M
65000,新北市,65000190,石碇區,65000190-005,彭山里,14,4,10,227,133,94,79,42,37,110Y12M
65000,新北市,65000190,石碇區,65000190-006,豐田里,23,17,6,269,158,111,131,70,61,110Y12M
65000,新北市,65000190,石碇區,65000190-007,永定里,37,18,19,477,279,198,139,61,78,110Y12M
65000,新北市,65000190,石碇區,65000190-008,中民里,42,18,24,576,364,212,167,77,90,110Y12M
65000,新北市,65000190,石碇區,65000190-009,光明里,11,4,7,181,107,74,81,45,36,110Y12M
65000,新北市,65000190,石碇區,65000190-010,豐林里,22,13,9,238,130,108,71,36,35,110Y12M
65000,新北市,65000190,石碇區,65000190-011,永安里,104,59,45,630,315,315,201,104,97,110Y12M
65000,新北市,65000190,石碇區,65000190-012,格頭里,86,41,45,727,375,352,294,157,137,110Y12M
65000,新北市,65000200,坪林區,65000200-001,粗窟里,53,30,23,620,357,263,254,120,134,110Y12M
65000,新北市,65000200,坪林區,65000200-002,坪林里,148,76,72,1003,547,456,346,173,173,110Y12M
65000,新北市,65000200,坪林區,65000200-003,大林里,87,45,42,812,451,361,370,210,160,110Y12M
65000,新北市,65000200,坪林區,65000200-004,石■里,15,6,9,300,166,134,130,63,67,110Y12M
65000,新北市,65000200,坪林區,65000200-005,上德里,51,25,26,608,366,242,237,116,121,110Y12M
65000,新北市,65000200,坪林區,65000200-006,水德里,41,21,20,459,250,209,190,98,92,110Y12M
65000,新北市,65000200,坪林區,65000200-007,漁光里,36,18,18,529,291,238,330,163,167,110Y12M
65000,新北市,65000210,三芝區,65000210-001,八賢里,22,13,9,218,118,100,88,51,37,110Y12M
65000,新北市,65000210,三芝區,65000210-002,埔頭里,582,281,301,4132,2056,2076,812,374,438,110Y12M
65000,新北市,65000210,三芝區,65000210-003,古庄里,69,39,30,834,451,383,314,153,161,110Y12M
65000,新北市,65000210,三芝區,65000210-004,新庄里,67,34,33,557,304,253,231,110,121,110Y12M
65000,新北市,65000210,三芝區,65000210-005,埔坪里,713,361,352,5169,2650,2519,1204,547,657,110Y12M
65000,新北市,65000210,三芝區,65000210-006,茂長里,39,20,19,463,251,212,149,67,82,110Y12M
65000,新北市,65000210,三芝區,65000210-007,橫山里,33,16,17,328,204,124,148,74,74,110Y12M
65000,新北市,65000210,三芝區,65000210-008,錫板里,54,26,28,447,276,171,211,117,94,110Y12M
65000,新北市,65000210,三芝區,65000210-009,後厝里,94,50,44,1464,736,728,583,281,302,110Y12M
65000,新北市,65000210,三芝區,65000210-010,福德里,74,43,31,596,295,301,187,105,82,110Y12M
65000,新北市,65000210,三芝區,65000210-011,圓山里,33,17,16,413,239,174,133,70,63,110Y12M
65000,新北市,65000210,三芝區,65000210-012,店子里,29,14,15,421,240,181,161,85,76,110Y12M
65000,新北市,65000210,三芝區,65000210-013,興華里,78,40,38,906,503,403,301,157,144,110Y12M
65000,新北市,65000220,石門區,65000220-001,德茂里,113,56,57,909,490,419,215,106,109,110Y12M
65000,新北市,65000220,石門區,65000220-002,富基里,113,48,65,1064,534,530,288,132,156,110Y12M
65000,新北市,65000220,石門區,65000220-003,老梅里,154,89,65,1675,848,827,434,222,212,110Y12M
65000,新北市,65000220,石門區,65000220-004,山溪里,64,34,30,667,374,293,203,116,87,110Y12M
65000,新北市,65000220,石門區,65000220-005,石門里,132,72,60,1238,635,603,324,160,164,110Y12M
65000,新北市,65000220,石門區,65000220-006,尖鹿里,133,75,58,1201,639,562,293,150,143,110Y12M
65000,新北市,65000220,石門區,65000220-007,乾華里,13,7,6,223,130,93,85,48,37,110Y12M
65000,新北市,65000220,石門區,65000220-008,茂林里,35,21,14,452,239,213,134,74,60,110Y12M
65000,新北市,65000220,石門區,65000220-009,草里里,96,41,55,750,391,359,185,97,88,110Y12M
65000,新北市,65000230,八里區,65000230-001,龍源里,539,290,249,5572,2709,2863,1337,612,725,110Y12M
65000,新北市,65000230,八里區,65000230-002,米倉里,360,194,166,2723,1411,1312,646,302,344,110Y12M
65000,新北市,65000230,八里區,65000230-003,大崁里,511,276,235,2683,1374,1309,535,263,272,110Y12M
65000,新北市,65000230,八里區,65000230-004,埤頭里,532,280,252,3298,1665,1633,614,276,338,110Y12M
65000,新北市,65000230,八里區,65000230-005,頂罟里,342,170,172,1927,967,960,329,168,161,110Y12M
65000,新北市,65000230,八里區,65000230-006,舊城里,824,428,396,5805,2856,2949,947,417,530,110Y12M
65000,新北市,65000230,八里區,65000230-007,訊塘里,675,361,314,3852,1891,1961,652,275,377,110Y12M
65000,新北市,65000230,八里區,65000230-008,荖阡里,197,104,93,1410,749,661,299,136,163,110Y12M
65000,新北市,65000230,八里區,65000230-009,長坑里,212,104,108,1272,686,586,296,150,146,110Y12M
65000,新北市,65000230,八里區,65000230-010,下罟里,247,132,115,1301,658,643,241,109,132,110Y12M
65000,新北市,65000240,平溪區,65000240-001,薯榔里,18,7,11,245,153,92,119,60,59,110Y12M
65000,新北市,65000240,平溪區,65000240-002,菁桐里,11,4,7,176,109,67,65,26,39,110Y12M
65000,新北市,65000240,平溪區,65000240-003,白石里,15,6,9,159,96,63,70,31,39,110Y12M
65000,新北市,65000240,平溪區,65000240-004,石底里,26,10,16,279,164,115,146,61,85,110Y12M
65000,新北市,65000240,平溪區,65000240-005,平溪里,18,9,9,179,108,71,71,32,39,110Y12M
65000,新北市,65000240,平溪區,65000240-006,嶺腳里,29,16,13,417,245,172,179,83,96,110Y12M
65000,新北市,65000240,平溪區,65000240-007,東勢里,13,6,7,266,168,98,151,78,73,110Y12M
65000,新北市,65000240,平溪區,65000240-008,望古里,3,1,2,95,59,36,51,27,24,110Y12M
65000,新北市,65000240,平溪區,65000240-009,南山里,8,6,2,214,149,65,123,54,69,110Y12M
65000,新北市,65000240,平溪區,65000240-010,平湖里,5,4,1,100,54,46,57,28,29,110Y12M
65000,新北市,65000240,平溪區,65000240-011,十分里,36,24,12,545,336,209,283,110,173,110Y12M
65000,新北市,65000240,平溪區,65000240-012,新寮里,9,7,2,95,60,35,57,32,25,110Y12M
65000,新北市,65000250,雙溪區,65000250-001,雙溪里,33,17,16,300,157,143,150,69,81,110Y12M
65000,新北市,65000250,雙溪區,65000250-002,共和里,11,5,6,255,148,107,102,41,61,110Y12M
65000,新北市,65000250,雙溪區,65000250-003,新基里,53,29,24,506,287,219,240,112,128,110Y12M
65000,新北市,65000250,雙溪區,65000250-004,魚行里,33,21,12,456,262,194,217,117,100,110Y12M
65000,新北市,65000250,雙溪區,65000250-005,三港里,22,10,12,210,136,74,130,64,66,110Y12M
65000,新北市,65000250,雙溪區,65000250-006,牡丹里,92,47,45,995,593,402,453,183,270,110Y12M
65000,新北市,65000250,雙溪區,65000250-007,三貂里,16,7,9,227,134,93,96,52,44,110Y12M
65000,新北市,65000250,雙溪區,65000250-008,平林里,65,36,29,653,383,270,240,106,134,110Y12M
65000,新北市,65000250,雙溪區,65000250-009,上林里,40,14,26,410,263,147,184,87,97,110Y12M
65000,新北市,65000250,雙溪區,65000250-010,外柑里,13,8,5,263,165,98,135,69,66,110Y12M
65000,新北市,65000250,雙溪區,65000250-011,長源里,18,12,6,232,156,76,118,50,68,110Y12M
65000,新北市,65000250,雙溪區,65000250-012,泰平里,106,57,49,843,421,422,318,159,159,110Y12M
65000,新北市,65000260,貢寮區,65000260-001,貢寮里,44,24,20,588,296,292,245,111,134,110Y12M
65000,新北市,65000260,貢寮區,65000260-002,吉林里,19,12,7,325,205,120,138,81,57,110Y12M
65000,新北市,65000260,貢寮區,65000260-003,雙玉里,31,18,13,437,263,174,197,106,91,110Y12M
65000,新北市,65000260,貢寮區,65000260-004,龍崗里,12,6,6,283,167,116,127,70,57,110Y12M
65000,新北市,65000260,貢寮區,65000260-005,龍門里,25,14,11,475,240,235,170,73,97,110Y12M
65000,新北市,65000260,貢寮區,65000260-006,福隆里,87,52,35,1206,618,588,421,170,251,110Y12M
65000,新北市,65000260,貢寮區,65000260-007,仁里里,130,63,67,1370,701,669,358,159,199,110Y12M
65000,新北市,65000260,貢寮區,65000260-008,真理里,135,72,63,1571,782,789,444,198,246,110Y12M
65000,新北市,65000260,貢寮區,65000260-009,福連里,32,18,14,671,320,351,216,86,130,110Y12M
65000,新北市,65000260,貢寮區,65000260-010,美豐里,37,25,12,492,305,187,226,112,114,110Y12M
65000,新北市,65000260,貢寮區,65000260-011,和美里,44,19,25,751,408,343,227,97,130,110Y12M
65000,新北市,65000270,金山區,65000270-001,和平里,35,16,19,356,176,180,107,51,56,110Y12M
65000,新北市,65000270,金山區,65000270-002,大同里,42,18,24,533,253,280,176,88,88,110Y12M
65000,新北市,65000270,金山區,65000270-003,豐漁里,53,28,25,422,217,205,96,47,49,110Y12M
65000,新北市,65000270,金山區,65000270-004,磺港里,128,68,60,1412,727,685,359,165,194,110Y12M
65000,新北市,65000270,金山區,65000270-005,美田里,514,268,246,3333,1559,1774,605,277,328,110Y12M
65000,新北市,65000270,金山區,65000270-006,五湖里,162,81,81,1353,713,640,334,159,175,110Y12M
65000,新北市,65000270,金山區,65000270-007,重和里,56,35,21,882,441,441,304,141,163,110Y12M
65000,新北市,65000270,金山區,65000270-008,兩湖里,23,11,12,297,167,130,88,45,43,110Y12M
65000,新北市,65000270,金山區,65000270-009,六股里,44,19,25,526,283,243,142,80,62,110Y12M
65000,新北市,65000270,金山區,65000270-010,三界里,40,21,19,466,222,244,162,70,92,110Y12M
65000,新北市,65000270,金山區,65000270-011,清泉里,63,28,35,629,350,279,197,95,102,110Y12M
65000,新北市,65000270,金山區,65000270-012,萬壽里,34,16,18,346,167,179,117,54,63,110Y12M
65000,新北市,65000270,金山區,65000270-013,西湖里,6,5,1,128,84,44,48,21,27,110Y12M
65000,新北市,65000270,金山區,65000270-014,永興里,37,17,20,408,213,195,167,93,74,110Y12M
65000,新北市,65000270,金山區,65000270-015,金美里,503,264,239,4251,2022,2229,860,372,488,110Y12M
65000,新北市,65000280,萬里區,65000280-001,萬里里,477,266,211,3651,1808,1843,772,341,431,110Y12M
65000,新北市,65000280,萬里區,65000280-002,龜吼里,219,99,120,1883,908,975,730,427,303,110Y12M
65000,新北市,65000280,萬里區,65000280-003,野柳里,317,153,164,2620,1262,1358,615,275,340,110Y12M
65000,新北市,65000280,萬里區,65000280-004,大鵬里,251,146,105,2187,1127,1060,573,247,326,110Y12M
65000,新北市,65000280,萬里區,65000280-005,磺潭里,62,38,24,446,236,210,144,75,69,110Y12M
65000,新北市,65000280,萬里區,65000280-006,雙興里,75,41,34,705,403,302,293,139,154,110Y12M
65000,新北市,65000280,萬里區,65000280-007,溪底里,40,23,17,434,233,201,226,129,97,110Y12M
65000,新北市,65000280,萬里區,65000280-008,崁■里,29,14,15,296,160,136,117,48,69,110Y12M
65000,新北市,65000280,萬里區,65000280-009,中幅里,136,67,69,916,469,447,212,93,119,110Y12M
65000,新北市,65000280,萬里區,65000280-010,北基里,235,123,112,2044,1009,1035,757,361,396,110Y12M
65000,新北市,65000290,烏來區,65000290-001,烏來里,379,194,185,1984,981,1003,476,209,267,110Y12M
65000,新北市,65000290,烏來區,65000290-002,忠治里,257,124,133,1339,662,677,295,132,163,110Y12M
65000,新北市,65000290,烏來區,65000290-003,福山里,162,84,78,561,273,288,85,48,37,110Y12M
65000,新北市,65000290,烏來區,65000290-004,信賢里,79,36,43,420,201,219,104,50,54,110Y12M
65000,新北市,65000290,烏來區,65000290-005,孝義里,24,17,7,169,87,82,57,31,26,110Y12M
63000,臺北市,63000010,松山區,63000010-002,莊敬里,600,295,305,3436,1685,1751,1120,501,619,110Y12M
63000,臺北市,63000010,松山區,63000010-003,東榮里,1296,686,610,4782,2203,2579,1807,798,1009,110Y12M
63000,臺北市,63000010,松山區,63000010-004,三民里,781,410,371,4170,1880,2290,1552,670,882,110Y12M
63000,臺北市,63000010,松山區,63000010-005,新益里,505,285,220,2881,1373,1508,1028,449,579,110Y12M
63000,臺北市,63000010,松山區,63000010-006,富錦里,706,355,351,3185,1451,1734,1113,491,622,110Y12M
63000,臺北市,63000010,松山區,63000010-007,新東里,640,340,300,3051,1443,1608,1099,493,606,110Y12M
63000,臺北市,63000010,松山區,63000010-008,富泰里,565,277,288,2898,1252,1646,974,398,576,110Y12M
63000,臺北市,63000010,松山區,63000010-009,介壽里,807,425,382,2671,1260,1411,902,397,505,110Y12M
63000,臺北市,63000010,松山區,63000010-010,精忠里,792,385,407,2703,1285,1418,929,411,518,110Y12M
63000,臺北市,63000010,松山區,63000010-011,東光里,595,300,295,4344,2017,2327,1734,786,948,110Y12M
63000,臺北市,63000010,松山區,63000010-012,龍田里,2252,1191,1061,6796,3099,3697,1855,817,1038,110Y12M
63000,臺北市,63000010,松山區,63000010-013,東昌里,516,251,265,1703,790,913,558,243,315,110Y12M
63000,臺北市,63000010,松山區,63000010-014,東勢里,651,340,311,2569,1167,1402,979,467,512,110Y12M
63000,臺北市,63000010,松山區,63000010-015,中華里,1209,615,594,3837,1754,2083,1348,605,743,110Y12M
63000,臺北市,63000010,松山區,63000010-016,民有里,1041,537,504,5224,2423,2801,2167,928,1239,110Y12M
63000,臺北市,63000010,松山區,63000010-017,民福里,518,249,269,3935,1866,2069,1486,660,826,110Y12M
63000,臺北市,63000010,松山區,63000010-018,慈祐里,658,344,314,5630,2748,2882,1627,805,822,110Y12M
63000,臺北市,63000010,松山區,63000010-019,安平里,800,429,371,5589,2678,2911,1681,735,946,110Y12M
63000,臺北市,63000010,松山區,63000010-020,鵬程里,489,260,229,3727,1767,1960,1102,497,605,110Y12M
63000,臺北市,63000010,松山區,63000010-021,自強里,1016,526,490,5778,2729,3049,1982,828,1154,110Y12M
63000,臺北市,63000010,松山區,63000010-022,吉祥里,860,413,447,5092,2391,2701,1846,828,1018,110Y12M
63000,臺北市,63000010,松山區,63000010-024,新聚里,815,424,391,5111,2339,2772,1657,738,919,110Y12M
63000,臺北市,63000010,松山區,63000010-025,復盛里,645,332,313,4007,1899,2108,1355,579,776,110Y12M
63000,臺北市,63000010,松山區,63000010-026,中正里,2292,1183,1109,6368,2857,3511,1560,713,847,110Y12M
63000,臺北市,63000010,松山區,63000010-027,中崙里,898,460,438,2782,1258,1524,625,286,339,110Y12M
63000,臺北市,63000010,松山區,63000010-028,美仁里,681,349,332,2223,1028,1195,686,306,380,110Y12M
63000,臺北市,63000010,松山區,63000010-029,吉仁里,747,375,372,2472,1173,1299,787,337,450,110Y12M
63000,臺北市,63000010,松山區,63000010-030,敦化里,1274,681,593,4342,2063,2279,1352,590,762,110Y12M
63000,臺北市,63000010,松山區,63000010-031,復源里,653,328,325,2167,1022,1145,605,255,350,110Y12M
63000,臺北市,63000010,松山區,63000010-032,復建里,860,465,395,3049,1413,1636,787,331,456,110Y12M
63000,臺北市,63000010,松山區,63000010-033,復勢里,983,490,493,4115,1873,2242,1234,514,720,110Y12M
63000,臺北市,63000010,松山區,63000010-034,福成里,405,207,198,1613,748,865,560,227,333,110Y12M
63000,臺北市,63000010,松山區,63000010-035,松基里,422,231,191,2224,1034,1190,845,359,486,110Y12M
63000,臺北市,63000020,信義區,63000020-001,西村里,525,285,240,3572,1817,1755,1452,698,754,110Y12M
63000,臺北市,63000020,信義區,63000020-002,正和里,618,334,284,2786,1246,1540,1010,437,573,110Y12M
63000,臺北市,63000020,信義區,63000020-003,興隆里,261,141,120,1584,758,826,681,283,398,110Y12M
63000,臺北市,63000020,信義區,63000020-004,中興里,365,175,190,2188,952,1236,706,309,397,110Y12M
63000,臺北市,63000020,信義區,63000020-005,新仁里,393,210,183,2008,948,1060,751,324,427,110Y12M
63000,臺北市,63000020,信義區,63000020-006,興雅里,536,274,262,3439,1655,1784,1340,568,772,110Y12M
63000,臺北市,63000020,信義區,63000020-007,敦厚里,622,329,293,3392,1535,1857,1017,462,555,110Y12M
63000,臺北市,63000020,信義區,63000020-008,廣居里,1193,602,591,4845,2292,2553,1532,651,881,110Y12M
63000,臺北市,63000020,信義區,63000020-009,安康里,1886,970,916,6628,3051,3577,2029,932,1097,110Y12M
63000,臺北市,63000020,信義區,63000020-010,六藝里,512,251,261,2502,1238,1264,665,291,374,110Y12M
63000,臺北市,63000020,信義區,63000020-011,雅祥里,517,272,245,3368,1643,1725,962,433,529,110Y12M
63000,臺北市,63000020,信義區,63000020-012,五常里,356,174,182,2340,1163,1177,776,336,440,110Y12M
63000,臺北市,63000020,信義區,63000020-013,五全里,442,231,211,3112,1448,1664,1005,458,547,110Y12M
63000,臺北市,63000020,信義區,63000020-014,永吉里,408,216,192,2713,1368,1345,696,322,374,110Y12M
63000,臺北市,63000020,信義區,63000020-015,長春里,358,190,168,2888,1412,1476,821,379,442,110Y12M
63000,臺北市,63000020,信義區,63000020-016,四育里,481,258,223,3583,1767,1816,1216,549,667,110Y12M
63000,臺北市,63000020,信義區,63000020-017,四維里,443,202,241,3410,1610,1800,1192,537,655,110Y12M
63000,臺北市,63000020,信義區,63000020-018,永春里,477,240,237,3247,1632,1615,1059,443,616,110Y12M
63000,臺北市,63000020,信義區,63000020-019,富台里,548,291,257,3088,1428,1660,782,329,453,110Y12M
63000,臺北市,63000020,信義區,63000020-020,國業里,1227,645,582,4886,2319,2567,1439,642,797,110Y12M
63000,臺北市,63000020,信義區,63000020-021,松隆里,189,101,88,1494,756,738,449,188,261,110Y12M
63000,臺北市,63000020,信義區,63000020-022,松友里,1048,553,495,4368,2071,2297,1311,572,739,110Y12M
63000,臺北市,63000020,信義區,63000020-023,松光里,405,219,186,3099,1513,1586,1189,518,671,110Y12M
63000,臺北市,63000020,信義區,63000020-024,中坡里,382,206,176,2862,1412,1450,971,444,527,110Y12M
63000,臺北市,63000020,信義區,63000020-025,中行里,804,424,380,5267,2594,2673,1560,707,853,110Y12M
63000,臺北市,63000020,信義區,63000020-026,大道里,542,265,277,3881,1923,1958,1332,577,755,110Y12M
63000,臺北市,63000020,信義區,63000020-027,大仁里,325,169,156,2608,1253,1355,885,374,511,110Y12M
63000,臺北市,63000020,信義區,63000020-028,景新里,621,308,313,3253,1503,1750,1128,497,631,110Y12M
63000,臺北市,63000020,信義區,63000020-029,惠安里,569,295,274,4367,2148,2219,1233,522,711,110Y12M
63000,臺北市,63000020,信義區,63000020-030,三張里,878,462,416,5638,2737,2901,1953,842,1111,110Y12M
63000,臺北市,63000020,信義區,63000020-031,三犁里,531,272,259,3340,1595,1745,1221,534,687,110Y12M
63000,臺北市,63000020,信義區,63000020-032,六合里,587,301,286,4445,2141,2304,1443,612,831,110Y12M
63000,臺北市,63000020,信義區,63000020-033,泰和里,730,378,352,5248,2521,2727,1405,584,821,110Y12M
63000,臺北市,63000020,信義區,63000020-034,景聯里,416,218,198,2901,1351,1550,1069,468,601,110Y12M
63000,臺北市,63000020,信義區,63000020-035,景勤里,345,176,169,2533,1261,1272,840,354,486,110Y12M
63000,臺北市,63000020,信義區,63000020-036,雙和里,718,371,347,4758,2285,2473,1457,646,811,110Y12M
63000,臺北市,63000020,信義區,63000020-037,嘉興里,242,113,129,2019,948,1071,709,303,406,110Y12M
63000,臺北市,63000020,信義區,63000020-038,黎順里,378,189,189,2616,1254,1362,846,373,473,110Y12M
63000,臺北市,63000020,信義區,63000020-039,黎平里,634,318,316,4633,2185,2448,1432,598,834,110Y12M
63000,臺北市,63000020,信義區,63000020-040,黎忠里,425,216,209,3173,1530,1643,1014,409,605,110Y12M
63000,臺北市,63000020,信義區,63000020-041,黎安里,146,91,55,1265,591,674,492,214,278,110Y12M
63000,臺北市,63000030,大安區,63000030-001,德安里,772,403,369,3321,1495,1826,1322,600,722,110Y12M
63000,臺北市,63000030,大安區,63000030-002,仁慈里,1170,598,572,3414,1601,1813,1065,469,596,110Y12M
63000,臺北市,63000030,大安區,63000030-003,和安里,1320,684,636,4386,2101,2285,1247,565,682,110Y12M
63000,臺北市,63000030,大安區,63000030-004,民炤里,1244,653,591,4871,2269,2602,1892,854,1038,110Y12M
63000,臺北市,63000030,大安區,63000030-005,仁愛里,702,350,352,2888,1304,1584,1363,587,776,110Y12M
63000,臺北市,63000030,大安區,63000030-006,義村里,379,206,173,3303,1555,1748,1472,655,817,110Y12M
63000,臺北市,63000030,大安區,63000030-007,民輝里,706,389,317,4074,1932,2142,1671,733,938,110Y12M
63000,臺北市,63000030,大安區,63000030-008,昌隆里,216,129,87,1837,861,976,909,397,512,110Y12M
63000,臺北市,63000030,大安區,63000030-009,誠安里,313,158,155,2433,1110,1323,996,425,571,110Y12M
63000,臺北市,63000030,大安區,63000030-010,光武里,945,483,462,4442,2016,2426,1832,736,1096,110Y12M
63000,臺北市,63000030,大安區,63000030-011,龍坡里,1020,508,512,3481,1599,1882,1267,563,704,110Y12M
63000,臺北市,63000030,大安區,63000030-012,龍泉里,1030,577,453,3173,1408,1765,970,440,530,110Y12M
63000,臺北市,63000030,大安區,63000030-013,古風里,643,342,301,2590,1219,1371,979,432,547,110Y12M
63000,臺北市,63000030,大安區,63000030-014,古莊里,1167,597,570,4711,2131,2580,1503,664,839,110Y12M
63000,臺北市,63000030,大安區,63000030-015,龍安里,1425,738,687,5169,2521,2648,1668,824,844,110Y12M
63000,臺北市,63000030,大安區,63000030-016,錦安里,1359,713,646,3792,1697,2095,1151,527,624,110Y12M
63000,臺北市,63000030,大安區,63000030-017,福住里,1459,746,713,4079,1845,2234,1122,492,630,110Y12M
63000,臺北市,63000030,大安區,63000030-018,永康里,797,418,379,2320,1072,1248,724,338,386,110Y12M
63000,臺北市,63000030,大安區,63000030-019,光明里,926,501,425,2491,1171,1320,593,274,319,110Y12M
63000,臺北市,63000030,大安區,63000030-020,錦泰里,852,457,395,2332,1104,1228,716,326,390,110Y12M
63000,臺北市,63000030,大安區,63000030-021,錦華里,1375,694,681,3704,1726,1978,1023,451,572,110Y12M
63000,臺北市,63000030,大安區,63000030-022,龍圖里,835,448,387,4171,1913,2258,1552,673,879,110Y12M
63000,臺北市,63000030,大安區,63000030-023,新龍里,1199,626,573,4354,2037,2317,1338,583,755,110Y12M
63000,臺北市,63000030,大安區,63000030-026,龍陣里,333,170,163,2098,973,1125,888,408,480,110Y12M
63000,臺北市,63000030,大安區,63000030-027,龍雲里,485,249,236,2848,1291,1557,1134,501,633,110Y12M
63000,臺北市,63000030,大安區,63000030-028,龍生里,1325,689,636,4257,1965,2292,1304,569,735,110Y12M
63000,臺北市,63000030,大安區,63000030-029,住安里,508,275,233,3192,1460,1732,1140,471,669,110Y12M
63000,臺北市,63000030,大安區,63000030-030,義安里,580,266,314,3282,1485,1797,1293,565,728,110Y12M
63000,臺北市,63000030,大安區,63000030-031,通化里,689,348,341,4092,1978,2114,1265,531,734,110Y12M
63000,臺北市,63000030,大安區,63000030-032,通安里,554,252,302,3480,1682,1798,1180,524,656,110Y12M
63000,臺北市,63000030,大安區,63000030-033,臨江里,368,185,183,2765,1327,1438,830,356,474,110Y12M
63000,臺北市,63000030,大安區,63000030-034,法治里,507,278,229,2836,1320,1516,966,411,555,110Y12M
63000,臺北市,63000030,大安區,63000030-035,全安里,443,236,207,2603,1215,1388,1149,488,661,110Y12M
63000,臺北市,63000030,大安區,63000030-036,群賢里,614,310,304,3491,1586,1905,1444,611,833,110Y12M
63000,臺北市,63000030,大安區,63000030-037,群英里,659,337,322,4379,2048,2331,1587,670,917,110Y12M
63000,臺北市,63000030,大安區,63000030-038,虎嘯里,431,230,201,2355,1090,1265,796,340,456,110Y12M
63000,臺北市,63000030,大安區,63000030-039,臥龍里,510,245,265,1367,625,742,431,193,238,110Y12M
63000,臺北市,63000030,大安區,63000030-040,龍淵里,2163,1133,1030,5975,2809,3166,1663,745,918,110Y12M
63000,臺北市,63000030,大安區,63000030-041,龍門里,881,418,463,2617,1211,1406,978,440,538,110Y12M
63000,臺北市,63000030,大安區,63000030-043,大學里,1277,682,595,5251,2449,2802,1891,808,1083,110Y12M
63000,臺北市,63000030,大安區,63000030-044,芳和里,588,295,293,3754,1823,1931,1247,556,691,110Y12M
63000,臺北市,63000030,大安區,63000030-046,黎元里,620,324,296,3730,1850,1880,1091,451,640,110Y12M
63000,臺北市,63000030,大安區,63000030-047,黎孝里,799,409,390,4880,2345,2535,1676,733,943,110Y12M
63000,臺北市,63000030,大安區,63000030-048,黎和里,455,233,222,3146,1476,1670,941,427,514,110Y12M
63000,臺北市,63000030,大安區,63000030-049,建安里,635,310,325,2968,1306,1662,1124,467,657,110Y12M
63000,臺北市,63000030,大安區,63000030-050,建倫里,901,453,448,3572,1570,2002,1500,639,861,110Y12M
63000,臺北市,63000030,大安區,63000030-051,敦安里,1066,530,536,3731,1678,2053,1454,637,817,110Y12M
63000,臺北市,63000030,大安區,63000030-052,正聲里,645,332,313,2769,1297,1472,1134,487,647,110Y12M
63000,臺北市,63000030,大安區,63000030-053,敦煌里,1142,582,560,3576,1573,2003,1417,630,787,110Y12M
63000,臺北市,63000030,大安區,63000030-054,華聲里,561,301,260,2547,1147,1400,981,448,533,110Y12M
63000,臺北市,63000030,大安區,63000030-055,車層里,782,392,390,3683,1668,2015,1583,669,914,110Y12M
63000,臺北市,63000030,大安區,63000030-056,光信里,1096,558,538,4579,2082,2497,1782,807,975,110Y12M
63000,臺北市,63000030,大安區,63000030-057,學府里,353,184,169,1570,781,789,613,284,329,110Y12M
63000,臺北市,63000040,中山區,63000040-001,正守里,358,192,166,2124,1024,1100,696,316,380,110Y12M
63000,臺北市,63000040,中山區,63000040-002,正義里,471,226,245,3594,1554,2040,979,389,590,110Y12M
63000,臺北市,63000040,中山區,63000040-003,正得里,320,161,159,2350,1025,1325,796,337,459,110Y12M
63000,臺北市,63000040,中山區,63000040-004,民安里,452,241,211,2744,1306,1438,1091,480,611,110Y12M
63000,臺北市,63000040,中山區,63000040-005,康樂里,203,104,99,1745,730,1015,591,240,351,110Y12M
63000,臺北市,63000040,中山區,63000040-006,中山里,573,297,276,4626,1938,2688,1317,541,776,110Y12M
63000,臺北市,63000040,中山區,63000040-007,聚盛里,310,155,155,2827,1218,1609,883,344,539,110Y12M
63000,臺北市,63000040,中山區,63000040-008,集英里,997,516,481,4681,2080,2601,1341,577,764,110Y12M
63000,臺北市,63000040,中山區,63000040-009,聚葉里,372,191,181,2638,1200,1438,849,358,491,110Y12M
63000,臺北市,63000040,中山區,63000040-010,恆安里,515,272,243,3408,1446,1962,966,390,576,110Y12M
63000,臺北市,63000040,中山區,63000040-011,晴光里,503,236,267,3622,1576,2046,1126,439,687,110Y12M
63000,臺北市,63000040,中山區,63000040-012,圓山里,456,232,224,2770,1238,1532,807,352,455,110Y12M
63000,臺北市,63000040,中山區,63000040-013,劍潭里,500,256,244,2297,1103,1194,827,369,458,110Y12M
63000,臺北市,63000040,中山區,63000040-014,大直里,1386,704,682,5554,2628,2926,1925,857,1068,110Y12M
63000,臺北市,63000040,中山區,63000040-015,成功里,1248,632,616,4435,1982,2453,1036,459,577,110Y12M
63000,臺北市,63000040,中山區,63000040-016,永安里,1474,752,722,6220,2820,3400,1596,721,875,110Y12M
63000,臺北市,63000040,中山區,63000040-017,大佳里,156,79,77,719,390,329,219,127,92,110Y12M
63000,臺北市,63000040,中山區,63000040-018,新喜里,537,289,248,3473,1671,1802,970,394,576,110Y12M
63000,臺北市,63000040,中山區,63000040-019,新庄里,454,235,219,3341,1576,1765,979,414,565,110Y12M
63000,臺北市,63000040,中山區,63000040-020,新福里,517,280,237,3414,1573,1841,1055,466,589,110Y12M
63000,臺北市,63000040,中山區,63000040-021,松江里,818,411,407,4055,1919,2136,1395,601,794,110Y12M
63000,臺北市,63000040,中山區,63000040-022,新生里,408,219,189,3090,1456,1634,1037,420,617,110Y12M
63000,臺北市,63000040,中山區,63000040-023,中庄里,389,202,187,3262,1579,1683,1100,466,634,110Y12M
63000,臺北市,63000040,中山區,63000040-024,行政里,502,265,237,4892,2559,2333,1722,847,875,110Y12M
63000,臺北市,63000040,中山區,63000040-025,行仁里,800,386,414,5323,2593,2730,1598,678,920,110Y12M
63000,臺北市,63000040,中山區,63000040-026,行孝里,427,230,197,2999,1485,1514,789,317,472,110Y12M
63000,臺北市,63000040,中山區,63000040-027,下埤里,708,357,351,4900,2303,2597,1596,721,875,110Y12M
63000,臺北市,63000040,中山區,63000040-028,江寧里,789,406,383,4425,2125,2300,1479,629,850,110Y12M
63000,臺北市,63000040,中山區,63000040-029,江山里,722,393,329,4701,2258,2443,1725,775,950,110Y12M
63000,臺北市,63000040,中山區,63000040-030,中吉里,847,431,416,3700,1761,1939,1096,471,625,110Y12M
63000,臺北市,63000040,中山區,63000040-031,中原里,536,286,250,3246,1519,1727,1189,528,661,110Y12M
63000,臺北市,63000040,中山區,63000040-032,興亞里,593,300,293,3439,1550,1889,1191,532,659,110Y12M
63000,臺北市,63000040,中山區,63000040-033,中央里,528,282,246,2390,1126,1264,725,310,415,110Y12M
63000,臺北市,63000040,中山區,63000040-034,朱馥里,698,327,371,3847,1809,2038,1152,489,663,110Y12M
63000,臺北市,63000040,中山區,63000040-035,龍洲里,441,222,219,3254,1502,1752,1057,444,613,110Y12M
63000,臺北市,63000040,中山區,63000040-036,朱園里,534,272,262,2994,1349,1645,916,401,515,110Y12M
63000,臺北市,63000040,中山區,63000040-037,埤頭里,299,163,136,2098,1013,1085,733,319,414,110Y12M
63000,臺北市,63000040,中山區,63000040-038,朱崙里,317,159,158,1985,903,1082,616,273,343,110Y12M
63000,臺北市,63000040,中山區,63000040-039,力行里,669,349,320,3826,1768,2058,1427,621,806,110Y12M
63000,臺北市,63000040,中山區,63000040-040,復華里,577,305,272,3047,1363,1684,973,411,562,110Y12M
63000,臺北市,63000040,中山區,63000040-041,金泰里,1280,665,615,5676,2729,2947,1028,441,587,110Y12M
63000,臺北市,63000040,中山區,63000040-042,北安里,353,187,166,1642,768,874,564,265,299,110Y12M
63000,臺北市,63000050,中正區,63000050-001,水源里,357,191,166,1938,884,1054,672,289,383,110Y12M
63000,臺北市,63000050,中正區,63000050-002,富水里,397,180,217,1742,872,870,412,185,227,110Y12M
63000,臺北市,63000050,中正區,63000050-003,文盛里,293,168,125,1657,808,849,596,259,337,110Y12M
63000,臺北市,63000050,中正區,63000050-004,林興里,577,297,280,3111,1493,1618,987,414,573,110Y12M
63000,臺北市,63000050,中正區,63000050-005,河堤里,420,210,210,2762,1337,1425,1063,486,577,110Y12M
63000,臺北市,63000050,中正區,63000050-006,頂東里,553,289,264,3739,1760,1979,1450,632,818,110Y12M
63000,臺北市,63000050,中正區,63000050-007,網溪里,582,287,295,3708,1755,1953,1279,542,737,110Y12M
63000,臺北市,63000050,中正區,63000050-008,板溪里,321,165,156,2038,946,1092,760,350,410,110Y12M
63000,臺北市,63000050,中正區,63000050-009,螢圃里,481,247,234,3627,1761,1866,1206,525,681,110Y12M
63000,臺北市,63000050,中正區,63000050-010,螢雪里,383,206,177,2770,1339,1431,941,404,537,110Y12M
63000,臺北市,63000050,中正區,63000050-011,永功里,781,407,374,4164,2032,2132,1179,546,633,110Y12M
63000,臺北市,63000050,中正區,63000050-012,永昌里,404,205,199,3151,1601,1550,1121,469,652,110Y12M
63000,臺北市,63000050,中正區,63000050-013,龍興里,882,435,447,2374,1125,1249,576,247,329,110Y12M
63000,臺北市,63000050,中正區,63000050-014,忠勤里,411,205,206,4298,2098,2200,1269,538,731,110Y12M
63000,臺北市,63000050,中正區,63000050-015,廈安里,1186,624,562,2877,1320,1557,721,335,386,110Y12M
63000,臺北市,63000050,中正區,63000050-016,愛國里,748,392,356,2034,893,1141,616,267,349,110Y12M
63000,臺北市,63000050,中正區,63000050-017,南門里,565,294,271,1639,741,898,567,263,304,110Y12M
63000,臺北市,63000050,中正區,63000050-018,龍光里,769,413,356,2086,996,1090,606,289,317,110Y12M
63000,臺北市,63000050,中正區,63000050-019,南福里,2645,1404,1241,7553,3578,3975,1705,777,928,110Y12M
63000,臺北市,63000050,中正區,63000050-020,龍福里,1181,626,555,3404,1580,1824,877,397,480,110Y12M
63000,臺北市,63000050,中正區,63000050-021,新營里,2383,1249,1134,5744,2710,3034,1294,595,699,110Y12M
63000,臺北市,63000050,中正區,63000050-022,建國里,495,251,244,1081,461,620,224,98,126,110Y12M
63000,臺北市,63000050,中正區,63000050-023,光復里,617,322,295,2541,1163,1378,726,344,382,110Y12M
63000,臺北市,63000050,中正區,63000050-024,黎明里,621,339,282,2180,1002,1178,587,286,301,110Y12M
63000,臺北市,63000050,中正區,63000050-025,梅花里,328,171,157,1905,869,1036,758,351,407,110Y12M
63000,臺北市,63000050,中正區,63000050-026,幸福里,621,324,297,3591,1810,1781,1389,699,690,110Y12M
63000,臺北市,63000050,中正區,63000050-027,幸市里,428,217,211,2580,1218,1362,1102,504,598,110Y12M
63000,臺北市,63000050,中正區,63000050-028,東門里,672,347,325,2337,1091,1246,813,396,417,110Y12M
63000,臺北市,63000050,中正區,63000050-029,文北里,874,444,430,3332,1569,1763,1234,562,672,110Y12M
63000,臺北市,63000050,中正區,63000050-030,文祥里,1796,913,883,5100,2406,2694,1374,606,768,110Y12M
63000,臺北市,63000050,中正區,63000050-031,三愛里,1583,836,747,5333,2396,2937,1790,759,1031,110Y12M
63000,臺北市,63000060,大同區,63000060-001,玉泉里,287,161,126,1893,925,968,672,316,356,110Y12M
63000,臺北市,63000060,大同區,63000060-002,建明里,350,170,180,2054,961,1093,734,346,388,110Y12M
63000,臺北市,63000060,大同區,63000060-003,建功里,579,276,303,3076,1473,1603,980,456,524,110Y12M
63000,臺北市,63000060,大同區,63000060-004,建泰里,578,303,275,2321,1108,1213,734,326,408,110Y12M
63000,臺北市,63000060,大同區,63000060-005,永樂里,583,306,277,3380,1681,1699,1100,538,562,110Y12M
63000,臺北市,63000060,大同區,63000060-006,朝陽里,405,203,202,2925,1415,1510,914,408,506,110Y12M
63000,臺北市,63000060,大同區,63000060-007,星明里,987,532,455,3983,1837,2146,1044,465,579,110Y12M
63000,臺北市,63000060,大同區,63000060-008,光能里,841,451,390,3332,1597,1735,917,401,516,110Y12M
63000,臺北市,63000060,大同區,63000060-009,大有里,529,262,267,2979,1473,1506,965,436,529,110Y12M
63000,臺北市,63000060,大同區,63000060-010,延平里,391,200,191,2723,1314,1409,864,388,476,110Y12M
63000,臺北市,63000060,大同區,63000060-011,雙連里,1486,785,701,6243,2943,3300,1648,766,882,110Y12M
63000,臺北市,63000060,大同區,63000060-012,南芳里,577,273,304,2662,1236,1426,783,340,443,110Y12M
63000,臺北市,63000060,大同區,63000060-013,民權里,1115,598,517,4266,2019,2247,1094,470,624,110Y12M
63000,臺北市,63000060,大同區,63000060-014,景星里,263,134,129,1688,854,834,579,274,305,110Y12M
63000,臺北市,63000060,大同區,63000060-015,隆和里,522,262,260,2389,1164,1225,660,294,366,110Y12M
63000,臺北市,63000060,大同區,63000060-016,蓬萊里,606,309,297,3295,1569,1726,964,416,548,110Y12M
63000,臺北市,63000060,大同區,63000060-017,國順里,308,169,139,1819,959,860,563,250,313,110Y12M
63000,臺北市,63000060,大同區,63000060-018,國慶里,657,342,315,3122,1482,1640,866,380,486,110Y12M
63000,臺北市,63000060,大同區,63000060-019,揚雅里,308,161,147,3062,1694,1368,1012,533,479,110Y12M
63000,臺北市,63000060,大同區,63000060-020,斯文里,402,209,193,3159,1572,1587,959,430,529,110Y12M
63000,臺北市,63000060,大同區,63000060-021,鄰江里,704,370,334,4313,2165,2148,1325,612,713,110Y12M
63000,臺北市,63000060,大同區,63000060-022,至聖里,712,363,349,5185,2516,2669,1703,756,947,110Y12M
63000,臺北市,63000060,大同區,63000060-024,老師里,613,324,289,3926,2002,1924,1128,488,640,110Y12M
63000,臺北市,63000060,大同區,63000060-025,重慶里,752,382,370,4553,2189,2364,1277,551,726,110Y12M
63000,臺北市,63000060,大同區,63000060-026,保安里,468,235,233,2977,1475,1502,939,427,512,110Y12M
63000,臺北市,63000070,萬華區,63000070-001,福星里,543,286,257,3513,1667,1846,1188,534,654,110Y12M
63000,臺北市,63000070,萬華區,63000070-002,萬壽里,292,161,131,2049,957,1092,801,398,403,110Y12M
63000,臺北市,63000070,萬華區,63000070-003,西門里,336,171,165,2394,1096,1298,803,355,448,110Y12M
63000,臺北市,63000070,萬華區,63000070-004,新起里,544,274,270,4415,2088,2327,1572,715,857,110Y12M
63000,臺北市,63000070,萬華區,63000070-005,菜園里,643,340,303,4089,2043,2046,1273,607,666,110Y12M
63000,臺北市,63000070,萬華區,63000070-006,青山里,445,222,223,3948,1911,2037,1315,652,663,110Y12M
63000,臺北市,63000070,萬華區,63000070-007,富民里,384,207,177,3083,1509,1574,1292,633,659,110Y12M
63000,臺北市,63000070,萬華區,63000070-008,福音里,379,204,175,2574,1255,1319,820,378,442,110Y12M
63000,臺北市,63000070,萬華區,63000070-009,仁德里,363,169,194,3025,1473,1552,1101,515,586,110Y12M
63000,臺北市,63000070,萬華區,63000070-010,富福里,398,198,200,3934,2188,1746,1477,827,650,110Y12M
63000,臺北市,63000070,萬華區,63000070-011,頂碩里,642,336,306,4628,2355,2273,1493,688,805,110Y12M
63000,臺北市,63000070,萬華區,63000070-012,雙園里,568,289,279,3120,1581,1539,837,381,456,110Y12M
63000,臺北市,63000070,萬華區,63000070-013,新忠里,281,133,148,2143,1040,1103,889,351,538,110Y12M
63000,臺北市,63000070,萬華區,63000070-014,新和里,741,392,349,5342,2607,2735,1845,793,1052,110Y12M
63000,臺北市,63000070,萬華區,63000070-015,糖■里,424,229,195,3600,1841,1759,1184,558,626,110Y12M
63000,臺北市,63000070,萬華區,63000070-016,和平里,554,274,280,4464,2249,2215,1375,607,768,110Y12M
63000,臺北市,63000070,萬華區,63000070-017,綠堤里,370,200,170,2852,1401,1451,936,380,556,110Y12M
63000,臺北市,63000070,萬華區,63000070-018,華江里,786,413,373,5700,2842,2858,1630,716,914,110Y12M
63000,臺北市,63000070,萬華區,63000070-019,柳鄉里,458,211,247,3384,1729,1655,1115,497,618,110Y12M
63000,臺北市,63000070,萬華區,63000070-020,日善里,448,243,205,2455,1205,1250,704,329,375,110Y12M
63000,臺北市,63000070,萬華區,63000070-021,新安里,508,258,250,4062,2040,2022,1256,534,722,110Y12M
63000,臺北市,63000070,萬華區,63000070-022,忠德里,529,289,240,3034,1521,1513,881,400,481,110Y12M
63000,臺北市,63000070,萬華區,63000070-023,孝德里,284,147,137,2189,1098,1091,647,283,364,110Y12M
63000,臺北市,63000070,萬華區,63000070-024,和德里,554,300,254,4497,2304,2193,1227,532,695,110Y12M
63000,臺北市,63000070,萬華區,63000070-025,錦德里,521,253,268,3764,1842,1922,1094,482,612,110Y12M
63000,臺北市,63000070,萬華區,63000070-026,全德里,576,314,262,2857,1431,1426,839,374,465,110Y12M
63000,臺北市,63000070,萬華區,63000070-027,保德里,368,199,169,2132,1063,1069,667,303,364,110Y12M
63000,臺北市,63000070,萬華區,63000070-028,銘德里,417,235,182,3103,1534,1569,916,383,533,110Y12M
63000,臺北市,63000070,萬華區,63000070-029,榮德里,332,185,147,2391,1246,1145,783,349,434,110Y12M
63000,臺北市,63000070,萬華區,63000070-030,壽德里,565,294,271,3359,1695,1664,987,462,525,110Y12M
63000,臺北市,63000070,萬華區,63000070-031,興德里,518,273,245,3114,1575,1539,897,398,499,110Y12M
63000,臺北市,63000070,萬華區,63000070-032,華中里,577,310,267,4078,2035,2043,1270,536,734,110Y12M
63000,臺北市,63000070,萬華區,63000070-033,日祥里,573,300,273,4062,2047,2015,1248,514,734,110Y12M
63000,臺北市,63000070,萬華區,63000070-034,忠貞里,365,189,176,2952,1403,1549,1265,529,736,110Y12M
63000,臺北市,63000070,萬華區,63000070-035,凌霄里,302,152,150,2421,1177,1244,734,287,447,110Y12M
63000,臺北市,63000070,萬華區,63000070-036,騰雲里,265,149,116,1965,942,1023,711,298,413,110Y12M
63000,臺北市,63000080,文山區,63000080-001,景行里,1555,816,739,5374,2462,2912,1210,526,684,110Y12M
63000,臺北市,63000080,文山區,63000080-002,景東里,1154,618,536,5014,2321,2693,1185,507,678,110Y12M
63000,臺北市,63000080,文山區,63000080-003,景美里,858,441,417,3306,1547,1759,1037,453,584,110Y12M
63000,臺北市,63000080,文山區,63000080-004,景慶里,989,491,498,4336,2073,2263,1206,538,668,110Y12M
63000,臺北市,63000080,文山區,63000080-005,景仁里,951,469,482,3783,1807,1976,1042,432,610,110Y12M
63000,臺北市,63000080,文山區,63000080-006,景華里,856,449,407,3722,1756,1966,1136,501,635,110Y12M
63000,臺北市,63000080,文山區,63000080-007,萬有里,876,473,403,3691,1727,1964,1012,486,526,110Y12M
63000,臺北市,63000080,文山區,63000080-008,萬祥里,611,309,302,2948,1405,1543,939,393,546,110Y12M
63000,臺北市,63000080,文山區,63000080-009,萬隆里,1064,575,489,4780,2236,2544,1405,586,819,110Y12M
63000,臺北市,63000080,文山區,63000080-010,萬年里,556,292,264,3409,1639,1770,1161,514,647,110Y12M
63000,臺北市,63000080,文山區,63000080-011,萬和里,423,234,189,2206,1090,1116,710,272,438,110Y12M
63000,臺北市,63000080,文山區,63000080-012,萬盛里,468,253,215,3013,1444,1569,1028,465,563,110Y12M
63000,臺北市,63000080,文山區,63000080-013,興豐里,667,354,313,3430,1619,1811,930,424,506,110Y12M
63000,臺北市,63000080,文山區,63000080-014,興光里,417,199,218,2685,1284,1401,633,263,370,110Y12M
63000,臺北市,63000080,文山區,63000080-015,興家里,844,420,424,5161,2518,2643,1296,587,709,110Y12M
63000,臺北市,63000080,文山區,63000080-016,興得里,643,338,305,4201,2018,2183,1108,495,613,110Y12M
63000,臺北市,63000080,文山區,63000080-017,興業里,507,274,233,3409,1615,1794,1224,539,685,110Y12M
63000,臺北市,63000080,文山區,63000080-018,興安里,863,419,444,4552,2175,2377,1296,550,746,110Y12M
63000,臺北市,63000080,文山區,63000080-019,興福里,954,475,479,3776,1823,1953,998,427,571,110Y12M
63000,臺北市,63000080,文山區,63000080-020,興旺里,942,494,448,5954,2887,3067,1228,520,708,110Y12M
63000,臺北市,63000080,文山區,63000080-021,興泰里,364,189,175,2853,1359,1494,761,329,432,110Y12M
63000,臺北市,63000080,文山區,63000080-022,興昌里,708,362,346,4641,2193,2448,1122,485,637,110Y12M
63000,臺北市,63000080,文山區,63000080-023,試院里,791,418,373,4724,2250,2474,1196,531,665,110Y12M
63000,臺北市,63000080,文山區,63000080-024,華興里,1203,592,611,6227,3041,3186,1521,676,845,110Y12M
63000,臺北市,63000080,文山區,63000080-025,明義里,535,263,272,3153,1521,1632,634,265,369,110Y12M
63000,臺北市,63000080,文山區,63000080-026,明興里,660,359,301,4860,2350,2510,1110,468,642,110Y12M
63000,臺北市,63000080,文山區,63000080-027,木柵里,1039,553,486,6219,2969,3250,1724,713,1011,110Y12M
63000,臺北市,63000080,文山區,63000080-028,木新里,881,448,433,7050,3627,3423,1984,944,1040,110Y12M
63000,臺北市,63000080,文山區,63000080-029,順興里,1004,506,498,5160,2499,2661,1248,570,678,110Y12M
63000,臺北市,63000080,文山區,63000080-030,樟林里,916,484,432,5673,2805,2868,1612,708,904,110Y12M
63000,臺北市,63000080,文山區,63000080-031,樟新里,712,363,349,3914,1863,2051,871,367,504,110Y12M
63000,臺北市,63000080,文山區,63000080-032,樟腳里,740,390,350,3899,1889,2010,899,405,494,110Y12M
63000,臺北市,63000080,文山區,63000080-033,萬芳里,881,465,416,5498,2583,2915,1374,618,756,110Y12M
63000,臺北市,63000080,文山區,63000080-034,博嘉里,755,387,368,4076,1944,2132,1053,480,573,110Y12M
63000,臺北市,63000080,文山區,63000080-035,萬興里,1259,639,620,5891,2852,3039,1380,619,761,110Y12M
63000,臺北市,63000080,文山區,63000080-036,指南里,551,295,256,2887,1457,1430,637,319,318,110Y12M
63000,臺北市,63000080,文山區,63000080-037,老泉里,99,54,45,629,323,306,169,94,75,110Y12M
63000,臺北市,63000080,文山區,63000080-038,忠順里,405,205,200,2913,1393,1520,860,352,508,110Y12M
63000,臺北市,63000080,文山區,63000080-039,萬美里,713,356,357,5051,2411,2640,1402,659,743,110Y12M
63000,臺北市,63000080,文山區,63000080-040,政大里,1467,757,710,5642,2674,2968,882,399,483,110Y12M
63000,臺北市,63000080,文山區,63000080-041,樟文里,815,421,394,4226,2061,2165,1105,499,606,110Y12M
63000,臺北市,63000080,文山區,63000080-042,興邦里,502,271,231,3544,1713,1831,873,348,525,110Y12M
63000,臺北市,63000080,文山區,63000080-043,樟樹里,607,303,304,3260,1581,1679,830,358,472,110Y12M
63000,臺北市,63000090,南港區,63000090-001,南港里,850,450,400,4657,2419,2238,1132,533,599,110Y12M
63000,臺北市,63000090,南港區,63000090-002,中南里,403,226,177,2534,1275,1259,633,280,353,110Y12M
63000,臺北市,63000090,南港區,63000090-003,新富里,463,256,207,2645,1288,1357,704,314,390,110Y12M
63000,臺北市,63000090,南港區,63000090-004,三重里,1300,686,614,5448,2603,2845,1094,493,601,110Y12M
63000,臺北市,63000090,南港區,63000090-005,東新里,910,475,435,5037,2496,2541,1219,535,684,110Y12M
63000,臺北市,63000090,南港區,63000090-006,新光里,430,236,194,2520,1191,1329,730,311,419,110Y12M
63000,臺北市,63000090,南港區,63000090-007,東明里,710,370,340,4014,1961,2053,958,452,506,110Y12M
63000,臺北市,63000090,南港區,63000090-008,西新里,588,288,300,3309,1611,1698,825,373,452,110Y12M
63000,臺北市,63000090,南港區,63000090-009,玉成里,544,287,257,3292,1656,1636,893,390,503,110Y12M
63000,臺北市,63000090,南港區,63000090-010,合成里,642,344,298,4395,2155,2240,1402,650,752,110Y12M
63000,臺北市,63000090,南港區,63000090-011,成福里,857,454,403,5142,2478,2664,1440,646,794,110Y12M
63000,臺北市,63000090,南港區,63000090-012,萬福里,385,195,190,2777,1336,1441,913,410,503,110Y12M
63000,臺北市,63000090,南港區,63000090-013,鴻福里,450,229,221,3016,1443,1573,943,415,528,110Y12M
63000,臺北市,63000090,南港區,63000090-014,百福里,586,326,260,3681,1766,1915,975,438,537,110Y12M
63000,臺北市,63000090,南港區,63000090-015,聯成里,513,254,259,3287,1618,1669,1016,451,565,110Y12M
63000,臺北市,63000090,南港區,63000090-016,舊莊里,1004,513,491,6496,3229,3267,1414,605,809,110Y12M
63000,臺北市,63000090,南港區,63000090-017,中研里,1325,715,610,6373,3152,3221,1659,772,887,110Y12M
63000,臺北市,63000090,南港區,63000090-018,九如里,837,413,424,4366,2185,2181,1124,474,650,110Y12M
63000,臺北市,63000090,南港區,63000090-019,仁福里,524,283,241,3974,1990,1984,942,404,538,110Y12M
63000,臺北市,63000090,南港區,63000090-020,重陽里,765,381,384,4043,1936,2107,672,285,387,110Y12M
63000,臺北市,63000100,內湖區,63000100-001,西湖里,608,316,292,4779,2356,2423,1423,617,806,110Y12M
63000,臺北市,63000100,內湖區,63000100-002,西康里,973,503,470,6599,3116,3483,1688,730,958,110Y12M
63000,臺北市,63000100,內湖區,63000100-003,西安里,634,324,310,4447,2118,2329,1286,593,693,110Y12M
63000,臺北市,63000100,內湖區,63000100-005,港墘里,859,439,420,4195,1975,2220,1007,445,562,110Y12M
63000,臺北市,63000100,內湖區,63000100-006,港都里,1032,541,491,3863,1845,2018,892,388,504,110Y12M
63000,臺北市,63000100,內湖區,63000100-007,港富里,1397,744,653,6428,3086,3342,1661,738,923,110Y12M
63000,臺北市,63000100,內湖區,63000100-008,港華里,1790,901,889,6458,2996,3462,1433,680,753,110Y12M
63000,臺北市,63000100,內湖區,63000100-009,內湖里,491,255,236,4582,2103,2479,1115,470,645,110Y12M
63000,臺北市,63000100,內湖區,63000100-010,湖濱里,1080,541,539,5630,2630,3000,1579,715,864,110Y12M
63000,臺北市,63000100,內湖區,63000100-011,紫星里,913,500,413,5522,2645,2877,1498,658,840,110Y12M
63000,臺北市,63000100,內湖區,63000100-012,大湖里,641,318,323,3852,1790,2062,851,391,460,110Y12M
63000,臺北市,63000100,內湖區,63000100-013,金龍里,523,292,231,3715,1781,1934,988,459,529,110Y12M
63000,臺北市,63000100,內湖區,63000100-014,金瑞里,1015,514,501,4715,2207,2508,1165,541,624,110Y12M
63000,臺北市,63000100,內湖區,63000100-015,碧山里,873,449,424,5115,2477,2638,1103,483,620,110Y12M
63000,臺北市,63000100,內湖區,63000100-016,紫雲里,685,336,349,4035,1983,2052,933,382,551,110Y12M
63000,臺北市,63000100,內湖區,63000100-017,清白里,975,507,468,6075,2803,3272,1350,592,758,110Y12M
63000,臺北市,63000100,內湖區,63000100-018,葫洲里,1414,742,672,5314,2457,2857,853,390,463,110Y12M
63000,臺北市,63000100,內湖區,63000100-019,紫陽里,793,401,392,5866,2805,3061,1474,681,793,110Y12M
63000,臺北市,63000100,內湖區,63000100-020,瑞陽里,630,323,307,5304,2539,2765,1425,574,851,110Y12M
63000,臺北市,63000100,內湖區,63000100-021,瑞光里,479,242,237,3098,1430,1668,846,368,478,110Y12M
63000,臺北市,63000100,內湖區,63000100-022,五分里,2316,1175,1141,7811,3637,4174,1218,556,662,110Y12M
63000,臺北市,63000100,內湖區,63000100-023,東湖里,1100,567,533,5990,2869,3121,1079,496,583,110Y12M
63000,臺北市,63000100,內湖區,63000100-024,樂康里,1192,632,560,5944,2799,3145,1116,516,600,110Y12M
63000,臺北市,63000100,內湖區,63000100-025,內溝里,551,275,276,3383,1656,1727,697,335,362,110Y12M
63000,臺北市,63000100,內湖區,63000100-026,週美里,1464,752,712,6259,3040,3219,1393,625,768,110Y12M
63000,臺北市,63000100,內湖區,63000100-027,行善里,899,456,443,5195,2594,2601,1077,470,607,110Y12M
63000,臺北市,63000100,內湖區,63000100-028,石潭里,525,255,270,2837,1362,1475,590,259,331,110Y12M
63000,臺北市,63000100,內湖區,63000100-029,湖興里,883,440,443,6155,3067,3088,1500,717,783,110Y12M
63000,臺北市,63000100,內湖區,63000100-030,湖元里,644,314,330,3930,1887,2043,1070,520,550,110Y12M
63000,臺北市,63000100,內湖區,63000100-031,安湖里,1362,696,666,5503,2586,2917,1015,493,522,110Y12M
63000,臺北市,63000100,內湖區,63000100-032,秀湖里,575,305,270,4240,2028,2212,1176,540,636,110Y12M
63000,臺北市,63000100,內湖區,63000100-033,安泰里,701,392,309,3930,1891,2039,796,376,420,110Y12M
63000,臺北市,63000100,內湖區,63000100-034,金湖里,1838,940,898,7182,3297,3885,1233,537,696,110Y12M
63000,臺北市,63000100,內湖區,63000100-035,康寧里,1613,820,793,6471,3064,3407,1159,540,619,110Y12M
63000,臺北市,63000100,內湖區,63000100-036,明湖里,1149,614,535,4051,1891,2160,613,272,341,110Y12M
63000,臺北市,63000100,內湖區,63000100-037,蘆洲里,218,131,87,954,492,462,183,100,83,110Y12M
63000,臺北市,63000100,內湖區,63000100-038,麗山里,1065,542,523,4153,1947,2206,939,432,507,110Y12M
63000,臺北市,63000100,內湖區,63000100-039,寶湖里,1517,770,747,6902,3245,3657,1327,617,710,110Y12M
63000,臺北市,63000100,內湖區,63000100-040,南湖里,1190,610,580,4228,1943,2285,639,275,364,110Y12M
63000,臺北市,63000110,士林區,63000110-001,仁勇里,444,227,217,2538,1239,1299,814,360,454,110Y12M
63000,臺北市,63000110,士林區,63000110-002,義信里,340,178,162,2163,1075,1088,630,279,351,110Y12M
63000,臺北市,63000110,士林區,63000110-003,福林里,314,172,142,1842,896,946,687,309,378,110Y12M
63000,臺北市,63000110,士林區,63000110-004,福德里,407,201,206,3751,2016,1735,1385,689,696,110Y12M
63000,臺北市,63000110,士林區,63000110-005,福志里,817,457,360,4731,2259,2472,1812,790,1022,110Y12M
63000,臺北市,63000110,士林區,63000110-006,舊佳里,595,313,282,3926,1903,2023,1421,623,798,110Y12M
63000,臺北市,63000110,士林區,63000110-007,福佳里,963,526,437,5071,2446,2625,1569,693,876,110Y12M
63000,臺北市,63000110,士林區,63000110-008,後港里,1056,545,511,5444,2716,2728,1556,700,856,110Y12M
63000,臺北市,63000110,士林區,63000110-009,福中里,919,443,476,4663,2294,2369,1164,517,647,110Y12M
63000,臺北市,63000110,士林區,63000110-010,前港里,550,280,270,3108,1499,1609,823,382,441,110Y12M
63000,臺北市,63000110,士林區,63000110-011,百齡里,913,460,453,4641,2290,2351,1332,591,741,110Y12M
63000,臺北市,63000110,士林區,63000110-012,承德里,541,286,255,3708,1730,1978,1132,501,631,110Y12M
63000,臺北市,63000110,士林區,63000110-013,福華里,624,322,302,4217,2086,2131,1221,501,720,110Y12M
63000,臺北市,63000110,士林區,63000110-014,明勝里,511,243,268,3220,1611,1609,1025,426,599,110Y12M
63000,臺北市,63000110,士林區,63000110-015,福順里,559,299,260,3696,1838,1858,1111,512,599,110Y12M
63000,臺北市,63000110,士林區,63000110-016,富光里,649,345,304,4145,2066,2079,1130,492,638,110Y12M
63000,臺北市,63000110,士林區,63000110-017,葫蘆里,1034,527,507,5079,2492,2587,1392,588,804,110Y12M
63000,臺北市,63000110,士林區,63000110-018,葫東里,472,268,204,2837,1390,1447,746,326,420,110Y12M
63000,臺北市,63000110,士林區,63000110-019,社子里,808,407,401,4488,2241,2247,1194,554,640,110Y12M
63000,臺北市,63000110,士林區,63000110-020,社新里,1024,528,496,6232,3190,3042,1713,769,944,110Y12M
63000,臺北市,63000110,士林區,63000110-021,社園里,931,487,444,4953,2520,2433,1337,608,729,110Y12M
63000,臺北市,63000110,士林區,63000110-022,永倫里,650,347,303,4827,2447,2380,1423,665,758,110Y12M
63000,臺北市,63000110,士林區,63000110-023,福安里,430,213,217,3702,1977,1725,827,414,413,110Y12M
63000,臺北市,63000110,士林區,63000110-024,富洲里,561,281,280,4532,2368,2164,1083,561,522,110Y12M
63000,臺北市,63000110,士林區,63000110-025,岩山里,400,205,195,2217,1072,1145,730,322,408,110Y12M
63000,臺北市,63000110,士林區,63000110-026,名山里,849,407,442,4583,2146,2437,1540,671,869,110Y12M
63000,臺北市,63000110,士林區,63000110-027,德行里,540,295,245,2942,1382,1560,941,398,543,110Y12M
63000,臺北市,63000110,士林區,63000110-028,德華里,718,358,360,3685,1730,1955,1223,525,698,110Y12M
63000,臺北市,63000110,士林區,63000110-029,聖山里,577,286,291,3341,1570,1771,1052,474,578,110Y12M
63000,臺北市,63000110,士林區,63000110-030,忠誠里,619,305,314,3521,1677,1844,1266,545,721,110Y12M
63000,臺北市,63000110,士林區,63000110-031,芝山里,1001,519,482,5009,2360,2649,1536,702,834,110Y12M
63000,臺北市,63000110,士林區,63000110-032,東山里,600,303,297,3452,1700,1752,1014,436,578,110Y12M
63000,臺北市,63000110,士林區,63000110-033,三玉里,747,389,358,3709,1741,1968,1238,565,673,110Y12M
63000,臺北市,63000110,士林區,63000110-034,蘭雅里,1181,601,580,5625,2585,3040,1840,824,1016,110Y12M
63000,臺北市,63000110,士林區,63000110-035,蘭興里,784,425,359,4199,1950,2249,1335,591,744,110Y12M
63000,臺北市,63000110,士林區,63000110-036,天福里,969,514,455,4182,1901,2281,1235,529,706,110Y12M
63000,臺北市,63000110,士林區,63000110-037,天祿里,709,389,320,3359,1535,1824,1129,517,612,110Y12M
63000,臺北市,63000110,士林區,63000110-038,天壽里,767,401,366,3224,1455,1769,1119,505,614,110Y12M
63000,臺北市,63000110,士林區,63000110-039,天和里,972,507,465,4922,2340,2582,1506,685,821,110Y12M
63000,臺北市,63000110,士林區,63000110-040,天山里,917,465,452,4360,1982,2378,1554,706,848,110Y12M
63000,臺北市,63000110,士林區,63000110-041,天玉里,1333,713,620,5635,2536,3099,1856,814,1042,110Y12M
63000,臺北市,63000110,士林區,63000110-042,天母里,915,478,437,4229,1992,2237,1415,615,800,110Y12M
63000,臺北市,63000110,士林區,63000110-043,永福里,101,52,49,793,398,395,320,142,178,110Y12M
63000,臺北市,63000110,士林區,63000110-044,公館里,114,55,59,947,488,459,306,162,144,110Y12M
63000,臺北市,63000110,士林區,63000110-045,新安里,123,56,67,1212,610,602,494,236,258,110Y12M
63000,臺北市,63000110,士林區,63000110-046,陽明里,213,102,111,1904,956,948,787,348,439,110Y12M
63000,臺北市,63000110,士林區,63000110-047,菁山里,116,71,45,1084,609,475,344,173,171,110Y12M
63000,臺北市,63000110,士林區,63000110-048,平等里,123,56,67,1035,524,511,329,172,157,110Y12M
63000,臺北市,63000110,士林區,63000110-049,溪山里,139,69,70,1008,519,489,345,169,176,110Y12M
63000,臺北市,63000110,士林區,63000110-050,翠山里,211,111,100,1691,785,906,697,312,385,110Y12M
63000,臺北市,63000110,士林區,63000110-051,臨溪里,262,144,118,1807,886,921,703,331,372,110Y12M
63000,臺北市,63000120,北投區,63000120-001,建民里,512,265,247,2861,1375,1486,958,442,516,110Y12M
63000,臺北市,63000120,北投區,63000120-002,文林里,488,259,229,2879,1404,1475,925,401,524,110Y12M
63000,臺北市,63000120,北投區,63000120-003,石牌里,570,292,278,3465,1644,1821,1108,486,622,110Y12M
63000,臺北市,63000120,北投區,63000120-004,福興里,1273,660,613,4891,2288,2603,1207,549,658,110Y12M
63000,臺北市,63000120,北投區,63000120-005,榮光里,1512,800,712,4904,2325,2579,1300,533,767,110Y12M
63000,臺北市,63000120,北投區,63000120-006,榮華里,961,502,459,4800,2225,2575,1551,689,862,110Y12M
63000,臺北市,63000120,北投區,63000120-007,裕民里,967,491,476,5232,2497,2735,1576,685,891,110Y12M
63000,臺北市,63000120,北投區,63000120-008,振華里,1032,553,479,4812,2273,2539,1671,737,934,110Y12M
63000,臺北市,63000120,北投區,63000120-009,永和里,1299,689,610,6260,2945,3315,1791,811,980,110Y12M
63000,臺北市,63000120,北投區,63000120-010,永欣里,1356,687,669,5416,2491,2925,1569,668,901,110Y12M
63000,臺北市,63000120,北投區,63000120-011,永明里,930,487,443,3279,1528,1751,860,376,484,110Y12M
63000,臺北市,63000120,北投區,63000120-012,東華里,755,394,361,3006,1401,1605,861,395,466,110Y12M
63000,臺北市,63000120,北投區,63000120-013,吉利里,1439,762,677,4606,2151,2455,1177,472,705,110Y12M
63000,臺北市,63000120,北投區,63000120-014,吉慶里,998,514,484,3406,1614,1792,941,398,543,110Y12M
63000,臺北市,63000120,北投區,63000120-015,尊賢里,903,477,426,3164,1477,1687,936,398,538,110Y12M
63000,臺北市,63000120,北投區,63000120-016,立賢里,1051,564,487,3783,1795,1988,971,425,546,110Y12M
63000,臺北市,63000120,北投區,63000120-017,立農里,1628,864,764,6240,2943,3297,1554,695,859,110Y12M
63000,臺北市,63000120,北投區,63000120-018,八仙里,599,304,295,3763,1842,1921,1037,463,574,110Y12M
63000,臺北市,63000120,北投區,63000120-019,洲美里,413,217,196,1676,829,847,369,174,195,110Y12M
63000,臺北市,63000120,北投區,63000120-020,奇岩里,1272,674,598,7681,3734,3947,2169,960,1209,110Y12M
63000,臺北市,63000120,北投區,63000120-021,清江里,809,431,378,6786,3551,3235,1907,867,1040,110Y12M
63000,臺北市,63000120,北投區,63000120-022,中央里,863,455,408,5675,2770,2905,1608,699,909,110Y12M
63000,臺北市,63000120,北投區,63000120-023,長安里,626,321,305,4300,2025,2275,1107,474,633,110Y12M
63000,臺北市,63000120,北投區,63000120-024,大同里,581,299,282,3760,1855,1905,1060,474,586,110Y12M
63000,臺北市,63000120,北投區,63000120-025,溫泉里,622,318,304,4407,2105,2302,1357,588,769,110Y12M
63000,臺北市,63000120,北投區,63000120-026,林泉里,249,131,118,2092,1037,1055,647,303,344,110Y12M
63000,臺北市,63000120,北投區,63000120-027,中心里,557,280,277,4528,2109,2419,1332,548,784,110Y12M
63000,臺北市,63000120,北投區,63000120-028,中庸里,411,220,191,2812,1375,1437,801,351,450,110Y12M
63000,臺北市,63000120,北投區,63000120-029,開明里,598,300,298,4612,2260,2352,1343,570,773,110Y12M
63000,臺北市,63000120,北投區,63000120-030,中和里,470,254,216,3283,1606,1677,1035,430,605,110Y12M
63000,臺北市,63000120,北投區,63000120-031,智仁里,771,419,352,4221,2048,2173,1136,457,679,110Y12M
63000,臺北市,63000120,北投區,63000120-032,秀山里,305,157,148,2171,1066,1105,696,309,387,110Y12M
63000,臺北市,63000120,北投區,63000120-033,文化里,569,309,260,2823,1392,1431,782,324,458,110Y12M
63000,臺北市,63000120,北投區,63000120-034,豐年里,639,327,312,3093,1525,1568,784,334,450,110Y12M
63000,臺北市,63000120,北投區,63000120-035,稻香里,448,232,216,3806,1916,1890,1034,450,584,110Y12M
63000,臺北市,63000120,北投區,63000120-036,桃源里,561,292,269,4365,2165,2200,1035,479,556,110Y12M
63000,臺北市,63000120,北投區,63000120-037,一德里,915,475,440,5237,2567,2670,1255,579,676,110Y12M
63000,臺北市,63000120,北投區,63000120-038,關渡里,1289,653,636,7637,3699,3938,2333,1127,1206,110Y12M
63000,臺北市,63000120,北投區,63000120-039,泉源里,153,80,73,1665,895,770,494,232,262,110Y12M
63000,臺北市,63000120,北投區,63000120-040,湖山里,90,48,42,1023,544,479,433,223,210,110Y12M
63000,臺北市,63000120,北投區,63000120-041,大屯里,137,86,51,827,430,397,274,139,135,110Y12M
63000,臺北市,63000120,北投區,63000120-042,湖田里,63,29,34,619,346,273,216,118,98,110Y12M
68000,桃園市,68000010,桃園區,68000010-001,文化里,150,66,84,849,362,487,212,96,116,110Y12M
68000,桃園市,68000010,桃園區,68000010-002,文明里,197,101,96,1105,516,589,391,178,213,110Y12M
68000,桃園市,68000010,桃園區,68000010-003,武陵里,180,91,89,1280,613,667,394,167,227,110Y12M
68000,桃園市,68000010,桃園區,68000010-004,大林里,1859,957,902,6281,3032,3249,902,413,489,110Y12M
68000,桃園市,68000010,桃園區,68000010-005,忠義里,600,311,289,3161,1507,1654,515,222,293,110Y12M
68000,桃園市,68000010,桃園區,68000010-006,會稽里,1712,891,821,8798,4215,4583,1398,587,811,110Y12M
68000,桃園市,68000010,桃園區,68000010-007,長美里,145,65,80,723,385,338,293,136,157,110Y12M
68000,桃園市,68000010,桃園區,68000010-008,民生里,202,100,102,1318,624,694,393,185,208,110Y12M
68000,桃園市,68000010,桃園區,68000010-009,永興里,227,120,107,1412,725,687,455,204,251,110Y12M
68000,桃園市,68000010,桃園區,68000010-010,汴洲里,1201,612,589,6004,2938,3066,1003,447,556,110Y12M
68000,桃園市,68000010,桃園區,68000010-011,永安里,784,421,363,3803,1926,1877,931,413,518,110Y12M
68000,桃園市,68000010,桃園區,68000010-012,東埔里,594,290,304,3787,1874,1913,947,387,560,110Y12M
68000,桃園市,68000010,桃園區,68000010-013,東門里,421,221,200,2384,1158,1226,693,295,398,110Y12M
68000,桃園市,68000010,桃園區,68000010-014,東山里,242,124,118,1480,751,729,468,220,248,110Y12M
68000,桃園市,68000010,桃園區,68000010-015,萬壽里,118,56,62,700,360,340,249,120,129,110Y12M
68000,桃園市,68000010,桃園區,68000010-016,長安里,674,339,335,2955,1460,1495,693,318,375,110Y12M
68000,桃園市,68000010,桃園區,68000010-017,中埔里,370,195,175,2140,1103,1037,484,225,259,110Y12M
68000,桃園市,68000010,桃園區,68000010-018,西埔里,438,215,223,2567,1323,1244,620,292,328,110Y12M
68000,桃園市,68000010,桃園區,68000010-019,西門里,240,128,112,1316,636,680,393,181,212,110Y12M
68000,桃園市,68000010,桃園區,68000010-020,中和里,121,52,69,981,514,467,363,158,205,110Y12M
68000,桃園市,68000010,桃園區,68000010-021,文昌里,130,72,58,533,273,260,245,126,119,110Y12M
68000,桃園市,68000010,桃園區,68000010-022,新埔里,1739,922,817,8701,4180,4521,1462,585,877,110Y12M
68000,桃園市,68000010,桃園區,68000010-023,中山里,1297,653,644,6057,2877,3180,934,403,531,110Y12M
68000,桃園市,68000010,桃園區,68000010-024,慈文里,1483,736,747,5661,2723,2938,949,374,575,110Y12M
68000,桃園市,68000010,桃園區,68000010-025,西湖里,195,106,89,1119,534,585,337,145,192,110Y12M
68000,桃園市,68000010,桃園區,68000010-026,南門里,797,402,395,4962,2411,2551,1139,473,666,110Y12M
68000,桃園市,68000010,桃園區,68000010-027,南華里,197,103,94,1041,499,542,357,171,186,110Y12M
68000,桃園市,68000010,桃園區,68000010-028,玉山里,686,357,329,3938,1943,1995,1084,477,607,110Y12M
68000,桃園市,68000010,桃園區,68000010-029,中成里,917,493,424,5170,2555,2615,1003,441,562,110Y12M
68000,桃園市,68000010,桃園區,68000010-030,中正里,1260,606,654,5980,2885,3095,1129,476,653,110Y12M
68000,桃園市,68000010,桃園區,68000010-031,北門里,189,97,92,1319,661,658,421,192,229,110Y12M
68000,桃園市,68000010,桃園區,68000010-032,雲林里,1061,514,547,5316,2530,2786,990,437,553,110Y12M
68000,桃園市,68000010,桃園區,68000010-033,福林里,1323,672,651,5060,2479,2581,1169,514,655,110Y12M
68000,桃園市,68000010,桃園區,68000010-034,光興里,842,430,412,3711,1836,1875,1037,471,566,110Y12M
68000,桃園市,68000010,桃園區,68000010-035,龍山里,404,235,169,2839,1498,1341,742,316,426,110Y12M
68000,桃園市,68000010,桃園區,68000010-036,龍岡里,924,476,448,5145,2496,2649,844,347,497,110Y12M
68000,桃園市,68000010,桃園區,68000010-037,成功里,624,336,288,3153,1519,1634,848,378,470,110Y12M
68000,桃園市,68000010,桃園區,68000010-038,青溪里,902,493,409,3515,1735,1780,836,372,464,110Y12M
68000,桃園市,68000010,桃園區,68000010-039,朝陽里,261,146,115,1545,750,795,458,214,244,110Y12M
68000,桃園市,68000010,桃園區,68000010-040,中興里,1057,557,500,4737,2322,2415,1171,536,635,110Y12M
68000,桃園市,68000010,桃園區,68000010-041,豐林里,956,483,473,5104,2504,2600,1319,600,719,110Y12M
68000,桃園市,68000010,桃園區,68000010-042,建國里,720,366,354,4190,2089,2101,1061,477,584,110Y12M
68000,桃園市,68000010,桃園區,68000010-043,大豐里,794,414,380,4229,2039,2190,851,386,465,110Y12M
68000,桃園市,68000010,桃園區,68000010-044,福安里,823,431,392,3405,1581,1824,842,371,471,110Y12M
68000,桃園市,68000010,桃園區,68000010-045,三民里,885,465,420,3445,1638,1807,854,389,465,110Y12M
68000,桃園市,68000010,桃園區,68000010-046,大興里,720,356,364,4648,2299,2349,921,412,509,110Y12M
68000,桃園市,68000010,桃園區,68000010-047,春日里,934,489,445,5393,2680,2713,932,414,518,110Y12M
68000,桃園市,68000010,桃園區,68000010-048,信光里,1400,758,642,6139,2965,3174,1060,454,606,110Y12M
68000,桃園市,68000010,桃園區,68000010-049,中寧里,1602,851,751,5557,2561,2996,825,348,477,110Y12M
68000,桃園市,68000010,桃園區,68000010-050,同安里,2012,1074,938,8782,4136,4646,1351,595,756,110Y12M
68000,桃園市,68000010,桃園區,68000010-051,莊敬里,1522,801,721,7948,3725,4223,1211,518,693,110Y12M
68000,桃園市,68000010,桃園區,68000010-052,文中里,861,433,428,3813,1868,1945,703,310,393,110Y12M
68000,桃園市,68000010,桃園區,68000010-053,泰山里,489,254,235,3022,1501,1521,771,353,418,110Y12M
68000,桃園市,68000010,桃園區,68000010-054,中路里,531,285,246,3273,1565,1708,716,324,392,110Y12M
68000,桃園市,68000010,桃園區,68000010-055,中德里,1192,643,549,5707,2844,2863,1027,454,573,110Y12M
68000,桃園市,68000010,桃園區,68000010-056,龍祥里,947,496,451,4438,2152,2286,699,305,394,110Y12M
68000,桃園市,68000010,桃園區,68000010-057,大有里,1400,718,682,5894,2804,3090,847,347,500,110Y12M
68000,桃園市,68000010,桃園區,68000010-058,寶山里,1394,745,649,7765,3711,4054,1044,457,587,110Y12M
68000,桃園市,68000010,桃園區,68000010-059,龍鳳里,1170,619,551,8823,4709,4114,1269,653,616,110Y12M
68000,桃園市,68000010,桃園區,68000010-060,龍安里,1054,576,478,5079,2420,2659,646,294,352,110Y12M
68000,桃園市,68000010,桃園區,68000010-061,自強里,1181,646,535,6615,3143,3472,1037,482,555,110Y12M
68000,桃園市,68000010,桃園區,68000010-062,中信里,961,514,447,4917,2360,2557,934,433,501,110Y12M
68000,桃園市,68000010,桃園區,68000010-063,長德里,987,505,482,4250,2016,2234,865,378,487,110Y12M
68000,桃園市,68000010,桃園區,68000010-064,中平里,700,348,352,3983,1937,2046,789,360,429,110Y12M
68000,桃園市,68000010,桃園區,68000010-065,中原里,778,410,368,4188,1986,2202,580,260,320,110Y12M
68000,桃園市,68000010,桃園區,68000010-066,中泰里,656,355,301,3864,1821,2043,500,222,278,110Y12M
68000,桃園市,68000010,桃園區,68000010-067,南埔里,1205,627,578,4474,2073,2401,656,265,391,110Y12M
68000,桃園市,68000010,桃園區,68000010-068,寶慶里,1373,718,655,5814,2686,3128,685,285,400,110Y12M
68000,桃園市,68000010,桃園區,68000010-069,北埔里,880,443,437,4435,2090,2345,493,208,285,110Y12M
68000,桃園市,68000010,桃園區,68000010-070,中聖里,969,485,484,4939,2261,2678,819,337,482,110Y12M
68000,桃園市,68000010,桃園區,68000010-071,龍壽里,1313,683,630,6126,2916,3210,738,329,409,110Y12M
68000,桃園市,68000010,桃園區,68000010-072,同德里,1452,775,677,5728,2725,3003,710,301,409,110Y12M
68000,桃園市,68000010,桃園區,68000010-073,明德里,574,304,270,2764,1287,1477,533,251,282,110Y12M
68000,桃園市,68000010,桃園區,68000010-074,寶安里,1587,799,788,7656,3553,4103,873,346,527,110Y12M
68000,桃園市,68000010,桃園區,68000010-075,瑞慶里,1307,659,648,5501,2615,2886,681,306,375,110Y12M
68000,桃園市,68000010,桃園區,68000010-076,三元里,646,341,305,3322,1595,1727,583,259,324,110Y12M
68000,桃園市,68000010,桃園區,68000010-077,大樹里,779,406,373,3378,1646,1732,645,297,348,110Y12M
68000,桃園市,68000010,桃園區,68000010-078,大業里,1025,535,490,4516,2164,2352,694,304,390,110Y12M
68000,桃園市,68000010,桃園區,68000010-079,福元里,1085,554,531,4328,1956,2372,506,209,297,110Y12M
68000,桃園市,68000020,中壢區,68000020-001,龍平里,422,230,192,2393,1156,1237,633,221,412,110Y12M
68000,桃園市,68000020,中壢區,68000020-002,龍昌里,693,375,318,4632,2370,2262,969,419,550,110Y12M
68000,桃園市,68000020,中壢區,68000020-003,仁德里,481,236,245,2613,1313,1300,560,208,352,110Y12M
68000,桃園市,68000020,中壢區,68000020-004,永興里,85,37,48,706,353,353,240,114,126,110Y12M
68000,桃園市,68000020,中壢區,68000020-005,內壢里,337,177,160,1726,896,830,539,225,314,110Y12M
68000,桃園市,68000020,中壢區,68000020-006,成功里,756,392,364,3952,1962,1990,588,238,350,110Y12M
68000,桃園市,68000020,中壢區,68000020-007,光明里,792,426,366,4355,2107,2248,1115,483,632,110Y12M
68000,桃園市,68000020,中壢區,68000020-008,自立里,631,317,314,4093,2077,2016,1169,403,766,110Y12M
68000,桃園市,68000020,中壢區,68000020-009,自強里,525,287,238,3054,1477,1577,542,224,318,110Y12M
68000,桃園市,68000020,中壢區,68000020-010,中堅里,685,356,329,3414,1709,1705,538,189,349,110Y12M
68000,桃園市,68000020,中壢區,68000020-011,龍興里,587,303,284,3569,1799,1770,854,377,477,110Y12M
68000,桃園市,68000020,中壢區,68000020-012,仁美里,1131,568,563,4858,2353,2505,926,396,530,110Y12M
68000,桃園市,68000020,中壢區,68000020-013,仁愛里,387,215,172,2588,1359,1229,503,219,284,110Y12M
68000,桃園市,68000020,中壢區,68000020-014,新街里,286,144,142,1906,901,1005,459,214,245,110Y12M
68000,桃園市,68000020,中壢區,68000020-015,中央里,459,241,218,2636,1299,1337,843,378,465,110Y12M
68000,桃園市,68000020,中壢區,68000020-016,普仁里,1130,616,514,3724,1817,1907,701,341,360,110Y12M
68000,桃園市,68000020,中壢區,68000020-017,普義里,808,426,382,4864,2680,2184,945,528,417,110Y12M
68000,桃園市,68000020,中壢區,68000020-018,忠義里,834,435,399,3553,1663,1890,520,243,277,110Y12M
68000,桃園市,68000020,中壢區,68000020-019,中正里,865,447,418,4729,2368,2361,706,298,408,110Y12M
68000,桃園市,68000020,中壢區,68000020-020,興仁里,627,324,303,2923,1432,1491,591,262,329,110Y12M
68000,桃園市,68000020,中壢區,68000020-021,東興里,559,290,269,2724,1331,1393,710,297,413,110Y12M
68000,桃園市,68000020,中壢區,68000020-022,洽溪里,2044,992,1052,6910,3348,3562,682,332,350,110Y12M
68000,桃園市,68000020,中壢區,68000020-023,篤行里,448,239,209,2509,1241,1268,295,123,172,110Y12M
68000,桃園市,68000020,中壢區,68000020-024,新明里,539,277,262,3060,1518,1542,778,333,445,110Y12M
68000,桃園市,68000020,中壢區,68000020-025,新興里,766,377,389,3074,1471,1603,677,322,355,110Y12M
68000,桃園市,68000020,中壢區,68000020-026,中原里,586,301,285,2983,1468,1515,771,330,441,110Y12M
68000,桃園市,68000020,中壢區,68000020-027,內定里,1324,681,643,6322,3212,3110,967,468,499,110Y12M
68000,桃園市,68000020,中壢區,68000020-028,中壢里,126,73,53,504,266,238,185,89,96,110Y12M
68000,桃園市,68000020,中壢區,68000020-029,龍岡里,759,423,336,3783,1954,1829,945,390,555,110Y12M
68000,桃園市,68000020,中壢區,68000020-030,仁祥里,374,192,182,2381,1246,1135,505,187,318,110Y12M
68000,桃園市,68000020,中壢區,68000020-031,水尾里,405,231,174,2974,1571,1403,784,367,417,110Y12M
68000,桃園市,68000020,中壢區,68000020-032,青埔里,1868,991,877,6431,3087,3344,626,286,340,110Y12M
68000,桃園市,68000020,中壢區,68000020-033,復興里,2913,1511,1402,9035,4238,4797,1101,470,631,110Y12M
68000,桃園市,68000020,中壢區,68000020-034,文化里,1778,905,873,7944,3802,4142,1235,577,658,110Y12M
68000,桃園市,68000020,中壢區,68000020-035,興國里,272,146,126,1473,721,752,467,200,267,110Y12M
68000,桃園市,68000020,中壢區,68000020-036,忠福里,1032,528,504,6750,3385,3365,1344,586,758,110Y12M
68000,桃園市,68000020,中壢區,68000020-037,信義里,1040,549,491,3816,1819,1997,741,341,400,110Y12M
68000,桃園市,68000020,中壢區,68000020-038,石頭里,283,128,155,1135,563,572,490,235,255,110Y12M
68000,桃園市,68000020,中壢區,68000020-039,龍東里,747,368,379,4113,2057,2056,1003,371,632,110Y12M
68000,桃園市,68000020,中壢區,68000020-040,中建里,190,94,96,760,366,394,262,124,138,110Y12M
68000,桃園市,68000020,中壢區,68000020-041,興南里,348,170,178,2433,1088,1345,622,273,349,110Y12M
68000,桃園市,68000020,中壢區,68000020-042,後寮里,747,377,370,4303,2143,2160,689,292,397,110Y12M
68000,桃園市,68000020,中壢區,68000020-043,過嶺里,2071,1045,1026,7564,3637,3927,839,399,440,110Y12M
68000,桃園市,68000020,中壢區,68000020-044,五權里,1219,638,581,5400,2737,2663,1059,496,563,110Y12M
68000,桃園市,68000020,中壢區,68000020-045,舊明里,192,107,85,1065,573,492,410,212,198,110Y12M
68000,桃園市,68000020,中壢區,68000020-046,芝芭里,670,341,329,3742,1894,1848,692,341,351,110Y12M
68000,桃園市,68000020,中壢區,68000020-047,月眉里,895,477,418,5031,2533,2498,855,441,414,110Y12M
68000,桃園市,68000020,中壢區,68000020-048,三民里,474,261,213,2704,1413,1291,686,328,358,110Y12M
68000,桃園市,68000020,中壢區,68000020-049,山東里,446,238,208,3177,1685,1492,681,365,316,110Y12M
68000,桃園市,68000020,中壢區,68000020-050,中榮里,210,104,106,607,288,319,239,111,128,110Y12M
68000,桃園市,68000020,中壢區,68000020-051,內厝里,742,403,339,4141,2124,2017,819,395,424,110Y12M
68000,桃園市,68000020,中壢區,68000020-052,振興里,547,272,275,4061,2017,2044,921,407,514,110Y12M
68000,桃園市,68000020,中壢區,68000020-053,普慶里,519,267,252,2178,1094,1084,528,236,292,110Y12M
68000,桃園市,68000020,中壢區,68000020-054,興和里,417,202,215,2212,1153,1059,592,257,335,110Y12M
68000,桃園市,68000020,中壢區,68000020-055,永光里,955,512,443,4711,2305,2406,926,406,520,110Y12M
68000,桃園市,68000020,中壢區,68000020-056,復華里,1411,724,687,4925,2335,2590,850,389,461,110Y12M
68000,桃園市,68000020,中壢區,68000020-057,忠孝里,1060,539,521,4228,2030,2198,590,259,331,110Y12M
68000,桃園市,68000020,中壢區,68000020-058,福德里,444,250,194,2413,1229,1184,518,222,296,110Y12M
68000,桃園市,68000020,中壢區,68000020-059,和平里,559,293,266,2181,1084,1097,475,205,270,110Y12M
68000,桃園市,68000020,中壢區,68000020-060,普忠里,897,455,442,2917,1423,1494,483,230,253,110Y12M
68000,桃園市,68000020,中壢區,68000020-061,普強里,659,338,321,3215,1552,1663,593,289,304,110Y12M
68000,桃園市,68000020,中壢區,68000020-062,明德里,1141,588,553,4110,2012,2098,800,384,416,110Y12M
68000,桃園市,68000020,中壢區,68000020-063,至善里,565,300,265,3434,1691,1743,465,181,284,110Y12M
68000,桃園市,68000020,中壢區,68000020-064,五福里,449,255,194,2945,1473,1472,750,326,424,110Y12M
68000,桃園市,68000020,中壢區,68000020-065,龍德里,535,250,285,3625,1858,1767,645,269,376,110Y12M
68000,桃園市,68000020,中壢區,68000020-066,正義里,825,401,424,3623,1809,1814,799,369,430,110Y12M
68000,桃園市,68000020,中壢區,68000020-067,龍安里,251,128,123,1663,849,814,457,153,304,110Y12M
68000,桃園市,68000020,中壢區,68000020-068,中山里,717,355,362,4447,2166,2281,485,207,278,110Y12M
68000,桃園市,68000020,中壢區,68000020-069,德義里,381,189,192,1988,956,1032,545,253,292,110Y12M
68000,桃園市,68000020,中壢區,68000020-070,仁義里,676,335,341,3303,1615,1688,602,275,327,110Y12M
68000,桃園市,68000020,中壢區,68000020-071,華勛里,579,294,285,3458,1739,1719,653,251,402,110Y12M
68000,桃園市,68000020,中壢區,68000020-072,仁福里,653,325,328,4194,2041,2153,778,326,452,110Y12M
68000,桃園市,68000020,中壢區,68000020-073,幸福里,800,402,398,5472,2616,2856,819,346,473,110Y12M
68000,桃園市,68000020,中壢區,68000020-074,永福里,673,364,309,4721,2400,2321,899,431,468,110Y12M
68000,桃園市,68000020,中壢區,68000020-075,仁和里,674,369,305,3253,1611,1642,471,207,264,110Y12M
68000,桃園市,68000020,中壢區,68000020-076,華愛里,610,334,276,3273,1583,1690,469,192,277,110Y12M
68000,桃園市,68000020,中壢區,68000020-077,莊敬里,375,218,157,2890,1445,1445,630,224,406,110Y12M
68000,桃園市,68000020,中壢區,68000020-078,自治里,556,276,280,3103,1482,1621,666,255,411,110Y12M
68000,桃園市,68000020,中壢區,68000020-079,健行里,1157,578,579,3941,1911,2030,759,327,432,110Y12M
68000,桃園市,68000020,中壢區,68000020-080,興平里,439,225,214,1923,983,940,570,265,305,110Y12M
68000,桃園市,68000020,中壢區,68000020-081,中興里,475,235,240,3107,1453,1654,414,184,230,110Y12M
68000,桃園市,68000020,中壢區,68000020-082,龍慈里,699,371,328,4543,2177,2366,460,197,263,110Y12M
68000,桃園市,68000020,中壢區,68000020-083,自信里,800,430,370,5158,2508,2650,676,285,391,110Y12M
68000,桃園市,68000020,中壢區,68000020-084,林森里,936,483,453,3316,1579,1737,658,286,372,110Y12M
68000,桃園市,68000020,中壢區,68000020-085,金華里,602,284,318,3556,1599,1957,636,281,355,110Y12M
68000,桃園市,68000030,大溪區,68000030-001,興和里,212,119,93,1067,538,529,424,188,236,110Y12M
68000,桃園市,68000030,大溪區,68000030-002,福仁里,156,86,70,714,385,329,270,121,149,110Y12M
68000,桃園市,68000030,大溪區,68000030-003,一心里,735,392,343,4106,2080,2026,814,385,429,110Y12M
68000,桃園市,68000030,大溪區,68000030-004,一德里,813,409,404,4835,2425,2410,972,444,528,110Y12M
68000,桃園市,68000030,大溪區,68000030-005,月眉里,155,78,77,1009,552,457,249,125,124,110Y12M
68000,桃園市,68000030,大溪區,68000030-006,永福里,68,38,30,705,400,305,271,141,130,110Y12M
68000,桃園市,68000030,大溪區,68000030-007,美華里,355,182,173,2532,1385,1147,599,290,309,110Y12M
68000,桃園市,68000030,大溪區,68000030-008,福安里,189,102,87,1717,943,774,555,270,285,110Y12M
68000,桃園市,68000030,大溪區,68000030-009,復興里,64,31,33,617,372,245,255,133,122,110Y12M
68000,桃園市,68000030,大溪區,68000030-010,新峰里,66,44,22,584,351,233,229,103,126,110Y12M
68000,桃園市,68000030,大溪區,68000030-011,康安里,128,70,58,1031,564,467,303,137,166,110Y12M
68000,桃園市,68000030,大溪區,68000030-012,義和里,170,94,76,1375,725,650,412,191,221,110Y12M
68000,桃園市,68000030,大溪區,68000030-013,瑞興里,366,175,191,2242,1230,1012,546,272,274,110Y12M
68000,桃園市,68000030,大溪區,68000030-014,中新里,131,76,55,1188,697,491,339,165,174,110Y12M
68000,桃園市,68000030,大溪區,68000030-015,仁義里,385,202,183,2311,1144,1167,626,222,404,110Y12M
68000,桃園市,68000030,大溪區,68000030-016,僑愛里,398,170,228,1990,993,997,569,231,338,110Y12M
68000,桃園市,68000030,大溪區,68000030-017,仁善里,884,456,428,4174,2100,2074,556,258,298,110Y12M
68000,桃園市,68000030,大溪區,68000030-018,仁愛里,1061,562,499,4705,2400,2305,696,319,377,110Y12M
68000,桃園市,68000030,大溪區,68000030-019,仁武里,601,320,281,2802,1400,1402,558,246,312,110Y12M
68000,桃園市,68000030,大溪區,68000030-020,員林里,270,132,138,1395,706,689,266,118,148,110Y12M
68000,桃園市,68000030,大溪區,68000030-021,南興里,698,391,307,4359,2369,1990,918,453,465,110Y12M
68000,桃園市,68000030,大溪區,68000030-022,瑞源里,565,315,250,3184,1636,1548,651,326,325,110Y12M
68000,桃園市,68000030,大溪區,68000030-023,光明里,316,158,158,2006,1020,986,494,204,290,110Y12M
68000,桃園市,68000030,大溪區,68000030-024,三元里,516,261,255,2491,1231,1260,607,250,357,110Y12M
68000,桃園市,68000030,大溪區,68000030-025,田心里,656,361,295,3836,1933,1903,789,366,423,110Y12M
68000,桃園市,68000030,大溪區,68000030-026,仁文里,649,344,305,3294,1638,1656,712,321,391,110Y12M
68000,桃園市,68000030,大溪區,68000030-027,仁和里,1193,601,592,4417,2207,2210,713,343,370,110Y12M
68000,桃園市,68000030,大溪區,68000030-028,仁美里,584,303,281,2861,1468,1393,546,240,306,110Y12M
68000,桃園市,68000040,楊梅區,68000040-001,楊梅里,768,427,341,3215,1572,1643,829,394,435,110Y12M
68000,桃園市,68000040,楊梅區,68000040-002,楊江里,159,79,80,822,406,416,284,140,144,110Y12M
68000,桃園市,68000040,楊梅區,68000040-003,紅梅里,422,226,196,2020,1046,974,647,289,358,110Y12M
68000,桃園市,68000040,楊梅區,68000040-004,永寧里,1556,812,744,6791,3428,3363,1101,573,528,110Y12M
68000,桃園市,68000040,楊梅區,68000040-005,大平里,422,218,204,2530,1357,1173,690,312,378,110Y12M
68000,桃園市,68000040,楊梅區,68000040-006,東流里,406,213,193,2499,1311,1188,515,260,255,110Y12M
68000,桃園市,68000040,楊梅區,68000040-007,水美里,545,298,247,3475,1803,1672,804,400,404,110Y12M
68000,桃園市,68000040,楊梅區,68000040-008,上田里,278,135,143,2268,1224,1044,466,229,237,110Y12M
68000,桃園市,68000040,楊梅區,68000040-009,梅新里,302,153,149,1586,811,775,407,189,218,110Y12M
68000,桃園市,68000040,楊梅區,68000040-010,大同里,637,329,308,2943,1509,1434,721,317,404,110Y12M
68000,桃園市,68000040,楊梅區,68000040-011,埔心里,150,77,73,994,521,473,391,179,212,110Y12M
68000,桃園市,68000040,楊梅區,68000040-012,金龍里,275,144,131,1282,607,675,218,87,131,110Y12M
68000,桃園市,68000040,楊梅區,68000040-013,瑞塘里,1427,722,705,5198,2541,2657,804,349,455,110Y12M
68000,桃園市,68000040,楊梅區,68000040-014,四維里,878,473,405,4449,2184,2265,495,228,267,110Y12M
68000,桃園市,68000040,楊梅區,68000040-015,梅溪里,820,410,410,3933,1975,1958,418,189,229,110Y12M
68000,桃園市,68000040,楊梅區,68000040-016,高山里,627,312,315,3405,1689,1716,549,252,297,110Y12M
68000,桃園市,68000040,楊梅區,68000040-017,高榮里,591,296,295,3129,1607,1522,528,256,272,110Y12M
68000,桃園市,68000040,楊梅區,68000040-018,仁美里,421,228,193,3074,1609,1465,867,361,506,110Y12M
68000,桃園市,68000040,楊梅區,68000040-019,光華里,447,235,212,2552,1296,1256,691,284,407,110Y12M
68000,桃園市,68000040,楊梅區,68000040-020,富岡里,228,120,108,1392,701,691,455,212,243,110Y12M
68000,桃園市,68000040,楊梅區,68000040-021,豐野里,526,284,242,3287,1708,1579,727,336,391,110Y12M
68000,桃園市,68000040,楊梅區,68000040-022,員本里,408,218,190,2481,1338,1143,510,268,242,110Y12M
68000,桃園市,68000040,楊梅區,68000040-023,瑞原里,471,284,187,3201,1692,1509,691,346,345,110Y12M
68000,桃園市,68000040,楊梅區,68000040-024,三湖里,420,213,207,2476,1266,1210,479,249,230,110Y12M
68000,桃園市,68000040,楊梅區,68000040-025,上湖里,791,414,377,5215,2683,2532,850,421,429,110Y12M
68000,桃園市,68000040,楊梅區,68000040-026,中山里,616,310,306,2655,1252,1403,456,223,233,110Y12M
68000,桃園市,68000040,楊梅區,68000040-027,楊明里,2030,1036,994,7426,3534,3892,703,338,365,110Y12M
68000,桃園市,68000040,楊梅區,68000040-028,金溪里,941,481,460,3801,1795,2006,440,215,225,110Y12M
68000,桃園市,68000040,楊梅區,68000040-029,裕成里,541,305,236,2906,1436,1470,484,232,252,110Y12M
68000,桃園市,68000040,楊梅區,68000040-030,秀才里,481,256,225,2758,1431,1327,656,327,329,110Y12M
68000,桃園市,68000040,楊梅區,68000040-031,青山里,652,326,326,4123,2015,2108,574,248,326,110Y12M
68000,桃園市,68000040,楊梅區,68000040-032,新榮里,671,332,339,3061,1463,1598,527,251,276,110Y12M
68000,桃園市,68000040,楊梅區,68000040-033,雙榮里,688,367,321,2945,1452,1493,498,238,260,110Y12M
68000,桃園市,68000040,楊梅區,68000040-034,瑞坪里,1394,733,661,5790,2874,2916,675,319,356,110Y12M
68000,桃園市,68000040,楊梅區,68000040-035,永平里,277,147,130,1734,899,835,321,153,168,110Y12M
68000,桃園市,68000040,楊梅區,68000040-036,瑞溪里,808,419,389,3411,1605,1806,389,177,212,110Y12M
68000,桃園市,68000040,楊梅區,68000040-037,高上里,395,217,178,2423,1307,1116,426,214,212,110Y12M
68000,桃園市,68000040,楊梅區,68000040-038,富豐里,387,208,179,2577,1372,1205,574,288,286,110Y12M
68000,桃園市,68000040,楊梅區,68000040-039,裕新里,484,241,243,2311,1168,1143,303,137,166,110Y12M
68000,桃園市,68000040,楊梅區,68000040-040,三民里,944,478,466,3272,1550,1722,357,160,197,110Y12M
68000,桃園市,68000040,楊梅區,68000040-041,頭湖里,519,261,258,2715,1336,1379,309,146,163,110Y12M
68000,桃園市,68000050,蘆竹區,68000050-001,新興里,399,216,183,2418,1299,1119,604,290,314,110Y12M
68000,桃園市,68000050,蘆竹區,68000050-002,中福里,720,376,344,3607,1872,1735,635,317,318,110Y12M
68000,桃園市,68000050,蘆竹區,68000050-003,新莊里,888,462,426,4472,2272,2200,765,396,369,110Y12M
68000,桃園市,68000050,蘆竹區,68000050-004,大竹里,1152,611,541,4561,2251,2310,602,264,338,110Y12M
68000,桃園市,68000050,蘆竹區,68000050-006,蘆竹里,500,267,233,3381,1800,1581,760,379,381,110Y12M
68000,桃園市,68000050,蘆竹區,68000050-007,南崁里,557,273,284,3028,1506,1522,706,324,382,110Y12M
68000,桃園市,68000050,蘆竹區,68000050-008,錦興里,760,380,380,3553,1706,1847,509,239,270,110Y12M
68000,桃園市,68000050,蘆竹區,68000050-009,五福里,476,244,232,2213,1096,1117,312,142,170,110Y12M
68000,桃園市,68000050,蘆竹區,68000050-010,內厝里,321,176,145,2185,1244,941,521,275,246,110Y12M
68000,桃園市,68000050,蘆竹區,68000050-011,山鼻里,216,109,107,1507,778,729,324,152,172,110Y12M
68000,桃園市,68000050,蘆竹區,68000050-012,山腳里,527,271,256,2978,1561,1417,714,345,369,110Y12M
68000,桃園市,68000050,蘆竹區,68000050-013,外社里,212,115,97,1227,679,548,316,158,158,110Y12M
68000,桃園市,68000050,蘆竹區,68000050-014,坑子里,171,92,79,1338,747,591,388,199,189,110Y12M
68000,桃園市,68000050,蘆竹區,68000050-015,坑口里,357,201,156,1996,1041,955,475,230,245,110Y12M
68000,桃園市,68000050,蘆竹區,68000050-016,海湖里,501,260,241,2706,1337,1369,412,206,206,110Y12M
68000,桃園市,68000050,蘆竹區,68000050-017,南榮里,695,379,316,3116,1454,1662,594,269,325,110Y12M
68000,桃園市,68000050,蘆竹區,68000050-018,南興里,1182,630,552,4710,2269,2441,695,277,418,110Y12M
68000,桃園市,68000050,蘆竹區,68000050-019,長興里,412,212,200,2283,1147,1136,386,180,206,110Y12M
68000,桃園市,68000050,蘆竹區,68000050-020,錦中里,624,328,296,2674,1291,1383,582,275,307,110Y12M
68000,桃園市,68000050,蘆竹區,68000050-021,富竹里,185,89,96,1152,616,536,241,126,115,110Y12M
68000,桃園市,68000050,蘆竹區,68000050-022,上竹里,725,378,347,3177,1576,1601,492,222,270,110Y12M
68000,桃園市,68000050,蘆竹區,68000050-023,宏竹里,413,221,192,2613,1412,1201,529,249,280,110Y12M
68000,桃園市,68000050,蘆竹區,68000050-024,瓦窯里,558,297,261,3103,1499,1604,444,200,244,110Y12M
68000,桃園市,68000050,蘆竹區,68000050-025,營盤里,1020,535,485,4645,2276,2369,485,209,276,110Y12M
68000,桃園市,68000050,蘆竹區,68000050-026,羊稠里,1249,632,617,4138,1961,2177,587,275,312,110Y12M
68000,桃園市,68000050,蘆竹區,68000050-027,順興里,1012,526,486,3825,1830,1995,356,154,202,110Y12M
68000,桃園市,68000050,蘆竹區,68000050-028,福昌里,1111,584,527,4773,2270,2503,563,219,344,110Y12M
68000,桃園市,68000050,蘆竹區,68000050-029,福興里,955,484,471,3233,1538,1695,414,164,250,110Y12M
68000,桃園市,68000050,蘆竹區,68000050-030,蘆興里,297,158,139,1465,765,700,269,132,137,110Y12M
68000,桃園市,68000050,蘆竹區,68000050-031,長壽里,1171,634,537,5298,2499,2799,624,279,345,110Y12M
68000,桃園市,68000050,蘆竹區,68000050-032,吉祥里,810,433,377,3314,1548,1766,559,259,300,110Y12M
68000,桃園市,68000050,蘆竹區,68000050-033,中山里,705,339,366,3120,1469,1651,293,124,169,110Y12M
68000,桃園市,68000050,蘆竹區,68000050-034,福祿里,708,359,349,3126,1477,1649,303,131,172,110Y12M
68000,桃園市,68000050,蘆竹區,68000050-035,興榮里,606,304,302,2515,1159,1356,432,188,244,110Y12M
68000,桃園市,68000050,蘆竹區,68000050-036,中興里,1465,750,715,4921,2323,2598,441,198,243,110Y12M
68000,桃園市,68000050,蘆竹區,68000050-037,上興里,749,381,368,3115,1535,1580,430,199,231,110Y12M
68000,桃園市,68000050,蘆竹區,68000050-038,營福里,723,375,348,3089,1495,1594,349,151,198,110Y12M
68000,桃園市,68000050,蘆竹區,68000050-039,正興里,846,448,398,4257,2041,2216,450,208,242,110Y12M
68000,桃園市,68000050,蘆竹區,68000050-040,濱海里,345,174,171,2243,1155,1088,435,215,220,110Y12M
68000,桃園市,68000060,大園區,68000060-001,大園里,1025,506,519,5190,2701,2489,1171,547,624,110Y12M
68000,桃園市,68000060,大園區,68000060-002,田心里,1413,759,654,6323,3154,3169,1083,508,575,110Y12M
68000,桃園市,68000060,大園區,68000060-003,溪海里,687,364,323,4248,2232,2016,719,357,362,110Y12M
68000,桃園市,68000060,大園區,68000060-004,和平里,201,108,93,1310,709,601,372,193,179,110Y12M
68000,桃園市,68000060,大園區,68000060-005,橫峰里,2772,1509,1263,10502,5035,5467,1621,769,852,110Y12M
68000,桃園市,68000060,大園區,68000060-006,五權里,853,438,415,4471,2335,2136,921,486,435,110Y12M
68000,桃園市,68000060,大園區,68000060-007,埔心里,783,400,383,4718,2458,2260,931,436,495,110Y12M
68000,桃園市,68000060,大園區,68000060-008,大海里,191,106,85,1280,667,613,317,147,170,110Y12M
68000,桃園市,68000060,大園區,68000060-010,三石里,459,250,209,2360,1202,1158,582,283,299,110Y12M
68000,桃園市,68000060,大園區,68000060-011,■林里,1126,598,528,6234,3105,3129,1085,508,577,110Y12M
68000,桃園市,68000060,大園區,68000060-012,竹圍里,424,212,212,2669,1399,1270,478,213,265,110Y12M
68000,桃園市,68000060,大園區,68000060-013,海口里,231,122,109,1524,800,724,277,129,148,110Y12M
68000,桃園市,68000060,大園區,68000060-014,沙崙里,302,149,153,2022,1086,936,467,224,243,110Y12M
68000,桃園市,68000060,大園區,68000060-015,後厝里,342,173,169,1988,1005,983,341,168,173,110Y12M
68000,桃園市,68000060,大園區,68000060-016,圳頭里,338,183,155,2014,1045,969,417,199,218,110Y12M
68000,桃園市,68000060,大園區,68000060-017,內海里,298,162,136,1863,984,879,392,202,190,110Y12M
68000,桃園市,68000060,大園區,68000060-018,北港里,389,209,180,2715,1399,1316,385,177,208,110Y12M
68000,桃園市,68000060,大園區,68000060-019,南港里,1147,597,550,5567,2796,2771,634,294,340,110Y12M
68000,桃園市,68000070,龜山區,68000070-001,楓樹里,657,338,319,3479,1756,1723,667,325,342,110Y12M
68000,桃園市,68000070,龜山區,68000070-002,龜山里,1078,546,532,5622,2839,2783,1213,533,680,110Y12M
68000,桃園市,68000070,龜山區,68000070-003,兔坑里,602,310,292,3958,2072,1886,664,343,321,110Y12M
68000,桃園市,68000070,龜山區,68000070-004,大同里,986,501,485,5073,2570,2503,969,428,541,110Y12M
68000,桃園市,68000070,龜山區,68000070-005,山福里,475,228,247,2627,1347,1280,720,315,405,110Y12M
68000,桃園市,68000070,龜山區,68000070-006,山頂里,799,422,377,4696,2502,2194,908,434,474,110Y12M
68000,桃園市,68000070,龜山區,68000070-007,陸光里,387,204,183,2731,1421,1310,997,360,637,110Y12M
68000,桃園市,68000070,龜山區,68000070-008,精忠里,1130,616,514,4524,2264,2260,864,303,561,110Y12M
68000,桃園市,68000070,龜山區,68000070-009,公西里,154,84,70,1031,547,484,307,124,183,110Y12M
68000,桃園市,68000070,龜山區,68000070-010,樂善里,1079,534,545,5798,2885,2913,568,261,307,110Y12M
68000,桃園市,68000070,龜山區,68000070-011,南上里,312,159,153,1573,781,792,339,182,157,110Y12M
68000,桃園市,68000070,龜山區,68000070-012,大坑里,270,149,121,1692,863,829,344,187,157,110Y12M
68000,桃園市,68000070,龜山區,68000070-013,中興里,643,333,310,3847,1908,1939,1029,460,569,110Y12M
68000,桃園市,68000070,龜山區,68000070-014,山德里,554,292,262,3778,1894,1884,1159,524,635,110Y12M
68000,桃園市,68000070,龜山區,68000070-015,新路里,767,402,365,4310,2159,2151,1133,505,628,110Y12M
68000,桃園市,68000070,龜山區,68000070-016,嶺頂里,536,282,254,3458,1819,1639,713,341,372,110Y12M
68000,桃園市,68000070,龜山區,68000070-017,龍壽里,190,97,93,1467,755,712,342,174,168,110Y12M
68000,桃園市,68000070,龜山區,68000070-018,舊路里,262,138,124,1813,967,846,912,402,510,110Y12M
68000,桃園市,68000070,龜山區,68000070-019,大崗里,565,279,286,3589,1911,1678,686,315,371,110Y12M
68000,桃園市,68000070,龜山區,68000070-020,文化里,1254,670,584,6424,3011,3413,898,411,487,110Y12M
68000,桃園市,68000070,龜山區,68000070-021,南美里,520,271,249,2124,1064,1060,311,150,161,110Y12M
68000,桃園市,68000070,龜山區,68000070-022,幸福里,802,408,394,4625,2332,2293,800,396,404,110Y12M
68000,桃園市,68000070,龜山區,68000070-023,福源里,265,139,126,1614,851,763,389,198,191,110Y12M
68000,桃園市,68000070,龜山區,68000070-024,龍華里,339,167,172,2920,1468,1452,581,269,312,110Y12M
68000,桃園市,68000070,龜山區,68000070-025,迴龍里,612,331,281,5240,2602,2638,983,436,547,110Y12M
68000,桃園市,68000070,龜山區,68000070-026,新嶺里,502,275,227,3397,1748,1649,649,324,325,110Y12M
68000,桃園市,68000070,龜山區,68000070-027,大湖里,825,428,397,4950,2323,2627,704,306,398,110Y12M
68000,桃園市,68000070,龜山區,68000070-028,大華里,2026,1084,942,8304,4026,4278,1012,460,552,110Y12M
68000,桃園市,68000070,龜山區,68000070-029,長庚里,1215,627,588,4173,1718,2455,264,112,152,110Y12M
68000,桃園市,68000070,龜山區,68000070-030,新興里,310,158,152,2508,1462,1046,661,348,313,110Y12M
68000,桃園市,68000070,龜山區,68000070-031,文青里,1376,728,648,6965,3289,3676,1026,406,620,110Y12M
68000,桃園市,68000070,龜山區,68000070-032,楓福里,729,390,339,3003,1446,1557,421,195,226,110Y12M
68000,桃園市,68000080,八德區,68000080-001,興仁里,1881,1000,881,8455,4241,4214,1148,554,594,110Y12M
68000,桃園市,68000080,八德區,68000080-002,福興里,2235,1181,1054,9287,4578,4709,1129,514,615,110Y12M
68000,桃園市,68000080,八德區,68000080-003,瑞豐里,1196,624,572,4599,2268,2331,565,241,324,110Y12M
68000,桃園市,68000080,八德區,68000080-004,瑞發里,498,255,243,2535,1257,1278,734,312,422,110Y12M
68000,桃園市,68000080,八德區,68000080-005,瑞德里,461,235,226,3010,1510,1500,657,245,412,110Y12M
68000,桃園市,68000080,八德區,68000080-006,瑞祥里,468,228,240,2657,1412,1245,621,251,370,110Y12M
68000,桃園市,68000080,八德區,68000080-007,廣興里,386,190,196,2625,1381,1244,661,320,341,110Y12M
68000,桃園市,68000080,八德區,68000080-008,廣隆里,810,433,377,3898,1976,1922,783,342,441,110Y12M
68000,桃園市,68000080,八德區,68000080-009,竹園里,466,244,222,3127,1658,1469,603,301,302,110Y12M
68000,桃園市,68000080,八德區,68000080-010,霄裡里,335,186,149,1941,1011,930,382,179,203,110Y12M
68000,桃園市,68000080,八德區,68000080-011,茄苳里,400,198,202,2324,1188,1136,325,140,185,110Y12M
68000,桃園市,68000080,八德區,68000080-012,高明里,545,276,269,3231,1618,1613,715,333,382,110Y12M
68000,桃園市,68000080,八德區,68000080-013,白鷺里,419,214,205,2660,1371,1289,560,278,282,110Y12M
68000,桃園市,68000080,八德區,68000080-014,大湳里,627,325,302,3507,1775,1732,619,302,317,110Y12M
68000,桃園市,68000080,八德區,68000080-015,大安里,527,273,254,3109,1582,1527,514,241,273,110Y12M
68000,桃園市,68000080,八德區,68000080-016,大興里,840,433,407,3413,1671,1742,538,253,285,110Y12M
68000,桃園市,68000080,八德區,68000080-017,大和里,1545,816,729,6679,3224,3455,1003,459,544,110Y12M
68000,桃園市,68000080,八德區,68000080-018,大同里,240,131,109,1253,625,628,328,131,197,110Y12M
68000,桃園市,68000080,八德區,68000080-019,大成里,497,243,254,2631,1385,1246,791,323,468,110Y12M
68000,桃園市,68000080,八德區,68000080-020,大義里,583,300,283,3213,1577,1636,645,262,383,110Y12M
68000,桃園市,68000080,八德區,68000080-021,大忠里,497,258,239,1521,754,767,335,135,200,110Y12M
68000,桃園市,68000080,八德區,68000080-022,大福里,1023,532,491,4552,2234,2318,864,376,488,110Y12M
68000,桃園市,68000080,八德區,68000080-023,大勇里,830,437,393,3678,1760,1918,605,273,332,110Y12M
68000,桃園市,68000080,八德區,68000080-024,大信里,462,255,207,2636,1376,1260,1001,687,314,110Y12M
68000,桃園市,68000080,八德區,68000080-025,大華里,489,250,239,2129,1105,1024,458,204,254,110Y12M
68000,桃園市,68000080,八德區,68000080-026,大仁里,732,393,339,3541,1748,1793,746,344,402,110Y12M
68000,桃園市,68000080,八德區,68000080-027,大智里,684,361,323,3679,1812,1867,698,297,401,110Y12M
68000,桃園市,68000080,八德區,68000080-028,瑞泰里,672,338,334,3608,1794,1814,679,332,347,110Y12M
68000,桃園市,68000080,八德區,68000080-029,大昌里,425,214,211,2369,1195,1174,554,234,320,110Y12M
68000,桃園市,68000080,八德區,68000080-030,大正里,993,501,492,3872,1864,2008,579,245,334,110Y12M
68000,桃園市,68000080,八德區,68000080-031,大強里,463,261,202,2586,1300,1286,608,286,322,110Y12M
68000,桃園市,68000080,八德區,68000080-032,大發里,293,159,134,1714,895,819,362,172,190,110Y12M
68000,桃園市,68000080,八德區,68000080-033,大明里,558,284,274,3190,1589,1601,569,255,314,110Y12M
68000,桃園市,68000080,八德區,68000080-034,大竹里,236,114,122,1258,641,617,293,138,155,110Y12M
68000,桃園市,68000080,八德區,68000080-035,大慶里,209,100,109,1149,591,558,295,138,157,110Y12M
68000,桃園市,68000080,八德區,68000080-036,大千里,425,229,196,1967,943,1024,323,127,196,110Y12M
68000,桃園市,68000080,八德區,68000080-037,大榮里,312,166,146,1654,826,828,357,160,197,110Y12M
68000,桃園市,68000080,八德區,68000080-038,茄明里,790,412,378,4277,2030,2247,666,288,378,110Y12M
68000,桃園市,68000080,八德區,68000080-039,高城里,528,260,268,2650,1345,1305,577,250,327,110Y12M
68000,桃園市,68000080,八德區,68000080-040,瑞興里,403,223,180,2424,1220,1204,455,222,233,110Y12M
68000,桃園市,68000080,八德區,68000080-041,大愛里,603,318,285,2158,1054,1104,433,200,233,110Y12M
68000,桃園市,68000080,八德區,68000080-042,大宏里,1042,558,484,4164,2036,2128,588,264,324,110Y12M
68000,桃園市,68000080,八德區,68000080-043,大漢里,654,334,320,3723,1753,1970,338,137,201,110Y12M
68000,桃園市,68000080,八德區,68000080-044,廣德里,280,140,140,2347,1210,1137,417,208,209,110Y12M
68000,桃園市,68000080,八德區,68000080-045,龍友里,304,166,138,1796,906,890,445,168,277,110Y12M
68000,桃園市,68000080,八德區,68000080-046,陸光里,645,342,303,3611,1832,1779,898,316,582,110Y12M
68000,桃園市,68000080,八德區,68000080-047,永豐里,430,221,209,2352,1215,1137,484,217,267,110Y12M
68000,桃園市,68000080,八德區,68000080-048,大順里,436,232,204,2117,1112,1005,464,204,260,110Y12M
68000,桃園市,68000090,龍潭區,68000090-001,黃唐里,816,435,381,4077,2078,1999,767,374,393,110Y12M
68000,桃園市,68000090,龍潭區,68000090-002,中山里,1184,614,570,5075,2569,2506,1105,528,577,110Y12M
68000,桃園市,68000090,龍潭區,68000090-003,烏林里,755,377,378,3914,1974,1940,725,329,396,110Y12M
68000,桃園市,68000090,龍潭區,68000090-004,高平里,360,177,183,2697,1391,1306,584,290,294,110Y12M
68000,桃園市,68000090,龍潭區,68000090-006,凌雲里,514,269,245,3240,1674,1566,666,285,381,110Y12M
68000,桃園市,68000090,龍潭區,68000090-007,八德里,499,263,236,3623,1847,1776,740,368,372,110Y12M
68000,桃園市,68000090,龍潭區,68000090-008,三水里,59,26,33,484,279,205,182,92,90,110Y12M
68000,桃園市,68000090,龍潭區,68000090-009,上林里,726,369,357,3794,1895,1899,755,377,378,110Y12M
68000,桃園市,68000090,龍潭區,68000090-010,中正里,1455,737,718,5005,2389,2616,763,346,417,110Y12M
68000,桃園市,68000090,龍潭區,68000090-011,龍潭里,262,145,117,1443,727,716,433,208,225,110Y12M
68000,桃園市,68000090,龍潭區,68000090-012,高原里,619,325,294,3918,2006,1912,777,382,395,110Y12M
68000,桃園市,68000090,龍潭區,68000090-013,九龍里,540,301,239,3231,1594,1637,647,296,351,110Y12M
68000,桃園市,68000090,龍潭區,68000090-014,中興里,591,299,292,3658,1883,1775,697,297,400,110Y12M
68000,桃園市,68000090,龍潭區,68000090-015,佳安里,551,279,272,2856,1478,1378,710,322,388,110Y12M
68000,桃園市,68000090,龍潭區,68000090-016,三和里,321,181,140,2224,1129,1095,463,227,236,110Y12M
68000,桃園市,68000090,龍潭區,68000090-017,三坑里,173,82,91,1187,646,541,352,183,169,110Y12M
68000,桃園市,68000090,龍潭區,68000090-018,大平里,210,101,109,1883,934,949,538,294,244,110Y12M
68000,桃園市,68000090,龍潭區,68000090-019,三林里,453,223,230,2545,1258,1287,602,302,300,110Y12M
68000,桃園市,68000090,龍潭區,68000090-020,永興里,399,209,190,2387,1217,1170,533,225,308,110Y12M
68000,桃園市,68000090,龍潭區,68000090-021,烏樹林里,404,201,203,2283,1167,1116,462,234,228,110Y12M
68000,桃園市,68000090,龍潭區,68000090-022,百年里,656,319,337,3736,1771,1965,726,309,417,110Y12M
68000,桃園市,68000090,龍潭區,68000090-023,龍祥里,555,287,268,3008,1540,1468,616,259,357,110Y12M
68000,桃園市,68000090,龍潭區,68000090-024,聖德里,435,217,218,2578,1314,1264,465,235,230,110Y12M
68000,桃園市,68000090,龍潭區,68000090-025,龍星里,957,503,454,3543,1730,1813,759,357,402,110Y12M
68000,桃園市,68000090,龍潭區,68000090-026,上華里,629,329,300,2864,1360,1504,509,215,294,110Y12M
68000,桃園市,68000090,龍潭區,68000090-027,武漢里,214,116,98,1271,631,640,287,120,167,110Y12M
68000,桃園市,68000090,龍潭區,68000090-028,東興里,652,335,317,3375,1739,1636,713,291,422,110Y12M
68000,桃園市,68000090,龍潭區,68000090-029,北興里,333,161,172,1973,1000,973,414,171,243,110Y12M
68000,桃園市,68000090,龍潭區,68000090-030,建林里,563,301,262,2946,1439,1507,830,412,418,110Y12M
68000,桃園市,68000090,龍潭區,68000090-031,富林里,514,271,243,2770,1331,1439,712,342,370,110Y12M
68000,桃園市,68000090,龍潭區,68000090-032,祥和里,311,155,156,1428,692,736,184,87,97,110Y12M
68000,桃園市,68000100,平鎮區,68000100-001,雙連里,732,404,328,4052,2093,1959,824,358,466,110Y12M
68000,桃園市,68000100,平鎮區,68000100-002,高雙里,738,388,350,3802,1915,1887,644,322,322,110Y12M
68000,桃園市,68000100,平鎮區,68000100-003,復旦里,1270,647,623,5079,2391,2688,557,234,323,110Y12M
68000,桃園市,68000100,平鎮區,68000100-004,廣興里,862,443,419,4645,2225,2420,1033,444,589,110Y12M
68000,桃園市,68000100,平鎮區,68000100-005,義民里,990,520,470,4662,2246,2416,763,349,414,110Y12M
68000,桃園市,68000100,平鎮區,68000100-006,宋屋里,751,388,363,3902,1926,1976,576,260,316,110Y12M
68000,桃園市,68000100,平鎮區,68000100-007,新勢里,690,362,328,2967,1505,1462,803,374,429,110Y12M
68000,桃園市,68000100,平鎮區,68000100-008,新富里,998,525,473,5908,3080,2828,952,477,475,110Y12M
68000,桃園市,68000100,平鎮區,68000100-009,北勢里,363,180,183,1838,926,912,628,297,331,110Y12M
68000,桃園市,68000100,平鎮區,68000100-010,北興里,653,337,316,3263,1642,1621,765,363,402,110Y12M
68000,桃園市,68000100,平鎮區,68000100-011,北貴里,679,359,320,3372,1719,1653,710,349,361,110Y12M
68000,桃園市,68000100,平鎮區,68000100-012,平鎮里,591,279,312,3764,1955,1809,862,389,473,110Y12M
68000,桃園市,68000100,平鎮區,68000100-013,南勢里,1017,543,474,5051,2513,2538,928,448,480,110Y12M
68000,桃園市,68000100,平鎮區,68000100-014,莊敬里,725,376,349,4069,2044,2025,886,337,549,110Y12M
68000,桃園市,68000100,平鎮區,68000100-015,山峰里,336,169,167,1867,965,902,500,207,293,110Y12M
68000,桃園市,68000100,平鎮區,68000100-016,湧光里,808,392,416,4386,2220,2166,953,403,550,110Y12M
68000,桃園市,68000100,平鎮區,68000100-017,龍恩里,363,214,149,2359,1192,1167,551,193,358,110Y12M
68000,桃園市,68000100,平鎮區,68000100-018,東社里,451,243,208,2829,1419,1410,610,248,362,110Y12M
68000,桃園市,68000100,平鎮區,68000100-019,龍興里,416,231,185,2124,1052,1072,507,191,316,110Y12M
68000,桃園市,68000100,平鎮區,68000100-020,貿易里,434,222,212,1788,914,874,275,102,173,110Y12M
68000,桃園市,68000100,平鎮區,68000100-021,忠貞里,280,148,132,1199,576,623,188,71,117,110Y12M
68000,桃園市,68000100,平鎮區,68000100-022,中正里,340,164,176,1494,736,758,212,79,133,110Y12M
68000,桃園市,68000100,平鎮區,68000100-023,建安里,589,298,291,3704,1929,1775,756,348,408,110Y12M
68000,桃園市,68000100,平鎮區,68000100-024,東勢里,743,401,342,4755,2505,2250,862,423,439,110Y12M
68000,桃園市,68000100,平鎮區,68000100-025,東安里,389,217,172,2465,1208,1257,437,172,265,110Y12M
68000,桃園市,68000100,平鎮區,68000100-026,新安里,754,386,368,3907,1958,1949,624,259,365,110Y12M
68000,桃園市,68000100,平鎮區,68000100-027,鎮興里,406,216,190,2595,1381,1214,591,293,298,110Y12M
68000,桃園市,68000100,平鎮區,68000100-028,義興里,1561,804,757,5947,2862,3085,1162,521,641,110Y12M
68000,桃園市,68000100,平鎮區,68000100-029,湧豐里,283,152,131,1473,740,733,349,164,185,110Y12M
68000,桃園市,68000100,平鎮區,68000100-030,湧安里,939,500,439,4110,2059,2051,618,288,330,110Y12M
68000,桃園市,68000100,平鎮區,68000100-031,廣達里,662,336,326,3299,1605,1694,703,311,392,110Y12M
68000,桃園市,68000100,平鎮區,68000100-032,福林里,531,288,243,3004,1540,1464,566,266,300,110Y12M
68000,桃園市,68000100,平鎮區,68000100-033,金星里,1684,858,826,6247,3043,3204,690,308,382,110Y12M
68000,桃園市,68000100,平鎮區,68000100-034,廣仁里,575,297,278,3584,1754,1830,740,364,376,110Y12M
68000,桃園市,68000100,平鎮區,68000100-035,新貴里,453,230,223,2551,1303,1248,650,310,340,110Y12M
68000,桃園市,68000100,平鎮區,68000100-036,北富里,584,301,283,3318,1651,1667,679,328,351,110Y12M
68000,桃園市,68000100,平鎮區,68000100-037,新榮里,815,411,404,4296,2084,2212,951,448,503,110Y12M
68000,桃園市,68000100,平鎮區,68000100-038,華安里,716,347,369,3865,1976,1889,599,252,347,110Y12M
68000,桃園市,68000100,平鎮區,68000100-039,金陵里,615,347,268,2464,1170,1294,493,215,278,110Y12M
68000,桃園市,68000100,平鎮區,68000100-040,北安里,279,144,135,1209,598,611,393,166,227,110Y12M
68000,桃園市,68000100,平鎮區,68000100-041,北華里,740,359,381,3262,1611,1651,673,292,381,110Y12M
68000,桃園市,68000100,平鎮區,68000100-042,復興里,1171,622,549,4418,2116,2302,695,314,381,110Y12M
68000,桃園市,68000100,平鎮區,68000100-043,平興里,1148,583,565,5309,2494,2815,538,229,309,110Y12M
68000,桃園市,68000100,平鎮區,68000100-044,新英里,655,343,312,3575,1718,1857,400,169,231,110Y12M
68000,桃園市,68000100,平鎮區,68000100-045,平安里,1035,547,488,4501,2295,2206,806,373,433,110Y12M
68000,桃園市,68000100,平鎮區,68000100-046,平南里,1388,712,676,6171,3055,3116,850,397,453,110Y12M
68000,桃園市,68000110,新屋區,68000110-001,新屋里,493,264,229,2370,1224,1146,630,291,339,110Y12M
68000,桃園市,68000110,新屋區,68000110-002,新生里,763,394,369,3467,1770,1697,715,330,385,110Y12M
68000,桃園市,68000110,新屋區,68000110-003,後湖里,239,125,114,1261,677,584,309,162,147,110Y12M
68000,桃園市,68000110,新屋區,68000110-004,清華里,613,311,302,3505,1834,1671,764,386,378,110Y12M
68000,桃園市,68000110,新屋區,68000110-005,頭洲里,807,422,385,3898,2023,1875,766,355,411,110Y12M
68000,桃園市,68000110,新屋區,68000110-006,埔頂里,365,187,178,2152,1160,992,512,252,260,110Y12M
68000,桃園市,68000110,新屋區,68000110-007,九斗里,264,148,116,1861,976,885,462,237,225,110Y12M
68000,桃園市,68000110,新屋區,68000110-008,社子里,146,84,62,1002,566,436,378,199,179,110Y12M
68000,桃園市,68000110,新屋區,68000110-009,東明里,215,112,103,1196,632,564,316,158,158,110Y12M
68000,桃園市,68000110,新屋區,68000110-010,石磊里,331,162,169,1725,909,816,428,223,205,110Y12M
68000,桃園市,68000110,新屋區,68000110-011,下埔里,48,19,29,569,326,243,173,87,86,110Y12M
68000,桃園市,68000110,新屋區,68000110-012,下田里,181,107,74,1366,739,627,412,208,204,110Y12M
68000,桃園市,68000110,新屋區,68000110-013,石牌里,73,35,38,706,377,329,243,126,117,110Y12M
68000,桃園市,68000110,新屋區,68000110-014,赤欄里,124,72,52,1065,577,488,293,148,145,110Y12M
68000,桃園市,68000110,新屋區,68000110-015,永興里,89,45,44,799,458,341,246,124,122,110Y12M
68000,桃園市,68000110,新屋區,68000110-016,永安里,178,84,94,1730,971,759,517,251,266,110Y12M
68000,桃園市,68000110,新屋區,68000110-017,笨港里,86,36,50,738,440,298,304,154,150,110Y12M
68000,桃園市,68000110,新屋區,68000110-018,深圳里,54,26,28,463,276,187,197,101,96,110Y12M
68000,桃園市,68000110,新屋區,68000110-019,蚵間里,103,59,44,748,415,333,180,103,77,110Y12M
68000,桃園市,68000110,新屋區,68000110-020,■榔里,93,51,42,861,501,360,242,147,95,110Y12M
68000,桃園市,68000110,新屋區,68000110-021,後庄里,100,56,44,832,481,351,274,145,129,110Y12M
68000,桃園市,68000110,新屋區,68000110-022,大坡里,138,76,62,1012,580,432,343,174,169,110Y12M
68000,桃園市,68000110,新屋區,68000110-023,望間里,124,64,60,1037,616,421,400,234,166,110Y12M
68000,桃園市,68000120,觀音區,68000120-001,觀音里,374,197,177,2311,1281,1030,589,263,326,110Y12M
68000,桃園市,68000120,觀音區,68000120-002,白玉里,102,54,48,685,378,307,222,117,105,110Y12M
68000,桃園市,68000120,觀音區,68000120-003,廣興里,141,78,63,1054,604,450,290,147,143,110Y12M
68000,桃園市,68000120,觀音區,68000120-004,大潭里,232,120,112,1683,858,825,305,163,142,110Y12M
68000,桃園市,68000120,觀音區,68000120-005,武威里,124,63,61,746,403,343,211,112,99,110Y12M
68000,桃園市,68000120,觀音區,68000120-006,保生里,307,156,151,1824,936,888,450,244,206,110Y12M
68000,桃園市,68000120,觀音區,68000120-007,三和里,81,44,37,676,375,301,208,101,107,110Y12M
68000,桃園市,68000120,觀音區,68000120-008,新興里,53,34,19,572,328,244,151,83,68,110Y12M
68000,桃園市,68000120,觀音區,68000120-009,坑尾里,257,143,114,1609,883,726,331,172,159,110Y12M
68000,桃園市,68000120,觀音區,68000120-010,金湖里,382,194,188,2329,1216,1113,441,237,204,110Y12M
68000,桃園市,68000120,觀音區,68000120-011,藍埔里,375,180,195,2310,1228,1082,434,217,217,110Y12M
68000,桃園市,68000120,觀音區,68000120-012,大同里,547,297,250,2808,1429,1379,484,240,244,110Y12M
68000,桃園市,68000120,觀音區,68000120-013,大堀里,212,109,103,1303,714,589,266,133,133,110Y12M
68000,桃園市,68000120,觀音區,68000120-014,崙坪里,631,293,338,4094,2150,1944,824,396,428,110Y12M
68000,桃園市,68000120,觀音區,68000120-015,富源里,636,330,306,3552,1807,1745,553,274,279,110Y12M
68000,桃園市,68000120,觀音區,68000120-016,上大里,270,145,125,2166,1153,1013,366,178,188,110Y12M
68000,桃園市,68000120,觀音區,68000120-017,新坡里,513,260,253,2499,1335,1164,598,288,310,110Y12M
68000,桃園市,68000120,觀音區,68000120-018,廣福里,329,163,166,2145,1133,1012,437,212,225,110Y12M
68000,桃園市,68000120,觀音區,68000120-019,塔腳里,132,69,63,862,505,357,200,100,100,110Y12M
68000,桃園市,68000120,觀音區,68000120-020,保障里,326,177,149,1687,898,789,346,170,176,110Y12M
68000,桃園市,68000120,觀音區,68000120-021,草漯里,722,368,354,2865,1422,1443,372,166,206,110Y12M
68000,桃園市,68000120,觀音區,68000120-022,樹林里,855,440,415,4271,2113,2158,575,265,310,110Y12M
68000,桃園市,68000120,觀音區,68000120-023,富林里,337,183,154,1707,884,823,312,161,151,110Y12M
68000,桃園市,68000120,觀音區,68000120-024,草新里,1210,608,602,5621,2796,2825,503,250,253,110Y12M
68000,桃園市,68000130,復興區,68000130-001,三民里,350,194,156,1729,923,806,442,241,201,110Y12M
68000,桃園市,68000130,復興區,68000130-002,澤仁里,240,124,116,1206,625,581,292,134,158,110Y12M
68000,桃園市,68000130,復興區,68000130-003,義盛里,177,94,83,712,378,334,91,47,44,110Y12M
68000,桃園市,68000130,復興區,68000130-004,霞雲里,114,70,44,606,325,281,73,37,36,110Y12M
68000,桃園市,68000130,復興區,68000130-005,長興里,120,67,53,578,332,246,106,61,45,110Y12M
68000,桃園市,68000130,復興區,68000130-006,三光里,146,73,73,649,356,293,95,48,47,110Y12M
68000,桃園市,68000130,復興區,68000130-007,奎輝里,205,103,102,695,376,319,102,51,51,110Y12M
68000,桃園市,68000130,復興區,68000130-008,華陵里,229,115,114,1117,622,495,231,140,91,110Y12M
68000,桃園市,68000130,復興區,68000130-009,羅浮里,206,107,99,938,489,449,180,84,96,110Y12M
68000,桃園市,68000130,復興區,68000130-010,高義里,211,98,113,734,408,326,82,37,45,110Y12M
66000,臺中市,66000010,中區,66000010-001,繼光里,257,143,114,1084,518,566,397,192,205,110Y12M
66000,臺中市,66000010,中區,66000010-002,大墩里,576,283,293,1497,687,810,500,252,248,110Y12M
66000,臺中市,66000010,中區,66000010-003,綠川里,323,162,161,1219,622,597,387,178,209,110Y12M
66000,臺中市,66000010,中區,66000010-004,公園里,317,174,143,1034,507,527,372,182,190,110Y12M
66000,臺中市,66000010,中區,66000010-005,光復里,401,204,197,1416,689,727,541,257,284,110Y12M
66000,臺中市,66000010,中區,66000010-006,柳川里,342,182,160,1417,718,699,478,244,234,110Y12M
66000,臺中市,66000010,中區,66000010-007,大誠里,511,289,222,1776,877,899,528,261,267,110Y12M
66000,臺中市,66000010,中區,66000010-008,中華里,414,209,205,1466,730,736,436,207,229,110Y12M
66000,臺中市,66000020,東區,66000020-001,新庄里,470,242,228,2236,1173,1063,778,398,380,110Y12M
66000,臺中市,66000020,東區,66000020-002,振興里,335,176,159,2398,1223,1175,716,332,384,110Y12M
66000,臺中市,66000020,東區,66000020-003,東橋里,549,290,259,3051,1508,1543,795,350,445,110Y12M
66000,臺中市,66000020,東區,66000020-004,東興里,347,183,164,2254,1127,1127,642,292,350,110Y12M
66000,臺中市,66000020,東區,66000020-005,干城里,206,112,94,1503,720,783,513,218,295,110Y12M
66000,臺中市,66000020,東區,66000020-006,泉源里,311,160,151,1692,848,844,434,208,226,110Y12M
66000,臺中市,66000020,東區,66000020-007,旱溪里,296,162,134,1953,1029,924,566,265,301,110Y12M
66000,臺中市,66000020,東區,66000020-008,樂成里,246,125,121,1899,972,927,431,203,228,110Y12M
66000,臺中市,66000020,東區,66000020-009,東門里,1098,584,514,5980,2963,3017,1135,533,602,110Y12M
66000,臺中市,66000020,東區,66000020-010,十甲里,677,373,304,4143,2029,2114,736,329,407,110Y12M
66000,臺中市,66000020,東區,66000020-011,東南里,420,224,196,3020,1477,1543,746,332,414,110Y12M
66000,臺中市,66000020,東區,66000020-012,東勢里,373,208,165,2124,1068,1056,604,295,309,110Y12M
66000,臺中市,66000020,東區,66000020-013,合作里,552,298,254,3277,1637,1640,833,332,501,110Y12M
66000,臺中市,66000020,東區,66000020-014,富台里,153,84,69,1329,703,626,415,165,250,110Y12M
66000,臺中市,66000020,東區,66000020-015,富仁里,407,197,210,3162,1610,1552,947,425,522,110Y12M
66000,臺中市,66000020,東區,66000020-016,東信里,1384,743,641,7696,3725,3971,1451,653,798,110Y12M
66000,臺中市,66000020,東區,66000020-017,東英里,862,472,390,6311,3103,3208,1132,525,607,110Y12M
66000,臺中市,66000030,南區,66000030-001,城隍里,381,184,197,2676,1329,1347,870,402,468,110Y12M
66000,臺中市,66000030,南區,66000030-002,國光里,408,213,195,3004,1456,1548,865,366,499,110Y12M
66000,臺中市,66000030,南區,66000030-003,南門里,389,215,174,2730,1318,1412,775,348,427,110Y12M
66000,臺中市,66000030,南區,66000030-004,德義里,280,138,142,2363,1165,1198,549,243,306,110Y12M
66000,臺中市,66000030,南區,66000030-005,積善里,249,138,111,1962,982,980,611,266,345,110Y12M
66000,臺中市,66000030,南區,66000030-006,江川里,311,164,147,2248,1086,1162,562,250,312,110Y12M
66000,臺中市,66000030,南區,66000030-007,新榮里,842,447,395,4003,1772,2231,625,270,355,110Y12M
66000,臺中市,66000030,南區,66000030-008,福興里,433,210,223,3187,1555,1632,751,332,419,110Y12M
66000,臺中市,66000030,南區,66000030-009,福平里,634,327,307,4559,2222,2337,934,407,527,110Y12M
66000,臺中市,66000030,南區,66000030-010,和平里,666,336,330,3674,1738,1936,565,259,306,110Y12M
66000,臺中市,66000030,南區,66000030-011,永興里,1247,650,597,7378,3498,3880,882,380,502,110Y12M
66000,臺中市,66000030,南區,66000030-012,樹義里,2518,1304,1214,10981,5124,5857,1328,584,744,110Y12M
66000,臺中市,66000030,南區,66000030-013,樹德里,1226,628,598,7882,3750,4132,914,383,531,110Y12M
66000,臺中市,66000030,南區,66000030-014,西川里,625,317,308,3688,1734,1954,698,316,382,110Y12M
66000,臺中市,66000030,南區,66000030-015,長春里,231,119,112,1397,694,703,499,235,264,110Y12M
66000,臺中市,66000030,南區,66000030-016,長榮里,446,255,191,1943,943,1000,533,248,285,110Y12M
66000,臺中市,66000030,南區,66000030-017,福順里,786,412,374,4916,2332,2584,895,381,514,110Y12M
66000,臺中市,66000030,南區,66000030-018,平和里,443,221,222,2784,1403,1381,738,321,417,110Y12M
66000,臺中市,66000030,南區,66000030-019,南和里,934,476,458,6688,3265,3423,914,433,481,110Y12M
66000,臺中市,66000030,南區,66000030-020,永和里,698,361,337,4058,1972,2086,734,318,416,110Y12M
66000,臺中市,66000030,南區,66000030-021,工學里,1355,725,630,6110,2828,3282,797,330,467,110Y12M
66000,臺中市,66000030,南區,66000030-022,崇倫里,986,516,470,4946,2380,2566,704,302,402,110Y12M
66000,臺中市,66000040,西區,66000040-001,民生里,760,406,354,1359,587,772,426,185,241,110Y12M
66000,臺中市,66000040,西區,66000040-002,利民里,564,299,265,1093,514,579,317,149,168,110Y12M
66000,臺中市,66000040,西區,66000040-003,三民里,726,366,360,1950,967,983,486,269,217,110Y12M
66000,臺中市,66000040,西區,66000040-004,東昇里,425,216,209,1783,853,930,506,226,280,110Y12M
66000,臺中市,66000040,西區,66000040-005,廣民里,238,128,110,1031,487,544,363,165,198,110Y12M
66000,臺中市,66000040,西區,66000040-006,平和里,537,265,272,1491,672,819,366,159,207,110Y12M
66000,臺中市,66000040,西區,66000040-007,公民里,604,311,293,3758,1796,1962,1127,495,632,110Y12M
66000,臺中市,66000040,西區,66000040-008,藍興里,774,370,404,3202,1532,1670,815,367,448,110Y12M
66000,臺中市,66000040,西區,66000040-009,公■里,734,376,358,4617,2199,2418,1115,496,619,110Y12M
66000,臺中市,66000040,西區,66000040-010,和龍里,235,120,115,1759,865,894,518,244,274,110Y12M
66000,臺中市,66000040,西區,66000040-011,民龍里,528,279,249,2880,1366,1514,612,279,333,110Y12M
66000,臺中市,66000040,西區,66000040-012,後龍里,665,345,320,2763,1274,1489,750,333,417,110Y12M
66000,臺中市,66000040,西區,66000040-013,安龍里,371,199,172,2136,1031,1105,692,326,366,110Y12M
66000,臺中市,66000040,西區,66000040-014,吉龍里,844,449,395,5335,2507,2828,1304,580,724,110Y12M
66000,臺中市,66000040,西區,66000040-015,昇平里,779,372,407,4552,2121,2431,1199,526,673,110Y12M
66000,臺中市,66000040,西區,66000040-016,忠明里,818,430,388,4510,2169,2341,1265,538,727,110Y12M
66000,臺中市,66000040,西區,66000040-017,公正里,1189,603,586,5507,2508,2999,937,404,533,110Y12M
66000,臺中市,66000040,西區,66000040-018,土庫里,777,405,372,4654,2213,2441,1087,498,589,110Y12M
66000,臺中市,66000040,西區,66000040-019,忠誠里,725,395,330,4466,2211,2255,1261,542,719,110Y12M
66000,臺中市,66000040,西區,66000040-020,公益里,385,188,197,2157,1059,1098,621,252,369,110Y12M
66000,臺中市,66000040,西區,66000040-021,中興里,484,255,229,2761,1300,1461,830,361,469,110Y12M
66000,臺中市,66000040,西區,66000040-022,公平里,925,470,455,4116,1856,2260,919,403,516,110Y12M
66000,臺中市,66000040,西區,66000040-023,公德里,669,335,334,3555,1641,1914,772,341,431,110Y12M
66000,臺中市,66000040,西區,66000040-024,■龍里,342,180,162,2071,1008,1063,674,303,371,110Y12M
66000,臺中市,66000040,西區,66000040-025,大忠里,710,370,340,3692,1664,2028,772,356,416,110Y12M
66000,臺中市,66000050,北區,66000050-001,光大里,220,124,96,1623,791,832,441,186,255,110Y12M
66000,臺中市,66000050,北區,66000050-002,文莊里,326,175,151,2473,1204,1269,901,386,515,110Y12M
66000,臺中市,66000050,北區,66000050-003,五常里,173,77,96,1096,575,521,275,118,157,110Y12M
66000,臺中市,66000050,北區,66000050-004,新興里,114,50,64,1064,555,509,411,200,211,110Y12M
66000,臺中市,66000050,北區,66000050-005,新北里,134,66,68,1175,593,582,499,230,269,110Y12M
66000,臺中市,66000050,北區,66000050-006,樂英里,188,88,100,1753,906,847,780,352,428,110Y12M
66000,臺中市,66000050,北區,66000050-007,錦村里,341,192,149,2378,1181,1197,798,345,453,110Y12M
66000,臺中市,66000050,北區,66000050-008,建成里,682,367,315,4853,2360,2493,863,391,472,110Y12M
66000,臺中市,66000050,北區,66000050-009,錦洲里,374,191,183,2638,1279,1359,650,277,373,110Y12M
66000,臺中市,66000050,北區,66000050-010,金華里,373,187,186,2082,990,1092,463,216,247,110Y12M
66000,臺中市,66000050,北區,66000050-011,金龍里,454,207,247,3285,1574,1711,1045,449,596,110Y12M
66000,臺中市,66000050,北區,66000050-012,邱厝里,340,174,166,1820,847,973,487,222,265,110Y12M
66000,臺中市,66000050,北區,66000050-013,建興里,753,371,382,4409,2134,2275,1135,487,648,110Y12M
66000,臺中市,66000050,北區,66000050-014,頂厝里,539,274,265,3325,1552,1773,833,360,473,110Y12M
66000,臺中市,66000050,北區,66000050-015,賴厝里,784,401,383,4286,2162,2124,894,450,444,110Y12M
66000,臺中市,66000050,北區,66000050-016,賴村里,501,267,234,3468,1619,1849,943,419,524,110Y12M
66000,臺中市,66000050,北區,66000050-017,育德里,474,264,210,2875,1364,1511,773,330,443,110Y12M
66000,臺中市,66000050,北區,66000050-018,淡溝里,719,358,361,4121,1948,2173,1049,452,597,110Y12M
66000,臺中市,66000050,北區,66000050-019,中達里,333,164,169,2129,1060,1069,557,249,308,110Y12M
66000,臺中市,66000050,北區,66000050-020,錦祥里,616,311,305,3757,1754,2003,882,364,518,110Y12M
66000,臺中市,66000050,北區,66000050-021,健行里,979,502,477,5411,2629,2782,1262,535,727,110Y12M
66000,臺中市,66000050,北區,66000050-022,明德里,792,417,375,4333,2044,2289,986,449,537,110Y12M
66000,臺中市,66000050,北區,66000050-023,長青里,839,434,405,5066,2363,2703,1106,473,633,110Y12M
66000,臺中市,66000050,北區,66000050-024,賴明里,590,293,297,3078,1399,1679,731,313,418,110Y12M
66000,臺中市,66000050,北區,66000050-025,賴興里,584,303,281,3205,1486,1719,623,262,361,110Y12M
66000,臺中市,66000050,北區,66000050-026,中正里,410,218,192,1008,470,538,294,143,151,110Y12M
66000,臺中市,66000050,北區,66000050-027,六合里,154,69,85,1350,664,686,421,209,212,110Y12M
66000,臺中市,66000050,北區,66000050-028,大湖里,161,83,78,1692,838,854,495,245,250,110Y12M
66000,臺中市,66000050,北區,66000050-029,錦平里,205,130,75,1383,650,733,462,206,256,110Y12M
66000,臺中市,66000050,北區,66000050-030,建德里,371,180,191,2548,1225,1323,777,340,437,110Y12M
66000,臺中市,66000050,北區,66000050-031,崇德里,441,219,222,2794,1343,1451,690,287,403,110Y12M
66000,臺中市,66000050,北區,66000050-032,賴旺里,520,269,251,3620,1721,1899,745,331,414,110Y12M
66000,臺中市,66000050,北區,66000050-033,明新里,342,181,161,2145,1070,1075,563,249,314,110Y12M
66000,臺中市,66000050,北區,66000050-034,立人里,538,270,268,3287,1521,1766,588,273,315,110Y12M
66000,臺中市,66000050,北區,66000050-035,梅川里,599,312,287,2849,1282,1567,452,202,250,110Y12M
66000,臺中市,66000050,北區,66000050-036,賴福里,780,397,383,3168,1483,1685,753,337,416,110Y12M
66000,臺中市,66000060,西屯區,66000060-001,西安里,1016,556,460,4619,2183,2436,749,335,414,110Y12M
66000,臺中市,66000060,西屯區,66000060-002,西墩里,1409,750,659,5377,2601,2776,811,358,453,110Y12M
66000,臺中市,66000060,西屯區,66000060-003,潮洋里,865,467,398,5692,2866,2826,830,442,388,110Y12M
66000,臺中市,66000060,西屯區,66000060-004,龍潭里,160,81,79,749,392,357,163,80,83,110Y12M
66000,臺中市,66000060,西屯區,66000060-005,惠來里,4262,2265,1997,13437,6085,7352,1918,893,1025,110Y12M
66000,臺中市,66000060,西屯區,66000060-006,上石里,1132,617,515,4673,2169,2504,571,215,356,110Y12M
66000,臺中市,66000060,西屯區,66000060-007,逢甲里,738,395,343,3913,1833,2080,689,298,391,110Y12M
66000,臺中市,66000060,西屯區,66000060-008,鵬程里,290,152,138,2037,1042,995,632,236,396,110Y12M
66000,臺中市,66000060,西屯區,66000060-009,何安里,798,371,427,4267,1994,2273,964,453,511,110Y12M
66000,臺中市,66000060,西屯區,66000060-010,何厝里,472,235,237,2711,1262,1449,558,249,309,110Y12M
66000,臺中市,66000060,西屯區,66000060-011,大河里,554,294,260,3127,1549,1578,724,324,400,110Y12M
66000,臺中市,66000060,西屯區,66000060-012,大石里,201,106,95,1542,805,737,614,221,393,110Y12M
66000,臺中市,66000060,西屯區,66000060-013,大福里,378,200,178,2639,1307,1332,700,273,427,110Y12M
66000,臺中市,66000060,西屯區,66000060-014,大鵬里,572,308,264,4013,1923,2090,856,350,506,110Y12M
66000,臺中市,66000060,西屯區,66000060-015,港尾里,822,407,415,4382,2163,2219,753,354,399,110Y12M
66000,臺中市,66000060,西屯區,66000060-016,廣福里,413,206,207,2004,1004,1000,401,188,213,110Y12M
66000,臺中市,66000060,西屯區,66000060-017,林厝里,734,380,354,3034,1506,1528,543,266,277,110Y12M
66000,臺中市,66000060,西屯區,66000060-018,永安里,3335,1736,1599,11698,5634,6064,1508,688,820,110Y12M
66000,臺中市,66000060,西屯區,66000060-019,福安里,593,318,275,2782,1318,1464,319,139,180,110Y12M
66000,臺中市,66000060,西屯區,66000060-020,協和里,744,404,340,4144,2037,2107,669,325,344,110Y12M
66000,臺中市,66000060,西屯區,66000060-021,何仁里,860,443,417,5226,2491,2735,1028,480,548,110Y12M
66000,臺中市,66000060,西屯區,66000060-022,何德里,444,231,213,3195,1510,1685,571,247,324,110Y12M
66000,臺中市,66000060,西屯區,66000060-023,何源里,782,415,367,5695,2706,2989,1107,509,598,110Y12M
66000,臺中市,66000060,西屯區,66000060-024,西平里,846,440,406,4152,2036,2116,830,320,510,110Y12M
66000,臺中市,66000060,西屯區,66000060-025,何南里,594,311,283,3454,1581,1873,714,320,394,110Y12M
66000,臺中市,66000060,西屯區,66000060-026,至善里,710,360,350,4037,1878,2159,526,217,309,110Y12M
66000,臺中市,66000060,西屯區,66000060-027,上安里,1057,586,471,4817,2238,2579,590,252,338,110Y12M
66000,臺中市,66000060,西屯區,66000060-028,上德里,548,280,268,3527,1684,1843,707,299,408,110Y12M
66000,臺中市,66000060,西屯區,66000060-029,逢福里,819,444,375,4693,2267,2426,744,316,428,110Y12M
66000,臺中市,66000060,西屯區,66000060-030,何明里,483,252,231,2938,1381,1557,695,312,383,110Y12M
66000,臺中市,66000060,西屯區,66000060-031,何成里,1092,534,558,6145,2833,3312,1136,506,630,110Y12M
66000,臺中市,66000060,西屯區,66000060-032,何福里,576,302,274,3566,1699,1867,880,387,493,110Y12M
66000,臺中市,66000060,西屯區,66000060-033,福和里,620,315,305,3787,1866,1921,597,278,319,110Y12M
66000,臺中市,66000060,西屯區,66000060-034,福中里,479,248,231,2886,1380,1506,421,185,236,110Y12M
66000,臺中市,66000060,西屯區,66000060-035,福恩里,725,373,352,4364,2073,2291,587,267,320,110Y12M
66000,臺中市,66000060,西屯區,66000060-036,福聯里,773,405,368,2960,1394,1566,366,167,199,110Y12M
66000,臺中市,66000060,西屯區,66000060-037,福瑞里,764,390,374,2821,1267,1554,324,139,185,110Y12M
66000,臺中市,66000060,西屯區,66000060-038,福林里,1847,983,864,7074,3216,3858,905,412,493,110Y12M
66000,臺中市,66000060,西屯區,66000060-039,福雅里,1471,759,712,5343,2437,2906,690,306,384,110Y12M
66000,臺中市,66000070,南屯區,66000070-001,南屯里,1934,989,945,7728,3602,4126,1195,527,668,110Y12M
66000,臺中市,66000070,南屯區,66000070-002,豐樂里,1819,962,857,10127,4843,5284,1719,783,936,110Y12M
66000,臺中市,66000070,南屯區,66000070-003,楓樹里,869,434,435,5248,2610,2638,939,421,518,110Y12M
66000,臺中市,66000070,南屯區,66000070-004,中和里,584,306,278,3568,1803,1765,855,400,455,110Y12M
66000,臺中市,66000070,南屯區,66000070-005,春社里,801,453,348,5786,3018,2768,968,414,554,110Y12M
66000,臺中市,66000070,南屯區,66000070-006,春安里,267,151,116,1343,646,697,143,48,95,110Y12M
66000,臺中市,66000070,南屯區,66000070-007,文山里,2649,1369,1280,10796,5222,5574,947,396,551,110Y12M
66000,臺中市,66000070,南屯區,66000070-008,新生里,438,227,211,2317,1091,1226,254,127,127,110Y12M
66000,臺中市,66000070,南屯區,66000070-009,永定里,1054,556,498,4719,2235,2484,649,298,351,110Y12M
66000,臺中市,66000070,南屯區,66000070-010,三厝里,1745,913,832,6943,3119,3824,663,296,367,110Y12M
66000,臺中市,66000070,南屯區,66000070-011,溝墘里,1242,638,604,4647,2108,2539,817,350,467,110Y12M
66000,臺中市,66000070,南屯區,66000070-012,田心里,1194,633,561,5615,2677,2938,948,432,516,110Y12M
66000,臺中市,66000070,南屯區,66000070-013,黎明里,569,300,269,3148,1553,1595,1094,466,628,110Y12M
66000,臺中市,66000070,南屯區,66000070-014,鎮平里,133,73,60,1080,586,494,302,159,143,110Y12M
66000,臺中市,66000070,南屯區,66000070-015,大同里,837,455,382,4206,1936,2270,835,374,461,110Y12M
66000,臺中市,66000070,南屯區,66000070-016,文心里,831,457,374,3354,1550,1804,571,246,325,110Y12M
66000,臺中市,66000070,南屯區,66000070-017,同心里,910,466,444,4627,2135,2492,780,358,422,110Y12M
66000,臺中市,66000070,南屯區,66000070-018,向心里,902,465,437,4879,2454,2425,771,371,400,110Y12M
66000,臺中市,66000070,南屯區,66000070-019,大誠里,577,312,265,3182,1430,1752,544,237,307,110Y12M
66000,臺中市,66000070,南屯區,66000070-020,大興里,823,450,373,3902,1811,2091,665,299,366,110Y12M
66000,臺中市,66000070,南屯區,66000070-021,大業里,1473,726,747,5822,2619,3203,979,433,546,110Y12M
66000,臺中市,66000070,南屯區,66000070-022,惠中里,1889,961,928,6974,3153,3821,960,432,528,110Y12M
66000,臺中市,66000070,南屯區,66000070-023,寶山里,1075,558,517,4893,2350,2543,569,245,324,110Y12M
66000,臺中市,66000070,南屯區,66000070-024,三和里,1890,948,942,8186,3719,4467,739,296,443,110Y12M
66000,臺中市,66000070,南屯區,66000070-025,三義里,1481,761,720,6155,2797,3358,645,268,377,110Y12M
66000,臺中市,66000080,北屯區,66000080-001,北興里,328,176,152,2488,1180,1308,730,325,405,110Y12M
66000,臺中市,66000080,北屯區,66000080-002,北屯里,378,197,181,2906,1351,1555,584,250,334,110Y12M
66000,臺中市,66000080,北屯區,66000080-003,三光里,966,535,431,5939,2747,3192,1239,552,687,110Y12M
66000,臺中市,66000080,北屯區,66000080-004,平田里,847,434,413,4956,2336,2620,918,406,512,110Y12M
66000,臺中市,66000080,北屯區,66000080-005,平和里,955,462,493,4520,2075,2445,722,321,401,110Y12M
66000,臺中市,66000080,北屯區,66000080-006,東光里,546,292,254,3861,1854,2007,882,370,512,110Y12M
66000,臺中市,66000080,北屯區,66000080-007,舊社里,1263,619,644,6953,3324,3629,1029,438,591,110Y12M
66000,臺中市,66000080,北屯區,66000080-008,水景里,2944,1564,1380,12196,5839,6357,2038,950,1088,110Y12M
66000,臺中市,66000080,北屯區,66000080-009,軍功里,2501,1246,1255,10965,5316,5649,1968,909,1059,110Y12M
66000,臺中市,66000080,北屯區,66000080-010,和平里,2961,1536,1425,10457,4991,5466,1543,718,825,110Y12M
66000,臺中市,66000080,北屯區,66000080-011,東山里,275,144,131,1580,796,784,508,250,258,110Y12M
66000,臺中市,66000080,北屯區,66000080-012,民政里,155,86,69,801,438,363,248,119,129,110Y12M
66000,臺中市,66000080,北屯區,66000080-013,■子里,4429,2248,2181,14099,6407,7692,1266,561,705,110Y12M
66000,臺中市,66000080,北屯區,66000080-014,大坑里,254,139,115,1761,887,874,432,209,223,110Y12M
66000,臺中市,66000080,北屯區,66000080-015,民德里,107,57,50,745,386,359,212,114,98,110Y12M
66000,臺中市,66000080,北屯區,66000080-016,松竹里,1774,931,843,7857,3586,4271,1340,582,758,110Y12M
66000,臺中市,66000080,北屯區,66000080-017,仁和里,1486,750,736,8115,4056,4059,1476,746,730,110Y12M
66000,臺中市,66000080,北屯區,66000080-018,仁美里,2764,1390,1374,8677,4034,4643,1109,482,627,110Y12M
66000,臺中市,66000080,北屯區,66000080-019,四民里,255,128,127,1229,634,595,312,139,173,110Y12M
66000,臺中市,66000080,北屯區,66000080-020,后庄里,1413,739,674,8690,4126,4564,1504,608,896,110Y12M
66000,臺中市,66000080,北屯區,66000080-021,同榮里,703,379,324,4585,2291,2294,924,406,518,110Y12M
66000,臺中市,66000080,北屯區,66000080-022,仁愛里,98,42,56,804,393,411,263,117,146,110Y12M
66000,臺中市,66000080,北屯區,66000080-023,水湳里,729,375,354,5401,2639,2762,1398,603,795,110Y12M
66000,臺中市,66000080,北屯區,66000080-024,陳平里,606,318,288,3974,1896,2078,721,301,420,110Y12M
66000,臺中市,66000080,北屯區,66000080-025,新平里,471,231,240,3456,1723,1733,932,354,578,110Y12M
66000,臺中市,66000080,北屯區,66000080-026,平安里,704,355,349,4245,2087,2158,1053,464,589,110Y12M
66000,臺中市,66000080,北屯區,66000080-027,平順里,462,219,243,2686,1238,1448,509,215,294,110Y12M
66000,臺中市,66000080,北屯區,66000080-028,平德里,1141,598,543,5356,2455,2901,1074,467,607,110Y12M
66000,臺中市,66000080,北屯區,66000080-029,松安里,727,372,355,4207,1986,2221,784,354,430,110Y12M
66000,臺中市,66000080,北屯區,66000080-030,松茂里,603,310,293,4496,2184,2312,889,393,496,110Y12M
66000,臺中市,66000080,北屯區,66000080-031,大德里,568,305,263,4083,2016,2067,922,395,527,110Y12M
66000,臺中市,66000080,北屯區,66000080-032,松強里,1599,844,755,6148,2856,3292,808,355,453,110Y12M
66000,臺中市,66000080,北屯區,66000080-033,松勇里,634,317,317,4490,2164,2326,861,386,475,110Y12M
66000,臺中市,66000080,北屯區,66000080-034,北京里,399,197,202,2542,1277,1265,709,296,413,110Y12M
66000,臺中市,66000080,北屯區,66000080-035,平心里,761,377,384,4228,1928,2300,730,322,408,110Y12M
66000,臺中市,66000080,北屯區,66000080-036,平福里,573,297,276,3056,1397,1659,614,271,343,110Y12M
66000,臺中市,66000080,北屯區,66000080-037,松和里,977,513,464,5621,2684,2937,1039,441,598,110Y12M
66000,臺中市,66000080,北屯區,66000080-038,平陽里,797,416,381,4261,2005,2256,744,316,428,110Y12M
66000,臺中市,66000080,北屯區,66000080-039,平興里,953,504,449,6061,2807,3254,917,375,542,110Y12M
66000,臺中市,66000080,北屯區,66000080-040,平昌里,575,307,268,3594,1713,1881,868,378,490,110Y12M
66000,臺中市,66000080,北屯區,66000080-041,三和里,704,383,321,4842,2287,2555,1009,426,583,110Y12M
66000,臺中市,66000080,北屯區,66000080-042,忠平里,504,260,244,3350,1591,1759,655,278,377,110Y12M
66000,臺中市,66000090,豐原區,66000090-001,豐原里,249,118,131,1797,883,914,507,223,284,110Y12M
66000,臺中市,66000090,豐原區,66000090-002,頂街里,71,44,27,668,331,337,263,118,145,110Y12M
66000,臺中市,66000090,豐原區,66000090-003,中山里,115,71,44,586,271,315,227,107,120,110Y12M
66000,臺中市,66000090,豐原區,66000090-004,豐榮里,132,70,62,864,394,470,255,102,153,110Y12M
66000,臺中市,66000090,豐原區,66000090-005,下街里,82,48,34,553,279,274,216,90,126,110Y12M
66000,臺中市,66000090,豐原區,66000090-006,富春里,78,39,39,526,244,282,192,93,99,110Y12M
66000,臺中市,66000090,豐原區,66000090-007,葫蘆里,103,48,55,437,223,214,173,84,89,110Y12M
66000,臺中市,66000090,豐原區,66000090-008,豐西里,139,70,69,1233,590,643,404,174,230,110Y12M
66000,臺中市,66000090,豐原區,66000090-009,西安里,880,431,449,3827,1854,1973,1089,472,617,110Y12M
66000,臺中市,66000090,豐原區,66000090-010,西勢里,423,217,206,1704,837,867,518,226,292,110Y12M
66000,臺中市,66000090,豐原區,66000090-011,東勢里,256,128,128,1139,557,582,326,148,178,110Y12M
66000,臺中市,66000090,豐原區,66000090-012,民生里,189,103,86,882,422,460,263,125,138,110Y12M
66000,臺中市,66000090,豐原區,66000090-013,大湳里,313,167,146,2061,1011,1050,497,234,263,110Y12M
66000,臺中市,66000090,豐原區,66000090-014,北湳里,310,170,140,2425,1240,1185,564,241,323,110Y12M
66000,臺中市,66000090,豐原區,66000090-015,東湳里,653,357,296,3363,1759,1604,791,370,421,110Y12M
66000,臺中市,66000090,豐原區,66000090-016,西湳里,1816,911,905,7981,4008,3973,1495,687,808,110Y12M
66000,臺中市,66000090,豐原區,66000090-017,圳寮里,156,95,61,1011,519,492,267,121,146,110Y12M
66000,臺中市,66000090,豐原區,66000090-018,豐圳里,417,225,192,2803,1405,1398,650,311,339,110Y12M
66000,臺中市,66000090,豐原區,66000090-019,社皮里,1524,762,762,8568,4191,4377,1603,715,888,110Y12M
66000,臺中市,66000090,豐原區,66000090-020,三村里,1003,505,498,5324,2663,2661,1182,554,628,110Y12M
66000,臺中市,66000090,豐原區,66000090-021,中興里,417,209,208,2347,1160,1187,620,265,355,110Y12M
66000,臺中市,66000090,豐原區,66000090-022,田心里,789,430,359,5335,2738,2597,1142,533,609,110Y12M
66000,臺中市,66000090,豐原區,66000090-023,豐田里,1584,823,761,8662,4362,4300,1906,858,1048,110Y12M
66000,臺中市,66000090,豐原區,66000090-024,鎌村里,700,373,327,3943,2029,1914,861,426,435,110Y12M
66000,臺中市,66000090,豐原區,66000090-025,南陽里,2513,1339,1174,9384,4459,4925,1724,768,956,110Y12M
66000,臺中市,66000090,豐原區,66000090-026,陽明里,676,361,315,2257,1074,1183,511,218,293,110Y12M
66000,臺中市,66000090,豐原區,66000090-027,北陽里,2505,1288,1217,11068,5416,5652,2451,1122,1329,110Y12M
66000,臺中市,66000090,豐原區,66000090-028,中陽里,1479,766,713,4232,2019,2213,1057,459,598,110Y12M
66000,臺中市,66000090,豐原區,66000090-029,東陽里,203,98,105,1281,666,615,323,152,171,110Y12M
66000,臺中市,66000090,豐原區,66000090-030,南村里,946,505,441,4528,2150,2378,963,431,532,110Y12M
66000,臺中市,66000090,豐原區,66000090-031,南田里,374,200,174,2638,1388,1250,665,307,358,110Y12M
66000,臺中市,66000090,豐原區,66000090-032,南嵩里,426,214,212,2809,1405,1404,652,323,329,110Y12M
66000,臺中市,66000090,豐原區,66000090-033,翁明里,326,182,144,1949,942,1007,363,158,205,110Y12M
66000,臺中市,66000090,豐原區,66000090-034,翁子里,465,228,237,2778,1423,1355,585,276,309,110Y12M
66000,臺中市,66000090,豐原區,66000090-035,翁社里,240,127,113,1710,890,820,407,199,208,110Y12M
66000,臺中市,66000090,豐原區,66000090-036,朴子里,390,207,183,2740,1433,1307,659,328,331,110Y12M
66000,臺中市,66000100,東勢區,66000100-001,北興里,180,97,83,999,538,461,334,158,176,110Y12M
66000,臺中市,66000100,東勢區,66000100-002,中寧里,119,55,64,621,294,327,222,96,126,110Y12M
66000,臺中市,66000100,東勢區,66000100-003,東安里,147,75,72,737,374,363,278,134,144,110Y12M
66000,臺中市,66000100,東勢區,66000100-004,南平里,226,117,109,1355,693,662,450,214,236,110Y12M
66000,臺中市,66000100,東勢區,66000100-005,延平里,281,140,141,1634,822,812,562,237,325,110Y12M
66000,臺中市,66000100,東勢區,66000100-006,上新里,152,83,69,721,350,371,250,127,123,110Y12M
66000,臺中市,66000100,東勢區,66000100-007,廣興里,226,125,101,1067,559,508,374,170,204,110Y12M
66000,臺中市,66000100,東勢區,66000100-008,泰昌里,469,236,233,2676,1358,1318,846,378,468,110Y12M
66000,臺中市,66000100,東勢區,66000100-009,中嵙里,173,85,88,1408,734,674,497,242,255,110Y12M
66000,臺中市,66000100,東勢區,66000100-010,福隆里,453,247,206,3098,1571,1527,754,335,419,110Y12M
66000,臺中市,66000100,東勢區,66000100-011,隆興里,117,64,53,1108,588,520,348,182,166,110Y12M
66000,臺中市,66000100,東勢區,66000100-012,新盛里,654,335,319,3959,2082,1877,1050,479,571,110Y12M
66000,臺中市,66000100,東勢區,66000100-013,詒福里,166,80,86,1235,646,589,421,202,219,110Y12M
66000,臺中市,66000100,東勢區,66000100-014,上城里,98,51,47,676,365,311,309,149,160,110Y12M
66000,臺中市,66000100,東勢區,66000100-015,下城里,66,30,36,599,326,273,248,113,135,110Y12M
66000,臺中市,66000100,東勢區,66000100-016,慶東里,168,76,92,1375,738,637,493,248,245,110Y12M
66000,臺中市,66000100,東勢區,66000100-017,慶福里,107,62,45,922,498,424,321,162,159,110Y12M
66000,臺中市,66000100,東勢區,66000100-018,東新里,205,99,106,1535,804,731,481,226,255,110Y12M
66000,臺中市,66000100,東勢區,66000100-019,粵寧里,186,90,96,1601,815,786,471,224,247,110Y12M
66000,臺中市,66000100,東勢區,66000100-020,下新里,121,66,55,1242,659,583,443,208,235,110Y12M
66000,臺中市,66000100,東勢區,66000100-021,興隆里,90,42,48,925,508,417,283,150,133,110Y12M
66000,臺中市,66000100,東勢區,66000100-022,茂興里,166,94,72,1404,766,638,444,232,212,110Y12M
66000,臺中市,66000100,東勢區,66000100-023,泰興里,50,28,22,528,288,240,194,104,90,110Y12M
66000,臺中市,66000100,東勢區,66000100-024,埤頭里,35,18,17,506,285,221,165,77,88,110Y12M
66000,臺中市,66000100,東勢區,66000100-025,明正里,102,59,43,1084,597,487,323,164,159,110Y12M
66000,臺中市,66000110,大甲區,66000110-001,朝陽里,326,177,149,1040,511,529,318,140,178,110Y12M
66000,臺中市,66000110,大甲區,66000110-002,大甲里,150,86,64,756,378,378,261,125,136,110Y12M
66000,臺中市,66000110,大甲區,66000110-003,順天里,226,117,109,1140,587,553,410,196,214,110Y12M
66000,臺中市,66000110,大甲區,66000110-004,孔門里,180,101,79,576,303,273,182,93,89,110Y12M
66000,臺中市,66000110,大甲區,66000110-005,平安里,450,257,193,1659,831,828,475,201,274,110Y12M
66000,臺中市,66000110,大甲區,66000110-006,庄美里,344,190,154,1734,883,851,421,184,237,110Y12M
66000,臺中市,66000110,大甲區,66000110-007,新美里,583,307,276,2773,1417,1356,735,314,421,110Y12M
66000,臺中市,66000110,大甲區,66000110-008,岷山里,391,201,190,1687,849,838,416,205,211,110Y12M
66000,臺中市,66000110,大甲區,66000110-009,中山里,595,314,281,4070,1984,2086,693,283,410,110Y12M
66000,臺中市,66000110,大甲區,66000110-010,南陽里,96,45,51,661,335,326,181,75,106,110Y12M
66000,臺中市,66000110,大甲區,66000110-011,薰風里,119,44,75,703,348,355,206,96,110,110Y12M
66000,臺中市,66000110,大甲區,66000110-012,義和里,526,278,248,2773,1413,1360,593,273,320,110Y12M
66000,臺中市,66000110,大甲區,66000110-013,武陵里,142,67,75,943,505,438,256,128,128,110Y12M
66000,臺中市,66000110,大甲區,66000110-014,文曲里,122,64,58,841,435,406,250,124,126,110Y12M
66000,臺中市,66000110,大甲區,66000110-015,武曲里,320,166,154,1497,773,724,341,155,186,110Y12M
66000,臺中市,66000110,大甲區,66000110-016,文武里,1107,575,532,4331,2112,2219,1111,484,627,110Y12M
66000,臺中市,66000110,大甲區,66000110-017,奉化里,351,175,176,1772,862,910,322,158,164,110Y12M
66000,臺中市,66000110,大甲區,66000110-018,德化里,254,137,117,1497,775,722,303,153,150,110Y12M
66000,臺中市,66000110,大甲區,66000110-019,江南里,193,111,82,1203,625,578,207,99,108,110Y12M
66000,臺中市,66000110,大甲區,66000110-020,頂店里,888,485,403,3885,1940,1945,784,367,417,110Y12M
66000,臺中市,66000110,大甲區,66000110-021,太白里,163,77,86,999,534,465,262,123,139,110Y12M
66000,臺中市,66000110,大甲區,66000110-022,孟春里,704,357,347,3411,1719,1692,687,309,378,110Y12M
66000,臺中市,66000110,大甲區,66000110-023,幸福里,395,212,183,2069,1085,984,517,252,265,110Y12M
66000,臺中市,66000110,大甲區,66000110-024,日南里,987,526,461,4933,2447,2486,754,366,388,110Y12M
66000,臺中市,66000110,大甲區,66000110-025,龍泉里,222,124,98,1226,637,589,299,143,156,110Y12M
66000,臺中市,66000110,大甲區,66000110-026,西岐里,213,104,109,1376,704,672,327,147,180,110Y12M
66000,臺中市,66000110,大甲區,66000110-027,銅安里,224,106,118,1128,605,523,272,141,131,110Y12M
66000,臺中市,66000110,大甲區,66000110-028,福德里,145,86,59,930,457,473,199,102,97,110Y12M
66000,臺中市,66000110,大甲區,66000110-029,建興里,189,103,86,1221,637,584,295,144,151,110Y12M
66000,臺中市,66000120,清水區,66000120-001,鰲峰里,147,71,76,789,404,385,291,130,161,110Y12M
66000,臺中市,66000120,清水區,66000120-002,靈泉里,150,85,65,708,357,351,242,112,130,110Y12M
66000,臺中市,66000120,清水區,66000120-003,清水里,422,187,235,1645,826,819,485,215,270,110Y12M
66000,臺中市,66000120,清水區,66000120-004,文昌里,123,74,49,497,247,250,177,79,98,110Y12M
66000,臺中市,66000120,清水區,66000120-005,南寧里,426,212,214,1348,691,657,466,203,263,110Y12M
66000,臺中市,66000120,清水區,66000120-006,西寧里,229,124,105,1235,639,596,365,164,201,110Y12M
66000,臺中市,66000120,清水區,66000120-007,北寧里,83,47,36,474,260,214,213,102,111,110Y12M
66000,臺中市,66000120,清水區,66000120-008,中興里,79,49,30,271,148,123,119,56,63,110Y12M
66000,臺中市,66000120,清水區,66000120-009,西社里,457,236,221,1791,948,843,494,225,269,110Y12M
66000,臺中市,66000120,清水區,66000120-010,南社里,2093,1071,1022,9226,4642,4584,1382,624,758,110Y12M
66000,臺中市,66000120,清水區,66000120-011,裕嘉里,152,80,72,1211,616,595,274,130,144,110Y12M
66000,臺中市,66000120,清水區,66000120-012,臨江里,164,93,71,1239,684,555,327,160,167,110Y12M
66000,臺中市,66000120,清水區,66000120-013,秀水里,618,324,294,3687,1918,1769,855,404,451,110Y12M
66000,臺中市,66000120,清水區,66000120-014,武鹿里,436,213,223,2860,1491,1369,617,310,307,110Y12M
66000,臺中市,66000120,清水區,66000120-015,海濱里,242,132,110,1782,948,834,398,177,221,110Y12M
66000,臺中市,66000120,清水區,66000120-016,■榔里,1057,583,474,6317,3147,3170,892,428,464,110Y12M
66000,臺中市,66000120,清水區,66000120-017,中社里,514,277,237,2348,1162,1186,529,237,292,110Y12M
66000,臺中市,66000120,清水區,66000120-018,高西里,127,73,54,1053,595,458,259,122,137,110Y12M
66000,臺中市,66000120,清水區,66000120-019,高南里,131,81,50,1039,581,458,309,156,153,110Y12M
66000,臺中市,66000120,清水區,66000120-020,高東里,91,55,36,987,550,437,282,134,148,110Y12M
66000,臺中市,66000120,清水區,66000120-021,高北里,131,67,64,962,523,439,234,116,118,110Y12M
66000,臺中市,66000120,清水區,66000120-022,高美里,148,83,65,1072,574,498,292,141,151,110Y12M
66000,臺中市,66000120,清水區,66000120-023,國姓里,262,128,134,1666,896,770,427,202,225,110Y12M
66000,臺中市,66000120,清水區,66000120-024,菁埔里,298,156,142,1833,962,871,492,236,256,110Y12M
66000,臺中市,66000120,清水區,66000120-025,頂湳里,196,106,90,1430,779,651,363,185,178,110Y12M
66000,臺中市,66000120,清水區,66000120-026,田寮里,299,147,152,2074,1095,979,481,214,267,110Y12M
66000,臺中市,66000120,清水區,66000120-027,橋頭里,1326,694,632,6420,3279,3141,1355,605,750,110Y12M
66000,臺中市,66000120,清水區,66000120-028,下湳里,379,181,198,2251,1183,1068,633,288,345,110Y12M
66000,臺中市,66000120,清水區,66000120-029,東山里,141,66,75,1009,538,471,236,108,128,110Y12M
66000,臺中市,66000120,清水區,66000120-030,楊厝里,158,90,68,966,535,431,213,104,109,110Y12M
66000,臺中市,66000120,清水區,66000120-031,海風里,195,87,108,1197,666,531,254,117,137,110Y12M
66000,臺中市,66000120,清水區,66000120-032,吳厝里,204,99,105,1282,662,620,263,123,140,110Y12M
66000,臺中市,66000130,沙鹿區,66000130-001,居仁里,192,107,85,1063,555,508,319,150,169,110Y12M
66000,臺中市,66000130,沙鹿區,66000130-002,洛泉里,470,251,219,1524,735,789,525,240,285,110Y12M
66000,臺中市,66000130,沙鹿區,66000130-003,沙鹿里,232,117,115,632,314,318,277,132,145,110Y12M
66000,臺中市,66000130,沙鹿區,66000130-004,美仁里,115,63,52,366,194,172,130,67,63,110Y12M
66000,臺中市,66000130,沙鹿區,66000130-005,興仁里,545,276,269,2029,1023,1006,495,212,283,110Y12M
66000,臺中市,66000130,沙鹿區,66000130-006,斗抵里,751,393,358,3739,1892,1847,827,386,441,110Y12M
66000,臺中市,66000130,沙鹿區,66000130-007,鹿峰里,1215,645,570,4711,2361,2350,933,426,507,110Y12M
66000,臺中市,66000130,沙鹿區,66000130-008,鹿寮里,1553,822,731,5986,2992,2994,1206,539,667,110Y12M
66000,臺中市,66000130,沙鹿區,66000130-009,竹林里,1633,837,796,6432,3224,3208,1300,583,717,110Y12M
66000,臺中市,66000130,沙鹿區,66000130-010,犁分里,258,146,112,951,510,441,208,105,103,110Y12M
66000,臺中市,66000130,沙鹿區,66000130-011,北勢里,1111,566,545,4457,2289,2168,737,329,408,110Y12M
66000,臺中市,66000130,沙鹿區,66000130-012,福興里,734,358,376,3530,1830,1700,518,227,291,110Y12M
66000,臺中市,66000130,沙鹿區,66000130-013,晉江里,206,110,96,1554,816,738,278,129,149,110Y12M
66000,臺中市,66000130,沙鹿區,66000130-014,六路里,1080,558,522,5069,2617,2452,622,263,359,110Y12M
66000,臺中市,66000130,沙鹿區,66000130-015,南勢里,761,404,357,3050,1587,1463,449,195,254,110Y12M
66000,臺中市,66000130,沙鹿區,66000130-016,埔子里,1203,591,612,5408,2744,2664,632,292,340,110Y12M
66000,臺中市,66000130,沙鹿區,66000130-017,公明里,713,348,365,3825,1996,1829,722,288,434,110Y12M
66000,臺中市,66000130,沙鹿區,66000130-018,清泉里,362,194,168,2111,1073,1038,308,138,170,110Y12M
66000,臺中市,66000130,沙鹿區,66000130-019,西勢里,228,110,118,1842,966,876,377,170,207,110Y12M
66000,臺中市,66000130,沙鹿區,66000130-020,興安里,659,346,313,2919,1467,1452,619,278,341,110Y12M
66000,臺中市,66000130,沙鹿區,66000130-021,三鹿里,1665,862,803,6970,3506,3464,703,309,394,110Y12M
66000,臺中市,66000140,梧棲區,66000140-001,頂寮里,574,297,277,3270,1610,1660,495,226,269,110Y12M
66000,臺中市,66000140,梧棲區,66000140-002,下寮里,270,155,115,1690,871,819,360,164,196,110Y12M
66000,臺中市,66000140,梧棲區,66000140-003,中正里,538,279,259,3196,1594,1602,818,393,425,110Y12M
66000,臺中市,66000140,梧棲區,66000140-004,中和里,60,27,33,385,206,179,116,57,59,110Y12M
66000,臺中市,66000140,梧棲區,66000140-005,文化里,155,68,87,944,483,461,265,119,146,110Y12M
66000,臺中市,66000140,梧棲區,66000140-006,安仁里,116,58,58,636,330,306,157,75,82,110Y12M
66000,臺中市,66000140,梧棲區,66000140-007,草湳里,991,488,503,5292,2714,2578,1049,495,554,110Y12M
66000,臺中市,66000140,梧棲區,66000140-008,南簡里,978,482,496,4947,2511,2436,692,327,365,110Y12M
66000,臺中市,66000140,梧棲區,66000140-009,福德里,980,489,491,4526,2294,2232,688,310,378,110Y12M
66000,臺中市,66000140,梧棲區,66000140-010,大庄里,1693,895,798,6691,3300,3391,1232,577,655,110Y12M
66000,臺中市,66000140,梧棲區,66000140-011,大村里,1341,674,667,5177,2548,2629,774,364,410,110Y12M
66000,臺中市,66000140,梧棲區,66000140-012,興農里,317,163,154,2057,1102,955,394,183,211,110Y12M
66000,臺中市,66000140,梧棲區,66000140-013,永寧里,368,192,176,1973,1033,940,407,179,228,110Y12M
66000,臺中市,66000140,梧棲區,66000140-014,永安里,334,173,161,2091,1104,987,480,225,255,110Y12M
66000,臺中市,66000150,后里區,66000150-001,廣福里,301,160,141,1725,878,847,427,182,245,110Y12M
66000,臺中市,66000150,后里區,66000150-002,仁里里,154,65,89,830,446,384,238,107,131,110Y12M
66000,臺中市,66000150,后里區,66000150-003,義里里,510,256,254,2563,1313,1250,635,283,352,110Y12M
66000,臺中市,66000150,后里區,66000150-004,后里里,565,293,272,3047,1553,1494,738,341,397,110Y12M
66000,臺中市,66000150,后里區,66000150-005,厚里里,317,172,145,1827,912,915,428,207,221,110Y12M
66000,臺中市,66000150,后里區,66000150-006,墩東里,932,492,440,3956,2013,1943,943,416,527,110Y12M
66000,臺中市,66000150,后里區,66000150-007,墩西里,339,172,167,1514,803,711,444,223,221,110Y12M
66000,臺中市,66000150,后里區,66000150-008,墩南里,543,285,258,2879,1493,1386,613,289,324,110Y12M
66000,臺中市,66000150,后里區,66000150-009,墩北里,631,327,304,3069,1558,1511,594,264,330,110Y12M
66000,臺中市,66000150,后里區,66000150-010,中和里,396,191,205,2006,1012,994,475,224,251,110Y12M
66000,臺中市,66000150,后里區,66000150-011,舊社里,409,200,209,1956,986,970,364,178,186,110Y12M
66000,臺中市,66000150,后里區,66000150-012,聯合里,181,99,82,1302,675,627,327,151,176,110Y12M
66000,臺中市,66000150,后里區,66000150-013,太平里,295,146,149,1816,941,875,403,195,208,110Y12M
66000,臺中市,66000150,后里區,66000150-014,眉山里,466,232,234,2694,1400,1294,618,290,328,110Y12M
66000,臺中市,66000150,后里區,66000150-015,泰安里,158,84,74,1181,629,552,267,118,149,110Y12M
66000,臺中市,66000150,后里區,66000150-016,公館里,304,154,150,1788,939,849,421,215,206,110Y12M
66000,臺中市,66000150,后里區,66000150-017,月眉里,293,155,138,1685,881,804,361,174,187,110Y12M
66000,臺中市,66000150,后里區,66000150-018,義德里,367,188,179,2099,1038,1061,567,240,327,110Y12M
66000,臺中市,66000160,神岡區,66000160-001,神岡里,437,232,205,2681,1412,1269,598,299,299,110Y12M
66000,臺中市,66000160,神岡區,66000160-002,庄前里,362,192,170,1955,1008,947,398,176,222,110Y12M
66000,臺中市,66000160,神岡區,66000160-003,北庄里,362,189,173,2191,1141,1050,497,240,257,110Y12M
66000,臺中市,66000160,神岡區,66000160-004,庄後里,359,186,173,1861,983,878,439,214,225,110Y12M
66000,臺中市,66000160,神岡區,66000160-005,社口里,1373,758,615,6617,3405,3212,1179,532,647,110Y12M
66000,臺中市,66000160,神岡區,66000160-006,社南里,947,504,443,4564,2329,2235,867,411,456,110Y12M
66000,臺中市,66000160,神岡區,66000160-007,三角里,390,215,175,2132,1104,1028,518,239,279,110Y12M
66000,臺中市,66000160,神岡區,66000160-008,岸裡里,347,186,161,2392,1216,1176,544,259,285,110Y12M
66000,臺中市,66000160,神岡區,66000160-009,大社里,563,295,268,3995,1911,2084,614,293,321,110Y12M
66000,臺中市,66000160,神岡區,66000160-010,豐洲里,851,438,413,5986,3055,2931,1423,698,725,110Y12M
66000,臺中市,66000160,神岡區,66000160-011,神洲里,376,185,191,2108,1095,1013,499,239,260,110Y12M
66000,臺中市,66000160,神岡區,66000160-012,溪洲里,351,185,166,2342,1246,1096,530,253,277,110Y12M
66000,臺中市,66000160,神岡區,66000160-013,圳前里,353,183,170,1898,949,949,450,215,235,110Y12M
66000,臺中市,66000160,神岡區,66000160-014,新庄里,604,325,279,3551,1879,1672,743,357,386,110Y12M
66000,臺中市,66000160,神岡區,66000160-015,圳堵里,272,139,133,1742,911,831,418,184,234,110Y12M
66000,臺中市,66000160,神岡區,66000160-016,山皮里,113,60,53,863,452,411,186,82,104,110Y12M
66000,臺中市,66000170,潭子區,66000170-001,潭陽里,1822,942,880,9612,4696,4916,1754,771,983,110Y12M
66000,臺中市,66000170,潭子區,66000170-002,潭秀里,187,96,91,999,511,488,296,146,150,110Y12M
66000,臺中市,66000170,潭子區,66000170-003,潭北里,385,194,191,2010,986,1024,472,224,248,110Y12M
66000,臺中市,66000170,潭子區,66000170-004,福仁里,1439,777,662,9355,4582,4773,1601,706,895,110Y12M
66000,臺中市,66000170,潭子區,66000170-005,頭家里,1160,579,581,4839,2349,2490,714,320,394,110Y12M
66000,臺中市,66000170,潭子區,66000170-006,甘蔗里,1443,759,684,8566,4133,4433,1211,539,672,110Y12M
66000,臺中市,66000170,潭子區,66000170-007,東寶里,1561,841,720,10556,5304,5252,1963,891,1072,110Y12M
66000,臺中市,66000170,潭子區,66000170-008,大富里,354,193,161,2511,1308,1203,406,201,205,110Y12M
66000,臺中市,66000170,潭子區,66000170-009,大豐里,988,508,480,5587,2792,2795,770,341,429,110Y12M
66000,臺中市,66000170,潭子區,66000170-010,栗林里,536,278,258,4008,2019,1989,932,423,509,110Y12M
66000,臺中市,66000170,潭子區,66000170-011,嘉仁里,652,338,314,3432,1777,1655,689,322,367,110Y12M
66000,臺中市,66000170,潭子區,66000170-012,新田里,115,61,54,1254,634,620,320,150,170,110Y12M
66000,臺中市,66000170,潭子區,66000170-013,聚興里,546,286,260,3592,1952,1640,841,415,426,110Y12M
66000,臺中市,66000170,潭子區,66000170-014,頭家東里,746,375,371,3745,1870,1875,734,305,429,110Y12M
66000,臺中市,66000170,潭子區,66000170-015,家興里,1494,788,706,6281,2929,3352,906,400,506,110Y12M
66000,臺中市,66000170,潭子區,66000170-016,家福里,1058,536,522,4146,1983,2163,682,296,386,110Y12M
66000,臺中市,66000180,大雅區,66000180-001,大雅里,673,357,316,3683,1798,1885,787,371,416,110Y12M
66000,臺中市,66000180,大雅區,66000180-002,員林里,2024,1025,999,8402,4137,4265,1258,606,652,110Y12M
66000,臺中市,66000180,大雅區,66000180-003,六寶里,1005,506,499,5374,2750,2624,1051,420,631,110Y12M
66000,臺中市,66000180,大雅區,66000180-004,秀山里,523,255,268,2893,1513,1380,573,301,272,110Y12M
66000,臺中市,66000180,大雅區,66000180-005,忠義里,460,255,205,3006,1527,1479,692,256,436,110Y12M
66000,臺中市,66000180,大雅區,66000180-006,橫山里,740,387,353,3780,1934,1846,683,334,349,110Y12M
66000,臺中市,66000180,大雅區,66000180-007,三和里,937,483,454,4732,2387,2345,748,354,394,110Y12M
66000,臺中市,66000180,大雅區,66000180-008,西寶里,828,396,432,4326,2239,2087,653,308,345,110Y12M
66000,臺中市,66000180,大雅區,66000180-009,上楓里,1206,640,566,5745,2899,2846,839,400,439,110Y12M
66000,臺中市,66000180,大雅區,66000180-010,二和里,1145,598,547,5511,2701,2810,685,323,362,110Y12M
66000,臺中市,66000180,大雅區,66000180-011,四德里,957,509,448,4289,2090,2199,503,226,277,110Y12M
66000,臺中市,66000180,大雅區,66000180-012,上雅里,1069,515,554,5373,2667,2706,852,407,445,110Y12M
66000,臺中市,66000180,大雅區,66000180-013,文雅里,951,506,445,5432,2680,2752,819,387,432,110Y12M
66000,臺中市,66000180,大雅區,66000180-014,大楓里,823,422,401,4599,2229,2370,625,288,337,110Y12M
66000,臺中市,66000180,大雅區,66000180-015,雅楓里,593,311,282,3202,1533,1669,472,224,248,110Y12M
66000,臺中市,66000190,新社區,66000190-001,新社里,504,269,235,2697,1370,1327,702,323,379,110Y12M
66000,臺中市,66000190,新社區,66000190-002,復盛里,269,145,124,1527,826,701,362,166,196,110Y12M
66000,臺中市,66000190,新社區,66000190-003,中正里,184,94,90,1098,583,515,305,138,167,110Y12M
66000,臺中市,66000190,新社區,66000190-004,月湖里,122,73,49,784,413,371,256,124,132,110Y12M
66000,臺中市,66000190,新社區,66000190-005,崑山里,91,39,52,861,477,384,325,157,168,110Y12M
66000,臺中市,66000190,新社區,66000190-006,大南里,170,97,73,1446,766,680,479,218,261,110Y12M
66000,臺中市,66000190,新社區,66000190-007,永源里,309,149,160,2420,1269,1151,658,310,348,110Y12M
66000,臺中市,66000190,新社區,66000190-008,中興里,39,24,15,418,200,218,165,57,108,110Y12M
66000,臺中市,66000190,新社區,66000190-009,協成里,324,156,168,2353,1256,1097,641,300,341,110Y12M
66000,臺中市,66000190,新社區,66000190-010,東興里,123,70,53,903,483,420,325,159,166,110Y12M
66000,臺中市,66000190,新社區,66000190-011,慶西里,57,32,25,658,367,291,232,117,115,110Y12M
66000,臺中市,66000190,新社區,66000190-012,中和里,39,15,24,398,218,180,182,89,93,110Y12M
66000,臺中市,66000190,新社區,66000190-013,福興里,84,41,43,839,464,375,301,153,148,110Y12M
66000,臺中市,66000200,石岡區,66000200-001,石岡里,190,111,79,1006,512,494,250,113,137,110Y12M
66000,臺中市,66000200,石岡區,66000200-002,萬安里,181,97,84,1240,635,605,314,152,162,110Y12M
66000,臺中市,66000200,石岡區,66000200-003,九房里,123,60,63,970,528,442,282,147,135,110Y12M
66000,臺中市,66000200,石岡區,66000200-004,金星里,123,67,56,963,508,455,320,159,161,110Y12M
66000,臺中市,66000200,石岡區,66000200-005,龍興里,62,34,28,475,267,208,177,91,86,110Y12M
66000,臺中市,66000200,石岡區,66000200-006,萬興里,152,75,77,1171,600,571,328,161,167,110Y12M
66000,臺中市,66000200,石岡區,66000200-007,梅子里,203,104,99,1403,726,677,451,223,228,110Y12M
66000,臺中市,66000200,石岡區,66000200-008,土牛里,81,41,40,794,426,368,234,106,128,110Y12M
66000,臺中市,66000200,石岡區,66000200-009,德興里,137,70,67,1133,592,541,319,145,174,110Y12M
66000,臺中市,66000200,石岡區,66000200-010,和盛里,91,46,45,970,507,463,276,124,152,110Y12M
66000,臺中市,66000210,外埔區,66000210-001,永豐里,134,66,68,919,500,419,208,102,106,110Y12M
66000,臺中市,66000210,外埔區,66000210-002,六分里,355,169,186,1907,949,958,348,156,192,110Y12M
66000,臺中市,66000210,外埔區,66000210-003,三崁里,197,99,98,1566,840,726,389,206,183,110Y12M
66000,臺中市,66000210,外埔區,66000210-004,大同里,720,386,334,3983,2011,1972,893,426,467,110Y12M
66000,臺中市,66000210,外埔區,66000210-005,水美里,368,194,174,2949,1535,1414,592,280,312,110Y12M
66000,臺中市,66000210,外埔區,66000210-006,大東里,919,476,443,5559,2797,2762,1038,449,589,110Y12M
66000,臺中市,66000210,外埔區,66000210-007,馬鳴里,192,97,95,1140,613,527,292,138,154,110Y12M
66000,臺中市,66000210,外埔區,66000210-008,中山里,165,90,75,1004,513,491,229,102,127,110Y12M
66000,臺中市,66000210,外埔區,66000210-009,鐵山里,226,97,129,1762,921,841,428,208,220,110Y12M
66000,臺中市,66000210,外埔區,66000210-010,土城里,168,87,81,1249,671,578,350,177,173,110Y12M
66000,臺中市,66000210,外埔區,66000210-011,■子里,119,75,44,948,515,433,248,119,129,110Y12M
66000,臺中市,66000220,大安區,66000220-001,南埔里,100,43,57,815,445,370,262,135,127,110Y12M
66000,臺中市,66000220,大安區,66000220-002,南庄里,81,43,38,810,449,361,221,105,116,110Y12M
66000,臺中市,66000220,大安區,66000220-003,中庄里,340,178,162,2180,1164,1016,521,254,267,110Y12M
66000,臺中市,66000220,大安區,66000220-004,龜■里,157,82,75,1176,654,522,354,179,175,110Y12M
66000,臺中市,66000220,大安區,66000220-005,福興里,132,77,55,924,518,406,236,114,122,110Y12M
66000,臺中市,66000220,大安區,66000220-006,東安里,159,88,71,963,519,444,273,128,145,110Y12M
66000,臺中市,66000220,大安區,66000220-007,頂安里,73,37,36,728,373,355,200,97,103,110Y12M
66000,臺中市,66000220,大安區,66000220-008,永安里,193,105,88,1447,781,666,334,164,170,110Y12M
66000,臺中市,66000220,大安區,66000220-009,福住里,113,58,55,870,470,400,191,85,106,110Y12M
66000,臺中市,66000220,大安區,66000220-010,海墘里,120,69,51,1148,614,534,270,127,143,110Y12M
66000,臺中市,66000220,大安區,66000220-011,西安里,217,117,100,1459,756,703,321,166,155,110Y12M
66000,臺中市,66000220,大安區,66000220-012,松雅里,96,46,50,811,439,372,190,94,96,110Y12M
66000,臺中市,66000230,烏日區,66000230-001,烏日里,1183,612,571,7380,3691,3689,1623,733,890,110Y12M
66000,臺中市,66000230,烏日區,66000230-002,湖日里,331,169,162,2153,1107,1046,476,227,249,110Y12M
66000,臺中市,66000230,烏日區,66000230-003,三和里,981,515,466,5391,2773,2618,836,370,466,110Y12M
66000,臺中市,66000230,烏日區,66000230-004,榮泉里,1417,760,657,5417,2619,2798,782,361,421,110Y12M
66000,臺中市,66000230,烏日區,66000230-005,學田里,274,141,133,2192,1151,1041,481,224,257,110Y12M
66000,臺中市,66000230,烏日區,66000230-006,九德里,2521,1334,1187,11235,5466,5769,2089,994,1095,110Y12M
66000,臺中市,66000230,烏日區,66000230-007,仁德里,1586,795,791,6678,3212,3466,1264,555,709,110Y12M
66000,臺中市,66000230,烏日區,66000230-008,前竹里,277,147,130,1349,695,654,314,163,151,110Y12M
66000,臺中市,66000230,烏日區,66000230-009,五光里,158,72,86,1487,782,705,294,137,157,110Y12M
66000,臺中市,66000230,烏日區,66000230-010,光明里,278,152,126,1728,922,806,414,186,228,110Y12M
66000,臺中市,66000230,烏日區,66000230-011,東園里,364,185,179,1932,1019,913,351,174,177,110Y12M
66000,臺中市,66000230,烏日區,66000230-012,溪埧里,590,306,284,3775,1926,1849,708,341,367,110Y12M
66000,臺中市,66000230,烏日區,66000230-013,螺潭里,268,134,134,1895,976,919,378,191,187,110Y12M
66000,臺中市,66000230,烏日區,66000230-014,北里里,210,102,108,1404,738,666,285,136,149,110Y12M
66000,臺中市,66000230,烏日區,66000230-015,南里里,171,90,81,1175,605,570,214,113,101,110Y12M
66000,臺中市,66000230,烏日區,66000230-016,溪尾里,80,42,38,648,349,299,208,113,95,110Y12M
66000,臺中市,66000240,大肚區,66000240-001,王田里,598,333,265,3749,1967,1782,761,373,388,110Y12M
66000,臺中市,66000240,大肚區,66000240-002,中和里,112,48,64,717,375,342,177,91,86,110Y12M
66000,臺中市,66000240,大肚區,66000240-003,福山里,509,271,238,2869,1470,1399,703,335,368,110Y12M
66000,臺中市,66000240,大肚區,66000240-004,營埔里,177,96,81,1261,661,600,270,134,136,110Y12M
66000,臺中市,66000240,大肚區,66000240-005,社腳里,308,166,142,2009,1047,962,511,237,274,110Y12M
66000,臺中市,66000240,大肚區,66000240-006,新興里,345,189,156,2192,1161,1031,485,230,255,110Y12M
66000,臺中市,66000240,大肚區,66000240-007,大東里,472,259,213,2563,1326,1237,572,265,307,110Y12M
66000,臺中市,66000240,大肚區,66000240-008,大肚里,379,179,200,1780,876,904,488,216,272,110Y12M
66000,臺中市,66000240,大肚區,66000240-009,永和里,89,43,46,627,324,303,211,104,107,110Y12M
66000,臺中市,66000240,大肚區,66000240-010,磺溪里,253,127,126,1433,741,692,332,162,170,110Y12M
66000,臺中市,66000240,大肚區,66000240-011,永順里,214,106,108,1366,750,616,371,193,178,110Y12M
66000,臺中市,66000240,大肚區,66000240-012,成功里,135,66,69,763,422,341,201,99,102,110Y12M
66000,臺中市,66000240,大肚區,66000240-013,山陽里,160,82,78,1060,563,497,313,137,176,110Y12M
66000,臺中市,66000240,大肚區,66000240-014,頂街里,1229,629,600,6700,3401,3299,1044,483,561,110Y12M
66000,臺中市,66000240,大肚區,66000240-015,瑞井里,756,381,375,4381,2259,2122,839,390,449,110Y12M
66000,臺中市,66000240,大肚區,66000240-016,蔗■里,771,413,358,4414,2254,2160,771,332,439,110Y12M
66000,臺中市,66000240,大肚區,66000240-017,自強里,450,239,211,2914,1452,1462,654,277,377,110Y12M
66000,臺中市,66000250,龍井區,66000250-001,竹坑里,465,235,230,2674,1386,1288,452,215,237,110Y12M
66000,臺中市,66000250,龍井區,66000250-002,龍東里,441,241,200,2465,1287,1178,512,245,267,110Y12M
66000,臺中市,66000250,龍井區,66000250-003,龍西里,272,130,142,1551,778,773,335,156,179,110Y12M
66000,臺中市,66000250,龍井區,66000250-004,田中里,617,327,290,3243,1633,1610,544,268,276,110Y12M
66000,臺中市,66000250,龍井區,66000250-005,福田里,111,65,46,874,442,432,206,93,113,110Y12M
66000,臺中市,66000250,龍井區,66000250-006,麗水里,305,164,141,1903,1028,875,409,201,208,110Y12M
66000,臺中市,66000250,龍井區,66000250-007,龍津里,816,414,402,4316,2251,2065,884,409,475,110Y12M
66000,臺中市,66000250,龍井區,66000250-008,三德里,457,223,234,2553,1323,1230,485,229,256,110Y12M
66000,臺中市,66000250,龍井區,66000250-009,忠和里,871,433,438,4301,2235,2066,766,350,416,110Y12M
66000,臺中市,66000250,龍井區,66000250-010,山腳里,946,486,460,5207,2653,2554,763,341,422,110Y12M
66000,臺中市,66000250,龍井區,66000250-011,龍泉里,1343,677,666,6832,3481,3351,1125,509,616,110Y12M
66000,臺中市,66000250,龍井區,66000250-012,龍崗里,469,244,225,2382,1165,1217,416,197,219,110Y12M
66000,臺中市,66000250,龍井區,66000250-013,新庄里,988,515,473,5700,2886,2814,940,410,530,110Y12M
66000,臺中市,66000250,龍井區,66000250-014,南寮里,222,122,100,1370,719,651,265,116,149,110Y12M
66000,臺中市,66000250,龍井區,66000250-015,新東里,699,349,350,4150,2122,2028,773,355,418,110Y12M
66000,臺中市,66000250,龍井區,66000250-016,東海里,1619,829,790,7825,3736,4089,1114,491,623,110Y12M
66000,臺中市,66000260,霧峰區,66000260-001,桐林里,131,73,58,934,487,447,283,146,137,110Y12M
66000,臺中市,66000260,霧峰區,66000260-002,吉峰里,1154,608,546,8005,4115,3890,1644,771,873,110Y12M
66000,臺中市,66000260,霧峰區,66000260-003,甲寅里,577,291,286,3912,1988,1924,920,413,507,110Y12M
66000,臺中市,66000260,霧峰區,66000260-004,本鄉里,282,142,140,1882,968,914,490,215,275,110Y12M
66000,臺中市,66000260,霧峰區,66000260-005,中正里,267,144,123,1660,816,844,391,176,215,110Y12M
66000,臺中市,66000260,霧峰區,66000260-006,錦榮里,158,89,69,1016,550,466,275,127,148,110Y12M
66000,臺中市,66000260,霧峰區,66000260-007,萊園里,134,74,60,814,422,392,259,116,143,110Y12M
66000,臺中市,66000260,霧峰區,66000260-008,本堂里,904,451,453,4727,2322,2405,1273,584,689,110Y12M
66000,臺中市,66000260,霧峰區,66000260-009,坑口里,437,212,225,2381,1217,1164,620,296,324,110Y12M
66000,臺中市,66000260,霧峰區,66000260-010,北柳里,571,293,278,3384,1734,1650,711,331,380,110Y12M
66000,臺中市,66000260,霧峰區,66000260-011,南柳里,319,160,159,1647,805,842,288,138,150,110Y12M
66000,臺中市,66000260,霧峰區,66000260-012,四德里,335,169,166,2097,1085,1012,452,228,224,110Y12M
66000,臺中市,66000260,霧峰區,66000260-013,五福里,323,174,149,2202,1172,1030,539,258,281,110Y12M
66000,臺中市,66000260,霧峰區,66000260-014,萬豐里,352,191,161,2075,1050,1025,585,299,286,110Y12M
66000,臺中市,66000260,霧峰區,66000260-015,舊正里,279,152,127,1664,875,789,449,212,237,110Y12M
66000,臺中市,66000260,霧峰區,66000260-016,峰谷里,139,71,68,893,508,385,249,104,145,110Y12M
66000,臺中市,66000260,霧峰區,66000260-017,六股里,380,182,198,1957,1015,942,470,220,250,110Y12M
66000,臺中市,66000260,霧峰區,66000260-018,丁台里,331,171,160,1896,1010,886,449,225,224,110Y12M
66000,臺中市,66000260,霧峰區,66000260-019,北勢里,363,183,180,1806,879,927,363,185,178,110Y12M
66000,臺中市,66000260,霧峰區,66000260-020,南勢里,165,84,81,1102,582,520,237,123,114,110Y12M
66000,臺中市,66000270,太平區,66000270-001,太平里,832,447,385,4471,2302,2169,1050,501,549,110Y12M
66000,臺中市,66000270,太平區,66000270-002,長億里,1333,707,626,5661,2745,2916,845,368,477,110Y12M
66000,臺中市,66000270,太平區,66000270-003,中平里,685,361,324,3500,1767,1733,684,308,376,110Y12M
66000,臺中市,66000270,太平區,66000270-004,中興里,447,250,197,2685,1336,1349,605,298,307,110Y12M
66000,臺中市,66000270,太平區,66000270-005,建國里,332,175,157,2412,1229,1183,572,241,331,110Y12M
66000,臺中市,66000270,太平區,66000270-006,東平里,715,360,355,3677,1820,1857,631,266,365,110Y12M
66000,臺中市,66000270,太平區,66000270-007,宜欣里,899,483,416,5281,2639,2642,1133,521,612,110Y12M
66000,臺中市,66000270,太平區,66000270-008,中山里,371,206,165,3130,1717,1413,687,326,361,110Y12M
66000,臺中市,66000270,太平區,66000270-009,坪林里,369,205,164,2690,1401,1289,691,290,401,110Y12M
66000,臺中市,66000270,太平區,66000270-010,光華里,615,310,305,4403,2189,2214,947,410,537,110Y12M
66000,臺中市,66000270,太平區,66000270-011,新坪里,1405,727,678,7187,3498,3689,939,401,538,110Y12M
66000,臺中市,66000270,太平區,66000270-012,新光里,1431,740,691,6538,3253,3285,1313,558,755,110Y12M
66000,臺中市,66000270,太平區,66000270-013,新福里,1251,644,607,5948,2808,3140,1029,428,601,110Y12M
66000,臺中市,66000270,太平區,66000270-014,頭汴里,169,98,71,1426,795,631,412,189,223,110Y12M
66000,臺中市,66000270,太平區,66000270-015,東汴里,92,52,40,920,513,407,277,119,158,110Y12M
66000,臺中市,66000270,太平區,66000270-016,興隆里,478,240,238,2714,1390,1324,605,270,335,110Y12M
66000,臺中市,66000270,太平區,66000270-017,光隆里,527,281,246,2618,1357,1261,517,253,264,110Y12M
66000,臺中市,66000270,太平區,66000270-018,德隆里,838,425,413,4123,2105,2018,824,385,439,110Y12M
66000,臺中市,66000270,太平區,66000270-019,黃竹里,23,11,12,472,292,180,181,99,82,110Y12M
66000,臺中市,66000270,太平區,66000270-020,永成里,1294,665,629,6213,3051,3162,898,404,494,110Y12M
66000,臺中市,66000270,太平區,66000270-021,永平里,601,309,292,3501,1712,1789,638,287,351,110Y12M
66000,臺中市,66000270,太平區,66000270-022,成功里,645,313,332,3575,1793,1782,516,245,271,110Y12M
66000,臺中市,66000270,太平區,66000270-023,東和里,469,234,235,2510,1230,1280,391,181,210,110Y12M
66000,臺中市,66000270,太平區,66000270-024,中政里,503,281,222,3223,1617,1606,614,264,350,110Y12M
66000,臺中市,66000270,太平區,66000270-025,平安里,298,160,138,1804,925,879,456,224,232,110Y12M
66000,臺中市,66000270,太平區,66000270-026,建興里,306,149,157,2501,1266,1235,472,216,256,110Y12M
66000,臺中市,66000270,太平區,66000270-027,新興里,1692,912,780,5245,2411,2834,569,252,317,110Y12M
66000,臺中市,66000270,太平區,66000270-028,新高里,2529,1285,1244,7508,3501,4007,874,402,472,110Y12M
66000,臺中市,66000270,太平區,66000270-029,新吉里,1035,528,507,5093,2525,2568,811,374,437,110Y12M
66000,臺中市,66000270,太平區,66000270-030,新城里,1117,578,539,5278,2514,2764,665,276,389,110Y12M
66000,臺中市,66000270,太平區,66000270-031,宜佳里,775,404,371,5383,2647,2736,848,354,494,110Y12M
66000,臺中市,66000270,太平區,66000270-032,宜昌里,504,259,245,3425,1710,1715,659,311,348,110Y12M
66000,臺中市,66000270,太平區,66000270-033,光明里,471,249,222,3286,1651,1635,669,254,415,110Y12M
66000,臺中市,66000270,太平區,66000270-034,豐年里,512,270,242,3522,1746,1776,922,409,513,110Y12M
66000,臺中市,66000270,太平區,66000270-035,大興里,242,134,108,2165,1101,1064,425,181,244,110Y12M
66000,臺中市,66000270,太平區,66000270-036,勤益里,220,98,122,1767,889,878,466,183,283,110Y12M
66000,臺中市,66000270,太平區,66000270-037,聖和里,135,82,53,1270,690,580,310,132,178,110Y12M
66000,臺中市,66000270,太平區,66000270-038,福隆里,445,239,206,3172,1622,1550,578,261,317,110Y12M
66000,臺中市,66000270,太平區,66000270-039,永隆里,418,226,192,2122,1074,1048,448,204,244,110Y12M
66000,臺中市,66000280,大里區,66000280-001,大里里,485,249,236,3292,1638,1654,618,281,337,110Y12M
66000,臺中市,66000280,大里區,66000280-002,新里里,1727,874,853,9460,4801,4659,1527,751,776,110Y12M
66000,臺中市,66000280,大里區,66000280-003,樹王里,914,456,458,3122,1538,1584,623,294,329,110Y12M
66000,臺中市,66000280,大里區,66000280-004,東興里,942,486,456,5944,2877,3067,1210,539,671,110Y12M
66000,臺中市,66000280,大里區,66000280-005,祥興里,954,491,463,6262,2977,3285,1321,584,737,110Y12M
66000,臺中市,66000280,大里區,66000280-006,日新里,683,355,328,3608,1806,1802,802,355,447,110Y12M
66000,臺中市,66000280,大里區,66000280-007,西榮里,879,478,401,4706,2280,2426,1023,455,568,110Y12M
66000,臺中市,66000280,大里區,66000280-008,內新里,1381,688,693,7342,3468,3874,1246,547,699,110Y12M
66000,臺中市,66000280,大里區,66000280-009,東昇里,588,295,293,2921,1476,1445,616,277,339,110Y12M
66000,臺中市,66000280,大里區,66000280-010,立仁里,698,379,319,4712,2301,2411,832,385,447,110Y12M
66000,臺中市,66000280,大里區,66000280-011,新仁里,1111,555,556,6778,3433,3345,1346,609,737,110Y12M
66000,臺中市,66000280,大里區,66000280-012,大元里,664,336,328,3555,1753,1802,712,345,367,110Y12M
66000,臺中市,66000280,大里區,66000280-013,夏田里,106,58,48,788,449,339,207,92,115,110Y12M
66000,臺中市,66000280,大里區,66000280-014,仁化里,1543,790,753,7419,3714,3705,1245,614,631,110Y12M
66000,臺中市,66000280,大里區,66000280-015,健民里,620,328,292,4074,2069,2005,765,352,413,110Y12M
66000,臺中市,66000280,大里區,66000280-016,塗城里,1266,686,580,7185,3627,3558,1396,668,728,110Y12M
66000,臺中市,66000280,大里區,66000280-017,瑞城里,2133,1098,1035,10210,4915,5295,1840,858,982,110Y12M
66000,臺中市,66000280,大里區,66000280-018,金城里,1727,927,800,8217,4017,4200,1662,757,905,110Y12M
66000,臺中市,66000280,大里區,66000280-019,東湖里,1424,748,676,9495,4642,4853,1503,648,855,110Y12M
66000,臺中市,66000280,大里區,66000280-020,西湖里,423,213,210,2507,1267,1240,405,173,232,110Y12M
66000,臺中市,66000280,大里區,66000280-021,國光里,879,458,421,5161,2495,2666,782,349,433,110Y12M
66000,臺中市,66000280,大里區,66000280-022,大明里,570,295,275,3569,1755,1814,721,327,394,110Y12M
66000,臺中市,66000280,大里區,66000280-023,永隆里,3401,1754,1647,9518,4333,5185,866,396,470,110Y12M
66000,臺中市,66000280,大里區,66000280-024,長榮里,1695,890,805,7664,3554,4110,1347,636,711,110Y12M
66000,臺中市,66000280,大里區,66000280-025,中新里,1059,550,509,4903,2316,2587,716,317,399,110Y12M
66000,臺中市,66000280,大里區,66000280-026,立德里,1336,713,623,6943,3466,3477,1077,497,580,110Y12M
66000,臺中市,66000280,大里區,66000280-027,仁德里,1224,635,589,5107,2480,2627,951,472,479,110Y12M
66000,臺中市,66000290,和平區,66000290-001,南勢里,175,90,85,1536,836,700,434,216,218,110Y12M
66000,臺中市,66000290,和平區,66000290-002,天輪里,17,11,6,348,191,157,120,55,65,110Y12M
66000,臺中市,66000290,和平區,66000290-003,博愛里,214,124,90,1309,666,643,365,166,199,110Y12M
66000,臺中市,66000290,和平區,66000290-004,中坑里,34,20,14,357,199,158,114,58,56,110Y12M
66000,臺中市,66000290,和平區,66000290-005,自由里,136,69,67,863,497,366,243,126,117,110Y12M
66000,臺中市,66000290,和平區,66000290-006,達觀里,166,81,85,922,500,422,229,133,96,110Y12M
66000,臺中市,66000290,和平區,66000290-007,梨山里,230,124,106,1573,879,694,439,202,237,110Y12M
66000,臺中市,66000290,和平區,66000290-008,平等里,137,67,70,740,414,326,169,91,78,110Y12M
67000,臺南市,67000010,新營區,67000010-001,忠政里,535,256,279,3454,1707,1747,1231,554,677,110Y12M
67000,臺南市,67000010,新營區,67000010-002,民權里,442,236,206,1632,798,834,642,305,337,110Y12M
67000,臺南市,67000010,新營區,67000010-003,三仙里,325,155,170,2120,1061,1059,778,338,440,110Y12M
67000,臺南市,67000010,新營區,67000010-007,大宏里,601,304,297,2079,1039,1040,796,366,430,110Y12M
67000,臺南市,67000010,新營區,67000010-008,王公里,711,375,336,3253,1645,1608,918,401,517,110Y12M
67000,臺南市,67000010,新營區,67000010-009,中營里,133,76,57,895,452,443,267,125,142,110Y12M
67000,臺南市,67000010,新營區,67000010-010,土庫里,125,75,50,1114,583,531,371,176,195,110Y12M
67000,臺南市,67000010,新營區,67000010-012,南興里,188,97,91,1780,868,912,649,309,340,110Y12M
67000,臺南市,67000010,新營區,67000010-013,興業里,186,104,82,1318,603,715,474,207,267,110Y12M
67000,臺南市,67000010,新營區,67000010-014,民生里,387,204,183,2506,1266,1240,734,345,389,110Y12M
67000,臺南市,67000010,新營區,67000010-015,民榮里,530,288,242,3730,1800,1930,897,385,512,110Y12M
67000,臺南市,67000010,新營區,67000010-016,埤寮里,205,110,95,1294,655,639,400,190,210,110Y12M
67000,臺南市,67000010,新營區,67000010-017,護鎮里,158,81,77,1084,564,520,292,135,157,110Y12M
67000,臺南市,67000010,新營區,67000010-018,太南里,143,76,67,1323,742,581,428,211,217,110Y12M
67000,臺南市,67000010,新營區,67000010-019,太北里,152,80,72,1426,760,666,327,148,179,110Y12M
67000,臺南市,67000010,新營區,67000010-020,南紙里,414,211,203,3134,1525,1609,639,285,354,110Y12M
67000,臺南市,67000010,新營區,67000010-021,嘉芳里,262,137,125,1588,798,790,331,154,177,110Y12M
67000,臺南市,67000010,新營區,67000010-025,五興里,112,56,56,1205,647,558,412,204,208,110Y12M
67000,臺南市,67000010,新營區,67000010-026,姑爺里,76,39,37,676,378,298,223,101,122,110Y12M
67000,臺南市,67000010,新營區,67000010-027,新北里,773,384,389,4259,2092,2167,864,376,488,110Y12M
67000,臺南市,67000010,新營區,67000010-028,新南里,812,432,380,4655,2249,2406,767,335,432,110Y12M
67000,臺南市,67000010,新營區,67000010-029,新東里,1531,814,717,6049,2903,3146,804,373,431,110Y12M
67000,臺南市,67000010,新營區,67000010-030,永平里,260,142,118,1801,943,858,826,393,433,110Y12M
67000,臺南市,67000020,鹽水區,67000020-001,水秀里,203,98,105,1259,641,618,358,183,175,110Y12M
67000,臺南市,67000020,鹽水區,67000020-008,橋南里,452,223,229,3111,1590,1521,709,317,392,110Y12M
67000,臺南市,67000020,鹽水區,67000020-010,汫水里,67,34,33,640,376,264,270,140,130,110Y12M
67000,臺南市,67000020,鹽水區,67000020-011,岸內里,501,277,224,3240,1693,1547,719,313,406,110Y12M
67000,臺南市,67000020,鹽水區,67000020-014,歡雅里,174,95,79,1231,656,575,427,218,209,110Y12M
67000,臺南市,67000020,鹽水區,67000020-026,津城里,142,77,65,1043,541,502,393,185,208,110Y12M
67000,臺南市,67000020,鹽水區,67000020-027,月港里,130,62,68,1134,599,535,463,216,247,110Y12M
67000,臺南市,67000020,鹽水區,67000020-028,三明里,133,66,67,1179,644,535,378,173,205,110Y12M
67000,臺南市,67000020,鹽水區,67000020-029,義中里,167,91,76,1226,659,567,359,171,188,110Y12M
67000,臺南市,67000020,鹽水區,67000020-030,文昌里,98,52,46,687,395,292,305,156,149,110Y12M
67000,臺南市,67000020,鹽水區,67000020-031,竹林里,61,24,37,758,441,317,325,150,175,110Y12M
67000,臺南市,67000020,鹽水區,67000020-032,三和里,69,38,31,635,369,266,261,129,132,110Y12M
67000,臺南市,67000020,鹽水區,67000020-033,■頭港里,87,44,43,981,563,418,402,198,204,110Y12M
67000,臺南市,67000030,白河區,67000030-001,白河里,126,73,53,1201,626,575,515,235,280,110Y12M
67000,臺南市,67000030,白河區,67000030-002,永安里,432,236,196,2312,1161,1151,741,329,412,110Y12M
67000,臺南市,67000030,白河區,67000030-003,外角里,137,73,64,1044,561,483,366,162,204,110Y12M
67000,臺南市,67000030,白河區,67000030-004,庄內里,185,107,78,1253,653,600,399,187,212,110Y12M
67000,臺南市,67000030,白河區,67000030-005,秀祐里,96,41,55,703,368,335,208,101,107,110Y12M
67000,臺南市,67000030,白河區,67000030-006,河東里,71,30,41,954,503,451,389,204,185,110Y12M
67000,臺南市,67000030,白河區,67000030-007,虎山里,32,10,22,308,176,132,128,60,68,110Y12M
67000,臺南市,67000030,白河區,67000030-008,大林里,31,13,18,380,219,161,187,97,90,110Y12M
67000,臺南市,67000030,白河區,67000030-009,崁頭里,20,9,11,261,140,121,104,49,55,110Y12M
67000,臺南市,67000030,白河區,67000030-010,六溪里,34,20,14,345,208,137,148,69,79,110Y12M
67000,臺南市,67000030,白河區,67000030-011,仙草里,54,21,33,698,388,310,475,216,259,110Y12M
67000,臺南市,67000030,白河區,67000030-012,關嶺里,58,32,26,597,329,268,393,178,215,110Y12M
67000,臺南市,67000030,白河區,67000030-014,大竹里,131,67,64,1007,555,452,390,188,202,110Y12M
67000,臺南市,67000030,白河區,67000030-018,竹門里,59,32,27,594,319,275,266,127,139,110Y12M
67000,臺南市,67000030,白河區,67000030-019,崎內里,50,20,30,470,290,180,239,108,131,110Y12M
67000,臺南市,67000030,白河區,67000030-020,昇安里,109,55,54,1031,549,482,337,166,171,110Y12M
67000,臺南市,67000030,白河區,67000030-021,汴頭里,50,26,24,507,283,224,209,94,115,110Y12M
67000,臺南市,67000030,白河區,67000030-022,內角里,40,28,12,433,275,158,230,113,117,110Y12M
67000,臺南市,67000030,白河區,67000030-025,詔豐里,164,75,89,1450,806,644,541,262,279,110Y12M
67000,臺南市,67000030,白河區,67000030-026,廣蓮里,110,62,48,1028,563,465,455,222,233,110Y12M
67000,臺南市,67000030,白河區,67000030-027,馬稠後里,83,42,41,921,515,406,404,207,197,110Y12M
67000,臺南市,67000040,柳營區,67000040-001,士林里,217,114,103,1516,781,735,360,178,182,110Y12M
67000,臺南市,67000040,柳營區,67000040-002,光福里,131,72,59,1226,649,577,429,209,220,110Y12M
67000,臺南市,67000040,柳營區,67000040-003,中埕里,127,61,66,851,458,393,279,131,148,110Y12M
67000,臺南市,67000040,柳營區,67000040-004,東昇里,271,140,131,2133,1078,1055,669,308,361,110Y12M
67000,臺南市,67000040,柳營區,67000040-005,八翁里,142,73,69,1070,589,481,329,140,189,110Y12M
67000,臺南市,67000040,柳營區,67000040-006,人和里,45,17,28,530,270,260,207,96,111,110Y12M
67000,臺南市,67000040,柳營區,67000040-007,太康里,110,58,52,1091,579,512,408,184,224,110Y12M
67000,臺南市,67000040,柳營區,67000040-008,重溪里,128,62,66,1336,733,603,429,196,233,110Y12M
67000,臺南市,67000040,柳營區,67000040-009,篤農里,81,43,38,985,534,451,318,156,162,110Y12M
67000,臺南市,67000040,柳營區,67000040-010,大農里,46,27,19,503,256,247,161,81,80,110Y12M
67000,臺南市,67000040,柳營區,67000040-011,神農里,132,67,65,976,530,446,392,194,198,110Y12M
67000,臺南市,67000040,柳營區,67000040-012,果毅里,91,49,42,922,517,405,287,143,144,110Y12M
67000,臺南市,67000040,柳營區,67000040-013,旭山里,129,77,52,1181,672,509,380,187,193,110Y12M
67000,臺南市,67000050,後壁區,67000050-001,後壁里,158,82,76,1240,659,581,404,188,216,110Y12M
67000,臺南市,67000050,後壁區,67000050-002,侯伯里,142,71,71,953,507,446,333,163,170,110Y12M
67000,臺南市,67000050,後壁區,67000050-003,嘉苳里,140,78,62,982,540,442,332,150,182,110Y12M
67000,臺南市,67000050,後壁區,67000050-004,土溝里,118,60,58,938,494,444,382,187,195,110Y12M
67000,臺南市,67000050,後壁區,67000050-010,竹新里,87,42,45,970,515,455,406,195,211,110Y12M
67000,臺南市,67000050,後壁區,67000050-011,新東里,113,56,57,1269,673,596,390,168,222,110Y12M
67000,臺南市,67000050,後壁區,67000050-012,頂安里,124,62,62,939,480,459,325,146,179,110Y12M
67000,臺南市,67000050,後壁區,67000050-013,長安里,84,50,34,848,462,386,386,185,201,110Y12M
67000,臺南市,67000050,後壁區,67000050-014,福安里,99,52,47,1280,675,605,519,249,270,110Y12M
67000,臺南市,67000050,後壁區,67000050-018,菁寮里,68,27,41,914,496,418,481,238,243,110Y12M
67000,臺南市,67000050,後壁區,67000050-019,新嘉里,71,39,32,605,328,277,367,188,179,110Y12M
67000,臺南市,67000050,後壁區,67000050-022,長短樹里,114,58,56,1361,736,625,659,327,332,110Y12M
67000,臺南市,67000050,後壁區,67000050-023,上茄苳里,214,109,105,1563,843,720,634,306,328,110Y12M
67000,臺南市,67000050,後壁區,67000050-024,菁豐里,96,52,44,825,430,395,389,183,206,110Y12M
67000,臺南市,67000060,東山區,67000060-001,東山里,117,72,45,1080,577,503,364,166,198,110Y12M
67000,臺南市,67000060,東山區,67000060-002,東中里,278,131,147,1961,1032,929,608,268,340,110Y12M
67000,臺南市,67000060,東山區,67000060-003,東正里,137,84,53,1009,561,448,425,191,234,110Y12M
67000,臺南市,67000060,東山區,67000060-004,三榮里,64,26,38,722,388,334,214,104,110,110Y12M
67000,臺南市,67000060,東山區,67000060-005,大客里,80,43,37,752,410,342,328,161,167,110Y12M
67000,臺南市,67000060,東山區,67000060-006,科里里,80,38,42,873,496,377,328,144,184,110Y12M
67000,臺南市,67000060,東山區,67000060-007,東河里,57,30,27,619,343,276,221,111,110,110Y12M
67000,臺南市,67000060,東山區,67000060-008,南溪里,27,17,10,323,192,131,104,52,52,110Y12M
67000,臺南市,67000060,東山區,67000060-009,水雲里,10,6,4,251,149,102,128,70,58,110Y12M
67000,臺南市,67000060,東山區,67000060-010,林安里,12,9,3,245,147,98,116,59,57,110Y12M
67000,臺南市,67000060,東山區,67000060-011,東原里,155,86,69,1440,808,632,641,321,320,110Y12M
67000,臺南市,67000060,東山區,67000060-012,嶺南里,43,18,25,453,263,190,200,102,98,110Y12M
67000,臺南市,67000060,東山區,67000060-013,南勢里,89,46,43,796,444,352,290,153,137,110Y12M
67000,臺南市,67000060,東山區,67000060-014,青山里,88,52,36,766,431,335,314,163,151,110Y12M
67000,臺南市,67000060,東山區,67000060-015,高原里,54,33,21,630,369,261,272,135,137,110Y12M
67000,臺南市,67000060,東山區,67000060-016,聖賢里,115,55,60,1397,758,639,512,237,275,110Y12M
67000,臺南市,67000070,麻豆區,67000070-003,東角里,452,219,233,2097,1036,1061,572,267,305,110Y12M
67000,臺南市,67000070,麻豆區,67000070-004,■江里,392,189,203,1940,1012,928,601,257,344,110Y12M
67000,臺南市,67000070,麻豆區,67000070-005,巷口里,286,148,138,1636,812,824,560,274,286,110Y12M
67000,臺南市,67000070,麻豆區,67000070-006,中興里,213,120,93,1475,742,733,528,232,296,110Y12M
67000,臺南市,67000070,麻豆區,67000070-007,興農里,211,122,89,1135,571,564,346,178,168,110Y12M
67000,臺南市,67000070,麻豆區,67000070-009,油車里,514,277,237,2893,1477,1416,718,342,376,110Y12M
67000,臺南市,67000070,麻豆區,67000070-010,北勢里,92,32,60,818,470,348,297,142,155,110Y12M
67000,臺南市,67000070,麻豆區,67000070-011,大埕里,529,270,259,2284,1146,1138,672,306,366,110Y12M
67000,臺南市,67000070,麻豆區,67000070-014,南勢里,256,135,121,1819,935,884,579,242,337,110Y12M
67000,臺南市,67000070,麻豆區,67000070-015,寮■里,177,79,98,1356,712,644,355,168,187,110Y12M
67000,臺南市,67000070,麻豆區,67000070-017,埤頭里,210,110,100,1828,975,853,519,236,283,110Y12M
67000,臺南市,67000070,麻豆區,67000070-019,海埔里,214,124,90,1595,883,712,532,244,288,110Y12M
67000,臺南市,67000070,麻豆區,67000070-021,港尾里,75,35,40,981,537,444,308,151,157,110Y12M
67000,臺南市,67000070,麻豆區,67000070-022,麻口里,144,72,72,962,504,458,240,110,130,110Y12M
67000,臺南市,67000070,麻豆區,67000070-024,安業里,137,65,72,974,515,459,334,155,179,110Y12M
67000,臺南市,67000070,麻豆區,67000070-028,安正里,91,39,52,738,380,358,205,102,103,110Y12M
67000,臺南市,67000070,麻豆區,67000070-030,新興里,234,117,117,1481,737,744,432,217,215,110Y12M
67000,臺南市,67000070,麻豆區,67000070-031,謝厝寮里,135,79,56,1240,675,565,433,212,221,110Y12M
67000,臺南市,67000070,麻豆區,67000070-032,井東里,154,78,76,1314,698,616,433,205,228,110Y12M
67000,臺南市,67000070,麻豆區,67000070-033,清水里,152,85,67,1132,600,532,343,174,169,110Y12M
67000,臺南市,67000080,下營區,67000080-001,下營里,142,67,75,1071,578,493,455,227,228,110Y12M
67000,臺南市,67000080,下營區,67000080-002,仁里里,199,102,97,1539,813,726,456,213,243,110Y12M
67000,臺南市,67000080,下營區,67000080-003,宅內里,141,79,62,1247,677,570,400,177,223,110Y12M
67000,臺南市,67000080,下營區,67000080-004,後街里,192,98,94,1205,641,564,402,187,215,110Y12M
67000,臺南市,67000080,下營區,67000080-005,新興里,319,158,161,1634,850,784,420,176,244,110Y12M
67000,臺南市,67000080,下營區,67000080-006,營前里,189,107,82,1608,846,762,545,243,302,110Y12M
67000,臺南市,67000080,下營區,67000080-011,開化里,189,103,86,1349,693,656,499,241,258,110Y12M
67000,臺南市,67000080,下營區,67000080-012,西連里,53,27,26,641,359,282,245,134,111,110Y12M
67000,臺南市,67000080,下營區,67000080-013,賀建里,106,54,52,979,547,432,319,142,177,110Y12M
67000,臺南市,67000080,下營區,67000080-016,茅營里,197,95,102,1609,863,746,590,301,289,110Y12M
67000,臺南市,67000080,下營區,67000080-017,大吉里,141,77,64,1182,650,532,382,179,203,110Y12M
67000,臺南市,67000080,下營區,67000080-018,紅甲里,195,102,93,1597,841,756,625,299,326,110Y12M
67000,臺南市,67000090,六甲區,67000090-001,六甲里,379,192,187,2246,1134,1112,713,311,402,110Y12M
67000,臺南市,67000090,六甲區,67000090-002,甲東里,304,161,143,2100,1109,991,583,275,308,110Y12M
67000,臺南市,67000090,六甲區,67000090-003,甲南里,167,98,69,1042,547,495,341,145,196,110Y12M
67000,臺南市,67000090,六甲區,67000090-005,七甲里,194,95,99,1518,826,692,440,214,226,110Y12M
67000,臺南市,67000090,六甲區,67000090-006,二甲里,448,225,223,2719,1430,1289,686,340,346,110Y12M
67000,臺南市,67000090,六甲區,67000090-007,水林里,242,116,126,1662,891,771,460,229,231,110Y12M
67000,臺南市,67000090,六甲區,67000090-008,中社里,129,70,59,1234,660,574,384,174,210,110Y12M
67000,臺南市,67000090,六甲區,67000090-009,龜港里,140,80,60,1072,557,515,271,139,132,110Y12M
67000,臺南市,67000090,六甲區,67000090-010,菁埔里,37,20,17,464,248,216,132,66,66,110Y12M
67000,臺南市,67000090,六甲區,67000090-011,王爺里,46,22,24,517,323,194,209,105,104,110Y12M
67000,臺南市,67000090,六甲區,67000090-012,大丘里,20,8,12,373,213,160,216,113,103,110Y12M
67000,臺南市,67000100,官田區,67000100-001,官田里,161,86,75,1653,875,778,457,194,263,110Y12M
67000,臺南市,67000100,官田區,67000100-002,二鎮里,349,183,166,2688,1372,1316,540,252,288,110Y12M
67000,臺南市,67000100,官田區,67000100-005,大崎里,20,13,7,292,159,133,109,55,54,110Y12M
67000,臺南市,67000100,官田區,67000100-006,隆田里,220,106,114,1588,794,794,449,187,262,110Y12M
67000,臺南市,67000100,官田區,67000100-007,隆本里,499,263,236,3060,1525,1535,607,249,358,110Y12M
67000,臺南市,67000100,官田區,67000100-008,南■里,130,72,58,1069,552,517,200,92,108,110Y12M
67000,臺南市,67000100,官田區,67000100-013,社子里,82,44,38,675,370,305,186,87,99,110Y12M
67000,臺南市,67000100,官田區,67000100-014,烏山頭里,71,39,32,920,510,410,304,149,155,110Y12M
67000,臺南市,67000100,官田區,67000100-015,渡拔里,176,92,84,1897,1015,882,658,316,342,110Y12M
67000,臺南市,67000100,官田區,67000100-016,東西庄里,133,61,72,1363,760,603,479,233,246,110Y12M
67000,臺南市,67000110,大內區,67000110-001,石湖里,69,32,37,686,382,304,310,144,166,110Y12M
67000,臺南市,67000110,大內區,67000110-002,石林里,44,27,17,434,240,194,187,94,93,110Y12M
67000,臺南市,67000110,大內區,67000110-003,石城里,120,68,52,1096,585,511,350,151,199,110Y12M
67000,臺南市,67000110,大內區,67000110-004,內江里,59,30,29,614,358,256,281,141,140,110Y12M
67000,臺南市,67000110,大內區,67000110-005,大內里,66,28,38,520,285,235,230,120,110,110Y12M
67000,臺南市,67000110,大內區,67000110-006,內郭里,58,32,26,454,250,204,158,83,75,110Y12M
67000,臺南市,67000110,大內區,67000110-007,頭社里,52,27,25,695,397,298,298,147,151,110Y12M
67000,臺南市,67000110,大內區,67000110-008,環湖里,36,17,19,497,284,213,236,118,118,110Y12M
67000,臺南市,67000110,大內區,67000110-009,二溪里,48,24,24,574,338,236,267,142,125,110Y12M
67000,臺南市,67000110,大內區,67000110-010,曲溪里,51,23,28,386,224,162,172,83,89,110Y12M
67000,臺南市,67000120,佳里區,67000120-001,東寧里,277,145,132,1617,787,830,579,262,317,110Y12M
67000,臺南市,67000120,佳里區,67000120-002,忠仁里,364,176,188,2261,1124,1137,659,304,355,110Y12M
67000,臺南市,67000120,佳里區,67000120-003,鎮山里,758,422,336,4616,2287,2329,1143,533,610,110Y12M
67000,臺南市,67000120,佳里區,67000120-004,建南里,553,292,261,3429,1671,1758,972,408,564,110Y12M
67000,臺南市,67000120,佳里區,67000120-005,安西里,1001,521,480,4768,2324,2444,1187,553,634,110Y12M
67000,臺南市,67000120,佳里區,67000120-006,六安里,606,306,300,3348,1665,1683,847,379,468,110Y12M
67000,臺南市,67000120,佳里區,67000120-007,佳化里,208,121,87,1715,879,836,457,212,245,110Y12M
67000,臺南市,67000120,佳里區,67000120-012,海澄里,207,117,90,1746,874,872,483,239,244,110Y12M
67000,臺南市,67000120,佳里區,67000120-019,民安里,217,110,107,1402,703,699,320,147,173,110Y12M
67000,臺南市,67000120,佳里區,67000120-020,子龍里,179,96,83,1733,922,811,637,299,338,110Y12M
67000,臺南市,67000120,佳里區,67000120-022,營溪里,64,29,35,771,415,356,268,134,134,110Y12M
67000,臺南市,67000120,佳里區,67000120-023,文新里,902,470,432,4634,2201,2433,727,314,413,110Y12M
67000,臺南市,67000120,佳里區,67000120-024,佳興里,149,81,68,1580,846,734,562,256,306,110Y12M
67000,臺南市,67000120,佳里區,67000120-025,下營里,119,55,64,1410,752,658,422,199,223,110Y12M
67000,臺南市,67000120,佳里區,67000120-026,塭內里,220,112,108,2075,1113,962,707,345,362,110Y12M
67000,臺南市,67000120,佳里區,67000120-027,南勢里,846,403,443,4113,2010,2103,624,274,350,110Y12M
67000,臺南市,67000130,學甲區,67000130-001,仁得里,399,203,196,3059,1514,1545,843,362,481,110Y12M
67000,臺南市,67000130,學甲區,67000130-002,新榮里,337,179,158,2047,1021,1026,356,164,192,110Y12M
67000,臺南市,67000130,學甲區,67000130-003,光華里,93,47,46,946,523,423,275,130,145,110Y12M
67000,臺南市,67000130,學甲區,67000130-004,宅港里,71,36,35,608,335,273,179,92,87,110Y12M
67000,臺南市,67000130,學甲區,67000130-005,慈福里,245,121,124,1572,848,724,442,197,245,110Y12M
67000,臺南市,67000130,學甲區,67000130-006,秀昌里,277,143,134,2100,1099,1001,433,199,234,110Y12M
67000,臺南市,67000130,學甲區,67000130-007,明宜里,205,115,90,1527,808,719,417,188,229,110Y12M
67000,臺南市,67000130,學甲區,67000130-008,豐和里,81,44,37,935,511,424,271,138,133,110Y12M
67000,臺南市,67000130,學甲區,67000130-009,平和里,83,44,39,772,422,350,245,111,134,110Y12M
67000,臺南市,67000130,學甲區,67000130-010,新達里,159,80,79,1571,834,737,524,241,283,110Y12M
67000,臺南市,67000130,學甲區,67000130-011,大灣里,62,31,31,714,405,309,247,102,145,110Y12M
67000,臺南市,67000130,學甲區,67000130-012,三慶里,93,50,43,931,536,395,372,169,203,110Y12M
67000,臺南市,67000130,學甲區,67000130-013,中洲里,94,43,51,1021,555,466,375,163,212,110Y12M
67000,臺南市,67000140,西港區,67000140-001,西港里,375,201,174,2558,1275,1283,646,301,345,110Y12M
67000,臺南市,67000140,西港區,67000140-002,南海里,265,143,122,2049,1068,981,442,208,234,110Y12M
67000,臺南市,67000140,西港區,67000140-003,港東里,209,118,91,1376,727,649,293,139,154,110Y12M
67000,臺南市,67000140,西港區,67000140-004,■林里,168,87,81,1247,666,581,399,195,204,110Y12M
67000,臺南市,67000140,西港區,67000140-005,後營里,182,89,93,1170,618,552,336,148,188,110Y12M
67000,臺南市,67000140,西港區,67000140-006,營西里,136,64,72,1188,611,577,323,151,172,110Y12M
67000,臺南市,67000140,西港區,67000140-007,金砂里,44,22,22,572,308,264,218,105,113,110Y12M
67000,臺南市,67000140,西港區,67000140-008,劉厝里,146,85,61,1095,567,528,279,135,144,110Y12M
67000,臺南市,67000140,西港區,67000140-009,竹林里,102,56,46,1062,555,507,318,154,164,110Y12M
67000,臺南市,67000140,西港區,67000140-010,永樂里,117,55,62,1079,589,490,286,126,160,110Y12M
67000,臺南市,67000140,西港區,67000140-011,新復里,83,44,39,665,330,335,156,78,78,110Y12M
67000,臺南市,67000140,西港區,67000140-012,慶安里,576,286,290,3506,1697,1809,829,377,452,110Y12M
67000,臺南市,67000150,七股區,67000150-001,後港里,53,16,37,728,415,313,273,130,143,110Y12M
67000,臺南市,67000150,七股區,67000150-002,大潭里,39,19,20,467,252,215,181,90,91,110Y12M
67000,臺南市,67000150,七股區,67000150-004,篤加里,99,49,50,627,335,292,197,93,104,110Y12M
67000,臺南市,67000150,七股區,67000150-005,頂山里,41,24,17,607,337,270,214,107,107,110Y12M
67000,臺南市,67000150,七股區,67000150-006,西寮里,18,10,8,334,196,138,107,51,56,110Y12M
67000,臺南市,67000150,七股區,67000150-007,■埕里,24,12,12,304,167,137,107,49,58,110Y12M
67000,臺南市,67000150,七股區,67000150-008,龍山里,138,67,71,1175,619,556,442,197,245,110Y12M
67000,臺南市,67000150,七股區,67000150-009,溪南里,38,19,19,262,131,131,85,36,49,110Y12M
67000,臺南市,67000150,七股區,67000150-010,七股里,96,39,57,663,354,309,197,92,105,110Y12M
67000,臺南市,67000150,七股區,67000150-011,玉成里,101,58,43,595,317,278,216,101,115,110Y12M
67000,臺南市,67000150,七股區,67000150-012,大埕里,392,202,190,2084,1075,1009,528,242,286,110Y12M
67000,臺南市,67000150,七股區,67000150-015,樹林里,222,121,101,1531,830,701,395,187,208,110Y12M
67000,臺南市,67000150,七股區,67000150-017,中寮里,36,18,18,467,247,220,219,100,119,110Y12M
67000,臺南市,67000150,七股區,67000150-018,竹橋里,101,50,51,905,474,431,322,131,191,110Y12M
67000,臺南市,67000150,七股區,67000150-019,義合里,144,66,78,1542,818,724,373,160,213,110Y12M
67000,臺南市,67000150,七股區,67000150-021,永吉里,85,44,41,821,432,389,211,99,112,110Y12M
67000,臺南市,67000150,七股區,67000150-022,三股里,88,50,38,1011,533,478,352,179,173,110Y12M
67000,臺南市,67000150,七股區,67000150-023,十份里,107,52,55,1090,606,484,303,143,160,110Y12M
67000,臺南市,67000160,將軍區,67000160-001,長榮里,108,67,41,928,462,466,237,93,144,110Y12M
67000,臺南市,67000160,將軍區,67000160-013,玉山里,35,17,18,614,332,282,220,105,115,110Y12M
67000,臺南市,67000160,將軍區,67000160-014,廣山里,21,10,11,458,257,201,174,79,95,110Y12M
67000,臺南市,67000160,將軍區,67000160-015,長沙里,101,52,49,1031,540,491,302,137,165,110Y12M
67000,臺南市,67000160,將軍區,67000160-016,平沙里,68,36,32,922,456,466,264,102,162,110Y12M
67000,臺南市,67000160,將軍區,67000160-017,鯤鯓里,144,75,69,1397,719,678,452,206,246,110Y12M
67000,臺南市,67000160,將軍區,67000160-018,鯤溟里,41,20,21,768,372,396,251,107,144,110Y12M
67000,臺南市,67000160,將軍區,67000160-019,巷埔里,79,46,33,804,450,354,368,179,189,110Y12M
67000,臺南市,67000160,將軍區,67000160-020,西甲里,207,113,94,1826,957,869,575,270,305,110Y12M
67000,臺南市,67000160,將軍區,67000160-021,忠嘉里,205,117,88,1853,961,892,619,289,330,110Y12M
67000,臺南市,67000160,將軍區,67000160-022,苓仔寮里,142,77,65,1477,796,681,532,259,273,110Y12M
67000,臺南市,67000160,將軍區,67000160-023,將軍里,98,55,43,1113,599,514,409,209,200,110Y12M
67000,臺南市,67000170,北門區,67000170-001,保吉里,145,86,59,1069,541,528,266,106,160,110Y12M
67000,臺南市,67000170,北門區,67000170-002,雙春里,24,12,12,328,177,151,123,55,68,110Y12M
67000,臺南市,67000170,北門區,67000170-005,北門里,47,23,24,640,343,297,175,72,103,110Y12M
67000,臺南市,67000170,北門區,67000170-006,錦湖里,66,33,33,705,402,303,217,90,127,110Y12M
67000,臺南市,67000170,北門區,67000170-007,三光里,101,47,54,979,523,456,219,82,137,110Y12M
67000,臺南市,67000170,北門區,67000170-009,玉港里,30,11,19,517,280,237,183,99,84,110Y12M
67000,臺南市,67000170,北門區,67000170-011,慈安里,40,22,18,607,291,316,140,59,81,110Y12M
67000,臺南市,67000170,北門區,67000170-013,永隆里,57,29,28,673,311,362,196,85,111,110Y12M
67000,臺南市,67000170,北門區,67000170-014,蚵寮里,106,59,47,1147,580,567,266,104,162,110Y12M
67000,臺南市,67000170,北門區,67000170-015,文山里,87,39,48,877,477,400,367,183,184,110Y12M
67000,臺南市,67000180,新化區,67000180-001,武安里,305,170,135,2360,1186,1174,765,357,408,110Y12M
67000,臺南市,67000180,新化區,67000180-002,東榮里,476,258,218,3218,1621,1597,922,431,491,110Y12M
67000,臺南市,67000180,新化區,67000180-003,護國里,264,146,118,2044,1039,1005,738,371,367,110Y12M
67000,臺南市,67000180,新化區,67000180-004,太平里,589,311,278,3606,1824,1782,926,426,500,110Y12M
67000,臺南市,67000180,新化區,67000180-009,協興里,395,200,195,2586,1288,1298,704,321,383,110Y12M
67000,臺南市,67000180,新化區,67000180-010,唪口里,288,141,147,1819,903,916,398,186,212,110Y12M
67000,臺南市,67000180,新化區,67000180-011,北勢里,182,91,91,1289,642,647,240,108,132,110Y12M
67000,臺南市,67000180,新化區,67000180-012,豐榮里,480,261,219,2728,1387,1341,620,289,331,110Y12M
67000,臺南市,67000180,新化區,67000180-013,全興里,337,184,153,2463,1238,1225,425,205,220,110Y12M
67000,臺南市,67000180,新化區,67000180-014,崙頂里,244,133,111,1756,957,799,434,205,229,110Y12M
67000,臺南市,67000180,新化區,67000180-015,知義里,187,91,96,1680,907,773,514,238,276,110Y12M
67000,臺南市,67000180,新化區,67000180-016,山■里,203,100,103,1449,767,682,301,145,156,110Y12M
67000,臺南市,67000180,新化區,67000180-017,大坑里,30,12,18,307,179,128,121,59,62,110Y12M
67000,臺南市,67000180,新化區,67000180-018,■拔里,249,146,103,1693,875,818,439,206,233,110Y12M
67000,臺南市,67000180,新化區,67000180-019,羊林里,111,57,54,730,401,329,189,95,94,110Y12M
67000,臺南市,67000180,新化區,67000180-020,礁坑里,68,33,35,692,410,282,245,121,124,110Y12M
67000,臺南市,67000190,善化區,67000190-001,東關里,272,155,117,910,453,457,250,113,137,110Y12M
67000,臺南市,67000190,善化區,67000190-002,坐駕里,985,503,482,3340,1632,1708,759,335,424,110Y12M
67000,臺南市,67000190,善化區,67000190-003,光文里,1079,554,525,4655,2285,2370,1066,472,594,110Y12M
67000,臺南市,67000190,善化區,67000190-004,文昌里,594,300,294,2250,1151,1099,541,251,290,110Y12M
67000,臺南市,67000190,善化區,67000190-005,南關里,355,196,159,1523,746,777,356,148,208,110Y12M
67000,臺南市,67000190,善化區,67000190-008,文正里,284,146,138,1363,689,674,301,126,175,110Y12M
67000,臺南市,67000190,善化區,67000190-009,胡家里,99,48,51,940,523,417,335,150,185,110Y12M
67000,臺南市,67000190,善化區,67000190-010,胡厝里,324,168,156,1712,899,813,362,182,180,110Y12M
67000,臺南市,67000190,善化區,67000190-011,什乃里,157,72,85,1095,556,539,204,99,105,110Y12M
67000,臺南市,67000190,善化區,67000190-012,溪美里,230,102,128,1568,803,765,423,193,230,110Y12M
67000,臺南市,67000190,善化區,67000190-013,六分里,59,38,21,502,260,242,184,88,96,110Y12M
67000,臺南市,67000190,善化區,67000190-014,六德里,111,49,62,797,432,365,261,129,132,110Y12M
67000,臺南市,67000190,善化區,67000190-015,田寮里,166,89,77,1317,683,634,420,210,210,110Y12M
67000,臺南市,67000190,善化區,67000190-018,牛庄里,146,74,72,1353,698,655,323,156,167,110Y12M
67000,臺南市,67000190,善化區,67000190-019,嘉北里,179,104,75,1295,678,617,360,180,180,110Y12M
67000,臺南市,67000190,善化區,67000190-020,嘉南里,114,60,54,838,458,380,264,125,139,110Y12M
67000,臺南市,67000190,善化區,67000190-021,小新里,908,483,425,4022,2007,2015,647,310,337,110Y12M
67000,臺南市,67000190,善化區,67000190-022,頂街里,165,85,80,881,479,402,272,128,144,110Y12M
67000,臺南市,67000190,善化區,67000190-023,昌隆里,182,93,89,1494,785,709,495,237,258,110Y12M
67000,臺南市,67000190,善化區,67000190-024,蓮潭里,1625,807,818,3429,1743,1686,124,55,69,110Y12M
67000,臺南市,67000200,新市區,67000200-001,新市里,395,186,209,2419,1187,1232,620,285,335,110Y12M
67000,臺南市,67000200,新市區,67000200-002,新和里,1204,645,559,5504,2736,2768,1164,565,599,110Y12M
67000,臺南市,67000200,新市區,67000200-003,社內里,507,285,222,2449,1205,1244,452,217,235,110Y12M
67000,臺南市,67000200,新市區,67000200-004,大洲里,93,50,43,566,296,270,167,88,79,110Y12M
67000,臺南市,67000200,新市區,67000200-005,豐華里,140,62,78,736,376,360,161,84,77,110Y12M
67000,臺南市,67000200,新市區,67000200-006,三舍里,528,273,255,1422,715,707,208,99,109,110Y12M
67000,臺南市,67000200,新市區,67000200-007,大營里,541,290,251,2932,1495,1437,563,269,294,110Y12M
67000,臺南市,67000200,新市區,67000200-008,大社里,599,325,274,3943,2019,1924,726,357,369,110Y12M
67000,臺南市,67000200,新市區,67000200-009,潭頂里,179,102,77,1465,783,682,370,180,190,110Y12M
67000,臺南市,67000200,新市區,67000200-010,港墘里,542,260,282,2844,1402,1442,570,278,292,110Y12M
67000,臺南市,67000200,新市區,67000200-011,永就里,520,258,262,2616,1313,1303,401,175,226,110Y12M
67000,臺南市,67000210,安定區,67000210-001,蘇林里,213,102,111,1603,842,761,509,247,262,110Y12M
67000,臺南市,67000210,安定區,67000210-002,蘇厝里,239,117,122,1716,856,860,390,183,207,110Y12M
67000,臺南市,67000210,安定區,67000210-003,安定里,141,80,61,1098,598,500,334,157,177,110Y12M
67000,臺南市,67000210,安定區,67000210-004,安加里,270,160,110,1766,959,807,502,253,249,110Y12M
67000,臺南市,67000210,安定區,67000210-006,港尾里,189,91,98,1195,625,570,356,181,175,110Y12M
67000,臺南市,67000210,安定區,67000210-007,中榮里,339,180,159,1577,818,759,197,84,113,110Y12M
67000,臺南市,67000210,安定區,67000210-008,港口里,417,202,215,2541,1321,1220,457,202,255,110Y12M
67000,臺南市,67000210,安定區,67000210-009,港南里,359,180,179,2314,1194,1120,427,196,231,110Y12M
67000,臺南市,67000210,安定區,67000210-012,中沙里,67,32,35,557,293,264,163,78,85,110Y12M
67000,臺南市,67000210,安定區,67000210-013,新吉里,266,158,108,2112,1093,1019,409,187,222,110Y12M
67000,臺南市,67000210,安定區,67000210-014,海寮里,273,136,137,2111,1117,994,516,242,274,110Y12M
67000,臺南市,67000210,安定區,67000210-017,文科里,176,98,78,1297,674,623,352,170,182,110Y12M
67000,臺南市,67000210,安定區,67000210-018,嘉同里,244,125,119,2016,1057,959,397,191,206,110Y12M
67000,臺南市,67000220,山上區,67000220-001,明和里,145,69,76,1265,691,574,426,197,229,110Y12M
67000,臺南市,67000220,山上區,67000220-002,南洲里,123,60,63,1120,622,498,420,212,208,110Y12M
67000,臺南市,67000220,山上區,67000220-003,山上里,119,62,57,767,411,356,211,93,118,110Y12M
67000,臺南市,67000220,山上區,67000220-004,新莊里,68,37,31,773,404,369,176,80,96,110Y12M
67000,臺南市,67000220,山上區,67000220-005,玉■里,33,16,17,381,221,160,174,79,95,110Y12M
67000,臺南市,67000220,山上區,67000220-006,平陽里,14,6,8,245,140,105,102,56,46,110Y12M
67000,臺南市,67000220,山上區,67000220-007,豐德里,42,21,21,314,170,144,78,37,41,110Y12M
67000,臺南市,67000230,玉井區,67000230-001,玉井里,96,47,49,883,468,415,352,151,201,110Y12M
67000,臺南市,67000230,玉井區,67000230-002,玉田里,390,222,168,2746,1405,1341,927,424,503,110Y12M
67000,臺南市,67000230,玉井區,67000230-003,中正里,98,43,55,889,477,412,336,166,170,110Y12M
67000,臺南市,67000230,玉井區,67000230-004,竹圍里,149,74,75,1047,549,498,381,181,200,110Y12M
67000,臺南市,67000230,玉井區,67000230-005,沙田里,40,17,23,341,190,151,153,76,77,110Y12M
67000,臺南市,67000230,玉井區,67000230-006,三埔里,33,12,21,345,206,139,147,73,74,110Y12M
67000,臺南市,67000230,玉井區,67000230-007,三和里,50,20,30,523,280,243,208,114,94,110Y12M
67000,臺南市,67000230,玉井區,67000230-008,望明里,118,62,56,1067,604,463,387,182,205,110Y12M
67000,臺南市,67000230,玉井區,67000230-009,層林里,38,21,17,403,229,174,175,85,90,110Y12M
67000,臺南市,67000230,玉井區,67000230-010,豐里里,60,39,21,701,376,325,259,125,134,110Y12M
67000,臺南市,67000240,楠西區,67000240-001,楠西里,125,73,52,1329,717,612,478,222,256,110Y12M
67000,臺南市,67000240,楠西區,67000240-002,灣丘里,87,40,47,796,450,346,323,171,152,110Y12M
67000,臺南市,67000240,楠西區,67000240-003,密枝里,39,25,14,494,283,211,192,91,101,110Y12M
67000,臺南市,67000240,楠西區,67000240-004,照興里,81,41,40,728,413,315,246,122,124,110Y12M
67000,臺南市,67000240,楠西區,67000240-005,鹿田里,59,34,25,635,344,291,266,122,144,110Y12M
67000,臺南市,67000240,楠西區,67000240-006,龜丹里,41,24,17,462,260,202,176,86,90,110Y12M
67000,臺南市,67000240,楠西區,67000240-007,東勢里,197,107,90,1657,850,807,620,283,337,110Y12M
67000,臺南市,67000250,南化區,67000250-001,南化里,119,61,58,948,521,427,405,208,197,110Y12M
67000,臺南市,67000250,南化區,67000250-002,小崙里,57,26,31,569,343,226,207,101,106,110Y12M
67000,臺南市,67000250,南化區,67000250-003,中坑里,23,11,12,269,152,117,132,71,61,110Y12M
67000,臺南市,67000250,南化區,67000250-004,北平里,37,20,17,368,214,154,183,89,94,110Y12M
67000,臺南市,67000250,南化區,67000250-005,東和里,44,27,17,440,247,193,183,94,89,110Y12M
67000,臺南市,67000250,南化區,67000250-006,西埔里,47,24,23,531,315,216,219,112,107,110Y12M
67000,臺南市,67000250,南化區,67000250-007,北寮里,73,41,32,802,444,358,349,175,174,110Y12M
67000,臺南市,67000250,南化區,67000250-008,玉山里,100,48,52,771,412,359,260,128,132,110Y12M
67000,臺南市,67000250,南化區,67000250-009,關山里,150,81,69,807,407,400,171,83,88,110Y12M
67000,臺南市,67000260,左鎮區,67000260-001,光和里,15,11,4,223,127,96,133,71,62,110Y12M
67000,臺南市,67000260,左鎮區,67000260-002,榮和里,28,19,9,436,239,197,192,95,97,110Y12M
67000,臺南市,67000260,左鎮區,67000260-003,左鎮里,33,17,16,315,172,143,142,74,68,110Y12M
67000,臺南市,67000260,左鎮區,67000260-004,中正里,39,23,16,479,272,207,254,122,132,110Y12M
67000,臺南市,67000260,左鎮區,67000260-005,睦光里,27,14,13,241,149,92,100,56,44,110Y12M
67000,臺南市,67000260,左鎮區,67000260-006,內庄里,14,11,3,231,150,81,123,68,55,110Y12M
67000,臺南市,67000260,左鎮區,67000260-007,澄山里,25,12,13,339,214,125,141,73,68,110Y12M
67000,臺南市,67000260,左鎮區,67000260-008,岡林里,17,5,12,274,162,112,124,68,56,110Y12M
67000,臺南市,67000260,左鎮區,67000260-009,草山里,15,9,6,206,127,79,76,39,37,110Y12M
67000,臺南市,67000260,左鎮區,67000260-010,二寮里,7,5,2,133,87,46,46,25,21,110Y12M
67000,臺南市,67000270,仁德區,67000270-001,太子里,750,381,369,4571,2257,2314,1019,505,514,110Y12M
67000,臺南市,67000270,仁德區,67000270-002,土庫里,371,198,173,2196,1126,1070,610,302,308,110Y12M
67000,臺南市,67000270,仁德區,67000270-003,一甲里,312,172,140,2156,1118,1038,515,254,261,110Y12M
67000,臺南市,67000270,仁德區,67000270-004,仁德里,1465,791,674,7190,3637,3553,1167,517,650,110Y12M
67000,臺南市,67000270,仁德區,67000270-005,仁義里,1101,577,524,7631,3867,3764,1740,822,918,110Y12M
67000,臺南市,67000270,仁德區,67000270-006,新田里,394,197,197,2953,1462,1491,561,267,294,110Y12M
67000,臺南市,67000270,仁德區,67000270-007,後壁里,1275,652,623,8156,4092,4064,1497,710,787,110Y12M
67000,臺南市,67000270,仁德區,67000270-008,上崙里,880,422,458,5248,2674,2574,937,440,497,110Y12M
67000,臺南市,67000270,仁德區,67000270-011,保安里,321,174,147,2234,1152,1082,547,266,281,110Y12M
67000,臺南市,67000270,仁德區,67000270-012,成功里,547,270,277,3883,1997,1886,1076,445,631,110Y12M
67000,臺南市,67000270,仁德區,67000270-013,仁和里,133,70,63,1084,582,502,426,180,246,110Y12M
67000,臺南市,67000270,仁德區,67000270-014,仁愛里,147,83,64,957,501,456,268,117,151,110Y12M
67000,臺南市,67000270,仁德區,67000270-015,二行里,209,111,98,1656,871,785,470,210,260,110Y12M
67000,臺南市,67000270,仁德區,67000270-016,大甲里,274,154,120,1731,888,843,433,222,211,110Y12M
67000,臺南市,67000270,仁德區,67000270-017,中洲里,281,149,132,2036,1085,951,636,318,318,110Y12M
67000,臺南市,67000270,仁德區,67000270-019,文賢里,183,99,84,1768,925,843,502,233,269,110Y12M
67000,臺南市,67000280,歸仁區,67000280-001,南保里,824,439,385,5067,2517,2550,1017,488,529,110Y12M
67000,臺南市,67000280,歸仁區,67000280-002,六甲里,447,237,210,3245,1704,1541,698,323,375,110Y12M
67000,臺南市,67000280,歸仁區,67000280-003,歸仁里,264,125,139,1924,960,964,447,196,251,110Y12M
67000,臺南市,67000280,歸仁區,67000280-004,後市里,461,245,216,2602,1308,1294,714,332,382,110Y12M
67000,臺南市,67000280,歸仁區,67000280-005,辜厝里,425,210,215,2738,1355,1383,602,302,300,110Y12M
67000,臺南市,67000280,歸仁區,67000280-006,許厝里,465,246,219,2778,1386,1392,634,314,320,110Y12M
67000,臺南市,67000280,歸仁區,67000280-007,看西里,473,240,233,1937,980,957,367,168,199,110Y12M
67000,臺南市,67000280,歸仁區,67000280-008,看東里,318,170,148,1530,790,740,314,143,171,110Y12M
67000,臺南市,67000280,歸仁區,67000280-009,崙頂里,641,311,330,2655,1305,1350,485,240,245,110Y12M
67000,臺南市,67000280,歸仁區,67000280-010,沙崙里,118,71,47,587,298,289,133,68,65,110Y12M
67000,臺南市,67000280,歸仁區,67000280-011,大潭里,323,176,147,1522,794,728,405,194,211,110Y12M
67000,臺南市,67000280,歸仁區,67000280-012,武東里,312,170,142,1588,901,687,259,130,129,110Y12M
67000,臺南市,67000280,歸仁區,67000280-013,八甲里,340,176,164,2299,1121,1178,476,227,249,110Y12M
67000,臺南市,67000280,歸仁區,67000280-014,七甲里,452,258,194,2955,1510,1445,499,234,265,110Y12M
67000,臺南市,67000280,歸仁區,67000280-015,媽廟里,207,103,104,1541,847,694,436,215,221,110Y12M
67000,臺南市,67000280,歸仁區,67000280-016,西埔里,192,98,94,1378,749,629,305,151,154,110Y12M
67000,臺南市,67000280,歸仁區,67000280-017,大廟里,378,187,191,2620,1354,1266,526,243,283,110Y12M
67000,臺南市,67000280,歸仁區,67000280-018,南興里,738,384,354,3806,1916,1890,590,280,310,110Y12M
67000,臺南市,67000280,歸仁區,67000280-019,新厝里,361,180,181,2003,1026,977,506,242,264,110Y12M
67000,臺南市,67000280,歸仁區,67000280-020,歸南里,284,156,128,1833,925,908,455,208,247,110Y12M
67000,臺南市,67000280,歸仁區,67000280-021,文化里,508,267,241,2538,1248,1290,456,221,235,110Y12M
67000,臺南市,67000290,關廟區,67000290-001,關廟里,317,181,136,1852,970,882,506,235,271,110Y12M
67000,臺南市,67000290,關廟區,67000290-002,山西里,200,120,80,1605,839,766,446,206,240,110Y12M
67000,臺南市,67000290,關廟區,67000290-003,香洋里,275,125,150,2418,1259,1159,875,413,462,110Y12M
67000,臺南市,67000290,關廟區,67000290-004,北勢里,323,171,152,1964,1017,947,596,299,297,110Y12M
67000,臺南市,67000290,關廟區,67000290-005,新埔里,136,73,63,845,439,406,212,109,103,110Y12M
67000,臺南市,67000290,關廟區,67000290-006,新光里,35,16,19,481,274,207,217,122,95,110Y12M
67000,臺南市,67000290,關廟區,67000290-007,五甲里,353,178,175,2679,1391,1288,619,278,341,110Y12M
67000,臺南市,67000290,關廟區,67000290-008,東勢里,326,161,165,2540,1327,1213,648,307,341,110Y12M
67000,臺南市,67000290,關廟區,67000290-009,松腳里,198,90,108,1517,773,744,467,207,260,110Y12M
67000,臺南市,67000290,關廟區,67000290-012,深坑里,120,74,46,1128,611,517,359,171,188,110Y12M
67000,臺南市,67000290,關廟區,67000290-013,布袋里,122,66,56,924,478,446,276,134,142,110Y12M
67000,臺南市,67000290,關廟區,67000290-016,埤頭里,191,104,87,1620,836,784,379,176,203,110Y12M
67000,臺南市,67000290,關廟區,67000290-017,下湖里,31,11,20,362,197,165,108,57,51,110Y12M
67000,臺南市,67000290,關廟區,67000290-018,花園里,402,199,203,2683,1371,1312,862,408,454,110Y12M
67000,臺南市,67000290,關廟區,67000290-019,南雄里,128,70,58,1118,606,512,397,203,194,110Y12M
67000,臺南市,67000300,龍崎區,67000300-001,崎頂里,51,27,24,713,378,335,300,145,155,110Y12M
67000,臺南市,67000300,龍崎區,67000300-002,土崎里,34,17,17,427,247,180,177,84,93,110Y12M
67000,臺南市,67000300,龍崎區,67000300-003,中坑里,0,0,0,87,58,29,53,25,28,110Y12M
67000,臺南市,67000300,龍崎區,67000300-004,楠坑里,28,16,12,260,140,120,112,59,53,110Y12M
67000,臺南市,67000300,龍崎區,67000300-005,牛埔里,9,2,7,193,108,85,95,54,41,110Y12M
67000,臺南市,67000300,龍崎區,67000300-006,大坪里,7,3,4,184,108,76,88,43,45,110Y12M
67000,臺南市,67000300,龍崎區,67000300-007,龍船里,11,3,8,256,156,100,149,72,77,110Y12M
67000,臺南市,67000300,龍崎區,67000300-008,石■里,14,9,5,293,171,122,127,59,68,110Y12M
67000,臺南市,67000310,永康區,67000310-001,五王里,677,329,348,4816,2228,2588,997,445,552,110Y12M
67000,臺南市,67000310,永康區,67000310-002,網寮里,1089,571,518,6353,3073,3280,860,382,478,110Y12M
67000,臺南市,67000310,永康區,67000310-003,永康里,1325,694,631,7789,4015,3774,1393,680,713,110Y12M
67000,臺南市,67000310,永康區,67000310-004,埔園里,1566,806,760,6537,3268,3269,933,408,525,110Y12M
67000,臺南市,67000310,永康區,67000310-005,大橋里,890,449,441,4873,2319,2554,863,412,451,110Y12M
67000,臺南市,67000310,永康區,67000310-006,王行里,368,172,196,2102,1050,1052,429,208,221,110Y12M
67000,臺南市,67000310,永康區,67000310-007,烏竹里,542,291,251,2592,1284,1308,342,169,173,110Y12M
67000,臺南市,67000310,永康區,67000310-008,蔦松里,275,145,130,1596,816,780,300,146,154,110Y12M
67000,臺南市,67000310,永康區,67000310-009,三民里,209,115,94,1249,658,591,290,145,145,110Y12M
67000,臺南市,67000310,永康區,67000310-010,■行里,743,374,369,4114,2001,2113,888,425,463,110Y12M
67000,臺南市,67000310,永康區,67000310-011,甲頂里,287,148,139,1789,890,899,488,204,284,110Y12M
67000,臺南市,67000310,永康區,67000310-012,大灣里,561,285,276,2892,1416,1476,663,324,339,110Y12M
67000,臺南市,67000310,永康區,67000310-013,東灣里,540,289,251,2843,1435,1408,701,345,356,110Y12M
67000,臺南市,67000310,永康區,67000310-014,西灣里,1025,502,523,6369,3106,3263,1091,509,582,110Y12M
67000,臺南市,67000310,永康區,67000310-015,南灣里,496,259,237,3200,1623,1577,728,357,371,110Y12M
67000,臺南市,67000310,永康區,67000310-016,崑山里,714,374,340,4913,2479,2434,1082,491,591,110Y12M
67000,臺南市,67000310,永康區,67000310-017,北灣里,771,380,391,3615,1835,1780,627,302,325,110Y12M
67000,臺南市,67000310,永康區,67000310-018,新樹里,294,150,144,1782,913,869,413,188,225,110Y12M
67000,臺南市,67000310,永康區,67000310-019,復興里,143,71,72,1522,776,746,428,148,280,110Y12M
67000,臺南市,67000310,永康區,67000310-020,復國里,1050,571,479,7444,3660,3784,1201,509,692,110Y12M
67000,臺南市,67000310,永康區,67000310-021,建國里,207,113,94,1577,784,793,375,146,229,110Y12M
67000,臺南市,67000310,永康區,67000310-022,神洲里,164,79,85,1103,526,577,242,93,149,110Y12M
67000,臺南市,67000310,永康區,67000310-023,西勢里,1065,581,484,5613,2832,2781,788,359,429,110Y12M
67000,臺南市,67000310,永康區,67000310-024,成功里,186,90,96,1668,855,813,415,135,280,110Y12M
67000,臺南市,67000310,永康區,67000310-025,中興里,324,161,163,2725,1366,1359,631,254,377,110Y12M
67000,臺南市,67000310,永康區,67000310-026,勝利里,849,438,411,6571,3200,3371,1344,505,839,110Y12M
67000,臺南市,67000310,永康區,67000310-027,龍潭里,988,495,493,5480,2794,2686,891,427,464,110Y12M
67000,臺南市,67000310,永康區,67000310-028,光復里,43,21,22,442,226,216,102,38,64,110Y12M
67000,臺南市,67000310,永康區,67000310-029,■洲里,961,518,443,4963,2484,2479,901,425,476,110Y12M
67000,臺南市,67000310,永康區,67000310-030,二王里,1086,570,516,6860,3396,3464,1212,529,683,110Y12M
67000,臺南市,67000310,永康區,67000310-031,六合里,757,400,357,4828,2265,2563,786,310,476,110Y12M
67000,臺南市,67000310,永康區,67000310-032,三合里,426,231,195,3034,1559,1475,531,219,312,110Y12M
67000,臺南市,67000310,永康區,67000310-033,東橋里,2182,1117,1065,6769,3162,3607,788,371,417,110Y12M
67000,臺南市,67000310,永康區,67000310-034,安康里,769,394,375,4322,1983,2339,624,255,369,110Y12M
67000,臺南市,67000310,永康區,67000310-035,西橋里,419,214,205,2506,1178,1328,548,245,303,110Y12M
67000,臺南市,67000310,永康區,67000310-036,尚頂里,554,274,280,3269,1623,1646,661,331,330,110Y12M
67000,臺南市,67000310,永康區,67000310-037,復華里,1076,574,502,8377,4147,4230,1185,481,704,110Y12M
67000,臺南市,67000310,永康區,67000310-038,正強里,1307,702,605,6621,3227,3394,1193,563,630,110Y12M
67000,臺南市,67000310,永康區,67000310-039,中華里,222,103,119,2286,1136,1150,559,231,328,110Y12M
67000,臺南市,67000310,永康區,67000310-040,北興里,1128,601,527,4700,2332,2368,550,248,302,110Y12M
67000,臺南市,67000310,永康區,67000310-041,龍埔里,1005,502,503,3671,1861,1810,291,116,175,110Y12M
67000,臺南市,67000310,永康區,67000310-042,永明里,638,367,271,4468,2192,2276,351,155,196,110Y12M
67000,臺南市,67000310,永康區,67000310-043,■興里,721,389,332,3642,1796,1846,412,188,224,110Y12M
67000,臺南市,67000320,東區,67000320-001,富裕里,264,127,137,1654,775,879,504,214,290,110Y12M
67000,臺南市,67000320,東區,67000320-002,裕農里,426,212,214,2283,1083,1200,649,286,363,110Y12M
67000,臺南市,67000320,東區,67000320-003,大智里,915,474,441,5682,2836,2846,1066,454,612,110Y12M
67000,臺南市,67000320,東區,67000320-004,崇學里,376,185,191,2177,1056,1121,692,310,382,110Y12M
67000,臺南市,67000320,東區,67000320-005,泉南里,506,253,253,3514,1693,1821,1108,503,605,110Y12M
67000,臺南市,67000320,東區,67000320-006,仁和里,466,247,219,3992,1947,2045,658,285,373,110Y12M
67000,臺南市,67000320,東區,67000320-007,後甲里,397,207,190,2289,1105,1184,606,249,357,110Y12M
67000,臺南市,67000320,東區,67000320-008,東光里,885,474,411,3874,1830,2044,1032,448,584,110Y12M
67000,臺南市,67000320,東區,67000320-009,新東里,236,131,105,1793,826,967,602,277,325,110Y12M
67000,臺南市,67000320,東區,67000320-010,中西里,478,245,233,2250,1057,1193,737,336,401,110Y12M
67000,臺南市,67000320,東區,67000320-011,東安里,198,96,102,1004,520,484,359,169,190,110Y12M
67000,臺南市,67000320,東區,67000320-012,崇明里,679,364,315,3357,1569,1788,740,315,425,110Y12M
67000,臺南市,67000320,東區,67000320-013,自強里,1061,524,537,4420,2049,2371,943,420,523,110Y12M
67000,臺南市,67000320,東區,67000320-014,和平里,645,320,325,4416,2091,2325,813,367,446,110Y12M
67000,臺南市,67000320,東區,67000320-015,路東里,96,48,48,1289,569,720,329,138,191,110Y12M
67000,臺南市,67000320,東區,67000320-016,大德里,94,38,56,1100,538,562,398,181,217,110Y12M
67000,臺南市,67000320,東區,67000320-017,關聖里,1179,632,547,4196,2027,2169,579,255,324,110Y12M
67000,臺南市,67000320,東區,67000320-018,衛國里,223,103,120,1180,572,608,380,164,216,110Y12M
67000,臺南市,67000320,東區,67000320-019,崇善里,708,339,369,4395,2023,2372,783,341,442,110Y12M
67000,臺南市,67000320,東區,67000320-020,富強里,650,342,308,3556,1695,1861,937,419,518,110Y12M
67000,臺南市,67000320,東區,67000320-021,圍下里,256,141,115,1339,657,682,498,212,286,110Y12M
67000,臺南市,67000320,東區,67000320-022,小東里,693,363,330,3405,1638,1767,835,366,469,110Y12M
67000,臺南市,67000320,東區,67000320-023,大學里,149,79,70,747,362,385,288,138,150,110Y12M
67000,臺南市,67000320,東區,67000320-024,龍山里,806,401,405,3893,1753,2140,793,339,454,110Y12M
67000,臺南市,67000320,東區,67000320-025,虎尾里,1201,637,564,4347,2085,2262,946,428,518,110Y12M
67000,臺南市,67000320,東區,67000320-026,德高里,453,240,213,2768,1388,1380,581,252,329,110Y12M
67000,臺南市,67000320,東區,67000320-027,莊敬里,612,327,285,2836,1368,1468,726,323,403,110Y12M
67000,臺南市,67000320,東區,67000320-028,大福里,122,63,59,1217,632,585,438,192,246,110Y12M
67000,臺南市,67000320,東區,67000320-029,忠孝里,314,164,150,3301,1585,1716,944,434,510,110Y12M
67000,臺南市,67000320,東區,67000320-030,崇誨里,328,175,153,1809,850,959,594,255,339,110Y12M
67000,臺南市,67000320,東區,67000320-031,東明里,504,256,248,2226,1088,1138,722,336,386,110Y12M
67000,臺南市,67000320,東區,67000320-032,崇德里,819,426,393,3693,1752,1941,872,407,465,110Y12M
67000,臺南市,67000320,東區,67000320-033,東智里,378,208,170,2283,1111,1172,558,233,325,110Y12M
67000,臺南市,67000320,東區,67000320-034,東聖里,350,183,167,1809,852,957,452,188,264,110Y12M
67000,臺南市,67000320,東區,67000320-035,崇成里,670,343,327,2504,1126,1378,472,204,268,110Y12M
67000,臺南市,67000320,東區,67000320-036,東門里,244,126,118,1329,632,697,478,214,264,110Y12M
67000,臺南市,67000320,東區,67000320-037,成大里,221,97,124,1426,731,695,535,243,292,110Y12M
67000,臺南市,67000320,東區,67000320-038,大同里,199,102,97,2172,1123,1049,757,342,415,110Y12M
67000,臺南市,67000320,東區,67000320-039,德光里,535,270,265,3228,1463,1765,796,372,424,110Y12M
67000,臺南市,67000320,東區,67000320-040,崇信里,521,256,265,3574,1811,1763,904,431,473,110Y12M
67000,臺南市,67000320,東區,67000320-041,崇文里,1288,682,606,5216,2390,2826,819,362,457,110Y12M
67000,臺南市,67000320,東區,67000320-042,復興里,664,341,323,2733,1289,1444,682,296,386,110Y12M
67000,臺南市,67000320,東區,67000320-043,裕聖里,1550,811,739,4718,2272,2446,361,162,199,110Y12M
67000,臺南市,67000320,東區,67000320-044,南聖里,695,364,331,2321,1140,1181,319,148,171,110Y12M
67000,臺南市,67000320,東區,67000320-045,文聖里,1273,682,591,4113,1961,2152,449,209,240,110Y12M
67000,臺南市,67000330,南區,67000330-001,竹溪里,97,50,47,1226,592,634,427,168,259,110Y12M
67000,臺南市,67000330,南區,67000330-003,明德里,225,110,115,1265,591,674,171,83,88,110Y12M
67000,臺南市,67000330,南區,67000330-004,大成里,281,135,146,1546,681,865,332,156,176,110Y12M
67000,臺南市,67000330,南區,67000330-005,廣州里,187,85,102,1650,833,817,597,270,327,110Y12M
67000,臺南市,67000330,南區,67000330-006,新昌里,158,70,88,1682,815,867,559,239,320,110Y12M
67000,臺南市,67000330,南區,67000330-007,新興里,234,127,107,2129,1027,1102,607,257,350,110Y12M
67000,臺南市,67000330,南區,67000330-008,田寮里,297,147,150,2374,1177,1197,774,343,431,110Y12M
67000,臺南市,67000330,南區,67000330-009,國宅里,270,141,129,2213,1095,1118,713,303,410,110Y12M
67000,臺南市,67000330,南區,67000330-011,光明里,460,243,217,3330,1623,1707,875,387,488,110Y12M
67000,臺南市,67000330,南區,67000330-013,明亮里,391,195,196,2816,1378,1438,787,345,442,110Y12M
67000,臺南市,67000330,南區,67000330-014,喜東里,247,111,136,1736,924,812,408,192,216,110Y12M
67000,臺南市,67000330,南區,67000330-015,喜北里,250,122,128,1736,927,809,464,214,250,110Y12M
67000,臺南市,67000330,南區,67000330-016,喜南里,96,52,44,913,484,429,308,149,159,110Y12M
67000,臺南市,67000330,南區,67000330-017,省躬里,580,326,254,3411,1731,1680,656,296,360,110Y12M
67000,臺南市,67000330,南區,67000330-018,興農里,384,201,183,2297,1187,1110,402,177,225,110Y12M
67000,臺南市,67000330,南區,67000330-019,同安里,281,143,138,1841,969,872,380,160,220,110Y12M
67000,臺南市,67000330,南區,67000330-020,佛壇里,372,203,169,2166,1109,1057,400,194,206,110Y12M
67000,臺南市,67000330,南區,67000330-021,大林里,186,104,82,1682,803,879,547,255,292,110Y12M
67000,臺南市,67000330,南區,67000330-022,大忠里,393,207,186,3468,1748,1720,1069,485,584,110Y12M
67000,臺南市,67000330,南區,67000330-023,大恩里,281,144,137,2632,1323,1309,841,352,489,110Y12M
67000,臺南市,67000330,南區,67000330-024,新生里,255,131,124,2520,1188,1332,876,355,521,110Y12M
67000,臺南市,67000330,南區,67000330-025,再興里,216,103,113,1704,848,856,547,230,317,110Y12M
67000,臺南市,67000330,南區,67000330-026,明興里,347,163,184,2616,1291,1325,720,326,394,110Y12M
67000,臺南市,67000330,南區,67000330-027,文華里,243,131,112,2501,1217,1284,758,330,428,110Y12M
67000,臺南市,67000330,南區,67000330-028,金華里,470,241,229,3895,1920,1975,1152,515,637,110Y12M
67000,臺南市,67000330,南區,67000330-029,南都里,263,123,140,2168,1211,957,544,263,281,110Y12M
67000,臺南市,67000330,南區,67000330-030,開南里,643,330,313,4667,2275,2392,1076,490,586,110Y12M
67000,臺南市,67000330,南區,67000330-031,彰南里,165,86,79,1163,570,593,369,180,189,110Y12M
67000,臺南市,67000330,南區,67000330-032,建南里,578,307,271,4269,2229,2040,872,406,466,110Y12M
67000,臺南市,67000330,南區,67000330-033,郡南里,404,217,187,2924,1466,1458,672,308,364,110Y12M
67000,臺南市,67000330,南區,67000330-034,府南里,538,270,268,3901,1919,1982,1006,446,560,110Y12M
67000,臺南市,67000330,南區,67000330-035,文南里,509,269,240,4077,1965,2112,1046,462,584,110Y12M
67000,臺南市,67000330,南區,67000330-036,鯤鯓里,165,88,77,1332,715,617,415,190,225,110Y12M
67000,臺南市,67000330,南區,67000330-037,松安里,193,107,86,1469,802,667,333,162,171,110Y12M
67000,臺南市,67000330,南區,67000330-038,永寧里,164,86,78,1327,735,592,394,193,201,110Y12M
67000,臺南市,67000330,南區,67000330-039,南華里,248,125,123,2009,983,1026,469,218,251,110Y12M
67000,臺南市,67000330,南區,67000330-040,鹽埕里,336,185,151,2845,1484,1361,872,425,447,110Y12M
67000,臺南市,67000340,北區,67000340-001,開元里,263,129,134,2499,1258,1241,891,396,495,110Y12M
67000,臺南市,67000340,北區,67000340-004,東興里,320,171,149,1558,790,768,400,168,232,110Y12M
67000,臺南市,67000340,北區,67000340-005,力行里,229,124,105,1824,910,914,568,264,304,110Y12M
67000,臺南市,67000340,北區,67000340-007,振興里,130,63,67,1429,712,717,534,242,292,110Y12M
67000,臺南市,67000340,北區,67000340-008,仁愛里,183,96,87,1713,825,888,529,241,288,110Y12M
67000,臺南市,67000340,北區,67000340-018,大豐里,447,207,240,3352,1707,1645,918,390,528,110Y12M
67000,臺南市,67000340,北區,67000340-019,重興里,134,72,62,1456,736,720,382,156,226,110Y12M
67000,臺南市,67000340,北區,67000340-020,和順里,699,368,331,3985,1839,2146,922,398,524,110Y12M
67000,臺南市,67000340,北區,67000340-023,正覺里,221,105,116,2416,1270,1146,741,311,430,110Y12M
67000,臺南市,67000340,北區,67000340-024,成功里,964,506,458,3863,1791,2072,773,375,398,110Y12M
67000,臺南市,67000340,北區,67000340-025,文元里,768,398,370,3108,1529,1579,485,217,268,110Y12M
67000,臺南市,67000340,北區,67000340-026,大港里,630,357,273,4531,2231,2300,918,423,495,110Y12M
67000,臺南市,67000340,北區,67000340-032,中樓里,92,50,42,1029,512,517,368,165,203,110Y12M
67000,臺南市,67000340,北區,67000340-033,公園里,117,59,58,1302,628,674,504,212,292,110Y12M
67000,臺南市,67000340,北區,67000340-038,元寶里,602,315,287,3801,1658,2143,426,168,258,110Y12M
67000,臺南市,67000340,北區,67000340-039,永祥里,261,145,116,2338,1190,1148,740,331,409,110Y12M
67000,臺南市,67000340,北區,67000340-040,成德里,980,487,493,3902,1835,2067,690,306,384,110Y12M
67000,臺南市,67000340,北區,67000340-041,文成里,404,201,203,2453,1218,1235,588,266,322,110Y12M
67000,臺南市,67000340,北區,67000340-042,大和里,399,203,196,3056,1494,1562,639,276,363,110Y12M
67000,臺南市,67000340,北區,67000340-043,賢北里,532,293,239,3077,1522,1555,600,275,325,110Y12M
67000,臺南市,67000340,北區,67000340-044,長勝里,301,149,152,2837,1446,1391,1029,431,598,110Y12M
67000,臺南市,67000340,北區,67000340-045,合興里,299,143,156,2584,1284,1300,858,371,487,110Y12M
67000,臺南市,67000340,北區,67000340-046,北門里,506,257,249,4157,2105,2052,1103,482,621,110Y12M
67000,臺南市,67000340,北區,67000340-047,小北里,354,180,174,3035,1548,1487,870,392,478,110Y12M
67000,臺南市,67000340,北區,67000340-048,大光里,430,207,223,3670,1824,1846,1195,443,752,110Y12M
67000,臺南市,67000340,北區,67000340-049,大興里,253,125,128,2230,1168,1062,749,334,415,110Y12M
67000,臺南市,67000340,北區,67000340-050,長興里,356,191,165,2049,996,1053,617,283,334,110Y12M
67000,臺南市,67000340,北區,67000340-051,北華里,315,173,142,3047,1647,1400,1035,501,534,110Y12M
67000,臺南市,67000340,北區,67000340-052,華德里,1144,578,566,3544,1645,1899,372,160,212,110Y12M
67000,臺南市,67000340,北區,67000340-053,福德里,1311,681,630,4301,2029,2272,483,199,284,110Y12M
67000,臺南市,67000340,北區,67000340-054,立人里,349,193,156,1971,932,1039,561,246,315,110Y12M
67000,臺南市,67000340,北區,67000340-055,雙安里,303,153,150,1882,903,979,440,203,237,110Y12M
67000,臺南市,67000340,北區,67000340-056,元美里,542,283,259,2742,1350,1392,406,181,225,110Y12M
67000,臺南市,67000350,安南區,67000350-001,東和里,783,400,383,2642,1303,1339,285,144,141,110Y12M
67000,臺南市,67000350,安南區,67000350-002,安順里,882,469,413,4311,2178,2133,614,289,325,110Y12M
67000,臺南市,67000350,安南區,67000350-003,■南里,848,444,404,4297,2140,2157,586,259,327,110Y12M
67000,臺南市,67000350,安南區,67000350-004,州南里,955,537,418,4311,2159,2152,898,422,476,110Y12M
67000,臺南市,67000350,安南區,67000350-005,州北里,786,415,371,4046,2010,2036,599,276,323,110Y12M
67000,臺南市,67000350,安南區,67000350-006,安東里,302,145,157,2303,1187,1116,533,259,274,110Y12M
67000,臺南市,67000350,安南區,67000350-007,安西里,557,276,281,3004,1557,1447,559,248,311,110Y12M
67000,臺南市,67000350,安南區,67000350-008,頂安里,795,402,393,4090,2108,1982,612,285,327,110Y12M
67000,臺南市,67000350,安南區,67000350-009,安慶里,932,443,489,5343,2697,2646,974,445,529,110Y12M
67000,臺南市,67000350,安南區,67000350-010,新順里,1065,545,520,5647,2883,2764,818,365,453,110Y12M
67000,臺南市,67000350,安南區,67000350-011,原佃里,278,145,133,1926,996,930,324,147,177,110Y12M
67000,臺南市,67000350,安南區,67000350-012,總頭里,205,104,101,1501,805,696,350,173,177,110Y12M
67000,臺南市,67000350,安南區,67000350-013,長安里,720,380,340,4323,2254,2069,621,299,322,110Y12M
67000,臺南市,67000350,安南區,67000350-014,公親里,155,77,78,980,507,473,198,101,97,110Y12M
67000,臺南市,67000350,安南區,67000350-015,海東里,911,460,451,4966,2529,2437,867,385,482,110Y12M
67000,臺南市,67000350,安南區,67000350-016,海西里,474,226,248,2390,1250,1140,509,232,277,110Y12M
67000,臺南市,67000350,安南區,67000350-017,海南里,473,229,244,2032,1036,996,429,203,226,110Y12M
67000,臺南市,67000350,安南區,67000350-018,溪心里,1579,860,719,7237,3792,3445,994,477,517,110Y12M
67000,臺南市,67000350,安南區,67000350-019,■田里,246,128,118,1433,741,692,224,97,127,110Y12M
67000,臺南市,67000350,安南區,67000350-020,淵東里,943,492,451,4309,2176,2133,618,284,334,110Y12M
67000,臺南市,67000350,安南區,67000350-021,淵西里,697,364,333,3398,1676,1722,450,190,260,110Y12M
67000,臺南市,67000350,安南區,67000350-022,佃東里,464,261,203,2962,1569,1393,466,211,255,110Y12M
67000,臺南市,67000350,安南區,67000350-023,佃西里,305,147,158,1848,952,896,342,163,179,110Y12M
67000,臺南市,67000350,安南區,67000350-024,公■里,102,49,53,873,459,414,194,88,106,110Y12M
67000,臺南市,67000350,安南區,67000350-025,南興里,217,111,106,1601,857,744,299,143,156,110Y12M
67000,臺南市,67000350,安南區,67000350-026,學東里,268,136,132,2248,1183,1065,377,183,194,110Y12M
67000,臺南市,67000350,安南區,67000350-027,城東里,197,102,95,1371,718,653,265,108,157,110Y12M
67000,臺南市,67000350,安南區,67000350-028,城北里,186,95,91,1323,675,648,263,114,149,110Y12M
67000,臺南市,67000350,安南區,67000350-029,城中里,140,73,67,926,433,493,168,79,89,110Y12M
67000,臺南市,67000350,安南區,67000350-030,城南里,391,187,204,2829,1427,1402,516,250,266,110Y12M
67000,臺南市,67000350,安南區,67000350-031,城西里,182,97,85,1264,612,652,221,101,120,110Y12M
67000,臺南市,67000350,安南區,67000350-032,青草里,168,86,82,1289,671,618,248,112,136,110Y12M
67000,臺南市,67000350,安南區,67000350-033,砂崙里,179,98,81,1083,567,516,228,106,122,110Y12M
67000,臺南市,67000350,安南區,67000350-035,鹿耳里,111,61,50,750,381,369,147,69,78,110Y12M
67000,臺南市,67000350,安南區,67000350-036,四草里,249,146,103,1561,791,770,381,177,204,110Y12M
67000,臺南市,67000350,安南區,67000350-037,安和里,267,118,149,1719,879,840,463,207,256,110Y12M
67000,臺南市,67000350,安南區,67000350-038,溪北里,343,168,175,2309,1138,1171,558,250,308,110Y12M
67000,臺南市,67000350,安南區,67000350-039,溪頂里,855,429,426,3776,1837,1939,777,360,417,110Y12M
67000,臺南市,67000350,安南區,67000350-040,溪墘里,560,283,277,2494,1295,1199,626,276,350,110Y12M
67000,臺南市,67000350,安南區,67000350-041,海佃里,817,424,393,3539,1742,1797,850,414,436,110Y12M
67000,臺南市,67000350,安南區,67000350-042,幸福里,599,308,291,3005,1531,1474,717,338,379,110Y12M
67000,臺南市,67000350,安南區,67000350-043,鳳凰里,520,258,262,3876,1892,1984,657,292,365,110Y12M
67000,臺南市,67000350,安南區,67000350-044,梅花里,587,324,263,3490,1747,1743,666,322,344,110Y12M
67000,臺南市,67000350,安南區,67000350-045,理想里,645,347,298,3790,1907,1883,796,362,434,110Y12M
67000,臺南市,67000350,安南區,67000350-046,溪東里,920,493,427,3528,1717,1811,556,239,317,110Y12M
67000,臺南市,67000350,安南區,67000350-047,淵中里,590,307,283,2879,1465,1414,555,252,303,110Y12M
67000,臺南市,67000350,安南區,67000350-048,布袋里,161,90,71,1281,658,623,240,118,122,110Y12M
67000,臺南市,67000350,安南區,67000350-049,國安里,965,486,479,2797,1312,1485,462,226,236,110Y12M
67000,臺南市,67000350,安南區,67000350-050,安富里,1109,561,548,4638,2373,2265,927,423,504,110Y12M
67000,臺南市,67000350,安南區,67000350-051,大安里,414,223,191,3136,1585,1551,600,294,306,110Y12M
67000,臺南市,67000350,安南區,67000350-052,媽祖宮里,175,83,92,1202,595,607,286,136,150,110Y12M
67000,臺南市,67000360,安平區,67000360-002,金城里,235,121,114,1694,847,847,357,163,194,110Y12M
67000,臺南市,67000360,安平區,67000360-004,漁光里,17,14,3,328,179,149,98,53,45,110Y12M
67000,臺南市,67000360,安平區,67000360-005,建平里,997,504,493,4599,2126,2473,696,309,387,110Y12M
67000,臺南市,67000360,安平區,67000360-006,怡平里,552,295,257,3878,1812,2066,513,227,286,110Y12M
67000,臺南市,67000360,安平區,67000360-007,華平里,524,274,250,4247,2051,2196,746,340,406,110Y12M
67000,臺南市,67000360,安平區,67000360-008,平通里,1047,509,538,6570,3056,3514,958,411,547,110Y12M
67000,臺南市,67000360,安平區,67000360-009,文平里,681,327,354,4496,2119,2377,788,347,441,110Y12M
67000,臺南市,67000360,安平區,67000360-010,國平里,1420,726,694,7236,3309,3927,946,420,526,110Y12M
67000,臺南市,67000360,安平區,67000360-011,育平里,1322,713,609,7306,3265,4041,911,359,552,110Y12M
67000,臺南市,67000360,安平區,67000360-012,億載里,557,274,283,2774,1360,1414,404,175,229,110Y12M
67000,臺南市,67000360,安平區,67000360-015,平安里,327,169,158,2707,1354,1353,702,293,409,110Y12M
67000,臺南市,67000360,安平區,67000360-016,天妃里,315,179,136,2532,1306,1226,785,355,430,110Y12M
67000,臺南市,67000360,安平區,67000360-017,王城里,332,187,145,2249,1124,1125,600,276,324,110Y12M
67000,臺南市,67000370,中西區,67000370-005,赤嵌里,799,458,341,2637,1297,1340,1091,482,609,110Y12M
67000,臺南市,67000370,中西區,67000370-007,郡王里,1194,643,551,2454,1032,1422,693,292,401,110Y12M
67000,臺南市,67000370,中西區,67000370-009,法華里,1197,618,579,2293,933,1360,495,197,298,110Y12M
67000,臺南市,67000370,中西區,67000370-011,開山里,763,420,343,1911,896,1015,582,278,304,110Y12M
67000,臺南市,67000370,中西區,67000370-016,永華里,739,397,342,1858,841,1017,723,312,411,110Y12M
67000,臺南市,67000370,中西區,67000370-022,藥王里,267,145,122,2426,1211,1215,901,406,495,110Y12M
67000,臺南市,67000370,中西區,67000370-025,光賢里,387,201,186,2895,1427,1468,715,306,409,110Y12M
67000,臺南市,67000370,中西區,67000370-031,大涼里,364,182,182,2112,1007,1105,521,221,300,110Y12M
67000,臺南市,67000370,中西區,67000370-033,西湖里,808,401,407,4949,2292,2657,999,443,556,110Y12M
67000,臺南市,67000370,中西區,67000370-034,西賢里,592,317,275,4193,2112,2081,871,413,458,110Y12M
67000,臺南市,67000370,中西區,67000370-039,城隍里,907,498,409,2762,1303,1459,973,415,558,110Y12M
67000,臺南市,67000370,中西區,67000370-040,南美里,742,400,342,2233,1051,1182,934,460,474,110Y12M
67000,臺南市,67000370,中西區,67000370-041,南門里,830,432,398,1907,835,1072,644,275,369,110Y12M
67000,臺南市,67000370,中西區,67000370-042,小西門里,447,237,210,2370,1132,1238,754,335,419,110Y12M
67000,臺南市,67000370,中西區,67000370-043,五條港里,132,66,66,1419,731,688,560,288,272,110Y12M
67000,臺南市,67000370,中西區,67000370-044,兌悅里,325,168,157,2913,1598,1315,982,460,522,110Y12M
67000,臺南市,67000370,中西區,67000370-045,淺草里,202,104,98,1888,929,959,630,301,329,110Y12M
67000,臺南市,67000370,中西區,67000370-046,府前里,129,56,73,1362,706,656,554,272,282,110Y12M
67000,臺南市,67000370,中西區,67000370-047,南廠里,279,151,128,2848,1525,1323,1103,487,616,110Y12M
67000,臺南市,67000370,中西區,67000370-048,西和里,412,208,204,3277,1593,1684,757,319,438,110Y12M
64000,高雄市,64000010,鹽埕區,64000010-001,藍橋里,106,46,60,1010,493,517,285,133,152,110Y12M
64000,高雄市,64000010,鹽埕區,64000010-002,慈愛里,24,10,14,233,129,104,96,41,55,110Y12M
64000,高雄市,64000010,鹽埕區,64000010-003,博愛里,44,15,29,462,244,218,162,61,101,110Y12M
64000,高雄市,64000010,鹽埕區,64000010-004,壽星里,100,47,53,894,456,438,365,195,170,110Y12M
64000,高雄市,64000010,鹽埕區,64000010-005,中山里,121,53,68,982,478,504,305,135,170,110Y12M
64000,高雄市,64000010,鹽埕區,64000010-006,教仁里,136,70,66,1398,689,709,556,253,303,110Y12M
64000,高雄市,64000010,鹽埕區,64000010-007,新樂里,58,26,32,560,287,273,234,117,117,110Y12M
64000,高雄市,64000010,鹽埕區,64000010-008,中原里,50,22,28,406,191,215,167,77,90,110Y12M
64000,高雄市,64000010,鹽埕區,64000010-009,光明里,95,48,47,1023,507,516,401,205,196,110Y12M
64000,高雄市,64000010,鹽埕區,64000010-010,育仁里,85,38,47,528,261,267,217,98,119,110Y12M
64000,高雄市,64000010,鹽埕區,64000010-011,河濱里,126,61,65,1124,563,561,452,213,239,110Y12M
64000,高雄市,64000010,鹽埕區,64000010-012,沙地里,59,30,29,548,268,280,187,84,103,110Y12M
64000,高雄市,64000010,鹽埕區,64000010-013,南端里,87,40,47,647,338,309,291,134,157,110Y12M
64000,高雄市,64000010,鹽埕區,64000010-014,港都里,95,50,45,730,363,367,315,157,158,110Y12M
64000,高雄市,64000010,鹽埕區,64000010-015,江西里,70,37,33,751,399,352,273,129,144,110Y12M
64000,高雄市,64000010,鹽埕區,64000010-016,新豐里,98,50,48,624,318,306,170,73,97,110Y12M
64000,高雄市,64000010,鹽埕區,64000010-017,府北里,147,68,79,1498,773,725,514,255,259,110Y12M
64000,高雄市,64000010,鹽埕區,64000010-018,陸橋里,82,41,41,811,401,410,308,141,167,110Y12M
64000,高雄市,64000010,鹽埕區,64000010-019,瀨南里,24,13,11,373,186,187,171,82,89,110Y12M
64000,高雄市,64000010,鹽埕區,64000010-020,新化里,52,31,21,413,229,184,141,52,89,110Y12M
64000,高雄市,64000010,鹽埕區,64000010-021,江南里,54,26,28,435,233,202,139,63,76,110Y12M
64000,高雄市,64000020,鼓山區,64000020-001,鼓峰里,131,67,64,1481,729,752,471,198,273,110Y12M
64000,高雄市,64000020,鼓山區,64000020-002,雄峰里,134,61,73,1413,690,723,527,228,299,110Y12M
64000,高雄市,64000020,鼓山區,64000020-003,前峰里,297,155,142,2988,1541,1447,1089,466,623,110Y12M
64000,高雄市,64000020,鼓山區,64000020-004,光榮里,313,170,143,2544,1353,1191,844,376,468,110Y12M
64000,高雄市,64000020,鼓山區,64000020-005,民族里,103,60,43,989,526,463,323,137,186,110Y12M
64000,高雄市,64000020,鼓山區,64000020-006,內惟里,73,36,37,834,439,395,270,137,133,110Y12M
64000,高雄市,64000020,鼓山區,64000020-007,建國里,234,146,88,1911,1002,909,548,251,297,110Y12M
64000,高雄市,64000020,鼓山區,64000020-008,忠正里,324,153,171,2819,1383,1436,901,380,521,110Y12M
64000,高雄市,64000020,鼓山區,64000020-009,自強里,27,16,11,421,233,188,268,131,137,110Y12M
64000,高雄市,64000020,鼓山區,64000020-010,龍井里,102,53,49,881,475,406,336,145,191,110Y12M
64000,高雄市,64000020,鼓山區,64000020-011,正德里,192,106,86,1570,801,769,425,184,241,110Y12M
64000,高雄市,64000020,鼓山區,64000020-012,平和里,322,152,170,2597,1299,1298,825,367,458,110Y12M
64000,高雄市,64000020,鼓山區,64000020-013,民強里,207,106,101,1892,975,917,682,303,379,110Y12M
64000,高雄市,64000020,鼓山區,64000020-014,厚生里,300,157,143,2444,1239,1205,585,270,315,110Y12M
64000,高雄市,64000020,鼓山區,64000020-015,龍子里,4441,2294,2147,13832,6155,7677,2393,1061,1332,110Y12M
64000,高雄市,64000020,鼓山區,64000020-016,龍水里,7589,3858,3731,20946,9204,11742,3112,1387,1725,110Y12M
64000,高雄市,64000020,鼓山區,64000020-017,明誠里,3731,2018,1713,14444,6473,7971,2562,1096,1466,110Y12M
64000,高雄市,64000020,鼓山區,64000020-018,華豐里,306,150,156,3078,1502,1576,835,369,466,110Y12M
64000,高雄市,64000020,鼓山區,64000020-019,裕興里,318,168,150,2482,1250,1232,734,318,416,110Y12M
64000,高雄市,64000020,鼓山區,64000020-020,裕豐里,191,106,85,1882,919,963,615,284,331,110Y12M
64000,高雄市,64000020,鼓山區,64000020-021,鼓岩里,55,23,32,784,417,367,357,150,207,110Y12M
64000,高雄市,64000020,鼓山區,64000020-022,樹德里,102,47,55,875,474,401,271,121,150,110Y12M
64000,高雄市,64000020,鼓山區,64000020-023,寶樹里,81,36,45,1495,894,601,446,241,205,110Y12M
64000,高雄市,64000020,鼓山區,64000020-024,興宗里,73,38,35,924,480,444,337,166,171,110Y12M
64000,高雄市,64000020,鼓山區,64000020-025,光化里,86,43,43,926,482,444,317,135,182,110Y12M
64000,高雄市,64000020,鼓山區,64000020-026,山下里,124,62,62,993,501,492,310,142,168,110Y12M
64000,高雄市,64000020,鼓山區,64000020-027,河邊里,82,46,36,973,509,464,332,155,177,110Y12M
64000,高雄市,64000020,鼓山區,64000020-028,綠川里,133,75,58,1044,565,479,337,151,186,110Y12M
64000,高雄市,64000020,鼓山區,64000020-029,登山里,26,12,14,421,256,165,183,88,95,110Y12M
64000,高雄市,64000020,鼓山區,64000020-030,峰南里,60,34,26,578,320,258,200,86,114,110Y12M
64000,高雄市,64000020,鼓山區,64000020-031,麗興里,74,38,36,670,353,317,271,120,151,110Y12M
64000,高雄市,64000020,鼓山區,64000020-032,新民里,88,48,40,722,382,340,243,109,134,110Y12M
64000,高雄市,64000020,鼓山區,64000020-033,延平里,57,31,26,544,287,257,188,82,106,110Y12M
64000,高雄市,64000020,鼓山區,64000020-034,維生里,74,36,38,872,427,445,324,151,173,110Y12M
64000,高雄市,64000020,鼓山區,64000020-035,惠安里,72,35,37,819,452,367,289,145,144,110Y12M
64000,高雄市,64000020,鼓山區,64000020-036,壽山里,115,70,45,1006,546,460,318,120,198,110Y12M
64000,高雄市,64000020,鼓山區,64000020-037,哨船頭里,66,36,30,717,390,327,255,112,143,110Y12M
64000,高雄市,64000020,鼓山區,64000020-038,桃源里,43,21,22,399,227,172,131,79,52,110Y12M
64000,高雄市,64000030,左營區,64000030-001,進學里,98,51,47,2036,1191,845,601,293,308,110Y12M
64000,高雄市,64000030,左營區,64000030-002,尾西里,44,24,20,724,370,354,273,124,149,110Y12M
64000,高雄市,64000030,左營區,64000030-003,頂北里,29,12,17,372,193,179,154,68,86,110Y12M
64000,高雄市,64000030,左營區,64000030-004,中北里,39,21,18,421,218,203,192,93,99,110Y12M
64000,高雄市,64000030,左營區,64000030-005,中南里,21,9,12,358,211,147,148,73,75,110Y12M
64000,高雄市,64000030,左營區,64000030-006,廟東里,53,25,28,633,342,291,195,89,106,110Y12M
64000,高雄市,64000030,左營區,64000030-007,廟北里,63,32,31,602,341,261,248,103,145,110Y12M
64000,高雄市,64000030,左營區,64000030-008,尾南里,54,30,24,546,282,264,189,83,106,110Y12M
64000,高雄市,64000030,左營區,64000030-009,尾北里,248,124,124,2641,1354,1287,704,312,392,110Y12M
64000,高雄市,64000030,左營區,64000030-011,屏山里,104,52,52,1159,569,590,406,142,264,110Y12M
64000,高雄市,64000030,左營區,64000030-012,祥和里,15,7,8,258,138,120,88,29,59,110Y12M
64000,高雄市,64000030,左營區,64000030-013,永清里,223,105,118,566,293,273,79,40,39,110Y12M
64000,高雄市,64000030,左營區,64000030-015,莒光里,193,108,85,1277,647,630,461,185,276,110Y12M
64000,高雄市,64000030,左營區,64000030-016,光輝里,344,175,169,1817,903,914,655,275,380,110Y12M
64000,高雄市,64000030,左營區,64000030-017,合群里,201,110,91,1669,906,763,873,361,512,110Y12M
64000,高雄市,64000030,左營區,64000030-019,明建里,89,43,46,531,262,269,94,49,45,110Y12M
64000,高雄市,64000030,左營區,64000030-021,頂西里,52,28,24,665,351,314,258,119,139,110Y12M
64000,高雄市,64000030,左營區,64000030-022,聖后里,37,25,12,498,268,230,221,109,112,110Y12M
64000,高雄市,64000030,左營區,64000030-023,聖西里,18,10,8,241,140,101,89,51,38,110Y12M
64000,高雄市,64000030,左營區,64000030-024,聖南里,48,21,27,377,190,187,142,69,73,110Y12M
64000,高雄市,64000030,左營區,64000030-025,城南里,23,11,12,344,192,152,142,70,72,110Y12M
64000,高雄市,64000030,左營區,64000030-026,路東里,41,18,23,509,275,234,191,96,95,110Y12M
64000,高雄市,64000030,左營區,64000030-027,■北里,25,15,10,272,146,126,124,60,64,110Y12M
64000,高雄市,64000030,左營區,64000030-028,■南里,41,26,15,431,244,187,146,72,74,110Y12M
64000,高雄市,64000030,左營區,64000030-029,埤西里,44,27,17,550,296,254,291,132,159,110Y12M
64000,高雄市,64000030,左營區,64000030-030,埤北里,55,30,25,892,466,426,389,181,208,110Y12M
64000,高雄市,64000030,左營區,64000030-031,埤東里,47,24,23,645,341,304,284,143,141,110Y12M
64000,高雄市,64000030,左營區,64000030-032,海勝里,382,206,176,4242,2159,2083,1513,555,958,110Y12M
64000,高雄市,64000030,左營區,64000030-034,崇實里,475,259,216,2814,1328,1486,429,186,243,110Y12M
64000,高雄市,64000030,左營區,64000030-035,自助里,109,54,55,1026,493,533,129,55,74,110Y12M
64000,高雄市,64000030,左營區,64000030-036,果貿里,200,103,97,1988,963,1025,717,268,449,110Y12M
64000,高雄市,64000030,左營區,64000030-037,果惠里,79,45,34,1072,513,559,388,156,232,110Y12M
64000,高雄市,64000030,左營區,64000030-038,果峰里,92,44,48,1107,577,530,435,157,278,110Y12M
64000,高雄市,64000030,左營區,64000030-039,新下里,1916,989,927,11907,5515,6392,2222,936,1286,110Y12M
64000,高雄市,64000030,左營區,64000030-040,新上里,3859,1966,1893,21818,10097,11721,4202,1844,2358,110Y12M
64000,高雄市,64000030,左營區,64000030-041,新中里,692,361,331,3837,1919,1918,1047,481,566,110Y12M
64000,高雄市,64000030,左營區,64000030-042,新光里,2564,1339,1225,12211,5738,6473,1941,833,1108,110Y12M
64000,高雄市,64000030,左營區,64000030-043,菜公里,5138,2679,2459,26139,12461,13678,3652,1542,2110,110Y12M
64000,高雄市,64000030,左營區,64000030-044,福山里,7786,4080,3706,33354,15494,17860,3912,1625,2287,110Y12M
64000,高雄市,64000040,楠梓區,64000040-001,清豐里,5255,2717,2538,20257,9834,10423,2434,1119,1315,110Y12M
64000,高雄市,64000040,楠梓區,64000040-002,東寧里,1170,615,555,3998,1835,2163,593,257,336,110Y12M
64000,高雄市,64000040,楠梓區,64000040-003,五常里,1213,641,572,5671,2724,2947,931,421,510,110Y12M
64000,高雄市,64000040,楠梓區,64000040-004,享平里,474,238,236,2650,1258,1392,570,241,329,110Y12M
64000,高雄市,64000040,楠梓區,64000040-005,中陽里,579,300,279,2726,1353,1373,626,281,345,110Y12M
64000,高雄市,64000040,楠梓區,64000040-006,惠楠里,326,154,172,2707,1458,1249,553,271,282,110Y12M
64000,高雄市,64000040,楠梓區,64000040-007,惠民里,610,350,260,3238,1634,1604,746,326,420,110Y12M
64000,高雄市,64000040,楠梓區,64000040-008,惠豐里,556,289,267,4096,1986,2110,760,330,430,110Y12M
64000,高雄市,64000040,楠梓區,64000040-009,錦屏里,188,96,92,2174,1128,1046,682,323,359,110Y12M
64000,高雄市,64000040,楠梓區,64000040-010,玉屏里,177,88,89,1625,877,748,466,206,260,110Y12M
64000,高雄市,64000040,楠梓區,64000040-011,金田里,433,229,204,3296,1610,1686,664,274,390,110Y12M
64000,高雄市,64000040,楠梓區,64000040-012,稔田里,100,49,51,1132,578,554,352,172,180,110Y12M
64000,高雄市,64000040,楠梓區,64000040-013,瑞屏里,425,223,202,2833,1412,1421,750,331,419,110Y12M
64000,高雄市,64000040,楠梓區,64000040-014,翠屏里,1807,975,832,14445,7030,7415,2120,897,1223,110Y12M
64000,高雄市,64000040,楠梓區,64000040-015,宏南里,117,66,51,385,189,196,268,138,130,110Y12M
64000,高雄市,64000040,楠梓區,64000040-016,宏毅里,546,269,277,1426,706,720,687,331,356,110Y12M
64000,高雄市,64000040,楠梓區,64000040-017,宏榮里,572,298,274,1936,928,1008,588,333,255,110Y12M
64000,高雄市,64000040,楠梓區,64000040-018,廣昌里,322,163,159,2301,1170,1131,690,265,425,110Y12M
64000,高雄市,64000040,楠梓區,64000040-019,久昌里,422,226,196,2366,1139,1227,455,192,263,110Y12M
64000,高雄市,64000040,楠梓區,64000040-020,大昌里,228,119,109,1654,839,815,463,158,305,110Y12M
64000,高雄市,64000040,楠梓區,64000040-021,福昌里,275,146,129,1633,844,789,453,208,245,110Y12M
64000,高雄市,64000040,楠梓區,64000040-022,盛昌里,871,462,409,4693,2331,2362,895,406,489,110Y12M
64000,高雄市,64000040,楠梓區,64000040-023,泰昌里,179,96,83,1101,556,545,329,147,182,110Y12M
64000,高雄市,64000040,楠梓區,64000040-024,興昌里,756,404,352,3691,1860,1831,761,344,417,110Y12M
64000,高雄市,64000040,楠梓區,64000040-025,建昌里,342,175,167,2070,1040,1030,545,240,305,110Y12M
64000,高雄市,64000040,楠梓區,64000040-026,宏昌里,653,350,303,2777,1316,1461,550,243,307,110Y12M
64000,高雄市,64000040,楠梓區,64000040-027,和昌里,213,117,96,1512,771,741,514,220,294,110Y12M
64000,高雄市,64000040,楠梓區,64000040-028,慶昌里,403,201,202,2412,1169,1243,775,371,404,110Y12M
64000,高雄市,64000040,楠梓區,64000040-029,隆昌里,409,221,188,2555,1264,1291,772,328,444,110Y12M
64000,高雄市,64000040,楠梓區,64000040-030,秀昌里,274,132,142,1716,846,870,416,186,230,110Y12M
64000,高雄市,64000040,楠梓區,64000040-031,裕昌里,965,509,456,4120,2018,2102,725,306,419,110Y12M
64000,高雄市,64000040,楠梓區,64000040-032,國昌里,594,326,268,2867,1473,1394,650,282,368,110Y12M
64000,高雄市,64000040,楠梓區,64000040-033,加昌里,1497,770,727,7111,3428,3683,1398,584,814,110Y12M
64000,高雄市,64000040,楠梓區,64000040-034,仁昌里,992,521,471,4405,2060,2345,726,308,418,110Y12M
64000,高雄市,64000040,楠梓區,64000040-035,藍田里,2084,1060,1024,7367,3570,3797,674,304,370,110Y12M
64000,高雄市,64000040,楠梓區,64000040-036,中興里,357,167,190,1396,709,687,252,113,139,110Y12M
64000,高雄市,64000040,楠梓區,64000040-037,中和里,1188,595,593,4005,1975,2030,397,177,220,110Y12M
64000,高雄市,64000050,三民區,64000050-001,鼎金里,422,209,213,3169,1554,1615,736,347,389,110Y12M
64000,高雄市,64000050,三民區,64000050-002,鼎盛里,1247,657,590,6353,3028,3325,1239,564,675,110Y12M
64000,高雄市,64000050,三民區,64000050-003,鼎強里,548,295,253,3167,1551,1616,725,324,401,110Y12M
64000,高雄市,64000050,三民區,64000050-004,鼎力里,585,318,267,3198,1517,1681,819,376,443,110Y12M
64000,高雄市,64000050,三民區,64000050-005,鼎西里,795,411,384,6019,2874,3145,1229,534,695,110Y12M
64000,高雄市,64000050,三民區,64000050-006,鼎中里,294,160,134,2794,1371,1423,744,345,399,110Y12M
64000,高雄市,64000050,三民區,64000050-007,鼎泰里,3504,1807,1697,18458,8595,9863,3193,1397,1796,110Y12M
64000,高雄市,64000050,三民區,64000050-008,本館里,837,432,405,7007,3395,3612,1582,733,849,110Y12M
64000,高雄市,64000050,三民區,64000050-009,本和里,762,406,356,5920,2840,3080,1272,567,705,110Y12M
64000,高雄市,64000050,三民區,64000050-010,本文里,166,83,83,1483,716,767,457,214,243,110Y12M
64000,高雄市,64000050,三民區,64000050-011,本武里,333,164,169,1232,600,632,377,182,195,110Y12M
64000,高雄市,64000050,三民區,64000050-012,本元里,1012,507,505,4274,1985,2289,923,410,513,110Y12M
64000,高雄市,64000050,三民區,64000050-013,本安里,1095,534,561,3659,1752,1907,754,359,395,110Y12M
64000,高雄市,64000050,三民區,64000050-014,本上里,1278,685,593,3695,1665,2030,900,423,477,110Y12M
64000,高雄市,64000050,三民區,64000050-015,本揚里,1936,1001,935,5975,2756,3219,1381,662,719,110Y12M
64000,高雄市,64000050,三民區,64000050-016,寶獅里,328,164,164,2717,1328,1389,836,380,456,110Y12M
64000,高雄市,64000050,三民區,64000050-017,寶德里,543,279,264,3960,1889,2071,977,452,525,110Y12M
64000,高雄市,64000050,三民區,64000050-018,寶泰里,415,204,211,3183,1483,1700,744,343,401,110Y12M
64000,高雄市,64000050,三民區,64000050-019,寶興里,678,362,316,5263,2466,2797,1298,576,722,110Y12M
64000,高雄市,64000050,三民區,64000050-020,寶中里,403,219,184,2238,1109,1129,641,273,368,110Y12M
64000,高雄市,64000050,三民區,64000050-021,寶華里,567,302,265,2577,1180,1397,609,276,333,110Y12M
64000,高雄市,64000050,三民區,64000050-022,寶國里,1645,839,806,6596,3059,3537,1204,564,640,110Y12M
64000,高雄市,64000050,三民區,64000050-023,寶民里,487,278,209,2483,1183,1300,611,293,318,110Y12M
64000,高雄市,64000050,三民區,64000050-024,寶慶里,429,210,219,2061,977,1084,555,256,299,110Y12M
64000,高雄市,64000050,三民區,64000050-025,寶業里,1290,665,625,4936,2221,2715,947,442,505,110Y12M
64000,高雄市,64000050,三民區,64000050-026,寶盛里,549,283,266,3827,1876,1951,1054,474,580,110Y12M
64000,高雄市,64000050,三民區,64000050-027,寶安里,720,362,358,5615,2636,2979,1377,615,762,110Y12M
64000,高雄市,64000050,三民區,64000050-028,寶龍里,568,304,264,3148,1543,1605,921,410,511,110Y12M
64000,高雄市,64000050,三民區,64000050-029,寶珠里,424,219,205,5432,3009,2423,1374,662,712,110Y12M
64000,高雄市,64000050,三民區,64000050-030,寶玉里,1657,844,813,6852,3161,3691,1349,630,719,110Y12M
64000,高雄市,64000050,三民區,64000050-031,灣子里,324,175,149,3260,1615,1645,704,297,407,110Y12M
64000,高雄市,64000050,三民區,64000050-032,灣愛里,237,126,111,2406,1241,1165,560,239,321,110Y12M
64000,高雄市,64000050,三民區,64000050-033,灣中里,387,209,178,4376,2160,2216,1080,462,618,110Y12M
64000,高雄市,64000050,三民區,64000050-034,灣華里,144,71,73,2055,1042,1013,588,247,341,110Y12M
64000,高雄市,64000050,三民區,64000050-035,灣勝里,137,78,59,1329,668,661,520,235,285,110Y12M
64000,高雄市,64000050,三民區,64000050-036,灣利里,232,121,111,2247,1145,1102,826,364,462,110Y12M
64000,高雄市,64000050,三民區,64000050-037,灣復里,263,135,128,2897,1430,1467,668,281,387,110Y12M
64000,高雄市,64000050,三民區,64000050-038,正興里,1916,1035,881,10343,4858,5485,1888,797,1091,110Y12M
64000,高雄市,64000050,三民區,64000050-039,正順里,547,276,271,3021,1424,1597,793,350,443,110Y12M
64000,高雄市,64000050,三民區,64000050-040,灣興里,304,147,157,1435,698,737,402,187,215,110Y12M
64000,高雄市,64000050,三民區,64000050-041,灣成里,270,137,133,2174,1077,1097,485,209,276,110Y12M
64000,高雄市,64000050,三民區,64000050-042,安康里,246,121,125,1988,1037,951,718,315,403,110Y12M
64000,高雄市,64000050,三民區,64000050-043,安寧里,153,79,74,1308,678,630,471,212,259,110Y12M
64000,高雄市,64000050,三民區,64000050-044,安吉里,625,301,324,3641,1705,1936,905,399,506,110Y12M
64000,高雄市,64000050,三民區,64000050-045,安發里,572,303,269,3355,1563,1792,986,433,553,110Y12M
64000,高雄市,64000050,三民區,64000050-046,安東里,364,178,186,2174,1066,1108,822,381,441,110Y12M
64000,高雄市,64000050,三民區,64000050-047,安和里,289,153,136,1785,908,877,656,303,353,110Y12M
64000,高雄市,64000050,三民區,64000050-048,達德里,150,89,61,876,438,438,362,176,186,110Y12M
64000,高雄市,64000050,三民區,64000050-049,達明里,198,102,96,1080,532,548,431,184,247,110Y12M
64000,高雄市,64000050,三民區,64000050-050,達仁里,162,81,81,1012,500,512,391,170,221,110Y12M
64000,高雄市,64000050,三民區,64000050-051,達勇里,67,42,25,660,344,316,250,118,132,110Y12M
64000,高雄市,64000050,三民區,64000050-052,同德里,257,129,128,1934,993,941,719,326,393,110Y12M
64000,高雄市,64000050,三民區,64000050-053,德智里,222,125,97,1484,730,754,587,267,320,110Y12M
64000,高雄市,64000050,三民區,64000050-054,德仁里,179,90,89,1363,693,670,510,232,278,110Y12M
64000,高雄市,64000050,三民區,64000050-055,安生里,116,56,60,1032,520,512,355,173,182,110Y12M
64000,高雄市,64000050,三民區,64000050-056,德東里,64,36,28,533,276,257,232,106,126,110Y12M
64000,高雄市,64000050,三民區,64000050-057,德行里,82,36,46,724,367,357,314,154,160,110Y12M
64000,高雄市,64000050,三民區,64000050-058,精華里,133,71,62,1042,522,520,438,192,246,110Y12M
64000,高雄市,64000050,三民區,64000050-059,民享里,172,102,70,1369,672,697,564,259,305,110Y12M
64000,高雄市,64000050,三民區,64000050-060,安宜里,318,161,157,2276,1139,1137,795,334,461,110Y12M
64000,高雄市,64000050,三民區,64000050-061,安泰里,370,193,177,2762,1376,1386,956,410,546,110Y12M
64000,高雄市,64000050,三民區,64000050-062,安邦里,398,213,185,2761,1361,1400,941,416,525,110Y12M
64000,高雄市,64000050,三民區,64000050-063,十全里,192,104,88,1340,644,696,367,162,205,110Y12M
64000,高雄市,64000050,三民區,64000050-064,十美里,170,92,78,1238,637,601,492,214,278,110Y12M
64000,高雄市,64000050,三民區,64000050-065,德北里,188,97,91,1709,829,880,498,245,253,110Y12M
64000,高雄市,64000050,三民區,64000050-066,立誠里,54,27,27,451,215,236,230,100,130,110Y12M
64000,高雄市,64000050,三民區,64000050-067,立業里,74,39,35,658,327,331,256,111,145,110Y12M
64000,高雄市,64000050,三民區,64000050-068,港東里,86,40,46,952,492,460,412,175,237,110Y12M
64000,高雄市,64000050,三民區,64000050-069,港新里,189,101,88,1023,499,524,351,163,188,110Y12M
64000,高雄市,64000050,三民區,64000050-070,港西里,55,23,32,535,283,252,225,110,115,110Y12M
64000,高雄市,64000050,三民區,64000050-072,博愛里,59,28,31,856,424,432,295,135,160,110Y12M
64000,高雄市,64000050,三民區,64000050-073,博惠里,567,309,258,2970,1423,1547,1032,446,586,110Y12M
64000,高雄市,64000050,三民區,64000050-074,長明里,104,58,46,768,392,376,275,118,157,110Y12M
64000,高雄市,64000050,三民區,64000050-075,建東里,78,45,33,905,416,489,259,114,145,110Y12M
64000,高雄市,64000050,三民區,64000050-076,興德里,135,69,66,1489,715,774,443,199,244,110Y12M
64000,高雄市,64000050,三民區,64000050-077,鳳南里,64,37,27,646,342,304,277,130,147,110Y12M
64000,高雄市,64000050,三民區,64000050-078,鳳北里,92,49,43,939,479,460,384,183,201,110Y12M
64000,高雄市,64000050,三民區,64000050-079,德西里,128,74,54,1024,488,536,227,100,127,110Y12M
64000,高雄市,64000050,三民區,64000050-081,豐裕里,193,108,85,1800,906,894,588,255,333,110Y12M
64000,高雄市,64000050,三民區,64000050-082,川東里,80,36,44,984,529,455,255,123,132,110Y12M
64000,高雄市,64000050,三民區,64000050-083,裕民里,136,84,52,1051,528,523,244,115,129,110Y12M
64000,高雄市,64000050,三民區,64000050-084,力行里,74,37,37,779,426,353,275,132,143,110Y12M
64000,高雄市,64000050,三民區,64000050-085,千歲里,99,53,46,775,380,395,326,146,180,110Y12M
64000,高雄市,64000050,三民區,64000050-086,立德里,79,44,35,864,427,437,308,130,178,110Y12M
64000,高雄市,64000050,三民區,64000050-087,千北里,75,49,26,741,381,360,277,110,167,110Y12M
64000,高雄市,64000050,三民區,64000050-088,千秋里,130,59,71,1467,766,701,524,234,290,110Y12M
64000,高雄市,64000060,新興區,64000060-001,浩然里,121,64,57,1233,593,640,521,230,291,110Y12M
64000,高雄市,64000060,新興區,64000060-002,振成里,66,32,34,692,348,344,320,136,184,110Y12M
64000,高雄市,64000060,新興區,64000060-003,德生里,403,212,191,2165,980,1185,730,307,423,110Y12M
64000,高雄市,64000060,新興區,64000060-004,振華里,88,48,40,707,356,351,319,129,190,110Y12M
64000,高雄市,64000060,新興區,64000060-005,正氣里,77,42,35,877,417,460,431,190,241,110Y12M
64000,高雄市,64000060,新興區,64000060-006,德政里,53,23,30,453,207,246,184,98,86,110Y12M
64000,高雄市,64000060,新興區,64000060-007,仁聲里,68,25,43,766,354,412,244,105,139,110Y12M
64000,高雄市,64000060,新興區,64000060-008,德望里,174,101,73,1321,642,679,513,236,277,110Y12M
64000,高雄市,64000060,新興區,64000060-009,華聲里,62,31,31,618,314,304,281,128,153,110Y12M
64000,高雄市,64000060,新興區,64000060-010,蕉園里,58,31,27,496,266,230,221,112,109,110Y12M
64000,高雄市,64000060,新興區,64000060-011,永寧里,102,54,48,916,447,469,392,178,214,110Y12M
64000,高雄市,64000060,新興區,64000060-012,玉衡里,49,24,25,526,279,247,214,97,117,110Y12M
64000,高雄市,64000060,新興區,64000060-013,順昌里,463,237,226,1579,771,808,519,241,278,110Y12M
64000,高雄市,64000060,新興區,64000060-014,文昌里,641,346,295,2165,1018,1147,695,318,377,110Y12M
64000,高雄市,64000060,新興區,64000060-015,光耀里,457,237,220,1641,781,860,604,278,326,110Y12M
64000,高雄市,64000060,新興區,64000060-016,興昌里,289,156,133,1184,543,641,443,200,243,110Y12M
64000,高雄市,64000060,新興區,64000060-017,開平里,583,308,275,2547,1141,1406,772,352,420,110Y12M
64000,高雄市,64000060,新興區,64000060-018,成功里,112,59,53,958,450,508,354,160,194,110Y12M
64000,高雄市,64000060,新興區,64000060-019,新江里,96,54,42,808,397,411,266,120,146,110Y12M
64000,高雄市,64000060,新興區,64000060-020,黎明里,47,26,21,611,319,292,204,101,103,110Y12M
64000,高雄市,64000060,新興區,64000060-021,愛平里,102,51,51,702,335,367,292,139,153,110Y12M
64000,高雄市,64000060,新興區,64000060-022,南港里,202,114,88,1378,698,680,531,243,288,110Y12M
64000,高雄市,64000060,新興區,64000060-023,中東里,400,216,184,2072,1027,1045,674,311,363,110Y12M
64000,高雄市,64000060,新興區,64000060-024,明莊里,45,23,22,510,259,251,198,92,106,110Y12M
64000,高雄市,64000060,新興區,64000060-025,大明里,77,42,35,728,341,387,307,141,166,110Y12M
64000,高雄市,64000060,新興區,64000060-026,秋山里,62,32,30,732,349,383,244,123,121,110Y12M
64000,高雄市,64000060,新興區,64000060-027,長驛里,73,33,40,728,355,373,214,101,113,110Y12M
64000,高雄市,64000060,新興區,64000060-028,建興里,57,27,30,706,356,350,236,112,124,110Y12M
64000,高雄市,64000060,新興區,64000060-029,建華里,32,18,14,594,310,284,217,98,119,110Y12M
64000,高雄市,64000060,新興區,64000060-030,漢民里,65,29,36,496,250,246,206,85,121,110Y12M
64000,高雄市,64000060,新興區,64000060-031,榮治里,55,34,21,528,248,280,180,86,94,110Y12M
64000,高雄市,64000060,新興區,64000060-032,東坡里,71,38,33,806,406,400,364,170,194,110Y12M
64000,高雄市,64000070,前金區,64000070-001,三川里,51,28,23,504,250,254,194,93,101,110Y12M
64000,高雄市,64000070,前金區,64000070-002,草江里,90,51,39,799,373,426,308,140,168,110Y12M
64000,高雄市,64000070,前金區,64000070-003,長城里,91,43,48,980,486,494,361,162,199,110Y12M
64000,高雄市,64000070,前金區,64000070-004,北金里,54,27,27,599,289,310,232,100,132,110Y12M
64000,高雄市,64000070,前金區,64000070-005,東金里,73,44,29,687,313,374,274,125,149,110Y12M
64000,高雄市,64000070,前金區,64000070-006,新生里,379,210,169,2765,1281,1484,866,389,477,110Y12M
64000,高雄市,64000070,前金區,64000070-007,後金里,42,21,21,428,233,195,223,92,131,110Y12M
64000,高雄市,64000070,前金區,64000070-008,長興里,99,50,49,835,385,450,346,156,190,110Y12M
64000,高雄市,64000070,前金區,64000070-009,青山里,156,83,73,1389,615,774,475,224,251,110Y12M
64000,高雄市,64000070,前金區,64000070-010,民生里,68,29,39,565,241,324,238,105,133,110Y12M
64000,高雄市,64000070,前金區,64000070-011,復元里,94,51,43,712,341,371,322,140,182,110Y12M
64000,高雄市,64000070,前金區,64000070-012,林投里,97,55,42,750,437,313,309,161,148,110Y12M
64000,高雄市,64000070,前金區,64000070-013,國民里,81,45,36,629,285,344,277,142,135,110Y12M
64000,高雄市,64000070,前金區,64000070-014,社東里,142,70,72,987,454,533,464,193,271,110Y12M
64000,高雄市,64000070,前金區,64000070-015,社西里,77,25,52,770,366,404,272,107,165,110Y12M
64000,高雄市,64000070,前金區,64000070-016,博孝里,71,42,29,763,343,420,237,112,125,110Y12M
64000,高雄市,64000070,前金區,64000070-017,長生里,137,77,60,1186,562,624,489,214,275,110Y12M
64000,高雄市,64000070,前金區,64000070-018,榮復里,96,56,40,744,363,381,302,134,168,110Y12M
64000,高雄市,64000070,前金區,64000070-019,文西里,88,48,40,663,310,353,286,117,169,110Y12M
64000,高雄市,64000070,前金區,64000070-020,文東里,77,35,42,799,398,401,324,135,189,110Y12M
64000,高雄市,64000080,苓雅區,64000080-001,博仁里,59,32,27,509,230,279,182,83,99,110Y12M
64000,高雄市,64000080,苓雅區,64000080-002,苓洲里,84,47,37,1160,549,611,369,153,216,110Y12M
64000,高雄市,64000080,苓雅區,64000080-003,苓昇里,79,37,42,859,435,424,318,139,179,110Y12M
64000,高雄市,64000080,苓雅區,64000080-004,苓中里,131,71,60,1271,613,658,334,143,191,110Y12M
64000,高雄市,64000080,苓雅區,64000080-005,苓雅里,120,62,58,1040,486,554,369,152,217,110Y12M
64000,高雄市,64000080,苓雅區,64000080-006,苓東里,71,48,23,1063,516,547,355,159,196,110Y12M
64000,高雄市,64000080,苓雅區,64000080-007,城北里,176,83,93,1243,600,643,343,146,197,110Y12M
64000,高雄市,64000080,苓雅區,64000080-008,城西里,55,27,28,369,180,189,132,57,75,110Y12M
64000,高雄市,64000080,苓雅區,64000080-009,城東里,185,102,83,1452,677,775,432,195,237,110Y12M
64000,高雄市,64000080,苓雅區,64000080-010,意誠里,358,183,175,2923,1376,1547,821,350,471,110Y12M
64000,高雄市,64000080,苓雅區,64000080-011,鼓中里,84,36,48,638,325,313,270,129,141,110Y12M
64000,高雄市,64000080,苓雅區,64000080-012,田西里,127,68,59,944,478,466,331,153,178,110Y12M
64000,高雄市,64000080,苓雅區,64000080-013,人和里,145,80,65,1269,620,649,457,189,268,110Y12M
64000,高雄市,64000080,苓雅區,64000080-014,仁政里,88,47,41,830,400,430,366,159,207,110Y12M
64000,高雄市,64000080,苓雅區,64000080-015,廣澤里,137,78,59,1206,616,590,503,216,287,110Y12M
64000,高雄市,64000080,苓雅區,64000080-016,美田里,100,51,49,803,391,412,310,127,183,110Y12M
64000,高雄市,64000080,苓雅區,64000080-017,華堂里,220,114,106,2234,1044,1190,772,322,450,110Y12M
64000,高雄市,64000080,苓雅區,64000080-018,日中里,147,74,73,1509,727,782,617,273,344,110Y12M
64000,高雄市,64000080,苓雅區,64000080-019,普照里,315,149,166,2268,1085,1183,754,337,417,110Y12M
64000,高雄市,64000080,苓雅區,64000080-020,和煦里,273,139,134,1447,754,693,517,229,288,110Y12M
64000,高雄市,64000080,苓雅區,64000080-021,晴朗里,247,124,123,2057,1123,934,541,298,243,110Y12M
64000,高雄市,64000080,苓雅區,64000080-022,普天里,535,291,244,2616,1218,1398,811,372,439,110Y12M
64000,高雄市,64000080,苓雅區,64000080-023,林富里,694,356,338,1662,722,940,517,238,279,110Y12M
64000,高雄市,64000080,苓雅區,64000080-024,林圍里,712,363,349,1748,745,1003,553,246,307,110Y12M
64000,高雄市,64000080,苓雅區,64000080-025,林安里,413,227,186,1101,489,612,365,142,223,110Y12M
64000,高雄市,64000080,苓雅區,64000080-026,光華里,60,25,35,488,266,222,194,85,109,110Y12M
64000,高雄市,64000080,苓雅區,64000080-027,林興里,136,88,48,922,454,468,318,144,174,110Y12M
64000,高雄市,64000080,苓雅區,64000080-028,林華里,248,127,121,1937,944,993,709,304,405,110Y12M
64000,高雄市,64000080,苓雅區,64000080-029,林西里,110,49,61,1074,535,539,464,188,276,110Y12M
64000,高雄市,64000080,苓雅區,64000080-030,林中里,174,79,95,1948,980,968,809,367,442,110Y12M
64000,高雄市,64000080,苓雅區,64000080-031,林泉里,535,279,256,1387,618,769,522,228,294,110Y12M
64000,高雄市,64000080,苓雅區,64000080-032,林南里,789,410,379,2036,891,1145,773,330,443,110Y12M
64000,高雄市,64000080,苓雅區,64000080-033,中正里,840,418,422,2159,942,1217,647,278,369,110Y12M
64000,高雄市,64000080,苓雅區,64000080-034,尚義里,404,195,209,1139,530,609,370,169,201,110Y12M
64000,高雄市,64000080,苓雅區,64000080-035,同慶里,1009,526,483,1855,819,1036,345,142,203,110Y12M
64000,高雄市,64000080,苓雅區,64000080-036,凱旋里,500,255,245,1691,803,888,472,213,259,110Y12M
64000,高雄市,64000080,苓雅區,64000080-037,安祥里,477,262,215,1787,813,974,699,305,394,110Y12M
64000,高雄市,64000080,苓雅區,64000080-038,奏捷里,235,126,109,1158,550,608,380,160,220,110Y12M
64000,高雄市,64000080,苓雅區,64000080-039,福壽里,93,38,55,1060,573,487,352,161,191,110Y12M
64000,高雄市,64000080,苓雅區,64000080-040,福南里,98,54,44,1211,642,569,433,202,231,110Y12M
64000,高雄市,64000080,苓雅區,64000080-041,五權里,151,75,76,1622,760,862,535,253,282,110Y12M
64000,高雄市,64000080,苓雅區,64000080-042,民主里,279,139,140,2741,1374,1367,1045,459,586,110Y12M
64000,高雄市,64000080,苓雅區,64000080-043,林德里,112,47,65,1268,592,676,496,224,272,110Y12M
64000,高雄市,64000080,苓雅區,64000080-044,林貴里,220,124,96,1404,669,735,400,179,221,110Y12M
64000,高雄市,64000080,苓雅區,64000080-045,林榮里,395,200,195,2887,1396,1491,950,425,525,110Y12M
64000,高雄市,64000080,苓雅區,64000080-046,英明里,188,90,98,1347,631,716,478,212,266,110Y12M
64000,高雄市,64000080,苓雅區,64000080-047,林靖里,104,54,50,1095,535,560,423,195,228,110Y12M
64000,高雄市,64000080,苓雅區,64000080-048,朝陽里,124,61,63,1014,484,530,383,165,218,110Y12M
64000,高雄市,64000080,苓雅區,64000080-049,福隆里,245,133,112,1817,920,897,694,299,395,110Y12M
64000,高雄市,64000080,苓雅區,64000080-050,福祥里,107,51,56,921,493,428,267,110,157,110Y12M
64000,高雄市,64000080,苓雅區,64000080-051,福海里,77,45,32,756,375,381,280,123,157,110Y12M
64000,高雄市,64000080,苓雅區,64000080-052,福康里,179,108,71,1325,679,646,484,222,262,110Y12M
64000,高雄市,64000080,苓雅區,64000080-053,福人里,167,93,74,1514,791,723,498,197,301,110Y12M
64000,高雄市,64000080,苓雅區,64000080-054,福地里,222,118,104,1959,1024,935,622,266,356,110Y12M
64000,高雄市,64000080,苓雅區,64000080-055,福居里,229,121,108,1905,1004,901,702,309,393,110Y12M
64000,高雄市,64000080,苓雅區,64000080-056,福東里,218,91,127,2006,982,1024,575,261,314,110Y12M
64000,高雄市,64000080,苓雅區,64000080-057,福西里,138,72,66,1329,666,663,407,182,225,110Y12M
64000,高雄市,64000080,苓雅區,64000080-058,永康里,162,80,82,1602,817,785,504,229,275,110Y12M
64000,高雄市,64000080,苓雅區,64000080-059,正文里,253,134,119,1795,860,935,517,216,301,110Y12M
64000,高雄市,64000080,苓雅區,64000080-060,正言里,223,129,94,2050,963,1087,647,289,358,110Y12M
64000,高雄市,64000080,苓雅區,64000080-061,正大里,594,314,280,3857,1740,2117,1081,501,580,110Y12M
64000,高雄市,64000080,苓雅區,64000080-062,五福里,245,128,117,2634,1326,1308,970,405,565,110Y12M
64000,高雄市,64000080,苓雅區,64000080-063,正心里,312,154,158,2509,1218,1291,974,450,524,110Y12M
64000,高雄市,64000080,苓雅區,64000080-064,正道里,419,195,224,3051,1451,1600,1039,451,588,110Y12M
64000,高雄市,64000080,苓雅區,64000080-065,正義里,331,177,154,1864,965,899,514,251,263,110Y12M
64000,高雄市,64000080,苓雅區,64000080-066,正仁里,246,137,109,1877,899,978,548,245,303,110Y12M
64000,高雄市,64000080,苓雅區,64000080-067,文昌里,414,194,220,2692,1296,1396,945,422,523,110Y12M
64000,高雄市,64000080,苓雅區,64000080-068,建軍里,204,108,96,1514,787,727,462,202,260,110Y12M
64000,高雄市,64000080,苓雅區,64000080-069,衛武里,128,62,66,1408,706,702,521,237,284,110Y12M
64000,高雄市,64000090,前鎮區,64000090-001,草衙里,1055,542,513,7887,4001,3886,1643,722,921,110Y12M
64000,高雄市,64000090,前鎮區,64000090-002,明孝里,255,137,118,1848,962,886,494,209,285,110Y12M
64000,高雄市,64000090,前鎮區,64000090-003,明正里,580,276,304,4121,2173,1948,1000,462,538,110Y12M
64000,高雄市,64000090,前鎮區,64000090-004,明義里,274,159,115,1780,916,864,495,225,270,110Y12M
64000,高雄市,64000090,前鎮區,64000090-005,仁愛里,112,51,61,948,525,423,334,146,188,110Y12M
64000,高雄市,64000090,前鎮區,64000090-006,德昌里,161,95,66,1444,744,700,467,201,266,110Y12M
64000,高雄市,64000090,前鎮區,64000090-007,平等里,240,136,104,2307,1321,986,613,336,277,110Y12M
64000,高雄市,64000090,前鎮區,64000090-008,平昌里,77,41,36,491,259,232,137,56,81,110Y12M
64000,高雄市,64000090,前鎮區,64000090-009,明禮里,133,69,64,1069,580,489,371,155,216,110Y12M
64000,高雄市,64000090,前鎮區,64000090-010,信義里,98,53,45,1113,605,508,317,142,175,110Y12M
64000,高雄市,64000090,前鎮區,64000090-011,信德里,184,102,82,1765,947,818,508,218,290,110Y12M
64000,高雄市,64000090,前鎮區,64000090-012,明道里,78,38,40,787,431,356,284,140,144,110Y12M
64000,高雄市,64000090,前鎮區,64000090-013,興化里,41,19,22,496,271,225,172,76,96,110Y12M
64000,高雄市,64000090,前鎮區,64000090-014,興仁里,49,30,19,525,281,244,168,70,98,110Y12M
64000,高雄市,64000090,前鎮區,64000090-015,前鎮里,92,43,49,990,538,452,341,160,181,110Y12M
64000,高雄市,64000090,前鎮區,64000090-016,鎮東里,84,36,48,1237,660,577,430,182,248,110Y12M
64000,高雄市,64000090,前鎮區,64000090-017,鎮榮里,162,78,84,1548,815,733,509,223,286,110Y12M
64000,高雄市,64000090,前鎮區,64000090-018,鎮昌里,172,97,75,1533,816,717,462,200,262,110Y12M
64000,高雄市,64000090,前鎮區,64000090-019,鎮海里,361,180,181,3182,1618,1564,881,390,491,110Y12M
64000,高雄市,64000090,前鎮區,64000090-020,鎮陽里,56,34,22,659,339,320,260,112,148,110Y12M
64000,高雄市,64000090,前鎮區,64000090-021,興邦里,319,161,158,2437,1211,1226,450,213,237,110Y12M
64000,高雄市,64000090,前鎮區,64000090-022,鎮中里,53,29,24,616,326,290,202,93,109,110Y12M
64000,高雄市,64000090,前鎮區,64000090-023,鎮北里,53,29,24,841,434,407,275,134,141,110Y12M
64000,高雄市,64000090,前鎮區,64000090-024,忠純里,479,265,214,3969,1976,1993,1317,564,753,110Y12M
64000,高雄市,64000090,前鎮區,64000090-025,忠誠里,214,113,101,1501,768,733,487,229,258,110Y12M
64000,高雄市,64000090,前鎮區,64000090-028,西山里,228,132,96,2416,1153,1263,902,414,488,110Y12M
64000,高雄市,64000090,前鎮區,64000090-029,民權里,565,286,279,3058,1417,1641,883,400,483,110Y12M
64000,高雄市,64000090,前鎮區,64000090-030,建隆里,122,49,73,979,487,492,298,145,153,110Y12M
64000,高雄市,64000090,前鎮區,64000090-031,振興里,179,93,86,1842,868,974,480,215,265,110Y12M
64000,高雄市,64000090,前鎮區,64000090-032,良和里,210,105,105,2104,1050,1054,695,331,364,110Y12M
64000,高雄市,64000090,前鎮區,64000090-033,西甲里,160,85,75,1571,776,795,513,236,277,110Y12M
64000,高雄市,64000090,前鎮區,64000090-034,盛興里,195,112,83,1988,917,1071,668,291,377,110Y12M
64000,高雄市,64000090,前鎮區,64000090-035,盛豐里,255,137,118,2278,1057,1221,760,335,425,110Y12M
64000,高雄市,64000090,前鎮區,64000090-036,興中里,267,136,131,2330,1148,1182,705,311,394,110Y12M
64000,高雄市,64000090,前鎮區,64000090-037,興東里,816,404,412,4551,2163,2388,1123,500,623,110Y12M
64000,高雄市,64000090,前鎮區,64000090-038,忠孝里,327,168,159,2424,1169,1255,710,301,409,110Y12M
64000,高雄市,64000090,前鎮區,64000090-039,復國里,229,114,115,1951,998,953,676,297,379,110Y12M
64000,高雄市,64000090,前鎮區,64000090-040,竹內里,370,189,181,2086,1021,1065,625,296,329,110Y12M
64000,高雄市,64000090,前鎮區,64000090-041,竹東里,240,112,128,1607,759,848,532,240,292,110Y12M
64000,高雄市,64000090,前鎮區,64000090-042,竹南里,1446,766,680,5841,2702,3139,1067,440,627,110Y12M
64000,高雄市,64000090,前鎮區,64000090-043,竹北里,307,173,134,1925,905,1020,524,244,280,110Y12M
64000,高雄市,64000090,前鎮區,64000090-044,竹西里,497,237,260,3157,1539,1618,898,410,488,110Y12M
64000,高雄市,64000090,前鎮區,64000090-045,竹中里,456,236,220,2636,1239,1397,809,352,457,110Y12M
64000,高雄市,64000090,前鎮區,64000090-046,瑞竹里,365,173,192,1506,728,778,279,118,161,110Y12M
64000,高雄市,64000090,前鎮區,64000090-047,瑞南里,919,503,416,3783,1887,1896,902,405,497,110Y12M
64000,高雄市,64000090,前鎮區,64000090-048,瑞豐里,527,279,248,2237,1100,1137,516,218,298,110Y12M
64000,高雄市,64000090,前鎮區,64000090-049,瑞祥里,894,460,434,3824,1828,1996,795,348,447,110Y12M
64000,高雄市,64000090,前鎮區,64000090-050,瑞東里,391,187,204,1838,902,936,491,196,295,110Y12M
64000,高雄市,64000090,前鎮區,64000090-051,瑞和里,320,165,155,1519,800,719,375,145,230,110Y12M
64000,高雄市,64000090,前鎮區,64000090-052,瑞平里,632,331,301,2867,1392,1475,703,300,403,110Y12M
64000,高雄市,64000090,前鎮區,64000090-053,瑞隆里,443,223,220,2795,1397,1398,707,315,392,110Y12M
64000,高雄市,64000090,前鎮區,64000090-054,瑞北里,272,135,137,2555,1247,1308,675,302,373,110Y12M
64000,高雄市,64000090,前鎮區,64000090-055,瑞西里,201,103,98,1872,981,891,695,318,377,110Y12M
64000,高雄市,64000090,前鎮區,64000090-056,瑞崗里,204,109,95,1914,950,964,609,266,343,110Y12M
64000,高雄市,64000090,前鎮區,64000090-057,瑞興里,247,142,105,1928,978,950,583,236,347,110Y12M
64000,高雄市,64000090,前鎮區,64000090-058,瑞誠里,225,116,109,2031,1002,1029,507,230,277,110Y12M
64000,高雄市,64000090,前鎮區,64000090-059,瑞文里,211,123,88,1889,928,961,514,240,274,110Y12M
64000,高雄市,64000090,前鎮區,64000090-060,瑞華里,419,222,197,3622,1756,1866,878,383,495,110Y12M
64000,高雄市,64000090,前鎮區,64000090-061,瑞昌里,389,194,195,2582,1228,1354,581,264,317,110Y12M
64000,高雄市,64000100,旗津區,64000100-001,旗下里,84,41,43,907,490,417,281,130,151,110Y12M
64000,高雄市,64000100,旗津區,64000100-002,永安里,94,52,42,858,451,407,225,110,115,110Y12M
64000,高雄市,64000100,旗津區,64000100-003,振興里,130,74,56,1223,646,577,351,164,187,110Y12M
64000,高雄市,64000100,旗津區,64000100-004,慈愛里,217,107,110,1899,981,918,436,199,237,110Y12M
64000,高雄市,64000100,旗津區,64000100-005,復興里,277,137,140,2434,1254,1180,557,238,319,110Y12M
64000,高雄市,64000100,旗津區,64000100-006,中華里,166,78,88,1235,604,631,287,142,145,110Y12M
64000,高雄市,64000100,旗津區,64000100-007,實踐里,96,47,49,1140,614,526,274,119,155,110Y12M
64000,高雄市,64000100,旗津區,64000100-008,北汕里,278,150,128,2208,1179,1029,499,212,287,110Y12M
64000,高雄市,64000100,旗津區,64000100-009,南汕里,145,70,75,1655,911,744,400,198,202,110Y12M
64000,高雄市,64000100,旗津區,64000100-010,上竹里,296,139,157,2250,1202,1048,572,284,288,110Y12M
64000,高雄市,64000100,旗津區,64000100-011,中洲里,128,65,63,1455,769,686,381,190,191,110Y12M
64000,高雄市,64000100,旗津區,64000100-012,安順里,56,30,26,683,382,301,217,108,109,110Y12M
64000,高雄市,64000100,旗津區,64000100-013,中興里,267,141,126,2051,1031,1020,492,222,270,110Y12M
64000,高雄市,64000110,小港區,64000110-001,小港里,300,160,140,1778,926,852,492,228,264,110Y12M
64000,高雄市,64000110,小港區,64000110-002,港口里,395,213,182,2365,1132,1233,776,411,365,110Y12M
64000,高雄市,64000110,小港區,64000110-003,港正里,379,202,177,1958,998,960,587,264,323,110Y12M
64000,高雄市,64000110,小港區,64000110-004,港墘里,190,94,96,1338,666,672,353,152,201,110Y12M
64000,高雄市,64000110,小港區,64000110-005,港明里,387,200,187,2500,1278,1222,624,268,356,110Y12M
64000,高雄市,64000110,小港區,64000110-006,港后里,413,206,207,2161,1098,1063,423,201,222,110Y12M
64000,高雄市,64000110,小港區,64000110-007,港南里,437,226,211,2399,1254,1145,427,222,205,110Y12M
64000,高雄市,64000110,小港區,64000110-008,港興里,263,137,126,1736,911,825,528,225,303,110Y12M
64000,高雄市,64000110,小港區,64000110-009,鳳宮里,429,205,224,2236,1085,1151,419,209,210,110Y12M
64000,高雄市,64000110,小港區,64000110-010,店鎮里,750,410,340,4832,2397,2435,951,435,516,110Y12M
64000,高雄市,64000110,小港區,64000110-011,大苓里,291,147,144,1960,952,1008,521,247,274,110Y12M
64000,高雄市,64000110,小港區,64000110-012,二苓里,450,213,237,2943,1482,1461,735,333,402,110Y12M
64000,高雄市,64000110,小港區,64000110-013,三苓里,304,147,157,2247,1103,1144,590,277,313,110Y12M
64000,高雄市,64000110,小港區,64000110-014,正苓里,594,302,292,3340,1622,1718,715,345,370,110Y12M
64000,高雄市,64000110,小港區,64000110-015,順苓里,750,384,366,3874,1866,2008,649,304,345,110Y12M
64000,高雄市,64000110,小港區,64000110-016,六苓里,457,249,208,2181,1021,1160,405,196,209,110Y12M
64000,高雄市,64000110,小港區,64000110-017,宏亮里,556,271,285,2747,1327,1420,557,252,305,110Y12M
64000,高雄市,64000110,小港區,64000110-018,山東里,379,194,185,2382,1197,1185,592,261,331,110Y12M
64000,高雄市,64000110,小港區,64000110-019,青島里,225,122,103,1896,941,955,444,175,269,110Y12M
64000,高雄市,64000110,小港區,64000110-020,濟南里,526,263,263,3495,1743,1752,690,322,368,110Y12M
64000,高雄市,64000110,小港區,64000110-021,泰山里,494,244,250,2752,1349,1403,539,257,282,110Y12M
64000,高雄市,64000110,小港區,64000110-022,山明里,2032,1024,1008,10072,4845,5227,1655,772,883,110Y12M
64000,高雄市,64000110,小港區,64000110-023,高松里,569,313,256,3505,1767,1738,818,390,428,110Y12M
64000,高雄市,64000110,小港區,64000110-024,松金里,374,197,177,2110,1060,1050,490,227,263,110Y12M
64000,高雄市,64000110,小港區,64000110-025,松山里,387,199,188,2601,1288,1313,596,294,302,110Y12M
64000,高雄市,64000110,小港區,64000110-026,大坪里,363,197,166,2504,1280,1224,451,210,241,110Y12M
64000,高雄市,64000110,小港區,64000110-027,坪頂里,892,484,408,5500,2762,2738,799,395,404,110Y12M
64000,高雄市,64000110,小港區,64000110-028,孔宅里,635,349,286,4164,2092,2072,681,307,374,110Y12M
64000,高雄市,64000110,小港區,64000110-029,廈莊里,707,374,333,3425,1690,1735,537,250,287,110Y12M
64000,高雄市,64000110,小港區,64000110-030,合作里,340,187,153,2097,1094,1003,533,250,283,110Y12M
64000,高雄市,64000110,小港區,64000110-031,桂林里,1182,599,583,6722,3306,3416,1195,540,655,110Y12M
64000,高雄市,64000110,小港區,64000110-032,中厝里,533,295,238,3162,1611,1551,585,276,309,110Y12M
64000,高雄市,64000110,小港區,64000110-033,鳳鳴里,264,143,121,2612,1308,1304,601,267,334,110Y12M
64000,高雄市,64000110,小港區,64000110-034,龍鳳里,309,157,152,2600,1306,1294,556,247,309,110Y12M
64000,高雄市,64000110,小港區,64000110-035,鳳森里,221,113,108,1818,900,918,429,190,239,110Y12M
64000,高雄市,64000110,小港區,64000110-036,鳳林里,293,153,140,2542,1226,1316,548,236,312,110Y12M
64000,高雄市,64000110,小港區,64000110-037,鳳興里,248,137,111,2137,1045,1092,410,181,229,110Y12M
64000,高雄市,64000110,小港區,64000110-038,鳳源里,382,189,193,3134,1583,1551,609,279,330,110Y12M
64000,高雄市,64000120,鳳山區,64000120-001,縣口里,35,16,19,271,133,138,130,70,60,110Y12M
64000,高雄市,64000120,鳳山區,64000120-002,成功里,51,24,27,401,211,190,200,92,108,110Y12M
64000,高雄市,64000120,鳳山區,64000120-003,光明里,124,66,58,978,504,474,337,149,188,110Y12M
64000,高雄市,64000120,鳳山區,64000120-004,興中里,163,89,74,720,344,376,156,74,82,110Y12M
64000,高雄市,64000120,鳳山區,64000120-005,南興里,164,92,72,643,311,332,243,116,127,110Y12M
64000,高雄市,64000120,鳳山區,64000120-006,和德里,687,347,340,2193,1024,1169,353,156,197,110Y12M
64000,高雄市,64000120,鳳山區,64000120-007,鳳崗里,122,61,61,776,366,410,287,136,151,110Y12M
64000,高雄市,64000120,鳳山區,64000120-008,中和里,350,186,164,2604,1293,1311,775,344,431,110Y12M
64000,高雄市,64000120,鳳山區,64000120-009,鎮北里,1557,825,732,9195,4440,4755,1312,600,712,110Y12M
64000,高雄市,64000120,鳳山區,64000120-010,縣衙里,90,41,49,599,297,302,209,99,110,110Y12M
64000,高雄市,64000120,鳳山區,64000120-011,文英里,416,223,193,2992,1476,1516,697,299,398,110Y12M
64000,高雄市,64000120,鳳山區,64000120-012,鎮西里,550,296,254,3784,1879,1905,1194,552,642,110Y12M
64000,高雄市,64000120,鳳山區,64000120-013,鎮東里,295,143,152,1980,1027,953,501,205,296,110Y12M
64000,高雄市,64000120,鳳山區,64000120-014,埤頂里,906,469,437,4908,2452,2456,1165,480,685,110Y12M
64000,高雄市,64000120,鳳山區,64000120-015,中正里,579,295,284,3135,1593,1542,1089,358,731,110Y12M
64000,高雄市,64000120,鳳山區,64000120-016,鎮南里,453,230,223,3943,2013,1930,921,439,482,110Y12M
64000,高雄市,64000120,鳳山區,64000120-017,老爺里,669,331,338,5539,2759,2780,1288,596,692,110Y12M
64000,高雄市,64000120,鳳山區,64000120-018,瑞竹里,897,471,426,4096,2020,2076,1116,476,640,110Y12M
64000,高雄市,64000120,鳳山區,64000120-019,忠義里,440,206,234,3687,1793,1894,921,411,510,110Y12M
64000,高雄市,64000120,鳳山區,64000120-020,誠義里,333,167,166,3383,1699,1684,516,223,293,110Y12M
64000,高雄市,64000120,鳳山區,64000120-021,新興里,189,103,86,2692,1712,980,720,415,305,110Y12M
64000,高雄市,64000120,鳳山區,64000120-022,海光里,378,195,183,2379,1191,1188,539,214,325,110Y12M
64000,高雄市,64000120,鳳山區,64000120-024,忠誠里,418,219,199,2777,1375,1402,690,309,381,110Y12M
64000,高雄市,64000120,鳳山區,64000120-025,新甲里,510,285,225,2534,1228,1306,554,244,310,110Y12M
64000,高雄市,64000120,鳳山區,64000120-026,武漢里,640,343,297,3872,1916,1956,930,419,511,110Y12M
64000,高雄市,64000120,鳳山區,64000120-027,正義里,657,346,311,4911,2463,2448,1321,579,742,110Y12M
64000,高雄市,64000120,鳳山區,64000120-028,一甲里,272,158,114,2538,1265,1273,695,303,392,110Y12M
64000,高雄市,64000120,鳳山區,64000120-029,福興里,1082,562,520,4628,2243,2385,1222,530,692,110Y12M
64000,高雄市,64000120,鳳山區,64000120-030,東門里,728,401,327,4521,2180,2341,1107,436,671,110Y12M
64000,高雄市,64000120,鳳山區,64000120-031,瑞興里,735,361,374,4137,1975,2162,800,324,476,110Y12M
64000,高雄市,64000120,鳳山區,64000120-032,天興里,514,269,245,2764,1369,1395,728,334,394,110Y12M
64000,高雄市,64000120,鳳山區,64000120-033,新強里,974,501,473,4470,2190,2280,967,436,531,110Y12M
64000,高雄市,64000120,鳳山區,64000120-034,國泰里,305,162,143,2678,1336,1342,1044,479,565,110Y12M
64000,高雄市,64000120,鳳山區,64000120-035,鳳東里,1179,586,593,5363,2644,2719,1107,467,640,110Y12M
64000,高雄市,64000120,鳳山區,64000120-036,新富里,615,324,291,3255,1593,1662,856,413,443,110Y12M
64000,高雄市,64000120,鳳山區,64000120-037,國光里,300,162,138,2415,1165,1250,870,415,455,110Y12M
64000,高雄市,64000120,鳳山區,64000120-038,國隆里,211,96,115,1841,915,926,617,300,317,110Y12M
64000,高雄市,64000120,鳳山區,64000120-039,文德里,884,468,416,7608,3598,4010,1468,636,832,110Y12M
64000,高雄市,64000120,鳳山區,64000120-040,過埤里,2895,1503,1392,12817,6401,6416,1622,741,881,110Y12M
64000,高雄市,64000120,鳳山區,64000120-041,曹公里,211,118,93,1461,697,764,467,210,257,110Y12M
64000,高雄市,64000120,鳳山區,64000120-042,興仁里,514,269,245,2567,1286,1281,820,358,462,110Y12M
64000,高雄市,64000120,鳳山區,64000120-043,五福里,584,304,280,2386,1189,1197,685,305,380,110Y12M
64000,高雄市,64000120,鳳山區,64000120-044,忠孝里,660,327,333,4484,2204,2280,1273,557,716,110Y12M
64000,高雄市,64000120,鳳山區,64000120-045,生明里,207,102,105,1645,787,858,412,184,228,110Y12M
64000,高雄市,64000120,鳳山區,64000120-046,和興里,1182,625,557,3772,1831,1941,970,433,537,110Y12M
64000,高雄市,64000120,鳳山區,64000120-047,協和里,442,218,224,2550,1260,1290,685,291,394,110Y12M
64000,高雄市,64000120,鳳山區,64000120-048,文山里,745,390,355,5128,2585,2543,1192,542,650,110Y12M
64000,高雄市,64000120,鳳山區,64000120-049,福誠里,962,486,476,4049,1933,2116,729,316,413,110Y12M
64000,高雄市,64000120,鳳山區,64000120-050,誠德里,369,200,169,2137,1038,1099,496,185,311,110Y12M
64000,高雄市,64000120,鳳山區,64000120-051,三民里,171,99,72,799,389,410,270,117,153,110Y12M
64000,高雄市,64000120,鳳山區,64000120-053,北門里,543,281,262,3242,1641,1601,859,363,496,110Y12M
64000,高雄市,64000120,鳳山區,64000120-054,富甲里,152,80,72,1461,728,733,443,177,266,110Y12M
64000,高雄市,64000120,鳳山區,64000120-055,南成里,1989,995,994,7395,3701,3694,1225,567,658,110Y12M
64000,高雄市,64000120,鳳山區,64000120-056,文華里,1644,835,809,6873,3293,3580,1615,658,957,110Y12M
64000,高雄市,64000120,鳳山區,64000120-057,大德里,771,388,383,3687,1832,1855,865,367,498,110Y12M
64000,高雄市,64000120,鳳山區,64000120-058,武松里,198,111,87,2104,1088,1016,564,265,299,110Y12M
64000,高雄市,64000120,鳳山區,64000120-059,文衡里,514,269,245,3566,1683,1883,606,274,332,110Y12M
64000,高雄市,64000120,鳳山區,64000120-060,文福里,1916,998,918,8483,3988,4495,1287,576,711,110Y12M
64000,高雄市,64000120,鳳山區,64000120-061,誠信里,214,111,103,1839,859,980,274,116,158,110Y12M
64000,高雄市,64000120,鳳山區,64000120-062,誠智里,295,156,139,2296,1115,1181,483,187,296,110Y12M
64000,高雄市,64000120,鳳山區,64000120-063,國富里,257,131,126,2102,1009,1093,485,219,266,110Y12M
64000,高雄市,64000120,鳳山區,64000120-064,武慶里,321,166,155,1905,933,972,450,188,262,110Y12M
64000,高雄市,64000120,鳳山區,64000120-065,海洋里,584,281,303,3187,1507,1680,644,300,344,110Y12M
64000,高雄市,64000120,鳳山區,64000120-066,新武里,376,198,178,1962,975,987,553,250,303,110Y12M
64000,高雄市,64000120,鳳山區,64000120-067,新樂里,661,339,322,3786,1819,1967,644,298,346,110Y12M
64000,高雄市,64000120,鳳山區,64000120-068,新泰里,746,403,343,3552,1719,1833,572,255,317,110Y12M
64000,高雄市,64000120,鳳山區,64000120-069,中崙里,206,94,112,2071,1031,1040,435,196,239,110Y12M
64000,高雄市,64000120,鳳山區,64000120-070,中榮里,357,180,177,3868,1937,1931,717,310,407,110Y12M
64000,高雄市,64000120,鳳山區,64000120-071,中民里,329,170,159,3868,1930,1938,707,296,411,110Y12M
64000,高雄市,64000120,鳳山區,64000120-072,二甲里,741,388,353,3757,1900,1857,872,387,485,110Y12M
64000,高雄市,64000120,鳳山區,64000120-073,龍成里,246,132,114,2198,1123,1075,645,283,362,110Y12M
64000,高雄市,64000120,鳳山區,64000120-074,富榮里,345,192,153,2034,1027,1007,398,177,221,110Y12M
64000,高雄市,64000120,鳳山區,64000120-075,善美里,520,292,228,4705,2305,2400,996,431,565,110Y12M
64000,高雄市,64000120,鳳山區,64000120-076,南和里,319,155,164,2134,1069,1065,558,241,317,110Y12M
64000,高雄市,64000120,鳳山區,64000120-077,福祥里,427,224,203,2200,1081,1119,549,238,311,110Y12M
64000,高雄市,64000120,鳳山區,64000120-078,保安里,2048,1026,1022,6116,2936,3180,705,297,408,110Y12M
64000,高雄市,64000130,林園區,64000130-001,東林里,467,247,220,2377,1192,1185,546,247,299,110Y12M
64000,高雄市,64000130,林園區,64000130-002,林園里,482,246,236,2541,1239,1302,615,266,349,110Y12M
64000,高雄市,64000130,林園區,64000130-003,溪州里,600,291,309,3641,1854,1787,649,303,346,110Y12M
64000,高雄市,64000130,林園區,64000130-004,潭頭里,275,144,131,2321,1185,1136,508,230,278,110Y12M
64000,高雄市,64000130,林園區,64000130-005,中厝里,333,173,160,2578,1383,1195,558,226,332,110Y12M
64000,高雄市,64000130,林園區,64000130-006,中門里,264,138,126,2050,1086,964,494,227,267,110Y12M
64000,高雄市,64000130,林園區,64000130-007,頂厝里,611,314,297,3960,2010,1950,748,330,418,110Y12M
64000,高雄市,64000130,林園區,64000130-008,港埔里,189,111,78,1478,771,707,371,168,203,110Y12M
64000,高雄市,64000130,林園區,64000130-009,西溪里,382,195,187,2928,1469,1459,588,296,292,110Y12M
64000,高雄市,64000130,林園區,64000130-010,港嘴里,197,90,107,1426,688,738,305,155,150,110Y12M
64000,高雄市,64000130,林園區,64000130-011,北汕里,147,81,66,1285,657,628,331,152,179,110Y12M
64000,高雄市,64000130,林園區,64000130-012,林內里,293,172,121,1678,859,819,350,139,211,110Y12M
64000,高雄市,64000130,林園區,64000130-013,王公里,644,367,277,3574,1802,1772,642,316,326,110Y12M
64000,高雄市,64000130,林園區,64000130-014,林家里,127,72,55,1051,576,475,257,118,139,110Y12M
64000,高雄市,64000130,林園區,64000130-015,龔厝里,212,114,98,1608,835,773,382,172,210,110Y12M
64000,高雄市,64000130,林園區,64000130-016,鳳芸里,192,99,93,1424,709,715,364,170,194,110Y12M
64000,高雄市,64000130,林園區,64000130-017,中芸里,162,86,76,1451,750,701,367,175,192,110Y12M
64000,高雄市,64000130,林園區,64000130-018,東汕里,63,29,34,723,387,336,177,90,87,110Y12M
64000,高雄市,64000130,林園區,64000130-019,西汕里,61,30,31,605,312,293,139,70,69,110Y12M
64000,高雄市,64000130,林園區,64000130-020,仁愛里,477,240,237,2448,1227,1221,604,273,331,110Y12M
64000,高雄市,64000130,林園區,64000130-021,文賢里,300,154,146,2043,1001,1042,430,177,253,110Y12M
64000,高雄市,64000130,林園區,64000130-022,廣應里,485,262,223,2926,1496,1430,618,283,335,110Y12M
64000,高雄市,64000130,林園區,64000130-023,五福里,468,234,234,2350,1214,1136,412,184,228,110Y12M
64000,高雄市,64000130,林園區,64000130-024,中汕里,200,107,93,1903,974,929,438,180,258,110Y12M
64000,高雄市,64000140,大寮區,64000140-001,拷潭里,127,66,61,1128,596,532,293,133,160,110Y12M
64000,高雄市,64000140,大寮區,64000140-002,內坑里,774,427,347,5065,2678,2387,884,429,455,110Y12M
64000,高雄市,64000140,大寮區,64000140-003,大寮里,917,449,468,5761,2944,2817,1170,546,624,110Y12M
64000,高雄市,64000140,大寮區,64000140-004,上寮里,295,147,148,2069,1083,986,434,216,218,110Y12M
64000,高雄市,64000140,大寮區,64000140-005,三隆里,531,272,259,3840,1984,1856,912,435,477,110Y12M
64000,高雄市,64000140,大寮區,64000140-006,琉球里,536,275,261,4093,2113,1980,773,367,406,110Y12M
64000,高雄市,64000140,大寮區,64000140-007,翁園里,485,269,216,3399,1788,1611,618,302,316,110Y12M
64000,高雄市,64000140,大寮區,64000140-008,前庄里,208,119,89,1902,970,932,466,219,247,110Y12M
64000,高雄市,64000140,大寮區,64000140-009,中庄里,1522,781,741,9223,4708,4515,1929,885,1044,110Y12M
64000,高雄市,64000140,大寮區,64000140-010,後庄里,967,513,454,6568,3347,3221,1353,588,765,110Y12M
64000,高雄市,64000140,大寮區,64000140-011,義仁里,137,72,65,1455,813,642,394,181,213,110Y12M
64000,高雄市,64000140,大寮區,64000140-012,新厝里,184,106,78,1381,707,674,321,153,168,110Y12M
64000,高雄市,64000140,大寮區,64000140-013,過溪里,254,128,126,2141,1140,1001,400,177,223,110Y12M
64000,高雄市,64000140,大寮區,64000140-014,潮寮里,289,151,138,2383,1273,1110,600,294,306,110Y12M
64000,高雄市,64000140,大寮區,64000140-015,會結里,174,80,94,1329,740,589,316,155,161,110Y12M
64000,高雄市,64000140,大寮區,64000140-016,會社里,723,365,358,5209,2733,2476,1173,549,624,110Y12M
64000,高雄市,64000140,大寮區,64000140-017,山頂里,799,404,395,6447,3276,3171,1254,512,742,110Y12M
64000,高雄市,64000140,大寮區,64000140-018,忠義里,25,12,13,398,207,191,149,57,92,110Y12M
64000,高雄市,64000140,大寮區,64000140-019,永芳里,852,448,404,5803,3003,2800,1244,553,691,110Y12M
64000,高雄市,64000140,大寮區,64000140-020,義和里,210,127,83,1717,919,798,538,249,289,110Y12M
64000,高雄市,64000140,大寮區,64000140-021,溪寮里,142,72,70,1266,680,586,313,154,159,110Y12M
64000,高雄市,64000140,大寮區,64000140-022,江山里,238,126,112,1546,796,750,328,144,184,110Y12M
64000,高雄市,64000140,大寮區,64000140-023,昭明里,405,226,179,3132,1678,1454,692,347,345,110Y12M
64000,高雄市,64000140,大寮區,64000140-024,光武里,0,0,0,65,38,27,27,12,15,110Y12M
64000,高雄市,64000140,大寮區,64000140-025,中興里,435,236,199,5483,2870,2613,1320,455,865,110Y12M
64000,高雄市,64000150,大樹區,64000150-001,竹寮里,284,134,150,2259,1176,1083,510,246,264,110Y12M
64000,高雄市,64000150,大樹區,64000150-002,九曲里,663,351,312,4565,2327,2238,839,330,509,110Y12M
64000,高雄市,64000150,大樹區,64000150-003,久堂里,403,204,199,3254,1655,1599,949,410,539,110Y12M
64000,高雄市,64000150,大樹區,64000150-004,水安里,237,113,124,1874,1027,847,498,222,276,110Y12M
64000,高雄市,64000150,大樹區,64000150-005,水寮里,229,123,106,1750,953,797,535,253,282,110Y12M
64000,高雄市,64000150,大樹區,64000150-006,檨腳里,387,184,203,2799,1469,1330,754,337,417,110Y12M
64000,高雄市,64000150,大樹區,64000150-007,興山里,131,65,66,843,479,364,215,95,120,110Y12M
64000,高雄市,64000150,大樹區,64000150-008,和山里,73,37,36,774,414,360,229,110,119,110Y12M
64000,高雄市,64000150,大樹區,64000150-009,姑山里,78,45,33,741,406,335,244,108,136,110Y12M
64000,高雄市,64000150,大樹區,64000150-010,大坑里,168,84,84,1177,644,533,306,140,166,110Y12M
64000,高雄市,64000150,大樹區,64000150-011,井腳里,143,76,67,1212,667,545,343,160,183,110Y12M
64000,高雄市,64000150,大樹區,64000150-012,小坪里,137,79,58,1054,564,490,292,144,148,110Y12M
64000,高雄市,64000150,大樹區,64000150-013,龍目里,133,71,62,1408,790,618,366,187,179,110Y12M
64000,高雄市,64000150,大樹區,64000150-014,大樹里,288,170,118,2031,1107,924,528,254,274,110Y12M
64000,高雄市,64000150,大樹區,64000150-015,三和里,100,51,49,769,405,364,254,121,133,110Y12M
64000,高雄市,64000150,大樹區,64000150-016,溪埔里,181,101,80,1180,632,548,369,187,182,110Y12M
64000,高雄市,64000150,大樹區,64000150-017,興田里,124,61,63,1441,624,817,436,164,272,110Y12M
64000,高雄市,64000150,大樹區,64000150-018,統嶺里,32,18,14,514,262,252,154,61,93,110Y12M
64000,高雄市,64000160,大社區,64000160-001,嘉誠里,77,39,38,703,376,327,224,111,113,110Y12M
64000,高雄市,64000160,大社區,64000160-002,保社里,256,132,124,2809,1459,1350,503,225,278,110Y12M
64000,高雄市,64000160,大社區,64000160-003,大社里,479,254,225,4087,2127,1960,1011,452,559,110Y12M
64000,高雄市,64000160,大社區,64000160-004,翠屏里,156,88,68,1341,692,649,344,156,188,110Y12M
64000,高雄市,64000160,大社區,64000160-005,三奶里,287,147,140,2197,1148,1049,566,252,314,110Y12M
64000,高雄市,64000160,大社區,64000160-006,觀音里,617,339,278,4581,2345,2236,1004,467,537,110Y12M
64000,高雄市,64000160,大社區,64000160-007,神農里,533,279,254,4224,2139,2085,844,402,442,110Y12M
64000,高雄市,64000160,大社區,64000160-008,中里里,307,171,136,2688,1424,1264,619,274,345,110Y12M
64000,高雄市,64000160,大社區,64000160-009,保安里,377,193,184,2617,1333,1284,599,268,331,110Y12M
64000,高雄市,64000170,仁武區,64000170-001,大灣里,550,268,282,4030,2093,1937,631,295,336,110Y12M
64000,高雄市,64000170,仁武區,64000170-002,灣內里,1449,741,708,7260,3669,3591,1082,507,575,110Y12M
64000,高雄市,64000170,仁武區,64000170-003,考潭里,254,128,126,2047,1078,969,633,307,326,110Y12M
64000,高雄市,64000170,仁武區,64000170-004,烏林里,521,260,261,3133,1551,1582,737,345,392,110Y12M
64000,高雄市,64000170,仁武區,64000170-005,仁福里,65,25,40,701,360,341,185,100,85,110Y12M
64000,高雄市,64000170,仁武區,64000170-006,仁武里,738,391,347,4543,2433,2110,1074,520,554,110Y12M
64000,高雄市,64000170,仁武區,64000170-007,文武里,1514,803,711,7990,4110,3880,1499,657,842,110Y12M
64000,高雄市,64000170,仁武區,64000170-008,竹後里,184,86,98,1731,905,826,495,229,266,110Y12M
64000,高雄市,64000170,仁武區,64000170-009,八卦里,2359,1237,1122,16545,8329,8216,2274,1003,1271,110Y12M
64000,高雄市,64000170,仁武區,64000170-010,高楠里,389,209,180,2261,1108,1153,478,210,268,110Y12M
64000,高雄市,64000170,仁武區,64000170-011,後安里,352,180,172,2116,1128,988,505,237,268,110Y12M
64000,高雄市,64000170,仁武區,64000170-012,中華里,117,68,49,1309,735,574,320,130,190,110Y12M
64000,高雄市,64000170,仁武區,64000170-013,五和里,715,391,324,4722,2412,2310,676,287,389,110Y12M
64000,高雄市,64000170,仁武區,64000170-014,仁和里,575,297,278,3397,1730,1667,621,301,320,110Y12M
64000,高雄市,64000170,仁武區,64000170-015,赤山里,1128,584,544,6249,3145,3104,896,423,473,110Y12M
64000,高雄市,64000170,仁武區,64000170-016,仁慈里,255,124,131,1836,917,919,440,214,226,110Y12M
64000,高雄市,64000180,鳥松區,64000180-001,鳥松里,1012,520,492,8602,4264,4338,2004,987,1017,110Y12M
64000,高雄市,64000180,鳥松區,64000180-002,夢裡里,402,225,177,4018,1988,2030,1005,523,482,110Y12M
64000,高雄市,64000180,鳥松區,64000180-003,大華里,980,478,502,7639,3778,3861,2392,1176,1216,110Y12M
64000,高雄市,64000180,鳥松區,64000180-004,■埔里,321,178,143,2818,1480,1338,765,388,377,110Y12M
64000,高雄市,64000180,鳥松區,64000180-005,仁美里,585,311,274,5231,2816,2415,1462,673,789,110Y12M
64000,高雄市,64000180,鳥松區,64000180-006,大竹里,57,36,21,517,275,242,176,89,87,110Y12M
64000,高雄市,64000180,鳥松區,64000180-007,華美里,446,232,214,3150,1599,1551,811,376,435,110Y12M
64000,高雄市,64000190,岡山區,64000190-001,平安里,121,56,65,763,390,373,321,146,175,110Y12M
64000,高雄市,64000190,岡山區,64000190-002,岡山里,632,328,304,3576,1819,1757,869,417,452,110Y12M
64000,高雄市,64000190,岡山區,64000190-003,壽天里,680,345,335,2564,1228,1336,684,296,388,110Y12M
64000,高雄市,64000190,岡山區,64000190-004,維仁里,111,65,46,734,367,367,265,127,138,110Y12M
64000,高雄市,64000190,岡山區,64000190-005,後紅里,519,270,249,3694,1779,1915,612,269,343,110Y12M
64000,高雄市,64000190,岡山區,64000190-006,大遼里,148,88,60,1102,607,495,306,134,172,110Y12M
64000,高雄市,64000190,岡山區,64000190-007,忠孝里,474,241,233,2102,1049,1053,766,303,463,110Y12M
64000,高雄市,64000190,岡山區,64000190-008,和平里,43,21,22,234,118,116,61,29,32,110Y12M
64000,高雄市,64000190,岡山區,64000190-009,前峰里,361,195,166,2331,1145,1186,596,238,358,110Y12M
64000,高雄市,64000190,岡山區,64000190-010,劉厝里,153,85,68,1133,588,545,326,151,175,110Y12M
64000,高雄市,64000190,岡山區,64000190-011,協和里,490,250,240,3041,1468,1573,619,277,342,110Y12M
64000,高雄市,64000190,岡山區,64000190-012,後協里,682,355,327,4609,2301,2308,1038,439,599,110Y12M
64000,高雄市,64000190,岡山區,64000190-013,信義里,181,93,88,1228,637,591,366,144,222,110Y12M
64000,高雄市,64000190,岡山區,64000190-014,潭底里,91,49,42,621,340,281,161,78,83,110Y12M
64000,高雄市,64000190,岡山區,64000190-015,三和里,93,39,54,683,349,334,196,100,96,110Y12M
64000,高雄市,64000190,岡山區,64000190-016,仁壽里,332,179,153,2575,1280,1295,795,364,431,110Y12M
64000,高雄市,64000190,岡山區,64000190-017,碧紅里,509,273,236,3229,1653,1576,704,327,377,110Y12M
64000,高雄市,64000190,岡山區,64000190-018,程香里,560,287,273,3592,1820,1772,667,290,377,110Y12M
64000,高雄市,64000190,岡山區,64000190-019,竹圍里,1567,853,714,6262,2961,3301,861,388,473,110Y12M
64000,高雄市,64000190,岡山區,64000190-020,台上里,1323,638,685,5329,2611,2718,791,328,463,110Y12M
64000,高雄市,64000190,岡山區,64000190-021,灣裡里,285,149,136,1634,823,811,310,138,172,110Y12M
64000,高雄市,64000190,岡山區,64000190-022,白米里,254,147,107,1721,868,853,310,140,170,110Y12M
64000,高雄市,64000190,岡山區,64000190-023,石潭里,220,119,101,1576,795,781,342,165,177,110Y12M
64000,高雄市,64000190,岡山區,64000190-024,福興里,113,55,58,855,451,404,224,102,122,110Y12M
64000,高雄市,64000190,岡山區,64000190-025,本洲里,229,118,111,1417,723,694,337,160,177,110Y12M
64000,高雄市,64000190,岡山區,64000190-026,嘉興里,358,193,165,2685,1400,1285,746,349,397,110Y12M
64000,高雄市,64000190,岡山區,64000190-027,嘉峰里,204,99,105,1443,769,674,357,172,185,110Y12M
64000,高雄市,64000190,岡山區,64000190-028,華崗里,182,86,96,1268,673,595,319,154,165,110Y12M
64000,高雄市,64000190,岡山區,64000190-029,大莊里,172,86,86,797,429,368,206,98,108,110Y12M
64000,高雄市,64000190,岡山區,64000190-030,協榮里,197,92,105,1681,862,819,472,200,272,110Y12M
64000,高雄市,64000190,岡山區,64000190-031,為隨里,119,66,53,539,286,253,125,68,57,110Y12M
64000,高雄市,64000190,岡山區,64000190-032,壽峰里,377,196,181,1857,903,954,442,203,239,110Y12M
64000,高雄市,64000190,岡山區,64000190-033,仁義里,234,133,101,1193,586,607,646,274,372,110Y12M
64000,高雄市,64000200,橋頭區,64000200-001,橋頭里,278,160,118,1664,822,842,477,223,254,110Y12M
64000,高雄市,64000200,橋頭區,64000200-002,橋南里,114,64,50,757,395,362,321,145,176,110Y12M
64000,高雄市,64000200,橋頭區,64000200-003,仕隆里,242,128,114,1759,909,850,586,270,316,110Y12M
64000,高雄市,64000200,橋頭區,64000200-004,仕豐里,332,167,165,2151,1081,1070,549,255,294,110Y12M
64000,高雄市,64000200,橋頭區,64000200-005,芋寮里,98,51,47,931,506,425,290,137,153,110Y12M
64000,高雄市,64000200,橋頭區,64000200-006,東林里,252,132,120,1845,933,912,509,232,277,110Y12M
64000,高雄市,64000200,橋頭區,64000200-007,西林里,137,69,68,1019,542,477,391,179,212,110Y12M
64000,高雄市,64000200,橋頭區,64000200-008,白樹里,506,246,260,2753,1359,1394,591,268,323,110Y12M
64000,高雄市,64000200,橋頭區,64000200-009,筆秀里,166,79,87,1239,652,587,331,170,161,110Y12M
64000,高雄市,64000200,橋頭區,64000200-010,新莊里,702,349,353,4313,2098,2215,544,255,289,110Y12M
64000,高雄市,64000200,橋頭區,64000200-011,甲北里,208,109,99,1810,950,860,504,239,265,110Y12M
64000,高雄市,64000200,橋頭區,64000200-012,甲南里,200,108,92,1931,1031,900,542,243,299,110Y12M
64000,高雄市,64000200,橋頭區,64000200-013,頂鹽里,50,21,29,1108,570,538,248,128,120,110Y12M
64000,高雄市,64000200,橋頭區,64000200-014,中崎里,51,30,21,515,286,229,163,80,83,110Y12M
64000,高雄市,64000200,橋頭區,64000200-015,仕和里,422,216,206,2951,1467,1484,831,395,436,110Y12M
64000,高雄市,64000200,橋頭區,64000200-016,德松里,286,151,135,1247,646,601,271,139,132,110Y12M
64000,高雄市,64000200,橋頭區,64000200-017,三德里,111,52,59,622,318,304,176,79,97,110Y12M
64000,高雄市,64000210,燕巢區,64000210-001,尖山里,85,39,46,846,434,412,304,161,143,110Y12M
64000,高雄市,64000210,燕巢區,64000210-002,瓊林里,225,128,97,1704,911,793,424,204,220,110Y12M
64000,高雄市,64000210,燕巢區,64000210-003,安招里,343,167,176,2595,1395,1200,844,508,336,110Y12M
64000,高雄市,64000210,燕巢區,64000210-004,角宿里,276,149,127,2261,1200,1061,493,240,253,110Y12M
64000,高雄市,64000210,燕巢區,64000210-005,鳳雄里,173,90,83,1962,1067,895,554,244,310,110Y12M
64000,高雄市,64000210,燕巢區,64000210-006,金山里,45,25,20,350,196,154,116,55,61,110Y12M
64000,高雄市,64000210,燕巢區,64000210-007,東燕里,261,136,125,1919,997,922,464,207,257,110Y12M
64000,高雄市,64000210,燕巢區,64000210-008,南燕里,454,240,214,3304,1776,1528,723,324,399,110Y12M
64000,高雄市,64000210,燕巢區,64000210-009,西燕里,363,187,176,2734,1450,1284,687,307,380,110Y12M
64000,高雄市,64000210,燕巢區,64000210-010,橫山里,134,63,71,1483,878,605,421,216,205,110Y12M
64000,高雄市,64000210,燕巢區,64000210-011,深水里,224,112,112,1882,989,893,591,277,314,110Y12M
64000,高雄市,64000220,田寮區,64000220-001,鹿埔里,23,11,12,272,165,107,92,45,47,110Y12M
64000,高雄市,64000220,田寮區,64000220-002,南安里,34,28,6,682,401,281,343,187,156,110Y12M
64000,高雄市,64000220,田寮區,64000220-003,大同里,19,9,10,259,151,108,106,53,53,110Y12M
64000,高雄市,64000220,田寮區,64000220-004,田寮里,6,2,4,236,125,111,126,73,53,110Y12M
64000,高雄市,64000220,田寮區,64000220-005,七星里,19,6,13,377,206,171,225,118,107,110Y12M
64000,高雄市,64000220,田寮區,64000220-006,崇德里,87,49,38,663,366,297,264,132,132,110Y12M
64000,高雄市,64000220,田寮區,64000220-007,西德里,49,23,26,550,317,233,244,119,125,110Y12M
64000,高雄市,64000220,田寮區,64000220-008,三和里,19,9,10,222,134,88,108,61,47,110Y12M
64000,高雄市,64000220,田寮區,64000220-009,古亭里,28,14,14,319,202,117,174,83,91,110Y12M
64000,高雄市,64000220,田寮區,64000220-010,新興里,71,32,39,823,453,370,348,178,170,110Y12M
64000,高雄市,64000230,阿蓮區,64000230-001,石安里,118,49,69,1039,557,482,269,110,159,110Y12M
64000,高雄市,64000230,阿蓮區,64000230-002,中路里,218,113,105,1567,808,759,479,236,243,110Y12M
64000,高雄市,64000230,阿蓮區,64000230-003,■山里,153,72,81,963,526,437,268,133,135,110Y12M
64000,高雄市,64000230,阿蓮區,64000230-004,港後里,306,147,159,1766,919,847,396,174,222,110Y12M
64000,高雄市,64000230,阿蓮區,64000230-005,崗山里,64,40,24,583,290,293,194,89,105,110Y12M
64000,高雄市,64000230,阿蓮區,64000230-006,阿蓮里,712,354,358,4141,2087,2054,876,400,476,110Y12M
64000,高雄市,64000230,阿蓮區,64000230-007,清蓮里,364,201,163,2177,1094,1083,518,227,291,110Y12M
64000,高雄市,64000230,阿蓮區,64000230-008,和蓮里,303,147,156,1915,977,938,453,209,244,110Y12M
64000,高雄市,64000230,阿蓮區,64000230-009,青旗里,170,95,75,1285,653,632,307,146,161,110Y12M
64000,高雄市,64000230,阿蓮區,64000230-010,復安里,135,71,64,1315,690,625,365,156,209,110Y12M
64000,高雄市,64000230,阿蓮區,64000230-011,玉庫里,83,41,42,862,490,372,208,97,111,110Y12M
64000,高雄市,64000230,阿蓮區,64000230-012,南蓮里,390,215,175,2448,1244,1204,601,257,344,110Y12M
64000,高雄市,64000240,路竹區,64000240-001,竹滬里,458,231,227,2776,1394,1382,616,280,336,110Y12M
64000,高雄市,64000240,路竹區,64000240-002,頂寮里,160,69,91,919,485,434,269,125,144,110Y12M
64000,高雄市,64000240,路竹區,64000240-003,新達里,150,81,69,978,512,466,266,133,133,110Y12M
64000,高雄市,64000240,路竹區,64000240-004,後鄉里,178,89,89,906,463,443,223,111,112,110Y12M
64000,高雄市,64000240,路竹區,64000240-005,北嶺里,141,77,64,1023,521,502,239,106,133,110Y12M
64000,高雄市,64000240,路竹區,64000240-006,社西里,226,120,106,1766,934,832,483,217,266,110Y12M
64000,高雄市,64000240,路竹區,64000240-007,甲北里,293,161,132,1708,897,811,458,202,256,110Y12M
64000,高雄市,64000240,路竹區,64000240-008,甲南里,426,235,191,2655,1401,1254,782,380,402,110Y12M
64000,高雄市,64000240,路竹區,64000240-009,下坑里,341,178,163,2161,1147,1014,530,254,276,110Y12M
64000,高雄市,64000240,路竹區,64000240-010,竹園里,170,101,69,1532,828,704,383,184,199,110Y12M
64000,高雄市,64000240,路竹區,64000240-011,竹東里,770,414,356,2900,1459,1441,701,323,378,110Y12M
64000,高雄市,64000240,路竹區,64000240-012,竹西里,434,227,207,1767,905,862,458,206,252,110Y12M
64000,高雄市,64000240,路竹區,64000240-013,文北里,571,300,271,2460,1255,1205,604,258,346,110Y12M
64000,高雄市,64000240,路竹區,64000240-014,文南里,471,261,210,1889,953,936,546,254,292,110Y12M
64000,高雄市,64000240,路竹區,64000240-015,三爺里,98,44,54,663,334,329,206,100,106,110Y12M
64000,高雄市,64000240,路竹區,64000240-016,鴨寮里,341,170,171,1609,833,776,346,165,181,110Y12M
64000,高雄市,64000240,路竹區,64000240-017,社東里,173,88,85,1361,710,651,386,183,203,110Y12M
64000,高雄市,64000240,路竹區,64000240-018,社中里,71,36,35,641,347,294,217,99,118,110Y12M
64000,高雄市,64000240,路竹區,64000240-019,竹南里,473,252,221,2054,1030,1024,658,296,362,110Y12M
64000,高雄市,64000240,路竹區,64000240-020,社南里,444,213,231,3921,1971,1950,768,360,408,110Y12M
64000,高雄市,64000250,湖內區,64000250-001,海山里,90,49,41,818,440,378,270,127,143,110Y12M
64000,高雄市,64000250,湖內區,64000250-002,劉家里,75,41,34,768,417,351,245,115,130,110Y12M
64000,高雄市,64000250,湖內區,64000250-003,太爺里,80,41,39,578,318,260,201,95,106,110Y12M
64000,高雄市,64000250,湖內區,64000250-004,公■里,326,154,172,1905,996,909,383,184,199,110Y12M
64000,高雄市,64000250,湖內區,64000250-005,葉厝里,404,206,198,2279,1184,1095,467,211,256,110Y12M
64000,高雄市,64000250,湖內區,64000250-006,大湖里,471,258,213,3132,1570,1562,674,311,363,110Y12M
64000,高雄市,64000250,湖內區,64000250-007,田尾里,104,54,50,780,411,369,238,111,127,110Y12M
64000,高雄市,64000250,湖內區,64000250-008,湖內里,467,226,241,3364,1751,1613,569,265,304,110Y12M
64000,高雄市,64000250,湖內區,64000250-009,海埔里,178,95,83,1388,728,660,396,178,218,110Y12M
64000,高雄市,64000250,湖內區,64000250-010,文賢里,127,61,66,968,496,472,270,134,136,110Y12M
64000,高雄市,64000250,湖內區,64000250-011,中賢里,207,113,94,1782,943,839,446,199,247,110Y12M
64000,高雄市,64000250,湖內區,64000250-012,逸賢里,120,64,56,942,516,426,231,105,126,110Y12M
64000,高雄市,64000250,湖內區,64000250-013,忠興里,51,22,29,547,297,250,175,83,92,110Y12M
64000,高雄市,64000250,湖內區,64000250-014,湖東里,302,154,148,2375,1157,1218,455,195,260,110Y12M
64000,高雄市,64000260,茄萣區,64000260-001,福德里,72,35,37,747,395,352,227,110,117,110Y12M
64000,高雄市,64000260,茄萣區,64000260-002,萬福里,82,46,36,675,359,316,209,96,113,110Y12M
64000,高雄市,64000260,茄萣區,64000260-003,白雲里,180,99,81,1403,738,665,363,157,206,110Y12M
64000,高雄市,64000260,茄萣區,64000260-004,嘉賜里,543,269,274,3240,1671,1569,700,308,392,110Y12M
64000,高雄市,64000260,茄萣區,64000260-005,嘉安里,265,144,121,1510,778,732,321,139,182,110Y12M
64000,高雄市,64000260,茄萣區,64000260-006,嘉定里,76,45,31,836,471,365,293,136,157,110Y12M
64000,高雄市,64000260,茄萣區,64000260-007,保定里,293,132,161,2391,1276,1115,649,289,360,110Y12M
64000,高雄市,64000260,茄萣區,64000260-008,光定里,56,37,19,704,382,322,237,113,124,110Y12M
64000,高雄市,64000260,茄萣區,64000260-009,大定里,81,48,33,826,471,355,269,124,145,110Y12M
64000,高雄市,64000260,茄萣區,64000260-010,吉定里,105,56,49,873,439,434,269,130,139,110Y12M
64000,高雄市,64000260,茄萣區,64000260-011,嘉樂里,234,123,111,1649,848,801,456,212,244,110Y12M
64000,高雄市,64000260,茄萣區,64000260-012,嘉泰里,104,49,55,852,419,433,241,109,132,110Y12M
64000,高雄市,64000260,茄萣區,64000260-013,嘉福里,78,36,42,784,418,366,220,111,109,110Y12M
64000,高雄市,64000260,茄萣區,64000260-014,和協里,105,58,47,869,456,413,285,131,154,110Y12M
64000,高雄市,64000260,茄萣區,64000260-015,崎漏里,555,266,289,4034,2110,1924,851,396,455,110Y12M
64000,高雄市,64000270,永安區,64000270-001,永安里,166,83,83,1277,638,639,341,169,172,110Y12M
64000,高雄市,64000270,永安區,64000270-002,永華里,175,92,83,1487,785,702,359,166,193,110Y12M
64000,高雄市,64000270,永安區,64000270-003,新港里,197,108,89,1925,970,955,430,191,239,110Y12M
64000,高雄市,64000270,永安區,64000270-004,鹽田里,48,28,20,300,138,162,92,52,40,110Y12M
64000,高雄市,64000270,永安區,64000270-005,保寧里,274,141,133,2268,1176,1092,379,163,216,110Y12M
64000,高雄市,64000270,永安區,64000270-006,維新里,442,237,205,2894,1418,1476,564,252,312,110Y12M
64000,高雄市,64000280,彌陀區,64000280-001,光和里,193,93,100,1096,568,528,203,87,116,110Y12M
64000,高雄市,64000280,彌陀區,64000280-002,彌靖里,209,101,108,1475,728,747,434,184,250,110Y12M
64000,高雄市,64000280,彌陀區,64000280-003,彌仁里,56,34,22,403,219,184,141,56,85,110Y12M
64000,高雄市,64000280,彌陀區,64000280-004,彌壽里,69,29,40,572,286,286,200,97,103,110Y12M
64000,高雄市,64000280,彌陀區,64000280-005,彌陀里,227,116,111,1398,748,650,371,155,216,110Y12M
64000,高雄市,64000280,彌陀區,64000280-006,舊港里,157,85,72,1286,707,579,304,145,159,110Y12M
64000,高雄市,64000280,彌陀區,64000280-007,文安里,150,86,64,1349,723,626,375,180,195,110Y12M
64000,高雄市,64000280,彌陀區,64000280-008,鹽埕里,220,112,108,1669,894,775,397,202,195,110Y12M
64000,高雄市,64000280,彌陀區,64000280-009,過港里,111,62,49,739,380,359,199,96,103,110Y12M
64000,高雄市,64000280,彌陀區,64000280-010,海尾里,78,37,41,668,363,305,167,79,88,110Y12M
64000,高雄市,64000280,彌陀區,64000280-011,漯底里,150,68,82,968,488,480,205,96,109,110Y12M
64000,高雄市,64000280,彌陀區,64000280-012,南寮里,224,104,120,1753,919,834,411,188,223,110Y12M
64000,高雄市,64000290,梓官區,64000290-001,梓信里,265,148,117,1740,926,814,439,216,223,110Y12M
64000,高雄市,64000290,梓官區,64000290-002,梓義里,269,137,132,1669,868,801,444,204,240,110Y12M
64000,高雄市,64000290,梓官區,64000290-003,梓和里,267,133,134,1758,888,870,512,221,291,110Y12M
64000,高雄市,64000290,梓官區,64000290-004,梓平里,236,135,101,1256,628,628,268,124,144,110Y12M
64000,高雄市,64000290,梓官區,64000290-005,中崙里,160,72,88,965,502,463,219,89,130,110Y12M
64000,高雄市,64000290,梓官區,64000290-006,赤崁里,146,68,78,1476,810,666,371,168,203,110Y12M
64000,高雄市,64000290,梓官區,64000290-007,禮蚵里,167,77,90,1665,908,757,439,188,251,110Y12M
64000,高雄市,64000290,梓官區,64000290-008,智蚵里,266,133,133,2351,1240,1111,562,262,300,110Y12M
64000,高雄市,64000290,梓官區,64000290-009,信蚵里,226,123,103,2026,1069,957,377,177,200,110Y12M
64000,高雄市,64000290,梓官區,64000290-010,同安里,111,56,55,802,434,368,217,94,123,110Y12M
64000,高雄市,64000290,梓官區,64000290-011,大舍里,539,281,258,3102,1665,1437,717,302,415,110Y12M
64000,高雄市,64000290,梓官區,64000290-012,赤東里,149,79,70,1832,957,875,460,218,242,110Y12M
64000,高雄市,64000290,梓官區,64000290-013,赤西里,81,47,34,675,395,280,142,53,89,110Y12M
64000,高雄市,64000290,梓官區,64000290-014,茄苳里,183,98,85,1889,997,892,411,176,235,110Y12M
64000,高雄市,64000290,梓官區,64000290-015,典寶里,227,124,103,2533,1326,1207,508,209,299,110Y12M
64000,高雄市,64000300,旗山區,64000300-001,太平里,353,185,168,1676,870,806,569,254,315,110Y12M
64000,高雄市,64000300,旗山區,64000300-002,大德里,334,175,159,1744,852,892,581,252,329,110Y12M
64000,高雄市,64000300,旗山區,64000300-003,湄洲里,163,76,87,1141,630,511,465,195,270,110Y12M
64000,高雄市,64000300,旗山區,64000300-004,圓富里,174,97,77,1449,764,685,384,171,213,110Y12M
64000,高雄市,64000300,旗山區,64000300-005,中正里,120,65,55,1114,621,493,344,159,185,110Y12M
64000,高雄市,64000300,旗山區,64000300-006,大林里,101,63,38,1011,572,439,359,172,187,110Y12M
64000,高雄市,64000300,旗山區,64000300-007,上洲里,52,27,25,761,422,339,258,117,141,110Y12M
64000,高雄市,64000300,旗山區,64000300-008,新光里,51,26,25,545,313,232,233,114,119,110Y12M
64000,高雄市,64000300,旗山區,64000300-009,南勝里,135,62,73,1571,860,711,568,262,306,110Y12M
64000,高雄市,64000300,旗山區,64000300-010,中寮里,2,2,0,121,70,51,56,32,24,110Y12M
64000,高雄市,64000300,旗山區,64000300-011,東平里,170,95,75,1433,741,692,540,255,285,110Y12M
64000,高雄市,64000300,旗山區,64000300-012,東昌里,81,33,48,735,399,336,276,126,150,110Y12M
64000,高雄市,64000300,旗山區,64000300-013,竹峰里,176,92,84,1198,611,587,389,186,203,110Y12M
64000,高雄市,64000300,旗山區,64000300-014,瑞吉里,276,137,139,1575,783,792,468,211,257,110Y12M
64000,高雄市,64000300,旗山區,64000300-015,永和里,520,276,244,2691,1362,1329,667,294,373,110Y12M
64000,高雄市,64000300,旗山區,64000300-016,三協里,256,126,130,1748,947,801,529,256,273,110Y12M
64000,高雄市,64000300,旗山區,64000300-017,鯤洲里,24,12,12,478,277,201,249,130,119,110Y12M
64000,高雄市,64000300,旗山區,64000300-018,大山里,75,41,34,897,498,399,386,178,208,110Y12M
64000,高雄市,64000300,旗山區,64000300-019,中洲里,45,25,20,552,326,226,261,115,146,110Y12M
64000,高雄市,64000300,旗山區,64000300-020,南洲里,65,34,31,904,498,406,387,185,202,110Y12M
64000,高雄市,64000300,旗山區,64000300-021,廣福里,40,23,17,467,260,207,169,78,91,110Y12M
64000,高雄市,64000310,美濃區,64000310-001,福安里,167,97,70,1797,947,850,791,385,406,110Y12M
64000,高雄市,64000310,美濃區,64000310-002,合和里,246,126,120,1724,916,808,687,340,347,110Y12M
64000,高雄市,64000310,美濃區,64000310-003,祿興里,230,129,101,1858,984,874,757,361,396,110Y12M
64000,高雄市,64000310,美濃區,64000310-004,中壇里,170,80,90,1471,822,649,576,281,295,110Y12M
64000,高雄市,64000310,美濃區,64000310-005,德興里,124,63,61,1078,587,491,407,180,227,110Y12M
64000,高雄市,64000310,美濃區,64000310-006,龍山里,127,68,59,1465,823,642,698,343,355,110Y12M
64000,高雄市,64000310,美濃區,64000310-007,獅山里,200,101,99,1812,984,828,702,342,360,110Y12M
64000,高雄市,64000310,美濃區,64000310-008,龍肚里,76,37,39,872,501,371,529,258,271,110Y12M
64000,高雄市,64000310,美濃區,64000310-009,廣德里,70,34,36,912,508,404,415,203,212,110Y12M
64000,高雄市,64000310,美濃區,64000310-010,興隆里,62,28,34,756,424,332,418,223,195,110Y12M
64000,高雄市,64000310,美濃區,64000310-011,中圳里,191,108,83,1534,789,745,575,285,290,110Y12M
64000,高雄市,64000310,美濃區,64000310-012,東門里,64,28,36,795,444,351,420,219,201,110Y12M
64000,高雄市,64000310,美濃區,64000310-013,泰安里,164,84,80,1120,582,538,476,221,255,110Y12M
64000,高雄市,64000310,美濃區,64000310-014,瀰濃里,212,127,85,1549,834,715,707,343,364,110Y12M
64000,高雄市,64000310,美濃區,64000310-015,清水里,140,72,68,1270,689,581,488,238,250,110Y12M
64000,高雄市,64000310,美濃區,64000310-016,吉洋里,121,61,60,1403,780,623,494,234,260,110Y12M
64000,高雄市,64000310,美濃區,64000310-017,吉和里,103,56,47,1027,572,455,351,173,178,110Y12M
64000,高雄市,64000310,美濃區,64000310-018,吉東里,170,84,86,1343,704,639,472,239,233,110Y12M
64000,高雄市,64000310,美濃區,64000310-019,廣林里,88,50,38,1011,567,444,464,218,246,110Y12M
64000,高雄市,64000320,六龜區,64000320-001,新威里,39,26,13,494,315,179,233,111,122,110Y12M
64000,高雄市,64000320,六龜區,64000320-002,新興里,38,26,12,480,288,192,183,87,96,110Y12M
64000,高雄市,64000320,六龜區,64000320-003,新寮里,27,14,13,449,243,206,194,100,94,110Y12M
64000,高雄市,64000320,六龜區,64000320-004,新發里,79,44,35,698,399,299,259,120,139,110Y12M
64000,高雄市,64000320,六龜區,64000320-005,荖濃里,100,50,50,1047,573,474,347,164,183,110Y12M
64000,高雄市,64000320,六龜區,64000320-006,六龜里,71,40,31,714,389,325,249,121,128,110Y12M
64000,高雄市,64000320,六龜區,64000320-007,義寶里,102,48,54,751,407,344,302,148,154,110Y12M
64000,高雄市,64000320,六龜區,64000320-008,興龍里,76,38,38,613,332,281,189,90,99,110Y12M
64000,高雄市,64000320,六龜區,64000320-009,中興里,128,63,65,1095,618,477,319,147,172,110Y12M
64000,高雄市,64000320,六龜區,64000320-010,寶來里,76,37,39,649,339,310,246,113,133,110Y12M
64000,高雄市,64000320,六龜區,64000320-011,文武里,132,57,75,1084,654,430,345,158,187,110Y12M
64000,高雄市,64000320,六龜區,64000320-012,大津里,19,11,8,227,132,95,81,39,42,110Y12M
64000,高雄市,64000330,甲仙區,64000330-001,東安里,19,8,11,317,180,137,131,57,74,110Y12M
64000,高雄市,64000330,甲仙區,64000330-002,西安里,94,47,47,627,322,305,243,97,146,110Y12M
64000,高雄市,64000330,甲仙區,64000330-003,和安里,56,27,29,479,262,217,201,91,110,110Y12M
64000,高雄市,64000330,甲仙區,64000330-004,大田里,134,70,64,1259,686,573,334,163,171,110Y12M
64000,高雄市,64000330,甲仙區,64000330-005,寶隆里,38,22,16,492,284,208,171,85,86,110Y12M
64000,高雄市,64000330,甲仙區,64000330-006,關山里,28,14,14,421,242,179,171,85,86,110Y12M
64000,高雄市,64000330,甲仙區,64000330-007,小林里,49,28,21,420,230,190,104,53,51,110Y12M
64000,高雄市,64000340,杉林區,64000340-001,杉林里,38,18,20,455,265,190,154,70,84,110Y12M
64000,高雄市,64000340,杉林區,64000340-002,木梓里,23,12,11,455,277,178,221,110,111,110Y12M
64000,高雄市,64000340,杉林區,64000340-003,集來里,72,47,25,890,546,344,355,184,171,110Y12M
64000,高雄市,64000340,杉林區,64000340-004,新庄里,75,44,31,1024,594,430,466,209,257,110Y12M
64000,高雄市,64000340,杉林區,64000340-005,上平里,104,53,51,1125,648,477,444,200,244,110Y12M
64000,高雄市,64000340,杉林區,64000340-006,月眉里,105,50,55,1144,667,477,459,222,237,110Y12M
64000,高雄市,64000340,杉林區,64000340-007,月美里,83,39,44,887,513,374,355,178,177,110Y12M
64000,高雄市,64000340,杉林區,64000340-008,大愛里,281,135,146,1688,885,803,385,197,188,110Y12M
64000,高雄市,64000350,內門區,64000350-001,溝坪里,68,38,30,726,425,301,230,111,119,110Y12M
64000,高雄市,64000350,內門區,64000350-002,金竹里,23,16,7,447,247,200,190,97,93,110Y12M
64000,高雄市,64000350,內門區,64000350-003,永富里,78,33,45,729,402,327,236,114,122,110Y12M
64000,高雄市,64000350,內門區,64000350-004,永吉里,16,8,8,312,186,126,111,50,61,110Y12M
64000,高雄市,64000350,內門區,64000350-005,永興里,26,11,15,286,176,110,103,50,53,110Y12M
64000,高雄市,64000350,內門區,64000350-006,石坑里,31,13,18,376,195,181,129,66,63,110Y12M
64000,高雄市,64000350,內門區,64000350-007,內門里,78,36,42,747,395,352,247,120,127,110Y12M
64000,高雄市,64000350,內門區,64000350-008,內豊里,104,58,46,919,482,437,294,145,149,110Y12M
64000,高雄市,64000350,內門區,64000350-009,觀亭里,126,70,56,1247,669,578,470,230,240,110Y12M
64000,高雄市,64000350,內門區,64000350-010,中埔里,31,21,10,393,215,178,160,80,80,110Y12M
64000,高雄市,64000350,內門區,64000350-011,內東里,61,34,27,565,322,243,217,118,99,110Y12M
64000,高雄市,64000350,內門區,64000350-012,內南里,24,12,12,301,171,130,111,61,50,110Y12M
64000,高雄市,64000350,內門區,64000350-013,東埔里,24,15,9,360,201,159,127,70,57,110Y12M
64000,高雄市,64000350,內門區,64000350-014,三平里,51,28,23,510,292,218,145,74,71,110Y12M
64000,高雄市,64000350,內門區,64000350-015,木柵里,33,18,15,431,264,167,159,79,80,110Y12M
64000,高雄市,64000350,內門區,64000350-016,內興里,53,26,27,461,272,189,148,75,73,110Y12M
64000,高雄市,64000350,內門區,64000350-017,瑞山里,19,9,10,222,129,93,106,49,57,110Y12M
64000,高雄市,64000350,內門區,64000350-018,光興里,55,29,26,497,265,232,157,79,78,110Y12M
64000,高雄市,64000360,茂林區,64000360-001,茂林里,117,66,51,661,340,321,77,32,45,110Y12M
64000,高雄市,64000360,茂林區,64000360-002,萬山里,34,16,18,324,162,162,48,17,31,110Y12M
64000,高雄市,64000360,茂林區,64000360-003,多納里,104,50,54,463,232,231,46,20,26,110Y12M
64000,高雄市,64000370,桃源區,64000370-001,桃源里,170,85,85,730,407,323,90,37,53,110Y12M
64000,高雄市,64000370,桃源區,64000370-002,寶山里,48,28,20,397,205,192,64,35,29,110Y12M
64000,高雄市,64000370,桃源區,64000370-003,建山里,120,61,59,554,285,269,63,31,32,110Y12M
64000,高雄市,64000370,桃源區,64000370-004,高中里,126,61,65,582,301,281,72,30,42,110Y12M
64000,高雄市,64000370,桃源區,64000370-005,勤和里,46,24,22,198,103,95,19,9,10,110Y12M
64000,高雄市,64000370,桃源區,64000370-006,復興里,35,13,22,273,148,125,26,12,14,110Y12M
64000,高雄市,64000370,桃源區,64000370-007,拉芙蘭里,42,22,20,217,121,96,25,17,8,110Y12M
64000,高雄市,64000370,桃源區,64000370-008,梅山里,38,17,21,233,137,96,25,16,9,110Y12M
64000,高雄市,64000380,那瑪夏區,64000380-001,達卡努瓦里,317,153,164,1278,680,598,136,60,76,110Y12M
64000,高雄市,64000380,那瑪夏區,64000380-002,瑪雅里,158,79,79,573,299,274,67,21,46,110Y12M
64000,高雄市,64000380,那瑪夏區,64000380-003,南沙魯里,122,69,53,395,209,186,97,50,47,110Y12M
10002,宜蘭縣,10002010,宜蘭市,10002010-001,神農里,319,162,157,1923,963,960,610,257,353,110Y12M
10002,宜蘭縣,10002010,宜蘭市,10002010-002,民權里,251,131,120,1370,712,658,417,196,221,110Y12M
10002,宜蘭縣,10002010,宜蘭市,10002010-008,進士里,270,137,133,1722,853,869,486,209,277,110Y12M
10002,宜蘭縣,10002010,宜蘭市,10002010-009,南橋里,239,125,114,1093,567,526,255,134,121,110Y12M
10002,宜蘭縣,10002010,宜蘭市,10002010-010,建業里,386,205,181,1722,841,881,350,170,180,110Y12M
10002,宜蘭縣,10002010,宜蘭市,10002010-011,南津里,454,248,206,1821,914,907,435,168,267,110Y12M
10002,宜蘭縣,10002010,宜蘭市,10002010-012,凱旋里,247,130,117,1181,618,563,220,108,112,110Y12M
10002,宜蘭縣,10002010,宜蘭市,10002010-013,黎明里,377,185,192,1608,786,822,337,165,172,110Y12M
10002,宜蘭縣,10002010,宜蘭市,10002010-014,東村里,490,274,216,1985,956,1029,337,166,171,110Y12M
10002,宜蘭縣,10002010,宜蘭市,10002010-015,延平里,681,351,330,3000,1427,1573,442,197,245,110Y12M
10002,宜蘭縣,10002010,宜蘭市,10002010-016,七張里,238,112,126,1242,670,572,283,139,144,110Y12M
10002,宜蘭縣,10002010,宜蘭市,10002010-017,慈安里,174,85,89,1572,740,832,293,122,171,110Y12M
10002,宜蘭縣,10002010,宜蘭市,10002010-018,新民里,182,104,78,1006,521,485,461,205,256,110Y12M
10002,宜蘭縣,10002010,宜蘭市,10002010-019,東門里,101,52,49,684,376,308,298,140,158,110Y12M
10002,宜蘭縣,10002010,宜蘭市,10002010-021,小東里,187,105,82,1242,631,611,389,150,239,110Y12M
10002,宜蘭縣,10002010,宜蘭市,10002010-022,菜園里,153,89,64,1087,529,558,298,122,176,110Y12M
10002,宜蘭縣,10002010,宜蘭市,10002010-023,孝廉里,92,51,41,869,458,411,280,134,146,110Y12M
10002,宜蘭縣,10002010,宜蘭市,10002010-024,新生里,394,202,192,2223,1149,1074,544,253,291,110Y12M
10002,宜蘭縣,10002010,宜蘭市,10002010-025,茭白里,387,200,187,1846,910,936,331,154,177,110Y12M
10002,宜蘭縣,10002010,宜蘭市,10002010-026,北津里,319,173,146,1846,906,940,409,170,239,110Y12M
10002,宜蘭縣,10002010,宜蘭市,10002010-027,梅洲里,396,198,198,2719,1404,1315,559,269,290,110Y12M
10002,宜蘭縣,10002010,宜蘭市,10002010-028,北門里,116,69,47,893,476,417,253,117,136,110Y12M
10002,宜蘭縣,10002010,宜蘭市,10002010-031,中山里,56,29,27,660,352,308,265,112,153,110Y12M
10002,宜蘭縣,10002010,宜蘭市,10002010-032,西門里,230,117,113,1370,727,643,441,199,242,110Y12M
10002,宜蘭縣,10002010,宜蘭市,10002010-034,南門里,223,103,120,1015,507,508,335,156,179,110Y12M
10002,宜蘭縣,10002010,宜蘭市,10002010-035,負郭里,641,307,334,2476,1166,1310,606,249,357,110Y12M
10002,宜蘭縣,10002010,宜蘭市,10002010-036,民族里,384,204,180,1620,799,821,605,240,365,110Y12M
10002,宜蘭縣,10002010,宜蘭市,10002010-037,建軍里,224,111,113,1320,622,698,326,143,183,110Y12M
10002,宜蘭縣,10002010,宜蘭市,10002010-038,思源里,690,344,346,3831,1801,2030,624,309,315,110Y12M
10002,宜蘭縣,10002010,宜蘭市,10002010-039,文化里,587,296,291,2430,1161,1269,689,290,399,110Y12M
10002,宜蘭縣,10002010,宜蘭市,10002010-040,復興里,289,144,145,1976,969,1007,708,300,408,110Y12M
10002,宜蘭縣,10002010,宜蘭市,10002010-041,成功里,580,280,300,2769,1345,1424,433,180,253,110Y12M
10002,宜蘭縣,10002010,宜蘭市,10002010-042,新東里,603,315,288,2730,1301,1429,487,191,296,110Y12M
10002,宜蘭縣,10002010,宜蘭市,10002010-043,七結里,437,228,209,2304,1073,1231,440,189,251,110Y12M
10002,宜蘭縣,10002010,宜蘭市,10002010-044,泰山里,412,231,181,1670,756,914,381,170,211,110Y12M
10002,宜蘭縣,10002010,宜蘭市,10002010-045,大新里,62,35,27,580,283,297,202,91,111,110Y12M
10002,宜蘭縣,10002010,宜蘭市,10002010-046,中興里,436,232,204,2431,1169,1262,533,214,319,110Y12M
10002,宜蘭縣,10002010,宜蘭市,10002010-047,擺厘里,369,182,187,2382,1088,1294,613,273,340,110Y12M
10002,宜蘭縣,10002020,羅東鎮,10002020-004,大新里,233,119,114,1302,641,661,334,150,184,110Y12M
10002,宜蘭縣,10002020,羅東鎮,10002020-005,東安里,669,345,324,3137,1416,1721,576,253,323,110Y12M
10002,宜蘭縣,10002020,羅東鎮,10002020-006,新群里,381,203,178,2352,1162,1190,489,235,254,110Y12M
10002,宜蘭縣,10002020,羅東鎮,10002020-007,羅莊里,468,237,231,2636,1211,1425,498,211,287,110Y12M
10002,宜蘭縣,10002020,羅東鎮,10002020-008,南昌里,306,173,133,1934,919,1015,499,210,289,110Y12M
10002,宜蘭縣,10002020,羅東鎮,10002020-009,南豪里,247,128,119,1014,478,536,336,149,187,110Y12M
10002,宜蘭縣,10002020,羅東鎮,10002020-010,成功里,282,142,140,1206,553,653,346,147,199,110Y12M
10002,宜蘭縣,10002020,羅東鎮,10002020-011,仁德里,137,75,62,857,428,429,299,133,166,110Y12M
10002,宜蘭縣,10002020,羅東鎮,10002020-016,漢民里,860,425,435,2962,1394,1568,813,340,473,110Y12M
10002,宜蘭縣,10002020,羅東鎮,10002020-017,西安里,450,215,235,2350,1135,1215,586,268,318,110Y12M
10002,宜蘭縣,10002020,羅東鎮,10002020-018,北成里,596,317,279,2412,1126,1286,501,227,274,110Y12M
10002,宜蘭縣,10002020,羅東鎮,10002020-019,賢文里,678,349,329,2783,1252,1531,856,355,501,110Y12M
10002,宜蘭縣,10002020,羅東鎮,10002020-020,公正里,651,344,307,2102,992,1110,666,300,366,110Y12M
10002,宜蘭縣,10002020,羅東鎮,10002020-021,集祥里,189,94,95,843,423,420,274,126,148,110Y12M
10002,宜蘭縣,10002020,羅東鎮,10002020-022,信義里,720,373,347,2405,1082,1323,650,265,385,110Y12M
10002,宜蘭縣,10002020,羅東鎮,10002020-023,竹林里,553,299,254,2300,1126,1174,672,297,375,110Y12M
10002,宜蘭縣,10002020,羅東鎮,10002020-024,仁愛里,714,370,344,3142,1462,1680,645,304,341,110Y12M
10002,宜蘭縣,10002020,羅東鎮,10002020-025,樹林里,737,370,367,2831,1276,1555,736,337,399,110Y12M
10002,宜蘭縣,10002020,羅東鎮,10002020-026,國華里,966,513,453,3665,1688,1977,862,379,483,110Y12M
10002,宜蘭縣,10002020,羅東鎮,10002020-027,維揚里,626,328,298,2485,1169,1316,623,261,362,110Y12M
10002,宜蘭縣,10002020,羅東鎮,10002020-028,開明里,171,94,77,1016,496,520,380,179,201,110Y12M
10002,宜蘭縣,10002020,羅東鎮,10002020-029,中山里,180,92,88,975,477,498,413,196,217,110Y12M
10002,宜蘭縣,10002020,羅東鎮,10002020-030,仁和里,149,78,71,720,364,356,286,114,172,110Y12M
10002,宜蘭縣,10002030,蘇澳鎮,10002030-001,龍德里,327,165,162,2806,1467,1339,656,311,345,110Y12M
10002,宜蘭縣,10002030,蘇澳鎮,10002030-002,頂寮里,135,66,69,897,483,414,165,63,102,110Y12M
10002,宜蘭縣,10002030,蘇澳鎮,10002030-003,永榮里,585,307,278,3185,1627,1558,738,332,406,110Y12M
10002,宜蘭縣,10002030,蘇澳鎮,10002030-004,存仁里,72,40,32,612,350,262,250,108,142,110Y12M
10002,宜蘭縣,10002030,蘇澳鎮,10002030-005,港邊里,198,107,91,903,479,424,313,149,164,110Y12M
10002,宜蘭縣,10002030,蘇澳鎮,10002030-007,隘丁里,500,260,240,2663,1349,1314,535,253,282,110Y12M
10002,宜蘭縣,10002030,蘇澳鎮,10002030-008,新城里,200,106,94,1206,626,580,291,131,160,110Y12M
10002,宜蘭縣,10002030,蘇澳鎮,10002030-009,聖湖里,245,129,116,1764,932,832,550,233,317,110Y12M
10002,宜蘭縣,10002030,蘇澳鎮,10002030-010,蘇西里,231,132,99,1774,933,841,582,265,317,110Y12M
10002,宜蘭縣,10002030,蘇澳鎮,10002030-011,蘇北里,65,40,25,712,356,356,267,116,151,110Y12M
10002,宜蘭縣,10002030,蘇澳鎮,10002030-012,蘇南里,24,14,10,300,154,146,133,64,69,110Y12M
10002,宜蘭縣,10002030,蘇澳鎮,10002030-013,蘇東里,43,21,22,379,196,183,105,51,54,110Y12M
10002,宜蘭縣,10002030,蘇澳鎮,10002030-014,長安里,68,38,30,382,223,159,143,65,78,110Y12M
10002,宜蘭縣,10002030,蘇澳鎮,10002030-015,永光里,35,22,13,328,168,160,112,43,69,110Y12M
10002,宜蘭縣,10002030,蘇澳鎮,10002030-016,永春里,41,20,21,439,238,201,144,60,84,110Y12M
10002,宜蘭縣,10002030,蘇澳鎮,10002030-017,永樂里,47,27,20,340,168,172,93,43,50,110Y12M
10002,宜蘭縣,10002030,蘇澳鎮,10002030-018,南安里,51,27,24,643,337,306,277,137,140,110Y12M
10002,宜蘭縣,10002030,蘇澳鎮,10002030-019,南正里,42,26,16,636,332,304,263,125,138,110Y12M
10002,宜蘭縣,10002030,蘇澳鎮,10002030-020,南成里,84,36,48,762,406,356,303,139,164,110Y12M
10002,宜蘭縣,10002030,蘇澳鎮,10002030-021,南興里,86,39,47,1000,514,486,416,195,221,110Y12M
10002,宜蘭縣,10002030,蘇澳鎮,10002030-022,南寧里,61,21,40,708,387,321,315,134,181,110Y12M
10002,宜蘭縣,10002030,蘇澳鎮,10002030-023,南建里,87,42,45,846,460,386,315,150,165,110Y12M
10002,宜蘭縣,10002030,蘇澳鎮,10002030-024,東澳里,19,9,10,250,130,120,79,33,46,110Y12M
10002,宜蘭縣,10002030,蘇澳鎮,10002030-025,南強里,69,38,31,508,296,212,201,87,114,110Y12M
10002,宜蘭縣,10002030,蘇澳鎮,10002030-026,朝陽里,25,16,9,364,194,170,206,121,85,110Y12M
10002,宜蘭縣,10002030,蘇澳鎮,10002030-027,聖愛里,274,126,148,2187,1090,1097,612,286,326,110Y12M
10002,宜蘭縣,10002040,頭城鎮,10002040-001,石城里,11,4,7,226,137,89,85,37,48,110Y12M
10002,宜蘭縣,10002040,頭城鎮,10002040-002,大里里,63,35,28,520,272,248,168,75,93,110Y12M
10002,宜蘭縣,10002040,頭城鎮,10002040-003,大溪里,89,41,48,718,357,361,178,90,88,110Y12M
10002,宜蘭縣,10002040,頭城鎮,10002040-004,合興里,32,20,12,275,154,121,73,35,38,110Y12M
10002,宜蘭縣,10002040,頭城鎮,10002040-005,更新里,114,57,57,1057,556,501,313,129,184,110Y12M
10002,宜蘭縣,10002040,頭城鎮,10002040-006,外澳里,91,51,40,699,401,298,180,81,99,110Y12M
10002,宜蘭縣,10002040,頭城鎮,10002040-007,港口里,72,40,32,557,289,268,144,69,75,110Y12M
10002,宜蘭縣,10002040,頭城鎮,10002040-008,武營里,213,116,97,1314,658,656,326,141,185,110Y12M
10002,宜蘭縣,10002040,頭城鎮,10002040-009,大坑里,140,74,66,1133,543,590,249,122,127,110Y12M
10002,宜蘭縣,10002040,頭城鎮,10002040-010,城東里,70,31,39,502,252,250,208,102,106,110Y12M
10002,宜蘭縣,10002040,頭城鎮,10002040-011,城北里,73,38,35,376,195,181,123,61,62,110Y12M
10002,宜蘭縣,10002040,頭城鎮,10002040-012,城西里,49,27,22,371,192,179,153,73,80,110Y12M
10002,宜蘭縣,10002040,頭城鎮,10002040-013,城南里,81,44,37,493,244,249,158,68,90,110Y12M
10002,宜蘭縣,10002040,頭城鎮,10002040-014,竹安里,246,121,125,1724,925,799,401,177,224,110Y12M
10002,宜蘭縣,10002040,頭城鎮,10002040-015,新建里,260,159,101,1670,904,766,454,201,253,110Y12M
10002,宜蘭縣,10002040,頭城鎮,10002040-016,拔雅里,319,167,152,1875,965,910,347,153,194,110Y12M
10002,宜蘭縣,10002040,頭城鎮,10002040-017,福成里,111,60,51,731,419,312,224,104,120,110Y12M
10002,宜蘭縣,10002040,頭城鎮,10002040-018,金面里,190,92,98,1380,781,599,384,163,221,110Y12M
10002,宜蘭縣,10002040,頭城鎮,10002040-019,金盈里,77,36,41,552,320,232,151,67,84,110Y12M
10002,宜蘭縣,10002040,頭城鎮,10002040-020,頂埔里,169,84,85,1020,540,480,307,144,163,110Y12M
10002,宜蘭縣,10002040,頭城鎮,10002040-021,下埔里,90,47,43,735,420,315,206,96,110,110Y12M
10002,宜蘭縣,10002040,頭城鎮,10002040-022,中崙里,138,78,60,801,434,367,220,97,123,110Y12M
10002,宜蘭縣,10002040,頭城鎮,10002040-023,二城里,121,63,58,889,480,409,233,105,128,110Y12M
10002,宜蘭縣,10002040,頭城鎮,10002040-024,龜山里,94,41,53,579,271,308,149,72,77,110Y12M
10002,宜蘭縣,10002050,礁溪鄉,10002050-001,白雲村,196,98,98,1290,711,579,326,160,166,110Y12M
10002,宜蘭縣,10002050,礁溪鄉,10002050-002,玉石村,202,114,88,1576,827,749,436,210,226,110Y12M
10002,宜蘭縣,10002050,礁溪鄉,10002050-003,德陽村,463,239,224,3239,1604,1635,861,391,470,110Y12M
10002,宜蘭縣,10002050,礁溪鄉,10002050-004,大忠村,327,176,151,2094,987,1107,528,255,273,110Y12M
10002,宜蘭縣,10002050,礁溪鄉,10002050-005,大義村,76,40,36,459,245,214,170,92,78,110Y12M
10002,宜蘭縣,10002050,礁溪鄉,10002050-006,六結村,186,93,93,1031,542,489,350,175,175,110Y12M
10002,宜蘭縣,10002050,礁溪鄉,10002050-007,二龍村,95,52,43,938,519,419,270,135,135,110Y12M
10002,宜蘭縣,10002050,礁溪鄉,10002050-008,時潮村,151,74,77,1138,618,520,338,176,162,110Y12M
10002,宜蘭縣,10002050,礁溪鄉,10002050-009,玉田村,188,100,88,1710,914,796,464,238,226,110Y12M
10002,宜蘭縣,10002050,礁溪鄉,10002050-010,三民村,278,152,126,1889,1007,882,587,295,292,110Y12M
10002,宜蘭縣,10002050,礁溪鄉,10002050-011,林美村,117,63,54,913,505,408,249,124,125,110Y12M
10002,宜蘭縣,10002050,礁溪鄉,10002050-012,白鵝村,74,38,36,672,385,287,187,89,98,110Y12M
10002,宜蘭縣,10002050,礁溪鄉,10002050-013,玉光村,112,57,55,872,470,402,238,129,109,110Y12M
10002,宜蘭縣,10002050,礁溪鄉,10002050-014,光武村,149,76,73,1128,600,528,270,142,128,110Y12M
10002,宜蘭縣,10002050,礁溪鄉,10002050-015,吳沙村,314,154,160,2038,1064,974,554,271,283,110Y12M
10002,宜蘭縣,10002050,礁溪鄉,10002050-016,龍潭村,382,179,203,2779,1452,1327,644,297,347,110Y12M
10002,宜蘭縣,10002050,礁溪鄉,10002050-017,匏崙村,78,42,36,731,408,323,223,110,113,110Y12M
10002,宜蘭縣,10002050,礁溪鄉,10002050-018,二結村,56,30,26,323,182,141,98,51,47,110Y12M
10002,宜蘭縣,10002060,壯圍鄉,10002060-001,吉祥村,352,192,160,2245,1141,1104,487,227,260,110Y12M
10002,宜蘭縣,10002060,壯圍鄉,10002060-002,美福村,142,80,62,1625,874,751,376,179,197,110Y12M
10002,宜蘭縣,10002060,壯圍鄉,10002060-003,新南村,81,49,32,766,427,339,200,97,103,110Y12M
10002,宜蘭縣,10002060,壯圍鄉,10002060-004,東港村,76,39,37,800,431,369,196,93,103,110Y12M
10002,宜蘭縣,10002060,壯圍鄉,10002060-005,復興村,132,67,65,1304,712,592,341,170,171,110Y12M
10002,宜蘭縣,10002060,壯圍鄉,10002060-006,過嶺村,107,57,50,1201,661,540,324,137,187,110Y12M
10002,宜蘭縣,10002060,壯圍鄉,10002060-007,永鎮村,49,21,28,632,344,288,171,77,94,110Y12M
10002,宜蘭縣,10002060,壯圍鄉,10002060-008,忠孝村,281,139,142,2016,1076,940,443,219,224,110Y12M
10002,宜蘭縣,10002060,壯圍鄉,10002060-009,古亭村,161,79,82,1305,710,595,309,163,146,110Y12M
10002,宜蘭縣,10002060,壯圍鄉,10002060-010,功勞村,124,57,67,1050,558,492,242,118,124,110Y12M
10002,宜蘭縣,10002060,壯圍鄉,10002060-011,美城村,186,104,82,1844,998,846,470,240,230,110Y12M
10002,宜蘭縣,10002060,壯圍鄉,10002060-012,新社村,77,39,38,832,457,375,260,125,135,110Y12M
10002,宜蘭縣,10002060,壯圍鄉,10002060-013,大福村,137,64,73,1408,746,662,377,168,209,110Y12M
10002,宜蘭縣,10002060,壯圍鄉,10002060-014,古結村,101,49,52,952,507,445,209,95,114,110Y12M
10002,宜蘭縣,10002070,員山鄉,10002070-001,員山村,610,333,277,5078,2576,2502,983,441,542,110Y12M
10002,宜蘭縣,10002070,員山鄉,10002070-002,尚德村,142,78,64,1769,962,807,431,205,226,110Y12M
10002,宜蘭縣,10002070,員山鄉,10002070-003,惠好村,214,113,101,1411,751,660,317,155,162,110Y12M
10002,宜蘭縣,10002070,員山鄉,10002070-004,七賢村,206,109,97,1333,723,610,236,114,122,110Y12M
10002,宜蘭縣,10002070,員山鄉,10002070-005,深溝村,238,104,134,1639,876,763,361,198,163,110Y12M
10002,宜蘭縣,10002070,員山鄉,10002070-006,蓁巷村,100,51,49,1026,566,460,272,131,141,110Y12M
10002,宜蘭縣,10002070,員山鄉,10002070-007,內城村,188,106,82,1171,610,561,310,129,181,110Y12M
10002,宜蘭縣,10002070,員山鄉,10002070-008,中華村,49,26,23,409,237,172,189,118,71,110Y12M
10002,宜蘭縣,10002070,員山鄉,10002070-009,永和村,183,90,93,1511,803,708,350,166,184,110Y12M
10002,宜蘭縣,10002070,員山鄉,10002070-010,頭分村,105,62,43,1158,632,526,215,100,115,110Y12M
10002,宜蘭縣,10002070,員山鄉,10002070-011,枕山村,235,123,112,1762,984,778,540,265,275,110Y12M
10002,宜蘭縣,10002070,員山鄉,10002070-012,同樂村,235,129,106,1948,1104,844,514,232,282,110Y12M
10002,宜蘭縣,10002070,員山鄉,10002070-013,湖東村,88,42,46,712,373,339,195,86,109,110Y12M
10002,宜蘭縣,10002070,員山鄉,10002070-014,逸仙村,71,34,37,751,424,327,214,117,97,110Y12M
10002,宜蘭縣,10002070,員山鄉,10002070-015,湖北村,89,43,46,747,412,335,256,131,125,110Y12M
10002,宜蘭縣,10002070,員山鄉,10002070-016,湖西村,115,57,58,1013,597,416,367,177,190,110Y12M
10002,宜蘭縣,10002080,冬山鄉,10002080-001,武淵村,88,47,41,1062,555,507,256,125,131,110Y12M
10002,宜蘭縣,10002080,冬山鄉,10002080-002,珍珠村,196,100,96,1376,707,669,304,137,167,110Y12M
10002,宜蘭縣,10002080,冬山鄉,10002080-003,補城村,141,74,67,964,491,473,217,108,109,110Y12M
10002,宜蘭縣,10002080,冬山鄉,10002080-004,三奇村,104,52,52,722,373,349,197,96,101,110Y12M
10002,宜蘭縣,10002080,冬山鄉,10002080-005,大興村,72,43,29,689,394,295,204,93,111,110Y12M
10002,宜蘭縣,10002080,冬山鄉,10002080-006,東城村,216,104,112,1139,588,551,315,147,168,110Y12M
10002,宜蘭縣,10002080,冬山鄉,10002080-007,香和村,826,401,425,2578,1274,1304,490,219,271,110Y12M
10002,宜蘭縣,10002080,冬山鄉,10002080-008,南興村,636,322,314,2578,1322,1256,504,244,260,110Y12M
10002,宜蘭縣,10002080,冬山鄉,10002080-009,冬山村,85,44,41,511,266,245,187,92,95,110Y12M
10002,宜蘭縣,10002080,冬山鄉,10002080-010,安平村,101,53,48,562,285,277,166,76,90,110Y12M
10002,宜蘭縣,10002080,冬山鄉,10002080-011,太和村,164,91,73,1223,653,570,318,149,169,110Y12M
10002,宜蘭縣,10002080,冬山鄉,10002080-012,八寶村,61,37,24,719,385,334,180,83,97,110Y12M
10002,宜蘭縣,10002080,冬山鄉,10002080-013,丸山村,154,96,58,1239,656,583,320,149,171,110Y12M
10002,宜蘭縣,10002080,冬山鄉,10002080-014,中山村,47,27,20,335,172,163,121,69,52,110Y12M
10002,宜蘭縣,10002080,冬山鄉,10002080-015,順安村,495,255,240,4098,2131,1967,1009,468,541,110Y12M
10002,宜蘭縣,10002080,冬山鄉,10002080-016,永美村,308,150,158,2631,1338,1293,602,280,322,110Y12M
10002,宜蘭縣,10002080,冬山鄉,10002080-017,群英村,500,246,254,3552,1851,1701,1142,502,640,110Y12M
10002,宜蘭縣,10002080,冬山鄉,10002080-018,清溝村,711,362,349,3137,1559,1578,769,334,435,110Y12M
10002,宜蘭縣,10002080,冬山鄉,10002080-019,鹿埔村,264,140,124,2182,1187,995,504,242,262,110Y12M
10002,宜蘭縣,10002080,冬山鄉,10002080-020,得安村,89,43,46,874,486,388,213,104,109,110Y12M
10002,宜蘭縣,10002080,冬山鄉,10002080-021,廣興村,182,101,81,2011,1032,979,551,251,300,110Y12M
10002,宜蘭縣,10002080,冬山鄉,10002080-022,廣安村,137,64,73,1438,747,691,325,145,180,110Y12M
10002,宜蘭縣,10002080,冬山鄉,10002080-023,柯林村,174,89,85,1504,757,747,307,161,146,110Y12M
10002,宜蘭縣,10002080,冬山鄉,10002080-024,大進村,64,32,32,565,331,234,223,122,101,110Y12M
10002,宜蘭縣,10002090,五結鄉,10002090-001,三興村,224,111,113,1684,899,785,431,208,223,110Y12M
10002,宜蘭縣,10002090,五結鄉,10002090-002,二結村,188,95,93,1550,802,748,411,175,236,110Y12M
10002,宜蘭縣,10002090,五結鄉,10002090-003,鎮安村,283,153,130,2219,1152,1067,496,241,255,110Y12M
10002,宜蘭縣,10002090,五結鄉,10002090-004,上四村,99,50,49,1189,637,552,382,171,211,110Y12M
10002,宜蘭縣,10002090,五結鄉,10002090-005,中興村,117,55,62,1130,566,564,280,133,147,110Y12M
10002,宜蘭縣,10002090,五結鄉,10002090-006,四結村,237,117,120,2014,1016,998,599,291,308,110Y12M
10002,宜蘭縣,10002090,五結鄉,10002090-007,福興村,192,95,97,1427,771,656,397,187,210,110Y12M
10002,宜蘭縣,10002090,五結鄉,10002090-008,五結村,472,249,223,3118,1634,1484,711,322,389,110Y12M
10002,宜蘭縣,10002090,五結鄉,10002090-009,大吉村,534,297,237,3247,1633,1614,637,310,327,110Y12M
10002,宜蘭縣,10002090,五結鄉,10002090-010,協和村,428,217,211,2765,1387,1378,608,295,313,110Y12M
10002,宜蘭縣,10002090,五結鄉,10002090-011,孝威村,167,92,75,1343,714,629,334,172,162,110Y12M
10002,宜蘭縣,10002090,五結鄉,10002090-012,錦眾村,130,69,61,1110,606,504,337,159,178,110Y12M
10002,宜蘭縣,10002090,五結鄉,10002090-013,利澤村,182,91,91,1616,843,773,382,172,210,110Y12M
10002,宜蘭縣,10002090,五結鄉,10002090-014,成興村,463,244,219,2740,1411,1329,567,260,307,110Y12M
10002,宜蘭縣,10002090,五結鄉,10002090-015,季新村,262,148,114,2276,1215,1061,561,277,284,110Y12M
10002,宜蘭縣,10002100,三星鄉,10002100-001,員山村,3,2,1,147,85,62,51,25,26,110Y12M
10002,宜蘭縣,10002100,三星鄉,10002100-002,天山村,31,12,19,330,193,137,166,79,87,110Y12M
10002,宜蘭縣,10002100,三星鄉,10002100-003,天福村,64,33,31,523,298,225,210,102,108,110Y12M
10002,宜蘭縣,10002100,三星鄉,10002100-004,雙賢村,52,27,25,403,239,164,162,82,80,110Y12M
10002,宜蘭縣,10002100,三星鄉,10002100-005,人和村,36,22,14,326,170,156,131,59,72,110Y12M
10002,宜蘭縣,10002100,三星鄉,10002100-006,義德村,155,109,46,881,497,384,299,148,151,110Y12M
10002,宜蘭縣,10002100,三星鄉,10002100-007,集慶村,98,50,48,859,453,406,307,142,165,110Y12M
10002,宜蘭縣,10002100,三星鄉,10002100-008,月眉村,81,51,30,668,373,295,229,110,119,110Y12M
10002,宜蘭縣,10002100,三星鄉,10002100-009,拱照村,85,45,40,1116,696,420,294,151,143,110Y12M
10002,宜蘭縣,10002100,三星鄉,10002100-010,大隱村,395,212,183,3633,1907,1726,836,415,421,110Y12M
10002,宜蘭縣,10002100,三星鄉,10002100-011,行健村,59,29,30,708,385,323,197,90,107,110Y12M
10002,宜蘭縣,10002100,三星鄉,10002100-012,萬德村,47,28,19,451,258,193,142,78,64,110Y12M
10002,宜蘭縣,10002100,三星鄉,10002100-013,貴林村,42,18,24,436,240,196,107,57,50,110Y12M
10002,宜蘭縣,10002100,三星鄉,10002100-014,萬富村,48,24,24,543,309,234,204,104,100,110Y12M
10002,宜蘭縣,10002100,三星鄉,10002100-015,大義村,117,59,58,1035,548,487,287,146,141,110Y12M
10002,宜蘭縣,10002100,三星鄉,10002100-016,尚武村,50,27,23,616,346,270,172,85,87,110Y12M
10002,宜蘭縣,10002100,三星鄉,10002100-017,大洲村,149,79,70,1268,708,560,353,173,180,110Y12M
10002,宜蘭縣,10002100,三星鄉,10002100-018,尾塹村,93,52,41,1199,655,544,312,157,155,110Y12M
10002,宜蘭縣,10002110,大同鄉,10002110-001,寒溪村,186,88,98,823,438,385,142,78,64,110Y12M
10002,宜蘭縣,10002110,大同鄉,10002110-002,崙埤村,124,75,49,588,309,279,61,33,28,110Y12M
10002,宜蘭縣,10002110,大同鄉,10002110-003,松羅村,107,58,49,652,356,296,98,55,43,110Y12M
10002,宜蘭縣,10002110,大同鄉,10002110-004,復興村,24,16,8,188,107,81,69,40,29,110Y12M
10002,宜蘭縣,10002110,大同鄉,10002110-005,英士村,64,28,36,290,161,129,46,28,18,110Y12M
10002,宜蘭縣,10002110,大同鄉,10002110-006,樂水村,67,37,30,351,189,162,51,21,30,110Y12M
10002,宜蘭縣,10002110,大同鄉,10002110-007,太平村,0,0,0,32,20,12,13,9,4,110Y12M
10002,宜蘭縣,10002110,大同鄉,10002110-008,四季村,178,86,92,715,389,326,113,50,63,110Y12M
10002,宜蘭縣,10002110,大同鄉,10002110-009,南山村,191,88,103,616,347,269,62,29,33,110Y12M
10002,宜蘭縣,10002110,大同鄉,10002110-010,茂安村,43,19,24,167,103,64,27,12,15,110Y12M
10002,宜蘭縣,10002120,南澳鄉,10002120-001,南澳村,232,123,109,1067,558,509,164,80,84,110Y12M
10002,宜蘭縣,10002120,南澳鄉,10002120-002,碧候村,257,130,127,912,478,434,120,63,57,110Y12M
10002,宜蘭縣,10002120,南澳鄉,10002120-003,東岳村,112,54,58,391,186,205,73,32,41,110Y12M
10002,宜蘭縣,10002120,南澳鄉,10002120-004,金岳村,127,66,61,382,192,190,53,24,29,110Y12M
10002,宜蘭縣,10002120,南澳鄉,10002120-005,武塔村,78,39,39,369,209,160,75,34,41,110Y12M
10002,宜蘭縣,10002120,南澳鄉,10002120-006,金洋村,117,71,46,453,234,219,56,23,33,110Y12M
10002,宜蘭縣,10002120,南澳鄉,10002120-007,澳花村,223,113,110,661,362,299,88,43,45,110Y12M
10004,新竹縣,10004010,竹北市,10004010-001,斗崙里,2601,1353,1248,6855,3243,3612,502,241,261,110Y12M
10004,新竹縣,10004010,竹北市,10004010-002,鹿場里,5278,2645,2633,10789,5241,5548,680,291,389,110Y12M
10004,新竹縣,10004010,竹北市,10004010-003,東平里,6069,3081,2988,11979,5854,6125,628,279,349,110Y12M
10004,新竹縣,10004010,竹北市,10004010-004,中興里,3446,1778,1668,8003,3855,4148,590,268,322,110Y12M
10004,新竹縣,10004010,竹北市,10004010-005,隘口里,1198,632,566,2941,1476,1465,292,144,148,110Y12M
10004,新竹縣,10004010,竹北市,10004010-006,東海里,396,203,193,2490,1346,1144,599,294,305,110Y12M
10004,新竹縣,10004010,竹北市,10004010-007,竹北里,2584,1349,1235,7566,3717,3849,844,349,495,110Y12M
10004,新竹縣,10004010,竹北市,10004010-008,竹仁里,1956,972,984,7830,3804,4026,1389,630,759,110Y12M
10004,新竹縣,10004010,竹北市,10004010-009,竹義里,973,499,474,5191,2695,2496,947,438,509,110Y12M
10004,新竹縣,10004010,竹北市,10004010-010,泰和里,1243,664,579,5466,2745,2721,865,390,475,110Y12M
10004,新竹縣,10004010,竹北市,10004010-011,新社里,1172,587,585,6250,3132,3118,1133,508,625,110Y12M
10004,新竹縣,10004010,竹北市,10004010-012,聯興里,598,309,289,3927,2051,1876,710,332,378,110Y12M
10004,新竹縣,10004010,竹北市,10004010-013,麻園里,269,144,125,1759,910,849,307,150,157,110Y12M
10004,新竹縣,10004010,竹北市,10004010-014,溪州里,281,148,133,2124,1121,1003,421,203,218,110Y12M
10004,新竹縣,10004010,竹北市,10004010-015,白地里,261,127,134,1892,980,912,379,182,197,110Y12M
10004,新竹縣,10004010,竹北市,10004010-016,新港里,138,71,67,1008,548,460,264,124,140,110Y12M
10004,新竹縣,10004010,竹北市,10004010-017,大義里,214,112,102,1356,716,640,318,158,160,110Y12M
10004,新竹縣,10004010,竹北市,10004010-018,崇義里,222,117,105,1571,863,708,392,182,210,110Y12M
10004,新竹縣,10004010,竹北市,10004010-019,大眉里,260,145,115,1529,787,742,284,130,154,110Y12M
10004,新竹縣,10004010,竹北市,10004010-020,尚義里,172,96,76,1439,787,652,303,125,178,110Y12M
10004,新竹縣,10004010,竹北市,10004010-021,十興里,3195,1659,1536,6821,3251,3570,460,191,269,110Y12M
10004,新竹縣,10004010,竹北市,10004010-022,新國里,1142,595,547,5512,2810,2702,790,378,412,110Y12M
10004,新竹縣,10004010,竹北市,10004010-023,新庄里,90,58,32,878,472,406,213,107,106,110Y12M
10004,新竹縣,10004010,竹北市,10004010-024,北崙里,950,491,459,3578,1708,1870,466,208,258,110Y12M
10004,新竹縣,10004010,竹北市,10004010-025,新崙里,1188,602,586,5744,2972,2772,814,383,431,110Y12M
10004,新竹縣,10004010,竹北市,10004010-026,福德里,567,307,260,2713,1334,1379,677,304,373,110Y12M
10004,新竹縣,10004010,竹北市,10004010-027,東興里,2544,1323,1221,7012,3480,3532,578,263,315,110Y12M
10004,新竹縣,10004010,竹北市,10004010-028,北興里,2831,1502,1329,5790,2794,2996,277,137,140,110Y12M
10004,新竹縣,10004010,竹北市,10004010-029,興安里,1030,522,508,3581,1742,1839,278,125,153,110Y12M
10004,新竹縣,10004010,竹北市,10004010-030,文化里,853,441,412,3209,1524,1685,349,167,182,110Y12M
10004,新竹縣,10004010,竹北市,10004010-031,中崙里,2282,1184,1098,6129,2980,3149,505,235,270,110Y12M
10004,新竹縣,10004020,竹東鎮,10004020-001,上坪里,24,14,10,210,133,77,96,52,44,110Y12M
10004,新竹縣,10004020,竹東鎮,10004020-002,瑞峰里,13,8,5,282,167,115,115,65,50,110Y12M
10004,新竹縣,10004020,竹東鎮,10004020-003,軟橋里,25,19,6,298,170,128,87,46,41,110Y12M
10004,新竹縣,10004020,竹東鎮,10004020-004,員崠里,218,102,116,1865,919,946,480,236,244,110Y12M
10004,新竹縣,10004020,竹東鎮,10004020-005,東寧里,322,170,152,2657,1323,1334,688,271,417,110Y12M
10004,新竹縣,10004020,竹東鎮,10004020-006,上■里,1355,729,626,8176,4136,4040,1496,657,839,110Y12M
10004,新竹縣,10004020,竹東鎮,10004020-007,大鄉里,682,336,346,3976,2033,1943,830,378,452,110Y12M
10004,新竹縣,10004020,竹東鎮,10004020-008,東華里,62,27,35,432,218,214,217,110,107,110Y12M
10004,新竹縣,10004020,竹東鎮,10004020-009,商華里,401,222,179,2466,1271,1195,634,298,336,110Y12M
10004,新竹縣,10004020,竹東鎮,10004020-010,竹東里,171,88,83,955,503,452,400,189,211,110Y12M
10004,新竹縣,10004020,竹東鎮,10004020-011,榮樂里,163,81,82,1004,533,471,372,171,201,110Y12M
10004,新竹縣,10004020,竹東鎮,10004020-012,■林里,567,275,292,3095,1548,1547,775,353,422,110Y12M
10004,新竹縣,10004020,竹東鎮,10004020-013,仁愛里,516,266,250,2840,1450,1390,584,272,312,110Y12M
10004,新竹縣,10004020,竹東鎮,10004020-014,五豐里,1335,683,652,6791,3387,3404,1055,483,572,110Y12M
10004,新竹縣,10004020,竹東鎮,10004020-015,三重里,1201,587,614,5747,2901,2846,895,420,475,110Y12M
10004,新竹縣,10004020,竹東鎮,10004020-016,頭重里,542,276,266,3883,2137,1746,757,352,405,110Y12M
10004,新竹縣,10004020,竹東鎮,10004020-017,員山里,150,79,71,1605,852,753,376,203,173,110Y12M
10004,新竹縣,10004020,竹東鎮,10004020-018,柯湖里,51,29,22,451,268,183,152,81,71,110Y12M
10004,新竹縣,10004020,竹東鎮,10004020-019,二重里,2866,1498,1368,10742,5500,5242,1401,661,740,110Y12M
10004,新竹縣,10004020,竹東鎮,10004020-020,中山里,211,119,92,1294,670,624,423,171,252,110Y12M
10004,新竹縣,10004020,竹東鎮,10004020-021,中正里,331,166,165,2025,1006,1019,471,216,255,110Y12M
10004,新竹縣,10004020,竹東鎮,10004020-022,南華里,110,54,56,729,395,334,299,132,167,110Y12M
10004,新竹縣,10004020,竹東鎮,10004020-023,榮華里,1391,729,662,5913,2912,3001,1347,579,768,110Y12M
10004,新竹縣,10004020,竹東鎮,10004020-024,忠孝里,227,120,107,1227,632,595,345,156,189,110Y12M
10004,新竹縣,10004020,竹東鎮,10004020-025,陸豐里,98,53,45,456,250,206,144,67,77,110Y12M
10004,新竹縣,10004030,新埔鎮,10004030-001,內立里,79,38,41,845,454,391,300,151,149,110Y12M
10004,新竹縣,10004030,新埔鎮,10004030-002,寶石里,68,40,28,645,347,298,233,126,107,110Y12M
10004,新竹縣,10004030,新埔鎮,10004030-003,文山里,344,200,144,3848,2075,1773,847,383,464,110Y12M
10004,新竹縣,10004030,新埔鎮,10004030-004,五埔里,262,150,112,1650,901,749,411,205,206,110Y12M
10004,新竹縣,10004030,新埔鎮,10004030-005,四座里,388,199,189,2594,1374,1220,747,365,382,110Y12M
10004,新竹縣,10004030,新埔鎮,10004030-006,旱坑里,170,99,71,1342,757,585,439,227,212,110Y12M
10004,新竹縣,10004030,新埔鎮,10004030-007,田新里,462,238,224,2667,1383,1284,600,270,330,110Y12M
10004,新竹縣,10004030,新埔鎮,10004030-008,新埔里,99,52,47,683,362,321,296,127,169,110Y12M
10004,新竹縣,10004030,新埔鎮,10004030-009,新生里,53,30,23,384,215,169,177,81,96,110Y12M
10004,新竹縣,10004030,新埔鎮,10004030-010,新民里,101,46,55,773,427,346,260,124,136,110Y12M
10004,新竹縣,10004030,新埔鎮,10004030-011,上寮里,195,107,88,1459,786,673,426,207,219,110Y12M
10004,新竹縣,10004030,新埔鎮,10004030-012,下寮里,198,107,91,2089,1147,942,469,233,236,110Y12M
10004,新竹縣,10004030,新埔鎮,10004030-013,南平里,104,53,51,718,396,322,279,155,124,110Y12M
10004,新竹縣,10004030,新埔鎮,10004030-014,北平里,63,32,31,487,281,206,167,90,77,110Y12M
10004,新竹縣,10004030,新埔鎮,10004030-015,巨埔里,115,54,61,827,458,369,290,160,130,110Y12M
10004,新竹縣,10004030,新埔鎮,10004030-016,照門里,127,68,59,1008,588,420,356,186,170,110Y12M
10004,新竹縣,10004030,新埔鎮,10004030-017,清水里,20,6,14,294,178,116,116,64,52,110Y12M
10004,新竹縣,10004030,新埔鎮,10004030-018,鹿鳴里,72,39,33,538,314,224,183,95,88,110Y12M
10004,新竹縣,10004030,新埔鎮,10004030-019,新北里,32,13,19,414,244,170,162,86,76,110Y12M
10004,新竹縣,10004040,關西鎮,10004040-001,東興里,64,41,23,351,189,162,138,71,67,110Y12M
10004,新竹縣,10004040,關西鎮,10004040-002,西安里,268,159,109,1502,774,728,451,216,235,110Y12M
10004,新竹縣,10004040,關西鎮,10004040-003,南雄里,75,43,32,539,301,238,166,79,87,110Y12M
10004,新竹縣,10004040,關西鎮,10004040-004,北斗里,491,244,247,2877,1506,1371,872,401,471,110Y12M
10004,新竹縣,10004040,關西鎮,10004040-005,仁安里,95,54,41,721,387,334,274,153,121,110Y12M
10004,新竹縣,10004040,關西鎮,10004040-006,北山里,76,39,37,558,322,236,203,105,98,110Y12M
10004,新竹縣,10004040,關西鎮,10004040-007,南山里,131,63,68,810,457,353,255,130,125,110Y12M
10004,新竹縣,10004040,關西鎮,10004040-008,東安里,528,285,243,3219,1668,1551,680,341,339,110Y12M
10004,新竹縣,10004040,關西鎮,10004040-009,東光里,106,60,46,964,553,411,313,156,157,110Y12M
10004,新竹縣,10004040,關西鎮,10004040-010,新富里,42,20,22,386,242,144,151,70,81,110Y12M
10004,新竹縣,10004040,關西鎮,10004040-011,金山里,30,14,16,385,221,164,159,81,78,110Y12M
10004,新竹縣,10004040,關西鎮,10004040-012,錦山里,87,49,38,690,420,270,232,115,117,110Y12M
10004,新竹縣,10004040,關西鎮,10004040-013,玉山里,37,17,20,300,173,127,139,68,71,110Y12M
10004,新竹縣,10004040,關西鎮,10004040-014,大同里,53,31,22,564,316,248,238,117,121,110Y12M
10004,新竹縣,10004040,關西鎮,10004040-015,石光里,164,81,83,1338,721,617,467,233,234,110Y12M
10004,新竹縣,10004040,關西鎮,10004040-016,上林里,78,44,34,564,325,239,241,123,118,110Y12M
10004,新竹縣,10004040,關西鎮,10004040-017,新力里,32,12,20,380,229,151,161,92,69,110Y12M
10004,新竹縣,10004040,關西鎮,10004040-018,南和里,78,42,36,627,353,274,185,97,88,110Y12M
10004,新竹縣,10004040,關西鎮,10004040-019,東山里,72,43,29,623,360,263,203,104,99,110Y12M
10004,新竹縣,10004040,關西鎮,10004040-020,南新里,37,16,21,642,397,245,275,139,136,110Y12M
10004,新竹縣,10004040,關西鎮,10004040-021,東平里,48,20,28,682,376,306,260,150,110,110Y12M
10004,新竹縣,10004050,湖口鄉,10004050-001,孝勢村,128,85,43,983,485,498,276,122,154,110Y12M
10004,新竹縣,10004050,湖口鄉,10004050-002,仁勢村,132,71,61,673,342,331,198,85,113,110Y12M
10004,新竹縣,10004050,湖口鄉,10004050-003,愛勢村,687,347,340,3220,1620,1600,895,406,489,110Y12M
10004,新竹縣,10004050,湖口鄉,10004050-004,信勢村,904,467,437,4551,2301,2250,902,433,469,110Y12M
10004,新竹縣,10004050,湖口鄉,10004050-005,中勢村,802,404,398,2804,1465,1339,587,288,299,110Y12M
10004,新竹縣,10004050,湖口鄉,10004050-006,德盛村,879,458,421,4363,2184,2179,804,372,432,110Y12M
10004,新竹縣,10004050,湖口鄉,10004050-007,和興村,283,147,136,2401,1300,1101,520,255,265,110Y12M
10004,新竹縣,10004050,湖口鄉,10004050-008,長嶺村,544,295,249,2745,1465,1280,532,262,270,110Y12M
10004,新竹縣,10004050,湖口鄉,10004050-009,長安村,131,78,53,846,470,376,228,123,105,110Y12M
10004,新竹縣,10004050,湖口鄉,10004050-010,湖口村,387,207,180,2335,1189,1146,517,258,259,110Y12M
10004,新竹縣,10004050,湖口鄉,10004050-011,湖鏡村,375,208,167,2069,1078,991,499,229,270,110Y12M
10004,新竹縣,10004050,湖口鄉,10004050-012,湖南村,216,114,102,1216,627,589,331,164,167,110Y12M
10004,新竹縣,10004050,湖口鄉,10004050-013,波羅村,307,168,139,1976,1032,944,300,142,158,110Y12M
10004,新竹縣,10004050,湖口鄉,10004050-014,鳳凰村,562,294,268,4569,2271,2298,733,374,359,110Y12M
10004,新竹縣,10004050,湖口鄉,10004050-015,鳳山村,367,180,187,2803,1485,1318,520,237,283,110Y12M
10004,新竹縣,10004050,湖口鄉,10004050-016,中興村,1129,567,562,5780,2884,2896,660,254,406,110Y12M
10004,新竹縣,10004050,湖口鄉,10004050-017,信義村,756,395,361,3444,1748,1696,591,265,326,110Y12M
10004,新竹縣,10004050,湖口鄉,10004050-018,中正村,856,416,440,3196,1630,1566,573,273,300,110Y12M
10004,新竹縣,10004050,湖口鄉,10004050-019,東興村,805,415,390,4062,2038,2024,613,273,340,110Y12M
10004,新竹縣,10004050,湖口鄉,10004050-020,勝利村,648,331,317,3871,1947,1924,518,218,300,110Y12M
10004,新竹縣,10004060,新豐鄉,10004060-001,福興村,77,37,40,908,483,425,211,117,94,110Y12M
10004,新竹縣,10004060,新豐鄉,10004060-002,後湖村,169,86,83,1489,828,661,362,187,175,110Y12M
10004,新竹縣,10004060,新豐鄉,10004060-003,青埔村,171,90,81,1599,901,698,332,182,150,110Y12M
10004,新竹縣,10004060,新豐鄉,10004060-004,埔和村,303,161,142,2415,1314,1101,471,233,238,110Y12M
10004,新竹縣,10004060,新豐鄉,10004060-005,瑞興村,207,107,100,1565,866,699,330,168,162,110Y12M
10004,新竹縣,10004060,新豐鄉,10004060-006,坡頭村,96,53,43,702,382,320,162,67,95,110Y12M
10004,新竹縣,10004060,新豐鄉,10004060-007,中崙村,369,197,172,2899,1512,1387,434,206,228,110Y12M
10004,新竹縣,10004060,新豐鄉,10004060-008,重興村,883,460,423,4769,2469,2300,783,341,442,110Y12M
10004,新竹縣,10004060,新豐鄉,10004060-009,新豐村,204,118,86,1685,925,760,454,216,238,110Y12M
10004,新竹縣,10004060,新豐鄉,10004060-010,員山村,603,321,282,2498,1246,1252,383,190,193,110Y12M
10004,新竹縣,10004060,新豐鄉,10004060-011,松林村,1170,602,568,4054,1995,2059,592,264,328,110Y12M
10004,新竹縣,10004060,新豐鄉,10004060-012,上坑村,200,114,86,1295,687,608,259,120,139,110Y12M
10004,新竹縣,10004060,新豐鄉,10004060-013,鳳坑村,120,69,51,874,508,366,234,112,122,110Y12M
10004,新竹縣,10004060,新豐鄉,10004060-014,忠孝村,855,417,438,3264,1616,1648,478,224,254,110Y12M
10004,新竹縣,10004060,新豐鄉,10004060-015,山崎村,960,487,473,3802,1899,1903,815,364,451,110Y12M
10004,新竹縣,10004060,新豐鄉,10004060-016,松柏村,2004,1029,975,5677,2833,2844,491,218,273,110Y12M
10004,新竹縣,10004060,新豐鄉,10004060-017,崎頂村,431,223,208,2365,1236,1129,435,192,243,110Y12M
10004,新竹縣,10004070,芎林鄉,10004070-001,五龍村,44,25,19,357,203,154,126,65,61,110Y12M
10004,新竹縣,10004070,芎林鄉,10004070-002,華龍村,36,18,18,277,166,111,111,59,52,110Y12M
10004,新竹縣,10004070,芎林鄉,10004070-003,秀湖村,70,37,33,754,418,336,205,109,96,110Y12M
10004,新竹縣,10004070,芎林鄉,10004070-004,永興村,39,22,17,318,184,134,103,54,49,110Y12M
10004,新竹縣,10004070,芎林鄉,10004070-005,石潭村,237,122,115,2146,1145,1001,597,291,306,110Y12M
10004,新竹縣,10004070,芎林鄉,10004070-006,新鳳村,158,82,76,1254,664,590,362,170,192,110Y12M
10004,新竹縣,10004070,芎林鄉,10004070-007,中坑村,58,31,27,493,268,225,148,79,69,110Y12M
10004,新竹縣,10004070,芎林鄉,10004070-008,水坑村,92,51,41,648,342,306,171,89,82,110Y12M
10004,新竹縣,10004070,芎林鄉,10004070-009,文林村,273,149,124,1879,1013,866,544,284,260,110Y12M
10004,新竹縣,10004070,芎林鄉,10004070-010,芎林村,180,94,86,1269,675,594,364,180,184,110Y12M
10004,新竹縣,10004070,芎林鄉,10004070-011,上山村,497,247,250,4201,2172,2029,700,347,353,110Y12M
10004,新竹縣,10004070,芎林鄉,10004070-012,下山村,96,49,47,838,461,377,291,145,146,110Y12M
10004,新竹縣,10004080,橫山鄉,10004080-001,橫山村,307,167,140,2591,1441,1150,782,384,398,110Y12M
10004,新竹縣,10004080,橫山鄉,10004080-002,田寮村,64,31,33,641,372,269,223,118,105,110Y12M
10004,新竹縣,10004080,橫山鄉,10004080-003,南昌村,9,6,3,120,84,36,55,41,14,110Y12M
10004,新竹縣,10004080,橫山鄉,10004080-004,豐鄉村,9,5,4,142,80,62,66,41,25,110Y12M
10004,新竹縣,10004080,橫山鄉,10004080-005,豐田村,36,18,18,229,119,110,93,50,43,110Y12M
10004,新竹縣,10004080,橫山鄉,10004080-006,內灣村,82,48,34,649,384,265,246,108,138,110Y12M
10004,新竹縣,10004080,橫山鄉,10004080-007,福興村,22,10,12,280,176,104,143,66,77,110Y12M
10004,新竹縣,10004080,橫山鄉,10004080-008,沙坑村,71,36,35,645,376,269,297,135,162,110Y12M
10004,新竹縣,10004080,橫山鄉,10004080-009,新興村,199,109,90,1104,599,505,442,229,213,110Y12M
10004,新竹縣,10004080,橫山鄉,10004080-010,大肚村,225,117,108,1357,753,604,340,154,186,110Y12M
10004,新竹縣,10004080,橫山鄉,10004080-011,力行村,61,37,24,579,312,267,234,117,117,110Y12M
10004,新竹縣,10004090,北埔鄉,10004090-001,北埔村,97,54,43,854,468,386,299,136,163,110Y12M
10004,新竹縣,10004090,北埔鄉,10004090-002,南興村,94,49,45,867,493,374,301,140,161,110Y12M
10004,新竹縣,10004090,北埔鄉,10004090-003,埔尾村,292,166,126,2093,1167,926,566,257,309,110Y12M
10004,新竹縣,10004090,北埔鄉,10004090-004,水■村,66,42,24,645,348,297,193,111,82,110Y12M
10004,新竹縣,10004090,北埔鄉,10004090-005,南埔村,41,22,19,271,161,110,105,57,48,110Y12M
10004,新竹縣,10004090,北埔鄉,10004090-006,大林村,60,27,33,571,318,253,165,80,85,110Y12M
10004,新竹縣,10004090,北埔鄉,10004090-007,大湖村,33,18,15,412,236,176,135,81,54,110Y12M
10004,新竹縣,10004090,北埔鄉,10004090-008,南坑村,26,12,14,208,123,85,110,62,48,110Y12M
10004,新竹縣,10004090,北埔鄉,10004090-009,外坪村,8,5,3,184,122,62,101,56,45,110Y12M
10004,新竹縣,10004100,寶山鄉,10004100-001,雙溪村,319,178,141,2442,1262,1180,324,159,165,110Y12M
10004,新竹縣,10004100,寶山鄉,10004100-002,大崎村,149,79,70,1720,932,788,321,173,148,110Y12M
10004,新竹縣,10004100,寶山鄉,10004100-003,三峰村,54,31,23,799,450,349,238,136,102,110Y12M
10004,新竹縣,10004100,寶山鄉,10004100-004,新城村,112,61,51,918,530,388,293,156,137,110Y12M
10004,新竹縣,10004100,寶山鄉,10004100-005,深井村,69,34,35,654,379,275,182,87,95,110Y12M
10004,新竹縣,10004100,寶山鄉,10004100-006,寶斗村,43,23,20,552,325,227,192,108,84,110Y12M
10004,新竹縣,10004100,寶山鄉,10004100-007,山湖村,38,20,18,418,241,177,119,68,51,110Y12M
10004,新竹縣,10004100,寶山鄉,10004100-008,寶山村,70,36,34,650,372,278,211,113,98,110Y12M
10004,新竹縣,10004100,寶山鄉,10004100-009,油田村,20,7,13,382,225,157,185,118,67,110Y12M
10004,新竹縣,10004100,寶山鄉,10004100-010,雙新村,282,154,128,2361,1255,1106,387,194,193,110Y12M
10004,新竹縣,10004110,峨眉鄉,10004110-001,峨眉村,81,44,37,600,340,260,253,132,121,110Y12M
10004,新竹縣,10004110,峨眉鄉,10004110-002,中盛村,36,20,16,499,288,211,185,102,83,110Y12M
10004,新竹縣,10004110,峨眉鄉,10004110-003,石井村,26,13,13,381,218,163,182,99,83,110Y12M
10004,新竹縣,10004110,峨眉鄉,10004110-004,富興村,144,73,71,1018,552,466,364,187,177,110Y12M
10004,新竹縣,10004110,峨眉鄉,10004110-005,七星村,32,12,20,394,227,167,215,126,89,110Y12M
10004,新竹縣,10004110,峨眉鄉,10004110-006,湖光村,36,23,13,577,328,249,286,153,133,110Y12M
10004,新竹縣,10004120,尖石鄉,10004120-001,義興村,71,40,31,472,249,223,121,67,54,110Y12M
10004,新竹縣,10004120,尖石鄉,10004120-002,嘉樂村,115,58,57,666,372,294,184,82,102,110Y12M
10004,新竹縣,10004120,尖石鄉,10004120-003,新樂村,250,119,131,1082,578,504,180,77,103,110Y12M
10004,新竹縣,10004120,尖石鄉,10004120-004,梅花村,103,52,51,580,318,262,89,44,45,110Y12M
10004,新竹縣,10004120,尖石鄉,10004120-005,錦屏村,285,140,145,1114,594,520,117,59,58,110Y12M
10004,新竹縣,10004120,尖石鄉,10004120-006,玉峰村,413,206,207,1297,676,621,133,61,72,110Y12M
10004,新竹縣,10004120,尖石鄉,10004120-007,秀巒村,551,310,241,1627,832,795,127,61,66,110Y12M
10004,新竹縣,10004130,五峰鄉,10004130-001,大隘村,226,122,104,1144,613,531,197,104,93,110Y12M
10004,新竹縣,10004130,五峰鄉,10004130-002,花園村,95,50,45,619,339,280,111,59,52,110Y12M
10004,新竹縣,10004130,五峰鄉,10004130-003,竹林村,41,16,25,314,176,138,63,35,28,110Y12M
10004,新竹縣,10004130,五峰鄉,10004130-004,桃山村,214,115,99,1199,665,534,250,128,122,110Y12M
10005,苗栗縣,10005010,苗栗市,10005010-001,中苗里,216,111,105,894,443,451,258,110,148,110Y12M
10005,苗栗縣,10005010,苗栗市,10005010-002,建功里,669,338,331,3279,1581,1698,943,405,538,110Y12M
10005,苗栗縣,10005010,苗栗市,10005010-003,青苗里,130,72,58,768,371,397,262,109,153,110Y12M
10005,苗栗縣,10005010,苗栗市,10005010-004,玉清里,316,160,156,1608,816,792,630,279,351,110Y12M
10005,苗栗縣,10005010,苗栗市,10005010-005,玉華里,543,285,258,2860,1484,1376,864,389,475,110Y12M
10005,苗栗縣,10005010,苗栗市,10005010-006,維新里,406,212,194,2742,1474,1268,976,415,561,110Y12M
10005,苗栗縣,10005010,苗栗市,10005010-007,維祥里,382,185,197,2610,1342,1268,767,322,445,110Y12M
10005,苗栗縣,10005010,苗栗市,10005010-008,綠苗里,76,41,35,589,315,274,233,115,118,110Y12M
10005,苗栗縣,10005010,苗栗市,10005010-009,高苗里,415,207,208,2709,1393,1316,628,299,329,110Y12M
10005,苗栗縣,10005010,苗栗市,10005010-010,玉苗里,101,53,48,636,337,299,241,105,136,110Y12M
10005,苗栗縣,10005010,苗栗市,10005010-011,大同里,42,16,26,366,190,176,148,60,88,110Y12M
10005,苗栗縣,10005010,苗栗市,10005010-012,新苗里,54,25,29,609,311,298,234,113,121,110Y12M
10005,苗栗縣,10005010,苗栗市,10005010-013,勝利里,349,179,170,3050,1581,1469,876,401,475,110Y12M
10005,苗栗縣,10005010,苗栗市,10005010-014,恭敬里,146,76,70,1085,543,542,303,133,170,110Y12M
10005,苗栗縣,10005010,苗栗市,10005010-015,上苗里,202,106,96,1149,580,569,413,199,214,110Y12M
10005,苗栗縣,10005010,苗栗市,10005010-016,北苗里,940,463,477,4109,2028,2081,1135,541,594,110Y12M
10005,苗栗縣,10005010,苗栗市,10005010-017,清華里,332,185,147,2344,1161,1183,808,360,448,110Y12M
10005,苗栗縣,10005010,苗栗市,10005010-018,嘉盛里,417,211,206,2725,1400,1325,790,365,425,110Y12M
10005,苗栗縣,10005010,苗栗市,10005010-019,福星里,588,296,292,3448,1705,1743,878,421,457,110Y12M
10005,苗栗縣,10005010,苗栗市,10005010-020,新川里,110,55,55,917,514,403,274,137,137,110Y12M
10005,苗栗縣,10005010,苗栗市,10005010-021,文山里,1028,521,507,3679,1795,1884,676,304,372,110Y12M
10005,苗栗縣,10005010,苗栗市,10005010-022,福麗里,994,457,537,4492,2248,2244,1087,498,589,110Y12M
10005,苗栗縣,10005010,苗栗市,10005010-023,水源里,266,145,121,2058,1023,1035,478,217,261,110Y12M
10005,苗栗縣,10005010,苗栗市,10005010-024,新英里,237,129,108,1375,711,664,313,153,160,110Y12M
10005,苗栗縣,10005010,苗栗市,10005010-025,福安里,468,248,220,2968,1496,1472,596,253,343,110Y12M
10005,苗栗縣,10005010,苗栗市,10005010-026,嘉新里,344,173,171,2154,1110,1044,700,337,363,110Y12M
10005,苗栗縣,10005010,苗栗市,10005010-027,南勢里,183,103,80,1566,852,714,380,181,199,110Y12M
10005,苗栗縣,10005010,苗栗市,10005010-028,文聖里,570,310,260,3181,1629,1552,554,264,290,110Y12M
10005,苗栗縣,10005020,苑裡鎮,10005020-001,苑東里,298,153,145,1855,962,893,377,151,226,110Y12M
10005,苗栗縣,10005020,苑裡鎮,10005020-002,苑南里,183,93,90,1085,552,533,381,177,204,110Y12M
10005,苗栗縣,10005020,苑裡鎮,10005020-003,苑北里,86,43,43,665,348,317,216,104,112,110Y12M
10005,苗栗縣,10005020,苑裡鎮,10005020-004,西平里,199,100,99,1376,704,672,272,132,140,110Y12M
10005,苗栗縣,10005020,苑裡鎮,10005020-005,苑港里,141,77,64,963,530,433,241,111,130,110Y12M
10005,苗栗縣,10005020,苑裡鎮,10005020-006,西勢里,248,134,114,1724,890,834,356,167,189,110Y12M
10005,苗栗縣,10005020,苑裡鎮,10005020-007,海岸里,85,39,46,875,472,403,208,93,115,110Y12M
10005,苗栗縣,10005020,苑裡鎮,10005020-008,房裡里,265,153,112,1794,955,839,439,213,226,110Y12M
10005,苗栗縣,10005020,苑裡鎮,10005020-009,客庄里,681,360,321,3393,1754,1639,799,369,430,110Y12M
10005,苗栗縣,10005020,苑裡鎮,10005020-010,中正里,254,132,122,1809,963,846,425,198,227,110Y12M
10005,苗栗縣,10005020,苑裡鎮,10005020-011,苑坑里,103,50,53,722,409,313,227,106,121,110Y12M
10005,苗栗縣,10005020,苑裡鎮,10005020-012,水坡里,53,29,24,490,269,221,161,85,76,110Y12M
10005,苗栗縣,10005020,苑裡鎮,10005020-013,新復里,107,48,59,1135,601,534,253,123,130,110Y12M
10005,苗栗縣,10005020,苑裡鎮,10005020-014,山■里,114,50,64,1050,569,481,323,154,169,110Y12M
10005,苗栗縣,10005020,苑裡鎮,10005020-015,舊社里,183,109,74,1495,757,738,363,165,198,110Y12M
10005,苗栗縣,10005020,苑裡鎮,10005020-016,福田里,128,55,73,966,539,427,287,142,145,110Y12M
10005,苗栗縣,10005020,苑裡鎮,10005020-017,石鎮里,37,23,14,413,231,182,132,65,67,110Y12M
10005,苗栗縣,10005020,苑裡鎮,10005020-018,蕉埔里,79,44,35,563,325,238,223,115,108,110Y12M
10005,苗栗縣,10005020,苑裡鎮,10005020-019,社苓里,258,147,111,2094,1119,975,414,196,218,110Y12M
10005,苗栗縣,10005020,苑裡鎮,10005020-020,泰田里,166,86,80,1390,763,627,308,161,147,110Y12M
10005,苗栗縣,10005020,苑裡鎮,10005020-021,上■里,133,71,62,1292,729,563,343,178,165,110Y12M
10005,苗栗縣,10005020,苑裡鎮,10005020-022,玉田里,185,97,88,1517,807,710,294,136,158,110Y12M
10005,苗栗縣,10005020,苑裡鎮,10005020-023,南勢里,53,30,23,548,314,234,151,85,66,110Y12M
10005,苗栗縣,10005020,苑裡鎮,10005020-024,山柑里,152,84,68,1219,665,554,256,117,139,110Y12M
10005,苗栗縣,10005020,苑裡鎮,10005020-025,田心里,230,104,126,1666,883,783,287,141,146,110Y12M
10005,苗栗縣,10005030,通霄鎮,10005030-001,通東里,80,38,42,784,394,390,310,150,160,110Y12M
10005,苗栗縣,10005030,通霄鎮,10005030-002,通西里,183,88,95,1463,776,687,520,233,287,110Y12M
10005,苗栗縣,10005030,通霄鎮,10005030-003,平元里,255,120,135,1469,768,701,412,199,213,110Y12M
10005,苗栗縣,10005030,通霄鎮,10005030-004,梅南里,145,78,67,1207,657,550,364,185,179,110Y12M
10005,苗栗縣,10005030,通霄鎮,10005030-005,圳頭里,54,28,26,506,292,214,189,98,91,110Y12M
10005,苗栗縣,10005030,通霄鎮,10005030-006,通南里,280,146,134,2114,1151,963,580,263,317,110Y12M
10005,苗栗縣,10005030,通霄鎮,10005030-007,城北里,51,31,20,469,245,224,192,92,100,110Y12M
10005,苗栗縣,10005030,通霄鎮,10005030-008,城南里,48,30,18,645,391,254,260,129,131,110Y12M
10005,苗栗縣,10005030,通霄鎮,10005030-009,南和里,48,18,30,534,312,222,240,125,115,110Y12M
10005,苗栗縣,10005030,通霄鎮,10005030-010,福興里,31,16,15,447,253,194,183,96,87,110Y12M
10005,苗栗縣,10005030,通霄鎮,10005030-011,坪頂里,73,32,41,940,520,420,295,148,147,110Y12M
10005,苗栗縣,10005030,通霄鎮,10005030-012,五南里,137,68,69,1064,572,492,321,154,167,110Y12M
10005,苗栗縣,10005030,通霄鎮,10005030-013,五北里,149,78,71,1098,608,490,324,163,161,110Y12M
10005,苗栗縣,10005030,通霄鎮,10005030-014,內湖里,171,90,81,1460,793,667,418,203,215,110Y12M
10005,苗栗縣,10005030,通霄鎮,10005030-015,楓樹里,26,12,14,283,177,106,140,70,70,110Y12M
10005,苗栗縣,10005030,通霄鎮,10005030-016,烏眉里,82,40,42,646,365,281,245,119,126,110Y12M
10005,苗栗縣,10005030,通霄鎮,10005030-017,福龍里,19,10,9,250,150,100,141,76,65,110Y12M
10005,苗栗縣,10005030,通霄鎮,10005030-018,福源里,78,36,42,643,367,276,155,74,81,110Y12M
10005,苗栗縣,10005030,通霄鎮,10005030-019,通灣里,219,122,97,1740,932,808,508,248,260,110Y12M
10005,苗栗縣,10005030,通霄鎮,10005030-020,新埔里,139,81,58,840,461,379,282,154,128,110Y12M
10005,苗栗縣,10005030,通霄鎮,10005030-021,內島里,66,47,19,566,315,251,154,85,69,110Y12M
10005,苗栗縣,10005030,通霄鎮,10005030-022,白東里,140,61,79,1188,622,566,245,112,133,110Y12M
10005,苗栗縣,10005030,通霄鎮,10005030-023,白西里,45,25,20,561,319,242,163,83,80,110Y12M
10005,苗栗縣,10005030,通霄鎮,10005030-024,平安里,247,132,115,1668,849,819,449,204,245,110Y12M
10005,苗栗縣,10005040,竹南鎮,10005040-001,竹南里,233,117,116,1492,699,793,470,213,257,110Y12M
10005,苗栗縣,10005040,竹南鎮,10005040-002,照南里,1051,525,526,2888,1412,1476,641,300,341,110Y12M
10005,苗栗縣,10005040,竹南鎮,10005040-003,正南里,403,230,173,2300,1149,1151,515,239,276,110Y12M
10005,苗栗縣,10005040,竹南鎮,10005040-004,新南里,1103,591,512,4269,2101,2168,735,328,407,110Y12M
10005,苗栗縣,10005040,竹南鎮,10005040-005,大厝里,1107,551,556,4593,2357,2236,885,407,478,110Y12M
10005,苗栗縣,10005040,竹南鎮,10005040-006,營盤里,688,366,322,3003,1519,1484,627,277,350,110Y12M
10005,苗栗縣,10005040,竹南鎮,10005040-007,聖福里,1142,578,564,2979,1486,1493,547,250,297,110Y12M
10005,苗栗縣,10005040,竹南鎮,10005040-008,竹興里,461,250,211,2819,1493,1326,567,245,322,110Y12M
10005,苗栗縣,10005040,竹南鎮,10005040-009,龍鳳里,360,205,155,1744,888,856,368,180,188,110Y12M
10005,苗栗縣,10005040,竹南鎮,10005040-010,山佳里,1199,619,580,4536,2289,2247,621,283,338,110Y12M
10005,苗栗縣,10005040,竹南鎮,10005040-011,中港里,174,90,84,899,489,410,218,111,107,110Y12M
10005,苗栗縣,10005040,竹南鎮,10005040-012,中華里,431,232,199,2401,1211,1190,477,218,259,110Y12M
10005,苗栗縣,10005040,竹南鎮,10005040-013,中英里,174,97,77,1279,669,610,271,134,137,110Y12M
10005,苗栗縣,10005040,竹南鎮,10005040-014,中美里,233,128,105,1668,874,794,339,148,191,110Y12M
10005,苗栗縣,10005040,竹南鎮,10005040-015,開元里,226,118,108,1129,544,585,131,56,75,110Y12M
10005,苗栗縣,10005040,竹南鎮,10005040-016,海口里,735,382,353,3819,1959,1860,519,238,281,110Y12M
10005,苗栗縣,10005040,竹南鎮,10005040-017,港墘里,359,189,170,1939,999,940,374,186,188,110Y12M
10005,苗栗縣,10005040,竹南鎮,10005040-018,公■里,155,80,75,916,505,411,241,110,131,110Y12M
10005,苗栗縣,10005040,竹南鎮,10005040-019,大埔里,664,352,312,4387,2287,2100,653,309,344,110Y12M
10005,苗栗縣,10005040,竹南鎮,10005040-020,頂埔里,202,99,103,1640,863,777,465,211,254,110Y12M
10005,苗栗縣,10005040,竹南鎮,10005040-021,崎頂里,407,209,198,3342,1787,1555,564,259,305,110Y12M
10005,苗栗縣,10005040,竹南鎮,10005040-022,公義里,100,63,37,850,472,378,179,93,86,110Y12M
10005,苗栗縣,10005040,竹南鎮,10005040-023,佳興里,1162,586,576,2833,1389,1444,572,256,316,110Y12M
10005,苗栗縣,10005040,竹南鎮,10005040-024,天文里,703,365,338,2008,1011,997,270,126,144,110Y12M
10005,苗栗縣,10005040,竹南鎮,10005040-025,龍山里,459,247,212,2160,1081,1079,292,133,159,110Y12M
10005,苗栗縣,10005050,頭份市,10005050-001,流東里,228,127,101,1766,974,792,468,224,244,110Y12M
10005,苗栗縣,10005050,頭份市,10005050-002,珊湖里,169,81,88,1370,745,625,384,181,203,110Y12M
10005,苗栗縣,10005050,頭份市,10005050-003,斗煥里,400,201,199,2367,1242,1125,578,266,312,110Y12M
10005,苗栗縣,10005050,頭份市,10005050-004,新華里,494,256,238,3104,1656,1448,793,352,441,110Y12M
10005,苗栗縣,10005050,頭份市,10005050-005,興隆里,627,323,304,3915,2033,1882,737,369,368,110Y12M
10005,苗栗縣,10005050,頭份市,10005050-006,上埔里,355,193,162,2095,1119,976,570,268,302,110Y12M
10005,苗栗縣,10005050,頭份市,10005050-007,土牛里,185,111,74,894,453,441,167,82,85,110Y12M
10005,苗栗縣,10005050,頭份市,10005050-008,頭份里,502,258,244,2784,1388,1396,602,255,347,110Y12M
10005,苗栗縣,10005050,頭份市,10005050-009,忠孝里,680,345,335,2607,1250,1357,589,270,319,110Y12M
10005,苗栗縣,10005050,頭份市,10005050-010,仁愛里,235,119,116,1261,661,600,352,153,199,110Y12M
10005,苗栗縣,10005050,頭份市,10005050-011,信義里,93,48,45,789,433,356,194,98,96,110Y12M
10005,苗栗縣,10005050,頭份市,10005050-012,和平里,146,77,69,829,411,418,270,121,149,110Y12M
10005,苗栗縣,10005050,頭份市,10005050-013,民族里,355,190,165,1693,815,878,395,175,220,110Y12M
10005,苗栗縣,10005050,頭份市,10005050-014,東庄里,1047,517,530,4052,2014,2038,650,300,350,110Y12M
10005,苗栗縣,10005050,頭份市,10005050-015,後庄里,978,514,464,4185,2118,2067,485,242,243,110Y12M
10005,苗栗縣,10005050,頭份市,10005050-016,山下里,797,385,412,3641,1868,1773,563,261,302,110Y12M
10005,苗栗縣,10005050,頭份市,10005050-017,蟠桃里,1072,521,551,3171,1494,1677,345,158,187,110Y12M
10005,苗栗縣,10005050,頭份市,10005050-018,田寮里,669,325,344,3499,1788,1711,646,288,358,110Y12M
10005,苗栗縣,10005050,頭份市,10005050-019,蘆竹里,172,99,73,1009,549,460,299,156,143,110Y12M
10005,苗栗縣,10005050,頭份市,10005050-020,上興里,367,202,165,1944,1003,941,322,171,151,110Y12M
10005,苗栗縣,10005050,頭份市,10005050-021,下興里,342,171,171,2121,1127,994,474,229,245,110Y12M
10005,苗栗縣,10005050,頭份市,10005050-022,尖山里,139,62,77,1044,562,482,288,135,153,110Y12M
10005,苗栗縣,10005050,頭份市,10005050-023,尖下里,273,140,133,2032,1121,911,538,252,286,110Y12M
10005,苗栗縣,10005050,頭份市,10005050-024,廣興里,84,47,37,701,381,320,215,110,105,110Y12M
10005,苗栗縣,10005050,頭份市,10005050-025,濫坑里,241,119,122,1838,969,869,420,212,208,110Y12M
10005,苗栗縣,10005050,頭份市,10005050-026,民權里,424,201,223,1951,1016,935,423,200,223,110Y12M
10005,苗栗縣,10005050,頭份市,10005050-027,民生里,407,202,205,2025,1053,972,438,189,249,110Y12M
10005,苗栗縣,10005050,頭份市,10005050-028,建國里,795,404,391,2981,1473,1508,558,266,292,110Y12M
10005,苗栗縣,10005050,頭份市,10005050-029,成功里,743,397,346,3207,1544,1663,530,236,294,110Y12M
10005,苗栗縣,10005050,頭份市,10005050-030,自強里,298,144,154,1602,798,804,423,185,238,110Y12M
10005,苗栗縣,10005050,頭份市,10005050-031,合興里,474,248,226,2382,1202,1180,292,138,154,110Y12M
10005,苗栗縣,10005050,頭份市,10005050-032,文化里,860,448,412,3291,1602,1689,402,183,219,110Y12M
10005,苗栗縣,10005050,頭份市,10005050-033,中興里,858,432,426,2725,1322,1403,290,128,162,110Y12M
10005,苗栗縣,10005060,後龍鎮,10005060-001,南龍里,200,109,91,1168,615,553,281,135,146,110Y12M
10005,苗栗縣,10005060,後龍鎮,10005060-002,中龍里,110,55,55,563,303,260,211,103,108,110Y12M
10005,苗栗縣,10005060,後龍鎮,10005060-003,北龍里,178,90,88,974,501,473,298,135,163,110Y12M
10005,苗栗縣,10005060,後龍鎮,10005060-004,大庄里,727,383,344,3679,1943,1736,752,346,406,110Y12M
10005,苗栗縣,10005060,後龍鎮,10005060-005,溪洲里,231,110,121,1869,989,880,436,191,245,110Y12M
10005,苗栗縣,10005060,後龍鎮,10005060-006,豐富里,139,74,65,976,526,450,296,129,167,110Y12M
10005,苗栗縣,10005060,後龍鎮,10005060-007,校椅里,180,94,86,882,467,415,226,100,126,110Y12M
10005,苗栗縣,10005060,後龍鎮,10005060-008,埔頂里,365,191,174,2319,1265,1054,487,221,266,110Y12M
10005,苗栗縣,10005060,後龍鎮,10005060-009,新民里,159,76,83,1059,552,507,279,116,163,110Y12M
10005,苗栗縣,10005060,後龍鎮,10005060-010,復興里,64,35,29,519,287,232,169,85,84,110Y12M
10005,苗栗縣,10005060,後龍鎮,10005060-011,東明里,137,65,72,1203,651,552,305,162,143,110Y12M
10005,苗栗縣,10005060,後龍鎮,10005060-012,大山里,127,64,63,1117,606,511,389,182,207,110Y12M
10005,苗栗縣,10005060,後龍鎮,10005060-013,灣寶里,120,66,54,981,573,408,278,133,145,110Y12M
10005,苗栗縣,10005060,後龍鎮,10005060-014,海寶里,92,45,47,764,442,322,210,107,103,110Y12M
10005,苗栗縣,10005060,後龍鎮,10005060-015,外埔里,85,42,43,741,445,296,269,128,141,110Y12M
10005,苗栗縣,10005060,後龍鎮,10005060-016,海埔里,83,39,44,697,391,306,200,94,106,110Y12M
10005,苗栗縣,10005060,後龍鎮,10005060-017,秀水里,37,12,25,519,309,210,179,76,103,110Y12M
10005,苗栗縣,10005060,後龍鎮,10005060-018,水尾里,89,40,49,793,452,341,260,118,142,110Y12M
10005,苗栗縣,10005060,後龍鎮,10005060-019,龍津里,64,36,28,485,261,224,117,61,56,110Y12M
10005,苗栗縣,10005060,後龍鎮,10005060-020,龍坑里,117,62,55,981,553,428,309,149,160,110Y12M
10005,苗栗縣,10005060,後龍鎮,10005060-021,福寧里,72,36,36,540,324,216,181,83,98,110Y12M
10005,苗栗縣,10005060,後龍鎮,10005060-022,中和里,71,38,33,707,409,298,303,160,143,110Y12M
10005,苗栗縣,10005060,後龍鎮,10005060-023,南港里,77,43,34,926,537,389,273,139,134,110Y12M
10005,苗栗縣,10005070,卓蘭鎮,10005070-001,中街里,54,23,31,496,258,238,222,109,113,110Y12M
10005,苗栗縣,10005070,卓蘭鎮,10005070-002,新厝里,154,73,81,1090,594,496,421,210,211,110Y12M
10005,苗栗縣,10005070,卓蘭鎮,10005070-003,上新里,239,108,131,1532,790,742,491,258,233,110Y12M
10005,苗栗縣,10005070,卓蘭鎮,10005070-004,豐田里,63,32,31,707,391,316,244,122,122,110Y12M
10005,苗栗縣,10005070,卓蘭鎮,10005070-005,西坪里,61,25,36,589,327,262,190,91,99,110Y12M
10005,苗栗縣,10005070,卓蘭鎮,10005070-006,景山里,112,62,50,775,383,392,191,91,100,110Y12M
10005,苗栗縣,10005070,卓蘭鎮,10005070-007,老庄里,142,80,62,1349,702,647,573,276,297,110Y12M
10005,苗栗縣,10005070,卓蘭鎮,10005070-008,新榮里,98,46,52,782,424,358,305,143,162,110Y12M
10005,苗栗縣,10005070,卓蘭鎮,10005070-009,內灣里,183,103,80,1617,883,734,490,242,248,110Y12M
10005,苗栗縣,10005070,卓蘭鎮,10005070-010,苗豐里,38,19,19,511,296,215,199,101,98,110Y12M
10005,苗栗縣,10005070,卓蘭鎮,10005070-011,坪林里,208,112,96,1389,726,663,351,189,162,110Y12M
10005,苗栗縣,10005080,大湖鄉,10005080-001,大湖村,157,84,73,1198,632,566,409,184,225,110Y12M
10005,苗栗縣,10005080,大湖鄉,10005080-002,明湖村,46,23,23,416,234,182,161,77,84,110Y12M
10005,苗栗縣,10005080,大湖鄉,10005080-003,靜湖村,191,91,100,1371,716,655,405,177,228,110Y12M
10005,苗栗縣,10005080,大湖鄉,10005080-004,富興村,127,66,61,1025,549,476,344,154,190,110Y12M
10005,苗栗縣,10005080,大湖鄉,10005080-005,大南村,20,11,9,380,243,137,146,63,83,110Y12M
10005,苗栗縣,10005080,大湖鄉,10005080-006,大寮村,86,49,37,870,474,396,318,162,156,110Y12M
10005,苗栗縣,10005080,大湖鄉,10005080-007,南湖村,59,28,31,440,249,191,175,89,86,110Y12M
10005,苗栗縣,10005080,大湖鄉,10005080-008,義和村,148,87,61,1133,625,508,369,189,180,110Y12M
10005,苗栗縣,10005080,大湖鄉,10005080-009,東興村,59,43,16,540,317,223,205,105,100,110Y12M
10005,苗栗縣,10005080,大湖鄉,10005080-010,武榮村,24,13,11,362,213,149,124,72,52,110Y12M
10005,苗栗縣,10005080,大湖鄉,10005080-011,栗林村,90,48,42,775,420,355,239,126,113,110Y12M
10005,苗栗縣,10005080,大湖鄉,10005080-012,新開村,112,65,47,759,413,346,247,133,114,110Y12M
10005,苗栗縣,10005090,公館鄉,10005090-001,館中村,252,125,127,1182,594,588,375,175,200,110Y12M
10005,苗栗縣,10005090,公館鄉,10005090-002,館東村,386,196,190,1831,954,877,559,261,298,110Y12M
10005,苗栗縣,10005090,公館鄉,10005090-003,館南村,572,314,258,2937,1513,1424,620,295,325,110Y12M
10005,苗栗縣,10005090,公館鄉,10005090-004,大坑村,93,48,45,686,367,319,249,130,119,110Y12M
10005,苗栗縣,10005090,公館鄉,10005090-005,中義村,246,125,121,1865,1006,859,478,250,228,110Y12M
10005,苗栗縣,10005090,公館鄉,10005090-006,玉泉村,341,171,170,1961,973,988,448,226,222,110Y12M
10005,苗栗縣,10005090,公館鄉,10005090-007,石墻村,165,90,75,1136,609,527,339,187,152,110Y12M
10005,苗栗縣,10005090,公館鄉,10005090-008,福基村,108,63,45,783,421,362,239,104,135,110Y12M
10005,苗栗縣,10005090,公館鄉,10005090-009,福星村,253,126,127,1703,928,775,394,186,208,110Y12M
10005,苗栗縣,10005090,公館鄉,10005090-010,開礦村,12,7,5,188,100,88,89,48,41,110Y12M
10005,苗栗縣,10005090,公館鄉,10005090-011,福德村,15,8,7,248,146,102,92,54,38,110Y12M
10005,苗栗縣,10005090,公館鄉,10005090-012,五谷村,200,100,100,1857,951,906,442,208,234,110Y12M
10005,苗栗縣,10005090,公館鄉,10005090-013,玉谷村,133,66,67,1222,617,605,265,124,141,110Y12M
10005,苗栗縣,10005090,公館鄉,10005090-014,鶴岡村,156,79,77,1295,686,609,324,154,170,110Y12M
10005,苗栗縣,10005090,公館鄉,10005090-015,鶴山村,169,88,81,1119,641,478,333,153,180,110Y12M
10005,苗栗縣,10005090,公館鄉,10005090-016,仁安村,98,57,41,980,537,443,317,176,141,110Y12M
10005,苗栗縣,10005090,公館鄉,10005090-017,尖山村,115,55,60,1082,614,468,346,176,170,110Y12M
10005,苗栗縣,10005090,公館鄉,10005090-018,南河村,17,10,7,142,80,62,63,33,30,110Y12M
10005,苗栗縣,10005090,公館鄉,10005090-019,北河村,22,13,9,229,145,84,96,50,46,110Y12M
10005,苗栗縣,10005100,銅鑼鄉,10005100-001,福興村,103,46,57,736,401,335,244,110,134,110Y12M
10005,苗栗縣,10005100,銅鑼鄉,10005100-002,銅鑼村,560,278,282,3470,1865,1605,972,434,538,110Y12M
10005,苗栗縣,10005100,銅鑼鄉,10005100-003,朝陽村,164,88,76,1263,668,595,390,186,204,110Y12M
10005,苗栗縣,10005100,銅鑼鄉,10005100-004,樟樹村,118,71,47,991,540,451,297,156,141,110Y12M
10005,苗栗縣,10005100,銅鑼鄉,10005100-005,九湖村,116,64,52,926,520,406,265,133,132,110Y12M
10005,苗栗縣,10005100,銅鑼鄉,10005100-006,竹森村,100,51,49,768,437,331,269,145,124,110Y12M
10005,苗栗縣,10005100,銅鑼鄉,10005100-007,中平村,305,149,156,2555,1369,1186,642,320,322,110Y12M
10005,苗栗縣,10005100,銅鑼鄉,10005100-008,興隆村,62,37,25,333,192,141,208,103,105,110Y12M
10005,苗栗縣,10005100,銅鑼鄉,10005100-009,盛隆村,39,21,18,280,165,115,128,68,60,110Y12M
10005,苗栗縣,10005100,銅鑼鄉,10005100-010,新隆村,42,22,20,377,230,147,148,76,72,110Y12M
10005,苗栗縣,10005110,南庄鄉,10005110-001,東村,88,52,36,804,479,325,332,155,177,110Y12M
10005,苗栗縣,10005110,南庄鄉,10005110-002,西村,55,27,28,452,253,199,160,66,94,110Y12M
10005,苗栗縣,10005110,南庄鄉,10005110-003,南江村,181,91,90,1025,595,430,288,129,159,110Y12M
10005,苗栗縣,10005110,南庄鄉,10005110-004,田美村,60,30,30,568,346,222,239,107,132,110Y12M
10005,苗栗縣,10005110,南庄鄉,10005110-005,獅山村,42,23,19,566,342,224,244,117,127,110Y12M
10005,苗栗縣,10005110,南庄鄉,10005110-006,南富村,68,36,32,785,438,347,268,139,129,110Y12M
10005,苗栗縣,10005110,南庄鄉,10005110-007,員林村,70,40,30,749,422,327,261,132,129,110Y12M
10005,苗栗縣,10005110,南庄鄉,10005110-008,蓬萊村,79,37,42,689,390,299,191,104,87,110Y12M
10005,苗栗縣,10005110,南庄鄉,10005110-009,東河村,113,57,56,786,448,338,165,90,75,110Y12M
10005,苗栗縣,10005120,頭屋鄉,10005120-001,頭屋村,269,158,111,1907,1018,889,624,286,338,110Y12M
10005,苗栗縣,10005120,頭屋鄉,10005120-002,象山村,156,80,76,1408,748,660,421,195,226,110Y12M
10005,苗栗縣,10005120,頭屋鄉,10005120-003,北坑村,79,38,41,548,286,262,153,75,78,110Y12M
10005,苗栗縣,10005120,頭屋鄉,10005120-004,獅潭村,150,72,78,1293,705,588,378,191,187,110Y12M
10005,苗栗縣,10005120,頭屋鄉,10005120-005,曲洞村,65,40,25,653,361,292,212,104,108,110Y12M
10005,苗栗縣,10005120,頭屋鄉,10005120-006,飛鳳村,22,15,7,268,158,110,120,59,61,110Y12M
10005,苗栗縣,10005120,頭屋鄉,10005120-007,明德村,40,26,14,691,412,279,275,123,152,110Y12M
10005,苗栗縣,10005120,頭屋鄉,10005120-008,鳴鳳村,2,1,1,199,125,74,93,45,48,110Y12M
10005,苗栗縣,10005130,三義鄉,10005130-001,廣盛村,464,252,212,3199,1719,1480,868,399,469,110Y12M
10005,苗栗縣,10005130,三義鄉,10005130-002,■湖村,203,106,97,1460,785,675,417,212,205,110Y12M
10005,苗栗縣,10005130,三義鄉,10005130-003,■潭村,143,65,78,1002,560,442,345,173,172,110Y12M
10005,苗栗縣,10005130,三義鄉,10005130-004,勝興村,469,255,214,2773,1443,1330,616,307,309,110Y12M
10005,苗栗縣,10005130,三義鄉,10005130-005,西湖村,166,89,77,1142,617,525,316,161,155,110Y12M
10005,苗栗縣,10005130,三義鄉,10005130-006,龍騰村,29,13,16,307,169,138,108,57,51,110Y12M
10005,苗栗縣,10005130,三義鄉,10005130-007,鯉魚潭村,86,45,41,1000,559,441,275,153,122,110Y12M
10005,苗栗縣,10005140,西湖鄉,10005140-001,高埔村,36,19,17,444,254,190,158,79,79,110Y12M
10005,苗栗縣,10005140,西湖鄉,10005140-002,下埔村,21,13,8,405,238,167,159,79,80,110Y12M
10005,苗栗縣,10005140,西湖鄉,10005140-003,五湖村,36,21,15,565,323,242,238,122,116,110Y12M
10005,苗栗縣,10005140,西湖鄉,10005140-004,四湖村,37,20,17,458,269,189,176,93,83,110Y12M
10005,苗栗縣,10005140,西湖鄉,10005140-005,金獅村,24,14,10,360,210,150,125,65,60,110Y12M
10005,苗栗縣,10005140,西湖鄉,10005140-006,龍洞村,15,8,7,319,180,139,130,65,65,110Y12M
10005,苗栗縣,10005140,西湖鄉,10005140-007,三湖村,50,35,15,629,380,249,255,132,123,110Y12M
10005,苗栗縣,10005140,西湖鄉,10005140-008,湖東村,88,43,45,875,503,372,256,123,133,110Y12M
10005,苗栗縣,10005140,西湖鄉,10005140-009,二湖村,56,26,30,464,275,189,179,93,86,110Y12M
10005,苗栗縣,10005150,造橋鄉,10005150-001,造橋村,205,114,91,1644,876,768,405,205,200,110Y12M
10005,苗栗縣,10005150,造橋鄉,10005150-002,平興村,27,9,18,325,195,130,121,50,71,110Y12M
10005,苗栗縣,10005150,造橋鄉,10005150-003,豐湖村,95,60,35,740,412,328,253,119,134,110Y12M
10005,苗栗縣,10005150,造橋鄉,10005150-004,大西村,371,188,183,2682,1431,1251,724,340,384,110Y12M
10005,苗栗縣,10005150,造橋鄉,10005150-005,錦水村,39,22,17,341,193,148,138,71,67,110Y12M
10005,苗栗縣,10005150,造橋鄉,10005150-006,大龍村,37,26,11,362,206,156,127,66,61,110Y12M
10005,苗栗縣,10005150,造橋鄉,10005150-007,朝陽村,108,60,48,977,498,479,293,141,152,110Y12M
10005,苗栗縣,10005150,造橋鄉,10005150-008,談文村,64,40,24,678,361,317,172,78,94,110Y12M
10005,苗栗縣,10005150,造橋鄉,10005150-009,龍昇村,66,41,25,742,427,315,220,118,102,110Y12M
10005,苗栗縣,10005160,三灣鄉,10005160-001,三灣村,266,148,118,1683,931,752,516,245,271,110Y12M
10005,苗栗縣,10005160,三灣鄉,10005160-002,內灣村,56,21,35,472,266,206,156,85,71,110Y12M
10005,苗栗縣,10005160,三灣鄉,10005160-003,銅鏡村,54,24,30,625,361,264,217,106,111,110Y12M
10005,苗栗縣,10005160,三灣鄉,10005160-004,頂寮村,16,10,6,143,83,60,79,42,37,110Y12M
10005,苗栗縣,10005160,三灣鄉,10005160-005,北埔村,45,29,16,392,223,169,123,64,59,110Y12M
10005,苗栗縣,10005160,三灣鄉,10005160-006,大河村,21,13,8,349,203,146,178,91,87,110Y12M
10005,苗栗縣,10005160,三灣鄉,10005160-007,大坪村,36,15,21,266,151,115,123,67,56,110Y12M
10005,苗栗縣,10005160,三灣鄉,10005160-008,永和村,18,10,8,260,144,116,107,57,50,110Y12M
10005,苗栗縣,10005170,獅潭鄉,10005170-001,百壽村,28,13,15,228,136,92,95,50,45,110Y12M
10005,苗栗縣,10005170,獅潭鄉,10005170-002,永興村,30,15,15,365,194,171,173,98,75,110Y12M
10005,苗栗縣,10005170,獅潭鄉,10005170-003,新店村,49,33,16,644,377,267,259,124,135,110Y12M
10005,苗栗縣,10005170,獅潭鄉,10005170-004,和興村,47,21,26,404,237,167,166,84,82,110Y12M
10005,苗栗縣,10005170,獅潭鄉,10005170-005,豐林村,36,18,18,394,243,151,171,81,90,110Y12M
10005,苗栗縣,10005170,獅潭鄉,10005170-006,新豐村,17,12,5,221,120,101,93,45,48,110Y12M
10005,苗栗縣,10005170,獅潭鄉,10005170-007,竹木村,39,21,18,433,243,190,225,122,103,110Y12M
10005,苗栗縣,10005180,泰安鄉,10005180-001,八卦村,45,26,19,287,164,123,55,30,25,110Y12M
10005,苗栗縣,10005180,泰安鄉,10005180-002,錦水村,102,57,45,883,493,390,213,113,100,110Y12M
10005,苗栗縣,10005180,泰安鄉,10005180-003,清安村,41,19,22,664,365,299,212,119,93,110Y12M
10005,苗栗縣,10005180,泰安鄉,10005180-004,大興村,27,19,8,414,229,185,77,31,46,110Y12M
10005,苗栗縣,10005180,泰安鄉,10005180-005,中興村,77,35,42,436,232,204,78,38,40,110Y12M
10005,苗栗縣,10005180,泰安鄉,10005180-006,梅園村,108,59,49,450,237,213,57,26,31,110Y12M
10005,苗栗縣,10005180,泰安鄉,10005180-007,象鼻村,95,49,46,575,327,248,105,43,62,110Y12M
10005,苗栗縣,10005180,泰安鄉,10005180-008,士林村,90,45,45,517,276,241,83,37,46,110Y12M
10007,彰化縣,10007010,彰化市,10007010-001,文化里,201,100,101,961,462,499,344,151,193,110Y12M
10007,彰化縣,10007010,彰化市,10007010-002,下■里,1262,655,607,4319,2092,2227,939,408,531,110Y12M
10007,彰化縣,10007010,彰化市,10007010-003,興北里,339,169,170,1309,634,675,369,157,212,110Y12M
10007,彰化縣,10007010,彰化市,10007010-004,信義里,165,85,80,566,272,294,220,108,112,110Y12M
10007,彰化縣,10007010,彰化市,10007010-005,民生里,282,153,129,1015,489,526,356,155,201,110Y12M
10007,彰化縣,10007010,彰化市,10007010-006,陽明里,293,160,133,1315,676,639,450,194,256,110Y12M
10007,彰化縣,10007010,彰化市,10007010-007,萬安里,726,380,346,3060,1447,1613,880,383,497,110Y12M
10007,彰化縣,10007010,彰化市,10007010-008,新興里,1110,583,527,4488,2179,2309,998,418,580,110Y12M
10007,彰化縣,10007010,彰化市,10007010-009,新華里,354,189,165,1389,703,686,402,176,226,110Y12M
10007,彰化縣,10007010,彰化市,10007010-010,龍山里,339,179,160,1448,691,757,497,217,280,110Y12M
10007,彰化縣,10007010,彰化市,10007010-011,中山里,136,78,58,622,313,309,196,83,113,110Y12M
10007,彰化縣,10007010,彰化市,10007010-012,中正里,261,129,132,1063,523,540,342,144,198,110Y12M
10007,彰化縣,10007010,彰化市,10007010-013,永福里,91,45,46,633,333,300,244,107,137,110Y12M
10007,彰化縣,10007010,彰化市,10007010-014,光復里,93,50,43,461,233,228,187,88,99,110Y12M
10007,彰化縣,10007010,彰化市,10007010-015,光華里,91,51,40,470,235,235,235,107,128,110Y12M
10007,彰化縣,10007010,彰化市,10007010-016,萬壽里,97,48,49,615,295,320,245,112,133,110Y12M
10007,彰化縣,10007010,彰化市,10007010-017,中央里,51,23,28,491,251,240,267,130,137,110Y12M
10007,彰化縣,10007010,彰化市,10007010-018,富貴里,68,36,32,593,300,293,271,123,148,110Y12M
10007,彰化縣,10007010,彰化市,10007010-019,民權里,90,50,40,763,394,369,317,139,178,110Y12M
10007,彰化縣,10007010,彰化市,10007010-020,西興里,460,219,241,2871,1471,1400,615,288,327,110Y12M
10007,彰化縣,10007010,彰化市,10007010-021,西勢里,699,357,342,3137,1507,1630,623,280,343,110Y12M
10007,彰化縣,10007010,彰化市,10007010-022,忠孝里,169,92,77,906,452,454,285,123,162,110Y12M
10007,彰化縣,10007010,彰化市,10007010-023,忠權里,556,317,239,2698,1288,1410,584,263,321,110Y12M
10007,彰化縣,10007010,彰化市,10007010-024,五權里,731,381,350,3562,1681,1881,763,334,429,110Y12M
10007,彰化縣,10007010,彰化市,10007010-025,長樂里,110,52,58,595,310,285,345,172,173,110Y12M
10007,彰化縣,10007010,彰化市,10007010-026,東芳里,562,292,270,2956,1519,1437,650,307,343,110Y12M
10007,彰化縣,10007010,彰化市,10007010-027,南安里,311,150,161,1819,924,895,409,195,214,110Y12M
10007,彰化縣,10007010,彰化市,10007010-028,南美里,291,151,140,1629,840,789,337,162,175,110Y12M
10007,彰化縣,10007010,彰化市,10007010-029,莿桐里,362,186,176,2695,1360,1335,484,229,255,110Y12M
10007,彰化縣,10007010,彰化市,10007010-030,磚■里,452,225,227,2831,1426,1405,547,255,292,110Y12M
10007,彰化縣,10007010,彰化市,10007010-031,平和里,509,281,228,3567,1744,1823,820,378,442,110Y12M
10007,彰化縣,10007010,彰化市,10007010-032,桃源里,268,144,124,1808,914,894,689,362,327,110Y12M
10007,彰化縣,10007010,彰化市,10007010-033,卦山里,373,197,176,1873,964,909,632,271,361,110Y12M
10007,彰化縣,10007010,彰化市,10007010-034,東興里,164,74,90,1104,567,537,433,178,255,110Y12M
10007,彰化縣,10007010,彰化市,10007010-035,大同里,88,53,35,666,355,311,313,152,161,110Y12M
10007,彰化縣,10007010,彰化市,10007010-036,永生里,112,50,62,847,442,405,352,168,184,110Y12M
10007,彰化縣,10007010,彰化市,10007010-037,華陽里,209,121,88,1341,697,644,467,184,283,110Y12M
10007,彰化縣,10007010,彰化市,10007010-038,華北里,192,100,92,1056,509,547,393,170,223,110Y12M
10007,彰化縣,10007010,彰化市,10007010-039,南■里,1206,605,601,6125,2982,3143,1562,688,874,110Y12M
10007,彰化縣,10007010,彰化市,10007010-040,成功里,177,94,83,1150,563,587,357,153,204,110Y12M
10007,彰化縣,10007010,彰化市,10007010-041,延和里,1113,547,566,4327,2127,2200,855,374,481,110Y12M
10007,彰化縣,10007010,彰化市,10007010-042,南興里,1621,826,795,6737,3130,3607,1121,517,604,110Y12M
10007,彰化縣,10007010,彰化市,10007010-043,西安里,275,128,147,2215,1082,1133,638,268,370,110Y12M
10007,彰化縣,10007010,彰化市,10007010-044,彰安里,353,167,186,2224,1062,1162,733,320,413,110Y12M
10007,彰化縣,10007010,彰化市,10007010-045,光南里,233,134,99,1101,540,561,337,151,186,110Y12M
10007,彰化縣,10007010,彰化市,10007010-046,介壽里,340,159,181,2028,1100,928,609,273,336,110Y12M
10007,彰化縣,10007010,彰化市,10007010-047,延平里,2448,1272,1176,7971,3746,4225,1465,669,796,110Y12M
10007,彰化縣,10007010,彰化市,10007010-048,建寶里,349,182,167,1650,849,801,643,268,375,110Y12M
10007,彰化縣,10007010,彰化市,10007010-049,福安里,116,62,54,709,352,357,282,123,159,110Y12M
10007,彰化縣,10007010,彰化市,10007010-050,大竹里,486,262,224,2695,1373,1322,614,274,340,110Y12M
10007,彰化縣,10007010,彰化市,10007010-051,竹中里,218,118,100,1317,709,608,380,173,207,110Y12M
10007,彰化縣,10007010,彰化市,10007010-052,安溪里,298,171,127,1648,856,792,319,138,181,110Y12M
10007,彰化縣,10007010,彰化市,10007010-053,香山里,510,273,237,2802,1446,1356,607,294,313,110Y12M
10007,彰化縣,10007010,彰化市,10007010-054,牛埔里,373,196,177,2461,1301,1160,588,276,312,110Y12M
10007,彰化縣,10007010,彰化市,10007010-055,福山里,811,459,352,5482,2787,2695,1399,640,759,110Y12M
10007,彰化縣,10007010,彰化市,10007010-056,中庄里,286,134,152,1944,992,952,567,253,314,110Y12M
10007,彰化縣,10007010,彰化市,10007010-057,三村里,136,71,65,992,515,477,208,106,102,110Y12M
10007,彰化縣,10007010,彰化市,10007010-058,國聖里,309,152,157,1974,1012,962,521,243,278,110Y12M
10007,彰化縣,10007010,彰化市,10007010-059,寶■里,185,113,72,1087,593,494,196,83,113,110Y12M
10007,彰化縣,10007010,彰化市,10007010-060,茄苳里,148,70,78,802,423,379,169,76,93,110Y12M
10007,彰化縣,10007010,彰化市,10007010-061,茄南里,655,342,313,2536,1231,1305,483,212,271,110Y12M
10007,彰化縣,10007010,彰化市,10007010-062,阿夷里,1708,933,775,7571,3658,3913,1265,581,684,110Y12M
10007,彰化縣,10007010,彰化市,10007010-063,古夷里,334,176,158,2011,1031,980,454,200,254,110Y12M
10007,彰化縣,10007010,彰化市,10007010-064,復興里,829,441,388,3314,1662,1652,878,403,475,110Y12M
10007,彰化縣,10007010,彰化市,10007010-065,和調里,609,313,296,2152,1091,1061,573,260,313,110Y12M
10007,彰化縣,10007010,彰化市,10007010-066,石牌里,98,50,48,886,466,420,271,145,126,110Y12M
10007,彰化縣,10007010,彰化市,10007010-067,福田里,92,49,43,1004,526,478,260,130,130,110Y12M
10007,彰化縣,10007010,彰化市,10007010-068,竹巷里,92,53,39,650,358,292,210,103,107,110Y12M
10007,彰化縣,10007010,彰化市,10007010-069,田中里,111,63,48,716,381,335,186,93,93,110Y12M
10007,彰化縣,10007010,彰化市,10007010-070,快官里,103,60,43,931,477,454,226,105,121,110Y12M
10007,彰化縣,10007010,彰化市,10007010-071,台鳳里,569,297,272,3746,1905,1841,752,352,400,110Y12M
10007,彰化縣,10007010,彰化市,10007010-072,崙平里,637,330,307,4483,2191,2292,1004,440,564,110Y12M
10007,彰化縣,10007010,彰化市,10007010-073,向陽里,1287,651,636,4772,2269,2503,701,314,387,110Y12M
10007,彰化縣,10007020,鹿港鎮,10007020-001,大有里,192,105,87,868,459,409,286,136,150,110Y12M
10007,彰化縣,10007020,鹿港鎮,10007020-002,中興里,61,34,27,371,184,187,140,75,65,110Y12M
10007,彰化縣,10007020,鹿港鎮,10007020-003,洛津里,110,60,50,636,341,295,247,107,140,110Y12M
10007,彰化縣,10007020,鹿港鎮,10007020-004,順興里,89,46,43,690,363,327,237,116,121,110Y12M
10007,彰化縣,10007020,鹿港鎮,10007020-005,頂厝里,2037,1034,1003,7046,3534,3512,1229,559,670,110Y12M
10007,彰化縣,10007020,鹿港鎮,10007020-006,東崎里,886,491,395,4594,2374,2220,825,372,453,110Y12M
10007,彰化縣,10007020,鹿港鎮,10007020-007,埔崙里,1041,556,485,4543,2329,2214,763,336,427,110Y12M
10007,彰化縣,10007020,鹿港鎮,10007020-008,東石里,845,443,402,3760,1904,1856,820,376,444,110Y12M
10007,彰化縣,10007020,鹿港鎮,10007020-009,郭厝里,71,41,30,401,225,176,137,68,69,110Y12M
10007,彰化縣,10007020,鹿港鎮,10007020-010,新宮里,96,54,42,595,324,271,246,133,113,110Y12M
10007,彰化縣,10007020,鹿港鎮,10007020-011,玉順里,130,71,59,853,446,407,308,147,161,110Y12M
10007,彰化縣,10007020,鹿港鎮,10007020-012,景福里,133,85,48,848,419,429,271,119,152,110Y12M
10007,彰化縣,10007020,鹿港鎮,10007020-013,泰興里,266,125,141,882,432,450,299,125,174,110Y12M
10007,彰化縣,10007020,鹿港鎮,10007020-014,長興里,47,22,25,213,104,109,66,32,34,110Y12M
10007,彰化縣,10007020,鹿港鎮,10007020-015,龍山里,151,76,75,457,231,226,184,86,98,110Y12M
10007,彰化縣,10007020,鹿港鎮,10007020-016,興化里,125,68,57,442,240,202,145,66,79,110Y12M
10007,彰化縣,10007020,鹿港鎮,10007020-017,菜園里,194,100,94,664,332,332,229,111,118,110Y12M
10007,彰化縣,10007020,鹿港鎮,10007020-018,街尾里,496,268,228,1836,923,913,432,183,249,110Y12M
10007,彰化縣,10007020,鹿港鎮,10007020-019,頂番里,709,361,348,3373,1729,1644,644,298,346,110Y12M
10007,彰化縣,10007020,鹿港鎮,10007020-020,頭崙里,450,223,227,2251,1163,1088,451,204,247,110Y12M
10007,彰化縣,10007020,鹿港鎮,10007020-021,廖厝里,552,300,252,3596,1893,1703,679,305,374,110Y12M
10007,彰化縣,10007020,鹿港鎮,10007020-022,溝墘里,720,378,342,3546,1827,1719,710,323,387,110Y12M
10007,彰化縣,10007020,鹿港鎮,10007020-023,草中里,492,240,252,2634,1385,1249,663,299,364,110Y12M
10007,彰化縣,10007020,鹿港鎮,10007020-024,頭南里,296,163,133,1863,958,905,402,192,210,110Y12M
10007,彰化縣,10007020,鹿港鎮,10007020-025,山崙里,400,201,199,2475,1329,1146,643,304,339,110Y12M
10007,彰化縣,10007020,鹿港鎮,10007020-026,海埔里,528,285,243,3037,1565,1472,653,315,338,110Y12M
10007,彰化縣,10007020,鹿港鎮,10007020-027,詔安里,303,165,138,1749,933,816,396,193,203,110Y12M
10007,彰化縣,10007020,鹿港鎮,10007020-028,洋厝里,276,148,128,2001,1064,937,502,235,267,110Y12M
10007,彰化縣,10007020,鹿港鎮,10007020-029,永安里,713,362,351,3699,1835,1864,898,402,496,110Y12M
10007,彰化縣,10007030,和美鎮,10007030-001,竹營里,1152,607,545,5487,2721,2766,910,409,501,110Y12M
10007,彰化縣,10007030,和美鎮,10007030-002,和東里,807,401,406,3745,1893,1852,776,369,407,110Y12M
10007,彰化縣,10007030,和美鎮,10007030-003,和南里,56,30,26,305,141,164,103,47,56,110Y12M
10007,彰化縣,10007030,和美鎮,10007030-004,和北里,313,178,135,1536,772,764,349,162,187,110Y12M
10007,彰化縣,10007030,和美鎮,10007030-005,和西里,503,272,231,2576,1304,1272,706,318,388,110Y12M
10007,彰化縣,10007030,和美鎮,10007030-006,四張里,448,240,208,2406,1215,1191,495,241,254,110Y12M
10007,彰化縣,10007030,和美鎮,10007030-007,頭前里,240,136,104,1490,762,728,269,117,152,110Y12M
10007,彰化縣,10007030,和美鎮,10007030-008,還社里,92,36,56,706,380,326,172,77,95,110Y12M
10007,彰化縣,10007030,和美鎮,10007030-009,面前里,378,188,190,1864,949,915,353,166,187,110Y12M
10007,彰化縣,10007030,和美鎮,10007030-010,鎮平里,324,187,137,2445,1289,1156,525,247,278,110Y12M
10007,彰化縣,10007030,和美鎮,10007030-011,大霞里,182,91,91,1266,680,586,243,116,127,110Y12M
10007,彰化縣,10007030,和美鎮,10007030-012,源埤里,213,111,102,1578,839,739,332,159,173,110Y12M
10007,彰化縣,10007030,和美鎮,10007030-013,南佃里,265,129,136,1948,1025,923,342,159,183,110Y12M
10007,彰化縣,10007030,和美鎮,10007030-014,雅溝里,193,97,96,1067,580,487,278,128,150,110Y12M
10007,彰化縣,10007030,和美鎮,10007030-015,山犁里,1204,641,563,4738,2377,2361,797,361,436,110Y12M
10007,彰化縣,10007030,和美鎮,10007030-016,嘉犁里,239,114,125,1640,869,771,367,185,182,110Y12M
10007,彰化縣,10007030,和美鎮,10007030-017,鐵山里,328,168,160,2201,1149,1052,568,273,295,110Y12M
10007,彰化縣,10007030,和美鎮,10007030-018,詔安里,173,92,81,1731,890,841,362,178,184,110Y12M
10007,彰化縣,10007030,和美鎮,10007030-019,柑井里,669,352,317,2963,1549,1414,626,283,343,110Y12M
10007,彰化縣,10007030,和美鎮,10007030-020,竹園里,149,70,79,750,379,371,169,85,84,110Y12M
10007,彰化縣,10007030,和美鎮,10007030-021,新庄里,231,109,122,1955,1043,912,504,233,271,110Y12M
10007,彰化縣,10007030,和美鎮,10007030-022,犁盛里,307,158,149,1865,962,903,473,230,243,110Y12M
10007,彰化縣,10007030,和美鎮,10007030-023,中寮里,148,68,80,915,510,405,236,112,124,110Y12M
10007,彰化縣,10007030,和美鎮,10007030-024,中圍里,409,203,206,2375,1248,1127,558,263,295,110Y12M
10007,彰化縣,10007030,和美鎮,10007030-025,糖友里,640,329,311,4025,2000,2025,482,201,281,110Y12M
10007,彰化縣,10007030,和美鎮,10007030-026,塗厝里,226,99,127,1418,753,665,373,192,181,110Y12M
10007,彰化縣,10007030,和美鎮,10007030-027,地潭里,82,40,42,691,373,318,163,86,77,110Y12M
10007,彰化縣,10007030,和美鎮,10007030-028,湖內里,123,67,56,969,515,454,260,133,127,110Y12M
10007,彰化縣,10007030,和美鎮,10007030-029,嘉寶里,320,170,150,1691,886,805,394,182,212,110Y12M
10007,彰化縣,10007030,和美鎮,10007030-030,月眉里,426,214,212,2496,1301,1195,628,287,341,110Y12M
10007,彰化縣,10007030,和美鎮,10007030-031,好修里,216,106,110,1255,680,575,304,152,152,110Y12M
10007,彰化縣,10007030,和美鎮,10007030-032,仁愛里,453,233,220,2443,1207,1236,392,174,218,110Y12M
10007,彰化縣,10007040,線西鄉,10007040-001,線西村,371,217,154,1932,946,986,402,193,209,110Y12M
10007,彰化縣,10007040,線西鄉,10007040-002,頂庄村,184,88,96,1016,528,488,259,130,129,110Y12M
10007,彰化縣,10007040,線西鄉,10007040-003,寓埔村,352,185,167,1959,1032,927,432,211,221,110Y12M
10007,彰化縣,10007040,線西鄉,10007040-004,塭仔村,161,85,76,996,510,486,272,139,133,110Y12M
10007,彰化縣,10007040,線西鄉,10007040-005,溝內村,183,89,94,1016,516,500,231,104,127,110Y12M
10007,彰化縣,10007040,線西鄉,10007040-006,下犁村,219,110,109,1585,862,723,369,168,201,110Y12M
10007,彰化縣,10007040,線西鄉,10007040-007,頂犁村,351,192,159,2180,1159,1021,454,226,228,110Y12M
10007,彰化縣,10007040,線西鄉,10007040-008,德興村,161,86,75,1167,623,544,234,108,126,110Y12M
10007,彰化縣,10007050,伸港鄉,10007050-001,曾家村,239,132,107,1462,768,694,353,167,186,110Y12M
10007,彰化縣,10007050,伸港鄉,10007050-002,蚵寮村,121,61,60,947,489,458,259,122,137,110Y12M
10007,彰化縣,10007050,伸港鄉,10007050-003,埤墘村,279,141,138,1357,662,695,195,95,100,110Y12M
10007,彰化縣,10007050,伸港鄉,10007050-004,溪底村,346,173,173,1784,926,858,335,166,169,110Y12M
10007,彰化縣,10007050,伸港鄉,10007050-005,泉州村,332,161,171,1739,902,837,326,135,191,110Y12M
10007,彰化縣,10007050,伸港鄉,10007050-006,泉厝村,161,80,81,1052,544,508,261,111,150,110Y12M
10007,彰化縣,10007050,伸港鄉,10007050-007,海尾村,267,139,128,1544,802,742,348,165,183,110Y12M
10007,彰化縣,10007050,伸港鄉,10007050-008,全興村,288,159,129,1473,748,725,302,146,156,110Y12M
10007,彰化縣,10007050,伸港鄉,10007050-009,定興村,391,207,184,2272,1206,1066,461,217,244,110Y12M
10007,彰化縣,10007050,伸港鄉,10007050-010,新港村,916,456,460,4482,2209,2273,930,412,518,110Y12M
10007,彰化縣,10007050,伸港鄉,10007050-011,什股村,397,214,183,2140,1112,1028,306,135,171,110Y12M
10007,彰化縣,10007050,伸港鄉,10007050-012,大同村,592,316,276,2451,1231,1220,345,145,200,110Y12M
10007,彰化縣,10007050,伸港鄉,10007050-013,七嘉村,558,314,244,2693,1353,1340,451,210,241,110Y12M
10007,彰化縣,10007050,伸港鄉,10007050-014,汴頭村,374,181,193,1884,981,903,425,202,223,110Y12M
10007,彰化縣,10007060,福興鄉,10007060-001,番社村,160,89,71,1234,666,568,298,143,155,110Y12M
10007,彰化縣,10007060,福興鄉,10007060-002,社尾村,173,95,78,1183,651,532,312,151,161,110Y12M
10007,彰化縣,10007060,福興鄉,10007060-003,大崙村,109,64,45,1019,565,454,238,109,129,110Y12M
10007,彰化縣,10007060,福興鄉,10007060-004,外埔村,218,107,111,1293,703,590,256,119,137,110Y12M
10007,彰化縣,10007060,福興鄉,10007060-005,外中村,133,67,66,958,524,434,253,115,138,110Y12M
10007,彰化縣,10007060,福興鄉,10007060-006,元中村,128,64,64,1073,570,503,231,103,128,110Y12M
10007,彰化縣,10007060,福興鄉,10007060-007,三汴村,234,118,116,1144,579,565,260,128,132,110Y12M
10007,彰化縣,10007060,福興鄉,10007060-008,萬豐村,86,40,46,676,349,327,177,87,90,110Y12M
10007,彰化縣,10007060,福興鄉,10007060-009,番婆村,311,162,149,2055,1125,930,460,218,242,110Y12M
10007,彰化縣,10007060,福興鄉,10007060-010,橋頭村,242,121,121,2260,1125,1135,488,224,264,110Y12M
10007,彰化縣,10007060,福興鄉,10007060-011,秀厝村,357,195,162,2236,1186,1050,432,203,229,110Y12M
10007,彰化縣,10007060,福興鄉,10007060-012,鎮平村,152,68,84,997,535,462,221,103,118,110Y12M
10007,彰化縣,10007060,福興鄉,10007060-013,三和村,130,67,63,840,461,379,234,115,119,110Y12M
10007,彰化縣,10007060,福興鄉,10007060-014,麥厝村,311,169,142,1782,958,824,456,221,235,110Y12M
10007,彰化縣,10007060,福興鄉,10007060-015,廈粘村,265,146,119,1548,866,682,383,189,194,110Y12M
10007,彰化縣,10007060,福興鄉,10007060-016,頂粘村,347,171,176,1920,1028,892,458,209,249,110Y12M
10007,彰化縣,10007060,福興鄉,10007060-017,福寶村,191,102,89,1084,573,511,240,119,121,110Y12M
10007,彰化縣,10007060,福興鄉,10007060-018,二港村,164,86,78,1049,566,483,279,137,142,110Y12M
10007,彰化縣,10007060,福興鄉,10007060-019,福興村,400,226,174,3088,1622,1466,665,296,369,110Y12M
10007,彰化縣,10007060,福興鄉,10007060-020,福南村,364,197,167,2185,1149,1036,468,210,258,110Y12M
10007,彰化縣,10007060,福興鄉,10007060-021,同安村,359,190,169,1991,1052,939,455,212,243,110Y12M
10007,彰化縣,10007060,福興鄉,10007060-022,西勢村,273,123,150,1581,839,742,389,175,214,110Y12M
10007,彰化縣,10007070,秀水鄉,10007070-001,秀水村,252,133,119,1408,749,659,348,157,191,110Y12M
10007,彰化縣,10007070,秀水鄉,10007070-002,安溪村,245,137,108,1802,943,859,331,152,179,110Y12M
10007,彰化縣,10007070,秀水鄉,10007070-003,莊雅村,482,259,223,2321,1133,1188,428,212,216,110Y12M
10007,彰化縣,10007070,秀水鄉,10007070-004,金興村,217,114,103,1515,819,696,375,181,194,110Y12M
10007,彰化縣,10007070,秀水鄉,10007070-005,陝西村,198,112,86,1200,640,560,281,123,158,110Y12M
10007,彰化縣,10007070,秀水鄉,10007070-006,安東村,624,331,293,3249,1683,1566,772,367,405,110Y12M
10007,彰化縣,10007070,秀水鄉,10007070-007,鶴鳴村,347,181,166,2639,1388,1251,595,274,321,110Y12M
10007,彰化縣,10007070,秀水鄉,10007070-008,馬興村,246,127,119,1909,1020,889,413,203,210,110Y12M
10007,彰化縣,10007070,秀水鄉,10007070-009,義興村,160,93,67,1259,675,584,236,115,121,110Y12M
10007,彰化縣,10007070,秀水鄉,10007070-010,福安村,1038,527,511,4060,2072,1988,687,324,363,110Y12M
10007,彰化縣,10007070,秀水鄉,10007070-011,埔崙村,437,237,200,1654,853,801,370,185,185,110Y12M
10007,彰化縣,10007070,秀水鄉,10007070-012,曾厝村,244,126,118,1421,735,686,293,142,151,110Y12M
10007,彰化縣,10007070,秀水鄉,10007070-013,金陵村,269,156,113,1463,762,701,335,157,178,110Y12M
10007,彰化縣,10007070,秀水鄉,10007070-014,下崙村,278,121,157,1823,990,833,409,189,220,110Y12M
10007,彰化縣,10007080,花壇鄉,10007080-001,花壇村,476,250,226,2642,1338,1304,635,305,330,110Y12M
10007,彰化縣,10007080,花壇鄉,10007080-002,金墩村,182,89,93,1468,779,689,355,174,181,110Y12M
10007,彰化縣,10007080,花壇鄉,10007080-003,中庄村,269,143,126,1857,991,866,516,237,279,110Y12M
10007,彰化縣,10007080,花壇鄉,10007080-004,劉厝村,126,68,58,834,438,396,251,128,123,110Y12M
10007,彰化縣,10007080,花壇鄉,10007080-005,崙雅村,189,105,84,1178,614,564,310,160,150,110Y12M
10007,彰化縣,10007080,花壇鄉,10007080-006,南口村,195,108,87,1576,789,787,375,178,197,110Y12M
10007,彰化縣,10007080,花壇鄉,10007080-007,中口村,46,25,21,576,297,279,165,81,84,110Y12M
10007,彰化縣,10007080,花壇鄉,10007080-008,北口村,237,121,116,1536,816,720,325,153,172,110Y12M
10007,彰化縣,10007080,花壇鄉,10007080-009,長沙村,793,391,402,4255,2207,2048,896,424,472,110Y12M
10007,彰化縣,10007080,花壇鄉,10007080-010,文德村,306,160,146,2699,1397,1302,511,237,274,110Y12M
10007,彰化縣,10007080,花壇鄉,10007080-011,白沙村,492,280,212,3956,2047,1909,804,377,427,110Y12M
10007,彰化縣,10007080,花壇鄉,10007080-012,岩竹村,128,60,68,1121,613,508,265,125,140,110Y12M
10007,彰化縣,10007080,花壇鄉,10007080-013,橋頭村,558,307,251,2817,1438,1379,586,263,323,110Y12M
10007,彰化縣,10007080,花壇鄉,10007080-014,灣雅村,100,60,40,730,379,351,178,76,102,110Y12M
10007,彰化縣,10007080,花壇鄉,10007080-015,灣東村,81,41,40,705,393,312,227,120,107,110Y12M
10007,彰化縣,10007080,花壇鄉,10007080-016,三春村,265,140,125,1646,843,803,343,154,189,110Y12M
10007,彰化縣,10007080,花壇鄉,10007080-017,永春村,230,118,112,1678,863,815,261,110,151,110Y12M
10007,彰化縣,10007080,花壇鄉,10007080-018,長春村,174,93,81,1373,728,645,298,126,172,110Y12M
10007,彰化縣,10007090,芬園鄉,10007090-001,舊社村,180,96,84,1412,744,668,380,177,203,110Y12M
10007,彰化縣,10007090,芬園鄉,10007090-002,大埔村,148,82,66,1087,590,497,325,161,164,110Y12M
10007,彰化縣,10007090,芬園鄉,10007090-003,竹林村,214,121,93,1417,760,657,379,169,210,110Y12M
10007,彰化縣,10007090,芬園鄉,10007090-004,社口村,297,147,150,2016,1063,953,532,248,284,110Y12M
10007,彰化縣,10007090,芬園鄉,10007090-005,茄荖村,233,117,116,1886,1036,850,530,264,266,110Y12M
10007,彰化縣,10007090,芬園鄉,10007090-006,嘉興村,156,87,69,1315,710,605,359,175,184,110Y12M
10007,彰化縣,10007090,芬園鄉,10007090-007,芬園村,134,74,60,718,376,342,178,93,85,110Y12M
10007,彰化縣,10007090,芬園鄉,10007090-008,縣庄村,113,69,44,880,488,392,275,136,139,110Y12M
10007,彰化縣,10007090,芬園鄉,10007090-009,圳墘村,36,18,18,478,265,213,188,92,96,110Y12M
10007,彰化縣,10007090,芬園鄉,10007090-010,溪頭村,186,101,85,1322,689,633,368,172,196,110Y12M
10007,彰化縣,10007090,芬園鄉,10007090-011,進芬村,144,75,69,746,389,357,235,119,116,110Y12M
10007,彰化縣,10007090,芬園鄉,10007090-012,同安村,83,44,39,895,495,400,276,124,152,110Y12M
10007,彰化縣,10007090,芬園鄉,10007090-013,中崙村,83,41,42,626,348,278,244,122,122,110Y12M
10007,彰化縣,10007090,芬園鄉,10007090-014,大竹村,115,66,49,741,410,331,235,112,123,110Y12M
10007,彰化縣,10007090,芬園鄉,10007090-015,楓坑村,77,43,34,453,254,199,132,70,62,110Y12M
10007,彰化縣,10007100,員林市,10007100-001,東和里,123,64,59,809,404,405,247,111,136,110Y12M
10007,彰化縣,10007100,員林市,10007100-002,民生里,366,179,187,2093,1027,1066,650,281,369,110Y12M
10007,彰化縣,10007100,員林市,10007100-003,中正里,585,316,269,2534,1218,1316,639,271,368,110Y12M
10007,彰化縣,10007100,員林市,10007100-004,仁美里,399,199,200,1975,976,999,637,281,356,110Y12M
10007,彰化縣,10007100,員林市,10007100-005,新興里,95,44,51,535,274,261,178,80,98,110Y12M
10007,彰化縣,10007100,員林市,10007100-006,和平里,468,229,239,2185,1032,1153,661,282,379,110Y12M
10007,彰化縣,10007100,員林市,10007100-007,光明里,100,56,44,549,295,254,222,102,120,110Y12M
10007,彰化縣,10007100,員林市,10007100-008,中山里,90,48,42,398,215,183,185,85,100,110Y12M
10007,彰化縣,10007100,員林市,10007100-009,黎明里,223,108,115,1396,708,688,423,201,222,110Y12M
10007,彰化縣,10007100,員林市,10007100-010,惠來里,799,419,380,4609,2217,2392,1150,522,628,110Y12M
10007,彰化縣,10007100,員林市,10007100-011,三義里,501,260,241,2056,1048,1008,482,221,261,110Y12M
10007,彰化縣,10007100,員林市,10007100-012,新生里,757,402,355,3326,1626,1700,918,419,499,110Y12M
10007,彰化縣,10007100,員林市,10007100-013,南平里,1236,616,620,4767,2233,2534,810,353,457,110Y12M
10007,彰化縣,10007100,員林市,10007100-014,南興里,1061,583,478,3963,1970,1993,974,408,566,110Y12M
10007,彰化縣,10007100,員林市,10007100-015,源潭里,343,186,157,1412,741,671,322,163,159,110Y12M
10007,彰化縣,10007100,員林市,10007100-016,大埔里,407,201,206,1788,936,852,367,162,205,110Y12M
10007,彰化縣,10007100,員林市,10007100-017,三條里,589,292,297,2369,1167,1202,481,226,255,110Y12M
10007,彰化縣,10007100,員林市,10007100-018,三和里,1241,631,610,5263,2556,2707,1154,570,584,110Y12M
10007,彰化縣,10007100,員林市,10007100-019,三橋里,591,289,302,2430,1173,1257,567,268,299,110Y12M
10007,彰化縣,10007100,員林市,10007100-020,中央里,233,123,110,1646,819,827,361,176,185,110Y12M
10007,彰化縣,10007100,員林市,10007100-021,溝皂里,398,193,205,2108,1042,1066,487,210,277,110Y12M
10007,彰化縣,10007100,員林市,10007100-022,大饒里,459,241,218,2845,1463,1382,621,286,335,110Y12M
10007,彰化縣,10007100,員林市,10007100-023,大明里,296,152,144,1975,1029,946,452,214,238,110Y12M
10007,彰化縣,10007100,員林市,10007100-024,萬年里,565,307,258,3130,1540,1590,684,338,346,110Y12M
10007,彰化縣,10007100,員林市,10007100-025,崙雅里,268,135,133,1907,1002,905,481,227,254,110Y12M
10007,彰化縣,10007100,員林市,10007100-026,振興里,314,170,144,2268,1178,1090,536,234,302,110Y12M
10007,彰化縣,10007100,員林市,10007100-027,林厝里,362,197,165,2422,1269,1153,470,227,243,110Y12M
10007,彰化縣,10007100,員林市,10007100-028,出水里,175,105,70,1358,726,632,383,184,199,110Y12M
10007,彰化縣,10007100,員林市,10007100-029,湖水里,127,62,65,915,512,403,307,154,153,110Y12M
10007,彰化縣,10007100,員林市,10007100-030,大■里,88,40,48,556,296,260,166,75,91,110Y12M
10007,彰化縣,10007100,員林市,10007100-031,鎮興里,250,139,111,1635,856,779,371,166,205,110Y12M
10007,彰化縣,10007100,員林市,10007100-032,浮圳里,345,178,167,1847,966,881,420,191,229,110Y12M
10007,彰化縣,10007100,員林市,10007100-033,西東里,382,203,179,1620,861,759,381,182,199,110Y12M
10007,彰化縣,10007100,員林市,10007100-034,南東里,220,133,87,1447,754,693,336,140,196,110Y12M
10007,彰化縣,10007100,員林市,10007100-035,中東里,210,104,106,1477,786,691,320,161,159,110Y12M
10007,彰化縣,10007100,員林市,10007100-036,東北里,285,144,141,1907,1000,907,432,199,233,110Y12M
10007,彰化縣,10007100,員林市,10007100-037,三愛里,584,303,281,2492,1149,1343,570,263,307,110Y12M
10007,彰化縣,10007100,員林市,10007100-038,三信里,483,232,251,1873,904,969,467,200,267,110Y12M
10007,彰化縣,10007100,員林市,10007100-039,三多里,540,291,249,2069,991,1078,476,225,251,110Y12M
10007,彰化縣,10007100,員林市,10007100-040,仁愛里,362,187,175,1101,521,580,286,125,161,110Y12M
10007,彰化縣,10007100,員林市,10007100-041,忠孝里,462,251,211,1855,914,941,391,169,222,110Y12M
10007,彰化縣,10007110,溪湖鎮,10007110-001,光平里,249,145,104,933,471,462,278,131,147,110Y12M
10007,彰化縣,10007110,溪湖鎮,10007110-002,平和里,86,55,31,468,238,230,165,73,92,110Y12M
10007,彰化縣,10007110,溪湖鎮,10007110-003,太平里,625,289,336,1597,777,820,278,124,154,110Y12M
10007,彰化縣,10007110,溪湖鎮,10007110-004,光華里,49,24,25,324,150,174,104,53,51,110Y12M
10007,彰化縣,10007110,溪湖鎮,10007110-005,東寮里,946,501,445,2952,1475,1477,623,288,335,110Y12M
10007,彰化縣,10007110,溪湖鎮,10007110-006,西寮里,584,317,267,1899,958,941,388,179,209,110Y12M
10007,彰化縣,10007110,溪湖鎮,10007110-007,大突里,621,311,310,3096,1549,1547,535,244,291,110Y12M
10007,彰化縣,10007110,溪湖鎮,10007110-008,北勢里,182,103,79,1199,635,564,283,129,154,110Y12M
10007,彰化縣,10007110,溪湖鎮,10007110-009,汴頭里,454,246,208,2660,1352,1308,461,203,258,110Y12M
10007,彰化縣,10007110,溪湖鎮,10007110-010,大竹里,345,182,163,2012,1042,970,522,230,292,110Y12M
10007,彰化縣,10007110,溪湖鎮,10007110-011,湖西里,323,168,155,1950,979,971,423,190,233,110Y12M
10007,彰化縣,10007110,溪湖鎮,10007110-012,田中里,104,56,48,667,362,305,159,64,95,110Y12M
10007,彰化縣,10007110,溪湖鎮,10007110-013,河東里,229,119,110,1516,766,750,358,174,184,110Y12M
10007,彰化縣,10007110,溪湖鎮,10007110-014,中山里,396,202,194,1838,1005,833,517,237,280,110Y12M
10007,彰化縣,10007110,溪湖鎮,10007110-015,中竹里,107,56,51,673,336,337,162,72,90,110Y12M
10007,彰化縣,10007110,溪湖鎮,10007110-016,東溪里,191,97,94,1114,589,525,260,119,141,110Y12M
10007,彰化縣,10007110,溪湖鎮,10007110-017,西溪里,271,142,129,1559,804,755,344,154,190,110Y12M
10007,彰化縣,10007110,溪湖鎮,10007110-018,湖東里,981,490,491,4004,2055,1949,799,359,440,110Y12M
10007,彰化縣,10007110,溪湖鎮,10007110-019,頂庄里,81,40,41,511,282,229,129,55,74,110Y12M
10007,彰化縣,10007110,溪湖鎮,10007110-020,忠覺里,127,70,57,1021,534,487,263,126,137,110Y12M
10007,彰化縣,10007110,溪湖鎮,10007110-021,湳底里,72,37,35,537,282,255,160,80,80,110Y12M
10007,彰化縣,10007110,溪湖鎮,10007110-022,大庭里,165,73,92,1103,593,510,277,132,145,110Y12M
10007,彰化縣,10007110,溪湖鎮,10007110-023,媽厝里,124,70,54,1007,547,460,288,132,156,110Y12M
10007,彰化縣,10007110,溪湖鎮,10007110-024,西勢里,309,155,154,1854,968,886,390,180,210,110Y12M
10007,彰化縣,10007110,溪湖鎮,10007110-025,番婆里,266,156,110,1455,756,699,338,147,191,110Y12M
10007,彰化縣,10007120,田中鎮,10007120-001,香山里,83,38,45,636,339,297,215,110,105,110Y12M
10007,彰化縣,10007120,田中鎮,10007120-002,碧峰里,76,49,27,680,356,324,378,247,131,110Y12M
10007,彰化縣,10007120,田中鎮,10007120-003,東源里,95,43,52,602,312,290,172,82,90,110Y12M
10007,彰化縣,10007120,田中鎮,10007120-004,復興里,134,71,63,1158,628,530,368,178,190,110Y12M
10007,彰化縣,10007120,田中鎮,10007120-005,平和里,120,70,50,1140,634,506,324,154,170,110Y12M
10007,彰化縣,10007120,田中鎮,10007120-006,頂潭里,142,69,73,984,506,478,284,137,147,110Y12M
10007,彰化縣,10007120,田中鎮,10007120-007,中潭里,190,90,100,1398,724,674,414,183,231,110Y12M
10007,彰化縣,10007120,田中鎮,10007120-008,龍潭里,53,25,28,427,242,185,166,88,78,110Y12M
10007,彰化縣,10007120,田中鎮,10007120-009,北路里,552,310,242,2742,1353,1389,697,312,385,110Y12M
10007,彰化縣,10007120,田中鎮,10007120-010,西路里,329,162,167,1904,943,961,536,254,282,110Y12M
10007,彰化縣,10007120,田中鎮,10007120-011,東路里,114,65,49,807,420,387,260,125,135,110Y12M
10007,彰化縣,10007120,田中鎮,10007120-012,南路里,155,75,80,844,410,434,304,138,166,110Y12M
10007,彰化縣,10007120,田中鎮,10007120-013,中路里,264,141,123,1458,746,712,525,244,281,110Y12M
10007,彰化縣,10007120,田中鎮,10007120-014,新庄里,284,165,119,2008,1064,944,495,225,270,110Y12M
10007,彰化縣,10007120,田中鎮,10007120-015,三安里,146,77,69,1214,662,552,375,174,201,110Y12M
10007,彰化縣,10007120,田中鎮,10007120-016,大崙里,126,69,57,1029,554,475,296,140,156,110Y12M
10007,彰化縣,10007120,田中鎮,10007120-017,沙崙里,287,144,143,1517,781,736,367,176,191,110Y12M
10007,彰化縣,10007120,田中鎮,10007120-018,新民里,674,362,312,3598,1811,1787,743,351,392,110Y12M
10007,彰化縣,10007120,田中鎮,10007120-019,梅州里,164,91,73,1050,538,512,274,122,152,110Y12M
10007,彰化縣,10007120,田中鎮,10007120-020,三民里,173,93,80,1246,651,595,365,172,193,110Y12M
10007,彰化縣,10007120,田中鎮,10007120-021,三光里,98,48,50,693,397,296,221,107,114,110Y12M
10007,彰化縣,10007120,田中鎮,10007120-022,大社里,73,40,33,681,369,312,196,114,82,110Y12M
10007,彰化縣,10007130,大村鄉,10007130-001,大村村,707,383,324,3146,1580,1566,511,237,274,110Y12M
10007,彰化縣,10007130,大村鄉,10007130-002,茄苳村,231,109,122,1288,690,598,334,141,193,110Y12M
10007,彰化縣,10007130,大村鄉,10007130-003,南勢村,226,126,100,1303,680,623,258,130,128,110Y12M
10007,彰化縣,10007130,大村鄉,10007130-004,田洋村,191,98,93,1089,577,512,207,94,113,110Y12M
10007,彰化縣,10007130,大村鄉,10007130-005,新興村,115,60,55,970,518,452,265,123,142,110Y12M
10007,彰化縣,10007130,大村鄉,10007130-006,過溝村,483,231,252,2952,1448,1504,410,196,214,110Y12M
10007,彰化縣,10007130,大村鄉,10007130-007,美港村,418,212,206,2631,1320,1311,617,276,341,110Y12M
10007,彰化縣,10007130,大村鄉,10007130-008,平和村,377,181,196,2259,1177,1082,438,206,232,110Y12M
10007,彰化縣,10007130,大村鄉,10007130-009,貢旗村,251,130,121,1346,689,657,314,145,169,110Y12M
10007,彰化縣,10007130,大村鄉,10007130-010,加錫村,166,87,79,1341,720,621,275,119,156,110Y12M
10007,彰化縣,10007130,大村鄉,10007130-011,村上村,263,138,125,1254,643,611,279,138,141,110Y12M
10007,彰化縣,10007130,大村鄉,10007130-012,大橋村,281,139,142,1661,864,797,442,208,234,110Y12M
10007,彰化縣,10007130,大村鄉,10007130-013,大崙村,188,102,86,1378,736,642,306,127,179,110Y12M
10007,彰化縣,10007130,大村鄉,10007130-014,擺塘村,408,219,189,2241,1176,1065,526,256,270,110Y12M
10007,彰化縣,10007130,大村鄉,10007130-015,黃厝村,343,192,151,2117,1081,1036,444,205,239,110Y12M
10007,彰化縣,10007130,大村鄉,10007130-016,福興村,323,164,159,1895,993,902,367,163,204,110Y12M
10007,彰化縣,10007140,埔鹽鄉,10007140-001,埔鹽村,223,123,100,1368,719,649,355,174,181,110Y12M
10007,彰化縣,10007140,埔鹽鄉,10007140-002,埔南村,213,109,104,1282,668,614,328,147,181,110Y12M
10007,彰化縣,10007140,埔鹽鄉,10007140-003,■子村,109,55,54,1031,554,477,255,118,137,110Y12M
10007,彰化縣,10007140,埔鹽鄉,10007140-004,出水村,99,53,46,735,393,342,191,87,104,110Y12M
10007,彰化縣,10007140,埔鹽鄉,10007140-005,南港村,163,85,78,1439,779,660,381,180,201,110Y12M
10007,彰化縣,10007140,埔鹽鄉,10007140-006,打廉村,53,32,21,774,431,343,187,80,107,110Y12M
10007,彰化縣,10007140,埔鹽鄉,10007140-007,豐澤村,123,62,61,1067,594,473,289,145,144,110Y12M
10007,彰化縣,10007140,埔鹽鄉,10007140-008,崑崙村,128,63,65,881,468,413,232,104,128,110Y12M
10007,彰化縣,10007140,埔鹽鄉,10007140-009,角樹村,69,41,28,528,281,247,145,65,80,110Y12M
10007,彰化縣,10007140,埔鹽鄉,10007140-010,瓦■村,146,60,86,992,541,451,266,126,140,110Y12M
10007,彰化縣,10007140,埔鹽鄉,10007140-011,好修村,276,154,122,1518,787,731,312,141,171,110Y12M
10007,彰化縣,10007140,埔鹽鄉,10007140-012,西湖村,254,135,119,1681,908,773,441,206,235,110Y12M
10007,彰化縣,10007140,埔鹽鄉,10007140-013,大有村,168,75,93,929,501,428,290,139,151,110Y12M
10007,彰化縣,10007140,埔鹽鄉,10007140-014,新興村,38,23,15,363,191,172,104,59,45,110Y12M
10007,彰化縣,10007140,埔鹽鄉,10007140-015,永平村,127,81,46,865,449,416,257,128,129,110Y12M
10007,彰化縣,10007140,埔鹽鄉,10007140-016,永樂村,108,54,54,677,373,304,192,93,99,110Y12M
10007,彰化縣,10007140,埔鹽鄉,10007140-017,石埤村,134,71,63,1147,645,502,337,159,178,110Y12M
10007,彰化縣,10007140,埔鹽鄉,10007140-018,天盛村,60,33,27,656,364,292,200,97,103,110Y12M
10007,彰化縣,10007140,埔鹽鄉,10007140-019,太平村,157,84,73,1244,686,558,344,165,179,110Y12M
10007,彰化縣,10007140,埔鹽鄉,10007140-020,新水村,170,92,78,1236,666,570,330,151,179,110Y12M
10007,彰化縣,10007140,埔鹽鄉,10007140-021,三省村,117,62,55,1088,583,505,323,144,179,110Y12M
10007,彰化縣,10007140,埔鹽鄉,10007140-022,南新村,130,62,68,1068,593,475,289,134,155,110Y12M
10007,彰化縣,10007150,埔心鄉,10007150-001,東門村,497,263,234,3097,1568,1529,577,264,313,110Y12M
10007,彰化縣,10007150,埔心鄉,10007150-002,埔心村,177,98,79,985,537,448,278,132,146,110Y12M
10007,彰化縣,10007150,埔心鄉,10007150-003,義民村,212,102,110,1304,669,635,303,131,172,110Y12M
10007,彰化縣,10007150,埔心鄉,10007150-004,油車村,109,49,60,1045,566,479,241,109,132,110Y12M
10007,彰化縣,10007150,埔心鄉,10007150-005,瓦北村,182,94,88,1446,757,689,352,162,190,110Y12M
10007,彰化縣,10007150,埔心鄉,10007150-006,瓦中村,192,108,84,1722,910,812,320,142,178,110Y12M
10007,彰化縣,10007150,埔心鄉,10007150-007,瓦南村,142,72,70,1176,617,559,290,126,164,110Y12M
10007,彰化縣,10007150,埔心鄉,10007150-008,太平村,309,171,138,1660,847,813,395,185,210,110Y12M
10007,彰化縣,10007150,埔心鄉,10007150-009,經口村,232,110,122,2050,1042,1008,382,184,198,110Y12M
10007,彰化縣,10007150,埔心鄉,10007150-010,大華村,73,33,40,548,323,225,123,52,71,110Y12M
10007,彰化縣,10007150,埔心鄉,10007150-011,仁里村,169,88,81,1076,563,513,217,89,128,110Y12M
10007,彰化縣,10007150,埔心鄉,10007150-012,舊■村,217,103,114,1301,654,647,254,126,128,110Y12M
10007,彰化縣,10007150,埔心鄉,10007150-013,南■村,127,65,62,895,447,448,193,95,98,110Y12M
10007,彰化縣,10007150,埔心鄉,10007150-014,新■村,117,66,51,818,426,392,186,92,94,110Y12M
10007,彰化縣,10007150,埔心鄉,10007150-015,羅厝村,133,68,65,1066,580,486,277,123,154,110Y12M
10007,彰化縣,10007150,埔心鄉,10007150-016,芎蕉村,219,100,119,1556,822,734,365,167,198,110Y12M
10007,彰化縣,10007150,埔心鄉,10007150-017,二重村,185,96,89,1190,622,568,283,145,138,110Y12M
10007,彰化縣,10007150,埔心鄉,10007150-018,梧鳳村,60,33,27,727,405,322,190,102,88,110Y12M
10007,彰化縣,10007150,埔心鄉,10007150-019,埤霞村,47,24,23,609,343,266,148,77,71,110Y12M
10007,彰化縣,10007150,埔心鄉,10007150-020,埤■村,64,25,39,763,410,353,166,70,96,110Y12M
10007,彰化縣,10007160,永靖鄉,10007160-001,永東村,125,57,68,613,312,301,182,80,102,110Y12M
10007,彰化縣,10007160,永靖鄉,10007160-002,永西村,260,142,118,1264,659,605,291,126,165,110Y12M
10007,彰化縣,10007160,永靖鄉,10007160-003,永南村,273,146,127,1448,717,731,398,195,203,110Y12M
10007,彰化縣,10007160,永靖鄉,10007160-004,永北村,343,162,181,1859,951,908,365,164,201,110Y12M
10007,彰化縣,10007160,永靖鄉,10007160-005,港西村,182,103,79,1361,716,645,384,165,219,110Y12M
10007,彰化縣,10007160,永靖鄉,10007160-006,五福村,160,87,73,1186,621,565,297,136,161,110Y12M
10007,彰化縣,10007160,永靖鄉,10007160-007,湳港村,170,91,79,927,493,434,192,95,97,110Y12M
10007,彰化縣,10007160,永靖鄉,10007160-008,新莊村,187,94,93,933,494,439,174,70,104,110Y12M
10007,彰化縣,10007160,永靖鄉,10007160-009,瑚璉村,528,287,241,2356,1237,1119,477,220,257,110Y12M
10007,彰化縣,10007160,永靖鄉,10007160-010,五汴村,157,86,71,1118,605,513,289,135,154,110Y12M
10007,彰化縣,10007160,永靖鄉,10007160-011,浮圳村,117,59,58,1040,548,492,214,97,117,110Y12M
10007,彰化縣,10007160,永靖鄉,10007160-012,光雲村,158,97,61,1342,681,661,327,150,177,110Y12M
10007,彰化縣,10007160,永靖鄉,10007160-013,東寧村,260,141,119,1643,867,776,342,160,182,110Y12M
10007,彰化縣,10007160,永靖鄉,10007160-014,永興村,197,103,94,1287,699,588,325,150,175,110Y12M
10007,彰化縣,10007160,永靖鄉,10007160-015,崙子村,145,77,68,1191,634,557,250,118,132,110Y12M
10007,彰化縣,10007160,永靖鄉,10007160-016,獨鰲村,97,59,38,686,362,324,169,89,80,110Y12M
10007,彰化縣,10007160,永靖鄉,10007160-017,敦厚村,79,44,35,569,312,257,150,72,78,110Y12M
10007,彰化縣,10007160,永靖鄉,10007160-018,崙美村,72,38,34,606,325,281,161,67,94,110Y12M
10007,彰化縣,10007160,永靖鄉,10007160-019,同安村,65,36,29,527,280,247,151,70,81,110Y12M
10007,彰化縣,10007160,永靖鄉,10007160-020,同仁村,90,47,43,675,369,306,190,91,99,110Y12M
10007,彰化縣,10007160,永靖鄉,10007160-021,湳墘村,69,38,31,646,344,302,180,87,93,110Y12M
10007,彰化縣,10007160,永靖鄉,10007160-022,四芳村,63,36,27,500,288,212,152,75,77,110Y12M
10007,彰化縣,10007160,永靖鄉,10007160-023,福興村,123,63,60,840,457,383,253,119,134,110Y12M
10007,彰化縣,10007160,永靖鄉,10007160-024,竹子村,106,57,49,966,536,430,357,178,179,110Y12M
10007,彰化縣,10007170,社頭鄉,10007170-001,社頭村,364,192,172,2223,1130,1093,632,286,346,110Y12M
10007,彰化縣,10007170,社頭鄉,10007170-002,東興村,202,100,102,1228,631,597,269,134,135,110Y12M
10007,彰化縣,10007170,社頭鄉,10007170-003,山湖村,138,72,66,899,479,420,253,124,129,110Y12M
10007,彰化縣,10007170,社頭鄉,10007170-004,廣興村,687,354,333,3783,1930,1853,820,398,422,110Y12M
10007,彰化縣,10007170,社頭鄉,10007170-005,廣福村,123,66,57,744,397,347,200,96,104,110Y12M
10007,彰化縣,10007170,社頭鄉,10007170-006,朝興村,127,71,56,879,461,418,246,120,126,110Y12M
10007,彰化縣,10007170,社頭鄉,10007170-007,仁雅村,447,219,228,2282,1151,1131,571,264,307,110Y12M
10007,彰化縣,10007170,社頭鄉,10007170-008,橋頭村,229,105,124,1721,916,805,425,191,234,110Y12M
10007,彰化縣,10007170,社頭鄉,10007170-009,仁和村,93,56,37,634,344,290,146,68,78,110Y12M
10007,彰化縣,10007170,社頭鄉,10007170-010,崙雅村,170,96,74,774,383,391,178,85,93,110Y12M
10007,彰化縣,10007170,社頭鄉,10007170-011,湳底村,218,115,103,1454,804,650,326,153,173,110Y12M
10007,彰化縣,10007170,社頭鄉,10007170-012,泰安村,109,51,58,820,422,398,194,87,107,110Y12M
10007,彰化縣,10007170,社頭鄉,10007170-013,美雅村,207,117,90,1087,572,515,246,121,125,110Y12M
10007,彰化縣,10007170,社頭鄉,10007170-014,新厝村,137,73,64,1140,619,521,313,142,171,110Y12M
10007,彰化縣,10007170,社頭鄉,10007170-015,平和村,115,50,65,797,434,363,172,78,94,110Y12M
10007,彰化縣,10007170,社頭鄉,10007170-016,里仁村,132,70,62,797,431,366,208,97,111,110Y12M
10007,彰化縣,10007170,社頭鄉,10007170-017,張厝村,176,85,91,985,501,484,258,126,132,110Y12M
10007,彰化縣,10007170,社頭鄉,10007170-018,龍井村,79,37,42,628,347,281,194,94,100,110Y12M
10007,彰化縣,10007170,社頭鄉,10007170-019,舊社村,233,131,102,1365,698,667,298,144,154,110Y12M
10007,彰化縣,10007170,社頭鄉,10007170-020,埤斗村,89,46,43,780,412,368,223,116,107,110Y12M
10007,彰化縣,10007170,社頭鄉,10007170-021,湳雅村,187,102,85,1208,623,585,311,152,159,110Y12M
10007,彰化縣,10007170,社頭鄉,10007170-022,松竹村,133,70,63,859,424,435,200,94,106,110Y12M
10007,彰化縣,10007170,社頭鄉,10007170-023,清水村,157,82,75,1053,549,504,228,104,124,110Y12M
10007,彰化縣,10007170,社頭鄉,10007170-024,協和村,213,103,110,1776,958,818,434,207,227,110Y12M
10007,彰化縣,10007180,二水鄉,10007180-001,合和村,63,30,33,648,371,277,178,85,93,110Y12M
10007,彰化縣,10007180,二水鄉,10007180-002,上豊村,82,50,32,676,392,284,264,129,135,110Y12M
10007,彰化縣,10007180,二水鄉,10007180-003,過圳村,63,30,33,464,265,199,166,81,85,110Y12M
10007,彰化縣,10007180,二水鄉,10007180-004,五伯村,47,27,20,476,267,209,169,77,92,110Y12M
10007,彰化縣,10007180,二水鄉,10007180-005,光化村,69,35,34,648,339,309,265,108,157,110Y12M
10007,彰化縣,10007180,二水鄉,10007180-006,文化村,85,31,54,704,357,347,254,114,140,110Y12M
10007,彰化縣,10007180,二水鄉,10007180-007,二水村,108,57,51,583,328,255,225,103,122,110Y12M
10007,彰化縣,10007180,二水鄉,10007180-008,聖化村,47,29,18,308,172,136,133,59,74,110Y12M
10007,彰化縣,10007180,二水鄉,10007180-009,裕民村,102,54,48,775,427,348,256,122,134,110Y12M
10007,彰化縣,10007180,二水鄉,10007180-010,惠民村,59,31,28,538,301,237,271,120,151,110Y12M
10007,彰化縣,10007180,二水鄉,10007180-011,大園村,94,47,47,579,306,273,223,102,121,110Y12M
10007,彰化縣,10007180,二水鄉,10007180-012,修仁村,75,33,42,571,297,274,223,105,118,110Y12M
10007,彰化縣,10007180,二水鄉,10007180-013,合興村,52,32,20,477,253,224,205,111,94,110Y12M
10007,彰化縣,10007180,二水鄉,10007180-014,源泉村,51,28,23,444,243,201,179,89,90,110Y12M
10007,彰化縣,10007180,二水鄉,10007180-015,倡和村,52,29,23,391,227,164,178,88,90,110Y12M
10007,彰化縣,10007180,二水鄉,10007180-016,復興村,86,51,35,795,422,373,245,121,124,110Y12M
10007,彰化縣,10007180,二水鄉,10007180-017,十五村,54,26,28,483,273,210,194,94,100,110Y12M
10007,彰化縣,10007190,北斗鎮,10007190-001,光復里,465,244,221,1529,743,786,339,148,191,110Y12M
10007,彰化縣,10007190,北斗鎮,10007190-002,新政里,137,66,71,588,288,300,205,91,114,110Y12M
10007,彰化縣,10007190,北斗鎮,10007190-003,重慶里,51,30,21,404,221,183,149,68,81,110Y12M
10007,彰化縣,10007190,北斗鎮,10007190-004,五權里,86,49,37,527,274,253,151,67,84,110Y12M
10007,彰化縣,10007190,北斗鎮,10007190-005,七星里,166,75,91,1126,587,539,335,162,173,110Y12M
10007,彰化縣,10007190,北斗鎮,10007190-006,居仁里,187,94,93,939,475,464,351,163,188,110Y12M
10007,彰化縣,10007190,北斗鎮,10007190-007,東光里,370,182,188,1928,973,955,448,210,238,110Y12M
10007,彰化縣,10007190,北斗鎮,10007190-008,文昌里,471,261,210,2690,1341,1349,549,241,308,110Y12M
10007,彰化縣,10007190,北斗鎮,10007190-009,中和里,178,95,83,1099,561,538,241,115,126,110Y12M
10007,彰化縣,10007190,北斗鎮,10007190-010,西德里,774,423,351,3848,1935,1913,909,404,505,110Y12M
10007,彰化縣,10007190,北斗鎮,10007190-011,西安里,280,149,131,1408,720,688,377,168,209,110Y12M
10007,彰化縣,10007190,北斗鎮,10007190-012,中寮里,483,268,215,2265,1190,1075,549,259,290,110Y12M
10007,彰化縣,10007190,北斗鎮,10007190-013,大道里,342,193,149,1584,782,802,390,192,198,110Y12M
10007,彰化縣,10007190,北斗鎮,10007190-014,新生里,278,134,144,1687,868,819,405,187,218,110Y12M
10007,彰化縣,10007190,北斗鎮,10007190-015,大新里,198,99,99,1480,778,702,337,144,193,110Y12M
10007,彰化縣,10007200,二林鎮,10007200-001,東和里,260,140,120,1649,844,805,518,241,277,110Y12M
10007,彰化縣,10007200,二林鎮,10007200-002,南光里,701,368,333,2720,1374,1346,698,298,400,110Y12M
10007,彰化縣,10007200,二林鎮,10007200-003,西平里,262,132,130,1249,624,625,345,154,191,110Y12M
10007,彰化縣,10007200,二林鎮,10007200-004,北平里,450,251,199,2490,1265,1225,608,256,352,110Y12M
10007,彰化縣,10007200,二林鎮,10007200-005,中西里,235,117,118,1273,681,592,366,173,193,110Y12M
10007,彰化縣,10007200,二林鎮,10007200-006,廣興里,146,79,67,1027,548,479,351,159,192,110Y12M
10007,彰化縣,10007200,二林鎮,10007200-007,香田里,113,59,54,733,424,309,318,159,159,110Y12M
10007,彰化縣,10007200,二林鎮,10007200-008,外竹里,102,47,55,693,397,296,293,128,165,110Y12M
10007,彰化縣,10007200,二林鎮,10007200-009,興華里,138,75,63,901,476,425,279,121,158,110Y12M
10007,彰化縣,10007200,二林鎮,10007200-010,東興里,245,138,107,1366,700,666,312,152,160,110Y12M
10007,彰化縣,10007200,二林鎮,10007200-011,後厝里,538,273,265,2947,1471,1476,577,257,320,110Y12M
10007,彰化縣,10007200,二林鎮,10007200-012,豐田里,352,175,177,2061,1074,987,536,240,296,110Y12M
10007,彰化縣,10007200,二林鎮,10007200-013,頂厝里,129,64,65,1039,607,432,301,138,163,110Y12M
10007,彰化縣,10007200,二林鎮,10007200-014,趙甲里,114,54,60,1186,665,521,412,178,234,110Y12M
10007,彰化縣,10007200,二林鎮,10007200-015,振興里,132,65,67,917,518,399,291,136,155,110Y12M
10007,彰化縣,10007200,二林鎮,10007200-016,萬興里,99,57,42,596,319,277,189,91,98,110Y12M
10007,彰化縣,10007200,二林鎮,10007200-017,永興里,162,79,83,1119,598,521,400,185,215,110Y12M
10007,彰化縣,10007200,二林鎮,10007200-018,西庄里,118,67,51,997,525,472,307,136,171,110Y12M
10007,彰化縣,10007200,二林鎮,10007200-019,梅芳里,80,42,38,809,450,359,305,152,153,110Y12M
10007,彰化縣,10007200,二林鎮,10007200-020,華崙里,306,149,157,2766,1471,1295,852,389,463,110Y12M
10007,彰化縣,10007200,二林鎮,10007200-021,東勢里,50,22,28,744,415,329,242,105,137,110Y12M
10007,彰化縣,10007200,二林鎮,10007200-022,萬合里,112,59,53,821,451,370,307,131,176,110Y12M
10007,彰化縣,10007200,二林鎮,10007200-023,大永里,76,41,35,692,378,314,204,96,108,110Y12M
10007,彰化縣,10007200,二林鎮,10007200-024,原斗里,128,74,54,950,490,460,305,138,167,110Y12M
10007,彰化縣,10007200,二林鎮,10007200-025,西斗里,82,43,39,825,426,399,243,111,132,110Y12M
10007,彰化縣,10007200,二林鎮,10007200-026,東華里,56,25,31,725,392,333,262,121,141,110Y12M
10007,彰化縣,10007200,二林鎮,10007200-027,復豐里,65,34,31,536,306,230,179,78,101,110Y12M
10007,彰化縣,10007210,田尾鄉,10007210-001,田尾村,183,92,91,1009,545,464,306,152,154,110Y12M
10007,彰化縣,10007210,田尾鄉,10007210-002,豐田村,85,42,43,666,366,300,134,60,74,110Y12M
10007,彰化縣,10007210,田尾鄉,10007210-003,饒平村,367,190,177,2220,1111,1109,461,201,260,110Y12M
10007,彰化縣,10007210,田尾鄉,10007210-004,睦宜村,115,63,52,884,475,409,218,94,124,110Y12M
10007,彰化縣,10007210,田尾鄉,10007210-005,福田村,56,32,24,554,311,243,216,115,101,110Y12M
10007,彰化縣,10007210,田尾鄉,10007210-006,新興村,107,60,47,801,429,372,260,130,130,110Y12M
10007,彰化縣,10007210,田尾鄉,10007210-007,北鎮村,137,63,74,1014,503,511,229,107,122,110Y12M
10007,彰化縣,10007210,田尾鄉,10007210-008,南鎮村,70,38,32,478,264,214,158,71,87,110Y12M
10007,彰化縣,10007210,田尾鄉,10007210-009,新生村,204,112,92,1125,580,545,249,116,133,110Y12M
10007,彰化縣,10007210,田尾鄉,10007210-010,南曾村,161,77,84,1071,575,496,270,129,141,110Y12M
10007,彰化縣,10007210,田尾鄉,10007210-011,北曾村,208,111,97,1309,650,659,276,143,133,110Y12M
10007,彰化縣,10007210,田尾鄉,10007210-012,溪畔村,172,89,83,1000,525,475,259,119,140,110Y12M
10007,彰化縣,10007210,田尾鄉,10007210-013,打簾村,245,131,114,1390,707,683,373,183,190,110Y12M
10007,彰化縣,10007210,田尾鄉,10007210-014,柳鳳村,94,51,43,795,420,375,175,89,86,110Y12M
10007,彰化縣,10007210,田尾鄉,10007210-015,陸豐村,84,38,46,721,385,336,180,88,92,110Y12M
10007,彰化縣,10007210,田尾鄉,10007210-016,海豐村,109,54,55,1072,612,460,317,144,173,110Y12M
10007,彰化縣,10007210,田尾鄉,10007210-017,仁里村,194,98,96,1306,691,615,330,159,171,110Y12M
10007,彰化縣,10007210,田尾鄉,10007210-018,新厝村,28,16,12,196,102,94,60,28,32,110Y12M
10007,彰化縣,10007210,田尾鄉,10007210-019,溪頂村,58,30,28,488,259,229,150,73,77,110Y12M
10007,彰化縣,10007210,田尾鄉,10007210-020,正義村,102,63,39,736,385,351,172,78,94,110Y12M
10007,彰化縣,10007220,埤頭鄉,10007220-001,和豊村,314,160,154,2021,1061,960,503,221,282,110Y12M
10007,彰化縣,10007220,埤頭鄉,10007220-002,興農村,227,105,122,1445,772,673,396,187,209,110Y12M
10007,彰化縣,10007220,埤頭鄉,10007220-003,埤頭村,204,119,85,1261,670,591,354,171,183,110Y12M
10007,彰化縣,10007220,埤頭鄉,10007220-004,豊崙村,269,147,122,1825,1006,819,480,226,254,110Y12M
10007,彰化縣,10007220,埤頭鄉,10007220-005,崙子村,218,106,112,1025,520,505,262,119,143,110Y12M
10007,彰化縣,10007220,埤頭鄉,10007220-006,永豊村,273,155,118,1264,657,607,365,169,196,110Y12M
10007,彰化縣,10007220,埤頭鄉,10007220-007,合興村,528,275,253,2668,1364,1304,711,317,394,110Y12M
10007,彰化縣,10007220,埤頭鄉,10007220-008,平原村,380,189,191,1916,982,934,421,198,223,110Y12M
10007,彰化縣,10007220,埤頭鄉,10007220-009,崙腳村,87,44,43,542,289,253,184,97,87,110Y12M
10007,彰化縣,10007220,埤頭鄉,10007220-010,元埔村,53,27,26,416,225,191,158,79,79,110Y12M
10007,彰化縣,10007220,埤頭鄉,10007220-011,芙朝村,163,84,79,1088,614,474,422,186,236,110Y12M
10007,彰化縣,10007220,埤頭鄉,10007220-012,新庄村,97,41,56,738,427,311,295,133,162,110Y12M
10007,彰化縣,10007220,埤頭鄉,10007220-013,陸嘉村,75,38,37,612,351,261,201,99,102,110Y12M
10007,彰化縣,10007220,埤頭鄉,10007220-014,竹圍村,172,89,83,871,465,406,215,100,115,110Y12M
10007,彰化縣,10007220,埤頭鄉,10007220-015,中和村,202,95,107,1145,587,558,370,178,192,110Y12M
10007,彰化縣,10007220,埤頭鄉,10007220-016,庄內村,119,62,57,867,464,403,238,120,118,110Y12M
10007,彰化縣,10007220,埤頭鄉,10007220-017,大湖村,103,55,48,703,381,322,240,112,128,110Y12M
10007,彰化縣,10007230,芳苑鄉,10007230-001,芳苑村,62,31,31,667,384,283,283,124,159,110Y12M
10007,彰化縣,10007230,芳苑鄉,10007230-002,芳中村,34,21,13,254,148,106,161,82,79,110Y12M
10007,彰化縣,10007230,芳苑鄉,10007230-003,仁愛村,81,39,42,504,279,225,235,97,138,110Y12M
10007,彰化縣,10007230,芳苑鄉,10007230-004,信義村,51,25,26,368,227,141,163,76,87,110Y12M
10007,彰化縣,10007230,芳苑鄉,10007230-005,後寮村,118,56,62,777,419,358,227,95,132,110Y12M
10007,彰化縣,10007230,芳苑鄉,10007230-006,三合村,288,145,143,1697,897,800,462,206,256,110Y12M
10007,彰化縣,10007230,芳苑鄉,10007230-007,永興村,146,73,73,993,554,439,365,163,202,110Y12M
10007,彰化縣,10007230,芳苑鄉,10007230-008,五俊村,39,21,18,350,206,144,134,67,67,110Y12M
10007,彰化縣,10007230,芳苑鄉,10007230-009,路上村,49,18,31,429,251,178,212,103,109,110Y12M
10007,彰化縣,10007230,芳苑鄉,10007230-010,路平村,65,39,26,627,347,280,186,81,105,110Y12M
10007,彰化縣,10007230,芳苑鄉,10007230-011,三成村,63,33,30,726,410,316,267,123,144,110Y12M
10007,彰化縣,10007230,芳苑鄉,10007230-012,福榮村,35,22,13,372,215,157,198,86,112,110Y12M
10007,彰化縣,10007230,芳苑鄉,10007230-013,頂■村,40,24,16,406,243,163,154,67,87,110Y12M
10007,彰化縣,10007230,芳苑鄉,10007230-014,新街村,44,20,24,518,325,193,263,133,130,110Y12M
10007,彰化縣,10007230,芳苑鄉,10007230-015,王功村,206,114,92,1640,859,781,555,258,297,110Y12M
10007,彰化縣,10007230,芳苑鄉,10007230-016,博愛村,54,24,30,458,247,211,218,91,127,110Y12M
10007,彰化縣,10007230,芳苑鄉,10007230-017,和平村,68,32,36,518,277,241,215,95,120,110Y12M
10007,彰化縣,10007230,芳苑鄉,10007230-018,民生村,55,39,16,471,257,214,195,84,111,110Y12M
10007,彰化縣,10007230,芳苑鄉,10007230-019,興仁村,120,68,52,958,539,419,350,151,199,110Y12M
10007,彰化縣,10007230,芳苑鄉,10007230-020,新寶村,218,114,104,1365,729,636,334,154,180,110Y12M
10007,彰化縣,10007230,芳苑鄉,10007230-021,草湖村,108,51,57,1108,621,487,353,159,194,110Y12M
10007,彰化縣,10007230,芳苑鄉,10007230-022,文津村,77,39,38,833,471,362,236,120,116,110Y12M
10007,彰化縣,10007230,芳苑鄉,10007230-023,建平村,199,95,104,1583,896,687,513,240,273,110Y12M
10007,彰化縣,10007230,芳苑鄉,10007230-024,崙腳村,64,34,30,608,335,273,170,79,91,110Y12M
10007,彰化縣,10007230,芳苑鄉,10007230-025,新生村,143,74,69,1014,576,438,330,158,172,110Y12M
10007,彰化縣,10007230,芳苑鄉,10007230-026,漢寶村,405,194,211,2695,1430,1265,560,271,289,110Y12M
10007,彰化縣,10007240,大城鄉,10007240-001,潭墘村,61,38,23,732,439,293,364,162,202,110Y12M
10007,彰化縣,10007240,大城鄉,10007240-002,上山村,88,42,46,797,463,334,281,127,154,110Y12M
10007,彰化縣,10007240,大城鄉,10007240-003,東城村,131,66,65,997,540,457,337,150,187,110Y12M
10007,彰化縣,10007240,大城鄉,10007240-004,西城村,90,41,49,621,360,261,208,93,115,110Y12M
10007,彰化縣,10007240,大城鄉,10007240-005,大城村,119,67,52,702,387,315,258,102,156,110Y12M
10007,彰化縣,10007240,大城鄉,10007240-006,菜寮村,79,35,44,761,452,309,312,135,177,110Y12M
10007,彰化縣,10007240,大城鄉,10007240-007,山腳村,106,50,56,942,536,406,370,175,195,110Y12M
10007,彰化縣,10007240,大城鄉,10007240-008,永和村,68,37,31,460,271,189,212,94,118,110Y12M
10007,彰化縣,10007240,大城鄉,10007240-009,頂庄村,33,17,16,473,290,183,201,91,110,110Y12M
10007,彰化縣,10007240,大城鄉,10007240-010,公館村,62,29,33,722,421,301,321,139,182,110Y12M
10007,彰化縣,10007240,大城鄉,10007240-011,臺西村,62,33,29,616,365,251,261,115,146,110Y12M
10007,彰化縣,10007240,大城鄉,10007240-012,東港村,99,55,44,895,513,382,306,142,164,110Y12M
10007,彰化縣,10007240,大城鄉,10007240-013,西港村,62,38,24,613,357,256,269,127,142,110Y12M
10007,彰化縣,10007240,大城鄉,10007240-014,豐美村,97,49,48,658,368,290,226,100,126,110Y12M
10007,彰化縣,10007240,大城鄉,10007240-015,三豐村,37,22,15,423,268,155,201,91,110,110Y12M
10007,彰化縣,10007250,竹塘鄉,10007250-001,竹元村,154,74,80,889,464,425,299,134,165,110Y12M
10007,彰化縣,10007250,竹塘鄉,10007250-002,竹塘村,373,198,175,1599,791,808,442,202,240,110Y12M
10007,彰化縣,10007250,竹塘鄉,10007250-003,小西村,72,39,33,508,282,226,212,97,115,110Y12M
10007,彰化縣,10007250,竹塘鄉,10007250-004,民靖村,80,45,35,565,316,249,203,81,122,110Y12M
10007,彰化縣,10007250,竹塘鄉,10007250-005,五庄村,199,105,94,1208,656,552,369,167,202,110Y12M
10007,彰化縣,10007250,竹塘鄉,10007250-006,樹腳村,71,35,36,493,281,212,168,80,88,110Y12M
10007,彰化縣,10007250,竹塘鄉,10007250-007,田頭村,174,88,86,831,450,381,276,138,138,110Y12M
10007,彰化縣,10007250,竹塘鄉,10007250-008,新廣村,109,47,62,787,438,349,329,165,164,110Y12M
10007,彰化縣,10007250,竹塘鄉,10007250-009,溪墘村,44,27,17,329,202,127,148,58,90,110Y12M
10007,彰化縣,10007250,竹塘鄉,10007250-010,竹林村,88,48,40,598,333,265,223,108,115,110Y12M
10007,彰化縣,10007250,竹塘鄉,10007250-011,土庫村,58,28,30,439,254,185,195,93,102,110Y12M
10007,彰化縣,10007250,竹塘鄉,10007250-012,內新村,37,20,17,369,212,157,172,86,86,110Y12M
10007,彰化縣,10007250,竹塘鄉,10007250-013,長安村,99,54,45,548,295,253,230,114,116,110Y12M
10007,彰化縣,10007250,竹塘鄉,10007250-014,永安村,49,25,24,357,218,139,191,81,110,110Y12M
10007,彰化縣,10007260,溪州鄉,10007260-001,溪厝村,198,122,76,1436,758,678,454,212,242,110Y12M
10007,彰化縣,10007260,溪州鄉,10007260-002,舊眉村,171,80,91,1150,572,578,324,154,170,110Y12M
10007,彰化縣,10007260,溪州鄉,10007260-003,柑園村,141,73,68,944,502,442,235,105,130,110Y12M
10007,彰化縣,10007260,溪州鄉,10007260-004,水尾村,170,80,90,1244,664,580,327,143,184,110Y12M
10007,彰化縣,10007260,溪州鄉,10007260-005,坑厝村,72,47,25,539,281,258,182,84,98,110Y12M
10007,彰化縣,10007260,溪州鄉,10007260-006,圳寮村,178,97,81,1174,630,544,337,163,174,110Y12M
10007,彰化縣,10007260,溪州鄉,10007260-007,潮洋村,104,48,56,620,336,284,221,98,123,110Y12M
10007,彰化縣,10007260,溪州鄉,10007260-008,瓦厝村,94,51,43,668,345,323,228,107,121,110Y12M
10007,彰化縣,10007260,溪州鄉,10007260-009,西畔村,249,118,131,1526,858,668,494,227,267,110Y12M
10007,彰化縣,10007260,溪州鄉,10007260-010,張厝村,69,34,35,505,276,229,189,95,94,110Y12M
10007,彰化縣,10007260,溪州鄉,10007260-011,溪州村,202,110,92,1184,615,569,384,186,198,110Y12M
10007,彰化縣,10007260,溪州鄉,10007260-012,成功村,210,122,88,1433,793,640,444,207,237,110Y12M
10007,彰化縣,10007260,溪州鄉,10007260-013,菜公村,79,47,32,629,367,262,228,102,126,110Y12M
10007,彰化縣,10007260,溪州鄉,10007260-014,尾厝村,265,128,137,1575,814,761,342,161,181,110Y12M
10007,彰化縣,10007260,溪州鄉,10007260-015,大庄村,156,79,77,1490,852,638,452,215,237,110Y12M
10007,彰化縣,10007260,溪州鄉,10007260-016,三圳村,134,79,55,955,505,450,353,163,190,110Y12M
10007,彰化縣,10007260,溪州鄉,10007260-017,東州村,262,139,123,1550,795,755,466,230,236,110Y12M
10007,彰化縣,10007260,溪州鄉,10007260-018,榮光村,83,42,41,717,388,329,159,62,97,110Y12M
10007,彰化縣,10007260,溪州鄉,10007260-019,三條村,80,45,35,610,351,259,264,123,141,110Y12M
10008,南投縣,10008010,南投市,10008010-001,龍泉里,107,51,56,712,349,363,214,92,122,110Y12M
10008,南投縣,10008010,南投市,10008010-002,康壽里,235,129,106,1046,506,540,362,169,193,110Y12M
10008,南投縣,10008010,南投市,10008010-003,三民里,136,76,60,607,295,312,201,97,104,110Y12M
10008,南投縣,10008010,南投市,10008010-004,仁和里,46,23,23,347,177,170,142,66,76,110Y12M
10008,南投縣,10008010,南投市,10008010-005,南投里,65,38,27,421,227,194,165,67,98,110Y12M
10008,南投縣,10008010,南投市,10008010-006,彰仁里,50,21,29,256,124,132,105,47,58,110Y12M
10008,南投縣,10008010,南投市,10008010-007,崇文里,148,71,77,721,355,366,250,118,132,110Y12M
10008,南投縣,10008010,南投市,10008010-008,漳興里,293,156,137,2100,1047,1053,555,251,304,110Y12M
10008,南投縣,10008010,南投市,10008010-009,漳和里,930,487,443,5914,2976,2938,1380,625,755,110Y12M
10008,南投縣,10008010,南投市,10008010-010,軍功里,856,442,414,3978,1979,1999,836,377,459,110Y12M
10008,南投縣,10008010,南投市,10008010-011,東山里,52,24,28,279,161,118,105,52,53,110Y12M
10008,南投縣,10008010,南投市,10008010-012,平和里,791,416,375,4926,2393,2533,1307,580,727,110Y12M
10008,南投縣,10008010,南投市,10008010-013,振興里,248,116,132,1613,874,739,493,249,244,110Y12M
10008,南投縣,10008010,南投市,10008010-014,千秋里,99,47,52,828,438,390,217,95,122,110Y12M
10008,南投縣,10008010,南投市,10008010-015,三興里,863,436,427,4606,2307,2299,974,455,519,110Y12M
10008,南投縣,10008010,南投市,10008010-016,三和里,379,190,189,2087,1083,1004,722,320,402,110Y12M
10008,南投縣,10008010,南投市,10008010-017,嘉興里,245,133,112,1760,922,838,429,208,221,110Y12M
10008,南投縣,10008010,南投市,10008010-018,嘉和里,637,333,304,3812,1933,1879,787,341,446,110Y12M
10008,南投縣,10008010,南投市,10008010-019,福山里,184,99,85,1542,854,688,385,176,209,110Y12M
10008,南投縣,10008010,南投市,10008010-020,永興里,64,35,29,615,363,252,178,81,97,110Y12M
10008,南投縣,10008010,南投市,10008010-021,鳳鳴里,27,17,10,436,253,183,183,96,87,110Y12M
10008,南投縣,10008010,南投市,10008010-022,鳳山里,59,37,22,793,460,333,296,139,157,110Y12M
10008,南投縣,10008010,南投市,10008010-023,平山里,642,311,331,4669,2323,2346,898,413,485,110Y12M
10008,南投縣,10008010,南投市,10008010-024,新興里,701,364,337,4493,2209,2284,724,342,382,110Y12M
10008,南投縣,10008010,南投市,10008010-025,永豐里,293,155,138,2443,1277,1166,482,233,249,110Y12M
10008,南投縣,10008010,南投市,10008010-026,福興里,339,190,149,2518,1292,1226,600,275,325,110Y12M
10008,南投縣,10008010,南投市,10008010-027,營北里,1103,570,533,4678,2320,2358,1411,628,783,110Y12M
10008,南投縣,10008010,南投市,10008010-028,營南里,234,126,108,2007,1036,971,474,230,244,110Y12M
10008,南投縣,10008010,南投市,10008010-029,內興里,1259,676,583,5705,2851,2854,1266,599,667,110Y12M
10008,南投縣,10008010,南投市,10008010-030,內新里,194,117,77,1145,641,504,281,132,149,110Y12M
10008,南投縣,10008010,南投市,10008010-031,光華里,99,50,49,370,175,195,354,129,225,110Y12M
10008,南投縣,10008010,南投市,10008010-032,光榮里,78,40,38,567,322,245,430,148,282,110Y12M
10008,南投縣,10008010,南投市,10008010-033,光明里,82,47,35,445,211,234,447,159,288,110Y12M
10008,南投縣,10008010,南投市,10008010-034,光輝里,97,50,47,384,189,195,133,60,73,110Y12M
10008,南投縣,10008020,埔里鎮,10008020-001,東門里,304,150,154,1888,966,922,752,321,431,110Y12M
10008,南投縣,10008020,埔里鎮,10008020-002,南門里,40,18,22,517,263,254,268,141,127,110Y12M
10008,南投縣,10008020,埔里鎮,10008020-003,西門里,443,230,213,2344,1199,1145,698,306,392,110Y12M
10008,南投縣,10008020,埔里鎮,10008020-004,北門里,308,161,147,1920,975,945,587,261,326,110Y12M
10008,南投縣,10008020,埔里鎮,10008020-005,同聲里,266,144,122,1718,852,866,522,227,295,110Y12M
10008,南投縣,10008020,埔里鎮,10008020-006,薰化里,68,40,28,737,360,377,283,130,153,110Y12M
10008,南投縣,10008020,埔里鎮,10008020-007,清新里,399,208,191,2974,1504,1470,780,338,442,110Y12M
10008,南投縣,10008020,埔里鎮,10008020-008,大城里,637,312,325,4660,2254,2406,1268,566,702,110Y12M
10008,南投縣,10008020,埔里鎮,10008020-009,籃城里,78,38,40,731,378,353,215,101,114,110Y12M
10008,南投縣,10008020,埔里鎮,10008020-010,枇杷里,1110,554,556,6403,3176,3227,1386,642,744,110Y12M
10008,南投縣,10008020,埔里鎮,10008020-011,水頭里,517,245,272,3234,1662,1572,696,331,365,110Y12M
10008,南投縣,10008020,埔里鎮,10008020-012,麒麟里,107,56,51,781,421,360,258,131,127,110Y12M
10008,南投縣,10008020,埔里鎮,10008020-013,珠格里,194,99,95,904,492,412,237,122,115,110Y12M
10008,南投縣,10008020,埔里鎮,10008020-014,溪南里,199,107,92,942,458,484,213,99,114,110Y12M
10008,南投縣,10008020,埔里鎮,10008020-015,桃米里,72,33,39,779,419,360,247,140,107,110Y12M
10008,南投縣,10008020,埔里鎮,10008020-016,成功里,13,6,7,196,125,71,98,58,40,110Y12M
10008,南投縣,10008020,埔里鎮,10008020-017,南村里,182,91,91,1114,575,539,254,121,133,110Y12M
10008,南投縣,10008020,埔里鎮,10008020-018,愛蘭里,211,111,100,1159,553,606,301,131,170,110Y12M
10008,南投縣,10008020,埔里鎮,10008020-019,鐵山里,264,137,127,1442,736,706,331,150,181,110Y12M
10008,南投縣,10008020,埔里鎮,10008020-020,房里里,184,92,92,1124,592,532,257,116,141,110Y12M
10008,南投縣,10008020,埔里鎮,10008020-021,向善里,53,25,28,496,281,215,175,95,80,110Y12M
10008,南投縣,10008020,埔里鎮,10008020-022,一新里,36,21,15,731,298,433,239,98,141,110Y12M
10008,南投縣,10008020,埔里鎮,10008020-023,廣成里,69,35,34,831,407,424,319,163,156,110Y12M
10008,南投縣,10008020,埔里鎮,10008020-024,史港里,40,26,14,421,222,199,158,71,87,110Y12M
10008,南投縣,10008020,埔里鎮,10008020-025,福興里,77,34,43,724,373,351,270,124,146,110Y12M
10008,南投縣,10008020,埔里鎮,10008020-026,牛眠里,295,146,149,2276,1160,1116,646,314,332,110Y12M
10008,南投縣,10008020,埔里鎮,10008020-027,大湳里,196,95,101,1453,736,717,287,133,154,110Y12M
10008,南投縣,10008020,埔里鎮,10008020-028,蜈蚣里,233,120,113,2060,1075,985,573,268,305,110Y12M
10008,南投縣,10008020,埔里鎮,10008020-029,合成里,190,103,87,1278,642,636,357,175,182,110Y12M
10008,南投縣,10008020,埔里鎮,10008020-030,北安里,421,220,201,2545,1235,1310,682,322,360,110Y12M
10008,南投縣,10008020,埔里鎮,10008020-031,杷城里,387,189,198,2159,1069,1090,516,242,274,110Y12M
10008,南投縣,10008020,埔里鎮,10008020-032,北梅里,457,235,222,2678,1333,1345,601,265,336,110Y12M
10008,南投縣,10008020,埔里鎮,10008020-033,泰安里,215,110,105,1684,830,854,465,204,261,110Y12M
10008,南投縣,10008030,草屯鎮,10008030-001,玉峰里,339,169,170,1661,817,844,498,214,284,110Y12M
10008,南投縣,10008030,草屯鎮,10008030-002,炎峰里,326,173,153,1568,762,806,558,253,305,110Y12M
10008,南投縣,10008030,草屯鎮,10008030-003,和平里,179,93,86,794,407,387,310,141,169,110Y12M
10008,南投縣,10008030,草屯鎮,10008030-004,敦和里,1012,517,495,5317,2655,2662,1319,599,720,110Y12M
10008,南投縣,10008030,草屯鎮,10008030-005,山腳里,939,468,471,6347,3060,3287,1460,668,792,110Y12M
10008,南投縣,10008030,草屯鎮,10008030-006,富寮里,1085,562,523,5912,2953,2959,1035,504,531,110Y12M
10008,南投縣,10008030,草屯鎮,10008030-007,御史里,721,408,313,5086,2570,2516,1218,561,657,110Y12M
10008,南投縣,10008030,草屯鎮,10008030-008,新豐里,518,268,250,3335,1742,1593,830,404,426,110Y12M
10008,南投縣,10008030,草屯鎮,10008030-009,碧峰里,606,310,296,3961,2010,1951,771,357,414,110Y12M
10008,南投縣,10008030,草屯鎮,10008030-010,碧洲里,262,134,128,2097,1047,1050,440,216,224,110Y12M
10008,南投縣,10008030,草屯鎮,10008030-011,復興里,290,142,148,2319,1227,1092,636,320,316,110Y12M
10008,南投縣,10008030,草屯鎮,10008030-012,上林里,341,199,142,2604,1319,1285,654,321,333,110Y12M
10008,南投縣,10008030,草屯鎮,10008030-013,新庄里,421,218,203,3125,1643,1482,691,311,380,110Y12M
10008,南投縣,10008030,草屯鎮,10008030-014,北投里,392,211,181,2494,1280,1214,535,246,289,110Y12M
10008,南投縣,10008030,草屯鎮,10008030-015,石川里,168,101,67,1256,666,590,305,156,149,110Y12M
10008,南投縣,10008030,草屯鎮,10008030-016,加老里,234,139,95,1816,933,883,457,232,225,110Y12M
10008,南投縣,10008030,草屯鎮,10008030-017,北勢里,160,84,76,1408,772,636,472,248,224,110Y12M
10008,南投縣,10008030,草屯鎮,10008030-018,中原里,215,106,109,1644,865,779,467,233,234,110Y12M
10008,南投縣,10008030,草屯鎮,10008030-019,南埔里,486,235,251,3366,1723,1643,839,402,437,110Y12M
10008,南投縣,10008030,草屯鎮,10008030-020,土城里,134,76,58,1333,703,630,367,184,183,110Y12M
10008,南投縣,10008030,草屯鎮,10008030-021,坪頂里,88,46,42,803,430,373,235,118,117,110Y12M
10008,南投縣,10008030,草屯鎮,10008030-022,雙冬里,222,109,113,1773,977,796,552,282,270,110Y12M
10008,南投縣,10008030,草屯鎮,10008030-023,平林里,113,56,57,825,431,394,257,134,123,110Y12M
10008,南投縣,10008030,草屯鎮,10008030-024,中正里,72,38,34,484,253,231,171,78,93,110Y12M
10008,南投縣,10008030,草屯鎮,10008030-025,中山里,412,227,185,1864,910,954,585,261,324,110Y12M
10008,南投縣,10008030,草屯鎮,10008030-026,明正里,562,267,295,3037,1502,1535,811,353,458,110Y12M
10008,南投縣,10008030,草屯鎮,10008030-027,新厝里,577,332,245,2620,1293,1327,727,314,413,110Y12M
10008,南投縣,10008040,竹山鎮,10008040-001,竹山里,199,105,94,1470,755,715,535,218,317,110Y12M
10008,南投縣,10008040,竹山鎮,10008040-002,中正里,38,21,17,452,232,220,164,78,86,110Y12M
10008,南投縣,10008040,竹山鎮,10008040-003,中山里,647,326,321,3629,1892,1737,1072,491,581,110Y12M
10008,南投縣,10008040,竹山鎮,10008040-004,雲林里,438,217,221,2764,1391,1373,852,393,459,110Y12M
10008,南投縣,10008040,竹山鎮,10008040-005,■■里,195,92,103,1505,778,727,321,140,181,110Y12M
10008,南投縣,10008040,竹山鎮,10008040-006,下坪里,142,86,56,979,517,462,245,111,134,110Y12M
10008,南投縣,10008040,竹山鎮,10008040-007,桂林里,439,234,205,2973,1545,1428,827,360,467,110Y12M
10008,南投縣,10008040,竹山鎮,10008040-008,中和里,55,30,25,685,401,284,232,112,120,110Y12M
10008,南投縣,10008040,竹山鎮,10008040-009,中崎里,167,84,83,1146,592,554,315,139,176,110Y12M
10008,南投縣,10008040,竹山鎮,10008040-010,德興里,75,36,39,667,334,333,222,101,121,110Y12M
10008,南投縣,10008040,竹山鎮,10008040-011,延平里,291,131,160,2178,1152,1026,704,361,343,110Y12M
10008,南投縣,10008040,竹山鎮,10008040-012,延正里,166,84,82,1306,680,626,405,205,200,110Y12M
10008,南投縣,10008040,竹山鎮,10008040-013,延山里,62,39,23,644,342,302,215,111,104,110Y12M
10008,南投縣,10008040,竹山鎮,10008040-014,延和里,787,402,385,4122,2058,2064,964,420,544,110Y12M
10008,南投縣,10008040,竹山鎮,10008040-015,山崇里,203,102,101,1379,749,630,468,222,246,110Y12M
10008,南投縣,10008040,竹山鎮,10008040-016,社寮里,175,90,85,1035,543,492,324,161,163,110Y12M
10008,南投縣,10008040,竹山鎮,10008040-017,中央里,50,28,22,784,438,346,369,181,188,110Y12M
10008,南投縣,10008040,竹山鎮,10008040-018,富州里,39,24,15,426,242,184,183,92,91,110Y12M
10008,南投縣,10008040,竹山鎮,10008040-019,大鞍里,28,12,16,298,172,126,120,57,63,110Y12M
10008,南投縣,10008040,竹山鎮,10008040-020,田子里,35,10,25,414,234,180,169,82,87,110Y12M
10008,南投縣,10008040,竹山鎮,10008040-021,福興里,34,17,17,422,234,188,157,84,73,110Y12M
10008,南投縣,10008040,竹山鎮,10008040-022,鯉魚里,65,35,30,520,308,212,214,103,111,110Y12M
10008,南投縣,10008040,竹山鎮,10008040-023,瑞竹里,22,13,9,405,246,159,171,89,82,110Y12M
10008,南投縣,10008040,竹山鎮,10008040-024,坪頂里,31,15,16,344,197,147,117,59,58,110Y12M
10008,南投縣,10008040,竹山鎮,10008040-025,桶頭里,58,28,30,606,354,252,272,138,134,110Y12M
10008,南投縣,10008040,竹山鎮,10008040-026,秀林里,60,26,34,475,273,202,187,100,87,110Y12M
10008,南投縣,10008040,竹山鎮,10008040-027,延祥里,415,212,203,2941,1512,1429,750,335,415,110Y12M
10008,南投縣,10008040,竹山鎮,10008040-028,竹圍里,249,133,116,1799,878,921,522,230,292,110Y12M
10008,南投縣,10008050,集集鎮,10008050-001,集集里,98,53,45,830,437,393,265,125,140,110Y12M
10008,南投縣,10008050,集集鎮,10008050-002,和平里,88,41,47,668,369,299,233,105,128,110Y12M
10008,南投縣,10008050,集集鎮,10008050-003,林尾里,37,20,17,395,229,166,166,89,77,110Y12M
10008,南投縣,10008050,集集鎮,10008050-004,田寮里,125,67,58,905,492,413,252,131,121,110Y12M
10008,南投縣,10008050,集集鎮,10008050-005,隘寮里,33,20,13,336,196,140,140,65,75,110Y12M
10008,南投縣,10008050,集集鎮,10008050-006,玉映里,43,20,23,382,192,190,109,47,62,110Y12M
10008,南投縣,10008050,集集鎮,10008050-007,吳厝里,44,25,19,651,343,308,253,119,134,110Y12M
10008,南投縣,10008050,集集鎮,10008050-008,八張里,130,67,63,1087,575,512,362,169,193,110Y12M
10008,南投縣,10008050,集集鎮,10008050-009,永昌里,76,42,34,737,391,346,221,108,113,110Y12M
10008,南投縣,10008050,集集鎮,10008050-010,富山里,46,27,19,391,222,169,157,74,83,110Y12M
10008,南投縣,10008050,集集鎮,10008050-011,廣明里,80,40,40,684,362,322,203,104,99,110Y12M
10008,南投縣,10008060,名間鄉,10008060-001,南雅村,114,66,48,787,406,381,243,113,130,110Y12M
10008,南投縣,10008060,名間鄉,10008060-002,中正村,390,187,203,2807,1464,1343,720,340,380,110Y12M
10008,南投縣,10008060,名間鄉,10008060-003,中山村,252,131,121,1795,952,843,471,236,235,110Y12M
10008,南投縣,10008060,名間鄉,10008060-004,濁水村,188,103,85,1176,659,517,406,195,211,110Y12M
10008,南投縣,10008060,名間鄉,10008060-005,炭寮村,75,42,33,755,420,335,244,114,130,110Y12M
10008,南投縣,10008060,名間鄉,10008060-006,新民村,87,47,40,740,436,304,253,118,135,110Y12M
10008,南投縣,10008060,名間鄉,10008060-007,新街村,451,271,180,3498,1817,1681,826,368,458,110Y12M
10008,南投縣,10008060,名間鄉,10008060-008,東湖村,133,72,61,1296,703,593,367,176,191,110Y12M
10008,南投縣,10008060,名間鄉,10008060-009,萬丹村,58,35,23,714,393,321,228,113,115,110Y12M
10008,南投縣,10008060,名間鄉,10008060-010,田仔村,113,55,58,941,546,395,341,176,165,110Y12M
10008,南投縣,10008060,名間鄉,10008060-011,大庄村,125,66,59,1422,779,643,433,199,234,110Y12M
10008,南投縣,10008060,名間鄉,10008060-012,■下村,78,41,37,698,390,308,239,119,120,110Y12M
10008,南投縣,10008060,名間鄉,10008060-013,大坑村,35,21,14,570,302,268,165,77,88,110Y12M
10008,南投縣,10008060,名間鄉,10008060-014,竹圍村,63,31,32,686,389,297,246,116,130,110Y12M
10008,南投縣,10008060,名間鄉,10008060-015,赤水村,92,53,39,853,478,375,328,161,167,110Y12M
10008,南投縣,10008060,名間鄉,10008060-016,三崙村,174,100,74,1253,674,579,337,159,178,110Y12M
10008,南投縣,10008060,名間鄉,10008060-017,松山村,199,96,103,1169,614,555,343,172,171,110Y12M
10008,南投縣,10008060,名間鄉,10008060-018,松柏村,153,79,74,925,499,426,249,114,135,110Y12M
10008,南投縣,10008060,名間鄉,10008060-019,埔中村,91,54,37,674,370,304,191,95,96,110Y12M
10008,南投縣,10008060,名間鄉,10008060-020,崁腳村,70,39,31,685,371,314,211,96,115,110Y12M
10008,南投縣,10008060,名間鄉,10008060-021,新厝村,57,30,27,563,309,254,197,105,92,110Y12M
10008,南投縣,10008060,名間鄉,10008060-022,新光村,149,74,75,1362,762,600,429,202,227,110Y12M
10008,南投縣,10008060,名間鄉,10008060-023,仁和村,54,24,30,716,370,346,172,86,86,110Y12M
10008,南投縣,10008070,鹿谷鄉,10008070-001,鹿谷村,137,68,69,1382,721,661,469,224,245,110Y12M
10008,南投縣,10008070,鹿谷鄉,10008070-002,初鄉村,105,60,45,995,536,459,420,215,205,110Y12M
10008,南投縣,10008070,鹿谷鄉,10008070-003,彰雅村,93,47,46,981,496,485,311,155,156,110Y12M
10008,南投縣,10008070,鹿谷鄉,10008070-004,廣興村,165,84,81,1427,775,652,511,241,270,110Y12M
10008,南投縣,10008070,鹿谷鄉,10008070-005,內湖村,103,60,43,739,398,341,269,141,128,110Y12M
10008,南投縣,10008070,鹿谷鄉,10008070-006,竹林村,116,65,51,1063,600,463,445,221,224,110Y12M
10008,南投縣,10008070,鹿谷鄉,10008070-007,竹豐村,75,46,29,660,367,293,258,136,122,110Y12M
10008,南投縣,10008070,鹿谷鄉,10008070-008,和雅村,37,19,18,457,260,197,178,93,85,110Y12M
10008,南投縣,10008070,鹿谷鄉,10008070-009,鳳凰村,112,54,58,1023,549,474,301,155,146,110Y12M
10008,南投縣,10008070,鹿谷鄉,10008070-010,永隆村,123,67,56,1210,664,546,386,189,197,110Y12M
10008,南投縣,10008070,鹿谷鄉,10008070-011,秀峰村,43,20,23,495,290,205,263,143,120,110Y12M
10008,南投縣,10008070,鹿谷鄉,10008070-012,清水村,35,21,14,463,281,182,227,116,111,110Y12M
10008,南投縣,10008070,鹿谷鄉,10008070-013,瑞田村,51,25,26,538,301,237,184,93,91,110Y12M
10008,南投縣,10008080,中寮鄉,10008080-001,廣興村,50,23,27,572,312,260,224,113,111,110Y12M
10008,南投縣,10008080,中寮鄉,10008080-002,崁頂村,24,13,11,340,200,140,117,66,51,110Y12M
10008,南投縣,10008080,中寮鄉,10008080-003,八仙村,65,30,35,582,336,246,190,96,94,110Y12M
10008,南投縣,10008080,中寮鄉,10008080-004,和興村,37,20,17,472,276,196,177,89,88,110Y12M
10008,南投縣,10008080,中寮鄉,10008080-005,福盛村,29,15,14,464,286,178,219,102,117,110Y12M
10008,南投縣,10008080,中寮鄉,10008080-006,永平村,185,95,90,1302,684,618,414,208,206,110Y12M
10008,南投縣,10008080,中寮鄉,10008080-007,復興村,20,12,8,211,115,96,73,35,38,110Y12M
10008,南投縣,10008080,中寮鄉,10008080-008,中寮村,51,26,25,468,276,192,173,81,92,110Y12M
10008,南投縣,10008080,中寮鄉,10008080-009,廣福村,38,17,21,364,221,143,134,66,68,110Y12M
10008,南投縣,10008080,中寮鄉,10008080-010,永福村,106,56,50,1083,558,525,281,149,132,110Y12M
10008,南投縣,10008080,中寮鄉,10008080-011,義和村,71,44,27,809,448,361,255,122,133,110Y12M
10008,南投縣,10008080,中寮鄉,10008080-012,清水村,78,43,35,624,359,265,231,120,111,110Y12M
10008,南投縣,10008080,中寮鄉,10008080-013,龍安村,50,31,19,488,281,207,201,102,99,110Y12M
10008,南投縣,10008080,中寮鄉,10008080-014,龍岩村,90,51,39,458,257,201,187,98,89,110Y12M
10008,南投縣,10008080,中寮鄉,10008080-015,永和村,18,10,8,322,203,119,178,92,86,110Y12M
10008,南投縣,10008080,中寮鄉,10008080-016,內城村,19,10,9,326,196,130,122,58,64,110Y12M
10008,南投縣,10008080,中寮鄉,10008080-017,永芳村,61,25,36,335,195,140,122,61,61,110Y12M
10008,南投縣,10008080,中寮鄉,10008080-018,爽文村,26,16,10,352,208,144,125,67,58,110Y12M
10008,南投縣,10008090,魚池鄉,10008090-001,東池村,134,72,62,1212,656,556,390,196,194,110Y12M
10008,南投縣,10008090,魚池鄉,10008090-002,魚池村,214,124,90,1543,768,775,450,211,239,110Y12M
10008,南投縣,10008090,魚池鄉,10008090-003,中明村,83,41,42,727,389,338,273,138,135,110Y12M
10008,南投縣,10008090,魚池鄉,10008090-004,新城村,160,84,76,1034,550,484,349,169,180,110Y12M
10008,南投縣,10008090,魚池鄉,10008090-005,大林村,70,43,27,816,445,371,273,139,134,110Y12M
10008,南投縣,10008090,魚池鄉,10008090-006,東光村,95,51,44,977,545,432,314,176,138,110Y12M
10008,南投縣,10008090,魚池鄉,10008090-007,共和村,74,40,34,765,407,358,250,131,119,110Y12M
10008,南投縣,10008090,魚池鄉,10008090-008,大雁村,43,26,17,460,260,200,173,80,93,110Y12M
10008,南投縣,10008090,魚池鄉,10008090-009,五城村,77,49,28,530,303,227,196,104,92,110Y12M
10008,南投縣,10008090,魚池鄉,10008090-010,水社村,106,57,49,625,327,298,213,94,119,110Y12M
10008,南投縣,10008090,魚池鄉,10008090-011,頭社村,54,31,23,634,370,264,287,146,141,110Y12M
10008,南投縣,10008090,魚池鄉,10008090-012,武登村,26,10,16,380,223,157,193,86,107,110Y12M
10008,南投縣,10008090,魚池鄉,10008090-013,日月村,92,55,37,707,357,350,163,61,102,110Y12M
10008,南投縣,10008100,國姓鄉,10008100-001,國姓村,177,86,91,1306,697,609,403,189,214,110Y12M
10008,南投縣,10008100,國姓鄉,10008100-002,石門村,209,105,104,1365,723,642,363,162,201,110Y12M
10008,南投縣,10008100,國姓鄉,10008100-003,大旗村,40,22,18,481,292,189,177,90,87,110Y12M
10008,南投縣,10008100,國姓鄉,10008100-004,北港村,107,56,51,1337,761,576,519,249,270,110Y12M
10008,南投縣,10008100,國姓鄉,10008100-005,長流村,111,57,54,1082,608,474,288,133,155,110Y12M
10008,南投縣,10008100,國姓鄉,10008100-006,長福村,55,29,26,552,321,231,162,68,94,110Y12M
10008,南投縣,10008100,國姓鄉,10008100-007,福龜村,141,68,73,1362,738,624,426,199,227,110Y12M
10008,南投縣,10008100,國姓鄉,10008100-008,乾溝村,63,30,33,570,338,232,217,105,112,110Y12M
10008,南投縣,10008100,國姓鄉,10008100-009,柑林村,75,45,30,854,472,382,288,133,155,110Y12M
10008,南投縣,10008100,國姓鄉,10008100-010,北山村,115,61,54,1086,605,481,400,189,211,110Y12M
10008,南投縣,10008100,國姓鄉,10008100-011,南港村,90,47,43,1168,715,453,421,213,208,110Y12M
10008,南投縣,10008100,國姓鄉,10008100-012,大石村,49,17,32,531,314,217,166,84,82,110Y12M
10008,南投縣,10008100,國姓鄉,10008100-013,長豐村,43,23,20,588,358,230,170,77,93,110Y12M
10008,南投縣,10008110,水里鄉,10008110-001,水里村,46,22,24,519,297,222,209,102,107,110Y12M
10008,南投縣,10008110,水里鄉,10008110-002,農富村,25,16,9,286,147,139,145,73,72,110Y12M
10008,南投縣,10008110,水里鄉,10008110-003,新城村,155,83,72,1115,609,506,406,194,212,110Y12M
10008,南投縣,10008110,水里鄉,10008110-004,中央村,38,16,22,428,220,208,178,87,91,110Y12M
10008,南投縣,10008110,水里鄉,10008110-005,城中村,85,52,33,616,337,279,249,110,139,110Y12M
10008,南投縣,10008110,水里鄉,10008110-006,北埔村,124,62,62,791,422,369,246,110,136,110Y12M
10008,南投縣,10008110,水里鄉,10008110-007,鉅工村,110,52,58,726,371,355,213,90,123,110Y12M
10008,南投縣,10008110,水里鄉,10008110-008,永豐村,143,80,63,1074,571,503,287,132,155,110Y12M
10008,南投縣,10008110,水里鄉,10008110-009,頂崁村,138,72,66,927,470,457,281,136,145,110Y12M
10008,南投縣,10008110,水里鄉,10008110-010,車埕村,36,22,14,325,194,131,118,50,68,110Y12M
10008,南投縣,10008110,水里鄉,10008110-011,新興村,52,26,26,480,272,208,165,81,84,110Y12M
10008,南投縣,10008110,水里鄉,10008110-012,新山村,20,12,8,143,88,55,53,24,29,110Y12M
10008,南投縣,10008110,水里鄉,10008110-013,郡坑村,22,15,7,224,129,95,95,55,40,110Y12M
10008,南投縣,10008110,水里鄉,10008110-014,上安村,62,31,31,798,454,344,290,142,148,110Y12M
10008,南投縣,10008110,水里鄉,10008110-015,民和村,44,24,20,575,339,236,278,149,129,110Y12M
10008,南投縣,10008110,水里鄉,10008110-016,永興村,21,7,14,225,129,96,85,40,45,110Y12M
10008,南投縣,10008110,水里鄉,10008110-017,玉峰村,60,20,40,605,349,256,238,116,122,110Y12M
10008,南投縣,10008110,水里鄉,10008110-018,興隆村,9,4,5,171,120,51,99,44,55,110Y12M
10008,南投縣,10008110,水里鄉,10008110-019,南光村,198,111,87,1265,622,643,349,160,189,110Y12M
10008,南投縣,10008120,信義鄉,10008120-001,人和村,240,127,113,1054,581,473,166,76,90,110Y12M
10008,南投縣,10008120,信義鄉,10008120-002,地利村,191,109,82,849,451,398,125,49,76,110Y12M
10008,南投縣,10008120,信義鄉,10008120-003,潭南村,184,103,81,545,292,253,44,13,31,110Y12M
10008,南投縣,10008120,信義鄉,10008120-004,明德村,152,81,71,1170,623,547,331,155,176,110Y12M
10008,南投縣,10008120,信義鄉,10008120-005,愛國村,43,21,22,374,229,145,117,58,59,110Y12M
10008,南投縣,10008120,信義鄉,10008120-006,自強村,58,33,25,553,303,250,174,81,93,110Y12M
10008,南投縣,10008120,信義鄉,10008120-007,羅娜村,270,134,136,1234,669,565,164,93,71,110Y12M
10008,南投縣,10008120,信義鄉,10008120-008,望美村,320,173,147,1407,753,654,172,77,95,110Y12M
10008,南投縣,10008120,信義鄉,10008120-009,同富村,163,89,74,1135,637,498,314,156,158,110Y12M
10008,南投縣,10008120,信義鄉,10008120-010,神木村,67,35,32,501,303,198,142,79,63,110Y12M
10008,南投縣,10008120,信義鄉,10008120-011,東埔村,176,88,88,929,499,430,118,51,67,110Y12M
10008,南投縣,10008120,信義鄉,10008120-012,雙龍村,155,73,82,569,309,260,72,39,33,110Y12M
10008,南投縣,10008120,信義鄉,10008120-013,新鄉村,145,80,65,570,311,259,53,25,28,110Y12M
10008,南投縣,10008120,信義鄉,10008120-014,豐丘村,86,47,39,543,282,261,110,52,58,110Y12M
10008,南投縣,10008130,仁愛鄉,10008130-001,法治村,230,128,102,801,436,365,78,38,40,110Y12M
10008,南投縣,10008130,仁愛鄉,10008130-002,中正村,288,136,152,846,407,439,104,43,61,110Y12M
10008,南投縣,10008130,仁愛鄉,10008130-003,互助村,223,120,103,1015,526,489,194,95,99,110Y12M
10008,南投縣,10008130,仁愛鄉,10008130-004,新生村,72,35,37,340,172,168,71,34,37,110Y12M
10008,南投縣,10008130,仁愛鄉,10008130-005,力行村,85,49,36,444,223,221,85,33,52,110Y12M
10008,南投縣,10008130,仁愛鄉,10008130-006,發祥村,152,79,73,638,354,284,131,54,77,110Y12M
10008,南投縣,10008130,仁愛鄉,10008130-008,親愛村,250,153,97,1045,543,502,148,77,71,110Y12M
10008,南投縣,10008130,仁愛鄉,10008130-009,大同村,264,150,114,1322,682,640,334,144,190,110Y12M
10008,南投縣,10008130,仁愛鄉,10008130-010,南豐村,209,106,103,1067,555,512,215,113,102,110Y12M
10008,南投縣,10008130,仁愛鄉,10008130-011,春陽村,213,99,114,851,433,418,156,76,80,110Y12M
10008,南投縣,10008130,仁愛鄉,10008130-012,精英村,151,79,72,565,291,274,120,61,59,110Y12M
10008,南投縣,10008130,仁愛鄉,10008130-013,萬豐村,185,91,94,601,314,287,71,30,41,110Y12M
10008,南投縣,10008130,仁愛鄉,10008130-014,榮興村,0,0,0,21,12,9,26,19,7,110Y12M
10008,南投縣,10008130,仁愛鄉,10008130-015,翠華村,69,32,37,430,228,202,91,42,49,110Y12M
10008,南投縣,10008130,仁愛鄉,10008130-016,都達村,165,95,70,552,282,270,97,53,44,110Y12M
10008,南投縣,10008130,仁愛鄉,10008130-017,德鹿谷村,130,66,64,572,300,272,93,35,58,110Y12M
10009,雲林縣,10009010,斗六市,10009010-001,忠孝里,262,135,127,1030,508,522,380,177,203,110Y12M
10009,雲林縣,10009010,斗六市,10009010-002,仁愛里,225,117,108,786,381,405,302,140,162,110Y12M
10009,雲林縣,10009010,斗六市,10009010-003,信義里,74,40,34,438,223,215,181,82,99,110Y12M
10009,雲林縣,10009010,斗六市,10009010-004,四維里,78,43,35,426,205,221,178,93,85,110Y12M
10009,雲林縣,10009010,斗六市,10009010-005,太平里,182,101,81,615,299,316,159,68,91,110Y12M
10009,雲林縣,10009010,斗六市,10009010-006,中和里,80,42,38,579,318,261,212,97,115,110Y12M
10009,雲林縣,10009010,斗六市,10009010-007,光興里,69,32,37,493,244,249,216,95,121,110Y12M
10009,雲林縣,10009010,斗六市,10009010-008,三平里,999,513,486,4300,2010,2290,804,350,454,110Y12M
10009,雲林縣,10009010,斗六市,10009010-009,八德里,364,184,180,2712,1418,1294,557,257,300,110Y12M
10009,雲林縣,10009010,斗六市,10009010-010,鎮北里,400,197,203,2258,1111,1147,538,238,300,110Y12M
10009,雲林縣,10009010,斗六市,10009010-011,龍潭里,225,111,114,1614,795,819,253,119,134,110Y12M
10009,雲林縣,10009010,斗六市,10009010-012,鎮南里,518,270,248,2751,1296,1455,810,370,440,110Y12M
10009,雲林縣,10009010,斗六市,10009010-013,林頭里,529,287,242,3600,1831,1769,754,336,418,110Y12M
10009,雲林縣,10009010,斗六市,10009010-014,重光里,268,138,130,1935,986,949,440,201,239,110Y12M
10009,雲林縣,10009010,斗六市,10009010-015,溝埧里,86,52,34,524,264,260,150,76,74,110Y12M
10009,雲林縣,10009010,斗六市,10009010-016,江厝里,287,147,140,1919,945,974,368,164,204,110Y12M
10009,雲林縣,10009010,斗六市,10009010-017,三光里,43,23,20,393,215,178,154,77,77,110Y12M
10009,雲林縣,10009010,斗六市,10009010-018,崙■里,327,169,158,2072,1014,1058,477,220,257,110Y12M
10009,雲林縣,10009010,斗六市,10009010-019,嘉東里,254,137,117,1346,642,704,210,95,115,110Y12M
10009,雲林縣,10009010,斗六市,10009010-020,久安里,260,133,127,1985,1067,918,462,221,241,110Y12M
10009,雲林縣,10009010,斗六市,10009010-021,長平里,207,92,115,1574,833,741,373,172,201,110Y12M
10009,雲林縣,10009010,斗六市,10009010-022,保庄里,826,441,385,4807,2376,2431,831,384,447,110Y12M
10009,雲林縣,10009010,斗六市,10009010-023,虎溪里,456,230,226,2906,1497,1409,623,292,331,110Y12M
10009,雲林縣,10009010,斗六市,10009010-024,梅林里,187,98,89,1507,811,696,399,198,201,110Y12M
10009,雲林縣,10009010,斗六市,10009010-025,湖山里,86,57,29,833,487,346,309,141,168,110Y12M
10009,雲林縣,10009010,斗六市,10009010-026,榴中里,590,296,294,3856,1926,1930,763,362,401,110Y12M
10009,雲林縣,10009010,斗六市,10009010-027,榴北里,124,65,59,932,505,427,191,97,94,110Y12M
10009,雲林縣,10009010,斗六市,10009010-028,榴南里,348,181,167,1970,969,1001,264,121,143,110Y12M
10009,雲林縣,10009010,斗六市,10009010-029,溪洲里,429,214,215,2825,1470,1355,496,244,252,110Y12M
10009,雲林縣,10009010,斗六市,10009010-030,長安里,480,239,241,2653,1346,1307,557,274,283,110Y12M
10009,雲林縣,10009010,斗六市,10009010-031,十三里,127,71,56,854,455,399,274,121,153,110Y12M
10009,雲林縣,10009010,斗六市,10009010-032,鎮東里,448,229,219,1968,957,1011,460,210,250,110Y12M
10009,雲林縣,10009010,斗六市,10009010-033,鎮西里,588,299,289,3122,1586,1536,735,329,406,110Y12M
10009,雲林縣,10009010,斗六市,10009010-034,公正里,736,377,359,2395,1074,1321,501,227,274,110Y12M
10009,雲林縣,10009010,斗六市,10009010-035,社口里,329,162,167,1874,920,954,464,189,275,110Y12M
10009,雲林縣,10009010,斗六市,10009010-036,公誠里,361,183,178,1760,851,909,425,198,227,110Y12M
10009,雲林縣,10009010,斗六市,10009010-037,明德里,722,405,317,3333,1652,1681,547,245,302,110Y12M
10009,雲林縣,10009010,斗六市,10009010-038,成功里,848,433,415,2236,1059,1177,466,207,259,110Y12M
10009,雲林縣,10009010,斗六市,10009010-039,文化里,483,243,240,1916,962,954,489,220,269,110Y12M
10009,雲林縣,10009010,斗六市,10009010-040,正心里,281,143,138,1706,833,873,339,148,191,110Y12M
10009,雲林縣,10009020,斗南鎮,10009020-001,東仁里,160,80,80,883,466,417,285,124,161,110Y12M
10009,雲林縣,10009020,斗南鎮,10009020-002,西岐里,312,168,144,1633,812,821,511,218,293,110Y12M
10009,雲林縣,10009020,斗南鎮,10009020-003,南昌里,290,141,149,1739,831,908,508,228,280,110Y12M
10009,雲林縣,10009020,斗南鎮,10009020-004,北銘里,251,130,121,1146,534,612,320,133,187,110Y12M
10009,雲林縣,10009020,斗南鎮,10009020-005,中天里,108,64,44,901,467,434,337,154,183,110Y12M
10009,雲林縣,10009020,斗南鎮,10009020-006,舊社里,411,249,162,2297,1143,1154,474,226,248,110Y12M
10009,雲林縣,10009020,斗南鎮,10009020-007,林子里,111,54,57,1096,574,522,270,122,148,110Y12M
10009,雲林縣,10009020,斗南鎮,10009020-008,石龜里,74,42,32,567,314,253,195,95,100,110Y12M
10009,雲林縣,10009020,斗南鎮,10009020-009,靖興里,45,22,23,650,382,268,215,108,107,110Y12M
10009,雲林縣,10009020,斗南鎮,10009020-010,新南里,52,27,25,544,306,238,188,85,103,110Y12M
10009,雲林縣,10009020,斗南鎮,10009020-011,阿丹里,68,29,39,845,484,361,300,134,166,110Y12M
10009,雲林縣,10009020,斗南鎮,10009020-012,將軍里,173,89,84,1341,712,629,386,163,223,110Y12M
10009,雲林縣,10009020,斗南鎮,10009020-013,東明里,86,45,41,773,412,361,213,104,109,110Y12M
10009,雲林縣,10009020,斗南鎮,10009020-014,新光里,308,165,143,2284,1206,1078,584,279,305,110Y12M
10009,雲林縣,10009020,斗南鎮,10009020-015,田頭里,287,166,121,1809,973,836,442,207,235,110Y12M
10009,雲林縣,10009020,斗南鎮,10009020-016,明昌里,509,258,251,2825,1421,1404,672,291,381,110Y12M
10009,雲林縣,10009020,斗南鎮,10009020-017,大東里,80,41,39,665,367,298,214,112,102,110Y12M
10009,雲林縣,10009020,斗南鎮,10009020-018,埤麻里,62,32,30,608,326,282,210,90,120,110Y12M
10009,雲林縣,10009020,斗南鎮,10009020-019,西伯里,64,30,34,603,345,258,241,118,123,110Y12M
10009,雲林縣,10009020,斗南鎮,10009020-020,新崙里,125,72,53,1143,629,514,359,171,188,110Y12M
10009,雲林縣,10009020,斗南鎮,10009020-021,小東里,175,85,90,1139,607,532,342,158,184,110Y12M
10009,雲林縣,10009020,斗南鎮,10009020-022,石溪里,70,43,27,647,363,284,212,97,115,110Y12M
10009,雲林縣,10009020,斗南鎮,10009020-023,大同里,429,202,227,2432,1156,1276,555,230,325,110Y12M
10009,雲林縣,10009020,斗南鎮,10009020-024,僑真里,365,195,170,1996,1021,975,370,167,203,110Y12M
10009,雲林縣,10009030,虎尾鎮,10009030-001,中山里,124,69,55,687,346,341,260,118,142,110Y12M
10009,雲林縣,10009030,虎尾鎮,10009030-002,新興里,215,114,101,1266,666,600,438,214,224,110Y12M
10009,雲林縣,10009030,虎尾鎮,10009030-003,東仁里,668,339,329,2069,1021,1048,564,236,328,110Y12M
10009,雲林縣,10009030,虎尾鎮,10009030-004,公安里,645,329,316,2257,1099,1158,628,276,352,110Y12M
10009,雲林縣,10009030,虎尾鎮,10009030-005,德興里,445,230,215,2021,1006,1015,560,228,332,110Y12M
10009,雲林縣,10009030,虎尾鎮,10009030-006,西安里,471,219,252,2541,1261,1280,763,344,419,110Y12M
10009,雲林縣,10009030,虎尾鎮,10009030-007,安慶里,187,98,89,1027,527,500,355,161,194,110Y12M
10009,雲林縣,10009030,虎尾鎮,10009030-008,平和里,1117,614,503,4423,2147,2276,491,200,291,110Y12M
10009,雲林縣,10009030,虎尾鎮,10009030-009,興南里,406,218,188,2104,1104,1000,359,176,183,110Y12M
10009,雲林縣,10009030,虎尾鎮,10009030-010,新吉里,766,381,385,3567,1719,1848,525,237,288,110Y12M
10009,雲林縣,10009030,虎尾鎮,10009030-011,穎川里,351,179,172,1696,866,830,405,182,223,110Y12M
10009,雲林縣,10009030,虎尾鎮,10009030-012,延平里,176,86,90,946,505,441,221,99,122,110Y12M
10009,雲林縣,10009030,虎尾鎮,10009030-013,三合里,201,104,97,1113,601,512,263,120,143,110Y12M
10009,雲林縣,10009030,虎尾鎮,10009030-014,北溪里,156,86,70,672,362,310,186,84,102,110Y12M
10009,雲林縣,10009030,虎尾鎮,10009030-015,墾地里,398,217,181,1821,891,930,267,125,142,110Y12M
10009,雲林縣,10009030,虎尾鎮,10009030-016,西屯里,152,87,65,1164,639,525,359,169,190,110Y12M
10009,雲林縣,10009030,虎尾鎮,10009030-017,芳草里,102,55,47,696,401,295,229,117,112,110Y12M
10009,雲林縣,10009030,虎尾鎮,10009030-018,埒內里,307,173,134,2145,1120,1025,543,259,284,110Y12M
10009,雲林縣,10009030,虎尾鎮,10009030-019,堀頭里,89,48,41,676,354,322,200,88,112,110Y12M
10009,雲林縣,10009030,虎尾鎮,10009030-020,安溪里,189,89,100,1428,746,682,384,172,212,110Y12M
10009,雲林縣,10009030,虎尾鎮,10009030-021,興中里,156,89,67,1335,715,620,360,160,200,110Y12M
10009,雲林縣,10009030,虎尾鎮,10009030-022,廉使里,468,246,222,3009,1568,1441,626,301,325,110Y12M
10009,雲林縣,10009030,虎尾鎮,10009030-023,惠來里,232,123,109,1838,983,855,538,255,283,110Y12M
10009,雲林縣,10009030,虎尾鎮,10009030-024,頂溪里,298,165,133,2087,1139,948,526,245,281,110Y12M
10009,雲林縣,10009030,虎尾鎮,10009030-025,中溪里,125,70,55,1037,566,471,329,146,183,110Y12M
10009,雲林縣,10009030,虎尾鎮,10009030-026,下溪里,184,103,81,1263,681,582,302,149,153,110Y12M
10009,雲林縣,10009030,虎尾鎮,10009030-027,建國里,76,33,43,424,229,195,90,38,52,110Y12M
10009,雲林縣,10009030,虎尾鎮,10009030-028,立仁里,633,342,291,3023,1478,1545,786,334,452,110Y12M
10009,雲林縣,10009030,虎尾鎮,10009030-029,東屯里,168,84,84,972,534,438,279,132,147,110Y12M
10009,雲林縣,10009040,西螺鎮,10009040-001,振興里,215,88,127,1176,626,550,371,179,192,110Y12M
10009,雲林縣,10009040,西螺鎮,10009040-002,大園里,264,124,140,1455,724,731,335,150,185,110Y12M
10009,雲林縣,10009040,西螺鎮,10009040-003,廣福里,463,227,236,1750,837,913,414,189,225,110Y12M
10009,雲林縣,10009040,西螺鎮,10009040-004,正興里,458,213,245,2290,1166,1124,719,321,398,110Y12M
10009,雲林縣,10009040,西螺鎮,10009040-005,永安里,32,13,19,237,125,112,85,33,52,110Y12M
10009,雲林縣,10009040,西螺鎮,10009040-006,中和里,93,45,48,414,211,203,147,69,78,110Y12M
10009,雲林縣,10009040,西螺鎮,10009040-007,福興里,53,22,31,433,227,206,143,66,77,110Y12M
10009,雲林縣,10009040,西螺鎮,10009040-008,光華里,190,85,105,833,411,422,234,101,133,110Y12M
10009,雲林縣,10009040,西螺鎮,10009040-009,中興里,674,306,368,2532,1275,1257,512,228,284,110Y12M
10009,雲林縣,10009040,西螺鎮,10009040-010,漢光里,990,468,522,3914,1917,1997,849,348,501,110Y12M
10009,雲林縣,10009040,西螺鎮,10009040-011,新安里,135,61,74,1045,561,484,277,130,147,110Y12M
10009,雲林縣,10009040,西螺鎮,10009040-012,新豐里,186,91,95,1186,634,552,332,161,171,110Y12M
10009,雲林縣,10009040,西螺鎮,10009040-013,詔安里,114,42,72,769,408,361,230,106,124,110Y12M
10009,雲林縣,10009040,西螺鎮,10009040-014,河南里,168,77,91,940,491,449,223,104,119,110Y12M
10009,雲林縣,10009040,西螺鎮,10009040-015,安定里,248,116,132,1419,765,654,413,187,226,110Y12M
10009,雲林縣,10009040,西螺鎮,10009040-016,福田里,164,83,81,1238,664,574,316,146,170,110Y12M
10009,雲林縣,10009040,西螺鎮,10009040-017,大新里,215,101,114,1222,691,531,404,195,209,110Y12M
10009,雲林縣,10009040,西螺鎮,10009040-018,埤頭里,92,48,44,678,368,310,228,102,126,110Y12M
10009,雲林縣,10009040,西螺鎮,10009040-019,東興里,77,40,37,668,388,280,293,131,162,110Y12M
10009,雲林縣,10009040,西螺鎮,10009040-020,廣興里,75,39,36,652,341,311,237,124,113,110Y12M
10009,雲林縣,10009040,西螺鎮,10009040-021,鹿場里,145,57,88,1111,619,492,404,186,218,110Y12M
10009,雲林縣,10009040,西螺鎮,10009040-022,頂湳里,94,51,43,744,404,340,246,116,130,110Y12M
10009,雲林縣,10009040,西螺鎮,10009040-023,下湳里,95,45,50,665,373,292,189,84,105,110Y12M
10009,雲林縣,10009040,西螺鎮,10009040-024,九隆里,78,41,37,575,307,268,175,70,105,110Y12M
10009,雲林縣,10009040,西螺鎮,10009040-025,吳厝里,154,62,92,1006,555,451,307,142,165,110Y12M
10009,雲林縣,10009040,西螺鎮,10009040-026,七座里,101,47,54,674,365,309,224,100,124,110Y12M
10009,雲林縣,10009040,西螺鎮,10009040-027,公■里,142,74,68,1073,589,484,308,143,165,110Y12M
10009,雲林縣,10009050,土庫鎮,10009050-001,忠正里,100,42,58,545,298,247,249,114,135,110Y12M
10009,雲林縣,10009050,土庫鎮,10009050-002,順天里,135,68,67,654,369,285,246,118,128,110Y12M
10009,雲林縣,10009050,土庫鎮,10009050-003,宮北里,211,124,87,1058,534,524,331,148,183,110Y12M
10009,雲林縣,10009050,土庫鎮,10009050-004,越港里,164,82,82,902,468,434,207,98,109,110Y12M
10009,雲林縣,10009050,土庫鎮,10009050-005,溪邊里,112,63,49,825,443,382,291,135,156,110Y12M
10009,雲林縣,10009050,土庫鎮,10009050-006,興新里,205,110,95,1161,606,555,289,150,139,110Y12M
10009,雲林縣,10009050,土庫鎮,10009050-007,奮起里,92,51,41,945,544,401,362,177,185,110Y12M
10009,雲林縣,10009050,土庫鎮,10009050-008,埤腳里,85,46,39,830,507,323,401,196,205,110Y12M
10009,雲林縣,10009050,土庫鎮,10009050-009,大荖里,101,55,46,666,362,304,214,96,118,110Y12M
10009,雲林縣,10009050,土庫鎮,10009050-010,石廟里,640,324,316,2595,1285,1310,429,187,242,110Y12M
10009,雲林縣,10009050,土庫鎮,10009050-011,東平里,168,101,67,1413,776,637,469,205,264,110Y12M
10009,雲林縣,10009050,土庫鎮,10009050-012,南平里,229,114,115,1394,729,665,419,193,226,110Y12M
10009,雲林縣,10009050,土庫鎮,10009050-013,北平里,99,51,48,627,347,280,234,108,126,110Y12M
10009,雲林縣,10009050,土庫鎮,10009050-014,西平里,169,102,67,1350,749,601,465,217,248,110Y12M
10009,雲林縣,10009050,土庫鎮,10009050-015,後埔里,274,144,130,1775,998,777,557,250,307,110Y12M
10009,雲林縣,10009050,土庫鎮,10009050-016,崙內里,154,87,67,1168,637,531,367,165,202,110Y12M
10009,雲林縣,10009050,土庫鎮,10009050-017,新庄里,107,54,53,1075,586,489,380,174,206,110Y12M
10009,雲林縣,10009060,北港鎮,10009060-001,東陽里,108,53,55,515,291,224,200,100,100,110Y12M
10009,雲林縣,10009060,北港鎮,10009060-002,光民里,64,40,24,502,275,227,173,75,98,110Y12M
10009,雲林縣,10009060,北港鎮,10009060-003,東華里,52,26,26,302,171,131,137,67,70,110Y12M
10009,雲林縣,10009060,北港鎮,10009060-004,南安里,148,79,69,591,328,263,256,121,135,110Y12M
10009,雲林縣,10009060,北港鎮,10009060-005,中和里,27,13,14,237,128,109,93,50,43,110Y12M
10009,雲林縣,10009060,北港鎮,10009060-006,義民里,53,26,27,301,153,148,89,40,49,110Y12M
10009,雲林縣,10009060,北港鎮,10009060-007,共榮里,47,31,16,263,149,114,102,50,52,110Y12M
10009,雲林縣,10009060,北港鎮,10009060-008,西勢里,126,62,64,737,386,351,216,94,122,110Y12M
10009,雲林縣,10009060,北港鎮,10009060-009,仁和里,24,12,12,331,182,149,141,67,74,110Y12M
10009,雲林縣,10009060,北港鎮,10009060-010,賜福里,38,17,21,223,122,101,93,55,38,110Y12M
10009,雲林縣,10009060,北港鎮,10009060-011,公■里,31,14,17,366,195,171,164,79,85,110Y12M
10009,雲林縣,10009060,北港鎮,10009060-012,大同里,111,61,50,872,466,406,312,143,169,110Y12M
10009,雲林縣,10009060,北港鎮,10009060-013,仁安里,34,22,12,305,148,157,116,58,58,110Y12M
10009,雲林縣,10009060,北港鎮,10009060-014,華勝里,674,354,320,3748,1967,1781,1204,543,661,110Y12M
10009,雲林縣,10009060,北港鎮,10009060-015,光復里,275,146,129,1425,720,705,334,139,195,110Y12M
10009,雲林縣,10009060,北港鎮,10009060-016,新街里,1081,572,509,5472,2702,2770,1139,478,661,110Y12M
10009,雲林縣,10009060,北港鎮,10009060-017,劉厝里,111,58,53,905,490,415,247,104,143,110Y12M
10009,雲林縣,10009060,北港鎮,10009060-018,府番里,58,27,31,627,348,279,193,93,100,110Y12M
10009,雲林縣,10009060,北港鎮,10009060-019,草湖里,130,61,69,1057,595,462,314,142,172,110Y12M
10009,雲林縣,10009060,北港鎮,10009060-020,溝皂里,99,56,43,856,524,332,290,133,157,110Y12M
10009,雲林縣,10009060,北港鎮,10009060-021,後溝里,103,53,50,765,436,329,227,112,115,110Y12M
10009,雲林縣,10009060,北港鎮,10009060-022,番溝里,41,24,17,537,335,202,240,102,138,110Y12M
10009,雲林縣,10009060,北港鎮,10009060-023,大北里,38,22,16,397,243,154,152,66,86,110Y12M
10009,雲林縣,10009060,北港鎮,10009060-024,好收里,148,83,65,1229,690,539,391,190,201,110Y12M
10009,雲林縣,10009060,北港鎮,10009060-025,樹腳里,422,210,212,2372,1250,1122,670,286,384,110Y12M
10009,雲林縣,10009060,北港鎮,10009060-026,扶朝里,63,28,35,723,404,319,259,118,141,110Y12M
10009,雲林縣,10009060,北港鎮,10009060-027,水埔里,32,15,17,349,218,131,118,51,67,110Y12M
10009,雲林縣,10009060,北港鎮,10009060-028,新厝里,41,20,21,294,164,130,87,42,45,110Y12M
10009,雲林縣,10009070,古坑鄉,10009070-001,水碓村,134,60,74,908,503,405,318,161,157,110Y12M
10009,雲林縣,10009070,古坑鄉,10009070-002,田心村,109,57,52,904,463,441,207,92,115,110Y12M
10009,雲林縣,10009070,古坑鄉,10009070-003,高林村,115,63,52,855,461,394,285,144,141,110Y12M
10009,雲林縣,10009070,古坑鄉,10009070-004,荷苞村,144,74,70,1067,597,470,370,189,181,110Y12M
10009,雲林縣,10009070,古坑鄉,10009070-005,東和村,419,208,211,2543,1338,1205,669,317,352,110Y12M
10009,雲林縣,10009070,古坑鄉,10009070-006,新庄村,105,56,49,1118,633,485,384,205,179,110Y12M
10009,雲林縣,10009070,古坑鄉,10009070-007,棋盤村,169,75,94,1607,873,734,486,235,251,110Y12M
10009,雲林縣,10009070,古坑鄉,10009070-008,華山村,52,25,27,486,275,211,223,111,112,110Y12M
10009,雲林縣,10009070,古坑鄉,10009070-009,華南村,16,7,9,170,108,62,98,52,46,110Y12M
10009,雲林縣,10009070,古坑鄉,10009070-010,永光村,210,113,97,1675,866,809,515,242,273,110Y12M
10009,雲林縣,10009070,古坑鄉,10009070-011,桂林村,81,43,38,779,446,333,299,152,147,110Y12M
10009,雲林縣,10009070,古坑鄉,10009070-012,崁腳村,68,35,33,912,505,407,288,125,163,110Y12M
10009,雲林縣,10009070,古坑鄉,10009070-013,樟湖村,27,13,14,297,180,117,138,71,67,110Y12M
10009,雲林縣,10009070,古坑鄉,10009070-014,草嶺村,41,25,16,363,238,125,181,91,90,110Y12M
10009,雲林縣,10009070,古坑鄉,10009070-015,永昌村,232,130,102,1600,866,734,505,246,259,110Y12M
10009,雲林縣,10009070,古坑鄉,10009070-016,麻園村,56,32,24,577,306,271,195,98,97,110Y12M
10009,雲林縣,10009070,古坑鄉,10009070-017,古坑村,214,114,100,1803,964,839,530,241,289,110Y12M
10009,雲林縣,10009070,古坑鄉,10009070-018,朝陽村,226,108,118,1569,814,755,570,276,294,110Y12M
10009,雲林縣,10009070,古坑鄉,10009070-019,西平村,164,75,89,1233,654,579,371,171,200,110Y12M
10009,雲林縣,10009070,古坑鄉,10009070-020,湳仔村,59,26,33,525,286,239,174,95,79,110Y12M
10009,雲林縣,10009080,大埤鄉,10009080-001,北和村,66,30,36,516,302,214,213,99,114,110Y12M
10009,雲林縣,10009080,大埤鄉,10009080-002,南和村,244,129,115,1768,934,834,468,207,261,110Y12M
10009,雲林縣,10009080,大埤鄉,10009080-003,大德村,117,55,62,725,420,305,254,137,117,110Y12M
10009,雲林縣,10009080,大埤鄉,10009080-004,松竹村,67,34,33,677,394,283,260,124,136,110Y12M
10009,雲林縣,10009080,大埤鄉,10009080-005,尚義村,218,119,99,1525,766,759,464,205,259,110Y12M
10009,雲林縣,10009080,大埤鄉,10009080-006,嘉興村,149,71,78,1431,771,660,450,204,246,110Y12M
10009,雲林縣,10009080,大埤鄉,10009080-007,豐田村,199,105,94,1378,706,672,240,111,129,110Y12M
10009,雲林縣,10009080,大埤鄉,10009080-008,三結村,96,56,40,911,525,386,306,155,151,110Y12M
10009,雲林縣,10009080,大埤鄉,10009080-009,吉田村,66,30,36,529,307,222,189,94,95,110Y12M
10009,雲林縣,10009080,大埤鄉,10009080-010,豐岡村,47,22,25,429,270,159,170,76,94,110Y12M
10009,雲林縣,10009080,大埤鄉,10009080-011,聯美村,116,63,53,841,470,371,228,106,122,110Y12M
10009,雲林縣,10009080,大埤鄉,10009080-012,怡然村,73,38,35,555,313,242,200,96,104,110Y12M
10009,雲林縣,10009080,大埤鄉,10009080-013,北鎮村,77,32,45,491,272,219,191,99,92,110Y12M
10009,雲林縣,10009080,大埤鄉,10009080-014,興安村,54,22,32,514,298,216,175,70,105,110Y12M
10009,雲林縣,10009080,大埤鄉,10009080-015,西鎮村,49,27,22,488,301,187,227,111,116,110Y12M
10009,雲林縣,10009090,莿桐鄉,10009090-001,莿桐村,636,360,276,3344,1746,1598,930,425,505,110Y12M
10009,雲林縣,10009090,莿桐鄉,10009090-002,甘厝村,80,52,28,661,357,304,231,98,133,110Y12M
10009,雲林縣,10009090,莿桐鄉,10009090-003,甘西村,147,72,75,1138,595,543,421,204,217,110Y12M
10009,雲林縣,10009090,莿桐鄉,10009090-004,興桐村,111,63,48,858,453,405,338,162,176,110Y12M
10009,雲林縣,10009090,莿桐鄉,10009090-005,義和村,102,56,46,833,461,372,267,117,150,110Y12M
10009,雲林縣,10009090,莿桐鄉,10009090-006,埔子村,230,122,108,1660,892,768,426,198,228,110Y12M
10009,雲林縣,10009090,莿桐鄉,10009090-007,大美村,394,230,164,2603,1343,1260,586,281,305,110Y12M
10009,雲林縣,10009090,莿桐鄉,10009090-008,埔尾村,136,74,62,968,511,457,312,160,152,110Y12M
10009,雲林縣,10009090,莿桐鄉,10009090-009,饒平村,128,67,61,943,514,429,239,109,130,110Y12M
10009,雲林縣,10009090,莿桐鄉,10009090-010,興貴村,197,106,91,1545,826,719,419,192,227,110Y12M
10009,雲林縣,10009090,莿桐鄉,10009090-011,四合村,195,103,92,1345,711,634,402,191,211,110Y12M
10009,雲林縣,10009090,莿桐鄉,10009090-012,麻園村,164,87,77,1108,609,499,375,183,192,110Y12M
10009,雲林縣,10009090,莿桐鄉,10009090-013,五華村,165,95,70,1044,585,459,285,132,153,110Y12M
10009,雲林縣,10009090,莿桐鄉,10009090-014,六合村,190,102,88,1435,788,647,379,193,186,110Y12M
10009,雲林縣,10009100,林內鄉,10009100-001,林南村,115,62,53,804,432,372,231,97,134,110Y12M
10009,雲林縣,10009100,林內鄉,10009100-002,林中村,505,270,235,2886,1492,1394,780,346,434,110Y12M
10009,雲林縣,10009100,林內鄉,10009100-003,林北村,241,124,117,1635,868,767,489,247,242,110Y12M
10009,雲林縣,10009100,林內鄉,10009100-004,坪頂村,31,13,18,372,218,154,129,56,73,110Y12M
10009,雲林縣,10009100,林內鄉,10009100-005,林茂村,58,27,31,597,356,241,234,109,125,110Y12M
10009,雲林縣,10009100,林內鄉,10009100-006,九芎村,227,122,105,2082,1129,953,583,275,308,110Y12M
10009,雲林縣,10009100,林內鄉,10009100-007,湖本村,58,32,26,509,282,227,135,65,70,110Y12M
10009,雲林縣,10009100,林內鄉,10009100-008,烏塗村,106,55,51,908,503,405,235,116,119,110Y12M
10009,雲林縣,10009100,林內鄉,10009100-009,烏麻村,84,44,40,780,441,339,262,118,144,110Y12M
10009,雲林縣,10009100,林內鄉,10009100-010,重興村,230,118,112,1420,751,669,405,184,221,110Y12M
10009,雲林縣,10009110,二崙鄉,10009110-001,崙東村,186,101,85,1105,597,508,382,185,197,110Y12M
10009,雲林縣,10009110,二崙鄉,10009110-002,崙西村,232,118,114,1340,729,611,428,204,224,110Y12M
10009,雲林縣,10009110,二崙鄉,10009110-003,來惠村,129,71,58,1175,679,496,454,214,240,110Y12M
10009,雲林縣,10009110,二崙鄉,10009110-004,三和村,87,48,39,1060,603,457,432,213,219,110Y12M
10009,雲林縣,10009110,二崙鄉,10009110-005,湳仔村,90,53,37,824,466,358,334,162,172,110Y12M
10009,雲林縣,10009110,二崙鄉,10009110-006,田尾村,174,85,89,1361,792,569,520,248,272,110Y12M
10009,雲林縣,10009110,二崙鄉,10009110-007,定安村,72,41,31,651,371,280,229,111,118,110Y12M
10009,雲林縣,10009110,二崙鄉,10009110-008,大華村,99,59,40,682,375,307,214,97,117,110Y12M
10009,雲林縣,10009110,二崙鄉,10009110-009,義庄村,83,45,38,592,315,277,188,77,111,110Y12M
10009,雲林縣,10009110,二崙鄉,10009110-010,楊賢村,196,98,98,1150,649,501,382,175,207,110Y12M
10009,雲林縣,10009110,二崙鄉,10009110-011,港後村,162,81,81,1348,767,581,486,231,255,110Y12M
10009,雲林縣,10009110,二崙鄉,10009110-012,大義村,90,51,39,608,334,274,247,112,135,110Y12M
10009,雲林縣,10009110,二崙鄉,10009110-013,油車村,151,85,66,1313,698,615,438,193,245,110Y12M
10009,雲林縣,10009110,二崙鄉,10009110-014,大庄村,114,64,50,939,513,426,329,146,183,110Y12M
10009,雲林縣,10009110,二崙鄉,10009110-015,庄西村,82,41,41,692,418,274,236,106,130,110Y12M
10009,雲林縣,10009110,二崙鄉,10009110-016,大同村,71,33,38,630,345,285,211,100,111,110Y12M
10009,雲林縣,10009110,二崙鄉,10009110-017,復興村,85,47,38,748,425,323,259,118,141,110Y12M
10009,雲林縣,10009110,二崙鄉,10009110-018,永定村,130,64,66,1081,583,498,359,181,178,110Y12M
10009,雲林縣,10009120,崙背鄉,10009120-001,東明村,94,42,52,842,455,387,299,133,166,110Y12M
10009,雲林縣,10009120,崙背鄉,10009120-002,西榮村,182,98,84,1137,596,541,349,158,191,110Y12M
10009,雲林縣,10009120,崙背鄉,10009120-003,南陽村,381,198,183,1791,946,845,587,261,326,110Y12M
10009,雲林縣,10009120,崙背鄉,10009120-004,崙前村,257,141,116,1611,867,744,517,227,290,110Y12M
10009,雲林縣,10009120,崙背鄉,10009120-005,羅厝村,235,116,119,1622,868,754,504,230,274,110Y12M
10009,雲林縣,10009120,崙背鄉,10009120-006,港尾村,126,68,58,949,512,437,346,173,173,110Y12M
10009,雲林縣,10009120,崙背鄉,10009120-007,阿勸村,251,134,117,1581,903,678,497,222,275,110Y12M
10009,雲林縣,10009120,崙背鄉,10009120-008,五魁村,74,35,39,584,340,244,220,103,117,110Y12M
10009,雲林縣,10009120,崙背鄉,10009120-009,大有村,123,64,59,1084,655,429,435,194,241,110Y12M
10009,雲林縣,10009120,崙背鄉,10009120-010,豐榮村,196,101,95,1292,755,537,460,187,273,110Y12M
10009,雲林縣,10009120,崙背鄉,10009120-011,草湖村,136,74,62,1073,604,469,363,165,198,110Y12M
10009,雲林縣,10009120,崙背鄉,10009120-012,舊庄村,109,56,53,864,490,374,262,108,154,110Y12M
10009,雲林縣,10009120,崙背鄉,10009120-013,水尾村,104,55,49,853,461,392,361,178,183,110Y12M
10009,雲林縣,10009120,崙背鄉,10009120-014,枋南村,66,34,32,548,318,230,219,97,122,110Y12M
10009,雲林縣,10009130,麥寮鄉,10009130-001,麥津村,846,441,405,3834,1870,1964,745,330,415,110Y12M
10009,雲林縣,10009130,麥寮鄉,10009130-002,麥豐村,1816,936,880,7065,3354,3711,984,418,566,110Y12M
10009,雲林縣,10009130,麥寮鄉,10009130-003,瓦■村,320,185,135,1709,893,816,378,164,214,110Y12M
10009,雲林縣,10009130,麥寮鄉,10009130-004,興華村,399,198,201,2477,1271,1206,518,230,288,110Y12M
10009,雲林縣,10009130,麥寮鄉,10009130-005,崙後村,378,188,190,2360,1259,1101,492,216,276,110Y12M
10009,雲林縣,10009130,麥寮鄉,10009130-006,後安村,474,258,216,2763,1380,1383,444,209,235,110Y12M
10009,雲林縣,10009130,麥寮鄉,10009130-007,海豐村,336,170,166,1960,973,987,373,166,207,110Y12M
10009,雲林縣,10009130,麥寮鄉,10009130-008,三盛村,338,169,169,1947,982,965,303,129,174,110Y12M
10009,雲林縣,10009130,麥寮鄉,10009130-009,橋頭村,662,346,316,3642,1865,1777,662,305,357,110Y12M
10009,雲林縣,10009130,麥寮鄉,10009130-010,新吉村,194,105,89,1010,532,478,191,82,109,110Y12M
10009,雲林縣,10009130,麥寮鄉,10009130-011,施厝村,658,335,323,3303,1697,1606,530,242,288,110Y12M
10009,雲林縣,10009130,麥寮鄉,10009130-012,雷厝村,359,178,181,1995,1004,991,341,151,190,110Y12M
10009,雲林縣,10009130,麥寮鄉,10009130-013,中興村,264,125,139,1401,699,702,224,105,119,110Y12M
10009,雲林縣,10009140,東勢鄉,10009140-001,東南村,144,74,70,1116,603,513,375,166,209,110Y12M
10009,雲林縣,10009140,東勢鄉,10009140-002,東北村,115,53,62,942,519,423,268,114,154,110Y12M
10009,雲林縣,10009140,東勢鄉,10009140-003,嘉隆村,155,78,77,1124,658,466,428,204,224,110Y12M
10009,雲林縣,10009140,東勢鄉,10009140-004,復興村,30,18,12,383,221,162,140,66,74,110Y12M
10009,雲林縣,10009140,東勢鄉,10009140-005,月眉村,98,46,52,829,496,333,337,151,186,110Y12M
10009,雲林縣,10009140,東勢鄉,10009140-006,程海村,33,16,17,412,233,179,134,66,68,110Y12M
10009,雲林縣,10009140,東勢鄉,10009140-007,龍潭村,57,40,17,552,341,211,236,121,115,110Y12M
10009,雲林縣,10009140,東勢鄉,10009140-008,安南村,62,39,23,617,387,230,215,111,104,110Y12M
10009,雲林縣,10009140,東勢鄉,10009140-009,昌南村,48,23,25,627,381,246,222,107,115,110Y12M
10009,雲林縣,10009140,東勢鄉,10009140-010,同安村,133,65,68,1406,851,555,492,226,266,110Y12M
10009,雲林縣,10009140,東勢鄉,10009140-011,新坤村,66,33,33,762,452,310,268,130,138,110Y12M
10009,雲林縣,10009140,東勢鄉,10009140-012,四美村,41,22,19,693,414,279,289,138,151,110Y12M
10009,雲林縣,10009150,褒忠鄉,10009150-001,中民村,223,111,112,1467,806,661,452,190,262,110Y12M
10009,雲林縣,10009150,褒忠鄉,10009150-002,埔姜村,197,106,91,1094,586,508,358,169,189,110Y12M
10009,雲林縣,10009150,褒忠鄉,10009150-003,中勝村,185,112,73,1149,614,535,350,168,182,110Y12M
10009,雲林縣,10009150,褒忠鄉,10009150-004,新湖村,71,37,34,855,493,362,315,148,167,110Y12M
10009,雲林縣,10009150,褒忠鄉,10009150-005,馬鳴村,132,68,64,1147,639,508,338,150,188,110Y12M
10009,雲林縣,10009150,褒忠鄉,10009150-006,有才村,61,36,25,599,365,234,228,101,127,110Y12M
10009,雲林縣,10009150,褒忠鄉,10009150-007,田洋村,58,31,27,605,353,252,186,81,105,110Y12M
10009,雲林縣,10009150,褒忠鄉,10009150-008,龍岩村,84,46,38,897,518,379,318,149,169,110Y12M
10009,雲林縣,10009150,褒忠鄉,10009150-009,潮厝村,44,23,21,649,394,255,217,97,120,110Y12M
10009,雲林縣,10009160,臺西鄉,10009160-001,台西村,120,67,53,971,501,470,283,125,158,110Y12M
10009,雲林縣,10009160,臺西鄉,10009160-002,海北村,103,57,46,851,460,391,243,115,128,110Y12M
10009,雲林縣,10009160,臺西鄉,10009160-003,海南村,100,52,48,879,462,417,241,111,130,110Y12M
10009,雲林縣,10009160,臺西鄉,10009160-004,海口村,185,105,80,1609,866,743,410,181,229,110Y12M
10009,雲林縣,10009160,臺西鄉,10009160-005,溪頂村,118,62,56,1121,664,457,355,169,186,110Y12M
10009,雲林縣,10009160,臺西鄉,10009160-006,牛厝村,137,73,64,1392,841,551,469,202,267,110Y12M
10009,雲林縣,10009160,臺西鄉,10009160-007,泉州村,62,27,35,452,270,182,152,60,92,110Y12M
10009,雲林縣,10009160,臺西鄉,10009160-008,光華村,51,29,22,503,267,236,167,85,82,110Y12M
10009,雲林縣,10009160,臺西鄉,10009160-009,五榔村,24,15,9,327,191,136,126,59,67,110Y12M
10009,雲林縣,10009160,臺西鄉,10009160-010,山寮村,69,35,34,600,351,249,219,113,106,110Y12M
10009,雲林縣,10009160,臺西鄉,10009160-011,富琦村,147,69,78,1178,657,521,333,147,186,110Y12M
10009,雲林縣,10009160,臺西鄉,10009160-012,永豐村,147,73,74,1066,562,504,303,140,163,110Y12M
10009,雲林縣,10009160,臺西鄉,10009160-013,和豐村,239,135,104,2206,1296,910,764,347,417,110Y12M
10009,雲林縣,10009160,臺西鄉,10009160-014,蚊港村,121,65,56,1302,764,538,437,205,232,110Y12M
10009,雲林縣,10009160,臺西鄉,10009160-015,五港村,163,80,83,1456,781,675,357,149,208,110Y12M
10009,雲林縣,10009170,元長鄉,10009170-001,長南村,398,208,190,2505,1412,1093,845,382,463,110Y12M
10009,雲林縣,10009170,元長鄉,10009170-002,長北村,146,77,69,1048,628,420,437,204,233,110Y12M
10009,雲林縣,10009170,元長鄉,10009170-003,子茂村,102,53,49,914,520,394,415,204,211,110Y12M
10009,雲林縣,10009170,元長鄉,10009170-004,後湖村,34,20,14,496,291,205,211,108,103,110Y12M
10009,雲林縣,10009170,元長鄉,10009170-005,山內村,69,32,37,680,415,265,275,125,150,110Y12M
10009,雲林縣,10009170,元長鄉,10009170-006,合和村,107,59,48,761,448,313,298,141,157,110Y12M
10009,雲林縣,10009170,元長鄉,10009170-007,五塊村,51,31,20,630,373,257,256,139,117,110Y12M
10009,雲林縣,10009170,元長鄉,10009170-008,潭西村,44,24,20,519,324,195,201,97,104,110Y12M
10009,雲林縣,10009170,元長鄉,10009170-009,潭東村,65,37,28,428,250,178,152,64,88,110Y12M
10009,雲林縣,10009170,元長鄉,10009170-010,客厝村,62,29,33,622,341,281,221,106,115,110Y12M
10009,雲林縣,10009170,元長鄉,10009170-011,卓運村,19,4,15,215,141,74,131,68,63,110Y12M
10009,雲林縣,10009170,元長鄉,10009170-012,頂寮村,86,50,36,833,482,351,304,128,176,110Y12M
10009,雲林縣,10009170,元長鄉,10009170-013,下寮村,141,66,75,1079,614,465,398,187,211,110Y12M
10009,雲林縣,10009170,元長鄉,10009170-014,龍岩村,80,39,41,682,395,287,301,138,163,110Y12M
10009,雲林縣,10009170,元長鄉,10009170-015,西莊村,81,42,39,612,341,271,218,99,119,110Y12M
10009,雲林縣,10009170,元長鄉,10009170-016,鹿北村,80,49,31,863,497,366,291,142,149,110Y12M
10009,雲林縣,10009170,元長鄉,10009170-017,鹿南村,67,34,33,558,319,239,275,134,141,110Y12M
10009,雲林縣,10009170,元長鄉,10009170-018,瓦■村,123,58,65,1021,598,423,474,225,249,110Y12M
10009,雲林縣,10009170,元長鄉,10009170-019,內寮村,28,15,13,391,219,172,197,100,97,110Y12M
10009,雲林縣,10009170,元長鄉,10009170-020,崙仔村,56,26,30,580,352,228,242,120,122,110Y12M
10009,雲林縣,10009170,元長鄉,10009170-021,新吉村,50,27,23,499,281,218,210,103,107,110Y12M
10009,雲林縣,10009180,四湖鄉,10009180-001,四湖村,170,85,85,1333,759,574,440,201,239,110Y12M
10009,雲林縣,10009180,四湖鄉,10009180-002,新庄村,61,35,26,458,271,187,182,78,104,110Y12M
10009,雲林縣,10009180,四湖鄉,10009180-003,溪底村,44,22,22,669,404,265,249,107,142,110Y12M
10009,雲林縣,10009180,四湖鄉,10009180-004,鹿場村,63,33,30,613,367,246,273,140,133,110Y12M
10009,雲林縣,10009180,四湖鄉,10009180-005,湖西村,207,112,95,1770,977,793,519,233,286,110Y12M
10009,雲林縣,10009180,四湖鄉,10009180-006,施湖村,91,49,42,875,507,368,309,148,161,110Y12M
10009,雲林縣,10009180,四湖鄉,10009180-007,湖寮村,57,36,21,515,313,202,204,87,117,110Y12M
10009,雲林縣,10009180,四湖鄉,10009180-008,蔡厝村,55,29,26,597,366,231,253,118,135,110Y12M
10009,雲林縣,10009180,四湖鄉,10009180-009,飛沙村,49,26,23,629,362,267,215,91,124,110Y12M
10009,雲林縣,10009180,四湖鄉,10009180-010,三姓村,21,14,7,250,147,103,97,39,58,110Y12M
10009,雲林縣,10009180,四湖鄉,10009180-011,內湖村,45,25,20,562,357,205,187,90,97,110Y12M
10009,雲林縣,10009180,四湖鄉,10009180-012,羊調村,63,35,28,653,393,260,266,117,149,110Y12M
10009,雲林縣,10009180,四湖鄉,10009180-013,崙北村,77,41,36,1271,702,569,409,165,244,110Y12M
10009,雲林縣,10009180,四湖鄉,10009180-014,崙南村,43,19,24,597,344,253,198,92,106,110Y12M
10009,雲林縣,10009180,四湖鄉,10009180-015,廣溝村,36,21,15,544,310,234,153,64,89,110Y12M
10009,雲林縣,10009180,四湖鄉,10009180-016,■子村,57,27,30,652,392,260,228,92,136,110Y12M
10009,雲林縣,10009180,四湖鄉,10009180-017,林厝村,54,34,20,759,449,310,280,115,165,110Y12M
10009,雲林縣,10009180,四湖鄉,10009180-018,林東村,55,20,35,734,431,303,238,109,129,110Y12M
10009,雲林縣,10009180,四湖鄉,10009180-019,溪尾村,41,19,22,562,328,234,190,92,98,110Y12M
10009,雲林縣,10009180,四湖鄉,10009180-020,飛東村,23,10,13,391,230,161,146,71,75,110Y12M
10009,雲林縣,10009180,四湖鄉,10009180-021,■東村,74,41,33,786,451,335,249,108,141,110Y12M
10009,雲林縣,10009190,口湖鄉,10009190-001,湖東村,106,49,57,916,503,413,307,141,166,110Y12M
10009,雲林縣,10009190,口湖鄉,10009190-002,口湖村,113,61,52,849,446,403,243,114,129,110Y12M
10009,雲林縣,10009190,口湖鄉,10009190-003,頂湖村,44,29,15,466,273,193,155,74,81,110Y12M
10009,雲林縣,10009190,口湖鄉,10009190-004,埔北村,68,31,37,673,396,277,207,101,106,110Y12M
10009,雲林縣,10009190,口湖鄉,10009190-005,埔南村,71,36,35,534,289,245,178,87,91,110Y12M
10009,雲林縣,10009190,口湖鄉,10009190-006,謝厝村,84,45,39,776,403,373,231,108,123,110Y12M
10009,雲林縣,10009190,口湖鄉,10009190-007,蚵寮村,121,66,55,1134,627,507,303,145,158,110Y12M
10009,雲林縣,10009190,口湖鄉,10009190-008,下崙村,169,89,80,1670,954,716,383,163,220,110Y12M
10009,雲林縣,10009190,口湖鄉,10009190-009,崙中村,123,54,69,1182,667,515,330,152,178,110Y12M
10009,雲林縣,10009190,口湖鄉,10009190-010,崙東村,131,69,62,1158,650,508,298,139,159,110Y12M
10009,雲林縣,10009190,口湖鄉,10009190-011,青蚶村,33,21,12,383,211,172,128,62,66,110Y12M
10009,雲林縣,10009190,口湖鄉,10009190-012,港東村,121,72,49,1150,617,533,371,172,199,110Y12M
10009,雲林縣,10009190,口湖鄉,10009190-013,港西村,56,32,24,613,317,296,203,90,113,110Y12M
10009,雲林縣,10009190,口湖鄉,10009190-014,台子村,200,109,91,1577,816,761,356,161,195,110Y12M
10009,雲林縣,10009190,口湖鄉,10009190-015,成龍村,71,34,37,655,383,272,247,124,123,110Y12M
10009,雲林縣,10009190,口湖鄉,10009190-016,湖口村,92,38,54,766,438,328,239,110,129,110Y12M
10009,雲林縣,10009190,口湖鄉,10009190-017,水井村,83,49,34,710,403,307,237,108,129,110Y12M
10009,雲林縣,10009190,口湖鄉,10009190-018,後厝村,52,30,22,490,280,210,192,89,103,110Y12M
10009,雲林縣,10009190,口湖鄉,10009190-019,梧南村,173,97,76,1382,750,632,448,208,240,110Y12M
10009,雲林縣,10009190,口湖鄉,10009190-020,梧北村,99,56,43,855,494,361,323,155,168,110Y12M
10009,雲林縣,10009190,口湖鄉,10009190-021,過港村,39,19,20,436,266,170,173,77,96,110Y12M
10009,雲林縣,10009200,水林鄉,10009200-001,水北村,207,129,78,1631,913,718,582,249,333,110Y12M
10009,雲林縣,10009200,水林鄉,10009200-002,水南村,189,105,84,1553,851,702,484,230,254,110Y12M
10009,雲林縣,10009200,水林鄉,10009200-003,海埔村,102,51,51,734,423,311,247,113,134,110Y12M
10009,雲林縣,10009200,水林鄉,10009200-004,土厝村,99,54,45,867,482,385,332,163,169,110Y12M
10009,雲林縣,10009200,水林鄉,10009200-005,春埔村,58,38,20,657,395,262,297,144,153,110Y12M
10009,雲林縣,10009200,水林鄉,10009200-006,西井村,52,26,26,421,260,161,184,91,93,110Y12M
10009,雲林縣,10009200,水林鄉,10009200-007,車港村,35,21,14,427,260,167,172,75,97,110Y12M
10009,雲林縣,10009200,水林鄉,10009200-008,蘇秦村,61,35,26,675,393,282,308,141,167,110Y12M
10009,雲林縣,10009200,水林鄉,10009200-009,灣東村,29,17,12,422,235,187,184,89,95,110Y12M
10009,雲林縣,10009200,水林鄉,10009200-010,灣西村,71,37,34,662,404,258,274,137,137,110Y12M
10009,雲林縣,10009200,水林鄉,10009200-011,萬興村,43,29,14,471,261,210,216,107,109,110Y12M
10009,雲林縣,10009200,水林鄉,10009200-012,尖山村,42,20,22,472,282,190,178,81,97,110Y12M
10009,雲林縣,10009200,水林鄉,10009200-013,大山村,61,32,29,762,436,326,283,130,153,110Y12M
10009,雲林縣,10009200,水林鄉,10009200-014,大溝村,70,34,36,718,409,309,267,130,137,110Y12M
10009,雲林縣,10009200,水林鄉,10009200-015,順興村,48,19,29,581,346,235,235,115,120,110Y12M
10009,雲林縣,10009200,水林鄉,10009200-016,蕃薯村,71,43,28,673,388,285,271,133,138,110Y12M
10009,雲林縣,10009200,水林鄉,10009200-017,山腳村,53,27,26,572,349,223,221,100,121,110Y12M
10009,雲林縣,10009200,水林鄉,10009200-018,松北村,180,78,102,744,424,320,333,144,189,110Y12M
10009,雲林縣,10009200,水林鄉,10009200-019,松中村,31,14,17,314,196,118,182,84,98,110Y12M
10009,雲林縣,10009200,水林鄉,10009200-020,松西村,42,19,23,434,251,183,209,104,105,110Y12M
10009,雲林縣,10009200,水林鄉,10009200-021,■埔村,32,19,13,444,285,159,224,106,118,110Y12M
10009,雲林縣,10009200,水林鄉,10009200-022,塭底村,21,12,9,466,295,171,197,97,100,110Y12M
10009,雲林縣,10009200,水林鄉,10009200-023,後寮村,43,23,20,452,258,194,219,96,123,110Y12M
10009,雲林縣,10009200,水林鄉,10009200-024,溪墘村,57,35,22,578,323,255,211,92,119,110Y12M
10010,嘉義縣,10010010,太保市,10010010-001,太保里,314,149,165,2005,1047,958,426,202,224,110Y12M
10010,嘉義縣,10010010,太保市,10010010-002,後庄里,49,28,21,363,194,169,103,46,57,110Y12M
10010,嘉義縣,10010010,太保市,10010010-003,前潭里,163,83,80,1142,619,523,327,172,155,110Y12M
10010,嘉義縣,10010010,太保市,10010010-004,後潭里,203,111,92,1378,725,653,366,179,187,110Y12M
10010,嘉義縣,10010010,太保市,10010010-005,梅埔里,109,57,52,913,511,402,258,138,120,110Y12M
10010,嘉義縣,10010010,太保市,10010010-006,春珠里,129,65,64,936,500,436,228,116,112,110Y12M
10010,嘉義縣,10010010,太保市,10010010-007,崙頂里,80,41,39,610,329,281,209,102,107,110Y12M
10010,嘉義縣,10010010,太保市,10010010-008,東勢里,435,225,210,1684,822,862,255,123,132,110Y12M
10010,嘉義縣,10010010,太保市,10010010-009,新埤里,104,61,43,982,525,457,297,152,145,110Y12M
10010,嘉義縣,10010010,太保市,10010010-010,舊埤里,301,153,148,2324,1207,1117,345,159,186,110Y12M
10010,嘉義縣,10010010,太保市,10010010-011,田尾里,59,23,36,552,309,243,184,87,97,110Y12M
10010,嘉義縣,10010010,太保市,10010010-012,港尾里,34,16,18,436,236,200,130,66,64,110Y12M
10010,嘉義縣,10010010,太保市,10010010-013,過溝里,539,276,263,3200,1607,1593,466,222,244,110Y12M
10010,嘉義縣,10010010,太保市,10010010-014,麻寮里,794,413,381,4232,2100,2132,627,276,351,110Y12M
10010,嘉義縣,10010010,太保市,10010010-015,南新里,223,107,116,1485,780,705,377,185,192,110Y12M
10010,嘉義縣,10010010,太保市,10010010-016,北新里,461,239,222,2783,1423,1360,497,234,263,110Y12M
10010,嘉義縣,10010010,太保市,10010010-017,埤鄉里,65,36,29,528,291,237,174,87,87,110Y12M
10010,嘉義縣,10010010,太保市,10010010-018,安仁里,771,413,358,2566,1175,1391,350,156,194,110Y12M
10010,嘉義縣,10010020,朴子市,10010020-001,安福里,285,151,134,1567,789,778,426,186,240,110Y12M
10010,嘉義縣,10010020,朴子市,10010020-002,平和里,359,187,172,1959,950,1009,506,220,286,110Y12M
10010,嘉義縣,10010020,朴子市,10010020-003,內厝里,158,77,81,864,455,409,265,131,134,110Y12M
10010,嘉義縣,10010020,朴子市,10010020-004,開元里,26,14,12,240,126,114,141,72,69,110Y12M
10010,嘉義縣,10010020,朴子市,10010020-005,順天里,52,25,27,431,220,211,187,80,107,110Y12M
10010,嘉義縣,10010020,朴子市,10010020-006,中正里,66,38,28,427,207,220,184,93,91,110Y12M
10010,嘉義縣,10010020,朴子市,10010020-007,博厚里,184,93,91,742,372,370,168,79,89,110Y12M
10010,嘉義縣,10010020,朴子市,10010020-008,文化里,187,84,103,1221,660,561,504,243,261,110Y12M
10010,嘉義縣,10010020,朴子市,10010020-009,永和里,344,182,162,2017,1038,979,592,241,351,110Y12M
10010,嘉義縣,10010020,朴子市,10010020-010,竹圍里,712,370,342,3569,1780,1789,883,383,500,110Y12M
10010,嘉義縣,10010020,朴子市,10010020-011,新寮里,94,46,48,543,298,245,134,63,71,110Y12M
10010,嘉義縣,10010020,朴子市,10010020-012,■溪里,47,19,28,450,256,194,167,87,80,110Y12M
10010,嘉義縣,10010020,朴子市,10010020-013,溪口里,84,45,39,585,322,263,202,97,105,110Y12M
10010,嘉義縣,10010020,朴子市,10010020-014,德興里,124,68,56,804,440,364,253,136,117,110Y12M
10010,嘉義縣,10010020,朴子市,10010020-015,仁和里,467,215,252,1701,751,950,194,89,105,110Y12M
10010,嘉義縣,10010020,朴子市,10010020-016,大鄉里,310,178,132,2654,1362,1292,688,304,384,110Y12M
10010,嘉義縣,10010020,朴子市,10010020-017,大葛里,670,337,333,2654,1289,1365,525,242,283,110Y12M
10010,嘉義縣,10010020,朴子市,10010020-018,佳禾里,95,44,51,620,314,306,152,72,80,110Y12M
10010,嘉義縣,10010020,朴子市,10010020-019,竹村里,109,59,50,887,460,427,214,107,107,110Y12M
10010,嘉義縣,10010020,朴子市,10010020-020,崁前里,48,26,22,648,370,278,245,113,132,110Y12M
10010,嘉義縣,10010020,朴子市,10010020-021,順安里,20,13,7,157,98,59,89,41,48,110Y12M
10010,嘉義縣,10010020,朴子市,10010020-022,崁後里,46,26,20,510,302,208,212,99,113,110Y12M
10010,嘉義縣,10010020,朴子市,10010020-023,德家里,50,26,24,565,331,234,216,94,122,110Y12M
10010,嘉義縣,10010020,朴子市,10010020-024,新庄里,85,39,46,541,276,265,155,76,79,110Y12M
10010,嘉義縣,10010020,朴子市,10010020-025,梅華里,92,50,42,704,424,280,348,173,175,110Y12M
10010,嘉義縣,10010020,朴子市,10010020-026,松華里,87,45,42,829,466,363,385,177,208,110Y12M
10010,嘉義縣,10010020,朴子市,10010020-027,南竹里,34,19,15,337,189,148,160,77,83,110Y12M
10010,嘉義縣,10010030,布袋鎮,10010030-001,岱江里,51,23,28,462,226,236,147,67,80,110Y12M
10010,嘉義縣,10010030,布袋鎮,10010030-002,九龍里,17,10,7,270,160,110,86,32,54,110Y12M
10010,嘉義縣,10010030,布袋鎮,10010030-003,岑海里,208,98,110,1771,912,859,433,187,246,110Y12M
10010,嘉義縣,10010030,布袋鎮,10010030-004,興中里,97,50,47,814,408,406,278,122,156,110Y12M
10010,嘉義縣,10010030,布袋鎮,10010030-005,光復里,149,76,73,1238,637,601,415,166,249,110Y12M
10010,嘉義縣,10010030,布袋鎮,10010030-006,見龍里,77,40,37,695,390,305,183,79,104,110Y12M
10010,嘉義縣,10010030,布袋鎮,10010030-007,新厝里,57,36,21,513,270,243,177,81,96,110Y12M
10010,嘉義縣,10010030,布袋鎮,10010030-008,龍江里,45,23,22,595,316,279,163,71,92,110Y12M
10010,嘉義縣,10010030,布袋鎮,10010030-009,新岑里,93,43,50,722,383,339,228,102,126,110Y12M
10010,嘉義縣,10010030,布袋鎮,10010030-010,新民里,98,55,43,1058,501,557,272,117,155,110Y12M
10010,嘉義縣,10010030,布袋鎮,10010030-011,復興里,206,107,99,1854,908,946,496,200,296,110Y12M
10010,嘉義縣,10010030,布袋鎮,10010030-012,好美里,114,64,50,923,479,444,206,70,136,110Y12M
10010,嘉義縣,10010030,布袋鎮,10010030-013,永安里,56,24,32,885,474,411,232,97,135,110Y12M
10010,嘉義縣,10010030,布袋鎮,10010030-014,東港里,147,73,74,1529,822,707,385,165,220,110Y12M
10010,嘉義縣,10010030,布袋鎮,10010030-015,江山里,9,4,5,198,107,91,73,40,33,110Y12M
10010,嘉義縣,10010030,布袋鎮,10010030-016,菜舖里,17,8,9,257,147,110,130,70,60,110Y12M
10010,嘉義縣,10010030,布袋鎮,10010030-017,考試里,10,4,6,187,98,89,93,45,48,110Y12M
10010,嘉義縣,10010030,布袋鎮,10010030-018,振寮里,48,25,23,525,293,232,195,100,95,110Y12M
10010,嘉義縣,10010030,布袋鎮,10010030-019,西安里,77,47,30,775,436,339,376,167,209,110Y12M
10010,嘉義縣,10010030,布袋鎮,10010030-020,東安里,87,53,34,912,514,398,408,185,223,110Y12M
10010,嘉義縣,10010030,布袋鎮,10010030-021,中安里,65,31,34,974,560,414,421,189,232,110Y12M
10010,嘉義縣,10010030,布袋鎮,10010030-022,樹林里,38,24,14,393,232,161,139,70,69,110Y12M
10010,嘉義縣,10010030,布袋鎮,10010030-023,貴舍里,26,11,15,453,265,188,190,90,100,110Y12M
10010,嘉義縣,10010040,大林鎮,10010040-001,東林里,62,31,31,344,176,168,148,63,85,110Y12M
10010,嘉義縣,10010040,大林鎮,10010040-002,西林里,219,118,101,1307,653,654,560,266,294,110Y12M
10010,嘉義縣,10010040,大林鎮,10010040-003,吉林里,125,58,67,688,358,330,253,111,142,110Y12M
10010,嘉義縣,10010040,大林鎮,10010040-004,平林里,734,367,367,4953,2432,2521,1199,500,699,110Y12M
10010,嘉義縣,10010040,大林鎮,10010040-005,明華里,105,52,53,854,460,394,314,147,167,110Y12M
10010,嘉義縣,10010040,大林鎮,10010040-006,明和里,237,114,123,1539,788,751,336,154,182,110Y12M
10010,嘉義縣,10010040,大林鎮,10010040-007,排路里,32,21,11,411,234,177,182,88,94,110Y12M
10010,嘉義縣,10010040,大林鎮,10010040-008,西結里,45,20,25,500,284,216,207,98,109,110Y12M
10010,嘉義縣,10010040,大林鎮,10010040-009,湖北里,37,17,20,428,250,178,192,92,100,110Y12M
10010,嘉義縣,10010040,大林鎮,10010040-010,大糖里,7,1,6,126,56,70,56,24,32,110Y12M
10010,嘉義縣,10010040,大林鎮,10010040-011,大美里,148,74,74,1191,668,523,420,181,239,110Y12M
10010,嘉義縣,10010040,大林鎮,10010040-012,過溪里,118,63,55,1055,579,476,385,184,201,110Y12M
10010,嘉義縣,10010040,大林鎮,10010040-013,中坑里,94,51,43,926,513,413,413,197,216,110Y12M
10010,嘉義縣,10010040,大林鎮,10010040-014,上林里,57,26,31,542,316,226,256,120,136,110Y12M
10010,嘉義縣,10010040,大林鎮,10010040-015,中林里,144,66,78,1183,649,534,392,180,212,110Y12M
10010,嘉義縣,10010040,大林鎮,10010040-016,三和里,209,113,96,1558,827,731,512,228,284,110Y12M
10010,嘉義縣,10010040,大林鎮,10010040-017,溝背里,76,36,40,655,363,292,278,126,152,110Y12M
10010,嘉義縣,10010040,大林鎮,10010040-018,義和里,50,26,24,495,272,223,174,80,94,110Y12M
10010,嘉義縣,10010040,大林鎮,10010040-019,內林里,52,21,31,464,268,196,201,100,101,110Y12M
10010,嘉義縣,10010040,大林鎮,10010040-020,三角里,78,30,48,602,323,279,228,100,128,110Y12M
10010,嘉義縣,10010040,大林鎮,10010040-021,三村里,87,42,45,639,349,290,186,90,96,110Y12M
10010,嘉義縣,10010050,民雄鄉,10010050-001,東榮村,265,156,109,1780,930,850,589,278,311,110Y12M
10010,嘉義縣,10010050,民雄鄉,10010050-002,中樂村,188,103,85,1166,590,576,408,177,231,110Y12M
10010,嘉義縣,10010050,民雄鄉,10010050-003,西安村,502,274,228,2745,1382,1363,729,345,384,110Y12M
10010,嘉義縣,10010050,民雄鄉,10010050-004,寮頂村,287,129,158,1770,912,858,465,208,257,110Y12M
10010,嘉義縣,10010050,民雄鄉,10010050-005,福權村,201,115,86,1311,688,623,314,154,160,110Y12M
10010,嘉義縣,10010050,民雄鄉,10010050-006,東湖村,186,109,77,1449,758,691,439,212,227,110Y12M
10010,嘉義縣,10010050,民雄鄉,10010050-007,頂崙村,143,79,64,1188,611,577,336,170,166,110Y12M
10010,嘉義縣,10010050,民雄鄉,10010050-008,菁埔村,163,92,71,1315,723,592,428,205,223,110Y12M
10010,嘉義縣,10010050,民雄鄉,10010050-009,中和村,159,71,88,782,401,381,209,108,101,110Y12M
10010,嘉義縣,10010050,民雄鄉,10010050-010,平和村,83,38,45,694,382,312,156,69,87,110Y12M
10010,嘉義縣,10010050,民雄鄉,10010050-011,西昌村,115,60,55,660,348,312,189,98,91,110Y12M
10010,嘉義縣,10010050,民雄鄉,10010050-012,豊收村,223,111,112,1721,884,837,528,280,248,110Y12M
10010,嘉義縣,10010050,民雄鄉,10010050-013,三興村,177,99,78,1162,588,574,243,118,125,110Y12M
10010,嘉義縣,10010050,民雄鄉,10010050-014,東興村,41,22,19,369,219,150,152,69,83,110Y12M
10010,嘉義縣,10010050,民雄鄉,10010050-015,鎮北村,120,62,58,1010,527,483,205,98,107,110Y12M
10010,嘉義縣,10010050,民雄鄉,10010050-016,興中村,216,121,95,1481,784,697,407,191,216,110Y12M
10010,嘉義縣,10010050,民雄鄉,10010050-017,興南村,278,138,140,2375,1208,1167,448,200,248,110Y12M
10010,嘉義縣,10010050,民雄鄉,10010050-018,福興村,141,80,61,1663,895,768,386,174,212,110Y12M
10010,嘉義縣,10010050,民雄鄉,10010050-019,文隆村,272,150,122,2064,1080,984,461,216,245,110Y12M
10010,嘉義縣,10010050,民雄鄉,10010050-020,山中村,371,184,187,2855,1549,1306,794,360,434,110Y12M
10010,嘉義縣,10010050,民雄鄉,10010050-021,中央村,91,49,42,1051,566,485,276,130,146,110Y12M
10010,嘉義縣,10010050,民雄鄉,10010050-022,北斗村,731,369,362,4648,2372,2276,849,379,470,110Y12M
10010,嘉義縣,10010050,民雄鄉,10010050-023,■福村,275,135,140,2197,1125,1072,392,178,214,110Y12M
10010,嘉義縣,10010050,民雄鄉,10010050-024,大崎村,180,92,88,1902,1017,885,503,241,262,110Y12M
10010,嘉義縣,10010050,民雄鄉,10010050-025,秀林村,237,115,122,2164,1159,1005,531,246,285,110Y12M
10010,嘉義縣,10010050,民雄鄉,10010050-026,松山村,174,95,79,1391,745,646,370,172,198,110Y12M
10010,嘉義縣,10010050,民雄鄉,10010050-027,金興村,234,124,110,2487,1231,1256,553,246,307,110Y12M
10010,嘉義縣,10010050,民雄鄉,10010050-028,福樂村,955,507,448,6003,2980,3023,904,411,493,110Y12M
10010,嘉義縣,10010060,溪口鄉,10010060-001,溪東村,91,44,47,901,484,417,402,187,215,110Y12M
10010,嘉義縣,10010060,溪口鄉,10010060-002,溪西村,50,24,26,466,262,204,202,105,97,110Y12M
10010,嘉義縣,10010060,溪口鄉,10010060-003,溪北村,58,28,30,446,254,192,190,90,100,110Y12M
10010,嘉義縣,10010060,溪口鄉,10010060-004,游東村,87,47,40,692,385,307,279,138,141,110Y12M
10010,嘉義縣,10010060,溪口鄉,10010060-005,游西村,51,28,23,444,268,176,227,112,115,110Y12M
10010,嘉義縣,10010060,溪口鄉,10010060-006,柴林村,59,29,30,568,316,252,198,84,114,110Y12M
10010,嘉義縣,10010060,溪口鄉,10010060-007,林腳村,35,16,19,603,356,247,231,111,120,110Y12M
10010,嘉義縣,10010060,溪口鄉,10010060-008,美南村,60,30,30,813,447,366,322,145,177,110Y12M
10010,嘉義縣,10010060,溪口鄉,10010060-009,美北村,74,42,32,723,428,295,265,123,142,110Y12M
10010,嘉義縣,10010060,溪口鄉,10010060-010,本厝村,64,35,29,668,373,295,261,123,138,110Y12M
10010,嘉義縣,10010060,溪口鄉,10010060-011,柳溝村,104,60,44,977,540,437,315,152,163,110Y12M
10010,嘉義縣,10010060,溪口鄉,10010060-012,疊溪村,85,43,42,793,431,362,233,109,124,110Y12M
10010,嘉義縣,10010060,溪口鄉,10010060-013,妙崙村,55,26,29,495,272,223,192,91,101,110Y12M
10010,嘉義縣,10010060,溪口鄉,10010060-014,坪頂村,75,40,35,664,360,304,243,125,118,110Y12M
10010,嘉義縣,10010070,新港鄉,10010070-001,宮前村,299,166,133,1800,957,843,518,247,271,110Y12M
10010,嘉義縣,10010070,新港鄉,10010070-002,宮後村,146,71,75,1170,628,542,420,195,225,110Y12M
10010,嘉義縣,10010070,新港鄉,10010070-003,大興村,178,79,99,1096,563,533,358,162,196,110Y12M
10010,嘉義縣,10010070,新港鄉,10010070-004,福德村,234,97,137,1302,698,604,389,186,203,110Y12M
10010,嘉義縣,10010070,新港鄉,10010070-005,古民村,133,67,66,1124,606,518,295,139,156,110Y12M
10010,嘉義縣,10010070,新港鄉,10010070-006,中庄村,139,76,63,1220,680,540,407,212,195,110Y12M
10010,嘉義縣,10010070,新港鄉,10010070-007,大潭村,152,76,76,1240,695,545,430,210,220,110Y12M
10010,嘉義縣,10010070,新港鄉,10010070-008,西庄村,91,48,43,721,412,309,250,127,123,110Y12M
10010,嘉義縣,10010070,新港鄉,10010070-009,埤子村,42,21,21,382,220,162,179,82,97,110Y12M
10010,嘉義縣,10010070,新港鄉,10010070-010,南崙村,66,43,23,653,362,291,259,123,136,110Y12M
10010,嘉義縣,10010070,新港鄉,10010070-011,北崙村,45,21,24,359,200,159,116,56,60,110Y12M
10010,嘉義縣,10010070,新港鄉,10010070-012,海瀛村,52,27,25,347,207,140,143,73,70,110Y12M
10010,嘉義縣,10010070,新港鄉,10010070-013,月眉村,141,82,59,1229,672,557,437,210,227,110Y12M
10010,嘉義縣,10010070,新港鄉,10010070-014,月潭村,137,82,55,1200,671,529,358,175,183,110Y12M
10010,嘉義縣,10010070,新港鄉,10010070-015,溪北村,110,64,46,980,556,424,356,167,189,110Y12M
10010,嘉義縣,10010070,新港鄉,10010070-016,三間村,173,85,88,1359,705,654,200,85,115,110Y12M
10010,嘉義縣,10010070,新港鄉,10010070-017,中洋村,82,29,53,782,435,347,267,130,137,110Y12M
10010,嘉義縣,10010070,新港鄉,10010070-018,菜公村,115,64,51,728,385,343,234,114,120,110Y12M
10010,嘉義縣,10010070,新港鄉,10010070-019,安和村,75,38,37,732,411,321,286,133,153,110Y12M
10010,嘉義縣,10010070,新港鄉,10010070-020,潭大村,117,64,53,885,481,404,279,122,157,110Y12M
10010,嘉義縣,10010070,新港鄉,10010070-021,南港村,90,46,44,770,417,353,278,131,147,110Y12M
10010,嘉義縣,10010070,新港鄉,10010070-022,板頭村,39,23,16,412,237,175,149,58,91,110Y12M
10010,嘉義縣,10010070,新港鄉,10010070-023,共和村,85,43,42,651,360,291,214,105,109,110Y12M
10010,嘉義縣,10010080,六腳鄉,10010080-001,蒜頭村,88,38,50,808,463,345,352,151,201,110Y12M
10010,嘉義縣,10010080,六腳鄉,10010080-002,蒜東村,50,17,33,562,333,229,248,114,134,110Y12M
10010,嘉義縣,10010080,六腳鄉,10010080-003,蒜南村,51,27,24,643,362,281,234,118,116,110Y12M
10010,嘉義縣,10010080,六腳鄉,10010080-004,工廠村,3,2,1,133,70,63,74,34,40,110Y12M
10010,嘉義縣,10010080,六腳鄉,10010080-005,灣南村,88,45,43,878,490,388,302,142,160,110Y12M
10010,嘉義縣,10010080,六腳鄉,10010080-006,灣北村,87,40,47,853,464,389,331,158,173,110Y12M
10010,嘉義縣,10010080,六腳鄉,10010080-007,雙涵村,57,38,19,616,357,259,260,116,144,110Y12M
10010,嘉義縣,10010080,六腳鄉,10010080-008,塗師村,43,24,19,424,238,186,199,99,100,110Y12M
10010,嘉義縣,10010080,六腳鄉,10010080-009,三義村,43,24,19,526,297,229,204,95,109,110Y12M
10010,嘉義縣,10010080,六腳鄉,10010080-010,港美村,37,17,20,508,294,214,193,97,96,110Y12M
10010,嘉義縣,10010080,六腳鄉,10010080-011,豐美村,105,48,57,787,438,349,228,101,127,110Y12M
10010,嘉義縣,10010080,六腳鄉,10010080-012,六斗村,60,33,27,700,394,306,227,96,131,110Y12M
10010,嘉義縣,10010080,六腳鄉,10010080-013,崙陽村,56,19,37,766,400,366,283,135,148,110Y12M
10010,嘉義縣,10010080,六腳鄉,10010080-014,蘇厝村,93,54,39,1096,585,511,382,172,210,110Y12M
10010,嘉義縣,10010080,六腳鄉,10010080-015,竹本村,34,14,20,391,229,162,212,91,121,110Y12M
10010,嘉義縣,10010080,六腳鄉,10010080-016,永賢村,18,9,9,291,162,129,183,74,109,110Y12M
10010,嘉義縣,10010080,六腳鄉,10010080-017,魚寮村,18,8,10,394,222,172,216,102,114,110Y12M
10010,嘉義縣,10010080,六腳鄉,10010080-018,潭墘村,64,23,41,614,344,270,255,116,139,110Y12M
10010,嘉義縣,10010080,六腳鄉,10010080-019,正義村,61,34,27,1003,573,430,396,186,210,110Y12M
10010,嘉義縣,10010080,六腳鄉,10010080-020,溪厝村,30,14,16,398,220,178,186,94,92,110Y12M
10010,嘉義縣,10010080,六腳鄉,10010080-021,六腳村,54,27,27,488,286,202,257,113,144,110Y12M
10010,嘉義縣,10010080,六腳鄉,10010080-022,六南村,29,15,14,354,202,152,183,83,100,110Y12M
10010,嘉義縣,10010080,六腳鄉,10010080-023,崩山村,29,14,15,413,237,176,215,110,105,110Y12M
10010,嘉義縣,10010080,六腳鄉,10010080-024,古林村,29,18,11,425,251,174,237,111,126,110Y12M
10010,嘉義縣,10010080,六腳鄉,10010080-025,更寮村,40,21,19,431,252,179,148,70,78,110Y12M
10010,嘉義縣,10010090,東石鄉,10010090-001,東石村,183,94,89,1539,810,729,429,182,247,110Y12M
10010,嘉義縣,10010090,東石鄉,10010090-002,猿樹村,84,45,39,723,381,342,219,85,134,110Y12M
10010,嘉義縣,10010090,東石鄉,10010090-003,型厝村,102,61,41,1048,560,488,330,149,181,110Y12M
10010,嘉義縣,10010090,東石鄉,10010090-004,塭港村,173,103,70,1316,687,629,355,155,200,110Y12M
10010,嘉義縣,10010090,東石鄉,10010090-005,三家村,86,39,47,861,492,369,299,137,162,110Y12M
10010,嘉義縣,10010090,東石鄉,10010090-006,永屯村,33,19,14,540,287,253,174,78,96,110Y12M
10010,嘉義縣,10010090,東石鄉,10010090-007,海埔村,22,15,7,245,147,98,142,66,76,110Y12M
10010,嘉義縣,10010090,東石鄉,10010090-008,龍港村,47,22,25,607,362,245,259,121,138,110Y12M
10010,嘉義縣,10010090,東石鄉,10010090-009,副瀨村,62,32,30,627,361,266,262,120,142,110Y12M
10010,嘉義縣,10010090,東石鄉,10010090-010,下揖村,47,24,23,494,295,199,227,111,116,110Y12M
10010,嘉義縣,10010090,東石鄉,10010090-011,頂揖村,13,6,7,249,143,106,124,60,64,110Y12M
10010,嘉義縣,10010090,東石鄉,10010090-012,溪下村,56,36,20,699,406,293,282,127,155,110Y12M
10010,嘉義縣,10010090,東石鄉,10010090-013,港墘村,100,55,45,878,499,379,339,166,173,110Y12M
10010,嘉義縣,10010090,東石鄉,10010090-014,蔦松村,58,27,31,620,353,267,238,109,129,110Y12M
10010,嘉義縣,10010090,東石鄉,10010090-015,圍潭村,46,18,28,438,256,182,208,102,106,110Y12M
10010,嘉義縣,10010090,東石鄉,10010090-016,洲仔村,73,36,37,606,341,265,205,102,103,110Y12M
10010,嘉義縣,10010090,東石鄉,10010090-017,東崙村,38,22,16,488,265,223,198,91,107,110Y12M
10010,嘉義縣,10010090,東石鄉,10010090-018,西崙村,91,47,44,841,449,392,268,120,148,110Y12M
10010,嘉義縣,10010090,東石鄉,10010090-019,塭仔村,66,37,29,705,387,318,227,102,125,110Y12M
10010,嘉義縣,10010090,東石鄉,10010090-020,網寮村,93,56,37,925,500,425,289,135,154,110Y12M
10010,嘉義縣,10010090,東石鄉,10010090-021,掌潭村,47,25,22,570,304,266,193,83,110,110Y12M
10010,嘉義縣,10010090,東石鄉,10010090-022,港口村,9,8,1,184,128,56,107,54,53,110Y12M
10010,嘉義縣,10010090,東石鄉,10010090-023,鰲鼓村,105,56,49,939,529,410,314,139,175,110Y12M
10010,嘉義縣,10010100,義竹鄉,10010100-001,岸腳村,37,20,17,437,250,187,221,97,124,110Y12M
10010,嘉義縣,10010100,義竹鄉,10010100-002,義竹村,139,65,74,1018,526,492,435,214,221,110Y12M
10010,嘉義縣,10010100,義竹鄉,10010100-003,六桂村,73,34,39,797,429,368,364,168,196,110Y12M
10010,嘉義縣,10010100,義竹鄉,10010100-004,仁里村,53,19,34,597,308,289,260,124,136,110Y12M
10010,嘉義縣,10010100,義竹鄉,10010100-005,傳芳村,69,37,32,580,308,272,177,82,95,110Y12M
10010,嘉義縣,10010100,義竹鄉,10010100-006,頭竹村,70,31,39,821,460,361,396,210,186,110Y12M
10010,嘉義縣,10010100,義竹鄉,10010100-007,五厝村,21,16,5,251,147,104,121,60,61,110Y12M
10010,嘉義縣,10010100,義竹鄉,10010100-008,中平村,17,9,8,254,152,102,159,64,95,110Y12M
10010,嘉義縣,10010100,義竹鄉,10010100-009,埤前村,46,24,22,502,275,227,232,107,125,110Y12M
10010,嘉義縣,10010100,義竹鄉,10010100-010,平溪村,30,14,16,314,184,130,113,51,62,110Y12M
10010,嘉義縣,10010100,義竹鄉,10010100-011,後鎮村,27,12,15,299,170,129,122,59,63,110Y12M
10010,嘉義縣,10010100,義竹鄉,10010100-012,北華村,36,24,12,463,237,226,126,61,65,110Y12M
10010,嘉義縣,10010100,義竹鄉,10010100-013,新店村,119,61,58,1117,573,544,355,152,203,110Y12M
10010,嘉義縣,10010100,義竹鄉,10010100-014,東過村,45,22,23,644,362,282,191,88,103,110Y12M
10010,嘉義縣,10010100,義竹鄉,10010100-015,西過村,40,24,16,591,301,290,196,90,106,110Y12M
10010,嘉義縣,10010100,義竹鄉,10010100-016,官和村,72,39,33,624,336,288,183,78,105,110Y12M
10010,嘉義縣,10010100,義竹鄉,10010100-017,官順村,37,20,17,326,164,162,104,46,58,110Y12M
10010,嘉義縣,10010100,義竹鄉,10010100-018,新富村,13,7,6,359,219,140,158,67,91,110Y12M
10010,嘉義縣,10010100,義竹鄉,10010100-019,東光村,45,22,23,455,247,208,268,134,134,110Y12M
10010,嘉義縣,10010100,義竹鄉,10010100-020,東榮村,16,8,8,224,142,82,144,73,71,110Y12M
10010,嘉義縣,10010100,義竹鄉,10010100-021,龍蛟村,23,15,8,363,225,138,192,90,102,110Y12M
10010,嘉義縣,10010100,義竹鄉,10010100-022,溪洲村,18,13,5,369,199,170,264,130,134,110Y12M
10010,嘉義縣,10010110,鹿草鄉,10010110-001,後寮村,35,22,13,372,190,182,147,71,76,110Y12M
10010,嘉義縣,10010110,鹿草鄉,10010110-002,鹿東村,52,29,23,413,241,172,140,67,73,110Y12M
10010,嘉義縣,10010110,鹿草鄉,10010110-003,鹿草村,96,38,58,949,513,436,371,172,199,110Y12M
10010,嘉義縣,10010110,鹿草鄉,10010110-004,西井村,125,66,59,1015,548,467,336,150,186,110Y12M
10010,嘉義縣,10010110,鹿草鄉,10010110-005,豊稠村,44,32,12,611,430,181,121,65,56,110Y12M
10010,嘉義縣,10010110,鹿草鄉,10010110-006,重寮村,60,28,32,654,373,281,363,183,180,110Y12M
10010,嘉義縣,10010110,鹿草鄉,10010110-007,施家村,19,11,8,274,165,109,153,72,81,110Y12M
10010,嘉義縣,10010110,鹿草鄉,10010110-008,下潭村,52,31,21,505,308,197,307,155,152,110Y12M
10010,嘉義縣,10010110,鹿草鄉,10010110-009,光潭村,71,34,37,691,404,287,335,160,175,110Y12M
10010,嘉義縣,10010110,鹿草鄉,10010110-010,碧潭村,50,23,27,620,340,280,325,160,165,110Y12M
10010,嘉義縣,10010110,鹿草鄉,10010110-011,松竹村,61,36,25,645,369,276,292,136,156,110Y12M
10010,嘉義縣,10010110,鹿草鄉,10010110-012,竹山村,57,26,31,629,342,287,266,131,135,110Y12M
10010,嘉義縣,10010110,鹿草鄉,10010110-013,後堀村,76,41,35,821,455,366,345,159,186,110Y12M
10010,嘉義縣,10010110,鹿草鄉,10010110-014,三角村,104,46,58,1012,525,487,409,196,213,110Y12M
10010,嘉義縣,10010110,鹿草鄉,10010110-015,下麻村,39,14,25,430,234,196,166,85,81,110Y12M
10010,嘉義縣,10010120,水上鄉,10010120-001,水上村,497,253,244,3470,1793,1677,757,333,424,110Y12M
10010,嘉義縣,10010120,水上鄉,10010120-002,水頭村,254,141,113,2037,1094,943,527,246,281,110Y12M
10010,嘉義縣,10010120,水上鄉,10010120-003,大堀村,184,96,88,1266,687,579,382,202,180,110Y12M
10010,嘉義縣,10010120,水上鄉,10010120-004,大崙村,180,96,84,1646,912,734,467,229,238,110Y12M
10010,嘉義縣,10010120,水上鄉,10010120-005,塗溝村,49,25,24,584,343,241,201,92,109,110Y12M
10010,嘉義縣,10010120,水上鄉,10010120-006,粗溪村,152,88,64,1236,641,595,357,164,193,110Y12M
10010,嘉義縣,10010120,水上鄉,10010120-007,下寮村,110,56,54,1586,828,758,343,163,180,110Y12M
10010,嘉義縣,10010120,水上鄉,10010120-008,三和村,187,109,78,1502,833,669,311,133,178,110Y12M
10010,嘉義縣,10010120,水上鄉,10010120-009,回歸村,34,19,15,354,174,180,86,35,51,110Y12M
10010,嘉義縣,10010120,水上鄉,10010120-010,三鎮村,37,21,16,513,257,256,129,54,75,110Y12M
10010,嘉義縣,10010120,水上鄉,10010120-011,靖和村,35,12,23,242,135,107,144,68,76,110Y12M
10010,嘉義縣,10010120,水上鄉,10010120-012,南和村,106,55,51,1070,561,509,302,136,166,110Y12M
10010,嘉義縣,10010120,水上鄉,10010120-013,龍德村,183,89,94,1487,789,698,484,234,250,110Y12M
10010,嘉義縣,10010120,水上鄉,10010120-014,溪洲村,77,41,36,783,416,367,266,120,146,110Y12M
10010,嘉義縣,10010120,水上鄉,10010120-015,柳林村,175,95,80,1739,931,808,418,186,232,110Y12M
10010,嘉義縣,10010120,水上鄉,10010120-016,柳鄉村,165,72,93,1593,828,765,453,199,254,110Y12M
10010,嘉義縣,10010120,水上鄉,10010120-017,柳新村,193,119,74,1526,798,728,319,124,195,110Y12M
10010,嘉義縣,10010120,水上鄉,10010120-018,寬士村,227,113,114,3570,1882,1688,849,375,474,110Y12M
10010,嘉義縣,10010120,水上鄉,10010120-019,民生村,99,54,45,2313,1286,1027,707,292,415,110Y12M
10010,嘉義縣,10010120,水上鄉,10010120-020,忠和村,174,84,90,1517,786,731,384,170,214,110Y12M
10010,嘉義縣,10010120,水上鄉,10010120-021,中庄村,145,66,79,1431,748,683,383,154,229,110Y12M
10010,嘉義縣,10010120,水上鄉,10010120-022,南鄉村,82,46,36,740,414,326,198,97,101,110Y12M
10010,嘉義縣,10010120,水上鄉,10010120-023,三界村,51,25,26,742,422,320,261,124,137,110Y12M
10010,嘉義縣,10010120,水上鄉,10010120-024,國姓村,69,42,27,934,507,427,317,147,170,110Y12M
10010,嘉義縣,10010120,水上鄉,10010120-025,內溪村,54,25,29,982,509,473,235,109,126,110Y12M
10010,嘉義縣,10010120,水上鄉,10010120-026,義興村,60,31,29,619,347,272,188,95,93,110Y12M
10010,嘉義縣,10010130,中埔鄉,10010130-001,中埔村,225,121,104,1465,783,682,384,187,197,110Y12M
10010,嘉義縣,10010130,中埔鄉,10010130-002,■■村,92,40,52,745,398,347,211,93,118,110Y12M
10010,嘉義縣,10010130,中埔鄉,10010130-003,龍門村,81,41,40,645,358,287,171,80,91,110Y12M
10010,嘉義縣,10010130,中埔鄉,10010130-004,裕民村,70,40,30,651,369,282,236,127,109,110Y12M
10010,嘉義縣,10010130,中埔鄉,10010130-005,金蘭村,160,81,79,1208,646,562,324,150,174,110Y12M
10010,嘉義縣,10010130,中埔鄉,10010130-006,富收村,274,151,123,2383,1275,1108,608,289,319,110Y12M
10010,嘉義縣,10010130,中埔鄉,10010130-007,和睦村,343,179,164,2792,1446,1346,625,291,334,110Y12M
10010,嘉義縣,10010130,中埔鄉,10010130-008,和美村,599,302,297,5703,2924,2779,1505,651,854,110Y12M
10010,嘉義縣,10010130,中埔鄉,10010130-009,和興村,575,308,267,4709,2426,2283,1150,477,673,110Y12M
10010,嘉義縣,10010130,中埔鄉,10010130-010,隆興村,184,99,85,1483,799,684,404,193,211,110Y12M
10010,嘉義縣,10010130,中埔鄉,10010130-011,義仁村,120,72,48,1216,637,579,318,155,163,110Y12M
10010,嘉義縣,10010130,中埔鄉,10010130-012,社口村,248,136,112,1663,930,733,500,219,281,110Y12M
10010,嘉義縣,10010130,中埔鄉,10010130-013,灣潭村,70,32,38,765,438,327,268,130,138,110Y12M
10010,嘉義縣,10010130,中埔鄉,10010130-014,石■村,137,69,68,824,443,381,323,160,163,110Y12M
10010,嘉義縣,10010130,中埔鄉,10010130-015,頂埔村,74,36,38,718,398,320,246,125,121,110Y12M
10010,嘉義縣,10010130,中埔鄉,10010130-016,同仁村,168,97,71,1434,796,638,465,233,232,110Y12M
10010,嘉義縣,10010130,中埔鄉,10010130-017,瑞豐村,67,30,37,580,320,260,148,86,62,110Y12M
10010,嘉義縣,10010130,中埔鄉,10010130-018,沄水村,90,50,40,742,409,333,243,113,130,110Y12M
10010,嘉義縣,10010130,中埔鄉,10010130-019,三層村,50,23,27,518,281,237,121,59,62,110Y12M
10010,嘉義縣,10010130,中埔鄉,10010130-020,深坑村,75,37,38,538,310,228,189,91,98,110Y12M
10010,嘉義縣,10010130,中埔鄉,10010130-021,東興村,12,6,6,273,161,112,75,36,39,110Y12M
10010,嘉義縣,10010130,中埔鄉,10010130-022,中崙村,24,12,12,221,131,90,74,32,42,110Y12M
10010,嘉義縣,10010140,竹崎鄉,10010140-001,竹崎村,320,160,160,2010,1014,996,525,250,275,110Y12M
10010,嘉義縣,10010140,竹崎鄉,10010140-002,和平村,298,156,142,1777,948,829,456,207,249,110Y12M
10010,嘉義縣,10010140,竹崎鄉,10010140-003,坑頭村,76,33,43,579,325,254,195,99,96,110Y12M
10010,嘉義縣,10010140,竹崎鄉,10010140-004,沙坑村,46,25,21,633,350,283,201,103,98,110Y12M
10010,嘉義縣,10010140,竹崎鄉,10010140-005,獅埜村,97,43,54,915,523,392,319,155,164,110Y12M
10010,嘉義縣,10010140,竹崎鄉,10010140-006,義和村,40,33,7,466,264,202,147,69,78,110Y12M
10010,嘉義縣,10010140,竹崎鄉,10010140-007,義仁村,76,46,30,778,443,335,269,128,141,110Y12M
10010,嘉義縣,10010140,竹崎鄉,10010140-008,灣橋村,383,204,179,4193,2201,1992,1146,536,610,110Y12M
10010,嘉義縣,10010140,竹崎鄉,10010140-009,鹿滿村,126,75,51,1082,600,482,334,163,171,110Y12M
10010,嘉義縣,10010140,竹崎鄉,10010140-010,紫雲村,161,84,77,1069,574,495,342,165,177,110Y12M
10010,嘉義縣,10010140,竹崎鄉,10010140-011,內埔村,139,77,62,1209,636,573,395,181,214,110Y12M
10010,嘉義縣,10010140,竹崎鄉,10010140-012,昇平村,151,73,78,1361,768,593,417,188,229,110Y12M
10010,嘉義縣,10010140,竹崎鄉,10010140-013,白杞村,53,36,17,446,252,194,176,79,97,110Y12M
10010,嘉義縣,10010140,竹崎鄉,10010140-014,桃源村,96,55,41,750,439,311,278,142,136,110Y12M
10010,嘉義縣,10010140,竹崎鄉,10010140-015,塘興村,71,41,30,638,347,291,218,104,114,110Y12M
10010,嘉義縣,10010140,竹崎鄉,10010140-016,義隆村,66,35,31,501,278,223,134,66,68,110Y12M
10010,嘉義縣,10010140,竹崎鄉,10010140-017,龍山村,176,106,70,1396,760,636,418,199,219,110Y12M
10010,嘉義縣,10010140,竹崎鄉,10010140-018,文■村,49,27,22,467,286,181,171,80,91,110Y12M
10010,嘉義縣,10010140,竹崎鄉,10010140-019,金獅村,23,14,9,291,170,121,123,62,61,110Y12M
10010,嘉義縣,10010140,竹崎鄉,10010140-020,復金村,190,100,90,1376,757,619,502,264,238,110Y12M
10010,嘉義縣,10010140,竹崎鄉,10010140-021,緞繻村,87,39,48,635,378,257,273,124,149,110Y12M
10010,嘉義縣,10010140,竹崎鄉,10010140-022,仁壽村,17,9,8,164,114,50,77,43,34,110Y12M
10010,嘉義縣,10010140,竹崎鄉,10010140-023,中和村,82,49,33,572,333,239,208,100,108,110Y12M
10010,嘉義縣,10010140,竹崎鄉,10010140-024,光華村,44,20,24,494,295,199,197,106,91,110Y12M
10010,嘉義縣,10010150,梅山鄉,10010150-001,梅東村,198,114,84,1619,844,775,622,275,347,110Y12M
10010,嘉義縣,10010150,梅山鄉,10010150-002,梅南村,78,35,43,612,314,298,274,116,158,110Y12M
10010,嘉義縣,10010150,梅山鄉,10010150-003,過山村,24,16,8,374,199,175,166,81,85,110Y12M
10010,嘉義縣,10010150,梅山鄉,10010150-004,梅北村,493,246,247,3415,1788,1627,1070,491,579,110Y12M
10010,嘉義縣,10010150,梅山鄉,10010150-005,圳南村,29,13,16,274,159,115,128,71,57,110Y12M
10010,嘉義縣,10010150,梅山鄉,10010150-006,永興村,46,25,21,342,189,153,157,75,82,110Y12M
10010,嘉義縣,10010150,梅山鄉,10010150-007,半天村,21,10,11,228,121,107,122,56,66,110Y12M
10010,嘉義縣,10010150,梅山鄉,10010150-008,圳北村,54,26,28,395,227,168,178,90,88,110Y12M
10010,嘉義縣,10010150,梅山鄉,10010150-009,大南村,150,79,71,1186,704,482,447,227,220,110Y12M
10010,嘉義縣,10010150,梅山鄉,10010150-010,■溪村,44,24,20,406,244,162,145,70,75,110Y12M
10010,嘉義縣,10010150,梅山鄉,10010150-011,安靖村,45,29,16,588,346,242,242,115,127,110Y12M
10010,嘉義縣,10010150,梅山鄉,10010150-012,太平村,28,13,15,340,199,141,143,82,61,110Y12M
10010,嘉義縣,10010150,梅山鄉,10010150-013,碧湖村,9,4,5,200,119,81,80,36,44,110Y12M
10010,嘉義縣,10010150,梅山鄉,10010150-014,太興村,21,8,13,319,191,128,97,50,47,110Y12M
10010,嘉義縣,10010150,梅山鄉,10010150-015,瑞■村,71,44,27,534,306,228,196,102,94,110Y12M
10010,嘉義縣,10010150,梅山鄉,10010150-016,瑞里村,38,20,18,456,254,202,178,86,92,110Y12M
10010,嘉義縣,10010150,梅山鄉,10010150-017,太和村,68,39,29,715,413,302,243,129,114,110Y12M
10010,嘉義縣,10010150,梅山鄉,10010150-018,龍眼村,19,8,11,275,160,115,122,58,64,110Y12M
10010,嘉義縣,10010160,番路鄉,10010160-001,江西村,72,36,36,929,509,420,263,136,127,110Y12M
10010,嘉義縣,10010160,番路鄉,10010160-002,內甕村,16,13,3,299,166,133,147,73,74,110Y12M
10010,嘉義縣,10010160,番路鄉,10010160-003,新福村,133,67,66,1013,559,454,311,149,162,110Y12M
10010,嘉義縣,10010160,番路鄉,10010160-004,下坑村,165,86,79,1431,731,700,392,176,216,110Y12M
10010,嘉義縣,10010160,番路鄉,10010160-005,番路村,74,41,33,648,356,292,192,91,101,110Y12M
10010,嘉義縣,10010160,番路鄉,10010160-006,民和村,61,34,27,653,364,289,215,109,106,110Y12M
10010,嘉義縣,10010160,番路鄉,10010160-007,觸口村,146,79,67,1001,528,473,269,130,139,110Y12M
10010,嘉義縣,10010160,番路鄉,10010160-008,大湖村,41,18,23,435,276,159,184,97,87,110Y12M
10010,嘉義縣,10010160,番路鄉,10010160-009,公田村,77,41,36,713,388,325,254,136,118,110Y12M
10010,嘉義縣,10010160,番路鄉,10010160-010,公興村,18,10,8,331,218,113,162,85,77,110Y12M
10010,嘉義縣,10010160,番路鄉,10010160-011,草山村,27,19,8,281,155,126,80,41,39,110Y12M
10010,嘉義縣,10010170,大埔鄉,10010170-001,大埔村,156,81,75,1206,599,607,308,143,165,110Y12M
10010,嘉義縣,10010170,大埔鄉,10010170-002,和平村,76,41,35,532,274,258,144,64,80,110Y12M
10010,嘉義縣,10010170,大埔鄉,10010170-003,永樂村,61,33,28,351,187,164,77,45,32,110Y12M
10010,嘉義縣,10010170,大埔鄉,10010170-004,茄苳村,84,47,37,744,389,355,192,87,105,110Y12M
10010,嘉義縣,10010170,大埔鄉,10010170-005,西興村,31,20,11,404,195,209,167,100,67,110Y12M
10010,嘉義縣,10010180,阿里山鄉,10010180-001,中山村,23,7,16,283,167,116,93,41,52,110Y12M
10010,嘉義縣,10010180,阿里山鄉,10010180-002,中正村,9,2,7,125,66,59,51,26,25,110Y12M
10010,嘉義縣,10010180,阿里山鄉,10010180-003,香林村,12,4,8,76,40,36,61,28,33,110Y12M
10010,嘉義縣,10010180,阿里山鄉,10010180-004,十字村,28,18,10,219,129,90,101,54,47,110Y12M
10010,嘉義縣,10010180,阿里山鄉,10010180-005,來吉村,42,18,24,251,129,122,56,24,32,110Y12M
10010,嘉義縣,10010180,阿里山鄉,10010180-006,豐山村,26,16,10,246,150,96,67,38,29,110Y12M
10010,嘉義縣,10010180,阿里山鄉,10010180-007,達邦村,116,59,57,706,374,332,153,62,91,110Y12M
10010,嘉義縣,10010180,阿里山鄉,10010180-008,樂野村,164,85,79,828,408,420,159,82,77,110Y12M
10010,嘉義縣,10010180,阿里山鄉,10010180-009,里佳村,39,19,20,209,120,89,37,22,15,110Y12M
10010,嘉義縣,10010180,阿里山鄉,10010180-010,山美村,88,48,40,436,238,198,68,29,39,110Y12M
10010,嘉義縣,10010180,阿里山鄉,10010180-011,新美村,51,29,22,242,128,114,52,21,31,110Y12M
10010,嘉義縣,10010180,阿里山鄉,10010180-012,茶山村,40,21,19,220,115,105,43,22,21,110Y12M
10013,屏東縣,10013010,屏東市,10013010-001,光榮里,237,132,105,1222,598,624,406,197,209,110Y12M
10013,屏東縣,10013010,屏東市,10013010-004,大同里,185,102,83,1194,607,587,532,250,282,110Y12M
10013,屏東縣,10013010,屏東市,10013010-008,大埔里,169,95,74,1257,661,596,407,178,229,110Y12M
10013,屏東縣,10013010,屏東市,10013010-012,維新里,258,131,127,1987,1038,949,622,274,348,110Y12M
10013,屏東縣,10013010,屏東市,10013010-015,楠樹里,141,70,71,1553,806,747,580,269,311,110Y12M
10013,屏東縣,10013010,屏東市,10013010-018,金泉里,117,62,55,831,438,393,328,148,180,110Y12M
10013,屏東縣,10013010,屏東市,10013010-020,橋南里,170,90,80,1244,658,586,329,151,178,110Y12M
10013,屏東縣,10013010,屏東市,10013010-021,橋北里,103,55,48,777,380,397,270,126,144,110Y12M
10013,屏東縣,10013010,屏東市,10013010-022,長春里,351,179,172,1328,616,712,364,165,199,110Y12M
10013,屏東縣,10013010,屏東市,10013010-023,豐榮里,278,147,131,1904,909,995,638,282,356,110Y12M
10013,屏東縣,10013010,屏東市,10013010-024,豐源里,731,376,355,2689,1289,1400,860,375,485,110Y12M
10013,屏東縣,10013010,屏東市,10013010-025,豐田里,703,355,348,3157,1499,1658,881,413,468,110Y12M
10013,屏東縣,10013010,屏東市,10013010-026,大連里,549,282,267,3378,1575,1803,884,413,471,110Y12M
10013,屏東縣,10013010,屏東市,10013010-027,湖西里,158,75,83,1238,658,580,288,142,146,110Y12M
10013,屏東縣,10013010,屏東市,10013010-028,湖南里,135,72,63,821,427,394,245,126,119,110Y12M
10013,屏東縣,10013010,屏東市,10013010-029,歸心里,96,54,42,914,485,429,218,101,117,110Y12M
10013,屏東縣,10013010,屏東市,10013010-030,瑞光里,987,501,486,5932,2917,3015,1519,700,819,110Y12M
10013,屏東縣,10013010,屏東市,10013010-031,新生里,640,345,295,4628,2357,2271,958,428,530,110Y12M
10013,屏東縣,10013010,屏東市,10013010-032,頂宅里,50,29,21,417,230,187,96,43,53,110Y12M
10013,屏東縣,10013010,屏東市,10013010-033,厚生里,315,152,163,2343,1206,1137,595,254,341,110Y12M
10013,屏東縣,10013010,屏東市,10013010-035,建國里,184,89,95,1374,702,672,371,183,188,110Y12M
10013,屏東縣,10013010,屏東市,10013010-036,一心里,229,129,100,1532,752,780,389,152,237,110Y12M
10013,屏東縣,10013010,屏東市,10013010-038,義勇里,195,115,80,1411,727,684,399,165,234,110Y12M
10013,屏東縣,10013010,屏東市,10013010-040,永安里,724,379,345,4889,2414,2475,1197,524,673,110Y12M
10013,屏東縣,10013010,屏東市,10013010-041,新興里,398,212,186,2112,1114,998,412,193,219,110Y12M
10013,屏東縣,10013010,屏東市,10013010-042,公館里,145,83,62,1166,574,592,348,161,187,110Y12M
10013,屏東縣,10013010,屏東市,10013010-043,龍華里,265,123,142,1782,899,883,495,239,256,110Y12M
10013,屏東縣,10013010,屏東市,10013010-044,玉成里,206,109,97,1217,665,552,324,145,179,110Y12M
10013,屏東縣,10013010,屏東市,10013010-045,頂柳里,104,56,48,899,482,417,223,114,109,110Y12M
10013,屏東縣,10013010,屏東市,10013010-046,大湖里,155,70,85,1518,787,731,323,152,171,110Y12M
10013,屏東縣,10013010,屏東市,10013010-049,安鎮里,230,134,96,1648,849,799,426,184,242,110Y12M
10013,屏東縣,10013010,屏東市,10013010-050,永光里,136,71,65,1109,593,516,374,170,204,110Y12M
10013,屏東縣,10013010,屏東市,10013010-051,大洲里,131,74,57,967,518,449,229,119,110,110Y12M
10013,屏東縣,10013010,屏東市,10013010-053,大武里,1062,548,514,6884,3366,3518,1473,658,815,110Y12M
10013,屏東縣,10013010,屏東市,10013010-054,前進里,371,194,177,2340,1240,1100,604,267,337,110Y12M
10013,屏東縣,10013010,屏東市,10013010-055,清溪里,575,290,285,3659,1812,1847,573,245,328,110Y12M
10013,屏東縣,10013010,屏東市,10013010-056,長安里,333,185,148,2029,1116,913,504,226,278,110Y12M
10013,屏東縣,10013010,屏東市,10013010-059,斯文里,218,117,101,1522,765,757,477,198,279,110Y12M
10013,屏東縣,10013010,屏東市,10013010-060,華山里,696,378,318,4088,1990,2098,1012,433,579,110Y12M
10013,屏東縣,10013010,屏東市,10013010-064,中正里,673,338,335,3719,1826,1893,841,353,488,110Y12M
10013,屏東縣,10013010,屏東市,10013010-065,勝利里,625,310,315,4697,2443,2254,1136,544,592,110Y12M
10013,屏東縣,10013010,屏東市,10013010-066,永城里,234,122,112,1740,859,881,573,246,327,110Y12M
10013,屏東縣,10013010,屏東市,10013010-067,溝美里,312,159,153,1763,888,875,552,247,305,110Y12M
10013,屏東縣,10013010,屏東市,10013010-068,北勢里,303,146,157,1800,890,910,568,255,313,110Y12M
10013,屏東縣,10013010,屏東市,10013010-069,北興里,965,508,457,5305,2535,2770,1078,474,604,110Y12M
10013,屏東縣,10013010,屏東市,10013010-070,仁愛里,278,153,125,1649,802,847,482,202,280,110Y12M
10013,屏東縣,10013010,屏東市,10013010-071,廣興里,404,209,195,2503,1254,1249,544,231,313,110Y12M
10013,屏東縣,10013010,屏東市,10013010-073,崇蘭里,1426,729,697,7120,3483,3637,1139,474,665,110Y12M
10013,屏東縣,10013010,屏東市,10013010-074,空翔里,421,203,218,2984,1456,1528,975,385,590,110Y12M
10013,屏東縣,10013010,屏東市,10013010-075,潭墘里,684,379,305,4432,2225,2207,1075,448,627,110Y12M
10013,屏東縣,10013010,屏東市,10013010-076,三山里,143,67,76,1046,536,510,293,149,144,110Y12M
10013,屏東縣,10013010,屏東市,10013010-077,海豐里,111,58,53,666,349,317,203,105,98,110Y12M
10013,屏東縣,10013010,屏東市,10013010-078,仁義里,126,67,59,874,479,395,244,130,114,110Y12M
10013,屏東縣,10013010,屏東市,10013010-079,和興里,133,68,65,795,413,382,203,102,101,110Y12M
10013,屏東縣,10013010,屏東市,10013010-080,信和里,209,106,103,1245,655,590,345,170,175,110Y12M
10013,屏東縣,10013010,屏東市,10013010-081,崇武里,643,349,294,3244,1598,1646,857,364,493,110Y12M
10013,屏東縣,10013010,屏東市,10013010-082,豐年里　,746,397,349,3965,1924,2041,1116,513,603,110Y12M
10013,屏東縣,10013010,屏東市,10013010-083,崇陽里　,1187,622,565,6518,3053,3465,835,386,449,110Y12M
10013,屏東縣,10013010,屏東市,10013010-084,公園里　,225,117,108,1485,710,775,542,241,301,110Y12M
10013,屏東縣,10013020,潮州鎮,10013020-001,潮州里,33,18,15,367,203,164,131,60,71,110Y12M
10013,屏東縣,10013020,潮州鎮,10013020-002,同榮里,31,18,13,406,201,205,174,81,93,110Y12M
10013,屏東縣,10013020,潮州鎮,10013020-003,新榮里,106,58,48,936,461,475,338,158,180,110Y12M
10013,屏東縣,10013020,潮州鎮,10013020-004,新生里,85,51,34,747,381,366,248,106,142,110Y12M
10013,屏東縣,10013020,潮州鎮,10013020-005,光華里,533,261,272,4074,2040,2034,888,399,489,110Y12M
10013,屏東縣,10013020,潮州鎮,10013020-006,彭城里,83,48,35,693,364,329,197,93,104,110Y12M
10013,屏東縣,10013020,潮州鎮,10013020-007,三星里,824,428,396,4617,2274,2343,1047,467,580,110Y12M
10013,屏東縣,10013020,潮州鎮,10013020-008,三共里,715,383,332,5322,2588,2734,1351,604,747,110Y12M
10013,屏東縣,10013020,潮州鎮,10013020-009,三和里,239,140,99,1762,837,925,429,193,236,110Y12M
10013,屏東縣,10013020,潮州鎮,10013020-010,五魁里,140,67,73,1163,591,572,267,114,153,110Y12M
10013,屏東縣,10013020,潮州鎮,10013020-011,蓬萊里,291,136,155,2020,1010,1010,474,218,256,110Y12M
10013,屏東縣,10013020,潮州鎮,10013020-012,八爺里,283,140,143,2006,1040,966,486,228,258,110Y12M
10013,屏東縣,10013020,潮州鎮,10013020-013,永春里,910,491,419,6181,3061,3120,1205,511,694,110Y12M
10013,屏東縣,10013020,潮州鎮,10013020-014,富春里,134,69,65,909,484,425,311,123,188,110Y12M
10013,屏東縣,10013020,潮州鎮,10013020-015,光春里,168,91,77,1182,596,586,272,117,155,110Y12M
10013,屏東縣,10013020,潮州鎮,10013020-016,興美里,96,45,51,728,388,340,198,99,99,110Y12M
10013,屏東縣,10013020,潮州鎮,10013020-017,檨子里,54,22,32,346,199,147,122,54,68,110Y12M
10013,屏東縣,10013020,潮州鎮,10013020-018,九塊里,161,82,79,1373,743,630,311,152,159,110Y12M
10013,屏東縣,10013020,潮州鎮,10013020-019,泗林里,134,67,67,1275,658,617,384,195,189,110Y12M
10013,屏東縣,10013020,潮州鎮,10013020-020,四春里,148,78,70,1314,703,611,412,187,225,110Y12M
10013,屏東縣,10013020,潮州鎮,10013020-021,崙東里,143,72,71,1221,667,554,348,164,184,110Y12M
10013,屏東縣,10013030,東港鎮,10013030-001,新勝里,186,84,102,1456,732,724,566,251,315,110Y12M
10013,屏東縣,10013030,東港鎮,10013030-003,頂中里,171,98,73,1126,578,548,367,183,184,110Y12M
10013,屏東縣,10013030,東港鎮,10013030-007,朝安里,143,69,74,1249,672,577,391,181,210,110Y12M
10013,屏東縣,10013030,東港鎮,10013030-009,東隆里,120,58,62,1013,551,462,241,112,129,110Y12M
10013,屏東縣,10013030,東港鎮,10013030-010,豐漁里,159,83,76,1039,519,520,319,153,166,110Y12M
10013,屏東縣,10013030,東港鎮,10013030-011,盛漁里,233,141,92,1664,857,807,365,172,193,110Y12M
10013,屏東縣,10013030,東港鎮,10013030-012,興漁里,201,107,94,1289,643,646,261,117,144,110Y12M
10013,屏東縣,10013030,東港鎮,10013030-013,鎮海里,292,154,138,1784,914,870,371,162,209,110Y12M
10013,屏東縣,10013030,東港鎮,10013030-014,嘉蓮里,193,96,97,1150,579,571,301,149,152,110Y12M
10013,屏東縣,10013030,東港鎮,10013030-015,南平里,123,66,57,1256,688,568,353,184,169,110Y12M
10013,屏東縣,10013030,東港鎮,10013030-016,船頭里,303,152,151,2020,1037,983,427,193,234,110Y12M
10013,屏東縣,10013030,東港鎮,10013030-017,下■里,207,104,103,1570,840,730,387,187,200,110Y12M
10013,屏東縣,10013030,東港鎮,10013030-018,大潭里,143,74,69,1179,622,557,374,188,186,110Y12M
10013,屏東縣,10013030,東港鎮,10013030-020,興農里,256,141,115,1200,620,580,182,93,89,110Y12M
10013,屏東縣,10013030,東港鎮,10013030-021,興和里,117,62,55,853,435,418,226,109,117,110Y12M
10013,屏東縣,10013030,東港鎮,10013030-022,共和里,56,25,31,574,314,260,189,70,119,110Y12M
10013,屏東縣,10013030,東港鎮,10013030-023,福德里　,209,107,102,1450,757,693,459,227,232,110Y12M
10013,屏東縣,10013030,東港鎮,10013030-024,東津里　,648,356,292,2665,1253,1412,413,187,226,110Y12M
10013,屏東縣,10013030,東港鎮,10013030-025,內關帝里,359,192,167,1994,995,999,295,134,161,110Y12M
10013,屏東縣,10013030,東港鎮,10013030-026,東新里　,449,236,213,1911,925,986,177,77,100,110Y12M
10013,屏東縣,10013030,東港鎮,10013030-027,新街里　,646,349,297,3275,1600,1675,563,257,306,110Y12M
10013,屏東縣,10013030,東港鎮,10013030-028,東光里　,412,206,206,1409,698,711,289,130,159,110Y12M
10013,屏東縣,10013040,恆春鎮,10013040-001,城南里,128,67,61,716,373,343,198,99,99,110Y12M
10013,屏東縣,10013040,恆春鎮,10013040-002,城北里,352,164,188,1868,907,961,386,173,213,110Y12M
10013,屏東縣,10013040,恆春鎮,10013040-003,城西里,171,91,80,921,463,458,219,96,123,110Y12M
10013,屏東縣,10013040,恆春鎮,10013040-004,山腳里,618,313,305,3606,1792,1814,752,331,421,110Y12M
10013,屏東縣,10013040,恆春鎮,10013040-005,網紗里,483,257,226,2707,1358,1349,579,274,305,110Y12M
10013,屏東縣,10013040,恆春鎮,10013040-006,仁壽里,113,59,54,709,364,345,182,88,94,110Y12M
10013,屏東縣,10013040,恆春鎮,10013040-007,茄湖里,60,35,25,400,228,172,117,58,59,110Y12M
10013,屏東縣,10013040,恆春鎮,10013040-008,頭溝里,47,30,17,350,201,149,136,66,70,110Y12M
10013,屏東縣,10013040,恆春鎮,10013040-009,四溝里,130,64,66,864,482,382,196,106,90,110Y12M
10013,屏東縣,10013040,恆春鎮,10013040-010,德和里,146,77,69,814,416,398,156,68,88,110Y12M
10013,屏東縣,10013040,恆春鎮,10013040-011,龍水里,154,71,83,906,484,422,214,102,112,110Y12M
10013,屏東縣,10013040,恆春鎮,10013040-012,山海里,172,84,88,1300,713,587,324,158,166,110Y12M
10013,屏東縣,10013040,恆春鎮,10013040-013,大光里,343,188,155,1840,1002,838,432,210,222,110Y12M
10013,屏東縣,10013040,恆春鎮,10013040-014,水泉里,150,82,68,1124,626,498,308,149,159,110Y12M
10013,屏東縣,10013040,恆春鎮,10013040-015,南灣里,273,146,127,1559,806,753,225,104,121,110Y12M
10013,屏東縣,10013040,恆春鎮,10013040-016,墾丁里,166,84,82,986,507,479,248,125,123,110Y12M
10013,屏東縣,10013040,恆春鎮,10013040-017,鵝鑾里,120,69,51,933,497,436,188,89,99,110Y12M
10013,屏東縣,10013050,萬丹鄉,10013050-001,萬安村,60,23,37,453,252,201,138,61,77,110Y12M
10013,屏東縣,10013050,萬丹鄉,10013050-002,萬惠村,123,63,60,689,362,327,168,74,94,110Y12M
10013,屏東縣,10013050,萬丹鄉,10013050-003,萬全村,406,210,196,2649,1345,1304,767,359,408,110Y12M
10013,屏東縣,10013050,萬丹鄉,10013050-004,萬後村,120,57,63,643,330,313,112,53,59,110Y12M
10013,屏東縣,10013050,萬丹鄉,10013050-005,萬生村,160,87,73,1148,593,555,307,138,169,110Y12M
10013,屏東縣,10013050,萬丹鄉,10013050-006,寶厝村,278,137,141,1819,945,874,468,220,248,110Y12M
10013,屏東縣,10013050,萬丹鄉,10013050-007,四維村,298,133,165,1730,928,802,388,177,211,110Y12M
10013,屏東縣,10013050,萬丹鄉,10013050-008,竹林村,173,105,68,1346,734,612,362,169,193,110Y12M
10013,屏東縣,10013050,萬丹鄉,10013050-009,廣安村,277,151,126,1894,1002,892,462,215,247,110Y12M
10013,屏東縣,10013050,萬丹鄉,10013050-010,田厝村,123,63,60,838,440,398,193,79,114,110Y12M
10013,屏東縣,10013050,萬丹鄉,10013050-011,崙頂村,234,121,113,1546,833,713,337,165,172,110Y12M
10013,屏東縣,10013050,萬丹鄉,10013050-012,■北村,165,86,79,1293,686,607,329,157,172,110Y12M
10013,屏東縣,10013050,萬丹鄉,10013050-013,■南村,165,85,80,1162,631,531,290,136,154,110Y12M
10013,屏東縣,10013050,萬丹鄉,10013050-014,上村村,116,67,49,696,345,351,158,76,82,110Y12M
10013,屏東縣,10013050,萬丹鄉,10013050-015,加興村,141,73,68,1030,547,483,240,122,118,110Y12M
10013,屏東縣,10013050,萬丹鄉,10013050-016,社口村,186,106,80,1228,635,593,278,143,135,110Y12M
10013,屏東縣,10013050,萬丹鄉,10013050-017,磚寮村,111,51,60,751,390,361,203,102,101,110Y12M
10013,屏東縣,10013050,萬丹鄉,10013050-018,社皮村,241,127,114,1660,888,772,373,186,187,110Y12M
10013,屏東縣,10013050,萬丹鄉,10013050-019,社上村,150,83,67,1401,768,633,298,129,169,110Y12M
10013,屏東縣,10013050,萬丹鄉,10013050-020,社中村,222,122,100,1440,790,650,315,157,158,110Y12M
10013,屏東縣,10013050,萬丹鄉,10013050-021,水泉村,216,110,106,1414,741,673,334,165,169,110Y12M
10013,屏東縣,10013050,萬丹鄉,10013050-022,新庄村,249,123,126,1657,866,791,477,226,251,110Y12M
10013,屏東縣,10013050,萬丹鄉,10013050-023,香社村,166,87,79,1209,643,566,331,165,166,110Y12M
10013,屏東縣,10013050,萬丹鄉,10013050-024,後村村,99,53,46,807,438,369,209,104,105,110Y12M
10013,屏東縣,10013050,萬丹鄉,10013050-025,新鐘村,226,120,106,1658,867,791,427,202,225,110Y12M
10013,屏東縣,10013050,萬丹鄉,10013050-026,灣內村,216,110,106,1088,588,500,282,143,139,110Y12M
10013,屏東縣,10013050,萬丹鄉,10013050-027,興全村,114,57,57,909,494,415,263,127,136,110Y12M
10013,屏東縣,10013050,萬丹鄉,10013050-028,興安村,90,49,41,637,317,320,207,99,108,110Y12M
10013,屏東縣,10013050,萬丹鄉,10013050-029,水仙村,84,38,46,425,214,211,131,68,63,110Y12M
10013,屏東縣,10013050,萬丹鄉,10013050-030,甘棠村,28,21,7,306,168,138,86,41,45,110Y12M
10013,屏東縣,10013060,長治鄉,10013060-001,進興村,247,127,120,2216,1167,1049,529,245,284,110Y12M
10013,屏東縣,10013060,長治鄉,10013060-002,新潭村,326,161,165,3061,1609,1452,682,310,372,110Y12M
10013,屏東縣,10013060,長治鄉,10013060-003,潭頭村,224,110,114,1605,827,778,392,197,195,110Y12M
10013,屏東縣,10013060,長治鄉,10013060-004,香楊村,272,129,143,2263,1089,1174,491,245,246,110Y12M
10013,屏東縣,10013060,長治鄉,10013060-005,長興村,77,40,37,864,458,406,242,119,123,110Y12M
10013,屏東縣,10013060,長治鄉,10013060-006,德成村,62,38,24,676,369,307,235,113,122,110Y12M
10013,屏東縣,10013060,長治鄉,10013060-007,德協村,57,30,27,806,421,385,265,128,137,110Y12M
10013,屏東縣,10013060,長治鄉,10013060-008,復興村,113,52,61,1146,613,533,350,167,183,110Y12M
10013,屏東縣,10013060,長治鄉,10013060-009,崙上村,110,54,56,1333,738,595,371,182,189,110Y12M
10013,屏東縣,10013060,長治鄉,10013060-010,德榮村,65,35,30,928,505,423,240,117,123,110Y12M
10013,屏東縣,10013060,長治鄉,10013060-011,德和村,71,41,30,619,331,288,128,57,71,110Y12M
10013,屏東縣,10013060,長治鄉,10013060-012,繁華村,246,128,118,1862,1020,842,528,260,268,110Y12M
10013,屏東縣,10013060,長治鄉,10013060-013,繁昌村,195,113,82,1382,729,653,369,190,179,110Y12M
10013,屏東縣,10013060,長治鄉,10013060-014,繁榮村,156,86,70,1127,614,513,312,159,153,110Y12M
10013,屏東縣,10013060,長治鄉,10013060-015,繁隆村,94,48,46,885,464,421,269,132,137,110Y12M
10013,屏東縣,10013060,長治鄉,10013060-016,榮華村,97,45,52,610,309,301,139,54,85,110Y12M
10013,屏東縣,10013070,麟洛鄉,10013070-001,新田村,153,78,75,1699,867,832,453,221,232,110Y12M
10013,屏東縣,10013070,麟洛鄉,10013070-002,麟頂村,62,39,23,731,377,354,219,104,115,110Y12M
10013,屏東縣,10013070,麟洛鄉,10013070-003,麟蹄村,116,55,61,1109,591,518,395,193,202,110Y12M
10013,屏東縣,10013070,麟洛鄉,10013070-004,麟趾村,256,141,115,1912,1013,899,642,291,351,110Y12M
10013,屏東縣,10013070,麟洛鄉,10013070-005,田中村,89,48,41,893,463,430,291,143,148,110Y12M
10013,屏東縣,10013070,麟洛鄉,10013070-006,田心村,53,28,25,618,323,295,234,123,111,110Y12M
10013,屏東縣,10013070,麟洛鄉,10013070-007,田道村,28,13,15,473,262,211,203,104,99,110Y12M
10013,屏東縣,10013080,九如鄉,10013080-001,九清村,149,78,71,1117,582,535,349,166,183,110Y12M
10013,屏東縣,10013080,九如鄉,10013080-002,九塊村,168,85,83,1137,571,566,270,124,146,110Y12M
10013,屏東縣,10013080,九如鄉,10013080-003,九明村,220,120,100,1409,752,657,314,148,166,110Y12M
10013,屏東縣,10013080,九如鄉,10013080-004,玉水村,121,59,62,966,517,449,303,142,161,110Y12M
10013,屏東縣,10013080,九如鄉,10013080-005,大坵村,127,69,58,943,490,453,237,119,118,110Y12M
10013,屏東縣,10013080,九如鄉,10013080-006,三塊村,194,99,95,1339,703,636,259,119,140,110Y12M
10013,屏東縣,10013080,九如鄉,10013080-007,後庄村,222,115,107,1379,713,666,398,202,196,110Y12M
10013,屏東縣,10013080,九如鄉,10013080-008,耆老村,89,54,35,1010,554,456,298,154,144,110Y12M
10013,屏東縣,10013080,九如鄉,10013080-009,洽興村,137,66,71,1207,637,570,321,160,161,110Y12M
10013,屏東縣,10013080,九如鄉,10013080-010,東寧村,498,258,240,3918,1961,1957,851,396,455,110Y12M
10013,屏東縣,10013080,九如鄉,10013080-011,玉泉村,167,100,67,1312,680,632,305,140,165,110Y12M
10013,屏東縣,10013090,里港鄉,10013090-001,玉田村,593,310,283,2825,1403,1422,519,243,276,110Y12M
10013,屏東縣,10013090,里港鄉,10013090-002,大平村,107,58,49,830,437,393,298,142,156,110Y12M
10013,屏東縣,10013090,里港鄉,10013090-003,永春村,121,67,54,655,351,304,207,90,117,110Y12M
10013,屏東縣,10013090,里港鄉,10013090-004,春林村,194,99,95,1055,517,538,317,146,171,110Y12M
10013,屏東縣,10013090,里港鄉,10013090-005,過江村,291,147,144,1708,867,841,366,165,201,110Y12M
10013,屏東縣,10013090,里港鄉,10013090-006,鐵店村,203,109,94,1175,592,583,300,139,161,110Y12M
10013,屏東縣,10013090,里港鄉,10013090-007,塔樓村,210,118,92,1199,628,571,347,166,181,110Y12M
10013,屏東縣,10013090,里港鄉,10013090-008,潮厝村,261,131,130,1294,676,618,293,141,152,110Y12M
10013,屏東縣,10013090,里港鄉,10013090-009,茄苳村,172,101,71,1151,612,539,389,190,199,110Y12M
10013,屏東縣,10013090,里港鄉,10013090-010,載興村,283,147,136,1814,906,908,538,267,271,110Y12M
10013,屏東縣,10013090,里港鄉,10013090-011,土庫村,175,92,83,1597,848,749,431,201,230,110Y12M
10013,屏東縣,10013090,里港鄉,10013090-012,三■村,221,106,115,1453,747,706,421,204,217,110Y12M
10013,屏東縣,10013090,里港鄉,10013090-013,中和村,138,75,63,772,403,369,204,102,102,110Y12M
10013,屏東縣,10013090,里港鄉,10013090-014,瀰力村,46,20,26,413,238,175,110,50,60,110Y12M
10013,屏東縣,10013100,鹽埔鄉,10013100-001,新圍村,291,145,146,2510,1309,1201,646,303,343,110Y12M
10013,屏東縣,10013100,鹽埔鄉,10013100-002,高朗村,280,163,117,2222,1196,1026,605,279,326,110Y12M
10013,屏東縣,10013100,鹽埔鄉,10013100-003,鹽北村,192,84,108,1456,764,692,368,177,191,110Y12M
10013,屏東縣,10013100,鹽埔鄉,10013100-004,鹽中村,234,131,103,1898,982,916,502,228,274,110Y12M
10013,屏東縣,10013100,鹽埔鄉,10013100-005,鹽南村,195,108,87,1363,711,652,358,184,174,110Y12M
10013,屏東縣,10013100,鹽埔鄉,10013100-006,仕絨村,129,67,62,827,445,382,208,97,111,110Y12M
10013,屏東縣,10013100,鹽埔鄉,10013100-007,振興村,143,77,66,1402,775,627,438,217,221,110Y12M
10013,屏東縣,10013100,鹽埔鄉,10013100-008,永隆村,42,22,20,425,227,198,121,53,68,110Y12M
10013,屏東縣,10013100,鹽埔鄉,10013100-009,久愛村,59,30,29,717,394,323,197,103,94,110Y12M
10013,屏東縣,10013100,鹽埔鄉,10013100-010,洛陽村,135,83,52,1295,699,596,337,150,187,110Y12M
10013,屏東縣,10013100,鹽埔鄉,10013100-011,新二村,394,209,185,2896,1486,1410,639,298,341,110Y12M
10013,屏東縣,10013100,鹽埔鄉,10013100-012,彭厝村,91,41,50,742,416,326,229,104,125,110Y12M
10013,屏東縣,10013110,高樹鄉,10013110-001,高樹村,215,118,97,1544,841,703,614,307,307,110Y12M
10013,屏東縣,10013110,高樹鄉,10013110-002,長榮村,98,44,54,880,466,414,384,184,200,110Y12M
10013,屏東縣,10013110,高樹鄉,10013110-003,東興村,45,23,22,503,275,228,240,113,127,110Y12M
10013,屏東縣,10013110,高樹鄉,10013110-004,東振村,40,20,20,377,204,173,196,99,97,110Y12M
10013,屏東縣,10013110,高樹鄉,10013110-005,源泉村,118,58,60,756,395,361,247,120,127,110Y12M
10013,屏東縣,10013110,高樹鄉,10013110-006,建興村,104,57,47,862,513,349,306,149,157,110Y12M
10013,屏東縣,10013110,高樹鄉,10013110-007,大埔村,41,30,11,408,240,168,189,100,89,110Y12M
10013,屏東縣,10013110,高樹鄉,10013110-008,菜寮村,32,15,17,500,287,213,253,126,127,110Y12M
10013,屏東縣,10013110,高樹鄉,10013110-009,司馬村,44,16,28,441,247,194,190,104,86,110Y12M
10013,屏東縣,10013110,高樹鄉,10013110-010,舊寮村,67,36,31,852,462,390,361,183,178,110Y12M
10013,屏東縣,10013110,高樹鄉,10013110-011,新豐村,134,72,62,1019,535,484,403,187,216,110Y12M
10013,屏東縣,10013110,高樹鄉,10013110-012,泰山村,182,101,81,1374,759,615,509,249,260,110Y12M
10013,屏東縣,10013110,高樹鄉,10013110-013,南華村,87,48,39,973,503,470,292,153,139,110Y12M
10013,屏東縣,10013110,高樹鄉,10013110-014,廣福村,80,42,38,769,430,339,290,144,146,110Y12M
10013,屏東縣,10013110,高樹鄉,10013110-015,廣興村,99,44,55,894,502,392,218,108,110,110Y12M
10013,屏東縣,10013110,高樹鄉,10013110-016,舊庄村,98,60,38,775,430,345,245,107,138,110Y12M
10013,屏東縣,10013110,高樹鄉,10013110-017,田子村,100,49,51,817,436,381,273,121,152,110Y12M
10013,屏東縣,10013110,高樹鄉,10013110-018,鹽樹村,87,47,40,815,445,370,366,184,182,110Y12M
10013,屏東縣,10013110,高樹鄉,10013110-019,新南村,124,76,48,1149,605,544,360,168,192,110Y12M
10013,屏東縣,10013120,萬巒鄉,10013120-001,萬巒村,128,58,70,852,445,407,356,168,188,110Y12M
10013,屏東縣,10013120,萬巒鄉,10013120-002,萬全村,76,40,36,524,276,248,196,98,98,110Y12M
10013,屏東縣,10013120,萬巒鄉,10013120-003,萬和村,216,113,103,1319,666,653,393,187,206,110Y12M
10013,屏東縣,10013120,萬巒鄉,10013120-004,鹿寮村,96,52,44,658,348,310,248,121,127,110Y12M
10013,屏東縣,10013120,萬巒鄉,10013120-005,硫黃村,52,23,29,395,212,183,143,73,70,110Y12M
10013,屏東縣,10013120,萬巒鄉,10013120-006,泗溝村,85,39,46,746,416,330,354,172,182,110Y12M
10013,屏東縣,10013120,萬巒鄉,10013120-007,五溝村,113,67,46,697,388,309,321,158,163,110Y12M
10013,屏東縣,10013120,萬巒鄉,10013120-008,成德村,146,82,64,1043,604,439,395,180,215,110Y12M
10013,屏東縣,10013120,萬巒鄉,10013120-009,萬金村,211,105,106,1649,897,752,369,172,197,110Y12M
10013,屏東縣,10013120,萬巒鄉,10013120-010,赤山村,201,104,97,1368,729,639,325,168,157,110Y12M
10013,屏東縣,10013120,萬巒鄉,10013120-011,佳佐村,196,110,86,1351,697,654,370,166,204,110Y12M
10013,屏東縣,10013120,萬巒鄉,10013120-012,佳和村,143,75,68,1073,573,500,333,144,189,110Y12M
10013,屏東縣,10013120,萬巒鄉,10013120-013,新厝村,187,97,90,1046,548,498,231,105,126,110Y12M
10013,屏東縣,10013120,萬巒鄉,10013120-014,新置村,118,60,58,937,491,446,255,125,130,110Y12M
10013,屏東縣,10013130,內埔鄉,10013130-001,內埔村,364,199,165,3232,1658,1574,858,391,467,110Y12M
10013,屏東縣,10013130,內埔鄉,10013130-002,內田村,293,137,156,2493,1239,1254,733,337,396,110Y12M
10013,屏東縣,10013130,內埔鄉,10013130-003,興南村,105,52,53,922,505,417,373,192,181,110Y12M
10013,屏東縣,10013130,內埔鄉,10013130-004,義亭村,46,22,24,424,224,200,148,68,80,110Y12M
10013,屏東縣,10013130,內埔鄉,10013130-005,美和村,168,98,70,1742,913,829,523,255,268,110Y12M
10013,屏東縣,10013130,內埔鄉,10013130-006,和興村,283,157,126,2402,1167,1235,513,232,281,110Y12M
10013,屏東縣,10013130,內埔鄉,10013130-007,東寧村,375,193,182,3462,1743,1719,1027,479,548,110Y12M
10013,屏東縣,10013130,內埔鄉,10013130-008,豐田村,298,126,172,2567,1359,1208,611,276,335,110Y12M
10013,屏東縣,10013130,內埔鄉,10013130-009,振豐村,148,77,71,1210,663,547,410,208,202,110Y12M
10013,屏東縣,10013130,內埔鄉,10013130-010,富田村,125,73,52,1380,779,601,513,252,261,110Y12M
10013,屏東縣,10013130,內埔鄉,10013130-011,竹圍村,175,89,86,1532,817,715,354,191,163,110Y12M
10013,屏東縣,10013130,內埔鄉,10013130-012,東勢村,231,113,118,2214,1209,1005,708,343,365,110Y12M
10013,屏東縣,10013130,內埔鄉,10013130-013,東片村,61,29,32,663,347,316,266,134,132,110Y12M
10013,屏東縣,10013130,內埔鄉,10013130-014,上樹村,87,48,39,804,435,369,291,137,154,110Y12M
10013,屏東縣,10013130,內埔鄉,10013130-015,老埤村,176,98,78,1909,1011,898,433,224,209,110Y12M
10013,屏東縣,10013130,內埔鄉,10013130-016,中林村,164,88,76,1254,665,589,309,155,154,110Y12M
10013,屏東縣,10013130,內埔鄉,10013130-017,龍泉村,238,117,121,1973,1048,925,498,231,267,110Y12M
10013,屏東縣,10013130,內埔鄉,10013130-018,龍潭村,243,123,120,1987,1054,933,455,161,294,110Y12M
10013,屏東縣,10013130,內埔鄉,10013130-019,建興村,52,24,28,592,328,264,214,132,82,110Y12M
10013,屏東縣,10013130,內埔鄉,10013130-020,大新村,137,73,64,1337,739,598,402,171,231,110Y12M
10013,屏東縣,10013130,內埔鄉,10013130-021,黎明村,276,136,140,1983,1049,934,460,221,239,110Y12M
10013,屏東縣,10013130,內埔鄉,10013130-022,隘寮村,138,73,65,1042,556,486,258,120,138,110Y12M
10013,屏東縣,10013130,內埔鄉,10013130-023,水門村,70,36,34,616,318,298,194,82,112,110Y12M
10013,屏東縣,10013140,竹田鄉,10013140-001,竹田村,100,46,54,1119,628,491,371,173,198,110Y12M
10013,屏東縣,10013140,竹田鄉,10013140-002,竹南村,45,23,22,640,328,312,252,121,131,110Y12M
10013,屏東縣,10013140,竹田鄉,10013140-003,糶糴村,58,20,38,504,280,224,195,95,100,110Y12M
10013,屏東縣,10013140,竹田鄉,10013140-004,履豐村,57,30,27,435,238,197,161,85,76,110Y12M
10013,屏東縣,10013140,竹田鄉,10013140-005,頭崙村,92,51,41,965,545,420,352,183,169,110Y12M
10013,屏東縣,10013140,竹田鄉,10013140-006,二崙村,82,44,38,691,365,326,285,131,154,110Y12M
10013,屏東縣,10013140,竹田鄉,10013140-007,美崙村,36,19,17,482,264,218,160,80,80,110Y12M
10013,屏東縣,10013140,竹田鄉,10013140-008,南勢村,34,15,19,343,185,158,115,51,64,110Y12M
10013,屏東縣,10013140,竹田鄉,10013140-009,西勢村,198,104,94,1790,967,823,638,315,323,110Y12M
10013,屏東縣,10013140,竹田鄉,10013140-010,福田村,41,25,16,350,184,166,123,65,58,110Y12M
10013,屏東縣,10013140,竹田鄉,10013140-011,永豐村,57,30,27,703,436,267,179,96,83,110Y12M
10013,屏東縣,10013140,竹田鄉,10013140-012,六巷村,58,30,28,636,351,285,165,71,94,110Y12M
10013,屏東縣,10013140,竹田鄉,10013140-013,泗洲村,77,44,33,899,488,411,214,98,116,110Y12M
10013,屏東縣,10013140,竹田鄉,10013140-014,大湖村,94,50,44,912,498,414,300,140,160,110Y12M
10013,屏東縣,10013140,竹田鄉,10013140-015,鳳明村,102,48,54,952,488,464,256,129,127,110Y12M
10013,屏東縣,10013150,新埤鄉,10013150-001,新埤村,128,71,57,1478,773,705,523,250,273,110Y12M
10013,屏東縣,10013150,新埤鄉,10013150-002,建功村,47,26,21,700,390,310,339,165,174,110Y12M
10013,屏東縣,10013150,新埤鄉,10013150-003,打鐵村,53,32,21,572,319,253,319,147,172,110Y12M
10013,屏東縣,10013150,新埤鄉,10013150-004,南豐村,47,20,27,552,315,237,195,104,91,110Y12M
10013,屏東縣,10013150,新埤鄉,10013150-005,萬隆村,148,79,69,1389,770,619,356,163,193,110Y12M
10013,屏東縣,10013150,新埤鄉,10013150-006,箕湖村,94,51,43,892,487,405,215,119,96,110Y12M
10013,屏東縣,10013150,新埤鄉,10013150-007,餉潭村,110,54,56,1007,548,459,287,143,144,110Y12M
10013,屏東縣,10013160,枋寮鄉,10013160-001,枋寮村,103,59,44,901,486,415,321,154,167,110Y12M
10013,屏東縣,10013160,枋寮鄉,10013160-002,新龍村,97,47,50,708,359,349,175,81,94,110Y12M
10013,屏東縣,10013160,枋寮鄉,10013160-003,保生村,80,42,38,725,398,327,219,106,113,110Y12M
10013,屏東縣,10013160,枋寮鄉,10013160-004,中寮村,48,24,24,460,251,209,132,65,67,110Y12M
10013,屏東縣,10013160,枋寮鄉,10013160-005,安樂村,167,90,77,1194,671,523,424,211,213,110Y12M
10013,屏東縣,10013160,枋寮鄉,10013160-006,隆山村,442,226,216,3378,1765,1613,897,413,484,110Y12M
10013,屏東縣,10013160,枋寮鄉,10013160-007,天時村,158,87,71,1416,750,666,507,244,263,110Y12M
10013,屏東縣,10013160,枋寮鄉,10013160-008,地利村,98,53,45,1034,533,501,410,195,215,110Y12M
10013,屏東縣,10013160,枋寮鄉,10013160-009,人和村,196,103,93,1550,822,728,538,249,289,110Y12M
10013,屏東縣,10013160,枋寮鄉,10013160-010,內寮村,49,27,22,525,316,209,181,96,85,110Y12M
10013,屏東縣,10013160,枋寮鄉,10013160-011,新開村,79,45,34,691,389,302,197,88,109,110Y12M
10013,屏東縣,10013160,枋寮鄉,10013160-012,太源村,79,44,35,729,420,309,211,100,111,110Y12M
10013,屏東縣,10013160,枋寮鄉,10013160-013,玉泉村,48,24,24,318,173,145,99,47,52,110Y12M
10013,屏東縣,10013160,枋寮鄉,10013160-014,東海村,240,117,123,2072,1110,962,682,317,365,110Y12M
10013,屏東縣,10013160,枋寮鄉,10013160-015,大庄村,54,25,29,485,241,244,129,62,67,110Y12M
10013,屏東縣,10013170,新園鄉,10013170-001,瓦■村,174,76,98,1342,728,614,352,160,192,110Y12M
10013,屏東縣,10013170,新園鄉,10013170-002,仙吉村,272,153,119,2024,1097,927,530,244,286,110Y12M
10013,屏東縣,10013170,新園鄉,10013170-003,田洋村,226,126,100,1763,928,835,483,233,250,110Y12M
10013,屏東縣,10013170,新園鄉,10013170-004,港墘村,82,38,44,683,375,308,167,83,84,110Y12M
10013,屏東縣,10013170,新園鄉,10013170-005,內庄村,72,39,33,646,336,310,194,94,100,110Y12M
10013,屏東縣,10013170,新園鄉,10013170-006,新東村,208,111,97,1805,958,847,541,253,288,110Y12M
10013,屏東縣,10013170,新園鄉,10013170-007,新園村,234,117,117,1817,942,875,450,215,235,110Y12M
10013,屏東縣,10013170,新園鄉,10013170-008,烏龍村,114,69,45,945,495,450,290,126,164,110Y12M
10013,屏東縣,10013170,新園鄉,10013170-009,興龍村,136,72,64,1687,884,803,454,211,243,110Y12M
10013,屏東縣,10013170,新園鄉,10013170-010,中洲村,119,67,52,1240,655,585,352,151,201,110Y12M
10013,屏東縣,10013170,新園鄉,10013170-011,南龍村,79,40,39,1112,595,517,299,146,153,110Y12M
10013,屏東縣,10013170,新園鄉,10013170-012,港西村,154,75,79,1599,884,715,493,236,257,110Y12M
10013,屏東縣,10013170,新園鄉,10013170-013,五房村,193,105,88,2258,1238,1020,566,245,321,110Y12M
10013,屏東縣,10013170,新園鄉,10013170-014,鹽埔村,339,190,149,3674,1947,1727,785,361,424,110Y12M
10013,屏東縣,10013170,新園鄉,10013170-015,共和村,157,72,85,1915,1006,909,422,188,234,110Y12M
10013,屏東縣,10013180,崁頂鄉,10013180-001,崁頂村,703,343,360,1827,931,896,513,236,277,110Y12M
10013,屏東縣,10013180,崁頂鄉,10013180-002,園寮村,492,249,243,1676,847,829,411,186,225,110Y12M
10013,屏東縣,10013180,崁頂鄉,10013180-003,圍內村,313,154,159,977,509,468,267,120,147,110Y12M
10013,屏東縣,10013180,崁頂鄉,10013180-004,力社村,313,160,153,1042,522,520,276,131,145,110Y12M
10013,屏東縣,10013180,崁頂鄉,10013180-005,洲子村,183,94,89,857,444,413,224,103,121,110Y12M
10013,屏東縣,10013180,崁頂鄉,10013180-006,北勢村,314,154,160,1130,582,548,360,168,192,110Y12M
10013,屏東縣,10013180,崁頂鄉,10013180-007,越溪村,199,107,92,776,389,387,175,89,86,110Y12M
10013,屏東縣,10013180,崁頂鄉,10013180-008,港東村,339,168,171,1487,775,712,418,221,197,110Y12M
10013,屏東縣,10013190,林邊鄉,10013190-001,林邊村,148,72,76,1062,552,510,369,159,210,110Y12M
10013,屏東縣,10013190,林邊鄉,10013190-002,光林村,151,73,78,1142,604,538,409,190,219,110Y12M
10013,屏東縣,10013190,林邊鄉,10013190-003,仁和村,153,81,72,1256,645,611,397,180,217,110Y12M
10013,屏東縣,10013190,林邊鄉,10013190-004,中林村,68,32,36,462,246,216,219,99,120,110Y12M
10013,屏東縣,10013190,林邊鄉,10013190-005,永樂村,306,161,145,2356,1204,1152,844,397,447,110Y12M
10013,屏東縣,10013190,林邊鄉,10013190-006,水利村,199,104,95,1405,745,660,415,212,203,110Y12M
10013,屏東縣,10013190,林邊鄉,10013190-007,崎■村,112,56,56,945,513,432,299,141,158,110Y12M
10013,屏東縣,10013190,林邊鄉,10013190-008,田厝村,129,65,64,720,359,361,208,94,114,110Y12M
10013,屏東縣,10013190,林邊鄉,10013190-009,竹林村,156,70,86,1398,744,654,507,243,264,110Y12M
10013,屏東縣,10013190,林邊鄉,10013190-010,鎮安村,89,53,36,807,445,362,292,134,158,110Y12M
10013,屏東縣,10013200,南州鄉,10013200-001,溪洲村,159,84,75,1266,673,593,417,194,223,110Y12M
10013,屏東縣,10013200,南州鄉,10013200-002,溪南村,65,37,28,671,360,311,244,108,136,110Y12M
10013,屏東縣,10013200,南州鄉,10013200-003,仁里村,37,18,19,340,175,165,139,59,80,110Y12M
10013,屏東縣,10013200,南州鄉,10013200-004,溪北村,39,23,16,505,265,240,187,85,102,110Y12M
10013,屏東縣,10013200,南州鄉,10013200-005,七塊村,69,37,32,767,403,364,263,124,139,110Y12M
10013,屏東縣,10013200,南州鄉,10013200-006,萬華村,68,34,34,743,391,352,249,125,124,110Y12M
10013,屏東縣,10013200,南州鄉,10013200-007,米崙村,74,43,31,770,416,354,263,128,135,110Y12M
10013,屏東縣,10013200,南州鄉,10013200-008,壽元村,94,43,51,775,407,368,304,138,166,110Y12M
10013,屏東縣,10013200,南州鄉,10013200-009,同安村,71,38,33,740,376,364,253,116,137,110Y12M
10013,屏東縣,10013200,南州鄉,10013200-010,南安村,36,18,18,374,198,176,151,68,83,110Y12M
10013,屏東縣,10013210,佳冬鄉,10013210-001,佳冬村,136,70,66,1096,583,513,426,204,222,110Y12M
10013,屏東縣,10013210,佳冬鄉,10013210-002,六根村,75,40,35,948,509,439,384,182,202,110Y12M
10013,屏東縣,10013210,佳冬鄉,10013210-003,賴家村,42,24,18,507,277,230,243,121,122,110Y12M
10013,屏東縣,10013210,佳冬鄉,10013210-004,萬建村,162,88,74,1380,722,658,449,209,240,110Y12M
10013,屏東縣,10013210,佳冬鄉,10013210-005,石光村,166,93,73,1483,799,684,449,212,237,110Y12M
10013,屏東縣,10013210,佳冬鄉,10013210-006,玉光村,200,100,100,1562,838,724,567,271,296,110Y12M
10013,屏東縣,10013210,佳冬鄉,10013210-007,昌隆村,63,37,26,625,334,291,324,152,172,110Y12M
10013,屏東縣,10013210,佳冬鄉,10013210-008,豐隆村,34,18,16,483,250,233,204,102,102,110Y12M
10013,屏東縣,10013210,佳冬鄉,10013210-009,大同村,62,31,31,855,473,382,311,143,168,110Y12M
10013,屏東縣,10013210,佳冬鄉,10013210-010,羌園村,120,63,57,857,439,418,244,121,123,110Y12M
10013,屏東縣,10013210,佳冬鄉,10013210-011,燄溫村,102,61,41,886,453,433,216,102,114,110Y12M
10013,屏東縣,10013210,佳冬鄉,10013210-012,塭豐村,234,116,118,2023,1034,989,403,202,201,110Y12M
10013,屏東縣,10013220,琉球鄉,10013220-001,本福村,208,97,111,1706,920,786,444,220,224,110Y12M
10013,屏東縣,10013220,琉球鄉,10013220-002,中福村,96,42,54,1020,585,435,264,131,133,110Y12M
10013,屏東縣,10013220,琉球鄉,10013220-003,漁福村,102,59,43,790,447,343,215,107,108,110Y12M
10013,屏東縣,10013220,琉球鄉,10013220-004,大福村,188,110,78,1368,767,601,316,138,178,110Y12M
10013,屏東縣,10013220,琉球鄉,10013220-005,南福村,108,54,54,923,518,405,243,126,117,110Y12M
10013,屏東縣,10013220,琉球鄉,10013220-006,天福村,119,55,64,909,521,388,230,117,113,110Y12M
10013,屏東縣,10013220,琉球鄉,10013220-007,上福村,203,102,101,1369,804,565,311,147,164,110Y12M
10013,屏東縣,10013220,琉球鄉,10013220-008,杉福村,90,51,39,692,407,285,190,79,111,110Y12M
10013,屏東縣,10013230,車城鄉,10013230-001,福興村,148,72,76,1034,549,485,341,155,186,110Y12M
10013,屏東縣,10013230,車城鄉,10013230-002,福安村,49,23,26,434,234,200,125,60,65,110Y12M
10013,屏東縣,10013230,車城鄉,10013230-003,田中村,59,27,32,472,263,209,159,80,79,110Y12M
10013,屏東縣,10013230,車城鄉,10013230-004,海口村,51,24,27,552,311,241,183,87,96,110Y12M
10013,屏東縣,10013230,車城鄉,10013230-005,統埔村,27,10,17,284,167,117,91,47,44,110Y12M
10013,屏東縣,10013230,車城鄉,10013230-006,溫泉村,79,37,42,626,358,268,240,113,127,110Y12M
10013,屏東縣,10013230,車城鄉,10013230-007,保力村,92,51,41,900,520,380,323,143,180,110Y12M
10013,屏東縣,10013230,車城鄉,10013230-008,新街村,32,15,17,332,165,167,95,49,46,110Y12M
10013,屏東縣,10013230,車城鄉,10013230-009,埔墘村,28,17,11,324,196,128,98,44,54,110Y12M
10013,屏東縣,10013230,車城鄉,10013230-010,射寮村,59,31,28,393,216,177,131,66,65,110Y12M
10013,屏東縣,10013230,車城鄉,10013230-011,後灣村,27,13,14,296,170,126,97,41,56,110Y12M
10013,屏東縣,10013240,滿州鄉,10013240-001,滿州村,116,64,52,1154,661,493,324,149,175,110Y12M
10013,屏東縣,10013240,滿州鄉,10013240-002,里德村,26,13,13,301,153,148,88,44,44,110Y12M
10013,屏東縣,10013240,滿州鄉,10013240-003,永靖村,70,41,29,926,544,382,322,168,154,110Y12M
10013,屏東縣,10013240,滿州鄉,10013240-004,港口村,60,24,36,960,529,431,297,142,155,110Y12M
10013,屏東縣,10013240,滿州鄉,10013240-005,■林村,47,25,22,451,247,204,105,53,52,110Y12M
10013,屏東縣,10013240,滿州鄉,10013240-006,長樂村,115,56,59,1040,581,459,266,124,142,110Y12M
10013,屏東縣,10013240,滿州鄉,10013240-007,九棚村,22,11,11,272,148,124,68,38,30,110Y12M
10013,屏東縣,10013240,滿州鄉,10013240-008,港仔村,16,10,6,232,130,102,75,35,40,110Y12M
10013,屏東縣,10013250,枋山鄉,10013250-001,枋山村,85,48,37,776,449,327,222,97,125,110Y12M
10013,屏東縣,10013250,枋山鄉,10013250-002,加祿村,167,86,81,1572,809,763,362,158,204,110Y12M
10013,屏東縣,10013250,枋山鄉,10013250-003,楓港村,59,32,27,783,427,356,227,102,125,110Y12M
10013,屏東縣,10013250,枋山鄉,10013250-004,善餘村,41,21,20,626,367,259,230,109,121,110Y12M
10013,屏東縣,10013260,三地門鄉,10013260-001,三地村,206,117,89,1271,625,646,252,108,144,110Y12M
10013,屏東縣,10013260,三地門鄉,10013260-002,達來村,62,36,26,309,166,143,43,22,21,110Y12M
10013,屏東縣,10013260,三地門鄉,10013260-003,德文村,70,40,30,478,242,236,105,50,55,110Y12M
10013,屏東縣,10013260,三地門鄉,10013260-004,大社村,103,61,42,564,306,258,102,44,58,110Y12M
10013,屏東縣,10013260,三地門鄉,10013260-005,賽嘉村,127,64,63,652,329,323,100,43,57,110Y12M
10013,屏東縣,10013260,三地門鄉,10013260-006,口社村,99,48,51,505,254,251,83,31,52,110Y12M
10013,屏東縣,10013260,三地門鄉,10013260-007,馬兒村,53,22,31,288,157,131,53,21,32,110Y12M
10013,屏東縣,10013260,三地門鄉,10013260-008,安坡村,96,52,44,432,218,214,54,26,28,110Y12M
10013,屏東縣,10013260,三地門鄉,10013260-009,青山村,129,66,63,624,327,297,110,51,59,110Y12M
10013,屏東縣,10013260,三地門鄉,10013260-010,青葉村,97,50,47,541,263,278,103,47,56,110Y12M
10013,屏東縣,10013270,霧臺鄉,10013270-001,霧台村,119,70,49,926,477,449,213,100,113,110Y12M
10013,屏東縣,10013270,霧臺鄉,10013270-002,阿禮村,18,9,9,245,128,117,56,27,29,110Y12M
10013,屏東縣,10013270,霧臺鄉,10013270-003,吉露村,20,11,9,160,85,75,25,13,12,110Y12M
10013,屏東縣,10013270,霧臺鄉,10013270-004,大武村,65,30,35,397,209,188,71,39,32,110Y12M
10013,屏東縣,10013270,霧臺鄉,10013270-005,佳暮村,53,30,23,312,161,151,52,23,29,110Y12M
10013,屏東縣,10013270,霧臺鄉,10013270-006,好茶村,52,25,27,383,196,187,92,39,53,110Y12M
10013,屏東縣,10013280,瑪家鄉,10013280-001,瑪家村,50,35,15,398,195,203,68,33,35,110Y12M
10013,屏東縣,10013280,瑪家鄉,10013280-002,北葉村,127,80,47,711,373,338,111,42,69,110Y12M
10013,屏東縣,10013280,瑪家鄉,10013280-003,■山村,164,85,79,916,489,427,164,77,87,110Y12M
10013,屏東縣,10013280,瑪家鄉,10013280-004,佳義村,159,85,74,794,397,397,121,58,63,110Y12M
10013,屏東縣,10013280,瑪家鄉,10013280-005,排灣村,90,43,47,386,198,188,48,18,30,110Y12M
10013,屏東縣,10013280,瑪家鄉,10013280-006,三和村,288,146,142,1783,899,884,328,136,192,110Y12M
10013,屏東縣,10013290,泰武鄉,10013290-001,佳平村,146,83,63,739,390,349,130,61,69,110Y12M
10013,屏東縣,10013290,泰武鄉,10013290-002,武潭村,189,95,94,857,439,418,136,62,74,110Y12M
10013,屏東縣,10013290,泰武鄉,10013290-003,平和村,120,57,63,566,288,278,75,32,43,110Y12M
10013,屏東縣,10013290,泰武鄉,10013290-004,佳興村,57,28,29,346,206,140,71,24,47,110Y12M
10013,屏東縣,10013290,泰武鄉,10013290-005,泰武村,134,74,60,697,378,319,101,44,57,110Y12M
10013,屏東縣,10013290,泰武鄉,10013290-006,萬安村,217,123,94,673,341,332,106,56,50,110Y12M
10013,屏東縣,10013300,來義鄉,10013300-001,來義村,151,91,60,812,403,409,144,63,81,110Y12M
10013,屏東縣,10013300,來義鄉,10013300-002,義林村,93,42,51,493,263,230,93,47,46,110Y12M
10013,屏東縣,10013300,來義鄉,10013300-003,丹林村,122,64,58,623,308,315,104,42,62,110Y12M
10013,屏東縣,10013300,來義鄉,10013300-004,古樓村,141,73,68,997,527,470,156,63,93,110Y12M
10013,屏東縣,10013300,來義鄉,10013300-005,文樂村,140,74,66,737,343,394,124,58,66,110Y12M
10013,屏東縣,10013300,來義鄉,10013300-006,望嘉村,145,77,68,747,373,374,152,66,86,110Y12M
10013,屏東縣,10013300,來義鄉,10013300-007,南和村,188,90,98,1069,572,497,166,75,91,110Y12M
10013,屏東縣,10013310,春日鄉,10013310-001,春日村,210,118,92,852,439,413,125,59,66,110Y12M
10013,屏東縣,10013310,春日鄉,10013310-002,古華村,121,67,54,602,315,287,109,44,65,110Y12M
10013,屏東縣,10013310,春日鄉,10013310-003,士文村,63,35,28,276,143,133,54,27,27,110Y12M
10013,屏東縣,10013310,春日鄉,10013310-004,七佳村,147,82,65,849,424,425,140,61,79,110Y12M
10013,屏東縣,10013310,春日鄉,10013310-005,歸崇村,106,46,60,552,272,280,131,61,70,110Y12M
10013,屏東縣,10013310,春日鄉,10013310-006,力里村,104,58,46,420,212,208,69,35,34,110Y12M
10013,屏東縣,10013320,獅子鄉,10013320-001,楓林村,106,51,55,643,342,301,119,51,68,110Y12M
10013,屏東縣,10013320,獅子鄉,10013320-002,丹路村,118,65,53,656,343,313,141,63,78,110Y12M
10013,屏東縣,10013320,獅子鄉,10013320-003,草埔村,57,25,32,532,278,254,117,48,69,110Y12M
10013,屏東縣,10013320,獅子鄉,10013320-004,內文村,28,19,9,183,93,90,47,23,24,110Y12M
10013,屏東縣,10013320,獅子鄉,10013320-005,竹坑村,27,18,9,250,132,118,50,22,28,110Y12M
10013,屏東縣,10013320,獅子鄉,10013320-006,獅子村,83,44,39,461,240,221,59,30,29,110Y12M
10013,屏東縣,10013320,獅子鄉,10013320-007,內獅村,114,57,57,574,315,259,93,40,53,110Y12M
10013,屏東縣,10013320,獅子鄉,10013320-008,南世村,56,24,32,316,164,152,58,30,28,110Y12M
10013,屏東縣,10013330,牡丹鄉,10013330-001,石門村,243,127,116,1386,672,714,259,103,156,110Y12M
10013,屏東縣,10013330,牡丹鄉,10013330-002,牡丹村,119,53,66,513,266,247,155,70,85,110Y12M
10013,屏東縣,10013330,牡丹鄉,10013330-003,東源村,42,20,22,365,187,178,81,34,47,110Y12M
10013,屏東縣,10013330,牡丹鄉,10013330-004,旭海村,34,22,12,286,149,137,82,41,41,110Y12M
10013,屏東縣,10013330,牡丹鄉,10013330-005,高士村,72,31,41,512,255,257,82,38,44,110Y12M
10013,屏東縣,10013330,牡丹鄉,10013330-006,四林村,62,40,22,465,273,192,91,36,55,110Y12M
10014,臺東縣,10014010,臺東市,10014010-001,富岡里,226,120,106,1860,1021,839,506,234,272,110Y12M
10014,臺東縣,10014010,臺東市,10014010-003,岩灣里,156,80,76,1914,992,922,345,148,197,110Y12M
10014,臺東縣,10014010,臺東市,10014010-004,南王里,266,146,120,2395,1261,1134,523,225,298,110Y12M
10014,臺東縣,10014010,臺東市,10014010-005,卑南里,228,125,103,2474,1232,1242,518,227,291,110Y12M
10014,臺東縣,10014010,臺東市,10014010-006,南榮里,287,147,140,2188,1157,1031,549,261,288,110Y12M
10014,臺東縣,10014010,臺東市,10014010-007,新生里,372,196,176,2885,1435,1450,647,293,354,110Y12M
10014,臺東縣,10014010,臺東市,10014010-008,民生里,265,132,133,2051,989,1062,670,285,385,110Y12M
10014,臺東縣,10014010,臺東市,10014010-009,寶桑里,147,79,68,1089,582,507,308,129,179,110Y12M
10014,臺東縣,10014010,臺東市,10014010-010,馬蘭里,831,445,386,1957,906,1051,489,201,288,110Y12M
10014,臺東縣,10014010,臺東市,10014010-011,中心里,853,441,412,2421,1215,1206,668,280,388,110Y12M
10014,臺東縣,10014010,臺東市,10014010-012,自強里,1096,574,522,2757,1293,1464,545,250,295,110Y12M
10014,臺東縣,10014010,臺東市,10014010-013,民族里,1042,544,498,1933,905,1028,571,253,318,110Y12M
10014,臺東縣,10014010,臺東市,10014010-015,中華里,251,133,118,1793,927,866,512,218,294,110Y12M
10014,臺東縣,10014010,臺東市,10014010-017,建國里,158,82,76,1436,773,663,435,190,245,110Y12M
10014,臺東縣,10014010,臺東市,10014010-020,中正里,146,78,68,1590,809,781,613,262,351,110Y12M
10014,臺東縣,10014010,臺東市,10014010-022,成功里,190,98,92,1502,772,730,419,188,231,110Y12M
10014,臺東縣,10014010,臺東市,10014010-023,文化里,543,288,255,1377,744,633,387,205,182,110Y12M
10014,臺東縣,10014010,臺東市,10014010-024,中山里,462,241,221,1402,687,715,499,216,283,110Y12M
10014,臺東縣,10014010,臺東市,10014010-029,新園里,162,95,67,1374,736,638,306,132,174,110Y12M
10014,臺東縣,10014010,臺東市,10014010-030,豐田里,263,137,126,1932,956,976,407,181,226,110Y12M
10014,臺東縣,10014010,臺東市,10014010-031,豐年里,352,189,163,2715,1436,1279,515,218,297,110Y12M
10014,臺東縣,10014010,臺東市,10014010-032,光明里,581,288,293,2356,1064,1292,375,159,216,110Y12M
10014,臺東縣,10014010,臺東市,10014010-033,豐樂里,273,138,135,1494,776,718,325,155,170,110Y12M
10014,臺東縣,10014010,臺東市,10014010-034,永樂里,495,266,229,2373,1208,1165,425,206,219,110Y12M
10014,臺東縣,10014010,臺東市,10014010-035,康樂里,209,120,89,1137,606,531,225,114,111,110Y12M
10014,臺東縣,10014010,臺東市,10014010-036,東海里,507,233,274,1652,787,865,404,177,227,110Y12M
10014,臺東縣,10014010,臺東市,10014010-037,新興里,188,105,83,1115,574,541,328,137,191,110Y12M
10014,臺東縣,10014010,臺東市,10014010-038,豐榮里,351,187,164,2574,1280,1294,575,241,334,110Y12M
10014,臺東縣,10014010,臺東市,10014010-039,豐谷里,403,197,206,2955,1537,1418,662,290,372,110Y12M
10014,臺東縣,10014010,臺東市,10014010-040,豐里里,255,130,125,1961,1029,932,431,200,231,110Y12M
10014,臺東縣,10014010,臺東市,10014010-041,豐原里,151,77,74,1000,558,442,282,141,141,110Y12M
10014,臺東縣,10014010,臺東市,10014010-042,建和里,185,81,104,1079,587,492,305,141,164,110Y12M
10014,臺東縣,10014010,臺東市,10014010-043,建興里,75,39,36,989,504,485,285,121,164,110Y12M
10014,臺東縣,10014010,臺東市,10014010-045,知本里,231,132,99,1904,988,916,501,215,286,110Y12M
10014,臺東縣,10014010,臺東市,10014010-046,建農里,222,121,101,1735,924,811,345,146,199,110Y12M
10014,臺東縣,10014010,臺東市,10014010-047,仁和里　,287,153,134,2573,1252,1321,636,281,355,110Y12M
10014,臺東縣,10014010,臺東市,10014010-048,豐安里　,240,123,117,2265,1073,1192,464,200,264,110Y12M
10014,臺東縣,10014010,臺東市,10014010-049,豐盛里　,364,188,176,2884,1423,1461,539,233,306,110Y12M
10014,臺東縣,10014020,成功鎮,10014020-001,博愛里,26,15,11,406,249,157,190,89,101,110Y12M
10014,臺東縣,10014020,成功鎮,10014020-002,忠孝里,71,29,42,676,356,320,260,113,147,110Y12M
10014,臺東縣,10014020,成功鎮,10014020-003,三仙里,115,66,49,1032,596,436,312,159,153,110Y12M
10014,臺東縣,10014020,成功鎮,10014020-004,三民里,253,133,120,2108,1090,1018,605,280,325,110Y12M
10014,臺東縣,10014020,成功鎮,10014020-005,忠智里,249,123,126,1445,749,696,448,215,233,110Y12M
10014,臺東縣,10014020,成功鎮,10014020-006,忠仁里,235,119,116,1693,894,799,485,250,235,110Y12M
10014,臺東縣,10014020,成功鎮,10014020-007,和平里,46,31,15,522,298,224,218,107,111,110Y12M
10014,臺東縣,10014020,成功鎮,10014020-008,信義里,127,70,57,1356,776,580,452,203,249,110Y12M
10014,臺東縣,10014030,關山鎮,10014030-001,德高里,148,71,77,1293,712,581,436,192,244,110Y12M
10014,臺東縣,10014030,關山鎮,10014030-002,豐泉里,169,74,95,900,460,440,250,116,134,110Y12M
10014,臺東縣,10014030,關山鎮,10014030-003,新福里,128,68,60,698,384,314,183,84,99,110Y12M
10014,臺東縣,10014030,關山鎮,10014030-004,中福里,89,45,44,572,292,280,208,98,110,110Y12M
10014,臺東縣,10014030,關山鎮,10014030-005,里■里,212,112,100,1267,647,620,389,166,223,110Y12M
10014,臺東縣,10014030,關山鎮,10014030-006,電光里,47,26,21,391,230,161,143,72,71,110Y12M
10014,臺東縣,10014030,關山鎮,10014030-007,月眉里,53,24,29,530,312,218,168,79,89,110Y12M
10014,臺東縣,10014040,卑南鄉,10014040-001,嘉豐村,55,27,28,380,217,163,98,47,51,110Y12M
10014,臺東縣,10014040,卑南鄉,10014040-002,利吉村,41,23,18,326,176,150,125,64,61,110Y12M
10014,臺東縣,10014040,卑南鄉,10014040-003,富山村,47,25,22,371,208,163,105,51,54,110Y12M
10014,臺東縣,10014040,卑南鄉,10014040-004,富源村,13,7,6,219,133,86,107,55,52,110Y12M
10014,臺東縣,10014040,卑南鄉,10014040-005,明峰村,96,56,40,862,484,378,307,150,157,110Y12M
10014,臺東縣,10014040,卑南鄉,10014040-006,初鹿村,113,56,57,976,547,429,292,123,169,110Y12M
10014,臺東縣,10014040,卑南鄉,10014040-007,美農村,79,37,42,817,487,330,259,117,142,110Y12M
10014,臺東縣,10014040,卑南鄉,10014040-008,賓朗村,189,100,89,1773,958,815,524,230,294,110Y12M
10014,臺東縣,10014040,卑南鄉,10014040-009,泰安村,141,63,78,1006,529,477,166,74,92,110Y12M
10014,臺東縣,10014040,卑南鄉,10014040-010,太平村,345,176,169,2694,1408,1286,529,224,305,110Y12M
10014,臺東縣,10014040,卑南鄉,10014040-011,利嘉村,156,89,67,903,456,447,216,111,105,110Y12M
10014,臺東縣,10014040,卑南鄉,10014040-012,東興村,131,70,61,1016,542,474,166,85,81,110Y12M
10014,臺東縣,10014040,卑南鄉,10014040-013,溫泉村,100,55,45,778,423,355,312,156,156,110Y12M
10014,臺東縣,10014050,鹿野鄉,10014050-001,瑞和村,54,28,26,511,284,227,151,64,87,110Y12M
10014,臺東縣,10014050,鹿野鄉,10014050-002,瑞豐村,54,27,27,655,375,280,243,105,138,110Y12M
10014,臺東縣,10014050,鹿野鄉,10014050-003,瑞源村,87,45,42,620,329,291,236,111,125,110Y12M
10014,臺東縣,10014050,鹿野鄉,10014050-004,永安村,143,78,65,1153,641,512,311,147,164,110Y12M
10014,臺東縣,10014050,鹿野鄉,10014050-005,瑞隆村,72,47,25,662,356,306,226,105,121,110Y12M
10014,臺東縣,10014050,鹿野鄉,10014050-006,鹿野村,82,39,43,789,420,369,271,117,154,110Y12M
10014,臺東縣,10014050,鹿野鄉,10014050-007,龍田村,86,43,43,784,445,339,292,146,146,110Y12M
10014,臺東縣,10014060,池上鄉,10014060-001,福文村,115,64,51,859,471,388,274,121,153,110Y12M
10014,臺東縣,10014060,池上鄉,10014060-002,慶豐村,61,38,23,496,264,232,175,77,98,110Y12M
10014,臺東縣,10014060,池上鄉,10014060-003,大坡村,27,12,15,224,127,97,98,47,51,110Y12M
10014,臺東縣,10014060,池上鄉,10014060-004,大埔村,79,42,37,567,287,280,240,112,128,110Y12M
10014,臺東縣,10014060,池上鄉,10014060-005,福原村,265,134,131,1495,744,751,471,193,278,110Y12M
10014,臺東縣,10014060,池上鄉,10014060-006,錦園村,25,14,11,227,128,99,104,49,55,110Y12M
10014,臺東縣,10014060,池上鄉,10014060-007,新興村,72,40,32,632,362,270,228,110,118,110Y12M
10014,臺東縣,10014060,池上鄉,10014060-008,萬安村,29,15,14,211,123,88,94,38,56,110Y12M
10014,臺東縣,10014060,池上鄉,10014060-009,富興村,31,19,12,303,178,125,96,46,50,110Y12M
10014,臺東縣,10014060,池上鄉,10014060-010,振興村,40,22,18,332,186,146,106,49,57,110Y12M
10014,臺東縣,10014070,東河鄉,10014070-001,北源村,94,57,37,1158,788,370,404,190,214,110Y12M
10014,臺東縣,10014070,東河鄉,10014070-002,泰源村,88,51,37,878,491,387,289,122,167,110Y12M
10014,臺東縣,10014070,東河鄉,10014070-003,東河村,74,43,31,722,414,308,251,117,134,110Y12M
10014,臺東縣,10014070,東河鄉,10014070-004,尚德村,23,10,13,179,106,73,69,35,34,110Y12M
10014,臺東縣,10014070,東河鄉,10014070-005,隆昌村,33,15,18,358,198,160,164,70,94,110Y12M
10014,臺東縣,10014070,東河鄉,10014070-006,興昌村,67,37,30,637,360,277,291,133,158,110Y12M
10014,臺東縣,10014070,東河鄉,10014070-007,都蘭村,197,93,104,1586,880,706,544,246,298,110Y12M
10014,臺東縣,10014080,長濱鄉,10014080-001,樟原村,32,11,21,404,256,148,190,81,109,110Y12M
10014,臺東縣,10014080,長濱鄉,10014080-002,三間村,90,46,44,812,521,291,350,157,193,110Y12M
10014,臺東縣,10014080,長濱鄉,10014080-003,忠勇村,61,33,28,410,264,146,135,69,66,110Y12M
10014,臺東縣,10014080,長濱鄉,10014080-004,長濱村,157,79,78,1501,856,645,496,224,272,110Y12M
10014,臺東縣,10014080,長濱鄉,10014080-005,竹湖村,51,25,26,613,367,246,255,118,137,110Y12M
10014,臺東縣,10014080,長濱鄉,10014080-006,寧埔村,72,49,23,826,520,306,336,154,182,110Y12M
10014,臺東縣,10014090,太麻里鄉,10014090-001,美和村,105,61,44,1064,570,494,288,136,152,110Y12M
10014,臺東縣,10014090,太麻里鄉,10014090-002,三和村,30,19,11,455,252,203,142,72,70,110Y12M
10014,臺東縣,10014090,太麻里鄉,10014090-003,華源村,24,11,13,415,244,171,192,87,105,110Y12M
10014,臺東縣,10014090,太麻里鄉,10014090-004,北里村,47,27,20,445,270,175,137,76,61,110Y12M
10014,臺東縣,10014090,太麻里鄉,10014090-005,泰和村,142,78,64,1074,565,509,335,145,190,110Y12M
10014,臺東縣,10014090,太麻里鄉,10014090-006,大王村,187,98,89,1363,750,613,455,218,237,110Y12M
10014,臺東縣,10014090,太麻里鄉,10014090-007,香蘭村,81,37,44,620,356,264,202,94,108,110Y12M
10014,臺東縣,10014090,太麻里鄉,10014090-008,金崙村,211,115,96,1460,771,689,301,139,162,110Y12M
10014,臺東縣,10014090,太麻里鄉,10014090-009,多良村,110,63,47,761,402,359,173,70,103,110Y12M
10014,臺東縣,10014100,大武鄉,10014100-001,大竹村,74,45,29,609,332,277,149,67,82,110Y12M
10014,臺東縣,10014100,大武鄉,10014100-002,大鳥村,150,82,68,938,517,421,173,83,90,110Y12M
10014,臺東縣,10014100,大武鄉,10014100-003,大武村,170,84,86,1041,563,478,257,109,148,110Y12M
10014,臺東縣,10014100,大武鄉,10014100-004,尚武村,105,55,50,1046,551,495,312,136,176,110Y12M
10014,臺東縣,10014100,大武鄉,10014100-005,南興村,60,28,32,440,229,211,111,52,59,110Y12M
10014,臺東縣,10014110,綠島鄉,10014110-001,公■村,115,65,50,867,490,377,138,74,64,110Y12M
10014,臺東縣,10014110,綠島鄉,10014110-002,中寮村,125,58,67,924,503,421,152,81,71,110Y12M
10014,臺東縣,10014110,綠島鄉,10014110-003,南寮村,157,88,69,1420,733,687,226,120,106,110Y12M
10014,臺東縣,10014120,海端鄉,10014120-001,廣原村,180,93,87,680,358,322,90,41,49,110Y12M
10014,臺東縣,10014120,海端鄉,10014120-002,霧鹿村,57,29,28,223,116,107,39,16,23,110Y12M
10014,臺東縣,10014120,海端鄉,10014120-003,利稻村,57,26,31,234,121,113,34,11,23,110Y12M
10014,臺東縣,10014120,海端鄉,10014120-004,海端村,186,96,90,883,482,401,120,54,66,110Y12M
10014,臺東縣,10014120,海端鄉,10014120-005,崁頂村,132,81,51,547,300,247,68,35,33,110Y12M
10014,臺東縣,10014120,海端鄉,10014120-006,加拿村,96,51,45,479,264,215,46,24,22,110Y12M
10014,臺東縣,10014130,延平鄉,10014130-001,武陵村,119,60,59,556,310,246,67,27,40,110Y12M
10014,臺東縣,10014130,延平鄉,10014130-002,永康村,61,33,28,303,163,140,33,14,19,110Y12M
10014,臺東縣,10014130,延平鄉,10014130-003,紅葉村,80,50,30,372,197,175,62,34,28,110Y12M
10014,臺東縣,10014130,延平鄉,10014130-004,鸞山村,98,50,48,507,275,232,83,35,48,110Y12M
10014,臺東縣,10014130,延平鄉,10014130-005,桃源村,199,103,96,945,506,439,106,49,57,110Y12M
10014,臺東縣,10014140,金峰鄉,10014140-001,新興村,107,53,54,488,247,241,58,27,31,110Y12M
10014,臺東縣,10014140,金峰鄉,10014140-002,正興村,90,48,42,534,264,270,84,35,49,110Y12M
10014,臺東縣,10014140,金峰鄉,10014140-003,嘉蘭村,227,113,114,1127,586,541,167,75,92,110Y12M
10014,臺東縣,10014140,金峰鄉,10014140-004,賓茂村,51,31,20,281,151,130,56,28,28,110Y12M
10014,臺東縣,10014140,金峰鄉,10014140-005,歷坵村,54,28,26,292,143,149,47,20,27,110Y12M
10014,臺東縣,10014150,達仁鄉,10014150-001,台■村,85,41,44,508,285,223,107,48,59,110Y12M
10014,臺東縣,10014150,達仁鄉,10014150-002,土■村,97,46,51,768,434,334,118,54,64,110Y12M
10014,臺東縣,10014150,達仁鄉,10014150-003,新化村,37,27,10,285,158,127,61,30,31,110Y12M
10014,臺東縣,10014150,達仁鄉,10014150-004,安朔村,67,38,29,459,269,190,100,41,59,110Y12M
10014,臺東縣,10014150,達仁鄉,10014150-005,森永村,34,18,16,306,170,136,65,32,33,110Y12M
10014,臺東縣,10014150,達仁鄉,10014150-006,南田村,25,16,9,284,140,144,31,18,13,110Y12M
10014,臺東縣,10014160,蘭嶼鄉,10014160-001,東清村,242,134,108,1225,592,633,136,68,68,110Y12M
10014,臺東縣,10014160,蘭嶼鄉,10014160-002,朗島村,130,72,58,728,345,383,82,38,44,110Y12M
10014,臺東縣,10014160,蘭嶼鄉,10014160-003,紅頭村,175,100,75,1174,592,582,139,69,70,110Y12M
10014,臺東縣,10014160,蘭嶼鄉,10014160-004,椰油村,185,87,98,913,463,450,102,53,49,110Y12M
10015,花蓮縣,10015010,花蓮市,10015010-001,民立里,283,152,131,1166,531,635,491,293,198,110Y12M
10015,花蓮縣,10015010,花蓮市,10015010-002,民運里,175,104,71,1579,774,805,464,203,261,110Y12M
10015,花蓮縣,10015010,花蓮市,10015010-003,民族里,106,56,50,321,146,175,95,48,47,110Y12M
10015,花蓮縣,10015010,花蓮市,10015010-004,主信里,184,91,93,533,233,300,147,62,85,110Y12M
10015,花蓮縣,10015010,花蓮市,10015010-005,主睦里,129,63,66,428,212,216,135,56,79,110Y12M
10015,花蓮縣,10015010,花蓮市,10015010-006,主和里,555,286,269,2346,1146,1200,678,279,399,110Y12M
10015,花蓮縣,10015010,花蓮市,10015010-007,國威里,371,193,178,1344,687,657,430,214,216,110Y12M
10015,花蓮縣,10015010,花蓮市,10015010-008,國風里,998,535,463,2568,1114,1454,780,349,431,110Y12M
10015,花蓮縣,10015010,花蓮市,10015010-009,民德里,322,154,168,1200,553,647,310,135,175,110Y12M
10015,花蓮縣,10015010,花蓮市,10015010-010,民意里,139,86,53,1523,770,753,528,306,222,110Y12M
10015,花蓮縣,10015010,花蓮市,10015010-012,主義里,61,28,33,355,183,172,112,57,55,110Y12M
10015,花蓮縣,10015010,花蓮市,10015010-013,主工里,151,82,69,394,191,203,120,57,63,110Y12M
10015,花蓮縣,10015010,花蓮市,10015010-014,主農里,746,397,349,2920,1378,1542,680,306,374,110Y12M
10015,花蓮縣,10015010,花蓮市,10015010-015,國治里,246,131,115,672,321,351,177,78,99,110Y12M
10015,花蓮縣,10015010,花蓮市,10015010-016,國富里,463,235,228,3812,1832,1980,1166,546,620,110Y12M
10015,花蓮縣,10015010,花蓮市,10015010-017,民政里,463,234,229,2992,1380,1612,758,313,445,110Y12M
10015,花蓮縣,10015010,花蓮市,10015010-018,民勤里,1050,555,495,2690,1197,1493,507,201,306,110Y12M
10015,花蓮縣,10015010,花蓮市,10015010-019,民生里,238,123,115,854,389,465,268,121,147,110Y12M
10015,花蓮縣,10015010,花蓮市,10015010-020,主商里,149,79,70,430,208,222,136,63,73,110Y12M
10015,花蓮縣,10015010,花蓮市,10015010-021,主學里,442,235,207,1489,704,785,400,180,220,110Y12M
10015,花蓮縣,10015010,花蓮市,10015010-022,國光里,207,115,92,978,503,475,257,113,144,110Y12M
10015,花蓮縣,10015010,花蓮市,10015010-023,國聯里,273,158,115,2256,1103,1153,557,244,313,110Y12M
10015,花蓮縣,10015010,花蓮市,10015010-024,國強里,220,109,111,1558,774,784,292,140,152,110Y12M
10015,花蓮縣,10015010,花蓮市,10015010-025,民心里,74,31,43,784,422,362,193,97,96,110Y12M
10015,花蓮縣,10015010,花蓮市,10015010-026,民樂里,72,40,32,511,248,263,115,48,67,110Y12M
10015,花蓮縣,10015010,花蓮市,10015010-027,民主里,112,55,57,449,223,226,105,49,56,110Y12M
10015,花蓮縣,10015010,花蓮市,10015010-028,主勤里,186,101,85,589,255,334,199,91,108,110Y12M
10015,花蓮縣,10015010,花蓮市,10015010-029,主力里,556,286,270,2085,980,1105,623,269,354,110Y12M
10015,花蓮縣,10015010,花蓮市,10015010-030,國安里,117,75,42,408,180,228,119,54,65,110Y12M
10015,花蓮縣,10015010,花蓮市,10015010-031,國魂里,438,226,212,1470,692,778,440,200,240,110Y12M
10015,花蓮縣,10015010,花蓮市,10015010-032,國慶里,139,65,74,890,467,423,207,92,115,110Y12M
10015,花蓮縣,10015010,花蓮市,10015010-033,民享里,283,151,132,2615,1272,1343,502,219,283,110Y12M
10015,花蓮縣,10015010,花蓮市,10015010-034,民有里,145,72,73,473,239,234,123,62,61,110Y12M
10015,花蓮縣,10015010,花蓮市,10015010-035,民權里,114,59,55,349,179,170,78,37,41,110Y12M
10015,花蓮縣,10015010,花蓮市,10015010-036,主計里,116,55,61,707,350,357,159,65,94,110Y12M
10015,花蓮縣,10015010,花蓮市,10015010-037,主權里,984,533,451,4319,1975,2344,1022,447,575,110Y12M
10015,花蓮縣,10015010,花蓮市,10015010-038,國華里,603,314,289,1687,822,865,504,226,278,110Y12M
10015,花蓮縣,10015010,花蓮市,10015010-039,國防里,130,67,63,705,341,364,144,59,85,110Y12M
10015,花蓮縣,10015010,花蓮市,10015010-040,國福里,151,71,80,1248,666,582,283,132,151,110Y12M
10015,花蓮縣,10015010,花蓮市,10015010-041,國裕里,535,289,246,3422,1621,1801,845,397,448,110Y12M
10015,花蓮縣,10015010,花蓮市,10015010-042,主安里,575,326,249,1976,919,1057,538,234,304,110Y12M
10015,花蓮縣,10015010,花蓮市,10015010-043,國盛里,384,208,176,3155,1452,1703,572,260,312,110Y12M
10015,花蓮縣,10015010,花蓮市,10015010-044,國興里,440,220,220,3732,1829,1903,678,271,407,110Y12M
10015,花蓮縣,10015010,花蓮市,10015010-045,民孝里,409,212,197,2876,1458,1418,626,264,362,110Y12M
10015,花蓮縣,10015020,鳳林鎮,10015020-001,鳳仁里,149,75,74,868,449,419,327,154,173,110Y12M
10015,花蓮縣,10015020,鳳林鎮,10015020-002,鳳義里,49,30,19,438,233,205,201,91,110,110Y12M
10015,花蓮縣,10015020,鳳林鎮,10015020-003,鳳禮里,50,21,29,397,202,195,184,92,92,110Y12M
10015,花蓮縣,10015020,鳳林鎮,10015020-004,鳳智里,174,97,77,783,391,392,322,146,176,110Y12M
10015,花蓮縣,10015020,鳳林鎮,10015020-005,鳳信里,142,67,75,1040,569,471,315,151,164,110Y12M
10015,花蓮縣,10015020,鳳林鎮,10015020-006,山興里,50,26,24,377,212,165,157,68,89,110Y12M
10015,花蓮縣,10015020,鳳林鎮,10015020-007,大榮里,130,70,60,942,507,435,340,167,173,110Y12M
10015,花蓮縣,10015020,鳳林鎮,10015020-008,北林里,61,34,27,388,210,178,166,79,87,110Y12M
10015,花蓮縣,10015020,鳳林鎮,10015020-009,南平里,27,15,12,329,189,140,199,100,99,110Y12M
10015,花蓮縣,10015020,鳳林鎮,10015020-010,林榮里,96,52,44,555,297,258,259,119,140,110Y12M
10015,花蓮縣,10015020,鳳林鎮,10015020-011,長橋里,85,44,41,672,381,291,319,146,173,110Y12M
10015,花蓮縣,10015020,鳳林鎮,10015020-012,森榮里,5,1,4,47,26,21,36,14,22,110Y12M
10015,花蓮縣,10015030,玉里鎮,10015030-001,中城里,810,403,407,4139,2105,2034,1110,484,626,110Y12M
10015,花蓮縣,10015030,玉里鎮,10015030-002,啟模里,190,96,94,1264,653,611,354,166,188,110Y12M
10015,花蓮縣,10015030,玉里鎮,10015030-003,永昌里,134,76,58,877,482,395,360,170,190,110Y12M
10015,花蓮縣,10015030,玉里鎮,10015030-004,泰昌里,103,58,45,875,470,405,471,249,222,110Y12M
10015,花蓮縣,10015030,玉里鎮,10015030-005,國武里,116,55,61,844,430,414,342,172,170,110Y12M
10015,花蓮縣,10015030,玉里鎮,10015030-006,源城里,105,58,47,935,528,407,301,158,143,110Y12M
10015,花蓮縣,10015030,玉里鎮,10015030-007,長良里,72,37,35,487,286,201,141,72,69,110Y12M
10015,花蓮縣,10015030,玉里鎮,10015030-008,樂合里,70,36,34,705,423,282,280,132,148,110Y12M
10015,花蓮縣,10015030,玉里鎮,10015030-009,東豐里,56,30,26,380,227,153,143,74,69,110Y12M
10015,花蓮縣,10015030,玉里鎮,10015030-010,觀音里,132,62,70,1143,641,502,397,194,203,110Y12M
10015,花蓮縣,10015030,玉里鎮,10015030-011,松浦里,119,65,54,1158,694,464,319,142,177,110Y12M
10015,花蓮縣,10015030,玉里鎮,10015030-012,春日里,99,60,39,665,379,286,210,100,110,110Y12M
10015,花蓮縣,10015030,玉里鎮,10015030-013,德武里,56,29,27,574,357,217,190,78,112,110Y12M
10015,花蓮縣,10015030,玉里鎮,10015030-014,三民里,81,47,34,633,373,260,266,128,138,110Y12M
10015,花蓮縣,10015030,玉里鎮,10015030-015,大禹里,118,67,51,789,427,362,265,122,143,110Y12M
10015,花蓮縣,10015040,新城鄉,10015040-001,新城村,128,75,53,890,486,404,345,147,198,110Y12M
10015,花蓮縣,10015040,新城鄉,10015040-002,順安村,90,47,43,694,389,305,212,105,107,110Y12M
10015,花蓮縣,10015040,新城鄉,10015040-003,康樂村,242,124,118,2025,1023,1002,480,202,278,110Y12M
10015,花蓮縣,10015040,新城鄉,10015040-004,北埔村,361,166,195,2709,1437,1272,500,237,263,110Y12M
10015,花蓮縣,10015040,新城鄉,10015040-005,佳林村,105,56,49,828,438,390,167,81,86,110Y12M
10015,花蓮縣,10015040,新城鄉,10015040-006,嘉里村,587,285,302,3284,1707,1577,583,246,337,110Y12M
10015,花蓮縣,10015040,新城鄉,10015040-007,嘉新村,174,101,73,1050,526,524,247,93,154,110Y12M
10015,花蓮縣,10015040,新城鄉,10015040-008,大漢村,342,176,166,2131,1121,1010,463,192,271,110Y12M
10015,花蓮縣,10015040,新城鄉,10015040-009,新秀村　,218,118,100,1195,625,570,202,85,117,110Y12M
10015,花蓮縣,10015050,吉安鄉,10015050-001,北昌村,1559,790,769,5771,2666,3105,1552,695,857,110Y12M
10015,花蓮縣,10015050,吉安鄉,10015050-002,勝安村,665,354,311,4158,2066,2092,950,421,529,110Y12M
10015,花蓮縣,10015050,吉安鄉,10015050-003,太昌村,365,189,176,3121,1619,1502,722,356,366,110Y12M
10015,花蓮縣,10015050,吉安鄉,10015050-004,永安村,315,164,151,3500,1788,1712,870,382,488,110Y12M
10015,花蓮縣,10015050,吉安鄉,10015050-005,慶豐村,587,313,274,5943,3049,2894,1272,586,686,110Y12M
10015,花蓮縣,10015050,吉安鄉,10015050-006,吉安村,511,268,243,4527,2349,2178,1003,470,533,110Y12M
10015,花蓮縣,10015050,吉安鄉,10015050-007,福興村,276,151,125,2510,1311,1199,520,227,293,110Y12M
10015,花蓮縣,10015050,吉安鄉,10015050-008,南華村,104,55,49,1209,672,537,385,189,196,110Y12M
10015,花蓮縣,10015050,吉安鄉,10015050-009,干城村,94,47,47,1068,620,448,240,118,122,110Y12M
10015,花蓮縣,10015050,吉安鄉,10015050-010,永興村,307,155,152,2437,1254,1183,561,253,308,110Y12M
10015,花蓮縣,10015050,吉安鄉,10015050-011,稻香村,353,179,174,2706,1377,1329,593,283,310,110Y12M
10015,花蓮縣,10015050,吉安鄉,10015050-012,南昌村,645,339,306,3619,1788,1831,701,294,407,110Y12M
10015,花蓮縣,10015050,吉安鄉,10015050-013,宜昌村,539,289,250,3248,1606,1642,841,373,468,110Y12M
10015,花蓮縣,10015050,吉安鄉,10015050-014,仁里村,580,322,258,4861,2398,2463,1326,585,741,110Y12M
10015,花蓮縣,10015050,吉安鄉,10015050-015,東昌村,461,239,222,4653,2431,2222,1050,464,586,110Y12M
10015,花蓮縣,10015050,吉安鄉,10015050-016,仁安村,160,67,93,1993,1045,948,438,200,238,110Y12M
10015,花蓮縣,10015050,吉安鄉,10015050-017,仁和村,379,187,192,3832,1977,1855,819,400,419,110Y12M
10015,花蓮縣,10015050,吉安鄉,10015050-018,光華村,163,90,73,1720,910,810,340,158,182,110Y12M
10015,花蓮縣,10015060,壽豐鄉,10015060-001,樹湖村,16,11,5,262,148,114,91,44,47,110Y12M
10015,花蓮縣,10015060,壽豐鄉,10015060-002,溪口村,67,28,39,758,391,367,302,151,151,110Y12M
10015,花蓮縣,10015060,壽豐鄉,10015060-003,豐山村,202,106,96,1456,809,647,486,234,252,110Y12M
10015,花蓮縣,10015060,壽豐鄉,10015060-004,豐裡村,107,59,48,1048,584,464,294,140,154,110Y12M
10015,花蓮縣,10015060,壽豐鄉,10015060-005,豐坪村,88,42,46,704,384,320,216,111,105,110Y12M
10015,花蓮縣,10015060,壽豐鄉,10015060-006,共和村,56,34,22,580,304,276,173,90,83,110Y12M
10015,花蓮縣,10015060,壽豐鄉,10015060-007,壽豐村,182,84,98,1294,689,605,388,192,196,110Y12M
10015,花蓮縣,10015060,壽豐鄉,10015060-008,光榮村,86,50,36,574,326,248,208,108,100,110Y12M
10015,花蓮縣,10015060,壽豐鄉,10015060-009,池南村,44,26,18,537,297,240,210,92,118,110Y12M
10015,花蓮縣,10015060,壽豐鄉,10015060-010,平和村,115,59,56,1110,612,498,313,149,164,110Y12M
10015,花蓮縣,10015060,壽豐鄉,10015060-011,志學村,294,163,131,2119,1100,1019,479,210,269,110Y12M
10015,花蓮縣,10015060,壽豐鄉,10015060-012,米棧村,14,9,5,187,111,76,69,31,38,110Y12M
10015,花蓮縣,10015060,壽豐鄉,10015060-013,月眉村,83,43,40,644,359,285,197,100,97,110Y12M
10015,花蓮縣,10015060,壽豐鄉,10015060-014,水璉村,61,29,32,503,297,206,200,107,93,110Y12M
10015,花蓮縣,10015060,壽豐鄉,10015060-015,鹽寮村,27,16,11,387,213,174,120,62,58,110Y12M
10015,花蓮縣,10015070,光復鄉,10015070-001,大安村,60,35,25,581,290,291,241,116,125,110Y12M
10015,花蓮縣,10015070,光復鄉,10015070-002,大華村,97,49,48,946,516,430,354,170,184,110Y12M
10015,花蓮縣,10015070,光復鄉,10015070-003,大平村,83,46,37,703,378,325,250,107,143,110Y12M
10015,花蓮縣,10015070,光復鄉,10015070-004,大馬村,105,55,50,765,427,338,253,113,140,110Y12M
10015,花蓮縣,10015070,光復鄉,10015070-005,大同村,96,50,46,775,408,367,289,134,155,110Y12M
10015,花蓮縣,10015070,光復鄉,10015070-006,大進村,19,9,10,302,175,127,137,59,78,110Y12M
10015,花蓮縣,10015070,光復鄉,10015070-007,大全村,76,38,38,562,314,248,206,99,107,110Y12M
10015,花蓮縣,10015070,光復鄉,10015070-008,大興村,65,27,38,362,208,154,102,52,50,110Y12M
10015,花蓮縣,10015070,光復鄉,10015070-009,大富村,19,10,9,206,117,89,97,44,53,110Y12M
10015,花蓮縣,10015070,光復鄉,10015070-010,大豐村,39,27,12,281,174,107,133,62,71,110Y12M
10015,花蓮縣,10015070,光復鄉,10015070-011,東富村,100,61,39,750,431,319,239,111,128,110Y12M
10015,花蓮縣,10015070,光復鄉,10015070-012,西富村,90,50,40,641,369,272,279,134,145,110Y12M
10015,花蓮縣,10015070,光復鄉,10015070-013,南富村,76,39,37,597,311,286,233,115,118,110Y12M
10015,花蓮縣,10015070,光復鄉,10015070-014,北富村,78,36,42,666,385,281,232,111,121,110Y12M
10015,花蓮縣,10015080,豐濱鄉,10015080-001,豐濱村,122,67,55,1243,748,495,391,168,223,110Y12M
10015,花蓮縣,10015080,豐濱鄉,10015080-002,新社村,45,23,22,474,279,195,142,69,73,110Y12M
10015,花蓮縣,10015080,豐濱鄉,10015080-003,磯崎村,29,14,15,310,173,137,80,38,42,110Y12M
10015,花蓮縣,10015080,豐濱鄉,10015080-004,港口村,51,27,24,557,331,226,199,83,116,110Y12M
10015,花蓮縣,10015080,豐濱鄉,10015080-005,靜浦村,33,17,16,475,323,152,176,72,104,110Y12M
10015,花蓮縣,10015090,瑞穗鄉,10015090-001,瑞穗村,204,100,104,1381,757,624,503,233,270,110Y12M
10015,花蓮縣,10015090,瑞穗鄉,10015090-002,瑞美村,205,119,86,1368,717,651,503,233,270,110Y12M
10015,花蓮縣,10015090,瑞穗鄉,10015090-003,瑞良村,38,21,17,370,200,170,155,81,74,110Y12M
10015,花蓮縣,10015090,瑞穗鄉,10015090-004,瑞祥村,83,39,44,665,358,307,273,126,147,110Y12M
10015,花蓮縣,10015090,瑞穗鄉,10015090-005,瑞北村,61,30,31,449,250,199,142,70,72,110Y12M
10015,花蓮縣,10015090,瑞穗鄉,10015090-006,舞鶴村,73,35,38,702,379,323,232,118,114,110Y12M
10015,花蓮縣,10015090,瑞穗鄉,10015090-007,鶴岡村,81,44,37,660,410,250,226,109,117,110Y12M
10015,花蓮縣,10015090,瑞穗鄉,10015090-008,奇美村,37,15,22,273,159,114,64,28,36,110Y12M
10015,花蓮縣,10015090,瑞穗鄉,10015090-009,富源村,74,49,25,535,310,225,218,101,117,110Y12M
10015,花蓮縣,10015090,瑞穗鄉,10015090-010,富民村,91,46,45,644,372,272,199,89,110,110Y12M
10015,花蓮縣,10015090,瑞穗鄉,10015090-011,富興村,37,20,17,396,248,148,181,94,87,110Y12M
10015,花蓮縣,10015100,富里鄉,10015100-001,吳江村,40,18,22,344,211,133,130,56,74,110Y12M
10015,花蓮縣,10015100,富里鄉,10015100-002,東里村,84,43,41,704,419,285,279,127,152,110Y12M
10015,花蓮縣,10015100,富里鄉,10015100-003,萬寧村,58,28,30,461,272,189,174,102,72,110Y12M
10015,花蓮縣,10015100,富里鄉,10015100-004,新興村,41,24,17,414,243,171,174,89,85,110Y12M
10015,花蓮縣,10015100,富里鄉,10015100-005,竹田村,83,47,36,792,430,362,286,137,149,110Y12M
10015,花蓮縣,10015100,富里鄉,10015100-006,羅山村,59,32,27,312,172,140,124,64,60,110Y12M
10015,花蓮縣,10015100,富里鄉,10015100-007,石牌村,80,42,38,667,366,301,224,107,117,110Y12M
10015,花蓮縣,10015100,富里鄉,10015100-008,明里村,38,24,14,278,158,120,99,50,49,110Y12M
10015,花蓮縣,10015100,富里鄉,10015100-009,富里村,121,63,58,982,532,450,394,175,219,110Y12M
10015,花蓮縣,10015100,富里鄉,10015100-010,永豐村,35,17,18,307,183,124,129,65,64,110Y12M
10015,花蓮縣,10015100,富里鄉,10015100-011,豐南村,45,19,26,441,251,190,174,85,89,110Y12M
10015,花蓮縣,10015100,富里鄉,10015100-012,富南村,44,24,20,359,201,158,136,64,72,110Y12M
10015,花蓮縣,10015100,富里鄉,10015100-013,學田村,55,25,30,471,268,203,174,89,85,110Y12M
10015,花蓮縣,10015110,秀林鄉,10015110-001,崇德村,311,185,126,1324,687,637,189,84,105,110Y12M
10015,花蓮縣,10015110,秀林鄉,10015110-002,富世村,355,185,170,1712,903,809,249,109,140,110Y12M
10015,花蓮縣,10015110,秀林鄉,10015110-003,秀林村,399,203,196,1686,828,858,212,86,126,110Y12M
10015,花蓮縣,10015110,秀林鄉,10015110-004,水源村,318,164,154,1143,600,543,141,59,82,110Y12M
10015,花蓮縣,10015110,秀林鄉,10015110-005,銅門村,212,119,93,1138,597,541,166,79,87,110Y12M
10015,花蓮縣,10015110,秀林鄉,10015110-006,文蘭村,229,127,102,1064,572,492,134,55,79,110Y12M
10015,花蓮縣,10015110,秀林鄉,10015110-007,景美村,343,163,180,1696,881,815,214,102,112,110Y12M
10015,花蓮縣,10015110,秀林鄉,10015110-008,佳民村,183,99,84,984,514,470,136,60,76,110Y12M
10015,花蓮縣,10015110,秀林鄉,10015110-009,和平村,336,180,156,1491,787,704,190,84,106,110Y12M
10015,花蓮縣,10015120,萬榮鄉,10015120-001,西林村,170,83,87,954,500,454,143,61,82,110Y12M
10015,花蓮縣,10015120,萬榮鄉,10015120-002,見晴村,92,54,38,477,262,215,54,23,31,110Y12M
10015,花蓮縣,10015120,萬榮鄉,10015120-003,萬榮村,135,70,65,707,379,328,108,48,60,110Y12M
10015,花蓮縣,10015120,萬榮鄉,10015120-004,明利村,108,63,45,579,309,270,89,46,43,110Y12M
10015,花蓮縣,10015120,萬榮鄉,10015120-005,馬遠村,178,85,93,997,539,458,111,49,62,110Y12M
10015,花蓮縣,10015120,萬榮鄉,10015120-006,紅葉村,177,87,90,939,521,418,134,63,71,110Y12M
10015,花蓮縣,10015130,卓溪鄉,10015130-001,崙山村,126,61,65,471,272,199,79,37,42,110Y12M
10015,花蓮縣,10015130,卓溪鄉,10015130-002,立山村,140,81,59,868,484,384,128,48,80,110Y12M
10015,花蓮縣,10015130,卓溪鄉,10015130-003,太平村,129,71,58,653,349,304,80,43,37,110Y12M
10015,花蓮縣,10015130,卓溪鄉,10015130-004,卓溪村,136,67,69,649,367,282,113,51,62,110Y12M
10015,花蓮縣,10015130,卓溪鄉,10015130-005,卓清村,245,134,111,923,527,396,119,54,65,110Y12M
10015,花蓮縣,10015130,卓溪鄉,10015130-006,古風村,174,95,79,801,466,335,133,61,72,110Y12M
10016,澎湖縣,10016010,馬公市,10016010-002,復興里,28,12,16,418,281,137,86,40,46,110Y12M
10016,澎湖縣,10016010,馬公市,10016010-003,長安里,68,37,31,394,189,205,153,71,82,110Y12M
10016,澎湖縣,10016010,馬公市,10016010-004,中央里,44,21,23,376,196,180,163,77,86,110Y12M
10016,澎湖縣,10016010,馬公市,10016010-005,啟明里,67,32,35,631,326,305,259,119,140,110Y12M
10016,澎湖縣,10016010,馬公市,10016010-006,重慶里,98,53,45,642,327,315,297,141,156,110Y12M
10016,澎湖縣,10016010,馬公市,10016010-007,中興里,70,31,39,667,359,308,147,60,87,110Y12M
10016,澎湖縣,10016010,馬公市,10016010-008,光復里,215,94,121,1485,725,760,467,206,261,110Y12M
10016,澎湖縣,10016010,馬公市,10016010-009,光榮里,421,214,207,3382,1648,1734,880,366,514,110Y12M
10016,澎湖縣,10016010,馬公市,10016010-010,光明里,131,68,63,915,481,434,282,127,155,110Y12M
10016,澎湖縣,10016010,馬公市,10016010-011,朝陽里,629,320,309,4211,2070,2141,1123,501,622,110Y12M
10016,澎湖縣,10016010,馬公市,10016010-012,陽明里,270,145,125,1939,975,964,578,271,307,110Y12M
10016,澎湖縣,10016010,馬公市,10016010-013,重光里,146,78,68,1265,647,618,288,135,153,110Y12M
10016,澎湖縣,10016010,馬公市,10016010-014,西衛里,714,376,338,5794,2970,2824,659,304,355,110Y12M
10016,澎湖縣,10016010,馬公市,10016010-015,西文里,703,351,352,2823,1429,1394,528,252,276,110Y12M
10016,澎湖縣,10016010,馬公市,10016010-016,東文里,693,382,311,2968,1431,1537,459,219,240,110Y12M
10016,澎湖縣,10016010,馬公市,10016010-017,案山里,156,81,75,1555,947,608,332,163,169,110Y12M
10016,澎湖縣,10016010,馬公市,10016010-018,光華里,202,117,85,949,568,381,67,33,34,110Y12M
10016,澎湖縣,10016010,馬公市,10016010-019,前寮里,165,84,81,832,424,408,147,76,71,110Y12M
10016,澎湖縣,10016010,馬公市,10016010-020,石泉里,431,224,207,2434,1205,1229,362,164,198,110Y12M
10016,澎湖縣,10016010,馬公市,10016010-021,菜園里,41,22,19,349,194,155,99,48,51,110Y12M
10016,澎湖縣,10016010,馬公市,10016010-022,東衛里,236,117,119,1883,1002,881,360,162,198,110Y12M
10016,澎湖縣,10016010,馬公市,10016010-023,安宅里,62,39,23,536,280,256,122,56,66,110Y12M
10016,澎湖縣,10016010,馬公市,10016010-024,烏崁里,109,66,43,847,453,394,253,119,134,110Y12M
10016,澎湖縣,10016010,馬公市,10016010-025,興仁里,154,83,71,1131,605,526,189,82,107,110Y12M
10016,澎湖縣,10016010,馬公市,10016010-026,鐵線里,91,53,38,601,300,301,98,43,55,110Y12M
10016,澎湖縣,10016010,馬公市,10016010-027,山水里,175,93,82,1377,715,662,364,173,191,110Y12M
10016,澎湖縣,10016010,馬公市,10016010-028,鎖港里,255,129,126,2097,1100,997,507,229,278,110Y12M
10016,澎湖縣,10016010,馬公市,10016010-029,五德里,33,22,11,419,283,136,62,36,26,110Y12M
10016,澎湖縣,10016010,馬公市,10016010-030,井垵里,42,16,26,316,173,143,71,27,44,110Y12M
10016,澎湖縣,10016010,馬公市,10016010-031,■裡里,132,55,77,940,493,447,265,131,134,110Y12M
10016,澎湖縣,10016010,馬公市,10016010-032,風櫃里,165,96,69,1108,572,536,294,140,154,110Y12M
10016,澎湖縣,10016010,馬公市,10016010-033,虎井里,62,29,33,622,380,242,216,118,98,110Y12M
10016,澎湖縣,10016010,馬公市,10016010-034,桶盤里,77,39,38,278,149,129,43,25,18,110Y12M
10016,澎湖縣,10016020,湖西鄉,10016020-001,湖西村,125,68,57,1006,505,501,261,133,128,110Y12M
10016,澎湖縣,10016020,湖西鄉,10016020-002,湖東村,46,30,16,275,137,138,82,43,39,110Y12M
10016,澎湖縣,10016020,湖西鄉,10016020-003,青螺村,18,10,8,191,103,88,52,24,28,110Y12M
10016,澎湖縣,10016020,湖西鄉,10016020-004,白坑村,30,19,11,225,118,107,73,36,37,110Y12M
10016,澎湖縣,10016020,湖西鄉,10016020-005,南寮村,68,35,33,520,292,228,186,84,102,110Y12M
10016,澎湖縣,10016020,湖西鄉,10016020-006,北寮村,43,31,12,274,137,137,62,34,28,110Y12M
10016,澎湖縣,10016020,湖西鄉,10016020-007,紅羅村,82,44,38,608,295,313,170,86,84,110Y12M
10016,澎湖縣,10016020,湖西鄉,10016020-008,西溪村,72,36,36,736,481,255,132,69,63,110Y12M
10016,澎湖縣,10016020,湖西鄉,10016020-009,成功村,91,50,41,793,416,377,139,66,73,110Y12M
10016,澎湖縣,10016020,湖西鄉,10016020-010,東石村,6,3,3,87,45,42,29,11,18,110Y12M
10016,澎湖縣,10016020,湖西鄉,10016020-011,中西村,17,5,12,169,92,77,58,26,32,110Y12M
10016,澎湖縣,10016020,湖西鄉,10016020-012,潭邊村,27,12,15,243,126,117,58,25,33,110Y12M
10016,澎湖縣,10016020,湖西鄉,10016020-013,鼎灣村,34,17,17,558,399,159,99,58,41,110Y12M
10016,澎湖縣,10016020,湖西鄉,10016020-014,許家村,39,23,16,356,178,178,56,24,32,110Y12M
10016,澎湖縣,10016020,湖西鄉,10016020-015,沙港村,59,24,35,615,306,309,205,84,121,110Y12M
10016,澎湖縣,10016020,湖西鄉,10016020-016,城北村,44,30,14,315,182,133,51,22,29,110Y12M
10016,澎湖縣,10016020,湖西鄉,10016020-017,太武村,6,3,3,64,27,37,29,12,17,110Y12M
10016,澎湖縣,10016020,湖西鄉,10016020-018,隘門村,102,52,50,819,452,367,151,67,84,110Y12M
10016,澎湖縣,10016020,湖西鄉,10016020-019,林投村,128,63,65,842,445,397,214,105,109,110Y12M
10016,澎湖縣,10016020,湖西鄉,10016020-020,尖山村,97,56,41,544,302,242,152,71,81,110Y12M
10016,澎湖縣,10016020,湖西鄉,10016020-021,龍門村,192,105,87,1394,703,691,401,180,221,110Y12M
10016,澎湖縣,10016020,湖西鄉,10016020-022,■葉村,57,29,28,595,337,258,175,85,90,110Y12M
10016,澎湖縣,10016030,白沙鄉,10016030-001,中屯村,77,45,32,431,213,218,120,51,69,110Y12M
10016,澎湖縣,10016030,白沙鄉,10016030-002,講美村,70,40,30,555,288,267,137,68,69,110Y12M
10016,澎湖縣,10016030,白沙鄉,10016030-003,城前村,17,9,8,80,36,44,20,9,11,110Y12M
10016,澎湖縣,10016030,白沙鄉,10016030-004,鎮海村,15,9,6,112,58,54,35,19,16,110Y12M
10016,澎湖縣,10016030,白沙鄉,10016030-005,港子村,20,10,10,233,121,112,63,29,34,110Y12M
10016,澎湖縣,10016030,白沙鄉,10016030-006,岐頭村,14,6,8,161,80,81,49,25,24,110Y12M
10016,澎湖縣,10016030,白沙鄉,10016030-007,小赤村,18,11,7,132,61,71,38,14,24,110Y12M
10016,澎湖縣,10016030,白沙鄉,10016030-008,赤崁村,209,107,102,1451,751,700,346,157,189,110Y12M
10016,澎湖縣,10016030,白沙鄉,10016030-009,瓦硐村,14,11,3,229,119,110,84,43,41,110Y12M
10016,澎湖縣,10016030,白沙鄉,10016030-010,後寮村,61,30,31,581,317,264,207,98,109,110Y12M
10016,澎湖縣,10016030,白沙鄉,10016030-011,通梁村,74,34,40,637,353,284,190,82,108,110Y12M
10016,澎湖縣,10016030,白沙鄉,10016030-012,吉貝村,145,69,76,1159,653,506,299,146,153,110Y12M
10016,澎湖縣,10016030,白沙鄉,10016030-013,鳥嶼村,134,73,61,926,492,434,247,111,136,110Y12M
10016,澎湖縣,10016030,白沙鄉,10016030-014,員貝村,29,17,12,212,117,95,67,41,26,110Y12M
10016,澎湖縣,10016030,白沙鄉,10016030-015,大倉村,19,10,9,218,106,112,54,32,22,110Y12M
10016,澎湖縣,10016040,西嶼鄉,10016040-001,橫礁村,45,25,20,243,133,110,55,23,32,110Y12M
10016,澎湖縣,10016040,西嶼鄉,10016040-002,合界村,32,17,15,321,165,156,99,48,51,110Y12M
10016,澎湖縣,10016040,西嶼鄉,10016040-003,小門村,30,17,13,210,120,90,76,35,41,110Y12M
10016,澎湖縣,10016040,西嶼鄉,10016040-004,竹灣村,59,28,31,626,343,283,210,100,110,110Y12M
10016,澎湖縣,10016040,西嶼鄉,10016040-005,大池村,60,30,30,512,258,254,157,70,87,110Y12M
10016,澎湖縣,10016040,西嶼鄉,10016040-006,二崁村,10,4,6,98,50,48,39,21,18,110Y12M
10016,澎湖縣,10016040,西嶼鄉,10016040-007,池東村,48,25,23,508,257,251,179,77,102,110Y12M
10016,澎湖縣,10016040,西嶼鄉,10016040-008,池西村,8,4,4,141,79,62,78,40,38,110Y12M
10016,澎湖縣,10016040,西嶼鄉,10016040-009,赤馬村,56,28,28,426,245,181,175,78,97,110Y12M
10016,澎湖縣,10016040,西嶼鄉,10016040-010,內垵村,134,69,65,948,518,430,353,162,191,110Y12M
10016,澎湖縣,10016040,西嶼鄉,10016040-011,外垵村,253,142,111,1657,862,795,492,227,265,110Y12M
10016,澎湖縣,10016050,望安鄉,10016050-001,東安村,49,24,25,602,354,248,149,79,70,110Y12M
10016,澎湖縣,10016050,望安鄉,10016050-002,西安村,32,19,13,373,195,178,100,50,50,110Y12M
10016,澎湖縣,10016050,望安鄉,10016050-003,中社村,20,13,7,243,151,92,105,58,47,110Y12M
10016,澎湖縣,10016050,望安鄉,10016050-004,水垵村,19,12,7,332,177,155,182,92,90,110Y12M
10016,澎湖縣,10016050,望安鄉,10016050-005,將軍村,133,73,60,1117,568,549,369,191,178,110Y12M
10016,澎湖縣,10016050,望安鄉,10016050-006,東坪村,104,58,46,497,263,234,62,23,39,110Y12M
10016,澎湖縣,10016050,望安鄉,10016050-007,西坪村,40,25,15,174,104,70,43,28,15,110Y12M
10016,澎湖縣,10016050,望安鄉,10016050-008,東吉村,7,2,5,180,110,70,120,57,63,110Y12M
10016,澎湖縣,10016050,望安鄉,10016050-009,花嶼村,43,26,17,265,145,120,55,25,30,110Y12M
10016,澎湖縣,10016060,七美鄉,10016060-001,東湖村,18,9,9,198,98,100,62,28,34,110Y12M
10016,澎湖縣,10016060,七美鄉,10016060-002,西湖村,71,34,37,452,250,202,137,61,76,110Y12M
10016,澎湖縣,10016060,七美鄉,10016060-003,中和村,75,39,36,554,284,270,121,52,69,110Y12M
10016,澎湖縣,10016060,七美鄉,10016060-004,平和村,24,16,8,302,172,130,81,38,43,110Y12M
10016,澎湖縣,10016060,七美鄉,10016060-005,海豐村,36,17,19,286,149,137,98,46,52,110Y12M
10016,澎湖縣,10016060,七美鄉,10016060-006,南港村,144,72,72,988,512,476,215,101,114,110Y12M
10017,基隆市,10017010,中正區,10017010-001,德義里,66,39,27,454,226,228,197,93,104,110Y12M
10017,基隆市,10017010,中正區,10017010-002,正義里,98,48,50,862,476,386,332,155,177,110Y12M
10017,基隆市,10017010,中正區,10017010-003,信義里,46,21,25,608,319,289,270,130,140,110Y12M
10017,基隆市,10017010,中正區,10017010-004,義重里,75,33,42,736,374,362,277,120,157,110Y12M
10017,基隆市,10017010,中正區,10017010-005,港通里,97,51,46,867,431,436,351,164,187,110Y12M
10017,基隆市,10017010,中正區,10017010-006,中船里,118,62,56,865,452,413,274,107,167,110Y12M
10017,基隆市,10017010,中正區,10017010-007,正船里,95,58,37,875,483,392,343,153,190,110Y12M
10017,基隆市,10017010,中正區,10017010-008,入船里,48,33,15,521,277,244,224,96,128,110Y12M
10017,基隆市,10017010,中正區,10017010-009,中砂里,103,48,55,1222,671,551,395,191,204,110Y12M
10017,基隆市,10017010,中正區,10017010-010,正砂里,161,89,72,1691,893,798,583,250,333,110Y12M
10017,基隆市,10017010,中正區,10017010-011,真砂里,113,59,54,944,497,447,363,148,215,110Y12M
10017,基隆市,10017010,中正區,10017010-012,砂灣里,181,103,78,1528,811,717,507,206,301,110Y12M
10017,基隆市,10017010,中正區,10017010-013,建國里,216,120,96,1481,783,698,512,242,270,110Y12M
10017,基隆市,10017010,中正區,10017010-014,中濱里,72,35,37,947,521,426,318,140,178,110Y12M
10017,基隆市,10017010,中正區,10017010-015,海濱里,106,44,62,883,482,401,273,130,143,110Y12M
10017,基隆市,10017010,中正區,10017010-016,社寮里,155,72,83,1271,694,577,457,225,232,110Y12M
10017,基隆市,10017010,中正區,10017010-017,和憲里,101,48,53,742,401,341,207,87,120,110Y12M
10017,基隆市,10017010,中正區,10017010-018,平寮里,101,61,40,893,504,389,335,150,185,110Y12M
10017,基隆市,10017010,中正區,10017010-019,八斗里,122,54,68,1120,641,479,352,174,178,110Y12M
10017,基隆市,10017010,中正區,10017010-020,碧砂里,95,50,45,987,547,440,258,112,146,110Y12M
10017,基隆市,10017010,中正區,10017010-021,長潭里,37,17,20,314,169,145,130,67,63,110Y12M
10017,基隆市,10017010,中正區,10017010-022,砂子里,690,359,331,4962,2528,2434,901,452,449,110Y12M
10017,基隆市,10017010,中正區,10017010-023,中正里,107,48,59,1172,605,567,469,216,253,110Y12M
10017,基隆市,10017010,中正區,10017010-024,正濱里,37,15,22,677,385,292,243,95,148,110Y12M
10017,基隆市,10017010,中正區,10017010-025,新豐里,709,372,337,5084,2416,2668,829,350,479,110Y12M
10017,基隆市,10017010,中正區,10017010-026,新富里,524,280,244,4505,2291,2214,770,362,408,110Y12M
10017,基隆市,10017020,七堵區,10017020-001,長興里,451,219,232,2964,1515,1449,874,402,472,110Y12M
10017,基隆市,10017020,七堵區,10017020-002,正光里,341,181,160,1947,989,958,642,298,344,110Y12M
10017,基隆市,10017020,七堵區,10017020-003,富民里,413,219,194,2720,1383,1337,848,363,485,110Y12M
10017,基隆市,10017020,七堵區,10017020-004,永平里,231,117,114,1418,685,733,506,207,299,110Y12M
10017,基隆市,10017020,七堵區,10017020-005,永安里,263,128,135,1735,876,859,490,220,270,110Y12M
10017,基隆市,10017020,七堵區,10017020-006,八德里,201,112,89,1185,594,591,321,139,182,110Y12M
10017,基隆市,10017020,七堵區,10017020-007,自強里,158,78,80,932,495,437,251,114,137,110Y12M
10017,基隆市,10017020,七堵區,10017020-008,六堵里,204,112,92,1955,1023,932,376,181,195,110Y12M
10017,基隆市,10017020,七堵區,10017020-009,泰安里,481,233,248,3780,1919,1861,741,331,410,110Y12M
10017,基隆市,10017020,七堵區,10017020-010,堵北里,495,234,261,3137,1586,1551,613,291,322,110Y12M
10017,基隆市,10017020,七堵區,10017020-011,堵南里,205,103,102,1765,905,860,368,169,199,110Y12M
10017,基隆市,10017020,七堵區,10017020-012,瑪南里,37,24,13,329,194,135,91,46,45,110Y12M
10017,基隆市,10017020,七堵區,10017020-013,瑪東里,8,3,5,230,133,97,92,46,46,110Y12M
10017,基隆市,10017020,七堵區,10017020-014,瑪西里,16,10,6,252,134,118,73,37,36,110Y12M
10017,基隆市,10017020,七堵區,10017020-015,友一里,113,64,49,1629,844,785,365,169,196,110Y12M
10017,基隆市,10017020,七堵區,10017020-016,友二里,25,12,13,318,186,132,140,80,60,110Y12M
10017,基隆市,10017020,七堵區,10017020-017,正明里,252,137,115,1451,713,738,484,225,259,110Y12M
10017,基隆市,10017020,七堵區,10017020-018,百福里,878,452,426,5312,2652,2660,947,425,522,110Y12M
10017,基隆市,10017020,七堵區,10017020-019,實踐里,479,251,228,3228,1607,1621,661,289,372,110Y12M
10017,基隆市,10017020,七堵區,10017020-020,長安里,275,135,140,2206,1129,1077,374,186,188,110Y12M
10017,基隆市,10017030,暖暖區,10017030-001,八西里,140,81,59,1108,562,546,298,136,162,110Y12M
10017,基隆市,10017030,暖暖區,10017030-002,八堵里,52,29,23,481,259,222,155,77,78,110Y12M
10017,基隆市,10017030,暖暖區,10017030-003,八南里,58,24,34,634,328,306,163,72,91,110Y12M
10017,基隆市,10017030,暖暖區,10017030-004,過港里,385,218,167,2967,1482,1485,762,358,404,110Y12M
10017,基隆市,10017030,暖暖區,10017030-005,碇內里,359,178,181,2204,1069,1135,488,225,263,110Y12M
10017,基隆市,10017030,暖暖區,10017030-006,碇和里,340,180,160,2508,1256,1252,544,214,330,110Y12M
10017,基隆市,10017030,暖暖區,10017030-007,暖同里,253,119,134,2072,1114,958,551,269,282,110Y12M
10017,基隆市,10017030,暖暖區,10017030-008,暖暖里,301,162,139,2153,1086,1067,491,220,271,110Y12M
10017,基隆市,10017030,暖暖區,10017030-009,暖東里,35,14,21,331,194,137,84,41,43,110Y12M
10017,基隆市,10017030,暖暖區,10017030-010,暖西里,647,349,298,4107,2082,2025,789,380,409,110Y12M
10017,基隆市,10017030,暖暖區,10017030-011,八中里,39,18,21,326,195,131,86,40,46,110Y12M
10017,基隆市,10017030,暖暖區,10017030-012,碇安里,557,272,285,4213,2110,2103,796,348,448,110Y12M
10017,基隆市,10017030,暖暖區,10017030-013,碇祥里,796,393,403,5247,2594,2653,878,405,473,110Y12M
10017,基隆市,10017040,仁愛區,10017040-001,林泉里,449,231,218,1325,634,691,404,175,229,110Y12M
10017,基隆市,10017040,仁愛區,10017040-002,花崗里,337,172,165,849,387,462,219,89,130,110Y12M
10017,基隆市,10017040,仁愛區,10017040-003,虹橋里,504,274,230,1137,514,623,368,151,217,110Y12M
10017,基隆市,10017040,仁愛區,10017040-004,水錦里,655,338,317,1399,633,766,378,175,203,110Y12M
10017,基隆市,10017040,仁愛區,10017040-005,智仁里,750,377,373,1806,822,984,573,243,330,110Y12M
10017,基隆市,10017040,仁愛區,10017040-006,和明里,649,340,309,1360,583,777,360,146,214,110Y12M
10017,基隆市,10017040,仁愛區,10017040-007,忠勇里,221,117,104,716,338,378,219,93,126,110Y12M
10017,基隆市,10017040,仁愛區,10017040-008,玉田里,275,142,133,720,338,382,242,118,124,110Y12M
10017,基隆市,10017040,仁愛區,10017040-009,仁德里,119,59,60,572,271,301,268,126,142,110Y12M
10017,基隆市,10017040,仁愛區,10017040-010,博愛里,166,94,72,994,483,511,447,211,236,110Y12M
10017,基隆市,10017040,仁愛區,10017040-011,福仁里,34,16,18,521,287,234,214,89,125,110Y12M
10017,基隆市,10017040,仁愛區,10017040-012,誠仁里,54,33,21,699,383,316,226,91,135,110Y12M
10017,基隆市,10017040,仁愛區,10017040-013,吉仁里,132,64,68,1833,980,853,742,328,414,110Y12M
10017,基隆市,10017040,仁愛區,10017040-014,育仁里,47,30,17,547,309,238,180,82,98,110Y12M
10017,基隆市,10017040,仁愛區,10017040-015,英仁里,69,38,31,923,493,430,350,162,188,110Y12M
10017,基隆市,10017040,仁愛區,10017040-016,龍門里,43,23,20,605,342,263,176,83,93,110Y12M
10017,基隆市,10017040,仁愛區,10017040-017,德厚里,143,88,55,1415,735,680,345,146,199,110Y12M
10017,基隆市,10017040,仁愛區,10017040-018,曲水里,46,24,22,599,319,280,210,92,118,110Y12M
10017,基隆市,10017040,仁愛區,10017040-019,崇文里,56,35,21,620,314,306,249,119,130,110Y12M
10017,基隆市,10017040,仁愛區,10017040-020,文安里,51,25,26,596,325,271,242,95,147,110Y12M
10017,基隆市,10017040,仁愛區,10017040-021,兆連里,78,37,41,526,291,235,172,63,109,110Y12M
10017,基隆市,10017040,仁愛區,10017040-022,獅球里,71,40,31,738,410,328,246,98,148,110Y12M
10017,基隆市,10017040,仁愛區,10017040-023,書院里,87,34,53,808,441,367,266,114,152,110Y12M
10017,基隆市,10017040,仁愛區,10017040-024,朝棟里,240,131,109,2175,1098,1077,605,253,352,110Y12M
10017,基隆市,10017040,仁愛區,10017040-025,明德里,29,12,17,498,244,254,177,84,93,110Y12M
10017,基隆市,10017040,仁愛區,10017040-026,同風里,19,9,10,367,203,164,183,79,104,110Y12M
10017,基隆市,10017040,仁愛區,10017040-027,文昌里,28,14,14,453,254,199,254,126,128,110Y12M
10017,基隆市,10017040,仁愛區,10017040-028,新店里,57,32,25,359,188,171,206,93,113,110Y12M
10017,基隆市,10017040,仁愛區,10017040-029,光華里,188,93,95,1958,1060,898,606,266,340,110Y12M
10017,基隆市,10017050,中山區,10017050-001,新建里,52,27,25,562,299,263,226,100,126,110Y12M
10017,基隆市,10017050,中山區,10017050-002,安民里,71,28,43,746,384,362,269,127,142,110Y12M
10017,基隆市,10017050,中山區,10017050-003,安平里,49,24,25,567,305,262,196,76,120,110Y12M
10017,基隆市,10017050,中山區,10017050-004,中山里,66,36,30,735,397,338,260,115,145,110Y12M
10017,基隆市,10017050,中山區,10017050-005,民治里,27,12,15,556,301,255,208,81,127,110Y12M
10017,基隆市,10017050,中山區,10017050-006,中興里,92,46,46,971,514,457,286,114,172,110Y12M
10017,基隆市,10017050,中山區,10017050-007,仁正里,61,31,30,579,321,258,177,90,87,110Y12M
10017,基隆市,10017050,中山區,10017050-008,健民里,76,45,31,862,459,403,314,134,180,110Y12M
10017,基隆市,10017050,中山區,10017050-009,通化里,72,33,39,718,385,333,263,115,148,110Y12M
10017,基隆市,10017050,中山區,10017050-010,居仁里,92,31,61,968,512,456,338,145,193,110Y12M
10017,基隆市,10017050,中山區,10017050-011,通明里,127,58,69,1268,697,571,452,193,259,110Y12M
10017,基隆市,10017050,中山區,10017050-012,協和里,136,67,69,1212,667,545,337,166,171,110Y12M
10017,基隆市,10017050,中山區,10017050-013,文化里,83,42,41,1010,593,417,277,140,137,110Y12M
10017,基隆市,10017050,中山區,10017050-014,仙洞里,58,27,31,415,241,174,157,76,81,110Y12M
10017,基隆市,10017050,中山區,10017050-015,太白里,68,32,36,657,361,296,210,96,114,110Y12M
10017,基隆市,10017050,中山區,10017050-016,西榮里,33,17,16,481,267,214,184,87,97,110Y12M
10017,基隆市,10017050,中山區,10017050-017,西華里,74,39,35,574,290,284,261,117,144,110Y12M
10017,基隆市,10017050,中山區,10017050-018,西定里,78,36,42,683,369,314,233,109,124,110Y12M
10017,基隆市,10017050,中山區,10017050-019,西康里,116,59,57,1194,641,553,404,174,230,110Y12M
10017,基隆市,10017050,中山區,10017050-020,德和里,500,267,233,4322,2135,2187,1154,556,598,110Y12M
10017,基隆市,10017050,中山區,10017050-021,中和里,616,331,285,4767,2406,2361,899,410,489,110Y12M
10017,基隆市,10017050,中山區,10017050-022,德安里,385,200,185,3208,1627,1581,692,320,372,110Y12M
10017,基隆市,10017050,中山區,10017050-023,和平里,33,19,14,309,173,136,128,62,66,110Y12M
10017,基隆市,10017050,中山區,10017050-024,和慶里,742,387,355,5901,2972,2929,858,403,455,110Y12M
10017,基隆市,10017060,安樂區,10017060-001,西川里,97,50,47,919,491,428,275,127,148,110Y12M
10017,基隆市,10017060,安樂區,10017060-002,定國里,93,47,46,799,414,385,232,105,127,110Y12M
10017,基隆市,10017060,安樂區,10017060-003,新西里,131,74,57,993,575,418,347,151,196,110Y12M
10017,基隆市,10017060,安樂區,10017060-004,定邦里,73,38,35,716,374,342,319,138,181,110Y12M
10017,基隆市,10017060,安樂區,10017060-005,慈仁里,87,46,41,655,331,324,243,108,135,110Y12M
10017,基隆市,10017060,安樂區,10017060-006,干城里,228,109,119,1486,771,715,523,252,271,110Y12M
10017,基隆市,10017060,安樂區,10017060-007,永康里,205,111,94,1523,795,728,425,180,245,110Y12M
10017,基隆市,10017060,安樂區,10017060-008,嘉仁里,247,121,126,2464,1286,1178,763,343,420,110Y12M
10017,基隆市,10017060,安樂區,10017060-009,安和里,83,42,41,603,291,312,232,98,134,110Y12M
10017,基隆市,10017060,安樂區,10017060-010,樂一里,38,21,17,404,213,191,149,61,88,110Y12M
10017,基隆市,10017060,安樂區,10017060-011,外寮里,495,271,224,3280,1687,1593,720,321,399,110Y12M
10017,基隆市,10017060,安樂區,10017060-012,中崙里,205,129,76,1442,757,685,284,142,142,110Y12M
10017,基隆市,10017060,安樂區,10017060-013,內寮里,613,328,285,4747,2486,2261,766,357,409,110Y12M
10017,基隆市,10017060,安樂區,10017060-014,新崙里,617,324,293,3510,1792,1718,662,304,358,110Y12M
10017,基隆市,10017060,安樂區,10017060-015,三民里,297,153,144,1709,861,848,797,379,418,110Y12M
10017,基隆市,10017060,安樂區,10017060-016,四維里,629,332,297,3833,1900,1933,980,476,504,110Y12M
10017,基隆市,10017060,安樂區,10017060-017,五福里,326,167,159,2616,1331,1285,863,382,481,110Y12M
10017,基隆市,10017060,安樂區,10017060-018,六合里,396,195,201,3125,1506,1619,817,368,449,110Y12M
10017,基隆市,10017060,安樂區,10017060-019,七賢里,310,164,146,1743,914,829,726,317,409,110Y12M
10017,基隆市,10017060,安樂區,10017060-020,鶯歌里,282,141,141,2204,1173,1031,655,326,329,110Y12M
10017,基隆市,10017060,安樂區,10017060-021,武崙里,671,338,333,4346,2122,2224,645,274,371,110Y12M
10017,基隆市,10017060,安樂區,10017060-022,長樂里,335,166,169,2835,1360,1475,566,232,334,110Y12M
10017,基隆市,10017060,安樂區,10017060-023,興寮里,580,299,281,4178,2074,2104,700,309,391,110Y12M
10017,基隆市,10017060,安樂區,10017060-024,鶯安里,751,395,356,4346,1940,2406,807,333,474,110Y12M
10017,基隆市,10017060,安樂區,10017060-025,壯觀里,775,401,374,3935,1919,2016,530,227,303,110Y12M
10017,基隆市,10017070,信義區,10017070-001,仁壽里,143,68,75,757,351,406,311,136,175,110Y12M
10017,基隆市,10017070,信義區,10017070-002,仁義里,100,55,45,812,387,425,360,168,192,110Y12M
10017,基隆市,10017070,信義區,10017070-003,義昭里,119,61,58,942,467,475,346,150,196,110Y12M
10017,基隆市,10017070,信義區,10017070-004,義幸里,200,92,108,1578,804,774,702,291,411,110Y12M
10017,基隆市,10017070,信義區,10017070-005,義民里,49,23,26,520,259,261,216,92,124,110Y12M
10017,基隆市,10017070,信義區,10017070-006,義和里,121,63,58,1146,630,516,398,185,213,110Y12M
10017,基隆市,10017070,信義區,10017070-007,智慧里,31,15,16,562,276,286,180,70,110,110Y12M
10017,基隆市,10017070,信義區,10017070-008,智誠里,98,49,49,1098,610,488,399,179,220,110Y12M
10017,基隆市,10017070,信義區,10017070-009,禮儀里,95,54,41,1174,607,567,393,172,221,110Y12M
10017,基隆市,10017070,信義區,10017070-010,禮東里,102,59,43,1007,482,525,458,203,255,110Y12M
10017,基隆市,10017070,信義區,10017070-011,信綠里,211,113,98,1496,729,767,526,247,279,110Y12M
10017,基隆市,10017070,信義區,10017070-012,東光里,125,73,52,1440,731,709,416,198,218,110Y12M
10017,基隆市,10017070,信義區,10017070-013,東明里,208,99,109,2806,1409,1397,754,340,414,110Y12M
10017,基隆市,10017070,信義區,10017070-014,東安里,161,92,69,2103,1043,1060,673,297,376,110Y12M
10017,基隆市,10017070,信義區,10017070-015,孝岡里,165,89,76,1130,583,547,231,108,123,110Y12M
10017,基隆市,10017070,信義區,10017070-016,東信里,389,197,192,3348,1720,1628,806,360,446,110Y12M
10017,基隆市,10017070,信義區,10017070-017,孝深里,578,275,303,4333,2135,2198,593,270,323,110Y12M
10017,基隆市,10017070,信義區,10017070-018,孝賢里,415,202,213,2939,1421,1518,593,246,347,110Y12M
10017,基隆市,10017070,信義區,10017070-019,孝德里,292,153,139,2236,1144,1092,459,223,236,110Y12M
10017,基隆市,10017070,信義區,10017070-020,孝忠里,1273,705,568,6951,3353,3598,984,456,528,110Y12M
10018,新竹市,10018010,東區,10018010-001,南門里,60,30,30,519,271,248,191,84,107,110Y12M
10018,新竹市,10018010,東區,10018010-002,福德里,156,85,71,1130,598,532,334,148,186,110Y12M
10018,新竹市,10018010,東區,10018010-003,南市里,73,39,34,639,325,314,230,109,121,110Y12M
10018,新竹市,10018010,東區,10018010-004,關帝里,31,16,15,314,170,144,152,67,85,110Y12M
10018,新竹市,10018010,東區,10018010-005,東門里,65,29,36,360,188,172,155,77,78,110Y12M
10018,新竹市,10018010,東區,10018010-006,榮光里,29,13,16,173,82,91,89,44,45,110Y12M
10018,新竹市,10018010,東區,10018010-007,成功里,56,32,24,412,198,214,168,75,93,110Y12M
10018,新竹市,10018010,東區,10018010-008,下竹里,43,31,12,322,171,151,152,63,89,110Y12M
10018,新竹市,10018010,東區,10018010-009,竹蓮里,78,49,29,535,257,278,193,99,94,110Y12M
10018,新竹市,10018010,東區,10018010-010,寺前里,85,39,46,581,313,268,191,76,115,110Y12M
10018,新竹市,10018010,東區,10018010-011,育賢里,275,130,145,1452,826,626,315,177,138,110Y12M
10018,新竹市,10018010,東區,10018010-012,中正里,146,80,66,462,218,244,118,64,54,110Y12M
10018,新竹市,10018010,東區,10018010-013,公園里,814,424,390,2838,1348,1490,503,224,279,110Y12M
10018,新竹市,10018010,東區,10018010-014,頂竹里,307,171,136,2174,1078,1096,686,324,362,110Y12M
10018,新竹市,10018010,東區,10018010-015,南大里,149,91,58,1050,545,505,340,146,194,110Y12M
10018,新竹市,10018010,東區,10018010-016,振興里,734,394,340,4679,2281,2398,989,435,554,110Y12M
10018,新竹市,10018010,東區,10018010-017,親仁里,537,273,264,1548,700,848,327,138,189,110Y12M
10018,新竹市,10018010,東區,10018010-018,文華里,1172,603,569,3832,1771,2061,873,357,516,110Y12M
10018,新竹市,10018010,東區,10018010-019,復中里,1051,542,509,3498,1649,1849,861,368,493,110Y12M
10018,新竹市,10018010,東區,10018010-020,三民里,1108,550,558,3852,1803,2049,912,396,516,110Y12M
10018,新竹市,10018010,東區,10018010-021,東園里,2713,1433,1280,5468,2610,2858,695,292,403,110Y12M
10018,新竹市,10018010,東區,10018010-022,東勢里,1196,613,583,3099,1507,1592,343,158,185,110Y12M
10018,新竹市,10018010,東區,10018010-023,光復里,843,435,408,2550,1225,1325,403,180,223,110Y12M
10018,新竹市,10018010,東區,10018010-024,豐功里,1298,692,606,3955,1899,2056,694,302,392,110Y12M
10018,新竹市,10018010,東區,10018010-025,武功里,1012,516,496,3448,1662,1786,757,278,479,110Y12M
10018,新竹市,10018010,東區,10018010-026,綠水里,2182,1191,991,5681,2650,3031,920,382,538,110Y12M
10018,新竹市,10018010,東區,10018010-027,東山里,1000,536,464,2537,1222,1315,674,293,381,110Y12M
10018,新竹市,10018010,東區,10018010-028,光鎮里,603,320,283,2980,1469,1511,716,288,428,110Y12M
10018,新竹市,10018010,東區,10018010-029,新興里,393,189,204,2404,1226,1178,767,343,424,110Y12M
10018,新竹市,10018010,東區,10018010-030,柴橋里,723,378,345,4668,2311,2357,729,332,397,110Y12M
10018,新竹市,10018010,東區,10018010-031,高峰里,795,422,373,4747,2440,2307,1056,475,581,110Y12M
10018,新竹市,10018010,東區,10018010-032,仙宮里,197,113,84,1108,573,535,181,72,109,110Y12M
10018,新竹市,10018010,東區,10018010-033,光明里,652,333,319,2540,1252,1288,501,219,282,110Y12M
10018,新竹市,10018010,東區,10018010-035,立功里,123,64,59,742,390,352,178,71,107,110Y12M
10018,新竹市,10018010,東區,10018010-036,軍功里,602,328,274,2279,1151,1128,531,209,322,110Y12M
10018,新竹市,10018010,東區,10018010-037,建功里,899,484,415,3063,1576,1487,838,349,489,110Y12M
10018,新竹市,10018010,東區,10018010-038,前溪里,654,348,306,2306,1192,1114,541,260,281,110Y12M
10018,新竹市,10018010,東區,10018010-039,水源里,484,261,223,2703,1413,1290,673,312,361,110Y12M
10018,新竹市,10018010,東區,10018010-040,千甲里,360,185,175,1799,910,889,387,194,193,110Y12M
10018,新竹市,10018010,東區,10018010-041,埔頂里,2381,1232,1149,6244,3233,3011,500,219,281,110Y12M
10018,新竹市,10018010,東區,10018010-042,龍山里,4359,2253,2106,9130,4658,4472,650,284,366,110Y12M
10018,新竹市,10018010,東區,10018010-043,新莊里,1461,785,676,4719,2322,2397,763,335,428,110Y12M
10018,新竹市,10018010,東區,10018010-044,仙水里,1213,637,576,4058,1985,2073,516,226,290,110Y12M
10018,新竹市,10018010,東區,10018010-045,金山里,1010,539,471,4748,2425,2323,731,309,422,110Y12M
10018,新竹市,10018010,東區,10018010-046,關東里,1275,641,634,4321,2145,2176,736,315,421,110Y12M
10018,新竹市,10018010,東區,10018010-047,科園里,1984,1048,936,5674,2831,2843,917,438,479,110Y12M
10018,新竹市,10018010,東區,10018010-048,建華里,544,269,275,1971,1004,967,476,195,281,110Y12M
10018,新竹市,10018010,東區,10018010-049,新光里,490,250,240,2763,1423,1340,750,334,416,110Y12M
10018,新竹市,10018010,東區,10018010-050,復興里,1626,847,779,4516,2108,2408,742,333,409,110Y12M
10018,新竹市,10018010,東區,10018010-051,錦華里,526,278,248,1647,736,911,330,152,178,110Y12M
10018,新竹市,10018010,東區,10018010-052,湖濱里,448,237,211,2883,1421,1462,708,324,384,110Y12M
10018,新竹市,10018010,東區,10018010-053,明湖里,1043,531,512,4605,2269,2336,555,243,312,110Y12M
10018,新竹市,10018010,東區,10018010-054,關新里,1934,1017,917,4004,2001,2003,192,81,111,110Y12M
10018,新竹市,10018020,北區,10018020-001,西門里,65,35,30,456,240,216,122,62,60,110Y12M
10018,新竹市,10018020,北區,10018020-002,仁德里,63,32,31,545,268,277,195,90,105,110Y12M
10018,新竹市,10018020,北區,10018020-003,潛園里,58,27,31,547,295,252,206,88,118,110Y12M
10018,新竹市,10018020,北區,10018020-004,中央里,44,25,19,340,176,164,128,63,65,110Y12M
10018,新竹市,10018020,北區,10018020-005,崇禮里,86,48,38,813,412,401,295,143,152,110Y12M
10018,新竹市,10018020,北區,10018020-006,石坊里,38,16,22,384,184,200,138,52,86,110Y12M
10018,新竹市,10018020,北區,10018020-007,興南里,257,138,119,1070,483,587,303,126,177,110Y12M
10018,新竹市,10018020,北區,10018020-008,北門里,150,79,71,801,405,396,227,94,133,110Y12M
10018,新竹市,10018020,北區,10018020-009,中興里,156,75,81,717,355,362,183,89,94,110Y12M
10018,新竹市,10018020,北區,10018020-010,大同里,186,95,91,643,291,352,176,82,94,110Y12M
10018,新竹市,10018020,北區,10018020-011,中山里,163,82,81,673,326,347,190,90,100,110Y12M
10018,新竹市,10018020,北區,10018020-012,長和里,300,169,131,1136,552,584,279,126,153,110Y12M
10018,新竹市,10018020,北區,10018020-013,新民里,316,172,144,1297,637,660,342,152,190,110Y12M
10018,新竹市,10018020,北區,10018020-014,民富里,1230,639,591,4056,2011,2045,929,406,523,110Y12M
10018,新竹市,10018020,北區,10018020-015,水田里,469,242,227,2616,1272,1344,647,298,349,110Y12M
10018,新竹市,10018020,北區,10018020-016,文雅里,669,363,306,3328,1597,1731,836,346,490,110Y12M
10018,新竹市,10018020,北區,10018020-017,光田里,294,144,150,1663,847,816,494,220,274,110Y12M
10018,新竹市,10018020,北區,10018020-018,士林里,303,153,150,1563,810,753,362,154,208,110Y12M
10018,新竹市,10018020,北區,10018020-019,福林里,596,306,290,3212,1604,1608,705,303,402,110Y12M
10018,新竹市,10018020,北區,10018020-020,古賢里,123,59,64,646,362,284,210,96,114,110Y12M
10018,新竹市,10018020,北區,10018020-021,湳雅里,408,211,197,2427,1161,1266,434,190,244,110Y12M
10018,新竹市,10018020,北區,10018020-022,舊社里,1008,535,473,5267,2539,2728,961,407,554,110Y12M
10018,新竹市,10018020,北區,10018020-023,武陵里,627,336,291,3486,1710,1776,1169,460,709,110Y12M
10018,新竹市,10018020,北區,10018020-024,南寮里,737,372,365,5076,2577,2499,937,421,516,110Y12M
10018,新竹市,10018020,北區,10018020-025,舊港里,51,22,29,467,269,198,124,65,59,110Y12M
10018,新竹市,10018020,北區,10018020-026,康樂里,373,207,166,2635,1325,1310,446,196,250,110Y12M
10018,新竹市,10018020,北區,10018020-027,港北里,254,128,126,1784,902,882,297,130,167,110Y12M
10018,新竹市,10018020,北區,10018020-028,中寮里,529,271,258,3442,1732,1710,414,198,216,110Y12M
10018,新竹市,10018020,北區,10018020-029,海濱里,643,336,307,3913,1874,2039,471,226,245,110Y12M
10018,新竹市,10018020,北區,10018020-030,客雅里,385,209,176,1304,643,661,365,164,201,110Y12M
10018,新竹市,10018020,北區,10018020-031,育英里,800,419,381,2834,1348,1486,657,266,391,110Y12M
10018,新竹市,10018020,北區,10018020-032,曲溪里,661,323,338,4305,2221,2084,1028,505,523,110Y12M
10018,新竹市,10018020,北區,10018020-033,西雅里,355,196,159,2230,1108,1122,650,279,371,110Y12M
10018,新竹市,10018020,北區,10018020-034,南勢里,675,348,327,3639,1872,1767,782,334,448,110Y12M
10018,新竹市,10018020,北區,10018020-035,大鵬里,46,19,27,189,109,80,11,7,4,110Y12M
10018,新竹市,10018020,北區,10018020-036,境福里,903,468,435,3870,1890,1980,923,414,509,110Y12M
10018,新竹市,10018020,北區,10018020-037,磐石里,1393,717,676,4632,2229,2403,996,425,571,110Y12M
10018,新竹市,10018020,北區,10018020-038,新雅里,1165,579,586,3811,1892,1919,820,348,472,110Y12M
10018,新竹市,10018020,北區,10018020-039,光華里,481,238,243,3481,1804,1677,783,373,410,110Y12M
10018,新竹市,10018020,北區,10018020-040,金華里,750,374,376,4089,1936,2153,882,380,502,110Y12M
10018,新竹市,10018020,北區,10018020-041,金竹里,1175,568,607,5246,2570,2676,733,308,425,110Y12M
10018,新竹市,10018020,北區,10018020-042,湳中里,1152,615,537,6025,2871,3154,836,341,495,110Y12M
10018,新竹市,10018020,北區,10018020-043,金雅里,591,309,282,2773,1350,1423,425,192,233,110Y12M
10018,新竹市,10018020,北區,10018020-044,台溪里,203,98,105,1322,586,736,265,117,148,110Y12M
10018,新竹市,10018020,北區,10018020-045,中雅里,810,411,399,2870,1372,1498,608,248,360,110Y12M
10018,新竹市,10018030,香山區,10018030-001,港南里,363,175,188,2359,1233,1126,472,231,241,110Y12M
10018,新竹市,10018030,香山區,10018030-002,虎山里,696,360,336,4703,2452,2251,988,458,530,110Y12M
10018,新竹市,10018030,香山區,10018030-003,虎林里,279,143,136,1929,984,945,393,181,212,110Y12M
10018,新竹市,10018030,香山區,10018030-004,浸水里,395,214,181,2063,1078,985,400,197,203,110Y12M
10018,新竹市,10018030,香山區,10018030-005,樹下里,259,137,122,1722,887,835,435,207,228,110Y12M
10018,新竹市,10018030,香山區,10018030-006,埔前里,567,276,291,2774,1479,1295,538,249,289,110Y12M
10018,新竹市,10018030,香山區,10018030-007,中埔里,400,201,199,2452,1247,1205,519,238,281,110Y12M
10018,新竹市,10018030,香山區,10018030-008,牛埔里,607,327,280,4177,2104,2073,606,280,326,110Y12M
10018,新竹市,10018030,香山區,10018030-009,頂埔里,812,440,372,4544,2201,2343,651,273,378,110Y12M
10018,新竹市,10018030,香山區,10018030-010,東香里,571,299,272,3727,1920,1807,494,223,271,110Y12M
10018,新竹市,10018030,香山區,10018030-011,香村里,579,296,283,3213,1701,1512,513,252,261,110Y12M
10018,新竹市,10018030,香山區,10018030-012,香山里,766,414,352,3968,1981,1987,612,255,357,110Y12M
10018,新竹市,10018030,香山區,10018030-013,大庄里,482,222,260,2551,1300,1251,444,205,239,110Y12M
10018,新竹市,10018030,香山區,10018030-014,美山里,105,61,44,911,523,388,221,103,118,110Y12M
10018,新竹市,10018030,香山區,10018030-015,朝山里,292,154,138,1848,960,888,386,173,213,110Y12M
10018,新竹市,10018030,香山區,10018030-016,海山里,313,164,149,2013,1045,968,434,206,228,110Y12M
10018,新竹市,10018030,香山區,10018030-017,茄苳里,104,53,51,806,445,361,168,84,84,110Y12M
10018,新竹市,10018030,香山區,10018030-018,大湖里,66,43,23,734,417,317,171,88,83,110Y12M
10018,新竹市,10018030,香山區,10018030-019,南隘里,129,64,65,660,361,299,156,80,76,110Y12M
10018,新竹市,10018030,香山區,10018030-020,中隘里,227,119,108,1560,827,733,313,146,167,110Y12M
10018,新竹市,10018030,香山區,10018030-021,內湖里,646,340,306,3805,1925,1880,689,304,385,110Y12M
10018,新竹市,10018030,香山區,10018030-022,鹽水里,186,98,88,1272,692,580,264,112,152,110Y12M
10018,新竹市,10018030,香山區,10018030-023,南港里,116,58,58,632,348,284,175,83,92,110Y12M
10018,新竹市,10018030,香山區,10018030-024,頂福里,603,320,283,3998,2001,1997,615,255,360,110Y12M
10020,嘉義市,10020010,東區,10020010-001,荖藤里,1009,538,471,4196,1984,2212,560,244,316,110Y12M
10020,嘉義市,10020010,東區,10020010-002,後湖里,596,316,280,2942,1387,1555,568,245,323,110Y12M
10020,嘉義市,10020010,東區,10020010-003,仁義里,491,256,235,2480,1114,1366,466,197,269,110Y12M
10020,嘉義市,10020010,東區,10020010-004,中庄里,438,226,212,2738,1299,1439,625,277,348,110Y12M
10020,嘉義市,10020010,東區,10020010-005,頂庄里,334,175,159,1843,875,968,377,169,208,110Y12M
10020,嘉義市,10020010,東區,10020010-034,圳頭里,561,293,268,3440,1696,1744,943,342,601,110Y12M
10020,嘉義市,10020010,東區,10020010-035,新店里,482,227,255,3444,1673,1771,883,389,494,110Y12M
10020,嘉義市,10020010,東區,10020010-036,後庄里,505,246,259,3236,1588,1648,866,394,472,110Y12M
10020,嘉義市,10020010,東區,10020010-037,王田里,210,103,107,1766,830,936,577,227,350,110Y12M
10020,嘉義市,10020010,東區,10020010-038,東川里,233,106,127,1370,656,714,445,185,260,110Y12M
10020,嘉義市,10020010,東區,10020010-039,太平里,768,397,371,3607,1637,1970,779,328,451,110Y12M
10020,嘉義市,10020010,東區,10020010-041,盧厝里,344,186,158,1674,815,859,331,155,176,110Y12M
10020,嘉義市,10020010,東區,10020010-042,鹿寮里,128,80,48,879,453,426,220,117,103,110Y12M
10020,嘉義市,10020010,東區,10020010-043,長竹里,405,213,192,2468,1217,1251,555,262,293,110Y12M
10020,嘉義市,10020010,東區,10020010-044,短竹里,305,154,151,1919,933,986,520,230,290,110Y12M
10020,嘉義市,10020010,東區,10020010-045,新開里,249,136,113,1525,770,755,485,203,282,110Y12M
10020,嘉義市,10020010,東區,10020010-046,宣信里,127,66,61,925,456,469,354,160,194,110Y12M
10020,嘉義市,10020010,東區,10020010-047,興南里,168,84,84,1182,626,556,440,181,259,110Y12M
10020,嘉義市,10020010,東區,10020010-048,豐年里,169,82,87,946,500,446,303,129,174,110Y12M
10020,嘉義市,10020010,東區,10020010-049,芳草里,412,218,194,2922,1407,1515,697,290,407,110Y12M
10020,嘉義市,10020010,東區,10020010-050,芳安里,250,125,125,1734,860,874,519,214,305,110Y12M
10020,嘉義市,10020010,東區,10020010-051,頂寮里,374,195,179,2015,989,1026,561,245,316,110Y12M
10020,嘉義市,10020010,東區,10020010-052,安寮里,329,171,158,2131,1044,1087,686,298,388,110Y12M
10020,嘉義市,10020010,東區,10020010-053,興安里,490,265,225,2650,1317,1333,545,235,310,110Y12M
10020,嘉義市,10020010,東區,10020010-054,興村里,555,288,267,3398,1595,1803,617,261,356,110Y12M
10020,嘉義市,10020010,東區,10020010-055,興仁里,498,269,229,3017,1451,1566,700,322,378,110Y12M
10020,嘉義市,10020010,東區,10020010-056,過溝里,324,171,153,1466,716,750,549,253,296,110Y12M
10020,嘉義市,10020010,東區,10020010-057,民族里,167,86,81,1260,654,606,469,227,242,110Y12M
10020,嘉義市,10020010,東區,10020010-058,朝陽里,213,110,103,1413,746,667,544,252,292,110Y12M
10020,嘉義市,10020010,東區,10020010-059,華南里,186,84,102,1426,698,728,545,229,316,110Y12M
10020,嘉義市,10020010,東區,10020010-060,東興里,169,86,83,1284,634,650,557,241,316,110Y12M
10020,嘉義市,10020010,東區,10020010-061,中山里,252,118,134,1430,671,759,475,205,270,110Y12M
10020,嘉義市,10020010,東區,10020010-062,中央里,281,141,140,1550,785,765,640,305,335,110Y12M
10020,嘉義市,10020010,東區,10020010-063,林森里,798,402,396,1838,845,993,500,222,278,110Y12M
10020,嘉義市,10020010,東區,10020010-064,北門里,335,172,163,1520,742,778,606,272,334,110Y12M
10020,嘉義市,10020010,東區,10020010-065,蘭潭里,268,138,130,1891,901,990,427,184,243,110Y12M
10020,嘉義市,10020010,東區,10020010-066,文雅里,637,323,314,3310,1507,1803,571,240,331,110Y12M
10020,嘉義市,10020010,東區,10020010-067,安業里,211,110,101,1612,782,830,433,179,254,110Y12M
10020,嘉義市,10020010,東區,10020010-068,義教里,453,240,213,2282,1140,1142,565,251,314,110Y12M
10020,嘉義市,10020020,西區,10020020-001,香湖里,147,73,74,688,342,346,165,72,93,110Y12M
10020,嘉義市,10020020,西區,10020020-002,湖邊里,345,181,164,1727,812,915,407,168,239,110Y12M
10020,嘉義市,10020020,西區,10020020-003,北榮里,337,186,151,1901,934,967,409,192,217,110Y12M
10020,嘉義市,10020020,西區,10020020-005,重興里,313,175,138,1634,825,809,389,176,213,110Y12M
10020,嘉義市,10020020,西區,10020020-009,竹圍里,679,364,315,3933,1896,2037,717,308,409,110Y12M
10020,嘉義市,10020020,西區,10020020-010,新厝里,783,421,362,3604,1741,1863,748,334,414,110Y12M
10020,嘉義市,10020020,西區,10020020-011,保安里,453,232,221,2858,1382,1476,510,235,275,110Y12M
10020,嘉義市,10020020,西區,10020020-012,北湖里,449,237,212,2574,1301,1273,538,260,278,110Y12M
10020,嘉義市,10020020,西區,10020020-013,下埤里,175,100,75,1369,703,666,262,132,130,110Y12M
10020,嘉義市,10020020,西區,10020020-014,竹村里,125,68,57,935,487,448,218,101,117,110Y12M
10020,嘉義市,10020020,西區,10020020-015,大溪里,279,138,141,1809,902,907,451,230,221,110Y12M
10020,嘉義市,10020020,西區,10020020-016,福全里,525,293,232,3611,1758,1853,676,287,389,110Y12M
10020,嘉義市,10020020,西區,10020020-017,西平里,581,301,280,2864,1411,1453,499,219,280,110Y12M
10020,嘉義市,10020020,西區,10020020-018,磚■里,600,291,309,3027,1413,1614,569,222,347,110Y12M
10020,嘉義市,10020020,西區,10020020-019,港坪里,548,278,270,3091,1521,1570,452,198,254,110Y12M
10020,嘉義市,10020020,西區,10020020-020,頭港里,241,132,109,1629,838,791,295,144,151,110Y12M
10020,嘉義市,10020020,西區,10020020-021,劉厝里,1002,541,461,6257,3102,3155,995,406,589,110Y12M
10020,嘉義市,10020020,西區,10020020-022,新西里,292,161,131,1625,829,796,463,202,261,110Y12M
10020,嘉義市,10020020,西區,10020020-031,書院里,191,115,76,1430,741,689,495,218,277,110Y12M
10020,嘉義市,10020020,西區,10020020-045,培元里,276,141,135,1241,608,633,425,184,241,110Y12M
10020,嘉義市,10020020,西區,10020020-046,垂楊里,279,154,125,1537,769,768,449,189,260,110Y12M
10020,嘉義市,10020020,西區,10020020-047,車店里,1332,674,658,5009,2340,2669,1020,462,558,110Y12M
10020,嘉義市,10020020,西區,10020020-048,福民里,1364,684,680,4716,2213,2503,982,480,502,110Y12M
10020,嘉義市,10020020,西區,10020020-049,湖內里,917,483,434,4175,2022,2153,738,348,390,110Y12M
10020,嘉義市,10020020,西區,10020020-050,美源里,561,296,265,2848,1367,1481,862,380,482,110Y12M
10020,嘉義市,10020020,西區,10020020-051,育英里,244,125,119,1240,600,640,533,221,312,110Y12M
10020,嘉義市,10020020,西區,10020020-052,致遠里,303,161,142,1336,616,720,468,193,275,110Y12M
10020,嘉義市,10020020,西區,10020020-053,光路里,1025,543,482,4336,2134,2202,992,441,551,110Y12M
10020,嘉義市,10020020,西區,10020020-054,翠岱里,225,119,106,1073,523,550,383,156,227,110Y12M
10020,嘉義市,10020020,西區,10020020-055,自強里,281,154,127,1346,626,720,367,164,203,110Y12M
10020,嘉義市,10020020,西區,10020020-056,永和里,254,130,124,1483,756,727,446,185,261,110Y12M
10020,嘉義市,10020020,西區,10020020-057,新富里,178,110,68,1214,614,600,448,188,260,110Y12M
10020,嘉義市,10020020,西區,10020020-058,文化里,219,107,112,1548,777,771,675,316,359,110Y12M
10020,嘉義市,10020020,西區,10020020-059,西榮里,275,147,128,1680,825,855,626,310,316,110Y12M
10020,嘉義市,10020020,西區,10020020-060,國華里,110,65,45,913,449,464,383,187,196,110Y12M
10020,嘉義市,10020020,西區,10020020-061,番社里,114,50,64,968,509,459,435,181,254,110Y12M
10020,嘉義市,10020020,西區,10020020-062,導明里,146,85,61,1122,565,557,425,195,230,110Y12M
10020,嘉義市,10020020,西區,10020020-063,慶安里,210,115,95,1221,625,596,358,160,198,110Y12M
10020,嘉義市,10020020,西區,10020020-064,後驛里,226,121,105,1688,856,832,412,173,239,110Y12M
10020,嘉義市,10020020,西區,10020020-065,福安里,648,347,301,3795,1795,2000,581,251,330,110Y12M
10020,嘉義市,10020020,西區,10020020-066,獅子里,510,262,248,2377,1104,1273,438,174,264,110Y12M
10020,嘉義市,10020020,西區,10020020-067,紅瓦里,388,207,181,1345,680,665,279,122,157,110Y12M
10020,嘉義市,10020020,西區,10020020-068,保福里,594,297,297,3261,1552,1709,520,220,300,110Y12M
10020,嘉義市,10020020,西區,10020020-069,保生里,576,300,276,3708,1810,1898,797,355,442,110Y12M
10020,嘉義市,10020020,西區,10020020-070,北新里,228,128,100,988,503,485,189,87,102,110Y12M
09020,金門縣,09020010,金城鎮,09020010-001,東門里,583,314,269,4110,2020,2090,872,421,451,110Y12M
09020,金門縣,09020010,金城鎮,09020010-002,西門里,1248,669,579,8143,3973,4170,1765,816,949,110Y12M
09020,金門縣,09020010,金城鎮,09020010-003,南門里,586,284,302,4428,2212,2216,1057,483,574,110Y12M
09020,金門縣,09020010,金城鎮,09020010-004,北門里,448,251,197,3253,1648,1605,779,388,391,110Y12M
09020,金門縣,09020010,金城鎮,09020010-005,古城里,393,212,181,3436,1710,1726,706,347,359,110Y12M
09020,金門縣,09020010,金城鎮,09020010-006,金水里,165,83,82,1866,973,893,401,197,204,110Y12M
09020,金門縣,09020010,金城鎮,09020010-007,珠沙里,222,121,101,2428,1202,1226,565,284,281,110Y12M
09020,金門縣,09020010,金城鎮,09020010-008,賢庵里,450,229,221,4121,2086,2035,820,404,416,110Y12M
09020,金門縣,09020020,金沙鎮,09020020-001,汶沙里,508,262,246,4185,2066,2119,1025,480,545,110Y12M
09020,金門縣,09020020,金沙鎮,09020020-002,三山里,106,64,42,1607,794,813,397,197,200,110Y12M
09020,金門縣,09020020,金沙鎮,09020020-003,大洋里,92,47,45,975,494,481,212,104,108,110Y12M
09020,金門縣,09020020,金沙鎮,09020020-004,光前里,178,86,92,2032,1001,1031,399,193,206,110Y12M
09020,金門縣,09020020,金沙鎮,09020020-005,何斗里,139,79,60,1733,832,901,389,185,204,110Y12M
09020,金門縣,09020020,金沙鎮,09020020-006,西園里,108,54,54,1288,655,633,354,178,176,110Y12M
09020,金門縣,09020020,金沙鎮,09020020-007,官嶼里,149,79,70,1785,845,940,467,222,245,110Y12M
09020,金門縣,09020020,金沙鎮,09020020-008,浦山里,227,124,103,1992,955,1037,438,206,232,110Y12M
09020,金門縣,09020030,金湖鎮,09020030-001,新市里,400,213,187,3333,1627,1706,720,323,397,110Y12M
09020,金門縣,09020030,金湖鎮,09020030-002,山外里,355,179,176,2852,1478,1374,595,279,316,110Y12M
09020,金門縣,09020030,金湖鎮,09020030-003,正義里,226,123,103,2307,1178,1129,472,220,252,110Y12M
09020,金門縣,09020030,金湖鎮,09020030-004,料羅里,193,99,94,1888,1007,881,313,150,163,110Y12M
09020,金門縣,09020030,金湖鎮,09020030-005,瓊林里,413,207,206,2677,1318,1359,670,325,345,110Y12M
09020,金門縣,09020030,金湖鎮,09020030-006,新湖里,1104,554,550,7304,3697,3607,1100,530,570,110Y12M
09020,金門縣,09020030,金湖鎮,09020030-007,溪湖里,128,71,57,1327,646,681,302,151,151,110Y12M
09020,金門縣,09020030,金湖鎮,09020030-008,蓮庵里,155,80,75,1446,712,734,313,139,174,110Y12M
09020,金門縣,09020040,金寧鄉,09020040-001,古寧村,219,113,106,2736,1321,1415,708,355,353,110Y12M
09020,金門縣,09020040,金寧鄉,09020040-002,安美村,450,239,211,4567,2315,2252,765,381,384,110Y12M
09020,金門縣,09020040,金寧鄉,09020040-003,后盤村,170,81,89,1380,679,701,307,145,162,110Y12M
09020,金門縣,09020040,金寧鄉,09020040-004,湖埔村,843,440,403,7223,3723,3500,932,454,478,110Y12M
09020,金門縣,09020040,金寧鄉,09020040-005,榜林村,528,278,250,4582,2258,2324,898,457,441,110Y12M
09020,金門縣,09020040,金寧鄉,09020040-006,盤山村,676,356,320,6103,3001,3102,814,402,412,110Y12M
09020,金門縣,09020050,烈嶼鄉,09020050-001,上岐村,190,94,96,2357,1149,1208,569,269,300,110Y12M
09020,金門縣,09020050,烈嶼鄉,09020050-002,上林村,79,48,31,1195,564,631,263,122,141,110Y12M
09020,金門縣,09020050,烈嶼鄉,09020050-003,西口村,148,60,88,2001,985,1016,445,213,232,110Y12M
09020,金門縣,09020050,烈嶼鄉,09020050-004,林湖村,270,149,121,2787,1524,1263,615,298,317,110Y12M
09020,金門縣,09020050,烈嶼鄉,09020050-005,黃埔村,115,59,56,1426,691,735,283,125,158,110Y12M
09020,金門縣,09020060,烏坵鄉,09020060-001,大坵村,30,15,15,245,134,111,37,18,19,110Y12M
09020,金門縣,09020060,烏坵鄉,09020060-002,小坵村,45,18,27,276,141,135,39,17,22,110Y12M
09007,連江縣,09007010,南竿鄉,09007010-001,介壽村,326,162,164,1718,929,789,319,163,156,110Y12M
09007,連江縣,09007010,南竿鄉,09007010-002,復興村,144,74,70,798,462,336,147,80,67,110Y12M
09007,連江縣,09007010,南竿鄉,09007010-003,福沃村,91,48,43,652,399,253,125,65,60,110Y12M
09007,連江縣,09007010,南竿鄉,09007010-004,清水村,181,99,82,885,493,392,102,64,38,110Y12M
09007,連江縣,09007010,南竿鄉,09007010-005,仁愛村,79,45,34,512,312,200,91,50,41,110Y12M
09007,連江縣,09007010,南竿鄉,09007010-006,津沙村,28,13,15,321,187,134,95,64,31,110Y12M
09007,連江縣,09007010,南竿鄉,09007010-007,馬祖村,58,34,24,412,224,188,91,47,44,110Y12M
09007,連江縣,09007010,南竿鄉,09007010-008,珠螺村,21,11,10,264,174,90,29,16,13,110Y12M
09007,連江縣,09007010,南竿鄉,09007010-009,四維村,22,13,9,116,71,45,30,16,14,110Y12M
09007,連江縣,09007020,北竿鄉,09007020-001,塘岐村,116,60,56,993,572,421,167,86,81,110Y12M
09007,連江縣,09007020,北竿鄉,09007020-002,后沃村,21,14,7,178,99,79,44,24,20,110Y12M
09007,連江縣,09007020,北竿鄉,09007020-003,橋仔村,44,26,18,375,222,153,61,30,31,110Y12M
09007,連江縣,09007020,北竿鄉,09007020-004,芹壁村,19,8,11,349,230,119,52,29,23,110Y12M
09007,連江縣,09007020,北竿鄉,09007020-005,■里村,40,18,22,339,188,151,51,30,21,110Y12M
09007,連江縣,09007020,北竿鄉,09007020-006,白沙村,7,6,1,111,70,41,31,21,10,110Y12M
09007,連江縣,09007030,莒光鄉,09007030-001,青帆村,28,16,12,317,209,108,63,34,29,110Y12M
09007,連江縣,09007030,莒光鄉,09007030-002,田沃村,22,12,10,178,123,55,29,18,11,110Y12M
09007,連江縣,09007030,莒光鄉,09007030-003,西坵村,3,2,1,82,59,23,20,12,8,110Y12M
09007,連江縣,09007030,莒光鄉,09007030-004,福正村,16,8,8,175,108,67,46,28,18,110Y12M
09007,連江縣,09007030,莒光鄉,09007030-005,大坪村,35,24,11,393,247,146,89,44,45,110Y12M
09007,連江縣,09007040,東引鄉,09007040-001,中柳村,90,51,39,501,289,212,74,34,40,110Y12M
09007,連江縣,09007040,東引鄉,09007040-002,樂華村,80,47,33,682,458,224,67,39,28,110Y12M