COUNTY_ID,COUNTY,TOWN_ID,TOWN,V_ID,VILLAGE,H_CNT,P_CNT,M_CNT,F_CNT,INFO_TIME
縣市代碼,縣市名稱,鄉鎮市區代碼,鄉鎮市區名稱,村里代碼,村里名稱,戶數,人口數,男性人口數,女性人口數,資料時間
"65000","新北市","65000010","板橋區","65000010-001","留侯里",719,1663,791,872,"113Y12M"
"65000","新北市","65000010","板橋區","65000010-002","流芳里",637,1462,655,807,"113Y12M"
"65000","新北市","65000010","板橋區","65000010-003","赤松里",524,1094,502,592,"113Y12M"
"65000","新北市","65000010","板橋區","65000010-004","黃石里",557,1325,622,703,"113Y12M"
"65000","新北市","65000010","板橋區","65000010-005","挹秀里",844,1927,937,990,"113Y12M"
"65000","新北市","65000010","板橋區","65000010-006","湳興里",2454,5379,2577,2802,"113Y12M"
"65000","新北市","65000010","板橋區","65000010-007","新興里",1703,3362,1552,1810,"113Y12M"
"65000","新北市","65000010","板橋區","65000010-008","社後里",5938,9935,5642,4293,"113Y12M"
"65000","新北市","65000010","板橋區","65000010-009","香社里",1831,4452,2186,2266,"113Y12M"
"65000","新北市","65000010","板橋區","65000010-010","中正里",3926,8165,3945,4220,"113Y12M"
"65000","新北市","65000010","板橋區","65000010-011","自強里",2106,5021,2450,2571,"113Y12M"
"65000","新北市","65000010","板橋區","65000010-012","自立里",1121,2713,1285,1428,"113Y12M"
"65000","新北市","65000010","板橋區","65000010-013","光華里",1119,2566,1262,1304,"113Y12M"
"65000","新北市","65000010","板橋區","65000010-014","國光里",1577,3629,1760,1869,"113Y12M"
"65000","新北市","65000010","板橋區","65000010-015","港尾里",1151,2903,1394,1509,"113Y12M"
"65000","新北市","65000010","板橋區","65000010-016","金華里",1494,3751,1822,1929,"113Y12M"
"65000","新北市","65000010","板橋區","65000010-017","港德里",1937,4598,2254,2344,"113Y12M"
"65000","新北市","65000010","板橋區","65000010-018","民權里",1132,2722,1296,1426,"113Y12M"
"65000","新北市","65000010","板橋區","65000010-019","建國里",1395,3301,1571,1730,"113Y12M"
"65000","新北市","65000010","板橋區","65000010-020","漢生里",1876,4660,2214,2446,"113Y12M"
"65000","新北市","65000010","板橋區","65000010-021","公?里",1559,3921,1937,1984,"113Y12M"
"65000","新北市","65000010","板橋區","65000010-022","新民里",1748,4496,2166,2330,"113Y12M"
"65000","新北市","65000010","板橋區","65000010-023","幸福里",1632,3945,1918,2027,"113Y12M"
"65000","新北市","65000010","板橋區","65000010-024","忠誠里",1824,4429,2087,2342,"113Y12M"
"65000","新北市","65000010","板橋區","65000010-025","百壽里",1297,3035,1367,1668,"113Y12M"
"65000","新北市","65000010","板橋區","65000010-026","介壽里",1391,3349,1619,1730,"113Y12M"
"65000","新北市","65000010","板橋區","65000010-027","新埔里",889,2003,975,1028,"113Y12M"
"65000","新北市","65000010","板橋區","65000010-028","華江里",3571,8058,3680,4378,"113Y12M"
"65000","新北市","65000010","板橋區","65000010-029","江翠里",2281,5281,2566,2715,"113Y12M"
"65000","新北市","65000010","板橋區","65000010-030","純翠里",2407,5717,2712,3005,"113Y12M"
"65000","新北市","65000010","板橋區","65000010-031","溪頭里",5329,10526,5040,5486,"113Y12M"
"65000","新北市","65000010","板橋區","65000010-032","聯翠里",1730,3700,1718,1982,"113Y12M"
"65000","新北市","65000010","板橋區","65000010-033","宏翠里",2965,6048,2844,3204,"113Y12M"
"65000","新北市","65000010","板橋區","65000010-034","仁翠里",1115,2777,1362,1415,"113Y12M"
"65000","新北市","65000010","板橋區","65000010-035","新翠里",3396,8183,3863,4320,"113Y12M"
"65000","新北市","65000010","板橋區","65000010-036","吉翠里",1438,3666,1781,1885,"113Y12M"
"65000","新北市","65000010","板橋區","65000010-037","德翠里",2777,7096,3442,3654,"113Y12M"
"65000","新北市","65000010","板橋區","65000010-038","滿翠里",1169,2919,1407,1512,"113Y12M"
"65000","新北市","65000010","板橋區","65000010-039","明翠里",1939,4583,2191,2392,"113Y12M"
"65000","新北市","65000010","板橋區","65000010-040","松翠里",1472,3306,1562,1744,"113Y12M"
"65000","新北市","65000010","板橋區","65000010-041","柏翠里",3431,6560,3064,3496,"113Y12M"
"65000","新北市","65000010","板橋區","65000010-042","龍翠里",2050,4964,2407,2557,"113Y12M"
"65000","新北市","65000010","板橋區","65000010-043","華翠里",1392,3406,1649,1757,"113Y12M"
"65000","新北市","65000010","板橋區","65000010-044","忠翠里",4719,10795,5055,5740,"113Y12M"
"65000","新北市","65000010","板橋區","65000010-045","嵐翠里",969,2358,1176,1182,"113Y12M"
"65000","新北市","65000010","板橋區","65000010-046","文翠里",1573,3808,1859,1949,"113Y12M"
"65000","新北市","65000010","板橋區","65000010-047","青翠里",1225,2980,1502,1478,"113Y12M"
"65000","新北市","65000010","板橋區","65000010-048","懷翠里",2302,6048,2964,3084,"113Y12M"
"65000","新北市","65000010","板橋區","65000010-049","福翠里",570,1318,664,654,"113Y12M"
"65000","新北市","65000010","板橋區","65000010-050","港嘴里",2433,5899,2901,2998,"113Y12M"
"65000","新北市","65000010","板橋區","65000010-051","振興里",1719,4228,2022,2206,"113Y12M"
"65000","新北市","65000010","板橋區","65000010-052","振義里",1684,4111,1992,2119,"113Y12M"
"65000","新北市","65000010","板橋區","65000010-053","光復里",1413,3316,1665,1651,"113Y12M"
"65000","新北市","65000010","板橋區","65000010-054","埔墘里",2711,6206,2906,3300,"113Y12M"
"65000","新北市","65000010","板橋區","65000010-055","長壽里",1122,2833,1410,1423,"113Y12M"
"65000","新北市","65000010","板橋區","65000010-056","福壽里",1309,3240,1560,1680,"113Y12M"
"65000","新北市","65000010","板橋區","65000010-057","海山里",2872,8081,3798,4283,"113Y12M"
"65000","新北市","65000010","板橋區","65000010-058","九如里",1126,2870,1404,1466,"113Y12M"
"65000","新北市","65000010","板橋區","65000010-059","玉光里",2402,5855,2784,3071,"113Y12M"
"65000","新北市","65000010","板橋區","65000010-060","光仁里",1066,2888,1428,1460,"113Y12M"
"65000","新北市","65000010","板橋區","65000010-061","埤墘里",1853,4724,2251,2473,"113Y12M"
"65000","新北市","65000010","板橋區","65000010-062","永安里",1563,3940,1879,2061,"113Y12M"
"65000","新北市","65000010","板橋區","65000010-063","雙玉里",1613,4288,2092,2196,"113Y12M"
"65000","新北市","65000010","板橋區","65000010-064","廣新里",1335,3675,1782,1893,"113Y12M"
"65000","新北市","65000010","板橋區","65000010-065","深丘里",3880,9255,4427,4828,"113Y12M"
"65000","新北市","65000010","板橋區","65000010-066","香丘里",1514,3838,1836,2002,"113Y12M"
"65000","新北市","65000010","板橋區","65000010-067","西安里",1104,2798,1370,1428,"113Y12M"
"65000","新北市","65000010","板橋區","65000010-068","東丘里",1704,4635,2236,2399,"113Y12M"
"65000","新北市","65000010","板橋區","65000010-069","長安里",1709,4659,2213,2446,"113Y12M"
"65000","新北市","65000010","板橋區","65000010-070","福丘里",2361,5284,2430,2854,"113Y12M"
"65000","新北市","65000010","板橋區","65000010-071","福祿里",1780,4301,2011,2290,"113Y12M"
"65000","新北市","65000010","板橋區","65000010-072","民族里",1961,5116,2461,2655,"113Y12M"
"65000","新北市","65000010","板橋區","65000010-073","國泰里",1467,3625,1739,1886,"113Y12M"
"65000","新北市","65000010","板橋區","65000010-074","福德里",2013,5107,2535,2572,"113Y12M"
"65000","新北市","65000010","板橋區","65000010-075","景星里",1745,3614,1690,1924,"113Y12M"
"65000","新北市","65000010","板橋區","65000010-076","福星里",1385,3488,1667,1821,"113Y12M"
"65000","新北市","65000010","板橋區","65000010-077","鄉雲里",1693,3731,1750,1981,"113Y12M"
"65000","新北市","65000010","板橋區","65000010-078","廣德里",2806,6878,3329,3549,"113Y12M"
"65000","新北市","65000010","板橋區","65000010-079","大豐里",1808,4481,2162,2319,"113Y12M"
"65000","新北市","65000010","板橋區","65000010-080","重慶里",3410,8652,4146,4506,"113Y12M"
"65000","新北市","65000010","板橋區","65000010-081","仁愛里",1158,2939,1449,1490,"113Y12M"
"65000","新北市","65000010","板橋區","65000010-082","和平里",1890,4404,2029,2375,"113Y12M"
"65000","新北市","65000010","板橋區","65000010-083","廣福里",1551,3884,1888,1996,"113Y12M"
"65000","新北市","65000010","板橋區","65000010-084","華興里",1732,4240,2007,2233,"113Y12M"
"65000","新北市","65000010","板橋區","65000010-085","華貴里",1011,2506,1238,1268,"113Y12M"
"65000","新北市","65000010","板橋區","65000010-086","華德里",3060,6991,3345,3646,"113Y12M"
"65000","新北市","65000010","板橋區","65000010-087","華東里",3856,8287,3983,4304,"113Y12M"
"65000","新北市","65000010","板橋區","65000010-088","信義里",1786,4254,2083,2171,"113Y12M"
"65000","新北市","65000010","板橋區","65000010-089","浮洲里",1422,3578,1795,1783,"113Y12M"
"65000","新北市","65000010","板橋區","65000010-090","華中里",1989,5188,2567,2621,"113Y12M"
"65000","新北市","65000010","板橋區","65000010-091","僑中里",1595,4173,2089,2084,"113Y12M"
"65000","新北市","65000010","板橋區","65000010-092","中山里",3252,7336,3555,3781,"113Y12M"
"65000","新北市","65000010","板橋區","65000010-093","復興里",281,927,564,363,"113Y12M"
"65000","新北市","65000010","板橋區","65000010-094","大安里",1547,3957,1984,1973,"113Y12M"
"65000","新北市","65000010","板橋區","65000010-095","福安里",3676,7886,3749,4137,"113Y12M"
"65000","新北市","65000010","板橋區","65000010-096","聚安里",2007,5180,2553,2627,"113Y12M"
"65000","新北市","65000010","板橋區","65000010-097","龍安里",1072,2707,1290,1417,"113Y12M"
"65000","新北市","65000010","板橋區","65000010-098","崑崙里",3840,10115,4934,5181,"113Y12M"
"65000","新北市","65000010","板橋區","65000010-099","溪洲里",2250,5899,2879,3020,"113Y12M"
"65000","新北市","65000010","板橋區","65000010-100","溪北里",1413,3568,1738,1830,"113Y12M"
"65000","新北市","65000010","板橋區","65000010-101","香雅里",1458,3109,1520,1589,"113Y12M"
"65000","新北市","65000010","板橋區","65000010-102","新生里",1599,4145,2059,2086,"113Y12M"
"65000","新北市","65000010","板橋區","65000010-103","文德里",1503,3358,1643,1715,"113Y12M"
"65000","新北市","65000010","板橋區","65000010-104","文化里",1438,3338,1587,1751,"113Y12M"
"65000","新北市","65000010","板橋區","65000010-105","新海里",1274,3329,1647,1682,"113Y12M"
"65000","新北市","65000010","板橋區","65000010-106","莒光里",1139,2726,1329,1397,"113Y12M"
"65000","新北市","65000010","板橋區","65000010-107","富貴里",896,2253,1075,1178,"113Y12M"
"65000","新北市","65000010","板橋區","65000010-108","正泰里",1153,2971,1403,1568,"113Y12M"
"65000","新北市","65000010","板橋區","65000010-109","民生里",942,2248,1070,1178,"113Y12M"
"65000","新北市","65000010","板橋區","65000010-110","後埔里",1765,4038,1933,2105,"113Y12M"
"65000","新北市","65000010","板橋區","65000010-111","華福里",757,1939,915,1024,"113Y12M"
"65000","新北市","65000010","板橋區","65000010-112","堂春里",1537,4267,2097,2170,"113Y12M"
"65000","新北市","65000010","板橋區","65000010-113","成和里",2920,7413,3599,3814,"113Y12M"
"65000","新北市","65000010","板橋區","65000010-114","光榮里",1045,2509,1249,1260,"113Y12M"
"65000","新北市","65000010","板橋區","65000010-115","民安里",868,2128,996,1132,"113Y12M"
"65000","新北市","65000010","板橋區","65000010-116","陽明里",1058,2597,1277,1320,"113Y12M"
"65000","新北市","65000010","板橋區","65000010-117","朝陽里",1300,3307,1568,1739,"113Y12M"
"65000","新北市","65000010","板橋區","65000010-118","松柏里",985,2255,1075,1180,"113Y12M"
"65000","新北市","65000010","板橋區","65000010-119","文聖里",1433,3855,1863,1992,"113Y12M"
"65000","新北市","65000010","板橋區","65000010-120","居仁里",1639,3965,1945,2020,"113Y12M"
"65000","新北市","65000010","板橋區","65000010-121","莊敬里",1749,4474,2127,2347,"113Y12M"
"65000","新北市","65000010","板橋區","65000010-122","東安里",891,2490,1200,1290,"113Y12M"
"65000","新北市","65000010","板橋區","65000010-123","五權里",1624,4143,2050,2093,"113Y12M"
"65000","新北市","65000010","板橋區","65000010-124","溪福里",5296,14434,7014,7420,"113Y12M"
"65000","新北市","65000010","板橋區","65000010-125","大觀里",1346,3595,1774,1821,"113Y12M"
"65000","新北市","65000010","板橋區","65000010-126","歡園里",436,1114,584,530,"113Y12M"
"65000","新北市","65000020","三重區","65000020-001","大有里",2101,5245,2612,2633,"113Y12M"
"65000","新北市","65000020","三重區","65000020-002","二重里",676,1700,868,832,"113Y12M"
"65000","新北市","65000020","三重區","65000020-003","頂崁里",1164,2695,1357,1338,"113Y12M"
"65000","新北市","65000020","三重區","65000020-004","谷王里",1125,2106,1073,1033,"113Y12M"
"65000","新北市","65000020","三重區","65000020-005","中興里",1977,4322,2132,2190,"113Y12M"
"65000","新北市","65000020","三重區","65000020-006","德厚里",645,1074,534,540,"113Y12M"
"65000","新北市","65000020","三重區","65000020-007","成功里",3736,7823,3717,4106,"113Y12M"
"65000","新北市","65000020","三重區","65000020-008","福祉里",2747,6035,2917,3118,"113Y12M"
"65000","新北市","65000020","三重區","65000020-009","福民里",1343,3315,1597,1718,"113Y12M"
"65000","新北市","65000020","三重區","65000020-010","過田里",5712,9750,5356,4394,"113Y12M"
"65000","新北市","65000020","三重區","65000020-011","錦田里",936,2188,1088,1100,"113Y12M"
"65000","新北市","65000020","三重區","65000020-012","重明里",1827,4082,1949,2133,"113Y12M"
"65000","新北市","65000020","三重區","65000020-013","光田里",2040,4393,2104,2289,"113Y12M"
"65000","新北市","65000020","三重區","65000020-014","光陽里",2741,6305,3128,3177,"113Y12M"
"65000","新北市","65000020","三重區","65000020-015","田心里",1693,4007,1982,2025,"113Y12M"
"65000","新北市","65000020","三重區","65000020-016","福田里",1277,3353,1672,1681,"113Y12M"
"65000","新北市","65000020","三重區","65000020-017","田中里",2395,6266,3057,3209,"113Y12M"
"65000","新北市","65000020","三重區","65000020-018","田安里",2458,6122,2933,3189,"113Y12M"
"65000","新北市","65000020","三重區","65000020-019","三民里",1426,3489,1711,1778,"113Y12M"
"65000","新北市","65000020","三重區","65000020-020","光明里",3191,7558,3656,3902,"113Y12M"
"65000","新北市","65000020","三重區","65000020-021","光正里",1429,2905,1369,1536,"113Y12M"
"65000","新北市","65000020","三重區","65000020-022","同安里",898,1789,856,933,"113Y12M"
"65000","新北市","65000020","三重區","65000020-023","同慶里",784,1786,853,933,"113Y12M"
"65000","新北市","65000020","三重區","65000020-024","菜寮里",972,2247,1073,1174,"113Y12M"
"65000","新北市","65000020","三重區","65000020-025","永春里",834,1897,910,987,"113Y12M"
"65000","新北市","65000020","三重區","65000020-026","中正里",604,1385,665,720,"113Y12M"
"65000","新北市","65000020","三重區","65000020-027","吉利里",657,1388,671,717,"113Y12M"
"65000","新北市","65000020","三重區","65000020-028","大同里",992,2010,961,1049,"113Y12M"
"65000","新北市","65000020","三重區","65000020-029","中民里",507,1192,603,589,"113Y12M"
"65000","新北市","65000020","三重區","65000020-030","平和里",717,1561,784,777,"113Y12M"
"65000","新北市","65000020","三重區","65000020-031","大安里",699,1649,833,816,"113Y12M"
"65000","新北市","65000020","三重區","65000020-032","仁德里",912,1915,946,969,"113Y12M"
"65000","新北市","65000020","三重區","65000020-033","忠孝里",770,1803,851,952,"113Y12M"
"65000","新北市","65000020","三重區","65000020-034","仁義里",655,1472,738,734,"113Y12M"
"65000","新北市","65000020","三重區","65000020-035","光榮里",699,1363,669,694,"113Y12M"
"65000","新北市","65000020","三重區","65000020-036","光輝里",635,1439,703,736,"113Y12M"
"65000","新北市","65000020","三重區","65000020-037","福星里",626,1183,559,624,"113Y12M"
"65000","新北市","65000020","三重區","65000020-038","福利里",1088,2304,1038,1266,"113Y12M"
"65000","新北市","65000020","三重區","65000020-039","清和里",2035,4162,1947,2215,"113Y12M"
"65000","新北市","65000020","三重區","65000020-040","永興里",822,1572,723,849,"113Y12M"
"65000","新北市","65000020","三重區","65000020-041","中山里",1250,2689,1342,1347,"113Y12M"
"65000","新北市","65000020","三重區","65000020-042","大園里",1190,2800,1391,1409,"113Y12M"
"65000","新北市","65000020","三重區","65000020-043","國隆里",1573,3334,1614,1720,"113Y12M"
"65000","新北市","65000020","三重區","65000020-044","重陽里",1450,3427,1682,1745,"113Y12M"
"65000","新北市","65000020","三重區","65000020-045","民生里",1846,4344,2125,2219,"113Y12M"
"65000","新北市","65000020","三重區","65000020-046","重新里",681,1484,708,776,"113Y12M"
"65000","新北市","65000020","三重區","65000020-047","正德里",522,1120,553,567,"113Y12M"
"65000","新北市","65000020","三重區","65000020-048","正義里",770,1758,882,876,"113Y12M"
"65000","新北市","65000020","三重區","65000020-049","正安里",824,1826,880,946,"113Y12M"
"65000","新北市","65000020","三重區","65000020-050","自強里",767,1772,853,919,"113Y12M"
"65000","新北市","65000020","三重區","65000020-051","文化里",941,2157,1083,1074,"113Y12M"
"65000","新北市","65000020","三重區","65000020-052","中央里",907,1845,897,948,"113Y12M"
"65000","新北市","65000020","三重區","65000020-053","雙園里",431,956,461,495,"113Y12M"
"65000","新北市","65000020","三重區","65000020-054","錦通里",648,1416,674,742,"113Y12M"
"65000","新北市","65000020","三重區","65000020-055","錦安里",794,1825,872,953,"113Y12M"
"65000","新北市","65000020","三重區","65000020-056","長安里",914,2072,1007,1065,"113Y12M"
"65000","新北市","65000020","三重區","65000020-057","光華里",1235,2370,1096,1274,"113Y12M"
"65000","新北市","65000020","三重區","65000020-058","長生里",398,871,428,443,"113Y12M"
"65000","新北市","65000020","三重區","65000020-059","開元里",876,1746,852,894,"113Y12M"
"65000","新北市","65000020","三重區","65000020-060","大德里",366,803,383,420,"113Y12M"
"65000","新北市","65000020","三重區","65000020-061","長元里",1072,2443,1237,1206,"113Y12M"
"65000","新北市","65000020","三重區","65000020-062","長江里",937,2040,998,1042,"113Y12M"
"65000","新北市","65000020","三重區","65000020-063","長泰里",965,2194,1085,1109,"113Y12M"
"65000","新北市","65000020","三重區","65000020-064","長福里",678,1557,717,840,"113Y12M"
"65000","新北市","65000020","三重區","65000020-065","介壽里",526,1162,576,586,"113Y12M"
"65000","新北市","65000020","三重區","65000020-066","萬壽里",839,1966,973,993,"113Y12M"
"65000","新北市","65000020","三重區","65000020-067","錦江里",970,2319,1152,1167,"113Y12M"
"65000","新北市","65000020","三重區","65000020-068","龍濱里",1367,3291,1592,1699,"113Y12M"
"65000","新北市","65000020","三重區","65000020-069","龍門里",828,1909,948,961,"113Y12M"
"65000","新北市","65000020","三重區","65000020-070","秀江里",524,1251,611,640,"113Y12M"
"65000","新北市","65000020","三重區","65000020-071","奕壽里",820,1702,791,911,"113Y12M"
"65000","新北市","65000020","三重區","65000020-072","三安里",1248,2593,1250,1343,"113Y12M"
"65000","新北市","65000020","三重區","65000020-073","福安里",1291,2943,1430,1513,"113Y12M"
"65000","新北市","65000020","三重區","65000020-074","信安里",966,2076,994,1082,"113Y12M"
"65000","新北市","65000020","三重區","65000020-075","安慶里",915,1999,956,1043,"113Y12M"
"65000","新北市","65000020","三重區","65000020-076","幸福里",1973,4575,2241,2334,"113Y12M"
"65000","新北市","65000020","三重區","65000020-077","六合里",1554,3703,1851,1852,"113Y12M"
"65000","新北市","65000020","三重區","65000020-078","六福里",2154,5798,2840,2958,"113Y12M"
"65000","新北市","65000020","三重區","65000020-079","順德里",904,2150,1084,1066,"113Y12M"
"65000","新北市","65000020","三重區","65000020-080","承德里",693,1757,883,874,"113Y12M"
"65000","新北市","65000020","三重區","65000020-081","瑞德里",957,2381,1184,1197,"113Y12M"
"65000","新北市","65000020","三重區","65000020-082","崇德里",1598,3858,1940,1918,"113Y12M"
"65000","新北市","65000020","三重區","65000020-083","厚德里",1502,3609,1775,1834,"113Y12M"
"65000","新北市","65000020","三重區","65000020-084","維德里",1169,2833,1408,1425,"113Y12M"
"65000","新北市","65000020","三重區","65000020-085","尚德里",1272,3053,1420,1633,"113Y12M"
"65000","新北市","65000020","三重區","65000020-086","培德里",1441,3757,1817,1940,"113Y12M"
"65000","新北市","65000020","三重區","65000020-087","永德里",1936,4826,2348,2478,"113Y12M"
"65000","新北市","65000020","三重區","65000020-088","永盛里",1247,3220,1551,1669,"113Y12M"
"65000","新北市","65000020","三重區","65000020-089","永福里",2066,5234,2503,2731,"113Y12M"
"65000","新北市","65000020","三重區","65000020-090","永清里",2011,5348,2573,2775,"113Y12M"
"65000","新北市","65000020","三重區","65000020-091","永安里",1556,4071,1977,2094,"113Y12M"
"65000","新北市","65000020","三重區","65000020-092","永煇里",978,2414,1235,1179,"113Y12M"
"65000","新北市","65000020","三重區","65000020-093","溪美里",3822,9132,4423,4709,"113Y12M"
"65000","新北市","65000020","三重區","65000020-094","福隆里",1863,4576,2217,2359,"113Y12M"
"65000","新北市","65000020","三重區","65000020-095","五常里",3598,7589,3698,3891,"113Y12M"
"65000","新北市","65000020","三重區","65000020-096","五福里",1703,3936,1907,2029,"113Y12M"
"65000","新北市","65000020","三重區","65000020-097","仁忠里",1314,3194,1552,1642,"113Y12M"
"65000","新北市","65000020","三重區","65000020-098","慈福里",972,2250,1114,1136,"113Y12M"
"65000","新北市","65000020","三重區","65000020-099","慈生里",873,2193,1068,1125,"113Y12M"
"65000","新北市","65000020","三重區","65000020-100","慈惠里",962,2257,1108,1149,"113Y12M"
"65000","新北市","65000020","三重區","65000020-101","慈愛里",1391,3457,1670,1787,"113Y12M"
"65000","新北市","65000020","三重區","65000020-102","慈化里",934,2440,1163,1277,"113Y12M"
"65000","新北市","65000020","三重區","65000020-103","慈祐里",2017,5183,2547,2636,"113Y12M"
"65000","新北市","65000020","三重區","65000020-104","五華里",2183,5303,2531,2772,"113Y12M"
"65000","新北市","65000020","三重區","65000020-105","富貴里",3245,7302,3489,3813,"113Y12M"
"65000","新北市","65000020","三重區","65000020-106","富華里",1453,3471,1721,1750,"113Y12M"
"65000","新北市","65000020","三重區","65000020-107","富福里",840,2169,1036,1133,"113Y12M"
"65000","新北市","65000020","三重區","65000020-108","碧華里",4186,9372,4472,4900,"113Y12M"
"65000","新北市","65000020","三重區","65000020-109","五谷里",1024,2097,1068,1029,"113Y12M"
"65000","新北市","65000020","三重區","65000020-110","博愛里",1682,4461,2174,2287,"113Y12M"
"65000","新北市","65000020","三重區","65000020-111","福德里",1990,4309,2021,2288,"113Y12M"
"65000","新北市","65000020","三重區","65000020-112","永吉里",1200,2900,1397,1503,"113Y12M"
"65000","新北市","65000020","三重區","65000020-113","永發里",2236,5823,2906,2917,"113Y12M"
"65000","新北市","65000020","三重區","65000020-114","永順里",1899,4990,2396,2594,"113Y12M"
"65000","新北市","65000020","三重區","65000020-115","永豐里",2173,5863,2831,3032,"113Y12M"
"65000","新北市","65000020","三重區","65000020-116","立德里",1359,3344,1622,1722,"113Y12M"
"65000","新北市","65000020","三重區","65000020-117","福樂里",1587,3834,1867,1967,"113Y12M"
"65000","新北市","65000020","三重區","65000020-118","仁華里",1845,4489,2167,2322,"113Y12M"
"65000","新北市","65000020","三重區","65000020-119","五順里",1516,3924,1940,1984,"113Y12M"
"65000","新北市","65000030","中和區","65000030-001","中原里",4929,10124,4909,5215,"113Y12M"
"65000","新北市","65000030","中和區","65000030-002","平河里",3996,9272,4407,4865,"113Y12M"
"65000","新北市","65000030","中和區","65000030-003","信和里",1652,4104,2024,2080,"113Y12M"
"65000","新北市","65000030","中和區","65000030-004","仁和里",1511,3840,1894,1946,"113Y12M"
"65000","新北市","65000030","中和區","65000030-005","中正里",1559,3845,1837,2008,"113Y12M"
"65000","新北市","65000030","中和區","65000030-006","建和里",1582,3632,1717,1915,"113Y12M"
"65000","新北市","65000030","中和區","65000030-007","連和里",1435,2617,1181,1436,"113Y12M"
"65000","新北市","65000030","中和區","65000030-008","連城里",2727,6352,3001,3351,"113Y12M"
"65000","新北市","65000030","中和區","65000030-009","力行里",2542,6161,2914,3247,"113Y12M"
"65000","新北市","65000030","中和區","65000030-010","枋寮里",1595,3678,1782,1896,"113Y12M"
"65000","新北市","65000030","中和區","65000030-011","漳和里",1788,3906,1871,2035,"113Y12M"
"65000","新北市","65000030","中和區","65000030-012","廟美里",1824,4346,2084,2262,"113Y12M"
"65000","新北市","65000030","中和區","65000030-013","福真里",1779,4039,1968,2071,"113Y12M"
"65000","新北市","65000030","中和區","65000030-014","福善里",1929,4224,1966,2258,"113Y12M"
"65000","新北市","65000030","中和區","65000030-015","福美里",1738,4244,2060,2184,"113Y12M"
"65000","新北市","65000030","中和區","65000030-016","福祥里",2142,4985,2397,2588,"113Y12M"
"65000","新北市","65000030","中和區","65000030-017","瓦[?]里",2362,5442,2619,2823,"113Y12M"
"65000","新北市","65000030","中和區","65000030-018","福和里",1511,3537,1715,1822,"113Y12M"
"65000","新北市","65000030","中和區","65000030-019","佳和里",2296,4992,2340,2652,"113Y12M"
"65000","新北市","65000030","中和區","65000030-020","安樂里",1659,3578,1666,1912,"113Y12M"
"65000","新北市","65000030","中和區","65000030-021","安和里",1416,3026,1418,1608,"113Y12M"
"65000","新北市","65000030","中和區","65000030-022","安平里",2762,5737,2685,3052,"113Y12M"
"65000","新北市","65000030","中和區","65000030-023","中安里",2221,4390,2014,2376,"113Y12M"
"65000","新北市","65000030","中和區","65000030-024","泰安里",1477,3329,1562,1767,"113Y12M"
"65000","新北市","65000030","中和區","65000030-025","新南里",3666,8139,3734,4405,"113Y12M"
"65000","新北市","65000030","中和區","65000030-026","南山里",2275,5150,2491,2659,"113Y12M"
"65000","新北市","65000030","中和區","65000030-027","秀山里",1855,4494,2140,2354,"113Y12M"
"65000","新北市","65000030","中和區","65000030-028","秀成里",1372,3397,1646,1751,"113Y12M"
"65000","新北市","65000030","中和區","65000030-029","秀福里",2115,4927,2370,2557,"113Y12M"
"65000","新北市","65000030","中和區","65000030-030","秀景里",3014,6460,3029,3431,"113Y12M"
"65000","新北市","65000030","中和區","65000030-031","秀明里",2534,5121,2337,2784,"113Y12M"
"65000","新北市","65000030","中和區","65000030-032","秀峰里",2521,4918,2257,2661,"113Y12M"
"65000","新北市","65000030","中和區","65000030-033","秀仁里",1472,3292,1585,1707,"113Y12M"
"65000","新北市","65000030","中和區","65000030-034","頂南里",1109,2832,1370,1462,"113Y12M"
"65000","新北市","65000030","中和區","65000030-035","華新里",3403,8006,3800,4206,"113Y12M"
"65000","新北市","65000030","中和區","65000030-036","東南里",1780,4130,1981,2149,"113Y12M"
"65000","新北市","65000030","中和區","65000030-037","華南里",2134,5076,2503,2573,"113Y12M"
"65000","新北市","65000030","中和區","65000030-038","忠孝里",1879,4595,2233,2362,"113Y12M"
"65000","新北市","65000030","中和區","65000030-039","崇南里",2060,4374,2052,2322,"113Y12M"
"65000","新北市","65000030","中和區","65000030-040","景南里",1310,3019,1425,1594,"113Y12M"
"65000","新北市","65000030","中和區","65000030-041","橫路里",119,313,163,150,"113Y12M"
"65000","新北市","65000030","中和區","65000030-042","內南里",1855,4868,2438,2430,"113Y12M"
"65000","新北市","65000030","中和區","65000030-043","壽南里",1218,2731,1332,1399,"113Y12M"
"65000","新北市","65000030","中和區","65000030-044","外南里",4476,7496,4197,3299,"113Y12M"
"65000","新北市","65000030","中和區","65000030-045","復興里",2091,5034,2285,2749,"113Y12M"
"65000","新北市","65000030","中和區","65000030-046","和興里",2017,4406,2067,2339,"113Y12M"
"65000","新北市","65000030","中和區","65000030-047","景平里",3125,6144,2786,3358,"113Y12M"
"65000","新北市","65000030","中和區","65000030-048","景新里",1539,3504,1648,1856,"113Y12M"
"65000","新北市","65000030","中和區","65000030-049","景福里",3132,6320,2928,3392,"113Y12M"
"65000","新北市","65000030","中和區","65000030-050","景安里",2180,4815,2310,2505,"113Y12M"
"65000","新北市","65000030","中和區","65000030-051","景文里",1888,4061,1953,2108,"113Y12M"
"65000","新北市","65000030","中和區","65000030-052","錦和里",2095,5588,2763,2825,"113Y12M"
"65000","新北市","65000030","中和區","65000030-053","錦昌里",1041,2396,1181,1215,"113Y12M"
"65000","新北市","65000030","中和區","65000030-054","灰[?]里",262,779,401,378,"113Y12M"
"65000","新北市","65000030","中和區","65000030-055","積穗里",3617,8278,3981,4297,"113Y12M"
"65000","新北市","65000030","中和區","65000030-056","民享里",935,2395,1164,1231,"113Y12M"
"65000","新北市","65000030","中和區","65000030-057","員山里",2942,7052,3370,3682,"113Y12M"
"65000","新北市","65000030","中和區","65000030-058","嘉穗里",1128,2890,1442,1448,"113Y12M"
"65000","新北市","65000030","中和區","65000030-059","文元里",2040,4981,2414,2567,"113Y12M"
"65000","新北市","65000030","中和區","65000030-060","嘉新里",1511,3951,1932,2019,"113Y12M"
"65000","新北市","65000030","中和區","65000030-061","民安里",2145,5335,2624,2711,"113Y12M"
"65000","新北市","65000030","中和區","65000030-062","安穗里",1874,4523,2154,2369,"113Y12M"
"65000","新北市","65000030","中和區","65000030-063","瑞穗里",1033,2413,1122,1291,"113Y12M"
"65000","新北市","65000030","中和區","65000030-064","明穗里",1691,4382,2203,2179,"113Y12M"
"65000","新北市","65000030","中和區","65000030-065","清穗里",1475,3403,1677,1726,"113Y12M"
"65000","新北市","65000030","中和區","65000030-066","自強里",1952,4955,2448,2507,"113Y12M"
"65000","新北市","65000030","中和區","65000030-067","德穗里",1872,4476,2144,2332,"113Y12M"
"65000","新北市","65000030","中和區","65000030-068","民生里",1798,4081,1962,2119,"113Y12M"
"65000","新北市","65000030","中和區","65000030-069","國光里",1546,3746,1836,1910,"113Y12M"
"65000","新北市","65000030","中和區","65000030-070","壽德里",1869,4624,2185,2439,"113Y12M"
"65000","新北市","65000030","中和區","65000030-071","明德里",1573,3968,1921,2047,"113Y12M"
"65000","新北市","65000030","中和區","65000030-072","秀水里",1668,3817,1830,1987,"113Y12M"
"65000","新北市","65000030","中和區","65000030-073","德行里",2873,6715,3144,3571,"113Y12M"
"65000","新北市","65000030","中和區","65000030-074","宜安里",949,2038,966,1072,"113Y12M"
"65000","新北市","65000030","中和區","65000030-075","安順里",2015,4366,2040,2326,"113Y12M"
"65000","新北市","65000030","中和區","65000030-076","秀義里",1119,2672,1293,1379,"113Y12M"
"65000","新北市","65000030","中和區","65000030-077","秀士里",1106,2472,1174,1298,"113Y12M"
"65000","新北市","65000030","中和區","65000030-078","興南里",1269,3017,1441,1576,"113Y12M"
"65000","新北市","65000030","中和區","65000030-079","景本里",891,2026,974,1052,"113Y12M"
"65000","新北市","65000030","中和區","65000030-080","福南里",1599,4122,1989,2133,"113Y12M"
"65000","新北市","65000030","中和區","65000030-081","中興里",2854,6807,3250,3557,"113Y12M"
"65000","新北市","65000030","中和區","65000030-082","吉興里",1359,3010,1395,1615,"113Y12M"
"65000","新北市","65000030","中和區","65000030-083","中山里",1130,2732,1301,1431,"113Y12M"
"65000","新北市","65000030","中和區","65000030-084","碧河里",2404,5431,2636,2795,"113Y12M"
"65000","新北市","65000030","中和區","65000030-085","錦中里",1650,4247,2062,2185,"113Y12M"
"65000","新北市","65000030","中和區","65000030-086","錦盛里",1495,3773,1848,1925,"113Y12M"
"65000","新北市","65000030","中和區","65000030-087","民有里",1133,2663,1294,1369,"113Y12M"
"65000","新北市","65000030","中和區","65000030-088","員富里",1591,3762,1875,1887,"113Y12M"
"65000","新北市","65000030","中和區","65000030-089","嘉慶里",1716,4217,2059,2158,"113Y12M"
"65000","新北市","65000030","中和區","65000030-090","冠穗里",1294,3169,1589,1580,"113Y12M"
"65000","新北市","65000030","中和區","65000030-091","國華里",1415,3393,1683,1710,"113Y12M"
"65000","新北市","65000030","中和區","65000030-092","正南里",1377,3379,1712,1667,"113Y12M"
"65000","新北市","65000030","中和區","65000030-093","正行里",1276,2890,1317,1573,"113Y12M"
"65000","新北市","65000040","永和區","65000040-001","福林里",1462,3349,1590,1759,"113Y12M"
"65000","新北市","65000040","永和區","65000040-002","文化里",1232,2749,1309,1440,"113Y12M"
"65000","新北市","65000040","永和區","65000040-003","豫溪里",2906,5021,2586,2435,"113Y12M"
"65000","新北市","65000040","永和區","65000040-004","光明里",1331,2926,1329,1597,"113Y12M"
"65000","新北市","65000040","永和區","65000040-005","仁愛里",1204,2673,1291,1382,"113Y12M"
"65000","新北市","65000040","永和區","65000040-006","永貞里",1445,3339,1545,1794,"113Y12M"
"65000","新北市","65000040","永和區","65000040-007","永福里",1161,2734,1302,1432,"113Y12M"
"65000","新北市","65000040","永和區","65000040-008","民治里",1253,2897,1285,1612,"113Y12M"
"65000","新北市","65000040","永和區","65000040-009","永成里",417,960,461,499,"113Y12M"
"65000","新北市","65000040","永和區","65000040-010","忠義里",296,727,355,372,"113Y12M"
"65000","新北市","65000040","永和區","65000040-011","永元里",1947,4773,2209,2564,"113Y12M"
"65000","新北市","65000040","永和區","65000040-012","秀林里",1766,4159,2025,2134,"113Y12M"
"65000","新北市","65000040","永和區","65000040-013","保安里",2999,6991,3310,3681,"113Y12M"
"65000","新北市","65000040","永和區","65000040-014","中溪里",2130,5005,2446,2559,"113Y12M"
"65000","新北市","65000040","永和區","65000040-015","永安里",1864,4237,1964,2273,"113Y12M"
"65000","新北市","65000040","永和區","65000040-016","民族里",1913,4734,2207,2527,"113Y12M"
"65000","新北市","65000040","永和區","65000040-017","民權里",1776,4551,2127,2424,"113Y12M"
"65000","新北市","65000040","永和區","65000040-018","中興里",1518,3262,1479,1783,"113Y12M"
"65000","新北市","65000040","永和區","65000040-019","勵行里",609,1237,572,665,"113Y12M"
"65000","新北市","65000040","永和區","65000040-020","秀朗里",1595,3919,1919,2000,"113Y12M"
"65000","新北市","65000040","永和區","65000040-021","秀成里",1166,2751,1350,1401,"113Y12M"
"65000","新北市","65000040","永和區","65000040-022","上溪里",961,1914,867,1047,"113Y12M"
"65000","新北市","65000040","永和區","65000040-023","竹林里",1546,3549,1670,1879,"113Y12M"
"65000","新北市","65000040","永和區","65000040-024","雙和里",1760,3979,1804,2175,"113Y12M"
"65000","新北市","65000040","永和區","65000040-025","安和里",1778,3866,1751,2115,"113Y12M"
"65000","新北市","65000040","永和區","65000040-026","水源里",1646,3866,1839,2027,"113Y12M"
"65000","新北市","65000040","永和區","65000040-027","協和里",1286,2872,1363,1509,"113Y12M"
"65000","新北市","65000040","永和區","65000040-028","河堤里",1610,3407,1618,1789,"113Y12M"
"65000","新北市","65000040","永和區","65000040-029","頂溪里",1112,2462,1166,1296,"113Y12M"
"65000","新北市","65000040","永和區","65000040-030","潭墘里",2007,4608,2088,2520,"113Y12M"
"65000","新北市","65000040","永和區","65000040-031","潭安里",2081,4883,2302,2581,"113Y12M"
"65000","新北市","65000040","永和區","65000040-032","大新里",1227,2665,1200,1465,"113Y12M"
"65000","新北市","65000040","永和區","65000040-033","保平里",2080,4917,2352,2565,"113Y12M"
"65000","新北市","65000040","永和區","65000040-034","民本里",1662,4177,1936,2241,"113Y12M"
"65000","新北市","65000040","永和區","65000040-035","民樂里",1956,4573,2205,2368,"113Y12M"
"65000","新北市","65000040","永和區","65000040-036","光復里",785,1665,765,900,"113Y12M"
"65000","新北市","65000040","永和區","65000040-037","復興里",1061,2377,1133,1244,"113Y12M"
"65000","新北市","65000040","永和區","65000040-038","福和里",2355,5182,2409,2773,"113Y12M"
"65000","新北市","65000040","永和區","65000040-039","得和里",1799,4095,1900,2195,"113Y12M"
"65000","新北市","65000040","永和區","65000040-040","智光里",1362,3216,1508,1708,"113Y12M"
"65000","新北市","65000040","永和區","65000040-041","新生里",448,921,446,475,"113Y12M"
"65000","新北市","65000040","永和區","65000040-042","大同里",502,1041,512,529,"113Y12M"
"65000","新北市","65000040","永和區","65000040-043","前溪里",979,2079,980,1099,"113Y12M"
"65000","新北市","65000040","永和區","65000040-044","和平里",2099,4860,2260,2600,"113Y12M"
"65000","新北市","65000040","永和區","65000040-045","新?里",993,2140,1047,1093,"113Y12M"
"65000","新北市","65000040","永和區","65000040-046","下溪里",2048,4637,2240,2397,"113Y12M"
"65000","新北市","65000040","永和區","65000040-047","秀和里",2088,4940,2352,2588,"113Y12M"
"65000","新北市","65000040","永和區","65000040-048","河濱里",1363,3234,1551,1683,"113Y12M"
"65000","新北市","65000040","永和區","65000040-049","民生里",1531,3956,1855,2101,"113Y12M"
"65000","新北市","65000040","永和區","65000040-050","秀得里",1071,2695,1295,1400,"113Y12M"
"65000","新北市","65000040","永和區","65000040-051","上林里",1486,3458,1646,1812,"113Y12M"
"65000","新北市","65000040","永和區","65000040-052","網溪里",494,1157,558,599,"113Y12M"
"65000","新北市","65000040","永和區","65000040-053","正興里",1032,2180,1005,1175,"113Y12M"
"65000","新北市","65000040","永和區","65000040-054","永興里",1283,3147,1481,1666,"113Y12M"
"65000","新北市","65000040","永和區","65000040-055","桂林里",1574,3717,1766,1951,"113Y12M"
"65000","新北市","65000040","永和區","65000040-056","店街里",1996,4259,1926,2333,"113Y12M"
"65000","新北市","65000040","永和區","65000040-057","信義里",1227,2490,1125,1365,"113Y12M"
"65000","新北市","65000040","永和區","65000040-058","後溪里",1029,2162,1044,1118,"113Y12M"
"65000","新北市","65000040","永和區","65000040-059","民富里",1142,2974,1454,1520,"113Y12M"
"65000","新北市","65000040","永和區","65000040-060","秀元里",1263,3113,1468,1645,"113Y12M"
"65000","新北市","65000040","永和區","65000040-061","永樂里",1106,2300,1015,1285,"113Y12M"
"65000","新北市","65000040","永和區","65000040-062","保順里",4827,11015,5156,5859,"113Y12M"
"65000","新北市","65000050","新莊區","65000050-001","海山里",2249,5430,2655,2775,"113Y12M"
"65000","新北市","65000050","新莊區","65000050-002","頭前里",5815,11952,5841,6111,"113Y12M"
"65000","新北市","65000050","新莊區","65000050-003","國泰里",499,1320,657,663,"113Y12M"
"65000","新北市","65000050","新莊區","65000050-004","全安里",1845,4476,2121,2355,"113Y12M"
"65000","新北市","65000050","新莊區","65000050-005","福基里",3006,6279,3089,3190,"113Y12M"
"65000","新北市","65000050","新莊區","65000050-006","豐年里",1392,3616,1774,1842,"113Y12M"
"65000","新北市","65000050","新莊區","65000050-007","忠孝里",2319,5180,2507,2673,"113Y12M"
"65000","新北市","65000050","新莊區","65000050-008","恆安里",1706,4439,2150,2289,"113Y12M"
"65000","新北市","65000050","新莊區","65000050-009","後港里",2690,7068,3452,3616,"113Y12M"
"65000","新北市","65000050","新莊區","65000050-010","文衡里",908,2195,1064,1131,"113Y12M"
"65000","新北市","65000050","新莊區","65000050-011","中美里",2532,6258,2965,3293,"113Y12M"
"65000","新北市","65000050","新莊區","65000050-012","八德里",1232,3100,1489,1611,"113Y12M"
"65000","新北市","65000050","新莊區","65000050-013","興漢里",1414,3310,1608,1702,"113Y12M"
"65000","新北市","65000050","新莊區","65000050-014","中和里",1729,4473,2179,2294,"113Y12M"
"65000","新北市","65000050","新莊區","65000050-015","西盛里",5670,14166,6937,7229,"113Y12M"
"65000","新北市","65000050","新莊區","65000050-016","榮和里",3711,6055,3511,2544,"113Y12M"
"65000","新北市","65000050","新莊區","65000050-017","中泰里",1795,4327,2119,2208,"113Y12M"
"65000","新北市","65000050","新莊區","65000050-018","瓊林里",1928,5133,2591,2542,"113Y12M"
"65000","新北市","65000050","新莊區","65000050-019","文德里",751,1786,870,916,"113Y12M"
"65000","新北市","65000050","新莊區","65000050-020","中誠里",874,2072,1019,1053,"113Y12M"
"65000","新北市","65000050","新莊區","65000050-021","裕民里",2742,7100,3486,3614,"113Y12M"
"65000","新北市","65000050","新莊區","65000050-022","文明里",675,1706,826,880,"113Y12M"
"65000","新北市","65000050","新莊區","65000050-023","中港里",2280,6467,3092,3375,"113Y12M"
"65000","新北市","65000050","新莊區","65000050-024","富國里",924,2245,1113,1132,"113Y12M"
"65000","新北市","65000050","新莊區","65000050-025","思源里",2219,5404,2624,2780,"113Y12M"
"65000","新北市","65000050","新莊區","65000050-026","立人里",867,2143,1015,1128,"113Y12M"
"65000","新北市","65000050","新莊區","65000050-027","南港里",2049,5177,2518,2659,"113Y12M"
"65000","新北市","65000050","新莊區","65000050-028","仁愛里",1062,2559,1232,1327,"113Y12M"
"65000","新北市","65000050","新莊區","65000050-029","立德里",993,2434,1171,1263,"113Y12M"
"65000","新北市","65000050","新莊區","65000050-030","信義里",2084,5196,2456,2740,"113Y12M"
"65000","新北市","65000050","新莊區","65000050-031","立言里",1909,4876,2325,2551,"113Y12M"
"65000","新北市","65000050","新莊區","65000050-032","民安里",2213,6140,2934,3206,"113Y12M"
"65000","新北市","65000050","新莊區","65000050-033","和平里",1809,4712,2298,2414,"113Y12M"
"65000","新北市","65000050","新莊區","65000050-034","立功里",1431,3548,1707,1841,"113Y12M"
"65000","新北市","65000050","新莊區","65000050-035","民本里",1154,2986,1491,1495,"113Y12M"
"65000","新北市","65000050","新莊區","65000050-036","化成里",1787,4173,2066,2107,"113Y12M"
"65000","新北市","65000050","新莊區","65000050-037","立志里",1541,3788,1821,1967,"113Y12M"
"65000","新北市","65000050","新莊區","65000050-038","光華里",2777,7402,3649,3753,"113Y12M"
"65000","新北市","65000050","新莊區","65000050-039","思賢里",1640,4195,2054,2141,"113Y12M"
"65000","新北市","65000050","新莊區","65000050-040","營盤里",718,1673,855,818,"113Y12M"
"65000","新北市","65000050","新莊區","65000050-041","光榮里",1642,4670,2265,2405,"113Y12M"
"65000","新北市","65000050","新莊區","65000050-042","自強里",1114,2517,1251,1266,"113Y12M"
"65000","新北市","65000050","新莊區","65000050-043","丹鳳里",3743,9265,4463,4802,"113Y12M"
"65000","新北市","65000050","新莊區","65000050-044","光明里",1792,5115,2501,2614,"113Y12M"
"65000","新北市","65000050","新莊區","65000050-045","自立里",2200,5245,2513,2732,"113Y12M"
"65000","新北市","65000050","新莊區","65000050-046","合鳳里",1775,4651,2286,2365,"113Y12M"
"65000","新北市","65000050","新莊區","65000050-047","幸福里",1645,4187,1994,2193,"113Y12M"
"65000","新北市","65000050","新莊區","65000050-048","雙鳳里",5054,12730,6211,6519,"113Y12M"
"65000","新北市","65000050","新莊區","65000050-049","自信里",996,2426,1144,1282,"113Y12M"
"65000","新北市","65000050","新莊區","65000050-050","龍鳳里",4611,11018,5172,5846,"113Y12M"
"65000","新北市","65000050","新莊區","65000050-051","中華里",1233,2874,1386,1488,"113Y12M"
"65000","新北市","65000050","新莊區","65000050-052","中隆里",2861,6682,3134,3548,"113Y12M"
"65000","新北市","65000050","新莊區","65000050-053","中原里",6923,16192,7684,8508,"113Y12M"
"65000","新北市","65000050","新莊區","65000050-054","中信里",3314,9110,4425,4685,"113Y12M"
"65000","新北市","65000050","新莊區","65000050-055","四維里",1895,4667,2226,2441,"113Y12M"
"65000","新北市","65000050","新莊區","65000050-056","建福里",915,2440,1197,1243,"113Y12M"
"65000","新北市","65000050","新莊區","65000050-057","中宏里",1416,3635,1762,1873,"113Y12M"
"65000","新北市","65000050","新莊區","65000050-058","中全里",1338,3424,1735,1689,"113Y12M"
"65000","新北市","65000050","新莊區","65000050-059","立泰里",2317,5545,2675,2870,"113Y12M"
"65000","新北市","65000050","新莊區","65000050-060","全泰里",1968,4887,2348,2539,"113Y12M"
"65000","新北市","65000050","新莊區","65000050-061","仁義里",1447,3600,1812,1788,"113Y12M"
"65000","新北市","65000050","新莊區","65000050-062","立基里",2381,6058,2954,3104,"113Y12M"
"65000","新北市","65000050","新莊區","65000050-063","昌明里",1343,3483,1697,1786,"113Y12M"
"65000","新北市","65000050","新莊區","65000050-064","昌平里",5063,10569,4926,5643,"113Y12M"
"65000","新北市","65000050","新莊區","65000050-065","文聖里",1617,3670,1692,1978,"113Y12M"
"65000","新北市","65000050","新莊區","65000050-066","萬安里",1559,3750,1791,1959,"113Y12M"
"65000","新北市","65000050","新莊區","65000050-067","龍安里",878,2307,1125,1182,"113Y12M"
"65000","新北市","65000050","新莊區","65000050-068","福營里",1050,2305,1163,1142,"113Y12M"
"65000","新北市","65000050","新莊區","65000050-069","後德里",1122,3012,1513,1499,"113Y12M"
"65000","新北市","65000050","新莊區","65000050-070","建安里",2619,6844,3294,3550,"113Y12M"
"65000","新北市","65000050","新莊區","65000050-071","成德里",1884,5083,2450,2633,"113Y12M"
"65000","新北市","65000050","新莊區","65000050-072","福興里",2379,6270,3161,3109,"113Y12M"
"65000","新北市","65000050","新莊區","65000050-073","昌信里",1489,3848,1861,1987,"113Y12M"
"65000","新北市","65000050","新莊區","65000050-074","昌隆里",1751,4390,2084,2306,"113Y12M"
"65000","新北市","65000050","新莊區","65000050-075","中平里",4083,10354,4778,5576,"113Y12M"
"65000","新北市","65000050","新莊區","65000050-076","立廷里",5372,13684,6435,7249,"113Y12M"
"65000","新北市","65000050","新莊區","65000050-077","泰豐里",1092,2577,1249,1328,"113Y12M"
"65000","新北市","65000050","新莊區","65000050-078","富民里",1560,3886,1873,2013,"113Y12M"
"65000","新北市","65000050","新莊區","65000050-079","龍福里",899,2242,1087,1155,"113Y12M"
"65000","新北市","65000050","新莊區","65000050-080","祥鳳里",942,2477,1209,1268,"113Y12M"
"65000","新北市","65000050","新莊區","65000050-081","民全里",1426,3809,1881,1928,"113Y12M"
"65000","新北市","65000050","新莊區","65000050-082","民有里",1580,3982,1885,2097,"113Y12M"
"65000","新北市","65000050","新莊區","65000050-083","光正里",1672,4681,2329,2352,"113Y12M"
"65000","新北市","65000050","新莊區","65000050-084","光和里",975,2783,1344,1439,"113Y12M"
"65000","新北市","65000060","新店區","65000060-001","國豐里",1380,3012,1372,1640,"113Y12M"
"65000","新北市","65000060","新店區","65000060-002","明德里",1832,3973,1866,2107,"113Y12M"
"65000","新北市","65000060","新店區","65000060-003","大豐里",1644,3608,1677,1931,"113Y12M"
"65000","新北市","65000060","新店區","65000060-004","大同里",1746,3705,1778,1927,"113Y12M"
"65000","新北市","65000060","新店區","65000060-005","江陵里",2433,5487,2521,2966,"113Y12M"
"65000","新北市","65000060","新店區","65000060-006","寶興里",2727,5630,2625,3005,"113Y12M"
"65000","新北市","65000060","新店區","65000060-007","寶安里",2665,5291,2418,2873,"113Y12M"
"65000","新北市","65000060","新店區","65000060-008","信義里",3256,6490,3066,3424,"113Y12M"
"65000","新北市","65000060","新店區","65000060-009","忠孝里",1368,2782,1323,1459,"113Y12M"
"65000","新北市","65000060","新店區","65000060-010","大鵬里",1295,2751,1319,1432,"113Y12M"
"65000","新北市","65000060","新店區","65000060-011","太平里",1483,3098,1449,1649,"113Y12M"
"65000","新北市","65000060","新店區","65000060-012","頂城里",669,1578,832,746,"113Y12M"
"65000","新北市","65000060","新店區","65000060-013","下城里",1472,3455,1749,1706,"113Y12M"
"65000","新北市","65000060","新店區","65000060-014","柴埕里",3915,9465,4552,4913,"113Y12M"
"65000","新北市","65000060","新店區","65000060-015","永安里",2078,5092,2478,2614,"113Y12M"
"65000","新北市","65000060","新店區","65000060-016","公崙里",5851,14122,6765,7357,"113Y12M"
"65000","新北市","65000060","新店區","65000060-017","德安里",2338,5991,2947,3044,"113Y12M"
"65000","新北市","65000060","新店區","65000060-018","雙城里",2460,6131,3080,3051,"113Y12M"
"65000","新北市","65000060","新店區","65000060-019","日興里",2368,5852,2934,2918,"113Y12M"
"65000","新北市","65000060","新店區","65000060-020","玫瑰里",2401,5989,2865,3124,"113Y12M"
"65000","新北市","65000060","新店區","65000060-021","塗潭里",370,1013,528,485,"113Y12M"
"65000","新北市","65000060","新店區","65000060-022","美潭里",2238,5295,2590,2705,"113Y12M"
"65000","新北市","65000060","新店區","65000060-023","員潭里",2374,5321,2620,2701,"113Y12M"
"65000","新北市","65000060","新店區","65000060-024","雙坑里",306,753,412,341,"113Y12M"
"65000","新北市","65000060","新店區","65000060-025","粗坑里",1398,3171,1528,1643,"113Y12M"
"65000","新北市","65000060","新店區","65000060-026","屈尺里",978,2522,1265,1257,"113Y12M"
"65000","新北市","65000060","新店區","65000060-027","龜山里",747,1707,865,842,"113Y12M"
"65000","新北市","65000060","新店區","65000060-028","廣興里",607,1355,728,627,"113Y12M"
"65000","新北市","65000060","新店區","65000060-029","直潭里",491,1288,685,603,"113Y12M"
"65000","新北市","65000060","新店區","65000060-030","青潭里",2446,5601,2670,2931,"113Y12M"
"65000","新北市","65000060","新店區","65000060-031","新店里",849,1801,888,913,"113Y12M"
"65000","新北市","65000060","新店區","65000060-032","張南里",1443,2581,1101,1480,"113Y12M"
"65000","新北市","65000060","新店區","65000060-033","國校里",1149,2586,1271,1315,"113Y12M"
"65000","新北市","65000060","新店區","65000060-034","文中里",896,1873,894,979,"113Y12M"
"65000","新北市","65000060","新店區","65000060-035","廣明里",446,884,431,453,"113Y12M"
"65000","新北市","65000060","新店區","65000060-036","文明里",1121,2476,1144,1332,"113Y12M"
"65000","新北市","65000060","新店區","65000060-037","中興里",4454,7809,4076,3733,"113Y12M"
"65000","新北市","65000060","新店區","65000060-038","新生里",2679,5799,2685,3114,"113Y12M"
"65000","新北市","65000060","新店區","65000060-039","新德里",1288,2598,1194,1404,"113Y12M"
"65000","新北市","65000060","新店區","65000060-040","張北里",4380,9585,4502,5083,"113Y12M"
"65000","新北市","65000060","新店區","65000060-041","五?里",3587,7773,3578,4195,"113Y12M"
"65000","新北市","65000060","新店區","65000060-042","新安里",2075,4117,1874,2243,"113Y12M"
"65000","新北市","65000060","新店區","65000060-043","忠誠里",1096,2412,1159,1253,"113Y12M"
"65000","新北市","65000060","新店區","65000060-044","中正里",2631,6022,2790,3232,"113Y12M"
"65000","新北市","65000060","新店區","65000060-045","中華里",2104,4583,2154,2429,"113Y12M"
"65000","新北市","65000060","新店區","65000060-046","仁愛里",982,1999,928,1071,"113Y12M"
"65000","新北市","65000060","新店區","65000060-047","百忍里",1595,3719,1696,2023,"113Y12M"
"65000","新北市","65000060","新店區","65000060-048","百和里",1408,3155,1488,1667,"113Y12M"
"65000","新北市","65000060","新店區","65000060-049","福德里",1648,3779,1763,2016,"113Y12M"
"65000","新北市","65000060","新店區","65000060-050","百福里",1734,3769,1748,2021,"113Y12M"
"65000","新北市","65000060","新店區","65000060-051","福民里",1939,4242,1934,2308,"113Y12M"
"65000","新北市","65000060","新店區","65000060-052","中山里",5488,9626,4449,5177,"113Y12M"
"65000","新北市","65000060","新店區","65000060-053","和平里",873,1727,824,903,"113Y12M"
"65000","新北市","65000060","新店區","65000060-054","中央里",2837,6069,2794,3275,"113Y12M"
"65000","新北市","65000060","新店區","65000060-055","明城里",1465,3608,1757,1851,"113Y12M"
"65000","新北市","65000060","新店區","65000060-056","安和里",3455,8118,3939,4179,"113Y12M"
"65000","新北市","65000060","新店區","65000060-057","吉祥里",1861,4730,2269,2461,"113Y12M"
"65000","新北市","65000060","新店區","65000060-058","寶福里",3351,7330,3517,3813,"113Y12M"
"65000","新北市","65000060","新店區","65000060-059","小城里",1502,3862,1877,1985,"113Y12M"
"65000","新北市","65000060","新店區","65000060-060","香坡里",5509,12267,5920,6347,"113Y12M"
"65000","新北市","65000060","新店區","65000060-061","建國里",1357,2987,1379,1608,"113Y12M"
"65000","新北市","65000060","新店區","65000060-062","復興里",1467,3236,1552,1684,"113Y12M"
"65000","新北市","65000060","新店區","65000060-063","美城里",1140,2726,1352,1374,"113Y12M"
"65000","新北市","65000060","新店區","65000060-064","安昌里",2525,5623,2620,3003,"113Y12M"
"65000","新北市","65000060","新店區","65000060-065","長春里",1180,2583,1175,1408,"113Y12M"
"65000","新北市","65000060","新店區","65000060-066","新和里",1789,4031,1890,2141,"113Y12M"
"65000","新北市","65000060","新店區","65000060-067","永平里",2223,5656,2742,2914,"113Y12M"
"65000","新北市","65000060","新店區","65000060-068","達觀里",2176,4247,1966,2281,"113Y12M"
"65000","新北市","65000060","新店區","65000060-069","華城里",1470,3055,1401,1654,"113Y12M"
"65000","新北市","65000070","樹林區","65000070-001","三多里",1470,3963,2000,1963,"113Y12M"
"65000","新北市","65000070","樹林區","65000070-002","三福里",1538,3932,1955,1977,"113Y12M"
"65000","新北市","65000070","樹林區","65000070-003","三興里",1826,4728,2421,2307,"113Y12M"
"65000","新北市","65000070","樹林區","65000070-004","圳安里",1373,3634,1813,1821,"113Y12M"
"65000","新北市","65000070","樹林區","65000070-005","保安里",2400,6175,3056,3119,"113Y12M"
"65000","新北市","65000070","樹林區","65000070-006","潭底里",2331,4967,2711,2256,"113Y12M"
"65000","新北市","65000070","樹林區","65000070-007","[?]寮里",1862,5022,2519,2503,"113Y12M"
"65000","新北市","65000070","樹林區","65000070-008","樹德里",1415,3526,1695,1831,"113Y12M"
"65000","新北市","65000070","樹林區","65000070-009","樹西里",2065,5195,2569,2626,"113Y12M"
"65000","新北市","65000070","樹林區","65000070-010","樹南里",1572,4107,2046,2061,"113Y12M"
"65000","新北市","65000070","樹林區","65000070-011","樹人里",1229,3265,1581,1684,"113Y12M"
"65000","新北市","65000070","樹林區","65000070-012","坡內里",635,1743,890,853,"113Y12M"
"65000","新北市","65000070","樹林區","65000070-013","樹東里",557,1153,546,607,"113Y12M"
"65000","新北市","65000070","樹林區","65000070-014","大同里",1323,3486,1656,1830,"113Y12M"
"65000","新北市","65000070","樹林區","65000070-015","和平里",1476,3840,1875,1965,"113Y12M"
"65000","新北市","65000070","樹林區","65000070-016","彭厝里",1751,4942,2448,2494,"113Y12M"
"65000","新北市","65000070","樹林區","65000070-017","彭福里",2243,5766,2830,2936,"113Y12M"
"65000","新北市","65000070","樹林區","65000070-018","東山里",1161,3136,1588,1548,"113Y12M"
"65000","新北市","65000070","樹林區","65000070-019","東陽里",2286,5987,2976,3011,"113Y12M"
"65000","新北市","65000070","樹林區","65000070-020","東昇里",1997,5216,2566,2650,"113Y12M"
"65000","新北市","65000070","樹林區","65000070-021","樂山里",812,2117,1054,1063,"113Y12M"
"65000","新北市","65000070","樹林區","65000070-022","東園里",807,1888,998,890,"113Y12M"
"65000","新北市","65000070","樹林區","65000070-023","西園里",660,1772,935,837,"113Y12M"
"65000","新北市","65000070","樹林區","65000070-024","南園里",6997,16750,8011,8739,"113Y12M"
"65000","新北市","65000070","樹林區","65000070-025","北園里",789,2161,1133,1028,"113Y12M"
"65000","新北市","65000070","樹林區","65000070-026","柑園里",4627,10898,5276,5622,"113Y12M"
"65000","新北市","65000070","樹林區","65000070-027","樹北里",441,895,440,455,"113Y12M"
"65000","新北市","65000070","樹林區","65000070-028","圳福里",1661,4488,2217,2271,"113Y12M"
"65000","新北市","65000070","樹林區","65000070-029","樹興里",1470,3742,1836,1906,"113Y12M"
"65000","新北市","65000070","樹林區","65000070-030","樹福里",1521,3588,1705,1883,"113Y12M"
"65000","新北市","65000070","樹林區","65000070-031","光興里",1500,4044,2009,2035,"113Y12M"
"65000","新北市","65000070","樹林區","65000070-032","金寮里",1682,4527,2232,2295,"113Y12M"
"65000","新北市","65000070","樹林區","65000070-033","彭興里",2167,5798,2918,2880,"113Y12M"
"65000","新北市","65000070","樹林區","65000070-034","文林里",1932,5176,2517,2659,"113Y12M"
"65000","新北市","65000070","樹林區","65000070-035","山佳里",2073,5872,2948,2924,"113Y12M"
"65000","新北市","65000070","樹林區","65000070-036","中山里",2081,5681,2893,2788,"113Y12M"
"65000","新北市","65000070","樹林區","65000070-037","育英里",1333,3217,1575,1642,"113Y12M"
"65000","新北市","65000070","樹林區","65000070-038","中華里",1252,3420,1632,1788,"113Y12M"
"65000","新北市","65000070","樹林區","65000070-039","太順里",964,2812,1426,1386,"113Y12M"
"65000","新北市","65000070","樹林區","65000070-040","圳民里",1142,2839,1484,1355,"113Y12M"
"65000","新北市","65000070","樹林區","65000070-041","圳生里",570,1492,773,719,"113Y12M"
"65000","新北市","65000070","樹林區","65000070-042","三龍里",779,2021,1051,970,"113Y12M"
"65000","新北市","65000080","鶯歌區","65000080-001","東鶯里",434,1089,528,561,"113Y12M"
"65000","新北市","65000080","鶯歌區","65000080-002","西鶯里",925,2293,1126,1167,"113Y12M"
"65000","新北市","65000080","鶯歌區","65000080-003","南鶯里",2221,5732,2781,2951,"113Y12M"
"65000","新北市","65000080","鶯歌區","65000080-004","北鶯里",2139,4601,2343,2258,"113Y12M"
"65000","新北市","65000080","鶯歌區","65000080-005","中鶯里",415,1005,501,504,"113Y12M"
"65000","新北市","65000080","鶯歌區","65000080-006","建德里",215,592,339,253,"113Y12M"
"65000","新北市","65000080","鶯歌區","65000080-007","同慶里",626,1598,789,809,"113Y12M"
"65000","新北市","65000080","鶯歌區","65000080-008","永昌里",2983,8610,4254,4356,"113Y12M"
"65000","新北市","65000080","鶯歌區","65000080-009","南靖里",1327,3562,1831,1731,"113Y12M"
"65000","新北市","65000080","鶯歌區","65000080-010","尖山里",4148,10193,5049,5144,"113Y12M"
"65000","新北市","65000080","鶯歌區","65000080-011","二橋里",3352,8923,4517,4406,"113Y12M"
"65000","新北市","65000080","鶯歌區","65000080-012","二甲里",346,913,488,425,"113Y12M"
"65000","新北市","65000080","鶯歌區","65000080-013","東湖里",127,270,145,125,"113Y12M"
"65000","新北市","65000080","鶯歌區","65000080-014","大湖里",1967,4986,2520,2466,"113Y12M"
"65000","新北市","65000080","鶯歌區","65000080-015","鳳鳴里",3395,7523,3716,3807,"113Y12M"
"65000","新北市","65000080","鶯歌區","65000080-016","鳳福里",2336,4946,2427,2519,"113Y12M"
"65000","新北市","65000080","鶯歌區","65000080-017","永吉里",1725,5001,2473,2528,"113Y12M"
"65000","新北市","65000080","鶯歌區","65000080-018","中湖里",2082,5656,2932,2724,"113Y12M"
"65000","新北市","65000080","鶯歌區","65000080-019","鳳祥里",1688,4402,2228,2174,"113Y12M"
"65000","新北市","65000080","鶯歌區","65000080-020","建國里",2843,7444,3568,3876,"113Y12M"
"65000","新北市","65000090","三峽區","65000090-001","三峽里",124,301,167,134,"113Y12M"
"65000","新北市","65000090","三峽區","65000090-002","秀川里",286,662,324,338,"113Y12M"
"65000","新北市","65000090","三峽區","65000090-003","八張里",1600,4202,2058,2144,"113Y12M"
"65000","新北市","65000090","三峽區","65000090-004","中埔里",1567,3972,1958,2014,"113Y12M"
"65000","新北市","65000090","三峽區","65000090-005","弘道里",432,1126,628,498,"113Y12M"
"65000","新北市","65000090","三峽區","65000090-006","永?里",2946,7517,3611,3906,"113Y12M"
"65000","新北市","65000090","三峽區","65000090-007","礁溪里",2597,6345,3076,3269,"113Y12M"
"65000","新北市","65000090","三峽區","65000090-008","鳶山里",4230,10490,5200,5290,"113Y12M"
"65000","新北市","65000090","三峽區","65000090-009","龍埔里",4350,10780,5283,5497,"113Y12M"
"65000","新北市","65000090","三峽區","65000090-010","大埔里",1515,4033,2169,1864,"113Y12M"
"65000","新北市","65000090","三峽區","65000090-011","嘉添里",820,2199,1236,963,"113Y12M"
"65000","新北市","65000090","三峽區","65000090-012","添福里",434,1098,581,517,"113Y12M"
"65000","新北市","65000090","三峽區","65000090-013","金圳里",212,484,296,188,"113Y12M"
"65000","新北市","65000090","三峽區","65000090-014","五寮里",346,789,426,363,"113Y12M"
"65000","新北市","65000090","三峽區","65000090-015","插角里",346,657,379,278,"113Y12M"
"65000","新北市","65000090","三峽區","65000090-016","有木里",364,680,402,278,"113Y12M"
"65000","新北市","65000090","三峽區","65000090-017","溪北里",911,2258,1194,1064,"113Y12M"
"65000","新北市","65000090","三峽區","65000090-018","溪南里",563,1527,845,682,"113Y12M"
"65000","新北市","65000090","三峽區","65000090-019","溪東里",1102,3031,1549,1482,"113Y12M"
"65000","新北市","65000090","三峽區","65000090-020","成福里",321,918,504,414,"113Y12M"
"65000","新北市","65000090","三峽區","65000090-021","安坑里",568,1315,746,569,"113Y12M"
"65000","新北市","65000090","三峽區","65000090-022","竹崙里",920,1962,1098,864,"113Y12M"
"65000","新北市","65000090","三峽區","65000090-023","介壽里",3003,7067,3618,3449,"113Y12M"
"65000","新北市","65000090","三峽區","65000090-024","安溪里",2852,7552,3691,3861,"113Y12M"
"65000","新北市","65000090","三峽區","65000090-025","中正里",1873,5261,2620,2641,"113Y12M"
"65000","新北市","65000090","三峽區","65000090-026","二鬮里",1445,3650,1854,1796,"113Y12M"
"65000","新北市","65000090","三峽區","65000090-027","龍學里",7399,17215,7982,9233,"113Y12M"
"65000","新北市","65000090","三峽區","65000090-028","龍恩里",3628,8244,3864,4380,"113Y12M"
"65000","新北市","65000100","淡水區","65000100-001","中和里",219,573,331,242,"113Y12M"
"65000","新北市","65000100","淡水區","65000100-002","屯山里",379,1059,561,498,"113Y12M"
"65000","新北市","65000100","淡水區","65000100-003","賢孝里",668,1586,878,708,"113Y12M"
"65000","新北市","65000100","淡水區","65000100-004","興仁里",678,1510,802,708,"113Y12M"
"65000","新北市","65000100","淡水區","65000100-005","蕃薯里",562,1131,630,501,"113Y12M"
"65000","新北市","65000100","淡水區","65000100-006","義山里",1086,2487,1313,1174,"113Y12M"
"65000","新北市","65000100","淡水區","65000100-007","忠山里",364,832,466,366,"113Y12M"
"65000","新北市","65000100","淡水區","65000100-008","崁頂里",15896,30427,14643,15784,"113Y12M"
"65000","新北市","65000100","淡水區","65000100-009","埤島里",1085,2255,1140,1115,"113Y12M"
"65000","新北市","65000100","淡水區","65000100-010","新興里",3550,7961,3655,4306,"113Y12M"
"65000","新北市","65000100","淡水區","65000100-011","水碓里",2466,5962,2849,3113,"113Y12M"
"65000","新北市","65000100","淡水區","65000100-012","北投里",5507,12144,5706,6438,"113Y12M"
"65000","新北市","65000100","淡水區","65000100-013","水源里",914,2128,1133,995,"113Y12M"
"65000","新北市","65000100","淡水區","65000100-014","忠寮里",436,1115,626,489,"113Y12M"
"65000","新北市","65000100","淡水區","65000100-015","樹興里",936,1755,881,874,"113Y12M"
"65000","新北市","65000100","淡水區","65000100-016","坪頂里",672,1403,697,706,"113Y12M"
"65000","新北市","65000100","淡水區","65000100-017","福德里",3749,7215,3413,3802,"113Y12M"
"65000","新北市","65000100","淡水區","65000100-018","竹圍里",3122,6287,2863,3424,"113Y12M"
"65000","新北市","65000100","淡水區","65000100-019","民生里",3817,7455,3328,4127,"113Y12M"
"65000","新北市","65000100","淡水區","65000100-020","八勢里",4383,7922,3543,4379,"113Y12M"
"65000","新北市","65000100","淡水區","65000100-021","竿蓁里",6754,12529,5645,6884,"113Y12M"
"65000","新北市","65000100","淡水區","65000100-022","鄧公里",2793,6279,2913,3366,"113Y12M"
"65000","新北市","65000100","淡水區","65000100-023","中興里",1863,4036,1969,2067,"113Y12M"
"65000","新北市","65000100","淡水區","65000100-024","長庚里",638,1419,683,736,"113Y12M"
"65000","新北市","65000100","淡水區","65000100-025","清文里",511,1146,570,576,"113Y12M"
"65000","新北市","65000100","淡水區","65000100-026","草東里",350,719,376,343,"113Y12M"
"65000","新北市","65000100","淡水區","65000100-027","協元里",620,1443,703,740,"113Y12M"
"65000","新北市","65000100","淡水區","65000100-028","永吉里",411,871,443,428,"113Y12M"
"65000","新北市","65000100","淡水區","65000100-029","民安里",293,670,315,355,"113Y12M"
"65000","新北市","65000100","淡水區","65000100-030","新生里",236,412,186,226,"113Y12M"
"65000","新北市","65000100","淡水區","65000100-031","文化里",843,1780,805,975,"113Y12M"
"65000","新北市","65000100","淡水區","65000100-032","油車里",2502,5571,2690,2881,"113Y12M"
"65000","新北市","65000100","淡水區","65000100-033","沙崙里",2793,5670,2722,2948,"113Y12M"
"65000","新北市","65000100","淡水區","65000100-034","新義里",1650,4198,2050,2148,"113Y12M"
"65000","新北市","65000100","淡水區","65000100-035","新春里",4525,10443,4990,5453,"113Y12M"
"65000","新北市","65000100","淡水區","65000100-036","新民里",2185,4958,2355,2603,"113Y12M"
"65000","新北市","65000100","淡水區","65000100-037","正德里",2387,5159,2378,2781,"113Y12M"
"65000","新北市","65000100","淡水區","65000100-038","北新里",1663,3261,1549,1712,"113Y12M"
"65000","新北市","65000100","淡水區","65000100-039","民權里",2501,5031,2310,2721,"113Y12M"
"65000","新北市","65000100","淡水區","65000100-040","幸福里",1621,3811,1796,2015,"113Y12M"
"65000","新北市","65000100","淡水區","65000100-041","學府里",2462,4925,2309,2616,"113Y12M"
"65000","新北市","65000100","淡水區","65000100-042","大庄里",6898,13188,6080,7108,"113Y12M"
"65000","新北市","65000110","汐止區","65000110-001","義民里",601,1226,606,620,"113Y12M"
"65000","新北市","65000110","汐止區","65000110-002","禮門里",557,1138,547,591,"113Y12M"
"65000","新北市","65000110","汐止區","65000110-003","智慧里",2373,4791,2238,2553,"113Y12M"
"65000","新北市","65000110","汐止區","65000110-004","信望里",153,318,170,148,"113Y12M"
"65000","新北市","65000110","汐止區","65000110-005","橋東里",1793,4046,1901,2145,"113Y12M"
"65000","新北市","65000110","汐止區","65000110-006","秀峰里",2966,5748,3073,2675,"113Y12M"
"65000","新北市","65000110","汐止區","65000110-007","新昌里",2537,5740,2723,3017,"113Y12M"
"65000","新北市","65000110","汐止區","65000110-008","復興里",3542,7515,3515,4000,"113Y12M"
"65000","新北市","65000110","汐止區","65000110-009","茄苳里",2178,5169,2599,2570,"113Y12M"
"65000","新北市","65000110","汐止區","65000110-010","長安里",726,1631,807,824,"113Y12M"
"65000","新北市","65000110","汐止區","65000110-011","保安里",692,1630,811,819,"113Y12M"
"65000","新北市","65000110","汐止區","65000110-012","保長里",2253,4959,2418,2541,"113Y12M"
"65000","新北市","65000110","汐止區","65000110-013","鄉長里",926,2279,1154,1125,"113Y12M"
"65000","新北市","65000110","汐止區","65000110-014","江北里",2793,6360,3205,3155,"113Y12M"
"65000","新北市","65000110","汐止區","65000110-015","拱北里",2328,5387,2765,2622,"113Y12M"
"65000","新北市","65000110","汐止區","65000110-016","烘內里",798,1610,863,747,"113Y12M"
"65000","新北市","65000110","汐止區","65000110-017","八連里",455,1022,532,490,"113Y12M"
"65000","新北市","65000110","汐止區","65000110-018","樟樹里",981,2137,1107,1030,"113Y12M"
"65000","新北市","65000110","汐止區","65000110-019","北峰里",2379,5240,2616,2624,"113Y12M"
"65000","新北市","65000110","汐止區","65000110-020","北山里",2833,5889,2769,3120,"113Y12M"
"65000","新北市","65000110","汐止區","65000110-021","白雲里",2202,4903,2409,2494,"113Y12M"
"65000","新北市","65000110","汐止區","65000110-022","橫科里",2177,4594,2256,2338,"113Y12M"
"65000","新北市","65000110","汐止區","65000110-023","東山里",283,631,327,304,"113Y12M"
"65000","新北市","65000110","汐止區","65000110-024","福山里",1885,3869,1852,2017,"113Y12M"
"65000","新北市","65000110","汐止區","65000110-025","宜興里",1488,2930,1387,1543,"113Y12M"
"65000","新北市","65000110","汐止區","65000110-026","中興里",3762,7833,3817,4016,"113Y12M"
"65000","新北市","65000110","汐止區","65000110-027","湖光里",3219,6519,3100,3419,"113Y12M"
"65000","新北市","65000110","汐止區","65000110-028","仁德里",877,1824,881,943,"113Y12M"
"65000","新北市","65000110","汐止區","65000110-029","厚德里",3322,7814,3839,3975,"113Y12M"
"65000","新北市","65000110","汐止區","65000110-030","忠孝里",4079,8545,4038,4507,"113Y12M"
"65000","新北市","65000110","汐止區","65000110-031","自強里",2773,6336,3008,3328,"113Y12M"
"65000","新北市","65000110","汐止區","65000110-032","文化里",2144,4937,2345,2592,"113Y12M"
"65000","新北市","65000110","汐止區","65000110-033","金龍里",2698,5665,2740,2925,"113Y12M"
"65000","新北市","65000110","汐止區","65000110-034","福德里",1703,3604,1726,1878,"113Y12M"
"65000","新北市","65000110","汐止區","65000110-035","興福里",1619,3444,1631,1813,"113Y12M"
"65000","新北市","65000110","汐止區","65000110-036","康福里",2952,5557,2586,2971,"113Y12M"
"65000","新北市","65000110","汐止區","65000110-037","忠山里",1616,3401,1643,1758,"113Y12M"
"65000","新北市","65000110","汐止區","65000110-038","環河里",533,1218,650,568,"113Y12M"
"65000","新北市","65000110","汐止區","65000110-039","東勢里",2680,5282,2596,2686,"113Y12M"
"65000","新北市","65000110","汐止區","65000110-040","山光里",1642,3426,1666,1760,"113Y12M"
"65000","新北市","65000110","汐止區","65000110-041","大同里",1414,2982,1392,1590,"113Y12M"
"65000","新北市","65000110","汐止區","65000110-042","崇德里",2188,5258,2555,2703,"113Y12M"
"65000","新北市","65000110","汐止區","65000110-043","湖興里",3196,6833,3384,3449,"113Y12M"
"65000","新北市","65000110","汐止區","65000110-044","長青里",529,972,439,533,"113Y12M"
"65000","新北市","65000110","汐止區","65000110-045","福安里",2939,7117,3390,3727,"113Y12M"
"65000","新北市","65000110","汐止區","65000110-046","秀山里",2078,5022,2447,2575,"113Y12M"
"65000","新北市","65000110","汐止區","65000110-047","建成里",2514,5504,2574,2930,"113Y12M"
"65000","新北市","65000110","汐止區","65000110-048","城中里",2107,4809,2234,2575,"113Y12M"
"65000","新北市","65000110","汐止區","65000110-049","湖蓮里",1683,3127,1434,1693,"113Y12M"
"65000","新北市","65000110","汐止區","65000110-050","保新里",1541,3026,1468,1558,"113Y12M"
"65000","新北市","65000120","瑞芳區","65000120-001","龍潭里",355,730,364,366,"113Y12M"
"65000","新北市","65000120","瑞芳區","65000120-002","龍興里",1027,2077,1044,1033,"113Y12M"
"65000","新北市","65000120","瑞芳區","65000120-003","龍鎮里",566,1264,613,651,"113Y12M"
"65000","新北市","65000120","瑞芳區","65000120-004","龍川里",753,1735,828,907,"113Y12M"
"65000","新北市","65000120","瑞芳區","65000120-005","龍山里",595,1384,730,654,"113Y12M"
"65000","新北市","65000120","瑞芳區","65000120-006","龍安里",276,608,300,308,"113Y12M"
"65000","新北市","65000120","瑞芳區","65000120-007","爪?里",1595,3849,1895,1954,"113Y12M"
"65000","新北市","65000120","瑞芳區","65000120-008","柑坪里",416,1104,575,529,"113Y12M"
"65000","新北市","65000120","瑞芳區","65000120-009","東和里",702,1745,872,873,"113Y12M"
"65000","新北市","65000120","瑞芳區","65000120-010","上天里",539,1319,715,604,"113Y12M"
"65000","新北市","65000120","瑞芳區","65000120-011","吉慶里",724,1743,911,832,"113Y12M"
"65000","新北市","65000120","瑞芳區","65000120-012","吉安里",1305,3153,1583,1570,"113Y12M"
"65000","新北市","65000120","瑞芳區","65000120-013","傑魚里",780,2012,1046,966,"113Y12M"
"65000","新北市","65000120","瑞芳區","65000120-014","猴硐里",186,401,228,173,"113Y12M"
"65000","新北市","65000120","瑞芳區","65000120-015","光復里",126,243,138,105,"113Y12M"
"65000","新北市","65000120","瑞芳區","65000120-016","弓橋里",133,296,162,134,"113Y12M"
"65000","新北市","65000120","瑞芳區","65000120-017","碩仁里",77,143,79,64,"113Y12M"
"65000","新北市","65000120","瑞芳區","65000120-018","基山里",198,419,221,198,"113Y12M"
"65000","新北市","65000120","瑞芳區","65000120-019","永慶里",215,400,213,187,"113Y12M"
"65000","新北市","65000120","瑞芳區","65000120-020","崇文里",158,286,150,136,"113Y12M"
"65000","新北市","65000120","瑞芳區","65000120-021","福住里",83,157,86,71,"113Y12M"
"65000","新北市","65000120","瑞芳區","65000120-022","頌德里",164,309,165,144,"113Y12M"
"65000","新北市","65000120","瑞芳區","65000120-023","新山里",170,332,179,153,"113Y12M"
"65000","新北市","65000120","瑞芳區","65000120-024","瓜山里",101,166,84,82,"113Y12M"
"65000","新北市","65000120","瑞芳區","65000120-025","銅山里",101,184,106,78,"113Y12M"
"65000","新北市","65000120","瑞芳區","65000120-026","石山里",161,293,161,132,"113Y12M"
"65000","新北市","65000120","瑞芳區","65000120-027","濂新里",122,268,131,137,"113Y12M"
"65000","新北市","65000120","瑞芳區","65000120-028","濂洞里",241,446,209,237,"113Y12M"
"65000","新北市","65000120","瑞芳區","65000120-029","海濱里",677,1272,606,666,"113Y12M"
"65000","新北市","65000120","瑞芳區","65000120-030","瑞濱里",1064,2007,954,1053,"113Y12M"
"65000","新北市","65000120","瑞芳區","65000120-031","深澳里",678,1333,641,692,"113Y12M"
"65000","新北市","65000120","瑞芳區","65000120-032","南雅里",93,255,128,127,"113Y12M"
"65000","新北市","65000120","瑞芳區","65000120-033","鼻頭里",247,832,419,413,"113Y12M"
"65000","新北市","65000120","瑞芳區","65000120-034","新峰里",1414,3565,1774,1791,"113Y12M"
"65000","新北市","65000130","土城區","65000130-001","埤塘里",3046,5436,3176,2260,"113Y12M"
"65000","新北市","65000130","土城區","65000130-002","土城里",954,2253,1067,1186,"113Y12M"
"65000","新北市","65000130","土城區","65000130-003","員林里",4280,9561,4575,4986,"113Y12M"
"65000","新北市","65000130","土城區","65000130-004","員仁里",2221,5879,2878,3001,"113Y12M"
"65000","新北市","65000130","土城區","65000130-005","長風里",834,2073,989,1084,"113Y12M"
"65000","新北市","65000130","土城區","65000130-006","日新里",1762,4614,2226,2388,"113Y12M"
"65000","新北市","65000130","土城區","65000130-007","日和里",3720,8839,4242,4597,"113Y12M"
"65000","新北市","65000130","土城區","65000130-008","貨饒里",2149,5016,2445,2571,"113Y12M"
"65000","新北市","65000130","土城區","65000130-009","柑林里",2494,5284,2522,2762,"113Y12M"
"65000","新北市","65000130","土城區","65000130-010","埤林里",3213,8244,3914,4330,"113Y12M"
"65000","新北市","65000130","土城區","65000130-011","瑞興里",1255,3025,1467,1558,"113Y12M"
"65000","新北市","65000130","土城區","65000130-012","清水里",3028,7895,3870,4025,"113Y12M"
"65000","新北市","65000130","土城區","65000130-013","清和里",2513,6439,3203,3236,"113Y12M"
"65000","新北市","65000130","土城區","65000130-014","永豐里",1713,4487,2204,2283,"113Y12M"
"65000","新北市","65000130","土城區","65000130-015","清化里",646,1595,840,755,"113Y12M"
"65000","新北市","65000130","土城區","65000130-016","清溪里",2720,6817,3336,3481,"113Y12M"
"65000","新北市","65000130","土城區","65000130-017","?廷里",2698,7251,3573,3678,"113Y12M"
"65000","新北市","65000130","土城區","65000130-018","平和里",2520,6943,3364,3579,"113Y12M"
"65000","新北市","65000130","土城區","65000130-019","廷寮里",1760,4835,2397,2438,"113Y12M"
"65000","新北市","65000130","土城區","65000130-020","大安里",2394,5632,2745,2887,"113Y12M"
"65000","新北市","65000130","土城區","65000130-021","永寧里",3400,8859,4386,4473,"113Y12M"
"65000","新北市","65000130","土城區","65000130-022","沛陂里",2073,5047,2525,2522,"113Y12M"
"65000","新北市","65000130","土城區","65000130-023","頂埔里",2161,5226,2554,2672,"113Y12M"
"65000","新北市","65000130","土城區","65000130-024","頂福里",2282,5782,2850,2932,"113Y12M"
"65000","新北市","65000130","土城區","65000130-025","頂新里",1364,3319,1577,1742,"113Y12M"
"65000","新北市","65000130","土城區","65000130-026","祖田里",629,1685,870,815,"113Y12M"
"65000","新北市","65000130","土城區","65000130-027","樂利里",1993,4901,2358,2543,"113Y12M"
"65000","新北市","65000130","土城區","65000130-028","廣福里",2092,5535,2687,2848,"113Y12M"
"65000","新北市","65000130","土城區","65000130-029","學府里",1279,3528,1681,1847,"113Y12M"
"65000","新北市","65000130","土城區","65000130-030","延壽里",1762,4379,2177,2202,"113Y12M"
"65000","新北市","65000130","土城區","65000130-031","安和里",2033,5270,2591,2679,"113Y12M"
"65000","新北市","65000130","土城區","65000130-032","青雲里",1677,3947,1878,2069,"113Y12M"
"65000","新北市","65000130","土城區","65000130-033","員福里",2141,5527,2750,2777,"113Y12M"
"65000","新北市","65000130","土城區","65000130-034","延吉里",1612,4215,2100,2115,"113Y12M"
"65000","新北市","65000130","土城區","65000130-035","復興里",1728,4346,2159,2187,"113Y12M"
"65000","新北市","65000130","土城區","65000130-036","裕生里",2241,5654,2758,2896,"113Y12M"
"65000","新北市","65000130","土城區","65000130-037","員信里",1807,4659,2257,2402,"113Y12M"
"65000","新北市","65000130","土城區","65000130-038","永富里",2207,5578,2709,2869,"113Y12M"
"65000","新北市","65000130","土城區","65000130-039","學成里",1221,3256,1586,1670,"113Y12M"
"65000","新北市","65000130","土城區","65000130-040","延和里",2740,6813,3239,3574,"113Y12M"
"65000","新北市","65000130","土城區","65000130-041","中正里",1312,3232,1530,1702,"113Y12M"
"65000","新北市","65000130","土城區","65000130-042","學士里",2096,5143,2484,2659,"113Y12M"
"65000","新北市","65000130","土城區","65000130-043","明德里",2787,6440,2969,3471,"113Y12M"
"65000","新北市","65000130","土城區","65000130-044","廣興里",1359,3456,1618,1838,"113Y12M"
"65000","新北市","65000130","土城區","65000130-045","青山里",1141,3092,1540,1552,"113Y12M"
"65000","新北市","65000130","土城區","65000130-046","金城里",2458,6077,2846,3231,"113Y12M"
"65000","新北市","65000130","土城區","65000130-047","延祿里",1598,4140,2067,2073,"113Y12M"
"65000","新北市","65000140","蘆洲區","65000140-001","正義里",6093,15848,7542,8306,"113Y12M"
"65000","新北市","65000140","蘆洲區","65000140-002","中原里",2443,6472,3156,3316,"113Y12M"
"65000","新北市","65000140","蘆洲區","65000140-003","中路里",1579,4131,2052,2079,"113Y12M"
"65000","新北市","65000140","蘆洲區","65000140-004","光華里",2112,5410,2556,2854,"113Y12M"
"65000","新北市","65000140","蘆洲區","65000140-005","保佑里",1438,3718,1818,1900,"113Y12M"
"65000","新北市","65000140","蘆洲區","65000140-006","水湳里",4176,10954,5337,5617,"113Y12M"
"65000","新北市","65000140","蘆洲區","65000140-007","樓厝里",2742,6769,3276,3493,"113Y12M"
"65000","新北市","65000140","蘆洲區","65000140-008","鷺江里",2179,5590,2727,2863,"113Y12M"
"65000","新北市","65000140","蘆洲區","65000140-009","恆德里",2658,6127,2930,3197,"113Y12M"
"65000","新北市","65000140","蘆洲區","65000140-010","溪墘里",1290,3134,1528,1606,"113Y12M"
"65000","新北市","65000140","蘆洲區","65000140-011","樹德里",1305,3210,1615,1595,"113Y12M"
"65000","新北市","65000140","蘆洲區","65000140-012","保和里",1102,2666,1304,1362,"113Y12M"
"65000","新北市","65000140","蘆洲區","65000140-013","仁復里",896,2164,1059,1105,"113Y12M"
"65000","新北市","65000140","蘆洲區","65000140-014","得勝里",1358,3297,1611,1686,"113Y12M"
"65000","新北市","65000140","蘆洲區","65000140-015","南港里",2160,6146,2979,3167,"113Y12M"
"65000","新北市","65000140","蘆洲區","65000140-016","永樂里",2289,6505,3241,3264,"113Y12M"
"65000","新北市","65000140","蘆洲區","65000140-017","永康里",2617,7141,3428,3713,"113Y12M"
"65000","新北市","65000140","蘆洲區","65000140-018","信義里",1487,4018,1998,2020,"113Y12M"
"65000","新北市","65000140","蘆洲區","65000140-019","玉清里",2482,6134,2921,3213,"113Y12M"
"65000","新北市","65000140","蘆洲區","65000140-020","復興里",1328,3517,1740,1777,"113Y12M"
"65000","新北市","65000140","蘆洲區","65000140-021","水河里",3608,9474,4670,4804,"113Y12M"
"65000","新北市","65000140","蘆洲區","65000140-022","仁愛里",1967,5291,2587,2704,"113Y12M"
"65000","新北市","65000140","蘆洲區","65000140-023","忠義里",1293,3339,1631,1708,"113Y12M"
"65000","新北市","65000140","蘆洲區","65000140-024","九芎里",2019,5458,2651,2807,"113Y12M"
"65000","新北市","65000140","蘆洲區","65000140-025","中華里",1324,3279,1581,1698,"113Y12M"
"65000","新北市","65000140","蘆洲區","65000140-026","得仁里",1193,3008,1462,1546,"113Y12M"
"65000","新北市","65000140","蘆洲區","65000140-027","仁德里",2058,5581,2764,2817,"113Y12M"
"65000","新北市","65000140","蘆洲區","65000140-028","仁義里",2933,5491,2994,2497,"113Y12M"
"65000","新北市","65000140","蘆洲區","65000140-029","光明里",1831,4837,2308,2529,"113Y12M"
"65000","新北市","65000140","蘆洲區","65000140-030","保新里",1677,4211,2014,2197,"113Y12M"
"65000","新北市","65000140","蘆洲區","65000140-031","長安里",1890,5201,2571,2630,"113Y12M"
"65000","新北市","65000140","蘆洲區","65000140-032","民和里",1053,2636,1303,1333,"113Y12M"
"65000","新北市","65000140","蘆洲區","65000140-033","忠孝里",904,2412,1205,1207,"113Y12M"
"65000","新北市","65000140","蘆洲區","65000140-034","福安里",1217,3172,1569,1603,"113Y12M"
"65000","新北市","65000140","蘆洲區","65000140-035","永安里",1955,5310,2534,2776,"113Y12M"
"65000","新北市","65000140","蘆洲區","65000140-036","延平里",1637,4287,2118,2169,"113Y12M"
"65000","新北市","65000140","蘆洲區","65000140-037","成功里",2720,7864,3800,4064,"113Y12M"
"65000","新北市","65000140","蘆洲區","65000140-038","永德里",1653,4557,2216,2341,"113Y12M"
"65000","新北市","65000150","五股區","65000150-001","興珍里",1724,4586,2314,2272,"113Y12M"
"65000","新北市","65000150","五股區","65000150-002","更寮里",420,1142,602,540,"113Y12M"
"65000","新北市","65000150","五股區","65000150-003","集福里",1631,4069,2012,2057,"113Y12M"
"65000","新北市","65000150","五股區","65000150-004","觀音里",518,1324,726,598,"113Y12M"
"65000","新北市","65000150","五股區","65000150-005","成州里",2584,6595,3319,3276,"113Y12M"
"65000","新北市","65000150","五股區","65000150-006","成功里",4673,9678,4838,4840,"113Y12M"
"65000","新北市","65000150","五股區","65000150-007","五龍里",473,1344,739,605,"113Y12M"
"65000","新北市","65000150","五股區","65000150-008","五股里",1536,3793,1877,1916,"113Y12M"
"65000","新北市","65000150","五股區","65000150-009","五福里",1364,3517,1779,1738,"113Y12M"
"65000","新北市","65000150","五股區","65000150-010","德音里",2260,5605,2744,2861,"113Y12M"
"65000","新北市","65000150","五股區","65000150-011","陸一里",1109,2561,1233,1328,"113Y12M"
"65000","新北市","65000150","五股區","65000150-012","貿商里",1253,3023,1440,1583,"113Y12M"
"65000","新北市","65000150","五股區","65000150-013","德泰里",1814,4573,2223,2350,"113Y12M"
"65000","新北市","65000150","五股區","65000150-014","成德里",1554,3754,1852,1902,"113Y12M"
"65000","新北市","65000150","五股區","65000150-015","六福里",1569,3909,1892,2017,"113Y12M"
"65000","新北市","65000150","五股區","65000150-016","集賢里",1643,4395,2191,2204,"113Y12M"
"65000","新北市","65000150","五股區","65000150-017","民義里",1446,3702,1853,1849,"113Y12M"
"65000","新北市","65000150","五股區","65000150-018","成泰里",6923,14508,7177,7331,"113Y12M"
"65000","新北市","65000150","五股區","65000150-019","水碓里",3191,8186,4043,4143,"113Y12M"
"65000","新北市","65000150","五股區","65000150-020","福德里",1502,3596,1787,1809,"113Y12M"
"65000","新北市","65000160","泰山區","65000160-001","大科里",314,876,482,394,"113Y12M"
"65000","新北市","65000160","泰山區","65000160-002","黎明里",1379,3595,1749,1846,"113Y12M"
"65000","新北市","65000160","泰山區","65000160-003","山腳里",2657,7008,3471,3537,"113Y12M"
"65000","新北市","65000160","泰山區","65000160-004","福泰里",1056,2724,1386,1338,"113Y12M"
"65000","新北市","65000160","泰山區","65000160-005","楓樹里",1770,4432,2218,2214,"113Y12M"
"65000","新北市","65000160","泰山區","65000160-006","同榮里",1743,4438,2176,2262,"113Y12M"
"65000","新北市","65000160","泰山區","65000160-007","義學里",1880,4948,2427,2521,"113Y12M"
"65000","新北市","65000160","泰山區","65000160-008","明志里",1494,3839,1881,1958,"113Y12M"
"65000","新北市","65000160","泰山區","65000160-009","貴子里",1713,4134,2038,2096,"113Y12M"
"65000","新北市","65000160","泰山區","65000160-010","貴和里",2072,5029,2437,2592,"113Y12M"
"65000","新北市","65000160","泰山區","65000160-011","同興里",1475,3922,1902,2020,"113Y12M"
"65000","新北市","65000160","泰山區","65000160-012","義仁里",4151,9918,4918,5000,"113Y12M"
"65000","新北市","65000160","泰山區","65000160-013","泰友里",770,1991,949,1042,"113Y12M"
"65000","新北市","65000160","泰山區","65000160-014","新明里",1203,3218,1571,1647,"113Y12M"
"65000","新北市","65000160","泰山區","65000160-015","貴賢里",1559,3760,1824,1936,"113Y12M"
"65000","新北市","65000160","泰山區","65000160-016","福興里",1513,3732,1784,1948,"113Y12M"
"65000","新北市","65000160","泰山區","65000160-017","全興里",4090,10103,4953,5150,"113Y12M"
"65000","新北市","65000170","林口區","65000170-001","東林里",1483,3886,1977,1909,"113Y12M"
"65000","新北市","65000170","林口區","65000170-002","林口里",2338,5727,2835,2892,"113Y12M"
"65000","新北市","65000170","林口區","65000170-003","西林里",5150,12708,6239,6469,"113Y12M"
"65000","新北市","65000170","林口區","65000170-004","菁湖里",1699,4355,2147,2208,"113Y12M"
"65000","新北市","65000170","林口區","65000170-005","中湖里",2476,5797,2851,2946,"113Y12M"
"65000","新北市","65000170","林口區","65000170-006","湖北里",487,1481,816,665,"113Y12M"
"65000","新北市","65000170","林口區","65000170-007","湖南里",13861,31948,15294,16654,"113Y12M"
"65000","新北市","65000170","林口區","65000170-008","南勢里",15716,33894,16032,17862,"113Y12M"
"65000","新北市","65000170","林口區","65000170-009","東勢里",3058,8205,3964,4241,"113Y12M"
"65000","新北市","65000170","林口區","65000170-010","頂福里",414,1103,609,494,"113Y12M"
"65000","新北市","65000170","林口區","65000170-011","下福里",498,1405,733,672,"113Y12M"
"65000","新北市","65000170","林口區","65000170-012","嘉寶里",370,1012,544,468,"113Y12M"
"65000","新北市","65000170","林口區","65000170-013","瑞平里",335,857,479,378,"113Y12M"
"65000","新北市","65000170","林口區","65000170-014","太平里",683,1726,842,884,"113Y12M"
"65000","新北市","65000170","林口區","65000170-015","仁愛里",3149,7641,3654,3987,"113Y12M"
"65000","新北市","65000170","林口區","65000170-016","麗林里",4140,10102,4760,5342,"113Y12M"
"65000","新北市","65000170","林口區","65000170-017","麗園里",1589,4228,2080,2148,"113Y12M"
"65000","新北市","65000180","深坑區","65000180-001","深坑里",1580,3566,1727,1839,"113Y12M"
"65000","新北市","65000180","深坑區","65000180-002","萬順里",1161,2547,1277,1270,"113Y12M"
"65000","新北市","65000180","深坑區","65000180-003","土庫里",1255,3155,1582,1573,"113Y12M"
"65000","新北市","65000180","深坑區","65000180-004","昇高里",814,2123,1117,1006,"113Y12M"
"65000","新北市","65000180","深坑區","65000180-005","阿柔里",221,578,318,260,"113Y12M"
"65000","新北市","65000180","深坑區","65000180-006","埔新里",2765,6512,3129,3383,"113Y12M"
"65000","新北市","65000180","深坑區","65000180-007","萬福里",1287,2692,1348,1344,"113Y12M"
"65000","新北市","65000180","深坑區","65000180-008","賴仲里",1156,2463,1228,1235,"113Y12M"
"65000","新北市","65000190","石碇區","65000190-001","石碇里",172,393,215,178,"113Y12M"
"65000","新北市","65000190","石碇區","65000190-002","潭邊里",409,812,432,380,"113Y12M"
"65000","新北市","65000190","石碇區","65000190-003","隆盛里",299,693,387,306,"113Y12M"
"65000","新北市","65000190","石碇區","65000190-004","烏塗里",308,572,331,241,"113Y12M"
"65000","新北市","65000190","石碇區","65000190-005","彭山里",160,310,173,137,"113Y12M"
"65000","新北市","65000190","石碇區","65000190-006","豐田里",206,397,224,173,"113Y12M"
"65000","新北市","65000190","石碇區","65000190-007","永定里",266,618,337,281,"113Y12M"
"65000","新北市","65000190","石碇區","65000190-008","中民里",334,752,446,306,"113Y12M"
"65000","新北市","65000190","石碇區","65000190-009","光明里",145,264,149,115,"113Y12M"
"65000","新北市","65000190","石碇區","65000190-010","豐林里",123,311,168,143,"113Y12M"
"65000","新北市","65000190","石碇區","65000190-011","永安里",398,896,449,447,"113Y12M"
"65000","新北市","65000190","石碇區","65000190-012","格頭里",520,1050,542,508,"113Y12M"
"65000","新北市","65000200","坪林區","65000200-001","粗窟里",369,889,476,413,"113Y12M"
"65000","新北市","65000200","坪林區","65000200-002","坪林里",498,1413,753,660,"113Y12M"
"65000","新北市","65000200","坪林區","65000200-003","大林里",474,1191,651,540,"113Y12M"
"65000","新北市","65000200","坪林區","65000200-004","石[曹]里",191,422,218,204,"113Y12M"
"65000","新北市","65000200","坪林區","65000200-005","上德里",342,866,487,379,"113Y12M"
"65000","新北市","65000200","坪林區","65000200-006","水德里",286,706,367,339,"113Y12M"
"65000","新北市","65000200","坪林區","65000200-007","漁光里",400,837,449,388,"113Y12M"
"65000","新北市","65000210","三芝區","65000210-001","八賢里",134,317,175,142,"113Y12M"
"65000","新北市","65000210","三芝區","65000210-002","埔頭里",2334,5439,2690,2749,"113Y12M"
"65000","新北市","65000210","三芝區","65000210-003","古庄里",679,1244,658,586,"113Y12M"
"65000","新北市","65000210","三芝區","65000210-004","新庄里",355,815,418,397,"113Y12M"
"65000","新北市","65000210","三芝區","65000210-005","埔坪里",3130,7110,3580,3530,"113Y12M"
"65000","新北市","65000210","三芝區","65000210-006","茂長里",297,641,331,310,"113Y12M"
"65000","新北市","65000210","三芝區","65000210-007","橫山里",218,468,277,191,"113Y12M"
"65000","新北市","65000210","三芝區","65000210-008","錫板里",295,655,384,271,"113Y12M"
"65000","新北市","65000210","三芝區","65000210-009","後厝里",1282,2249,1108,1141,"113Y12M"
"65000","新北市","65000210","三芝區","65000210-010","福德里",373,815,424,391,"113Y12M"
"65000","新北市","65000210","三芝區","65000210-011","圓山里",205,523,299,224,"113Y12M"
"65000","新北市","65000210","三芝區","65000210-012","店子里",239,553,317,236,"113Y12M"
"65000","新北市","65000210","三芝區","65000210-013","興華里",549,1251,688,563,"113Y12M"
"65000","新北市","65000220","石門區","65000220-001","德茂里",459,1182,616,566,"113Y12M"
"65000","新北市","65000220","石門區","65000220-002","富基里",540,1371,674,697,"113Y12M"
"65000","新北市","65000220","石門區","65000220-003","老梅里",820,2097,1093,1004,"113Y12M"
"65000","新北市","65000220","石門區","65000220-004","山溪里",363,865,477,388,"113Y12M"
"65000","新北市","65000220","石門區","65000220-005","石門里",685,1591,819,772,"113Y12M"
"65000","新北市","65000220","石門區","65000220-006","尖鹿里",632,1516,802,714,"113Y12M"
"65000","新北市","65000220","石門區","65000220-007","乾華里",142,260,154,106,"113Y12M"
"65000","新北市","65000220","石門區","65000220-008","茂林里",219,546,295,251,"113Y12M"
"65000","新北市","65000220","石門區","65000220-009","草里里",390,969,501,468,"113Y12M"
"65000","新北市","65000230","八里區","65000230-001","龍源里",3690,7720,3679,4041,"113Y12M"
"65000","新北市","65000230","八里區","65000230-002","米倉里",1814,4057,2049,2008,"113Y12M"
"65000","新北市","65000230","八里區","65000230-003","大崁里",1617,3879,1985,1894,"113Y12M"
"65000","新北市","65000230","八里區","65000230-004","埤頭里",2244,5133,2534,2599,"113Y12M"
"65000","新北市","65000230","八里區","65000230-005","頂罟里",1215,2779,1399,1380,"113Y12M"
"65000","新北市","65000230","八里區","65000230-006","舊城里",3212,7473,3648,3825,"113Y12M"
"65000","新北市","65000230","八里區","65000230-007","訊塘里",2924,6326,3095,3231,"113Y12M"
"65000","新北市","65000230","八里區","65000230-008","荖阡里",652,1832,955,877,"113Y12M"
"65000","新北市","65000230","八里區","65000230-009","長坑里",506,1710,906,804,"113Y12M"
"65000","新北市","65000230","八里區","65000230-010","下罟里",572,1765,901,864,"113Y12M"
"65000","新北市","65000240","平溪區","65000240-001","薯榔里",188,350,197,153,"113Y12M"
"65000","新北市","65000240","平溪區","65000240-002","菁桐里",119,248,139,109,"113Y12M"
"65000","新北市","65000240","平溪區","65000240-003","白石里",109,236,131,105,"113Y12M"
"65000","新北市","65000240","平溪區","65000240-004","石底里",203,422,218,204,"113Y12M"
"65000","新北市","65000240","平溪區","65000240-005","平溪里",120,249,139,110,"113Y12M"
"65000","新北市","65000240","平溪區","65000240-006","嶺腳里",275,558,311,247,"113Y12M"
"65000","新北市","65000240","平溪區","65000240-007","東勢里",236,409,245,164,"113Y12M"
"65000","新北市","65000240","平溪區","65000240-008","望古里",96,150,85,65,"113Y12M"
"65000","新北市","65000240","平溪區","65000240-009","南山里",184,313,192,121,"113Y12M"
"65000","新北市","65000240","平溪區","65000240-010","平湖里",82,147,80,67,"113Y12M"
"65000","新北市","65000240","平溪區","65000240-011","十分里",428,818,444,374,"113Y12M"
"65000","新北市","65000240","平溪區","65000240-012","新寮里",86,149,91,58,"113Y12M"
"65000","新北市","65000250","雙溪區","65000250-001","雙溪里",219,450,226,224,"113Y12M"
"65000","新北市","65000250","雙溪區","65000250-002","共和里",174,333,178,155,"113Y12M"
"65000","新北市","65000250","雙溪區","65000250-003","新基里",342,746,394,352,"113Y12M"
"65000","新北市","65000250","雙溪區","65000250-004","魚行里",322,626,359,267,"113Y12M"
"65000","新北市","65000250","雙溪區","65000250-005","三港里",165,323,191,132,"113Y12M"
"65000","新北市","65000250","雙溪區","65000250-006","牡丹里",651,1454,786,668,"113Y12M"
"65000","新北市","65000250","雙溪區","65000250-007","三貂里",148,329,191,138,"113Y12M"
"65000","新北市","65000250","雙溪區","65000250-008","平林里",413,865,469,396,"113Y12M"
"65000","新北市","65000250","雙溪區","65000250-009","上林里",283,588,336,252,"113Y12M"
"65000","新北市","65000250","雙溪區","65000250-010","外柑里",209,382,229,153,"113Y12M"
"65000","新北市","65000250","雙溪區","65000250-011","長源里",179,344,203,141,"113Y12M"
"65000","新北市","65000250","雙溪區","65000250-012","泰平里",427,1246,630,616,"113Y12M"
"65000","新北市","65000260","貢寮區","65000260-001","貢寮里",347,778,383,395,"113Y12M"
"65000","新北市","65000260","貢寮區","65000260-002","吉林里",244,446,275,171,"113Y12M"
"65000","新北市","65000260","貢寮區","65000260-003","雙玉里",274,597,357,240,"113Y12M"
"65000","新北市","65000260","貢寮區","65000260-004","龍崗里",171,380,213,167,"113Y12M"
"65000","新北市","65000260","貢寮區","65000260-005","龍門里",244,631,300,331,"113Y12M"
"65000","新北市","65000260","貢寮區","65000260-006","福隆里",626,1606,788,818,"113Y12M"
"65000","新北市","65000260","貢寮區","65000260-007","仁里里",688,1782,866,916,"113Y12M"
"65000","新北市","65000260","貢寮區","65000260-008","真理里",723,1997,988,1009,"113Y12M"
"65000","新北市","65000260","貢寮區","65000260-009","福連里",292,855,385,470,"113Y12M"
"65000","新北市","65000260","貢寮區","65000260-010","美豐里",287,695,411,284,"113Y12M"
"65000","新北市","65000260","貢寮區","65000260-011","和美里",344,952,483,469,"113Y12M"
"65000","新北市","65000270","金山區","65000270-001","和平里",191,451,238,213,"113Y12M"
"65000","新北市","65000270","金山區","65000270-002","大同里",288,709,336,373,"113Y12M"
"65000","新北市","65000270","金山區","65000270-003","豐漁里",173,532,275,257,"113Y12M"
"65000","新北市","65000270","金山區","65000270-004","磺港里",542,1768,901,867,"113Y12M"
"65000","新北市","65000270","金山區","65000270-005","美田里",1553,4325,2036,2289,"113Y12M"
"65000","新北市","65000270","金山區","65000270-006","五湖里",647,1808,925,883,"113Y12M"
"65000","新北市","65000270","金山區","65000270-007","重和里",571,1232,619,613,"113Y12M"
"65000","新北市","65000270","金山區","65000270-008","兩湖里",145,414,232,182,"113Y12M"
"65000","新北市","65000270","金山區","65000270-009","六股里",244,676,373,303,"113Y12M"
"65000","新北市","65000270","金山區","65000270-010","三界里",204,631,297,334,"113Y12M"
"65000","新北市","65000270","金山區","65000270-011","清泉里",298,837,452,385,"113Y12M"
"65000","新北市","65000270","金山區","65000270-012","萬壽里",183,481,232,249,"113Y12M"
"65000","新北市","65000270","金山區","65000270-013","西湖里",53,168,93,75,"113Y12M"
"65000","新北市","65000270","金山區","65000270-014","永興里",224,566,304,262,"113Y12M"
"65000","新北市","65000270","金山區","65000270-015","金美里",2098,5461,2596,2865,"113Y12M"
"65000","新北市","65000280","萬里區","65000280-001","萬里里",1495,4643,2280,2363,"113Y12M"
"65000","新北市","65000280","萬里區","65000280-002","龜吼里",1135,2860,1444,1416,"113Y12M"
"65000","新北市","65000280","萬里區","65000280-003","野柳里",1121,3416,1606,1810,"113Y12M"
"65000","新北市","65000280","萬里區","65000280-004","大鵬里",1028,2865,1447,1418,"113Y12M"
"65000","新北市","65000280","萬里區","65000280-005","磺潭里",240,636,337,299,"113Y12M"
"65000","新北市","65000280","萬里區","65000280-006","雙興里",408,1014,549,465,"113Y12M"
"65000","新北市","65000280","萬里區","65000280-007","溪底里",276,645,352,293,"113Y12M"
"65000","新北市","65000280","萬里區","65000280-008","崁?里",163,389,194,195,"113Y12M"
"65000","新北市","65000280","萬里區","65000280-009","中幅里",370,1186,587,599,"113Y12M"
"65000","新北市","65000280","萬里區","65000280-010","北基里",1492,2968,1456,1512,"113Y12M"
"65000","新北市","65000290","烏來區","65000290-001","烏來里",902,2803,1360,1443,"113Y12M"
"65000","新北市","65000290","烏來區","65000290-002","忠治里",564,1884,920,964,"113Y12M"
"65000","新北市","65000290","烏來區","65000290-003","福山里",214,797,390,407,"113Y12M"
"65000","新北市","65000290","烏來區","65000290-004","信賢里",187,581,268,313,"113Y12M"
"65000","新北市","65000290","烏來區","65000290-005","孝義里",44,244,130,114,"113Y12M"
"63000","臺北市","63000010","松山區","63000010-002","莊敬里",2027,4946,2337,2609,"113Y12M"
"63000","臺北市","63000010","松山區","63000010-003","東榮里",3089,8029,3723,4306,"113Y12M"
"63000","臺北市","63000010","松山區","63000010-004","三民里",2880,6563,2986,3577,"113Y12M"
"63000","臺北市","63000010","松山區","63000010-005","新益里",1826,4339,2079,2260,"113Y12M"
"63000","臺北市","63000010","松山區","63000010-006","富錦里",2152,5028,2283,2745,"113Y12M"
"63000","臺北市","63000010","松山區","63000010-007","新東里",2034,4750,2247,2503,"113Y12M"
"63000","臺北市","63000010","松山區","63000010-008","富泰里",2067,4423,1919,2504,"113Y12M"
"63000","臺北市","63000010","松山區","63000010-009","介壽里",1747,4456,2118,2338,"113Y12M"
"63000","臺北市","63000010","松山區","63000010-010","精忠里",1747,4362,2012,2350,"113Y12M"
"63000","臺北市","63000010","松山區","63000010-011","東光里",2951,6527,3024,3503,"113Y12M"
"63000","臺北市","63000010","松山區","63000010-012","龍田里",4370,11107,5176,5931,"113Y12M"
"63000","臺北市","63000010","松山區","63000010-013","東昌里",1016,2608,1205,1403,"113Y12M"
"63000","臺北市","63000010","松山區","63000010-014","東勢里",1805,4223,1972,2251,"113Y12M"
"63000","臺北市","63000010","松山區","63000010-015","中華里",2559,6511,3009,3502,"113Y12M"
"63000","臺北市","63000010","松山區","63000010-016","民有里",3533,8546,3912,4634,"113Y12M"
"63000","臺北市","63000010","松山區","63000010-017","民福里",2560,5838,2708,3130,"113Y12M"
"63000","臺北市","63000010","松山區","63000010-018","慈祐里",4410,7956,3832,4124,"113Y12M"
"63000","臺北市","63000010","松山區","63000010-019","安平里",3655,7749,3626,4123,"113Y12M"
"63000","臺北市","63000010","松山區","63000010-020","鵬程里",1966,4545,2120,2425,"113Y12M"
"63000","臺北市","63000010","松山區","63000010-021","自強里",3639,8760,4009,4751,"113Y12M"
"63000","臺北市","63000010","松山區","63000010-022","吉祥里",3361,7601,3513,4088,"113Y12M"
"63000","臺北市","63000010","松山區","63000010-024","新聚里",3313,7425,3416,4009,"113Y12M"
"63000","臺北市","63000010","松山區","63000010-025","復盛里",2483,5842,2727,3115,"113Y12M"
"63000","臺北市","63000010","松山區","63000010-026","中正里",3908,10106,4713,5393,"113Y12M"
"63000","臺北市","63000010","松山區","63000010-027","中崙里",1748,4393,2056,2337,"113Y12M"
"63000","臺北市","63000010","松山區","63000010-028","美仁里",1364,3573,1678,1895,"113Y12M"
"63000","臺北市","63000010","松山區","63000010-029","吉仁里",1574,4020,1910,2110,"113Y12M"
"63000","臺北市","63000010","松山區","63000010-030","敦化里",2564,6840,3285,3555,"113Y12M"
"63000","臺北市","63000010","松山區","63000010-031","復源里",1358,3563,1689,1874,"113Y12M"
"63000","臺北市","63000010","松山區","63000010-032","復建里",1883,4662,2223,2439,"113Y12M"
"63000","臺北市","63000010","松山區","63000010-033","復勢里",2677,6387,2909,3478,"113Y12M"
"63000","臺北市","63000010","松山區","63000010-034","福成里",1015,2634,1193,1441,"113Y12M"
"63000","臺北市","63000010","松山區","63000010-035","松基里",1512,3514,1590,1924,"113Y12M"
"63000","臺北市","63000020","信義區","63000020-001","西村里",1827,4318,1965,2353,"113Y12M"
"63000","臺北市","63000020","信義區","63000020-002","正和里",1896,4369,1958,2411,"113Y12M"
"63000","臺北市","63000020","信義區","63000020-003","興隆里",1141,2506,1152,1354,"113Y12M"
"63000","臺北市","63000020","信義區","63000020-004","中興里",1748,3272,1410,1862,"113Y12M"
"63000","臺北市","63000020","信義區","63000020-005","新仁里",1369,3110,1442,1668,"113Y12M"
"63000","臺北市","63000020","信義區","63000020-006","興雅里",2387,5156,2412,2744,"113Y12M"
"63000","臺北市","63000020","信義區","63000020-007","敦厚里",2252,4799,2215,2584,"113Y12M"
"63000","臺北市","63000020","信義區","63000020-008","廣居里",3026,7215,3353,3862,"113Y12M"
"63000","臺北市","63000020","信義區","63000020-009","安康里",4519,10672,4941,5731,"113Y12M"
"63000","臺北市","63000020","信義區","63000020-010","六藝里",1403,3574,1719,1855,"113Y12M"
"63000","臺北市","63000020","信義區","63000020-011","雅祥里",2178,4903,2331,2572,"113Y12M"
"63000","臺北市","63000020","信義區","63000020-012","五常里",1545,3544,1695,1849,"113Y12M"
"63000","臺北市","63000020","信義區","63000020-013","五全里",2051,4599,2152,2447,"113Y12M"
"63000","臺北市","63000020","信義區","63000020-014","永吉里",1428,3608,1788,1820,"113Y12M"
"63000","臺北市","63000020","信義區","63000020-015","長春里",1657,3877,1849,2028,"113Y12M"
"63000","臺北市","63000020","信義區","63000020-016","四育里",2177,5120,2491,2629,"113Y12M"
"63000","臺北市","63000020","信義區","63000020-017","四維里",2120,4777,2189,2588,"113Y12M"
"63000","臺北市","63000020","信義區","63000020-018","永春里",2039,4641,2249,2392,"113Y12M"
"63000","臺北市","63000020","信義區","63000020-019","富台里",2192,4624,2100,2524,"113Y12M"
"63000","臺北市","63000020","信義區","63000020-020","國業里",2970,7293,3448,3845,"113Y12M"
"63000","臺北市","63000020","信義區","63000020-021","松隆里",850,1973,955,1018,"113Y12M"
"63000","臺北市","63000020","信義區","63000020-022","松友里",2556,6522,3080,3442,"113Y12M"
"63000","臺北市","63000020","信義區","63000020-023","松光里",2083,4531,2154,2377,"113Y12M"
"63000","臺北市","63000020","信義區","63000020-024","中坡里",1736,4084,1967,2117,"113Y12M"
"63000","臺北市","63000020","信義區","63000020-025","中行里",2956,7236,3513,3723,"113Y12M"
"63000","臺北市","63000020","信義區","63000020-026","大道里",2431,5685,2731,2954,"113Y12M"
"63000","臺北市","63000020","信義區","63000020-027","大仁里",3593,7435,3715,3720,"113Y12M"
"63000","臺北市","63000020","信義區","63000020-028","景新里",2121,4870,2192,2678,"113Y12M"
"63000","臺北市","63000020","信義區","63000020-029","惠安里",2564,5954,2828,3126,"113Y12M"
"63000","臺北市","63000020","信義區","63000020-030","三張里",3609,8207,3904,4303,"113Y12M"
"63000","臺北市","63000020","信義區","63000020-031","三犁里",2184,5028,2336,2692,"113Y12M"
"63000","臺北市","63000020","信義區","63000020-032","六合里",2831,6425,3032,3393,"113Y12M"
"63000","臺北市","63000020","信義區","63000020-033","泰和里",3242,7300,3393,3907,"113Y12M"
"63000","臺北市","63000020","信義區","63000020-034","景聯里",1878,4255,1942,2313,"113Y12M"
"63000","臺北市","63000020","信義區","63000020-035","景勤里",1629,3564,1689,1875,"113Y12M"
"63000","臺北市","63000020","信義區","63000020-036","雙和里",2957,6695,3137,3558,"113Y12M"
"63000","臺北市","63000020","信義區","63000020-037","嘉興里",1272,2910,1341,1569,"113Y12M"
"63000","臺北市","63000020","信義區","63000020-038","黎順里",1787,3772,1779,1993,"113Y12M"
"63000","臺北市","63000020","信義區","63000020-039","黎平里",2978,6539,3036,3503,"113Y12M"
"63000","臺北市","63000020","信義區","63000020-040","黎忠里",1957,4371,2020,2351,"113Y12M"
"63000","臺北市","63000020","信義區","63000020-041","黎安里",827,1734,779,955,"113Y12M"
"63000","臺北市","63000030","大安區","63000030-001","德安里",2324,5465,2462,3003,"113Y12M"
"63000","臺北市","63000030","大安區","63000030-002","仁慈里",2094,5761,2706,3055,"113Y12M"
"63000","臺北市","63000030","大安區","63000030-003","和安里",2539,6956,3299,3657,"113Y12M"
"63000","臺北市","63000030","大安區","63000030-004","民炤里",3296,8064,3769,4295,"113Y12M"
"63000","臺北市","63000030","大安區","63000030-005","仁愛里",2126,4931,2212,2719,"113Y12M"
"63000","臺北市","63000030","大安區","63000030-006","義村里",2355,5087,2332,2755,"113Y12M"
"63000","臺北市","63000030","大安區","63000030-007","民輝里",2824,6337,2922,3415,"113Y12M"
"63000","臺北市","63000030","大安區","63000030-008","昌隆里",1255,2928,1358,1570,"113Y12M"
"63000","臺北市","63000030","大安區","63000030-009","誠安里",1789,3770,1688,2082,"113Y12M"
"63000","臺北市","63000030","大安區","63000030-010","光武里",3300,7342,3284,4058,"113Y12M"
"63000","臺北市","63000030","大安區","63000030-011","龍坡里",2300,5835,2731,3104,"113Y12M"
"63000","臺北市","63000030","大安區","63000030-012","龍泉里",2122,5202,2429,2773,"113Y12M"
"63000","臺北市","63000030","大安區","63000030-013","古風里",1754,4183,1982,2201,"113Y12M"
"63000","臺北市","63000030","大安區","63000030-014","古莊里",3376,7593,3485,4108,"113Y12M"
"63000","臺北市","63000030","大安區","63000030-015","龍安里",3717,8026,3940,4086,"113Y12M"
"63000","臺北市","63000030","大安區","63000030-016","錦安里",2413,6262,2900,3362,"113Y12M"
"63000","臺北市","63000030","大安區","63000030-017","福住里",2371,6412,2908,3504,"113Y12M"
"63000","臺北市","63000030","大安區","63000030-018","永康里",1452,3782,1802,1980,"113Y12M"
"63000","臺北市","63000030","大安區","63000030-019","光明里",1518,3970,1911,2059,"113Y12M"
"63000","臺北市","63000030","大安區","63000030-020","錦泰里",1455,3954,1888,2066,"113Y12M"
"63000","臺北市","63000030","大安區","63000030-021","錦華里",2264,6128,2874,3254,"113Y12M"
"63000","臺北市","63000030","大安區","63000030-022","龍圖里",2902,6649,2994,3655,"113Y12M"
"63000","臺北市","63000030","大安區","63000030-023","新龍里",2609,6825,3203,3622,"113Y12M"
"63000","臺北市","63000030","大安區","63000030-026","龍陣里",1429,3278,1498,1780,"113Y12M"
"63000","臺北市","63000030","大安區","63000030-027","龍雲里",1845,4462,2036,2426,"113Y12M"
"63000","臺北市","63000030","大安區","63000030-028","龍生里",2640,6953,3253,3700,"113Y12M"
"63000","臺北市","63000030","大安區","63000030-029","住安里",2274,4699,2123,2576,"113Y12M"
"63000","臺北市","63000030","大安區","63000030-030","義安里",2253,5239,2339,2900,"113Y12M"
"63000","臺北市","63000030","大安區","63000030-031","通化里",2551,5713,2690,3023,"113Y12M"
"63000","臺北市","63000030","大安區","63000030-032","通安里",2308,5231,2426,2805,"113Y12M"
"63000","臺北市","63000030","大安區","63000030-033","臨江里",1803,3948,1849,2099,"113Y12M"
"63000","臺北市","63000030","大安區","63000030-034","法治里",1893,4333,2005,2328,"113Y12M"
"63000","臺北市","63000030","大安區","63000030-035","全安里",1810,4155,1888,2267,"113Y12M"
"63000","臺北市","63000030","大安區","63000030-036","群賢里",2407,5436,2447,2989,"113Y12M"
"63000","臺北市","63000030","大安區","63000030-037","群英里",2956,6703,3043,3660,"113Y12M"
"63000","臺北市","63000030","大安區","63000030-038","虎嘯里",1691,3637,1645,1992,"113Y12M"
"63000","臺北市","63000030","大安區","63000030-039","臥龍里",869,2224,1034,1190,"113Y12M"
"63000","臺北市","63000030","大安區","63000030-040","龍淵里",3474,9685,4562,5123,"113Y12M"
"63000","臺北市","63000030","大安區","63000030-041","龍門里",1604,4426,2015,2411,"113Y12M"
"63000","臺北市","63000030","大安區","63000030-043","大學里",3591,8678,4033,4645,"113Y12M"
"63000","臺北市","63000030","大安區","63000030-044","芳和里",2284,5418,2573,2845,"113Y12M"
"63000","臺北市","63000030","大安區","63000030-046","黎元里",2110,5241,2539,2702,"113Y12M"
"63000","臺北市","63000030","大安區","63000030-047","黎孝里",3033,7321,3405,3916,"113Y12M"
"63000","臺北市","63000030","大安區","63000030-048","黎和里",2074,4561,2104,2457,"113Y12M"
"63000","臺北市","63000030","大安區","63000030-049","建安里",2101,4641,2045,2596,"113Y12M"
"63000","臺北市","63000030","大安區","63000030-050","建倫里",2393,5998,2645,3353,"113Y12M"
"63000","臺北市","63000030","大安區","63000030-051","敦安里",2409,6224,2805,3419,"113Y12M"
"63000","臺北市","63000030","大安區","63000030-052","正聲里",1894,4472,2058,2414,"113Y12M"
"63000","臺北市","63000030","大安區","63000030-053","敦煌里",2370,6148,2792,3356,"113Y12M"
"63000","臺北市","63000030","大安區","63000030-054","華聲里",1740,4076,1881,2195,"113Y12M"
"63000","臺北市","63000030","大安區","63000030-055","車層里",2510,6020,2716,3304,"113Y12M"
"63000","臺北市","63000030","大安區","63000030-056","光信里",2941,7293,3352,3941,"113Y12M"
"63000","臺北市","63000030","大安區","63000030-057","學府里",894,2233,1085,1148,"113Y12M"
"63000","臺北市","63000040","中山區","63000040-001","正守里",1477,3215,1521,1694,"113Y12M"
"63000","臺北市","63000040","中山區","63000040-002","正義里",2924,5189,2213,2976,"113Y12M"
"63000","臺北市","63000040","中山區","63000040-003","正得里",2199,3724,1608,2116,"113Y12M"
"63000","臺北市","63000040","中山區","63000040-004","民安里",2099,4281,1995,2286,"113Y12M"
"63000","臺北市","63000040","中山區","63000040-005","康樂里",1561,2622,1087,1535,"113Y12M"
"63000","臺北市","63000040","中山區","63000040-006","中山里",4103,6822,2874,3948,"113Y12M"
"63000","臺北市","63000040","中山區","63000040-007","聚盛里",2413,3971,1674,2297,"113Y12M"
"63000","臺北市","63000040","中山區","63000040-008","集英里",3446,7042,3127,3915,"113Y12M"
"63000","臺北市","63000040","中山區","63000040-009","聚葉里",2063,3870,1704,2166,"113Y12M"
"63000","臺北市","63000040","中山區","63000040-010","恆安里",2839,4988,2163,2825,"113Y12M"
"63000","臺北市","63000040","中山區","63000040-011","晴光里",3134,5546,2311,3235,"113Y12M"
"63000","臺北市","63000040","中山區","63000040-012","圓山里",1989,3987,1767,2220,"113Y12M"
"63000","臺北市","63000040","中山區","63000040-013","劍潭里",1439,3639,1747,1892,"113Y12M"
"63000","臺北市","63000040","中山區","63000040-014","大直里",3438,8609,4034,4575,"113Y12M"
"63000","臺北市","63000040","中山區","63000040-015","成功里",2802,6629,3032,3597,"113Y12M"
"63000","臺北市","63000040","中山區","63000040-016","永安里",3856,9347,4280,5067,"113Y12M"
"63000","臺北市","63000040","中山區","63000040-017","大佳里",338,808,437,371,"113Y12M"
"63000","臺北市","63000040","中山區","63000040-018","新喜里",2099,4842,2266,2576,"113Y12M"
"63000","臺北市","63000040","中山區","63000040-019","新庄里",2157,4630,2137,2493,"113Y12M"
"63000","臺北市","63000040","中山區","63000040-020","新福里",2282,4818,2179,2639,"113Y12M"
"63000","臺北市","63000040","中山區","63000040-021","松江里",2566,6159,2870,3289,"113Y12M"
"63000","臺北市","63000040","中山區","63000040-022","新生里",2080,4248,1959,2289,"113Y12M"
"63000","臺北市","63000040","中山區","63000040-023","中庄里",2345,4798,2255,2543,"113Y12M"
"63000","臺北市","63000040","中山區","63000040-024","行政里",3799,6997,3551,3446,"113Y12M"
"63000","臺北市","63000040","中山區","63000040-025","行仁里",2987,7449,3486,3963,"113Y12M"
"63000","臺北市","63000040","中山區","63000040-026","行孝里",1846,4296,2032,2264,"113Y12M"
"63000","臺北市","63000040","中山區","63000040-027","下埤里",3042,7240,3394,3846,"113Y12M"
"63000","臺北市","63000040","中山區","63000040-028","江寧里",2870,6684,3124,3560,"113Y12M"
"63000","臺北市","63000040","中山區","63000040-029","江山里",3125,7213,3379,3834,"113Y12M"
"63000","臺北市","63000040","中山區","63000040-030","中吉里",2398,5578,2607,2971,"113Y12M"
"63000","臺北市","63000040","中山區","63000040-031","中原里",2294,4845,2205,2640,"113Y12M"
"63000","臺北市","63000040","中山區","63000040-032","興亞里",2661,5477,2455,3022,"113Y12M"
"63000","臺北市","63000040","中山區","63000040-033","中央里",1684,3722,1731,1991,"113Y12M"
"63000","臺北市","63000040","中山區","63000040-034","朱馥里",2486,5573,2550,3023,"113Y12M"
"63000","臺北市","63000040","中山區","63000040-035","龍洲里",2159,4819,2183,2636,"113Y12M"
"63000","臺北市","63000040","中山區","63000040-036","朱園里",2291,4424,1984,2440,"113Y12M"
"63000","臺北市","63000040","中山區","63000040-037","埤頭里",1553,3195,1522,1673,"113Y12M"
"63000","臺北市","63000040","中山區","63000040-038","朱崙里",1494,2934,1330,1604,"113Y12M"
"63000","臺北市","63000040","中山區","63000040-039","力行里",2838,5982,2747,3235,"113Y12M"
"63000","臺北市","63000040","中山區","63000040-040","復華里",2172,4510,2039,2471,"113Y12M"
"63000","臺北市","63000040","中山區","63000040-041","金泰里",3579,8214,3930,4284,"113Y12M"
"63000","臺北市","63000040","中山區","63000040-042","北安里",1019,2309,1066,1243,"113Y12M"
"63000","臺北市","63000050","中正區","63000050-001","水源里",1394,2888,1320,1568,"113Y12M"
"63000","臺北市","63000050","中正區","63000050-002","富水里",1012,2351,1164,1187,"113Y12M"
"63000","臺北市","63000050","中正區","63000050-003","文盛里",1226,2463,1159,1304,"113Y12M"
"63000","臺北市","63000050","中正區","63000050-004","林興里",2240,4692,2188,2504,"113Y12M"
"63000","臺北市","63000050","中正區","63000050-005","河堤里",1968,4245,1972,2273,"113Y12M"
"63000","臺北市","63000050","中正區","63000050-006","頂東里",2831,5595,2557,3038,"113Y12M"
"63000","臺北市","63000050","中正區","63000050-007","網溪里",2571,5460,2529,2931,"113Y12M"
"63000","臺北市","63000050","中正區","63000050-008","板溪里",1603,3246,1462,1784,"113Y12M"
"63000","臺北市","63000050","中正區","63000050-009","螢圃里",2544,5290,2472,2818,"113Y12M"
"63000","臺北市","63000050","中正區","63000050-010","螢雪里",1755,3904,1862,2042,"113Y12M"
"63000","臺北市","63000050","中正區","63000050-011","永功里",2629,6008,2905,3103,"113Y12M"
"63000","臺北市","63000050","中正區","63000050-012","永昌里",1984,4387,2135,2252,"113Y12M"
"63000","臺北市","63000050","中正區","63000050-013","龍興里",1445,3601,1672,1929,"113Y12M"
"63000","臺北市","63000050","中正區","63000050-014","忠勤里",2909,5719,2701,3018,"113Y12M"
"63000","臺北市","63000050","中正區","63000050-015","廈安里",1843,4567,2165,2402,"113Y12M"
"63000","臺北市","63000050","中正區","63000050-016","愛國里",1397,3419,1578,1841,"113Y12M"
"63000","臺北市","63000050","中正區","63000050-017","南門里",1078,2734,1263,1471,"113Y12M"
"63000","臺北市","63000050","中正區","63000050-018","龍光里",1307,3271,1594,1677,"113Y12M"
"63000","臺北市","63000050","中正區","63000050-019","南福里",4926,12021,5782,6239,"113Y12M"
"63000","臺北市","63000050","中正區","63000050-020","龍福里",2164,5230,2464,2766,"113Y12M"
"63000","臺北市","63000050","中正區","63000050-021","新營里",3335,8832,4279,4553,"113Y12M"
"63000","臺北市","63000050","中正區","63000050-022","建國里",790,1867,844,1023,"113Y12M"
"63000","臺北市","63000050","中正區","63000050-023","光復里",1941,3880,1802,2078,"113Y12M"
"63000","臺北市","63000050","中正區","63000050-024","黎明里",1646,3316,1591,1725,"113Y12M"
"63000","臺北市","63000050","中正區","63000050-025","梅花里",1409,2963,1347,1616,"113Y12M"
"63000","臺北市","63000050","中正區","63000050-026","幸福里",2933,5637,2788,2849,"113Y12M"
"63000","臺北市","63000050","中正區","63000050-027","幸市里",1941,4198,1950,2248,"113Y12M"
"63000","臺北市","63000050","中正區","63000050-028","東門里",1626,3699,1732,1967,"113Y12M"
"63000","臺北市","63000050","中正區","63000050-029","文北里",2439,5893,2745,3148,"113Y12M"
"63000","臺北市","63000050","中正區","63000050-030","文祥里",3144,8179,3914,4265,"113Y12M"
"63000","臺北市","63000050","中正區","63000050-031","三愛里",3607,8820,4050,4770,"113Y12M"
"63000","臺北市","63000060","大同區","63000060-001","玉泉里",1298,2836,1372,1464,"113Y12M"
"63000","臺北市","63000060","大同區","63000060-002","建明里",1632,3274,1524,1750,"113Y12M"
"63000","臺北市","63000060","大同區","63000060-003","建功里",2127,4649,2203,2446,"113Y12M"
"63000","臺北市","63000060","大同區","63000060-004","建泰里",1627,3611,1706,1905,"113Y12M"
"63000","臺北市","63000060","大同區","63000060-005","永樂里",2260,4903,2414,2489,"113Y12M"
"63000","臺北市","63000060","大同區","63000060-006","朝陽里",2058,4276,1999,2277,"113Y12M"
"63000","臺北市","63000060","大同區","63000060-007","星明里",2591,5824,2690,3134,"113Y12M"
"63000","臺北市","63000060","大同區","63000060-008","光能里",2170,5083,2419,2664,"113Y12M"
"63000","臺北市","63000060","大同區","63000060-009","大有里",1863,4363,2086,2277,"113Y12M"
"63000","臺北市","63000060","大同區","63000060-010","延平里",1863,3701,1747,1954,"113Y12M"
"63000","臺北市","63000060","大同區","63000060-011","雙連里",3862,9112,4332,4780,"113Y12M"
"63000","臺北市","63000060","大同區","63000060-012","南芳里",1888,4193,1901,2292,"113Y12M"
"63000","臺北市","63000060","大同區","63000060-013","民權里",2782,6676,3106,3570,"113Y12M"
"63000","臺北市","63000060","大同區","63000060-014","景星里",1083,2335,1140,1195,"113Y12M"
"63000","臺北市","63000060","大同區","63000060-015","隆和里",1670,3726,1827,1899,"113Y12M"
"63000","臺北市","63000060","大同區","63000060-016","蓬萊里",2258,4867,2294,2573,"113Y12M"
"63000","臺北市","63000060","大同區","63000060-017","國順里",1273,2956,1485,1471,"113Y12M"
"63000","臺北市","63000060","大同區","63000060-018","國慶里",1974,4516,2123,2393,"113Y12M"
"63000","臺北市","63000060","大同區","63000060-019","揚雅里",2370,4125,2231,1894,"113Y12M"
"63000","臺北市","63000060","大同區","63000060-020","斯文里",2272,4745,2276,2469,"113Y12M"
"63000","臺北市","63000060","大同區","63000060-021","鄰江里",2536,5960,2891,3069,"113Y12M"
"63000","臺北市","63000060","大同區","63000060-022","至聖里",3439,7408,3494,3914,"113Y12M"
"63000","臺北市","63000060","大同區","63000060-024","老師里",2240,5243,2597,2646,"113Y12M"
"63000","臺北市","63000060","大同區","63000060-025","重慶里",2660,6308,2932,3376,"113Y12M"
"63000","臺北市","63000060","大同區","63000060-026","保安里",1955,4302,2038,2264,"113Y12M"
"63000","臺北市","63000070","萬華區","63000070-001","福星里",2598,4873,2276,2597,"113Y12M"
"63000","臺北市","63000070","萬華區","63000070-002","萬壽里",1949,3222,1526,1696,"113Y12M"
"63000","臺北市","63000070","萬華區","63000070-003","西門里",1995,3427,1570,1857,"113Y12M"
"63000","臺北市","63000070","萬華區","63000070-004","新起里",3421,6723,3122,3601,"113Y12M"
"63000","臺北市","63000070","萬華區","63000070-005","菜園里",2859,5792,2813,2979,"113Y12M"
"63000","臺北市","63000070","萬華區","63000070-006","青山里",2920,5712,2790,2922,"113Y12M"
"63000","臺北市","63000070","萬華區","63000070-007","富民里",2337,4648,2250,2398,"113Y12M"
"63000","臺北市","63000070","萬華區","63000070-008","福音里",1955,3810,1802,2008,"113Y12M"
"63000","臺北市","63000070","萬華區","63000070-009","仁德里",2257,4599,2178,2421,"113Y12M"
"63000","臺北市","63000070","萬華區","63000070-010","富福里",3317,5764,3204,2560,"113Y12M"
"63000","臺北市","63000070","萬華區","63000070-011","頂碩里",2912,6416,3183,3233,"113Y12M"
"63000","臺北市","63000070","萬華區","63000070-012","雙園里",2087,4731,2307,2424,"113Y12M"
"63000","臺北市","63000070","萬華區","63000070-013","新忠里",1578,3304,1512,1792,"113Y12M"
"63000","臺北市","63000070","萬華區","63000070-014","新和里",3449,7873,3671,4202,"113Y12M"
"63000","臺北市","63000070","萬華區","63000070-015","糖?里",2307,5048,2462,2586,"113Y12M"
"63000","臺北市","63000070","萬華區","63000070-016","和平里",2712,6047,2914,3133,"113Y12M"
"63000","臺北市","63000070","萬華區","63000070-017","綠堤里",1704,3927,1857,2070,"113Y12M"
"63000","臺北市","63000070","萬華區","63000070-018","華江里",3297,7880,3802,4078,"113Y12M"
"63000","臺北市","63000070","萬華區","63000070-019","柳鄉里",2054,4707,2295,2412,"113Y12M"
"63000","臺北市","63000070","萬華區","63000070-020","日善里",1516,3579,1750,1829,"113Y12M"
"63000","臺北市","63000070","萬華區","63000070-021","新安里",2553,5480,2641,2839,"113Y12M"
"63000","臺北市","63000070","萬華區","63000070-022","忠德里",1884,4292,2108,2184,"113Y12M"
"63000","臺北市","63000070","萬華區","63000070-023","孝德里",1386,3115,1509,1606,"113Y12M"
"63000","臺北市","63000070","萬華區","63000070-024","和德里",2555,5643,2795,2848,"113Y12M"
"63000","臺北市","63000070","萬華區","63000070-025","錦德里",2176,5078,2432,2646,"113Y12M"
"63000","臺北市","63000070","萬華區","63000070-026","全德里",1777,4048,1959,2089,"113Y12M"
"63000","臺北市","63000070","萬華區","63000070-027","保德里",1257,3058,1525,1533,"113Y12M"
"63000","臺北市","63000070","萬華區","63000070-028","銘德里",1821,4252,2025,2227,"113Y12M"
"63000","臺北市","63000070","萬華區","63000070-029","榮德里",1368,3275,1659,1616,"113Y12M"
"63000","臺北市","63000070","萬華區","63000070-030","壽德里",1905,4601,2230,2371,"113Y12M"
"63000","臺北市","63000070","萬華區","63000070-031","興德里",1731,4273,2106,2167,"113Y12M"
"63000","臺北市","63000070","萬華區","63000070-032","華中里",2416,5655,2744,2911,"113Y12M"
"63000","臺北市","63000070","萬華區","63000070-033","日祥里",3063,6444,3067,3377,"113Y12M"
"63000","臺北市","63000070","萬華區","63000070-034","忠貞里",2254,4419,1981,2438,"113Y12M"
"63000","臺北市","63000070","萬華區","63000070-035","凌霄里",1616,3365,1577,1788,"113Y12M"
"63000","臺北市","63000070","萬華區","63000070-036","騰雲里",1336,2835,1337,1498,"113Y12M"
"63000","臺北市","63000080","文山區","63000080-001","景行里",3598,8160,3814,4346,"113Y12M"
"63000","臺北市","63000080","文山區","63000080-002","景東里",2982,7155,3311,3844,"113Y12M"
"63000","臺北市","63000080","文山區","63000080-003","景美里",2158,5318,2448,2870,"113Y12M"
"63000","臺北市","63000080","文山區","63000080-004","景慶里",2538,6398,3003,3395,"113Y12M"
"63000","臺北市","63000080","文山區","63000080-005","景仁里",2656,6086,2828,3258,"113Y12M"
"63000","臺北市","63000080","文山區","63000080-006","景華里",2229,5582,2593,2989,"113Y12M"
"63000","臺北市","63000080","文山區","63000080-007","萬有里",2262,5584,2684,2900,"113Y12M"
"63000","臺北市","63000080","文山區","63000080-008","萬祥里",1893,4406,2054,2352,"113Y12M"
"63000","臺北市","63000080","文山區","63000080-009","萬隆里",2903,6992,3269,3723,"113Y12M"
"63000","臺北市","63000080","文山區","63000080-010","萬年里",2264,5049,2408,2641,"113Y12M"
"63000","臺北市","63000080","文山區","63000080-011","萬和里",1605,3586,1706,1880,"113Y12M"
"63000","臺北市","63000080","文山區","63000080-012","萬盛里",2056,4538,2146,2392,"113Y12M"
"63000","臺北市","63000080","文山區","63000080-013","興豐里",2134,4999,2407,2592,"113Y12M"
"63000","臺北市","63000080","文山區","63000080-014","興光里",1822,3836,1773,2063,"113Y12M"
"63000","臺北市","63000080","文山區","63000080-015","興家里",2934,7152,3440,3712,"113Y12M"
"63000","臺北市","63000080","文山區","63000080-016","興得里",2620,5931,2828,3103,"113Y12M"
"63000","臺北市","63000080","文山區","63000080-017","興業里",2121,4889,2294,2595,"113Y12M"
"63000","臺北市","63000080","文山區","63000080-018","興安里",2839,6663,3111,3552,"113Y12M"
"63000","臺北市","63000080","文山區","63000080-019","興福里",2144,5529,2603,2926,"113Y12M"
"63000","臺北市","63000080","文山區","63000080-020","興旺里",3468,7934,3781,4153,"113Y12M"
"63000","臺北市","63000080","文山區","63000080-021","興泰里",1811,3945,1823,2122,"113Y12M"
"63000","臺北市","63000080","文山區","63000080-022","興昌里",2842,6391,3003,3388,"113Y12M"
"63000","臺北市","63000080","文山區","63000080-023","試院里",2890,6669,3161,3508,"113Y12M"
"63000","臺北市","63000080","文山區","63000080-024","華興里",3679,8721,4129,4592,"113Y12M"
"63000","臺北市","63000080","文山區","63000080-025","明義里",1660,3882,1834,2048,"113Y12M"
"63000","臺北市","63000080","文山區","63000080-026","明興里",2790,6407,3043,3364,"113Y12M"
"63000","臺北市","63000080","文山區","63000080-027","木柵里",4097,9595,4470,5125,"113Y12M"
"63000","臺北市","63000080","文山區","63000080-028","木新里",4667,9876,4977,4899,"113Y12M"
"63000","臺北市","63000080","文山區","63000080-029","順興里",2895,7095,3371,3724,"113Y12M"
"63000","臺北市","63000080","文山區","63000080-030","樟林里",3293,8072,3904,4168,"113Y12M"
"63000","臺北市","63000080","文山區","63000080-031","樟新里",2185,5287,2466,2821,"113Y12M"
"63000","臺北市","63000080","文山區","63000080-032","樟腳里",2099,5311,2534,2777,"113Y12M"
"63000","臺北市","63000080","文山區","63000080-033","萬芳里",3264,7688,3579,4109,"113Y12M"
"63000","臺北市","63000080","文山區","63000080-034","博嘉里",2348,5832,2765,3067,"113Y12M"
"63000","臺北市","63000080","文山區","63000080-035","萬興里",3427,8444,4030,4414,"113Y12M"
"63000","臺北市","63000080","文山區","63000080-036","指南里",1852,4163,2081,2082,"113Y12M"
"63000","臺北市","63000080","文山區","63000080-037","老泉里",352,839,446,393,"113Y12M"
"63000","臺北市","63000080","文山區","63000080-038","忠順里",1779,4102,1901,2201,"113Y12M"
"63000","臺北市","63000080","文山區","63000080-039","萬美里",2895,6979,3302,3677,"113Y12M"
"63000","臺北市","63000080","文山區","63000080-040","政大里",3084,7918,3801,4117,"113Y12M"
"63000","臺北市","63000080","文山區","63000080-041","樟文里",2376,5982,2884,3098,"113Y12M"
"63000","臺北市","63000080","文山區","63000080-042","興邦里",2217,4785,2253,2532,"113Y12M"
"63000","臺北市","63000080","文山區","63000080-043","樟樹里",1815,4563,2186,2377,"113Y12M"
"63000","臺北市","63000090","南港區","63000090-001","南港里",2907,6246,3175,3071,"113Y12M"
"63000","臺北市","63000090","南港區","63000090-002","中南里",1396,3299,1643,1656,"113Y12M"
"63000","臺北市","63000090","南港區","63000090-003","新富里",1561,3712,1773,1939,"113Y12M"
"63000","臺北市","63000090","南港區","63000090-004","三重里",3789,7834,3701,4133,"113Y12M"
"63000","臺北市","63000090","南港區","63000090-005","東新里",2681,6682,3234,3448,"113Y12M"
"63000","臺北市","63000090","南港區","63000090-006","新光里",1552,3621,1689,1932,"113Y12M"
"63000","臺北市","63000090","南港區","63000090-007","東明里",2519,5570,2628,2942,"113Y12M"
"63000","臺北市","63000090","南港區","63000090-008","西新里",1751,4400,2117,2283,"113Y12M"
"63000","臺北市","63000090","南港區","63000090-009","玉成里",1996,4469,2186,2283,"113Y12M"
"63000","臺北市","63000090","南港區","63000090-010","合成里",2756,6253,2984,3269,"113Y12M"
"63000","臺北市","63000090","南港區","63000090-011","成福里",2990,7126,3381,3745,"113Y12M"
"63000","臺北市","63000090","南港區","63000090-012","萬福里",1740,4063,1926,2137,"113Y12M"
"63000","臺北市","63000090","南港區","63000090-013","鴻福里",1759,4214,2003,2211,"113Y12M"
"63000","臺北市","63000090","南港區","63000090-014","百福里",2161,5049,2429,2620,"113Y12M"
"63000","臺北市","63000090","南港區","63000090-015","聯成里",1971,4532,2172,2360,"113Y12M"
"63000","臺北市","63000090","南港區","63000090-016","舊莊里",3713,8722,4242,4480,"113Y12M"
"63000","臺北市","63000090","南港區","63000090-017","中研里",3582,9027,4402,4625,"113Y12M"
"63000","臺北市","63000090","南港區","63000090-018","九如里",2521,6182,2960,3222,"113Y12M"
"63000","臺北市","63000090","南港區","63000090-019","仁福里",2241,5363,2615,2748,"113Y12M"
"63000","臺北市","63000090","南港區","63000090-020","重陽里",2873,6279,2977,3302,"113Y12M"
"63000","臺北市","63000100","內湖區","63000100-001","西湖里",2800,6702,3171,3531,"113Y12M"
"63000","臺北市","63000100","內湖區","63000100-002","西康里",4018,9476,4383,5093,"113Y12M"
"63000","臺北市","63000100","內湖區","63000100-003","西安里",2590,6347,2992,3355,"113Y12M"
"63000","臺北市","63000100","內湖區","63000100-005","港墘里",2351,5997,2801,3196,"113Y12M"
"63000","臺北市","63000100","內湖區","63000100-006","港都里",2022,5311,2520,2791,"113Y12M"
"63000","臺北市","63000100","內湖區","63000100-007","港富里",3673,9473,4507,4966,"113Y12M"
"63000","臺北市","63000100","內湖區","63000100-008","港華里",3404,9314,4392,4922,"113Y12M"
"63000","臺北市","63000100","內湖區","63000100-009","內湖里",3008,6299,2825,3474,"113Y12M"
"63000","臺北市","63000100","內湖區","63000100-010","湖濱里",3446,8410,3916,4494,"113Y12M"
"63000","臺北市","63000100","內湖區","63000100-011","紫星里",3103,7727,3630,4097,"113Y12M"
"63000","臺北市","63000100","內湖區","63000100-012","大湖里",2206,5233,2428,2805,"113Y12M"
"63000","臺北市","63000100","內湖區","63000100-013","金龍里",2109,4996,2400,2596,"113Y12M"
"63000","臺北市","63000100","內湖區","63000100-014","金瑞里",2664,6728,3162,3566,"113Y12M"
"63000","臺北市","63000100","內湖區","63000100-015","碧山里",2802,7013,3352,3661,"113Y12M"
"63000","臺北市","63000100","內湖區","63000100-016","紫雲里",2258,5551,2646,2905,"113Y12M"
"63000","臺北市","63000100","內湖區","63000100-017","清白里",3852,8484,3913,4571,"113Y12M"
"63000","臺北市","63000100","內湖區","63000100-018","葫洲里",2815,7466,3521,3945,"113Y12M"
"63000","臺北市","63000100","內湖區","63000100-019","紫陽里",3473,8047,3806,4241,"113Y12M"
"63000","臺北市","63000100","內湖區","63000100-020","瑞陽里",3170,7398,3445,3953,"113Y12M"
"63000","臺北市","63000100","內湖區","63000100-021","瑞光里",1747,4219,1943,2276,"113Y12M"
"63000","臺北市","63000100","內湖區","63000100-022","五分里",4057,10940,5154,5786,"113Y12M"
"63000","臺北市","63000100","內湖區","63000100-023","東湖里",3120,7948,3801,4147,"113Y12M"
"63000","臺北市","63000100","內湖區","63000100-024","樂康里",2983,7746,3670,4076,"113Y12M"
"63000","臺北市","63000100","內湖區","63000100-025","內溝里",1836,4560,2210,2350,"113Y12M"
"63000","臺北市","63000100","內湖區","63000100-026","週美里",4135,9475,4507,4968,"113Y12M"
"63000","臺北市","63000100","內湖區","63000100-027","行善里",3113,7139,3459,3680,"113Y12M"
"63000","臺北市","63000100","內湖區","63000100-028","石潭里",1994,4110,1939,2171,"113Y12M"
"63000","臺北市","63000100","內湖區","63000100-029","湖興里",4257,8451,4140,4311,"113Y12M"
"63000","臺北市","63000100","內湖區","63000100-030","湖元里",2848,6565,3095,3470,"113Y12M"
"63000","臺北市","63000100","內湖區","63000100-031","安湖里",2677,7608,3612,3996,"113Y12M"
"63000","臺北市","63000100","內湖區","63000100-032","秀湖里",2437,5889,2809,3080,"113Y12M"
"63000","臺北市","63000100","內湖區","63000100-033","安泰里",2099,5270,2545,2725,"113Y12M"
"63000","臺北市","63000100","內湖區","63000100-034","金湖里",4026,10202,4730,5472,"113Y12M"
"63000","臺北市","63000100","內湖區","63000100-035","康寧里",3135,8935,4264,4671,"113Y12M"
"63000","臺北市","63000100","內湖區","63000100-036","明湖里",1992,5516,2606,2910,"113Y12M"
"63000","臺北市","63000100","內湖區","63000100-037","蘆洲里",486,1243,662,581,"113Y12M"
"63000","臺北市","63000100","內湖區","63000100-038","麗山里",2352,6090,2886,3204,"113Y12M"
"63000","臺北市","63000100","內湖區","63000100-039","寶湖里",4479,10066,4762,5304,"113Y12M"
"63000","臺北市","63000100","內湖區","63000100-040","南湖里",2230,5804,2719,3085,"113Y12M"
"63000","臺北市","63000110","士林區","63000110-001","仁勇里",1608,3667,1750,1917,"113Y12M"
"63000","臺北市","63000110","士林區","63000110-002","義信里",1393,3131,1499,1632,"113Y12M"
"63000","臺北市","63000110","士林區","63000110-003","福林里",1277,2852,1392,1460,"113Y12M"
"63000","臺北市","63000110","士林區","63000110-004","福德里",2818,5353,2763,2590,"113Y12M"
"63000","臺北市","63000110","士林區","63000110-005","福志里",2954,6990,3301,3689,"113Y12M"
"63000","臺北市","63000110","士林區","63000110-006","舊佳里",2460,5644,2672,2972,"113Y12M"
"63000","臺北市","63000110","士林區","63000110-007","福佳里",3125,7561,3600,3961,"113Y12M"
"63000","臺北市","63000110","士林區","63000110-008","後港里",3144,7741,3753,3988,"113Y12M"
"63000","臺北市","63000110","士林區","63000110-009","福中里",2520,6435,3122,3313,"113Y12M"
"63000","臺北市","63000110","士林區","63000110-010","前港里",1711,4286,2055,2231,"113Y12M"
"63000","臺北市","63000110","士林區","63000110-011","百齡里",2481,6480,3126,3354,"113Y12M"
"63000","臺北市","63000110","士林區","63000110-012","承德里",2421,5341,2454,2887,"113Y12M"
"63000","臺北市","63000110","士林區","63000110-013","福華里",2581,5911,2831,3080,"113Y12M"
"63000","臺北市","63000110","士林區","63000110-014","明勝里",1994,4648,2229,2419,"113Y12M"
"63000","臺北市","63000110","士林區","63000110-015","福順里",2168,5192,2521,2671,"113Y12M"
"63000","臺北市","63000110","士林區","63000110-016","富光里",2195,5757,2781,2976,"113Y12M"
"63000","臺北市","63000110","士林區","63000110-017","葫蘆里",2849,7118,3404,3714,"113Y12M"
"63000","臺北市","63000110","士林區","63000110-018","葫東里",1641,3890,1872,2018,"113Y12M"
"63000","臺北市","63000110","士林區","63000110-019","社子里",2512,6250,3042,3208,"113Y12M"
"63000","臺北市","63000110","士林區","63000110-020","社新里",3492,8717,4297,4420,"113Y12M"
"63000","臺北市","63000110","士林區","63000110-021","社園里",2648,6979,3446,3533,"113Y12M"
"63000","臺北市","63000110","士林區","63000110-022","永倫里",2817,6625,3295,3330,"113Y12M"
"63000","臺北市","63000110","士林區","63000110-023","福安里",2090,4733,2518,2215,"113Y12M"
"63000","臺北市","63000110","士林區","63000110-024","富洲里",3015,5913,3072,2841,"113Y12M"
"63000","臺北市","63000110","士林區","63000110-025","岩山里",1277,3260,1515,1745,"113Y12M"
"63000","臺北市","63000110","士林區","63000110-026","名山里",2702,6993,3197,3796,"113Y12M"
"63000","臺北市","63000110","士林區","63000110-027","德行里",1925,4371,2012,2359,"113Y12M"
"63000","臺北市","63000110","士林區","63000110-028","德華里",2268,5465,2528,2937,"113Y12M"
"63000","臺北市","63000110","士林區","63000110-029","聖山里",1993,5016,2332,2684,"113Y12M"
"63000","臺北市","63000110","士林區","63000110-030","忠誠里",2223,5406,2506,2900,"113Y12M"
"63000","臺北市","63000110","士林區","63000110-031","芝山里",2876,7530,3549,3981,"113Y12M"
"63000","臺北市","63000110","士林區","63000110-032","東山里",1849,5010,2381,2629,"113Y12M"
"63000","臺北市","63000110","士林區","63000110-033","三玉里",2239,5701,2653,3048,"113Y12M"
"63000","臺北市","63000110","士林區","63000110-034","蘭雅里",3515,8634,3963,4671,"113Y12M"
"63000","臺北市","63000110","士林區","63000110-035","蘭興里",2509,6284,2914,3370,"113Y12M"
"63000","臺北市","63000110","士林區","63000110-036","天福里",2453,6428,2969,3459,"113Y12M"
"63000","臺北市","63000110","士林區","63000110-037","天祿里",1976,5026,2349,2677,"113Y12M"
"63000","臺北市","63000110","士林區","63000110-038","天壽里",2045,5166,2399,2767,"113Y12M"
"63000","臺北市","63000110","士林區","63000110-039","天和里",2787,7340,3501,3839,"113Y12M"
"63000","臺北市","63000110","士林區","63000110-040","天山里",2707,6812,3097,3715,"113Y12M"
"63000","臺北市","63000110","士林區","63000110-041","天玉里",3544,8890,4073,4817,"113Y12M"
"63000","臺北市","63000110","士林區","63000110-042","天母里",2657,6702,3118,3584,"113Y12M"
"63000","臺北市","63000110","士林區","63000110-043","永福里",457,1172,568,604,"113Y12M"
"63000","臺北市","63000110","士林區","63000110-044","公館里",531,1294,666,628,"113Y12M"
"63000","臺北市","63000110","士林區","63000110-045","新安里",748,1839,917,922,"113Y12M"
"63000","臺北市","63000110","士林區","63000110-046","陽明里",1501,2934,1437,1497,"113Y12M"
"63000","臺北市","63000110","士林區","63000110-047","菁山里",587,1483,803,680,"113Y12M"
"63000","臺北市","63000110","士林區","63000110-048","平等里",579,1426,720,706,"113Y12M"
"63000","臺北市","63000110","士林區","63000110-049","溪山里",602,1446,739,707,"113Y12M"
"63000","臺北市","63000110","士林區","63000110-050","翠山里",1191,2584,1203,1381,"113Y12M"
"63000","臺北市","63000110","士林區","63000110-051","臨溪里",1185,2768,1351,1417,"113Y12M"
"63000","臺北市","63000120","北投區","63000120-001","建民里",1954,4487,2120,2367,"113Y12M"
"63000","臺北市","63000120","北投區","63000120-002","文林里",1829,4272,2036,2236,"113Y12M"
"63000","臺北市","63000120","北投區","63000120-003","石牌里",2088,4991,2321,2670,"113Y12M"
"63000","臺北市","63000120","北投區","63000120-004","福興里",2755,7215,3431,3784,"113Y12M"
"63000","臺北市","63000120","北投區","63000120-005","榮光里",2788,7568,3595,3973,"113Y12M"
"63000","臺北市","63000120","北投區","63000120-006","榮華里",3022,7356,3389,3967,"113Y12M"
"63000","臺北市","63000120","北投區","63000120-007","裕民里",3254,7756,3605,4151,"113Y12M"
"63000","臺北市","63000120","北投區","63000120-008","振華里",2921,7393,3481,3912,"113Y12M"
"63000","臺北市","63000120","北投區","63000120-009","永和里",3853,9390,4408,4982,"113Y12M"
"63000","臺北市","63000120","北投區","63000120-010","永欣里",3683,8343,3792,4551,"113Y12M"
"63000","臺北市","63000120","北投區","63000120-011","永明里",1913,4977,2322,2655,"113Y12M"
"63000","臺北市","63000120","北投區","63000120-012","東華里",1676,4542,2135,2407,"113Y12M"
"63000","臺北市","63000120","北投區","63000120-013","吉利里",2691,7236,3343,3893,"113Y12M"
"63000","臺北市","63000120","北投區","63000120-014","吉慶里",1983,5370,2543,2827,"113Y12M"
"63000","臺北市","63000120","北投區","63000120-015","尊賢里",1770,4796,2252,2544,"113Y12M"
"63000","臺北市","63000120","北投區","63000120-016","立賢里",2062,5557,2632,2925,"113Y12M"
"63000","臺北市","63000120","北投區","63000120-017","立農里",3668,9569,4521,5048,"113Y12M"
"63000","臺北市","63000120","北投區","63000120-018","八仙里",2257,5415,2591,2824,"113Y12M"
"63000","臺北市","63000120","北投區","63000120-019","洲美里",903,2454,1193,1261,"113Y12M"
"63000","臺北市","63000120","北投區","63000120-020","奇岩里",4890,11205,5307,5898,"113Y12M"
"63000","臺北市","63000120","北投區","63000120-021","清江里",4630,9481,4832,4649,"113Y12M"
"63000","臺北市","63000120","北投區","63000120-022","中央里",3293,7763,3710,4053,"113Y12M"
"63000","臺北市","63000120","北投區","63000120-023","長安里",2807,5951,2754,3197,"113Y12M"
"63000","臺北市","63000120","北投區","63000120-024","大同里",2425,5573,2668,2905,"113Y12M"
"63000","臺北市","63000120","北投區","63000120-025","溫泉里",2801,6285,2928,3357,"113Y12M"
"63000","臺北市","63000120","北投區","63000120-026","林泉里",1516,2971,1484,1487,"113Y12M"
"63000","臺北市","63000120","北投區","63000120-027","中心里",3224,6431,2930,3501,"113Y12M"
"63000","臺北市","63000120","北投區","63000120-028","中庸里",1632,3707,1769,1938,"113Y12M"
"63000","臺北市","63000120","北投區","63000120-029","開明里",2690,6330,3006,3324,"113Y12M"
"63000","臺北市","63000120","北投區","63000120-030","中和里",1997,4654,2186,2468,"113Y12M"
"63000","臺北市","63000120","北投區","63000120-031","智仁里",2294,5739,2679,3060,"113Y12M"
"63000","臺北市","63000120","北投區","63000120-032","秀山里",1219,3090,1499,1591,"113Y12M"
"63000","臺北市","63000120","北投區","63000120-033","文化里",1613,3926,1917,2009,"113Y12M"
"63000","臺北市","63000120","北投區","63000120-034","豐年里",1603,4033,1951,2082,"113Y12M"
"63000","臺北市","63000120","北投區","63000120-035","稻香里",2437,5485,2662,2823,"113Y12M"
"63000","臺北市","63000120","北投區","63000120-036","桃源里",2427,5811,2827,2984,"113Y12M"
"63000","臺北市","63000120","北投區","63000120-037","一德里",2985,7288,3501,3787,"113Y12M"
"63000","臺北市","63000120","北投區","63000120-038","關渡里",4262,10514,5034,5480,"113Y12M"
"63000","臺北市","63000120","北投區","63000120-039","泉源里",879,2237,1170,1067,"113Y12M"
"63000","臺北市","63000120","北投區","63000120-040","湖山里",656,1415,765,650,"113Y12M"
"63000","臺北市","63000120","北投區","63000120-041","大屯里",448,1189,635,554,"113Y12M"
"63000","臺北市","63000120","北投區","63000120-042","湖田里",365,858,461,397,"113Y12M"
"68000","桃園市","68000010","桃園區","68000010-001","文化里",719,1289,561,728,"113Y12M"
"68000","桃園市","68000010","桃園區","68000010-002","文明里",807,1757,824,933,"113Y12M"
"68000","桃園市","68000010","桃園區","68000010-003","武陵里",1073,1955,869,1086,"113Y12M"
"68000","桃園市","68000010","桃園區","68000010-004","大林里",3387,9110,4408,4702,"113Y12M"
"68000","桃園市","68000010","桃園區","68000010-005","忠義里",1754,4253,1990,2263,"113Y12M"
"68000","桃園市","68000010","桃園區","68000010-006","會稽里",1941,4605,2147,2458,"113Y12M"
"68000","桃園市","68000010","桃園區","68000010-007","長美里",565,1172,586,586,"113Y12M"
"68000","桃園市","68000010","桃園區","68000010-008","民生里",1004,2014,940,1074,"113Y12M"
"68000","桃園市","68000010","桃園區","68000010-009","永興里",1031,2154,1067,1087,"113Y12M"
"68000","桃園市","68000010","桃園區","68000010-010","汴洲里",4259,9053,4361,4692,"113Y12M"
"68000","桃園市","68000010","桃園區","68000010-011","永安里",2190,5359,2649,2710,"113Y12M"
"68000","桃園市","68000010","桃園區","68000010-012","東埔里",2273,5531,2638,2893,"113Y12M"
"68000","桃園市","68000010","桃園區","68000010-013","東門里",1685,3556,1699,1857,"113Y12M"
"68000","桃園市","68000010","桃園區","68000010-014","東山里",1124,2274,1116,1158,"113Y12M"
"68000","桃園市","68000010","桃園區","68000010-015","萬壽里",438,996,503,493,"113Y12M"
"68000","桃園市","68000010","桃園區","68000010-016","長安里",1608,4211,2055,2156,"113Y12M"
"68000","桃園市","68000010","桃園區","68000010-017","中埔里",1741,4274,2095,2179,"113Y12M"
"68000","桃園市","68000010","桃園區","68000010-018","西埔里",1294,3543,1767,1776,"113Y12M"
"68000","桃園市","68000010","桃園區","68000010-019","西門里",1015,2100,1024,1076,"113Y12M"
"68000","桃園市","68000010","桃園區","68000010-020","中和里",666,1425,709,716,"113Y12M"
"68000","桃園市","68000010","桃園區","68000010-021","文昌里",501,1032,548,484,"113Y12M"
"68000","桃園市","68000010","桃園區","68000010-022","新埔里",2303,5752,2752,3000,"113Y12M"
"68000","桃園市","68000010","桃園區","68000010-023","中山里",3239,8089,3803,4286,"113Y12M"
"68000","桃園市","68000010","桃園區","68000010-024","慈文里",3179,8224,3929,4295,"113Y12M"
"68000","桃園市","68000010","桃園區","68000010-025","西湖里",678,1647,776,871,"113Y12M"
"68000","桃園市","68000010","桃園區","68000010-026","南門里",2813,6842,3280,3562,"113Y12M"
"68000","桃園市","68000010","桃園區","68000010-027","南華里",682,1530,735,795,"113Y12M"
"68000","桃園市","68000010","桃園區","68000010-028","玉山里",2221,5602,2741,2861,"113Y12M"
"68000","桃園市","68000010","桃園區","68000010-029","中成里",4259,9256,4519,4737,"113Y12M"
"68000","桃園市","68000010","桃園區","68000010-030","中正里",4269,9234,4413,4821,"113Y12M"
"68000","桃園市","68000010","桃園區","68000010-031","北門里",884,1976,961,1015,"113Y12M"
"68000","桃園市","68000010","桃園區","68000010-032","雲林里",2776,7172,3376,3796,"113Y12M"
"68000","桃園市","68000010","桃園區","68000010-033","福林里",2685,7449,3573,3876,"113Y12M"
"68000","桃園市","68000010","桃園區","68000010-034","光興里",2106,5440,2604,2836,"113Y12M"
"68000","桃園市","68000010","桃園區","68000010-035","龍山里",1518,3885,1981,1904,"113Y12M"
"68000","桃園市","68000010","桃園區","68000010-036","龍岡里",2765,6783,3251,3532,"113Y12M"
"68000","桃園市","68000010","桃園區","68000010-037","成功里",1893,4609,2196,2413,"113Y12M"
"68000","桃園市","68000010","桃園區","68000010-038","青溪里",4108,8871,4319,4552,"113Y12M"
"68000","桃園市","68000010","桃園區","68000010-039","朝陽里",1017,2299,1121,1178,"113Y12M"
"68000","桃園市","68000010","桃園區","68000010-040","中興里",2819,7144,3449,3695,"113Y12M"
"68000","桃園市","68000010","桃園區","68000010-041","豐林里",2887,7131,3452,3679,"113Y12M"
"68000","桃園市","68000010","桃園區","68000010-042","建國里",2498,5827,2852,2975,"113Y12M"
"68000","桃園市","68000010","桃園區","68000010-043","大豐里",2234,5717,2771,2946,"113Y12M"
"68000","桃園市","68000010","桃園區","68000010-044","福安里",2071,4976,2355,2621,"113Y12M"
"68000","桃園市","68000010","桃園區","68000010-045","三民里",2083,5169,2474,2695,"113Y12M"
"68000","桃園市","68000010","桃園區","68000010-046","大興里",2741,6263,3020,3243,"113Y12M"
"68000","桃園市","68000010","桃園區","68000010-047","春日里",2985,7244,3541,3703,"113Y12M"
"68000","桃園市","68000010","桃園區","68000010-048","信光里",3480,8882,4333,4549,"113Y12M"
"68000","桃園市","68000010","桃園區","68000010-049","中寧里",3563,8383,3915,4468,"113Y12M"
"68000","桃園市","68000010","桃園區","68000010-050","同安里",5436,13099,6203,6896,"113Y12M"
"68000","桃園市","68000010","桃園區","68000010-051","莊敬里",4589,10872,5141,5731,"113Y12M"
"68000","桃園市","68000010","桃園區","68000010-052","文中里",3714,8114,3897,4217,"113Y12M"
"68000","桃園市","68000010","桃園區","68000010-053","泰山里",1763,4213,2052,2161,"113Y12M"
"68000","桃園市","68000010","桃園區","68000010-054","中路里",1966,4612,2206,2406,"113Y12M"
"68000","桃園市","68000010","桃園區","68000010-055","中德里",2911,7838,3900,3938,"113Y12M"
"68000","桃園市","68000010","桃園區","68000010-056","龍祥里",2475,6163,2943,3220,"113Y12M"
"68000","桃園市","68000010","桃園區","68000010-057","大有里",3674,8633,4071,4562,"113Y12M"
"68000","桃園市","68000010","桃園區","68000010-058","寶山里",2082,4923,2329,2594,"113Y12M"
"68000","桃園市","68000010","桃園區","68000010-059","龍鳳里",6102,11696,6150,5546,"113Y12M"
"68000","桃園市","68000010","桃園區","68000010-060","龍安里",2832,6959,3360,3599,"113Y12M"
"68000","桃園市","68000010","桃園區","68000010-061","自強里",3788,9010,4351,4659,"113Y12M"
"68000","桃園市","68000010","桃園區","68000010-062","中信里",2953,6901,3320,3581,"113Y12M"
"68000","桃園市","68000010","桃園區","68000010-063","長德里",2418,6053,2897,3156,"113Y12M"
"68000","桃園市","68000010","桃園區","68000010-064","中平里",2338,5470,2632,2838,"113Y12M"
"68000","桃園市","68000010","桃園區","68000010-065","中原里",2159,5469,2583,2886,"113Y12M"
"68000","桃園市","68000010","桃園區","68000010-066","中泰里",1950,4950,2339,2611,"113Y12M"
"68000","桃園市","68000010","桃園區","68000010-067","南埔里",3223,7646,3633,4013,"113Y12M"
"68000","桃園市","68000010","桃園區","68000010-068","寶慶里",3187,8018,3779,4239,"113Y12M"
"68000","桃園市","68000010","桃園區","68000010-069","北埔里",2334,5894,2783,3111,"113Y12M"
"68000","桃園市","68000010","桃園區","68000010-070","中聖里",2846,6617,3044,3573,"113Y12M"
"68000","桃園市","68000010","桃園區","68000010-071","龍壽里",3327,8288,3958,4330,"113Y12M"
"68000","桃園市","68000010","桃園區","68000010-072","同德里",3095,7889,3801,4088,"113Y12M"
"68000","桃園市","68000010","桃園區","68000010-073","明德里",1496,3910,1834,2076,"113Y12M"
"68000","桃園市","68000010","桃園區","68000010-074","寶安里",4014,10130,4745,5385,"113Y12M"
"68000","桃園市","68000010","桃園區","68000010-075","瑞慶里",2978,7557,3553,4004,"113Y12M"
"68000","桃園市","68000010","桃園區","68000010-076","三元里",2124,4979,2392,2587,"113Y12M"
"68000","桃園市","68000010","桃園區","68000010-077","大樹里",1713,4814,2320,2494,"113Y12M"
"68000","桃園市","68000010","桃園區","68000010-078","大業里",2556,6277,2999,3278,"113Y12M"
"68000","桃園市","68000010","桃園區","68000010-079","福元里",2640,6392,2932,3460,"113Y12M"
"68000","桃園市","68000010","桃園區","68000010-080","經國里",2722,6605,3161,3444,"113Y12M"
"68000","桃園市","68000010","桃園區","68000010-081","檜樂里",3045,7477,3586,3891,"113Y12M"
"68000","桃園市","68000010","桃園區","68000010-082","寶民里",2149,5271,2497,2774,"113Y12M"
"68000","桃園市","68000020","中壢區","68000020-001","龍平里",1321,3273,1518,1755,"113Y12M"
"68000","桃園市","68000020","中壢區","68000020-002","龍昌里",2849,7296,3567,3729,"113Y12M"
"68000","桃園市","68000020","中壢區","68000020-003","仁德里",1550,3612,1737,1875,"113Y12M"
"68000","桃園市","68000020","中壢區","68000020-004","永興里",475,1008,490,518,"113Y12M"
"68000","桃園市","68000020","中壢區","68000020-005","內壢里",936,2511,1248,1263,"113Y12M"
"68000","桃園市","68000020","中壢區","68000020-006","成功里",1815,5369,2595,2774,"113Y12M"
"68000","桃園市","68000020","中壢區","68000020-007","光明里",2663,6158,2999,3159,"113Y12M"
"68000","桃園市","68000020","中壢區","68000020-008","自立里",2585,5860,2790,3070,"113Y12M"
"68000","桃園市","68000020","中壢區","68000020-009","自強里",1569,4009,1932,2077,"113Y12M"
"68000","桃園市","68000020","中壢區","68000020-010","中堅里",1811,4519,2221,2298,"113Y12M"
"68000","桃園市","68000020","中壢區","68000020-011","龍興里",2004,4892,2409,2483,"113Y12M"
"68000","桃園市","68000020","中壢區","68000020-012","仁美里",2781,6975,3328,3647,"113Y12M"
"68000","桃園市","68000020","中壢區","68000020-013","仁愛里",1376,3510,1792,1718,"113Y12M"
"68000","桃園市","68000020","中壢區","68000020-014","新街里",1379,2750,1311,1439,"113Y12M"
"68000","桃園市","68000020","中壢區","68000020-015","中央里",1725,4000,1917,2083,"113Y12M"
"68000","桃園市","68000020","中壢區","68000020-016","普仁里",2551,5517,2758,2759,"113Y12M"
"68000","桃園市","68000020","中壢區","68000020-017","普義里",3837,6912,3810,3102,"113Y12M"
"68000","桃園市","68000020","中壢區","68000020-018","忠義里",2256,5135,2453,2682,"113Y12M"
"68000","桃園市","68000020","中壢區","68000020-019","中正里",2538,6220,3053,3167,"113Y12M"
"68000","桃園市","68000020","中壢區","68000020-020","興仁里",1913,4229,2061,2168,"113Y12M"
"68000","桃園市","68000020","中壢區","68000020-021","東興里",1811,4073,1957,2116,"113Y12M"
"68000","桃園市","68000020","中壢區","68000020-022","洽溪里",3520,7557,3651,3906,"113Y12M"
"68000","桃園市","68000020","中壢區","68000020-023","篤行里",1370,3333,1619,1714,"113Y12M"
"68000","桃園市","68000020","中壢區","68000020-024","新明里",1835,4249,2081,2168,"113Y12M"
"68000","桃園市","68000020","中壢區","68000020-025","新興里",1764,4540,2176,2364,"113Y12M"
"68000","桃園市","68000020","中壢區","68000020-026","中原里",1656,4268,2094,2174,"113Y12M"
"68000","桃園市","68000020","中壢區","68000020-027","內定里",2711,8688,4396,4292,"113Y12M"
"68000","桃園市","68000020","中壢區","68000020-028","中壢里",334,877,439,438,"113Y12M"
"68000","桃園市","68000020","中壢區","68000020-029","龍岡里",1912,5247,2621,2626,"113Y12M"
"68000","桃園市","68000020","中壢區","68000020-030","仁祥里",1266,3205,1595,1610,"113Y12M"
"68000","桃園市","68000020","中壢區","68000020-031","水尾里",1633,4139,2099,2040,"113Y12M"
"68000","桃園市","68000020","中壢區","68000020-032","青埔里",7750,14777,7102,7675,"113Y12M"
"68000","桃園市","68000020","中壢區","68000020-033","復興里",2054,5182,2489,2693,"113Y12M"
"68000","桃園市","68000020","中壢區","68000020-034","文化里",3605,10867,5217,5650,"113Y12M"
"68000","桃園市","68000020","中壢區","68000020-035","興國里",970,2223,1071,1152,"113Y12M"
"68000","桃園市","68000020","中壢區","68000020-036","忠福里",2012,4846,2392,2454,"113Y12M"
"68000","桃園市","68000020","中壢區","68000020-037","信義里",2103,5658,2709,2949,"113Y12M"
"68000","桃園市","68000020","中壢區","68000020-038","石頭里",878,1966,968,998,"113Y12M"
"68000","桃園市","68000020","中壢區","68000020-039","龍東里",2262,5883,2795,3088,"113Y12M"
"68000","桃園市","68000020","中壢區","68000020-040","中建里",586,1291,618,673,"113Y12M"
"68000","桃園市","68000020","中壢區","68000020-041","興南里",1929,3474,1557,1917,"113Y12M"
"68000","桃園市","68000020","中壢區","68000020-042","後寮里",2664,6109,2938,3171,"113Y12M"
"68000","桃園市","68000020","中壢區","68000020-043","過嶺里",5060,11827,5757,6070,"113Y12M"
"68000","桃園市","68000020","中壢區","68000020-044","五權里",2997,7672,3841,3831,"113Y12M"
"68000","桃園市","68000020","中壢區","68000020-045","舊明里",614,1559,824,735,"113Y12M"
"68000","桃園市","68000020","中壢區","68000020-046","芝芭里",3095,6399,3178,3221,"113Y12M"
"68000","桃園市","68000020","中壢區","68000020-047","月眉里",2725,7055,3522,3533,"113Y12M"
"68000","桃園市","68000020","中壢區","68000020-048","三民里",1325,3862,1959,1903,"113Y12M"
"68000","桃園市","68000020","中壢區","68000020-049","山東里",1700,4544,2374,2170,"113Y12M"
"68000","桃園市","68000020","中壢區","68000020-050","中榮里",465,1142,550,592,"113Y12M"
"68000","桃園市","68000020","中壢區","68000020-051","內厝里",2097,5675,2870,2805,"113Y12M"
"68000","桃園市","68000020","中壢區","68000020-052","振興里",2152,5403,2630,2773,"113Y12M"
"68000","桃園市","68000020","中壢區","68000020-053","普慶里",1164,3372,1677,1695,"113Y12M"
"68000","桃園市","68000020","中壢區","68000020-054","興和里",1141,3192,1588,1604,"113Y12M"
"68000","桃園市","68000020","中壢區","68000020-055","永光里",2857,6579,3148,3431,"113Y12M"
"68000","桃園市","68000020","中壢區","68000020-056","復華里",2669,7162,3447,3715,"113Y12M"
"68000","桃園市","68000020","中壢區","68000020-057","忠孝里",2220,5792,2773,3019,"113Y12M"
"68000","桃園市","68000020","中壢區","68000020-058","福德里",1316,3330,1624,1706,"113Y12M"
"68000","桃園市","68000020","中壢區","68000020-059","和平里",1024,3175,1544,1631,"113Y12M"
"68000","桃園市","68000020","中壢區","68000020-060","普忠里",1716,4176,2073,2103,"113Y12M"
"68000","桃園市","68000020","中壢區","68000020-061","普強里",1785,4400,2122,2278,"113Y12M"
"68000","桃園市","68000020","中壢區","68000020-062","明德里",2278,5949,2897,3052,"113Y12M"
"68000","桃園市","68000020","中壢區","68000020-063","至善里",1881,4538,2183,2355,"113Y12M"
"68000","桃園市","68000020","中壢區","68000020-064","五福里",1638,3992,1976,2016,"113Y12M"
"68000","桃園市","68000020","中壢區","68000020-065","龍德里",1850,4687,2310,2377,"113Y12M"
"68000","桃園市","68000020","中壢區","68000020-066","正義里",1943,5272,2552,2720,"113Y12M"
"68000","桃園市","68000020","中壢區","68000020-067","龍安里",877,2272,1057,1215,"113Y12M"
"68000","桃園市","68000020","中壢區","68000020-068","中山里",2336,5632,2718,2914,"113Y12M"
"68000","桃園市","68000020","中壢區","68000020-069","德義里",1302,2988,1423,1565,"113Y12M"
"68000","桃園市","68000020","中壢區","68000020-070","仁義里",2035,4578,2253,2325,"113Y12M"
"68000","桃園市","68000020","中壢區","68000020-071","華勛里",1976,4681,2246,2435,"113Y12M"
"68000","桃園市","68000020","中壢區","68000020-072","仁福里",2194,5495,2604,2891,"113Y12M"
"68000","桃園市","68000020","中壢區","68000020-073","幸福里",2936,7089,3415,3674,"113Y12M"
"68000","桃園市","68000020","中壢區","68000020-074","永福里",2604,6340,3175,3165,"113Y12M"
"68000","桃園市","68000020","中壢區","68000020-075","仁和里",1751,4308,2156,2152,"113Y12M"
"68000","桃園市","68000020","中壢區","68000020-076","華愛里",1586,4309,2079,2230,"113Y12M"
"68000","桃園市","68000020","中壢區","68000020-077","莊敬里",1682,3883,1853,2030,"113Y12M"
"68000","桃園市","68000020","中壢區","68000020-078","自治里",1934,4362,2041,2321,"113Y12M"
"68000","桃園市","68000020","中壢區","68000020-079","健行里",2139,5694,2752,2942,"113Y12M"
"68000","桃園市","68000020","中壢區","68000020-080","興平里",1086,2856,1421,1435,"113Y12M"
"68000","桃園市","68000020","中壢區","68000020-081","中興里",1717,4101,1954,2147,"113Y12M"
"68000","桃園市","68000020","中壢區","68000020-082","龍慈里",2535,5850,2748,3102,"113Y12M"
"68000","桃園市","68000020","中壢區","68000020-083","自信里",2956,6744,3249,3495,"113Y12M"
"68000","桃園市","68000020","中壢區","68000020-084","林森里",1878,4864,2337,2527,"113Y12M"
"68000","桃園市","68000020","中壢區","68000020-085","金華里",2286,4865,2179,2686,"113Y12M"
"68000","桃園市","68000020","中壢區","68000020-086","青溪里",2282,4949,2395,2554,"113Y12M"
"68000","桃園市","68000020","中壢區","68000020-087","興華里",2989,7921,3737,4184,"113Y12M"
"68000","桃園市","68000020","中壢區","68000020-088","興福里",1766,4308,2120,2188,"113Y12M"
"68000","桃園市","68000030","大溪區","68000030-001","興和里",674,1612,800,812,"113Y12M"
"68000","桃園市","68000030","大溪區","68000030-002","福仁里",399,1110,567,543,"113Y12M"
"68000","桃園市","68000030","大溪區","68000030-003","一心里",2431,5657,2897,2760,"113Y12M"
"68000","桃園市","68000030","大溪區","68000030-004","一德里",2523,6481,3222,3259,"113Y12M"
"68000","桃園市","68000030","大溪區","68000030-005","月眉里",479,1389,736,653,"113Y12M"
"68000","桃園市","68000030","大溪區","68000030-006","永福里",472,1003,542,461,"113Y12M"
"68000","桃園市","68000030","大溪區","68000030-007","美華里",1338,3400,1814,1586,"113Y12M"
"68000","桃園市","68000030","大溪區","68000030-008","福安里",948,2329,1244,1085,"113Y12M"
"68000","桃園市","68000030","大溪區","68000030-009","復興里",404,890,507,383,"113Y12M"
"68000","桃園市","68000030","大溪區","68000030-010","新峰里",405,818,465,353,"113Y12M"
"68000","桃園市","68000030","大溪區","68000030-011","康安里",564,1418,749,669,"113Y12M"
"68000","桃園市","68000030","大溪區","68000030-012","義和里",749,1907,987,920,"113Y12M"
"68000","桃園市","68000030","大溪區","68000030-013","瑞興里",1045,2964,1580,1384,"113Y12M"
"68000","桃園市","68000030","大溪區","68000030-014","中新里",614,1604,904,700,"113Y12M"
"68000","桃園市","68000030","大溪區","68000030-015","仁義里",1390,3243,1534,1709,"113Y12M"
"68000","桃園市","68000030","大溪區","68000030-016","僑愛里",1254,2978,1382,1596,"113Y12M"
"68000","桃園市","68000030","大溪區","68000030-017","仁善里",2288,6046,3030,3016,"113Y12M"
"68000","桃園市","68000030","大溪區","68000030-018","仁愛里",2293,6533,3291,3242,"113Y12M"
"68000","桃園市","68000030","大溪區","68000030-019","仁武里",1471,3992,1977,2015,"113Y12M"
"68000","桃園市","68000030","大溪區","68000030-020","員林里",814,2176,1081,1095,"113Y12M"
"68000","桃園市","68000030","大溪區","68000030-021","南興里",2153,5942,3141,2801,"113Y12M"
"68000","桃園市","68000030","大溪區","68000030-022","瑞源里",1548,4318,2230,2088,"113Y12M"
"68000","桃園市","68000030","大溪區","68000030-023","光明里",1172,2918,1396,1522,"113Y12M"
"68000","桃園市","68000030","大溪區","68000030-024","三元里",1284,3394,1635,1759,"113Y12M"
"68000","桃園市","68000030","大溪區","68000030-025","田心里",1837,5090,2537,2553,"113Y12M"
"68000","桃園市","68000030","大溪區","68000030-026","仁文里",1879,4654,2292,2362,"113Y12M"
"68000","桃園市","68000030","大溪區","68000030-027","仁和里",2268,6512,3243,3269,"113Y12M"
"68000","桃園市","68000030","大溪區","68000030-028","仁美里",1467,4026,1993,2033,"113Y12M"
"68000","桃園市","68000040","楊梅區","68000040-001","楊梅里",1804,4774,2341,2433,"113Y12M"
"68000","桃園市","68000040","楊梅區","68000040-002","楊江里",502,1247,616,631,"113Y12M"
"68000","桃園市","68000040","楊梅區","68000040-003","紅梅里",1178,3175,1609,1566,"113Y12M"
"68000","桃園市","68000040","楊梅區","68000040-004","永寧里",4288,10183,5179,5004,"113Y12M"
"68000","桃園市","68000040","楊梅區","68000040-005","大平里",1204,3484,1783,1701,"113Y12M"
"68000","桃園市","68000040","楊梅區","68000040-006","東流里",1369,3460,1777,1683,"113Y12M"
"68000","桃園市","68000040","楊梅區","68000040-007","水美里",1631,4730,2447,2283,"113Y12M"
"68000","桃園市","68000040","楊梅區","68000040-008","上田里",1296,3449,1795,1654,"113Y12M"
"68000","桃園市","68000040","楊梅區","68000040-009","梅新里",833,2271,1122,1149,"113Y12M"
"68000","桃園市","68000040","楊梅區","68000040-010","大同里",1580,4386,2157,2229,"113Y12M"
"68000","桃園市","68000040","楊梅區","68000040-011","埔心里",556,1456,745,711,"113Y12M"
"68000","桃園市","68000040","楊梅區","68000040-012","金龍里",1095,2427,1180,1247,"113Y12M"
"68000","桃園市","68000040","楊梅區","68000040-013","瑞塘里",2964,7544,3638,3906,"113Y12M"
"68000","桃園市","68000040","楊梅區","68000040-014","四維里",2318,5948,2907,3041,"113Y12M"
"68000","桃園市","68000040","楊梅區","68000040-015","梅溪里",2104,5228,2570,2658,"113Y12M"
"68000","桃園市","68000040","楊梅區","68000040-016","高山里",1812,4717,2350,2367,"113Y12M"
"68000","桃園市","68000040","楊梅區","68000040-017","高榮里",1525,4211,2146,2065,"113Y12M"
"68000","桃園市","68000040","楊梅區","68000040-018","仁美里",1691,4346,2171,2175,"113Y12M"
"68000","桃園市","68000040","楊梅區","68000040-019","光華里",1394,3501,1706,1795,"113Y12M"
"68000","桃園市","68000040","楊梅區","68000040-020","富岡里",798,2070,1045,1025,"113Y12M"
"68000","桃園市","68000040","楊梅區","68000040-021","豐野里",1561,4441,2272,2169,"113Y12M"
"68000","桃園市","68000040","楊梅區","68000040-022","員本里",1310,3520,1889,1631,"113Y12M"
"68000","桃園市","68000040","楊梅區","68000040-023","瑞原里",1449,4156,2187,1969,"113Y12M"
"68000","桃園市","68000040","楊梅區","68000040-024","三湖里",1302,3590,1815,1775,"113Y12M"
"68000","桃園市","68000040","楊梅區","68000040-025","上湖里",2893,7198,3683,3515,"113Y12M"
"68000","桃園市","68000040","楊梅區","68000040-026","中山里",1469,3976,1904,2072,"113Y12M"
"68000","桃園市","68000040","楊梅區","68000040-027","楊明里",4379,10782,5209,5573,"113Y12M"
"68000","桃園市","68000040","楊梅區","68000040-028","金溪里",2228,5522,2639,2883,"113Y12M"
"68000","桃園市","68000040","楊梅區","68000040-029","裕成里",1547,3906,1932,1974,"113Y12M"
"68000","桃園市","68000040","楊梅區","68000040-030","秀才里",1274,3855,2001,1854,"113Y12M"
"68000","桃園市","68000040","楊梅區","68000040-031","青山里",2882,5863,2857,3006,"113Y12M"
"68000","桃園市","68000040","楊梅區","68000040-032","新榮里",1467,4253,2038,2215,"113Y12M"
"68000","桃園市","68000040","楊梅區","68000040-033","雙榮里",1364,4090,2048,2042,"113Y12M"
"68000","桃園市","68000040","楊梅區","68000040-034","瑞坪里",3070,8257,4100,4157,"113Y12M"
"68000","桃園市","68000040","楊梅區","68000040-035","永平里",1017,2505,1255,1250,"113Y12M"
"68000","桃園市","68000040","楊梅區","68000040-036","瑞溪里",1879,4622,2203,2419,"113Y12M"
"68000","桃園市","68000040","楊梅區","68000040-037","高上里",1136,3249,1714,1535,"113Y12M"
"68000","桃園市","68000040","楊梅區","68000040-038","富豐里",1362,3576,1874,1702,"113Y12M"
"68000","桃園市","68000040","楊梅區","68000040-039","裕新里",1344,3258,1588,1670,"113Y12M"
"68000","桃園市","68000040","楊梅區","68000040-040","三民里",1639,4571,2168,2403,"113Y12M"
"68000","桃園市","68000040","楊梅區","68000040-041","頭湖里",1484,3729,1785,1944,"113Y12M"
"68000","桃園市","68000050","蘆竹區","68000050-001","新興里",1312,3347,1750,1597,"113Y12M"
"68000","桃園市","68000050","蘆竹區","68000050-002","中福里",1724,4781,2478,2303,"113Y12M"
"68000","桃園市","68000050","蘆竹區","68000050-003","新莊里",2296,6157,3124,3033,"113Y12M"
"68000","桃園市","68000050","蘆竹區","68000050-004","大竹里",2724,7156,3556,3600,"113Y12M"
"68000","桃園市","68000050","蘆竹區","68000050-006","蘆竹里",1630,4495,2395,2100,"113Y12M"
"68000","桃園市","68000050","蘆竹區","68000050-007","南崁里",1877,4453,2159,2294,"113Y12M"
"68000","桃園市","68000050","蘆竹區","68000050-008","錦興里",1813,4929,2364,2565,"113Y12M"
"68000","桃園市","68000050","蘆竹區","68000050-009","五福里",1123,2995,1467,1528,"113Y12M"
"68000","桃園市","68000050","蘆竹區","68000050-010","內厝里",1443,2984,1664,1320,"113Y12M"
"68000","桃園市","68000050","蘆竹區","68000050-011","山鼻里",1779,3554,1761,1793,"113Y12M"
"68000","桃園市","68000050","蘆竹區","68000050-012","山腳里",1363,4049,2102,1947,"113Y12M"
"68000","桃園市","68000050","蘆竹區","68000050-013","外社里",550,1706,933,773,"113Y12M"
"68000","桃園市","68000050","蘆竹區","68000050-014","坑子里",594,1791,971,820,"113Y12M"
"68000","桃園市","68000050","蘆竹區","68000050-015","坑口里",873,2459,1269,1190,"113Y12M"
"68000","桃園市","68000050","蘆竹區","68000050-016","海湖里",1298,3593,1779,1814,"113Y12M"
"68000","桃園市","68000050","蘆竹區","68000050-017","南榮里",1894,4520,2172,2348,"113Y12M"
"68000","桃園市","68000050","蘆竹區","68000050-018","南興里",2874,6889,3297,3592,"113Y12M"
"68000","桃園市","68000050","蘆竹區","68000050-019","長興里",1272,3121,1547,1574,"113Y12M"
"68000","桃園市","68000050","蘆竹區","68000050-020","錦中里",1636,3920,1902,2018,"113Y12M"
"68000","桃園市","68000050","蘆竹區","68000050-021","富竹里",683,1855,952,903,"113Y12M"
"68000","桃園市","68000050","蘆竹區","68000050-022","上竹里",1524,4384,2184,2200,"113Y12M"
"68000","桃園市","68000050","蘆竹區","68000050-023","宏竹里",1300,3531,1864,1667,"113Y12M"
"68000","桃園市","68000050","蘆竹區","68000050-024","瓦窯里",1899,4246,2058,2188,"113Y12M"
"68000","桃園市","68000050","蘆竹區","68000050-025","營盤里",2402,6274,3024,3250,"113Y12M"
"68000","桃園市","68000050","蘆竹區","68000050-026","羊稠里",2360,6128,2899,3229,"113Y12M"
"68000","桃園市","68000050","蘆竹區","68000050-027","順興里",2263,5359,2558,2801,"113Y12M"
"68000","桃園市","68000050","蘆竹區","68000050-028","福昌里",2709,6516,3078,3438,"113Y12M"
"68000","桃園市","68000050","蘆竹區","68000050-029","福興里",1941,4704,2238,2466,"113Y12M"
"68000","桃園市","68000050","蘆竹區","68000050-030","蘆興里",680,1939,989,950,"113Y12M"
"68000","桃園市","68000050","蘆竹區","68000050-031","長壽里",2635,6939,3351,3588,"113Y12M"
"68000","桃園市","68000050","蘆竹區","68000050-032","吉祥里",1945,4801,2280,2521,"113Y12M"
"68000","桃園市","68000050","蘆竹區","68000050-033","中山里",1750,4427,2085,2342,"113Y12M"
"68000","桃園市","68000050","蘆竹區","68000050-034","福祿里",1492,4070,1913,2157,"113Y12M"
"68000","桃園市","68000050","蘆竹區","68000050-035","興榮里",1394,3560,1642,1918,"113Y12M"
"68000","桃園市","68000050","蘆竹區","68000050-036","中興里",2795,7037,3351,3686,"113Y12M"
"68000","桃園市","68000050","蘆竹區","68000050-037","上興里",1688,4454,2209,2245,"113Y12M"
"68000","桃園市","68000050","蘆竹區","68000050-038","營福里",1599,4196,2050,2146,"113Y12M"
"68000","桃園市","68000050","蘆竹區","68000050-039","正興里",2129,5592,2708,2884,"113Y12M"
"68000","桃園市","68000050","蘆竹區","68000050-040","濱海里",1156,3025,1533,1492,"113Y12M"
"68000","桃園市","68000060","大園區","68000060-001","大園里",3009,7457,3793,3664,"113Y12M"
"68000","桃園市","68000060","大園區","68000060-002","田心里",3508,9135,4570,4565,"113Y12M"
"68000","桃園市","68000060","大園區","68000060-003","溪海里",2183,5888,3066,2822,"113Y12M"
"68000","桃園市","68000060","大園區","68000060-004","和平里",661,1840,1003,837,"113Y12M"
"68000","桃園市","68000060","大園區","68000060-005","橫峰里",1895,5177,2623,2554,"113Y12M"
"68000","桃園市","68000060","大園區","68000060-006","五權里",2372,6374,3291,3083,"113Y12M"
"68000","桃園市","68000060","大園區","68000060-007","埔心里",2017,5358,2770,2588,"113Y12M"
"68000","桃園市","68000060","大園區","68000060-008","大海里",258,729,370,359,"113Y12M"
"68000","桃園市","68000060","大園區","68000060-010","三石里",1180,3368,1696,1672,"113Y12M"
"68000","桃園市","68000060","大園區","68000060-011","?林里",3380,7836,3888,3948,"113Y12M"
"68000","桃園市","68000060","大園區","68000060-012","竹圍里",385,1079,567,512,"113Y12M"
"68000","桃園市","68000060","大園區","68000060-013","海口里",451,1159,591,568,"113Y12M"
"68000","桃園市","68000060","大園區","68000060-014","沙崙里",649,1584,827,757,"113Y12M"
"68000","桃園市","68000060","大園區","68000060-015","後厝里",313,930,470,460,"113Y12M"
"68000","桃園市","68000060","大園區","68000060-016","圳頭里",874,2434,1270,1164,"113Y12M"
"68000","桃園市","68000060","大園區","68000060-017","內海里",1012,2655,1394,1261,"113Y12M"
"68000","桃園市","68000060","大園區","68000060-018","北港里",1510,3674,1846,1828,"113Y12M"
"68000","桃園市","68000060","大園區","68000060-019","南港里",4155,9881,4932,4949,"113Y12M"
"68000","桃園市","68000060","大園區","68000060-020","青峰里",2889,6107,2999,3108,"113Y12M"
"68000","桃園市","68000060","大園區","68000060-021","青山里",2450,5501,2656,2845,"113Y12M"
"68000","桃園市","68000070","龜山區","68000070-001","楓樹里",1730,4676,2385,2291,"113Y12M"
"68000","桃園市","68000070","龜山區","68000070-002","龜山里",3074,7734,3830,3904,"113Y12M"
"68000","桃園市","68000070","龜山區","68000070-003","兔坑里",2020,5251,2744,2507,"113Y12M"
"68000","桃園市","68000070","龜山區","68000070-004","大同里",2938,7250,3598,3652,"113Y12M"
"68000","桃園市","68000070","龜山區","68000070-005","山福里",1508,3688,1827,1861,"113Y12M"
"68000","桃園市","68000070","龜山區","68000070-006","山頂里",2555,6171,3188,2983,"113Y12M"
"68000","桃園市","68000070","龜山區","68000070-007","陸光里",1755,4076,1941,2135,"113Y12M"
"68000","桃園市","68000070","龜山區","68000070-008","精忠里",2734,6551,3145,3406,"113Y12M"
"68000","桃園市","68000070","龜山區","68000070-009","公西里",657,1456,706,750,"113Y12M"
"68000","桃園市","68000070","龜山區","68000070-010","樂善里",10047,18915,9162,9753,"113Y12M"
"68000","桃園市","68000070","龜山區","68000070-011","南上里",970,2226,1131,1095,"113Y12M"
"68000","桃園市","68000070","龜山區","68000070-012","大坑里",930,2228,1169,1059,"113Y12M"
"68000","桃園市","68000070","龜山區","68000070-013","中興里",2273,5475,2684,2791,"113Y12M"
"68000","桃園市","68000070","龜山區","68000070-014","山德里",2188,5387,2675,2712,"113Y12M"
"68000","桃園市","68000070","龜山區","68000070-015","新路里",2439,5847,2871,2976,"113Y12M"
"68000","桃園市","68000070","龜山區","68000070-016","嶺頂里",1715,4497,2317,2180,"113Y12M"
"68000","桃園市","68000070","龜山區","68000070-017","龍壽里",780,1918,984,934,"113Y12M"
"68000","桃園市","68000070","龜山區","68000070-018","舊路里",1426,3088,1494,1594,"113Y12M"
"68000","桃園市","68000070","龜山區","68000070-019","大崗里",2049,5104,2620,2484,"113Y12M"
"68000","桃園市","68000070","龜山區","68000070-020","文化里",5029,10211,4849,5362,"113Y12M"
"68000","桃園市","68000070","龜山區","68000070-021","南美里",1118,2881,1411,1470,"113Y12M"
"68000","桃園市","68000070","龜山區","68000070-022","幸福里",2443,6122,3090,3032,"113Y12M"
"68000","桃園市","68000070","龜山區","68000070-023","福源里",824,2223,1152,1071,"113Y12M"
"68000","桃園市","68000070","龜山區","68000070-024","龍華里",1713,3897,1926,1971,"113Y12M"
"68000","桃園市","68000070","龜山區","68000070-025","迴龍里",2993,6909,3386,3523,"113Y12M"
"68000","桃園市","68000070","龜山區","68000070-026","新嶺里",1732,4441,2285,2156,"113Y12M"
"68000","桃園市","68000070","龜山區","68000070-027","大湖里",3494,7092,3336,3756,"113Y12M"
"68000","桃園市","68000070","龜山區","68000070-028","大華里",4654,11329,5530,5799,"113Y12M"
"68000","桃園市","68000070","龜山區","68000070-029","長庚里",3536,7085,3184,3901,"113Y12M"
"68000","桃園市","68000070","龜山區","68000070-030","新興里",2219,4008,2246,1762,"113Y12M"
"68000","桃園市","68000070","龜山區","68000070-031","文青里",5989,11826,5530,6296,"113Y12M"
"68000","桃園市","68000070","龜山區","68000070-032","楓福里",1571,4333,2134,2199,"113Y12M"
"68000","桃園市","68000080","八德區","68000080-001","興仁里",2942,5723,3034,2689,"113Y12M"
"68000","桃園市","68000080","八德區","68000080-002","福興里",2759,6409,3154,3255,"113Y12M"
"68000","桃園市","68000080","八德區","68000080-003","瑞豐里",3425,7660,3748,3912,"113Y12M"
"68000","桃園市","68000080","八德區","68000080-004","瑞發里",1400,3634,1760,1874,"113Y12M"
"68000","桃園市","68000080","八德區","68000080-005","瑞德里",1612,4056,1957,2099,"113Y12M"
"68000","桃園市","68000080","八德區","68000080-006","瑞祥里",1430,3690,1843,1847,"113Y12M"
"68000","桃園市","68000080","八德區","68000080-007","廣興里",1297,3623,1863,1760,"113Y12M"
"68000","桃園市","68000080","八德區","68000080-008","廣隆里",2063,5432,2698,2734,"113Y12M"
"68000","桃園市","68000080","八德區","68000080-009","竹園里",1492,4088,2149,1939,"113Y12M"
"68000","桃園市","68000080","八德區","68000080-010","霄裡里",965,2633,1334,1299,"113Y12M"
"68000","桃園市","68000080","八德區","68000080-011","茄苳里",1024,2983,1500,1483,"113Y12M"
"68000","桃園市","68000080","八德區","68000080-012","高明里",1699,4379,2193,2186,"113Y12M"
"68000","桃園市","68000080","八德區","68000080-013","白鷺里",1183,3393,1728,1665,"113Y12M"
"68000","桃園市","68000080","八德區","68000080-014","大湳里",1837,4741,2402,2339,"113Y12M"
"68000","桃園市","68000080","八德區","68000080-015","大安里",1448,4133,2079,2054,"113Y12M"
"68000","桃園市","68000080","八德區","68000080-016","大興里",1948,5324,2607,2717,"113Y12M"
"68000","桃園市","68000080","八德區","68000080-017","大和里",3848,9585,4635,4950,"113Y12M"
"68000","桃園市","68000080","八德區","68000080-018","大同里",667,1752,851,901,"113Y12M"
"68000","桃園市","68000080","八德區","68000080-019","大成里",1339,3747,1862,1885,"113Y12M"
"68000","桃園市","68000080","八德區","68000080-020","大義里",1687,4388,2116,2272,"113Y12M"
"68000","桃園市","68000080","八德區","68000080-021","大忠里",890,2248,1073,1175,"113Y12M"
"68000","桃園市","68000080","八德區","68000080-022","大福里",2467,6363,3110,3253,"113Y12M"
"68000","桃園市","68000080","八德區","68000080-023","大勇里",2026,5223,2517,2706,"113Y12M"
"68000","桃園市","68000080","八德區","68000080-024","大信里",1376,3991,2192,1799,"113Y12M"
"68000","桃園市","68000080","八德區","68000080-025","大華里",1095,3034,1539,1495,"113Y12M"
"68000","桃園市","68000080","八德區","68000080-026","大仁里",1726,4857,2386,2471,"113Y12M"
"68000","桃園市","68000080","八德區","68000080-027","大智里",2215,5161,2515,2646,"113Y12M"
"68000","桃園市","68000080","八德區","68000080-028","瑞泰里",1826,4802,2397,2405,"113Y12M"
"68000","桃園市","68000080","八德區","68000080-029","大昌里",1223,3302,1605,1697,"113Y12M"
"68000","桃園市","68000080","八德區","68000080-030","大正里",2263,5658,2735,2923,"113Y12M"
"68000","桃園市","68000080","八德區","68000080-031","大強里",1237,3746,1860,1886,"113Y12M"
"68000","桃園市","68000080","八德區","68000080-032","大發里",886,2444,1260,1184,"113Y12M"
"68000","桃園市","68000080","八德區","68000080-033","大明里",1588,4262,2089,2173,"113Y12M"
"68000","桃園市","68000080","八德區","68000080-034","大竹里",645,1805,889,916,"113Y12M"
"68000","桃園市","68000080","八德區","68000080-035","大慶里",634,1609,790,819,"113Y12M"
"68000","桃園市","68000080","八德區","68000080-036","大千里",993,2698,1289,1409,"113Y12M"
"68000","桃園市","68000080","八德區","68000080-037","大榮里",862,2204,1075,1129,"113Y12M"
"68000","桃園市","68000080","八德區","68000080-038","茄明里",2653,6085,2877,3208,"113Y12M"
"68000","桃園市","68000080","八德區","68000080-039","高城里",1431,3787,1885,1902,"113Y12M"
"68000","桃園市","68000080","八德區","68000080-040","瑞興里",1257,3437,1725,1712,"113Y12M"
"68000","桃園市","68000080","八德區","68000080-041","大愛里",1129,3142,1530,1612,"113Y12M"
"68000","桃園市","68000080","八德區","68000080-042","大宏里",2510,6245,3041,3204,"113Y12M"
"68000","桃園市","68000080","八德區","68000080-043","大漢里",1835,4807,2207,2600,"113Y12M"
"68000","桃園市","68000080","八德區","68000080-044","廣德里",1101,2982,1522,1460,"113Y12M"
"68000","桃園市","68000080","八德區","68000080-045","龍友里",920,2506,1224,1282,"113Y12M"
"68000","桃園市","68000080","八德區","68000080-046","陸光里",2164,5212,2498,2714,"113Y12M"
"68000","桃園市","68000080","八德區","68000080-047","永豐里",1341,3548,1773,1775,"113Y12M"
"68000","桃園市","68000080","八德區","68000080-048","大順里",1032,2911,1467,1444,"113Y12M"
"68000","桃園市","68000080","八德區","68000080-049","福元里",2214,5302,2620,2682,"113Y12M"
"68000","桃園市","68000080","八德區","68000080-050","福德里",1612,3692,1793,1899,"113Y12M"
"68000","桃園市","68000080","八德區","68000080-051","興中里",2699,6254,3035,3219,"113Y12M"
"68000","桃園市","68000090","龍潭區","68000090-001","黃唐里",2083,5721,2887,2834,"113Y12M"
"68000","桃園市","68000090","龍潭區","68000090-002","中山里",3418,8296,4170,4126,"113Y12M"
"68000","桃園市","68000090","龍潭區","68000090-003","烏林里",2196,5694,2816,2878,"113Y12M"
"68000","桃園市","68000090","龍潭區","68000090-004","高平里",1220,3554,1825,1729,"113Y12M"
"68000","桃園市","68000090","龍潭區","68000090-006","凌雲里",1678,4448,2227,2221,"113Y12M"
"68000","桃園市","68000090","龍潭區","68000090-007","八德里",1935,4983,2529,2454,"113Y12M"
"68000","桃園市","68000090","龍潭區","68000090-008","三水里",292,720,397,323,"113Y12M"
"68000","桃園市","68000090","龍潭區","68000090-009","上林里",1874,5425,2717,2708,"113Y12M"
"68000","桃園市","68000090","龍潭區","68000090-010","中正里",2587,7398,3513,3885,"113Y12M"
"68000","桃園市","68000090","龍潭區","68000090-011","龍潭里",726,2104,1039,1065,"113Y12M"
"68000","桃園市","68000090","龍潭區","68000090-012","高原里",1716,4860,2474,2386,"113Y12M"
"68000","桃園市","68000090","龍潭區","68000090-013","九龍里",1709,4515,2222,2293,"113Y12M"
"68000","桃園市","68000090","龍潭區","68000090-014","中興里",1868,4920,2452,2468,"113Y12M"
"68000","桃園市","68000090","龍潭區","68000090-015","佳安里",1636,4192,2083,2109,"113Y12M"
"68000","桃園市","68000090","龍潭區","68000090-016","三和里",320,900,475,425,"113Y12M"
"68000","桃園市","68000090","龍潭區","68000090-017","三坑里",710,1785,937,848,"113Y12M"
"68000","桃園市","68000090","龍潭區","68000090-018","大平里",1928,3359,1659,1700,"113Y12M"
"68000","桃園市","68000090","龍潭區","68000090-019","三林里",1412,3637,1816,1821,"113Y12M"
"68000","桃園市","68000090","龍潭區","68000090-020","永興里",1165,3170,1588,1582,"113Y12M"
"68000","桃園市","68000090","龍潭區","68000090-021","烏樹林里",1208,3203,1627,1576,"113Y12M"
"68000","桃園市","68000090","龍潭區","68000090-022","百年里",2192,5244,2449,2795,"113Y12M"
"68000","桃園市","68000090","龍潭區","68000090-023","龍祥里",1480,4129,2063,2066,"113Y12M"
"68000","桃園市","68000090","龍潭區","68000090-024","聖德里",1297,3476,1760,1716,"113Y12M"
"68000","桃園市","68000090","龍潭區","68000090-025","龍星里",1781,5239,2538,2701,"113Y12M"
"68000","桃園市","68000090","龍潭區","68000090-026","上華里",1447,4006,1897,2109,"113Y12M"
"68000","桃園市","68000090","龍潭區","68000090-027","武漢里",617,1717,836,881,"113Y12M"
"68000","桃園市","68000090","龍潭區","68000090-028","東興里",1852,4712,2313,2399,"113Y12M"
"68000","桃園市","68000090","龍潭區","68000090-029","北興里",1018,2693,1321,1372,"113Y12M"
"68000","桃園市","68000090","龍潭區","68000090-030","建林里",1560,4265,2101,2164,"113Y12M"
"68000","桃園市","68000090","龍潭區","68000090-031","富林里",1513,3890,1887,2003,"113Y12M"
"68000","桃園市","68000090","龍潭區","68000090-032","祥和里",881,2233,1088,1145,"113Y12M"
"68000","桃園市","68000090","龍潭區","68000090-033","渴望里",1285,2782,1385,1397,"113Y12M"
"68000","桃園市","68000100","平鎮區","68000100-001","雙連里",2036,5562,2797,2765,"113Y12M"
"68000","桃園市","68000100","平鎮區","68000100-002","高雙里",1975,5341,2716,2625,"113Y12M"
"68000","桃園市","68000100","平鎮區","68000100-003","復旦里",2537,6956,3304,3652,"113Y12M"
"68000","桃園市","68000100","平鎮區","68000100-004","廣興里",2677,6495,3113,3382,"113Y12M"
"68000","桃園市","68000100","平鎮區","68000100-005","義民里",2583,6461,3104,3357,"113Y12M"
"68000","桃園市","68000100","平鎮區","68000100-006","宋屋里",1922,5151,2485,2666,"113Y12M"
"68000","桃園市","68000100","平鎮區","68000100-007","新勢里",1734,4529,2281,2248,"113Y12M"
"68000","桃園市","68000100","平鎮區","68000100-008","新富里",3992,8153,4223,3930,"113Y12M"
"68000","桃園市","68000100","平鎮區","68000100-009","北勢里",1096,2884,1422,1462,"113Y12M"
"68000","桃園市","68000100","平鎮區","68000100-010","北興里",1503,4454,2206,2248,"113Y12M"
"68000","桃園市","68000100","平鎮區","68000100-011","北貴里",1686,4822,2420,2402,"113Y12M"
"68000","桃園市","68000100","平鎮區","68000100-012","平鎮里",1857,5185,2609,2576,"113Y12M"
"68000","桃園市","68000100","平鎮區","68000100-013","南勢里",2562,7034,3531,3503,"113Y12M"
"68000","桃園市","68000100","平鎮區","68000100-014","莊敬里",2284,5829,2792,3037,"113Y12M"
"68000","桃園市","68000100","平鎮區","68000100-015","山峰里",930,2535,1250,1285,"113Y12M"
"68000","桃園市","68000100","平鎮區","68000100-016","湧光里",2192,5952,2905,3047,"113Y12M"
"68000","桃園市","68000100","平鎮區","68000100-017","龍恩里",1309,3380,1635,1745,"113Y12M"
"68000","桃園市","68000100","平鎮區","68000100-018","東社里",1440,3746,1826,1920,"113Y12M"
"68000","桃園市","68000100","平鎮區","68000100-019","龍興里",1081,2880,1407,1473,"113Y12M"
"68000","桃園市","68000100","平鎮區","68000100-020","貿易里",919,2480,1219,1261,"113Y12M"
"68000","桃園市","68000100","平鎮區","68000100-021","忠貞里",871,1870,903,967,"113Y12M"
"68000","桃園市","68000100","平鎮區","68000100-022","中正里",792,2083,1003,1080,"113Y12M"
"68000","桃園市","68000100","平鎮區","68000100-023","建安里",1699,4961,2551,2410,"113Y12M"
"68000","桃園市","68000100","平鎮區","68000100-024","東勢里",2401,6532,3418,3114,"113Y12M"
"68000","桃園市","68000100","平鎮區","68000100-025","東安里",1218,3272,1583,1689,"113Y12M"
"68000","桃園市","68000100","平鎮區","68000100-026","新安里",1912,5223,2573,2650,"113Y12M"
"68000","桃園市","68000100","平鎮區","68000100-027","鎮興里",1353,3509,1843,1666,"113Y12M"
"68000","桃園市","68000100","平鎮區","68000100-028","義興里",3119,8575,4183,4392,"113Y12M"
"68000","桃園市","68000100","平鎮區","68000100-029","湧豐里",881,2273,1103,1170,"113Y12M"
"68000","桃園市","68000100","平鎮區","68000100-030","湧安里",2006,5703,2843,2860,"113Y12M"
"68000","桃園市","68000100","平鎮區","68000100-031","廣達里",1903,4824,2328,2496,"113Y12M"
"68000","桃園市","68000100","平鎮區","68000100-032","福林里",1483,4038,2043,1995,"113Y12M"
"68000","桃園市","68000100","平鎮區","68000100-033","金星里",3521,9010,4447,4563,"113Y12M"
"68000","桃園市","68000100","平鎮區","68000100-034","廣仁里",1828,4868,2378,2490,"113Y12M"
"68000","桃園市","68000100","平鎮區","68000100-035","新貴里",1311,3610,1799,1811,"113Y12M"
"68000","桃園市","68000100","平鎮區","68000100-036","北富里",1523,4384,2172,2212,"113Y12M"
"68000","桃園市","68000100","平鎮區","68000100-037","新榮里",2257,6194,2990,3204,"113Y12M"
"68000","桃園市","68000100","平鎮區","68000100-038","華安里",1865,5104,2557,2547,"113Y12M"
"68000","桃園市","68000100","平鎮區","68000100-039","金陵里",1373,3502,1680,1822,"113Y12M"
"68000","桃園市","68000100","平鎮區","68000100-040","北安里",832,2095,1002,1093,"113Y12M"
"68000","桃園市","68000100","平鎮區","68000100-041","北華里",1728,4687,2245,2442,"113Y12M"
"68000","桃園市","68000100","平鎮區","68000100-042","復興里",2116,6208,3023,3185,"113Y12M"
"68000","桃園市","68000100","平鎮區","68000100-043","平興里",2712,6942,3275,3667,"113Y12M"
"68000","桃園市","68000100","平鎮區","68000100-044","新英里",1981,4745,2276,2469,"113Y12M"
"68000","桃園市","68000100","平鎮區","68000100-045","平安里",2607,6636,3348,3288,"113Y12M"
"68000","桃園市","68000100","平鎮區","68000100-046","平南里",3196,8712,4329,4383,"113Y12M"
"68000","桃園市","68000110","新屋區","68000110-001","新屋里",1300,3450,1777,1673,"113Y12M"
"68000","桃園市","68000110","新屋區","68000110-002","新生里",1671,5024,2525,2499,"113Y12M"
"68000","桃園市","68000110","新屋區","68000110-003","後湖里",611,1787,962,825,"113Y12M"
"68000","桃園市","68000110","新屋區","68000110-004","清華里",1856,5006,2593,2413,"113Y12M"
"68000","桃園市","68000110","新屋區","68000110-005","頭洲里",2222,5810,2959,2851,"113Y12M"
"68000","桃園市","68000110","新屋區","68000110-006","埔頂里",1040,2927,1538,1389,"113Y12M"
"68000","桃園市","68000110","新屋區","68000110-007","九斗里",921,2532,1330,1202,"113Y12M"
"68000","桃園市","68000110","新屋區","68000110-008","社子里",562,1475,822,653,"113Y12M"
"68000","桃園市","68000110","新屋區","68000110-009","東明里",583,1686,874,812,"113Y12M"
"68000","桃園市","68000110","新屋區","68000110-010","石磊里",1051,2822,1451,1371,"113Y12M"
"68000","桃園市","68000110","新屋區","68000110-011","下埔里",405,752,406,346,"113Y12M"
"68000","桃園市","68000110","新屋區","68000110-012","下田里",768,1991,1053,938,"113Y12M"
"68000","桃園市","68000110","新屋區","68000110-013","石牌里",406,953,493,460,"113Y12M"
"68000","桃園市","68000110","新屋區","68000110-014","赤欄里",562,1485,783,702,"113Y12M"
"68000","桃園市","68000110","新屋區","68000110-015","永興里",739,1133,626,507,"113Y12M"
"68000","桃園市","68000110","新屋區","68000110-016","永安里",906,2401,1287,1114,"113Y12M"
"68000","桃園市","68000110","新屋區","68000110-017","笨港里",427,1106,625,481,"113Y12M"
"68000","桃園市","68000110","新屋區","68000110-018","深圳里",289,668,366,302,"113Y12M"
"68000","桃園市","68000110","新屋區","68000110-019","蚵間里",391,1021,567,454,"113Y12M"
"68000","桃園市","68000110","新屋區","68000110-020","?榔里",446,1148,659,489,"113Y12M"
"68000","桃園市","68000110","新屋區","68000110-021","後庄里",444,1156,640,516,"113Y12M"
"68000","桃園市","68000110","新屋區","68000110-022","大坡里",582,1526,836,690,"113Y12M"
"68000","桃園市","68000110","新屋區","68000110-023","望間里",618,1530,894,636,"113Y12M"
"68000","桃園市","68000120","觀音區","68000120-001","觀音里",1547,3490,1879,1611,"113Y12M"
"68000","桃園市","68000120","觀音區","68000120-002","白玉里",438,999,537,462,"113Y12M"
"68000","桃園市","68000120","觀音區","68000120-003","廣興里",618,1531,851,680,"113Y12M"
"68000","桃園市","68000120","觀音區","68000120-004","大潭里",1184,2690,1346,1344,"113Y12M"
"68000","桃園市","68000120","觀音區","68000120-005","武威里",435,1142,609,533,"113Y12M"
"68000","桃園市","68000120","觀音區","68000120-006","保生里",1078,2462,1274,1188,"113Y12M"
"68000","桃園市","68000120","觀音區","68000120-007","三和里",352,937,517,420,"113Y12M"
"68000","桃園市","68000120","觀音區","68000120-008","新興里",322,885,487,398,"113Y12M"
"68000","桃園市","68000120","觀音區","68000120-009","坑尾里",924,2300,1236,1064,"113Y12M"
"68000","桃園市","68000120","觀音區","68000120-010","金湖里",1193,3188,1674,1514,"113Y12M"
"68000","桃園市","68000120","觀音區","68000120-011","藍埔里",1170,3111,1616,1495,"113Y12M"
"68000","桃園市","68000120","觀音區","68000120-012","大同里",1366,3824,1951,1873,"113Y12M"
"68000","桃園市","68000120","觀音區","68000120-013","大堀里",670,1874,1012,862,"113Y12M"
"68000","桃園市","68000120","觀音區","68000120-014","崙坪里",1967,5447,2803,2644,"113Y12M"
"68000","桃園市","68000120","觀音區","68000120-015","富源里",2012,5170,2624,2546,"113Y12M"
"68000","桃園市","68000120","觀音區","68000120-016","上大里",1198,3054,1613,1441,"113Y12M"
"68000","桃園市","68000120","觀音區","68000120-017","新坡里",1312,3718,1951,1767,"113Y12M"
"68000","桃園市","68000120","觀音區","68000120-018","廣福里",1117,3190,1637,1553,"113Y12M"
"68000","桃園市","68000120","觀音區","68000120-019","塔腳里",433,1148,647,501,"113Y12M"
"68000","桃園市","68000120","觀音區","68000120-020","保障里",859,2492,1310,1182,"113Y12M"
"68000","桃園市","68000120","觀音區","68000120-021","草漯里",2330,5535,2745,2790,"113Y12M"
"68000","桃園市","68000120","觀音區","68000120-022","樹林里",2931,6707,3306,3401,"113Y12M"
"68000","桃園市","68000120","觀音區","68000120-023","富林里",1049,2704,1389,1315,"113Y12M"
"68000","桃園市","68000120","觀音區","68000120-024","草新里",3071,8276,4068,4208,"113Y12M"
"68000","桃園市","68000130","復興區","68000130-001","三民里",864,2624,1375,1249,"113Y12M"
"68000","桃園市","68000130","復興區","68000130-002","澤仁里",590,1801,888,913,"113Y12M"
"68000","桃園市","68000130","復興區","68000130-003","義盛里",260,991,495,496,"113Y12M"
"68000","桃園市","68000130","復興區","68000130-004","霞雲里",276,910,482,428,"113Y12M"
"68000","桃園市","68000130","復興區","68000130-005","長興里",240,809,447,362,"113Y12M"
"68000","桃園市","68000130","復興區","68000130-006","三光里",264,967,508,459,"113Y12M"
"68000","桃園市","68000130","復興區","68000130-007","奎輝里",247,1021,536,485,"113Y12M"
"68000","桃園市","68000130","復興區","68000130-008","華陵里",545,1608,881,727,"113Y12M"
"68000","桃園市","68000130","復興區","68000130-009","羅浮里",463,1430,725,705,"113Y12M"
"68000","桃園市","68000130","復興區","68000130-010","高義里",289,1100,577,523,"113Y12M"
"66000","臺中市","66000010","中區","66000010-001","繼光里",813,1742,841,901,"113Y12M"
"66000","臺中市","66000010","中區","66000010-002","大墩里",1064,2510,1173,1337,"113Y12M"
"66000","臺中市","66000010","中區","66000010-003","綠川里",894,1909,949,960,"113Y12M"
"66000","臺中市","66000010","中區","66000010-004","公園里",818,1786,852,934,"113Y12M"
"66000","臺中市","66000010","中區","66000010-005","光復里",1008,2290,1116,1174,"113Y12M"
"66000","臺中市","66000010","中區","66000010-006","柳川里",1244,2390,1213,1177,"113Y12M"
"66000","臺中市","66000010","中區","66000010-007","大誠里",1403,2919,1432,1487,"113Y12M"
"66000","臺中市","66000010","中區","66000010-008","中華里",1262,2358,1163,1195,"113Y12M"
"66000","臺中市","66000020","東區","66000020-001","新庄里",1710,3596,1889,1707,"113Y12M"
"66000","臺中市","66000020","東區","66000020-002","振興里",1399,3305,1645,1660,"113Y12M"
"66000","臺中市","66000020","東區","66000020-003","東橋里",1662,4281,2081,2200,"113Y12M"
"66000","臺中市","66000020","東區","66000020-004","東興里",1334,3250,1601,1649,"113Y12M"
"66000","臺中市","66000020","東區","66000020-005","干城里",1409,2625,1226,1399,"113Y12M"
"66000","臺中市","66000020","東區","66000020-006","泉源里",1099,2458,1215,1243,"113Y12M"
"66000","臺中市","66000020","東區","66000020-007","旱溪里",1058,2722,1383,1339,"113Y12M"
"66000","臺中市","66000020","東區","66000020-008","樂成里",1291,2989,1459,1530,"113Y12M"
"66000","臺中市","66000020","東區","66000020-009","東門里",3212,8718,4264,4454,"113Y12M"
"66000","臺中市","66000020","東區","66000020-010","十甲里",2385,5814,2823,2991,"113Y12M"
"66000","臺中市","66000020","東區","66000020-011","東南里",2021,4638,2270,2368,"113Y12M"
"66000","臺中市","66000020","東區","66000020-012","東勢里",1282,2872,1452,1420,"113Y12M"
"66000","臺中市","66000020","東區","66000020-013","合作里",1901,4642,2236,2406,"113Y12M"
"66000","臺中市","66000020","東區","66000020-014","富台里",899,1836,909,927,"113Y12M"
"66000","臺中市","66000020","東區","66000020-015","富仁里",2199,4793,2309,2484,"113Y12M"
"66000","臺中市","66000020","東區","66000020-016","東信里",3922,10359,5037,5322,"113Y12M"
"66000","臺中市","66000020","東區","66000020-017","東英里",3469,8790,4327,4463,"113Y12M"
"66000","臺中市","66000030","南區","66000030-001","城隍里",1753,3908,1905,2003,"113Y12M"
"66000","臺中市","66000030","南區","66000030-002","國光里",1824,4180,1988,2192,"113Y12M"
"66000","臺中市","66000030","南區","66000030-003","南門里",1840,3966,1895,2071,"113Y12M"
"66000","臺中市","66000030","南區","66000030-004","德義里",1514,3224,1540,1684,"113Y12M"
"66000","臺中市","66000030","南區","66000030-005","積善里",1163,2751,1351,1400,"113Y12M"
"66000","臺中市","66000030","南區","66000030-006","江川里",1342,3079,1480,1599,"113Y12M"
"66000","臺中市","66000030","南區","66000030-007","新榮里",2727,5904,2670,3234,"113Y12M"
"66000","臺中市","66000030","南區","66000030-008","福興里",1730,4314,2068,2246,"113Y12M"
"66000","臺中市","66000030","南區","66000030-009","福平里",2504,6129,2907,3222,"113Y12M"
"66000","臺中市","66000030","南區","66000030-010","和平里",2457,5311,2539,2772,"113Y12M"
"66000","臺中市","66000030","南區","66000030-011","永興里",3959,9577,4520,5057,"113Y12M"
"66000","臺中市","66000030","南區","66000030-012","樹義里",5999,15244,7203,8041,"113Y12M"
"66000","臺中市","66000030","南區","66000030-013","樹德里",4488,10527,5022,5505,"113Y12M"
"66000","臺中市","66000030","南區","66000030-014","西川里",1954,4865,2271,2594,"113Y12M"
"66000","臺中市","66000030","南區","66000030-015","長春里",904,2056,1022,1034,"113Y12M"
"66000","臺中市","66000030","南區","66000030-016","長榮里",1177,2784,1367,1417,"113Y12M"
"66000","臺中市","66000030","南區","66000030-017","福順里",3000,6708,3113,3595,"113Y12M"
"66000","臺中市","66000030","南區","66000030-018","平和里",1559,3935,1944,1991,"113Y12M"
"66000","臺中市","66000030","南區","66000030-019","南和里",3898,8498,4172,4326,"113Y12M"
"66000","臺中市","66000030","南區","66000030-020","永和里",2431,5454,2605,2849,"113Y12M"
"66000","臺中市","66000030","南區","66000030-021","工學里",3422,8244,3852,4392,"113Y12M"
"66000","臺中市","66000030","南區","66000030-022","崇倫里",2716,6530,3142,3388,"113Y12M"
"66000","臺中市","66000040","西區","66000040-001","民生里",1002,2677,1244,1433,"113Y12M"
"66000","臺中市","66000040","西區","66000040-002","利民里",795,2146,1042,1104,"113Y12M"
"66000","臺中市","66000040","西區","66000040-003","三民里",1551,3298,1665,1633,"113Y12M"
"66000","臺中市","66000040","西區","66000040-004","東昇里",1069,2529,1183,1346,"113Y12M"
"66000","臺中市","66000040","西區","66000040-005","廣民里",670,1533,730,803,"113Y12M"
"66000","臺中市","66000040","西區","66000040-006","平和里",1053,2285,1050,1235,"113Y12M"
"66000","臺中市","66000040","西區","66000040-007","公民里",2462,5540,2577,2963,"113Y12M"
"66000","臺中市","66000040","西區","66000040-008","藍興里",2028,4800,2295,2505,"113Y12M"
"66000","臺中市","66000040","西區","66000040-009","公?里",2891,6324,3002,3322,"113Y12M"
"66000","臺中市","66000040","西區","66000040-010","和龍里",1130,2489,1191,1298,"113Y12M"
"66000","臺中市","66000040","西區","66000040-011","民龍里",2180,4514,2111,2403,"113Y12M"
"66000","臺中市","66000040","西區","66000040-012","後龍里",1853,4060,1898,2162,"113Y12M"
"66000","臺中市","66000040","西區","66000040-013","安龍里",1536,3317,1582,1735,"113Y12M"
"66000","臺中市","66000040","西區","66000040-014","吉龍里",3116,7367,3453,3914,"113Y12M"
"66000","臺中市","66000040","西區","66000040-015","昇平里",2809,6600,3061,3539,"113Y12M"
"66000","臺中市","66000040","西區","66000040-016","忠明里",3083,6759,3157,3602,"113Y12M"
"66000","臺中市","66000040","西區","66000040-017","公正里",3099,7763,3546,4217,"113Y12M"
"66000","臺中市","66000040","西區","66000040-018","土庫里",2738,6539,3093,3446,"113Y12M"
"66000","臺中市","66000040","西區","66000040-019","忠誠里",2703,6384,3086,3298,"113Y12M"
"66000","臺中市","66000040","西區","66000040-020","公益里",1280,3147,1459,1688,"113Y12M"
"66000","臺中市","66000040","西區","66000040-021","中興里",1690,4113,1926,2187,"113Y12M"
"66000","臺中市","66000040","西區","66000040-022","公平里",2655,6269,2870,3399,"113Y12M"
"66000","臺中市","66000040","西區","66000040-023","公德里",2167,5205,2376,2829,"113Y12M"
"66000","臺中市","66000040","西區","66000040-024","?龍里",1340,3118,1486,1632,"113Y12M"
"66000","臺中市","66000040","西區","66000040-025","大忠里",2192,5114,2354,2760,"113Y12M"
"66000","臺中市","66000050","北區","66000050-001","光大里",1090,2142,1031,1111,"113Y12M"
"66000","臺中市","66000050","北區","66000050-002","文莊里",1652,3580,1708,1872,"113Y12M"
"66000","臺中市","66000050","北區","66000050-003","五常里",622,1457,720,737,"113Y12M"
"66000","臺中市","66000050","北區","66000050-004","新興里",712,1479,732,747,"113Y12M"
"66000","臺中市","66000050","北區","66000050-005","新北里",893,1775,876,899,"113Y12M"
"66000","臺中市","66000050","北區","66000050-006","樂英里",1352,2689,1307,1382,"113Y12M"
"66000","臺中市","66000050","北區","66000050-007","錦村里",1417,3391,1666,1725,"113Y12M"
"66000","臺中市","66000050","北區","66000050-008","建成里",2642,6341,3043,3298,"113Y12M"
"66000","臺中市","66000050","北區","66000050-009","錦洲里",1569,3639,1703,1936,"113Y12M"
"66000","臺中市","66000050","北區","66000050-010","金華里",1488,3123,1473,1650,"113Y12M"
"66000","臺中市","66000050","北區","66000050-011","金龍里",2569,5304,2472,2832,"113Y12M"
"66000","臺中市","66000050","北區","66000050-012","邱厝里",1097,2560,1191,1369,"113Y12M"
"66000","臺中市","66000050","北區","66000050-013","建興里",2686,6150,2889,3261,"113Y12M"
"66000","臺中市","66000050","北區","66000050-014","頂厝里",2135,4721,2177,2544,"113Y12M"
"66000","臺中市","66000050","北區","66000050-015","賴厝里",3058,6014,3037,2977,"113Y12M"
"66000","臺中市","66000050","北區","66000050-016","賴村里",2325,4916,2285,2631,"113Y12M"
"66000","臺中市","66000050","北區","66000050-017","育德里",1815,4118,1932,2186,"113Y12M"
"66000","臺中市","66000050","北區","66000050-018","淡溝里",2703,5930,2753,3177,"113Y12M"
"66000","臺中市","66000050","北區","66000050-019","中達里",1206,3024,1496,1528,"113Y12M"
"66000","臺中市","66000050","北區","66000050-020","錦祥里",3181,6124,2807,3317,"113Y12M"
"66000","臺中市","66000050","北區","66000050-021","健行里",3115,7599,3650,3949,"113Y12M"
"66000","臺中市","66000050","北區","66000050-022","明德里",2479,6018,2867,3151,"113Y12M"
"66000","臺中市","66000050","北區","66000050-023","長青里",2828,6820,3179,3641,"113Y12M"
"66000","臺中市","66000050","北區","66000050-024","賴明里",1932,4383,1967,2416,"113Y12M"
"66000","臺中市","66000050","北區","66000050-025","賴興里",1884,4459,2048,2411,"113Y12M"
"66000","臺中市","66000050","北區","66000050-026","中正里",630,1397,670,727,"113Y12M"
"66000","臺中市","66000050","北區","66000050-027","六合里",938,1863,921,942,"113Y12M"
"66000","臺中市","66000050","北區","66000050-028","大湖里",998,2209,1104,1105,"113Y12M"
"66000","臺中市","66000050","北區","66000050-029","錦平里",1030,2086,979,1107,"113Y12M"
"66000","臺中市","66000050","北區","66000050-030","建德里",1466,3517,1681,1836,"113Y12M"
"66000","臺中市","66000050","北區","66000050-031","崇德里",1703,3873,1823,2050,"113Y12M"
"66000","臺中市","66000050","北區","66000050-032","賴旺里",2079,4781,2245,2536,"113Y12M"
"66000","臺中市","66000050","北區","66000050-033","明新里",1381,3040,1485,1555,"113Y12M"
"66000","臺中市","66000050","北區","66000050-034","立人里",1923,4416,2043,2373,"113Y12M"
"66000","臺中市","66000050","北區","66000050-035","梅川里",1575,3930,1786,2144,"113Y12M"
"66000","臺中市","66000050","北區","66000050-036","賴福里",1940,4700,2198,2502,"113Y12M"
"66000","臺中市","66000060","西屯區","66000060-001","西安里",3043,6876,3279,3597,"113Y12M"
"66000","臺中市","66000060","西屯區","66000060-002","西墩里",3352,8205,3995,4210,"113Y12M"
"66000","臺中市","66000060","西屯區","66000060-003","潮洋里",4465,8418,4229,4189,"113Y12M"
"66000","臺中市","66000060","西屯區","66000060-004","龍潭里",522,1389,692,697,"113Y12M"
"66000","臺中市","66000060","西屯區","66000060-005","惠來里",9038,21564,10090,11474,"113Y12M"
"66000","臺中市","66000060","西屯區","66000060-006","上石里",2917,6398,2982,3416,"113Y12M"
"66000","臺中市","66000060","西屯區","66000060-007","逢甲里",2537,5499,2563,2936,"113Y12M"
"66000","臺中市","66000060","西屯區","66000060-008","鵬程里",1452,3074,1465,1609,"113Y12M"
"66000","臺中市","66000060","西屯區","66000060-009","何安里",2635,6036,2827,3209,"113Y12M"
"66000","臺中市","66000060","西屯區","66000060-010","何厝里",1619,3739,1732,2007,"113Y12M"
"66000","臺中市","66000060","西屯區","66000060-011","大河里",1650,4450,2164,2286,"113Y12M"
"66000","臺中市","66000060","西屯區","66000060-012","大石里",1146,2458,1166,1292,"113Y12M"
"66000","臺中市","66000060","西屯區","66000060-013","大福里",1553,3654,1747,1907,"113Y12M"
"66000","臺中市","66000060","西屯區","66000060-014","大鵬里",2229,5390,2535,2855,"113Y12M"
"66000","臺中市","66000060","西屯區","66000060-015","港尾里",2376,6146,3022,3124,"113Y12M"
"66000","臺中市","66000060","西屯區","66000060-016","廣福里",774,2663,1328,1335,"113Y12M"
"66000","臺中市","66000060","西屯區","66000060-017","林厝里",1389,4330,2131,2199,"113Y12M"
"66000","臺中市","66000060","西屯區","66000060-018","永安里",6867,16613,8130,8483,"113Y12M"
"66000","臺中市","66000060","西屯區","66000060-019","福安里",1607,3851,1816,2035,"113Y12M"
"66000","臺中市","66000060","西屯區","66000060-020","協和里",2193,5473,2692,2781,"113Y12M"
"66000","臺中市","66000060","西屯區","66000060-021","何仁里",2962,7107,3373,3734,"113Y12M"
"66000","臺中市","66000060","西屯區","66000060-022","何德里",1690,4155,1967,2188,"113Y12M"
"66000","臺中市","66000060","西屯區","66000060-023","何源里",3012,7508,3559,3949,"113Y12M"
"66000","臺中市","66000060","西屯區","66000060-024","西平里",2700,6047,2859,3188,"113Y12M"
"66000","臺中市","66000060","西屯區","66000060-025","何南里",2065,4809,2232,2577,"113Y12M"
"66000","臺中市","66000060","西屯區","66000060-026","至善里",2237,5363,2513,2850,"113Y12M"
"66000","臺中市","66000060","西屯區","66000060-027","上安里",2855,6540,3078,3462,"113Y12M"
"66000","臺中市","66000060","西屯區","66000060-028","上德里",2035,4832,2256,2576,"113Y12M"
"66000","臺中市","66000060","西屯區","66000060-029","逢福里",2564,6207,2967,3240,"113Y12M"
"66000","臺中市","66000060","西屯區","66000060-030","何明里",1623,3945,1864,2081,"113Y12M"
"66000","臺中市","66000060","西屯區","66000060-031","何成里",3612,8650,3971,4679,"113Y12M"
"66000","臺中市","66000060","西屯區","66000060-032","何福里",2014,4877,2301,2576,"113Y12M"
"66000","臺中市","66000060","西屯區","66000060-033","福和里",1773,4918,2402,2516,"113Y12M"
"66000","臺中市","66000060","西屯區","66000060-034","福中里",1411,3747,1799,1948,"113Y12M"
"66000","臺中市","66000060","西屯區","66000060-035","福恩里",2461,5801,2720,3081,"113Y12M"
"66000","臺中市","66000060","西屯區","66000060-036","福聯里",1884,4321,2083,2238,"113Y12M"
"66000","臺中市","66000060","西屯區","66000060-037","福瑞里",1592,3941,1792,2149,"113Y12M"
"66000","臺中市","66000060","西屯區","66000060-038","福林里",4255,10279,4759,5520,"113Y12M"
"66000","臺中市","66000060","西屯區","66000060-039","福雅里",3023,7548,3500,4048,"113Y12M"
"66000","臺中市","66000070","南屯區","66000070-001","南屯里",4166,10659,5016,5643,"113Y12M"
"66000","臺中市","66000070","南屯區","66000070-002","豐樂里",5613,14127,6779,7348,"113Y12M"
"66000","臺中市","66000070","南屯區","66000070-003","楓樹里",2821,7237,3523,3714,"113Y12M"
"66000","臺中市","66000070","南屯區","66000070-004","中和里",1676,4747,2362,2385,"113Y12M"
"66000","臺中市","66000070","南屯區","66000070-005","春社里",3553,7647,3921,3726,"113Y12M"
"66000","臺中市","66000070","南屯區","66000070-006","春安里",2342,4345,2092,2253,"113Y12M"
"66000","臺中市","66000070","南屯區","66000070-007","文山里",6136,14870,7208,7662,"113Y12M"
"66000","臺中市","66000070","南屯區","66000070-008","新生里",2244,4446,2036,2410,"113Y12M"
"66000","臺中市","66000070","南屯區","66000070-009","永定里",2734,6654,3175,3479,"113Y12M"
"66000","臺中市","66000070","南屯區","66000070-010","三厝里",3758,9537,4407,5130,"113Y12M"
"66000","臺中市","66000070","南屯區","66000070-011","溝墘里",2670,6946,3197,3749,"113Y12M"
"66000","臺中市","66000070","南屯區","66000070-012","田心里",3495,8464,3973,4491,"113Y12M"
"66000","臺中市","66000070","南屯區","66000070-013","黎明里",1864,4663,2244,2419,"113Y12M"
"66000","臺中市","66000070","南屯區","66000070-014","鎮平里",550,1430,774,656,"113Y12M"
"66000","臺中市","66000070","南屯區","66000070-015","大同里",2373,5955,2767,3188,"113Y12M"
"66000","臺中市","66000070","南屯區","66000070-016","文心里",1973,5008,2360,2648,"113Y12M"
"66000","臺中市","66000070","南屯區","66000070-017","同心里",2753,6546,3060,3486,"113Y12M"
"66000","臺中市","66000070","南屯區","66000070-018","向心里",3164,6810,3397,3413,"113Y12M"
"66000","臺中市","66000070","南屯區","66000070-019","大誠里",1952,4355,2004,2351,"113Y12M"
"66000","臺中市","66000070","南屯區","66000070-020","大興里",1981,5198,2449,2749,"113Y12M"
"66000","臺中市","66000070","南屯區","66000070-021","大業里",3355,8712,3965,4747,"113Y12M"
"66000","臺中市","66000070","南屯區","66000070-022","惠中里",4454,10903,4965,5938,"113Y12M"
"66000","臺中市","66000070","南屯區","66000070-023","寶山里",2777,6484,3162,3322,"113Y12M"
"66000","臺中市","66000070","南屯區","66000070-024","三和里",4464,11216,5110,6106,"113Y12M"
"66000","臺中市","66000070","南屯區","66000070-025","三義里",3275,8233,3760,4473,"113Y12M"
"66000","臺中市","66000080","北屯區","66000080-001","北興里",1521,3575,1695,1880,"113Y12M"
"66000","臺中市","66000080","北屯區","66000080-002","北屯里",1728,3948,1809,2139,"113Y12M"
"66000","臺中市","66000080","北屯區","66000080-003","三光里",3446,8234,3868,4366,"113Y12M"
"66000","臺中市","66000080","北屯區","66000080-004","平田里",2794,6764,3211,3553,"113Y12M"
"66000","臺中市","66000080","北屯區","66000080-005","平和里",2631,6277,2857,3420,"113Y12M"
"66000","臺中市","66000080","北屯區","66000080-006","東光里",2144,5207,2432,2775,"113Y12M"
"66000","臺中市","66000080","北屯區","66000080-007","舊社里",9529,18823,8769,10054,"113Y12M"
"66000","臺中市","66000080","北屯區","66000080-008","水景里",6631,17380,8399,8981,"113Y12M"
"66000","臺中市","66000080","北屯區","66000080-009","軍功里",5697,15655,7546,8109,"113Y12M"
"66000","臺中市","66000080","北屯區","66000080-010","和平里",5860,15669,7578,8091,"113Y12M"
"66000","臺中市","66000080","北屯區","66000080-011","東山里",877,2357,1187,1170,"113Y12M"
"66000","臺中市","66000080","北屯區","66000080-012","民政里",439,1228,654,574,"113Y12M"
"66000","臺中市","66000080","北屯區","66000080-013","?子里",11983,26810,12458,14352,"113Y12M"
"66000","臺中市","66000080","北屯區","66000080-014","大坑里",864,2428,1233,1195,"113Y12M"
"66000","臺中市","66000080","北屯區","66000080-015","民德里",437,1079,554,525,"113Y12M"
"66000","臺中市","66000080","北屯區","66000080-016","松竹里",4381,11087,5195,5892,"113Y12M"
"66000","臺中市","66000080","北屯區","66000080-017","仁和里",5053,11486,5742,5744,"113Y12M"
"66000","臺中市","66000080","北屯區","66000080-018","仁美里",5063,13229,6243,6986,"113Y12M"
"66000","臺中市","66000080","北屯區","66000080-019","四民里",1294,2885,1392,1493,"113Y12M"
"66000","臺中市","66000080","北屯區","66000080-020","后庄里",4620,11588,5400,6188,"113Y12M"
"66000","臺中市","66000080","北屯區","66000080-021","同榮里",2294,6187,3030,3157,"113Y12M"
"66000","臺中市","66000080","北屯區","66000080-022","仁愛里",488,1152,534,618,"113Y12M"
"66000","臺中市","66000080","北屯區","66000080-023","水湳里",3315,7744,3644,4100,"113Y12M"
"66000","臺中市","66000080","北屯區","66000080-024","陳平里",2185,5355,2521,2834,"113Y12M"
"66000","臺中市","66000080","北屯區","66000080-025","新平里",2370,5292,2491,2801,"113Y12M"
"66000","臺中市","66000080","北屯區","66000080-026","平安里",2488,6048,2932,3116,"113Y12M"
"66000","臺中市","66000080","北屯區","66000080-027","平順里",1522,3620,1673,1947,"113Y12M"
"66000","臺中市","66000080","北屯區","66000080-028","平德里",3250,7535,3464,4071,"113Y12M"
"66000","臺中市","66000080","北屯區","66000080-029","松安里",2235,5788,2727,3061,"113Y12M"
"66000","臺中市","66000080","北屯區","66000080-030","松茂里",2331,5958,2825,3133,"113Y12M"
"66000","臺中市","66000080","北屯區","66000080-031","大德里",2078,5256,2566,2690,"113Y12M"
"66000","臺中市","66000080","北屯區","66000080-032","松強里",3436,8807,4169,4638,"113Y12M"
"66000","臺中市","66000080","北屯區","66000080-033","松勇里",2153,5723,2734,2989,"113Y12M"
"66000","臺中市","66000080","北屯區","66000080-034","北京里",1409,3432,1678,1754,"113Y12M"
"66000","臺中市","66000080","北屯區","66000080-035","平心里",2484,5635,2553,3082,"113Y12M"
"66000","臺中市","66000080","北屯區","66000080-036","平福里",1652,4154,1926,2228,"113Y12M"
"66000","臺中市","66000080","北屯區","66000080-037","松和里",3085,7848,3673,4175,"113Y12M"
"66000","臺中市","66000080","北屯區","66000080-038","平陽里",2227,5661,2644,3017,"113Y12M"
"66000","臺中市","66000080","北屯區","66000080-039","平興里",3438,8149,3786,4363,"113Y12M"
"66000","臺中市","66000080","北屯區","66000080-040","平昌里",2158,5044,2379,2665,"113Y12M"
"66000","臺中市","66000080","北屯區","66000080-041","三和里",2619,6494,3046,3448,"113Y12M"
"66000","臺中市","66000080","北屯區","66000080-042","忠平里",1689,4374,2076,2298,"113Y12M"
"66000","臺中市","66000090","豐原區","66000090-001","豐原里",1048,2521,1213,1308,"113Y12M"
"66000","臺中市","66000090","豐原區","66000090-002","頂街里",490,976,469,507,"113Y12M"
"66000","臺中市","66000090","豐原區","66000090-003","中山里",389,918,440,478,"113Y12M"
"66000","臺中市","66000090","豐原區","66000090-004","豐榮里",556,1219,544,675,"113Y12M"
"66000","臺中市","66000090","豐原區","66000090-005","下街里",358,825,389,436,"113Y12M"
"66000","臺中市","66000090","豐原區","66000090-006","富春里",270,725,344,381,"113Y12M"
"66000","臺中市","66000090","豐原區","66000090-007","葫蘆里",256,666,326,340,"113Y12M"
"66000","臺中市","66000090","豐原區","66000090-008","豐西里",716,1786,848,938,"113Y12M"
"66000","臺中市","66000090","豐原區","66000090-009","西安里",1993,5586,2651,2935,"113Y12M"
"66000","臺中市","66000090","豐原區","66000090-010","西勢里",934,2559,1239,1320,"113Y12M"
"66000","臺中市","66000090","豐原區","66000090-011","東勢里",636,1680,820,860,"113Y12M"
"66000","臺中市","66000090","豐原區","66000090-012","民生里",525,1275,615,660,"113Y12M"
"66000","臺中市","66000090","豐原區","66000090-013","大湳里",1093,2800,1355,1445,"113Y12M"
"66000","臺中市","66000090","豐原區","66000090-014","北湳里",1355,3455,1714,1741,"113Y12M"
"66000","臺中市","66000090","豐原區","66000090-015","東湳里",1466,4682,2410,2272,"113Y12M"
"66000","臺中市","66000090","豐原區","66000090-016","西湳里",3870,11568,5692,5876,"113Y12M"
"66000","臺中市","66000090","豐原區","66000090-017","圳寮里",523,1349,688,661,"113Y12M"
"66000","臺中市","66000090","豐原區","66000090-018","豐圳里",1394,3695,1837,1858,"113Y12M"
"66000","臺中市","66000090","豐原區","66000090-019","社皮里",4301,11583,5589,5994,"113Y12M"
"66000","臺中市","66000090","豐原區","66000090-020","三村里",2457,7303,3599,3704,"113Y12M"
"66000","臺中市","66000090","豐原區","66000090-021","中興里",1252,3291,1593,1698,"113Y12M"
"66000","臺中市","66000090","豐原區","66000090-022","田心里",3051,7266,3670,3596,"113Y12M"
"66000","臺中市","66000090","豐原區","66000090-023","豐田里",4045,11871,5894,5977,"113Y12M"
"66000","臺中市","66000090","豐原區","66000090-024","鎌村里",1777,5335,2717,2618,"113Y12M"
"66000","臺中市","66000090","豐原區","66000090-025","南陽里",4666,13571,6489,7082,"113Y12M"
"66000","臺中市","66000090","豐原區","66000090-026","陽明里",1164,3369,1636,1733,"113Y12M"
"66000","臺中市","66000090","豐原區","66000090-027","北陽里",5536,16206,7857,8349,"113Y12M"
"66000","臺中市","66000090","豐原區","66000090-028","中陽里",2388,6919,3317,3602,"113Y12M"
"66000","臺中市","66000090","豐原區","66000090-029","東陽里",559,1754,896,858,"113Y12M"
"66000","臺中市","66000090","豐原區","66000090-030","南村里",2412,6460,3075,3385,"113Y12M"
"66000","臺中市","66000090","豐原區","66000090-031","南田里",1219,3521,1818,1703,"113Y12M"
"66000","臺中市","66000090","豐原區","66000090-032","南嵩里",1252,3798,1894,1904,"113Y12M"
"66000","臺中市","66000090","豐原區","66000090-033","翁明里",1045,2631,1283,1348,"113Y12M"
"66000","臺中市","66000090","豐原區","66000090-034","翁子里",1469,3977,1979,1998,"113Y12M"
"66000","臺中市","66000090","豐原區","66000090-035","翁社里",767,2291,1192,1099,"113Y12M"
"66000","臺中市","66000090","豐原區","66000090-036","朴子里",1216,3732,1953,1779,"113Y12M"
"66000","臺中市","66000100","東勢區","66000100-001","北興里",750,1675,869,806,"113Y12M"
"66000","臺中市","66000100","東勢區","66000100-002","中寧里",408,941,421,520,"113Y12M"
"66000","臺中市","66000100","東勢區","66000100-003","東安里",453,1120,565,555,"113Y12M"
"66000","臺中市","66000100","東勢區","66000100-004","南平里",743,1937,972,965,"113Y12M"
"66000","臺中市","66000100","東勢區","66000100-005","延平里",922,2326,1122,1204,"113Y12M"
"66000","臺中市","66000100","東勢區","66000100-006","上新里",392,1019,495,524,"113Y12M"
"66000","臺中市","66000100","東勢區","66000100-007","廣興里",611,1568,804,764,"113Y12M"
"66000","臺中市","66000100","東勢區","66000100-008","泰昌里",1458,3758,1838,1920,"113Y12M"
"66000","臺中市","66000100","東勢區","66000100-009","中嵙里",773,2006,1030,976,"113Y12M"
"66000","臺中市","66000100","東勢區","66000100-010","福隆里",1570,4281,2140,2141,"113Y12M"
"66000","臺中市","66000100","東勢區","66000100-011","隆興里",600,1533,803,730,"113Y12M"
"66000","臺中市","66000100","東勢區","66000100-012","新盛里",2104,5716,2872,2844,"113Y12M"
"66000","臺中市","66000100","東勢區","66000100-013","詒福里",637,1763,889,874,"113Y12M"
"66000","臺中市","66000100","東勢區","66000100-014","上城里",407,1070,549,521,"113Y12M"
"66000","臺中市","66000100","東勢區","66000100-015","下城里",364,887,452,435,"113Y12M"
"66000","臺中市","66000100","東勢區","66000100-016","慶東里",726,1978,1030,948,"113Y12M"
"66000","臺中市","66000100","東勢區","66000100-017","慶福里",504,1268,673,595,"113Y12M"
"66000","臺中市","66000100","東勢區","66000100-018","東新里",898,2204,1115,1089,"113Y12M"
"66000","臺中市","66000100","東勢區","66000100-019","粵寧里",846,2180,1107,1073,"113Y12M"
"66000","臺中市","66000100","東勢區","66000100-020","下新里",656,1729,877,852,"113Y12M"
"66000","臺中市","66000100","東勢區","66000100-021","興隆里",471,1264,677,587,"113Y12M"
"66000","臺中市","66000100","東勢區","66000100-022","茂興里",769,2015,1083,932,"113Y12M"
"66000","臺中市","66000100","東勢區","66000100-023","泰興里",276,763,404,359,"113Y12M"
"66000","臺中市","66000100","東勢區","66000100-024","埤頭里",257,674,367,307,"113Y12M"
"66000","臺中市","66000100","東勢區","66000100-025","明正里",500,1413,762,651,"113Y12M"
"66000","臺中市","66000110","大甲區","66000110-001","朝陽里",585,1630,789,841,"113Y12M"
"66000","臺中市","66000110","大甲區","66000110-002","大甲里",437,1087,539,548,"113Y12M"
"66000","臺中市","66000110","大甲區","66000110-003","順天里",668,1692,858,834,"113Y12M"
"66000","臺中市","66000110","大甲區","66000110-004","孔門里",397,929,494,435,"113Y12M"
"66000","臺中市","66000110","大甲區","66000110-005","平安里",806,2394,1170,1224,"113Y12M"
"66000","臺中市","66000110","大甲區","66000110-006","庄美里",879,2465,1221,1244,"113Y12M"
"66000","臺中市","66000110","大甲區","66000110-007","新美里",1358,3868,1908,1960,"113Y12M"
"66000","臺中市","66000110","大甲區","66000110-008","岷山里",809,2435,1231,1204,"113Y12M"
"66000","臺中市","66000110","大甲區","66000110-009","中山里",2105,5487,2624,2863,"113Y12M"
"66000","臺中市","66000110","大甲區","66000110-010","南陽里",351,892,441,451,"113Y12M"
"66000","臺中市","66000110","大甲區","66000110-011","薰風里",413,1014,481,533,"113Y12M"
"66000","臺中市","66000110","大甲區","66000110-012","義和里",1284,3789,1893,1896,"113Y12M"
"66000","臺中市","66000110","大甲區","66000110-013","武陵里",407,1301,681,620,"113Y12M"
"66000","臺中市","66000110","大甲區","66000110-014","文曲里",416,1256,648,608,"113Y12M"
"66000","臺中市","66000110","大甲區","66000110-015","武曲里",624,2060,1073,987,"113Y12M"
"66000","臺中市","66000110","大甲區","66000110-016","文武里",2280,6533,3174,3359,"113Y12M"
"66000","臺中市","66000110","大甲區","66000110-017","奉化里",878,2453,1194,1259,"113Y12M"
"66000","臺中市","66000110","大甲區","66000110-018","德化里",640,2025,1052,973,"113Y12M"
"66000","臺中市","66000110","大甲區","66000110-019","江南里",518,1644,859,785,"113Y12M"
"66000","臺中市","66000110","大甲區","66000110-020","頂店里",1913,5638,2817,2821,"113Y12M"
"66000","臺中市","66000110","大甲區","66000110-021","太白里",426,1360,706,654,"113Y12M"
"66000","臺中市","66000110","大甲區","66000110-022","孟春里",1581,4671,2306,2365,"113Y12M"
"66000","臺中市","66000110","大甲區","66000110-023","幸福里",1035,2946,1507,1439,"113Y12M"
"66000","臺中市","66000110","大甲區","66000110-024","日南里",2228,6662,3317,3345,"113Y12M"
"66000","臺中市","66000110","大甲區","66000110-025","龍泉里",562,1719,885,834,"113Y12M"
"66000","臺中市","66000110","大甲區","66000110-026","西岐里",593,1889,959,930,"113Y12M"
"66000","臺中市","66000110","大甲區","66000110-027","銅安里",514,1563,833,730,"113Y12M"
"66000","臺中市","66000110","大甲區","66000110-028","福德里",395,1203,607,596,"113Y12M"
"66000","臺中市","66000110","大甲區","66000110-029","建興里",535,1601,831,770,"113Y12M"
"66000","臺中市","66000120","清水區","66000120-001","鰲峰里",453,1161,579,582,"113Y12M"
"66000","臺中市","66000120","清水區","66000120-002","靈泉里",411,1045,510,535,"113Y12M"
"66000","臺中市","66000120","清水區","66000120-003","清水里",1183,2978,1398,1580,"113Y12M"
"66000","臺中市","66000120","清水區","66000120-004","文昌里",287,742,378,364,"113Y12M"
"66000","臺中市","66000120","清水區","66000120-005","南寧里",848,2203,1106,1097,"113Y12M"
"66000","臺中市","66000120","清水區","66000120-006","西寧里",618,1779,902,877,"113Y12M"
"66000","臺中市","66000120","清水區","66000120-007","北寧里",315,737,382,355,"113Y12M"
"66000","臺中市","66000120","清水區","66000120-008","中興里",173,439,238,201,"113Y12M"
"66000","臺中市","66000120","清水區","66000120-009","西社里",930,2683,1384,1299,"113Y12M"
"66000","臺中市","66000120","清水區","66000120-010","南社里",4801,13361,6703,6658,"113Y12M"
"66000","臺中市","66000120","清水區","66000120-011","裕嘉里",543,1578,807,771,"113Y12M"
"66000","臺中市","66000120","清水區","66000120-012","臨江里",581,1618,877,741,"113Y12M"
"66000","臺中市","66000120","清水區","66000120-013","秀水里",1959,5275,2725,2550,"113Y12M"
"66000","臺中市","66000120","清水區","66000120-014","武鹿里",1578,4206,2134,2072,"113Y12M"
"66000","臺中市","66000120","清水區","66000120-015","海濱里",890,2391,1252,1139,"113Y12M"
"66000","臺中市","66000120","清水區","66000120-016","?榔里",5148,10805,5366,5439,"113Y12M"
"66000","臺中市","66000120","清水區","66000120-017","中社里",1427,3503,1701,1802,"113Y12M"
"66000","臺中市","66000120","清水區","66000120-018","高西里",477,1359,749,610,"113Y12M"
"66000","臺中市","66000120","清水區","66000120-019","高南里",486,1363,752,611,"113Y12M"
"66000","臺中市","66000120","清水區","66000120-020","高東里",491,1297,697,600,"113Y12M"
"66000","臺中市","66000120","清水區","66000120-021","高北里",416,1259,679,580,"113Y12M"
"66000","臺中市","66000120","清水區","66000120-022","高美里",522,1432,766,666,"113Y12M"
"66000","臺中市","66000120","清水區","66000120-023","國姓里",765,2202,1160,1042,"113Y12M"
"66000","臺中市","66000120","清水區","66000120-024","菁埔里",821,2485,1295,1190,"113Y12M"
"66000","臺中市","66000120","清水區","66000120-025","頂湳里",642,1907,1023,884,"113Y12M"
"66000","臺中市","66000120","清水區","66000120-026","田寮里",911,2705,1377,1328,"113Y12M"
"66000","臺中市","66000120","清水區","66000120-027","橋頭里",3101,9008,4477,4531,"113Y12M"
"66000","臺中市","66000120","清水區","66000120-028","下湳里",1039,3092,1586,1506,"113Y12M"
"66000","臺中市","66000120","清水區","66000120-029","東山里",449,1308,669,639,"113Y12M"
"66000","臺中市","66000120","清水區","66000120-030","楊厝里",437,1285,694,591,"113Y12M"
"66000","臺中市","66000120","清水區","66000120-031","海風里",575,1620,858,762,"113Y12M"
"66000","臺中市","66000120","清水區","66000120-032","吳厝里",577,1675,853,822,"113Y12M"
"66000","臺中市","66000130","沙鹿區","66000130-001","居仁里",566,1508,788,720,"113Y12M"
"66000","臺中市","66000130","沙鹿區","66000130-002","洛泉里",771,2360,1150,1210,"113Y12M"
"66000","臺中市","66000130","沙鹿區","66000130-003","沙鹿里",354,1050,517,533,"113Y12M"
"66000","臺中市","66000130","沙鹿區","66000130-004","美仁里",202,619,317,302,"113Y12M"
"66000","臺中市","66000130","沙鹿區","66000130-005","興仁里",990,3029,1513,1516,"113Y12M"
"66000","臺中市","66000130","沙鹿區","66000130-006","斗抵里",1999,5680,2837,2843,"113Y12M"
"66000","臺中市","66000130","沙鹿區","66000130-007","鹿峰里",2737,7695,3845,3850,"113Y12M"
"66000","臺中市","66000130","沙鹿區","66000130-008","鹿寮里",3381,9601,4786,4815,"113Y12M"
"66000","臺中市","66000130","沙鹿區","66000130-009","竹林里",3383,9699,4762,4937,"113Y12M"
"66000","臺中市","66000130","沙鹿區","66000130-010","犁分里",466,1374,731,643,"113Y12M"
"66000","臺中市","66000130","沙鹿區","66000130-011","北勢里",2369,6503,3296,3207,"113Y12M"
"66000","臺中市","66000130","沙鹿區","66000130-012","福興里",1787,4990,2499,2491,"113Y12M"
"66000","臺中市","66000130","沙鹿區","66000130-013","晉江里",800,2103,1089,1014,"113Y12M"
"66000","臺中市","66000130","沙鹿區","66000130-014","六路里",2691,7094,3541,3553,"113Y12M"
"66000","臺中市","66000130","沙鹿區","66000130-015","南勢里",1427,4275,2183,2092,"113Y12M"
"66000","臺中市","66000130","沙鹿區","66000130-016","埔子里",2929,7752,3871,3881,"113Y12M"
"66000","臺中市","66000130","沙鹿區","66000130-017","公明里",1847,5108,2536,2572,"113Y12M"
"66000","臺中市","66000130","沙鹿區","66000130-018","清泉里",983,2799,1420,1379,"113Y12M"
"66000","臺中市","66000130","沙鹿區","66000130-019","西勢里",847,2282,1166,1116,"113Y12M"
"66000","臺中市","66000130","沙鹿區","66000130-020","興安里",1655,4513,2254,2259,"113Y12M"
"66000","臺中市","66000130","沙鹿區","66000130-021","三鹿里",4017,10118,5004,5114,"113Y12M"
"66000","臺中市","66000140","梧棲區","66000140-001","頂寮里",3013,6268,3025,3243,"113Y12M"
"66000","臺中市","66000140","梧棲區","66000140-002","下寮里",817,2214,1114,1100,"113Y12M"
"66000","臺中市","66000140","梧棲區","66000140-003","中正里",1667,4336,2152,2184,"113Y12M"
"66000","臺中市","66000140","梧棲區","66000140-004","中和里",217,549,282,267,"113Y12M"
"66000","臺中市","66000140","梧棲區","66000140-005","文化里",511,1310,672,638,"113Y12M"
"66000","臺中市","66000140","梧棲區","66000140-006","安仁里",343,893,453,440,"113Y12M"
"66000","臺中市","66000140","梧棲區","66000140-007","草湳里",2630,7288,3663,3625,"113Y12M"
"66000","臺中市","66000140","梧棲區","66000140-008","南簡里",2572,7001,3558,3443,"113Y12M"
"66000","臺中市","66000140","梧棲區","66000140-009","福德里",2260,6399,3223,3176,"113Y12M"
"66000","臺中市","66000140","梧棲區","66000140-010","大庄里",3326,10049,4932,5117,"113Y12M"
"66000","臺中市","66000140","梧棲區","66000140-011","大村里",2420,7590,3731,3859,"113Y12M"
"66000","臺中市","66000140","梧棲區","66000140-012","興農里",1203,3243,1666,1577,"113Y12M"
"66000","臺中市","66000140","梧棲區","66000140-013","永寧里",829,2675,1359,1316,"113Y12M"
"66000","臺中市","66000140","梧棲區","66000140-014","永安里",884,2886,1475,1411,"113Y12M"
"66000","臺中市","66000150","后里區","66000150-001","廣福里",897,2390,1200,1190,"113Y12M"
"66000","臺中市","66000150","后里區","66000150-002","仁里里",391,1168,595,573,"113Y12M"
"66000","臺中市","66000150","后里區","66000150-003","義里里",1280,3606,1767,1839,"113Y12M"
"66000","臺中市","66000150","后里區","66000150-004","后里里",1440,4232,2114,2118,"113Y12M"
"66000","臺中市","66000150","后里區","66000150-005","厚里里",851,2512,1263,1249,"113Y12M"
"66000","臺中市","66000150","后里區","66000150-006","墩東里",1887,5696,2832,2864,"113Y12M"
"66000","臺中市","66000150","后里區","66000150-007","墩西里",838,2242,1164,1078,"113Y12M"
"66000","臺中市","66000150","后里區","66000150-008","墩南里",1405,4123,2103,2020,"113Y12M"
"66000","臺中市","66000150","后里區","66000150-009","墩北里",1463,4349,2144,2205,"113Y12M"
"66000","臺中市","66000150","后里區","66000150-010","中和里",939,2896,1421,1475,"113Y12M"
"66000","臺中市","66000150","后里區","66000150-011","舊社里",916,2814,1391,1423,"113Y12M"
"66000","臺中市","66000150","后里區","66000150-012","聯合里",566,1750,890,860,"113Y12M"
"66000","臺中市","66000150","后里區","66000150-013","太平里",724,2397,1217,1180,"113Y12M"
"66000","臺中市","66000150","后里區","66000150-014","眉山里",1275,3821,1910,1911,"113Y12M"
"66000","臺中市","66000150","后里區","66000150-015","泰安里",565,1560,812,748,"113Y12M"
"66000","臺中市","66000150","后里區","66000150-016","公館里",792,2473,1284,1189,"113Y12M"
"66000","臺中市","66000150","后里區","66000150-017","月眉里",785,2343,1209,1134,"113Y12M"
"66000","臺中市","66000150","后里區","66000150-018","義德里",1033,2937,1409,1528,"113Y12M"
"66000","臺中市","66000160","神岡區","66000160-001","神岡里",1313,3642,1929,1713,"113Y12M"
"66000","臺中市","66000160","神岡區","66000160-002","庄前里",918,2705,1374,1331,"113Y12M"
"66000","臺中市","66000160","神岡區","66000160-003","北庄里",1043,2982,1525,1457,"113Y12M"
"66000","臺中市","66000160","神岡區","66000160-004","庄後里",833,2665,1384,1281,"113Y12M"
"66000","臺中市","66000160","神岡區","66000160-005","社口里",3058,9264,4720,4544,"113Y12M"
"66000","臺中市","66000160","神岡區","66000160-006","社南里",1971,6288,3176,3112,"113Y12M"
"66000","臺中市","66000160","神岡區","66000160-007","三角里",1041,3111,1582,1529,"113Y12M"
"66000","臺中市","66000160","神岡區","66000160-008","岸裡里",1125,3239,1623,1616,"113Y12M"
"66000","臺中市","66000160","神岡區","66000160-009","大社里",1989,5172,2466,2706,"113Y12M"
"66000","臺中市","66000160","神岡區","66000160-010","豐洲里",2723,7975,4117,3858,"113Y12M"
"66000","臺中市","66000160","神岡區","66000160-011","神洲里",894,2866,1442,1424,"113Y12M"
"66000","臺中市","66000160","神岡區","66000160-012","溪洲里",978,3110,1613,1497,"113Y12M"
"66000","臺中市","66000160","神岡區","66000160-013","圳前里",865,2569,1280,1289,"113Y12M"
"66000","臺中市","66000160","神岡區","66000160-014","新庄里",1555,4808,2490,2318,"113Y12M"
"66000","臺中市","66000160","神岡區","66000160-015","圳堵里",872,2474,1262,1212,"113Y12M"
"66000","臺中市","66000160","神岡區","66000160-016","山皮里",371,1137,591,546,"113Y12M"
"66000","臺中市","66000170","潭子區","66000170-001","潭陽里",4651,12762,6182,6580,"113Y12M"
"66000","臺中市","66000170","潭子區","66000170-002","潭秀里",503,1426,733,693,"113Y12M"
"66000","臺中市","66000170","潭子區","66000170-003","潭北里",1119,2995,1484,1511,"113Y12M"
"66000","臺中市","66000170","潭子區","66000170-004","福仁里",4990,12659,6192,6467,"113Y12M"
"66000","臺中市","66000170","潭子區","66000170-005","頭家里",2396,6661,3221,3440,"113Y12M"
"66000","臺中市","66000170","潭子區","66000170-006","甘蔗里",4216,11344,5441,5903,"113Y12M"
"66000","臺中市","66000170","潭子區","66000170-007","東寶里",4849,13696,6828,6868,"113Y12M"
"66000","臺中市","66000170","潭子區","66000170-008","大富里",1179,3486,1766,1720,"113Y12M"
"66000","臺中市","66000170","潭子區","66000170-009","大豐里",2673,7567,3741,3826,"113Y12M"
"66000","臺中市","66000170","潭子區","66000170-010","栗林里",2212,5836,2870,2966,"113Y12M"
"66000","臺中市","66000170","潭子區","66000170-011","嘉仁里",1581,4681,2369,2312,"113Y12M"
"66000","臺中市","66000170","潭子區","66000170-012","新田里",625,1638,835,803,"113Y12M"
"66000","臺中市","66000170","潭子區","66000170-013","聚興里",2060,5054,2726,2328,"113Y12M"
"66000","臺中市","66000170","潭子區","66000170-014","頭家東里",1919,5190,2535,2655,"113Y12M"
"66000","臺中市","66000170","潭子區","66000170-015","家興里",3388,8516,4062,4454,"113Y12M"
"66000","臺中市","66000170","潭子區","66000170-016","家福里",2117,5904,2825,3079,"113Y12M"
"66000","臺中市","66000180","大雅區","66000180-001","大雅里",1855,5157,2501,2656,"113Y12M"
"66000","臺中市","66000180","大雅區","66000180-002","員林里",3724,11576,5734,5842,"113Y12M"
"66000","臺中市","66000180","大雅區","66000180-003","六寶里",2499,7201,3543,3658,"113Y12M"
"66000","臺中市","66000180","大雅區","66000180-004","秀山里",1227,3978,2037,1941,"113Y12M"
"66000","臺中市","66000180","大雅區","66000180-005","忠義里",1742,4268,2089,2179,"113Y12M"
"66000","臺中市","66000180","大雅區","66000180-006","橫山里",1661,5010,2554,2456,"113Y12M"
"66000","臺中市","66000180","大雅區","66000180-007","三和里",2062,6344,3190,3154,"113Y12M"
"66000","臺中市","66000180","大雅區","66000180-008","西寶里",1800,5758,2891,2867,"113Y12M"
"66000","臺中市","66000180","大雅區","66000180-009","上楓里",2621,7953,3981,3972,"113Y12M"
"66000","臺中市","66000180","大雅區","66000180-010","二和里",2678,7598,3745,3853,"113Y12M"
"66000","臺中市","66000180","大雅區","66000180-011","四德里",1909,5559,2740,2819,"113Y12M"
"66000","臺中市","66000180","大雅區","66000180-012","上雅里",2823,7517,3726,3791,"113Y12M"
"66000","臺中市","66000180","大雅區","66000180-013","文雅里",2545,7156,3517,3639,"113Y12M"
"66000","臺中市","66000180","大雅區","66000180-014","大楓里",2089,6020,2959,3061,"113Y12M"
"66000","臺中市","66000180","大雅區","66000180-015","雅楓里",1480,4134,1989,2145,"113Y12M"
"66000","臺中市","66000190","新社區","66000190-001","新社里",1344,3814,1895,1919,"113Y12M"
"66000","臺中市","66000190","新社區","66000190-002","復盛里",750,2037,1089,948,"113Y12M"
"66000","臺中市","66000190","新社區","66000190-003","中正里",554,1591,826,765,"113Y12M"
"66000","臺中市","66000190","新社區","66000190-004","月湖里",395,1149,594,555,"113Y12M"
"66000","臺中市","66000190","新社區","66000190-005","崑山里",389,1218,659,559,"113Y12M"
"66000","臺中市","66000190","新社區","66000190-006","大南里",746,2007,1027,980,"113Y12M"
"66000","臺中市","66000190","新社區","66000190-007","永源里",1082,3215,1648,1567,"113Y12M"
"66000","臺中市","66000190","新社區","66000190-008","中興里",312,621,280,341,"113Y12M"
"66000","臺中市","66000190","新社區","66000190-009","協成里",1089,3213,1650,1563,"113Y12M"
"66000","臺中市","66000190","新社區","66000190-010","東興里",472,1355,702,653,"113Y12M"
"66000","臺中市","66000190","新社區","66000190-011","慶西里",311,920,511,409,"113Y12M"
"66000","臺中市","66000190","新社區","66000190-012","中和里",227,590,299,291,"113Y12M"
"66000","臺中市","66000190","新社區","66000190-013","福興里",474,1119,608,511,"113Y12M"
"66000","臺中市","66000200","石岡區","66000200-001","石岡里",476,1349,688,661,"113Y12M"
"66000","臺中市","66000200","石岡區","66000200-002","萬安里",617,1698,864,834,"113Y12M"
"66000","臺中市","66000200","石岡區","66000200-003","九房里",499,1370,737,633,"113Y12M"
"66000","臺中市","66000200","石岡區","66000200-004","金星里",442,1316,685,631,"113Y12M"
"66000","臺中市","66000200","石岡區","66000200-005","龍興里",223,670,365,305,"113Y12M"
"66000","臺中市","66000200","石岡區","66000200-006","萬興里",561,1575,795,780,"113Y12M"
"66000","臺中市","66000200","石岡區","66000200-007","梅子里",713,1995,1007,988,"113Y12M"
"66000","臺中市","66000200","石岡區","66000200-008","土牛里",394,1095,564,531,"113Y12M"
"66000","臺中市","66000200","石岡區","66000200-009","德興里",571,1513,769,744,"113Y12M"
"66000","臺中市","66000200","石岡區","66000200-010","和盛里",525,1296,654,642,"113Y12M"
"66000","臺中市","66000210","外埔區","66000210-001","永豐里",420,1229,651,578,"113Y12M"
"66000","臺中市","66000210","外埔區","66000210-002","六分里",862,2588,1226,1362,"113Y12M"
"66000","臺中市","66000210","外埔區","66000210-003","三崁里",764,2167,1139,1028,"113Y12M"
"66000","臺中市","66000210","外埔區","66000210-004","大同里",1798,5356,2707,2649,"113Y12M"
"66000","臺中市","66000210","外埔區","66000210-005","水美里",1420,3899,2003,1896,"113Y12M"
"66000","臺中市","66000210","外埔區","66000210-006","大東里",2653,7384,3671,3713,"113Y12M"
"66000","臺中市","66000210","外埔區","66000210-007","馬鳴里",504,1530,786,744,"113Y12M"
"66000","臺中市","66000210","外埔區","66000210-008","中山里",445,1388,697,691,"113Y12M"
"66000","臺中市","66000210","外埔區","66000210-009","鐵山里",851,2450,1275,1175,"113Y12M"
"66000","臺中市","66000210","外埔區","66000210-010","土城里",521,1663,895,768,"113Y12M"
"66000","臺中市","66000210","外埔區","66000210-011","?子里",399,1248,680,568,"113Y12M"
"66000","臺中市","66000220","大安區","66000220-001","南埔里",379,1074,576,498,"113Y12M"
"66000","臺中市","66000220","大安區","66000220-002","南庄里",354,1023,548,475,"113Y12M"
"66000","臺中市","66000220","大安區","66000220-003","中庄里",945,2908,1516,1392,"113Y12M"
"66000","臺中市","66000220","大安區","66000220-004","龜[?]里",511,1600,861,739,"113Y12M"
"66000","臺中市","66000220","大安區","66000220-005","福興里",427,1246,670,576,"113Y12M"
"66000","臺中市","66000220","大安區","66000220-006","東安里",462,1372,723,649,"113Y12M"
"66000","臺中市","66000220","大安區","66000220-007","頂安里",296,950,483,467,"113Y12M"
"66000","臺中市","66000220","大安區","66000220-008","永安里",607,1856,975,881,"113Y12M"
"66000","臺中市","66000220","大安區","66000220-009","福住里",408,1225,636,589,"113Y12M"
"66000","臺中市","66000220","大安區","66000220-010","海墘里",523,1470,779,691,"113Y12M"
"66000","臺中市","66000220","大安區","66000220-011","西安里",628,1916,990,926,"113Y12M"
"66000","臺中市","66000220","大安區","66000220-012","松雅里",387,1153,598,555,"113Y12M"
"66000","臺中市","66000230","烏日區","66000230-001","烏日里",4081,10171,4992,5179,"113Y12M"
"66000","臺中市","66000230","烏日區","66000230-002","湖日里",1390,3276,1607,1669,"113Y12M"
"66000","臺中市","66000230","烏日區","66000230-003","三和里",5417,10568,5160,5408,"113Y12M"
"66000","臺中市","66000230","烏日區","66000230-004","榮泉里",3653,8442,4125,4317,"113Y12M"
"66000","臺中市","66000230","烏日區","66000230-005","學田里",1137,2993,1504,1489,"113Y12M"
"66000","臺中市","66000230","烏日區","66000230-006","九德里",5375,15572,7640,7932,"113Y12M"
"66000","臺中市","66000230","烏日區","66000230-007","仁德里",3395,9333,4477,4856,"113Y12M"
"66000","臺中市","66000230","烏日區","66000230-008","前竹里",571,1802,923,879,"113Y12M"
"66000","臺中市","66000230","烏日區","66000230-009","五光里",692,1934,1000,934,"113Y12M"
"66000","臺中市","66000230","烏日區","66000230-010","光明里",841,2418,1242,1176,"113Y12M"
"66000","臺中市","66000230","烏日區","66000230-011","東園里",907,2716,1406,1310,"113Y12M"
"66000","臺中市","66000230","烏日區","66000230-012","溪埧里",1827,5236,2663,2573,"113Y12M"
"66000","臺中市","66000230","烏日區","66000230-013","螺潭里",850,2554,1298,1256,"113Y12M"
"66000","臺中市","66000230","烏日區","66000230-014","北里里",597,1827,941,886,"113Y12M"
"66000","臺中市","66000230","烏日區","66000230-015","南里里",492,1533,794,739,"113Y12M"
"66000","臺中市","66000230","烏日區","66000230-016","溪尾里",319,909,487,422,"113Y12M"
"66000","臺中市","66000240","大肚區","66000240-001","王田里",1631,4959,2606,2353,"113Y12M"
"66000","臺中市","66000240","大肚區","66000240-002","中和里",279,960,495,465,"113Y12M"
"66000","臺中市","66000240","大肚區","66000240-003","福山里",1362,4010,2043,1967,"113Y12M"
"66000","臺中市","66000240","大肚區","66000240-004","營埔里",538,1690,894,796,"113Y12M"
"66000","臺中市","66000240","大肚區","66000240-005","社腳里",875,2656,1361,1295,"113Y12M"
"66000","臺中市","66000240","大肚區","66000240-006","新興里",1011,2932,1532,1400,"113Y12M"
"66000","臺中市","66000240","大肚區","66000240-007","大東里",1204,3477,1780,1697,"113Y12M"
"66000","臺中市","66000240","大肚區","66000240-008","大肚里",912,2519,1221,1298,"113Y12M"
"66000","臺中市","66000240","大肚區","66000240-009","永和里",295,875,445,430,"113Y12M"
"66000","臺中市","66000240","大肚區","66000240-010","磺溪里",713,1981,1015,966,"113Y12M"
"66000","臺中市","66000240","大肚區","66000240-011","永順里",618,1889,1007,882,"113Y12M"
"66000","臺中市","66000240","大肚區","66000240-012","成功里",343,1055,556,499,"113Y12M"
"66000","臺中市","66000240","大肚區","66000240-013","山陽里",556,1472,751,721,"113Y12M"
"66000","臺中市","66000240","大肚區","66000240-014","頂街里",3313,9032,4538,4494,"113Y12M"
"66000","臺中市","66000240","大肚區","66000240-015","瑞井里",2255,6137,3107,3030,"113Y12M"
"66000","臺中市","66000240","大肚區","66000240-016","蔗?里",2352,6137,3025,3112,"113Y12M"
"66000","臺中市","66000240","大肚區","66000240-017","自強里",1566,3927,1900,2027,"113Y12M"
"66000","臺中市","66000250","龍井區","66000250-001","竹坑里",1239,3733,1898,1835,"113Y12M"
"66000","臺中市","66000250","龍井區","66000250-002","龍東里",1222,3606,1863,1743,"113Y12M"
"66000","臺中市","66000250","龍井區","66000250-003","龍西里",696,2075,1026,1049,"113Y12M"
"66000","臺中市","66000250","龍井區","66000250-004","田中里",1603,4877,2444,2433,"113Y12M"
"66000","臺中市","66000250","龍井區","66000250-005","福田里",346,1135,568,567,"113Y12M"
"66000","臺中市","66000250","龍井區","66000250-006","麗水里",904,2532,1335,1197,"113Y12M"
"66000","臺中市","66000250","龍井區","66000250-007","龍津里",1785,5812,2967,2845,"113Y12M"
"66000","臺中市","66000250","龍井區","66000250-008","三德里",1041,3384,1708,1676,"113Y12M"
"66000","臺中市","66000250","龍井區","66000250-009","忠和里",1758,5747,2928,2819,"113Y12M"
"66000","臺中市","66000250","龍井區","66000250-010","山腳里",2364,6877,3430,3447,"113Y12M"
"66000","臺中市","66000250","龍井區","66000250-011","龍泉里",3858,10291,5186,5105,"113Y12M"
"66000","臺中市","66000250","龍井區","66000250-012","龍崗里",1176,3340,1630,1710,"113Y12M"
"66000","臺中市","66000250","龍井區","66000250-013","新庄里",2523,7418,3717,3701,"113Y12M"
"66000","臺中市","66000250","龍井區","66000250-014","南寮里",520,1727,886,841,"113Y12M"
"66000","臺中市","66000250","龍井區","66000250-015","新東里",2332,5572,2802,2770,"113Y12M"
"66000","臺中市","66000250","龍井區","66000250-016","東海里",4193,10904,5158,5746,"113Y12M"
"66000","臺中市","66000260","霧峰區","66000260-001","桐林里",488,1331,709,622,"113Y12M"
"66000","臺中市","66000260","霧峰區","66000260-002","吉峰里",3756,10525,5396,5129,"113Y12M"
"66000","臺中市","66000260","霧峰區","66000260-003","甲寅里",2061,5392,2702,2690,"113Y12M"
"66000","臺中市","66000260","霧峰區","66000260-004","本鄉里",1015,2603,1284,1319,"113Y12M"
"66000","臺中市","66000260","霧峰區","66000260-005","中正里",861,2208,1081,1127,"113Y12M"
"66000","臺中市","66000260","霧峰區","66000260-006","錦榮里",548,1436,769,667,"113Y12M"
"66000","臺中市","66000260","霧峰區","66000260-007","萊園里",414,1147,569,578,"113Y12M"
"66000","臺中市","66000260","霧峰區","66000260-008","本堂里",2569,6733,3257,3476,"113Y12M"
"66000","臺中市","66000260","霧峰區","66000260-009","坑口里",1283,3492,1758,1734,"113Y12M"
"66000","臺中市","66000260","霧峰區","66000260-010","北柳里",1552,4526,2291,2235,"113Y12M"
"66000","臺中市","66000260","霧峰區","66000260-011","南柳里",752,2287,1125,1162,"113Y12M"
"66000","臺中市","66000260","霧峰區","66000260-012","四德里",1001,2858,1463,1395,"113Y12M"
"66000","臺中市","66000260","霧峰區","66000260-013","五福里",972,2952,1541,1411,"113Y12M"
"66000","臺中市","66000260","霧峰區","66000260-014","萬豐里",1020,2996,1546,1450,"113Y12M"
"66000","臺中市","66000260","霧峰區","66000260-015","舊正里",750,2355,1215,1140,"113Y12M"
"66000","臺中市","66000260","霧峰區","66000260-016","峰谷里",388,1291,664,627,"113Y12M"
"66000","臺中市","66000260","霧峰區","66000260-017","六股里",852,2706,1371,1335,"113Y12M"
"66000","臺中市","66000260","霧峰區","66000260-018","丁台里",814,2635,1381,1254,"113Y12M"
"66000","臺中市","66000260","霧峰區","66000260-019","北勢里",757,2442,1215,1227,"113Y12M"
"66000","臺中市","66000260","霧峰區","66000260-020","南勢里",427,1427,748,679,"113Y12M"
"66000","臺中市","66000270","太平區","66000270-001","太平里",2115,5991,3063,2928,"113Y12M"
"66000","臺中市","66000270","太平區","66000270-002","長億里",2853,8247,3977,4270,"113Y12M"
"66000","臺中市","66000270","太平區","66000270-003","中平里",1659,4763,2361,2402,"113Y12M"
"66000","臺中市","66000270","太平區","66000270-004","中興里",1281,3632,1813,1819,"113Y12M"
"66000","臺中市","66000270","太平區","66000270-005","建國里",1145,3132,1566,1566,"113Y12M"
"66000","臺中市","66000270","太平區","66000270-006","東平里",1759,4897,2421,2476,"113Y12M"
"66000","臺中市","66000270","太平區","66000270-007","宜欣里",2775,7320,3623,3697,"113Y12M"
"66000","臺中市","66000270","太平區","66000270-008","中山里",2084,4300,2315,1985,"113Y12M"
"66000","臺中市","66000270","太平區","66000270-009","坪林里",1391,3722,1881,1841,"113Y12M"
"66000","臺中市","66000270","太平區","66000270-010","光華里",2256,6036,2921,3115,"113Y12M"
"66000","臺中市","66000270","太平區","66000270-011","新坪里",3781,9693,4687,5006,"113Y12M"
"66000","臺中市","66000270","太平區","66000270-012","新光里",3345,9276,4524,4752,"113Y12M"
"66000","臺中市","66000270","太平區","66000270-013","新福里",3534,8888,4153,4735,"113Y12M"
"66000","臺中市","66000270","太平區","66000270-014","頭汴里",710,1959,1057,902,"113Y12M"
"66000","臺中市","66000270","太平區","66000270-015","東汴里",474,1188,644,544,"113Y12M"
"66000","臺中市","66000270","太平區","66000270-016","興隆里",1328,3740,1874,1866,"113Y12M"
"66000","臺中市","66000270","太平區","66000270-017","光隆里",1241,3553,1830,1723,"113Y12M"
"66000","臺中市","66000270","太平區","66000270-018","德隆里",2034,5783,2895,2888,"113Y12M"
"66000","臺中市","66000270","太平區","66000270-019","黃竹里",303,610,366,244,"113Y12M"
"66000","臺中市","66000270","太平區","66000270-020","永成里",2876,8417,4110,4307,"113Y12M"
"66000","臺中市","66000270","太平區","66000270-021","永平里",1797,4813,2346,2467,"113Y12M"
"66000","臺中市","66000270","太平區","66000270-022","成功里",1698,4570,2251,2319,"113Y12M"
"66000","臺中市","66000270","太平區","66000270-023","東和里",1157,3258,1591,1667,"113Y12M"
"66000","臺中市","66000270","太平區","66000270-024","中政里",1557,4111,2046,2065,"113Y12M"
"66000","臺中市","66000270","太平區","66000270-025","平安里",853,2498,1261,1237,"113Y12M"
"66000","臺中市","66000270","太平區","66000270-026","建興里",1273,3197,1574,1623,"113Y12M"
"66000","臺中市","66000270","太平區","66000270-027","新興里",3420,8457,4016,4441,"113Y12M"
"66000","臺中市","66000270","太平區","66000270-028","新高里",5397,13341,6343,6998,"113Y12M"
"66000","臺中市","66000270","太平區","66000270-029","新吉里",2417,6799,3308,3491,"113Y12M"
"66000","臺中市","66000270","太平區","66000270-030","新城里",3537,8308,3956,4352,"113Y12M"
"66000","臺中市","66000270","太平區","66000270-031","宜佳里",2607,6816,3320,3496,"113Y12M"
"66000","臺中市","66000270","太平區","66000270-032","宜昌里",2308,5386,2654,2732,"113Y12M"
"66000","臺中市","66000270","太平區","66000270-033","光明里",1716,4335,2078,2257,"113Y12M"
"66000","臺中市","66000270","太平區","66000270-034","豐年里",1771,4852,2360,2492,"113Y12M"
"66000","臺中市","66000270","太平區","66000270-035","大興里",1000,2764,1378,1386,"113Y12M"
"66000","臺中市","66000270","太平區","66000270-036","勤益里",1030,2533,1215,1318,"113Y12M"
"66000","臺中市","66000270","太平區","66000270-037","聖和里",612,1691,892,799,"113Y12M"
"66000","臺中市","66000270","太平區","66000270-038","福隆里",1434,4135,2055,2080,"113Y12M"
"66000","臺中市","66000270","太平區","66000270-039","永隆里",1011,2996,1495,1501,"113Y12M"
"66000","臺中市","66000280","大里區","66000280-001","大里里",1668,4439,2211,2228,"113Y12M"
"66000","臺中市","66000280","大里區","66000280-002","新里里",5112,12929,6495,6434,"113Y12M"
"66000","臺中市","66000280","大里區","66000280-003","樹王里",1502,4648,2311,2337,"113Y12M"
"66000","臺中市","66000280","大里區","66000280-004","東興里",2857,7739,3689,4050,"113Y12M"
"66000","臺中市","66000280","大里區","66000280-005","祥興里",3820,8764,4142,4622,"113Y12M"
"66000","臺中市","66000280","大里區","66000280-006","日新里",1949,5150,2549,2601,"113Y12M"
"66000","臺中市","66000280","大里區","66000280-007","西榮里",2459,6392,3087,3305,"113Y12M"
"66000","臺中市","66000280","大里區","66000280-008","內新里",3979,9984,4680,5304,"113Y12M"
"66000","臺中市","66000280","大里區","66000280-009","東昇里",1419,4012,1988,2024,"113Y12M"
"66000","臺中市","66000280","大里區","66000280-010","立仁里",2347,6210,3053,3157,"113Y12M"
"66000","臺中市","66000280","大里區","66000280-011","新仁里",3265,9128,4519,4609,"113Y12M"
"66000","臺中市","66000280","大里區","66000280-012","大元里",1606,4690,2340,2350,"113Y12M"
"66000","臺中市","66000280","大里區","66000280-013","夏田里",371,1047,569,478,"113Y12M"
"66000","臺中市","66000280","大里區","66000280-014","仁化里",3307,10019,4997,5022,"113Y12M"
"66000","臺中市","66000280","大里區","66000280-015","健民里",2375,6156,3043,3113,"113Y12M"
"66000","臺中市","66000280","大里區","66000280-016","塗城里",3301,9715,4887,4828,"113Y12M"
"66000","臺中市","66000280","大里區","66000280-017","瑞城里",4918,14318,6953,7365,"113Y12M"
"66000","臺中市","66000280","大里區","66000280-018","金城里",4091,11270,5487,5783,"113Y12M"
"66000","臺中市","66000280","大里區","66000280-019","東湖里",4954,12754,6187,6567,"113Y12M"
"66000","臺中市","66000280","大里區","66000280-020","西湖里",1127,3346,1678,1668,"113Y12M"
"66000","臺中市","66000280","大里區","66000280-021","國光里",2356,6639,3211,3428,"113Y12M"
"66000","臺中市","66000280","大里區","66000280-022","大明里",1965,4818,2356,2462,"113Y12M"
"66000","臺中市","66000280","大里區","66000280-023","永隆里",4752,14315,6688,7627,"113Y12M"
"66000","臺中市","66000280","大里區","66000280-024","長榮里",3826,10443,4906,5537,"113Y12M"
"66000","臺中市","66000280","大里區","66000280-025","中新里",2559,6664,3157,3507,"113Y12M"
"66000","臺中市","66000280","大里區","66000280-026","立德里",3389,9473,4635,4838,"113Y12M"
"66000","臺中市","66000280","大里區","66000280-027","仁德里",2344,7104,3466,3638,"113Y12M"
"66000","臺中市","66000290","和平區","66000290-001","南勢里",952,2119,1102,1017,"113Y12M"
"66000","臺中市","66000290","和平區","66000290-002","天輪里",243,464,247,217,"113Y12M"
"66000","臺中市","66000290","和平區","66000290-003","博愛里",801,1826,941,885,"113Y12M"
"66000","臺中市","66000290","和平區","66000290-004","中坑里",246,478,254,224,"113Y12M"
"66000","臺中市","66000290","和平區","66000290-005","自由里",515,1240,685,555,"113Y12M"
"66000","臺中市","66000290","和平區","66000290-006","達觀里",516,1334,711,623,"113Y12M"
"66000","臺中市","66000290","和平區","66000290-007","梨山里",1054,2192,1180,1012,"113Y12M"
"66000","臺中市","66000290","和平區","66000290-008","平等里",411,1003,554,449,"113Y12M"
"67000","臺南市","67000010","新營區","67000010-001","忠政里",2232,5088,2448,2640,"113Y12M"
"67000","臺南市","67000010","新營區","67000010-002","民權里",1212,2677,1313,1364,"113Y12M"
"67000","臺南市","67000010","新營區","67000010-003","三仙里",1284,3048,1476,1572,"113Y12M"
"67000","臺南市","67000010","新營區","67000010-007","大宏里",1376,3394,1677,1717,"113Y12M"
"67000","臺南市","67000010","新營區","67000010-008","王公里",1772,4612,2282,2330,"113Y12M"
"67000","臺南市","67000010","新營區","67000010-009","中營里",506,1254,621,633,"113Y12M"
"67000","臺南市","67000010","新營區","67000010-010","土庫里",598,1558,787,771,"113Y12M"
"67000","臺南市","67000010","新營區","67000010-012","南興里",1150,2483,1192,1291,"113Y12M"
"67000","臺南市","67000010","新營區","67000010-013","興業里",930,1940,891,1049,"113Y12M"
"67000","臺南市","67000010","新營區","67000010-014","民生里",1469,3530,1764,1766,"113Y12M"
"67000","臺南市","67000010","新營區","67000010-015","民榮里",2246,5164,2477,2687,"113Y12M"
"67000","臺南市","67000010","新營區","67000010-016","埤寮里",715,1872,944,928,"113Y12M"
"67000","臺南市","67000010","新營區","67000010-017","護鎮里",606,1521,775,746,"113Y12M"
"67000","臺南市","67000010","新營區","67000010-018","太南里",829,1825,986,839,"113Y12M"
"67000","臺南市","67000010","新營區","67000010-019","太北里",735,1863,967,896,"113Y12M"
"67000","臺南市","67000010","新營區","67000010-020","南紙里",1654,4184,2002,2182,"113Y12M"
"67000","臺南市","67000010","新營區","67000010-021","嘉芳里",823,2123,1053,1070,"113Y12M"
"67000","臺南市","67000010","新營區","67000010-025","五興里",697,1637,859,778,"113Y12M"
"67000","臺南市","67000010","新營區","67000010-026","姑爺里",412,890,469,421,"113Y12M"
"67000","臺南市","67000010","新營區","67000010-027","新北里",2484,6178,2981,3197,"113Y12M"
"67000","臺南市","67000010","新營區","67000010-028","新南里",2675,6638,3166,3472,"113Y12M"
"67000","臺南市","67000010","新營區","67000010-029","新東里",3114,8585,4132,4453,"113Y12M"
"67000","臺南市","67000010","新營區","67000010-030","永平里",1243,2718,1390,1328,"113Y12M"
"67000","臺南市","67000020","鹽水區","67000020-001","水秀里",725,1746,890,856,"113Y12M"
"67000","臺南市","67000020","鹽水區","67000020-008","橋南里",1710,4154,2073,2081,"113Y12M"
"67000","臺南市","67000020","鹽水區","67000020-010","汫水里",419,926,511,415,"113Y12M"
"67000","臺南市","67000020","鹽水區","67000020-011","岸內里",1854,4492,2292,2200,"113Y12M"
"67000","臺南市","67000020","鹽水區","67000020-014","歡雅里",743,1734,908,826,"113Y12M"
"67000","臺南市","67000020","鹽水區","67000020-026","津城里",742,1535,802,733,"113Y12M"
"67000","臺南市","67000020","鹽水區","67000020-027","月港里",707,1644,837,807,"113Y12M"
"67000","臺南市","67000020","鹽水區","67000020-028","三明里",689,1635,858,777,"113Y12M"
"67000","臺南市","67000020","鹽水區","67000020-029","義中里",765,1762,912,850,"113Y12M"
"67000","臺南市","67000020","鹽水區","67000020-030","文昌里",483,1030,565,465,"113Y12M"
"67000","臺南市","67000020","鹽水區","67000020-031","竹林里",473,1069,579,490,"113Y12M"
"67000","臺南市","67000020","鹽水區","67000020-032","三和里",399,894,494,400,"113Y12M"
"67000","臺南市","67000020","鹽水區","67000020-033","?頭港里",576,1348,741,607,"113Y12M"
"67000","臺南市","67000030","白河區","67000030-001","白河里",767,1777,891,886,"113Y12M"
"67000","臺南市","67000030","白河區","67000030-002","永安里",1354,3456,1690,1766,"113Y12M"
"67000","臺南市","67000030","白河區","67000030-003","外角里",634,1522,770,752,"113Y12M"
"67000","臺南市","67000030","白河區","67000030-004","庄內里",715,1747,906,841,"113Y12M"
"67000","臺南市","67000030","白河區","67000030-005","秀祐里",367,955,502,453,"113Y12M"
"67000","臺南市","67000030","白河區","67000030-006","河東里",564,1329,694,635,"113Y12M"
"67000","臺南市","67000030","白河區","67000030-007","虎山里",192,423,232,191,"113Y12M"
"67000","臺南市","67000030","白河區","67000030-008","大林里",249,560,323,237,"113Y12M"
"67000","臺南市","67000030","白河區","67000030-009","崁頭里",169,347,182,165,"113Y12M"
"67000","臺南市","67000030","白河區","67000030-010","六溪里",221,500,292,208,"113Y12M"
"67000","臺南市","67000030","白河區","67000030-011","仙草里",546,1140,568,572,"113Y12M"
"67000","臺南市","67000030","白河區","67000030-012","關嶺里",452,991,514,477,"113Y12M"
"67000","臺南市","67000030","白河區","67000030-014","大竹里",551,1442,764,678,"113Y12M"
"67000","臺南市","67000030","白河區","67000030-018","竹門里",356,869,453,416,"113Y12M"
"67000","臺南市","67000030","白河區","67000030-019","崎內里",310,709,393,316,"113Y12M"
"67000","臺南市","67000030","白河區","67000030-020","昇安里",553,1433,731,702,"113Y12M"
"67000","臺南市","67000030","白河區","67000030-021","汴頭里",290,731,384,347,"113Y12M"
"67000","臺南市","67000030","白河區","67000030-022","內角里",300,646,374,272,"113Y12M"
"67000","臺南市","67000030","白河區","67000030-025","詔豐里",831,2032,1081,951,"113Y12M"
"67000","臺南市","67000030","白河區","67000030-026","廣蓮里",600,1507,803,704,"113Y12M"
"67000","臺南市","67000030","白河區","67000030-027","馬稠後里",575,1277,694,583,"113Y12M"
"67000","臺南市","67000040","柳營區","67000040-001","士林里",906,2091,1088,1003,"113Y12M"
"67000","臺南市","67000040","柳營區","67000040-002","光福里",684,1684,877,807,"113Y12M"
"67000","臺南市","67000040","柳營區","67000040-003","中埕里",560,1334,682,652,"113Y12M"
"67000","臺南市","67000040","柳營區","67000040-004","東昇里",1308,3131,1570,1561,"113Y12M"
"67000","臺南市","67000040","柳營區","67000040-005","八翁里",604,1505,773,732,"113Y12M"
"67000","臺南市","67000040","柳營區","67000040-006","人和里",321,732,360,372,"113Y12M"
"67000","臺南市","67000040","柳營區","67000040-007","太康里",662,1562,789,773,"113Y12M"
"67000","臺南市","67000040","柳營區","67000040-008","重溪里",719,1813,956,857,"113Y12M"
"67000","臺南市","67000040","柳營區","67000040-009","篤農里",535,1286,684,602,"113Y12M"
"67000","臺南市","67000040","柳營區","67000040-010","大農里",263,684,349,335,"113Y12M"
"67000","臺南市","67000040","柳營區","67000040-011","神農里",549,1406,751,655,"113Y12M"
"67000","臺南市","67000040","柳營區","67000040-012","果毅里",485,1218,668,550,"113Y12M"
"67000","臺南市","67000040","柳營區","67000040-013","旭山里",589,1561,869,692,"113Y12M"
"67000","臺南市","67000050","後壁區","67000050-001","後壁里",747,1794,898,896,"113Y12M"
"67000","臺南市","67000050","後壁區","67000050-002","侯伯里",511,1331,678,653,"113Y12M"
"67000","臺南市","67000050","後壁區","67000050-003","嘉苳里",519,1369,717,652,"113Y12M"
"67000","臺南市","67000050","後壁區","67000050-004","土溝里",515,1342,686,656,"113Y12M"
"67000","臺南市","67000050","後壁區","67000050-010","竹新里",593,1420,724,696,"113Y12M"
"67000","臺南市","67000050","後壁區","67000050-011","新東里",742,1740,886,854,"113Y12M"
"67000","臺南市","67000050","後壁區","67000050-012","頂安里",577,1389,678,711,"113Y12M"
"67000","臺南市","67000050","後壁區","67000050-013","長安里",512,1201,629,572,"113Y12M"
"67000","臺南市","67000050","後壁區","67000050-014","福安里",779,1837,942,895,"113Y12M"
"67000","臺南市","67000050","後壁區","67000050-018","菁寮里",634,1356,702,654,"113Y12M"
"67000","臺南市","67000050","後壁區","67000050-019","新嘉里",473,982,527,455,"113Y12M"
"67000","臺南市","67000050","後壁區","67000050-022","長短樹里",857,2047,1082,965,"113Y12M"
"67000","臺南市","67000050","後壁區","67000050-023","上茄苳里",865,2237,1168,1069,"113Y12M"
"67000","臺南市","67000050","後壁區","67000050-024","菁豐里",570,1247,638,609,"113Y12M"
"67000","臺南市","67000060","東山區","67000060-001","東山里",680,1578,834,744,"113Y12M"
"67000","臺南市","67000060","東山區","67000060-002","東中里",1156,2722,1383,1339,"113Y12M"
"67000","臺南市","67000060","東山區","67000060-003","東正里",654,1509,793,716,"113Y12M"
"67000","臺南市","67000060","東山區","67000060-004","三榮里",429,983,504,479,"113Y12M"
"67000","臺南市","67000060","東山區","67000060-005","大客里",463,1088,565,523,"113Y12M"
"67000","臺南市","67000060","東山區","67000060-006","科里里",565,1204,651,553,"113Y12M"
"67000","臺南市","67000060","東山區","67000060-007","東河里",388,830,450,380,"113Y12M"
"67000","臺南市","67000060","東山區","67000060-008","南溪里",177,421,243,178,"113Y12M"
"67000","臺南市","67000060","東山區","67000060-009","水雲里",195,357,216,141,"113Y12M"
"67000","臺南市","67000060","東山區","67000060-010","林安里",170,360,206,154,"113Y12M"
"67000","臺南市","67000060","東山區","67000060-011","東原里",864,2104,1130,974,"113Y12M"
"67000","臺南市","67000060","東山區","67000060-012","嶺南里",256,647,353,294,"113Y12M"
"67000","臺南市","67000060","東山區","67000060-013","南勢里",449,1102,603,499,"113Y12M"
"67000","臺南市","67000060","東山區","67000060-014","青山里",477,1106,605,501,"113Y12M"
"67000","臺南市","67000060","東山區","67000060-015","高原里",353,894,505,389,"113Y12M"
"67000","臺南市","67000060","東山區","67000060-016","聖賢里",816,1931,1009,922,"113Y12M"
"67000","臺南市","67000070","麻豆區","67000070-003","東角里",1188,3105,1502,1603,"113Y12M"
"67000","臺南市","67000070","麻豆區","67000070-004","?江里",1087,2821,1400,1421,"113Y12M"
"67000","臺南市","67000070","麻豆區","67000070-005","巷口里",1047,2575,1261,1314,"113Y12M"
"67000","臺南市","67000070","麻豆區","67000070-006","中興里",876,2151,1060,1091,"113Y12M"
"67000","臺南市","67000070","麻豆區","67000070-007","興農里",699,1836,943,893,"113Y12M"
"67000","臺南市","67000070","麻豆區","67000070-009","油車里",1533,4134,2086,2048,"113Y12M"
"67000","臺南市","67000070","麻豆區","67000070-010","北勢里",482,1130,599,531,"113Y12M"
"67000","臺南市","67000070","麻豆區","67000070-011","大埕里",1315,3377,1643,1734,"113Y12M"
"67000","臺南市","67000070","麻豆區","67000070-014","南勢里",1048,2584,1290,1294,"113Y12M"
"67000","臺南市","67000070","麻豆區","67000070-015","寮?里",767,1936,992,944,"113Y12M"
"67000","臺南市","67000070","麻豆區","67000070-017","埤頭里",976,2488,1286,1202,"113Y12M"
"67000","臺南市","67000070","麻豆區","67000070-019","海埔里",925,2226,1185,1041,"113Y12M"
"67000","臺南市","67000070","麻豆區","67000070-021","港尾里",690,1448,755,693,"113Y12M"
"67000","臺南市","67000070","麻豆區","67000070-022","麻口里",520,1328,668,660,"113Y12M"
"67000","臺南市","67000070","麻豆區","67000070-024","安業里",571,1403,729,674,"113Y12M"
"67000","臺南市","67000070","麻豆區","67000070-028","安正里",409,1046,522,524,"113Y12M"
"67000","臺南市","67000070","麻豆區","67000070-030","新興里",895,2183,1088,1095,"113Y12M"
"67000","臺南市","67000070","麻豆區","67000070-031","謝厝寮里",674,1772,940,832,"113Y12M"
"67000","臺南市","67000070","麻豆區","67000070-032","井東里",690,1892,978,914,"113Y12M"
"67000","臺南市","67000070","麻豆區","67000070-033","清水里",661,1601,846,755,"113Y12M"
"67000","臺南市","67000080","下營區","67000080-001","下營里",705,1532,808,724,"113Y12M"
"67000","臺南市","67000080","下營區","67000080-002","仁里里",870,2193,1137,1056,"113Y12M"
"67000","臺南市","67000080","下營區","67000080-003","宅內里",708,1682,869,813,"113Y12M"
"67000","臺南市","67000080","下營區","67000080-004","後街里",688,1686,863,823,"113Y12M"
"67000","臺南市","67000080","下營區","67000080-005","新興里",1022,2470,1206,1264,"113Y12M"
"67000","臺南市","67000080","下營區","67000080-006","營前里",982,2243,1135,1108,"113Y12M"
"67000","臺南市","67000080","下營區","67000080-011","開化里",745,1923,970,953,"113Y12M"
"67000","臺南市","67000080","下營區","67000080-012","西連里",398,894,498,396,"113Y12M"
"67000","臺南市","67000080","下營區","67000080-013","賀建里",606,1321,704,617,"113Y12M"
"67000","臺南市","67000080","下營區","67000080-016","茅營里",944,2275,1198,1077,"113Y12M"
"67000","臺南市","67000080","下營區","67000080-017","大吉里",743,1588,831,757,"113Y12M"
"67000","臺南市","67000080","下營區","67000080-018","紅甲里",998,2270,1162,1108,"113Y12M"
"67000","臺南市","67000090","六甲區","67000090-001","六甲里",1219,3224,1578,1646,"113Y12M"
"67000","臺南市","67000090","六甲區","67000090-002","甲東里",1129,2848,1481,1367,"113Y12M"
"67000","臺南市","67000090","六甲區","67000090-003","甲南里",586,1491,766,725,"113Y12M"
"67000","臺南市","67000090","六甲區","67000090-005","七甲里",829,2132,1108,1024,"113Y12M"
"67000","臺南市","67000090","六甲區","67000090-006","二甲里",1454,3903,1975,1928,"113Y12M"
"67000","臺南市","67000090","六甲區","67000090-007","水林里",825,2259,1175,1084,"113Y12M"
"67000","臺南市","67000090","六甲區","67000090-008","中社里",698,1722,890,832,"113Y12M"
"67000","臺南市","67000090","六甲區","67000090-009","龜港里",744,1686,868,818,"113Y12M"
"67000","臺南市","67000090","六甲區","67000090-010","菁埔里",246,614,323,291,"113Y12M"
"67000","臺南市","67000090","六甲區","67000090-011","王爺里",313,674,397,277,"113Y12M"
"67000","臺南市","67000090","六甲區","67000090-012","大丘里",309,557,313,244,"113Y12M"
"67000","臺南市","67000100","官田區","67000100-001","官田里",923,2249,1152,1097,"113Y12M"
"67000","臺南市","67000100","官田區","67000100-002","二鎮里",1498,3741,1893,1848,"113Y12M"
"67000","臺南市","67000100","官田區","67000100-005","大崎里",180,393,218,175,"113Y12M"
"67000","臺南市","67000100","官田區","67000100-006","隆田里",955,2258,1082,1176,"113Y12M"
"67000","臺南市","67000100","官田區","67000100-007","隆本里",1714,4197,2065,2132,"113Y12M"
"67000","臺南市","67000100","官田區","67000100-008","南?里",555,1376,704,672,"113Y12M"
"67000","臺南市","67000100","官田區","67000100-013","社子里",344,855,463,392,"113Y12M"
"67000","臺南市","67000100","官田區","67000100-014","烏山頭里",497,1192,646,546,"113Y12M"
"67000","臺南市","67000100","官田區","67000100-015","渡拔里",1072,2560,1338,1222,"113Y12M"
"67000","臺南市","67000100","官田區","67000100-016","東西庄里",701,1848,988,860,"113Y12M"
"67000","臺南市","67000110","大內區","67000110-001","石湖里",443,1001,535,466,"113Y12M"
"67000","臺南市","67000110","大內區","67000110-002","石林里",263,618,320,298,"113Y12M"
"67000","臺南市","67000110","大內區","67000110-003","石城里",622,1522,786,736,"113Y12M"
"67000","臺南市","67000110","大內區","67000110-004","內江里",385,913,491,422,"113Y12M"
"67000","臺南市","67000110","大內區","67000110-005","大內里",338,777,419,358,"113Y12M"
"67000","臺南市","67000110","大內區","67000110-006","內郭里",229,633,342,291,"113Y12M"
"67000","臺南市","67000110","大內區","67000110-007","頭社里",417,1017,555,462,"113Y12M"
"67000","臺南市","67000110","大內區","67000110-008","環湖里",326,750,405,345,"113Y12M"
"67000","臺南市","67000110","大內區","67000110-009","二溪里",368,801,447,354,"113Y12M"
"67000","臺南市","67000110","大內區","67000110-010","曲溪里",243,556,299,257,"113Y12M"
"67000","臺南市","67000120","佳里區","67000120-001","東寧里",1050,2448,1165,1283,"113Y12M"
"67000","臺南市","67000120","佳里區","67000120-002","忠仁里",1207,3191,1570,1621,"113Y12M"
"67000","臺南市","67000120","佳里區","67000120-003","鎮山里",2380,6442,3179,3263,"113Y12M"
"67000","臺南市","67000120","佳里區","67000120-004","建南里",2001,4932,2346,2586,"113Y12M"
"67000","臺南市","67000120","佳里區","67000120-005","安西里",2449,6804,3290,3514,"113Y12M"
"67000","臺南市","67000120","佳里區","67000120-006","六安里",1982,4849,2371,2478,"113Y12M"
"67000","臺南市","67000120","佳里區","67000120-007","佳化里",899,2320,1172,1148,"113Y12M"
"67000","臺南市","67000120","佳里區","67000120-012","海澄里",942,2430,1232,1198,"113Y12M"
"67000","臺南市","67000120","佳里區","67000120-019","民安里",781,2049,1018,1031,"113Y12M"
"67000","臺南市","67000120","佳里區","67000120-020","子龍里",1146,2683,1356,1327,"113Y12M"
"67000","臺南市","67000120","佳里區","67000120-022","營溪里",462,1078,557,521,"113Y12M"
"67000","臺南市","67000120","佳里區","67000120-023","文新里",2232,6089,2894,3195,"113Y12M"
"67000","臺南市","67000120","佳里區","67000120-024","佳興里",960,2310,1191,1119,"113Y12M"
"67000","臺南市","67000120","佳里區","67000120-025","下營里",754,1876,969,907,"113Y12M"
"67000","臺南市","67000120","佳里區","67000120-026","塭內里",1196,3000,1559,1441,"113Y12M"
"67000","臺南市","67000120","佳里區","67000120-027","南勢里",2199,5969,2891,3078,"113Y12M"
"67000","臺南市","67000130","學甲區","67000130-001","仁得里",1696,4162,2009,2153,"113Y12M"
"67000","臺南市","67000130","學甲區","67000130-002","新榮里",1206,3113,1578,1535,"113Y12M"
"67000","臺南市","67000130","學甲區","67000130-003","光華里",502,1239,655,584,"113Y12M"
"67000","臺南市","67000130","學甲區","67000130-004","宅港里",341,827,441,386,"113Y12M"
"67000","臺南市","67000130","學甲區","67000130-005","慈福里",912,2234,1159,1075,"113Y12M"
"67000","臺南市","67000130","學甲區","67000130-006","秀昌里",1115,2825,1441,1384,"113Y12M"
"67000","臺南市","67000130","學甲區","67000130-007","明宜里",864,2078,1071,1007,"113Y12M"
"67000","臺南市","67000130","學甲區","67000130-008","豐和里",502,1237,666,571,"113Y12M"
"67000","臺南市","67000130","學甲區","67000130-009","平和里",439,1030,545,485,"113Y12M"
"67000","臺南市","67000130","學甲區","67000130-010","新達里",883,2114,1100,1014,"113Y12M"
"67000","臺南市","67000130","學甲區","67000130-011","大灣里",411,965,509,456,"113Y12M"
"67000","臺南市","67000130","學甲區","67000130-012","三慶里",569,1310,698,612,"113Y12M"
"67000","臺南市","67000130","學甲區","67000130-013","中洲里",608,1403,718,685,"113Y12M"
"67000","臺南市","67000140","西港區","67000140-001","西港里",1324,3561,1750,1811,"113Y12M"
"67000","臺南市","67000140","西港區","67000140-002","南海里",1132,3042,1552,1490,"113Y12M"
"67000","臺南市","67000140","西港區","67000140-003","港東里",663,1911,995,916,"113Y12M"
"67000","臺南市","67000140","西港區","67000140-004","檨林里",625,1736,895,841,"113Y12M"
"67000","臺南市","67000140","西港區","67000140-005","後營里",626,1720,852,868,"113Y12M"
"67000","臺南市","67000140","西港區","67000140-006","營西里",610,1639,819,820,"113Y12M"
"67000","臺南市","67000140","西港區","67000140-007","金砂里",278,794,422,372,"113Y12M"
"67000","臺南市","67000140","西港區","67000140-008","劉厝里",690,1721,892,829,"113Y12M"
"67000","臺南市","67000140","西港區","67000140-009","竹林里",556,1475,779,696,"113Y12M"
"67000","臺南市","67000140","西港區","67000140-010","永樂里",591,1502,778,724,"113Y12M"
"67000","臺南市","67000140","西港區","67000140-011","新復里",381,994,484,510,"113Y12M"
"67000","臺南市","67000140","西港區","67000140-012","慶安里",1843,4909,2372,2537,"113Y12M"
"67000","臺南市","67000150","七股區","67000150-001","後港里",401,990,526,464,"113Y12M"
"67000","臺南市","67000150","七股區","67000150-002","大潭里",297,709,376,333,"113Y12M"
"67000","臺南市","67000150","七股區","67000150-004","篤加里",317,853,443,410,"113Y12M"
"67000","臺南市","67000150","七股區","67000150-005","頂山里",335,798,447,351,"113Y12M"
"67000","臺南市","67000150","七股區","67000150-006","西寮里",209,434,248,186,"113Y12M"
"67000","臺南市","67000150","七股區","67000150-007","?埕里",178,404,209,195,"113Y12M"
"67000","臺南市","67000150","七股區","67000150-008","龍山里",624,1641,824,817,"113Y12M"
"67000","臺南市","67000150","七股區","67000150-009","溪南里",175,387,185,202,"113Y12M"
"67000","臺南市","67000150","七股區","67000150-010","七股里",311,893,453,440,"113Y12M"
"67000","臺南市","67000150","七股區","67000150-011","玉成里",307,842,424,418,"113Y12M"
"67000","臺南市","67000150","七股區","67000150-012","大埕里",1068,2861,1445,1416,"113Y12M"
"67000","臺南市","67000150","七股區","67000150-015","樹林里",802,2099,1118,981,"113Y12M"
"67000","臺南市","67000150","七股區","67000150-017","中寮里",270,669,344,325,"113Y12M"
"67000","臺南市","67000150","七股區","67000150-018","竹橋里",511,1283,626,657,"113Y12M"
"67000","臺南市","67000150","七股區","67000150-019","義合里",719,1932,983,949,"113Y12M"
"67000","臺南市","67000150","七股區","67000150-021","永吉里",415,1144,592,552,"113Y12M"
"67000","臺南市","67000150","七股區","67000150-022","三股里",494,1355,695,660,"113Y12M"
"67000","臺南市","67000150","七股區","67000150-023","十份里",524,1466,795,671,"113Y12M"
"67000","臺南市","67000160","將軍區","67000160-001","長榮里",461,1194,587,607,"113Y12M"
"67000","臺南市","67000160","將軍區","67000160-013","玉山里",352,827,435,392,"113Y12M"
"67000","臺南市","67000160","將軍區","67000160-014","廣山里",275,594,311,283,"113Y12M"
"67000","臺南市","67000160","將軍區","67000160-015","長沙里",481,1370,697,673,"113Y12M"
"67000","臺南市","67000160","將軍區","67000160-016","平沙里",394,1162,552,610,"113Y12M"
"67000","臺南市","67000160","將軍區","67000160-017","鯤鯓里",720,2026,999,1027,"113Y12M"
"67000","臺南市","67000160","將軍區","67000160-018","鯤溟里",391,1022,484,538,"113Y12M"
"67000","臺南市","67000160","將軍區","67000160-019","巷埔里",499,1151,626,525,"113Y12M"
"67000","臺南市","67000160","將軍區","67000160-020","西甲里",995,2483,1261,1222,"113Y12M"
"67000","臺南市","67000160","將軍區","67000160-021","忠嘉里",1046,2640,1345,1295,"113Y12M"
"67000","臺南市","67000160","將軍區","67000160-022","苓仔寮里",833,2057,1089,968,"113Y12M"
"67000","臺南市","67000160","將軍區","67000160-023","將軍里",631,1544,830,714,"113Y12M"
"67000","臺南市","67000170","北門區","67000170-001","保吉里",530,1407,682,725,"113Y12M"
"67000","臺南市","67000170","北門區","67000170-002","雙春里",180,444,231,213,"113Y12M"
"67000","臺南市","67000170","北門區","67000170-005","北門里",346,812,421,391,"113Y12M"
"67000","臺南市","67000170","北門區","67000170-006","錦湖里",431,929,500,429,"113Y12M"
"67000","臺南市","67000170","北門區","67000170-007","三光里",469,1248,626,622,"113Y12M"
"67000","臺南市","67000170","北門區","67000170-009","玉港里",311,681,375,306,"113Y12M"
"67000","臺南市","67000170","北門區","67000170-011","慈安里",303,750,356,394,"113Y12M"
"67000","臺南市","67000170","北門區","67000170-013","永隆里",336,836,390,446,"113Y12M"
"67000","臺南市","67000170","北門區","67000170-014","蚵寮里",516,1397,685,712,"113Y12M"
"67000","臺南市","67000170","北門區","67000170-015","文山里",521,1208,630,578,"113Y12M"
"67000","臺南市","67000180","新化區","67000180-001","武安里",1319,3321,1654,1667,"113Y12M"
"67000","臺南市","67000180","新化區","67000180-002","東榮里",1828,4541,2270,2271,"113Y12M"
"67000","臺南市","67000180","新化區","67000180-003","護國里",1131,2907,1493,1414,"113Y12M"
"67000","臺南市","67000180","新化區","67000180-004","太平里",1914,5143,2544,2599,"113Y12M"
"67000","臺南市","67000180","新化區","67000180-009","協興里",1335,3657,1791,1866,"113Y12M"
"67000","臺南市","67000180","新化區","67000180-010","唪口里",762,2420,1192,1228,"113Y12M"
"67000","臺南市","67000180","新化區","67000180-011","北勢里",613,1673,812,861,"113Y12M"
"67000","臺南市","67000180","新化區","67000180-012","豐榮里",1349,3823,1928,1895,"113Y12M"
"67000","臺南市","67000180","新化區","67000180-013","全興里",1082,3153,1561,1592,"113Y12M"
"67000","臺南市","67000180","新化區","67000180-014","崙頂里",790,2371,1261,1110,"113Y12M"
"67000","臺南市","67000180","新化區","67000180-015","知義里",857,2269,1169,1100,"113Y12M"
"67000","臺南市","67000180","新化區","67000180-016","山?里",946,2403,1238,1165,"113Y12M"
"67000","臺南市","67000180","新化區","67000180-017","大坑里",188,419,224,195,"113Y12M"
"67000","臺南市","67000180","新化區","67000180-018","[那]拔里",788,2272,1153,1119,"113Y12M"
"67000","臺南市","67000180","新化區","67000180-019","羊林里",328,975,517,458,"113Y12M"
"67000","臺南市","67000180","新化區","67000180-020","礁坑里",376,945,530,415,"113Y12M"
"67000","臺南市","67000190","善化區","67000190-001","東關里",613,1391,700,691,"113Y12M"
"67000","臺南市","67000190","善化區","67000190-002","坐駕里",1920,4825,2377,2448,"113Y12M"
"67000","臺南市","67000190","善化區","67000190-003","光文里",2991,7006,3406,3600,"113Y12M"
"67000","臺南市","67000190","善化區","67000190-004","文昌里",1367,3287,1650,1637,"113Y12M"
"67000","臺南市","67000190","善化區","67000190-005","南關里",764,2115,1033,1082,"113Y12M"
"67000","臺南市","67000190","善化區","67000190-008","文正里",751,1889,927,962,"113Y12M"
"67000","臺南市","67000190","善化區","67000190-009","胡家里",536,1330,695,635,"113Y12M"
"67000","臺南市","67000190","善化區","67000190-010","胡厝里",985,2476,1292,1184,"113Y12M"
"67000","臺南市","67000190","善化區","67000190-011","什乃里",534,1385,692,693,"113Y12M"
"67000","臺南市","67000190","善化區","67000190-012","溪美里",894,2222,1113,1109,"113Y12M"
"67000","臺南市","67000190","善化區","67000190-013","六分里",314,736,374,362,"113Y12M"
"67000","臺南市","67000190","善化區","67000190-014","六德里",421,1096,567,529,"113Y12M"
"67000","臺南市","67000190","善化區","67000190-015","田寮里",708,1827,940,887,"113Y12M"
"67000","臺南市","67000190","善化區","67000190-018","牛庄里",817,1870,961,909,"113Y12M"
"67000","臺南市","67000190","善化區","67000190-019","嘉北里",701,1824,943,881,"113Y12M"
"67000","臺南市","67000190","善化區","67000190-020","嘉南里",479,1239,644,595,"113Y12M"
"67000","臺南市","67000190","善化區","67000190-021","小新里",2294,5842,2903,2939,"113Y12M"
"67000","臺南市","67000190","善化區","67000190-022","頂街里",653,1486,794,692,"113Y12M"
"67000","臺南市","67000190","善化區","67000190-023","昌隆里",935,2282,1197,1085,"113Y12M"
"67000","臺南市","67000190","善化區","67000190-024","蓮潭里",3105,7172,3568,3604,"113Y12M"
"67000","臺南市","67000200","新市區","67000200-001","新市里",1415,3365,1634,1731,"113Y12M"
"67000","臺南市","67000200","新市區","67000200-002","新和里",3289,7923,3947,3976,"113Y12M"
"67000","臺南市","67000200","新市區","67000200-003","社內里",1545,3680,1848,1832,"113Y12M"
"67000","臺南市","67000200","新市區","67000200-004","大洲里",332,858,460,398,"113Y12M"
"67000","臺南市","67000200","新市區","67000200-005","豐華里",364,1004,507,497,"113Y12M"
"67000","臺南市","67000200","新市區","67000200-006","三舍里",769,2218,1114,1104,"113Y12M"
"67000","臺南市","67000200","新市區","67000200-007","大營里",1624,4279,2161,2118,"113Y12M"
"67000","臺南市","67000200","新市區","67000200-008","大社里",1785,5101,2615,2486,"113Y12M"
"67000","臺南市","67000200","新市區","67000200-009","潭頂里",799,1998,1061,937,"113Y12M"
"67000","臺南市","67000200","新市區","67000200-010","港墘里",1484,3962,1944,2018,"113Y12M"
"67000","臺南市","67000200","新市區","67000200-011","永就里",1324,3525,1732,1793,"113Y12M"
"67000","臺南市","67000210","安定區","67000210-001","蘇林里",909,2293,1171,1122,"113Y12M"
"67000","臺南市","67000210","安定區","67000210-002","蘇厝里",860,2252,1111,1141,"113Y12M"
"67000","臺南市","67000210","安定區","67000210-003","安定里",620,1559,845,714,"113Y12M"
"67000","臺南市","67000210","安定區","67000210-004","安加里",965,2481,1356,1125,"113Y12M"
"67000","臺南市","67000210","安定區","67000210-006","港尾里",611,1706,889,817,"113Y12M"
"67000","臺南市","67000210","安定區","67000210-007","中榮里",894,2171,1095,1076,"113Y12M"
"67000","臺南市","67000210","安定區","67000210-008","港口里",1273,3396,1699,1697,"113Y12M"
"67000","臺南市","67000210","安定區","67000210-009","港南里",1254,3216,1619,1597,"113Y12M"
"67000","臺南市","67000210","安定區","67000210-012","中沙里",295,793,402,391,"113Y12M"
"67000","臺南市","67000210","安定區","67000210-013","新吉里",1067,2796,1438,1358,"113Y12M"
"67000","臺南市","67000210","安定區","67000210-014","海寮里",998,2771,1443,1328,"113Y12M"
"67000","臺南市","67000210","安定區","67000210-017","文科里",696,1830,935,895,"113Y12M"
"67000","臺南市","67000210","安定區","67000210-018","嘉同里",903,2578,1332,1246,"113Y12M"
"67000","臺南市","67000220","山上區","67000220-001","明和里",727,1763,927,836,"113Y12M"
"67000","臺南市","67000220","山上區","67000220-002","南洲里",634,1585,851,734,"113Y12M"
"67000","臺南市","67000220","山上區","67000220-003","山上里",495,1261,657,604,"113Y12M"
"67000","臺南市","67000220","山上區","67000220-004","新莊里",369,966,500,466,"113Y12M"
"67000","臺南市","67000220","山上區","67000220-005","玉?里",235,566,301,265,"113Y12M"
"67000","臺南市","67000220","山上區","67000220-006","平陽里",154,359,192,167,"113Y12M"
"67000","臺南市","67000220","山上區","67000220-007","豐德里",148,416,215,201,"113Y12M"
"67000","臺南市","67000230","玉井區","67000230-001","玉井里",557,1226,610,616,"113Y12M"
"67000","臺南市","67000230","玉井區","67000230-002","玉田里",1688,4000,1995,2005,"113Y12M"
"67000","臺南市","67000230","玉井區","67000230-003","中正里",500,1254,662,592,"113Y12M"
"67000","臺南市","67000230","玉井區","67000230-004","竹圍里",572,1507,770,737,"113Y12M"
"67000","臺南市","67000230","玉井區","67000230-005","沙田里",209,525,275,250,"113Y12M"
"67000","臺南市","67000230","玉井區","67000230-006","三埔里",193,494,272,222,"113Y12M"
"67000","臺南市","67000230","玉井區","67000230-007","三和里",297,719,385,334,"113Y12M"
"67000","臺南市","67000230","玉井區","67000230-008","望明里",624,1574,847,727,"113Y12M"
"67000","臺南市","67000230","玉井區","67000230-009","層林里",247,580,315,265,"113Y12M"
"67000","臺南市","67000230","玉井區","67000230-010","豐里里",373,951,499,452,"113Y12M"
"67000","臺南市","67000240","楠西區","67000240-001","楠西里",763,1844,965,879,"113Y12M"
"67000","臺南市","67000240","楠西區","67000240-002","灣丘里",464,1166,644,522,"113Y12M"
"67000","臺南市","67000240","楠西區","67000240-003","密枝里",276,668,370,298,"113Y12M"
"67000","臺南市","67000240","楠西區","67000240-004","照興里",401,996,561,435,"113Y12M"
"67000","臺南市","67000240","楠西區","67000240-005","鹿田里",370,920,473,447,"113Y12M"
"67000","臺南市","67000240","楠西區","67000240-006","龜丹里",255,627,342,285,"113Y12M"
"67000","臺南市","67000240","楠西區","67000240-007","東勢里",939,2311,1156,1155,"113Y12M"
"67000","臺南市","67000250","南化區","67000250-001","南化里",569,1400,743,657,"113Y12M"
"67000","臺南市","67000250","南化區","67000250-002","小崙里",283,792,452,340,"113Y12M"
"67000","臺南市","67000250","南化區","67000250-003","中坑里",149,409,231,178,"113Y12M"
"67000","臺南市","67000250","南化區","67000250-004","北平里",211,562,303,259,"113Y12M"
"67000","臺南市","67000250","南化區","67000250-005","東和里",242,633,354,279,"113Y12M"
"67000","臺南市","67000250","南化區","67000250-006","西埔里",267,737,422,315,"113Y12M"
"67000","臺南市","67000250","南化區","67000250-007","北寮里",405,1111,593,518,"113Y12M"
"67000","臺南市","67000250","南化區","67000250-008","玉山里",349,1047,534,513,"113Y12M"
"67000","臺南市","67000250","南化區","67000250-009","關山里",297,1095,548,547,"113Y12M"
"67000","臺南市","67000260","左鎮區","67000260-001","光和里",162,360,209,151,"113Y12M"
"67000","臺南市","67000260","左鎮區","67000260-002","榮和里",253,628,345,283,"113Y12M"
"67000","臺南市","67000260","左鎮區","67000260-003","左鎮里",198,454,250,204,"113Y12M"
"67000","臺南市","67000260","左鎮區","67000260-004","中正里",322,709,381,328,"113Y12M"
"67000","臺南市","67000260","左鎮區","67000260-005","睦光里",126,339,203,136,"113Y12M"
"67000","臺南市","67000260","左鎮區","67000260-006","內庄里",164,333,205,128,"113Y12M"
"67000","臺南市","67000260","左鎮區","67000260-007","澄山里",202,460,272,188,"113Y12M"
"67000","臺南市","67000260","左鎮區","67000260-008","岡林里",165,390,222,168,"113Y12M"
"67000","臺南市","67000260","左鎮區","67000260-009","草山里",117,273,165,108,"113Y12M"
"67000","臺南市","67000260","左鎮區","67000260-010","二寮里",92,178,112,66,"113Y12M"
"67000","臺南市","67000270","仁德區","67000270-001","太子里",2407,6422,3185,3237,"113Y12M"
"67000","臺南市","67000270","仁德區","67000270-002","土庫里",1279,3313,1684,1629,"113Y12M"
"67000","臺南市","67000270","仁德區","67000270-003","一甲里",1159,3056,1591,1465,"113Y12M"
"67000","臺南市","67000270","仁德區","67000270-004","仁德里",4669,10842,5380,5462,"113Y12M"
"67000","臺南市","67000270","仁德區","67000270-005","仁義里",3978,10237,5156,5081,"113Y12M"
"67000","臺南市","67000270","仁德區","67000270-006","新田里",1513,3897,1922,1975,"113Y12M"
"67000","臺南市","67000270","仁德區","67000270-007","後壁里",4392,11217,5572,5645,"113Y12M"
"67000","臺南市","67000270","仁德區","67000270-008","上崙里",2632,7098,3583,3515,"113Y12M"
"67000","臺南市","67000270","仁德區","67000270-011","保安里",1286,3041,1533,1508,"113Y12M"
"67000","臺南市","67000270","仁德區","67000270-012","成功里",2322,5599,2752,2847,"113Y12M"
"67000","臺南市","67000270","仁德區","67000270-013","仁和里",858,1675,822,853,"113Y12M"
"67000","臺南市","67000270","仁德區","67000270-014","仁愛里",579,1289,655,634,"113Y12M"
"67000","臺南市","67000270","仁德區","67000270-015","二行里",895,2281,1155,1126,"113Y12M"
"67000","臺南市","67000270","仁德區","67000270-016","大甲里",945,2467,1268,1199,"113Y12M"
"67000","臺南市","67000270","仁德區","67000270-017","中洲里",1121,2761,1456,1305,"113Y12M"
"67000","臺南市","67000270","仁德區","67000270-019","文賢里",953,2379,1213,1166,"113Y12M"
"67000","臺南市","67000280","歸仁區","67000280-001","南保里",2393,6860,3407,3453,"113Y12M"
"67000","臺南市","67000280","歸仁區","67000280-002","六甲里",1812,4600,2379,2221,"113Y12M"
"67000","臺南市","67000280","歸仁區","67000280-003","歸仁里",974,2569,1261,1308,"113Y12M"
"67000","臺南市","67000280","歸仁區","67000280-004","後市里",1408,3648,1809,1839,"113Y12M"
"67000","臺南市","67000280","歸仁區","67000280-005","辜厝里",1378,3672,1817,1855,"113Y12M"
"67000","臺南市","67000280","歸仁區","67000280-006","許厝里",1410,3823,1885,1938,"113Y12M"
"67000","臺南市","67000280","歸仁區","67000280-007","看西里",1012,2814,1402,1412,"113Y12M"
"67000","臺南市","67000280","歸仁區","67000280-008","看東里",795,2266,1149,1117,"113Y12M"
"67000","臺南市","67000280","歸仁區","67000280-009","崙頂里",1282,3768,1844,1924,"113Y12M"
"67000","臺南市","67000280","歸仁區","67000280-010","沙崙里",944,1859,917,942,"113Y12M"
"67000","臺南市","67000280","歸仁區","67000280-011","大潭里",736,2233,1139,1094,"113Y12M"
"67000","臺南市","67000280","歸仁區","67000280-012","武東里",1313,2834,1551,1283,"113Y12M"
"67000","臺南市","67000280","歸仁區","67000280-013","八甲里",1206,3240,1549,1691,"113Y12M"
"67000","臺南市","67000280","歸仁區","67000280-014","七甲里",1551,4161,2117,2044,"113Y12M"
"67000","臺南市","67000280","歸仁區","67000280-015","媽廟里",833,2151,1153,998,"113Y12M"
"67000","臺南市","67000280","歸仁區","67000280-016","西埔里",690,1906,1004,902,"113Y12M"
"67000","臺南市","67000280","歸仁區","67000280-017","大廟里",1344,3616,1818,1798,"113Y12M"
"67000","臺南市","67000280","歸仁區","67000280-018","南興里",1687,5017,2521,2496,"113Y12M"
"67000","臺南市","67000280","歸仁區","67000280-019","新厝里",1051,2847,1442,1405,"113Y12M"
"67000","臺南市","67000280","歸仁區","67000280-020","歸南里",926,2550,1274,1276,"113Y12M"
"67000","臺南市","67000280","歸仁區","67000280-021","文化里",1173,3384,1671,1713,"113Y12M"
"67000","臺南市","67000290","關廟區","67000290-001","關廟里",999,2635,1359,1276,"113Y12M"
"67000","臺南市","67000290","關廟區","67000290-002","山西里",819,2249,1162,1087,"113Y12M"
"67000","臺南市","67000290","關廟區","67000290-003","香洋里",1281,3328,1667,1661,"113Y12M"
"67000","臺南市","67000290","關廟區","67000290-004","北勢里",1019,2856,1474,1382,"113Y12M"
"67000","臺南市","67000290","關廟區","67000290-005","新埔里",527,1337,688,649,"113Y12M"
"67000","臺南市","67000290","關廟區","67000290-006","新光里",290,682,377,305,"113Y12M"
"67000","臺南市","67000290","關廟區","67000290-007","五甲里",1271,3608,1807,1801,"113Y12M"
"67000","臺南市","67000290","關廟區","67000290-008","東勢里",1167,3371,1715,1656,"113Y12M"
"67000","臺南市","67000290","關廟區","67000290-009","松腳里",752,2128,1049,1079,"113Y12M"
"67000","臺南市","67000290","關廟區","67000290-012","深坑里",587,1578,830,748,"113Y12M"
"67000","臺南市","67000290","關廟區","67000290-013","布袋里",435,1232,625,607,"113Y12M"
"67000","臺南市","67000290","關廟區","67000290-016","埤頭里",825,2149,1100,1049,"113Y12M"
"67000","臺南市","67000290","關廟區","67000290-017","下湖里",170,469,250,219,"113Y12M"
"67000","臺南市","67000290","關廟區","67000290-018","花園里",1383,3908,1962,1946,"113Y12M"
"67000","臺南市","67000290","關廟區","67000290-020","龜洞里",535,1518,815,703,"113Y12M"
"67000","臺南市","67000300","龍崎區","67000300-001","崎頂里",417,964,506,458,"113Y12M"
"67000","臺南市","67000300","龍崎區","67000300-002","土崎里",250,581,318,263,"113Y12M"
"67000","臺南市","67000300","龍崎區","67000300-003","中坑里",68,136,77,59,"113Y12M"
"67000","臺南市","67000300","龍崎區","67000300-004","楠坑里",138,385,202,183,"113Y12M"
"67000","臺南市","67000300","龍崎區","67000300-005","牛埔里",115,249,145,104,"113Y12M"
"67000","臺南市","67000300","龍崎區","67000300-006","大坪里",117,254,140,114,"113Y12M"
"67000","臺南市","67000300","龍崎區","67000300-007","龍船里",170,380,212,168,"113Y12M"
"67000","臺南市","67000300","龍崎區","67000300-008","石[曹]里",167,403,224,179,"113Y12M"
"67000","臺南市","67000310","永康區","67000310-001","五王里",2820,6436,2984,3452,"113Y12M"
"67000","臺南市","67000310","永康區","67000310-002","網寮里",3205,8187,3923,4264,"113Y12M"
"67000","臺南市","67000310","永康區","67000310-003","永康里",4660,10674,5489,5185,"113Y12M"
"67000","臺南市","67000310","永康區","67000310-004","埔園里",3433,9228,4556,4672,"113Y12M"
"67000","臺南市","67000310","永康區","67000310-005","大橋里",2457,6397,3066,3331,"113Y12M"
"67000","臺南市","67000310","永康區","67000310-006","王行里",945,2884,1412,1472,"113Y12M"
"67000","臺南市","67000310","永康區","67000310-007","烏竹里",1380,3704,1881,1823,"113Y12M"
"67000","臺南市","67000310","永康區","67000310-008","蔦松里",812,2197,1113,1084,"113Y12M"
"67000","臺南市","67000310","永康區","67000310-009","三民里",654,1763,919,844,"113Y12M"
"67000","臺南市","67000310","永康區","67000310-010","?行里",2411,5826,2815,3011,"113Y12M"
"67000","臺南市","67000310","永康區","67000310-011","甲頂里",936,2426,1169,1257,"113Y12M"
"67000","臺南市","67000310","永康區","67000310-012","大灣里",1486,4063,1973,2090,"113Y12M"
"67000","臺南市","67000310","永康區","67000310-013","東灣里",1438,4028,2013,2015,"113Y12M"
"67000","臺南市","67000310","永康區","67000310-014","西灣里",3107,8453,4113,4340,"113Y12M"
"67000","臺南市","67000310","永康區","67000310-015","南灣里",1605,4321,2197,2124,"113Y12M"
"67000","臺南市","67000310","永康區","67000310-016","崑山里",2506,6522,3270,3252,"113Y12M"
"67000","臺南市","67000310","永康區","67000310-017","北灣里",1744,5022,2521,2501,"113Y12M"
"67000","臺南市","67000310","永康區","67000310-018","新樹里",871,2461,1233,1228,"113Y12M"
"67000","臺南市","67000310","永康區","67000310-019","復興里",935,1992,914,1078,"113Y12M"
"67000","臺南市","67000310","永康區","67000310-020","復國里",3970,9557,4655,4902,"113Y12M"
"67000","臺南市","67000310","永康區","67000310-021","建國里",1159,2333,1101,1232,"113Y12M"
"67000","臺南市","67000310","永康區","67000310-022","神洲里",679,1440,665,775,"113Y12M"
"67000","臺南市","67000310","永康區","67000310-023","西勢里",2664,7394,3707,3687,"113Y12M"
"67000","臺南市","67000310","永康區","67000310-024","成功里",1076,2307,1071,1236,"113Y12M"
"67000","臺南市","67000310","永康區","67000310-025","中興里",1436,3570,1718,1852,"113Y12M"
"67000","臺南市","67000310","永康區","67000310-026","勝利里",4113,8985,4224,4761,"113Y12M"
"67000","臺南市","67000310","永康區","67000310-027","龍潭里",2628,7262,3661,3601,"113Y12M"
"67000","臺南市","67000310","永康區","67000310-028","光復里",757,1265,599,666,"113Y12M"
"67000","臺南市","67000310","永康區","67000310-029","?洲里",2470,6741,3398,3343,"113Y12M"
"67000","臺南市","67000310","永康區","67000310-030","二王里",3406,8926,4397,4529,"113Y12M"
"67000","臺南市","67000310","永康區","67000310-031","六合里",2966,6396,2964,3432,"113Y12M"
"67000","臺南市","67000310","永康區","67000310-032","三合里",1562,3981,1979,2002,"113Y12M"
"67000","臺南市","67000310","永康區","67000310-033","東橋里",4815,10573,5122,5451,"113Y12M"
"67000","臺南市","67000310","永康區","67000310-034","安康里",2499,5707,2603,3104,"113Y12M"
"67000","臺南市","67000310","永康區","67000310-035","西橋里",1398,3470,1632,1838,"113Y12M"
"67000","臺南市","67000310","永康區","67000310-036","尚頂里",1843,4414,2160,2254,"113Y12M"
"67000","臺南市","67000310","永康區","67000310-037","復華里",4144,10522,5138,5384,"113Y12M"
"67000","臺南市","67000310","永康區","67000310-038","正強里",3160,8834,4324,4510,"113Y12M"
"67000","臺南市","67000310","永康區","67000310-039","中華里",1427,3014,1456,1558,"113Y12M"
"67000","臺南市","67000310","永康區","67000310-040","北興里",2346,6561,3251,3310,"113Y12M"
"67000","臺南市","67000310","永康區","67000310-041","龍埔里",1930,5197,2583,2614,"113Y12M"
"67000","臺南市","67000310","永康區","67000310-042","永明里",2028,5396,2676,2720,"113Y12M"
"67000","臺南市","67000310","永康區","67000310-043","?興里",2211,5194,2554,2640,"113Y12M"
"67000","臺南市","67000320","東區","67000320-001","富裕里",1025,2337,1087,1250,"113Y12M"
"67000","臺南市","67000320","東區","67000320-002","裕農里",1403,3329,1557,1772,"113Y12M"
"67000","臺南市","67000320","東區","67000320-003","大智里",2932,7533,3667,3866,"113Y12M"
"67000","臺南市","67000320","東區","67000320-004","崇學里",1317,3220,1515,1705,"113Y12M"
"67000","臺南市","67000320","東區","67000320-005","泉南里",2357,5076,2413,2663,"113Y12M"
"67000","臺南市","67000320","東區","67000320-006","仁和里",2223,5132,2423,2709,"113Y12M"
"67000","臺南市","67000320","東區","67000320-007","後甲里",1458,3507,1680,1827,"113Y12M"
"67000","臺南市","67000320","東區","67000320-008","東光里",2361,5878,2780,3098,"113Y12M"
"67000","臺南市","67000320","東區","67000320-009","新東里",1140,2553,1177,1376,"113Y12M"
"67000","臺南市","67000320","東區","67000320-010","中西里",1529,3448,1613,1835,"113Y12M"
"67000","臺南市","67000320","東區","67000320-011","東安里",686,1492,758,734,"113Y12M"
"67000","臺南市","67000320","東區","67000320-012","崇明里",1996,4679,2208,2471,"113Y12M"
"67000","臺南市","67000320","東區","67000320-013","自強里",2841,6605,3029,3576,"113Y12M"
"67000","臺南市","67000320","東區","67000320-014","和平里",2723,6117,2891,3226,"113Y12M"
"67000","臺南市","67000320","東區","67000320-015","路東里",871,1719,754,965,"113Y12M"
"67000","臺南市","67000320","東區","67000320-016","大德里",749,1564,753,811,"113Y12M"
"67000","臺南市","67000320","東區","67000320-017","關聖里",2074,5917,2856,3061,"113Y12M"
"67000","臺南市","67000320","東區","67000320-018","衛國里",821,1746,820,926,"113Y12M"
"67000","臺南市","67000320","東區","67000320-019","崇善里",2391,5855,2669,3186,"113Y12M"
"67000","臺南市","67000320","東區","67000320-020","富強里",2062,5077,2423,2654,"113Y12M"
"67000","臺南市","67000320","東區","67000320-021","圍下里",940,2058,979,1079,"113Y12M"
"67000","臺南市","67000320","東區","67000320-022","小東里",2112,5057,2436,2621,"113Y12M"
"67000","臺南市","67000320","東區","67000320-023","大學里",524,1158,562,596,"113Y12M"
"67000","臺南市","67000320","東區","67000320-024","龍山里",2552,5386,2405,2981,"113Y12M"
"67000","臺南市","67000320","東區","67000320-025","虎尾里",2431,6547,3164,3383,"113Y12M"
"67000","臺南市","67000320","東區","67000320-026","德高里",1702,4048,1977,2071,"113Y12M"
"67000","臺南市","67000320","東區","67000320-027","莊敬里",1818,4355,2071,2284,"113Y12M"
"67000","臺南市","67000320","東區","67000320-028","大福里",775,1668,818,850,"113Y12M"
"67000","臺南市","67000320","東區","67000320-029","忠孝里",2018,4334,2046,2288,"113Y12M"
"67000","臺南市","67000320","東區","67000320-030","崇誨里",1273,2713,1261,1452,"113Y12M"
"67000","臺南市","67000320","東區","67000320-031","東明里",1466,3459,1663,1796,"113Y12M"
"67000","臺南市","67000320","東區","67000320-032","崇德里",1952,5173,2466,2707,"113Y12M"
"67000","臺南市","67000320","東區","67000320-033","東智里",1731,3826,1845,1981,"113Y12M"
"67000","臺南市","67000320","東區","67000320-034","東聖里",1155,2553,1190,1363,"113Y12M"
"67000","臺南市","67000320","東區","67000320-035","崇成里",1343,3409,1576,1833,"113Y12M"
"67000","臺南市","67000320","東區","67000320-036","東門里",879,1940,919,1021,"113Y12M"
"67000","臺南市","67000320","東區","67000320-037","成大里",1052,2127,1052,1075,"113Y12M"
"67000","臺南市","67000320","東區","67000320-038","大同里",1465,3022,1482,1540,"113Y12M"
"67000","臺南市","67000320","東區","67000320-039","德光里",1884,4456,2059,2397,"113Y12M"
"67000","臺南市","67000320","東區","67000320-040","崇信里",2390,4920,2503,2417,"113Y12M"
"67000","臺南市","67000320","東區","67000320-041","崇文里",2742,7122,3336,3786,"113Y12M"
"67000","臺南市","67000320","東區","67000320-042","復興里",1441,4021,1861,2160,"113Y12M"
"67000","臺南市","67000320","東區","67000320-043","裕聖里",2269,6724,3259,3465,"113Y12M"
"67000","臺南市","67000320","東區","67000320-044","南聖里",1192,3307,1640,1667,"113Y12M"
"67000","臺南市","67000320","東區","67000320-045","文聖里",2005,5795,2737,3058,"113Y12M"
"67000","臺南市","67000330","南區","67000330-001","竹溪里",814,1739,811,928,"113Y12M"
"67000","臺南市","67000330","南區","67000330-003","明德里",911,1710,800,910,"113Y12M"
"67000","臺南市","67000330","南區","67000330-004","大成里",1311,2433,1098,1335,"113Y12M"
"67000","臺南市","67000330","南區","67000330-005","廣州里",962,2265,1092,1173,"113Y12M"
"67000","臺南市","67000330","南區","67000330-006","新昌里",1102,2328,1111,1217,"113Y12M"
"67000","臺南市","67000330","南區","67000330-007","新興里",1203,2834,1348,1486,"113Y12M"
"67000","臺南市","67000330","南區","67000330-008","田寮里",1429,3379,1619,1760,"113Y12M"
"67000","臺南市","67000330","南區","67000330-009","國宅里",1260,3041,1471,1570,"113Y12M"
"67000","臺南市","67000330","南區","67000330-011","光明里",1815,4391,2126,2265,"113Y12M"
"67000","臺南市","67000330","南區","67000330-013","明亮里",1495,3938,1881,2057,"113Y12M"
"67000","臺南市","67000330","南區","67000330-014","喜東里",865,2350,1212,1138,"113Y12M"
"67000","臺南市","67000330","南區","67000330-015","喜北里",859,2385,1231,1154,"113Y12M"
"67000","臺南市","67000330","南區","67000330-016","喜南里",479,1236,634,602,"113Y12M"
"67000","臺南市","67000330","南區","67000330-017","省躬里",1827,4850,2467,2383,"113Y12M"
"67000","臺南市","67000330","南區","67000330-018","興農里",1557,3759,1872,1887,"113Y12M"
"67000","臺南市","67000330","南區","67000330-019","同安里",829,2432,1234,1198,"113Y12M"
"67000","臺南市","67000330","南區","67000330-020","佛壇里",925,2861,1475,1386,"113Y12M"
"67000","臺南市","67000330","南區","67000330-021","大林里",1103,2388,1136,1252,"113Y12M"
"67000","臺南市","67000330","南區","67000330-022","大忠里",2038,4790,2329,2461,"113Y12M"
"67000","臺南市","67000330","南區","67000330-023","大恩里",1540,3689,1773,1916,"113Y12M"
"67000","臺南市","67000330","南區","67000330-024","新生里",1964,3708,1715,1993,"113Y12M"
"67000","臺南市","67000330","南區","67000330-025","再興里",987,2389,1139,1250,"113Y12M"
"67000","臺南市","67000330","南區","67000330-026","明興里",1322,3512,1673,1839,"113Y12M"
"67000","臺南市","67000330","南區","67000330-027","文華里",1363,3360,1612,1748,"113Y12M"
"67000","臺南市","67000330","南區","67000330-028","金華里",2212,5364,2584,2780,"113Y12M"
"67000","臺南市","67000330","南區","67000330-029","南都里",1451,2988,1593,1395,"113Y12M"
"67000","臺南市","67000330","南區","67000330-030","開南里",2532,6205,2951,3254,"113Y12M"
"67000","臺南市","67000330","南區","67000330-031","彰南里",644,1553,762,791,"113Y12M"
"67000","臺南市","67000330","南區","67000330-032","建南里",2008,5538,2837,2701,"113Y12M"
"67000","臺南市","67000330","南區","67000330-033","郡南里",1492,3922,1978,1944,"113Y12M"
"67000","臺南市","67000330","南區","67000330-034","府南里",2023,5346,2598,2748,"113Y12M"
"67000","臺南市","67000330","南區","67000330-035","文南里",2170,5481,2583,2898,"113Y12M"
"67000","臺南市","67000330","南區","67000330-036","鯤鯓里",672,1840,945,895,"113Y12M"
"67000","臺南市","67000330","南區","67000330-037","松安里",647,1955,1046,909,"113Y12M"
"67000","臺南市","67000330","南區","67000330-038","永寧里",636,1827,972,855,"113Y12M"
"67000","臺南市","67000330","南區","67000330-039","南華里",1084,2594,1259,1335,"113Y12M"
"67000","臺南市","67000330","南區","67000330-040","鹽埕里",1557,3943,2008,1935,"113Y12M"
"67000","臺南市","67000340","北區","67000340-001","開元里",1507,3502,1715,1787,"113Y12M"
"67000","臺南市","67000340","北區","67000340-004","東興里",950,2247,1127,1120,"113Y12M"
"67000","臺南市","67000340","北區","67000340-005","力行里",1064,2521,1242,1279,"113Y12M"
"67000","臺南市","67000340","北區","67000340-007","振興里",937,2008,985,1023,"113Y12M"
"67000","臺南市","67000340","北區","67000340-008","仁愛里",1173,2343,1112,1231,"113Y12M"
"67000","臺南市","67000340","北區","67000340-018","大豐里",1831,4536,2207,2329,"113Y12M"
"67000","臺南市","67000340","北區","67000340-019","重興里",1051,2171,1047,1124,"113Y12M"
"67000","臺南市","67000340","北區","67000340-020","和順里",2406,5649,2592,3057,"113Y12M"
"67000","臺南市","67000340","北區","67000340-023","正覺里",1386,3238,1595,1643,"113Y12M"
"67000","臺南市","67000340","北區","67000340-024","成功里",2096,5462,2605,2857,"113Y12M"
"67000","臺南市","67000340","北區","67000340-025","文元里",1518,4228,2047,2181,"113Y12M"
"67000","臺南市","67000340","北區","67000340-026","大港里",2161,5795,2849,2946,"113Y12M"
"67000","臺南市","67000340","北區","67000340-032","中樓里",702,1412,666,746,"113Y12M"
"67000","臺南市","67000340","北區","67000340-033","公園里",1089,1938,876,1062,"113Y12M"
"67000","臺南市","67000340","北區","67000340-038","元寶里",2694,4929,2170,2759,"113Y12M"
"67000","臺南市","67000340","北區","67000340-039","永祥里",1276,3165,1567,1598,"113Y12M"
"67000","臺南市","67000340","北區","67000340-040","成德里",2004,5428,2576,2852,"113Y12M"
"67000","臺南市","67000340","北區","67000340-041","文成里",1224,3282,1617,1665,"113Y12M"
"67000","臺南市","67000340","北區","67000340-042","大和里",1442,3981,1915,2066,"113Y12M"
"67000","臺南市","67000340","北區","67000340-043","賢北里",1552,4160,2100,2060,"113Y12M"
"67000","臺南市","67000340","北區","67000340-044","長勝里",1953,3993,1920,2073,"113Y12M"
"67000","臺南市","67000340","北區","67000340-045","合興里",1604,3593,1755,1838,"113Y12M"
"67000","臺南市","67000340","北區","67000340-046","北門里",2423,5584,2717,2867,"113Y12M"
"67000","臺南市","67000340","北區","67000340-047","小北里",1765,4118,2049,2069,"113Y12M"
"67000","臺南市","67000340","北區","67000340-048","大光里",2475,5170,2392,2778,"113Y12M"
"67000","臺南市","67000340","北區","67000340-049","大興里",1431,3101,1549,1552,"113Y12M"
"67000","臺南市","67000340","北區","67000340-050","長興里",1305,2933,1420,1513,"113Y12M"
"67000","臺南市","67000340","北區","67000340-051","北華里",2174,4220,2235,1985,"113Y12M"
"67000","臺南市","67000340","北區","67000340-052","華德里",1905,5077,2393,2684,"113Y12M"
"67000","臺南市","67000340","北區","67000340-053","福德里",2700,6917,3278,3639,"113Y12M"
"67000","臺南市","67000340","北區","67000340-054","立人里",1357,2930,1372,1558,"113Y12M"
"67000","臺南市","67000340","北區","67000340-055","雙安里",1082,2553,1234,1319,"113Y12M"
"67000","臺南市","67000340","北區","67000340-056","元美里",1299,3637,1799,1838,"113Y12M"
"67000","臺南市","67000350","安南區","67000350-001","東和里",1776,4081,2049,2032,"113Y12M"
"67000","臺南市","67000350","安南區","67000350-002","安順里",2106,6011,3026,2985,"113Y12M"
"67000","臺南市","67000350","安南區","67000350-003","塭南里",1806,5580,2748,2832,"113Y12M"
"67000","臺南市","67000350","安南區","67000350-004","州南里",2258,6389,3207,3182,"113Y12M"
"67000","臺南市","67000350","安南區","67000350-005","州北里",1760,5384,2680,2704,"113Y12M"
"67000","臺南市","67000350","安南區","67000350-006","安東里",1212,3231,1657,1574,"113Y12M"
"67000","臺南市","67000350","安南區","67000350-007","安西里",1750,4411,2197,2214,"113Y12M"
"67000","臺南市","67000350","安南區","67000350-008","頂安里",2106,5628,2826,2802,"113Y12M"
"67000","臺南市","67000350","安南區","67000350-009","安慶里",2880,7449,3696,3753,"113Y12M"
"67000","臺南市","67000350","安南區","67000350-010","新順里",2889,8016,3998,4018,"113Y12M"
"67000","臺南市","67000350","安南區","67000350-011","原佃里",985,2627,1352,1275,"113Y12M"
"67000","臺南市","67000350","安南區","67000350-012","總頭里",717,1990,1039,951,"113Y12M"
"67000","臺南市","67000350","安南區","67000350-013","長安里",2011,5705,2942,2763,"113Y12M"
"67000","臺南市","67000350","安南區","67000350-014","公親里",419,1272,653,619,"113Y12M"
"67000","臺南市","67000350","安南區","67000350-015","海東里",2478,6781,3388,3393,"113Y12M"
"67000","臺南市","67000350","安南區","67000350-016","海西里",1143,3237,1627,1610,"113Y12M"
"67000","臺南市","67000350","安南區","67000350-017","海南里",1605,3888,1861,2027,"113Y12M"
"67000","臺南市","67000350","安南區","67000350-018","溪心里",3926,10027,5237,4790,"113Y12M"
"67000","臺南市","67000350","安南區","67000350-019","?田里",734,1843,925,918,"113Y12M"
"67000","臺南市","67000350","安南區","67000350-020","淵東里",1982,5877,2939,2938,"113Y12M"
"67000","臺南市","67000350","安南區","67000350-021","淵西里",1737,4964,2440,2524,"113Y12M"
"67000","臺南市","67000350","安南區","67000350-022","佃東里",1456,3938,2070,1868,"113Y12M"
"67000","臺南市","67000350","安南區","67000350-023","佃西里",933,2506,1276,1230,"113Y12M"
"67000","臺南市","67000350","安南區","67000350-024","公塭里",394,1143,595,548,"113Y12M"
"67000","臺南市","67000350","安南區","67000350-025","南興里",845,2172,1128,1044,"113Y12M"
"67000","臺南市","67000350","安南區","67000350-026","學東里",1281,3332,1722,1610,"113Y12M"
"67000","臺南市","67000350","安南區","67000350-027","城東里",625,1820,931,889,"113Y12M"
"67000","臺南市","67000350","安南區","67000350-028","城北里",603,1764,880,884,"113Y12M"
"67000","臺南市","67000350","安南區","67000350-029","城中里",391,1219,579,640,"113Y12M"
"67000","臺南市","67000350","安南區","67000350-030","城南里",1328,3872,1924,1948,"113Y12M"
"67000","臺南市","67000350","安南區","67000350-031","城西里",534,1646,808,838,"113Y12M"
"67000","臺南市","67000350","安南區","67000350-032","青草里",500,1667,853,814,"113Y12M"
"67000","臺南市","67000350","安南區","67000350-033","砂崙里",451,1496,772,724,"113Y12M"
"67000","臺南市","67000350","安南區","67000350-035","鹿耳里",331,947,482,465,"113Y12M"
"67000","臺南市","67000350","安南區","67000350-036","四草里",658,2105,1063,1042,"113Y12M"
"67000","臺南市","67000350","安南區","67000350-037","安和里",909,2425,1195,1230,"113Y12M"
"67000","臺南市","67000350","安南區","67000350-038","溪北里",1194,3018,1469,1549,"113Y12M"
"67000","臺南市","67000350","安南區","67000350-039","溪頂里",1871,5181,2495,2686,"113Y12M"
"67000","臺南市","67000350","安南區","67000350-040","溪墘里",1263,3545,1763,1782,"113Y12M"
"67000","臺南市","67000350","安南區","67000350-041","海佃里",1679,5064,2510,2554,"113Y12M"
"67000","臺南市","67000350","安南區","67000350-042","幸福里",1465,4201,2135,2066,"113Y12M"
"67000","臺南市","67000350","安南區","67000350-043","鳳凰里",2078,5035,2394,2641,"113Y12M"
"67000","臺南市","67000350","安南區","67000350-044","梅花里",1964,4855,2433,2422,"113Y12M"
"67000","臺南市","67000350","安南區","67000350-045","理想里",1810,5160,2555,2605,"113Y12M"
"67000","臺南市","67000350","安南區","67000350-046","溪東里",2105,5617,2710,2907,"113Y12M"
"67000","臺南市","67000350","安南區","67000350-047","淵中里",1423,3943,1970,1973,"113Y12M"
"67000","臺南市","67000350","安南區","67000350-048","布袋里",815,2034,1055,979,"113Y12M"
"67000","臺南市","67000350","安南區","67000350-049","國安里",3089,7207,3443,3764,"113Y12M"
"67000","臺南市","67000350","安南區","67000350-050","安富里",2276,6501,3242,3259,"113Y12M"
"67000","臺南市","67000350","安南區","67000350-051","大安里",1731,4445,2243,2202,"113Y12M"
"67000","臺南市","67000350","安南區","67000350-052","媽祖宮里",497,1589,780,809,"113Y12M"
"67000","臺南市","67000360","安平區","67000360-002","金城里",984,2383,1162,1221,"113Y12M"
"67000","臺南市","67000360","安平區","67000360-004","漁光里",200,415,229,186,"113Y12M"
"67000","臺南市","67000360","安平區","67000360-005","建平里",2815,6546,3046,3500,"113Y12M"
"67000","臺南市","67000360","安平區","67000360-006","怡平里",2285,5172,2401,2771,"113Y12M"
"67000","臺南市","67000360","安平區","67000360-007","華平里",2297,5525,2636,2889,"113Y12M"
"67000","臺南市","67000360","安平區","67000360-008","平通里",4015,8880,4048,4832,"113Y12M"
"67000","臺南市","67000360","安平區","67000360-009","文平里",2680,6436,3008,3428,"113Y12M"
"67000","臺南市","67000360","安平區","67000360-010","國平里",5253,11107,5093,6014,"113Y12M"
"67000","臺南市","67000360","安平區","67000360-011","育平里",4369,9930,4530,5400,"113Y12M"
"67000","臺南市","67000360","安平區","67000360-012","億載里",1464,3886,1869,2017,"113Y12M"
"67000","臺南市","67000360","安平區","67000360-015","平安里",1464,3575,1713,1862,"113Y12M"
"67000","臺南市","67000360","安平區","67000360-016","天妃里",1353,3408,1730,1678,"113Y12M"
"67000","臺南市","67000360","安平區","67000360-017","王城里",1132,3058,1512,1546,"113Y12M"
"67000","臺南市","67000370","中西區","67000370-005","赤嵌里",1988,4576,2269,2307,"113Y12M"
"67000","臺南市","67000370","中西區","67000370-007","郡王里",1692,4281,1987,2294,"113Y12M"
"67000","臺南市","67000370","中西區","67000370-009","法華里",1535,3926,1754,2172,"113Y12M"
"67000","臺南市","67000370","中西區","67000370-011","開山里",1252,3084,1484,1600,"113Y12M"
"67000","臺南市","67000370","中西區","67000370-016","永華里",1405,3409,1599,1810,"113Y12M"
"67000","臺南市","67000370","中西區","67000370-022","藥王里",1567,3408,1667,1741,"113Y12M"
"67000","臺南市","67000370","中西區","67000370-025","光賢里",1569,3962,1929,2033,"113Y12M"
"67000","臺南市","67000370","中西區","67000370-031","大涼里",1369,3048,1423,1625,"113Y12M"
"67000","臺南市","67000370","中西區","67000370-033","西湖里",2923,6938,3247,3691,"113Y12M"
"67000","臺南市","67000370","中西區","67000370-034","西賢里",2133,5585,2788,2797,"113Y12M"
"67000","臺南市","67000370","中西區","67000370-039","城隍里",2185,4795,2290,2505,"113Y12M"
"67000","臺南市","67000370","中西區","67000370-040","南美里",1682,4000,1941,2059,"113Y12M"
"67000","臺南市","67000370","中西區","67000370-041","南門里",1384,3337,1484,1853,"113Y12M"
"67000","臺南市","67000370","中西區","67000370-042","小西門里",1574,3417,1604,1813,"113Y12M"
"67000","臺南市","67000370","中西區","67000370-043","五條港里",983,1985,1020,965,"113Y12M"
"67000","臺南市","67000370","中西區","67000370-044","兌悅里",1955,4140,2162,1978,"113Y12M"
"67000","臺南市","67000370","中西區","67000370-045","淺草里",1448,2667,1286,1381,"113Y12M"
"67000","臺南市","67000370","中西區","67000370-046","府前里",1021,2013,994,1019,"113Y12M"
"67000","臺南市","67000370","中西區","67000370-047","南廠里",1878,3972,2013,1959,"113Y12M"
"67000","臺南市","67000370","中西區","67000370-048","西和里",2093,4581,2180,2401,"113Y12M"
"64000","高雄市","64000010","鹽埕區","64000010-001","藍橋里",595,1365,647,718,"113Y12M"
"64000","高雄市","64000010","鹽埕區","64000010-002","慈愛里",156,335,166,169,"113Y12M"
"64000","高雄市","64000010","鹽埕區","64000010-003","博愛里",322,630,299,331,"113Y12M"
"64000","高雄市","64000010","鹽埕區","64000010-004","壽星里",736,1323,677,646,"113Y12M"
"64000","高雄市","64000010","鹽埕區","64000010-005","中山里",696,1430,682,748,"113Y12M"
"64000","高雄市","64000010","鹽埕區","64000010-006","教仁里",932,2003,946,1057,"113Y12M"
"64000","高雄市","64000010","鹽埕區","64000010-007","新樂里",377,822,414,408,"113Y12M"
"64000","高雄市","64000010","鹽埕區","64000010-008","中原里",284,577,273,304,"113Y12M"
"64000","高雄市","64000010","鹽埕區","64000010-009","光明里",877,1521,774,747,"113Y12M"
"64000","高雄市","64000010","鹽埕區","64000010-010","育仁里",403,850,405,445,"113Y12M"
"64000","高雄市","64000010","鹽埕區","64000010-011","河濱里",747,1605,760,845,"113Y12M"
"64000","高雄市","64000010","鹽埕區","64000010-012","沙地里",280,687,325,362,"113Y12M"
"64000","高雄市","64000010","鹽埕區","64000010-013","南端里",465,985,485,500,"113Y12M"
"64000","高雄市","64000010","鹽埕區","64000010-014","港都里",544,1092,531,561,"113Y12M"
"64000","高雄市","64000010","鹽埕區","64000010-015","江西里",486,1058,550,508,"113Y12M"
"64000","高雄市","64000010","鹽埕區","64000010-016","新豐里",449,902,442,460,"113Y12M"
"64000","高雄市","64000010","鹽埕區","64000010-017","府北里",1271,2228,1105,1123,"113Y12M"
"64000","高雄市","64000010","鹽埕區","64000010-018","陸橋里",522,1117,546,571,"113Y12M"
"64000","高雄市","64000010","鹽埕區","64000010-019","瀨南里",284,560,286,274,"113Y12M"
"64000","高雄市","64000010","鹽埕區","64000010-020","新化里",258,591,311,280,"113Y12M"
"64000","高雄市","64000010","鹽埕區","64000010-021","江南里",253,594,296,298,"113Y12M"
"64000","高雄市","64000020","鼓山區","64000020-001","鼓峰里",959,2009,942,1067,"113Y12M"
"64000","高雄市","64000020","鼓山區","64000020-002","雄峰里",1019,2026,958,1068,"113Y12M"
"64000","高雄市","64000020","鼓山區","64000020-003","前峰里",1929,4228,2062,2166,"113Y12M"
"64000","高雄市","64000020","鼓山區","64000020-004","光榮里",1552,3729,1899,1830,"113Y12M"
"64000","高雄市","64000020","鼓山區","64000020-005","民族里",572,1375,688,687,"113Y12M"
"64000","高雄市","64000020","鼓山區","64000020-006","內惟里",504,1088,563,525,"113Y12M"
"64000","高雄市","64000020","鼓山區","64000020-007","建國里",1052,2583,1320,1263,"113Y12M"
"64000","高雄市","64000020","鼓山區","64000020-008","忠正里",1679,3886,1844,2042,"113Y12M"
"64000","高雄市","64000020","鼓山區","64000020-009","自強里",338,679,348,331,"113Y12M"
"64000","高雄市","64000020","鼓山區","64000020-010","龍井里",549,1224,609,615,"113Y12M"
"64000","高雄市","64000020","鼓山區","64000020-011","正德里",886,2107,1060,1047,"113Y12M"
"64000","高雄市","64000020","鼓山區","64000020-012","平和里",1522,3671,1761,1910,"113Y12M"
"64000","高雄市","64000020","鼓山區","64000020-013","民強里",1096,2645,1307,1338,"113Y12M"
"64000","高雄市","64000020","鼓山區","64000020-014","厚生里",1425,3256,1619,1637,"113Y12M"
"64000","高雄市","64000020","鼓山區","64000020-015","龍子里",9043,21121,9685,11436,"113Y12M"
"64000","高雄市","64000020","鼓山區","64000020-016","龍水里",15718,35127,15892,19235,"113Y12M"
"64000","高雄市","64000020","鼓山區","64000020-017","明誠里",8882,20487,9401,11086,"113Y12M"
"64000","高雄市","64000020","鼓山區","64000020-018","華豐里",1874,4035,1938,2097,"113Y12M"
"64000","高雄市","64000020","鼓山區","64000020-019","裕興里",1570,3516,1731,1785,"113Y12M"
"64000","高雄市","64000020","鼓山區","64000020-020","裕豐里",1204,2544,1227,1317,"113Y12M"
"64000","高雄市","64000020","鼓山區","64000020-021","鼓岩里",527,1169,566,603,"113Y12M"
"64000","高雄市","64000020","鼓山區","64000020-022","樹德里",458,1154,577,577,"113Y12M"
"64000","高雄市","64000020","鼓山區","64000020-023","寶樹里",1289,1987,1175,812,"113Y12M"
"64000","高雄市","64000020","鼓山區","64000020-024","興宗里",606,1263,646,617,"113Y12M"
"64000","高雄市","64000020","鼓山區","64000020-025","光化里",608,1267,628,639,"113Y12M"
"64000","高雄市","64000020","鼓山區","64000020-026","山下里",674,1372,667,705,"113Y12M"
"64000","高雄市","64000020","鼓山區","64000020-027","河邊里",512,1117,560,557,"113Y12M"
"64000","高雄市","64000020","鼓山區","64000020-028","綠川里",622,1399,728,671,"113Y12M"
"64000","高雄市","64000020","鼓山區","64000020-029","登山里",310,597,325,272,"113Y12M"
"64000","高雄市","64000020","鼓山區","64000020-030","峰南里",361,775,400,375,"113Y12M"
"64000","高雄市","64000020","鼓山區","64000020-031","麗興里",446,957,471,486,"113Y12M"
"64000","高雄市","64000020","鼓山區","64000020-032","新民里",430,976,504,472,"113Y12M"
"64000","高雄市","64000020","鼓山區","64000020-033","延平里",327,739,367,372,"113Y12M"
"64000","高雄市","64000020","鼓山區","64000020-034","維生里",540,1204,581,623,"113Y12M"
"64000","高雄市","64000020","鼓山區","64000020-035","惠安里",484,1121,602,519,"113Y12M"
"64000","高雄市","64000020","鼓山區","64000020-036","壽山里",568,1334,675,659,"113Y12M"
"64000","高雄市","64000020","鼓山區","64000020-037","哨船頭里",481,977,498,479,"113Y12M"
"64000","高雄市","64000020","鼓山區","64000020-038","桃源里",254,533,310,223,"113Y12M"
"64000","高雄市","64000030","左營區","64000030-001","進學里",1805,2730,1587,1143,"113Y12M"
"64000","高雄市","64000030","左營區","64000030-002","尾西里",462,994,498,496,"113Y12M"
"64000","高雄市","64000030","左營區","64000030-003","頂北里",261,533,266,267,"113Y12M"
"64000","高雄市","64000030","左營區","64000030-004","中北里",259,562,283,279,"113Y12M"
"64000","高雄市","64000030","左營區","64000030-005","中南里",232,462,255,207,"113Y12M"
"64000","高雄市","64000030","左營區","64000030-006","廟東里",357,832,434,398,"113Y12M"
"64000","高雄市","64000030","左營區","64000030-007","廟北里",412,837,427,410,"113Y12M"
"64000","高雄市","64000030","左營區","64000030-008","尾南里",346,726,358,368,"113Y12M"
"64000","高雄市","64000030","左營區","64000030-009","尾北里",1613,3444,1706,1738,"113Y12M"
"64000","高雄市","64000030","左營區","64000030-011","屏山里",809,1564,703,861,"113Y12M"
"64000","高雄市","64000030","左營區","64000030-012","祥和里",180,355,168,187,"113Y12M"
"64000","高雄市","64000030","左營區","64000030-013","永清里",477,1448,708,740,"113Y12M"
"64000","高雄市","64000030","左營區","64000030-015","莒光里",778,1796,868,928,"113Y12M"
"64000","高雄市","64000030","左營區","64000030-016","光輝里",1228,2735,1321,1414,"113Y12M"
"64000","高雄市","64000030","左營區","64000030-017","合群里",1394,2823,1392,1431,"113Y12M"
"64000","高雄市","64000030","左營區","64000030-019","明建里",494,920,438,482,"113Y12M"
"64000","高雄市","64000030","左營區","64000030-021","頂西里",414,914,453,461,"113Y12M"
"64000","高雄市","64000030","左營區","64000030-022","聖后里",343,748,395,353,"113Y12M"
"64000","高雄市","64000030","左營區","64000030-023","聖西里",163,331,187,144,"113Y12M"
"64000","高雄市","64000030","左營區","64000030-024","聖南里",212,535,261,274,"113Y12M"
"64000","高雄市","64000030","左營區","64000030-025","城南里",214,458,243,215,"113Y12M"
"64000","高雄市","64000030","左營區","64000030-026","路東里",303,700,365,335,"113Y12M"
"64000","高雄市","64000030","左營區","64000030-027","?北里",186,412,216,196,"113Y12M"
"64000","高雄市","64000030","左營區","64000030-028","?南里",272,598,323,275,"113Y12M"
"64000","高雄市","64000030","左營區","64000030-029","埤西里",403,838,432,406,"113Y12M"
"64000","高雄市","64000030","左營區","64000030-030","埤北里",691,1229,615,614,"113Y12M"
"64000","高雄市","64000030","左營區","64000030-031","埤東里",458,885,454,431,"113Y12M"
"64000","高雄市","64000030","左營區","64000030-032","海勝里",2735,5888,2810,3078,"113Y12M"
"64000","高雄市","64000030","左營區","64000030-034","崇實里",2108,4094,1959,2135,"113Y12M"
"64000","高雄市","64000030","左營區","64000030-035","自助里",1825,2831,1295,1536,"113Y12M"
"64000","高雄市","64000030","左營區","64000030-036","果貿里",1556,2913,1338,1575,"113Y12M"
"64000","高雄市","64000030","左營區","64000030-037","果惠里",757,1473,673,800,"113Y12M"
"64000","高雄市","64000030","左營區","64000030-038","果峰里",812,1590,750,840,"113Y12M"
"64000","高雄市","64000030","左營區","64000030-039","新下里",7279,16374,7523,8851,"113Y12M"
"64000","高雄市","64000030","左營區","64000030-040","新上里",12925,30003,13848,16155,"113Y12M"
"64000","高雄市","64000030","左營區","64000030-041","新中里",1992,5331,2604,2727,"113Y12M"
"64000","高雄市","64000030","左營區","64000030-042","新光里",6710,16675,7862,8813,"113Y12M"
"64000","高雄市","64000030","左營區","64000030-043","菜公里",14038,34890,16488,18402,"113Y12M"
"64000","高雄市","64000030","左營區","64000030-044","福山里",18449,45313,21222,24091,"113Y12M"
"64000","高雄市","64000040","楠梓區","64000040-001","清豐里",11151,28455,13835,14620,"113Y12M"
"64000","高雄市","64000040","楠梓區","64000040-002","東寧里",2505,6166,2878,3288,"113Y12M"
"64000","高雄市","64000040","楠梓區","64000040-003","五常里",3220,7793,3784,4009,"113Y12M"
"64000","高雄市","64000040","楠梓區","64000040-004","享平里",1561,3644,1717,1927,"113Y12M"
"64000","高雄市","64000040","楠梓區","64000040-005","中陽里",1761,3982,1928,2054,"113Y12M"
"64000","高雄市","64000040","楠梓區","64000040-006","惠楠里",1893,3588,1876,1712,"113Y12M"
"64000","高雄市","64000040","楠梓區","64000040-007","惠民里",2612,5535,2730,2805,"113Y12M"
"64000","高雄市","64000040","楠梓區","64000040-008","惠豐里",2444,5399,2608,2791,"113Y12M"
"64000","高雄市","64000040","楠梓區","64000040-009","錦屏里",1187,2940,1476,1464,"113Y12M"
"64000","高雄市","64000040","楠梓區","64000040-010","玉屏里",791,2129,1098,1031,"113Y12M"
"64000","高雄市","64000040","楠梓區","64000040-011","金田里",2412,4968,2422,2546,"113Y12M"
"64000","高雄市","64000040","楠梓區","64000040-012","稔田里",676,1628,843,785,"113Y12M"
"64000","高雄市","64000040","楠梓區","64000040-013","瑞屏里",1720,3891,1888,2003,"113Y12M"
"64000","高雄市","64000040","楠梓區","64000040-014","翠屏里",8138,18161,8789,9372,"113Y12M"
"64000","高雄市","64000040","楠梓區","64000040-015","宏南里",350,757,358,399,"113Y12M"
"64000","高雄市","64000040","楠梓區","64000040-016","宏毅里",889,2421,1186,1235,"113Y12M"
"64000","高雄市","64000040","楠梓區","64000040-017","宏榮里",1153,3058,1512,1546,"113Y12M"
"64000","高雄市","64000040","楠梓區","64000040-018","廣昌里",1254,3190,1530,1660,"113Y12M"
"64000","高雄市","64000040","楠梓區","64000040-019","久昌里",1341,3203,1538,1665,"113Y12M"
"64000","高雄市","64000040","楠梓區","64000040-020","大昌里",936,2300,1086,1214,"113Y12M"
"64000","高雄市","64000040","楠梓區","64000040-021","福昌里",869,2294,1167,1127,"113Y12M"
"64000","高雄市","64000040","楠梓區","64000040-022","盛昌里",2250,6242,3083,3159,"113Y12M"
"64000","高雄市","64000040","楠梓區","64000040-023","泰昌里",614,1573,778,795,"113Y12M"
"64000","高雄市","64000040","楠梓區","64000040-024","興昌里",1950,5062,2505,2557,"113Y12M"
"64000","高雄市","64000040","楠梓區","64000040-025","建昌里",1183,2773,1362,1411,"113Y12M"
"64000","高雄市","64000040","楠梓區","64000040-026","宏昌里",1542,3797,1809,1988,"113Y12M"
"64000","高雄市","64000040","楠梓區","64000040-027","和昌里",933,2122,1025,1097,"113Y12M"
"64000","高雄市","64000040","楠梓區","64000040-028","慶昌里",1428,3447,1666,1781,"113Y12M"
"64000","高雄市","64000040","楠梓區","64000040-029","隆昌里",1511,3558,1746,1812,"113Y12M"
"64000","高雄市","64000040","楠梓區","64000040-030","秀昌里",988,2276,1090,1186,"113Y12M"
"64000","高雄市","64000040","楠梓區","64000040-031","裕昌里",2242,5646,2750,2896,"113Y12M"
"64000","高雄市","64000040","楠梓區","64000040-032","國昌里",1499,3998,1998,2000,"113Y12M"
"64000","高雄市","64000040","楠梓區","64000040-033","加昌里",4072,9729,4617,5112,"113Y12M"
"64000","高雄市","64000040","楠梓區","64000040-034","仁昌里",2689,6040,2825,3215,"113Y12M"
"64000","高雄市","64000040","楠梓區","64000040-035","藍田里",5269,11461,5586,5875,"113Y12M"
"64000","高雄市","64000040","楠梓區","64000040-036","中興里",1398,3090,1542,1548,"113Y12M"
"64000","高雄市","64000040","楠梓區","64000040-037","中和里",3871,8088,3961,4127,"113Y12M"
"64000","高雄市","64000050","三民區","64000050-001","鼎金里",1780,4244,2068,2176,"113Y12M"
"64000","高雄市","64000050","三民區","64000050-002","鼎盛里",3540,8776,4198,4578,"113Y12M"
"64000","高雄市","64000050","三民區","64000050-003","鼎強里",1714,4372,2134,2238,"113Y12M"
"64000","高雄市","64000050","三民區","64000050-004","鼎力里",1802,4354,2104,2250,"113Y12M"
"64000","高雄市","64000050","三民區","64000050-005","鼎西里",3420,7817,3682,4135,"113Y12M"
"64000","高雄市","64000050","三民區","64000050-006","鼎中里",1869,4159,1992,2167,"113Y12M"
"64000","高雄市","64000050","三民區","64000050-007","鼎泰里",10181,24816,11545,13271,"113Y12M"
"64000","高雄市","64000050","三民區","64000050-008","本館里",4005,9199,4425,4774,"113Y12M"
"64000","高雄市","64000050","三民區","64000050-009","本和里",3258,7919,3776,4143,"113Y12M"
"64000","高雄市","64000050","三民區","64000050-010","本文里",904,1999,965,1034,"113Y12M"
"64000","高雄市","64000050","三民區","64000050-011","本武里",799,1966,959,1007,"113Y12M"
"64000","高雄市","64000050","三民區","64000050-012","本元里",2378,6127,2844,3283,"113Y12M"
"64000","高雄市","64000050","三民區","64000050-013","本安里",1943,5415,2568,2847,"113Y12M"
"64000","高雄市","64000050","三民區","64000050-014","本上里",2081,5828,2695,3133,"113Y12M"
"64000","高雄市","64000050","三民區","64000050-015","本揚里",3534,9265,4379,4886,"113Y12M"
"64000","高雄市","64000050","三民區","64000050-016","寶獅里",1624,3694,1773,1921,"113Y12M"
"64000","高雄市","64000050","三民區","64000050-017","寶德里",2358,5337,2566,2771,"113Y12M"
"64000","高雄市","64000050","三民區","64000050-018","寶泰里",2024,4298,1996,2302,"113Y12M"
"64000","高雄市","64000050","三民區","64000050-019","寶興里",3210,7196,3360,3836,"113Y12M"
"64000","高雄市","64000050","三民區","64000050-020","寶中里",1243,3057,1483,1574,"113Y12M"
"64000","高雄市","64000050","三民區","64000050-021","寶華里",1511,3587,1671,1916,"113Y12M"
"64000","高雄市","64000050","三民區","64000050-022","寶國里",3647,9326,4330,4996,"113Y12M"
"64000","高雄市","64000050","三民區","64000050-023","寶民里",1454,3531,1707,1824,"113Y12M"
"64000","高雄市","64000050","三民區","64000050-024","寶慶里",1255,3050,1460,1590,"113Y12M"
"64000","高雄市","64000050","三民區","64000050-025","寶業里",3048,7358,3431,3927,"113Y12M"
"64000","高雄市","64000050","三民區","64000050-026","寶盛里",2352,5270,2518,2752,"113Y12M"
"64000","高雄市","64000050","三民區","64000050-027","寶安里",3470,7649,3565,4084,"113Y12M"
"64000","高雄市","64000050","三民區","64000050-028","寶龍里",1858,4414,2156,2258,"113Y12M"
"64000","高雄市","64000050","三民區","64000050-029","寶珠里",4060,7217,3921,3296,"113Y12M"
"64000","高雄市","64000050","三民區","64000050-030","寶玉里",3932,9794,4577,5217,"113Y12M"
"64000","高雄市","64000050","三民區","64000050-031","灣子里",1982,4257,2043,2214,"113Y12M"
"64000","高雄市","64000050","三民區","64000050-032","灣愛里",1430,3108,1541,1567,"113Y12M"
"64000","高雄市","64000050","三民區","64000050-033","灣中里",2840,5682,2725,2957,"113Y12M"
"64000","高雄市","64000050","三民區","64000050-034","灣華里",1360,2741,1326,1415,"113Y12M"
"64000","高雄市","64000050","三民區","64000050-035","灣勝里",842,1869,908,961,"113Y12M"
"64000","高雄市","64000050","三民區","64000050-036","灣利里",1413,3171,1561,1610,"113Y12M"
"64000","高雄市","64000050","三民區","64000050-037","灣復里",1914,3768,1804,1964,"113Y12M"
"64000","高雄市","64000050","三民區","64000050-038","正興里",6048,14060,6617,7443,"113Y12M"
"64000","高雄市","64000050","三民區","64000050-039","正順里",1891,4184,1979,2205,"113Y12M"
"64000","高雄市","64000050","三民區","64000050-040","灣興里",796,2037,986,1051,"113Y12M"
"64000","高雄市","64000050","三民區","64000050-041","灣成里",1598,3349,1603,1746,"113Y12M"
"64000","高雄市","64000050","三民區","64000050-042","安康里",1309,2823,1391,1432,"113Y12M"
"64000","高雄市","64000050","三民區","64000050-043","安寧里",886,1801,912,889,"113Y12M"
"64000","高雄市","64000050","三民區","64000050-044","安吉里",2595,5486,2534,2952,"113Y12M"
"64000","高雄市","64000050","三民區","64000050-045","安發里",2061,4816,2227,2589,"113Y12M"
"64000","高雄市","64000050","三民區","64000050-046","安東里",1572,3448,1630,1818,"113Y12M"
"64000","高雄市","64000050","三民區","64000050-047","安和里",1250,2810,1335,1475,"113Y12M"
"64000","高雄市","64000050","三民區","64000050-048","達德里",575,1337,673,664,"113Y12M"
"64000","高雄市","64000050","三民區","64000050-049","達明里",753,1687,791,896,"113Y12M"
"64000","高雄市","64000050","三民區","64000050-050","達仁里",639,1518,729,789,"113Y12M"
"64000","高雄市","64000050","三民區","64000050-051","達勇里",453,948,484,464,"113Y12M"
"64000","高雄市","64000050","三民區","64000050-052","同德里",1272,2801,1386,1415,"113Y12M"
"64000","高雄市","64000050","三民區","64000050-053","德智里",1071,2377,1118,1259,"113Y12M"
"64000","高雄市","64000050","三民區","64000050-054","德仁里",922,1969,947,1022,"113Y12M"
"64000","高雄市","64000050","三民區","64000050-055","安生里",995,1872,913,959,"113Y12M"
"64000","高雄市","64000050","三民區","64000050-056","德東里",364,782,381,401,"113Y12M"
"64000","高雄市","64000050","三民區","64000050-057","德行里",474,1090,544,546,"113Y12M"
"64000","高雄市","64000050","三民區","64000050-058","精華里",725,1556,760,796,"113Y12M"
"64000","高雄市","64000050","三民區","64000050-059","民享里",880,1995,978,1017,"113Y12M"
"64000","高雄市","64000050","三民區","64000050-060","安宜里",1403,3361,1619,1742,"113Y12M"
"64000","高雄市","64000050","三民區","64000050-061","安泰里",1823,3998,1932,2066,"113Y12M"
"64000","高雄市","64000050","三民區","64000050-062","安邦里",1820,4108,1996,2112,"113Y12M"
"64000","高雄市","64000050","三民區","64000050-063","十全里",794,1810,856,954,"113Y12M"
"64000","高雄市","64000050","三民區","64000050-064","十美里",828,1816,887,929,"113Y12M"
"64000","高雄市","64000050","三民區","64000050-065","德北里",1207,2479,1172,1307,"113Y12M"
"64000","高雄市","64000050","三民區","64000050-066","立誠里",428,830,395,435,"113Y12M"
"64000","高雄市","64000050","三民區","64000050-067","立業里",424,916,444,472,"113Y12M"
"64000","高雄市","64000050","三民區","64000050-068","港東里",806,1415,676,739,"113Y12M"
"64000","高雄市","64000050","三民區","64000050-069","港新里",891,1824,883,941,"113Y12M"
"64000","高雄市","64000050","三民區","64000050-070","港西里",470,773,394,379,"113Y12M"
"64000","高雄市","64000050","三民區","64000050-072","博愛里",628,1158,555,603,"113Y12M"
"64000","高雄市","64000050","三民區","64000050-073","博惠里",1977,4473,2126,2347,"113Y12M"
"64000","高雄市","64000050","三民區","64000050-074","長明里",522,1058,525,533,"113Y12M"
"64000","高雄市","64000050","三民區","64000050-075","建東里",770,1227,549,678,"113Y12M"
"64000","高雄市","64000050","三民區","64000050-076","興德里",1099,2066,970,1096,"113Y12M"
"64000","高雄市","64000050","三民區","64000050-077","鳳南里",550,1070,525,545,"113Y12M"
"64000","高雄市","64000050","三民區","64000050-078","鳳北里",598,1312,660,652,"113Y12M"
"64000","高雄市","64000050","三民區","64000050-079","德西里",1527,2564,1184,1380,"113Y12M"
"64000","高雄市","64000050","三民區","64000050-081","豐裕里",1064,2453,1195,1258,"113Y12M"
"64000","高雄市","64000050","三民區","64000050-082","川東里",547,1240,633,607,"113Y12M"
"64000","高雄市","64000050","三民區","64000050-083","裕民里",598,1421,703,718,"113Y12M"
"64000","高雄市","64000050","三民區","64000050-084","力行里",454,1067,555,512,"113Y12M"
"64000","高雄市","64000050","三民區","64000050-085","千歲里",554,1161,560,601,"113Y12M"
"64000","高雄市","64000050","三民區","64000050-086","立德里",594,1262,605,657,"113Y12M"
"64000","高雄市","64000050","三民區","64000050-087","千北里",453,1050,509,541,"113Y12M"
"64000","高雄市","64000050","三民區","64000050-088","千秋里",940,1999,985,1014,"113Y12M"
"64000","高雄市","64000060","新興區","64000060-001","浩然里",950,1845,855,990,"113Y12M"
"64000","高雄市","64000060","新興區","64000060-002","振成里",563,1046,489,557,"113Y12M"
"64000","高雄市","64000060","新興區","64000060-003","德生里",1544,3265,1459,1806,"113Y12M"
"64000","高雄市","64000060","新興區","64000060-004","振華里",540,1081,520,561,"113Y12M"
"64000","高雄市","64000060","新興區","64000060-005","正氣里",691,1386,643,743,"113Y12M"
"64000","高雄市","64000060","新興區","64000060-006","德政里",343,675,308,367,"113Y12M"
"64000","高雄市","64000060","新興區","64000060-007","仁聲里",640,1115,489,626,"113Y12M"
"64000","高雄市","64000060","新興區","64000060-008","德望里",952,1974,960,1014,"113Y12M"
"64000","高雄市","64000060","新興區","64000060-009","華聲里",475,958,467,491,"113Y12M"
"64000","高雄市","64000060","新興區","64000060-010","蕉園里",348,739,370,369,"113Y12M"
"64000","高雄市","64000060","新興區","64000060-011","永寧里",772,1494,700,794,"113Y12M"
"64000","高雄市","64000060","新興區","64000060-012","玉衡里",499,842,424,418,"113Y12M"
"64000","高雄市","64000060","新興區","64000060-013","順昌里",1247,2758,1324,1434,"113Y12M"
"64000","高雄市","64000060","新興區","64000060-014","文昌里",1581,3729,1754,1975,"113Y12M"
"64000","高雄市","64000060","新興區","64000060-015","光耀里",1145,2705,1298,1407,"113Y12M"
"64000","高雄市","64000060","新興區","64000060-016","興昌里",794,1861,852,1009,"113Y12M"
"64000","高雄市","64000060","新興區","64000060-017","開平里",1641,4018,1874,2144,"113Y12M"
"64000","高雄市","64000060","新興區","64000060-018","成功里",765,1430,667,763,"113Y12M"
"64000","高雄市","64000060","新興區","64000060-019","新江里",585,1135,537,598,"113Y12M"
"64000","高雄市","64000060","新興區","64000060-020","黎明里",444,845,449,396,"113Y12M"
"64000","高雄市","64000060","新興區","64000060-021","愛平里",557,1039,498,541,"113Y12M"
"64000","高雄市","64000060","新興區","64000060-022","南港里",1006,2079,1029,1050,"113Y12M"
"64000","高雄市","64000060","新興區","64000060-023","中東里",1629,3148,1546,1602,"113Y12M"
"64000","高雄市","64000060","新興區","64000060-024","明莊里",349,686,333,353,"113Y12M"
"64000","高雄市","64000060","新興區","64000060-025","大明里",579,1119,515,604,"113Y12M"
"64000","高雄市","64000060","新興區","64000060-026","秋山里",633,1063,504,559,"113Y12M"
"64000","高雄市","64000060","新興區","64000060-027","長驛里",534,956,464,492,"113Y12M"
"64000","高雄市","64000060","新興區","64000060-028","建興里",495,960,467,493,"113Y12M"
"64000","高雄市","64000060","新興區","64000060-029","建華里",504,895,438,457,"113Y12M"
"64000","高雄市","64000060","新興區","64000060-030","漢民里",398,798,374,424,"113Y12M"
"64000","高雄市","64000060","新興區","64000060-031","榮治里",343,727,345,382,"113Y12M"
"64000","高雄市","64000060","新興區","64000060-032","東坡里",622,1202,595,607,"113Y12M"
"64000","高雄市","64000070","前金區","64000070-001","三川里",565,1001,475,526,"113Y12M"
"64000","高雄市","64000070","前金區","64000070-002","草江里",836,1520,698,822,"113Y12M"
"64000","高雄市","64000070","前金區","64000070-003","長城里",709,1416,668,748,"113Y12M"
"64000","高雄市","64000070","前金區","64000070-004","北金里",438,855,405,450,"113Y12M"
"64000","高雄市","64000070","前金區","64000070-005","東金里",531,1011,466,545,"113Y12M"
"64000","高雄市","64000070","前金區","64000070-006","新生里",2019,3985,1851,2134,"113Y12M"
"64000","高雄市","64000070","前金區","64000070-007","後金里",296,641,334,307,"113Y12M"
"64000","高雄市","64000070","前金區","64000070-008","長興里",782,1344,621,723,"113Y12M"
"64000","高雄市","64000070","前金區","64000070-009","青山里",1209,2126,950,1176,"113Y12M"
"64000","高雄市","64000070","前金區","64000070-010","民生里",512,921,405,516,"113Y12M"
"64000","高雄市","64000070","前金區","64000070-011","復元里",561,1142,524,618,"113Y12M"
"64000","高雄市","64000070","前金區","64000070-012","林投里",632,1150,641,509,"113Y12M"
"64000","高雄市","64000070","前金區","64000070-013","國民里",514,996,486,510,"113Y12M"
"64000","高雄市","64000070","前金區","64000070-014","社東里",769,1554,682,872,"113Y12M"
"64000","高雄市","64000070","前金區","64000070-015","社西里",758,1338,586,752,"113Y12M"
"64000","高雄市","64000070","前金區","64000070-016","博孝里",538,1067,506,561,"113Y12M"
"64000","高雄市","64000070","前金區","64000070-017","長生里",934,1806,831,975,"113Y12M"
"64000","高雄市","64000070","前金區","64000070-018","榮復里",555,1091,509,582,"113Y12M"
"64000","高雄市","64000070","前金區","64000070-019","文西里",541,1044,478,566,"113Y12M"
"64000","高雄市","64000070","前金區","64000070-020","文東里",591,1191,548,643,"113Y12M"
"64000","高雄市","64000080","苓雅區","64000080-001","博仁里",343,687,307,380,"113Y12M"
"64000","高雄市","64000080","苓雅區","64000080-002","苓洲里",899,1658,759,899,"113Y12M"
"64000","高雄市","64000080","苓雅區","64000080-003","苓昇里",563,1196,584,612,"113Y12M"
"64000","高雄市","64000080","苓雅區","64000080-004","苓中里",827,1692,782,910,"113Y12M"
"64000","高雄市","64000080","苓雅區","64000080-005","苓雅里",776,1526,686,840,"113Y12M"
"64000","高雄市","64000080","苓雅區","64000080-006","苓東里",735,1460,687,773,"113Y12M"
"64000","高雄市","64000080","苓雅區","64000080-007","城北里",1108,2052,924,1128,"113Y12M"
"64000","高雄市","64000080","苓雅區","64000080-008","城西里",247,524,247,277,"113Y12M"
"64000","高雄市","64000080","苓雅區","64000080-009","城東里",1046,2060,972,1088,"113Y12M"
"64000","高雄市","64000080","苓雅區","64000080-010","意誠里",2323,4247,1936,2311,"113Y12M"
"64000","高雄市","64000080","苓雅區","64000080-011","鼓中里",429,947,459,488,"113Y12M"
"64000","高雄市","64000080","苓雅區","64000080-012","田西里",810,1505,705,800,"113Y12M"
"64000","高雄市","64000080","苓雅區","64000080-013","人和里",937,1833,874,959,"113Y12M"
"64000","高雄市","64000080","苓雅區","64000080-014","仁政里",649,1286,604,682,"113Y12M"
"64000","高雄市","64000080","苓雅區","64000080-015","廣澤里",810,1809,902,907,"113Y12M"
"64000","高雄市","64000080","苓雅區","64000080-016","美田里",541,1175,556,619,"113Y12M"
"64000","高雄市","64000080","苓雅區","64000080-017","華堂里",1530,3091,1420,1671,"113Y12M"
"64000","高雄市","64000080","苓雅區","64000080-018","日中里",1034,2200,1018,1182,"113Y12M"
"64000","高雄市","64000080","苓雅區","64000080-019","普照里",1657,3318,1560,1758,"113Y12M"
"64000","高雄市","64000080","苓雅區","64000080-020","和煦里",906,2033,1005,1028,"113Y12M"
"64000","高雄市","64000080","苓雅區","64000080-021","晴朗里",1854,3006,1617,1389,"113Y12M"
"64000","高雄市","64000080","苓雅區","64000080-022","普天里",1971,4071,1878,2193,"113Y12M"
"64000","高雄市","64000080","苓雅區","64000080-023","林富里",1179,2974,1359,1615,"113Y12M"
"64000","高雄市","64000080","苓雅區","64000080-024","林圍里",1135,2870,1308,1562,"113Y12M"
"64000","高雄市","64000080","苓雅區","64000080-025","林安里",913,2097,950,1147,"113Y12M"
"64000","高雄市","64000080","苓雅區","64000080-026","光華里",312,715,362,353,"113Y12M"
"64000","高雄市","64000080","苓雅區","64000080-027","林興里",610,1288,644,644,"113Y12M"
"64000","高雄市","64000080","苓雅區","64000080-028","林華里",1216,2756,1304,1452,"113Y12M"
"64000","高雄市","64000080","苓雅區","64000080-029","林西里",745,1569,739,830,"113Y12M"
"64000","高雄市","64000080","苓雅區","64000080-030","林中里",1351,2870,1388,1482,"113Y12M"
"64000","高雄市","64000080","苓雅區","64000080-031","林泉里",954,2318,1049,1269,"113Y12M"
"64000","高雄市","64000080","苓雅區","64000080-032","林南里",1528,3637,1630,2007,"113Y12M"
"64000","高雄市","64000080","苓雅區","64000080-033","中正里",1415,3497,1593,1904,"113Y12M"
"64000","高雄市","64000080","苓雅區","64000080-034","尚義里",897,2051,963,1088,"113Y12M"
"64000","高雄市","64000080","苓雅區","64000080-035","同慶里",1120,3006,1368,1638,"113Y12M"
"64000","高雄市","64000080","苓雅區","64000080-036","凱旋里",1087,2648,1270,1378,"113Y12M"
"64000","高雄市","64000080","苓雅區","64000080-037","安祥里",1553,3401,1573,1828,"113Y12M"
"64000","高雄市","64000080","苓雅區","64000080-038","奏捷里",702,1721,803,918,"113Y12M"
"64000","高雄市","64000080","苓雅區","64000080-039","福壽里",608,1410,718,692,"113Y12M"
"64000","高雄市","64000080","苓雅區","64000080-040","福南里",804,1728,860,868,"113Y12M"
"64000","高雄市","64000080","苓雅區","64000080-041","五權里",1271,2446,1153,1293,"113Y12M"
"64000","高雄市","64000080","苓雅區","64000080-042","民主里",2141,4425,2115,2310,"113Y12M"
"64000","高雄市","64000080","苓雅區","64000080-043","林德里",875,1816,827,989,"113Y12M"
"64000","高雄市","64000080","苓雅區","64000080-044","林貴里",860,1977,931,1046,"113Y12M"
"64000","高雄市","64000080","苓雅區","64000080-045","林榮里",2000,4432,2086,2346,"113Y12M"
"64000","高雄市","64000080","苓雅區","64000080-046","英明里",850,1915,885,1030,"113Y12M"
"64000","高雄市","64000080","苓雅區","64000080-047","林靖里",769,1594,747,847,"113Y12M"
"64000","高雄市","64000080","苓雅區","64000080-048","朝陽里",638,1437,665,772,"113Y12M"
"64000","高雄市","64000080","苓雅區","64000080-049","福隆里",1419,2973,1445,1528,"113Y12M"
"64000","高雄市","64000080","苓雅區","64000080-050","福祥里",593,1301,661,640,"113Y12M"
"64000","高雄市","64000080","苓雅區","64000080-051","福海里",455,1035,506,529,"113Y12M"
"64000","高雄市","64000080","苓雅區","64000080-052","福康里",836,1882,939,943,"113Y12M"
"64000","高雄市","64000080","苓雅區","64000080-053","福人里",914,2085,1030,1055,"113Y12M"
"64000","高雄市","64000080","苓雅區","64000080-054","福地里",1177,2634,1303,1331,"113Y12M"
"64000","高雄市","64000080","苓雅區","64000080-055","福居里",1127,2656,1326,1330,"113Y12M"
"64000","高雄市","64000080","苓雅區","64000080-056","福東里",1181,2711,1275,1436,"113Y12M"
"64000","高雄市","64000080","苓雅區","64000080-057","福西里",913,1939,907,1032,"113Y12M"
"64000","高雄市","64000080","苓雅區","64000080-058","永康里",1021,2110,1042,1068,"113Y12M"
"64000","高雄市","64000080","苓雅區","64000080-059","正文里",1361,2700,1263,1437,"113Y12M"
"64000","高雄市","64000080","苓雅區","64000080-060","正言里",1595,3117,1441,1676,"113Y12M"
"64000","高雄市","64000080","苓雅區","64000080-061","正大里",2662,5560,2542,3018,"113Y12M"
"64000","高雄市","64000080","苓雅區","64000080-062","五福里",1767,3681,1768,1913,"113Y12M"
"64000","高雄市","64000080","苓雅區","64000080-063","正心里",1695,3648,1743,1905,"113Y12M"
"64000","高雄市","64000080","苓雅區","64000080-064","正道里",1893,4301,1991,2310,"113Y12M"
"64000","高雄市","64000080","苓雅區","64000080-065","正義里",1046,2544,1287,1257,"113Y12M"
"64000","高雄市","64000080","苓雅區","64000080-066","正仁里",1143,2561,1231,1330,"113Y12M"
"64000","高雄市","64000080","苓雅區","64000080-067","文昌里",1605,3830,1817,2013,"113Y12M"
"64000","高雄市","64000080","苓雅區","64000080-068","建軍里",835,2140,1056,1084,"113Y12M"
"64000","高雄市","64000080","苓雅區","64000080-069","衛武里",918,1913,925,988,"113Y12M"
"64000","高雄市","64000090","前鎮區","64000090-001","草衙里",4246,10139,5014,5125,"113Y12M"
"64000","高雄市","64000090","前鎮區","64000090-002","明孝里",1097,2552,1273,1279,"113Y12M"
"64000","高雄市","64000090","前鎮區","64000090-003","明正里",2610,5602,2827,2775,"113Y12M"
"64000","高雄市","64000090","前鎮區","64000090-004","明義里",1111,2496,1264,1232,"113Y12M"
"64000","高雄市","64000090","前鎮區","64000090-005","仁愛里",690,1323,708,615,"113Y12M"
"64000","高雄市","64000090","前鎮區","64000090-006","德昌里",926,1954,970,984,"113Y12M"
"64000","高雄市","64000090","前鎮區","64000090-007","平等里",1941,3187,1827,1360,"113Y12M"
"64000","高雄市","64000090","前鎮區","64000090-008","平昌里",387,778,392,386,"113Y12M"
"64000","高雄市","64000090","前鎮區","64000090-009","明禮里",927,1783,886,897,"113Y12M"
"64000","高雄市","64000090","前鎮區","64000090-010","信義里",665,1384,713,671,"113Y12M"
"64000","高雄市","64000090","前鎮區","64000090-011","信德里",1112,2286,1167,1119,"113Y12M"
"64000","高雄市","64000090","前鎮區","64000090-012","明道里",567,1083,571,512,"113Y12M"
"64000","高雄市","64000090","前鎮區","64000090-013","興化里",370,648,334,314,"113Y12M"
"64000","高雄市","64000090","前鎮區","64000090-014","興仁里",357,662,343,319,"113Y12M"
"64000","高雄市","64000090","前鎮區","64000090-015","前鎮里",620,1318,681,637,"113Y12M"
"64000","高雄市","64000090","前鎮區","64000090-016","鎮東里",771,1684,846,838,"113Y12M"
"64000","高雄市","64000090","前鎮區","64000090-017","鎮榮里",970,2072,1057,1015,"113Y12M"
"64000","高雄市","64000090","前鎮區","64000090-018","鎮昌里",896,2022,1023,999,"113Y12M"
"64000","高雄市","64000090","前鎮區","64000090-019","鎮海里",1948,4274,2110,2164,"113Y12M"
"64000","高雄市","64000090","前鎮區","64000090-020","鎮陽里",477,945,451,494,"113Y12M"
"64000","高雄市","64000090","前鎮區","64000090-021","興邦里",1511,3317,1629,1688,"113Y12M"
"64000","高雄市","64000090","前鎮區","64000090-022","鎮中里",485,853,418,435,"113Y12M"
"64000","高雄市","64000090","前鎮區","64000090-023","鎮北里",663,1145,580,565,"113Y12M"
"64000","高雄市","64000090","前鎮區","64000090-024","忠純里",2872,5774,2823,2951,"113Y12M"
"64000","高雄市","64000090","前鎮區","64000090-025","忠誠里",927,1971,993,978,"113Y12M"
"64000","高雄市","64000090","前鎮區","64000090-028","西山里",1695,3407,1610,1797,"113Y12M"
"64000","高雄市","64000090","前鎮區","64000090-029","民權里",1889,4351,2006,2345,"113Y12M"
"64000","高雄市","64000090","前鎮區","64000090-030","建隆里",801,1550,741,809,"113Y12M"
"64000","高雄市","64000090","前鎮區","64000090-031","振興里",1474,2727,1269,1458,"113Y12M"
"64000","高雄市","64000090","前鎮區","64000090-032","良和里",1367,2979,1430,1549,"113Y12M"
"64000","高雄市","64000090","前鎮區","64000090-033","西甲里",1106,2246,1097,1149,"113Y12M"
"64000","高雄市","64000090","前鎮區","64000090-034","盛興里",1586,2912,1323,1589,"113Y12M"
"64000","高雄市","64000090","前鎮區","64000090-035","盛豐里",1647,3236,1500,1736,"113Y12M"
"64000","高雄市","64000090","前鎮區","64000090-036","興中里",1513,3102,1482,1620,"113Y12M"
"64000","高雄市","64000090","前鎮區","64000090-037","興東里",2829,6414,3035,3379,"113Y12M"
"64000","高雄市","64000090","前鎮區","64000090-038","忠孝里",2000,3997,1838,2159,"113Y12M"
"64000","高雄市","64000090","前鎮區","64000090-039","復國里",1258,2707,1319,1388,"113Y12M"
"64000","高雄市","64000090","前鎮區","64000090-040","竹內里",1223,2889,1407,1482,"113Y12M"
"64000","高雄市","64000090","前鎮區","64000090-041","竹東里",1066,2261,1058,1203,"113Y12M"
"64000","高雄市","64000090","前鎮區","64000090-042","竹南里",3583,8138,3772,4366,"113Y12M"
"64000","高雄市","64000090","前鎮區","64000090-043","竹北里",1286,2824,1335,1489,"113Y12M"
"64000","高雄市","64000090","前鎮區","64000090-044","竹西里",1793,4328,2089,2239,"113Y12M"
"64000","高雄市","64000090","前鎮區","64000090-045","竹中里",1725,3837,1784,2053,"113Y12M"
"64000","高雄市","64000090","前鎮區","64000090-046","瑞竹里",1252,2602,1242,1360,"113Y12M"
"64000","高雄市","64000090","前鎮區","64000090-047","瑞南里",1993,5377,2647,2730,"113Y12M"
"64000","高雄市","64000090","前鎮區","64000090-048","瑞豐里",1127,3030,1487,1543,"113Y12M"
"64000","高雄市","64000090","前鎮區","64000090-049","瑞祥里",1965,5127,2473,2654,"113Y12M"
"64000","高雄市","64000090","前鎮區","64000090-050","瑞東里",1018,2561,1227,1334,"113Y12M"
"64000","高雄市","64000090","前鎮區","64000090-051","瑞和里",756,2085,1035,1050,"113Y12M"
"64000","高雄市","64000090","前鎮區","64000090-052","瑞平里",1486,3862,1860,2002,"113Y12M"
"64000","高雄市","64000090","前鎮區","64000090-053","瑞隆里",1478,3763,1854,1909,"113Y12M"
"64000","高雄市","64000090","前鎮區","64000090-054","瑞北里",1500,3418,1655,1763,"113Y12M"
"64000","高雄市","64000090","前鎮區","64000090-055","瑞西里",1164,2628,1303,1325,"113Y12M"
"64000","高雄市","64000090","前鎮區","64000090-056","瑞崗里",1165,2615,1281,1334,"113Y12M"
"64000","高雄市","64000090","前鎮區","64000090-057","瑞興里",1087,2642,1289,1353,"113Y12M"
"64000","高雄市","64000090","前鎮區","64000090-058","瑞誠里",1195,2711,1318,1393,"113Y12M"
"64000","高雄市","64000090","前鎮區","64000090-059","瑞文里",1070,2581,1269,1312,"113Y12M"
"64000","高雄市","64000090","前鎮區","64000090-060","瑞華里",1962,4684,2232,2452,"113Y12M"
"64000","高雄市","64000090","前鎮區","64000090-061","瑞昌里",1564,3447,1648,1799,"113Y12M"
"64000","高雄市","64000100","旗津區","64000100-001","旗下里",483,1189,618,571,"113Y12M"
"64000","高雄市","64000100","旗津區","64000100-002","永安里",452,1059,551,508,"113Y12M"
"64000","高雄市","64000100","旗津區","64000100-003","振興里",624,1563,791,772,"113Y12M"
"64000","高雄市","64000100","旗津區","64000100-004","慈愛里",874,2366,1184,1182,"113Y12M"
"64000","高雄市","64000100","旗津區","64000100-005","復興里",1205,3126,1539,1587,"113Y12M"
"64000","高雄市","64000100","旗津區","64000100-006","中華里",603,1583,766,817,"113Y12M"
"64000","高雄市","64000100","旗津區","64000100-007","實踐里",673,1501,783,718,"113Y12M"
"64000","高雄市","64000100","旗津區","64000100-008","北汕里",1144,2797,1453,1344,"113Y12M"
"64000","高雄市","64000100","旗津區","64000100-009","南汕里",923,2105,1116,989,"113Y12M"
"64000","高雄市","64000100","旗津區","64000100-010","上竹里",1304,2918,1503,1415,"113Y12M"
"64000","高雄市","64000100","旗津區","64000100-011","中洲里",883,1813,935,878,"113Y12M"
"64000","高雄市","64000100","旗津區","64000100-012","安順里",420,870,481,389,"113Y12M"
"64000","高雄市","64000100","旗津區","64000100-013","中興里",1039,2697,1342,1355,"113Y12M"
"64000","高雄市","64000110","小港區","64000110-001","小港里",1079,2449,1232,1217,"113Y12M"
"64000","高雄市","64000110","小港區","64000110-002","港口里",1534,3357,1647,1710,"113Y12M"
"64000","高雄市","64000110","小港區","64000110-003","港正里",1179,2783,1371,1412,"113Y12M"
"64000","高雄市","64000110","小港區","64000110-004","港墘里",815,1839,897,942,"113Y12M"
"64000","高雄市","64000110","小港區","64000110-005","港明里",1397,3361,1658,1703,"113Y12M"
"64000","高雄市","64000110","小港區","64000110-006","港后里",1194,2945,1466,1479,"113Y12M"
"64000","高雄市","64000110","小港區","64000110-007","港南里",2106,3987,2028,1959,"113Y12M"
"64000","高雄市","64000110","小港區","64000110-008","港興里",1114,2432,1203,1229,"113Y12M"
"64000","高雄市","64000110","小港區","64000110-009","鳳宮里",1349,3006,1470,1536,"113Y12M"
"64000","高雄市","64000110","小港區","64000110-010","店鎮里",3027,6388,3159,3229,"113Y12M"
"64000","高雄市","64000110","小港區","64000110-011","大苓里",1203,2649,1266,1383,"113Y12M"
"64000","高雄市","64000110","小港區","64000110-012","二苓里",1898,3961,1927,2034,"113Y12M"
"64000","高雄市","64000110","小港區","64000110-013","三苓里",1415,2941,1418,1523,"113Y12M"
"64000","高雄市","64000110","小港區","64000110-014","正苓里",2007,4382,2135,2247,"113Y12M"
"64000","高雄市","64000110","小港區","64000110-015","順苓里",2352,5046,2415,2631,"113Y12M"
"64000","高雄市","64000110","小港區","64000110-016","六苓里",1153,2980,1431,1549,"113Y12M"
"64000","高雄市","64000110","小港區","64000110-017","宏亮里",1514,3659,1777,1882,"113Y12M"
"64000","高雄市","64000110","小港區","64000110-018","山東里",1539,3243,1599,1644,"113Y12M"
"64000","高雄市","64000110","小港區","64000110-019","青島里",1208,2472,1176,1296,"113Y12M"
"64000","高雄市","64000110","小港區","64000110-020","濟南里",2074,4512,2225,2287,"113Y12M"
"64000","高雄市","64000110","小港區","64000110-021","泰山里",1519,3638,1785,1853,"113Y12M"
"64000","高雄市","64000110","小港區","64000110-022","山明里",5741,13629,6558,7071,"113Y12M"
"64000","高雄市","64000110","小港區","64000110-023","高松里",2356,5370,2719,2651,"113Y12M"
"64000","高雄市","64000110","小港區","64000110-024","松金里",1184,2863,1404,1459,"113Y12M"
"64000","高雄市","64000110","小港區","64000110-025","松山里",1572,3532,1751,1781,"113Y12M"
"64000","高雄市","64000110","小港區","64000110-026","大坪里",1255,3423,1708,1715,"113Y12M"
"64000","高雄市","64000110","小港區","64000110-027","坪頂里",2987,7588,3830,3758,"113Y12M"
"64000","高雄市","64000110","小港區","64000110-028","孔宅里",2470,5578,2781,2797,"113Y12M"
"64000","高雄市","64000110","小港區","64000110-029","廈莊里",2432,5227,2578,2649,"113Y12M"
"64000","高雄市","64000110","小港區","64000110-030","合作里",1239,3016,1541,1475,"113Y12M"
"64000","高雄市","64000110","小港區","64000110-031","桂林里",3651,8870,4298,4572,"113Y12M"
"64000","高雄市","64000110","小港區","64000110-032","中厝里",1704,4107,2041,2066,"113Y12M"
"64000","高雄市","64000110","小港區","64000110-033","鳳鳴里",1910,3346,1629,1717,"113Y12M"
"64000","高雄市","64000110","小港區","64000110-034","龍鳳里",2070,3375,1660,1715,"113Y12M"
"64000","高雄市","64000110","小港區","64000110-035","鳳森里",1475,2412,1165,1247,"113Y12M"
"64000","高雄市","64000110","小港區","64000110-036","鳳林里",2048,3272,1562,1710,"113Y12M"
"64000","高雄市","64000110","小港區","64000110-037","鳳興里",1707,2725,1327,1398,"113Y12M"
"64000","高雄市","64000110","小港區","64000110-038","鳳源里",2462,3991,1964,2027,"113Y12M"
"64000","高雄市","64000120","鳳山區","64000120-001","縣口里",216,408,201,207,"113Y12M"
"64000","高雄市","64000120","鳳山區","64000120-002","成功里",303,635,325,310,"113Y12M"
"64000","高雄市","64000120","鳳山區","64000120-003","光明里",632,1387,692,695,"113Y12M"
"64000","高雄市","64000120","鳳山區","64000120-004","興中里",428,1063,506,557,"113Y12M"
"64000","高雄市","64000120","鳳山區","64000120-005","南興里",446,968,472,496,"113Y12M"
"64000","高雄市","64000120","鳳山區","64000120-006","和德里",1693,3707,1763,1944,"113Y12M"
"64000","高雄市","64000120","鳳山區","64000120-007","鳳崗里",547,1150,538,612,"113Y12M"
"64000","高雄市","64000120","鳳山區","64000120-008","中和里",1558,3558,1725,1833,"113Y12M"
"64000","高雄市","64000120","鳳山區","64000120-009","鎮北里",5958,12429,5946,6483,"113Y12M"
"64000","高雄市","64000120","鳳山區","64000120-010","縣衙里",437,910,436,474,"113Y12M"
"64000","高雄市","64000120","鳳山區","64000120-011","文英里",1693,3960,1957,2003,"113Y12M"
"64000","高雄市","64000120","鳳山區","64000120-012","鎮西里",2233,5237,2567,2670,"113Y12M"
"64000","高雄市","64000120","鳳山區","64000120-013","鎮東里",1297,2795,1374,1421,"113Y12M"
"64000","高雄市","64000120","鳳山區","64000120-014","埤頂里",2752,6773,3329,3444,"113Y12M"
"64000","高雄市","64000120","鳳山區","64000120-015","中正里",2116,4782,2220,2562,"113Y12M"
"64000","高雄市","64000120","鳳山區","64000120-016","鎮南里",2329,5157,2546,2611,"113Y12M"
"64000","高雄市","64000120","鳳山區","64000120-017","老爺里",3050,7393,3627,3766,"113Y12M"
"64000","高雄市","64000120","鳳山區","64000120-018","瑞竹里",2560,6192,2993,3199,"113Y12M"
"64000","高雄市","64000120","鳳山區","64000120-019","忠義里",2179,4913,2355,2558,"113Y12M"
"64000","高雄市","64000120","鳳山區","64000120-020","誠義里",1712,4243,2091,2152,"113Y12M"
"64000","高雄市","64000120","鳳山區","64000120-021","新興里",2568,3737,2340,1397,"113Y12M"
"64000","高雄市","64000120","鳳山區","64000120-022","海光里",1261,3178,1521,1657,"113Y12M"
"64000","高雄市","64000120","鳳山區","64000120-024","忠誠里",1773,4137,2000,2137,"113Y12M"
"64000","高雄市","64000120","鳳山區","64000120-025","新甲里",1434,3458,1657,1801,"113Y12M"
"64000","高雄市","64000120","鳳山區","64000120-026","武漢里",2291,5420,2644,2776,"113Y12M"
"64000","高雄市","64000120","鳳山區","64000120-027","正義里",2795,6705,3246,3459,"113Y12M"
"64000","高雄市","64000120","鳳山區","64000120-028","一甲里",1433,3367,1652,1715,"113Y12M"
"64000","高雄市","64000120","鳳山區","64000120-029","福興里",2530,6592,3176,3416,"113Y12M"
"64000","高雄市","64000120","鳳山區","64000120-030","東門里",2774,6199,2874,3325,"113Y12M"
"64000","高雄市","64000120","鳳山區","64000120-031","瑞興里",2306,5533,2586,2947,"113Y12M"
"64000","高雄市","64000120","鳳山區","64000120-032","天興里",1514,3822,1863,1959,"113Y12M"
"64000","高雄市","64000120","鳳山區","64000120-033","新強里",2362,6205,3059,3146,"113Y12M"
"64000","高雄市","64000120","鳳山區","64000120-034","國泰里",1861,3953,1928,2025,"113Y12M"
"64000","高雄市","64000120","鳳山區","64000120-035","鳳東里",3412,8379,4046,4333,"113Y12M"
"64000","高雄市","64000120","鳳山區","64000120-036","新富里",1868,4603,2287,2316,"113Y12M"
"64000","高雄市","64000120","鳳山區","64000120-037","國光里",1552,3412,1655,1757,"113Y12M"
"64000","高雄市","64000120","鳳山區","64000120-038","國隆里",1214,2541,1233,1308,"113Y12M"
"64000","高雄市","64000120","鳳山區","64000120-039","文德里",4607,10115,4724,5391,"113Y12M"
"64000","高雄市","64000120","鳳山區","64000120-040","過埤里",7549,18204,9058,9146,"113Y12M"
"64000","高雄市","64000120","鳳山區","64000120-041","曹公里",1011,2124,1012,1112,"113Y12M"
"64000","高雄市","64000120","鳳山區","64000120-042","興仁里",1587,3767,1823,1944,"113Y12M"
"64000","高雄市","64000120","鳳山區","64000120-043","五福里",1439,3589,1732,1857,"113Y12M"
"64000","高雄市","64000120","鳳山區","64000120-044","忠孝里",2652,6155,2966,3189,"113Y12M"
"64000","高雄市","64000120","鳳山區","64000120-045","生明里",971,2272,1066,1206,"113Y12M"
"64000","高雄市","64000120","鳳山區","64000120-046","和興里",2080,5481,2662,2819,"113Y12M"
"64000","高雄市","64000120","鳳山區","64000120-047","協和里",1487,3512,1692,1820,"113Y12M"
"64000","高雄市","64000120","鳳山區","64000120-048","文山里",3027,6994,3466,3528,"113Y12M"
"64000","高雄市","64000120","鳳山區","64000120-049","福誠里",2558,5957,2849,3108,"113Y12M"
"64000","高雄市","64000120","鳳山區","64000120-050","誠德里",1232,2979,1392,1587,"113Y12M"
"64000","高雄市","64000120","鳳山區","64000120-051","三民里",541,1234,593,641,"113Y12M"
"64000","高雄市","64000120","鳳山區","64000120-053","北門里",1824,4507,2202,2305,"113Y12M"
"64000","高雄市","64000120","鳳山區","64000120-054","富甲里",789,1963,927,1036,"113Y12M"
"64000","高雄市","64000120","鳳山區","64000120-055","南成里",4840,12227,6046,6181,"113Y12M"
"64000","高雄市","64000120","鳳山區","64000120-056","文華里",3892,9684,4541,5143,"113Y12M"
"64000","高雄市","64000120","鳳山區","64000120-057","大德里",2000,5229,2526,2703,"113Y12M"
"64000","高雄市","64000120","鳳山區","64000120-058","武松里",1254,2789,1424,1365,"113Y12M"
"64000","高雄市","64000120","鳳山區","64000120-059","文衡里",2091,4598,2153,2445,"113Y12M"
"64000","高雄市","64000120","鳳山區","64000120-060","文福里",4791,11400,5397,6003,"113Y12M"
"64000","高雄市","64000120","鳳山區","64000120-061","誠信里",997,2252,1043,1209,"113Y12M"
"64000","高雄市","64000120","鳳山區","64000120-062","誠智里",1302,2963,1385,1578,"113Y12M"
"64000","高雄市","64000120","鳳山區","64000120-063","國富里",1189,2770,1314,1456,"113Y12M"
"64000","高雄市","64000120","鳳山區","64000120-064","武慶里",1058,2526,1207,1319,"113Y12M"
"64000","高雄市","64000120","鳳山區","64000120-065","海洋里",1720,4270,2025,2245,"113Y12M"
"64000","高雄市","64000120","鳳山區","64000120-066","新武里",1212,2908,1427,1481,"113Y12M"
"64000","高雄市","64000120","鳳山區","64000120-067","新樂里",1919,4936,2362,2574,"113Y12M"
"64000","高雄市","64000120","鳳山區","64000120-068","新泰里",1838,4723,2273,2450,"113Y12M"
"64000","高雄市","64000120","鳳山區","64000120-069","中崙里",1251,2589,1250,1339,"113Y12M"
"64000","高雄市","64000120","鳳山區","64000120-070","中榮里",2161,4878,2387,2491,"113Y12M"
"64000","高雄市","64000120","鳳山區","64000120-071","中民里",2150,4773,2324,2449,"113Y12M"
"64000","高雄市","64000120","鳳山區","64000120-072","二甲里",2011,5338,2662,2676,"113Y12M"
"64000","高雄市","64000120","鳳山區","64000120-073","龍成里",1368,3079,1522,1557,"113Y12M"
"64000","高雄市","64000120","鳳山區","64000120-074","富榮里",1048,2609,1289,1320,"113Y12M"
"64000","高雄市","64000120","鳳山區","64000120-075","善美里",2698,6186,2966,3220,"113Y12M"
"64000","高雄市","64000120","鳳山區","64000120-076","南和里",1154,2756,1330,1426,"113Y12M"
"64000","高雄市","64000120","鳳山區","64000120-077","福祥里",1268,3108,1512,1596,"113Y12M"
"64000","高雄市","64000120","鳳山區","64000120-078","保安里",3220,8830,4233,4597,"113Y12M"
"64000","高雄市","64000130","林園區","64000130-001","東林里",1418,3459,1690,1769,"113Y12M"
"64000","高雄市","64000130","林園區","64000130-002","林園里",1405,3563,1707,1856,"113Y12M"
"64000","高雄市","64000130","林園區","64000130-003","溪州里",1925,5072,2524,2548,"113Y12M"
"64000","高雄市","64000130","林園區","64000130-004","潭頭里",1099,2947,1494,1453,"113Y12M"
"64000","高雄市","64000130","林園區","64000130-005","中厝里",1227,3380,1731,1649,"113Y12M"
"64000","高雄市","64000130","林園區","64000130-006","中門里",1197,2801,1429,1372,"113Y12M"
"64000","高雄市","64000130","林園區","64000130-007","頂厝里",2328,5414,2691,2723,"113Y12M"
"64000","高雄市","64000130","林園區","64000130-008","港埔里",839,1950,997,953,"113Y12M"
"64000","高雄市","64000130","林園區","64000130-009","西溪里",1492,3739,1871,1868,"113Y12M"
"64000","高雄市","64000130","林園區","64000130-010","港嘴里",705,1861,909,952,"113Y12M"
"64000","高雄市","64000130","林園區","64000130-011","北汕里",829,1629,829,800,"113Y12M"
"64000","高雄市","64000130","林園區","64000130-012","林內里",880,2293,1160,1133,"113Y12M"
"64000","高雄市","64000130","林園區","64000130-013","王公里",1966,4757,2423,2334,"113Y12M"
"64000","高雄市","64000130","林園區","64000130-014","林家里",609,1433,757,676,"113Y12M"
"64000","高雄市","64000130","林園區","64000130-015","龔厝里",925,2250,1134,1116,"113Y12M"
"64000","高雄市","64000130","林園區","64000130-016","鳳芸里",809,1942,957,985,"113Y12M"
"64000","高雄市","64000130","林園區","64000130-017","中芸里",777,1942,977,965,"113Y12M"
"64000","高雄市","64000130","林園區","64000130-018","東汕里",433,876,455,421,"113Y12M"
"64000","高雄市","64000130","林園區","64000130-019","西汕里",385,773,386,387,"113Y12M"
"64000","高雄市","64000130","林園區","64000130-020","仁愛里",1301,3453,1719,1734,"113Y12M"
"64000","高雄市","64000130","林園區","64000130-021","文賢里",1103,2690,1306,1384,"113Y12M"
"64000","高雄市","64000130","林園區","64000130-022","廣應里",1530,4008,1995,2013,"113Y12M"
"64000","高雄市","64000130","林園區","64000130-023","五福里",1499,3350,1656,1694,"113Y12M"
"64000","高雄市","64000130","林園區","64000130-024","中汕里",1171,2321,1149,1172,"113Y12M"
"64000","高雄市","64000140","大寮區","64000140-001","拷潭里",604,1510,774,736,"113Y12M"
"64000","高雄市","64000140","大寮區","64000140-002","內坑里",3019,6945,3580,3365,"113Y12M"
"64000","高雄市","64000140","大寮區","64000140-003","大寮里",3254,8093,4085,4008,"113Y12M"
"64000","高雄市","64000140","大寮區","64000140-004","上寮里",1121,2883,1505,1378,"113Y12M"
"64000","高雄市","64000140","大寮區","64000140-005","三隆里",2155,5278,2688,2590,"113Y12M"
"64000","高雄市","64000140","大寮區","64000140-006","琉球里",2418,5951,3007,2944,"113Y12M"
"64000","高雄市","64000140","大寮區","64000140-007","翁園里",1737,4602,2358,2244,"113Y12M"
"64000","高雄市","64000140","大寮區","64000140-008","前庄里",984,2484,1257,1227,"113Y12M"
"64000","高雄市","64000140","大寮區","64000140-009","中庄里",5032,12832,6379,6453,"113Y12M"
"64000","高雄市","64000140","大寮區","64000140-010","後庄里",3602,8912,4389,4523,"113Y12M"
"64000","高雄市","64000140","大寮區","64000140-011","義仁里",871,1904,1005,899,"113Y12M"
"64000","高雄市","64000140","大寮區","64000140-012","新厝里",774,1860,965,895,"113Y12M"
"64000","高雄市","64000140","大寮區","64000140-013","過溪里",1146,2881,1490,1391,"113Y12M"
"64000","高雄市","64000140","大寮區","64000140-014","潮寮里",1172,3280,1696,1584,"113Y12M"
"64000","高雄市","64000140","大寮區","64000140-015","會結里",773,1791,962,829,"113Y12M"
"64000","高雄市","64000140","大寮區","64000140-016","會社里",3207,7038,3608,3430,"113Y12M"
"64000","高雄市","64000140","大寮區","64000140-017","山頂里",3331,8328,4095,4233,"113Y12M"
"64000","高雄市","64000140","大寮區","64000140-018","忠義里",198,447,216,231,"113Y12M"
"64000","高雄市","64000140","大寮區","64000140-019","永芳里",3041,7744,3898,3846,"113Y12M"
"64000","高雄市","64000140","大寮區","64000140-020","義和里",1043,2414,1250,1164,"113Y12M"
"64000","高雄市","64000140","大寮區","64000140-021","溪寮里",690,1713,891,822,"113Y12M"
"64000","高雄市","64000140","大寮區","64000140-022","江山里",822,2059,1028,1031,"113Y12M"
"64000","高雄市","64000140","大寮區","64000140-023","昭明里",1912,4215,2205,2010,"113Y12M"
"64000","高雄市","64000140","大寮區","64000140-025","中興里",3137,7049,3453,3596,"113Y12M"
"64000","高雄市","64000150","大樹區","64000150-001","竹寮里",1088,2977,1502,1475,"113Y12M"
"64000","高雄市","64000150","大樹區","64000150-002","九曲里",2439,6138,3034,3104,"113Y12M"
"64000","高雄市","64000150","大樹區","64000150-003","久堂里",1735,4540,2233,2307,"113Y12M"
"64000","高雄市","64000150","大樹區","64000150-004","水安里",923,2558,1327,1231,"113Y12M"
"64000","高雄市","64000150","大樹區","64000150-005","水寮里",828,2407,1278,1129,"113Y12M"
"64000","高雄市","64000150","大樹區","64000150-006","檨腳里",1427,3853,1963,1890,"113Y12M"
"64000","高雄市","64000150","大樹區","64000150-007","興山里",378,1095,587,508,"113Y12M"
"64000","高雄市","64000150","大樹區","64000150-008","和山里",342,1019,553,466,"113Y12M"
"64000","高雄市","64000150","大樹區","64000150-009","姑山里",357,1052,554,498,"113Y12M"
"64000","高雄市","64000150","大樹區","64000150-010","大坑里",544,1549,816,733,"113Y12M"
"64000","高雄市","64000150","大樹區","64000150-011","井腳里",545,1612,844,768,"113Y12M"
"64000","高雄市","64000150","大樹區","64000150-012","小坪里",507,1393,745,648,"113Y12M"
"64000","高雄市","64000150","大樹區","64000150-013","龍目里",619,1830,996,834,"113Y12M"
"64000","高雄市","64000150","大樹區","64000150-014","大樹里",1003,2833,1486,1347,"113Y12M"
"64000","高雄市","64000150","大樹區","64000150-015","三和里",443,1086,553,533,"113Y12M"
"64000","高雄市","64000150","大樹區","64000150-016","溪埔里",546,1561,840,721,"113Y12M"
"64000","高雄市","64000150","大樹區","64000150-017","興田里",551,1981,808,1173,"113Y12M"
"64000","高雄市","64000150","大樹區","64000150-018","統嶺里",259,679,328,351,"113Y12M"
"64000","高雄市","64000160","大社區","64000160-001","嘉誠里",408,948,502,446,"113Y12M"
"64000","高雄市","64000160","大社區","64000160-002","保社里",1564,3616,1871,1745,"113Y12M"
"64000","高雄市","64000160","大社區","64000160-003","大社里",2406,5473,2769,2704,"113Y12M"
"64000","高雄市","64000160","大社區","64000160-004","翠屏里",738,1819,914,905,"113Y12M"
"64000","高雄市","64000160","大社區","64000160-005","三奶里",1214,2943,1483,1460,"113Y12M"
"64000","高雄市","64000160","大社區","64000160-006","觀音里",2328,5952,3014,2938,"113Y12M"
"64000","高雄市","64000160","大社區","64000160-007","神農里",2320,5520,2764,2756,"113Y12M"
"64000","高雄市","64000160","大社區","64000160-008","中里里",1550,3777,1918,1859,"113Y12M"
"64000","高雄市","64000160","大社區","64000160-009","保安里",1472,3706,1836,1870,"113Y12M"
"64000","高雄市","64000170","仁武區","64000170-001","大灣里",2779,5759,2896,2863,"113Y12M"
"64000","高雄市","64000170","仁武區","64000170-002","灣內里",4168,10176,5074,5102,"113Y12M"
"64000","高雄市","64000170","仁武區","64000170-003","考潭里",1192,2879,1500,1379,"113Y12M"
"64000","高雄市","64000170","仁武區","64000170-004","烏林里",1354,4198,2057,2141,"113Y12M"
"64000","高雄市","64000170","仁武區","64000170-005","仁福里",376,904,461,443,"113Y12M"
"64000","高雄市","64000170","仁武區","64000170-006","仁武里",2853,6323,3333,2990,"113Y12M"
"64000","高雄市","64000170","仁武區","64000170-007","文武里",4336,11386,5754,5632,"113Y12M"
"64000","高雄市","64000170","仁武區","64000170-008","竹後里",1184,2431,1246,1185,"113Y12M"
"64000","高雄市","64000170","仁武區","64000170-009","八卦里",10696,23601,11639,11962,"113Y12M"
"64000","高雄市","64000170","仁武區","64000170-010","高楠里",1947,4033,1892,2141,"113Y12M"
"64000","高雄市","64000170","仁武區","64000170-011","後安里",1269,2953,1513,1440,"113Y12M"
"64000","高雄市","64000170","仁武區","64000170-012","中華里",899,1751,916,835,"113Y12M"
"64000","高雄市","64000170","仁武區","64000170-013","五和里",2811,6539,3278,3261,"113Y12M"
"64000","高雄市","64000170","仁武區","64000170-014","仁和里",1802,4690,2340,2350,"113Y12M"
"64000","高雄市","64000170","仁武區","64000170-015","赤山里",3552,8692,4405,4287,"113Y12M"
"64000","高雄市","64000170","仁武區","64000170-016","仁慈里",1102,2641,1301,1340,"113Y12M"
"64000","高雄市","64000180","鳥松區","64000180-001","鳥松里",5824,11590,5698,5892,"113Y12M"
"64000","高雄市","64000180","鳥松區","64000180-002","夢裡里",2737,5622,2793,2829,"113Y12M"
"64000","高雄市","64000180","鳥松區","64000180-003","大華里",4892,11000,5387,5613,"113Y12M"
"64000","高雄市","64000180","鳥松區","64000180-004","?埔里",1535,3754,1946,1808,"113Y12M"
"64000","高雄市","64000180","鳥松區","64000180-005","仁美里",3124,7363,3813,3550,"113Y12M"
"64000","高雄市","64000180","鳥松區","64000180-006","大竹里",305,716,374,342,"113Y12M"
"64000","高雄市","64000180","鳥松區","64000180-007","華美里",1654,4188,2068,2120,"113Y12M"
"64000","高雄市","64000190","岡山區","64000190-001","平安里",512,1175,579,596,"113Y12M"
"64000","高雄市","64000190","岡山區","64000190-002","岡山里",2190,5096,2558,2538,"113Y12M"
"64000","高雄市","64000190","岡山區","64000190-003","壽天里",1506,3847,1803,2044,"113Y12M"
"64000","高雄市","64000190","岡山區","64000190-004","維仁里",423,1017,512,505,"113Y12M"
"64000","高雄市","64000190","岡山區","64000190-005","後紅里",1918,4848,2310,2538,"113Y12M"
"64000","高雄市","64000190","岡山區","64000190-006","大遼里",561,1557,820,737,"113Y12M"
"64000","高雄市","64000190","岡山區","64000190-007","忠孝里",1476,3314,1585,1729,"113Y12M"
"64000","高雄市","64000190","岡山區","64000190-008","和平里",270,554,250,304,"113Y12M"
"64000","高雄市","64000190","岡山區","64000190-009","前峰里",1219,3214,1544,1670,"113Y12M"
"64000","高雄市","64000190","岡山區","64000190-010","劉厝里",593,1549,793,756,"113Y12M"
"64000","高雄市","64000190","岡山區","64000190-011","協和里",1397,4007,1917,2090,"113Y12M"
"64000","高雄市","64000190","岡山區","64000190-012","後協里",2531,6387,3121,3266,"113Y12M"
"64000","高雄市","64000190","岡山區","64000190-013","信義里",791,1875,912,963,"113Y12M"
"64000","高雄市","64000190","岡山區","64000190-014","潭底里",319,846,440,406,"113Y12M"
"64000","高雄市","64000190","岡山區","64000190-015","三和里",350,943,485,458,"113Y12M"
"64000","高雄市","64000190","岡山區","64000190-016","仁壽里",1465,3579,1764,1815,"113Y12M"
"64000","高雄市","64000190","岡山區","64000190-017","碧紅里",1760,4376,2216,2160,"113Y12M"
"64000","高雄市","64000190","岡山區","64000190-018","程香里",1752,4694,2353,2341,"113Y12M"
"64000","高雄市","64000190","岡山區","64000190-019","竹圍里",3079,8677,4172,4505,"113Y12M"
"64000","高雄市","64000190","岡山區","64000190-020","台上里",2687,7473,3571,3902,"113Y12M"
"64000","高雄市","64000190","岡山區","64000190-021","灣裡里",742,2186,1092,1094,"113Y12M"
"64000","高雄市","64000190","岡山區","64000190-022","白米里",1047,2549,1264,1285,"113Y12M"
"64000","高雄市","64000190","岡山區","64000190-023","石潭里",766,2072,1054,1018,"113Y12M"
"64000","高雄市","64000190","岡山區","64000190-024","福興里",474,1228,625,603,"113Y12M"
"64000","高雄市","64000190","岡山區","64000190-025","本洲里",751,1880,939,941,"113Y12M"
"64000","高雄市","64000190","岡山區","64000190-026","嘉興里",1413,3634,1856,1778,"113Y12M"
"64000","高雄市","64000190","岡山區","64000190-027","嘉峰里",686,1932,1017,915,"113Y12M"
"64000","高雄市","64000190","岡山區","64000190-028","華崗里",664,1710,870,840,"113Y12M"
"64000","高雄市","64000190","岡山區","64000190-029","大莊里",435,1167,589,578,"113Y12M"
"64000","高雄市","64000190","岡山區","64000190-030","協榮里",929,2247,1098,1149,"113Y12M"
"64000","高雄市","64000190","岡山區","64000190-031","為隨里",301,866,450,416,"113Y12M"
"64000","高雄市","64000190","岡山區","64000190-032","壽峰里",963,2620,1267,1353,"113Y12M"
"64000","高雄市","64000190","岡山區","64000190-033","仁義里",949,2057,980,1077,"113Y12M"
"64000","高雄市","64000200","橋頭區","64000200-001","橋頭里",1053,2418,1195,1223,"113Y12M"
"64000","高雄市","64000200","橋頭區","64000200-002","橋南里",510,1131,584,547,"113Y12M"
"64000","高雄市","64000200","橋頭區","64000200-003","仕隆里",1025,2480,1213,1267,"113Y12M"
"64000","高雄市","64000200","橋頭區","64000200-004","仕豐里",1208,3007,1504,1503,"113Y12M"
"64000","高雄市","64000200","橋頭區","64000200-005","芋寮里",485,1279,672,607,"113Y12M"
"64000","高雄市","64000200","橋頭區","64000200-006","東林里",902,2508,1258,1250,"113Y12M"
"64000","高雄市","64000200","橋頭區","64000200-007","西林里",542,1472,760,712,"113Y12M"
"64000","高雄市","64000200","橋頭區","64000200-008","白樹里",1504,3850,1868,1982,"113Y12M"
"64000","高雄市","64000200","橋頭區","64000200-009","筆秀里",591,1629,841,788,"113Y12M"
"64000","高雄市","64000200","橋頭區","64000200-010","新莊里",4201,7751,3730,4021,"113Y12M"
"64000","高雄市","64000200","橋頭區","64000200-011","甲北里",1797,3610,1790,1820,"113Y12M"
"64000","高雄市","64000200","橋頭區","64000200-012","甲南里",1054,2652,1365,1287,"113Y12M"
"64000","高雄市","64000200","橋頭區","64000200-013","頂鹽里",610,1426,737,689,"113Y12M"
"64000","高雄市","64000200","橋頭區","64000200-014","中崎里",258,663,355,308,"113Y12M"
"64000","高雄市","64000200","橋頭區","64000200-015","仕和里",1592,4091,2025,2066,"113Y12M"
"64000","高雄市","64000200","橋頭區","64000200-016","德松里",695,1804,936,868,"113Y12M"
"64000","高雄市","64000200","橋頭區","64000200-017","三德里",308,900,450,450,"113Y12M"
"64000","高雄市","64000210","燕巢區","64000210-001","尖山里",503,1185,612,573,"113Y12M"
"64000","高雄市","64000210","燕巢區","64000210-002","瓊林里",881,2327,1188,1139,"113Y12M"
"64000","高雄市","64000210","燕巢區","64000210-003","安招里",1309,3646,1981,1665,"113Y12M"
"64000","高雄市","64000210","燕巢區","64000210-004","角宿里",1224,3050,1597,1453,"113Y12M"
"64000","高雄市","64000210","燕巢區","64000210-005","鳳雄里",1103,2632,1369,1263,"113Y12M"
"64000","高雄市","64000210","燕巢區","64000210-006","金山里",205,482,264,218,"113Y12M"
"64000","高雄市","64000210","燕巢區","64000210-007","東燕里",853,2578,1312,1266,"113Y12M"
"64000","高雄市","64000210","燕巢區","64000210-008","南燕里",1912,4519,2346,2173,"113Y12M"
"64000","高雄市","64000210","燕巢區","64000210-009","西燕里",1385,3655,1850,1805,"113Y12M"
"64000","高雄市","64000210","燕巢區","64000210-010","橫山里",789,1914,1065,849,"113Y12M"
"64000","高雄市","64000210","燕巢區","64000210-011","深水里",1014,2588,1328,1260,"113Y12M"
"64000","高雄市","64000220","田寮區","64000220-001","鹿埔里",151,361,211,150,"113Y12M"
"64000","高雄市","64000220","田寮區","64000220-002","南安里",479,978,559,419,"113Y12M"
"64000","高雄市","64000220","田寮區","64000220-003","大同里",173,348,199,149,"113Y12M"
"64000","高雄市","64000220","田寮區","64000220-004","田寮里",190,335,182,153,"113Y12M"
"64000","高雄市","64000220","田寮區","64000220-005","七星里",357,580,315,265,"113Y12M"
"64000","高雄市","64000220","田寮區","64000220-006","崇德里",362,953,508,445,"113Y12M"
"64000","高雄市","64000220","田寮區","64000220-007","西德里",339,774,421,353,"113Y12M"
"64000","高雄市","64000220","田寮區","64000220-008","三和里",185,334,194,140,"113Y12M"
"64000","高雄市","64000220","田寮區","64000220-009","古亭里",229,455,262,193,"113Y12M"
"64000","高雄市","64000220","田寮區","64000220-010","新興里",517,1180,633,547,"113Y12M"
"64000","高雄市","64000230","阿蓮區","64000230-001","石安里",496,1376,705,671,"113Y12M"
"64000","高雄市","64000230","阿蓮區","64000230-002","中路里",740,2121,1092,1029,"113Y12M"
"64000","高雄市","64000230","阿蓮區","64000230-003","?山里",497,1339,696,643,"113Y12M"
"64000","高雄市","64000230","阿蓮區","64000230-004","港後里",807,2336,1182,1154,"113Y12M"
"64000","高雄市","64000230","阿蓮區","64000230-005","崗山里",290,829,411,418,"113Y12M"
"64000","高雄市","64000230","阿蓮區","64000230-006","阿蓮里",1969,5562,2731,2831,"113Y12M"
"64000","高雄市","64000230","阿蓮區","64000230-007","清蓮里",1025,2940,1456,1484,"113Y12M"
"64000","高雄市","64000230","阿蓮區","64000230-008","和蓮里",938,2636,1299,1337,"113Y12M"
"64000","高雄市","64000230","阿蓮區","64000230-009","青旗里",617,1704,858,846,"113Y12M"
"64000","高雄市","64000230","阿蓮區","64000230-010","復安里",646,1771,892,879,"113Y12M"
"64000","高雄市","64000230","阿蓮區","64000230-011","玉庫里",435,1145,623,522,"113Y12M"
"64000","高雄市","64000230","阿蓮區","64000230-012","南蓮里",1205,3372,1669,1703,"113Y12M"
"64000","高雄市","64000240","路竹區","64000240-001","竹滬里",1252,3736,1866,1870,"113Y12M"
"64000","高雄市","64000240","路竹區","64000240-002","頂寮里",443,1267,641,626,"113Y12M"
"64000","高雄市","64000240","路竹區","64000240-003","新達里",442,1312,685,627,"113Y12M"
"64000","高雄市","64000240","路竹區","64000240-004","後鄉里",410,1230,633,597,"113Y12M"
"64000","高雄市","64000240","路竹區","64000240-005","北嶺里",476,1323,664,659,"113Y12M"
"64000","高雄市","64000240","路竹區","64000240-006","社西里",987,2460,1256,1204,"113Y12M"
"64000","高雄市","64000240","路竹區","64000240-007","甲北里",803,2453,1230,1223,"113Y12M"
"64000","高雄市","64000240","路竹區","64000240-008","甲南里",1256,3729,1924,1805,"113Y12M"
"64000","高雄市","64000240","路竹區","64000240-009","下坑里",952,2955,1516,1439,"113Y12M"
"64000","高雄市","64000240","路竹區","64000240-010","竹園里",703,2054,1089,965,"113Y12M"
"64000","高雄市","64000240","路竹區","64000240-011","竹東里",1546,4278,2134,2144,"113Y12M"
"64000","高雄市","64000240","路竹區","64000240-012","竹西里",879,2512,1266,1246,"113Y12M"
"64000","高雄市","64000240","路竹區","64000240-013","文北里",1199,3517,1780,1737,"113Y12M"
"64000","高雄市","64000240","路竹區","64000240-014","文南里",924,2691,1351,1340,"113Y12M"
"64000","高雄市","64000240","路竹區","64000240-015","三爺里",331,908,460,448,"113Y12M"
"64000","高雄市","64000240","路竹區","64000240-016","鴨寮里",815,2315,1159,1156,"113Y12M"
"64000","高雄市","64000240","路竹區","64000240-017","社東里",703,1866,968,898,"113Y12M"
"64000","高雄市","64000240","路竹區","64000240-018","社中里",345,872,453,419,"113Y12M"
"64000","高雄市","64000240","路竹區","64000240-019","竹南里",1229,3127,1560,1567,"113Y12M"
"64000","高雄市","64000240","路竹區","64000240-020","社南里",2004,5110,2528,2582,"113Y12M"
"64000","高雄市","64000250","湖內區","64000250-001","海山里",440,1130,590,540,"113Y12M"
"64000","高雄市","64000250","湖內區","64000250-002","劉家里",406,1006,530,476,"113Y12M"
"64000","高雄市","64000250","湖內區","64000250-003","太爺里",367,882,477,405,"113Y12M"
"64000","高雄市","64000250","湖內區","64000250-004","公?里",979,2627,1343,1284,"113Y12M"
"64000","高雄市","64000250","湖內區","64000250-005","葉厝里",1134,3114,1573,1541,"113Y12M"
"64000","高雄市","64000250","湖內區","64000250-006","大湖里",1686,4290,2122,2168,"113Y12M"
"64000","高雄市","64000250","湖內區","64000250-007","田尾里",492,1173,598,575,"113Y12M"
"64000","高雄市","64000250","湖內區","64000250-008","湖內里",1716,4408,2237,2171,"113Y12M"
"64000","高雄市","64000250","湖內區","64000250-009","海埔里",719,1892,968,924,"113Y12M"
"64000","高雄市","64000250","湖內區","64000250-010","文賢里",552,1369,685,684,"113Y12M"
"64000","高雄市","64000250","湖內區","64000250-011","中賢里",992,2421,1247,1174,"113Y12M"
"64000","高雄市","64000250","湖內區","64000250-012","逸賢里",508,1258,667,591,"113Y12M"
"64000","高雄市","64000250","湖內區","64000250-013","忠興里",304,737,373,364,"113Y12M"
"64000","高雄市","64000250","湖內區","64000250-014","湖東里",1401,3089,1483,1606,"113Y12M"
"64000","高雄市","64000260","茄萣區","64000260-001","福德里",379,1005,519,486,"113Y12M"
"64000","高雄市","64000260","茄萣區","64000260-002","萬福里",376,924,477,447,"113Y12M"
"64000","高雄市","64000260","茄萣區","64000260-003","白雲里",732,1898,969,929,"113Y12M"
"64000","高雄市","64000260","茄萣區","64000260-004","嘉賜里",1462,4346,2191,2155,"113Y12M"
"64000","高雄市","64000260","茄萣區","64000260-005","嘉安里",663,2017,1013,1004,"113Y12M"
"64000","高雄市","64000260","茄萣區","64000260-006","嘉定里",448,1099,586,513,"113Y12M"
"64000","高雄市","64000260","茄萣區","64000260-007","保定里",1215,3216,1636,1580,"113Y12M"
"64000","高雄市","64000260","茄萣區","64000260-008","光定里",386,943,493,450,"113Y12M"
"64000","高雄市","64000260","茄萣區","64000260-009","大定里",425,1096,594,502,"113Y12M"
"64000","高雄市","64000260","茄萣區","64000260-010","吉定里",438,1185,595,590,"113Y12M"
"64000","高雄市","64000260","茄萣區","64000260-011","嘉樂里",719,2282,1145,1137,"113Y12M"
"64000","高雄市","64000260","茄萣區","64000260-012","嘉泰里",442,1165,561,604,"113Y12M"
"64000","高雄市","64000260","茄萣區","64000260-013","嘉福里",416,1054,556,498,"113Y12M"
"64000","高雄市","64000260","茄萣區","64000260-014","和協里",446,1227,640,587,"113Y12M"
"64000","高雄市","64000260","茄萣區","64000260-015","崎漏里",2224,5502,2793,2709,"113Y12M"
"64000","高雄市","64000270","永安區","64000270-001","永安里",761,1820,904,916,"113Y12M"
"64000","高雄市","64000270","永安區","64000270-002","永華里",931,2051,1045,1006,"113Y12M"
"64000","高雄市","64000270","永安區","64000270-003","新港里",1064,2635,1295,1340,"113Y12M"
"64000","高雄市","64000270","永安區","64000270-004","鹽田里",211,487,237,250,"113Y12M"
"64000","高雄市","64000270","永安區","64000270-005","保寧里",1269,2968,1494,1474,"113Y12M"
"64000","高雄市","64000270","永安區","64000270-006","維新里",1624,3862,1882,1980,"113Y12M"
"64000","高雄市","64000280","彌陀區","64000280-001","光和里",531,1436,713,723,"113Y12M"
"64000","高雄市","64000280","彌陀區","64000280-002","彌靖里",822,2109,1011,1098,"113Y12M"
"64000","高雄市","64000280","彌陀區","64000280-003","彌仁里",243,558,294,264,"113Y12M"
"64000","高雄市","64000280","彌陀區","64000280-004","彌壽里",317,814,401,413,"113Y12M"
"64000","高雄市","64000280","彌陀區","64000280-005","彌陀里",710,1899,959,940,"113Y12M"
"64000","高雄市","64000280","彌陀區","64000280-006","舊港里",671,1696,894,802,"113Y12M"
"64000","高雄市","64000280","彌陀區","64000280-007","文安里",750,1787,938,849,"113Y12M"
"64000","高雄市","64000280","彌陀區","64000280-008","鹽埕里",887,2224,1172,1052,"113Y12M"
"64000","高雄市","64000280","彌陀區","64000280-009","過港里",398,1019,517,502,"113Y12M"
"64000","高雄市","64000280","彌陀區","64000280-010","海尾里",335,896,460,436,"113Y12M"
"64000","高雄市","64000280","彌陀區","64000280-011","漯底里",460,1286,640,646,"113Y12M"
"64000","高雄市","64000280","彌陀區","64000280-012","南寮里",788,2345,1173,1172,"113Y12M"
"64000","高雄市","64000290","梓官區","64000290-001","梓信里",961,2427,1270,1157,"113Y12M"
"64000","高雄市","64000290","梓官區","64000290-002","梓義里",1052,2522,1306,1216,"113Y12M"
"64000","高雄市","64000290","梓官區","64000290-003","梓和里",926,2455,1212,1243,"113Y12M"
"64000","高雄市","64000290","梓官區","64000290-004","梓平里",615,1714,858,856,"113Y12M"
"64000","高雄市","64000290","梓官區","64000290-005","中崙里",507,1279,617,662,"113Y12M"
"64000","高雄市","64000290","梓官區","64000290-006","赤崁里",798,2015,1057,958,"113Y12M"
"64000","高雄市","64000290","梓官區","64000290-007","禮蚵里",824,2202,1138,1064,"113Y12M"
"64000","高雄市","64000290","梓官區","64000290-008","智蚵里",1142,3076,1579,1497,"113Y12M"
"64000","高雄市","64000290","梓官區","64000290-009","信蚵里",1091,2808,1454,1354,"113Y12M"
"64000","高雄市","64000290","梓官區","64000290-010","同安里",423,1116,565,551,"113Y12M"
"64000","高雄市","64000290","梓官區","64000290-011","大舍里",1680,4318,2217,2101,"113Y12M"
"64000","高雄市","64000290","梓官區","64000290-012","赤東里",914,2337,1180,1157,"113Y12M"
"64000","高雄市","64000290","梓官區","64000290-013","赤西里",358,844,442,402,"113Y12M"
"64000","高雄市","64000290","梓官區","64000290-014","茄苳里",910,2398,1226,1172,"113Y12M"
"64000","高雄市","64000290","梓官區","64000290-015","典寶里",1376,3281,1674,1607,"113Y12M"
"64000","高雄市","64000300","旗山區","64000300-001","太平里",1005,2579,1281,1298,"113Y12M"
"64000","高雄市","64000300","旗山區","64000300-002","大德里",1112,2639,1270,1369,"113Y12M"
"64000","高雄市","64000300","旗山區","64000300-003","湄洲里",792,1683,853,830,"113Y12M"
"64000","高雄市","64000300","旗山區","64000300-004","圓富里",769,1921,975,946,"113Y12M"
"64000","高雄市","64000300","旗山區","64000300-005","中正里",578,1502,801,701,"113Y12M"
"64000","高雄市","64000300","旗山區","64000300-006","大林里",559,1375,757,618,"113Y12M"
"64000","高雄市","64000300","旗山區","64000300-007","上洲里",437,1018,540,478,"113Y12M"
"64000","高雄市","64000300","旗山區","64000300-008","新光里",339,767,421,346,"113Y12M"
"64000","高雄市","64000300","旗山區","64000300-009","南勝里",855,2144,1119,1025,"113Y12M"
"64000","高雄市","64000300","旗山區","64000300-010","中寮里",110,178,100,78,"113Y12M"
"64000","高雄市","64000300","旗山區","64000300-011","東平里",866,2052,1025,1027,"113Y12M"
"64000","高雄市","64000300","旗山區","64000300-012","東昌里",454,1062,547,515,"113Y12M"
"64000","高雄市","64000300","旗山區","64000300-013","竹峰里",706,1657,830,827,"113Y12M"
"64000","高雄市","64000300","旗山區","64000300-014","瑞吉里",888,2241,1088,1153,"113Y12M"
"64000","高雄市","64000300","旗山區","64000300-015","永和里",1406,3749,1859,1890,"113Y12M"
"64000","高雄市","64000300","旗山區","64000300-016","三協里",1023,2501,1288,1213,"113Y12M"
"64000","高雄市","64000300","旗山區","64000300-017","鯤洲里",327,725,395,330,"113Y12M"
"64000","高雄市","64000300","旗山區","64000300-018","大山里",521,1262,663,599,"113Y12M"
"64000","高雄市","64000300","旗山區","64000300-019","中洲里",373,822,448,374,"113Y12M"
"64000","高雄市","64000300","旗山區","64000300-020","南洲里",556,1278,675,603,"113Y12M"
"64000","高雄市","64000300","旗山區","64000300-021","廣福里",274,663,347,316,"113Y12M"
"64000","高雄市","64000310","美濃區","64000310-001","福安里",1128,2666,1376,1290,"113Y12M"
"64000","高雄市","64000310","美濃區","64000310-002","合和里",1152,2611,1344,1267,"113Y12M"
"64000","高雄市","64000310","美濃區","64000310-003","祿興里",1141,2763,1448,1315,"113Y12M"
"64000","高雄市","64000310","美濃區","64000310-004","中壇里",836,2108,1131,977,"113Y12M"
"64000","高雄市","64000310","美濃區","64000310-005","德興里",615,1519,790,729,"113Y12M"
"64000","高雄市","64000310","美濃區","64000310-006","龍山里",969,2210,1188,1022,"113Y12M"
"64000","高雄市","64000310","美濃區","64000310-007","獅山里",1055,2607,1361,1246,"113Y12M"
"64000","高雄市","64000310","美濃區","64000310-008","龍肚里",658,1422,782,640,"113Y12M"
"64000","高雄市","64000310","美濃區","64000310-009","廣德里",558,1324,716,608,"113Y12M"
"64000","高雄市","64000310","美濃區","64000310-010","興隆里",517,1126,617,509,"113Y12M"
"64000","高雄市","64000310","美濃區","64000310-011","中圳里",979,2307,1178,1129,"113Y12M"
"64000","高雄市","64000310","美濃區","64000310-012","東門里",542,1206,640,566,"113Y12M"
"64000","高雄市","64000310","美濃區","64000310-013","泰安里",792,1799,932,867,"113Y12M"
"64000","高雄市","64000310","美濃區","64000310-014","瀰濃里",1162,2533,1314,1219,"113Y12M"
"64000","高雄市","64000310","美濃區","64000310-015","清水里",735,1751,922,829,"113Y12M"
"64000","高雄市","64000310","美濃區","64000310-016","吉洋里",752,1860,995,865,"113Y12M"
"64000","高雄市","64000310","美濃區","64000310-017","吉和里",557,1392,757,635,"113Y12M"
"64000","高雄市","64000310","美濃區","64000310-018","吉東里",744,1899,984,915,"113Y12M"
"64000","高雄市","64000310","美濃區","64000310-019","廣林里",632,1442,763,679,"113Y12M"
"64000","高雄市","64000320","六龜區","64000320-001","新威里",340,703,421,282,"113Y12M"
"64000","高雄市","64000320","六龜區","64000320-002","新興里",296,660,374,286,"113Y12M"
"64000","高雄市","64000320","六龜區","64000320-003","新寮里",288,613,336,277,"113Y12M"
"64000","高雄市","64000320","六龜區","64000320-004","新發里",493,960,531,429,"113Y12M"
"64000","高雄市","64000320","六龜區","64000320-005","荖濃里",657,1447,764,683,"113Y12M"
"64000","高雄市","64000320","六龜區","64000320-006","六龜里",451,971,503,468,"113Y12M"
"64000","高雄市","64000320","六龜區","64000320-007","義寶里",486,1071,542,529,"113Y12M"
"64000","高雄市","64000320","六龜區","64000320-008","興龍里",377,839,445,394,"113Y12M"
"64000","高雄市","64000320","六龜區","64000320-009","中興里",706,1524,809,715,"113Y12M"
"64000","高雄市","64000320","六龜區","64000320-010","寶來里",447,927,470,457,"113Y12M"
"64000","高雄市","64000320","六龜區","64000320-011","文武里",691,1487,815,672,"113Y12M"
"64000","高雄市","64000320","六龜區","64000320-012","大津里",149,309,174,135,"113Y12M"
"64000","高雄市","64000330","甲仙區","64000330-001","東安里",193,423,223,200,"113Y12M"
"64000","高雄市","64000330","甲仙區","64000330-002","西安里",392,934,443,491,"113Y12M"
"64000","高雄市","64000330","甲仙區","64000330-003","和安里",340,698,365,333,"113Y12M"
"64000","高雄市","64000330","甲仙區","64000330-004","大田里",642,1597,842,755,"113Y12M"
"64000","高雄市","64000330","甲仙區","64000330-005","寶隆里",248,635,349,286,"113Y12M"
"64000","高雄市","64000330","甲仙區","64000330-006","關山里",245,602,338,264,"113Y12M"
"64000","高雄市","64000330","甲仙區","64000330-007","小林里",224,523,288,235,"113Y12M"
"64000","高雄市","64000340","杉林區","64000340-001","杉林里",281,598,328,270,"113Y12M"
"64000","高雄市","64000340","杉林區","64000340-002","木梓里",301,666,379,287,"113Y12M"
"64000","高雄市","64000340","杉林區","64000340-003","集來里",570,1227,718,509,"113Y12M"
"64000","高雄市","64000340","杉林區","64000340-004","新庄里",701,1459,803,656,"113Y12M"
"64000","高雄市","64000340","杉林區","64000340-005","上平里",736,1578,860,718,"113Y12M"
"64000","高雄市","64000340","杉林區","64000340-006","月眉里",715,1614,882,732,"113Y12M"
"64000","高雄市","64000340","杉林區","64000340-007","月美里",563,1286,706,580,"113Y12M"
"64000","高雄市","64000340","杉林區","64000340-008","大愛里",897,2286,1182,1104,"113Y12M"
"64000","高雄市","64000350","內門區","64000350-001","溝坪里",367,965,542,423,"113Y12M"
"64000","高雄市","64000350","內門區","64000350-002","金竹里",280,637,343,294,"113Y12M"
"64000","高雄市","64000350","內門區","64000350-003","永富里",380,1009,528,481,"113Y12M"
"64000","高雄市","64000350","內門區","64000350-004","永吉里",188,414,233,181,"113Y12M"
"64000","高雄市","64000350","內門區","64000350-005","永興里",175,391,213,178,"113Y12M"
"64000","高雄市","64000350","內門區","64000350-006","石坑里",194,501,258,243,"113Y12M"
"64000","高雄市","64000350","內門區","64000350-007","內門里",387,974,511,463,"113Y12M"
"64000","高雄市","64000350","內門區","64000350-008","內豊里",472,1228,620,608,"113Y12M"
"64000","高雄市","64000350","內門區","64000350-009","觀亭里",704,1708,891,817,"113Y12M"
"64000","高雄市","64000350","內門區","64000350-010","中埔里",217,543,291,252,"113Y12M"
"64000","高雄市","64000350","內門區","64000350-011","內東里",315,792,444,348,"113Y12M"
"64000","高雄市","64000350","內門區","64000350-012","內南里",148,394,220,174,"113Y12M"
"64000","高雄市","64000350","內門區","64000350-013","東埔里",186,476,270,206,"113Y12M"
"64000","高雄市","64000350","內門區","64000350-014","三平里",264,685,384,301,"113Y12M"
"64000","高雄市","64000350","內門區","64000350-015","木柵里",238,588,346,242,"113Y12M"
"64000","高雄市","64000350","內門區","64000350-016","內興里",226,605,338,267,"113Y12M"
"64000","高雄市","64000350","內門區","64000350-017","瑞山里",149,307,165,142,"113Y12M"
"64000","高雄市","64000350","內門區","64000350-018","光興里",273,676,353,323,"113Y12M"
"64000","高雄市","64000360","茂林區","64000360-001","茂林里",299,867,439,428,"113Y12M"
"64000","高雄市","64000360","茂林區","64000360-002","萬山里",136,390,183,207,"113Y12M"
"64000","高雄市","64000360","茂林區","64000360-003","多納里",195,612,295,317,"113Y12M"
"64000","高雄市","64000370","桃源區","64000370-001","桃源里",315,946,489,457,"113Y12M"
"64000","高雄市","64000370","桃源區","64000370-002","寶山里",188,491,259,232,"113Y12M"
"64000","高雄市","64000370","桃源區","64000370-003","建山里",233,726,366,360,"113Y12M"
"64000","高雄市","64000370","桃源區","64000370-004","高中里",253,817,412,405,"113Y12M"
"64000","高雄市","64000370","桃源區","64000370-005","勤和里",104,275,146,129,"113Y12M"
"64000","高雄市","64000370","桃源區","64000370-006","復興里",118,332,167,165,"113Y12M"
"64000","高雄市","64000370","桃源區","64000370-007","拉芙蘭里",99,301,167,134,"113Y12M"
"64000","高雄市","64000370","桃源區","64000370-008","梅山里",95,302,169,133,"113Y12M"
"64000","高雄市","64000380","那瑪夏區","64000380-001","達卡努瓦里",459,1722,887,835,"113Y12M"
"64000","高雄市","64000380","那瑪夏區","64000380-002","瑪雅里",244,798,397,401,"113Y12M"
"64000","高雄市","64000380","那瑪夏區","64000380-003","南沙魯里",193,612,317,295,"113Y12M"
"10002","宜蘭縣","10002010","宜蘭市","10002010-001","神農里",1262,2776,1328,1448,"113Y12M"
"10002","宜蘭縣","10002010","宜蘭市","10002010-002","民權里",1132,2127,1066,1061,"113Y12M"
"10002","宜蘭縣","10002010","宜蘭市","10002010-008","進士里",1149,2514,1203,1311,"113Y12M"
"10002","宜蘭縣","10002010","宜蘭市","10002010-009","南橋里",576,1598,812,786,"113Y12M"
"10002","宜蘭縣","10002010","宜蘭市","10002010-010","建業里",1202,2837,1364,1473,"113Y12M"
"10002","宜蘭縣","10002010","宜蘭市","10002010-011","南津里",1276,2920,1431,1489,"113Y12M"
"10002","宜蘭縣","10002010","宜蘭市","10002010-012","凱旋里",628,1706,871,835,"113Y12M"
"10002","宜蘭縣","10002010","宜蘭市","10002010-013","黎明里",861,2376,1165,1211,"113Y12M"
"10002","宜蘭縣","10002010","宜蘭市","10002010-014","東村里",1033,2743,1370,1373,"113Y12M"
"10002","宜蘭縣","10002010","宜蘭市","10002010-015","延平里",1532,4182,2018,2164,"113Y12M"
"10002","宜蘭縣","10002010","宜蘭市","10002010-016","七張里",614,1739,912,827,"113Y12M"
"10002","宜蘭縣","10002010","宜蘭市","10002010-017","慈安里",841,2016,939,1077,"113Y12M"
"10002","宜蘭縣","10002010","宜蘭市","10002010-018","新民里",754,1580,792,788,"113Y12M"
"10002","宜蘭縣","10002010","宜蘭市","10002010-019","東門里",477,1018,534,484,"113Y12M"
"10002","宜蘭縣","10002010","宜蘭市","10002010-021","小東里",781,1761,862,899,"113Y12M"
"10002","宜蘭縣","10002010","宜蘭市","10002010-022","菜園里",730,1510,729,781,"113Y12M"
"10002","宜蘭縣","10002010","宜蘭市","10002010-023","孝廉里",515,1178,605,573,"113Y12M"
"10002","宜蘭縣","10002010","宜蘭市","10002010-024","新生里",1385,3454,1745,1709,"113Y12M"
"10002","宜蘭縣","10002010","宜蘭市","10002010-025","茭白里",983,2629,1277,1352,"113Y12M"
"10002","宜蘭縣","10002010","宜蘭市","10002010-026","北津里",992,2544,1210,1334,"113Y12M"
"10002","宜蘭縣","10002010","宜蘭市","10002010-027","梅洲里",1355,3655,1871,1784,"113Y12M"
"10002","宜蘭縣","10002010","宜蘭市","10002010-028","北門里",493,1168,604,564,"113Y12M"
"10002","宜蘭縣","10002010","宜蘭市","10002010-031","中山里",461,927,474,453,"113Y12M"
"10002","宜蘭縣","10002010","宜蘭市","10002010-032","西門里",800,1945,1000,945,"113Y12M"
"10002","宜蘭縣","10002010","宜蘭市","10002010-034","南門里",619,1465,714,751,"113Y12M"
"10002","宜蘭縣","10002010","宜蘭市","10002010-035","負郭里",1449,3611,1683,1928,"113Y12M"
"10002","宜蘭縣","10002010","宜蘭市","10002010-036","民族里",1050,2409,1125,1284,"113Y12M"
"10002","宜蘭縣","10002010","宜蘭市","10002010-037","建軍里",795,1854,869,985,"113Y12M"
"10002","宜蘭縣","10002010","宜蘭市","10002010-038","思源里",2258,5410,2539,2871,"113Y12M"
"10002","宜蘭縣","10002010","宜蘭市","10002010-039","文化里",1477,3585,1697,1888,"113Y12M"
"10002","宜蘭縣","10002010","宜蘭市","10002010-040","復興里",1348,2835,1362,1473,"113Y12M"
"10002","宜蘭縣","10002010","宜蘭市","10002010-041","成功里",1484,3748,1796,1952,"113Y12M"
"10002","宜蘭縣","10002010","宜蘭市","10002010-042","新東里",1439,3781,1792,1989,"113Y12M"
"10002","宜蘭縣","10002010","宜蘭市","10002010-043","七結里",1396,3403,1595,1808,"113Y12M"
"10002","宜蘭縣","10002010","宜蘭市","10002010-044","泰山里",914,2317,1072,1245,"113Y12M"
"10002","宜蘭縣","10002010","宜蘭市","10002010-045","大新里",406,831,409,422,"113Y12M"
"10002","宜蘭縣","10002010","宜蘭市","10002010-046","中興里",1397,3392,1630,1762,"113Y12M"
"10002","宜蘭縣","10002010","宜蘭市","10002010-047","擺厘里",1551,3346,1513,1833,"113Y12M"
"10002","宜蘭縣","10002020","羅東鎮","10002020-004","大新里",863,1871,904,967,"113Y12M"
"10002","宜蘭縣","10002020","羅東鎮","10002020-005","東安里",1801,4491,2022,2469,"113Y12M"
"10002","宜蘭縣","10002020","羅東鎮","10002020-006","新群里",1198,3240,1604,1636,"113Y12M"
"10002","宜蘭縣","10002020","羅東鎮","10002020-007","羅莊里",1503,3587,1670,1917,"113Y12M"
"10002","宜蘭縣","10002020","羅東鎮","10002020-008","南昌里",1240,2856,1350,1506,"113Y12M"
"10002","宜蘭縣","10002020","羅東鎮","10002020-009","南豪里",587,1466,696,770,"113Y12M"
"10002","宜蘭縣","10002020","羅東鎮","10002020-010","成功里",694,1724,808,916,"113Y12M"
"10002","宜蘭縣","10002020","羅東鎮","10002020-011","仁德里",570,1272,626,646,"113Y12M"
"10002","宜蘭縣","10002020","羅東鎮","10002020-016","漢民里",1756,4493,2090,2403,"113Y12M"
"10002","宜蘭縣","10002020","羅東鎮","10002020-017","西安里",1243,3256,1531,1725,"113Y12M"
"10002","宜蘭縣","10002020","羅東鎮","10002020-018","北成里",1263,3344,1584,1760,"113Y12M"
"10002","宜蘭縣","10002020","羅東鎮","10002020-019","賢文里",1708,4210,1951,2259,"113Y12M"
"10002","宜蘭縣","10002020","羅東鎮","10002020-020","公正里",1279,3278,1562,1716,"113Y12M"
"10002","宜蘭縣","10002020","羅東鎮","10002020-021","集祥里",695,1328,671,657,"113Y12M"
"10002","宜蘭縣","10002020","羅東鎮","10002020-022","信義里",1490,3813,1741,2072,"113Y12M"
"10002","宜蘭縣","10002020","羅東鎮","10002020-023","竹林里",1261,3480,1713,1767,"113Y12M"
"10002","宜蘭縣","10002020","羅東鎮","10002020-024","仁愛里",1538,4366,2107,2259,"113Y12M"
"10002","宜蘭縣","10002020","羅東鎮","10002020-025","樹林里",1610,4252,1945,2307,"113Y12M"
"10002","宜蘭縣","10002020","羅東鎮","10002020-026","國華里",2104,5513,2529,2984,"113Y12M"
"10002","宜蘭縣","10002020","羅東鎮","10002020-027","維揚里",1431,3699,1733,1966,"113Y12M"
"10002","宜蘭縣","10002020","羅東鎮","10002020-028","開明里",649,1454,693,761,"113Y12M"
"10002","宜蘭縣","10002020","羅東鎮","10002020-029","中山里",659,1490,717,773,"113Y12M"
"10002","宜蘭縣","10002020","羅東鎮","10002020-030","仁和里",532,1155,555,600,"113Y12M"
"10002","宜蘭縣","10002030","蘇澳鎮","10002030-001","龍德里",1474,3699,1895,1804,"113Y12M"
"10002","宜蘭縣","10002030","蘇澳鎮","10002030-002","頂寮里",400,1168,590,578,"113Y12M"
"10002","宜蘭縣","10002030","蘇澳鎮","10002030-003","永榮里",1715,4607,2277,2330,"113Y12M"
"10002","宜蘭縣","10002030","蘇澳鎮","10002030-004","存仁里",349,876,463,413,"113Y12M"
"10002","宜蘭縣","10002030","蘇澳鎮","10002030-005","港邊里",502,1338,691,647,"113Y12M"
"10002","宜蘭縣","10002030","蘇澳鎮","10002030-007","隘丁里",1413,3844,1909,1935,"113Y12M"
"10002","宜蘭縣","10002030","蘇澳鎮","10002030-008","新城里",699,1788,912,876,"113Y12M"
"10002","宜蘭縣","10002030","蘇澳鎮","10002030-009","聖湖里",905,2447,1239,1208,"113Y12M"
"10002","宜蘭縣","10002030","蘇澳鎮","10002030-010","蘇西里",1064,2446,1259,1187,"113Y12M"
"10002","宜蘭縣","10002030","蘇澳鎮","10002030-011","蘇北里",432,971,474,497,"113Y12M"
"10002","宜蘭縣","10002030","蘇澳鎮","10002030-012","蘇南里",189,416,211,205,"113Y12M"
"10002","宜蘭縣","10002030","蘇澳鎮","10002030-013","蘇東里",236,503,252,251,"113Y12M"
"10002","宜蘭縣","10002030","蘇澳鎮","10002030-014","長安里",229,542,299,243,"113Y12M"
"10002","宜蘭縣","10002030","蘇澳鎮","10002030-015","永光里",202,417,209,208,"113Y12M"
"10002","宜蘭縣","10002030","蘇澳鎮","10002030-016","永春里",290,554,281,273,"113Y12M"
"10002","宜蘭縣","10002030","蘇澳鎮","10002030-017","永樂里",198,470,228,242,"113Y12M"
"10002","宜蘭縣","10002030","蘇澳鎮","10002030-018","南安里",359,893,463,430,"113Y12M"
"10002","宜蘭縣","10002030","蘇澳鎮","10002030-019","南正里",369,868,436,432,"113Y12M"
"10002","宜蘭縣","10002030","蘇澳鎮","10002030-020","南成里",405,1032,529,503,"113Y12M"
"10002","宜蘭縣","10002030","蘇澳鎮","10002030-021","南興里",558,1357,671,686,"113Y12M"
"10002","宜蘭縣","10002030","蘇澳鎮","10002030-022","南寧里",382,942,479,463,"113Y12M"
"10002","宜蘭縣","10002030","蘇澳鎮","10002030-023","南建里",448,1147,602,545,"113Y12M"
"10002","宜蘭縣","10002030","蘇澳鎮","10002030-024","東澳里",139,320,157,163,"113Y12M"
"10002","宜蘭縣","10002030","蘇澳鎮","10002030-025","南強里",352,729,397,332,"113Y12M"
"10002","宜蘭縣","10002030","蘇澳鎮","10002030-026","朝陽里",278,582,324,258,"113Y12M"
"10002","宜蘭縣","10002030","蘇澳鎮","10002030-027","聖愛里",1149,2926,1430,1496,"113Y12M"
"10002","宜蘭縣","10002040","頭城鎮","10002040-001","石城里",132,315,171,144,"113Y12M"
"10002","宜蘭縣","10002040","頭城鎮","10002040-002","大里里",277,753,375,378,"113Y12M"
"10002","宜蘭縣","10002040","頭城鎮","10002040-003","大溪里",371,961,466,495,"113Y12M"
"10002","宜蘭縣","10002040","頭城鎮","10002040-004","合興里",161,367,202,165,"113Y12M"
"10002","宜蘭縣","10002040","頭城鎮","10002040-005","更新里",517,1406,709,697,"113Y12M"
"10002","宜蘭縣","10002040","頭城鎮","10002040-006","外澳里",344,930,507,423,"113Y12M"
"10002","宜蘭縣","10002040","頭城鎮","10002040-007","港口里",371,792,409,383,"113Y12M"
"10002","宜蘭縣","10002040","頭城鎮","10002040-008","武營里",695,1811,909,902,"113Y12M"
"10002","宜蘭縣","10002040","頭城鎮","10002040-009","大坑里",622,1546,754,792,"113Y12M"
"10002","宜蘭縣","10002040","頭城鎮","10002040-010","城東里",335,760,373,387,"113Y12M"
"10002","宜蘭縣","10002040","頭城鎮","10002040-011","城北里",211,557,280,277,"113Y12M"
"10002","宜蘭縣","10002040","頭城鎮","10002040-012","城西里",216,537,255,282,"113Y12M"
"10002","宜蘭縣","10002040","頭城鎮","10002040-013","城南里",281,694,343,351,"113Y12M"
"10002","宜蘭縣","10002040","頭城鎮","10002040-014","竹安里",826,2295,1185,1110,"113Y12M"
"10002","宜蘭縣","10002040","頭城鎮","10002040-015","新建里",953,2400,1258,1142,"113Y12M"
"10002","宜蘭縣","10002040","頭城鎮","10002040-016","拔雅里",1129,2638,1327,1311,"113Y12M"
"10002","宜蘭縣","10002040","頭城鎮","10002040-017","福成里",383,1015,561,454,"113Y12M"
"10002","宜蘭縣","10002040","頭城鎮","10002040-018","金面里",758,1933,1025,908,"113Y12M"
"10002","宜蘭縣","10002040","頭城鎮","10002040-019","金盈里",292,746,405,341,"113Y12M"
"10002","宜蘭縣","10002040","頭城鎮","10002040-020","頂埔里",576,1484,746,738,"113Y12M"
"10002","宜蘭縣","10002040","頭城鎮","10002040-021","下埔里",399,977,521,456,"113Y12M"
"10002","宜蘭縣","10002040","頭城鎮","10002040-022","中崙里",389,1104,568,536,"113Y12M"
"10002","宜蘭縣","10002040","頭城鎮","10002040-023","二城里",463,1191,618,573,"113Y12M"
"10002","宜蘭縣","10002040","頭城鎮","10002040-024","龜山里",241,770,371,399,"113Y12M"
"10002","宜蘭縣","10002050","礁溪鄉","10002050-001","白雲村",748,1813,959,854,"113Y12M"
"10002","宜蘭縣","10002050","礁溪鄉","10002050-002","玉石村",1290,2417,1222,1195,"113Y12M"
"10002","宜蘭縣","10002050","礁溪鄉","10002050-003","德陽村",2591,4812,2320,2492,"113Y12M"
"10002","宜蘭縣","10002050","礁溪鄉","10002050-004","大忠村",1580,2968,1406,1562,"113Y12M"
"10002","宜蘭縣","10002050","礁溪鄉","10002050-005","大義村",290,710,369,341,"113Y12M"
"10002","宜蘭縣","10002050","礁溪鄉","10002050-006","六結村",600,1423,731,692,"113Y12M"
"10002","宜蘭縣","10002050","礁溪鄉","10002050-007","二龍村",534,1261,683,578,"113Y12M"
"10002","宜蘭縣","10002050","礁溪鄉","10002050-008","時潮村",667,1595,845,750,"113Y12M"
"10002","宜蘭縣","10002050","礁溪鄉","10002050-009","玉田村",1029,2355,1240,1115,"113Y12M"
"10002","宜蘭縣","10002050","礁溪鄉","10002050-010","三民村",1072,2734,1444,1290,"113Y12M"
"10002","宜蘭縣","10002050","礁溪鄉","10002050-011","林美村",482,1215,663,552,"113Y12M"
"10002","宜蘭縣","10002050","礁溪鄉","10002050-012","白鵝村",375,922,512,410,"113Y12M"
"10002","宜蘭縣","10002050","礁溪鄉","10002050-013","玉光村",539,1245,670,575,"113Y12M"
"10002","宜蘭縣","10002050","礁溪鄉","10002050-014","光武村",706,1632,860,772,"113Y12M"
"10002","宜蘭縣","10002050","礁溪鄉","10002050-015","吳沙村",1196,2916,1515,1401,"113Y12M"
"10002","宜蘭縣","10002050","礁溪鄉","10002050-016","龍潭村",1610,3961,2010,1951,"113Y12M"
"10002","宜蘭縣","10002050","礁溪鄉","10002050-017","匏崙村",404,973,519,454,"113Y12M"
"10002","宜蘭縣","10002050","礁溪鄉","10002050-018","二結村",191,447,255,192,"113Y12M"
"10002","宜蘭縣","10002060","壯圍鄉","10002060-001","吉祥村",1323,3213,1601,1612,"113Y12M"
"10002","宜蘭縣","10002060","壯圍鄉","10002060-002","美福村",882,2147,1144,1003,"113Y12M"
"10002","宜蘭縣","10002060","壯圍鄉","10002060-003","新南村",424,1026,554,472,"113Y12M"
"10002","宜蘭縣","10002060","壯圍鄉","10002060-004","東港村",405,1036,552,484,"113Y12M"
"10002","宜蘭縣","10002060","壯圍鄉","10002060-005","復興村",669,1748,931,817,"113Y12M"
"10002","宜蘭縣","10002060","壯圍鄉","10002060-006","過嶺村",617,1531,812,719,"113Y12M"
"10002","宜蘭縣","10002060","壯圍鄉","10002060-007","永鎮村",324,865,447,418,"113Y12M"
"10002","宜蘭縣","10002060","壯圍鄉","10002060-008","忠孝村",1051,2701,1433,1268,"113Y12M"
"10002","宜蘭縣","10002060","壯圍鄉","10002060-009","古亭村",754,1816,956,860,"113Y12M"
"10002","宜蘭縣","10002060","壯圍鄉","10002060-010","功勞村",569,1462,754,708,"113Y12M"
"10002","宜蘭縣","10002060","壯圍鄉","10002060-011","美城村",1144,2646,1388,1258,"113Y12M"
"10002","宜蘭縣","10002060","壯圍鄉","10002060-012","新社村",480,1163,618,545,"113Y12M"
"10002","宜蘭縣","10002060","壯圍鄉","10002060-013","大福村",727,1818,909,909,"113Y12M"
"10002","宜蘭縣","10002060","壯圍鄉","10002060-014","古結村",511,1297,661,636,"113Y12M"
"10002","宜蘭縣","10002070","員山鄉","10002070-001","員山村",2792,6832,3428,3404,"113Y12M"
"10002","宜蘭縣","10002070","員山鄉","10002070-002","尚德村",1011,2413,1274,1139,"113Y12M"
"10002","宜蘭縣","10002070","員山鄉","10002070-003","惠好村",783,2066,1082,984,"113Y12M"
"10002","宜蘭縣","10002070","員山鄉","10002070-004","七賢村",678,1770,947,823,"113Y12M"
"10002","宜蘭縣","10002070","員山鄉","10002070-005","深溝村",1069,2383,1227,1156,"113Y12M"
"10002","宜蘭縣","10002070","員山鄉","10002070-006","蓁巷村",555,1387,738,649,"113Y12M"
"10002","宜蘭縣","10002070","員山鄉","10002070-007","內城村",680,1652,844,808,"113Y12M"
"10002","宜蘭縣","10002070","員山鄉","10002070-008","中華村",278,585,341,244,"113Y12M"
"10002","宜蘭縣","10002070","員山鄉","10002070-009","永和村",768,1997,1037,960,"113Y12M"
"10002","宜蘭縣","10002070","員山鄉","10002070-010","頭分村",531,1452,786,666,"113Y12M"
"10002","宜蘭縣","10002070","員山鄉","10002070-011","枕山村",954,2463,1323,1140,"113Y12M"
"10002","宜蘭縣","10002070","員山鄉","10002070-012","同樂村",1018,2656,1410,1246,"113Y12M"
"10002","宜蘭縣","10002070","員山鄉","10002070-013","湖東村",391,988,509,479,"113Y12M"
"10002","宜蘭縣","10002070","員山鄉","10002070-014","逸仙村",406,983,538,445,"113Y12M"
"10002","宜蘭縣","10002070","員山鄉","10002070-015","湖北村",403,1023,555,468,"113Y12M"
"10002","宜蘭縣","10002070","員山鄉","10002070-016","湖西村",595,1336,766,570,"113Y12M"
"10002","宜蘭縣","10002080","冬山鄉","10002080-001","武淵村",647,1473,759,714,"113Y12M"
"10002","宜蘭縣","10002080","冬山鄉","10002080-002","珍珠村",722,1861,928,933,"113Y12M"
"10002","宜蘭縣","10002080","冬山鄉","10002080-003","補城村",547,1405,718,687,"113Y12M"
"10002","宜蘭縣","10002080","冬山鄉","10002080-004","三奇村",410,1084,553,531,"113Y12M"
"10002","宜蘭縣","10002080","冬山鄉","10002080-005","大興村",397,966,518,448,"113Y12M"
"10002","宜蘭縣","10002080","冬山鄉","10002080-006","東城村",574,1621,828,793,"113Y12M"
"10002","宜蘭縣","10002080","冬山鄉","10002080-007","香和村",1377,3830,1857,1973,"113Y12M"
"10002","宜蘭縣","10002080","冬山鄉","10002080-008","南興村",1491,3859,1943,1916,"113Y12M"
"10002","宜蘭縣","10002080","冬山鄉","10002080-009","冬山村",321,757,381,376,"113Y12M"
"10002","宜蘭縣","10002080","冬山鄉","10002080-010","安平村",271,797,398,399,"113Y12M"
"10002","宜蘭縣","10002080","冬山鄉","10002080-011","太和村",644,1732,897,835,"113Y12M"
"10002","宜蘭縣","10002080","冬山鄉","10002080-012","八寶村",406,966,501,465,"113Y12M"
"10002","宜蘭縣","10002080","冬山鄉","10002080-013","丸山村",621,1643,863,780,"113Y12M"
"10002","宜蘭縣","10002080","冬山鄉","10002080-014","中山村",205,473,255,218,"113Y12M"
"10002","宜蘭縣","10002080","冬山鄉","10002080-015","順安村",2259,5539,2789,2750,"113Y12M"
"10002","宜蘭縣","10002080","冬山鄉","10002080-016","永美村",1551,3711,1817,1894,"113Y12M"
"10002","宜蘭縣","10002080","冬山鄉","10002080-017","群英村",2169,5123,2546,2577,"113Y12M"
"10002","宜蘭縣","10002080","冬山鄉","10002080-018","清溝村",1788,4601,2222,2379,"113Y12M"
"10002","宜蘭縣","10002080","冬山鄉","10002080-019","鹿埔村",1196,3023,1596,1427,"113Y12M"
"10002","宜蘭縣","10002080","冬山鄉","10002080-020","得安村",519,1132,595,537,"113Y12M"
"10002","宜蘭縣","10002080","冬山鄉","10002080-021","廣興村",1147,2726,1376,1350,"113Y12M"
"10002","宜蘭縣","10002080","冬山鄉","10002080-022","廣安村",777,1914,951,963,"113Y12M"
"10002","宜蘭縣","10002080","冬山鄉","10002080-023","柯林村",878,2061,1042,1019,"113Y12M"
"10002","宜蘭縣","10002080","冬山鄉","10002080-024","大進村",343,820,464,356,"113Y12M"
"10002","宜蘭縣","10002090","五結鄉","10002090-001","三興村",1045,2493,1278,1215,"113Y12M"
"10002","宜蘭縣","10002090","五結鄉","10002090-002","二結村",923,2147,1064,1083,"113Y12M"
"10002","宜蘭縣","10002090","五結鄉","10002090-003","鎮安村",1202,3072,1556,1516,"113Y12M"
"10002","宜蘭縣","10002090","五結鄉","10002090-004","上四村",823,1755,878,877,"113Y12M"
"10002","宜蘭縣","10002090","五結鄉","10002090-005","中興村",716,1615,778,837,"113Y12M"
"10002","宜蘭縣","10002090","五結鄉","10002090-006","四結村",1340,2997,1459,1538,"113Y12M"
"10002","宜蘭縣","10002090","五結鄉","10002090-007","福興村",863,2043,1035,1008,"113Y12M"
"10002","宜蘭縣","10002090","五結鄉","10002090-008","五結村",1752,4286,2216,2070,"113Y12M"
"10002","宜蘭縣","10002090","五結鄉","10002090-009","大吉村",1763,4552,2289,2263,"113Y12M"
"10002","宜蘭縣","10002090","五結鄉","10002090-010","協和村",1663,3902,1921,1981,"113Y12M"
"10002","宜蘭縣","10002090","五結鄉","10002090-011","孝威村",859,1958,1019,939,"113Y12M"
"10002","宜蘭縣","10002090","五結鄉","10002090-012","錦眾村",653,1591,842,749,"113Y12M"
"10002","宜蘭縣","10002090","五結鄉","10002090-013","利澤村",865,2102,1080,1022,"113Y12M"
"10002","宜蘭縣","10002090","五結鄉","10002090-014","成興村",1739,4077,2042,2035,"113Y12M"
"10002","宜蘭縣","10002090","五結鄉","10002090-015","季新村",1175,3010,1573,1437,"113Y12M"
"10002","宜蘭縣","10002100","三星鄉","10002100-001","員山村",100,181,97,84,"113Y12M"
"10002","宜蘭縣","10002100","三星鄉","10002100-002","天山村",210,477,261,216,"113Y12M"
"10002","宜蘭縣","10002100","三星鄉","10002100-003","天福村",307,756,407,349,"113Y12M"
"10002","宜蘭縣","10002100","三星鄉","10002100-004","雙賢村",319,697,393,304,"113Y12M"
"10002","宜蘭縣","10002100","三星鄉","10002100-005","人和村",226,495,261,234,"113Y12M"
"10002","宜蘭縣","10002100","三星鄉","10002100-006","義德村",598,1253,721,532,"113Y12M"
"10002","宜蘭縣","10002100","三星鄉","10002100-007","集慶村",521,1242,637,605,"113Y12M"
"10002","宜蘭縣","10002100","三星鄉","10002100-008","月眉村",383,915,500,415,"113Y12M"
"10002","宜蘭縣","10002100","三星鄉","10002100-009","拱照村",802,1428,876,552,"113Y12M"
"10002","宜蘭縣","10002100","三星鄉","10002100-010","大隱村",2147,5005,2598,2407,"113Y12M"
"10002","宜蘭縣","10002100","三星鄉","10002100-011","行健村",449,979,511,468,"113Y12M"
"10002","宜蘭縣","10002100","三星鄉","10002100-012","萬德村",279,631,353,278,"113Y12M"
"10002","宜蘭縣","10002100","三星鄉","10002100-013","貴林村",264,559,307,252,"113Y12M"
"10002","宜蘭縣","10002100","三星鄉","10002100-014","萬富村",372,754,417,337,"113Y12M"
"10002","宜蘭縣","10002100","三星鄉","10002100-015","大義村",667,1384,731,653,"113Y12M"
"10002","宜蘭縣","10002100","三星鄉","10002100-016","尚武村",434,895,484,411,"113Y12M"
"10002","宜蘭縣","10002100","三星鄉","10002100-017","大洲村",761,1812,956,856,"113Y12M"
"10002","宜蘭縣","10002100","三星鄉","10002100-018","尾塹村",717,1716,911,805,"113Y12M"
"10002","宜蘭縣","10002110","大同鄉","10002110-001","寒溪村",404,1160,607,553,"113Y12M"
"10002","宜蘭縣","10002110","大同鄉","10002110-002","崙埤村",253,750,406,344,"113Y12M"
"10002","宜蘭縣","10002110","大同鄉","10002110-003","松羅村",288,828,456,372,"113Y12M"
"10002","宜蘭縣","10002110","大同鄉","10002110-004","復興村",112,287,168,119,"113Y12M"
"10002","宜蘭縣","10002110","大同鄉","10002110-005","英士村",138,394,209,185,"113Y12M"
"10002","宜蘭縣","10002110","大同鄉","10002110-006","樂水村",166,475,251,224,"113Y12M"
"10002","宜蘭縣","10002110","大同鄉","10002110-007","太平村",22,38,25,13,"113Y12M"
"10002","宜蘭縣","10002110","大同鄉","10002110-008","四季村",317,952,501,451,"113Y12M"
"10002","宜蘭縣","10002110","大同鄉","10002110-009","南山村",270,859,461,398,"113Y12M"
"10002","宜蘭縣","10002110","大同鄉","10002110-010","茂安村",73,237,130,107,"113Y12M"
"10002","宜蘭縣","10002120","南澳鄉","10002120-001","南澳村",527,1465,737,728,"113Y12M"
"10002","宜蘭縣","10002120","南澳鄉","10002120-002","碧候村",428,1315,660,655,"113Y12M"
"10002","宜蘭縣","10002120","南澳鄉","10002120-003","東岳村",207,615,287,328,"113Y12M"
"10002","宜蘭縣","10002120","南澳鄉","10002120-004","金岳村",196,550,266,284,"113Y12M"
"10002","宜蘭縣","10002120","南澳鄉","10002120-005","武塔村",206,569,300,269,"113Y12M"
"10002","宜蘭縣","10002120","南澳鄉","10002120-006","金洋村",242,629,337,292,"113Y12M"
"10002","宜蘭縣","10002120","南澳鄉","10002120-007","澳花村",333,947,499,448,"113Y12M"
"10004","新竹縣","10004010","竹北市","10004010-001","斗崙里",4160,10538,5067,5471,"113Y12M"
"10004","新竹縣","10004010","竹北市","10004010-002","鹿場里",6197,17264,8455,8809,"113Y12M"
"10004","新竹縣","10004010","竹北市","10004010-003","東平里",7815,19559,9726,9833,"113Y12M"
"10004","新竹縣","10004010","竹北市","10004010-004","中興里",5139,13111,6389,6722,"113Y12M"
"10004","新竹縣","10004010","竹北市","10004010-005","隘口里",2785,5956,3029,2927,"113Y12M"
"10004","新竹縣","10004010","竹北市","10004010-006","東海里",1616,3955,2059,1896,"113Y12M"
"10004","新竹縣","10004010","竹北市","10004010-007","竹北里",4843,12003,5913,6090,"113Y12M"
"10004","新竹縣","10004010","竹北市","10004010-008","竹仁里",4126,11165,5343,5822,"113Y12M"
"10004","新竹縣","10004010","竹北市","10004010-009","竹義里",3204,7398,3798,3600,"113Y12M"
"10004","新竹縣","10004010","竹北市","10004010-010","泰和里",2873,7802,3874,3928,"113Y12M"
"10004","新竹縣","10004010","竹北市","10004010-011","新社里",3325,8872,4351,4521,"113Y12M"
"10004","新竹縣","10004010","竹北市","10004010-012","聯興里",1779,5256,2715,2541,"113Y12M"
"10004","新竹縣","10004010","竹北市","10004010-013","麻園里",839,2386,1223,1163,"113Y12M"
"10004","新竹縣","10004010","竹北市","10004010-014","溪州里",1040,2942,1522,1420,"113Y12M"
"10004","新竹縣","10004010","竹北市","10004010-015","白地里",926,2501,1249,1252,"113Y12M"
"10004","新竹縣","10004010","竹北市","10004010-016","新港里",490,1412,731,681,"113Y12M"
"10004","新竹縣","10004010","竹北市","10004010-017","大義里",737,1927,1005,922,"113Y12M"
"10004","新竹縣","10004010","竹北市","10004010-018","崇義里",806,2107,1128,979,"113Y12M"
"10004","新竹縣","10004010","竹北市","10004010-019","大眉里",865,2214,1123,1091,"113Y12M"
"10004","新竹縣","10004010","竹北市","10004010-020","尚義里",801,1924,1020,904,"113Y12M"
"10004","新竹縣","10004010","竹北市","10004010-021","十興里",4040,10780,5247,5533,"113Y12M"
"10004","新竹縣","10004010","竹北市","10004010-022","新國里",3500,8183,4158,4025,"113Y12M"
"10004","新竹縣","10004010","竹北市","10004010-023","新庄里",495,1330,705,625,"113Y12M"
"10004","新竹縣","10004010","竹北市","10004010-024","北崙里",1786,5122,2483,2639,"113Y12M"
"10004","新竹縣","10004010","竹北市","10004010-025","新崙里",3445,8499,4296,4203,"113Y12M"
"10004","新竹縣","10004010","竹北市","10004010-026","福德里",1473,3892,1914,1978,"113Y12M"
"10004","新竹縣","10004010","竹北市","10004010-027","東興里",5258,11805,5920,5885,"113Y12M"
"10004","新竹縣","10004010","竹北市","10004010-028","北興里",4643,10536,5212,5324,"113Y12M"
"10004","新竹縣","10004010","竹北市","10004010-029","興安里",1752,4975,2446,2529,"113Y12M"
"10004","新竹縣","10004010","竹北市","10004010-030","文化里",1585,4332,2055,2277,"113Y12M"
"10004","新竹縣","10004010","竹北市","10004010-031","中崙里",3763,9859,4907,4952,"113Y12M"
"10004","新竹縣","10004020","竹東鎮","10004020-001","上坪里",135,300,178,122,"113Y12M"
"10004","新竹縣","10004020","竹東鎮","10004020-002","瑞峰里",211,383,221,162,"113Y12M"
"10004","新竹縣","10004020","竹東鎮","10004020-003","軟橋里",147,402,225,177,"113Y12M"
"10004","新竹縣","10004020","竹東鎮","10004020-004","員崠里",963,2551,1228,1323,"113Y12M"
"10004","新竹縣","10004020","竹東鎮","10004020-005","東寧里",1498,3745,1818,1927,"113Y12M"
"10004","新竹縣","10004020","竹東鎮","10004020-006","上?里",4110,10948,5519,5429,"113Y12M"
"10004","新竹縣","10004020","竹東鎮","10004020-007","大鄉里",1860,5307,2658,2649,"113Y12M"
"10004","新竹縣","10004020","竹東鎮","10004020-008","東華里",294,675,330,345,"113Y12M"
"10004","新竹縣","10004020","竹東鎮","10004020-009","商華里",1512,3475,1790,1685,"113Y12M"
"10004","新竹縣","10004020","竹東鎮","10004020-010","竹東里",568,1422,727,695,"113Y12M"
"10004","新竹縣","10004020","竹東鎮","10004020-011","榮樂里",585,1451,744,707,"113Y12M"
"10004","新竹縣","10004020","竹東鎮","10004020-012","?林里",1690,4261,2078,2183,"113Y12M"
"10004","新竹縣","10004020","竹東鎮","10004020-013","仁愛里",1405,3848,1923,1925,"113Y12M"
"10004","新竹縣","10004020","竹東鎮","10004020-014","五豐里",3389,9257,4597,4660,"113Y12M"
"10004","新竹縣","10004020","竹東鎮","10004020-015","三重里",2908,7901,3924,3977,"113Y12M"
"10004","新竹縣","10004020","竹東鎮","10004020-016","頭重里",2265,5339,2830,2509,"113Y12M"
"10004","新竹縣","10004020","竹東鎮","10004020-017","員山里",845,2114,1124,990,"113Y12M"
"10004","新竹縣","10004020","竹東鎮","10004020-018","柯湖里",268,627,363,264,"113Y12M"
"10004","新竹縣","10004020","竹東鎮","10004020-019","二重里",6528,16290,8338,7952,"113Y12M"
"10004","新竹縣","10004020","竹東鎮","10004020-020","中山里",687,1835,921,914,"113Y12M"
"10004","新竹縣","10004020","竹東鎮","10004020-021","中正里",1326,3089,1499,1590,"113Y12M"
"10004","新竹縣","10004020","竹東鎮","10004020-022","南華里",444,1143,574,569,"113Y12M"
"10004","新竹縣","10004020","竹東鎮","10004020-023","榮華里",3496,9003,4396,4607,"113Y12M"
"10004","新竹縣","10004020","竹東鎮","10004020-024","忠孝里",687,1715,862,853,"113Y12M"
"10004","新竹縣","10004020","竹東鎮","10004020-025","陸豐里",207,652,344,308,"113Y12M"
"10004","新竹縣","10004030","新埔鎮","10004030-001","內立里",402,1155,611,544,"113Y12M"
"10004","新竹縣","10004030","新埔鎮","10004030-002","寶石里",321,892,479,413,"113Y12M"
"10004","新竹縣","10004030","新埔鎮","10004030-003","文山里",2355,5506,2896,2610,"113Y12M"
"10004","新竹縣","10004030","新埔鎮","10004030-004","五埔里",756,2209,1186,1023,"113Y12M"
"10004","新竹縣","10004030","新埔鎮","10004030-005","四座里",1268,3638,1885,1753,"113Y12M"
"10004","新竹縣","10004030","新埔鎮","10004030-006","旱坑里",627,1850,1012,838,"113Y12M"
"10004","新竹縣","10004030","新埔鎮","10004030-007","田新里",2277,4846,2483,2363,"113Y12M"
"10004","新竹縣","10004030","新埔鎮","10004030-008","新埔里",400,1019,508,511,"113Y12M"
"10004","新竹縣","10004030","新埔鎮","10004030-009","新生里",226,573,308,265,"113Y12M"
"10004","新竹縣","10004030","新埔鎮","10004030-010","新民里",469,1077,561,516,"113Y12M"
"10004","新竹縣","10004030","新埔鎮","10004030-011","上寮里",674,1998,1050,948,"113Y12M"
"10004","新竹縣","10004030","新埔鎮","10004030-012","下寮里",1109,2774,1487,1287,"113Y12M"
"10004","新竹縣","10004030","新埔鎮","10004030-013","南平里",338,1037,567,470,"113Y12M"
"10004","新竹縣","10004030","新埔鎮","10004030-014","北平里",248,655,377,278,"113Y12M"
"10004","新竹縣","10004030","新埔鎮","10004030-015","巨埔里",383,1162,635,527,"113Y12M"
"10004","新竹縣","10004030","新埔鎮","10004030-016","照門里",505,1381,793,588,"113Y12M"
"10004","新竹縣","10004030","新埔鎮","10004030-017","清水里",165,404,231,173,"113Y12M"
"10004","新竹縣","10004030","新埔鎮","10004030-018","鹿鳴里",260,715,404,311,"113Y12M"
"10004","新竹縣","10004030","新埔鎮","10004030-019","新北里",215,573,323,250,"113Y12M"
"10004","新竹縣","10004040","關西鎮","10004040-001","東興里",173,497,270,227,"113Y12M"
"10004","新竹縣","10004040","關西鎮","10004040-002","西安里",801,2163,1109,1054,"113Y12M"
"10004","新竹縣","10004040","關西鎮","10004040-003","南雄里",280,745,398,347,"113Y12M"
"10004","新竹縣","10004040","關西鎮","10004040-004","北斗里",1565,4239,2151,2088,"113Y12M"
"10004","新竹縣","10004040","關西鎮","10004040-005","仁安里",380,1001,540,461,"113Y12M"
"10004","新竹縣","10004040","關西鎮","10004040-006","北山里",254,771,447,324,"113Y12M"
"10004","新竹縣","10004040","關西鎮","10004040-007","南山里",346,1132,616,516,"113Y12M"
"10004","新竹縣","10004040","關西鎮","10004040-008","東安里",1597,4412,2262,2150,"113Y12M"
"10004","新竹縣","10004040","關西鎮","10004040-009","東光里",474,1304,723,581,"113Y12M"
"10004","新竹縣","10004040","關西鎮","10004040-010","新富里",211,551,330,221,"113Y12M"
"10004","新竹縣","10004040","關西鎮","10004040-011","金山里",209,529,294,235,"113Y12M"
"10004","新竹縣","10004040","關西鎮","10004040-012","錦山里",401,969,563,406,"113Y12M"
"10004","新竹縣","10004040","關西鎮","10004040-013","玉山里",173,438,241,197,"113Y12M"
"10004","新竹縣","10004040","關西鎮","10004040-014","大同里",293,808,437,371,"113Y12M"
"10004","新竹縣","10004040","關西鎮","10004040-015","石光里",592,1884,1006,878,"113Y12M"
"10004","新竹縣","10004040","關西鎮","10004040-016","上林里",330,827,462,365,"113Y12M"
"10004","新竹縣","10004040","關西鎮","10004040-017","新力里",223,567,336,231,"113Y12M"
"10004","新竹縣","10004040","關西鎮","10004040-018","南和里",246,825,455,370,"113Y12M"
"10004","新竹縣","10004040","關西鎮","10004040-019","東山里",318,861,489,372,"113Y12M"
"10004","新竹縣","10004040","關西鎮","10004040-020","南新里",341,899,520,379,"113Y12M"
"10004","新竹縣","10004040","關西鎮","10004040-021","東平里",381,966,526,440,"113Y12M"
"10004","新竹縣","10004050","湖口鄉","10004050-001","孝勢村",540,1326,667,659,"113Y12M"
"10004","新竹縣","10004050","湖口鄉","10004050-002","仁勢村",382,991,489,502,"113Y12M"
"10004","新竹縣","10004050","湖口鄉","10004050-003","愛勢村",1790,4855,2414,2441,"113Y12M"
"10004","新竹縣","10004050","湖口鄉","10004050-004","信勢村",2694,6587,3360,3227,"113Y12M"
"10004","新竹縣","10004050","湖口鄉","10004050-005","中勢村",1747,4871,2485,2386,"113Y12M"
"10004","新竹縣","10004050","湖口鄉","10004050-006","德盛村",2298,6202,3085,3117,"113Y12M"
"10004","新竹縣","10004050","湖口鄉","10004050-007","和興村",1183,3271,1740,1531,"113Y12M"
"10004","新竹縣","10004050","湖口鄉","10004050-008","長嶺村",1339,3784,1983,1801,"113Y12M"
"10004","新竹縣","10004050","湖口鄉","10004050-009","長安村",406,1174,646,528,"113Y12M"
"10004","新竹縣","10004050","湖口鄉","10004050-010","湖口村",1201,3176,1619,1557,"113Y12M"
"10004","新竹縣","10004050","湖口鄉","10004050-011","湖鏡村",1149,2984,1507,1477,"113Y12M"
"10004","新竹縣","10004050","湖口鄉","10004050-012","湖南村",690,1777,897,880,"113Y12M"
"10004","新竹縣","10004050","湖口鄉","10004050-013","波羅村",985,2543,1308,1235,"113Y12M"
"10004","新竹縣","10004050","湖口鄉","10004050-014","鳳凰村",2696,6167,3040,3127,"113Y12M"
"10004","新竹縣","10004050","湖口鄉","10004050-015","鳳山村",1510,3694,1920,1774,"113Y12M"
"10004","新竹縣","10004050","湖口鄉","10004050-016","中興村",3285,7805,3817,3988,"113Y12M"
"10004","新竹縣","10004050","湖口鄉","10004050-017","信義村",2132,5450,2727,2723,"113Y12M"
"10004","新竹縣","10004050","湖口鄉","10004050-018","中正村",2153,5663,2846,2817,"113Y12M"
"10004","新竹縣","10004050","湖口鄉","10004050-019","東興村",2520,6352,3140,3212,"113Y12M"
"10004","新竹縣","10004050","湖口鄉","10004050-020","勝利村",2065,5076,2508,2568,"113Y12M"
"10004","新竹縣","10004060","新豐鄉","10004060-001","福興村",482,1194,628,566,"113Y12M"
"10004","新竹縣","10004060","新豐鄉","10004060-002","後湖村",716,1970,1059,911,"113Y12M"
"10004","新竹縣","10004060","新豐鄉","10004060-003","青埔村",826,2182,1209,973,"113Y12M"
"10004","新竹縣","10004060","新豐鄉","10004060-004","埔和村",1126,3211,1690,1521,"113Y12M"
"10004","新竹縣","10004060","新豐鄉","10004060-005","瑞興村",772,2079,1112,967,"113Y12M"
"10004","新竹縣","10004060","新豐鄉","10004060-006","坡頭村",279,882,476,406,"113Y12M"
"10004","新竹縣","10004060","新豐鄉","10004060-007","中崙村",1310,3688,1918,1770,"113Y12M"
"10004","新竹縣","10004060","新豐鄉","10004060-008","重興村",2471,6545,3369,3176,"113Y12M"
"10004","新竹縣","10004060","新豐鄉","10004060-009","新豐村",867,2441,1300,1141,"113Y12M"
"10004","新竹縣","10004060","新豐鄉","10004060-010","員山村",1381,3676,1846,1830,"113Y12M"
"10004","新竹縣","10004060","新豐鄉","10004060-011","松林村",2176,5922,2913,3009,"113Y12M"
"10004","新竹縣","10004060","新豐鄉","10004060-012","上坑村",684,1862,989,873,"113Y12M"
"10004","新竹縣","10004060","新豐鄉","10004060-013","鳳坑村",435,1146,619,527,"113Y12M"
"10004","新竹縣","10004060","新豐鄉","10004060-014","忠孝村",1569,4606,2255,2351,"113Y12M"
"10004","新竹縣","10004060","新豐鄉","10004060-015","山崎村",2066,5415,2666,2749,"113Y12M"
"10004","新竹縣","10004060","新豐鄉","10004060-016","松柏村",3641,9294,4671,4623,"113Y12M"
"10004","新竹縣","10004060","新豐鄉","10004060-017","崎頂村",1182,3223,1624,1599,"113Y12M"
"10004","新竹縣","10004070","芎林鄉","10004070-001","五龍村",167,489,268,221,"113Y12M"
"10004","新竹縣","10004070","芎林鄉","10004070-002","華龍村",146,405,233,172,"113Y12M"
"10004","新竹縣","10004070","芎林鄉","10004070-003","秀湖村",347,978,533,445,"113Y12M"
"10004","新竹縣","10004070","芎林鄉","10004070-004","永興村",166,464,261,203,"113Y12M"
"10004","新竹縣","10004070","芎林鄉","10004070-005","石潭村",1014,2839,1495,1344,"113Y12M"
"10004","新竹縣","10004070","芎林鄉","10004070-006","新鳳村",584,1695,879,816,"113Y12M"
"10004","新竹縣","10004070","芎林鄉","10004070-007","中坑村",235,671,373,298,"113Y12M"
"10004","新竹縣","10004070","芎林鄉","10004070-008","水坑村",295,855,465,390,"113Y12M"
"10004","新竹縣","10004070","芎林鄉","10004070-009","文林村",1028,2683,1427,1256,"113Y12M"
"10004","新竹縣","10004070","芎林鄉","10004070-010","芎林村",680,1808,949,859,"113Y12M"
"10004","新竹縣","10004070","芎林鄉","10004070-011","上山村",2567,6095,3135,2960,"113Y12M"
"10004","新竹縣","10004070","芎林鄉","10004070-012","下山村",613,1422,771,651,"113Y12M"
"10004","新竹縣","10004080","橫山鄉","10004080-001","橫山村",1241,3538,1902,1636,"113Y12M"
"10004","新竹縣","10004080","橫山鄉","10004080-002","田寮村",319,927,514,413,"113Y12M"
"10004","新竹縣","10004080","橫山鄉","10004080-003","南昌村",100,163,116,47,"113Y12M"
"10004","新竹縣","10004080","橫山鄉","10004080-004","豐鄉村",108,225,128,97,"113Y12M"
"10004","新竹縣","10004080","橫山鄉","10004080-005","豐田村",132,361,189,172,"113Y12M"
"10004","新竹縣","10004080","橫山鄉","10004080-006","內灣村",393,904,492,412,"113Y12M"
"10004","新竹縣","10004080","橫山鄉","10004080-007","福興村",174,408,235,173,"113Y12M"
"10004","新竹縣","10004080","橫山鄉","10004080-008","沙坑村",375,954,516,438,"113Y12M"
"10004","新竹縣","10004080","橫山鄉","10004080-009","新興村",632,1720,911,809,"113Y12M"
"10004","新竹縣","10004080","橫山鄉","10004080-010","大肚村",647,1963,1028,935,"113Y12M"
"10004","新竹縣","10004080","橫山鄉","10004080-011","力行村",323,827,436,391,"113Y12M"
"10004","新竹縣","10004090","北埔鄉","10004090-001","北埔村",437,1185,621,564,"113Y12M"
"10004","新竹縣","10004090","北埔鄉","10004090-002","南興村",467,1235,663,572,"113Y12M"
"10004","新竹縣","10004090","北埔鄉","10004090-003","埔尾村",967,2829,1516,1313,"113Y12M"
"10004","新竹縣","10004090","北埔鄉","10004090-004","水?村",337,871,475,396,"113Y12M"
"10004","新竹縣","10004090","北埔鄉","10004090-005","南埔村",137,383,233,150,"113Y12M"
"10004","新竹縣","10004090","北埔鄉","10004090-006","大林村",282,770,413,357,"113Y12M"
"10004","新竹縣","10004090","北埔鄉","10004090-007","大湖村",223,529,314,215,"113Y12M"
"10004","新竹縣","10004090","北埔鄉","10004090-008","南坑村",132,317,182,135,"113Y12M"
"10004","新竹縣","10004090","北埔鄉","10004090-009","外坪村",144,277,185,92,"113Y12M"
"10004","新竹縣","10004100","寶山鄉","10004100-001","雙溪村",1384,3033,1554,1479,"113Y12M"
"10004","新竹縣","10004100","寶山鄉","10004100-002","大崎村",1016,2131,1138,993,"113Y12M"
"10004","新竹縣","10004100","寶山鄉","10004100-003","三峰村",485,1102,627,475,"113Y12M"
"10004","新竹縣","10004100","寶山鄉","10004100-004","新城村",490,1259,713,546,"113Y12M"
"10004","新竹縣","10004100","寶山鄉","10004100-005","深井村",299,836,462,374,"113Y12M"
"10004","新竹縣","10004100","寶山鄉","10004100-006","寶斗村",270,745,419,326,"113Y12M"
"10004","新竹縣","10004100","寶山鄉","10004100-007","山湖村",258,554,317,237,"113Y12M"
"10004","新竹縣","10004100","寶山鄉","10004100-008","寶山村",570,1166,646,520,"113Y12M"
"10004","新竹縣","10004100","寶山鄉","10004100-009","油田村",283,594,351,243,"113Y12M"
"10004","新竹縣","10004100","寶山鄉","10004100-010","雙新村",1305,3114,1630,1484,"113Y12M"
"10004","新竹縣","10004110","峨眉鄉","10004110-001","峨眉村",340,864,464,400,"113Y12M"
"10004","新竹縣","10004110","峨眉鄉","10004110-002","中盛村",277,701,401,300,"113Y12M"
"10004","新竹縣","10004110","峨眉鄉","10004110-003","石井村",257,556,314,242,"113Y12M"
"10004","新竹縣","10004110","峨眉鄉","10004110-004","富興村",533,1454,773,681,"113Y12M"
"10004","新竹縣","10004110","峨眉鄉","10004110-005","七星村",275,624,352,272,"113Y12M"
"10004","新竹縣","10004110","峨眉鄉","10004110-006","湖光村",430,882,491,391,"113Y12M"
"10004","新竹縣","10004120","尖石鄉","10004120-001","義興村",292,699,386,313,"113Y12M"
"10004","新竹縣","10004120","尖石鄉","10004120-002","嘉樂村",381,890,457,433,"113Y12M"
"10004","新竹縣","10004120","尖石鄉","10004120-003","新樂村",513,1471,764,707,"113Y12M"
"10004","新竹縣","10004120","尖石鄉","10004120-004","梅花村",292,768,409,359,"113Y12M"
"10004","新竹縣","10004120","尖石鄉","10004120-005","錦屏村",494,1474,772,702,"113Y12M"
"10004","新竹縣","10004120","尖石鄉","10004120-006","玉峰村",432,1849,937,912,"113Y12M"
"10004","新竹縣","10004120","尖石鄉","10004120-007","秀巒村",573,2372,1224,1148,"113Y12M"
"10004","新竹縣","10004130","五峰鄉","10004130-001","大隘村",598,1556,843,713,"113Y12M"
"10004","新竹縣","10004130","五峰鄉","10004130-002","花園村",335,817,433,384,"113Y12M"
"10004","新竹縣","10004130","五峰鄉","10004130-003","竹林村",183,422,220,202,"113Y12M"
"10004","新竹縣","10004130","五峰鄉","10004130-004","桃山村",656,1644,902,742,"113Y12M"
"10005","苗栗縣","10005010","苗栗市","10005010-001","中苗里",569,1341,665,676,"113Y12M"
"10005","苗栗縣","10005010","苗栗市","10005010-002","建功里",1934,4744,2234,2510,"113Y12M"
"10005","苗栗縣","10005010","苗栗市","10005010-003","青苗里",480,1130,530,600,"113Y12M"
"10005","苗栗縣","10005010","苗栗市","10005010-004","玉清里",993,2494,1218,1276,"113Y12M"
"10005","苗栗縣","10005010","苗栗市","10005010-005","玉華里",1507,4074,2054,2020,"113Y12M"
"10005","苗栗縣","10005010","苗栗市","10005010-006","維新里",1442,4011,2004,2007,"113Y12M"
"10005","苗栗縣","10005010","苗栗市","10005010-007","維祥里",1382,3680,1783,1897,"113Y12M"
"10005","苗栗縣","10005010","苗栗市","10005010-008","綠苗里",409,862,453,409,"113Y12M"
"10005","苗栗縣","10005010","苗栗市","10005010-009","高苗里",1424,3649,1832,1817,"113Y12M"
"10005","苗栗縣","10005010","苗栗市","10005010-010","玉苗里",383,898,446,452,"113Y12M"
"10005","苗栗縣","10005010","苗栗市","10005010-011","大同里",257,524,252,272,"113Y12M"
"10005","苗栗縣","10005010","苗栗市","10005010-012","新苗里",370,845,425,420,"113Y12M"
"10005","苗栗縣","10005010","苗栗市","10005010-013","勝利里",1660,4215,2120,2095,"113Y12M"
"10005","苗栗縣","10005010","苗栗市","10005010-014","恭敬里",679,1472,711,761,"113Y12M"
"10005","苗栗縣","10005010","苗栗市","10005010-015","上苗里",753,1691,822,869,"113Y12M"
"10005","苗栗縣","10005010","苗栗市","10005010-016","北苗里",2454,6206,3033,3173,"113Y12M"
"10005","苗栗縣","10005010","苗栗市","10005010-017","清華里",1477,3344,1622,1722,"113Y12M"
"10005","苗栗縣","10005010","苗栗市","10005010-018","嘉盛里",1447,3802,1910,1892,"113Y12M"
"10005","苗栗縣","10005010","苗栗市","10005010-019","福星里",1906,4867,2389,2478,"113Y12M"
"10005","苗栗縣","10005010","苗栗市","10005010-020","新川里",511,1275,683,592,"113Y12M"
"10005","苗栗縣","10005010","苗栗市","10005010-021","文山里",2223,5824,2862,2962,"113Y12M"
"10005","苗栗縣","10005010","苗栗市","10005010-022","福麗里",2678,6660,3251,3409,"113Y12M"
"10005","苗栗縣","10005010","苗栗市","10005010-023","水源里",1168,2743,1332,1411,"113Y12M"
"10005","苗栗縣","10005010","苗栗市","10005010-024","新英里",728,1910,979,931,"113Y12M"
"10005","苗栗縣","10005010","苗栗市","10005010-025","福安里",1658,4211,2092,2119,"113Y12M"
"10005","苗栗縣","10005010","苗栗市","10005010-026","嘉新里",1135,3088,1577,1511,"113Y12M"
"10005","苗栗縣","10005010","苗栗市","10005010-027","南勢里",805,2065,1100,965,"113Y12M"
"10005","苗栗縣","10005010","苗栗市","10005010-028","文聖里",1497,4400,2223,2177,"113Y12M"
"10005","苗栗縣","10005020","苑裡鎮","10005020-001","苑東里",973,2553,1255,1298,"113Y12M"
"10005","苗栗縣","10005020","苑裡鎮","10005020-002","苑南里",660,1562,780,782,"113Y12M"
"10005","苗栗縣","10005020","苑裡鎮","10005020-003","苑北里",403,963,480,483,"113Y12M"
"10005","苗栗縣","10005020","苑裡鎮","10005020-004","西平里",601,1744,884,860,"113Y12M"
"10005","苗栗縣","10005020","苑裡鎮","10005020-005","苑港里",436,1247,675,572,"113Y12M"
"10005","苗栗縣","10005020","苑裡鎮","10005020-006","西勢里",897,2412,1238,1174,"113Y12M"
"10005","苗栗縣","10005020","苑裡鎮","10005020-007","海岸里",392,1098,571,527,"113Y12M"
"10005","苗栗縣","10005020","苑裡鎮","10005020-008","房裡里",853,2395,1271,1124,"113Y12M"
"10005","苗栗縣","10005020","苑裡鎮","10005020-009","客庄里",1870,4978,2534,2444,"113Y12M"
"10005","苗栗縣","10005020","苑裡鎮","10005020-010","中正里",877,2523,1289,1234,"113Y12M"
"10005","苗栗縣","10005020","苑裡鎮","10005020-011","苑坑里",399,1043,559,484,"113Y12M"
"10005","苗栗縣","10005020","苑裡鎮","10005020-012","水坡里",251,677,373,304,"113Y12M"
"10005","苗栗縣","10005020","苑裡鎮","10005020-013","新復里",534,1442,768,674,"113Y12M"
"10005","苗栗縣","10005020","苑裡鎮","10005020-014","山?里",561,1414,744,670,"113Y12M"
"10005","苗栗縣","10005020","苑裡鎮","10005020-015","舊社里",704,1926,968,958,"113Y12M"
"10005","苗栗縣","10005020","苑裡鎮","10005020-016","福田里",442,1318,707,611,"113Y12M"
"10005","苗栗縣","10005020","苑裡鎮","10005020-017","石鎮里",214,522,284,238,"113Y12M"
"10005","苗栗縣","10005020","苑裡鎮","10005020-018","蕉埔里",368,851,475,376,"113Y12M"
"10005","苗栗縣","10005020","苑裡鎮","10005020-019","社苓里",970,2735,1438,1297,"113Y12M"
"10005","苗栗縣","10005020","苑裡鎮","10005020-020","泰田里",699,1887,994,893,"113Y12M"
"10005","苗栗縣","10005020","苑裡鎮","10005020-021","上?里",629,1712,943,769,"113Y12M"
"10005","苗栗縣","10005020","苑裡鎮","10005020-022","玉田里",708,1976,1039,937,"113Y12M"
"10005","苗栗縣","10005020","苑裡鎮","10005020-023","南勢里",290,693,398,295,"113Y12M"
"10005","苗栗縣","10005020","苑裡鎮","10005020-024","山柑里",552,1548,829,719,"113Y12M"
"10005","苗栗縣","10005020","苑裡鎮","10005020-025","田心里",777,2227,1130,1097,"113Y12M"
"10005","苗栗縣","10005030","通霄鎮","10005030-001","通東里",476,1113,555,558,"113Y12M"
"10005","苗栗縣","10005030","通霄鎮","10005030-002","通西里",863,2064,1034,1030,"113Y12M"
"10005","苗栗縣","10005030","通霄鎮","10005030-003","平元里",705,2013,1044,969,"113Y12M"
"10005","苗栗縣","10005030","通霄鎮","10005030-004","梅南里",567,1642,880,762,"113Y12M"
"10005","苗栗縣","10005030","通霄鎮","10005030-005","圳頭里",277,728,408,320,"113Y12M"
"10005","苗栗縣","10005030","通霄鎮","10005030-006","通南里",1022,2882,1536,1346,"113Y12M"
"10005","苗栗縣","10005030","通霄鎮","10005030-007","城北里",254,665,339,326,"113Y12M"
"10005","苗栗縣","10005030","通霄鎮","10005030-008","城南里",386,901,528,373,"113Y12M"
"10005","苗栗縣","10005030","通霄鎮","10005030-009","南和里",334,741,415,326,"113Y12M"
"10005","苗栗縣","10005030","通霄鎮","10005030-010","福興里",296,627,330,297,"113Y12M"
"10005","苗栗縣","10005030","通霄鎮","10005030-011","坪頂里",457,1244,668,576,"113Y12M"
"10005","苗栗縣","10005030","通霄鎮","10005030-012","五南里",515,1450,768,682,"113Y12M"
"10005","苗栗縣","10005030","通霄鎮","10005030-013","五北里",496,1463,786,677,"113Y12M"
"10005","苗栗縣","10005030","通霄鎮","10005030-014","內湖里",691,2005,1050,955,"113Y12M"
"10005","苗栗縣","10005030","通霄鎮","10005030-015","楓樹里",215,428,252,176,"113Y12M"
"10005","苗栗縣","10005030","通霄鎮","10005030-016","烏眉里",405,914,500,414,"113Y12M"
"10005","苗栗縣","10005030","通霄鎮","10005030-017","福龍里",183,370,214,156,"113Y12M"
"10005","苗栗縣","10005030","通霄鎮","10005030-018","福源里",303,798,433,365,"113Y12M"
"10005","苗栗縣","10005030","通霄鎮","10005030-019","通灣里",831,2316,1230,1086,"113Y12M"
"10005","苗栗縣","10005030","通霄鎮","10005030-020","新埔里",418,1166,642,524,"113Y12M"
"10005","苗栗縣","10005030","通霄鎮","10005030-021","內島里",298,751,426,325,"113Y12M"
"10005","苗栗縣","10005030","通霄鎮","10005030-022","白東里",569,1557,777,780,"113Y12M"
"10005","苗栗縣","10005030","通霄鎮","10005030-023","白西里",278,751,411,340,"113Y12M"
"10005","苗栗縣","10005030","通霄鎮","10005030-024","平安里",845,2304,1160,1144,"113Y12M"
"10005","苗栗縣","10005040","竹南鎮","10005040-001","竹南里",968,2199,1049,1150,"113Y12M"
"10005","苗栗縣","10005040","竹南鎮","10005040-002","照南里",1715,4649,2238,2411,"113Y12M"
"10005","苗栗縣","10005040","竹南鎮","10005040-003","正南里",1501,3275,1659,1616,"113Y12M"
"10005","苗栗縣","10005040","竹南鎮","10005040-004","新南里",2993,6848,3375,3473,"113Y12M"
"10005","苗栗縣","10005040","竹南鎮","10005040-005","大厝里",2475,6529,3305,3224,"113Y12M"
"10005","苗栗縣","10005040","竹南鎮","10005040-006","營盤里",1600,4335,2164,2171,"113Y12M"
"10005","苗栗縣","10005040","竹南鎮","10005040-007","聖福里",1513,4740,2331,2409,"113Y12M"
"10005","苗栗縣","10005040","竹南鎮","10005040-008","竹興里",1519,3856,1962,1894,"113Y12M"
"10005","苗栗縣","10005040","竹南鎮","10005040-009","龍鳳里",866,2472,1289,1183,"113Y12M"
"10005","苗栗縣","10005040","竹南鎮","10005040-010","山佳里",2480,6565,3276,3289,"113Y12M"
"10005","苗栗縣","10005040","竹南鎮","10005040-011","中港里",500,1302,681,621,"113Y12M"
"10005","苗栗縣","10005040","竹南鎮","10005040-012","中華里",1300,3362,1669,1693,"113Y12M"
"10005","苗栗縣","10005040","竹南鎮","10005040-013","中英里",657,1780,911,869,"113Y12M"
"10005","苗栗縣","10005040","竹南鎮","10005040-014","中美里",707,2148,1091,1057,"113Y12M"
"10005","苗栗縣","10005040","竹南鎮","10005040-015","開元里",693,1648,807,841,"113Y12M"
"10005","苗栗縣","10005040","竹南鎮","10005040-016","海口里",1977,5430,2763,2667,"113Y12M"
"10005","苗栗縣","10005040","竹南鎮","10005040-017","港墘里",871,2703,1343,1360,"113Y12M"
"10005","苗栗縣","10005040","竹南鎮","10005040-018","公?里",440,1307,675,632,"113Y12M"
"10005","苗栗縣","10005040","竹南鎮","10005040-019","大埔里",3448,6871,3574,3297,"113Y12M"
"10005","苗栗縣","10005040","竹南鎮","10005040-020","頂埔里",864,2268,1155,1113,"113Y12M"
"10005","苗栗縣","10005040","竹南鎮","10005040-021","崎頂里",1741,4449,2325,2124,"113Y12M"
"10005","苗栗縣","10005040","竹南鎮","10005040-022","公義里",406,1122,611,511,"113Y12M"
"10005","苗栗縣","10005040","竹南鎮","10005040-023","佳興里",1551,4635,2226,2409,"113Y12M"
"10005","苗栗縣","10005040","竹南鎮","10005040-024","天文里",1055,3137,1572,1565,"113Y12M"
"10005","苗栗縣","10005040","竹南鎮","10005040-025","龍山里",1086,3038,1511,1527,"113Y12M"
"10005","苗栗縣","10005050","頭份市","10005050-001","流東里",805,2424,1293,1131,"113Y12M"
"10005","苗栗縣","10005050","頭份市","10005050-002","珊湖里",745,1902,1003,899,"113Y12M"
"10005","苗栗縣","10005050","頭份市","10005050-003","斗煥里",1134,3183,1609,1574,"113Y12M"
"10005","苗栗縣","10005050","頭份市","10005050-004","新華里",1437,4253,2186,2067,"113Y12M"
"10005","苗栗縣","10005050","頭份市","10005050-005","興隆里",2112,5399,2775,2624,"113Y12M"
"10005","苗栗縣","10005050","頭份市","10005050-006","上埔里",1079,3018,1579,1439,"113Y12M"
"10005","苗栗縣","10005050","頭份市","10005050-007","土牛里",586,1388,729,659,"113Y12M"
"10005","苗栗縣","10005050","頭份市","10005050-008","頭份里",1534,3853,1855,1998,"113Y12M"
"10005","苗栗縣","10005050","頭份市","10005050-009","忠孝里",1440,3853,1873,1980,"113Y12M"
"10005","苗栗縣","10005050","頭份市","10005050-010","仁愛里",749,1771,881,890,"113Y12M"
"10005","苗栗縣","10005050","頭份市","10005050-011","信義里",678,1213,663,550,"113Y12M"
"10005","苗栗縣","10005050","頭份市","10005050-012","和平里",452,1230,612,618,"113Y12M"
"10005","苗栗縣","10005050","頭份市","10005050-013","民族里",1069,2568,1251,1317,"113Y12M"
"10005","苗栗縣","10005050","頭份市","10005050-014","東庄里",3044,6746,3364,3382,"113Y12M"
"10005","苗栗縣","10005050","頭份市","10005050-015","後庄里",2613,6410,3208,3202,"113Y12M"
"10005","苗栗縣","10005050","頭份市","10005050-016","山下里",1892,5213,2616,2597,"113Y12M"
"10005","苗栗縣","10005050","頭份市","10005050-017","蟠桃里",1822,4736,2229,2507,"113Y12M"
"10005","苗栗縣","10005050","頭份市","10005050-018","田寮里",1970,4940,2482,2458,"113Y12M"
"10005","苗栗縣","10005050","頭份市","10005050-019","蘆竹里",497,1412,752,660,"113Y12M"
"10005","苗栗縣","10005050","頭份市","10005050-020","上興里",1130,2792,1448,1344,"113Y12M"
"10005","苗栗縣","10005050","頭份市","10005050-021","下興里",1003,2906,1514,1392,"113Y12M"
"10005","苗栗縣","10005050","頭份市","10005050-022","尖山里",489,1340,704,636,"113Y12M"
"10005","苗栗縣","10005050","頭份市","10005050-023","尖下里",964,2767,1458,1309,"113Y12M"
"10005","苗栗縣","10005050","頭份市","10005050-024","廣興里",351,935,495,440,"113Y12M"
"10005","苗栗縣","10005050","頭份市","10005050-025","濫坑里",857,2419,1271,1148,"113Y12M"
"10005","苗栗縣","10005050","頭份市","10005050-026","民權里",1133,2910,1475,1435,"113Y12M"
"10005","苗栗縣","10005050","頭份市","10005050-027","民生里",1076,2944,1482,1462,"113Y12M"
"10005","苗栗縣","10005050","頭份市","10005050-028","建國里",1486,4209,2061,2148,"113Y12M"
"10005","苗栗縣","10005050","頭份市","10005050-029","成功里",1588,4449,2148,2301,"113Y12M"
"10005","苗栗縣","10005050","頭份市","10005050-030","自強里",949,2260,1103,1157,"113Y12M"
"10005","苗栗縣","10005050","頭份市","10005050-031","合興里",1177,3207,1639,1568,"113Y12M"
"10005","苗栗縣","10005050","頭份市","10005050-032","文化里",1878,4812,2373,2439,"113Y12M"
"10005","苗栗縣","10005050","頭份市","10005050-033","中興里",1477,4016,1950,2066,"113Y12M"
"10005","苗栗縣","10005060","後龍鎮","10005060-001","南龍里",575,1594,823,771,"113Y12M"
"10005","苗栗縣","10005060","後龍鎮","10005060-002","中龍里",306,823,418,405,"113Y12M"
"10005","苗栗縣","10005060","後龍鎮","10005060-003","北龍里",569,1416,694,722,"113Y12M"
"10005","苗栗縣","10005060","後龍鎮","10005060-004","大庄里",1785,5156,2672,2484,"113Y12M"
"10005","苗栗縣","10005060","後龍鎮","10005060-005","溪洲里",838,2428,1228,1200,"113Y12M"
"10005","苗栗縣","10005060","後龍鎮","10005060-006","豐富里",493,1344,691,653,"113Y12M"
"10005","苗栗縣","10005060","後龍鎮","10005060-007","校椅里",731,1638,836,802,"113Y12M"
"10005","苗栗縣","10005060","後龍鎮","10005060-008","埔頂里",1024,3077,1617,1460,"113Y12M"
"10005","苗栗縣","10005060","後龍鎮","10005060-009","新民里",478,1409,710,699,"113Y12M"
"10005","苗栗縣","10005060","後龍鎮","10005060-010","復興里",267,731,397,334,"113Y12M"
"10005","苗栗縣","10005060","後龍鎮","10005060-011","東明里",616,1598,852,746,"113Y12M"
"10005","苗栗縣","10005060","後龍鎮","10005060-012","大山里",598,1579,825,754,"113Y12M"
"10005","苗栗縣","10005060","後龍鎮","10005060-013","灣寶里",489,1271,700,571,"113Y12M"
"10005","苗栗縣","10005060","後龍鎮","10005060-014","海寶里",378,1037,577,460,"113Y12M"
"10005","苗栗縣","10005060","後龍鎮","10005060-015","外埔里",398,978,562,416,"113Y12M"
"10005","苗栗縣","10005060","後龍鎮","10005060-016","海埔里",366,934,497,437,"113Y12M"
"10005","苗栗縣","10005060","後龍鎮","10005060-017","秀水里",254,687,373,314,"113Y12M"
"10005","苗栗縣","10005060","後龍鎮","10005060-018","水尾里",406,1087,560,527,"113Y12M"
"10005","苗栗縣","10005060","後龍鎮","10005060-019","龍津里",233,614,337,277,"113Y12M"
"10005","苗栗縣","10005060","後龍鎮","10005060-020","龍坑里",523,1363,734,629,"113Y12M"
"10005","苗栗縣","10005060","後龍鎮","10005060-021","福寧里",266,708,405,303,"113Y12M"
"10005","苗栗縣","10005060","後龍鎮","10005060-022","中和里",462,1011,561,450,"113Y12M"
"10005","苗栗縣","10005060","後龍鎮","10005060-023","南港里",503,1218,680,538,"113Y12M"
"10005","苗栗縣","10005070","卓蘭鎮","10005070-001","中街里",328,723,370,353,"113Y12M"
"10005","苗栗縣","10005070","卓蘭鎮","10005070-002","新厝里",657,1550,818,732,"113Y12M"
"10005","苗栗縣","10005070","卓蘭鎮","10005070-003","上新里",829,2134,1094,1040,"113Y12M"
"10005","苗栗縣","10005070","卓蘭鎮","10005070-004","豐田里",374,945,519,426,"113Y12M"
"10005","苗栗縣","10005070","卓蘭鎮","10005070-005","西坪里",313,806,419,387,"113Y12M"
"10005","苗栗縣","10005070","卓蘭鎮","10005070-006","景山里",335,1033,519,514,"113Y12M"
"10005","苗栗縣","10005070","卓蘭鎮","10005070-007","老庄里",804,1902,974,928,"113Y12M"
"10005","苗栗縣","10005070","卓蘭鎮","10005070-008","新榮里",439,1074,550,524,"113Y12M"
"10005","苗栗縣","10005070","卓蘭鎮","10005070-009","內灣里",824,2133,1149,984,"113Y12M"
"10005","苗栗縣","10005070","卓蘭鎮","10005070-010","苗豐里",284,720,392,328,"113Y12M"
"10005","苗栗縣","10005070","卓蘭鎮","10005070-011","坪林里",589,1870,984,886,"113Y12M"
"10005","苗栗縣","10005080","大湖鄉","10005080-001","大湖村",726,1715,873,842,"113Y12M"
"10005","苗栗縣","10005080","大湖鄉","10005080-002","明湖村",244,571,302,269,"113Y12M"
"10005","苗栗縣","10005080","大湖鄉","10005080-003","靜湖村",734,1819,917,902,"113Y12M"
"10005","苗栗縣","10005080","大湖鄉","10005080-004","富興村",596,1375,723,652,"113Y12M"
"10005","苗栗縣","10005080","大湖鄉","10005080-005","大南村",248,497,288,209,"113Y12M"
"10005","苗栗縣","10005080","大湖鄉","10005080-006","大寮村",487,1191,646,545,"113Y12M"
"10005","苗栗縣","10005080","大湖鄉","10005080-007","南湖村",260,623,343,280,"113Y12M"
"10005","苗栗縣","10005080","大湖鄉","10005080-008","義和村",568,1559,859,700,"113Y12M"
"10005","苗栗縣","10005080","大湖鄉","10005080-009","東興村",306,753,434,319,"113Y12M"
"10005","苗栗縣","10005080","大湖鄉","10005080-010","武榮村",207,472,273,199,"113Y12M"
"10005","苗栗縣","10005080","大湖鄉","10005080-011","栗林村",382,1031,557,474,"113Y12M"
"10005","苗栗縣","10005080","大湖鄉","10005080-012","新開村",372,1035,561,474,"113Y12M"
"10005","苗栗縣","10005090","公館鄉","10005090-001","館中村",676,1706,854,852,"113Y12M"
"10005","苗栗縣","10005090","公館鄉","10005090-002","館東村",1000,2794,1396,1398,"113Y12M"
"10005","苗栗縣","10005090","公館鄉","10005090-003","館南村",1390,4058,2074,1984,"113Y12M"
"10005","苗栗縣","10005090","公館鄉","10005090-004","大坑村",370,1002,524,478,"113Y12M"
"10005","苗栗縣","10005090","公館鄉","10005090-005","中義村",835,2486,1324,1162,"113Y12M"
"10005","苗栗縣","10005090","公館鄉","10005090-006","玉泉村",1039,2799,1388,1411,"113Y12M"
"10005","苗栗縣","10005090","公館鄉","10005090-007","石晪村",482,1541,819,722,"113Y12M"
"10005","苗栗縣","10005090","公館鄉","10005090-008","福基村",404,1054,558,496,"113Y12M"
"10005","苗栗縣","10005090","公館鄉","10005090-009","福星村",791,2290,1199,1091,"113Y12M"
"10005","苗栗縣","10005090","公館鄉","10005090-010","開礦村",131,268,149,119,"113Y12M"
"10005","苗栗縣","10005090","公館鄉","10005090-011","福德村",145,314,181,133,"113Y12M"
"10005","苗栗縣","10005090","公館鄉","10005090-012","五谷村",865,2388,1211,1177,"113Y12M"
"10005","苗栗縣","10005090","公館鄉","10005090-013","玉谷村",610,1575,789,786,"113Y12M"
"10005","苗栗縣","10005090","公館鄉","10005090-014","鶴岡村",612,1690,865,825,"113Y12M"
"10005","苗栗縣","10005090","公館鄉","10005090-015","鶴山村",555,1548,841,707,"113Y12M"
"10005","苗栗縣","10005090","公館鄉","10005090-016","仁安村",471,1334,736,598,"113Y12M"
"10005","苗栗縣","10005090","公館鄉","10005090-017","尖山村",541,1473,805,668,"113Y12M"
"10005","苗栗縣","10005090","公館鄉","10005090-018","南河村",113,226,126,100,"113Y12M"
"10005","苗栗縣","10005090","公館鄉","10005090-019","北河村",159,325,198,127,"113Y12M"
"10005","苗栗縣","10005100","銅鑼鄉","10005100-001","福興村",414,1054,539,515,"113Y12M"
"10005","苗栗縣","10005100","銅鑼鄉","10005100-002","銅鑼村",1793,4863,2526,2337,"113Y12M"
"10005","苗栗縣","10005100","銅鑼鄉","10005100-003","朝陽村",729,1794,915,879,"113Y12M"
"10005","苗栗縣","10005100","銅鑼鄉","10005100-004","樟樹村",472,1353,718,635,"113Y12M"
"10005","苗栗縣","10005100","銅鑼鄉","10005100-005","九湖村",415,1213,676,537,"113Y12M"
"10005","苗栗縣","10005100","銅鑼鄉","10005100-006","竹森村",443,1047,579,468,"113Y12M"
"10005","苗栗縣","10005100","銅鑼鄉","10005100-007","中平村",1249,3382,1786,1596,"113Y12M"
"10005","苗栗縣","10005100","銅鑼鄉","10005100-008","興隆村",256,584,311,273,"113Y12M"
"10005","苗栗縣","10005100","銅鑼鄉","10005100-009","盛隆村",211,451,266,185,"113Y12M"
"10005","苗栗縣","10005100","銅鑼鄉","10005100-010","新隆村",245,524,294,230,"113Y12M"
"10005","苗栗縣","10005110","南庄鄉","10005110-001","東村",531,1140,637,503,"113Y12M"
"10005","苗栗縣","10005110","南庄鄉","10005110-002","西村",284,647,329,318,"113Y12M"
"10005","苗栗縣","10005110","南庄鄉","10005110-003","南江村",567,1409,761,648,"113Y12M"
"10005","苗栗縣","10005110","南庄鄉","10005110-004","田美村",377,804,446,358,"113Y12M"
"10005","苗栗縣","10005110","南庄鄉","10005110-005","獅山村",348,756,428,328,"113Y12M"
"10005","苗栗縣","10005110","南庄鄉","10005110-006","南富村",479,1067,584,483,"113Y12M"
"10005","苗栗縣","10005110","南庄鄉","10005110-007","員林村",388,999,544,455,"113Y12M"
"10005","苗栗縣","10005110","南庄鄉","10005110-008","蓬萊村",395,883,487,396,"113Y12M"
"10005","苗栗縣","10005110","南庄鄉","10005110-009","東河村",429,981,550,431,"113Y12M"
"10005","苗栗縣","10005120","頭屋鄉","10005120-001","頭屋村",1076,2815,1463,1352,"113Y12M"
"10005","苗栗縣","10005120","頭屋鄉","10005120-002","象山村",679,1887,993,894,"113Y12M"
"10005","苗栗縣","10005120","頭屋鄉","10005120-003","北坑村",278,709,352,357,"113Y12M"
"10005","苗栗縣","10005120","頭屋鄉","10005120-004","獅潭村",603,1744,917,827,"113Y12M"
"10005","苗栗縣","10005120","頭屋鄉","10005120-005","曲洞村",330,885,472,413,"113Y12M"
"10005","苗栗縣","10005120","頭屋鄉","10005120-006","飛鳳村",187,389,224,165,"113Y12M"
"10005","苗栗縣","10005120","頭屋鄉","10005120-007","明德村",389,921,519,402,"113Y12M"
"10005","苗栗縣","10005120","頭屋鄉","10005120-008","鳴鳳村",136,277,165,112,"113Y12M"
"10005","苗栗縣","10005130","三義鄉","10005130-001","廣盛村",1571,4283,2221,2062,"113Y12M"
"10005","苗栗縣","10005130","三義鄉","10005130-002","?湖村",817,2063,1088,975,"113Y12M"
"10005","苗栗縣","10005130","三義鄉","10005130-003","?潭村",580,1389,752,637,"113Y12M"
"10005","苗栗縣","10005130","三義鄉","10005130-004","勝興村",1391,3716,1949,1767,"113Y12M"
"10005","苗栗縣","10005130","三義鄉","10005130-005","西湖村",598,1528,826,702,"113Y12M"
"10005","苗栗縣","10005130","三義鄉","10005130-006","龍騰村",173,420,227,193,"113Y12M"
"10005","苗栗縣","10005130","三義鄉","10005130-007","鯉魚潭村",581,1314,735,579,"113Y12M"
"10005","苗栗縣","10005140","西湖鄉","10005140-001","高埔村",232,577,321,256,"113Y12M"
"10005","苗栗縣","10005140","西湖鄉","10005140-002","下埔村",231,536,312,224,"113Y12M"
"10005","苗栗縣","10005140","西湖鄉","10005140-003","五湖村",323,747,409,338,"113Y12M"
"10005","苗栗縣","10005140","西湖鄉","10005140-004","四湖村",241,590,343,247,"113Y12M"
"10005","苗栗縣","10005140","西湖鄉","10005140-005","金獅村",221,491,279,212,"113Y12M"
"10005","苗栗縣","10005140","西湖鄉","10005140-006","龍洞村",230,439,234,205,"113Y12M"
"10005","苗栗縣","10005140","西湖鄉","10005140-007","三湖村",394,872,514,358,"113Y12M"
"10005","苗栗縣","10005140","西湖鄉","10005140-008","湖東村",455,1128,620,508,"113Y12M"
"10005","苗栗縣","10005140","西湖鄉","10005140-009","二湖村",232,655,369,286,"113Y12M"
"10005","苗栗縣","10005150","造橋鄉","10005150-001","造橋村",857,2170,1142,1028,"113Y12M"
"10005","苗栗縣","10005150","造橋鄉","10005150-002","平興村",177,427,236,191,"113Y12M"
"10005","苗栗縣","10005150","造橋鄉","10005150-003","豐湖村",396,1047,578,469,"113Y12M"
"10005","苗栗縣","10005150","造橋鄉","10005150-004","大西村",1229,3612,1877,1735,"113Y12M"
"10005","苗栗縣","10005150","造橋鄉","10005150-005","錦水村",191,499,279,220,"113Y12M"
"10005","苗栗縣","10005150","造橋鄉","10005150-006","大龍村",165,477,272,205,"113Y12M"
"10005","苗栗縣","10005150","造橋鄉","10005150-007","朝陽村",514,1410,725,685,"113Y12M"
"10005","苗栗縣","10005150","造橋鄉","10005150-008","談文村",431,977,509,468,"113Y12M"
"10005","苗栗縣","10005150","造橋鄉","10005150-009","龍昇村",361,963,545,418,"113Y12M"
"10005","苗栗縣","10005160","三灣鄉","10005160-001","三灣村",804,2318,1248,1070,"113Y12M"
"10005","苗栗縣","10005160","三灣鄉","10005160-002","內灣村",241,642,361,281,"113Y12M"
"10005","苗栗縣","10005160","三灣鄉","10005160-003","銅鏡村",323,841,467,374,"113Y12M"
"10005","苗栗縣","10005160","三灣鄉","10005160-004","頂寮村",107,229,126,103,"113Y12M"
"10005","苗栗縣","10005160","三灣鄉","10005160-005","北埔村",209,542,313,229,"113Y12M"
"10005","苗栗縣","10005160","三灣鄉","10005160-006","大河村",238,510,288,222,"113Y12M"
"10005","苗栗縣","10005160","三灣鄉","10005160-007","大坪村",171,383,213,170,"113Y12M"
"10005","苗栗縣","10005160","三灣鄉","10005160-008","永和村",181,349,189,160,"113Y12M"
"10005","苗栗縣","10005170","獅潭鄉","10005170-001","百壽村",152,351,196,155,"113Y12M"
"10005","苗栗縣","10005170","獅潭鄉","10005170-002","永興村",233,532,278,254,"113Y12M"
"10005","苗栗縣","10005170","獅潭鄉","10005170-003","新店村",410,948,516,432,"113Y12M"
"10005","苗栗縣","10005170","獅潭鄉","10005170-004","和興村",241,574,311,263,"113Y12M"
"10005","苗栗縣","10005170","獅潭鄉","10005170-005","豐林村",252,592,335,257,"113Y12M"
"10005","苗栗縣","10005170","獅潭鄉","10005170-006","新豐村",149,325,179,146,"113Y12M"
"10005","苗栗縣","10005170","獅潭鄉","10005170-007","竹木村",303,686,371,315,"113Y12M"
"10005","苗栗縣","10005180","泰安鄉","10005180-001","八卦村",124,368,211,157,"113Y12M"
"10005","苗栗縣","10005180","泰安鄉","10005180-002","錦水村",419,1122,613,509,"113Y12M"
"10005","苗栗縣","10005180","泰安鄉","10005180-003","清安村",345,845,467,378,"113Y12M"
"10005","苗栗縣","10005180","泰安鄉","10005180-004","大興村",210,526,284,242,"113Y12M"
"10005","苗栗縣","10005180","泰安鄉","10005180-005","中興村",197,580,304,276,"113Y12M"
"10005","苗栗縣","10005180","泰安鄉","10005180-006","梅園村",195,629,331,298,"113Y12M"
"10005","苗栗縣","10005180","泰安鄉","10005180-007","象鼻村",274,751,411,340,"113Y12M"
"10005","苗栗縣","10005180","泰安鄉","10005180-008","士林村",217,690,362,328,"113Y12M"
"10007","彰化縣","10007010","彰化市","10007010-001","文化里",537,1379,651,728,"113Y12M"
"10007","彰化縣","10007010","彰化市","10007010-002","下?里",2306,6675,3237,3438,"113Y12M"
"10007","彰化縣","10007010","彰化市","10007010-003","興北里",775,1942,910,1032,"113Y12M"
"10007","彰化縣","10007010","彰化市","10007010-004","信義里",383,868,416,452,"113Y12M"
"10007","彰化縣","10007010","彰化市","10007010-005","民生里",608,1518,730,788,"113Y12M"
"10007","彰化縣","10007010","彰化市","10007010-006","陽明里",735,1928,947,981,"113Y12M"
"10007","彰化縣","10007010","彰化市","10007010-007","萬安里",1570,4320,2052,2268,"113Y12M"
"10007","彰化縣","10007010","彰化市","10007010-008","新興里",2235,6468,3104,3364,"113Y12M"
"10007","彰化縣","10007010","彰化市","10007010-009","新華里",670,2039,1007,1032,"113Y12M"
"10007","彰化縣","10007010","彰化市","10007010-010","龍山里",879,2186,1036,1150,"113Y12M"
"10007","彰化縣","10007010","彰化市","10007010-011","中山里",392,946,468,478,"113Y12M"
"10007","彰化縣","10007010","彰化市","10007010-012","中正里",666,1616,785,831,"113Y12M"
"10007","彰化縣","10007010","彰化市","10007010-013","永福里",407,905,451,454,"113Y12M"
"10007","彰化縣","10007010","彰化市","10007010-014","光復里",290,679,343,336,"113Y12M"
"10007","彰化縣","10007010","彰化市","10007010-015","光華里",346,763,367,396,"113Y12M"
"10007","彰化縣","10007010","彰化市","10007010-016","萬壽里",368,837,404,433,"113Y12M"
"10007","彰化縣","10007010","彰化市","10007010-017","中央里",333,725,348,377,"113Y12M"
"10007","彰化縣","10007010","彰化市","10007010-018","富貴里",349,871,435,436,"113Y12M"
"10007","彰化縣","10007010","彰化市","10007010-019","民權里",462,1067,552,515,"113Y12M"
"10007","彰化縣","10007010","彰化市","10007010-020","西興里",1392,3772,1893,1879,"113Y12M"
"10007","彰化縣","10007010","彰化市","10007010-021","西勢里",1536,4364,2093,2271,"113Y12M"
"10007","彰化縣","10007010","彰化市","10007010-022","忠孝里",499,1317,660,657,"113Y12M"
"10007","彰化縣","10007010","彰化市","10007010-023","忠權里",1371,3781,1845,1936,"113Y12M"
"10007","彰化縣","10007010","彰化市","10007010-024","五權里",1806,4930,2338,2592,"113Y12M"
"10007","彰化縣","10007010","彰化市","10007010-025","長樂里",424,943,479,464,"113Y12M"
"10007","彰化縣","10007010","彰化市","10007010-026","東芳里",1367,3991,2037,1954,"113Y12M"
"10007","彰化縣","10007010","彰化市","10007010-027","南安里",762,2440,1231,1209,"113Y12M"
"10007","彰化縣","10007010","彰化市","10007010-028","南美里",688,2187,1114,1073,"113Y12M"
"10007","彰化縣","10007010","彰化市","10007010-029","莿桐里",1245,3358,1674,1684,"113Y12M"
"10007","彰化縣","10007010","彰化市","10007010-030","磚[?]里",1160,3692,1858,1834,"113Y12M"
"10007","彰化縣","10007010","彰化市","10007010-031","平和里",1908,5019,2436,2583,"113Y12M"
"10007","彰化縣","10007010","彰化市","10007010-032","桃源里",891,2588,1301,1287,"113Y12M"
"10007","彰化縣","10007010","彰化市","10007010-033","卦山里",1131,2783,1375,1408,"113Y12M"
"10007","彰化縣","10007010","彰化市","10007010-034","東興里",685,1627,780,847,"113Y12M"
"10007","彰化縣","10007010","彰化市","10007010-035","大同里",447,985,517,468,"113Y12M"
"10007","彰化縣","10007010","彰化市","10007010-036","永生里",530,1226,613,613,"113Y12M"
"10007","彰化縣","10007010","彰化市","10007010-037","華陽里",768,1894,936,958,"113Y12M"
"10007","彰化縣","10007010","彰化市","10007010-038","華北里",717,1627,762,865,"113Y12M"
"10007","彰化縣","10007010","彰化市","10007010-039","南?里",3269,8878,4247,4631,"113Y12M"
"10007","彰化縣","10007010","彰化市","10007010-040","成功里",631,1580,746,834,"113Y12M"
"10007","彰化縣","10007010","彰化市","10007010-041","延和里",2214,6403,3113,3290,"113Y12M"
"10007","彰化縣","10007010","彰化市","10007010-042","南興里",3734,10217,4759,5458,"113Y12M"
"10007","彰化縣","10007010","彰化市","10007010-043","西安里",1232,3033,1422,1611,"113Y12M"
"10007","彰化縣","10007010","彰化市","10007010-044","彰安里",1238,3136,1481,1655,"113Y12M"
"10007","彰化縣","10007010","彰化市","10007010-045","光南里",654,1541,751,790,"113Y12M"
"10007","彰化縣","10007010","彰化市","10007010-046","介壽里",1527,2940,1533,1407,"113Y12M"
"10007","彰化縣","10007010","彰化市","10007010-047","延平里",4375,12199,5753,6446,"113Y12M"
"10007","彰化縣","10007010","彰化市","10007010-048","建寶里",992,2407,1162,1245,"113Y12M"
"10007","彰化縣","10007010","彰化市","10007010-049","福安里",523,1200,563,637,"113Y12M"
"10007","彰化縣","10007010","彰化市","10007010-050","大竹里",1319,3750,1883,1867,"113Y12M"
"10007","彰化縣","10007010","彰化市","10007010-051","竹中里",635,1864,978,886,"113Y12M"
"10007","彰化縣","10007010","彰化市","10007010-052","安溪里",808,2212,1135,1077,"113Y12M"
"10007","彰化縣","10007010","彰化市","10007010-053","香山里",1298,3841,1949,1892,"113Y12M"
"10007","彰化縣","10007010","彰化市","10007010-054","牛埔里",1082,3329,1731,1598,"113Y12M"
"10007","彰化縣","10007010","彰化市","10007010-055","福山里",2586,7473,3751,3722,"113Y12M"
"10007","彰化縣","10007010","彰化市","10007010-056","中庄里",1002,2739,1342,1397,"113Y12M"
"10007","彰化縣","10007010","彰化市","10007010-057","三村里",367,1233,629,604,"113Y12M"
"10007","彰化縣","10007010","彰化市","10007010-058","國聖里",1012,2917,1467,1450,"113Y12M"
"10007","彰化縣","10007010","彰化市","10007010-059","寶?里",434,1397,742,655,"113Y12M"
"10007","彰化縣","10007010","彰化市","10007010-060","茄苳里",338,1058,540,518,"113Y12M"
"10007","彰化縣","10007010","彰化市","10007010-061","茄南里",1137,3553,1739,1814,"113Y12M"
"10007","彰化縣","10007010","彰化市","10007010-062","阿夷里",3664,10466,5106,5360,"113Y12M"
"10007","彰化縣","10007010","彰化市","10007010-063","古夷里",919,2758,1373,1385,"113Y12M"
"10007","彰化縣","10007010","彰化市","10007010-064","復興里",1702,4751,2349,2402,"113Y12M"
"10007","彰化縣","10007010","彰化市","10007010-065","和調里",1115,3187,1569,1618,"113Y12M"
"10007","彰化縣","10007010","彰化市","10007010-066","石牌里",374,1190,641,549,"113Y12M"
"10007","彰化縣","10007010","彰化市","10007010-067","福田里",441,1342,691,651,"113Y12M"
"10007","彰化縣","10007010","彰化市","10007010-068","竹巷里",321,927,494,433,"113Y12M"
"10007","彰化縣","10007010","彰化市","10007010-069","田中里",282,960,515,445,"113Y12M"
"10007","彰化縣","10007010","彰化市","10007010-070","快官里",447,1241,649,592,"113Y12M"
"10007","彰化縣","10007010","彰化市","10007010-071","台鳳里",1705,4919,2475,2444,"113Y12M"
"10007","彰化縣","10007010","彰化市","10007010-072","崙平里",2315,5954,2848,3106,"113Y12M"
"10007","彰化縣","10007010","彰化市","10007010-073","向陽里",2363,6838,3334,3504,"113Y12M"
"10007","彰化縣","10007020","鹿港鎮","10007020-001","大有里",489,1317,685,632,"113Y12M"
"10007","彰化縣","10007020","鹿港鎮","10007020-002","中興里",217,552,280,272,"113Y12M"
"10007","彰化縣","10007020","鹿港鎮","10007020-003","洛津里",339,931,470,461,"113Y12M"
"10007","彰化縣","10007020","鹿港鎮","10007020-004","順興里",395,982,515,467,"113Y12M"
"10007","彰化縣","10007020","鹿港鎮","10007020-005","頂厝里",1233,3904,1902,2002,"113Y12M"
"10007","彰化縣","10007020","鹿港鎮","10007020-006","東崎里",1910,6137,3110,3027,"113Y12M"
"10007","彰化縣","10007020","鹿港鎮","10007020-007","埔崙里",2042,6250,3140,3110,"113Y12M"
"10007","彰化縣","10007020","鹿港鎮","10007020-008","東石里",1672,5267,2663,2604,"113Y12M"
"10007","彰化縣","10007020","鹿港鎮","10007020-009","郭厝里",217,601,326,275,"113Y12M"
"10007","彰化縣","10007020","鹿港鎮","10007020-010","新宮里",330,865,471,394,"113Y12M"
"10007","彰化縣","10007020","鹿港鎮","10007020-011","玉順里",415,1221,628,593,"113Y12M"
"10007","彰化縣","10007020","鹿港鎮","10007020-012","景福里",472,1172,570,602,"113Y12M"
"10007","彰化縣","10007020","鹿港鎮","10007020-013","泰興里",487,1374,655,719,"113Y12M"
"10007","彰化縣","10007020","鹿港鎮","10007020-014","長興里",105,293,138,155,"113Y12M"
"10007","彰化縣","10007020","鹿港鎮","10007020-015","龍山里",248,723,362,361,"113Y12M"
"10007","彰化縣","10007020","鹿港鎮","10007020-016","興化里",216,650,348,302,"113Y12M"
"10007","彰化縣","10007020","鹿港鎮","10007020-017","菜園里",316,1003,509,494,"113Y12M"
"10007","彰化縣","10007020","鹿港鎮","10007020-018","街尾里",886,2629,1291,1338,"113Y12M"
"10007","彰化縣","10007020","鹿港鎮","10007020-019","頂番里",1411,4638,2351,2287,"113Y12M"
"10007","彰化縣","10007020","鹿港鎮","10007020-020","頭崙里",848,3015,1532,1483,"113Y12M"
"10007","彰化縣","10007020","鹿港鎮","10007020-021","廖厝里",1518,4892,2548,2344,"113Y12M"
"10007","彰化縣","10007020","鹿港鎮","10007020-022","溝墘里",1381,4845,2478,2367,"113Y12M"
"10007","彰化縣","10007020","鹿港鎮","10007020-023","草中里",1153,3629,1835,1794,"113Y12M"
"10007","彰化縣","10007020","鹿港鎮","10007020-024","頭南里",753,2500,1261,1239,"113Y12M"
"10007","彰化縣","10007020","鹿港鎮","10007020-025","山崙里",1037,3323,1728,1595,"113Y12M"
"10007","彰化縣","10007020","鹿港鎮","10007020-026","海埔里",1353,4206,2138,2068,"113Y12M"
"10007","彰化縣","10007020","鹿港鎮","10007020-027","詔安里",769,2458,1290,1168,"113Y12M"
"10007","彰化縣","10007020","鹿港鎮","10007020-028","洋厝里",869,2648,1384,1264,"113Y12M"
"10007","彰化縣","10007020","鹿港鎮","10007020-029","永安里",1817,5131,2495,2636,"113Y12M"
"10007","彰化縣","10007020","鹿港鎮","10007020-030","鹿和里",965,3062,1572,1490,"113Y12M"
"10007","彰化縣","10007020","鹿港鎮","10007020-031","鹿東里",1042,3370,1644,1726,"113Y12M"
"10007","彰化縣","10007030","和美鎮","10007030-001","竹營里",2471,7263,3598,3665,"113Y12M"
"10007","彰化縣","10007030","和美鎮","10007030-002","和東里",2058,5612,2754,2858,"113Y12M"
"10007","彰化縣","10007030","和美鎮","10007030-003","和南里",148,429,202,227,"113Y12M"
"10007","彰化縣","10007030","和美鎮","10007030-004","和北里",799,2161,1086,1075,"113Y12M"
"10007","彰化縣","10007030","和美鎮","10007030-005","和西里",1278,3566,1777,1789,"113Y12M"
"10007","彰化縣","10007030","和美鎮","10007030-006","四張里",1110,3263,1658,1605,"113Y12M"
"10007","彰化縣","10007030","和美鎮","10007030-007","頭前里",604,1945,969,976,"113Y12M"
"10007","彰化縣","10007030","和美鎮","10007030-008","還社里",295,940,479,461,"113Y12M"
"10007","彰化縣","10007030","和美鎮","10007030-009","面前里",892,2749,1352,1397,"113Y12M"
"10007","彰化縣","10007030","和美鎮","10007030-010","鎮平里",1086,3230,1683,1547,"113Y12M"
"10007","彰化縣","10007030","和美鎮","10007030-011","大霞里",524,1583,835,748,"113Y12M"
"10007","彰化縣","10007030","和美鎮","10007030-012","源埤里",653,2052,1062,990,"113Y12M"
"10007","彰化縣","10007030","和美鎮","10007030-013","南佃里",802,2488,1277,1211,"113Y12M"
"10007","彰化縣","10007030","和美鎮","10007030-014","雅溝里",465,1488,780,708,"113Y12M"
"10007","彰化縣","10007030","和美鎮","10007030-015","山犁里",2110,6597,3295,3302,"113Y12M"
"10007","彰化縣","10007030","和美鎮","10007030-016","嘉犁里",692,2119,1110,1009,"113Y12M"
"10007","彰化縣","10007030","和美鎮","10007030-017","鐵山里",1006,2904,1496,1408,"113Y12M"
"10007","彰化縣","10007030","和美鎮","10007030-018","詔安里",863,2183,1107,1076,"113Y12M"
"10007","彰化縣","10007030","和美鎮","10007030-019","柑井里",1347,4301,2210,2091,"113Y12M"
"10007","彰化縣","10007030","和美鎮","10007030-020","竹園里",337,1085,548,537,"113Y12M"
"10007","彰化縣","10007030","和美鎮","10007030-021","新庄里",986,2628,1356,1272,"113Y12M"
"10007","彰化縣","10007030","和美鎮","10007030-022","犁盛里",892,2576,1311,1265,"113Y12M"
"10007","彰化縣","10007030","和美鎮","10007030-023","中寮里",402,1241,673,568,"113Y12M"
"10007","彰化縣","10007030","和美鎮","10007030-024","中圍里",1051,3211,1645,1566,"113Y12M"
"10007","彰化縣","10007030","和美鎮","10007030-025","糖友里",1852,5147,2534,2613,"113Y12M"
"10007","彰化縣","10007030","和美鎮","10007030-026","塗厝里",587,1865,979,886,"113Y12M"
"10007","彰化縣","10007030","和美鎮","10007030-027","地潭里",269,817,445,372,"113Y12M"
"10007","彰化縣","10007030","和美鎮","10007030-028","湖內里",445,1284,679,605,"113Y12M"
"10007","彰化縣","10007030","和美鎮","10007030-029","嘉寶里",675,2243,1175,1068,"113Y12M"
"10007","彰化縣","10007030","和美鎮","10007030-030","月眉里",1092,3371,1724,1647,"113Y12M"
"10007","彰化縣","10007030","和美鎮","10007030-031","好修里",561,1693,899,794,"113Y12M"
"10007","彰化縣","10007030","和美鎮","10007030-032","仁愛里",1220,3336,1649,1687,"113Y12M"
"10007","彰化縣","10007040","線西鄉","10007040-001","線西村",784,2666,1342,1324,"113Y12M"
"10007","彰化縣","10007040","線西鄉","10007040-002","頂庄村",426,1382,710,672,"113Y12M"
"10007","彰化縣","10007040","線西鄉","10007040-003","寓埔村",878,2736,1436,1300,"113Y12M"
"10007","彰化縣","10007040","線西鄉","10007040-004","塭仔村",419,1377,703,674,"113Y12M"
"10007","彰化縣","10007040","線西鄉","10007040-005","溝內村",434,1438,719,719,"113Y12M"
"10007","彰化縣","10007040","線西鄉","10007040-006","下犁村",622,2077,1099,978,"113Y12M"
"10007","彰化縣","10007040","線西鄉","10007040-007","頂犁村",906,2963,1531,1432,"113Y12M"
"10007","彰化縣","10007040","線西鄉","10007040-008","德興村",485,1543,800,743,"113Y12M"
"10007","彰化縣","10007050","伸港鄉","10007050-001","曾家村",560,1947,999,948,"113Y12M"
"10007","彰化縣","10007050","伸港鄉","10007050-002","蚵寮村",394,1250,648,602,"113Y12M"
"10007","彰化縣","10007050","伸港鄉","10007050-003","埤墘村",611,1930,934,996,"113Y12M"
"10007","彰化縣","10007050","伸港鄉","10007050-004","溪底村",803,2648,1341,1307,"113Y12M"
"10007","彰化縣","10007050","伸港鄉","10007050-005","泉州村",729,2340,1179,1161,"113Y12M"
"10007","彰化縣","10007050","伸港鄉","10007050-006","泉厝村",436,1409,712,697,"113Y12M"
"10007","彰化縣","10007050","伸港鄉","10007050-007","海尾村",591,2072,1044,1028,"113Y12M"
"10007","彰化縣","10007050","伸港鄉","10007050-008","全興村",620,1991,1003,988,"113Y12M"
"10007","彰化縣","10007050","伸港鄉","10007050-009","定興村",939,3103,1585,1518,"113Y12M"
"10007","彰化縣","10007050","伸港鄉","10007050-010","新港村",2049,6326,3078,3248,"113Y12M"
"10007","彰化縣","10007050","伸港鄉","10007050-011","什股村",1012,3135,1587,1548,"113Y12M"
"10007","彰化縣","10007050","伸港鄉","10007050-012","大同村",1275,3905,1908,1997,"113Y12M"
"10007","彰化縣","10007050","伸港鄉","10007050-013","七嘉村",1140,3784,1910,1874,"113Y12M"
"10007","彰化縣","10007050","伸港鄉","10007050-014","汴頭村",724,2582,1312,1270,"113Y12M"
"10007","彰化縣","10007060","福興鄉","10007060-001","番社村",559,1708,901,807,"113Y12M"
"10007","彰化縣","10007060","福興鄉","10007060-002","社尾村",543,1603,873,730,"113Y12M"
"10007","彰化縣","10007060","福興鄉","10007060-003","大崙村",451,1357,740,617,"113Y12M"
"10007","彰化縣","10007060","福興鄉","10007060-004","外埔村",572,1810,951,859,"113Y12M"
"10007","彰化縣","10007060","福興鄉","10007060-005","外中村",450,1320,688,632,"113Y12M"
"10007","彰化縣","10007060","福興鄉","10007060-006","元中村",432,1387,707,680,"113Y12M"
"10007","彰化縣","10007060","福興鄉","10007060-007","三汴村",474,1513,768,745,"113Y12M"
"10007","彰化縣","10007060","福興鄉","10007060-008","萬豐村",311,898,462,436,"113Y12M"
"10007","彰化縣","10007060","福興鄉","10007060-009","番婆村",962,2792,1504,1288,"113Y12M"
"10007","彰化縣","10007060","福興鄉","10007060-010","橋頭村",1124,2881,1410,1471,"113Y12M"
"10007","彰化縣","10007060","福興鄉","10007060-011","秀厝村",864,3008,1569,1439,"113Y12M"
"10007","彰化縣","10007060","福興鄉","10007060-012","鎮平村",432,1296,682,614,"113Y12M"
"10007","彰化縣","10007060","福興鄉","10007060-013","三和村",338,1115,602,513,"113Y12M"
"10007","彰化縣","10007060","福興鄉","10007060-014","麥厝村",726,2448,1302,1146,"113Y12M"
"10007","彰化縣","10007060","福興鄉","10007060-015","廈粘村",646,2143,1172,971,"113Y12M"
"10007","彰化縣","10007060","福興鄉","10007060-016","頂粘村",728,2676,1385,1291,"113Y12M"
"10007","彰化縣","10007060","福興鄉","10007060-017","福寶村",405,1437,743,694,"113Y12M"
"10007","彰化縣","10007060","福興鄉","10007060-018","二港村",421,1418,757,661,"113Y12M"
"10007","彰化縣","10007060","福興鄉","10007060-019","福興村",1432,4102,2107,1995,"113Y12M"
"10007","彰化縣","10007060","福興鄉","10007060-020","福南村",907,2962,1495,1467,"113Y12M"
"10007","彰化縣","10007060","福興鄉","10007060-021","同安村",805,2681,1389,1292,"113Y12M"
"10007","彰化縣","10007060","福興鄉","10007060-022","西勢村",656,2218,1120,1098,"113Y12M"
"10007","彰化縣","10007070","秀水鄉","10007070-001","秀水村",588,1958,1013,945,"113Y12M"
"10007","彰化縣","10007070","秀水鄉","10007070-002","安溪村",786,2312,1194,1118,"113Y12M"
"10007","彰化縣","10007070","秀水鄉","10007070-003","莊雅村",961,3128,1556,1572,"113Y12M"
"10007","彰化縣","10007070","秀水鄉","10007070-004","金興村",666,2045,1076,969,"113Y12M"
"10007","彰化縣","10007070","秀水鄉","10007070-005","陝西村",525,1606,830,776,"113Y12M"
"10007","彰化縣","10007070","秀水鄉","10007070-006","安東村",1488,4521,2309,2212,"113Y12M"
"10007","彰化縣","10007070","秀水鄉","10007070-007","鶴鳴村",1120,3426,1776,1650,"113Y12M"
"10007","彰化縣","10007070","秀水鄉","10007070-008","馬興村",799,2507,1319,1188,"113Y12M"
"10007","彰化縣","10007070","秀水鄉","10007070-009","義興村",549,1616,862,754,"113Y12M"
"10007","彰化縣","10007070","秀水鄉","10007070-010","福安村",1776,5773,2896,2877,"113Y12M"
"10007","彰化縣","10007070","秀水鄉","10007070-011","埔崙村",749,2372,1208,1164,"113Y12M"
"10007","彰化縣","10007070","秀水鄉","10007070-012","曾厝村",657,2068,1075,993,"113Y12M"
"10007","彰化縣","10007070","秀水鄉","10007070-013","金陵村",650,2032,1062,970,"113Y12M"
"10007","彰化縣","10007070","秀水鄉","10007070-014","下崙村",761,2409,1252,1157,"113Y12M"
"10007","彰化縣","10007080","花壇鄉","10007080-001","花壇村",1365,3655,1835,1820,"113Y12M"
"10007","彰化縣","10007080","花壇鄉","10007080-002","金墩村",675,1908,988,920,"113Y12M"
"10007","彰化縣","10007080","花壇鄉","10007080-003","中庄村",836,2493,1298,1195,"113Y12M"
"10007","彰化縣","10007080","花壇鄉","10007080-004","劉厝村",407,1153,607,546,"113Y12M"
"10007","彰化縣","10007080","花壇鄉","10007080-005","崙雅村",514,1631,853,778,"113Y12M"
"10007","彰化縣","10007080","花壇鄉","10007080-006","南口村",756,2040,1045,995,"113Y12M"
"10007","彰化縣","10007080","花壇鄉","10007080-007","中口村",278,763,387,376,"113Y12M"
"10007","彰化縣","10007080","花壇鄉","10007080-008","北口村",728,2100,1100,1000,"113Y12M"
"10007","彰化縣","10007080","花壇鄉","10007080-009","長沙村",1966,5792,2952,2840,"113Y12M"
"10007","彰化縣","10007080","花壇鄉","10007080-010","文德村",1288,3471,1760,1711,"113Y12M"
"10007","彰化縣","10007080","花壇鄉","10007080-011","白沙村",1868,5102,2606,2496,"113Y12M"
"10007","彰化縣","10007080","花壇鄉","10007080-012","岩竹村",504,1415,749,666,"113Y12M"
"10007","彰化縣","10007080","花壇鄉","10007080-013","橋頭村",1227,3780,1910,1870,"113Y12M"
"10007","彰化縣","10007080","花壇鄉","10007080-014","灣雅村",335,979,499,480,"113Y12M"
"10007","彰化縣","10007080","花壇鄉","10007080-015","灣東村",336,960,529,431,"113Y12M"
"10007","彰化縣","10007080","花壇鄉","10007080-016","三春村",696,2162,1086,1076,"113Y12M"
"10007","彰化縣","10007080","花壇鄉","10007080-017","永春村",742,2144,1101,1043,"113Y12M"
"10007","彰化縣","10007080","花壇鄉","10007080-018","長春村",559,1790,926,864,"113Y12M"
"10007","彰化縣","10007090","芬園鄉","10007090-001","舊社村",603,1860,969,891,"113Y12M"
"10007","彰化縣","10007090","芬園鄉","10007090-002","大埔村",492,1481,796,685,"113Y12M"
"10007","彰化縣","10007090","芬園鄉","10007090-003","竹林村",588,1955,1015,940,"113Y12M"
"10007","彰化縣","10007090","芬園鄉","10007090-004","社口村",928,2814,1419,1395,"113Y12M"
"10007","彰化縣","10007090","芬園鄉","10007090-005","茄荖村",847,2530,1349,1181,"113Y12M"
"10007","彰化縣","10007090","芬園鄉","10007090-006","嘉興村",582,1711,898,813,"113Y12M"
"10007","彰化縣","10007090","芬園鄉","10007090-007","芬園村",295,971,509,462,"113Y12M"
"10007","彰化縣","10007090","芬園鄉","10007090-008","縣庄村",383,1202,654,548,"113Y12M"
"10007","彰化縣","10007090","芬園鄉","10007090-009","圳墘村",232,658,349,309,"113Y12M"
"10007","彰化縣","10007090","芬園鄉","10007090-010","溪頭村",592,1799,940,859,"113Y12M"
"10007","彰化縣","10007090","芬園鄉","10007090-011","進芬村",324,1038,534,504,"113Y12M"
"10007","彰化縣","10007090","芬園鄉","10007090-012","同安村",382,1180,613,567,"113Y12M"
"10007","彰化縣","10007090","芬園鄉","10007090-013","中崙村",314,892,478,414,"113Y12M"
"10007","彰化縣","10007090","芬園鄉","10007090-014","大竹村",351,1051,545,506,"113Y12M"
"10007","彰化縣","10007090","芬園鄉","10007090-015","楓坑村",186,630,341,289,"113Y12M"
"10007","彰化縣","10007100","員林市","10007100-001","東和里",471,1144,576,568,"113Y12M"
"10007","彰化縣","10007100","員林市","10007100-002","民生里",1220,3064,1471,1593,"113Y12M"
"10007","彰化縣","10007100","員林市","10007100-003","中正里",1434,3726,1764,1962,"113Y12M"
"10007","彰化縣","10007100","員林市","10007100-004","仁美里",1097,2911,1388,1523,"113Y12M"
"10007","彰化縣","10007100","員林市","10007100-005","新興里",288,765,385,380,"113Y12M"
"10007","彰化縣","10007100","員林市","10007100-006","和平里",1278,3268,1505,1763,"113Y12M"
"10007","彰化縣","10007100","員林市","10007100-007","光明里",340,866,451,415,"113Y12M"
"10007","彰化縣","10007100","員林市","10007100-008","中山里",250,631,331,300,"113Y12M"
"10007","彰化縣","10007100","員林市","10007100-009","黎明里",806,1972,992,980,"113Y12M"
"10007","彰化縣","10007100","員林市","10007100-010","惠來里",2492,6497,3070,3427,"113Y12M"
"10007","彰化縣","10007100","員林市","10007100-011","三義里",1093,3037,1515,1522,"113Y12M"
"10007","彰化縣","10007100","員林市","10007100-012","新生里",1786,4836,2366,2470,"113Y12M"
"10007","彰化縣","10007100","員林市","10007100-013","南平里",2714,7137,3339,3798,"113Y12M"
"10007","彰化縣","10007100","員林市","10007100-014","南興里",2075,5969,2931,3038,"113Y12M"
"10007","彰化縣","10007100","員林市","10007100-015","源潭里",644,2055,1065,990,"113Y12M"
"10007","彰化縣","10007100","員林市","10007100-016","大埔里",782,2546,1298,1248,"113Y12M"
"10007","彰化縣","10007100","員林市","10007100-017","三條里",1276,3517,1715,1802,"113Y12M"
"10007","彰化縣","10007100","員林市","10007100-018","三和里",2770,7874,3847,4027,"113Y12M"
"10007","彰化縣","10007100","員林市","10007100-019","三橋里",1251,3711,1776,1935,"113Y12M"
"10007","彰化縣","10007100","員林市","10007100-020","中央里",744,2198,1103,1095,"113Y12M"
"10007","彰化縣","10007100","員林市","10007100-021","溝皂里",1196,3183,1515,1668,"113Y12M"
"10007","彰化縣","10007100","員林市","10007100-022","大饒里",1391,3887,1936,1951,"113Y12M"
"10007","彰化縣","10007100","員林市","10007100-023","大明里",811,2554,1315,1239,"113Y12M"
"10007","彰化縣","10007100","員林市","10007100-024","萬年里",1680,4580,2252,2328,"113Y12M"
"10007","彰化縣","10007100","員林市","10007100-025","崙雅里",846,2506,1298,1208,"113Y12M"
"10007","彰化縣","10007100","員林市","10007100-026","振興里",1099,3048,1526,1522,"113Y12M"
"10007","彰化縣","10007100","員林市","10007100-027","林厝里",1014,3117,1608,1509,"113Y12M"
"10007","彰化縣","10007100","員林市","10007100-028","出水里",675,1935,1024,911,"113Y12M"
"10007","彰化縣","10007100","員林市","10007100-029","湖水里",374,1243,669,574,"113Y12M"
"10007","彰化縣","10007100","員林市","10007100-030","大?里",246,797,411,386,"113Y12M"
"10007","彰化縣","10007100","員林市","10007100-031","鎮興里",751,2221,1133,1088,"113Y12M"
"10007","彰化縣","10007100","員林市","10007100-032","浮圳里",835,2541,1312,1229,"113Y12M"
"10007","彰化縣","10007100","員林市","10007100-033","西東里",707,2266,1185,1081,"113Y12M"
"10007","彰化縣","10007100","員林市","10007100-034","南東里",638,1934,998,936,"113Y12M"
"10007","彰化縣","10007100","員林市","10007100-035","中東里",679,1989,1020,969,"113Y12M"
"10007","彰化縣","10007100","員林市","10007100-036","東北里",793,2508,1272,1236,"113Y12M"
"10007","彰化縣","10007100","員林市","10007100-037","三愛里",1391,3778,1780,1998,"113Y12M"
"10007","彰化縣","10007100","員林市","10007100-038","三信里",1015,2807,1328,1479,"113Y12M"
"10007","彰化縣","10007100","員林市","10007100-039","三多里",1414,3685,1758,1927,"113Y12M"
"10007","彰化縣","10007100","員林市","10007100-040","仁愛里",567,1748,825,923,"113Y12M"
"10007","彰化縣","10007100","員林市","10007100-041","忠孝里",962,2691,1301,1390,"113Y12M"
"10007","彰化縣","10007110","溪湖鎮","10007110-001","光平里",516,1474,724,750,"113Y12M"
"10007","彰化縣","10007110","溪湖鎮","10007110-002","平和里",254,644,334,310,"113Y12M"
"10007","彰化縣","10007110","溪湖鎮","10007110-003","太平里",769,2336,1133,1203,"113Y12M"
"10007","彰化縣","10007110","溪湖鎮","10007110-004","光華里",188,469,224,245,"113Y12M"
"10007","彰化縣","10007110","溪湖鎮","10007110-005","東寮里",1568,4725,2356,2369,"113Y12M"
"10007","彰化縣","10007110","溪湖鎮","10007110-006","西寮里",835,2783,1410,1373,"113Y12M"
"10007","彰化縣","10007110","溪湖鎮","10007110-007","大突里",1438,4324,2136,2188,"113Y12M"
"10007","彰化縣","10007110","溪湖鎮","10007110-008","北勢里",539,1661,869,792,"113Y12M"
"10007","彰化縣","10007110","溪湖鎮","10007110-009","汴頭里",1215,3515,1782,1733,"113Y12M"
"10007","彰化縣","10007110","溪湖鎮","10007110-010","大竹里",1038,2860,1425,1435,"113Y12M"
"10007","彰化縣","10007110","溪湖鎮","10007110-011","湖西里",946,2568,1267,1301,"113Y12M"
"10007","彰化縣","10007110","溪湖鎮","10007110-012","田中里",313,909,493,416,"113Y12M"
"10007","彰化縣","10007110","溪湖鎮","10007110-013","河東里",672,2020,1008,1012,"113Y12M"
"10007","彰化縣","10007110","溪湖鎮","10007110-014","中山里",876,2686,1397,1289,"113Y12M"
"10007","彰化縣","10007110","溪湖鎮","10007110-015","中竹里",268,893,437,456,"113Y12M"
"10007","彰化縣","10007110","溪湖鎮","10007110-016","東溪里",525,1576,801,775,"113Y12M"
"10007","彰化縣","10007110","溪湖鎮","10007110-017","西溪里",697,2082,1064,1018,"113Y12M"
"10007","彰化縣","10007110","溪湖鎮","10007110-018","湖東里",1838,5718,2862,2856,"113Y12M"
"10007","彰化縣","10007110","溪湖鎮","10007110-019","頂庄里",257,742,383,359,"113Y12M"
"10007","彰化縣","10007110","溪湖鎮","10007110-020","忠覺里",438,1345,693,652,"113Y12M"
"10007","彰化縣","10007110","溪湖鎮","10007110-021","湳底里",240,722,381,341,"113Y12M"
"10007","彰化縣","10007110","溪湖鎮","10007110-022","大庭里",513,1473,768,705,"113Y12M"
"10007","彰化縣","10007110","溪湖鎮","10007110-023","媽厝里",453,1341,706,635,"113Y12M"
"10007","彰化縣","10007110","溪湖鎮","10007110-024","西勢里",815,2502,1284,1218,"113Y12M"
"10007","彰化縣","10007110","溪湖鎮","10007110-025","番婆里",642,2017,1029,988,"113Y12M"
"10007","彰化縣","10007120","田中鎮","10007120-001","香山里",332,892,478,414,"113Y12M"
"10007","彰化縣","10007120","田中鎮","10007120-002","碧峰里",342,1021,558,463,"113Y12M"
"10007","彰化縣","10007120","田中鎮","10007120-003","東源里",329,848,434,414,"113Y12M"
"10007","彰化縣","10007120","田中鎮","10007120-004","復興里",560,1575,827,748,"113Y12M"
"10007","彰化縣","10007120","田中鎮","10007120-005","平和里",539,1564,843,721,"113Y12M"
"10007","彰化縣","10007120","田中鎮","10007120-006","頂潭里",468,1371,684,687,"113Y12M"
"10007","彰化縣","10007120","田中鎮","10007120-007","中潭里",675,1961,975,986,"113Y12M"
"10007","彰化縣","10007120","田中鎮","10007120-008","龍潭里",229,601,334,267,"113Y12M"
"10007","彰化縣","10007120","田中鎮","10007120-009","北路里",1425,3906,1920,1986,"113Y12M"
"10007","彰化縣","10007120","田中鎮","10007120-010","西路里",1064,2790,1353,1437,"113Y12M"
"10007","彰化縣","10007120","田中鎮","10007120-011","東路里",450,1134,588,546,"113Y12M"
"10007","彰化縣","10007120","田中鎮","10007120-012","南路里",444,1223,595,628,"113Y12M"
"10007","彰化縣","10007120","田中鎮","10007120-013","中路里",889,2164,1072,1092,"113Y12M"
"10007","彰化縣","10007120","田中鎮","10007120-014","新庄里",984,2741,1414,1327,"113Y12M"
"10007","彰化縣","10007120","田中鎮","10007120-015","三安里",560,1623,861,762,"113Y12M"
"10007","彰化縣","10007120","田中鎮","10007120-016","大崙里",496,1399,726,673,"113Y12M"
"10007","彰化縣","10007120","田中鎮","10007120-017","沙崙里",708,2166,1112,1054,"113Y12M"
"10007","彰化縣","10007120","田中鎮","10007120-018","新民里",1626,4878,2440,2438,"113Y12M"
"10007","彰化縣","10007120","田中鎮","10007120-019","梅州里",510,1420,724,696,"113Y12M"
"10007","彰化縣","10007120","田中鎮","10007120-020","三民里",575,1699,879,820,"113Y12M"
"10007","彰化縣","10007120","田中鎮","10007120-021","三光里",349,934,500,434,"113Y12M"
"10007","彰化縣","10007120","田中鎮","10007120-022","大社里",335,909,483,426,"113Y12M"
"10007","彰化縣","10007130","大村鄉","10007130-001","大村村",1512,4605,2305,2300,"113Y12M"
"10007","彰化縣","10007130","大村鄉","10007130-002","茄苳村",538,1752,882,870,"113Y12M"
"10007","彰化縣","10007130","大村鄉","10007130-003","南勢村",531,1720,879,841,"113Y12M"
"10007","彰化縣","10007130","大村鄉","10007130-004","田洋村",434,1442,748,694,"113Y12M"
"10007","彰化縣","10007130","大村鄉","10007130-005","新興村",448,1313,693,620,"113Y12M"
"10007","彰化縣","10007130","大村鄉","10007130-006","過溝村",1384,3845,1873,1972,"113Y12M"
"10007","彰化縣","10007130","大村鄉","10007130-007","美港村",1169,3481,1733,1748,"113Y12M"
"10007","彰化縣","10007130","大村鄉","10007130-008","平和村",999,3020,1537,1483,"113Y12M"
"10007","彰化縣","10007130","大村鄉","10007130-009","貢旗村",597,1910,959,951,"113Y12M"
"10007","彰化縣","10007130","大村鄉","10007130-010","加錫村",606,1875,971,904,"113Y12M"
"10007","彰化縣","10007130","大村鄉","10007130-011","村上村",567,1713,865,848,"113Y12M"
"10007","彰化縣","10007130","大村鄉","10007130-012","大橋村",742,2291,1166,1125,"113Y12M"
"10007","彰化縣","10007130","大村鄉","10007130-013","大崙村",572,1860,972,888,"113Y12M"
"10007","彰化縣","10007130","大村鄉","10007130-014","擺塘村",980,3075,1590,1485,"113Y12M"
"10007","彰化縣","10007130","大村鄉","10007130-015","黃厝村",1077,3011,1550,1461,"113Y12M"
"10007","彰化縣","10007130","大村鄉","10007130-016","福興村",858,2561,1304,1257,"113Y12M"
"10007","彰化縣","10007140","埔鹽鄉","10007140-001","埔鹽村",652,1912,985,927,"113Y12M"
"10007","彰化縣","10007140","埔鹽鄉","10007140-002","埔南村",608,1747,906,841,"113Y12M"
"10007","彰化縣","10007140","埔鹽鄉","10007140-003","?子村",440,1342,694,648,"113Y12M"
"10007","彰化縣","10007140","埔鹽鄉","10007140-004","出水村",314,1007,516,491,"113Y12M"
"10007","彰化縣","10007140","埔鹽鄉","10007140-005","南港村",644,1930,1015,915,"113Y12M"
"10007","彰化縣","10007140","埔鹽鄉","10007140-006","打廉村",327,958,509,449,"113Y12M"
"10007","彰化縣","10007140","埔鹽鄉","10007140-007","豐澤村",471,1412,747,665,"113Y12M"
"10007","彰化縣","10007140","埔鹽鄉","10007140-008","崑崙村",423,1171,588,583,"113Y12M"
"10007","彰化縣","10007140","埔鹽鄉","10007140-009","角樹村",239,719,379,340,"113Y12M"
"10007","彰化縣","10007140","埔鹽鄉","10007140-010","瓦[?]村",409,1339,706,633,"113Y12M"
"10007","彰化縣","10007140","埔鹽鄉","10007140-011","好修村",734,2205,1127,1078,"113Y12M"
"10007","彰化縣","10007140","埔鹽鄉","10007140-012","西湖村",617,2256,1200,1056,"113Y12M"
"10007","彰化縣","10007140","埔鹽鄉","10007140-013","大有村",436,1312,688,624,"113Y12M"
"10007","彰化縣","10007140","埔鹽鄉","10007140-014","新興村",160,470,242,228,"113Y12M"
"10007","彰化縣","10007140","埔鹽鄉","10007140-015","永平村",411,1231,652,579,"113Y12M"
"10007","彰化縣","10007140","埔鹽鄉","10007140-016","永樂村",277,921,488,433,"113Y12M"
"10007","彰化縣","10007140","埔鹽鄉","10007140-017","石埤村",468,1530,830,700,"113Y12M"
"10007","彰化縣","10007140","埔鹽鄉","10007140-018","天盛村",309,890,484,406,"113Y12M"
"10007","彰化縣","10007140","埔鹽鄉","10007140-019","太平村",538,1649,883,766,"113Y12M"
"10007","彰化縣","10007140","埔鹽鄉","10007140-020","新水村",506,1626,835,791,"113Y12M"
"10007","彰化縣","10007140","埔鹽鄉","10007140-021","三省村",495,1451,772,679,"113Y12M"
"10007","彰化縣","10007140","埔鹽鄉","10007140-022","南新村",485,1468,779,689,"113Y12M"
"10007","彰化縣","10007150","埔心鄉","10007150-001","東門村",1353,4057,2040,2017,"113Y12M"
"10007","彰化縣","10007150","埔心鄉","10007150-002","埔心村",453,1333,716,617,"113Y12M"
"10007","彰化縣","10007150","埔心鄉","10007150-003","義民村",674,1806,888,918,"113Y12M"
"10007","彰化縣","10007150","埔心鄉","10007150-004","油車村",453,1337,706,631,"113Y12M"
"10007","彰化縣","10007150","埔心鄉","10007150-005","瓦北村",689,1934,994,940,"113Y12M"
"10007","彰化縣","10007150","埔心鄉","10007150-006","瓦中村",934,2300,1166,1134,"113Y12M"
"10007","彰化縣","10007150","埔心鄉","10007150-007","瓦南村",536,1534,782,752,"113Y12M"
"10007","彰化縣","10007150","埔心鄉","10007150-008","太平村",752,2326,1187,1139,"113Y12M"
"10007","彰化縣","10007150","埔心鄉","10007150-009","經口村",950,2630,1336,1294,"113Y12M"
"10007","彰化縣","10007150","埔心鄉","10007150-010","大華村",265,719,393,326,"113Y12M"
"10007","彰化縣","10007150","埔心鄉","10007150-011","仁里村",494,1429,722,707,"113Y12M"
"10007","彰化縣","10007150","埔心鄉","10007150-012","舊?村",603,1768,887,881,"113Y12M"
"10007","彰化縣","10007150","埔心鄉","10007150-013","南?村",407,1181,598,583,"113Y12M"
"10007","彰化縣","10007150","埔心鄉","10007150-014","新?村",395,1133,599,534,"113Y12M"
"10007","彰化縣","10007150","埔心鄉","10007150-015","羅厝村",495,1414,742,672,"113Y12M"
"10007","彰化縣","10007150","埔心鄉","10007150-016","芎蕉村",734,2134,1098,1036,"113Y12M"
"10007","彰化縣","10007150","埔心鄉","10007150-017","二重村",573,1654,867,787,"113Y12M"
"10007","彰化縣","10007150","埔心鄉","10007150-018","梧鳳村",328,933,512,421,"113Y12M"
"10007","彰化縣","10007150","埔心鄉","10007150-019","埤霞村",274,774,432,342,"113Y12M"
"10007","彰化縣","10007150","埔心鄉","10007150-020","埤?村",326,970,506,464,"113Y12M"
"10007","彰化縣","10007160","永靖鄉","10007160-001","永東村",314,906,435,471,"113Y12M"
"10007","彰化縣","10007160","永靖鄉","10007160-002","永西村",592,1733,887,846,"113Y12M"
"10007","彰化縣","10007160","永靖鄉","10007160-003","永南村",662,2013,1007,1006,"113Y12M"
"10007","彰化縣","10007160","永靖鄉","10007160-004","永北村",818,2506,1250,1256,"113Y12M"
"10007","彰化縣","10007160","永靖鄉","10007160-005","港西村",620,1816,939,877,"113Y12M"
"10007","彰化縣","10007160","永靖鄉","10007160-006","五福村",563,1607,820,787,"113Y12M"
"10007","彰化縣","10007160","永靖鄉","10007160-007","湳港村",417,1279,674,605,"113Y12M"
"10007","彰化縣","10007160","永靖鄉","10007160-008","新莊村",413,1279,654,625,"113Y12M"
"10007","彰化縣","10007160","永靖鄉","10007160-009","瑚璉村",1098,3369,1727,1642,"113Y12M"
"10007","彰化縣","10007160","永靖鄉","10007160-010","五汴村",513,1516,803,713,"113Y12M"
"10007","彰化縣","10007160","永靖鄉","10007160-011","浮圳村",422,1284,665,619,"113Y12M"
"10007","彰化縣","10007160","永靖鄉","10007160-012","光雲村",584,1763,901,862,"113Y12M"
"10007","彰化縣","10007160","永靖鄉","10007160-013","東寧村",748,2244,1164,1080,"113Y12M"
"10007","彰化縣","10007160","永靖鄉","10007160-014","永興村",524,1671,880,791,"113Y12M"
"10007","彰化縣","10007160","永靖鄉","10007160-015","崙子村",536,1519,769,750,"113Y12M"
"10007","彰化縣","10007160","永靖鄉","10007160-016","獨鰲村",314,887,474,413,"113Y12M"
"10007","彰化縣","10007160","永靖鄉","10007160-017","敦厚村",281,801,435,366,"113Y12M"
"10007","彰化縣","10007160","永靖鄉","10007160-018","崙美村",282,845,430,415,"113Y12M"
"10007","彰化縣","10007160","永靖鄉","10007160-019","同安村",256,700,366,334,"113Y12M"
"10007","彰化縣","10007160","永靖鄉","10007160-020","同仁村",333,894,473,421,"113Y12M"
"10007","彰化縣","10007160","永靖鄉","10007160-021","湳墘村",294,861,449,412,"113Y12M"
"10007","彰化縣","10007160","永靖鄉","10007160-022","四芳村",229,654,362,292,"113Y12M"
"10007","彰化縣","10007160","永靖鄉","10007160-023","福興村",397,1169,606,563,"113Y12M"
"10007","彰化縣","10007160","永靖鄉","10007160-024","竹子村",483,1348,734,614,"113Y12M"
"10007","彰化縣","10007170","社頭鄉","10007170-001","社頭村",1119,3065,1527,1538,"113Y12M"
"10007","彰化縣","10007170","社頭鄉","10007170-002","東興村",598,1665,834,831,"113Y12M"
"10007","彰化縣","10007170","社頭鄉","10007170-003","山湖村",439,1299,675,624,"113Y12M"
"10007","彰化縣","10007170","社頭鄉","10007170-004","廣興村",1633,5018,2568,2450,"113Y12M"
"10007","彰化縣","10007170","社頭鄉","10007170-005","廣福村",361,1039,540,499,"113Y12M"
"10007","彰化縣","10007170","社頭鄉","10007170-006","朝興村",421,1176,615,561,"113Y12M"
"10007","彰化縣","10007170","社頭鄉","10007170-007","仁雅村",1166,3353,1662,1691,"113Y12M"
"10007","彰化縣","10007170","社頭鄉","10007170-008","橋頭村",735,2283,1162,1121,"113Y12M"
"10007","彰化縣","10007170","社頭鄉","10007170-009","仁和村",288,857,458,399,"113Y12M"
"10007","彰化縣","10007170","社頭鄉","10007170-010","崙雅村",382,1094,558,536,"113Y12M"
"10007","彰化縣","10007170","社頭鄉","10007170-011","湳底村",682,2018,1086,932,"113Y12M"
"10007","彰化縣","10007170","社頭鄉","10007170-012","泰安村",374,1082,545,537,"113Y12M"
"10007","彰化縣","10007170","社頭鄉","10007170-013","美雅村",494,1455,772,683,"113Y12M"
"10007","彰化縣","10007170","社頭鄉","10007170-014","新厝村",533,1476,771,705,"113Y12M"
"10007","彰化縣","10007170","社頭鄉","10007170-015","平和村",350,1055,548,507,"113Y12M"
"10007","彰化縣","10007170","社頭鄉","10007170-016","里仁村",408,1143,586,557,"113Y12M"
"10007","彰化縣","10007170","社頭鄉","10007170-017","張厝村",453,1387,693,694,"113Y12M"
"10007","彰化縣","10007170","社頭鄉","10007170-018","龍井村",289,866,456,410,"113Y12M"
"10007","彰化縣","10007170","社頭鄉","10007170-019","舊社村",648,1891,980,911,"113Y12M"
"10007","彰化縣","10007170","社頭鄉","10007170-020","埤斗村",357,1011,538,473,"113Y12M"
"10007","彰化縣","10007170","社頭鄉","10007170-021","湳雅村",515,1622,843,779,"113Y12M"
"10007","彰化縣","10007170","社頭鄉","10007170-022","松竹村",407,1221,601,620,"113Y12M"
"10007","彰化縣","10007170","社頭鄉","10007170-023","清水村",471,1399,721,678,"113Y12M"
"10007","彰化縣","10007170","社頭鄉","10007170-024","協和村",834,2367,1244,1123,"113Y12M"
"10007","彰化縣","10007180","二水鄉","10007180-001","合和村",344,842,459,383,"113Y12M"
"10007","彰化縣","10007180","二水鄉","10007180-002","上豊村",381,989,561,428,"113Y12M"
"10007","彰化縣","10007180","二水鄉","10007180-003","過圳村",245,651,354,297,"113Y12M"
"10007","彰化縣","10007180","二水鄉","10007180-004","五伯村",276,675,365,310,"113Y12M"
"10007","彰化縣","10007180","二水鄉","10007180-005","光化村",375,937,462,475,"113Y12M"
"10007","彰化縣","10007180","二水鄉","10007180-006","文化村",400,1011,486,525,"113Y12M"
"10007","彰化縣","10007180","二水鄉","10007180-007","二水村",353,844,451,393,"113Y12M"
"10007","彰化縣","10007180","二水鄉","10007180-008","聖化村",191,447,235,212,"113Y12M"
"10007","彰化縣","10007180","二水鄉","10007180-009","裕民村",413,1062,565,497,"113Y12M"
"10007","彰化縣","10007180","二水鄉","10007180-010","惠民村",344,805,411,394,"113Y12M"
"10007","彰化縣","10007180","二水鄉","10007180-011","大園村",292,806,424,382,"113Y12M"
"10007","彰化縣","10007180","二水鄉","10007180-012","修仁村",306,824,419,405,"113Y12M"
"10007","彰化縣","10007180","二水鄉","10007180-013","合興村",271,686,370,316,"113Y12M"
"10007","彰化縣","10007180","二水鄉","10007180-014","源泉村",250,634,336,298,"113Y12M"
"10007","彰化縣","10007180","二水鄉","10007180-015","倡和村",255,577,319,258,"113Y12M"
"10007","彰化縣","10007180","二水鄉","10007180-016","復興村",386,1058,551,507,"113Y12M"
"10007","彰化縣","10007180","二水鄉","10007180-017","十五村",239,699,368,331,"113Y12M"
"10007","彰化縣","10007190","北斗鎮","10007190-001","光復里",865,2429,1186,1243,"113Y12M"
"10007","彰化縣","10007190","北斗鎮","10007190-002","新政里",387,892,428,464,"113Y12M"
"10007","彰化縣","10007190","北斗鎮","10007190-003","重慶里",212,556,298,258,"113Y12M"
"10007","彰化縣","10007190","北斗鎮","10007190-004","五權里",262,712,357,355,"113Y12M"
"10007","彰化縣","10007190","北斗鎮","10007190-005","七星里",552,1564,796,768,"113Y12M"
"10007","彰化縣","10007190","北斗鎮","10007190-006","居仁里",538,1432,708,724,"113Y12M"
"10007","彰化縣","10007190","北斗鎮","10007190-007","東光里",970,2726,1338,1388,"113Y12M"
"10007","彰化縣","10007190","北斗鎮","10007190-008","文昌里",1418,3827,1900,1927,"113Y12M"
"10007","彰化縣","10007190","北斗鎮","10007190-009","中和里",485,1452,751,701,"113Y12M"
"10007","彰化縣","10007190","北斗鎮","10007190-010","西德里",1903,5361,2661,2700,"113Y12M"
"10007","彰化縣","10007190","北斗鎮","10007190-011","西安里",807,2175,1105,1070,"113Y12M"
"10007","彰化縣","10007190","北斗鎮","10007190-012","中寮里",1061,3235,1679,1556,"113Y12M"
"10007","彰化縣","10007190","北斗鎮","10007190-013","大道里",844,2367,1195,1172,"113Y12M"
"10007","彰化縣","10007190","北斗鎮","10007190-014","新生里",837,2385,1204,1181,"113Y12M"
"10007","彰化縣","10007190","北斗鎮","10007190-015","大新里",763,2125,1069,1056,"113Y12M"
"10007","彰化縣","10007200","二林鎮","10007200-001","東和里",920,2320,1193,1127,"113Y12M"
"10007","彰化縣","10007200","二林鎮","10007200-002","南光里",1443,3944,1946,1998,"113Y12M"
"10007","彰化縣","10007200","二林鎮","10007200-003","西平里",649,1817,891,926,"113Y12M"
"10007","彰化縣","10007200","二林鎮","10007200-004","北平里",1273,3457,1750,1707,"113Y12M"
"10007","彰化縣","10007200","二林鎮","10007200-005","中西里",541,1760,921,839,"113Y12M"
"10007","彰化縣","10007200","二林鎮","10007200-006","廣興里",465,1445,755,690,"113Y12M"
"10007","彰化縣","10007200","二林鎮","10007200-007","香田里",387,1110,606,504,"113Y12M"
"10007","彰化縣","10007200","二林鎮","10007200-008","外竹里",336,1027,551,476,"113Y12M"
"10007","彰化縣","10007200","二林鎮","10007200-009","興華里",397,1253,643,610,"113Y12M"
"10007","彰化縣","10007200","二林鎮","10007200-010","東興里",618,1829,930,899,"113Y12M"
"10007","彰化縣","10007200","二林鎮","10007200-011","後厝里",1550,4277,2082,2195,"113Y12M"
"10007","彰化縣","10007200","二林鎮","10007200-012","豐田里",972,2841,1453,1388,"113Y12M"
"10007","彰化縣","10007200","二林鎮","10007200-013","頂厝里",550,1430,795,635,"113Y12M"
"10007","彰化縣","10007200","二林鎮","10007200-014","趙甲里",536,1601,841,760,"113Y12M"
"10007","彰化縣","10007200","二林鎮","10007200-015","振興里",401,1241,675,566,"113Y12M"
"10007","彰化縣","10007200","二林鎮","10007200-016","萬興里",264,828,437,391,"113Y12M"
"10007","彰化縣","10007200","二林鎮","10007200-017","永興里",538,1609,829,780,"113Y12M"
"10007","彰化縣","10007200","二林鎮","10007200-018","西庄里",491,1440,722,718,"113Y12M"
"10007","彰化縣","10007200","二林鎮","10007200-019","梅芳里",358,1115,595,520,"113Y12M"
"10007","彰化縣","10007200","二林鎮","10007200-020","華崙里",1277,3651,1899,1752,"113Y12M"
"10007","彰化縣","10007200","二林鎮","10007200-021","東勢里",319,985,512,473,"113Y12M"
"10007","彰化縣","10007200","二林鎮","10007200-022","萬合里",373,1171,602,569,"113Y12M"
"10007","彰化縣","10007200","二林鎮","10007200-023","大永里",284,888,472,416,"113Y12M"
"10007","彰化縣","10007200","二林鎮","10007200-024","原斗里",442,1300,663,637,"113Y12M"
"10007","彰化縣","10007200","二林鎮","10007200-025","西斗里",364,1082,546,536,"113Y12M"
"10007","彰化縣","10007200","二林鎮","10007200-026","東華里",364,990,526,464,"113Y12M"
"10007","彰化縣","10007200","二林鎮","10007200-027","復豐里",219,708,380,328,"113Y12M"
"10007","彰化縣","10007210","田尾鄉","10007210-001","田尾村",490,1465,769,696,"113Y12M"
"10007","彰化縣","10007210","田尾鄉","10007210-002","豐田村",313,842,437,405,"113Y12M"
"10007","彰化縣","10007210","田尾鄉","10007210-003","饒平村",1047,2970,1477,1493,"113Y12M"
"10007","彰化縣","10007210","田尾鄉","10007210-004","睦宜村",373,1156,599,557,"113Y12M"
"10007","彰化縣","10007210","田尾鄉","10007210-005","福田村",323,805,441,364,"113Y12M"
"10007","彰化縣","10007210","田尾鄉","10007210-006","新興村",360,1133,597,536,"113Y12M"
"10007","彰化縣","10007210","田尾鄉","10007210-007","北鎮村",464,1296,644,652,"113Y12M"
"10007","彰化縣","10007210","田尾鄉","10007210-008","南鎮村",231,657,356,301,"113Y12M"
"10007","彰化縣","10007210","田尾鄉","10007210-009","新生村",507,1503,778,725,"113Y12M"
"10007","彰化縣","10007210","田尾鄉","10007210-010","南曾村",491,1515,799,716,"113Y12M"
"10007","彰化縣","10007210","田尾鄉","10007210-011","北曾村",567,1684,853,831,"113Y12M"
"10007","彰化縣","10007210","田尾鄉","10007210-012","溪畔村",471,1414,724,690,"113Y12M"
"10007","彰化縣","10007210","田尾鄉","10007210-013","打簾村",534,1883,953,930,"113Y12M"
"10007","彰化縣","10007210","田尾鄉","10007210-014","柳鳳村",331,1054,552,502,"113Y12M"
"10007","彰化縣","10007210","田尾鄉","10007210-015","陸豐村",312,937,484,453,"113Y12M"
"10007","彰化縣","10007210","田尾鄉","10007210-016","海豐村",529,1466,804,662,"113Y12M"
"10007","彰化縣","10007210","田尾鄉","10007210-017","仁里村",589,1770,923,847,"113Y12M"
"10007","彰化縣","10007210","田尾鄉","10007210-018","新厝村",94,259,136,123,"113Y12M"
"10007","彰化縣","10007210","田尾鄉","10007210-019","溪頂村",261,675,358,317,"113Y12M"
"10007","彰化縣","10007210","田尾鄉","10007210-020","正義村",343,1041,544,497,"113Y12M"
"10007","彰化縣","10007220","埤頭鄉","10007220-001","和豊村",926,2702,1373,1329,"113Y12M"
"10007","彰化縣","10007220","埤頭鄉","10007220-002","興農村",682,2032,1055,977,"113Y12M"
"10007","彰化縣","10007220","埤頭鄉","10007220-003","埤頭村",552,1732,925,807,"113Y12M"
"10007","彰化縣","10007220","埤頭鄉","10007220-004","豊崙村",774,2431,1300,1131,"113Y12M"
"10007","彰化縣","10007220","埤頭鄉","10007220-005","崙子村",473,1423,699,724,"113Y12M"
"10007","彰化縣","10007220","埤頭鄉","10007220-007","合興村",1316,3759,1869,1890,"113Y12M"
"10007","彰化縣","10007220","埤頭鄉","10007220-008","平原村",889,2661,1332,1329,"113Y12M"
"10007","彰化縣","10007220","埤頭鄉","10007220-009","崙腳村",242,767,403,364,"113Y12M"
"10007","彰化縣","10007220","埤頭鄉","10007220-010","元埔村",198,608,328,280,"113Y12M"
"10007","彰化縣","10007220","埤頭鄉","10007220-011","芙朝村",515,1568,836,732,"113Y12M"
"10007","彰化縣","10007220","埤頭鄉","10007220-012","新庄村",345,1036,536,500,"113Y12M"
"10007","彰化縣","10007220","埤頭鄉","10007220-013","陸嘉村",331,891,479,412,"113Y12M"
"10007","彰化縣","10007220","埤頭鄉","10007220-014","竹圍村",453,1307,667,640,"113Y12M"
"10007","彰化縣","10007220","埤頭鄉","10007220-015","中和村",536,1600,809,791,"113Y12M"
"10007","彰化縣","10007220","埤頭鄉","10007220-016","庄內村",389,1185,639,546,"113Y12M"
"10007","彰化縣","10007220","埤頭鄉","10007220-017","大湖村",326,970,510,460,"113Y12M"
"10007","彰化縣","10007220","埤頭鄉","10007220-018","永豐村",563,1812,930,882,"113Y12M"
"10007","彰化縣","10007230","芳苑鄉","10007230-001","芳苑村",378,977,524,453,"113Y12M"
"10007","彰化縣","10007230","芳苑鄉","10007230-002","芳中村",168,415,234,181,"113Y12M"
"10007","彰化縣","10007230","芳苑鄉","10007230-003","仁愛村",311,778,407,371,"113Y12M"
"10007","彰化縣","10007230","芳苑鄉","10007230-004","信義村",205,534,300,234,"113Y12M"
"10007","彰化縣","10007230","芳苑鄉","10007230-005","後寮村",367,1067,541,526,"113Y12M"
"10007","彰化縣","10007230","芳苑鄉","10007230-006","三合村",832,2341,1204,1137,"113Y12M"
"10007","彰化縣","10007230","芳苑鄉","10007230-007","永興村",437,1407,739,668,"113Y12M"
"10007","彰化縣","10007230","芳苑鄉","10007230-008","五俊村",176,488,267,221,"113Y12M"
"10007","彰化縣","10007230","芳苑鄉","10007230-009","路上村",234,623,343,280,"113Y12M"
"10007","彰化縣","10007230","芳苑鄉","10007230-010","路平村",300,829,439,390,"113Y12M"
"10007","彰化縣","10007230","芳苑鄉","10007230-011","三成村",328,1029,557,472,"113Y12M"
"10007","彰化縣","10007230","芳苑鄉","10007230-012","福榮村",225,558,299,259,"113Y12M"
"10007","彰化縣","10007230","芳苑鄉","10007230-013","頂?村",218,580,321,259,"113Y12M"
"10007","彰化縣","10007230","芳苑鄉","10007230-014","新街村",324,756,446,310,"113Y12M"
"10007","彰化縣","10007230","芳苑鄉","10007230-015","王功村",738,2296,1175,1121,"113Y12M"
"10007","彰化縣","10007230","芳苑鄉","10007230-016","博愛村",222,686,348,338,"113Y12M"
"10007","彰化縣","10007230","芳苑鄉","10007230-017","和平村",255,750,384,366,"113Y12M"
"10007","彰化縣","10007230","芳苑鄉","10007230-018","民生村",241,668,352,316,"113Y12M"
"10007","彰化縣","10007230","芳苑鄉","10007230-019","興仁村",427,1366,734,632,"113Y12M"
"10007","彰化縣","10007230","芳苑鄉","10007230-020","新寶村",626,1857,952,905,"113Y12M"
"10007","彰化縣","10007230","芳苑鄉","10007230-021","草湖村",523,1528,804,724,"113Y12M"
"10007","彰化縣","10007230","芳苑鄉","10007230-022","文津村",355,1088,601,487,"113Y12M"
"10007","彰化縣","10007230","芳苑鄉","10007230-023","建平村",764,2292,1205,1087,"113Y12M"
"10007","彰化縣","10007230","芳苑鄉","10007230-024","崙腳村",257,804,433,371,"113Y12M"
"10007","彰化縣","10007230","芳苑鄉","10007230-025","新生村",428,1400,762,638,"113Y12M"
"10007","彰化縣","10007230","芳苑鄉","10007230-026","漢寶村",1125,3497,1827,1670,"113Y12M"
"10007","彰化縣","10007240","大城鄉","10007240-001","潭墘村",421,1085,598,487,"113Y12M"
"10007","彰化縣","10007240","大城鄉","10007240-002","上山村",364,1078,587,491,"113Y12M"
"10007","彰化縣","10007240","大城鄉","10007240-003","東城村",446,1370,693,677,"113Y12M"
"10007","彰化縣","10007240","大城鄉","10007240-004","西城村",279,830,448,382,"113Y12M"
"10007","彰化縣","10007240","大城鄉","10007240-005","大城村",373,1050,533,517,"113Y12M"
"10007","彰化縣","10007240","大城鄉","10007240-006","菜寮村",338,1091,596,495,"113Y12M"
"10007","彰化縣","10007240","大城鄉","10007240-007","山腳村",442,1322,704,618,"113Y12M"
"10007","彰化縣","10007240","大城鄉","10007240-008","永和村",251,724,401,323,"113Y12M"
"10007","彰化縣","10007240","大城鄉","10007240-009","頂庄村",239,608,337,271,"113Y12M"
"10007","彰化縣","10007240","大城鄉","10007240-010","公館村",393,984,528,456,"113Y12M"
"10007","彰化縣","10007240","大城鄉","10007240-011","臺西村",315,833,457,376,"113Y12M"
"10007","彰化縣","10007240","大城鄉","10007240-012","東港村",404,1214,672,542,"113Y12M"
"10007","彰化縣","10007240","大城鄉","10007240-013","西港村",321,860,479,381,"113Y12M"
"10007","彰化縣","10007240","大城鄉","10007240-014","豐美村",293,879,470,409,"113Y12M"
"10007","彰化縣","10007240","大城鄉","10007240-015","三豐村",236,620,354,266,"113Y12M"
"10007","彰化縣","10007250","竹塘鄉","10007250-001","竹元村",481,1425,715,710,"113Y12M"
"10007","彰化縣","10007250","竹塘鄉","10007250-002","竹塘村",820,2470,1200,1270,"113Y12M"
"10007","彰化縣","10007250","竹塘鄉","10007250-003","小西村",247,769,401,368,"113Y12M"
"10007","彰化縣","10007250","竹塘鄉","10007250-004","民靖村",282,802,415,387,"113Y12M"
"10007","彰化縣","10007250","竹塘鄉","10007250-005","五庄村",518,1689,894,795,"113Y12M"
"10007","彰化縣","10007250","竹塘鄉","10007250-006","樹腳村",240,722,400,322,"113Y12M"
"10007","彰化縣","10007250","竹塘鄉","10007250-007","田頭村",350,1222,645,577,"113Y12M"
"10007","彰化縣","10007250","竹塘鄉","10007250-008","新廣村",388,1150,608,542,"113Y12M"
"10007","彰化縣","10007250","竹塘鄉","10007250-009","溪墘村",185,488,266,222,"113Y12M"
"10007","彰化縣","10007250","竹塘鄉","10007250-010","竹林村",290,872,469,403,"113Y12M"
"10007","彰化縣","10007250","竹塘鄉","10007250-011","土庫村",209,614,335,279,"113Y12M"
"10007","彰化縣","10007250","竹塘鄉","10007250-012","內新村",198,523,287,236,"113Y12M"
"10007","彰化縣","10007250","竹塘鄉","10007250-013","長安村",314,843,457,386,"113Y12M"
"10007","彰化縣","10007250","竹塘鄉","10007250-014","永安村",207,571,318,253,"113Y12M"
"10007","彰化縣","10007260","溪州鄉","10007260-001","溪厝村",693,2032,1053,979,"113Y12M"
"10007","彰化縣","10007260","溪州鄉","10007260-002","舊眉村",555,1626,803,823,"113Y12M"
"10007","彰化縣","10007260","溪州鄉","10007260-003","柑園村",401,1256,657,599,"113Y12M"
"10007","彰化縣","10007260","溪州鄉","10007260-004","水尾村",517,1679,858,821,"113Y12M"
"10007","彰化縣","10007260","溪州鄉","10007260-005","坑厝村",259,751,391,360,"113Y12M"
"10007","彰化縣","10007260","溪州鄉","10007260-006","圳寮村",489,1589,835,754,"113Y12M"
"10007","彰化縣","10007260","溪州鄉","10007260-007","潮洋村",295,897,467,430,"113Y12M"
"10007","彰化縣","10007260","溪州鄉","10007260-008","瓦厝村",389,972,490,482,"113Y12M"
"10007","彰化縣","10007260","溪州鄉","10007260-009","西畔村",687,2131,1117,1014,"113Y12M"
"10007","彰化縣","10007260","溪州鄉","10007260-010","張厝村",225,673,347,326,"113Y12M"
"10007","彰化縣","10007260","溪州鄉","10007260-011","溪州村",678,1739,889,850,"113Y12M"
"10007","彰化縣","10007260","溪州鄉","10007260-012","成功村",636,1979,1051,928,"113Y12M"
"10007","彰化縣","10007260","溪州鄉","10007260-013","菜公村",304,916,513,403,"113Y12M"
"10007","彰化縣","10007260","溪州鄉","10007260-014","尾厝村",742,2080,1043,1037,"113Y12M"
"10007","彰化縣","10007260","溪州鄉","10007260-015","大庄村",646,1977,1084,893,"113Y12M"
"10007","彰化縣","10007260","溪州鄉","10007260-016","三圳村",445,1371,718,653,"113Y12M"
"10007","彰化縣","10007260","溪州鄉","10007260-017","東州村",807,2238,1154,1084,"113Y12M"
"10007","彰化縣","10007260","溪州鄉","10007260-018","榮光村",335,890,462,428,"113Y12M"
"10007","彰化縣","10007260","溪州鄉","10007260-019","三條村",306,899,470,429,"113Y12M"
"10008","南投縣","10008010","南投市","10008010-001","龍泉里",396,976,462,514,"113Y12M"
"10008","南投縣","10008010","南投市","10008010-002","康壽里",647,1532,734,798,"113Y12M"
"10008","南投縣","10008010","南投市","10008010-003","三民里",398,1012,485,527,"113Y12M"
"10008","南投縣","10008010","南投市","10008010-004","仁和里",218,524,265,259,"113Y12M"
"10008","南投縣","10008010","南投市","10008010-005","南投里",254,583,289,294,"113Y12M"
"10008","南投縣","10008010","南投市","10008010-006","彰仁里",162,387,186,201,"113Y12M"
"10008","南投縣","10008010","南投市","10008010-007","崇文里",424,1057,517,540,"113Y12M"
"10008","南投縣","10008010","南投市","10008010-008","漳興里",1162,2908,1408,1500,"113Y12M"
"10008","南投縣","10008010","南投市","10008010-009","漳和里",3085,8234,4085,4149,"113Y12M"
"10008","南投縣","10008010","南投市","10008010-010","軍功里",1850,5218,2511,2707,"113Y12M"
"10008","南投縣","10008010","南投市","10008010-011","東山里",162,410,225,185,"113Y12M"
"10008","南投縣","10008010","南投市","10008010-012","平和里",3014,7108,3422,3686,"113Y12M"
"10008","南投縣","10008010","南投市","10008010-013","振興里",857,2323,1199,1124,"113Y12M"
"10008","南投縣","10008010","南投市","10008010-014","千秋里",380,1114,585,529,"113Y12M"
"10008","南投縣","10008010","南投市","10008010-015","三興里",2325,6397,3141,3256,"113Y12M"
"10008","南投縣","10008010","南投市","10008010-016","三和里",1188,3086,1525,1561,"113Y12M"
"10008","南投縣","10008010","南投市","10008010-017","嘉興里",894,2419,1234,1185,"113Y12M"
"10008","南投縣","10008010","南投市","10008010-018","嘉和里",2031,5358,2641,2717,"113Y12M"
"10008","南投縣","10008010","南投市","10008010-019","福山里",716,2070,1095,975,"113Y12M"
"10008","南投縣","10008010","南投市","10008010-020","永興里",275,814,452,362,"113Y12M"
"10008","南投縣","10008010","南投市","10008010-021","鳳鳴里",254,575,330,245,"113Y12M"
"10008","南投縣","10008010","南投市","10008010-022","鳳山里",384,1057,596,461,"113Y12M"
"10008","南投縣","10008010","南投市","10008010-023","平山里",2404,6281,3076,3205,"113Y12M"
"10008","南投縣","10008010","南投市","10008010-024","新興里",2272,6010,2982,3028,"113Y12M"
"10008","南投縣","10008010","南投市","10008010-025","永豐里",1170,3089,1593,1496,"113Y12M"
"10008","南投縣","10008010","南投市","10008010-026","福興里",1362,3409,1750,1659,"113Y12M"
"10008","南投縣","10008010","南投市","10008010-027","營北里",2691,7053,3424,3629,"113Y12M"
"10008","南投縣","10008010","南投市","10008010-028","營南里",1040,2754,1401,1353,"113Y12M"
"10008","南投縣","10008010","南投市","10008010-029","內興里",2347,6511,3256,3255,"113Y12M"
"10008","南投縣","10008010","南投市","10008010-030","內新里",1383,3934,2044,1890,"113Y12M"
"10008","南投縣","10008010","南投市","10008010-031","光華里",310,617,278,339,"113Y12M"
"10008","南投縣","10008010","南投市","10008010-032","光榮里",415,904,418,486,"113Y12M"
"10008","南投縣","10008010","南投市","10008010-033","光明里",355,759,322,437,"113Y12M"
"10008","南投縣","10008010","南投市","10008010-034","光輝里",220,559,272,287,"113Y12M"
"10008","南投縣","10008020","埔里鎮","10008020-001","東門里",1233,2881,1414,1467,"113Y12M"
"10008","南投縣","10008020","埔里鎮","10008020-002","南門里",372,793,410,383,"113Y12M"
"10008","南投縣","10008020","埔里鎮","10008020-003","西門里",1316,3362,1674,1688,"113Y12M"
"10008","南投縣","10008020","埔里鎮","10008020-004","北門里",1225,2755,1378,1377,"113Y12M"
"10008","南投縣","10008020","埔里鎮","10008020-005","同聲里",960,2486,1199,1287,"113Y12M"
"10008","南投縣","10008020","埔里鎮","10008020-006","薰化里",495,1086,517,569,"113Y12M"
"10008","南投縣","10008020","埔里鎮","10008020-007","清新里",1639,4040,2011,2029,"113Y12M"
"10008","南投縣","10008020","埔里鎮","10008020-008","大城里",2719,6469,3087,3382,"113Y12M"
"10008","南投縣","10008020","埔里鎮","10008020-009","籃城里",380,1000,490,510,"113Y12M"
"10008","南投縣","10008020","埔里鎮","10008020-010","枇杷里",3366,8836,4315,4521,"113Y12M"
"10008","南投縣","10008020","埔里鎮","10008020-011","水頭里",1653,4405,2177,2228,"113Y12M"
"10008","南投縣","10008020","埔里鎮","10008020-012","麒麟里",420,1080,583,497,"113Y12M"
"10008","南投縣","10008020","埔里鎮","10008020-013","珠格里",420,1262,670,592,"113Y12M"
"10008","南投縣","10008020","埔里鎮","10008020-014","溪南里",434,1266,618,648,"113Y12M"
"10008","南投縣","10008020","埔里鎮","10008020-015","桃米里",492,1046,565,481,"113Y12M"
"10008","南投縣","10008020","埔里鎮","10008020-016","成功里",132,277,164,113,"113Y12M"
"10008","南投縣","10008020","埔里鎮","10008020-017","南村里",539,1505,755,750,"113Y12M"
"10008","南投縣","10008020","埔里鎮","10008020-018","愛蘭里",634,1623,773,850,"113Y12M"
"10008","南投縣","10008020","埔里鎮","10008020-019","鐵山里",758,1960,977,983,"113Y12M"
"10008","南投縣","10008020","埔里鎮","10008020-020","房里里",526,1502,767,735,"113Y12M"
"10008","南投縣","10008020","埔里鎮","10008020-021","向善里",260,675,382,293,"113Y12M"
"10008","南投縣","10008020","埔里鎮","10008020-022","一新里",257,977,390,587,"113Y12M"
"10008","南投縣","10008020","埔里鎮","10008020-023","廣成里",424,1163,564,599,"113Y12M"
"10008","南投縣","10008020","埔里鎮","10008020-024","史港里",230,557,287,270,"113Y12M"
"10008","南投縣","10008020","埔里鎮","10008020-025","福興里",423,1053,527,526,"113Y12M"
"10008","南投縣","10008020","埔里鎮","10008020-026","牛眠里",1172,3197,1615,1582,"113Y12M"
"10008","南投縣","10008020","埔里鎮","10008020-027","大湳里",837,2063,1022,1041,"113Y12M"
"10008","南投縣","10008020","埔里鎮","10008020-028","蜈蚣里",1100,2692,1367,1325,"113Y12M"
"10008","南投縣","10008020","埔里鎮","10008020-029","合成里",622,1743,891,852,"113Y12M"
"10008","南投縣","10008020","埔里鎮","10008020-030","北安里",1349,3526,1713,1813,"113Y12M"
"10008","南投縣","10008020","埔里鎮","10008020-031","杷城里",1132,2980,1470,1510,"113Y12M"
"10008","南投縣","10008020","埔里鎮","10008020-032","北梅里",1440,3764,1819,1945,"113Y12M"
"10008","南投縣","10008020","埔里鎮","10008020-033","泰安里",905,2279,1076,1203,"113Y12M"
"10008","南投縣","10008030","草屯鎮","10008030-001","玉峰里",937,2468,1193,1275,"113Y12M"
"10008","南投縣","10008030","草屯鎮","10008030-002","炎峰里",993,2424,1170,1254,"113Y12M"
"10008","南投縣","10008030","草屯鎮","10008030-003","和平里",467,1162,577,585,"113Y12M"
"10008","南投縣","10008030","草屯鎮","10008030-004","敦和里",2675,7502,3670,3832,"113Y12M"
"10008","南投縣","10008030","草屯鎮","10008030-005","山腳里",3490,9121,4372,4749,"113Y12M"
"10008","南投縣","10008030","草屯鎮","10008030-006","富寮里",3478,8846,4368,4478,"113Y12M"
"10008","南投縣","10008030","草屯鎮","10008030-007","御史里",2593,7035,3490,3545,"113Y12M"
"10008","南投縣","10008030","草屯鎮","10008030-008","新豐里",1589,4589,2361,2228,"113Y12M"
"10008","南投縣","10008030","草屯鎮","10008030-009","碧峰里",1925,5440,2703,2737,"113Y12M"
"10008","南投縣","10008030","草屯鎮","10008030-010","碧洲里",1049,2880,1425,1455,"113Y12M"
"10008","南投縣","10008030","草屯鎮","10008030-011","復興里",1088,3146,1622,1524,"113Y12M"
"10008","南投縣","10008030","草屯鎮","10008030-012","上林里",1297,3585,1831,1754,"113Y12M"
"10008","南投縣","10008030","草屯鎮","10008030-013","新庄里",1573,4279,2149,2130,"113Y12M"
"10008","南投縣","10008030","草屯鎮","10008030-014","北投里",1192,3398,1731,1667,"113Y12M"
"10008","南投縣","10008030","草屯鎮","10008030-015","石川里",659,1777,951,826,"113Y12M"
"10008","南投縣","10008030","草屯鎮","10008030-016","加老里",852,2414,1246,1168,"113Y12M"
"10008","南投縣","10008030","草屯鎮","10008030-017","北勢里",667,1918,1037,881,"113Y12M"
"10008","南投縣","10008030","草屯鎮","10008030-018","中原里",845,2350,1211,1139,"113Y12M"
"10008","南投縣","10008030","草屯鎮","10008030-019","南埔里",1721,4716,2404,2312,"113Y12M"
"10008","南投縣","10008030","草屯鎮","10008030-020","土城里",672,1742,916,826,"113Y12M"
"10008","南投縣","10008030","草屯鎮","10008030-021","坪頂里",406,1084,574,510,"113Y12M"
"10008","南投縣","10008030","草屯鎮","10008030-022","雙冬里",924,2414,1271,1143,"113Y12M"
"10008","南投縣","10008030","草屯鎮","10008030-023","平林里",401,1154,605,549,"113Y12M"
"10008","南投縣","10008030","草屯鎮","10008030-024","中正里",298,687,357,330,"113Y12M"
"10008","南投縣","10008030","草屯鎮","10008030-025","中山里",1120,2805,1377,1428,"113Y12M"
"10008","南投縣","10008030","草屯鎮","10008030-026","明正里",1652,4317,2078,2239,"113Y12M"
"10008","南投縣","10008030","草屯鎮","10008030-027","新厝里",1521,3894,1872,2022,"113Y12M"
"10008","南投縣","10008040","竹山鎮","10008040-001","竹山里",943,2099,1027,1072,"113Y12M"
"10008","南投縣","10008040","竹山鎮","10008040-002","中正里",280,575,294,281,"113Y12M"
"10008","南投縣","10008040","竹山鎮","10008040-003","中山里",2173,5364,2698,2666,"113Y12M"
"10008","南投縣","10008040","竹山鎮","10008040-004","雲林里",1660,3835,1878,1957,"113Y12M"
"10008","南投縣","10008040","竹山鎮","10008040-005","?[?]里",812,2056,1034,1022,"113Y12M"
"10008","南投縣","10008040","竹山鎮","10008040-006","下坪里",558,1349,703,646,"113Y12M"
"10008","南投縣","10008040","竹山鎮","10008040-007","桂林里",1621,4147,2087,2060,"113Y12M"
"10008","南投縣","10008040","竹山鎮","10008040-008","中和里",347,878,490,388,"113Y12M"
"10008","南投縣","10008040","竹山鎮","10008040-009","中崎里",648,1576,804,772,"113Y12M"
"10008","南投縣","10008040","竹山鎮","10008040-010","德興里",362,930,449,481,"113Y12M"
"10008","南投縣","10008040","竹山鎮","10008040-011","延平里",1256,3027,1570,1457,"113Y12M"
"10008","南投縣","10008040","竹山鎮","10008040-012","延正里",686,1821,927,894,"113Y12M"
"10008","南投縣","10008040","竹山鎮","10008040-013","延山里",347,865,459,406,"113Y12M"
"10008","南投縣","10008040","竹山鎮","10008040-014","延和里",2129,5579,2745,2834,"113Y12M"
"10008","南投縣","10008040","竹山鎮","10008040-015","山崇里",748,1920,997,923,"113Y12M"
"10008","南投縣","10008040","竹山鎮","10008040-016","社寮里",486,1498,771,727,"113Y12M"
"10008","南投縣","10008040","竹山鎮","10008040-017","中央里",480,1119,591,528,"113Y12M"
"10008","南投縣","10008040","竹山鎮","10008040-018","富州里",269,604,335,269,"113Y12M"
"10008","南投縣","10008040","竹山鎮","10008040-019","大鞍里",240,399,213,186,"113Y12M"
"10008","南投縣","10008040","竹山鎮","10008040-020","田子里",249,559,300,259,"113Y12M"
"10008","南投縣","10008040","竹山鎮","10008040-021","福興里",268,591,333,258,"113Y12M"
"10008","南投縣","10008040","竹山鎮","10008040-022","鯉魚里",328,778,424,354,"113Y12M"
"10008","南投縣","10008040","竹山鎮","10008040-023","瑞竹里",262,552,321,231,"113Y12M"
"10008","南投縣","10008040","竹山鎮","10008040-024","坪頂里",189,445,244,201,"113Y12M"
"10008","南投縣","10008040","竹山鎮","10008040-025","桶頭里",367,875,482,393,"113Y12M"
"10008","南投縣","10008040","竹山鎮","10008040-026","秀林里",289,671,367,304,"113Y12M"
"10008","南投縣","10008040","竹山鎮","10008040-027","延祥里",1543,4002,2013,1989,"113Y12M"
"10008","南投縣","10008040","竹山鎮","10008040-028","竹圍里",1048,2511,1189,1322,"113Y12M"
"10008","南投縣","10008050","集集鎮","10008050-001","集集里",488,1142,591,551,"113Y12M"
"10008","南投縣","10008050","集集鎮","10008050-002","和平里",410,993,504,489,"113Y12M"
"10008","南投縣","10008050","集集鎮","10008050-003","林尾里",245,550,307,243,"113Y12M"
"10008","南投縣","10008050","集集鎮","10008050-004","田寮里",493,1174,643,531,"113Y12M"
"10008","南投縣","10008050","集集鎮","10008050-005","隘寮里",218,491,274,217,"113Y12M"
"10008","南投縣","10008050","集集鎮","10008050-006","玉映里",238,532,261,271,"113Y12M"
"10008","南投縣","10008050","集集鎮","10008050-007","吳厝里",440,890,454,436,"113Y12M"
"10008","南投縣","10008050","集集鎮","10008050-008","八張里",657,1506,759,747,"113Y12M"
"10008","南投縣","10008050","集集鎮","10008050-009","永昌里",428,1024,524,500,"113Y12M"
"10008","南投縣","10008050","集集鎮","10008050-010","富山里",228,554,304,250,"113Y12M"
"10008","南投縣","10008050","集集鎮","10008050-011","廣明里",392,920,473,447,"113Y12M"
"10008","南投縣","10008060","名間鄉","10008060-001","南雅村",438,1109,565,544,"113Y12M"
"10008","南投縣","10008060","名間鄉","10008060-002","中正村",1410,3732,1893,1839,"113Y12M"
"10008","南投縣","10008060","名間鄉","10008060-003","中山村",868,2422,1272,1150,"113Y12M"
"10008","南投縣","10008060","名間鄉","10008060-004","濁水村",644,1696,924,772,"113Y12M"
"10008","南投縣","10008060","名間鄉","10008060-005","炭寮村",356,995,533,462,"113Y12M"
"10008","南投縣","10008060","名間鄉","10008060-006","新民村",391,1048,574,474,"113Y12M"
"10008","南投縣","10008060","名間鄉","10008060-007","新街村",1725,4646,2390,2256,"113Y12M"
"10008","南投縣","10008060","名間鄉","10008060-008","東湖村",611,1676,884,792,"113Y12M"
"10008","南投縣","10008060","名間鄉","10008060-009","萬丹村",351,927,507,420,"113Y12M"
"10008","南投縣","10008060","名間鄉","10008060-010","田仔村",486,1348,757,591,"113Y12M"
"10008","南投縣","10008060","名間鄉","10008060-011","大庄村",695,1855,977,878,"113Y12M"
"10008","南投縣","10008060","名間鄉","10008060-012","?下村",359,951,509,442,"113Y12M"
"10008","南投縣","10008060","名間鄉","10008060-013","大坑村",264,729,374,355,"113Y12M"
"10008","南投縣","10008060","名間鄉","10008060-014","竹圍村",344,953,515,438,"113Y12M"
"10008","南投縣","10008060","名間鄉","10008060-015","赤水村",457,1185,641,544,"113Y12M"
"10008","南投縣","10008060","名間鄉","10008060-016","三崙村",591,1658,871,787,"113Y12M"
"10008","南投縣","10008060","名間鄉","10008060-017","松山村",594,1607,820,787,"113Y12M"
"10008","南投縣","10008060","名間鄉","10008060-018","松柏村",448,1280,669,611,"113Y12M"
"10008","南投縣","10008060","名間鄉","10008060-019","埔中村",328,862,474,388,"113Y12M"
"10008","南投縣","10008060","名間鄉","10008060-020","崁腳村",333,914,479,435,"113Y12M"
"10008","南投縣","10008060","名間鄉","10008060-021","新厝村",310,772,426,346,"113Y12M"
"10008","南投縣","10008060","名間鄉","10008060-022","新光村",684,1856,1006,850,"113Y12M"
"10008","南投縣","10008060","名間鄉","10008060-023","仁和村",324,912,456,456,"113Y12M"
"10008","南投縣","10008070","鹿谷鄉","10008070-001","鹿谷村",976,1937,975,962,"113Y12M"
"10008","南投縣","10008070","鹿谷鄉","10008070-002","初鄉村",734,1436,763,673,"113Y12M"
"10008","南投縣","10008070","鹿谷鄉","10008070-003","彰雅村",600,1304,650,654,"113Y12M"
"10008","南投縣","10008070","鹿谷鄉","10008070-004","廣興村",990,2008,1041,967,"113Y12M"
"10008","南投縣","10008070","鹿谷鄉","10008070-005","內湖村",476,1043,555,488,"113Y12M"
"10008","南投縣","10008070","鹿谷鄉","10008070-006","竹林村",731,1531,841,690,"113Y12M"
"10008","南投縣","10008070","鹿谷鄉","10008070-007","竹豐村",463,894,500,394,"113Y12M"
"10008","南投縣","10008070","鹿谷鄉","10008070-008","和雅村",298,632,354,278,"113Y12M"
"10008","南投縣","10008070","鹿谷鄉","10008070-009","鳳凰村",627,1345,710,635,"113Y12M"
"10008","南投縣","10008070","鹿谷鄉","10008070-010","永隆村",843,1593,865,728,"113Y12M"
"10008","南投縣","10008070","鹿谷鄉","10008070-011","秀峰村",396,753,423,330,"113Y12M"
"10008","南投縣","10008070","鹿谷鄉","10008070-012","清水村",347,635,366,269,"113Y12M"
"10008","南投縣","10008070","鹿谷鄉","10008070-013","瑞田村",300,721,400,321,"113Y12M"
"10008","南投縣","10008080","中寮鄉","10008080-001","廣興村",337,770,419,351,"113Y12M"
"10008","南投縣","10008080","中寮鄉","10008080-002","崁頂村",206,465,275,190,"113Y12M"
"10008","南投縣","10008080","中寮鄉","10008080-003","八仙村",342,796,434,362,"113Y12M"
"10008","南投縣","10008080","中寮鄉","10008080-004","和興村",277,622,352,270,"113Y12M"
"10008","南投縣","10008080","中寮鄉","10008080-005","福盛村",313,648,375,273,"113Y12M"
"10008","南投縣","10008080","中寮鄉","10008080-006","永平村",732,1825,942,883,"113Y12M"
"10008","南投縣","10008080","中寮鄉","10008080-007","復興村",113,265,145,120,"113Y12M"
"10008","南投縣","10008080","中寮鄉","10008080-008","中寮村",248,639,352,287,"113Y12M"
"10008","南投縣","10008080","中寮鄉","10008080-009","廣福村",216,500,282,218,"113Y12M"
"10008","南投縣","10008080","中寮鄉","10008080-010","永福村",582,1408,729,679,"113Y12M"
"10008","南投縣","10008080","中寮鄉","10008080-011","義和村",412,1104,592,512,"113Y12M"
"10008","南投縣","10008080","中寮鄉","10008080-012","清水村",357,886,485,401,"113Y12M"
"10008","南投縣","10008080","中寮鄉","10008080-013","龍安村",292,694,390,304,"113Y12M"
"10008","南投縣","10008080","中寮鄉","10008080-014","龍岩村",278,674,368,306,"113Y12M"
"10008","南投縣","10008080","中寮鄉","10008080-015","永和村",225,507,293,214,"113Y12M"
"10008","南投縣","10008080","中寮鄉","10008080-016","內城村",212,469,267,202,"113Y12M"
"10008","南投縣","10008080","中寮鄉","10008080-017","永芳村",195,474,263,211,"113Y12M"
"10008","南投縣","10008080","中寮鄉","10008080-018","爽文村",203,448,260,188,"113Y12M"
"10008","南投縣","10008090","魚池鄉","10008090-001","東池村",660,1664,890,774,"113Y12M"
"10008","南投縣","10008090","魚池鄉","10008090-002","魚池村",827,2107,1051,1056,"113Y12M"
"10008","南投縣","10008090","魚池鄉","10008090-003","中明村",404,1020,540,480,"113Y12M"
"10008","南投縣","10008090","魚池鄉","10008090-004","新城村",556,1473,768,705,"113Y12M"
"10008","南投縣","10008090","魚池鄉","10008090-005","大林村",426,1097,588,509,"113Y12M"
"10008","南投縣","10008090","魚池鄉","10008090-006","東光村",517,1323,723,600,"113Y12M"
"10008","南投縣","10008090","魚池鄉","10008090-007","共和村",381,1063,557,506,"113Y12M"
"10008","南投縣","10008090","魚池鄉","10008090-008","大雁村",272,635,347,288,"113Y12M"
"10008","南投縣","10008090","魚池鄉","10008090-009","五城村",281,739,417,322,"113Y12M"
"10008","南投縣","10008090","魚池鄉","10008090-010","水社村",356,894,449,445,"113Y12M"
"10008","南投縣","10008090","魚池鄉","10008090-011","頭社村",366,925,518,407,"113Y12M"
"10008","南投縣","10008090","魚池鄉","10008090-012","武登村",271,544,298,246,"113Y12M"
"10008","南投縣","10008090","魚池鄉","10008090-013","日月村",356,930,447,483,"113Y12M"
"10008","南投縣","10008100","國姓鄉","10008100-001","國姓村",762,1771,918,853,"113Y12M"
"10008","南投縣","10008100","國姓鄉","10008100-002","石門村",795,1873,975,898,"113Y12M"
"10008","南投縣","10008100","國姓鄉","10008100-003","大旗村",302,679,388,291,"113Y12M"
"10008","南投縣","10008100","國姓鄉","10008100-004","北港村",818,1844,1007,837,"113Y12M"
"10008","南投縣","10008100","國姓鄉","10008100-005","長流村",577,1384,739,645,"113Y12M"
"10008","南投縣","10008100","國姓鄉","10008100-006","長福村",355,722,393,329,"113Y12M"
"10008","南投縣","10008100","國姓鄉","10008100-007","福龜村",742,1797,935,862,"113Y12M"
"10008","南投縣","10008100","國姓鄉","10008100-008","乾溝村",334,766,437,329,"113Y12M"
"10008","南投縣","10008100","國姓鄉","10008100-009","柑林村",469,1146,609,537,"113Y12M"
"10008","南投縣","10008100","國姓鄉","10008100-010","北山村",579,1483,796,687,"113Y12M"
"10008","南投縣","10008100","國姓鄉","10008100-011","南港村",640,1552,895,657,"113Y12M"
"10008","南投縣","10008100","國姓鄉","10008100-012","大石村",300,671,375,296,"113Y12M"
"10008","南投縣","10008100","國姓鄉","10008100-013","長豐村",372,766,436,330,"113Y12M"
"10008","南投縣","10008110","水里鄉","10008110-001","水里村",325,722,406,316,"113Y12M"
"10008","南投縣","10008110","水里鄉","10008110-002","農富村",198,429,213,216,"113Y12M"
"10008","南投縣","10008110","水里鄉","10008110-003","新城村",661,1562,816,746,"113Y12M"
"10008","南投縣","10008110","水里鄉","10008110-004","中央村",288,593,297,296,"113Y12M"
"10008","南投縣","10008110","水里鄉","10008110-005","城中村",455,913,475,438,"113Y12M"
"10008","南投縣","10008110","水里鄉","10008110-006","北埔村",524,1146,581,565,"113Y12M"
"10008","南投縣","10008110","水里鄉","10008110-007","鉅工村",415,937,453,484,"113Y12M"
"10008","南投縣","10008110","水里鄉","10008110-008","永豐村",574,1447,735,712,"113Y12M"
"10008","南投縣","10008110","水里鄉","10008110-009","頂崁村",573,1326,655,671,"113Y12M"
"10008","南投縣","10008110","水里鄉","10008110-010","車埕村",212,431,240,191,"113Y12M"
"10008","南投縣","10008110","水里鄉","10008110-011","新興村",295,643,350,293,"113Y12M"
"10008","南投縣","10008110","水里鄉","10008110-012","新山村",83,205,119,86,"113Y12M"
"10008","南投縣","10008110","水里鄉","10008110-013","郡坑村",163,335,193,142,"113Y12M"
"10008","南投縣","10008110","水里鄉","10008110-014","上安村",531,1077,579,498,"113Y12M"
"10008","南投縣","10008110","水里鄉","10008110-015","民和村",407,818,470,348,"113Y12M"
"10008","南投縣","10008110","水里鄉","10008110-016","永興村",151,321,173,148,"113Y12M"
"10008","南投縣","10008110","水里鄉","10008110-017","玉峰村",383,871,476,395,"113Y12M"
"10008","南投縣","10008110","水里鄉","10008110-018","興隆村",124,257,157,100,"113Y12M"
"10008","南投縣","10008110","水里鄉","10008110-019","南光村",708,1767,872,895,"113Y12M"
"10008","南投縣","10008120","信義鄉","10008120-001","人和村",420,1446,782,664,"113Y12M"
"10008","南投縣","10008120","信義鄉","10008120-002","地利村",348,1153,588,565,"113Y12M"
"10008","南投縣","10008120","信義鄉","10008120-003","潭南村",225,794,402,392,"113Y12M"
"10008","南投縣","10008120","信義鄉","10008120-004","明德村",638,1541,796,745,"113Y12M"
"10008","南投縣","10008120","信義鄉","10008120-005","愛國村",212,500,295,205,"113Y12M"
"10008","南投縣","10008120","信義鄉","10008120-006","自強村",294,687,379,308,"113Y12M"
"10008","南投縣","10008120","信義鄉","10008120-007","羅娜村",522,1619,865,754,"113Y12M"
"10008","南投縣","10008120","信義鄉","10008120-008","望美村",375,1147,598,549,"113Y12M"
"10008","南投縣","10008120","信義鄉","10008120-009","同富村",612,1569,859,710,"113Y12M"
"10008","南投縣","10008120","信義鄉","10008120-010","神木村",282,641,382,259,"113Y12M"
"10008","南投縣","10008120","信義鄉","10008120-011","東埔村",367,1152,599,553,"113Y12M"
"10008","南投縣","10008120","信義鄉","10008120-012","雙龍村",217,758,403,355,"113Y12M"
"10008","南投縣","10008120","信義鄉","10008120-013","新鄉村",222,752,405,347,"113Y12M"
"10008","南投縣","10008120","信義鄉","10008120-014","豐丘村",272,728,376,352,"113Y12M"
"10008","南投縣","10008120","信義鄉","10008120-015","卡里布安村",253,682,358,324,"113Y12M"
"10008","南投縣","10008130","仁愛鄉","10008130-001","法治村",256,1143,607,536,"113Y12M"
"10008","南投縣","10008130","仁愛鄉","10008130-002","中正村",324,1201,568,633,"113Y12M"
"10008","南投縣","10008130","仁愛鄉","10008130-003","互助村",466,1453,737,716,"113Y12M"
"10008","南投縣","10008130","仁愛鄉","10008130-004","新生村",152,467,231,236,"113Y12M"
"10008","南投縣","10008130","仁愛鄉","10008130-005","力行村",191,618,311,307,"113Y12M"
"10008","南投縣","10008130","仁愛鄉","10008130-006","發祥村",340,899,480,419,"113Y12M"
"10008","南投縣","10008130","仁愛鄉","10008130-008","親愛村",465,1415,752,663,"113Y12M"
"10008","南投縣","10008130","仁愛鄉","10008130-009","大同村",669,1791,918,873,"113Y12M"
"10008","南投縣","10008130","仁愛鄉","10008130-010","南豐村",469,1481,767,714,"113Y12M"
"10008","南投縣","10008130","仁愛鄉","10008130-011","春陽村",360,1197,601,596,"113Y12M"
"10008","南投縣","10008130","仁愛鄉","10008130-012","精英村",263,767,403,364,"113Y12M"
"10008","南投縣","10008130","仁愛鄉","10008130-013","萬豐村",221,864,431,433,"113Y12M"
"10008","南投縣","10008130","仁愛鄉","10008130-014","榮興村",22,35,22,13,"113Y12M"
"10008","南投縣","10008130","仁愛鄉","10008130-015","翠華村",232,567,302,265,"113Y12M"
"10008","南投縣","10008130","仁愛鄉","10008130-016","都達村",240,750,396,354,"113Y12M"
"10008","南投縣","10008130","仁愛鄉","10008130-017","德鹿谷村",226,762,386,376,"113Y12M"
"10009","雲林縣","10009010","斗六市","10009010-001","忠孝里",689,1651,803,848,"113Y12M"
"10009","雲林縣","10009010","斗六市","10009010-002","仁愛里",525,1353,642,711,"113Y12M"
"10009","雲林縣","10009010","斗六市","10009010-003","信義里",329,697,347,350,"113Y12M"
"10009","雲林縣","10009010","斗六市","10009010-004","四維里",296,640,305,335,"113Y12M"
"10009","雲林縣","10009010","斗六市","10009010-005","太平里",395,994,486,508,"113Y12M"
"10009","雲林縣","10009010","斗六市","10009010-006","中和里",356,806,434,372,"113Y12M"
"10009","雲林縣","10009010","斗六市","10009010-007","光興里",416,771,374,397,"113Y12M"
"10009","雲林縣","10009010","斗六市","10009010-008","三平里",2391,6113,2845,3268,"113Y12M"
"10009","雲林縣","10009010","斗六市","10009010-009","八德里",1464,3912,1962,1950,"113Y12M"
"10009","雲林縣","10009010","斗六市","10009010-010","鎮北里",1240,3181,1491,1690,"113Y12M"
"10009","雲林縣","10009010","斗六市","10009010-011","龍潭里",956,2099,1048,1051,"113Y12M"
"10009","雲林縣","10009010","斗六市","10009010-012","鎮南里",1723,4026,1892,2134,"113Y12M"
"10009","雲林縣","10009010","斗六市","10009010-013","林頭里",1800,4780,2387,2393,"113Y12M"
"10009","雲林縣","10009010","斗六市","10009010-014","重光里",973,2603,1311,1292,"113Y12M"
"10009","雲林縣","10009010","斗六市","10009010-015","溝埧里",278,735,374,361,"113Y12M"
"10009","雲林縣","10009010","斗六市","10009010-016","江厝里",965,2623,1273,1350,"113Y12M"
"10009","雲林縣","10009010","斗六市","10009010-017","三光里",238,548,287,261,"113Y12M"
"10009","雲林縣","10009010","斗六市","10009010-018","崙?里",1173,2827,1383,1444,"113Y12M"
"10009","雲林縣","10009010","斗六市","10009010-019","嘉東里",721,1860,915,945,"113Y12M"
"10009","雲林縣","10009010","斗六市","10009010-020","久安里",1018,2670,1385,1285,"113Y12M"
"10009","雲林縣","10009010","斗六市","10009010-021","長平里",835,2193,1115,1078,"113Y12M"
"10009","雲林縣","10009010","斗六市","10009010-022","保庄里",2427,6532,3237,3295,"113Y12M"
"10009","雲林縣","10009010","斗六市","10009010-023","虎溪里",1411,3866,1951,1915,"113Y12M"
"10009","雲林縣","10009010","斗六市","10009010-024","梅林里",728,2063,1081,982,"113Y12M"
"10009","雲林縣","10009010","斗六市","10009010-025","湖山里",439,1180,649,531,"113Y12M"
"10009","雲林縣","10009010","斗六市","10009010-026","榴中里",1947,5236,2582,2654,"113Y12M"
"10009","雲林縣","10009010","斗六市","10009010-027","榴北里",421,1209,644,565,"113Y12M"
"10009","雲林縣","10009010","斗六市","10009010-028","榴南里",978,2715,1343,1372,"113Y12M"
"10009","雲林縣","10009010","斗六市","10009010-029","溪洲里",1362,3675,1884,1791,"113Y12M"
"10009","雲林縣","10009010","斗六市","10009010-030","長安里",1589,4217,2117,2100,"113Y12M"
"10009","雲林縣","10009010","斗六市","10009010-031","十三里",503,1322,688,634,"113Y12M"
"10009","雲林縣","10009010","斗六市","10009010-032","鎮東里",1102,2852,1351,1501,"113Y12M"
"10009","雲林縣","10009010","斗六市","10009010-033","鎮西里",1904,4377,2183,2194,"113Y12M"
"10009","雲林縣","10009010","斗六市","10009010-034","公正里",1511,3860,1781,2079,"113Y12M"
"10009","雲林縣","10009010","斗六市","10009010-035","社口里",1113,2586,1206,1380,"113Y12M"
"10009","雲林縣","10009010","斗六市","10009010-036","公誠里",1106,2627,1269,1358,"113Y12M"
"10009","雲林縣","10009010","斗六市","10009010-037","明德里",1756,4752,2340,2412,"113Y12M"
"10009","雲林縣","10009010","斗六市","10009010-038","成功里",1258,3686,1754,1932,"113Y12M"
"10009","雲林縣","10009010","斗六市","10009010-039","文化里",1097,2887,1421,1466,"113Y12M"
"10009","雲林縣","10009010","斗六市","10009010-040","正心里",943,2358,1123,1235,"113Y12M"
"10009","雲林縣","10009020","斗南鎮","10009020-001","東仁里",523,1306,635,671,"113Y12M"
"10009","雲林縣","10009020","斗南鎮","10009020-002","西岐里",983,2473,1198,1275,"113Y12M"
"10009","雲林縣","10009020","斗南鎮","10009020-003","南昌里",1236,2628,1224,1404,"113Y12M"
"10009","雲林縣","10009020","斗南鎮","10009020-004","北銘里",629,1650,770,880,"113Y12M"
"10009","雲林縣","10009020","斗南鎮","10009020-005","中天里",562,1319,665,654,"113Y12M"
"10009","雲林縣","10009020","斗南鎮","10009020-006","舊社里",1199,3251,1630,1621,"113Y12M"
"10009","雲林縣","10009020","斗南鎮","10009020-007","林子里",524,1426,721,705,"113Y12M"
"10009","雲林縣","10009020","斗南鎮","10009020-008","石龜里",307,811,433,378,"113Y12M"
"10009","雲林縣","10009020","斗南鎮","10009020-009","靖興里",366,903,507,396,"113Y12M"
"10009","雲林縣","10009020","斗南鎮","10009020-010","新南里",337,808,423,385,"113Y12M"
"10009","雲林縣","10009020","斗南鎮","10009020-011","阿丹里",468,1170,632,538,"113Y12M"
"10009","雲林縣","10009020","斗南鎮","10009020-012","將軍里",715,1818,929,889,"113Y12M"
"10009","雲林縣","10009020","斗南鎮","10009020-013","東明里",391,1014,531,483,"113Y12M"
"10009","雲林縣","10009020","斗南鎮","10009020-014","新光里",1215,3222,1662,1560,"113Y12M"
"10009","雲林縣","10009020","斗南鎮","10009020-015","田頭里",898,2421,1283,1138,"113Y12M"
"10009","雲林縣","10009020","斗南鎮","10009020-016","明昌里",1681,4142,2042,2100,"113Y12M"
"10009","雲林縣","10009020","斗南鎮","10009020-017","大東里",389,961,512,449,"113Y12M"
"10009","雲林縣","10009020","斗南鎮","10009020-018","埤麻里",333,841,437,404,"113Y12M"
"10009","雲林縣","10009020","斗南鎮","10009020-019","西伯里",371,915,498,417,"113Y12M"
"10009","雲林縣","10009020","斗南鎮","10009020-020","新崙里",618,1545,841,704,"113Y12M"
"10009","雲林縣","10009020","斗南鎮","10009020-021","小東里",597,1589,815,774,"113Y12M"
"10009","雲林縣","10009020","斗南鎮","10009020-022","石溪里",317,858,477,381,"113Y12M"
"10009","雲林縣","10009020","斗南鎮","10009020-023","大同里",1421,3587,1678,1909,"113Y12M"
"10009","雲林縣","10009020","斗南鎮","10009020-024","僑真里",1075,2851,1430,1421,"113Y12M"
"10009","雲林縣","10009030","虎尾鎮","10009030-001","中山里",422,1020,497,523,"113Y12M"
"10009","雲林縣","10009030","虎尾鎮","10009030-002","新興里",949,1957,1012,945,"113Y12M"
"10009","雲林縣","10009030","虎尾鎮","10009030-003","東仁里",1204,3218,1550,1668,"113Y12M"
"10009","雲林縣","10009030","虎尾鎮","10009030-004","公安里",1390,3524,1689,1835,"113Y12M"
"10009","雲林縣","10009030","虎尾鎮","10009030-005","德興里",1257,3047,1463,1584,"113Y12M"
"10009","雲林縣","10009030","虎尾鎮","10009030-006","西安里",1507,3574,1704,1870,"113Y12M"
"10009","雲林縣","10009030","虎尾鎮","10009030-007","安慶里",631,1481,737,744,"113Y12M"
"10009","雲林縣","10009030","虎尾鎮","10009030-008","平和里",2276,6143,3012,3131,"113Y12M"
"10009","雲林縣","10009030","虎尾鎮","10009030-009","興南里",1058,2754,1417,1337,"113Y12M"
"10009","雲林縣","10009030","虎尾鎮","10009030-010","新吉里",1868,4833,2334,2499,"113Y12M"
"10009","雲林縣","10009030","虎尾鎮","10009030-011","穎川里",928,2464,1229,1235,"113Y12M"
"10009","雲林縣","10009030","虎尾鎮","10009030-012","延平里",495,1334,690,644,"113Y12M"
"10009","雲林縣","10009030","虎尾鎮","10009030-013","三合里",635,1607,840,767,"113Y12M"
"10009","雲林縣","10009030","虎尾鎮","10009030-014","北溪里",329,1045,548,497,"113Y12M"
"10009","雲林縣","10009030","虎尾鎮","10009030-015","墾地里",1590,3177,1509,1668,"113Y12M"
"10009","雲林縣","10009030","虎尾鎮","10009030-016","西屯里",613,1661,863,798,"113Y12M"
"10009","雲林縣","10009030","虎尾鎮","10009030-017","芳草里",374,1012,561,451,"113Y12M"
"10009","雲林縣","10009030","虎尾鎮","10009030-018","埒內里",1091,2890,1481,1409,"113Y12M"
"10009","雲林縣","10009030","虎尾鎮","10009030-019","堀頭里",390,978,498,480,"113Y12M"
"10009","雲林縣","10009030","虎尾鎮","10009030-020","安溪里",706,1911,952,959,"113Y12M"
"10009","雲林縣","10009030","虎尾鎮","10009030-021","興中里",763,1827,961,866,"113Y12M"
"10009","雲林縣","10009030","虎尾鎮","10009030-022","廉使里",1810,4478,2263,2215,"113Y12M"
"10009","雲林縣","10009030","虎尾鎮","10009030-023","惠來里",981,2571,1327,1244,"113Y12M"
"10009","雲林縣","10009030","虎尾鎮","10009030-024","頂溪里",992,2838,1498,1340,"113Y12M"
"10009","雲林縣","10009030","虎尾鎮","10009030-025","中溪里",521,1456,767,689,"113Y12M"
"10009","雲林縣","10009030","虎尾鎮","10009030-026","下溪里",581,1680,890,790,"113Y12M"
"10009","雲林縣","10009030","虎尾鎮","10009030-027","建國里",342,652,368,284,"113Y12M"
"10009","雲林縣","10009030","虎尾鎮","10009030-028","立仁里",1794,4375,2113,2262,"113Y12M"
"10009","雲林縣","10009030","虎尾鎮","10009030-029","東屯里",492,1397,746,651,"113Y12M"
"10009","雲林縣","10009040","西螺鎮","10009040-001","振興里",560,1667,845,822,"113Y12M"
"10009","雲林縣","10009040","西螺鎮","10009040-002","大園里",776,2091,1007,1084,"113Y12M"
"10009","雲林縣","10009040","西螺鎮","10009040-003","廣福里",956,2560,1223,1337,"113Y12M"
"10009","雲林縣","10009040","西螺鎮","10009040-004","正興里",1292,3347,1648,1699,"113Y12M"
"10009","雲林縣","10009040","西螺鎮","10009040-005","永安里",144,335,161,174,"113Y12M"
"10009","雲林縣","10009040","西螺鎮","10009040-006","中和里",260,601,298,303,"113Y12M"
"10009","雲林縣","10009040","西螺鎮","10009040-007","福興里",272,642,315,327,"113Y12M"
"10009","雲林縣","10009040","西螺鎮","10009040-008","光華里",483,1252,584,668,"113Y12M"
"10009","雲林縣","10009040","西螺鎮","10009040-009","中興里",1397,3822,1856,1966,"113Y12M"
"10009","雲林縣","10009040","西螺鎮","10009040-010","漢光里",2174,6058,2869,3189,"113Y12M"
"10009","雲林縣","10009040","西螺鎮","10009040-011","新安里",442,1370,707,663,"113Y12M"
"10009","雲林縣","10009040","西螺鎮","10009040-012","新豐里",579,1639,841,798,"113Y12M"
"10009","雲林縣","10009040","西螺鎮","10009040-013","詔安里",444,1130,559,571,"113Y12M"
"10009","雲林縣","10009040","西螺鎮","10009040-014","河南里",496,1314,674,640,"113Y12M"
"10009","雲林縣","10009040","西螺鎮","10009040-015","安定里",674,2081,1065,1016,"113Y12M"
"10009","雲林縣","10009040","西螺鎮","10009040-016","福田里",516,1645,860,785,"113Y12M"
"10009","雲林縣","10009040","西螺鎮","10009040-017","大新里",611,1748,934,814,"113Y12M"
"10009","雲林縣","10009040","西螺鎮","10009040-018","埤頭里",308,941,479,462,"113Y12M"
"10009","雲林縣","10009040","西螺鎮","10009040-019","東興里",368,1001,529,472,"113Y12M"
"10009","雲林縣","10009040","西螺鎮","10009040-020","廣興里",340,921,478,443,"113Y12M"
"10009","雲林縣","10009040","西螺鎮","10009040-021","鹿場里",546,1559,812,747,"113Y12M"
"10009","雲林縣","10009040","西螺鎮","10009040-022","頂湳里",369,1032,544,488,"113Y12M"
"10009","雲林縣","10009040","西螺鎮","10009040-023","下湳里",305,912,482,430,"113Y12M"
"10009","雲林縣","10009040","西螺鎮","10009040-024","九隆里",273,790,406,384,"113Y12M"
"10009","雲林縣","10009040","西螺鎮","10009040-025","吳厝里",483,1394,731,663,"113Y12M"
"10009","雲林縣","10009040","西螺鎮","10009040-026","七座里",335,946,488,458,"113Y12M"
"10009","雲林縣","10009040","西螺鎮","10009040-027","公?里",515,1515,818,697,"113Y12M"
"10009","雲林縣","10009050","土庫鎮","10009050-001","忠正里",352,834,410,424,"113Y12M"
"10009","雲林縣","10009050","土庫鎮","10009050-002","順天里",361,985,521,464,"113Y12M"
"10009","雲林縣","10009050","土庫鎮","10009050-003","宮北里",608,1556,794,762,"113Y12M"
"10009","雲林縣","10009050","土庫鎮","10009050-004","越港里",500,1313,664,649,"113Y12M"
"10009","雲林縣","10009050","土庫鎮","10009050-005","溪邊里",476,1240,651,589,"113Y12M"
"10009","雲林縣","10009050","土庫鎮","10009050-006","興新里",583,1598,826,772,"113Y12M"
"10009","雲林縣","10009050","土庫鎮","10009050-007","奮起里",503,1304,722,582,"113Y12M"
"10009","雲林縣","10009050","土庫鎮","10009050-008","埤腳里",490,1252,695,557,"113Y12M"
"10009","雲林縣","10009050","土庫鎮","10009050-009","大荖里",355,944,488,456,"113Y12M"
"10009","雲林縣","10009050","土庫鎮","10009050-010","石廟里",1413,3898,1896,2002,"113Y12M"
"10009","雲林縣","10009050","土庫鎮","10009050-011","東平里",676,2036,1088,948,"113Y12M"
"10009","雲林縣","10009050","土庫鎮","10009050-012","南平里",676,1949,978,971,"113Y12M"
"10009","雲林縣","10009050","土庫鎮","10009050-013","北平里",308,888,470,418,"113Y12M"
"10009","雲林縣","10009050","土庫鎮","10009050-014","西平里",676,1846,1000,846,"113Y12M"
"10009","雲林縣","10009050","土庫鎮","10009050-015","後埔里",907,2603,1386,1217,"113Y12M"
"10009","雲林縣","10009050","土庫鎮","10009050-016","崙內里",611,1653,864,789,"113Y12M"
"10009","雲林縣","10009050","土庫鎮","10009050-017","新庄里",517,1462,772,690,"113Y12M"
"10009","雲林縣","10009060","北港鎮","10009060-001","東陽里",373,750,403,347,"113Y12M"
"10009","雲林縣","10009060","北港鎮","10009060-002","光民里",365,718,370,348,"113Y12M"
"10009","雲林縣","10009060","北港鎮","10009060-003","東華里",236,422,233,189,"113Y12M"
"10009","雲林縣","10009060","北港鎮","10009060-004","南安里",423,897,481,416,"113Y12M"
"10009","雲林縣","10009060","北港鎮","10009060-005","中和里",170,335,181,154,"113Y12M"
"10009","雲林縣","10009060","北港鎮","10009060-006","義民里",206,408,201,207,"113Y12M"
"10009","雲林縣","10009060","北港鎮","10009060-007","共榮里",201,403,214,189,"113Y12M"
"10009","雲林縣","10009060","北港鎮","10009060-008","西勢里",572,1088,541,547,"113Y12M"
"10009","雲林縣","10009060","北港鎮","10009060-009","仁和里",256,458,245,213,"113Y12M"
"10009","雲林縣","10009060","北港鎮","10009060-010","賜福里",163,318,173,145,"113Y12M"
"10009","雲林縣","10009060","北港鎮","10009060-011","公?里",274,539,283,256,"113Y12M"
"10009","雲林縣","10009060","北港鎮","10009060-012","大同里",595,1218,644,574,"113Y12M"
"10009","雲林縣","10009060","北港鎮","10009060-013","仁安里",243,460,229,231,"113Y12M"
"10009","雲林縣","10009060","北港鎮","10009060-014","華勝里",2421,5553,2809,2744,"113Y12M"
"10009","雲林縣","10009060","北港鎮","10009060-015","光復里",898,1989,947,1042,"113Y12M"
"10009","雲林縣","10009060","北港鎮","10009060-016","新街里",3217,7896,3845,4051,"113Y12M"
"10009","雲林縣","10009060","北港鎮","10009060-017","劉厝里",477,1206,620,586,"113Y12M"
"10009","雲林縣","10009060","北港鎮","10009060-018","府番里",337,808,433,375,"113Y12M"
"10009","雲林縣","10009060","北港鎮","10009060-019","草湖里",565,1496,804,692,"113Y12M"
"10009","雲林縣","10009060","北港鎮","10009060-020","溝皂里",494,1183,675,508,"113Y12M"
"10009","雲林縣","10009060","北港鎮","10009060-021","後溝里",395,1048,571,477,"113Y12M"
"10009","雲林縣","10009060","北港鎮","10009060-022","番溝里",353,764,428,336,"113Y12M"
"10009","雲林縣","10009060","北港鎮","10009060-023","大北里",264,557,312,245,"113Y12M"
"10009","雲林縣","10009060","北港鎮","10009060-024","好收里",658,1656,885,771,"113Y12M"
"10009","雲林縣","10009060","北港鎮","10009060-025","樹腳里",1398,3440,1729,1711,"113Y12M"
"10009","雲林縣","10009060","北港鎮","10009060-026","扶朝里",376,998,528,470,"113Y12M"
"10009","雲林縣","10009060","北港鎮","10009060-027","水埔里",214,479,274,205,"113Y12M"
"10009","雲林縣","10009060","北港鎮","10009060-028","新厝里",178,425,228,197,"113Y12M"
"10009","雲林縣","10009070","古坑鄉","10009070-001","水碓村",467,1237,666,571,"113Y12M"
"10009","雲林縣","10009070","古坑鄉","10009070-002","田心村",490,1219,609,610,"113Y12M"
"10009","雲林縣","10009070","古坑鄉","10009070-003","高林村",507,1270,671,599,"113Y12M"
"10009","雲林縣","10009070","古坑鄉","10009070-004","荷苞村",565,1494,815,679,"113Y12M"
"10009","雲林縣","10009070","古坑鄉","10009070-005","東和村",1318,3544,1805,1739,"113Y12M"
"10009","雲林縣","10009070","古坑鄉","10009070-006","新庄村",575,1508,833,675,"113Y12M"
"10009","雲林縣","10009070","古坑鄉","10009070-007","棋盤村",806,2157,1132,1025,"113Y12M"
"10009","雲林縣","10009070","古坑鄉","10009070-008","華山村",302,692,383,309,"113Y12M"
"10009","雲林縣","10009070","古坑鄉","10009070-009","華南村",112,265,156,109,"113Y12M"
"10009","雲林縣","10009070","古坑鄉","10009070-010","永光村",927,2344,1171,1173,"113Y12M"
"10009","雲林縣","10009070","古坑鄉","10009070-011","桂林村",416,1066,577,489,"113Y12M"
"10009","雲林縣","10009070","古坑鄉","10009070-012","崁腳村",610,1373,670,703,"113Y12M"
"10009","雲林縣","10009070","古坑鄉","10009070-013","樟湖村",192,443,244,199,"113Y12M"
"10009","雲林縣","10009070","古坑鄉","10009070-014","草嶺村",258,544,332,212,"113Y12M"
"10009","雲林縣","10009070","古坑鄉","10009070-015","永昌村",876,2250,1172,1078,"113Y12M"
"10009","雲林縣","10009070","古坑鄉","10009070-016","麻園村",363,810,425,385,"113Y12M"
"10009","雲林縣","10009070","古坑鄉","10009070-017","古坑村",1021,2518,1294,1224,"113Y12M"
"10009","雲林縣","10009070","古坑鄉","10009070-018","朝陽村",909,2284,1152,1132,"113Y12M"
"10009","雲林縣","10009070","古坑鄉","10009070-019","西平村",759,1796,886,910,"113Y12M"
"10009","雲林縣","10009070","古坑鄉","10009070-020","湳仔村",310,740,395,345,"113Y12M"
"10009","雲林縣","10009080","大埤鄉","10009080-001","北和村",328,763,414,349,"113Y12M"
"10009","雲林縣","10009080","大埤鄉","10009080-002","南和村",907,2448,1238,1210,"113Y12M"
"10009","雲林縣","10009080","大埤鄉","10009080-003","大德村",383,1021,573,448,"113Y12M"
"10009","雲林縣","10009080","大埤鄉","10009080-004","松竹村",363,957,538,419,"113Y12M"
"10009","雲林縣","10009080","大埤鄉","10009080-005","尚義村",855,2202,1076,1126,"113Y12M"
"10009","雲林縣","10009080","大埤鄉","10009080-006","嘉興村",709,1939,999,940,"113Y12M"
"10009","雲林縣","10009080","大埤鄉","10009080-007","豐田村",665,1789,899,890,"113Y12M"
"10009","雲林縣","10009080","大埤鄉","10009080-008","三結村",446,1230,684,546,"113Y12M"
"10009","雲林縣","10009080","大埤鄉","10009080-009","吉田村",299,737,411,326,"113Y12M"
"10009","雲林縣","10009080","大埤鄉","10009080-010","豐岡村",273,623,350,273,"113Y12M"
"10009","雲林縣","10009080","大埤鄉","10009080-011","聯美村",393,1140,623,517,"113Y12M"
"10009","雲林縣","10009080","大埤鄉","10009080-012","怡然村",307,771,424,347,"113Y12M"
"10009","雲林縣","10009080","大埤鄉","10009080-013","北鎮村",265,740,393,347,"113Y12M"
"10009","雲林縣","10009080","大埤鄉","10009080-014","興安村",291,714,372,342,"113Y12M"
"10009","雲林縣","10009080","大埤鄉","10009080-015","西鎮村",296,720,419,301,"113Y12M"
"10009","雲林縣","10009090","莿桐鄉","10009090-001","莿桐村",1911,5042,2585,2457,"113Y12M"
"10009","雲林縣","10009090","莿桐鄉","10009090-002","甘厝村",318,965,504,461,"113Y12M"
"10009","雲林縣","10009090","莿桐鄉","10009090-003","甘西村",590,1649,852,797,"113Y12M"
"10009","雲林縣","10009090","莿桐鄉","10009090-004","興桐村",449,1212,620,592,"113Y12M"
"10009","雲林縣","10009090","莿桐鄉","10009090-005","義和村",383,1149,601,548,"113Y12M"
"10009","雲林縣","10009090","莿桐鄉","10009090-006","埔子村",823,2314,1192,1122,"113Y12M"
"10009","雲林縣","10009090","莿桐鄉","10009090-007","大美村",1267,3515,1774,1741,"113Y12M"
"10009","雲林縣","10009090","莿桐鄉","10009090-008","埔尾村",470,1340,702,638,"113Y12M"
"10009","雲林縣","10009090","莿桐鄉","10009090-009","饒平村",464,1263,665,598,"113Y12M"
"10009","雲林縣","10009090","莿桐鄉","10009090-010","興貴村",690,2079,1071,1008,"113Y12M"
"10009","雲林縣","10009090","莿桐鄉","10009090-011","四合村",651,1909,983,926,"113Y12M"
"10009","雲林縣","10009090","莿桐鄉","10009090-012","麻園村",587,1595,848,747,"113Y12M"
"10009","雲林縣","10009090","莿桐鄉","10009090-013","五華村",479,1450,771,679,"113Y12M"
"10009","雲林縣","10009090","莿桐鄉","10009090-014","六合村",678,1968,1066,902,"113Y12M"
"10009","雲林縣","10009100","林內鄉","10009100-001","林南村",436,1173,618,555,"113Y12M"
"10009","雲林縣","10009100","林內鄉","10009100-002","林中村",1570,4057,2054,2003,"113Y12M"
"10009","雲林縣","10009100","林內鄉","10009100-003","林北村",846,2256,1182,1074,"113Y12M"
"10009","雲林縣","10009100","林內鄉","10009100-004","坪頂村",201,489,260,229,"113Y12M"
"10009","雲林縣","10009100","林內鄉","10009100-005","林茂村",349,887,480,407,"113Y12M"
"10009","雲林縣","10009100","林內鄉","10009100-006","九芎村",1000,2860,1515,1345,"113Y12M"
"10009","雲林縣","10009100","林內鄉","10009100-007","湖本村",253,681,373,308,"113Y12M"
"10009","雲林縣","10009100","林內鄉","10009100-008","烏塗村",422,1165,629,536,"113Y12M"
"10009","雲林縣","10009100","林內鄉","10009100-009","烏麻村",415,1057,561,496,"113Y12M"
"10009","雲林縣","10009100","林內鄉","10009100-010","重興村",688,1947,1002,945,"113Y12M"
"10009","雲林縣","10009110","二崙鄉","10009110-001","崙東村",636,1615,839,776,"113Y12M"
"10009","雲林縣","10009110","二崙鄉","10009110-002","崙西村",777,1988,1050,938,"113Y12M"
"10009","雲林縣","10009110","二崙鄉","10009110-003","來惠村",631,1690,928,762,"113Y12M"
"10009","雲林縣","10009110","二崙鄉","10009110-004","三和村",590,1491,812,679,"113Y12M"
"10009","雲林縣","10009110","二崙鄉","10009110-005","湳仔村",455,1238,662,576,"113Y12M"
"10009","雲林縣","10009110","二崙鄉","10009110-006","田尾村",707,1962,1070,892,"113Y12M"
"10009","雲林縣","10009110","二崙鄉","10009110-007","定安村",322,900,503,397,"113Y12M"
"10009","雲林縣","10009110","二崙鄉","10009110-008","大華村",340,945,504,441,"113Y12M"
"10009","雲林縣","10009110","二崙鄉","10009110-009","義庄村",241,797,415,382,"113Y12M"
"10009","雲林縣","10009110","二崙鄉","10009110-010","楊賢村",589,1647,881,766,"113Y12M"
"10009","雲林縣","10009110","二崙鄉","10009110-011","港後村",701,1854,1000,854,"113Y12M"
"10009","雲林縣","10009110","二崙鄉","10009110-012","大義村",337,872,465,407,"113Y12M"
"10009","雲林縣","10009110","二崙鄉","10009110-013","油車村",730,1900,955,945,"113Y12M"
"10009","雲林縣","10009110","二崙鄉","10009110-014","大庄村",488,1314,680,634,"113Y12M"
"10009","雲林縣","10009110","二崙鄉","10009110-015","庄西村",395,961,536,425,"113Y12M"
"10009","雲林縣","10009110","二崙鄉","10009110-016","大同村",337,889,469,420,"113Y12M"
"10009","雲林縣","10009110","二崙鄉","10009110-017","復興村",394,1085,569,516,"113Y12M"
"10009","雲林縣","10009110","二崙鄉","10009110-018","永定村",511,1494,782,712,"113Y12M"
"10009","雲林縣","10009120","崙背鄉","10009120-001","東明村",501,1158,585,573,"113Y12M"
"10009","雲林縣","10009120","崙背鄉","10009120-002","西榮村",613,1588,800,788,"113Y12M"
"10009","雲林縣","10009120","崙背鄉","10009120-003","南陽村",1083,2721,1400,1321,"113Y12M"
"10009","雲林縣","10009120","崙背鄉","10009120-004","崙前村",949,2250,1174,1076,"113Y12M"
"10009","雲林縣","10009120","崙背鄉","10009120-005","羅厝村",890,2292,1180,1112,"113Y12M"
"10009","雲林縣","10009120","崙背鄉","10009120-006","港尾村",532,1378,731,647,"113Y12M"
"10009","雲林縣","10009120","崙背鄉","10009120-007","阿勸村",800,2238,1217,1021,"113Y12M"
"10009","雲林縣","10009120","崙背鄉","10009120-008","五魁村",341,882,475,407,"113Y12M"
"10009","雲林縣","10009120","崙背鄉","10009120-009","大有村",619,1551,869,682,"113Y12M"
"10009","雲林縣","10009120","崙背鄉","10009120-010","豐榮村",742,1800,977,823,"113Y12M"
"10009","雲林縣","10009120","崙背鄉","10009120-011","草湖村",562,1499,807,692,"113Y12M"
"10009","雲林縣","10009120","崙背鄉","10009120-012","舊庄村",440,1204,630,574,"113Y12M"
"10009","雲林縣","10009120","崙背鄉","10009120-013","水尾村",493,1257,666,591,"113Y12M"
"10009","雲林縣","10009120","崙背鄉","10009120-014","枋南村",296,781,415,366,"113Y12M"
"10009","雲林縣","10009130","麥寮鄉","10009130-001","麥津村",1813,5519,2677,2842,"113Y12M"
"10009","雲林縣","10009130","麥寮鄉","10009130-002","麥豐村",3175,10008,4814,5194,"113Y12M"
"10009","雲林縣","10009130","麥寮鄉","10009130-003","瓦[?]村",785,2428,1228,1200,"113Y12M"
"10009","雲林縣","10009130","麥寮鄉","10009130-004","興華村",1192,3709,1819,1890,"113Y12M"
"10009","雲林縣","10009130","麥寮鄉","10009130-005","崙後村",1023,3294,1684,1610,"113Y12M"
"10009","雲林縣","10009130","麥寮鄉","10009130-006","後安村",1151,3721,1872,1849,"113Y12M"
"10009","雲林縣","10009130","麥寮鄉","10009130-007","海豐村",882,2724,1316,1408,"113Y12M"
"10009","雲林縣","10009130","麥寮鄉","10009130-008","三盛村",915,2806,1373,1433,"113Y12M"
"10009","雲林縣","10009130","麥寮鄉","10009130-009","橋頭村",1634,5043,2515,2528,"113Y12M"
"10009","雲林縣","10009130","麥寮鄉","10009130-010","新吉村",450,1467,755,712,"113Y12M"
"10009","雲林縣","10009130","麥寮鄉","10009130-011","施厝村",1458,4633,2316,2317,"113Y12M"
"10009","雲林縣","10009130","麥寮鄉","10009130-012","雷厝村",836,2765,1360,1405,"113Y12M"
"10009","雲林縣","10009130","麥寮鄉","10009130-013","中興村",607,1884,922,962,"113Y12M"
"10009","雲林縣","10009140","東勢鄉","10009140-001","東南村",672,1577,810,767,"113Y12M"
"10009","雲林縣","10009140","東勢鄉","10009140-002","東北村",539,1297,666,631,"113Y12M"
"10009","雲林縣","10009140","東勢鄉","10009140-003","嘉隆村",686,1619,907,712,"113Y12M"
"10009","雲林縣","10009140","東勢鄉","10009140-004","復興村",243,533,294,239,"113Y12M"
"10009","雲林縣","10009140","東勢鄉","10009140-005","月眉村",489,1148,635,513,"113Y12M"
"10009","雲林縣","10009140","東勢鄉","10009140-006","程海村",238,567,310,257,"113Y12M"
"10009","雲林縣","10009140","東勢鄉","10009140-007","龍潭村",367,822,483,339,"113Y12M"
"10009","雲林縣","10009140","東勢鄉","10009140-008","安南村",424,835,499,336,"113Y12M"
"10009","雲林縣","10009140","東勢鄉","10009140-009","昌南村",346,860,483,377,"113Y12M"
"10009","雲林縣","10009140","東勢鄉","10009140-010","同安村",848,1931,1091,840,"113Y12M"
"10009","雲林縣","10009140","東勢鄉","10009140-011","新坤村",462,1042,591,451,"113Y12M"
"10009","雲林縣","10009140","東勢鄉","10009140-012","四美村",457,966,546,420,"113Y12M"
"10009","雲林縣","10009150","褒忠鄉","10009150-001","中民村",819,2087,1063,1024,"113Y12M"
"10009","雲林縣","10009150","褒忠鄉","10009150-002","埔姜村",643,1663,872,791,"113Y12M"
"10009","雲林縣","10009150","褒忠鄉","10009150-003","中勝村",588,1583,836,747,"113Y12M"
"10009","雲林縣","10009150","褒忠鄉","10009150-004","新湖村",447,1157,636,521,"113Y12M"
"10009","雲林縣","10009150","褒忠鄉","10009150-005","馬鳴村",561,1571,831,740,"113Y12M"
"10009","雲林縣","10009150","褒忠鄉","10009150-006","有才村",344,856,486,370,"113Y12M"
"10009","雲林縣","10009150","褒忠鄉","10009150-007","田洋村",294,781,419,362,"113Y12M"
"10009","雲林縣","10009150","褒忠鄉","10009150-008","龍岩村",477,1222,676,546,"113Y12M"
"10009","雲林縣","10009150","褒忠鄉","10009150-009","潮厝村",355,857,489,368,"113Y12M"
"10009","雲林縣","10009160","臺西鄉","10009160-001","台西村",495,1314,664,650,"113Y12M"
"10009","雲林縣","10009160","臺西鄉","10009160-002","海北村",410,1137,593,544,"113Y12M"
"10009","雲林縣","10009160","臺西鄉","10009160-003","海南村",447,1166,590,576,"113Y12M"
"10009","雲林縣","10009160","臺西鄉","10009160-004","海口村",762,2144,1102,1042,"113Y12M"
"10009","雲林縣","10009160","臺西鄉","10009160-005","溪頂村",669,1525,849,676,"113Y12M"
"10009","雲林縣","10009160","臺西鄉","10009160-006","牛厝村",751,1902,1077,825,"113Y12M"
"10009","雲林縣","10009160","臺西鄉","10009160-007","泉州村",250,613,337,276,"113Y12M"
"10009","雲林縣","10009160","臺西鄉","10009160-008","光華村",277,686,362,324,"113Y12M"
"10009","雲林縣","10009160","臺西鄉","10009160-009","五榔村",197,455,263,192,"113Y12M"
"10009","雲林縣","10009160","臺西鄉","10009160-010","山寮村",357,852,470,382,"113Y12M"
"10009","雲林縣","10009160","臺西鄉","10009160-011","富琦村",587,1643,857,786,"113Y12M"
"10009","雲林縣","10009160","臺西鄉","10009160-012","永豐村",530,1427,724,703,"113Y12M"
"10009","雲林縣","10009160","臺西鄉","10009160-013","和豐村",1166,3010,1653,1357,"113Y12M"
"10009","雲林縣","10009160","臺西鄉","10009160-014","蚊港村",719,1703,944,759,"113Y12M"
"10009","雲林縣","10009160","臺西鄉","10009160-015","五港村",750,1847,943,904,"113Y12M"
"10009","雲林縣","10009170","元長鄉","10009170-001","長南村",1424,3681,1948,1733,"113Y12M"
"10009","雲林縣","10009170","元長鄉","10009170-002","長北村",666,1519,859,660,"113Y12M"
"10009","雲林縣","10009170","元長鄉","10009170-003","子茂村",517,1329,729,600,"113Y12M"
"10009","雲林縣","10009170","元長鄉","10009170-004","後湖村",285,690,388,302,"113Y12M"
"10009","雲林縣","10009170","元長鄉","10009170-005","山內村",367,981,550,431,"113Y12M"
"10009","雲林縣","10009170","元長鄉","10009170-006","合和村",443,1107,625,482,"113Y12M"
"10009","雲林縣","10009170","元長鄉","10009170-007","五塊村",370,880,501,379,"113Y12M"
"10009","雲林縣","10009170","元長鄉","10009170-008","潭西村",322,720,407,313,"113Y12M"
"10009","雲林縣","10009170","元長鄉","10009170-009","潭東村",236,607,328,279,"113Y12M"
"10009","雲林縣","10009170","元長鄉","10009170-010","客厝村",313,852,452,400,"113Y12M"
"10009","雲林縣","10009170","元長鄉","10009170-011","卓運村",143,340,199,141,"113Y12M"
"10009","雲林縣","10009170","元長鄉","10009170-012","頂寮村",440,1187,639,548,"113Y12M"
"10009","雲林縣","10009170","元長鄉","10009170-013","下寮村",639,1611,858,753,"113Y12M"
"10009","雲林縣","10009170","元長鄉","10009170-014","龍岩村",368,977,526,451,"113Y12M"
"10009","雲林縣","10009170","元長鄉","10009170-015","西莊村",371,896,469,427,"113Y12M"
"10009","雲林縣","10009170","元長鄉","10009170-016","鹿北村",491,1203,653,550,"113Y12M"
"10009","雲林縣","10009170","元長鄉","10009170-017","鹿南村",353,852,454,398,"113Y12M"
"10009","雲林縣","10009170","元長鄉","10009170-018","瓦[?]村",566,1480,811,669,"113Y12M"
"10009","雲林縣","10009170","元長鄉","10009170-019","內寮村",240,570,312,258,"113Y12M"
"10009","雲林縣","10009170","元長鄉","10009170-020","崙仔村",314,821,459,362,"113Y12M"
"10009","雲林縣","10009170","元長鄉","10009170-021","新吉村",262,717,387,330,"113Y12M"
"10009","雲林縣","10009180","四湖鄉","10009180-001","四湖村",832,1964,1017,947,"113Y12M"
"10009","雲林縣","10009180","四湖鄉","10009180-002","新庄村",255,670,369,301,"113Y12M"
"10009","雲林縣","10009180","四湖鄉","10009180-003","溪底村",373,925,521,404,"113Y12M"
"10009","雲林縣","10009180","四湖鄉","10009180-004","鹿場村",374,892,496,396,"113Y12M"
"10009","雲林縣","10009180","四湖鄉","10009180-005","湖西村",971,2407,1273,1134,"113Y12M"
"10009","雲林縣","10009180","四湖鄉","10009180-006","施湖村",543,1231,685,546,"113Y12M"
"10009","雲林縣","10009180","四湖鄉","10009180-007","湖寮村",290,750,428,322,"113Y12M"
"10009","雲林縣","10009180","四湖鄉","10009180-008","蔡厝村",303,832,468,364,"113Y12M"
"10009","雲林縣","10009180","四湖鄉","10009180-009","飛沙村",341,814,446,368,"113Y12M"
"10009","雲林縣","10009180","四湖鄉","10009180-010","三姓村",141,357,191,166,"113Y12M"
"10009","雲林縣","10009180","四湖鄉","10009180-011","內湖村",309,767,460,307,"113Y12M"
"10009","雲林縣","10009180","四湖鄉","10009180-012","羊調村",387,896,491,405,"113Y12M"
"10009","雲林縣","10009180","四湖鄉","10009180-013","崙北村",653,1641,860,781,"113Y12M"
"10009","雲林縣","10009180","四湖鄉","10009180-014","崙南村",337,785,430,355,"113Y12M"
"10009","雲林縣","10009180","四湖鄉","10009180-015","廣溝村",285,639,352,287,"113Y12M"
"10009","雲林縣","10009180","四湖鄉","10009180-016","[?]子村",385,849,469,380,"113Y12M"
"10009","雲林縣","10009180","四湖鄉","10009180-017","林厝村",434,1044,588,456,"113Y12M"
"10009","雲林縣","10009180","四湖鄉","10009180-018","林東村",370,955,526,429,"113Y12M"
"10009","雲林縣","10009180","四湖鄉","10009180-019","溪尾村",290,731,403,328,"113Y12M"
"10009","雲林縣","10009180","四湖鄉","10009180-020","飛東村",210,519,284,235,"113Y12M"
"10009","雲林縣","10009180","四湖鄉","10009180-021","[?]東村",393,1030,556,474,"113Y12M"
"10009","雲林縣","10009190","口湖鄉","10009190-001","湖東村",489,1250,647,603,"113Y12M"
"10009","雲林縣","10009190","口湖鄉","10009190-002","口湖村",434,1193,620,573,"113Y12M"
"10009","雲林縣","10009190","口湖鄉","10009190-003","頂湖村",267,635,364,271,"113Y12M"
"10009","雲林縣","10009190","口湖鄉","10009190-004","埔北村",332,897,507,390,"113Y12M"
"10009","雲林縣","10009190","口湖鄉","10009190-005","埔南村",277,745,390,355,"113Y12M"
"10009","雲林縣","10009190","口湖鄉","10009190-006","謝厝村",403,1058,542,516,"113Y12M"
"10009","雲林縣","10009190","口湖鄉","10009190-007","蚵寮村",551,1447,779,668,"113Y12M"
"10009","雲林縣","10009190","口湖鄉","10009190-008","下崙村",772,2111,1162,949,"113Y12M"
"10009","雲林縣","10009190","口湖鄉","10009190-009","崙中村",576,1558,830,728,"113Y12M"
"10009","雲林縣","10009190","口湖鄉","10009190-010","崙東村",547,1443,777,666,"113Y12M"
"10009","雲林縣","10009190","口湖鄉","10009190-011","青蚶村",193,501,271,230,"113Y12M"
"10009","雲林縣","10009190","口湖鄉","10009190-012","港東村",598,1506,799,707,"113Y12M"
"10009","雲林縣","10009190","口湖鄉","10009190-013","港西村",312,853,429,424,"113Y12M"
"10009","雲林縣","10009190","口湖鄉","10009190-014","台子村",703,2061,1041,1020,"113Y12M"
"10009","雲林縣","10009190","口湖鄉","10009190-015","成龍村",340,910,499,411,"113Y12M"
"10009","雲林縣","10009190","口湖鄉","10009190-016","湖口村",356,1035,542,493,"113Y12M"
"10009","雲林縣","10009190","口湖鄉","10009190-017","水井村",329,969,529,440,"113Y12M"
"10009","雲林縣","10009190","口湖鄉","10009190-018","後厝村",264,703,381,322,"113Y12M"
"10009","雲林縣","10009190","口湖鄉","10009190-019","梧南村",683,1875,979,896,"113Y12M"
"10009","雲林縣","10009190","口湖鄉","10009190-020","梧北村",475,1228,676,552,"113Y12M"
"10009","雲林縣","10009190","口湖鄉","10009190-021","過港村",250,614,336,278,"113Y12M"
"10009","雲林縣","10009200","水林鄉","10009200-001","水北村",949,2325,1248,1077,"113Y12M"
"10009","雲林縣","10009200","水林鄉","10009200-002","水南村",918,2232,1178,1054,"113Y12M"
"10009","雲林縣","10009200","水林鄉","10009200-003","海埔村",396,1035,557,478,"113Y12M"
"10009","雲林縣","10009200","水林鄉","10009200-004","土厝村",522,1237,666,571,"113Y12M"
"10009","雲林縣","10009200","水林鄉","10009200-005","春埔村",388,965,551,414,"113Y12M"
"10009","雲林縣","10009200","水林鄉","10009200-006","西井村",271,627,358,269,"113Y12M"
"10009","雲林縣","10009200","水林鄉","10009200-007","車港村",250,572,317,255,"113Y12M"
"10009","雲林縣","10009200","水林鄉","10009200-008","蘇秦村",436,962,531,431,"113Y12M"
"10009","雲林縣","10009200","水林鄉","10009200-009","灣東村",266,578,307,271,"113Y12M"
"10009","雲林縣","10009200","水林鄉","10009200-010","灣西村",426,905,523,382,"113Y12M"
"10009","雲林縣","10009200","水林鄉","10009200-011","萬興村",287,679,379,300,"113Y12M"
"10009","雲林縣","10009200","水林鄉","10009200-012","尖山村",273,694,383,311,"113Y12M"
"10009","雲林縣","10009200","水林鄉","10009200-013","大山村",465,1041,572,469,"113Y12M"
"10009","雲林縣","10009200","水林鄉","10009200-014","大溝村",395,994,529,465,"113Y12M"
"10009","雲林縣","10009200","水林鄉","10009200-015","順興村",328,797,457,340,"113Y12M"
"10009","雲林縣","10009200","水林鄉","10009200-016","蕃薯村",400,974,543,431,"113Y12M"
"10009","雲林縣","10009200","水林鄉","10009200-017","山腳村",337,786,443,343,"113Y12M"
"10009","雲林縣","10009200","水林鄉","10009200-018","松北村",427,1113,565,548,"113Y12M"
"10009","雲林縣","10009200","水林鄉","10009200-019","松中村",233,502,281,221,"113Y12M"
"10009","雲林縣","10009200","水林鄉","10009200-020","松西村",283,636,354,282,"113Y12M"
"10009","雲林縣","10009200","水林鄉","10009200-021","[?]埔村",294,645,384,261,"113Y12M"
"10009","雲林縣","10009200","水林鄉","10009200-022","塭底村",328,669,395,274,"113Y12M"
"10009","雲林縣","10009200","水林鄉","10009200-023","後寮村",292,657,349,308,"113Y12M"
"10009","雲林縣","10009200","水林鄉","10009200-024","溪墘村",319,801,414,387,"113Y12M"
"10010","嘉義縣","10010010","太保市","10010010-001","太保里",1125,2857,1433,1424,"113Y12M"
"10010","嘉義縣","10010010","太保市","10010010-002","後庄里",169,496,261,235,"113Y12M"
"10010","嘉義縣","10010010","太保市","10010010-003","前潭里",578,1548,828,720,"113Y12M"
"10010","嘉義縣","10010010","太保市","10010010-004","後潭里",809,2017,1049,968,"113Y12M"
"10010","嘉義縣","10010010","太保市","10010010-005","梅埔里",411,1229,678,551,"113Y12M"
"10010","嘉義縣","10010010","太保市","10010010-006","春珠里",599,1381,725,656,"113Y12M"
"10010","嘉義縣","10010010","太保市","10010010-007","崙頂里",329,882,448,434,"113Y12M"
"10010","嘉義縣","10010010","太保市","10010010-008","東勢里",939,2525,1239,1286,"113Y12M"
"10010","嘉義縣","10010010","太保市","10010010-009","新埤里",533,1396,740,656,"113Y12M"
"10010","嘉義縣","10010010","太保市","10010010-010","舊埤里",1193,3018,1524,1494,"113Y12M"
"10010","嘉義縣","10010010","太保市","10010010-011","田尾里",319,743,397,346,"113Y12M"
"10010","嘉義縣","10010010","太保市","10010010-012","港尾里",214,562,302,260,"113Y12M"
"10010","嘉義縣","10010010","太保市","10010010-013","過溝里",1611,4267,2113,2154,"113Y12M"
"10010","嘉義縣","10010010","太保市","10010010-014","麻寮里",2121,5770,2858,2912,"113Y12M"
"10010","嘉義縣","10010010","太保市","10010010-015","南新里",738,2044,1051,993,"113Y12M"
"10010","嘉義縣","10010010","太保市","10010010-016","北新里",1461,3950,1991,1959,"113Y12M"
"10010","嘉義縣","10010010","太保市","10010010-017","埤鄉里",271,718,381,337,"113Y12M"
"10010","嘉義縣","10010010","太保市","10010010-018","安仁里",1530,3939,1867,2072,"113Y12M"
"10010","嘉義縣","10010020","朴子市","10010020-001","安福里",957,2212,1083,1129,"113Y12M"
"10010","嘉義縣","10010020","朴子市","10010020-002","平和里",1120,2750,1317,1433,"113Y12M"
"10010","嘉義縣","10010020","朴子市","10010020-003","內厝里",493,1277,661,616,"113Y12M"
"10010","嘉義縣","10010020","朴子市","10010020-004","開元里",168,371,194,177,"113Y12M"
"10010","嘉義縣","10010020","朴子市","10010020-005","順天里",282,653,311,342,"113Y12M"
"10010","嘉義縣","10010020","朴子市","10010020-006","中正里",278,634,311,323,"113Y12M"
"10010","嘉義縣","10010020","朴子市","10010020-007","博厚里",432,1128,558,570,"113Y12M"
"10010","嘉義縣","10010020","朴子市","10010020-008","文化里",777,1822,955,867,"113Y12M"
"10010","嘉義縣","10010020","朴子市","10010020-009","永和里",1144,2928,1429,1499,"113Y12M"
"10010","嘉義縣","10010020","朴子市","10010020-010","竹圍里",1975,5088,2470,2618,"113Y12M"
"10010","嘉義縣","10010020","朴子市","10010020-011","新寮里",249,738,385,353,"113Y12M"
"10010","嘉義縣","10010020","朴子市","10010020-012","?溪里",256,629,339,290,"113Y12M"
"10010","嘉義縣","10010020","朴子市","10010020-013","溪口里",314,840,451,389,"113Y12M"
"10010","嘉義縣","10010020","朴子市","10010020-014","德興里",392,1119,611,508,"113Y12M"
"10010","嘉義縣","10010020","朴子市","10010020-015","仁和里",1274,2591,1152,1439,"113Y12M"
"10010","嘉義縣","10010020","朴子市","10010020-016","大鄉里",1470,3534,1772,1762,"113Y12M"
"10010","嘉義縣","10010020","朴子市","10010020-017","大葛里",1694,3917,1871,2046,"113Y12M"
"10010","嘉義縣","10010020","朴子市","10010020-018","佳禾里",301,813,402,411,"113Y12M"
"10010","嘉義縣","10010020","朴子市","10010020-019","竹村里",484,1186,620,566,"113Y12M"
"10010","嘉義縣","10010020","朴子市","10010020-020","崁前里",337,903,480,423,"113Y12M"
"10010","嘉義縣","10010020","朴子市","10010020-021","順安里",101,241,140,101,"113Y12M"
"10010","嘉義縣","10010020","朴子市","10010020-022","崁後里",296,726,414,312,"113Y12M"
"10010","嘉義縣","10010020","朴子市","10010020-023","德家里",321,793,433,360,"113Y12M"
"10010","嘉義縣","10010020","朴子市","10010020-024","新庄里",285,730,357,373,"113Y12M"
"10010","嘉義縣","10010020","朴子市","10010020-025","梅華里",423,1074,604,470,"113Y12M"
"10010","嘉義縣","10010020","朴子市","10010020-026","松華里",485,1215,639,576,"113Y12M"
"10010","嘉義縣","10010020","朴子市","10010020-027","南竹里",211,497,271,226,"113Y12M"
"10010","嘉義縣","10010030","布袋鎮","10010030-001","岱江里",238,600,284,316,"113Y12M"
"10010","嘉義縣","10010030","布袋鎮","10010030-002","九龍里",148,328,183,145,"113Y12M"
"10010","嘉義縣","10010030","布袋鎮","10010030-003","岑海里",920,2381,1176,1205,"113Y12M"
"10010","嘉義縣","10010030","布袋鎮","10010030-004","興中里",436,1090,529,561,"113Y12M"
"10010","嘉義縣","10010030","布袋鎮","10010030-005","光復里",684,1710,852,858,"113Y12M"
"10010","嘉義縣","10010030","布袋鎮","10010030-006","見龍里",362,906,471,435,"113Y12M"
"10010","嘉義縣","10010030","布袋鎮","10010030-007","新厝里",278,701,368,333,"113Y12M"
"10010","嘉義縣","10010030","布袋鎮","10010030-008","龍江里",293,734,383,351,"113Y12M"
"10010","嘉義縣","10010030","布袋鎮","10010030-009","新岑里",347,990,493,497,"113Y12M"
"10010","嘉義縣","10010030","布袋鎮","10010030-010","新民里",500,1370,641,729,"113Y12M"
"10010","嘉義縣","10010030","布袋鎮","10010030-011","復興里",946,2464,1182,1282,"113Y12M"
"10010","嘉義縣","10010030","布袋鎮","10010030-012","好美里",441,1188,587,601,"113Y12M"
"10010","嘉義縣","10010030","布袋鎮","10010030-013","永安里",442,1065,547,518,"113Y12M"
"10010","嘉義縣","10010030","布袋鎮","10010030-014","東港里",788,1950,1006,944,"113Y12M"
"10010","嘉義縣","10010030","布袋鎮","10010030-015","江山里",139,271,146,125,"113Y12M"
"10010","嘉義縣","10010030","布袋鎮","10010030-016","菜舖里",163,364,203,161,"113Y12M"
"10010","嘉義縣","10010030","布袋鎮","10010030-017","考試里",114,260,132,128,"113Y12M"
"10010","嘉義縣","10010030","布袋鎮","10010030-018","振寮里",319,721,398,323,"113Y12M"
"10010","嘉義縣","10010030","布袋鎮","10010030-019","西安里",492,1163,621,542,"113Y12M"
"10010","嘉義縣","10010030","布袋鎮","10010030-020","東安里",509,1325,715,610,"113Y12M"
"10010","嘉義縣","10010030","布袋鎮","10010030-021","中安里",578,1376,722,654,"113Y12M"
"10010","嘉義縣","10010030","布袋鎮","10010030-022","樹林里",221,561,311,250,"113Y12M"
"10010","嘉義縣","10010030","布袋鎮","10010030-023","貴舍里",285,603,335,268,"113Y12M"
"10010","嘉義縣","10010040","大林鎮","10010040-001","東林里",251,579,269,310,"113Y12M"
"10010","嘉義縣","10010040","大林鎮","10010040-002","西林里",846,2076,1033,1043,"113Y12M"
"10010","嘉義縣","10010040","大林鎮","10010040-003","吉林里",433,1023,512,511,"113Y12M"
"10010","嘉義縣","10010040","大林鎮","10010040-004","平林里",2902,6974,3319,3655,"113Y12M"
"10010","嘉義縣","10010040","大林鎮","10010040-005","明華里",428,1199,622,577,"113Y12M"
"10010","嘉義縣","10010040","大林鎮","10010040-006","明和里",847,2238,1127,1111,"113Y12M"
"10010","嘉義縣","10010040","大林鎮","10010040-007","排路里",255,578,315,263,"113Y12M"
"10010","嘉義縣","10010040","大林鎮","10010040-008","西結里",308,716,375,341,"113Y12M"
"10010","嘉義縣","10010040","大林鎮","10010040-009","湖北里",258,616,335,281,"113Y12M"
"10010","嘉義縣","10010040","大林鎮","10010040-010","大糖里",75,172,74,98,"113Y12M"
"10010","嘉義縣","10010040","大林鎮","10010040-011","大美里",684,1675,868,807,"113Y12M"
"10010","嘉義縣","10010040","大林鎮","10010040-012","過溪里",565,1507,789,718,"113Y12M"
"10010","嘉義縣","10010040","大林鎮","10010040-013","中坑里",585,1403,724,679,"113Y12M"
"10010","嘉義縣","10010040","大林鎮","10010040-014","上林里",314,799,432,367,"113Y12M"
"10010","嘉義縣","10010040","大林鎮","10010040-015","中林里",583,1620,841,779,"113Y12M"
"10010","嘉義縣","10010040","大林鎮","10010040-016","三和里",901,2244,1135,1109,"113Y12M"
"10010","嘉義縣","10010040","大林鎮","10010040-017","溝背里",398,1002,525,477,"113Y12M"
"10010","嘉義縣","10010040","大林鎮","10010040-018","義和里",264,683,363,320,"113Y12M"
"10010","嘉義縣","10010040","大林鎮","10010040-019","內林里",255,681,371,310,"113Y12M"
"10010","嘉義縣","10010040","大林鎮","10010040-020","三角里",385,934,480,454,"113Y12M"
"10010","嘉義縣","10010040","大林鎮","10010040-021","三村里",325,891,467,424,"113Y12M"
"10010","嘉義縣","10010050","民雄鄉","10010050-001","東榮村",1132,2595,1345,1250,"113Y12M"
"10010","嘉義縣","10010050","民雄鄉","10010050-002","中樂村",687,1680,834,846,"113Y12M"
"10010","嘉義縣","10010050","民雄鄉","10010050-003","西安村",1530,3909,1938,1971,"113Y12M"
"10010","嘉義縣","10010050","民雄鄉","10010050-004","寮頂村",907,2484,1210,1274,"113Y12M"
"10010","嘉義縣","10010050","民雄鄉","10010050-005","福權村",609,1710,887,823,"113Y12M"
"10010","嘉義縣","10010050","民雄鄉","10010050-006","東湖村",734,1917,999,918,"113Y12M"
"10010","嘉義縣","10010050","民雄鄉","10010050-007","頂崙村",637,1667,879,788,"113Y12M"
"10010","嘉義縣","10010050","民雄鄉","10010050-008","菁埔村",628,1803,968,835,"113Y12M"
"10010","嘉義縣","10010050","民雄鄉","10010050-009","中和村",429,1211,613,598,"113Y12M"
"10010","嘉義縣","10010050","民雄鄉","10010050-010","平和村",343,903,471,432,"113Y12M"
"10010","嘉義縣","10010050","民雄鄉","10010050-011","西昌村",378,1025,522,503,"113Y12M"
"10010","嘉義縣","10010050","民雄鄉","10010050-012","豊收村",1122,2475,1272,1203,"113Y12M"
"10010","嘉義縣","10010050","民雄鄉","10010050-013","三興村",648,1614,822,792,"113Y12M"
"10010","嘉義縣","10010050","民雄鄉","10010050-014","東興村",200,525,279,246,"113Y12M"
"10010","嘉義縣","10010050","民雄鄉","10010050-015","鎮北村",687,1678,861,817,"113Y12M"
"10010","嘉義縣","10010050","民雄鄉","10010050-016","興中村",758,1996,1048,948,"113Y12M"
"10010","嘉義縣","10010050","民雄鄉","10010050-017","興南村",1235,3114,1522,1592,"113Y12M"
"10010","嘉義縣","10010050","民雄鄉","10010050-018","福興村",771,2121,1130,991,"113Y12M"
"10010","嘉義縣","10010050","民雄鄉","10010050-019","文隆村",1157,2828,1455,1373,"113Y12M"
"10010","嘉義縣","10010050","民雄鄉","10010050-020","山中村",1406,3926,2056,1870,"113Y12M"
"10010","嘉義縣","10010050","民雄鄉","10010050-021","中央村",465,1328,705,623,"113Y12M"
"10010","嘉義縣","10010050","民雄鄉","10010050-022","北斗村",2299,6137,3047,3090,"113Y12M"
"10010","嘉義縣","10010050","民雄鄉","10010050-023","?福村",1145,2852,1438,1414,"113Y12M"
"10010","嘉義縣","10010050","民雄鄉","10010050-024","大崎村",1048,2544,1303,1241,"113Y12M"
"10010","嘉義縣","10010050","民雄鄉","10010050-025","秀林村",1191,2949,1527,1422,"113Y12M"
"10010","嘉義縣","10010050","民雄鄉","10010050-026","松山村",716,1924,978,946,"113Y12M"
"10010","嘉義縣","10010050","民雄鄉","10010050-027","金興村",1307,3178,1559,1619,"113Y12M"
"10010","嘉義縣","10010050","民雄鄉","10010050-028","福樂村",3039,7830,3922,3908,"113Y12M"
"10010","嘉義縣","10010060","溪口鄉","10010060-001","溪東村",594,1313,666,647,"113Y12M"
"10010","嘉義縣","10010060","溪口鄉","10010060-002","溪西村",277,692,385,307,"113Y12M"
"10010","嘉義縣","10010060","溪口鄉","10010060-003","溪北村",255,651,355,296,"113Y12M"
"10010","嘉義縣","10010060","溪口鄉","10010060-004","游東村",415,984,530,454,"113Y12M"
"10010","嘉義縣","10010060","溪口鄉","10010060-005","游西村",308,676,381,295,"113Y12M"
"10010","嘉義縣","10010060","溪口鄉","10010060-006","柴林村",303,762,406,356,"113Y12M"
"10010","嘉義縣","10010060","溪口鄉","10010060-007","林腳村",355,811,457,354,"113Y12M"
"10010","嘉義縣","10010060","溪口鄉","10010060-008","美南村",427,1119,575,544,"113Y12M"
"10010","嘉義縣","10010060","溪口鄉","10010060-009","美北村",376,1000,561,439,"113Y12M"
"10010","嘉義縣","10010060","溪口鄉","10010060-010","本厝村",364,948,509,439,"113Y12M"
"10010","嘉義縣","10010060","溪口鄉","10010060-011","柳溝村",495,1320,711,609,"113Y12M"
"10010","嘉義縣","10010060","溪口鄉","10010060-012","疊溪村",432,1039,542,497,"113Y12M"
"10010","嘉義縣","10010060","溪口鄉","10010060-013","妙崙村",265,692,362,330,"113Y12M"
"10010","嘉義縣","10010060","溪口鄉","10010060-014","坪頂村",376,937,503,434,"113Y12M"
"10010","嘉義縣","10010070","新港鄉","10010070-001","宮前村",951,2572,1340,1232,"113Y12M"
"10010","嘉義縣","10010070","新港鄉","10010070-002","宮後村",612,1627,845,782,"113Y12M"
"10010","嘉義縣","10010070","新港鄉","10010070-003","大興村",551,1583,786,797,"113Y12M"
"10010","嘉義縣","10010070","新港鄉","10010070-004","福德村",666,1849,958,891,"113Y12M"
"10010","嘉義縣","10010070","新港鄉","10010070-005","古民村",571,1479,773,706,"113Y12M"
"10010","嘉義縣","10010070","新港鄉","10010070-006","中庄村",646,1709,930,779,"113Y12M"
"10010","嘉義縣","10010070","新港鄉","10010070-007","大潭村",638,1797,938,859,"113Y12M"
"10010","嘉義縣","10010070","新港鄉","10010070-008","西庄村",348,984,538,446,"113Y12M"
"10010","嘉義縣","10010070","新港鄉","10010070-009","埤子村",218,558,289,269,"113Y12M"
"10010","嘉義縣","10010070","新港鄉","10010070-010","南崙村",349,919,507,412,"113Y12M"
"10010","嘉義縣","10010070","新港鄉","10010070-011","北崙村",173,492,265,227,"113Y12M"
"10010","嘉義縣","10010070","新港鄉","10010070-012","海瀛村",195,530,300,230,"113Y12M"
"10010","嘉義縣","10010070","新港鄉","10010070-013","月眉村",678,1733,938,795,"113Y12M"
"10010","嘉義縣","10010070","新港鄉","10010070-014","月潭村",577,1591,856,735,"113Y12M"
"10010","嘉義縣","10010070","新港鄉","10010070-015","溪北村",526,1366,740,626,"113Y12M"
"10010","嘉義縣","10010070","新港鄉","10010070-016","三間村",712,1873,945,928,"113Y12M"
"10010","嘉義縣","10010070","新港鄉","10010070-017","中洋村",417,1051,549,502,"113Y12M"
"10010","嘉義縣","10010070","新港鄉","10010070-018","菜公村",383,1036,541,495,"113Y12M"
"10010","嘉義縣","10010070","新港鄉","10010070-019","安和村",395,1032,546,486,"113Y12M"
"10010","嘉義縣","10010070","新港鄉","10010070-020","潭大村",450,1258,671,587,"113Y12M"
"10010","嘉義縣","10010070","新港鄉","10010070-021","南港村",424,1088,564,524,"113Y12M"
"10010","嘉義縣","10010070","新港鄉","10010070-022","板頭村",225,564,308,256,"113Y12M"
"10010","嘉義縣","10010070","新港鄉","10010070-023","共和村",342,926,490,436,"113Y12M"
"10010","嘉義縣","10010080","六腳鄉","10010080-001","蒜頭村",545,1240,648,592,"113Y12M"
"10010","嘉義縣","10010080","六腳鄉","10010080-002","蒜東村",334,780,424,356,"113Y12M"
"10010","嘉義縣","10010080","六腳鄉","10010080-003","蒜南村",361,884,485,399,"113Y12M"
"10010","嘉義縣","10010080","六腳鄉","10010080-004","工廠村",100,203,103,100,"113Y12M"
"10010","嘉義縣","10010080","六腳鄉","10010080-005","灣南村",475,1196,657,539,"113Y12M"
"10010","嘉義縣","10010080","六腳鄉","10010080-006","灣北村",464,1176,607,569,"113Y12M"
"10010","嘉義縣","10010080","六腳鄉","10010080-007","雙涵村",354,879,483,396,"113Y12M"
"10010","嘉義縣","10010080","六腳鄉","10010080-008","塗師村",247,621,337,284,"113Y12M"
"10010","嘉義縣","10010080","六腳鄉","10010080-009","三義村",283,705,372,333,"113Y12M"
"10010","嘉義縣","10010080","六腳鄉","10010080-010","港美村",308,719,388,331,"113Y12M"
"10010","嘉義縣","10010080","六腳鄉","10010080-011","豐美村",393,1040,546,494,"113Y12M"
"10010","嘉義縣","10010080","六腳鄉","10010080-012","六斗村",399,934,508,426,"113Y12M"
"10010","嘉義縣","10010080","六腳鄉","10010080-013","崙陽村",422,1056,520,536,"113Y12M"
"10010","嘉義縣","10010080","六腳鄉","10010080-014","蘇厝村",684,1556,802,754,"113Y12M"
"10010","嘉義縣","10010080","六腳鄉","10010080-015","竹本村",259,577,305,272,"113Y12M"
"10010","嘉義縣","10010080","六腳鄉","10010080-016","永賢村",194,451,226,225,"113Y12M"
"10010","嘉義縣","10010080","六腳鄉","10010080-017","魚寮村",281,601,328,273,"113Y12M"
"10010","嘉義縣","10010080","六腳鄉","10010080-018","潭墘村",353,872,454,418,"113Y12M"
"10010","嘉義縣","10010080","六腳鄉","10010080-019","正義村",575,1402,767,635,"113Y12M"
"10010","嘉義縣","10010080","六腳鄉","10010080-020","溪厝村",241,560,297,263,"113Y12M"
"10010","嘉義縣","10010080","六腳鄉","10010080-021","六腳村",326,715,379,336,"113Y12M"
"10010","嘉義縣","10010080","六腳鄉","10010080-022","六南村",225,517,276,241,"113Y12M"
"10010","嘉義縣","10010080","六腳鄉","10010080-023","崩山村",269,610,345,265,"113Y12M"
"10010","嘉義縣","10010080","六腳鄉","10010080-024","古林村",302,636,349,287,"113Y12M"
"10010","嘉義縣","10010080","六腳鄉","10010080-025","更寮村",238,567,320,247,"113Y12M"
"10010","嘉義縣","10010090","東石鄉","10010090-001","東石村",813,2098,1056,1042,"113Y12M"
"10010","嘉義縣","10010090","東石鄉","10010090-002","猿樹村",371,955,471,484,"113Y12M"
"10010","嘉義縣","10010090","東石鄉","10010090-003","型厝村",485,1349,715,634,"113Y12M"
"10010","嘉義縣","10010090","東石鄉","10010090-004","塭港村",570,1728,898,830,"113Y12M"
"10010","嘉義縣","10010090","東石鄉","10010090-005","三家村",424,1189,640,549,"113Y12M"
"10010","嘉義縣","10010090","東石鄉","10010090-006","永屯村",277,746,380,366,"113Y12M"
"10010","嘉義縣","10010090","東石鄉","10010090-007","海埔村",170,377,206,171,"113Y12M"
"10010","嘉義縣","10010090","東石鄉","10010090-008","龍港村",363,830,456,374,"113Y12M"
"10010","嘉義縣","10010090","東石鄉","10010090-009","副瀨村",371,902,494,408,"113Y12M"
"10010","嘉義縣","10010090","東石鄉","10010090-010","下揖村",351,729,410,319,"113Y12M"
"10010","嘉義縣","10010090","東石鄉","10010090-011","頂揖村",172,377,206,171,"113Y12M"
"10010","嘉義縣","10010090","東石鄉","10010090-012","溪下村",438,974,539,435,"113Y12M"
"10010","嘉義縣","10010090","東石鄉","10010090-013","港墘村",487,1225,671,554,"113Y12M"
"10010","嘉義縣","10010090","東石鄉","10010090-014","蔦松村",344,856,449,407,"113Y12M"
"10010","嘉義縣","10010090","東石鄉","10010090-015","圍潭村",285,648,360,288,"113Y12M"
"10010","嘉義縣","10010090","東石鄉","10010090-016","洲仔村",346,847,453,394,"113Y12M"
"10010","嘉義縣","10010090","東石鄉","10010090-017","東崙村",302,701,372,329,"113Y12M"
"10010","嘉義縣","10010090","東石鄉","10010090-018","西崙村",452,1145,589,556,"113Y12M"
"10010","嘉義縣","10010090","東石鄉","10010090-019","塭仔村",377,919,485,434,"113Y12M"
"10010","嘉義縣","10010090","東石鄉","10010090-020","網寮村",530,1249,658,591,"113Y12M"
"10010","嘉義縣","10010090","東石鄉","10010090-021","掌潭村",306,788,399,389,"113Y12M"
"10010","嘉義縣","10010090","東石鄉","10010090-022","港口村",145,277,174,103,"113Y12M"
"10010","嘉義縣","10010090","東石鄉","10010090-023","鰲鼓村",476,1292,685,607,"113Y12M"
"10010","嘉義縣","10010100","義竹鄉","10010100-001","岸腳村",304,658,346,312,"113Y12M"
"10010","嘉義縣","10010100","義竹鄉","10010100-002","義竹村",640,1488,753,735,"113Y12M"
"10010","嘉義縣","10010100","義竹鄉","10010100-003","六桂村",522,1163,589,574,"113Y12M"
"10010","嘉義縣","10010100","義竹鄉","10010100-004","仁里村",374,883,434,449,"113Y12M"
"10010","嘉義縣","10010100","義竹鄉","10010100-005","傳芳村",308,781,403,378,"113Y12M"
"10010","嘉義縣","10010100","義竹鄉","10010100-006","頭竹村",530,1220,657,563,"113Y12M"
"10010","嘉義縣","10010100","義竹鄉","10010100-007","五厝村",168,389,218,171,"113Y12M"
"10010","嘉義縣","10010100","義竹鄉","10010100-008","中平村",207,395,211,184,"113Y12M"
"10010","嘉義縣","10010100","義竹鄉","10010100-009","埤前村",297,735,397,338,"113Y12M"
"10010","嘉義縣","10010100","義竹鄉","10010100-010","平溪村",182,428,234,194,"113Y12M"
"10010","嘉義縣","10010100","義竹鄉","10010100-011","後鎮村",177,418,228,190,"113Y12M"
"10010","嘉義縣","10010100","義竹鄉","10010100-012","北華村",216,559,290,269,"113Y12M"
"10010","嘉義縣","10010100","義竹鄉","10010100-013","新店村",579,1510,740,770,"113Y12M"
"10010","嘉義縣","10010100","義竹鄉","10010100-014","東過村",354,824,432,392,"113Y12M"
"10010","嘉義縣","10010100","義竹鄉","10010100-015","西過村",367,778,378,400,"113Y12M"
"10010","嘉義縣","10010100","義竹鄉","10010100-016","官和村",298,832,431,401,"113Y12M"
"10010","嘉義縣","10010100","義竹鄉","10010100-017","官順村",178,434,218,216,"113Y12M"
"10010","嘉義縣","10010100","義竹鄉","10010100-018","新富村",229,480,273,207,"113Y12M"
"10010","嘉義縣","10010100","義竹鄉","10010100-019","東光村",327,692,368,324,"113Y12M"
"10010","嘉義縣","10010100","義竹鄉","10010100-020","東榮村",186,359,205,154,"113Y12M"
"10010","嘉義縣","10010100","義竹鄉","10010100-021","龍蛟村",255,517,305,212,"113Y12M"
"10010","嘉義縣","10010100","義竹鄉","10010100-022","溪洲村",290,620,327,293,"113Y12M"
"10010","嘉義縣","10010110","鹿草鄉","10010110-001","後寮村",198,535,276,259,"113Y12M"
"10010","嘉義縣","10010110","鹿草鄉","10010110-002","鹿東村",222,555,313,242,"113Y12M"
"10010","嘉義縣","10010110","鹿草鄉","10010110-003","鹿草村",511,1296,672,624,"113Y12M"
"10010","嘉義縣","10010110","鹿草鄉","10010110-004","西井村",574,1443,754,689,"113Y12M"
"10010","嘉義縣","10010110","鹿草鄉","10010110-005","豊稠村",347,788,529,259,"113Y12M"
"10010","嘉義縣","10010110","鹿草鄉","10010110-006","重寮村",451,1018,568,450,"113Y12M"
"10010","嘉義縣","10010110","鹿草鄉","10010110-007","施家村",195,428,248,180,"113Y12M"
"10010","嘉義縣","10010110","鹿草鄉","10010110-008","下潭村",342,797,462,335,"113Y12M"
"10010","嘉義縣","10010110","鹿草鄉","10010110-009","光潭村",449,1036,560,476,"113Y12M"
"10010","嘉義縣","10010110","鹿草鄉","10010110-010","碧潭村",415,930,479,451,"113Y12M"
"10010","嘉義縣","10010110","鹿草鄉","10010110-011","松竹村",378,926,515,411,"113Y12M"
"10010","嘉義縣","10010110","鹿草鄉","10010110-012","竹山村",378,915,475,440,"113Y12M"
"10010","嘉義縣","10010110","鹿草鄉","10010110-013","後堀村",501,1176,634,542,"113Y12M"
"10010","嘉義縣","10010110","鹿草鄉","10010110-014","三角村",587,1442,728,714,"113Y12M"
"10010","嘉義縣","10010110","鹿草鄉","10010110-015","下麻村",256,606,318,288,"113Y12M"
"10010","嘉義縣","10010120","水上鄉","10010120-001","水上村",1921,4691,2376,2315,"113Y12M"
"10010","嘉義縣","10010120","水上鄉","10010120-002","水頭村",1111,2794,1443,1351,"113Y12M"
"10010","嘉義縣","10010120","水上鄉","10010120-003","大堀村",661,1797,976,821,"113Y12M"
"10010","嘉義縣","10010120","水上鄉","10010120-004","大崙村",799,2233,1207,1026,"113Y12M"
"10010","嘉義縣","10010120","水上鄉","10010120-005","塗溝村",335,840,458,382,"113Y12M"
"10010","嘉義縣","10010120","水上鄉","10010120-006","粗溪村",653,1704,870,834,"113Y12M"
"10010","嘉義縣","10010120","水上鄉","10010120-007","下寮村",865,1997,1032,965,"113Y12M"
"10010","嘉義縣","10010120","水上鄉","10010120-008","三和村",760,1875,993,882,"113Y12M"
"10010","嘉義縣","10010120","水上鄉","10010120-009","回歸村",189,450,216,234,"113Y12M"
"10010","嘉義縣","10010120","水上鄉","10010120-010","三鎮村",287,677,341,336,"113Y12M"
"10010","嘉義縣","10010120","水上鄉","10010120-011","靖和村",186,422,213,209,"113Y12M"
"10010","嘉義縣","10010120","水上鄉","10010120-012","南和村",587,1390,696,694,"113Y12M"
"10010","嘉義縣","10010120","水上鄉","10010120-013","龍德村",760,2069,1054,1015,"113Y12M"
"10010","嘉義縣","10010120","水上鄉","10010120-014","溪洲村",447,1081,539,542,"113Y12M"
"10010","嘉義縣","10010120","水上鄉","10010120-015","柳林村",949,2316,1198,1118,"113Y12M"
"10010","嘉義縣","10010120","水上鄉","10010120-016","柳鄉村",862,2127,1043,1084,"113Y12M"
"10010","嘉義縣","10010120","水上鄉","10010120-017","柳新村",803,2049,1050,999,"113Y12M"
"10010","嘉義縣","10010120","水上鄉","10010120-018","寬士村",1986,4625,2351,2274,"113Y12M"
"10010","嘉義縣","10010120","水上鄉","10010120-019","民生村",1372,3015,1589,1426,"113Y12M"
"10010","嘉義縣","10010120","水上鄉","10010120-020","忠和村",815,2003,1008,995,"113Y12M"
"10010","嘉義縣","10010120","水上鄉","10010120-021","中庄村",777,1821,908,913,"113Y12M"
"10010","嘉義縣","10010120","水上鄉","10010120-022","南鄉村",327,960,528,432,"113Y12M"
"10010","嘉義縣","10010120","水上鄉","10010120-023","三界村",385,1025,550,475,"113Y12M"
"10010","嘉義縣","10010120","水上鄉","10010120-024","國姓村",459,1232,654,578,"113Y12M"
"10010","嘉義縣","10010120","水上鄉","10010120-025","內溪村",512,1320,670,650,"113Y12M"
"10010","嘉義縣","10010120","水上鄉","10010120-026","義興村",347,853,463,390,"113Y12M"
"10010","嘉義縣","10010130","中埔鄉","10010130-001","中埔村",741,1957,1038,919,"113Y12M"
"10010","嘉義縣","10010130","中埔鄉","10010130-002","??村",388,1032,535,497,"113Y12M"
"10010","嘉義縣","10010130","中埔鄉","10010130-003","龍門村",288,824,427,397,"113Y12M"
"10010","嘉義縣","10010130","中埔鄉","10010130-004","裕民村",362,903,497,406,"113Y12M"
"10010","嘉義縣","10010130","中埔鄉","10010130-005","金蘭村",618,1665,856,809,"113Y12M"
"10010","嘉義縣","10010130","中埔鄉","10010130-006","富收村",1266,3187,1631,1556,"113Y12M"
"10010","嘉義縣","10010130","中埔鄉","10010130-007","和睦村",1487,3710,1887,1823,"113Y12M"
"10010","嘉義縣","10010130","中埔鄉","10010130-008","和美村",3272,7784,3832,3952,"113Y12M"
"10010","嘉義縣","10010130","中埔鄉","10010130-009","和興村",2559,6244,3134,3110,"113Y12M"
"10010","嘉義縣","10010130","中埔鄉","10010130-010","隆興村",753,1974,1042,932,"113Y12M"
"10010","嘉義縣","10010130","中埔鄉","10010130-011","義仁村",635,1678,875,803,"113Y12M"
"10010","嘉義縣","10010130","中埔鄉","10010130-012","社口村",829,2294,1235,1059,"113Y12M"
"10010","嘉義縣","10010130","中埔鄉","10010130-013","灣潭村",394,1032,572,460,"113Y12M"
"10010","嘉義縣","10010130","中埔鄉","10010130-014","石?村",447,1163,612,551,"113Y12M"
"10010","嘉義縣","10010130","中埔鄉","10010130-015","頂埔村",335,981,532,449,"113Y12M"
"10010","嘉義縣","10010130","中埔鄉","10010130-016","同仁村",724,1963,1069,894,"113Y12M"
"10010","嘉義縣","10010130","中埔鄉","10010130-017","瑞豐村",247,763,413,350,"113Y12M"
"10010","嘉義縣","10010130","中埔鄉","10010130-018","沄水村",372,1002,542,460,"113Y12M"
"10010","嘉義縣","10010130","中埔鄉","10010130-019","三層村",234,636,329,307,"113Y12M"
"10010","嘉義縣","10010130","中埔鄉","10010130-020","深坑村",254,760,409,351,"113Y12M"
"10010","嘉義縣","10010130","中埔鄉","10010130-021","東興村",135,360,203,157,"113Y12M"
"10010","嘉義縣","10010130","中埔鄉","10010130-022","中崙村",123,278,155,123,"113Y12M"
"10010","嘉義縣","10010140","竹崎鄉","10010140-001","竹崎村",1057,2884,1448,1436,"113Y12M"
"10010","嘉義縣","10010140","竹崎鄉","10010140-002","和平村",870,2483,1280,1203,"113Y12M"
"10010","嘉義縣","10010140","竹崎鄉","10010140-003","坑頭村",269,795,435,360,"113Y12M"
"10010","嘉義縣","10010140","竹崎鄉","10010140-004","沙坑村",296,818,445,373,"113Y12M"
"10010","嘉義縣","10010140","竹崎鄉","10010140-005","獅埜村",423,1239,675,564,"113Y12M"
"10010","嘉義縣","10010140","竹崎鄉","10010140-006","義和村",222,634,347,287,"113Y12M"
"10010","嘉義縣","10010140","竹崎鄉","10010140-007","義仁村",400,1068,578,490,"113Y12M"
"10010","嘉義縣","10010140","竹崎鄉","10010140-008","灣橋村",2199,5603,2865,2738,"113Y12M"
"10010","嘉義縣","10010140","竹崎鄉","10010140-009","鹿滿村",507,1463,774,689,"113Y12M"
"10010","嘉義縣","10010140","竹崎鄉","10010140-010","紫雲村",512,1501,780,721,"113Y12M"
"10010","嘉義縣","10010140","竹崎鄉","10010140-011","內埔村",587,1628,841,787,"113Y12M"
"10010","嘉義縣","10010140","竹崎鄉","10010140-012","昇平村",604,1838,973,865,"113Y12M"
"10010","嘉義縣","10010140","竹崎鄉","10010140-013","白杞村",242,617,338,279,"113Y12M"
"10010","嘉義縣","10010140","竹崎鄉","10010140-014","桃源村",372,1040,590,450,"113Y12M"
"10010","嘉義縣","10010140","竹崎鄉","10010140-015","塘興村",282,834,444,390,"113Y12M"
"10010","嘉義縣","10010140","竹崎鄉","10010140-016","義隆村",218,677,364,313,"113Y12M"
"10010","嘉義縣","10010140","竹崎鄉","10010140-017","龍山村",612,1895,1002,893,"113Y12M"
"10010","嘉義縣","10010140","竹崎鄉","10010140-018","文?村",273,652,372,280,"113Y12M"
"10010","嘉義縣","10010140","竹崎鄉","10010140-019","金獅村",180,405,234,171,"113Y12M"
"10010","嘉義縣","10010140","竹崎鄉","10010140-020","復金村",627,1981,1069,912,"113Y12M"
"10010","嘉義縣","10010140","竹崎鄉","10010140-021","緞繻村",365,942,508,434,"113Y12M"
"10010","嘉義縣","10010140","竹崎鄉","10010140-022","仁壽村",120,243,153,90,"113Y12M"
"10010","嘉義縣","10010140","竹崎鄉","10010140-023","中和村",343,822,463,359,"113Y12M"
"10010","嘉義縣","10010140","竹崎鄉","10010140-024","光華村",290,697,404,293,"113Y12M"
"10010","嘉義縣","10010150","梅山鄉","10010150-001","梅東村",979,2364,1194,1170,"113Y12M"
"10010","嘉義縣","10010150","梅山鄉","10010150-002","梅南村",391,908,439,469,"113Y12M"
"10010","嘉義縣","10010150","梅山鄉","10010150-003","過山村",214,532,275,257,"113Y12M"
"10010","嘉義縣","10010150","梅山鄉","10010150-004","梅北村",1883,4804,2427,2377,"113Y12M"
"10010","嘉義縣","10010150","梅山鄉","10010150-005","圳南村",157,392,226,166,"113Y12M"
"10010","嘉義縣","10010150","梅山鄉","10010150-006","永興村",206,539,285,254,"113Y12M"
"10010","嘉義縣","10010150","梅山鄉","10010150-007","半天村",138,348,179,169,"113Y12M"
"10010","嘉義縣","10010150","梅山鄉","10010150-008","圳北村",221,597,318,279,"113Y12M"
"10010","嘉義縣","10010150","梅山鄉","10010150-009","大南村",611,1702,945,757,"113Y12M"
"10010","嘉義縣","10010150","梅山鄉","10010150-010","?溪村",222,564,321,243,"113Y12M"
"10010","嘉義縣","10010150","梅山鄉","10010150-011","安靖村",308,801,450,351,"113Y12M"
"10010","嘉義縣","10010150","梅山鄉","10010150-012","太平村",182,478,274,204,"113Y12M"
"10010","嘉義縣","10010150","梅山鄉","10010150-013","碧湖村",119,274,154,120,"113Y12M"
"10010","嘉義縣","10010150","梅山鄉","10010150-014","太興村",166,436,242,194,"113Y12M"
"10010","嘉義縣","10010150","梅山鄉","10010150-015","瑞?村",258,751,425,326,"113Y12M"
"10010","嘉義縣","10010150","梅山鄉","10010150-016","瑞里村",230,632,342,290,"113Y12M"
"10010","嘉義縣","10010150","梅山鄉","10010150-017","太和村",349,978,556,422,"113Y12M"
"10010","嘉義縣","10010150","梅山鄉","10010150-018","龍眼村",176,397,223,174,"113Y12M"
"10010","嘉義縣","10010160","番路鄉","10010160-001","江西村",535,1241,658,583,"113Y12M"
"10010","嘉義縣","10010160","番路鄉","10010160-002","內甕村",177,440,245,195,"113Y12M"
"10010","嘉義縣","10010160","番路鄉","10010160-003","新福村",509,1376,729,647,"113Y12M"
"10010","嘉義縣","10010160","番路鄉","10010160-004","下坑村",794,2015,1022,993,"113Y12M"
"10010","嘉義縣","10010160","番路鄉","10010160-005","番路村",316,867,455,412,"113Y12M"
"10010","嘉義縣","10010160","番路鄉","10010160-006","民和村",328,915,491,424,"113Y12M"
"10010","嘉義縣","10010160","番路鄉","10010160-007","觸口村",514,1369,718,651,"113Y12M"
"10010","嘉義縣","10010160","番路鄉","10010160-008","大湖村",256,644,382,262,"113Y12M"
"10010","嘉義縣","10010160","番路鄉","10010160-009","公田村",485,987,532,455,"113Y12M"
"10010","嘉義縣","10010160","番路鄉","10010160-010","公興村",262,484,290,194,"113Y12M"
"10010","嘉義縣","10010160","番路鄉","10010160-011","草山村",144,359,199,160,"113Y12M"
"10010","嘉義縣","10010170","大埔鄉","10010170-001","大埔村",724,1624,791,833,"113Y12M"
"10010","嘉義縣","10010170","大埔鄉","10010170-002","和平村",303,697,351,346,"113Y12M"
"10010","嘉義縣","10010170","大埔鄉","10010170-003","永樂村",189,453,246,207,"113Y12M"
"10010","嘉義縣","10010170","大埔鄉","10010170-004","茄苳村",398,969,503,466,"113Y12M"
"10010","嘉義縣","10010170","大埔鄉","10010170-005","西興村",271,580,299,281,"113Y12M"
"10010","嘉義縣","10010180","阿里山鄉","10010180-001","中山村",149,372,209,163,"113Y12M"
"10010","嘉義縣","10010180","阿里山鄉","10010180-002","中正村",62,157,81,76,"113Y12M"
"10010","嘉義縣","10010180","阿里山鄉","10010180-003","香林村",58,121,61,60,"113Y12M"
"10010","嘉義縣","10010180","阿里山鄉","10010180-004","十字村",118,345,194,151,"113Y12M"
"10010","嘉義縣","10010180","阿里山鄉","10010180-005","來吉村",134,344,169,175,"113Y12M"
"10010","嘉義縣","10010180","阿里山鄉","10010180-006","豐山村",119,322,185,137,"113Y12M"
"10010","嘉義縣","10010180","阿里山鄉","10010180-007","達邦村",329,963,487,476,"113Y12M"
"10010","嘉義縣","10010180","阿里山鄉","10010180-008","樂野村",384,1135,556,579,"113Y12M"
"10010","嘉義縣","10010180","阿里山鄉","10010180-009","里佳村",85,277,153,124,"113Y12M"
"10010","嘉義縣","10010180","阿里山鄉","10010180-010","山美村",180,571,297,274,"113Y12M"
"10010","嘉義縣","10010180","阿里山鄉","10010180-011","新美村",109,317,157,160,"113Y12M"
"10010","嘉義縣","10010180","阿里山鄉","10010180-012","茶山村",116,312,164,148,"113Y12M"
"10013","屏東縣","10013010","屏東市","10013010-001","光榮里",752,1797,899,898,"113Y12M"
"10013","屏東縣","10013010","屏東市","10013010-004","大同里",844,1840,895,945,"113Y12M"
"10013","屏東縣","10013010","屏東市","10013010-008","大埔里",767,1793,904,889,"113Y12M"
"10013","屏東縣","10013010","屏東市","10013010-012","維新里",1130,2701,1348,1353,"113Y12M"
"10013","屏東縣","10013010","屏東市","10013010-015","楠樹里",1030,2211,1097,1114,"113Y12M"
"10013","屏東縣","10013010","屏東市","10013010-018","金泉里",531,1213,616,597,"113Y12M"
"10013","屏東縣","10013010","屏東市","10013010-020","橋南里",675,1660,846,814,"113Y12M"
"10013","屏東縣","10013010","屏東市","10013010-021","橋北里",481,1119,544,575,"113Y12M"
"10013","屏東縣","10013010","屏東市","10013010-022","長春里",805,1984,918,1066,"113Y12M"
"10013","屏東縣","10013010","屏東市","10013010-023","豐榮里",1226,2863,1350,1513,"113Y12M"
"10013","屏東縣","10013010","屏東市","10013010-024","豐源里",1614,4299,2038,2261,"113Y12M"
"10013","屏東縣","10013010","屏東市","10013010-025","豐田里",1790,4754,2262,2492,"113Y12M"
"10013","屏東縣","10013010","屏東市","10013010-026","大連里",1857,4608,2154,2454,"113Y12M"
"10013","屏東縣","10013010","屏東市","10013010-027","湖西里",538,1591,835,756,"113Y12M"
"10013","屏東縣","10013010","屏東市","10013010-028","湖南里",413,1236,644,592,"113Y12M"
"10013","屏東縣","10013010","屏東市","10013010-029","歸心里",395,1179,597,582,"113Y12M"
"10013","屏東縣","10013010","屏東市","10013010-030","瑞光里",3664,8633,4140,4493,"113Y12M"
"10013","屏東縣","10013010","屏東市","10013010-031","新生里",2314,5976,2970,3006,"113Y12M"
"10013","屏東縣","10013010","屏東市","10013010-032","頂宅里",214,541,289,252,"113Y12M"
"10013","屏東縣","10013010","屏東市","10013010-033","厚生里",1286,3120,1542,1578,"113Y12M"
"10013","屏東縣","10013010","屏東市","10013010-035","建國里",830,1793,897,896,"113Y12M"
"10013","屏東縣","10013010","屏東市","10013010-036","一心里",939,2072,1011,1061,"113Y12M"
"10013","屏東縣","10013010","屏東市","10013010-038","義勇里",890,1929,956,973,"113Y12M"
"10013","屏東縣","10013010","屏東市","10013010-040","永安里",2766,6855,3296,3559,"113Y12M"
"10013","屏東縣","10013010","屏東市","10013010-041","新興里",970,2825,1449,1376,"113Y12M"
"10013","屏東縣","10013010","屏東市","10013010-042","公館里",514,1569,785,784,"113Y12M"
"10013","屏東縣","10013010","屏東市","10013010-043","龍華里",864,2472,1224,1248,"113Y12M"
"10013","屏東縣","10013010","屏東市","10013010-044","玉成里",548,1777,939,838,"113Y12M"
"10013","屏東縣","10013010","屏東市","10013010-045","頂柳里",429,1235,636,599,"113Y12M"
"10013","屏東縣","10013010","屏東市","10013010-046","大湖里",664,1868,957,911,"113Y12M"
"10013","屏東縣","10013010","屏東市","10013010-049","安鎮里",858,2161,1101,1060,"113Y12M"
"10013","屏東縣","10013010","屏東市","10013010-050","永光里",646,1518,783,735,"113Y12M"
"10013","屏東縣","10013010","屏東市","10013010-051","大洲里",484,1278,678,600,"113Y12M"
"10013","屏東縣","10013010","屏東市","10013010-053","大武里",3629,9027,4369,4658,"113Y12M"
"10013","屏東縣","10013010","屏東市","10013010-054","前進里",1215,3264,1652,1612,"113Y12M"
"10013","屏東縣","10013010","屏東市","10013010-055","清溪里",1894,4760,2312,2448,"113Y12M"
"10013","屏東縣","10013010","屏東市","10013010-056","長安里",1148,2921,1544,1377,"113Y12M"
"10013","屏東縣","10013010","屏東市","10013010-059","斯文里",947,2184,1061,1123,"113Y12M"
"10013","屏東縣","10013010","屏東市","10013010-060","華山里",2226,5712,2716,2996,"113Y12M"
"10013","屏東縣","10013010","屏東市","10013010-064","中正里",2070,5095,2434,2661,"113Y12M"
"10013","屏東縣","10013010","屏東市","10013010-065","勝利里",3134,6595,3347,3248,"113Y12M"
"10013","屏東縣","10013010","屏東市","10013010-066","永城里",1070,2463,1161,1302,"113Y12M"
"10013","屏東縣","10013010","屏東市","10013010-067","溝美里",1008,2468,1193,1275,"113Y12M"
"10013","屏東縣","10013010","屏東市","10013010-068","北勢里",1122,2713,1281,1432,"113Y12M"
"10013","屏東縣","10013010","屏東市","10013010-069","北興里",2912,7188,3417,3771,"113Y12M"
"10013","屏東縣","10013010","屏東市","10013010-070","仁愛里",926,2343,1090,1253,"113Y12M"
"10013","屏東縣","10013010","屏東市","10013010-071","廣興里",1243,3341,1649,1692,"113Y12M"
"10013","屏東縣","10013010","屏東市","10013010-073","崇蘭里",3883,9813,4718,5095,"113Y12M"
"10013","屏東縣","10013010","屏東市","10013010-074","空翔里",1934,4318,1983,2335,"113Y12M"
"10013","屏東縣","10013010","屏東市","10013010-075","潭墘里",2414,5896,2884,3012,"113Y12M"
"10013","屏東縣","10013010","屏東市","10013010-076","三山里",543,1502,765,737,"113Y12M"
"10013","屏東縣","10013010","屏東市","10013010-077","海豐里",338,913,474,439,"113Y12M"
"10013","屏東縣","10013010","屏東市","10013010-078","仁義里",440,1236,654,582,"113Y12M"
"10013","屏東縣","10013010","屏東市","10013010-079","和興里",448,1179,602,577,"113Y12M"
"10013","屏東縣","10013010","屏東市","10013010-080","信和里",628,1700,882,818,"113Y12M"
"10013","屏東縣","10013010","屏東市","10013010-081","崇武里",2016,4707,2299,2408,"113Y12M"
"10013","屏東縣","10013010","屏東市","10013010-082","豐年里",2228,5785,2802,2983,"113Y12M"
"10013","屏東縣","10013010","屏東市","10013010-083","崇陽里",3768,8900,4194,4706,"113Y12M"
"10013","屏東縣","10013010","屏東市","10013010-084","公園里",978,2164,1049,1115,"113Y12M"
"10013","屏東縣","10013020","潮州鎮","10013020-001","潮州里",224,516,270,246,"113Y12M"
"10013","屏東縣","10013020","潮州鎮","10013020-002","同榮里",251,562,275,287,"113Y12M"
"10013","屏東縣","10013020","潮州鎮","10013020-003","新榮里",587,1330,643,687,"113Y12M"
"10013","屏東縣","10013020","潮州鎮","10013020-004","新生里",467,994,493,501,"113Y12M"
"10013","屏東縣","10013020","潮州鎮","10013020-005","光華里",2295,5558,2750,2808,"113Y12M"
"10013","屏東縣","10013020","潮州鎮","10013020-006","彭城里",343,962,504,458,"113Y12M"
"10013","屏東縣","10013020","潮州鎮","10013020-007","三星里",2701,6659,3233,3426,"113Y12M"
"10013","屏東縣","10013020","潮州鎮","10013020-008","三共里",2983,7229,3447,3782,"113Y12M"
"10013","屏東縣","10013020","潮州鎮","10013020-009","三和里",963,2368,1125,1243,"113Y12M"
"10013","屏東縣","10013020","潮州鎮","10013020-010","五魁里",618,1615,795,820,"113Y12M"
"10013","屏東縣","10013020","潮州鎮","10013020-011","蓬萊里",1170,2908,1415,1493,"113Y12M"
"10013","屏東縣","10013020","潮州鎮","10013020-012","八爺里",1108,2845,1434,1411,"113Y12M"
"10013","屏東縣","10013020","潮州鎮","10013020-013","永春里",3409,8332,4010,4322,"113Y12M"
"10013","屏東縣","10013020","潮州鎮","10013020-014","富春里",537,1319,666,653,"113Y12M"
"10013","屏東縣","10013020","潮州鎮","10013020-015","光春里",652,1651,819,832,"113Y12M"
"10013","屏東縣","10013020","潮州鎮","10013020-016","興美里",377,1017,522,495,"113Y12M"
"10013","屏東縣","10013020","潮州鎮","10013020-017","檨子里",186,502,272,230,"113Y12M"
"10013","屏東縣","10013020","潮州鎮","10013020-018","九塊里",773,1931,1026,905,"113Y12M"
"10013","屏東縣","10013020","潮州鎮","10013020-019","泗林里",646,1775,895,880,"113Y12M"
"10013","屏東縣","10013020","潮州鎮","10013020-020","四春里",684,1820,923,897,"113Y12M"
"10013","屏東縣","10013020","潮州鎮","10013020-021","崙東里",617,1682,884,798,"113Y12M"
"10013","屏東縣","10013030","東港鎮","10013030-001","新勝里",897,2157,1051,1106,"113Y12M"
"10013","屏東縣","10013030","東港鎮","10013030-003","頂中里",642,1595,826,769,"113Y12M"
"10013","屏東縣","10013030","東港鎮","10013030-007","朝安里",635,1594,823,771,"113Y12M"
"10013","屏東縣","10013030","東港鎮","10013030-009","東隆里",495,1297,686,611,"113Y12M"
"10013","屏東縣","10013030","東港鎮","10013030-010","豐漁里",561,1472,739,733,"113Y12M"
"10013","屏東縣","10013030","東港鎮","10013030-011","盛漁里",818,2252,1142,1110,"113Y12M"
"10013","屏東縣","10013030","東港鎮","10013030-012","興漁里",576,1681,860,821,"113Y12M"
"10013","屏東縣","10013030","東港鎮","10013030-013","鎮海里",889,2397,1175,1222,"113Y12M"
"10013","屏東縣","10013030","東港鎮","10013030-014","嘉蓮里",605,1627,799,828,"113Y12M"
"10013","屏東縣","10013030","東港鎮","10013030-015","南平里",675,1600,867,733,"113Y12M"
"10013","屏東縣","10013030","東港鎮","10013030-016","船頭里",1149,2645,1310,1335,"113Y12M"
"10013","屏東縣","10013030","東港鎮","10013030-017","下?里",708,2014,1053,961,"113Y12M"
"10013","屏東縣","10013030","東港鎮","10013030-018","大潭里",612,1566,827,739,"113Y12M"
"10013","屏東縣","10013030","東港鎮","10013030-020","興農里",721,1756,916,840,"113Y12M"
"10013","屏東縣","10013030","東港鎮","10013030-021","興和里",414,1157,587,570,"113Y12M"
"10013","屏東縣","10013030","東港鎮","10013030-022","共和里",346,776,384,392,"113Y12M"
"10013","屏東縣","10013030","東港鎮","10013030-023","福德里",870,2106,1069,1037,"113Y12M"
"10013","屏東縣","10013030","東港鎮","10013030-024","東津里",1588,3913,1890,2023,"113Y12M"
"10013","屏東縣","10013030","東港鎮","10013030-025","內關帝里",1206,2866,1424,1442,"113Y12M"
"10013","屏東縣","10013030","東港鎮","10013030-026","東新里",1111,2709,1286,1423,"113Y12M"
"10013","屏東縣","10013030","東港鎮","10013030-027","新街里",1797,4521,2208,2313,"113Y12M"
"10013","屏東縣","10013030","東港鎮","10013030-028","東光里",805,2235,1077,1158,"113Y12M"
"10013","屏東縣","10013040","恆春鎮","10013040-001","城南里",442,962,489,473,"113Y12M"
"10013","屏東縣","10013040","恆春鎮","10013040-002","城北里",1068,2520,1185,1335,"113Y12M"
"10013","屏東縣","10013040","恆春鎮","10013040-003","城西里",548,1288,636,652,"113Y12M"
"10013","屏東縣","10013040","恆春鎮","10013040-004","山腳里",2066,4935,2379,2556,"113Y12M"
"10013","屏東縣","10013040","恆春鎮","10013040-005","網紗里",1575,3789,1896,1893,"113Y12M"
"10013","屏東縣","10013040","恆春鎮","10013040-006","仁壽里",443,999,510,489,"113Y12M"
"10013","屏東縣","10013040","恆春鎮","10013040-007","茄湖里",229,547,296,251,"113Y12M"
"10013","屏東縣","10013040","恆春鎮","10013040-008","頭溝里",233,479,265,214,"113Y12M"
"10013","屏東縣","10013040","恆春鎮","10013040-009","四溝里",491,1148,612,536,"113Y12M"
"10013","屏東縣","10013040","恆春鎮","10013040-010","德和里",504,1191,583,608,"113Y12M"
"10013","屏東縣","10013040","恆春鎮","10013040-011","龍水里",493,1201,608,593,"113Y12M"
"10013","屏東縣","10013040","恆春鎮","10013040-012","山海里",692,1757,930,827,"113Y12M"
"10013","屏東縣","10013040","恆春鎮","10013040-013","大光里",950,2566,1376,1190,"113Y12M"
"10013","屏東縣","10013040","恆春鎮","10013040-014","水泉里",617,1500,807,693,"113Y12M"
"10013","屏東縣","10013040","恆春鎮","10013040-015","南灣里",749,1966,998,968,"113Y12M"
"10013","屏東縣","10013040","恆春鎮","10013040-016","墾丁里",550,1326,673,653,"113Y12M"
"10013","屏東縣","10013040","恆春鎮","10013040-017","鵝鑾里",508,1201,634,567,"113Y12M"
"10013","屏東縣","10013050","萬丹鄉","10013050-001","萬安村",229,630,320,310,"113Y12M"
"10013","屏東縣","10013050","萬丹鄉","10013050-002","萬惠村",360,959,492,467,"113Y12M"
"10013","屏東縣","10013050","萬丹鄉","10013050-003","萬全村",1401,3857,1921,1936,"113Y12M"
"10013","屏東縣","10013050","萬丹鄉","10013050-004","萬後村",335,836,430,406,"113Y12M"
"10013","屏東縣","10013050","萬丹鄉","10013050-005","萬生村",626,1597,814,783,"113Y12M"
"10013","屏東縣","10013050","萬丹鄉","10013050-006","寶厝村",939,2609,1317,1292,"113Y12M"
"10013","屏東縣","10013050","萬丹鄉","10013050-007","四維村",789,2415,1225,1190,"113Y12M"
"10013","屏東縣","10013050","萬丹鄉","10013050-008","竹林村",575,1761,943,818,"113Y12M"
"10013","屏東縣","10013050","萬丹鄉","10013050-009","廣安村",883,2583,1323,1260,"113Y12M"
"10013","屏東縣","10013050","萬丹鄉","10013050-010","田厝村",383,1190,601,589,"113Y12M"
"10013","屏東縣","10013050","萬丹鄉","10013050-011","崙頂村",727,2080,1084,996,"113Y12M"
"10013","屏東縣","10013050","萬丹鄉","10013050-012","?北村",490,1664,851,813,"113Y12M"
"10013","屏東縣","10013050","萬丹鄉","10013050-013","?南村",480,1572,821,751,"113Y12M"
"10013","屏東縣","10013050","萬丹鄉","10013050-014","上村村",323,982,484,498,"113Y12M"
"10013","屏東縣","10013050","萬丹鄉","10013050-015","加興村",427,1375,721,654,"113Y12M"
"10013","屏東縣","10013050","萬丹鄉","10013050-016","社口村",571,1748,907,841,"113Y12M"
"10013","屏東縣","10013050","萬丹鄉","10013050-017","磚寮村",347,1010,509,501,"113Y12M"
"10013","屏東縣","10013050","萬丹鄉","10013050-018","社皮村",806,2354,1234,1120,"113Y12M"
"10013","屏東縣","10013050","萬丹鄉","10013050-019","社上村",654,1828,963,865,"113Y12M"
"10013","屏東縣","10013050","萬丹鄉","10013050-020","社中村",636,1904,1008,896,"113Y12M"
"10013","屏東縣","10013050","萬丹鄉","10013050-021","水泉村",635,2002,1037,965,"113Y12M"
"10013","屏東縣","10013050","萬丹鄉","10013050-022","新庄村",840,2343,1197,1146,"113Y12M"
"10013","屏東縣","10013050","萬丹鄉","10013050-023","香社村",556,1621,847,774,"113Y12M"
"10013","屏東縣","10013050","萬丹鄉","10013050-024","後村村",362,1054,564,490,"113Y12M"
"10013","屏東縣","10013050","萬丹鄉","10013050-025","新鐘村",772,2331,1196,1135,"113Y12M"
"10013","屏東縣","10013050","萬丹鄉","10013050-026","灣內村",450,1522,803,719,"113Y12M"
"10013","屏東縣","10013050","萬丹鄉","10013050-027","興全村",402,1212,637,575,"113Y12M"
"10013","屏東縣","10013050","萬丹鄉","10013050-028","興安村",289,897,438,459,"113Y12M"
"10013","屏東縣","10013050","萬丹鄉","10013050-029","水仙村",198,584,291,293,"113Y12M"
"10013","屏東縣","10013050","萬丹鄉","10013050-030","甘棠村",165,426,230,196,"113Y12M"
"10013","屏東縣","10013060","長治鄉","10013060-001","進興村",1173,3052,1570,1482,"113Y12M"
"10013","屏東縣","10013060","長治鄉","10013060-002","新潭村",1695,4141,2087,2054,"113Y12M"
"10013","屏東縣","10013060","長治鄉","10013060-003","潭頭村",820,2297,1153,1144,"113Y12M"
"10013","屏東縣","10013060","長治鄉","10013060-004","香楊村",1449,3301,1603,1698,"113Y12M"
"10013","屏東縣","10013060","長治鄉","10013060-005","長興村",484,1154,577,577,"113Y12M"
"10013","屏東縣","10013060","長治鄉","10013060-006","德成村",384,933,491,442,"113Y12M"
"10013","屏東縣","10013060","長治鄉","10013060-007","德協村",398,1093,560,533,"113Y12M"
"10013","屏東縣","10013060","長治鄉","10013060-008","復興村",617,1553,809,744,"113Y12M"
"10013","屏東縣","10013060","長治鄉","10013060-009","崙上村",716,1800,967,833,"113Y12M"
"10013","屏東縣","10013060","長治鄉","10013060-010","德榮村",415,1178,630,548,"113Y12M"
"10013","屏東縣","10013060","長治鄉","10013060-011","德和村",324,804,413,391,"113Y12M"
"10013","屏東縣","10013060","長治鄉","10013060-012","繁華村",861,2553,1342,1211,"113Y12M"
"10013","屏東縣","10013060","長治鄉","10013060-013","繁昌村",595,1829,979,850,"113Y12M"
"10013","屏東縣","10013060","長治鄉","10013060-014","繁榮村",503,1506,803,703,"113Y12M"
"10013","屏東縣","10013060","長治鄉","10013060-015","繁隆村",431,1212,627,585,"113Y12M"
"10013","屏東縣","10013060","長治鄉","10013060-016","榮華村",316,823,396,427,"113Y12M"
"10013","屏東縣","10013070","麟洛鄉","10013070-001","新田村",857,2208,1112,1096,"113Y12M"
"10013","屏東縣","10013070","麟洛鄉","10013070-002","麟頂村",395,995,503,492,"113Y12M"
"10013","屏東縣","10013070","麟洛鄉","10013070-003","麟蹄村",637,1577,811,766,"113Y12M"
"10013","屏東縣","10013070","麟洛鄉","10013070-004","麟趾村",1193,2809,1434,1375,"113Y12M"
"10013","屏東縣","10013070","麟洛鄉","10013070-005","田中村",497,1310,661,649,"113Y12M"
"10013","屏東縣","10013070","麟洛鄉","10013070-006","田心村",358,896,484,412,"113Y12M"
"10013","屏東縣","10013070","麟洛鄉","10013070-007","田道村",269,688,366,322,"113Y12M"
"10013","屏東縣","10013080","九如鄉","10013080-001","九清村",587,1575,789,786,"113Y12M"
"10013","屏東縣","10013080","九如鄉","10013080-002","九塊村",550,1518,740,778,"113Y12M"
"10013","屏東縣","10013080","九如鄉","10013080-003","九明村",748,2007,1064,943,"113Y12M"
"10013","屏東縣","10013080","九如鄉","10013080-004","玉水村",490,1325,692,633,"113Y12M"
"10013","屏東縣","10013080","九如鄉","10013080-005","大坵村",473,1324,677,647,"113Y12M"
"10013","屏東縣","10013080","九如鄉","10013080-006","三塊村",606,1748,896,852,"113Y12M"
"10013","屏東縣","10013080","九如鄉","10013080-007","後庄村",643,1939,1005,934,"113Y12M"
"10013","屏東縣","10013080","九如鄉","10013080-008","耆老村",502,1393,739,654,"113Y12M"
"10013","屏東縣","10013080","九如鄉","10013080-009","洽興村",553,1626,833,793,"113Y12M"
"10013","屏東縣","10013080","九如鄉","10013080-010","東寧村",2010,5359,2675,2684,"113Y12M"
"10013","屏東縣","10013080","九如鄉","10013080-011","玉泉村",648,1738,903,835,"113Y12M"
"10013","屏東縣","10013090","里港鄉","10013090-001","玉田村",1401,4137,2013,2124,"113Y12M"
"10013","屏東縣","10013090","里港鄉","10013090-002","大平村",488,1218,623,595,"113Y12M"
"10013","屏東縣","10013090","里港鄉","10013090-003","永春村",365,994,515,479,"113Y12M"
"10013","屏東縣","10013090","里港鄉","10013090-004","春林村",565,1561,760,801,"113Y12M"
"10013","屏東縣","10013090","里港鄉","10013090-005","過江村",859,2371,1166,1205,"113Y12M"
"10013","屏東縣","10013090","里港鄉","10013090-006","鐵店村",575,1684,826,858,"113Y12M"
"10013","屏東縣","10013090","里港鄉","10013090-007","塔樓村",581,1722,902,820,"113Y12M"
"10013","屏東縣","10013090","里港鄉","10013090-008","潮厝村",550,1786,919,867,"113Y12M"
"10013","屏東縣","10013090","里港鄉","10013090-009","茄苳村",573,1562,823,739,"113Y12M"
"10013","屏東縣","10013090","里港鄉","10013090-010","載興村",798,2515,1248,1267,"113Y12M"
"10013","屏東縣","10013090","里港鄉","10013090-011","土庫村",781,2164,1112,1052,"113Y12M"
"10013","屏東縣","10013090","里港鄉","10013090-012","三?村",662,2033,1021,1012,"113Y12M"
"10013","屏東縣","10013090","里港鄉","10013090-013","中和村",348,1035,541,494,"113Y12M"
"10013","屏東縣","10013090","里港鄉","10013090-014","瀰力村",177,565,298,267,"113Y12M"
"10013","屏東縣","10013100","鹽埔鄉","10013100-001","新圍村",1101,3325,1688,1637,"113Y12M"
"10013","屏東縣","10013100","鹽埔鄉","10013100-002","高朗村",939,2986,1588,1398,"113Y12M"
"10013","屏東縣","10013100","鹽埔鄉","10013100-003","鹽北村",671,1889,973,916,"113Y12M"
"10013","屏東縣","10013100","鹽埔鄉","10013100-004","鹽中村",884,2521,1277,1244,"113Y12M"
"10013","屏東縣","10013100","鹽埔鄉","10013100-005","鹽南村",686,1928,1001,927,"113Y12M"
"10013","屏東縣","10013100","鹽埔鄉","10013100-006","仕絨村",364,1094,582,512,"113Y12M"
"10013","屏東縣","10013100","鹽埔鄉","10013100-007","振興村",699,1893,1015,878,"113Y12M"
"10013","屏東縣","10013100","鹽埔鄉","10013100-008","永隆村",231,556,286,270,"113Y12M"
"10013","屏東縣","10013100","鹽埔鄉","10013100-009","久愛村",322,919,487,432,"113Y12M"
"10013","屏東縣","10013100","鹽埔鄉","10013100-010","洛陽村",621,1611,859,752,"113Y12M"
"10013","屏東縣","10013100","鹽埔鄉","10013100-011","新二村",1364,3774,1897,1877,"113Y12M"
"10013","屏東縣","10013100","鹽埔鄉","10013100-012","彭厝村",360,1033,540,493,"113Y12M"
"10013","屏東縣","10013110","高樹鄉","10013110-001","高樹村",1008,2314,1218,1096,"113Y12M"
"10013","屏東縣","10013110","高樹鄉","10013110-002","長榮村",566,1324,657,667,"113Y12M"
"10013","屏東縣","10013110","高樹鄉","10013110-003","東興村",353,744,385,359,"113Y12M"
"10013","屏東縣","10013110","高樹鄉","10013110-004","東振村",273,583,310,273,"113Y12M"
"10013","屏東縣","10013110","高樹鄉","10013110-005","源泉村",401,1056,540,516,"113Y12M"
"10013","屏東縣","10013110","高樹鄉","10013110-006","建興村",475,1209,674,535,"113Y12M"
"10013","屏東縣","10013110","高樹鄉","10013110-007","大埔村",260,600,343,257,"113Y12M"
"10013","屏東縣","10013110","高樹鄉","10013110-008","菜寮村",297,752,406,346,"113Y12M"
"10013","屏東縣","10013110","高樹鄉","10013110-009","司馬村",251,628,342,286,"113Y12M"
"10013","屏東縣","10013110","高樹鄉","10013110-010","舊寮村",518,1224,640,584,"113Y12M"
"10013","屏東縣","10013110","高樹鄉","10013110-011","新豐村",606,1477,748,729,"113Y12M"
"10013","屏東縣","10013110","高樹鄉","10013110-012","泰山村",855,1913,1017,896,"113Y12M"
"10013","屏東縣","10013110","高樹鄉","10013110-013","南華村",507,1269,675,594,"113Y12M"
"10013","屏東縣","10013110","高樹鄉","10013110-014","廣福村",477,1066,571,495,"113Y12M"
"10013","屏東縣","10013110","高樹鄉","10013110-015","廣興村",416,1186,630,556,"113Y12M"
"10013","屏東縣","10013110","高樹鄉","10013110-016","舊庄村",394,1077,573,504,"113Y12M"
"10013","屏東縣","10013110","高樹鄉","10013110-017","田子村",421,1149,596,553,"113Y12M"
"10013","屏東縣","10013110","高樹鄉","10013110-018","鹽樹村",493,1215,645,570,"113Y12M"
"10013","屏東縣","10013110","高樹鄉","10013110-019","新南村",578,1550,794,756,"113Y12M"
"10013","屏東縣","10013120","萬巒鄉","10013120-001","萬巒村",474,1262,626,636,"113Y12M"
"10013","屏東縣","10013120","萬巒鄉","10013120-002","萬全村",308,791,414,377,"113Y12M"
"10013","屏東縣","10013120","萬巒鄉","10013120-003","萬和村",684,1886,949,937,"113Y12M"
"10013","屏東縣","10013120","萬巒鄉","10013120-004","鹿寮村",350,952,513,439,"113Y12M"
"10013","屏東縣","10013120","萬巒鄉","10013120-005","硫黃村",199,553,279,274,"113Y12M"
"10013","屏東縣","10013120","萬巒鄉","10013120-006","泗溝村",417,1102,586,516,"113Y12M"
"10013","屏東縣","10013120","萬巒鄉","10013120-007","五溝村",384,1023,562,461,"113Y12M"
"10013","屏東縣","10013120","萬巒鄉","10013120-008","成德村",555,1512,820,692,"113Y12M"
"10013","屏東縣","10013120","萬巒鄉","10013120-009","萬金村",741,2186,1161,1025,"113Y12M"
"10013","屏東縣","10013120","萬巒鄉","10013120-010","赤山村",687,1819,975,844,"113Y12M"
"10013","屏東縣","10013120","萬巒鄉","10013120-011","佳佐村",607,1852,940,912,"113Y12M"
"10013","屏東縣","10013120","萬巒鄉","10013120-012","佳和村",474,1485,758,727,"113Y12M"
"10013","屏東縣","10013120","萬巒鄉","10013120-013","新厝村",450,1360,711,649,"113Y12M"
"10013","屏東縣","10013120","萬巒鄉","10013120-014","新置村",475,1227,638,589,"113Y12M"
"10013","屏東縣","10013130","內埔鄉","10013130-001","內埔村",1979,4607,2280,2327,"113Y12M"
"10013","屏東縣","10013130","內埔鄉","10013130-002","內田村",1563,3810,1836,1974,"113Y12M"
"10013","屏東縣","10013130","內埔鄉","10013130-003","興南村",492,1339,712,627,"113Y12M"
"10013","屏東縣","10013130","內埔鄉","10013130-004","義亭村",233,577,301,276,"113Y12M"
"10013","屏東縣","10013130","內埔鄉","10013130-005","美和村",989,2426,1233,1193,"113Y12M"
"10013","屏東縣","10013130","內埔鄉","10013130-006","和興村",1305,3451,1699,1752,"113Y12M"
"10013","屏東縣","10013130","內埔鄉","10013130-007","東寧村",2029,4990,2496,2494,"113Y12M"
"10013","屏東縣","10013130","內埔鄉","10013130-008","豐田村",1500,3837,1919,1918,"113Y12M"
"10013","屏東縣","10013130","內埔鄉","10013130-009","振豐村",613,1667,889,778,"113Y12M"
"10013","屏東縣","10013130","內埔鄉","10013130-010","富田村",732,1979,1084,895,"113Y12M"
"10013","屏東縣","10013130","內埔鄉","10013130-011","竹圍村",752,2048,1081,967,"113Y12M"
"10013","屏東縣","10013130","內埔鄉","10013130-012","東勢村",1091,2989,1581,1408,"113Y12M"
"10013","屏東縣","10013130","內埔鄉","10013130-013","東片村",354,942,482,460,"113Y12M"
"10013","屏東縣","10013130","內埔鄉","10013130-014","上樹村",425,1163,611,552,"113Y12M"
"10013","屏東縣","10013130","內埔鄉","10013130-015","老埤村",977,2463,1297,1166,"113Y12M"
"10013","屏東縣","10013130","內埔鄉","10013130-016","中林村",622,1699,877,822,"113Y12M"
"10013","屏東縣","10013130","內埔鄉","10013130-017","龍泉村",940,2631,1348,1283,"113Y12M"
"10013","屏東縣","10013130","內埔鄉","10013130-018","龍潭村",969,2590,1297,1293,"113Y12M"
"10013","屏東縣","10013130","內埔鄉","10013130-019","建興村",294,789,428,361,"113Y12M"
"10013","屏東縣","10013130","內埔鄉","10013130-020","大新村",684,1814,951,863,"113Y12M"
"10013","屏東縣","10013130","內埔鄉","10013130-021","黎明村",816,2574,1320,1254,"113Y12M"
"10013","屏東縣","10013130","內埔鄉","10013130-022","隘寮村",521,1410,723,687,"113Y12M"
"10013","屏東縣","10013130","內埔鄉","10013130-023","水門村",390,851,419,432,"113Y12M"
"10013","屏東縣","10013140","竹田鄉","10013140-001","竹田村",628,1509,798,711,"113Y12M"
"10013","屏東縣","10013140","竹田鄉","10013140-002","竹南村",329,920,459,461,"113Y12M"
"10013","屏東縣","10013140","竹田鄉","10013140-003","糶糴村",245,713,371,342,"113Y12M"
"10013","屏東縣","10013140","竹田鄉","10013140-004","履豐村",218,603,315,288,"113Y12M"
"10013","屏東縣","10013140","竹田鄉","10013140-005","頭崙村",484,1328,728,600,"113Y12M"
"10013","屏東縣","10013140","竹田鄉","10013140-006","二崙村",364,1001,517,484,"113Y12M"
"10013","屏東縣","10013140","竹田鄉","10013140-007","美崙村",237,652,348,304,"113Y12M"
"10013","屏東縣","10013140","竹田鄉","10013140-008","南勢村",197,498,253,245,"113Y12M"
"10013","屏東縣","10013140","竹田鄉","10013140-009","西勢村",943,2513,1325,1188,"113Y12M"
"10013","屏東縣","10013140","竹田鄉","10013140-010","福田村",170,497,261,236,"113Y12M"
"10013","屏東縣","10013140","竹田鄉","10013140-011","永豐村",444,928,576,352,"113Y12M"
"10013","屏東縣","10013140","竹田鄉","10013140-012","六巷村",292,826,441,385,"113Y12M"
"10013","屏東縣","10013140","竹田鄉","10013140-013","泗洲村",407,1129,605,524,"113Y12M"
"10013","屏東縣","10013140","竹田鄉","10013140-014","大湖村",426,1204,635,569,"113Y12M"
"10013","屏東縣","10013140","竹田鄉","10013140-015","鳳明村",433,1260,637,623,"113Y12M"
"10013","屏東縣","10013150","新埤鄉","10013150-001","新埤村",916,2126,1074,1052,"113Y12M"
"10013","屏東縣","10013150","新埤鄉","10013150-002","建功村",395,1025,539,486,"113Y12M"
"10013","屏東縣","10013150","新埤鄉","10013150-003","打鐵村",351,910,470,440,"113Y12M"
"10013","屏東縣","10013150","新埤鄉","10013150-004","南豐村",279,761,418,343,"113Y12M"
"10013","屏東縣","10013150","新埤鄉","10013150-005","萬隆村",678,1815,962,853,"113Y12M"
"10013","屏東縣","10013150","新埤鄉","10013150-006","箕湖村",393,1177,639,538,"113Y12M"
"10013","屏東縣","10013150","新埤鄉","10013150-007","餉潭村",486,1363,723,640,"113Y12M"
"10013","屏東縣","10013160","枋寮鄉","10013160-001","枋寮村",589,1263,669,594,"113Y12M"
"10013","屏東縣","10013160","枋寮鄉","10013160-002","新龍村",398,969,481,488,"113Y12M"
"10013","屏東縣","10013160","枋寮鄉","10013160-003","保生村",381,952,499,453,"113Y12M"
"10013","屏東縣","10013160","枋寮鄉","10013160-004","中寮村",246,619,316,303,"113Y12M"
"10013","屏東縣","10013160","枋寮鄉","10013160-005","安樂村",626,1669,887,782,"113Y12M"
"10013","屏東縣","10013160","枋寮鄉","10013160-006","隆山村",1794,4780,2422,2358,"113Y12M"
"10013","屏東縣","10013160","枋寮鄉","10013160-007","天時村",757,1936,983,953,"113Y12M"
"10013","屏東縣","10013160","枋寮鄉","10013160-008","地利村",595,1483,749,734,"113Y12M"
"10013","屏東縣","10013160","枋寮鄉","10013160-009","人和村",883,2186,1123,1063,"113Y12M"
"10013","屏東縣","10013160","枋寮鄉","10013160-010","內寮村",292,735,421,314,"113Y12M"
"10013","屏東縣","10013160","枋寮鄉","10013160-011","新開村",343,942,506,436,"113Y12M"
"10013","屏東縣","10013160","枋寮鄉","10013160-012","太源村",382,997,537,460,"113Y12M"
"10013","屏東縣","10013160","枋寮鄉","10013160-013","玉泉村",187,475,241,234,"113Y12M"
"10013","屏東縣","10013160","枋寮鄉","10013160-014","東海村",1113,2933,1498,1435,"113Y12M"
"10013","屏東縣","10013160","枋寮鄉","10013160-015","大庄村",232,654,327,327,"113Y12M"
"10013","屏東縣","10013170","新園鄉","10013170-001","瓦[?]村",608,1800,927,873,"113Y12M"
"10013","屏東縣","10013170","新園鄉","10013170-002","仙吉村",1053,2752,1437,1315,"113Y12M"
"10013","屏東縣","10013170","新園鄉","10013170-003","田洋村",820,2425,1258,1167,"113Y12M"
"10013","屏東縣","10013170","新園鄉","10013170-004","港墘村",357,964,502,462,"113Y12M"
"10013","屏東縣","10013170","新園鄉","10013170-005","內庄村",321,851,436,415,"113Y12M"
"10013","屏東縣","10013170","新園鄉","10013170-006","新東村",894,2475,1279,1196,"113Y12M"
"10013","屏東縣","10013170","新園鄉","10013170-007","新園村",880,2393,1215,1178,"113Y12M"
"10013","屏東縣","10013170","新園鄉","10013170-008","烏龍村",466,1262,659,603,"113Y12M"
"10013","屏東縣","10013170","新園鄉","10013170-009","興龍村",827,2156,1108,1048,"113Y12M"
"10013","屏東縣","10013170","新園鄉","10013170-010","中洲村",647,1634,815,819,"113Y12M"
"10013","屏東縣","10013170","新園鄉","10013170-011","南龍村",572,1480,770,710,"113Y12M"
"10013","屏東縣","10013170","新園鄉","10013170-012","港西村",785,2096,1115,981,"113Y12M"
"10013","屏東縣","10013170","新園鄉","10013170-013","五房村",1132,2865,1501,1364,"113Y12M"
"10013","屏東縣","10013170","新園鄉","10013170-014","鹽埔村",1860,4673,2425,2248,"113Y12M"
"10013","屏東縣","10013170","新園鄉","10013170-015","共和村",964,2372,1208,1164,"113Y12M"
"10013","屏東縣","10013180","崁頂鄉","10013180-001","崁頂村",917,3003,1485,1518,"113Y12M"
"10013","屏東縣","10013180","崁頂鄉","10013180-002","園寮村",847,2619,1287,1332,"113Y12M"
"10013","屏東縣","10013180","崁頂鄉","10013180-003","圍內村",433,1468,746,722,"113Y12M"
"10013","屏東縣","10013180","崁頂鄉","10013180-004","力社村",518,1641,809,832,"113Y12M"
"10013","屏東縣","10013180","崁頂鄉","10013180-005","洲子村",377,1155,582,573,"113Y12M"
"10013","屏東縣","10013180","崁頂鄉","10013180-006","北勢村",571,1748,891,857,"113Y12M"
"10013","屏東縣","10013180","崁頂鄉","10013180-007","越溪村",352,1156,581,575,"113Y12M"
"10013","屏東縣","10013180","崁頂鄉","10013180-008","港東村",690,2142,1108,1034,"113Y12M"
"10013","屏東縣","10013190","林邊鄉","10013190-001","林邊村",610,1488,742,746,"113Y12M"
"10013","屏東縣","10013190","林邊鄉","10013190-002","光林村",707,1662,847,815,"113Y12M"
"10013","屏東縣","10013190","林邊鄉","10013190-003","仁和村",767,1727,850,877,"113Y12M"
"10013","屏東縣","10013190","林邊鄉","10013190-004","中林村",319,745,354,391,"113Y12M"
"10013","屏東縣","10013190","林邊鄉","10013190-005","永樂村",1337,3287,1638,1649,"113Y12M"
"10013","屏東縣","10013190","林邊鄉","10013190-006","水利村",735,1859,974,885,"113Y12M"
"10013","屏東縣","10013190","林邊鄉","10013190-007","崎?村",498,1280,669,611,"113Y12M"
"10013","屏東縣","10013190","林邊鄉","10013190-008","田厝村",400,1037,510,527,"113Y12M"
"10013","屏東縣","10013190","林邊鄉","10013190-009","竹林村",795,1915,987,928,"113Y12M"
"10013","屏東縣","10013190","林邊鄉","10013190-010","鎮安村",417,1087,574,513,"113Y12M"
"10013","屏東縣","10013200","南州鄉","10013200-001","溪洲村",754,1788,910,878,"113Y12M"
"10013","屏東縣","10013200","南州鄉","10013200-002","溪南村",404,945,479,466,"113Y12M"
"10013","屏東縣","10013200","南州鄉","10013200-003","仁里村",226,501,239,262,"113Y12M"
"10013","屏東縣","10013200","南州鄉","10013200-004","溪北村",302,709,363,346,"113Y12M"
"10013","屏東縣","10013200","南州鄉","10013200-005","七塊村",394,1035,544,491,"113Y12M"
"10013","屏東縣","10013200","南州鄉","10013200-006","萬華村",365,1003,528,475,"113Y12M"
"10013","屏東縣","10013200","南州鄉","10013200-007","米崙村",394,1066,561,505,"113Y12M"
"10013","屏東縣","10013200","南州鄉","10013200-008","壽元村",403,1092,541,551,"113Y12M"
"10013","屏東縣","10013200","南州鄉","10013200-009","同安村",423,1039,513,526,"113Y12M"
"10013","屏東縣","10013200","南州鄉","10013200-010","南安村",212,520,263,257,"113Y12M"
"10013","屏東縣","10013210","佳冬鄉","10013210-001","佳冬村",682,1612,825,787,"113Y12M"
"10013","屏東縣","10013210","佳冬鄉","10013210-002","六根村",594,1376,706,670,"113Y12M"
"10013","屏東縣","10013210","佳冬鄉","10013210-003","賴家村",315,750,401,349,"113Y12M"
"10013","屏東縣","10013210","佳冬鄉","10013210-004","萬建村",783,1978,1010,968,"113Y12M"
"10013","屏東縣","10013210","佳冬鄉","10013210-005","石光村",762,1982,1044,938,"113Y12M"
"10013","屏東縣","10013210","佳冬鄉","10013210-006","玉光村",893,2205,1133,1072,"113Y12M"
"10013","屏東縣","10013210","佳冬鄉","10013210-007","昌隆村",390,955,498,457,"113Y12M"
"10013","屏東縣","10013210","佳冬鄉","10013210-008","豐隆村",286,692,354,338,"113Y12M"
"10013","屏東縣","10013210","佳冬鄉","10013210-009","大同村",448,1180,618,562,"113Y12M"
"10013","屏東縣","10013210","佳冬鄉","10013210-010","羌園村",423,1178,588,590,"113Y12M"
"10013","屏東縣","10013210","佳冬鄉","10013210-011","燄溫村",459,1134,586,548,"113Y12M"
"10013","屏東縣","10013210","佳冬鄉","10013210-012","塭豐村",971,2549,1291,1258,"113Y12M"
"10013","屏東縣","10013220","琉球鄉","10013220-001","本福村",978,2332,1188,1144,"113Y12M"
"10013","屏東縣","10013220","琉球鄉","10013220-002","中福村",632,1375,746,629,"113Y12M"
"10013","屏東縣","10013220","琉球鄉","10013220-003","漁福村",445,1139,622,517,"113Y12M"
"10013","屏東縣","10013220","琉球鄉","10013220-004","大福村",737,1886,1017,869,"113Y12M"
"10013","屏東縣","10013220","琉球鄉","10013220-005","南福村",525,1226,662,564,"113Y12M"
"10013","屏東縣","10013220","琉球鄉","10013220-006","天福村",550,1283,690,593,"113Y12M"
"10013","屏東縣","10013220","琉球鄉","10013220-007","上福村",785,1932,1077,855,"113Y12M"
"10013","屏東縣","10013220","琉球鄉","10013220-008","杉福村",442,1017,574,443,"113Y12M"
"10013","屏東縣","10013230","車城鄉","10013230-001","福興村",658,1468,755,713,"113Y12M"
"10013","屏東縣","10013230","車城鄉","10013230-002","福安村",271,572,291,281,"113Y12M"
"10013","屏東縣","10013230","車城鄉","10013230-003","田中村",273,650,349,301,"113Y12M"
"10013","屏東縣","10013230","車城鄉","10013230-004","海口村",327,722,385,337,"113Y12M"
"10013","屏東縣","10013230","車城鄉","10013230-005","統埔村",170,374,210,164,"113Y12M"
"10013","屏東縣","10013230","車城鄉","10013230-006","溫泉村",406,861,472,389,"113Y12M"
"10013","屏東縣","10013230","車城鄉","10013230-007","保力村",599,1308,699,609,"113Y12M"
"10013","屏東縣","10013230","車城鄉","10013230-008","新街村",181,437,221,216,"113Y12M"
"10013","屏東縣","10013230","車城鄉","10013230-009","埔墘村",191,466,271,195,"113Y12M"
"10013","屏東縣","10013230","車城鄉","10013230-010","射寮村",233,572,311,261,"113Y12M"
"10013","屏東縣","10013230","車城鄉","10013230-011","後灣村",211,412,229,183,"113Y12M"
"10013","屏東縣","10013240","滿州鄉","10013240-001","滿州村",641,1526,859,667,"113Y12M"
"10013","屏東縣","10013240","滿州鄉","10013240-002","里德村",184,414,203,211,"113Y12M"
"10013","屏東縣","10013240","滿州鄉","10013240-003","永靖村",535,1263,716,547,"113Y12M"
"10013","屏東縣","10013240","滿州鄉","10013240-004","港口村",535,1240,661,579,"113Y12M"
"10013","屏東縣","10013240","滿州鄉","10013240-005","?林村",242,589,308,281,"113Y12M"
"10013","屏東縣","10013240","滿州鄉","10013240-006","長樂村",549,1359,720,639,"113Y12M"
"10013","屏東縣","10013240","滿州鄉","10013240-007","九棚村",160,377,208,169,"113Y12M"
"10013","屏東縣","10013240","滿州鄉","10013240-008","港仔村",145,295,156,139,"113Y12M"
"10013","屏東縣","10013250","枋山鄉","10013250-001","枋山村",441,1050,577,473,"113Y12M"
"10013","屏東縣","10013250","枋山鄉","10013250-002","加祿村",749,2038,1012,1026,"113Y12M"
"10013","屏東縣","10013250","枋山鄉","10013250-003","楓港村",413,982,502,480,"113Y12M"
"10013","屏東縣","10013250","枋山鄉","10013250-004","善餘村",419,896,487,409,"113Y12M"
"10013","屏東縣","10013260","三地門鄉","10013260-001","三地村",534,1700,835,865,"113Y12M"
"10013","屏東縣","10013260","三地門鄉","10013260-002","達來村",134,403,223,180,"113Y12M"
"10013","屏東縣","10013260","三地門鄉","10013260-003","德文村",225,637,315,322,"113Y12M"
"10013","屏東縣","10013260","三地門鄉","10013260-004","大社村",249,794,415,379,"113Y12M"
"10013","屏東縣","10013260","三地門鄉","10013260-005","賽嘉村",259,884,441,443,"113Y12M"
"10013","屏東縣","10013260","三地門鄉","10013260-006","口社村",223,702,339,363,"113Y12M"
"10013","屏東縣","10013260","三地門鄉","10013260-007","馬兒村",125,385,192,193,"113Y12M"
"10013","屏東縣","10013260","三地門鄉","10013260-008","安坡村",175,577,284,293,"113Y12M"
"10013","屏東縣","10013260","三地門鄉","10013260-009","青山村",286,853,427,426,"113Y12M"
"10013","屏東縣","10013260","三地門鄉","10013260-010","青葉村",236,748,352,396,"113Y12M"
"10013","屏東縣","10013270","霧臺鄉","10013270-001","霧台村",425,1225,633,592,"113Y12M"
"10013","屏東縣","10013270","霧臺鄉","10013270-002","阿禮村",122,323,164,159,"113Y12M"
"10013","屏東縣","10013270","霧臺鄉","10013270-003","吉露村",80,192,101,91,"113Y12M"
"10013","屏東縣","10013270","霧臺鄉","10013270-004","大武村",165,503,260,243,"113Y12M"
"10013","屏東縣","10013270","霧臺鄉","10013270-005","佳暮村",134,428,209,219,"113Y12M"
"10013","屏東縣","10013270","霧臺鄉","10013270-006","好茶村",189,564,280,284,"113Y12M"
"10013","屏東縣","10013280","瑪家鄉","10013280-001","瑪家村",179,501,257,244,"113Y12M"
"10013","屏東縣","10013280","瑪家鄉","10013280-002","北葉村",330,929,487,442,"113Y12M"
"10013","屏東縣","10013280","瑪家鄉","10013280-003","?山村",364,1252,655,597,"113Y12M"
"10013","屏東縣","10013280","瑪家鄉","10013280-004","佳義村",317,1066,521,545,"113Y12M"
"10013","屏東縣","10013280","瑪家鄉","10013280-005","排灣村",161,525,262,263,"113Y12M"
"10013","屏東縣","10013280","瑪家鄉","10013280-006","三和村",872,2423,1181,1242,"113Y12M"
"10013","屏東縣","10013290","泰武鄉","10013290-001","佳平村",298,982,503,479,"113Y12M"
"10013","屏東縣","10013290","泰武鄉","10013290-002","武潭村",321,1190,591,599,"113Y12M"
"10013","屏東縣","10013290","泰武鄉","10013290-003","平和村",199,761,372,389,"113Y12M"
"10013","屏東縣","10013290","泰武鄉","10013290-004","佳興村",161,438,237,201,"113Y12M"
"10013","屏東縣","10013290","泰武鄉","10013290-005","泰武村",251,914,483,431,"113Y12M"
"10013","屏東縣","10013290","泰武鄉","10013290-006","萬安村",281,974,504,470,"113Y12M"
"10013","屏東縣","10013300","來義鄉","10013300-001","來義村",345,1114,549,565,"113Y12M"
"10013","屏東縣","10013300","來義鄉","10013300-002","義林村",192,680,347,333,"113Y12M"
"10013","屏東縣","10013300","來義鄉","10013300-003","丹林村",275,862,416,446,"113Y12M"
"10013","屏東縣","10013300","來義鄉","10013300-004","古樓村",419,1300,659,641,"113Y12M"
"10013","屏東縣","10013300","來義鄉","10013300-005","文樂村",317,985,467,518,"113Y12M"
"10013","屏東縣","10013300","來義鄉","10013300-006","望嘉村",316,1025,509,516,"113Y12M"
"10013","屏東縣","10013300","來義鄉","10013300-007","南和村",471,1389,707,682,"113Y12M"
"10013","屏東縣","10013310","春日鄉","10013310-001","春日村",388,1198,616,582,"113Y12M"
"10013","屏東縣","10013310","春日鄉","10013310-002","古華村",255,810,411,399,"113Y12M"
"10013","屏東縣","10013310","春日鄉","10013310-003","士文村",99,374,193,181,"113Y12M"
"10013","屏東縣","10013310","春日鄉","10013310-004","七佳村",347,1113,562,551,"113Y12M"
"10013","屏東縣","10013310","春日鄉","10013310-005","歸崇村",254,773,369,404,"113Y12M"
"10013","屏東縣","10013310","春日鄉","10013310-006","力里村",167,592,309,283,"113Y12M"
"10013","屏東縣","10013320","獅子鄉","10013320-001","楓林村",302,818,432,386,"113Y12M"
"10013","屏東縣","10013320","獅子鄉","10013320-002","丹路村",314,918,479,439,"113Y12M"
"10013","屏東縣","10013320","獅子鄉","10013320-003","草埔村",255,695,339,356,"113Y12M"
"10013","屏東縣","10013320","獅子鄉","10013320-004","內文村",94,249,126,123,"113Y12M"
"10013","屏東縣","10013320","獅子鄉","10013320-005","竹坑村",124,332,178,154,"113Y12M"
"10013","屏東縣","10013320","獅子鄉","10013320-006","獅子村",204,615,305,310,"113Y12M"
"10013","屏東縣","10013320","獅子鄉","10013320-007","內獅村",237,815,420,395,"113Y12M"
"10013","屏東縣","10013320","獅子鄉","10013320-008","南世村",136,463,233,230,"113Y12M"
"10013","屏東縣","10013330","牡丹鄉","10013330-001","石門村",811,1819,887,932,"113Y12M"
"10013","屏東縣","10013330","牡丹鄉","10013330-002","牡丹村",335,745,357,388,"113Y12M"
"10013","屏東縣","10013330","牡丹鄉","10013330-003","東源村",206,487,235,252,"113Y12M"
"10013","屏東縣","10013330","牡丹鄉","10013330-004","旭海村",211,459,225,234,"113Y12M"
"10013","屏東縣","10013330","牡丹鄉","10013330-005","高士村",245,631,312,319,"113Y12M"
"10013","屏東縣","10013330","牡丹鄉","10013330-006","四林村",253,566,319,247,"113Y12M"
"10014","臺東縣","10014010","臺東市","10014010-001","富岡里",1070,2514,1329,1185,"113Y12M"
"10014","臺東縣","10014010","臺東市","10014010-003","岩灣里",1276,2524,1258,1266,"113Y12M"
"10014","臺東縣","10014010","臺東市","10014010-004","南王里",1313,3206,1613,1593,"113Y12M"
"10014","臺東縣","10014010","臺東市","10014010-005","卑南里",1403,3299,1615,1684,"113Y12M"
"10014","臺東縣","10014010","臺東市","10014010-006","南榮里",1163,3002,1562,1440,"113Y12M"
"10014","臺東縣","10014010","臺東市","10014010-007","新生里",1672,3935,1905,2030,"113Y12M"
"10014","臺東縣","10014010","臺東市","10014010-008","民生里",1386,3014,1427,1587,"113Y12M"
"10014","臺東縣","10014010","臺東市","10014010-009","寶桑里",656,1563,774,789,"113Y12M"
"10014","臺東縣","10014010","臺東市","10014010-010","馬蘭里",1054,2986,1453,1533,"113Y12M"
"10014","臺東縣","10014010","臺東市","10014010-011","中心里",1381,3896,1878,2018,"113Y12M"
"10014","臺東縣","10014010","臺東市","10014010-012","自強里",1522,4342,2093,2249,"113Y12M"
"10014","臺東縣","10014010","臺東市","10014010-013","民族里",1161,3456,1631,1825,"113Y12M"
"10014","臺東縣","10014010","臺東市","10014010-015","中華里",1060,2519,1262,1257,"113Y12M"
"10014","臺東縣","10014010","臺東市","10014010-017","建國里",843,1949,987,962,"113Y12M"
"10014","臺東縣","10014010","臺東市","10014010-020","中正里",1065,2255,1109,1146,"113Y12M"
"10014","臺東縣","10014010","臺東市","10014010-022","成功里",904,1995,961,1034,"113Y12M"
"10014","臺東縣","10014010","臺東市","10014010-023","文化里",959,2264,1242,1022,"113Y12M"
"10014","臺東縣","10014010","臺東市","10014010-024","中山里",881,2105,1018,1087,"113Y12M"
"10014","臺東縣","10014010","臺東市","10014010-029","新園里",778,1857,961,896,"113Y12M"
"10014","臺東縣","10014010","臺東市","10014010-030","豐田里",1124,2686,1285,1401,"113Y12M"
"10014","臺東縣","10014010","臺東市","10014010-031","豐年里",1561,3637,1842,1795,"113Y12M"
"10014","臺東縣","10014010","臺東市","10014010-032","光明里",1380,3267,1463,1804,"113Y12M"
"10014","臺東縣","10014010","臺東市","10014010-033","豐樂里",736,2109,1065,1044,"113Y12M"
"10014","臺東縣","10014010","臺東市","10014010-034","永樂里",1181,3251,1640,1611,"113Y12M"
"10014","臺東縣","10014010","臺東市","10014010-035","康樂里",683,1686,869,817,"113Y12M"
"10014","臺東縣","10014010","臺東市","10014010-036","東海里",970,2481,1183,1298,"113Y12M"
"10014","臺東縣","10014010","臺東市","10014010-037","新興里",675,1548,776,772,"113Y12M"
"10014","臺東縣","10014010","臺東市","10014010-038","豐榮里",1465,3408,1659,1749,"113Y12M"
"10014","臺東縣","10014010","臺東市","10014010-039","豐谷里",1509,3911,1945,1966,"113Y12M"
"10014","臺東縣","10014010","臺東市","10014010-040","豐里里",975,2620,1334,1286,"113Y12M"
"10014","臺東縣","10014010","臺東市","10014010-041","豐原里",519,1368,733,635,"113Y12M"
"10014","臺東縣","10014010","臺東市","10014010-042","建和里",605,1500,771,729,"113Y12M"
"10014","臺東縣","10014010","臺東市","10014010-043","建興里",576,1354,661,693,"113Y12M"
"10014","臺東縣","10014010","臺東市","10014010-045","知本里",1094,2620,1327,1293,"113Y12M"
"10014","臺東縣","10014010","臺東市","10014010-046","建農里",906,2298,1184,1114,"113Y12M"
"10014","臺東縣","10014010","臺東市","10014010-047","仁和里",1522,3474,1629,1845,"113Y12M"
"10014","臺東縣","10014010","臺東市","10014010-048","豐安里",1513,3367,1546,1821,"113Y12M"
"10014","臺東縣","10014010","臺東市","10014010-049","豐盛里",1560,3849,1864,1985,"113Y12M"
"10014","臺東縣","10014020","成功鎮","10014020-001","博愛里",309,593,338,255,"113Y12M"
"10014","臺東縣","10014020","成功鎮","10014020-002","忠孝里",450,950,475,475,"113Y12M"
"10014","臺東縣","10014020","成功鎮","10014020-003","三仙里",621,1420,796,624,"113Y12M"
"10014","臺東縣","10014020","成功鎮","10014020-004","三民里",1149,2855,1453,1402,"113Y12M"
"10014","臺東縣","10014020","成功鎮","10014020-005","忠智里",800,2129,1076,1053,"113Y12M"
"10014","臺東縣","10014020","成功鎮","10014020-006","忠仁里",921,2344,1203,1141,"113Y12M"
"10014","臺東縣","10014020","成功鎮","10014020-007","和平里",363,738,409,329,"113Y12M"
"10014","臺東縣","10014020","成功鎮","10014020-008","信義里",835,1897,1035,862,"113Y12M"
"10014","臺東縣","10014030","關山鎮","10014030-001","德高里",707,1775,939,836,"113Y12M"
"10014","臺東縣","10014030","關山鎮","10014030-002","豐泉里",506,1296,633,663,"113Y12M"
"10014","臺東縣","10014030","關山鎮","10014030-003","新福里",412,983,521,462,"113Y12M"
"10014","臺東縣","10014030","關山鎮","10014030-004","中福里",332,831,411,420,"113Y12M"
"10014","臺東縣","10014030","關山鎮","10014030-005","里?里",711,1778,866,912,"113Y12M"
"10014","臺東縣","10014030","關山鎮","10014030-006","電光里",223,567,320,247,"113Y12M"
"10014","臺東縣","10014030","關山鎮","10014030-007","月眉里",303,724,407,317,"113Y12M"
"10014","臺東縣","10014040","卑南鄉","10014040-001","嘉豐村",212,503,280,223,"113Y12M"
"10014","臺東縣","10014040","卑南鄉","10014040-002","利吉村",208,462,251,211,"113Y12M"
"10014","臺東縣","10014040","卑南鄉","10014040-003","富山村",242,500,271,229,"113Y12M"
"10014","臺東縣","10014040","卑南鄉","10014040-004","富源村",158,325,183,142,"113Y12M"
"10014","臺東縣","10014040","卑南鄉","10014040-005","明峰村",518,1218,654,564,"113Y12M"
"10014","臺東縣","10014040","卑南鄉","10014040-006","初鹿村",531,1318,677,641,"113Y12M"
"10014","臺東縣","10014040","卑南鄉","10014040-007","美農村",513,1113,614,499,"113Y12M"
"10014","臺東縣","10014040","卑南鄉","10014040-008","賓朗村",954,2338,1216,1122,"113Y12M"
"10014","臺東縣","10014040","卑南鄉","10014040-009","泰安村",551,1371,682,689,"113Y12M"
"10014","臺東縣","10014040","卑南鄉","10014040-010","太平村",1479,3547,1797,1750,"113Y12M"
"10014","臺東縣","10014040","卑南鄉","10014040-011","利嘉村",483,1246,632,614,"113Y12M"
"10014","臺東縣","10014040","卑南鄉","10014040-012","東興村",516,1352,710,642,"113Y12M"
"10014","臺東縣","10014040","卑南鄉","10014040-013","溫泉村",579,1179,628,551,"113Y12M"
"10014","臺東縣","10014050","鹿野鄉","10014050-001","瑞和村",256,669,348,321,"113Y12M"
"10014","臺東縣","10014050","鹿野鄉","10014050-002","瑞豐村",391,887,480,407,"113Y12M"
"10014","臺東縣","10014050","鹿野鄉","10014050-003","瑞源村",391,909,462,447,"113Y12M"
"10014","臺東縣","10014050","鹿野鄉","10014050-004","永安村",631,1491,810,681,"113Y12M"
"10014","臺東縣","10014050","鹿野鄉","10014050-005","瑞隆村",396,908,475,433,"113Y12M"
"10014","臺東縣","10014050","鹿野鄉","10014050-006","鹿野村",468,1077,539,538,"113Y12M"
"10014","臺東縣","10014050","鹿野鄉","10014050-007","龍田村",490,1106,599,507,"113Y12M"
"10014","臺東縣","10014060","池上鄉","10014060-001","福文村",496,1192,627,565,"113Y12M"
"10014","臺東縣","10014060","池上鄉","10014060-002","慶豐村",256,706,371,335,"113Y12M"
"10014","臺東縣","10014060","池上鄉","10014060-003","大坡村",143,351,186,165,"113Y12M"
"10014","臺東縣","10014060","池上鄉","10014060-004","大埔村",336,838,414,424,"113Y12M"
"10014","臺東縣","10014060","池上鄉","10014060-005","福原村",882,2170,1032,1138,"113Y12M"
"10014","臺東縣","10014060","池上鄉","10014060-006","錦園村",151,338,182,156,"113Y12M"
"10014","臺東縣","10014060","池上鄉","10014060-007","新興村",381,893,486,407,"113Y12M"
"10014","臺東縣","10014060","池上鄉","10014060-008","萬安村",145,335,172,163,"113Y12M"
"10014","臺東縣","10014060","池上鄉","10014060-009","富興村",161,401,220,181,"113Y12M"
"10014","臺東縣","10014060","池上鄉","10014060-010","振興村",196,472,251,221,"113Y12M"
"10014","臺東縣","10014070","東河鄉","10014070-001","北源村",819,1556,962,594,"113Y12M"
"10014","臺東縣","10014070","東河鄉","10014070-002","泰源村",510,1218,641,577,"113Y12M"
"10014","臺東縣","10014070","東河鄉","10014070-003","東河村",451,1033,563,470,"113Y12M"
"10014","臺東縣","10014070","東河鄉","10014070-004","尚德村",127,248,144,104,"113Y12M"
"10014","臺東縣","10014070","東河鄉","10014070-005","隆昌村",260,529,267,262,"113Y12M"
"10014","臺東縣","10014070","東河鄉","10014070-006","興昌村",494,991,512,479,"113Y12M"
"10014","臺東縣","10014070","東河鄉","10014070-007","都蘭村",993,2247,1163,1084,"113Y12M"
"10014","臺東縣","10014080","長濱鄉","10014080-001","樟原村",280,574,321,253,"113Y12M"
"10014","臺東縣","10014080","長濱鄉","10014080-002","三間村",529,1201,684,517,"113Y12M"
"10014","臺東縣","10014080","長濱鄉","10014080-003","忠勇村",234,560,332,228,"113Y12M"
"10014","臺東縣","10014080","長濱鄉","10014080-004","長濱村",884,2094,1092,1002,"113Y12M"
"10014","臺東縣","10014080","長濱鄉","10014080-005","竹湖村",393,891,493,398,"113Y12M"
"10014","臺東縣","10014080","長濱鄉","10014080-006","寧埔村",580,1218,697,521,"113Y12M"
"10014","臺東縣","10014090","太麻里鄉","10014090-001","美和村",567,1407,749,658,"113Y12M"
"10014","臺東縣","10014090","太麻里鄉","10014090-002","三和村",269,598,320,278,"113Y12M"
"10014","臺東縣","10014090","太麻里鄉","10014090-003","華源村",323,603,334,269,"113Y12M"
"10014","臺東縣","10014090","太麻里鄉","10014090-004","北里村",316,608,360,248,"113Y12M"
"10014","臺東縣","10014090","太麻里鄉","10014090-005","泰和村",737,1493,759,734,"113Y12M"
"10014","臺東縣","10014090","太麻里鄉","10014090-006","大王村",909,1971,1054,917,"113Y12M"
"10014","臺東縣","10014090","太麻里鄉","10014090-007","香蘭村",384,857,460,397,"113Y12M"
"10014","臺東縣","10014090","太麻里鄉","10014090-008","金崙村",888,2020,1030,990,"113Y12M"
"10014","臺東縣","10014090","太麻里鄉","10014090-009","多良村",490,1012,515,497,"113Y12M"
"10014","臺東縣","10014100","大武鄉","10014100-001","大竹村",382,827,447,380,"113Y12M"
"10014","臺東縣","10014100","大武鄉","10014100-002","大鳥村",525,1219,663,556,"113Y12M"
"10014","臺東縣","10014100","大武鄉","10014100-003","大武村",617,1414,725,689,"113Y12M"
"10014","臺東縣","10014100","大武鄉","10014100-004","尚武村",669,1407,727,680,"113Y12M"
"10014","臺東縣","10014100","大武鄉","10014100-005","南興村",276,598,317,281,"113Y12M"
"10014","臺東縣","10014110","綠島鄉","10014110-001","公?村",368,1211,668,543,"113Y12M"
"10014","臺東縣","10014110","綠島鄉","10014110-002","中寮村",377,1254,640,614,"113Y12M"
"10014","臺東縣","10014110","綠島鄉","10014110-003","南寮村",527,1920,1045,875,"113Y12M"
"10014","臺東縣","10014120","海端鄉","10014120-001","廣原村",251,940,474,466,"113Y12M"
"10014","臺東縣","10014120","海端鄉","10014120-002","霧鹿村",92,351,178,173,"113Y12M"
"10014","臺東縣","10014120","海端鄉","10014120-003","利稻村",85,355,174,181,"113Y12M"
"10014","臺東縣","10014120","海端鄉","10014120-004","海端村",310,1203,630,573,"113Y12M"
"10014","臺東縣","10014120","海端鄉","10014120-005","崁頂村",207,816,448,368,"113Y12M"
"10014","臺東縣","10014120","海端鄉","10014120-006","加拿村",164,635,343,292,"113Y12M"
"10014","臺東縣","10014130","延平鄉","10014130-001","武陵村",228,738,380,358,"113Y12M"
"10014","臺東縣","10014130","延平鄉","10014130-002","永康村",121,402,205,197,"113Y12M"
"10014","臺東縣","10014130","延平鄉","10014130-003","紅葉村",150,504,258,246,"113Y12M"
"10014","臺東縣","10014130","延平鄉","10014130-004","鸞山村",211,688,361,327,"113Y12M"
"10014","臺東縣","10014130","延平鄉","10014130-005","桃源村",368,1225,639,586,"113Y12M"
"10014","臺東縣","10014140","金峰鄉","10014140-001","新興村",214,675,335,340,"113Y12M"
"10014","臺東縣","10014140","金峰鄉","10014140-002","正興村",227,728,358,370,"113Y12M"
"10014","臺東縣","10014140","金峰鄉","10014140-003","嘉蘭村",501,1508,757,751,"113Y12M"
"10014","臺東縣","10014140","金峰鄉","10014140-004","賓茂村",141,370,205,165,"113Y12M"
"10014","臺東縣","10014140","金峰鄉","10014140-005","歷坵村",139,406,195,211,"113Y12M"
"10014","臺東縣","10014150","達仁鄉","10014150-001","台?村",286,698,373,325,"113Y12M"
"10014","臺東縣","10014150","達仁鄉","10014150-002","土?村",364,1007,556,451,"113Y12M"
"10014","臺東縣","10014150","達仁鄉","10014150-003","新化村",157,398,212,186,"113Y12M"
"10014","臺東縣","10014150","達仁鄉","10014150-004","安朔村",313,612,326,286,"113Y12M"
"10014","臺東縣","10014150","達仁鄉","10014150-005","森永村",180,353,196,157,"113Y12M"
"10014","臺東縣","10014150","達仁鄉","10014150-006","南田村",132,341,167,174,"113Y12M"
"10014","臺東縣","10014160","蘭嶼鄉","10014160-001","東清村",580,1628,810,818,"113Y12M"
"10014","臺東縣","10014160","蘭嶼鄉","10014160-002","朗島村",350,958,464,494,"113Y12M"
"10014","臺東縣","10014160","蘭嶼鄉","10014160-003","紅頭村",622,1498,776,722,"113Y12M"
"10014","臺東縣","10014160","蘭嶼鄉","10014160-004","椰油村",457,1193,596,597,"113Y12M"
"10015","花蓮縣","10015010","花蓮市","10015010-001","民立里",780,1861,934,927,"113Y12M"
"10015","花蓮縣","10015010","花蓮市","10015010-002","民運里",1013,2164,1026,1138,"113Y12M"
"10015","花蓮縣","10015010","花蓮市","10015010-003","民族里",216,487,227,260,"113Y12M"
"10015","花蓮縣","10015010","花蓮市","10015010-004","主信里",398,813,363,450,"113Y12M"
"10015","花蓮縣","10015010","花蓮市","10015010-005","主睦里",274,647,303,344,"113Y12M"
"10015","花蓮縣","10015010","花蓮市","10015010-006","主和里",1421,3389,1624,1765,"113Y12M"
"10015","花蓮縣","10015010","花蓮市","10015010-007","國威里",1174,2176,1114,1062,"113Y12M"
"10015","花蓮縣","10015010","花蓮市","10015010-008","國風里",1514,4042,1902,2140,"113Y12M"
"10015","花蓮縣","10015010","花蓮市","10015010-009","民德里",812,1773,822,951,"113Y12M"
"10015","花蓮縣","10015010","花蓮市","10015010-010","民意里",982,2127,1104,1023,"113Y12M"
"10015","花蓮縣","10015010","花蓮市","10015010-012","主義里",213,501,255,246,"113Y12M"
"10015","花蓮縣","10015010","花蓮市","10015010-013","主工里",251,635,307,328,"113Y12M"
"10015","花蓮縣","10015010","花蓮市","10015010-014","主農里",1633,4239,2015,2224,"113Y12M"
"10015","花蓮縣","10015010","花蓮市","10015010-015","國治里",457,1056,499,557,"113Y12M"
"10015","花蓮縣","10015010","花蓮市","10015010-016","國富里",2387,5365,2565,2800,"113Y12M"
"10015","花蓮縣","10015010","花蓮市","10015010-017","民政里",1852,4136,1862,2274,"113Y12M"
"10015","花蓮縣","10015010","花蓮市","10015010-018","民勤里",1618,3965,1846,2119,"113Y12M"
"10015","花蓮縣","10015010","花蓮市","10015010-019","民生里",552,1207,544,663,"113Y12M"
"10015","花蓮縣","10015010","花蓮市","10015010-020","主商里",242,626,306,320,"113Y12M"
"10015","花蓮縣","10015010","花蓮市","10015010-021","主學里",903,2238,1079,1159,"113Y12M"
"10015","花蓮縣","10015010","花蓮市","10015010-022","國光里",593,1354,708,646,"113Y12M"
"10015","花蓮縣","10015010","花蓮市","10015010-023","國聯里",1575,3127,1494,1633,"113Y12M"
"10015","花蓮縣","10015010","花蓮市","10015010-024","國強里",882,2171,1062,1109,"113Y12M"
"10015","花蓮縣","10015010","花蓮市","10015010-025","民心里",428,1059,548,511,"113Y12M"
"10015","花蓮縣","10015010","花蓮市","10015010-026","民樂里",317,702,325,377,"113Y12M"
"10015","花蓮縣","10015010","花蓮市","10015010-027","民主里",326,701,345,356,"113Y12M"
"10015","花蓮縣","10015010","花蓮市","10015010-028","主勤里",394,925,422,503,"113Y12M"
"10015","花蓮縣","10015010","花蓮市","10015010-029","主力里",1308,3019,1434,1585,"113Y12M"
"10015","花蓮縣","10015010","花蓮市","10015010-030","國安里",265,566,273,293,"113Y12M"
"10015","花蓮縣","10015010","花蓮市","10015010-031","國魂里",897,2215,1046,1169,"113Y12M"
"10015","花蓮縣","10015010","花蓮市","10015010-032","國慶里",519,1216,610,606,"113Y12M"
"10015","花蓮縣","10015010","花蓮市","10015010-033","民享里",1562,3511,1667,1844,"113Y12M"
"10015","花蓮縣","10015010","花蓮市","10015010-034","民有里",254,670,324,346,"113Y12M"
"10015","花蓮縣","10015010","花蓮市","10015010-035","民權里",195,493,239,254,"113Y12M"
"10015","花蓮縣","10015010","花蓮市","10015010-036","主計里",422,913,447,466,"113Y12M"
"10015","花蓮縣","10015010","花蓮市","10015010-037","主權里",2530,6250,2897,3353,"113Y12M"
"10015","花蓮縣","10015010","花蓮市","10015010-038","國華里",1072,2675,1267,1408,"113Y12M"
"10015","花蓮縣","10015010","花蓮市","10015010-039","國防里",407,968,470,498,"113Y12M"
"10015","花蓮縣","10015010","花蓮市","10015010-040","國福里",637,1605,812,793,"113Y12M"
"10015","花蓮縣","10015010","花蓮市","10015010-041","國裕里",2215,4947,2330,2617,"113Y12M"
"10015","花蓮縣","10015010","花蓮市","10015010-042","主安里",1159,2967,1403,1564,"113Y12M"
"10015","花蓮縣","10015010","花蓮市","10015010-043","國盛里",2123,4152,1924,2228,"113Y12M"
"10015","花蓮縣","10015010","花蓮市","10015010-044","國興里",2009,4928,2380,2548,"113Y12M"
"10015","花蓮縣","10015010","花蓮市","10015010-045","民孝里",1659,3743,1838,1905,"113Y12M"
"10015","花蓮縣","10015020","鳳林鎮","10015020-001","鳳仁里",532,1329,669,660,"113Y12M"
"10015","花蓮縣","10015020","鳳林鎮","10015020-002","鳳義里",277,642,337,305,"113Y12M"
"10015","花蓮縣","10015020","鳳林鎮","10015020-003","鳳禮里",237,576,287,289,"113Y12M"
"10015","花蓮縣","10015020","鳳林鎮","10015020-004","鳳智里",498,1195,586,609,"113Y12M"
"10015","花蓮縣","10015020","鳳林鎮","10015020-005","鳳信里",598,1525,788,737,"113Y12M"
"10015","花蓮縣","10015020","鳳林鎮","10015020-006","山興里",275,559,289,270,"113Y12M"
"10015","花蓮縣","10015020","鳳林鎮","10015020-007","大榮里",565,1404,749,655,"113Y12M"
"10015","花蓮縣","10015020","鳳林鎮","10015020-008","北林里",254,607,328,279,"113Y12M"
"10015","花蓮縣","10015020","鳳林鎮","10015020-009","南平里",269,545,295,250,"113Y12M"
"10015","花蓮縣","10015020","鳳林鎮","10015020-010","林榮里",361,845,437,408,"113Y12M"
"10015","花蓮縣","10015020","鳳林鎮","10015020-011","長橋里",468,1004,535,469,"113Y12M"
"10015","花蓮縣","10015020","鳳林鎮","10015020-012","森榮里",27,75,36,39,"113Y12M"
"10015","花蓮縣","10015030","玉里鎮","10015030-001","中城里",2414,5977,2901,3076,"113Y12M"
"10015","花蓮縣","10015030","玉里鎮","10015030-002","啟模里",742,1678,837,841,"113Y12M"
"10015","花蓮縣","10015030","玉里鎮","10015030-003","永昌里",530,1316,696,620,"113Y12M"
"10015","花蓮縣","10015030","玉里鎮","10015030-004","泰昌里",462,1276,674,602,"113Y12M"
"10015","花蓮縣","10015030","玉里鎮","10015030-005","國武里",488,1211,594,617,"113Y12M"
"10015","花蓮縣","10015030","玉里鎮","10015030-006","源城里",501,1265,709,556,"113Y12M"
"10015","花蓮縣","10015030","玉里鎮","10015030-007","長良里",286,644,360,284,"113Y12M"
"10015","花蓮縣","10015030","玉里鎮","10015030-008","樂合里",450,990,561,429,"113Y12M"
"10015","花蓮縣","10015030","玉里鎮","10015030-009","東豐里",222,540,296,244,"113Y12M"
"10015","花蓮縣","10015030","玉里鎮","10015030-010","觀音里",681,1599,859,740,"113Y12M"
"10015","花蓮縣","10015030","玉里鎮","10015030-011","松浦里",604,1478,835,643,"113Y12M"
"10015","花蓮縣","10015030","玉里鎮","10015030-012","春日里",374,894,496,398,"113Y12M"
"10015","花蓮縣","10015030","玉里鎮","10015030-013","德武里",302,791,440,351,"113Y12M"
"10015","花蓮縣","10015030","玉里鎮","10015030-014","三民里",404,900,503,397,"113Y12M"
"10015","花蓮縣","10015030","玉里鎮","10015030-015","大禹里",482,1111,579,532,"113Y12M"
"10015","花蓮縣","10015040","新城鄉","10015040-001","新城村",578,1283,651,632,"113Y12M"
"10015","花蓮縣","10015040","新城鄉","10015040-002","順安村",382,969,526,443,"113Y12M"
"10015","花蓮縣","10015040","新城鄉","10015040-003","康樂村",1049,2652,1293,1359,"113Y12M"
"10015","花蓮縣","10015040","新城鄉","10015040-004","北埔村",1542,3644,1859,1785,"113Y12M"
"10015","花蓮縣","10015040","新城鄉","10015040-005","佳林村",440,1073,563,510,"113Y12M"
"10015","花蓮縣","10015040","新城鄉","10015040-006","嘉里村",1778,4348,2160,2188,"113Y12M"
"10015","花蓮縣","10015040","新城鄉","10015040-007","嘉新村",627,1453,708,745,"113Y12M"
"10015","花蓮縣","10015040","新城鄉","10015040-008","大漢村",1175,2871,1469,1402,"113Y12M"
"10015","花蓮縣","10015040","新城鄉","10015040-009","新秀村",976,2030,1011,1019,"113Y12M"
"10015","花蓮縣","10015050","吉安鄉","10015050-001","北昌村",3537,8808,4094,4714,"113Y12M"
"10015","花蓮縣","10015050","吉安鄉","10015050-002","勝安村",2405,5929,2924,3005,"113Y12M"
"10015","花蓮縣","10015050","吉安鄉","10015050-003","太昌村",1662,4072,2084,1988,"113Y12M"
"10015","花蓮縣","10015050","吉安鄉","10015050-004","永安村",1968,4633,2274,2359,"113Y12M"
"10015","花蓮縣","10015050","吉安鄉","10015050-005","慶豐村",3176,7894,3924,3970,"113Y12M"
"10015","花蓮縣","10015050","吉安鄉","10015050-006","吉安村",2557,6064,3064,3000,"113Y12M"
"10015","花蓮縣","10015050","吉安鄉","10015050-007","福興村",1344,3413,1697,1716,"113Y12M"
"10015","花蓮縣","10015050","吉安鄉","10015050-008","南華村",702,1684,883,801,"113Y12M"
"10015","花蓮縣","10015050","吉安鄉","10015050-009","干城村",684,1398,769,629,"113Y12M"
"10015","花蓮縣","10015050","吉安鄉","10015050-010","永興村",1391,3394,1727,1667,"113Y12M"
"10015","花蓮縣","10015050","吉安鄉","10015050-011","稻香村",1411,3661,1874,1787,"113Y12M"
"10015","花蓮縣","10015050","吉安鄉","10015050-012","南昌村",1901,4909,2391,2518,"113Y12M"
"10015","花蓮縣","10015050","吉安鄉","10015050-013","宜昌村",1829,4576,2224,2352,"113Y12M"
"10015","花蓮縣","10015050","吉安鄉","10015050-014","仁里村",2807,6728,3249,3479,"113Y12M"
"10015","花蓮縣","10015050","吉安鄉","10015050-015","東昌村",2611,6095,3048,3047,"113Y12M"
"10015","花蓮縣","10015050","吉安鄉","10015050-016","仁安村",1086,2613,1335,1278,"113Y12M"
"10015","花蓮縣","10015050","吉安鄉","10015050-017","仁和村",2083,4990,2543,2447,"113Y12M"
"10015","花蓮縣","10015050","吉安鄉","10015050-018","光華村",987,2274,1156,1118,"113Y12M"
"10015","花蓮縣","10015060","壽豐鄉","10015060-001","樹湖村",161,343,191,152,"113Y12M"
"10015","花蓮縣","10015060","壽豐鄉","10015060-002","溪口村",442,1072,528,544,"113Y12M"
"10015","花蓮縣","10015060","壽豐鄉","10015060-003","豐山村",879,2054,1099,955,"113Y12M"
"10015","花蓮縣","10015060","壽豐鄉","10015060-004","豐裡村",584,1372,743,629,"113Y12M"
"10015","花蓮縣","10015060","壽豐鄉","10015060-005","豐坪村",409,971,520,451,"113Y12M"
"10015","花蓮縣","10015060","壽豐鄉","10015060-006","共和村",379,805,421,384,"113Y12M"
"10015","花蓮縣","10015060","壽豐鄉","10015060-007","壽豐村",754,1744,920,824,"113Y12M"
"10015","花蓮縣","10015060","壽豐鄉","10015060-008","光榮村",342,876,474,402,"113Y12M"
"10015","花蓮縣","10015060","壽豐鄉","10015060-009","池南村",370,735,394,341,"113Y12M"
"10015","花蓮縣","10015060","壽豐鄉","10015060-010","平和村",671,1487,807,680,"113Y12M"
"10015","花蓮縣","10015060","壽豐鄉","10015060-011","志學村",1324,2882,1451,1431,"113Y12M"
"10015","花蓮縣","10015060","壽豐鄉","10015060-012","米棧村",138,273,144,129,"113Y12M"
"10015","花蓮縣","10015060","壽豐鄉","10015060-013","月眉村",394,901,486,415,"113Y12M"
"10015","花蓮縣","10015060","壽豐鄉","10015060-014","水璉村",360,713,401,312,"113Y12M"
"10015","花蓮縣","10015060","壽豐鄉","10015060-015","鹽寮村",254,509,282,227,"113Y12M"
"10015","花蓮縣","10015070","光復鄉","10015070-001","大安村",398,871,434,437,"113Y12M"
"10015","花蓮縣","10015070","光復鄉","10015070-002","大華村",615,1309,680,629,"113Y12M"
"10015","花蓮縣","10015070","光復鄉","10015070-003","大平村",425,979,497,482,"113Y12M"
"10015","花蓮縣","10015070","光復鄉","10015070-004","大馬村",473,1084,575,509,"113Y12M"
"10015","花蓮縣","10015070","光復鄉","10015070-005","大同村",489,1105,573,532,"113Y12M"
"10015","花蓮縣","10015070","光復鄉","10015070-006","大進村",201,445,230,215,"113Y12M"
"10015","花蓮縣","10015070","光復鄉","10015070-007","大全村",312,781,414,367,"113Y12M"
"10015","花蓮縣","10015070","光復鄉","10015070-008","大興村",199,506,279,227,"113Y12M"
"10015","花蓮縣","10015070","光復鄉","10015070-009","大富村",134,291,157,134,"113Y12M"
"10015","花蓮縣","10015070","光復鄉","10015070-010","大豐村",190,407,236,171,"113Y12M"
"10015","花蓮縣","10015070","光復鄉","10015070-011","東富村",395,1018,564,454,"113Y12M"
"10015","花蓮縣","10015070","光復鄉","10015070-012","西富村",403,948,509,439,"113Y12M"
"10015","花蓮縣","10015070","光復鄉","10015070-013","南富村",346,852,441,411,"113Y12M"
"10015","花蓮縣","10015070","光復鄉","10015070-014","北富村",370,938,502,436,"113Y12M"
"10015","花蓮縣","10015080","豐濱鄉","10015080-001","豐濱村",699,1691,945,746,"113Y12M"
"10015","花蓮縣","10015080","豐濱鄉","10015080-002","新社村",250,613,344,269,"113Y12M"
"10015","花蓮縣","10015080","豐濱鄉","10015080-003","磯崎村",155,397,213,184,"113Y12M"
"10015","花蓮縣","10015080","豐濱鄉","10015080-004","港口村",325,794,430,364,"113Y12M"
"10015","花蓮縣","10015080","豐濱鄉","10015080-005","靜浦村",268,652,394,258,"113Y12M"
"10015","花蓮縣","10015090","瑞穗鄉","10015090-001","瑞穗村",875,1918,1004,914,"113Y12M"
"10015","花蓮縣","10015090","瑞穗鄉","10015090-002","瑞美村",914,2082,1052,1030,"113Y12M"
"10015","花蓮縣","10015090","瑞穗鄉","10015090-003","瑞良村",257,546,288,258,"113Y12M"
"10015","花蓮縣","10015090","瑞穗鄉","10015090-004","瑞祥村",459,937,495,442,"113Y12M"
"10015","花蓮縣","10015090","瑞穗鄉","10015090-005","瑞北村",267,641,334,307,"113Y12M"
"10015","花蓮縣","10015090","瑞穗鄉","10015090-006","舞鶴村",420,953,506,447,"113Y12M"
"10015","花蓮縣","10015090","瑞穗鄉","10015090-007","鶴岡村",364,899,524,375,"113Y12M"
"10015","花蓮縣","10015090","瑞穗鄉","10015090-008","奇美村",118,328,186,142,"113Y12M"
"10015","花蓮縣","10015090","瑞穗鄉","10015090-009","富源村",355,778,432,346,"113Y12M"
"10015","花蓮縣","10015090","瑞穗鄉","10015090-010","富民村",407,906,479,427,"113Y12M"
"10015","花蓮縣","10015090","瑞穗鄉","10015090-011","富興村",308,596,342,254,"113Y12M"
"10015","花蓮縣","10015100","富里鄉","10015100-001","吳江村",215,470,257,213,"113Y12M"
"10015","花蓮縣","10015100","富里鄉","10015100-002","東里村",473,1074,598,476,"113Y12M"
"10015","花蓮縣","10015100","富里鄉","10015100-003","萬寧村",250,666,368,298,"113Y12M"
"10015","花蓮縣","10015100","富里鄉","10015100-004","新興村",286,624,328,296,"113Y12M"
"10015","花蓮縣","10015100","富里鄉","10015100-005","竹田村",491,1162,602,560,"113Y12M"
"10015","花蓮縣","10015100","富里鄉","10015100-006","羅山村",186,473,242,231,"113Y12M"
"10015","花蓮縣","10015100","富里鄉","10015100-007","石牌村",384,976,511,465,"113Y12M"
"10015","花蓮縣","10015100","富里鄉","10015100-008","明里村",162,398,223,175,"113Y12M"
"10015","花蓮縣","10015100","富里鄉","10015100-009","富里村",622,1440,735,705,"113Y12M"
"10015","花蓮縣","10015100","富里鄉","10015100-010","永豐村",187,445,249,196,"113Y12M"
"10015","花蓮縣","10015100","富里鄉","10015100-011","豐南村",287,645,346,299,"113Y12M"
"10015","花蓮縣","10015100","富里鄉","10015100-012","富南村",216,491,260,231,"113Y12M"
"10015","花蓮縣","10015100","富里鄉","10015100-013","學田村",268,666,362,304,"113Y12M"
"10015","花蓮縣","10015110","秀林鄉","10015110-001","崇德村",582,1861,962,899,"113Y12M"
"10015","花蓮縣","10015110","秀林鄉","10015110-002","富世村",808,2436,1233,1203,"113Y12M"
"10015","花蓮縣","10015110","秀林鄉","10015110-003","秀林村",754,2383,1166,1217,"113Y12M"
"10015","花蓮縣","10015110","秀林鄉","10015110-004","水源村",462,1636,837,799,"113Y12M"
"10015","花蓮縣","10015110","秀林鄉","10015110-005","銅門村",451,1508,778,730,"113Y12M"
"10015","花蓮縣","10015110","秀林鄉","10015110-006","文蘭村",419,1437,748,689,"113Y12M"
"10015","花蓮縣","10015110","秀林鄉","10015110-007","景美村",753,2379,1211,1168,"113Y12M"
"10015","花蓮縣","10015110","秀林鄉","10015110-008","佳民村",410,1332,675,657,"113Y12M"
"10015","花蓮縣","10015110","秀林鄉","10015110-009","和平村",660,2123,1085,1038,"113Y12M"
"10015","花蓮縣","10015120","萬榮鄉","10015120-001","西林村",458,1256,653,603,"113Y12M"
"10015","花蓮縣","10015120","萬榮鄉","10015120-002","見晴村",228,624,329,295,"113Y12M"
"10015","花蓮縣","10015120","萬榮鄉","10015120-003","萬榮村",339,938,484,454,"113Y12M"
"10015","花蓮縣","10015120","萬榮鄉","10015120-004","明利村",283,738,381,357,"113Y12M"
"10015","花蓮縣","10015120","萬榮鄉","10015120-005","馬遠村",392,1290,670,620,"113Y12M"
"10015","花蓮縣","10015120","萬榮鄉","10015120-006","紅葉村",445,1224,643,581,"113Y12M"
"10015","花蓮縣","10015130","卓溪鄉","10015130-001","崙山村",180,670,364,306,"113Y12M"
"10015","花蓮縣","10015130","卓溪鄉","10015130-002","立山村",378,1115,606,509,"113Y12M"
"10015","花蓮縣","10015130","卓溪鄉","10015130-003","太平村",236,857,460,397,"113Y12M"
"10015","花蓮縣","10015130","卓溪鄉","10015130-004","卓溪村",261,906,475,431,"113Y12M"
"10015","花蓮縣","10015130","卓溪鄉","10015130-005","卓清村",354,1241,676,565,"113Y12M"
"10015","花蓮縣","10015130","卓溪鄉","10015130-006","古風村",327,1130,618,512,"113Y12M"
"10016","澎湖縣","10016010","馬公市","10016010-002","復興里",310,473,294,179,"113Y12M"
"10016","澎湖縣","10016010","馬公市","10016010-003","長安里",259,580,274,306,"113Y12M"
"10016","澎湖縣","10016010","馬公市","10016010-004","中央里",246,585,286,299,"113Y12M"
"10016","澎湖縣","10016010","馬公市","10016010-005","啟明里",404,914,434,480,"113Y12M"
"10016","澎湖縣","10016010","馬公市","10016010-006","重慶里",428,991,478,513,"113Y12M"
"10016","澎湖縣","10016010","馬公市","10016010-007","中興里",463,859,452,407,"113Y12M"
"10016","澎湖縣","10016010","馬公市","10016010-008","光復里",916,2120,997,1123,"113Y12M"
"10016","澎湖縣","10016010","馬公市","10016010-009","光榮里",1942,4512,2127,2385,"113Y12M"
"10016","澎湖縣","10016010","馬公市","10016010-010","光明里",590,1279,653,626,"113Y12M"
"10016","澎湖縣","10016010","馬公市","10016010-011","朝陽里",2361,5892,2852,3040,"113Y12M"
"10016","澎湖縣","10016010","馬公市","10016010-012","陽明里",1158,2824,1398,1426,"113Y12M"
"10016","澎湖縣","10016010","馬公市","10016010-013","重光里",670,1709,862,847,"113Y12M"
"10016","澎湖縣","10016010","馬公市","10016010-014","西衛里",3627,7306,3706,3600,"113Y12M"
"10016","澎湖縣","10016010","馬公市","10016010-015","西文里",1551,3941,1985,1956,"113Y12M"
"10016","澎湖縣","10016010","馬公市","10016010-016","東文里",1565,4274,2098,2176,"113Y12M"
"10016","澎湖縣","10016010","馬公市","10016010-017","案山里",977,1973,1133,840,"113Y12M"
"10016","澎湖縣","10016010","馬公市","10016010-018","光華里",595,1206,697,509,"113Y12M"
"10016","澎湖縣","10016010","馬公市","10016010-019","前寮里",459,1204,626,578,"113Y12M"
"10016","澎湖縣","10016010","馬公市","10016010-020","石泉里",1258,3423,1682,1741,"113Y12M"
"10016","澎湖縣","10016010","馬公市","10016010-021","菜園里",202,564,296,268,"113Y12M"
"10016","澎湖縣","10016010","馬公市","10016010-022","東衛里",1079,2622,1376,1246,"113Y12M"
"10016","澎湖縣","10016010","馬公市","10016010-023","安宅里",308,753,390,363,"113Y12M"
"10016","澎湖縣","10016010","馬公市","10016010-024","烏崁里",488,1287,668,619,"113Y12M"
"10016","澎湖縣","10016010","馬公市","10016010-025","興仁里",767,1782,933,849,"113Y12M"
"10016","澎湖縣","10016010","馬公市","10016010-026","鐵線里",360,888,458,430,"113Y12M"
"10016","澎湖縣","10016010","馬公市","10016010-027","山水里",742,1956,983,973,"113Y12M"
"10016","澎湖縣","10016010","馬公市","10016010-028","鎖港里",1192,3025,1547,1478,"113Y12M"
"10016","澎湖縣","10016010","馬公市","10016010-029","五德里",365,580,380,200,"113Y12M"
"10016","澎湖縣","10016010","馬公市","10016010-030","井垵里",138,415,210,205,"113Y12M"
"10016","澎湖縣","10016010","馬公市","10016010-031","?裡里",457,1341,678,663,"113Y12M"
"10016","澎湖縣","10016010","馬公市","10016010-032","風櫃里",514,1516,779,737,"113Y12M"
"10016","澎湖縣","10016010","馬公市","10016010-033","虎井里",374,890,521,369,"113Y12M"
"10016","澎湖縣","10016010","馬公市","10016010-034","桶盤里",120,394,213,181,"113Y12M"
"10016","澎湖縣","10016020","湖西鄉","10016020-001","湖西村",567,1519,765,754,"113Y12M"
"10016","澎湖縣","10016020","湖西鄉","10016020-002","湖東村",161,446,231,215,"113Y12M"
"10016","澎湖縣","10016020","湖西鄉","10016020-003","青螺村",104,258,137,121,"113Y12M"
"10016","澎湖縣","10016020","湖西鄉","10016020-004","白坑村",119,321,165,156,"113Y12M"
"10016","澎湖縣","10016020","湖西鄉","10016020-005","南寮村",297,791,407,384,"113Y12M"
"10016","澎湖縣","10016020","湖西鄉","10016020-006","北寮村",131,366,196,170,"113Y12M"
"10016","澎湖縣","10016020","湖西鄉","10016020-007","紅羅村",342,875,432,443,"113Y12M"
"10016","澎湖縣","10016020","湖西鄉","10016020-008","西溪村",529,945,586,359,"113Y12M"
"10016","澎湖縣","10016020","湖西鄉","10016020-009","成功村",578,1203,624,579,"113Y12M"
"10016","澎湖縣","10016020","湖西鄉","10016020-010","東石村",44,121,60,61,"113Y12M"
"10016","澎湖縣","10016020","湖西鄉","10016020-011","中西村",99,275,133,142,"113Y12M"
"10016","澎湖縣","10016020","湖西鄉","10016020-012","潭邊村",104,337,163,174,"113Y12M"
"10016","澎湖縣","10016020","湖西鄉","10016020-013","鼎灣村",384,667,436,231,"113Y12M"
"10016","澎湖縣","10016020","湖西鄉","10016020-014","許家村",234,565,284,281,"113Y12M"
"10016","澎湖縣","10016020","湖西鄉","10016020-015","沙港村",374,888,417,471,"113Y12M"
"10016","澎湖縣","10016020","湖西鄉","10016020-016","城北村",209,494,269,225,"113Y12M"
"10016","澎湖縣","10016020","湖西鄉","10016020-017","太武村",33,103,45,58,"113Y12M"
"10016","澎湖縣","10016020","湖西鄉","10016020-018","隘門村",520,1121,589,532,"113Y12M"
"10016","澎湖縣","10016020","湖西鄉","10016020-019","林投村",421,1219,631,588,"113Y12M"
"10016","澎湖縣","10016020","湖西鄉","10016020-020","尖山村",321,838,449,389,"113Y12M"
"10016","澎湖縣","10016020","湖西鄉","10016020-021","龍門村",714,1940,936,1004,"113Y12M"
"10016","澎湖縣","10016020","湖西鄉","10016020-022","?葉村",314,832,446,386,"113Y12M"
"10016","澎湖縣","10016030","白沙鄉","10016030-001","中屯村",226,652,321,331,"113Y12M"
"10016","澎湖縣","10016030","白沙鄉","10016030-002","講美村",277,732,366,366,"113Y12M"
"10016","澎湖縣","10016030","白沙鄉","10016030-003","城前村",30,114,54,60,"113Y12M"
"10016","澎湖縣","10016030","白沙鄉","10016030-004","鎮海村",57,176,89,87,"113Y12M"
"10016","澎湖縣","10016030","白沙鄉","10016030-005","港子村",138,310,159,151,"113Y12M"
"10016","澎湖縣","10016030","白沙鄉","10016030-006","岐頭村",98,228,126,102,"113Y12M"
"10016","澎湖縣","10016030","白沙鄉","10016030-007","小赤村",78,201,97,104,"113Y12M"
"10016","澎湖縣","10016030","白沙鄉","10016030-008","赤崁村",771,2101,1053,1048,"113Y12M"
"10016","澎湖縣","10016030","白沙鄉","10016030-009","瓦硐村",149,364,191,173,"113Y12M"
"10016","澎湖縣","10016030","白沙鄉","10016030-010","後寮村",408,866,449,417,"113Y12M"
"10016","澎湖縣","10016030","白沙鄉","10016030-011","通梁村",308,865,441,424,"113Y12M"
"10016","澎湖縣","10016030","白沙鄉","10016030-012","吉貝村",554,1563,834,729,"113Y12M"
"10016","澎湖縣","10016030","白沙鄉","10016030-013","鳥嶼村",432,1347,686,661,"113Y12M"
"10016","澎湖縣","10016030","白沙鄉","10016030-014","員貝村",99,331,183,148,"113Y12M"
"10016","澎湖縣","10016030","白沙鄉","10016030-015","大倉村",87,287,146,141,"113Y12M"
"10016","澎湖縣","10016040","西嶼鄉","10016040-001","橫礁村",117,347,177,170,"113Y12M"
"10016","澎湖縣","10016040","西嶼鄉","10016040-002","合界村",165,440,212,228,"113Y12M"
"10016","澎湖縣","10016040","西嶼鄉","10016040-003","小門村",85,304,159,145,"113Y12M"
"10016","澎湖縣","10016040","西嶼鄉","10016040-004","竹灣村",360,903,468,435,"113Y12M"
"10016","澎湖縣","10016040","西嶼鄉","10016040-005","大池村",293,758,384,374,"113Y12M"
"10016","澎湖縣","10016040","西嶼鄉","10016040-006","二崁村",65,153,78,75,"113Y12M"
"10016","澎湖縣","10016040","西嶼鄉","10016040-007","池東村",315,714,353,361,"113Y12M"
"10016","澎湖縣","10016040","西嶼鄉","10016040-008","池西村",110,237,124,113,"113Y12M"
"10016","澎湖縣","10016040","西嶼鄉","10016040-009","赤馬村",272,660,348,312,"113Y12M"
"10016","澎湖縣","10016040","西嶼鄉","10016040-010","內垵村",532,1416,736,680,"113Y12M"
"10016","澎湖縣","10016040","西嶼鄉","10016040-011","外垵村",840,2275,1153,1122,"113Y12M"
"10016","澎湖縣","10016050","望安鄉","10016050-001","東安村",324,779,445,334,"113Y12M"
"10016","澎湖縣","10016050","望安鄉","10016050-002","西安村",214,529,269,260,"113Y12M"
"10016","澎湖縣","10016050","望安鄉","10016050-003","中社村",149,381,225,156,"113Y12M"
"10016","澎湖縣","10016050","望安鄉","10016050-004","水垵村",196,538,285,253,"113Y12M"
"10016","澎湖縣","10016050","望安鄉","10016050-005","將軍村",586,1573,813,760,"113Y12M"
"10016","澎湖縣","10016050","望安鄉","10016050-006","東坪村",188,700,366,334,"113Y12M"
"10016","澎湖縣","10016050","望安鄉","10016050-007","西坪村",95,257,155,102,"113Y12M"
"10016","澎湖縣","10016050","望安鄉","10016050-008","東吉村",147,321,171,150,"113Y12M"
"10016","澎湖縣","10016050","望安鄉","10016050-009","花嶼村",137,346,184,162,"113Y12M"
"10016","澎湖縣","10016060","七美鄉","10016060-001","東湖村",129,290,146,144,"113Y12M"
"10016","澎湖縣","10016060","七美鄉","10016060-002","西湖村",290,655,338,317,"113Y12M"
"10016","澎湖縣","10016060","七美鄉","10016060-003","中和村",318,750,359,391,"113Y12M"
"10016","澎湖縣","10016060","七美鄉","10016060-004","平和村",183,393,223,170,"113Y12M"
"10016","澎湖縣","10016060","七美鄉","10016060-005","海豐村",153,444,231,213,"113Y12M"
"10016","澎湖縣","10016060","七美鄉","10016060-006","南港村",459,1399,703,696,"113Y12M"
"10017","基隆市","10017010","中正區","10017010-001","德義里",375,670,345,325,"113Y12M"
"10017","基隆市","10017010","中正區","10017010-002","正義里",634,1228,638,590,"113Y12M"
"10017","基隆市","10017010","中正區","10017010-003","信義里",450,900,460,440,"113Y12M"
"10017","基隆市","10017010","中正區","10017010-004","義重里",500,1001,476,525,"113Y12M"
"10017","基隆市","10017010","中正區","10017010-005","港通里",716,1337,645,692,"113Y12M"
"10017","基隆市","10017010","中正區","10017010-006","中船里",563,1167,583,584,"113Y12M"
"10017","基隆市","10017010","中正區","10017010-007","正船里",618,1233,633,600,"113Y12M"
"10017","基隆市","10017010","中正區","10017010-008","入船里",422,843,428,415,"113Y12M"
"10017","基隆市","10017010","中正區","10017010-009","中砂里",1038,1823,966,857,"113Y12M"
"10017","基隆市","10017010","中正區","10017010-010","正砂里",1180,2393,1214,1179,"113Y12M"
"10017","基隆市","10017010","中正區","10017010-011","真砂里",634,1361,676,685,"113Y12M"
"10017","基隆市","10017010","中正區","10017010-012","砂灣里",1028,2137,1067,1070,"113Y12M"
"10017","基隆市","10017010","中正區","10017010-013","建國里",949,2120,1105,1015,"113Y12M"
"10017","基隆市","10017010","中正區","10017010-014","中濱里",604,1293,667,626,"113Y12M"
"10017","基隆市","10017010","中正區","10017010-015","海濱里",535,1244,631,613,"113Y12M"
"10017","基隆市","10017010","中正區","10017010-016","社寮里",769,1740,905,835,"113Y12M"
"10017","基隆市","10017010","中正區","10017010-017","和憲里",447,993,510,483,"113Y12M"
"10017","基隆市","10017010","中正區","10017010-018","平寮里",526,1199,649,550,"113Y12M"
"10017","基隆市","10017010","中正區","10017010-019","八斗里",667,1536,820,716,"113Y12M"
"10017","基隆市","10017010","中正區","10017010-020","碧砂里",562,1230,650,580,"113Y12M"
"10017","基隆市","10017010","中正區","10017010-021","長潭里",190,436,225,211,"113Y12M"
"10017","基隆市","10017010","中正區","10017010-022","砂子里",3392,6905,3479,3426,"113Y12M"
"10017","基隆市","10017010","中正區","10017010-023","中正里",764,1598,789,809,"113Y12M"
"10017","基隆市","10017010","中正區","10017010-024","正濱里",467,912,471,441,"113Y12M"
"10017","基隆市","10017010","中正區","10017010-025","新豐里",4050,7903,3679,4224,"113Y12M"
"10017","基隆市","10017010","中正區","10017010-026","新富里",2390,5748,2912,2836,"113Y12M"
"10017","基隆市","10017020","七堵區","10017020-001","長興里",1780,4198,2095,2103,"113Y12M"
"10017","基隆市","10017020","七堵區","10017020-002","正光里",1400,2954,1468,1486,"113Y12M"
"10017","基隆市","10017020","七堵區","10017020-003","富民里",1630,3779,1873,1906,"113Y12M"
"10017","基隆市","10017020","七堵區","10017020-004","永平里",950,2075,972,1103,"113Y12M"
"10017","基隆市","10017020","七堵區","10017020-005","永安里",1043,2388,1155,1233,"113Y12M"
"10017","基隆市","10017020","七堵區","10017020-006","八德里",668,1648,795,853,"113Y12M"
"10017","基隆市","10017020","七堵區","10017020-007","自強里",577,1300,663,637,"113Y12M"
"10017","基隆市","10017020","七堵區","10017020-008","六堵里",1124,2507,1290,1217,"113Y12M"
"10017","基隆市","10017020","七堵區","10017020-009","泰安里",2312,5123,2555,2568,"113Y12M"
"10017","基隆市","10017020","七堵區","10017020-010","堵北里",1657,4111,2090,2021,"113Y12M"
"10017","基隆市","10017020","七堵區","10017020-011","堵南里",1050,2340,1190,1150,"113Y12M"
"10017","基隆市","10017020","七堵區","10017020-012","瑪南里",164,400,228,172,"113Y12M"
"10017","基隆市","10017020","七堵區","10017020-013","瑪東里",173,320,181,139,"113Y12M"
"10017","基隆市","10017020","七堵區","10017020-014","瑪西里",158,324,168,156,"113Y12M"
"10017","基隆市","10017020","七堵區","10017020-015","友一里",1076,2198,1109,1089,"113Y12M"
"10017","基隆市","10017020","七堵區","10017020-016","友二里",255,471,271,200,"113Y12M"
"10017","基隆市","10017020","七堵區","10017020-017","正明里",917,2108,1017,1091,"113Y12M"
"10017","基隆市","10017020","七堵區","10017020-018","百福里",2839,7121,3496,3625,"113Y12M"
"10017","基隆市","10017020","七堵區","10017020-019","實踐里",1750,4306,2111,2195,"113Y12M"
"10017","基隆市","10017020","七堵區","10017020-020","長安里",1204,2857,1475,1382,"113Y12M"
"10017","基隆市","10017030","暖暖區","10017030-001","八西里",658,1488,738,750,"113Y12M"
"10017","基隆市","10017030","暖暖區","10017030-002","八堵里",292,633,335,298,"113Y12M"
"10017","基隆市","10017030","暖暖區","10017030-003","八南里",378,839,422,417,"113Y12M"
"10017","基隆市","10017030","暖暖區","10017030-004","過港里",1748,4071,2051,2020,"113Y12M"
"10017","基隆市","10017030","暖暖區","10017030-005","碇內里",1276,2997,1452,1545,"113Y12M"
"10017","基隆市","10017030","暖暖區","10017030-006","碇和里",1546,3453,1669,1784,"113Y12M"
"10017","基隆市","10017030","暖暖區","10017030-007","暖同里",1331,2858,1495,1363,"113Y12M"
"10017","基隆市","10017030","暖暖區","10017030-008","暖暖里",1201,2839,1396,1443,"113Y12M"
"10017","基隆市","10017030","暖暖區","10017030-009","暖東里",187,414,230,184,"113Y12M"
"10017","基隆市","10017030","暖暖區","10017030-010","暖西里",2343,5557,2816,2741,"113Y12M"
"10017","基隆市","10017030","暖暖區","10017030-011","八中里",179,407,221,186,"113Y12M"
"10017","基隆市","10017030","暖暖區","10017030-012","碇安里",2434,5610,2717,2893,"113Y12M"
"10017","基隆市","10017030","暖暖區","10017030-013","碇祥里",3195,7168,3532,3636,"113Y12M"
"10017","基隆市","10017040","仁愛區","10017040-001","林泉里",889,2064,977,1087,"113Y12M"
"10017","基隆市","10017040","仁愛區","10017040-002","花崗里",567,1342,609,733,"113Y12M"
"10017","基隆市","10017040","仁愛區","10017040-003","虹橋里",854,1987,908,1079,"113Y12M"
"10017","基隆市","10017040","仁愛區","10017040-004","水錦里",1045,2440,1158,1282,"113Y12M"
"10017","基隆市","10017040","仁愛區","10017040-005","智仁里",1267,2943,1367,1576,"113Y12M"
"10017","基隆市","10017040","仁愛區","10017040-006","和明里",1073,2418,1069,1349,"113Y12M"
"10017","基隆市","10017040","仁愛區","10017040-007","忠勇里",501,1191,552,639,"113Y12M"
"10017","基隆市","10017040","仁愛區","10017040-008","玉田里",521,1085,526,559,"113Y12M"
"10017","基隆市","10017040","仁愛區","10017040-009","仁德里",471,934,441,493,"113Y12M"
"10017","基隆市","10017040","仁愛區","10017040-010","博愛里",701,1494,745,749,"113Y12M"
"10017","基隆市","10017040","仁愛區","10017040-011","福仁里",354,732,367,365,"113Y12M"
"10017","基隆市","10017040","仁愛區","10017040-012","誠仁里",451,906,462,444,"113Y12M"
"10017","基隆市","10017040","仁愛區","10017040-013","吉仁里",1237,2576,1321,1255,"113Y12M"
"10017","基隆市","10017040","仁愛區","10017040-014","育仁里",325,731,390,341,"113Y12M"
"10017","基隆市","10017040","仁愛區","10017040-015","英仁里",614,1261,653,608,"113Y12M"
"10017","基隆市","10017040","仁愛區","10017040-016","龍門里",386,807,443,364,"113Y12M"
"10017","基隆市","10017040","仁愛區","10017040-017","德厚里",849,1865,917,948,"113Y12M"
"10017","基隆市","10017040","仁愛區","10017040-018","曲水里",409,804,411,393,"113Y12M"
"10017","基隆市","10017040","仁愛區","10017040-019","崇文里",517,925,457,468,"113Y12M"
"10017","基隆市","10017040","仁愛區","10017040-020","文安里",462,847,420,427,"113Y12M"
"10017","基隆市","10017040","仁愛區","10017040-021","兆連里",371,759,387,372,"113Y12M"
"10017","基隆市","10017040","仁愛區","10017040-022","獅球里",464,1011,525,486,"113Y12M"
"10017","基隆市","10017040","仁愛區","10017040-023","書院里",530,1205,627,578,"113Y12M"
"10017","基隆市","10017040","仁愛區","10017040-024","朝棟里",1337,2881,1425,1456,"113Y12M"
"10017","基隆市","10017040","仁愛區","10017040-025","明德里",400,681,329,352,"113Y12M"
"10017","基隆市","10017040","仁愛區","10017040-026","同風里",296,589,303,286,"113Y12M"
"10017","基隆市","10017040","仁愛區","10017040-027","文昌里",424,733,384,349,"113Y12M"
"10017","基隆市","10017040","仁愛區","10017040-028","新店里",310,579,301,278,"113Y12M"
"10017","基隆市","10017040","仁愛區","10017040-029","光華里",1407,2725,1391,1334,"113Y12M"
"10017","基隆市","10017050","中山區","10017050-001","新建里",407,810,411,399,"113Y12M"
"10017","基隆市","10017050","中山區","10017050-002","安民里",496,1032,500,532,"113Y12M"
"10017","基隆市","10017050","中山區","10017050-003","安平里",327,726,366,360,"113Y12M"
"10017","基隆市","10017050","中山區","10017050-004","中山里",438,972,488,484,"113Y12M"
"10017","基隆市","10017050","中山區","10017050-005","民治里",362,773,377,396,"113Y12M"
"10017","基隆市","10017050","中山區","10017050-006","中興里",626,1280,641,639,"113Y12M"
"10017","基隆市","10017050","中山區","10017050-007","仁正里",328,730,389,341,"113Y12M"
"10017","基隆市","10017050","中山區","10017050-008","健民里",574,1168,606,562,"113Y12M"
"10017","基隆市","10017050","中山區","10017050-009","通化里",479,1004,507,497,"113Y12M"
"10017","基隆市","10017050","中山區","10017050-010","居仁里",612,1308,651,657,"113Y12M"
"10017","基隆市","10017050","中山區","10017050-011","通明里",759,1722,897,825,"113Y12M"
"10017","基隆市","10017050","中山區","10017050-012","協和里",666,1557,842,715,"113Y12M"
"10017","基隆市","10017050","中山區","10017050-013","文化里",714,1346,757,589,"113Y12M"
"10017","基隆市","10017050","中山區","10017050-014","仙洞里",262,568,306,262,"113Y12M"
"10017","基隆市","10017050","中山區","10017050-015","太白里",387,849,447,402,"113Y12M"
"10017","基隆市","10017050","中山區","10017050-016","西榮里",318,667,338,329,"113Y12M"
"10017","基隆市","10017050","中山區","10017050-017","西華里",413,839,430,409,"113Y12M"
"10017","基隆市","10017050","中山區","10017050-018","西定里",415,915,468,447,"113Y12M"
"10017","基隆市","10017050","中山區","10017050-019","西康里",748,1605,813,792,"113Y12M"
"10017","基隆市","10017050","中山區","10017050-020","德和里",3750,7811,3763,4048,"113Y12M"
"10017","基隆市","10017050","中山區","10017050-021","中和里",2598,6174,3093,3081,"113Y12M"
"10017","基隆市","10017050","中山區","10017050-022","德安里",1793,4214,2109,2105,"113Y12M"
"10017","基隆市","10017050","中山區","10017050-023","和平里",233,466,248,218,"113Y12M"
"10017","基隆市","10017050","中山區","10017050-024","和慶里",2993,7323,3686,3637,"113Y12M"
"10017","基隆市","10017060","安樂區","10017060-001","西川里",568,1247,638,609,"113Y12M"
"10017","基隆市","10017060","安樂區","10017060-002","定國里",461,1083,548,535,"113Y12M"
"10017","基隆市","10017060","安樂區","10017060-003","新西里",629,1397,749,648,"113Y12M"
"10017","基隆市","10017060","安樂區","10017060-004","定邦里",504,1023,505,518,"113Y12M"
"10017","基隆市","10017060","安樂區","10017060-005","慈仁里",404,909,441,468,"113Y12M"
"10017","基隆市","10017060","安樂區","10017060-006","干城里",877,2096,1052,1044,"113Y12M"
"10017","基隆市","10017060","安樂區","10017060-007","永康里",859,2053,1017,1036,"113Y12M"
"10017","基隆市","10017060","安樂區","10017060-008","嘉仁里",1488,3262,1633,1629,"113Y12M"
"10017","基隆市","10017060","安樂區","10017060-009","安和里",399,903,424,479,"113Y12M"
"10017","基隆市","10017060","安樂區","10017060-010","樂一里",342,677,331,346,"113Y12M"
"10017","基隆市","10017060","安樂區","10017060-011","外寮里",1926,4461,2211,2250,"113Y12M"
"10017","基隆市","10017060","安樂區","10017060-012","中崙里",820,1945,1023,922,"113Y12M"
"10017","基隆市","10017060","安樂區","10017060-013","內寮里",2713,6275,3196,3079,"113Y12M"
"10017","基隆市","10017060","安樂區","10017060-014","新崙里",1984,4846,2405,2441,"113Y12M"
"10017","基隆市","10017060","安樂區","10017060-015","三民里",1262,2663,1304,1359,"113Y12M"
"10017","基隆市","10017060","安樂區","10017060-016","四維里",2080,5228,2571,2657,"113Y12M"
"10017","基隆市","10017060","安樂區","10017060-017","五福里",1607,3621,1783,1838,"113Y12M"
"10017","基隆市","10017060","安樂區","10017060-018","六合里",1773,4188,2006,2182,"113Y12M"
"10017","基隆市","10017060","安樂區","10017060-019","七賢里",1142,2594,1247,1347,"113Y12M"
"10017","基隆市","10017060","安樂區","10017060-020","鶯歌里",1521,2993,1577,1416,"113Y12M"
"10017","基隆市","10017060","安樂區","10017060-021","武崙里",2537,5919,2869,3050,"113Y12M"
"10017","基隆市","10017060","安樂區","10017060-022","長樂里",1630,3696,1743,1953,"113Y12M"
"10017","基隆市","10017060","安樂區","10017060-023","興寮里",2402,5458,2661,2797,"113Y12M"
"10017","基隆市","10017060","安樂區","10017060-024","鶯安里",3100,6228,2785,3443,"113Y12M"
"10017","基隆市","10017060","安樂區","10017060-025","壯觀里",2323,5295,2560,2735,"113Y12M"
"10017","基隆市","10017070","信義區","10017070-001","仁壽里",530,1127,513,614,"113Y12M"
"10017","基隆市","10017070","信義區","10017070-002","仁義里",606,1262,590,672,"113Y12M"
"10017","基隆市","10017070","信義區","10017070-003","義昭里",685,1451,700,751,"113Y12M"
"10017","基隆市","10017070","信義區","10017070-004","義幸里",1180,2465,1168,1297,"113Y12M"
"10017","基隆市","10017070","信義區","10017070-005","義民里",360,817,374,443,"113Y12M"
"10017","基隆市","10017070","信義區","10017070-006","義和里",924,1665,872,793,"113Y12M"
"10017","基隆市","10017070","信義區","10017070-007","智慧里",374,772,365,407,"113Y12M"
"10017","基隆市","10017070","信義區","10017070-008","智誠里",697,1549,812,737,"113Y12M"
"10017","基隆市","10017070","信義區","10017070-009","禮儀里",770,1561,786,775,"113Y12M"
"10017","基隆市","10017070","信義區","10017070-010","禮東里",741,1531,724,807,"113Y12M"
"10017","基隆市","10017070","信義區","10017070-011","信綠里",962,2068,1025,1043,"113Y12M"
"10017","基隆市","10017070","信義區","10017070-012","東光里",972,1996,991,1005,"113Y12M"
"10017","基隆市","10017070","信義區","10017070-013","東明里",1649,3659,1778,1881,"113Y12M"
"10017","基隆市","10017070","信義區","10017070-014","東安里",1310,2800,1350,1450,"113Y12M"
"10017","基隆市","10017070","信義區","10017070-015","孝岡里",579,1491,763,728,"113Y12M"
"10017","基隆市","10017070","信義區","10017070-016","東信里",2000,4426,2226,2200,"113Y12M"
"10017","基隆市","10017070","信義區","10017070-017","孝深里",2684,5967,2958,3009,"113Y12M"
"10017","基隆市","10017070","信義區","10017070-018","孝賢里",1646,3915,1881,2034,"113Y12M"
"10017","基隆市","10017070","信義區","10017070-019","孝德里",1428,3347,1674,1673,"113Y12M"
"10017","基隆市","10017070","信義區","10017070-020","孝忠里",3753,9326,4589,4737,"113Y12M"
"10018","新竹市","10018010","東區","10018010-001","南門里",382,748,367,381,"113Y12M"
"10018","新竹市","10018010","東區","10018010-002","福德里",755,1641,819,822,"113Y12M"
"10018","新竹市","10018010","東區","10018010-003","南市里",422,882,437,445,"113Y12M"
"10018","新竹市","10018010","東區","10018010-004","關帝里",260,488,253,235,"113Y12M"
"10018","新竹市","10018010","東區","10018010-005","東門里",286,576,279,297,"113Y12M"
"10018","新竹市","10018010","東區","10018010-006","榮光里",160,299,150,149,"113Y12M"
"10018","新竹市","10018010","東區","10018010-007","成功里",293,606,282,324,"113Y12M"
"10018","新竹市","10018010","東區","10018010-008","下竹里",220,460,232,228,"113Y12M"
"10018","新竹市","10018010","東區","10018010-009","竹蓮里",363,743,378,365,"113Y12M"
"10018","新竹市","10018010","東區","10018010-010","寺前里",372,870,444,426,"113Y12M"
"10018","新竹市","10018010","東區","10018010-011","育賢里",1239,2120,1194,926,"113Y12M"
"10018","新竹市","10018010","東區","10018010-012","中正里",301,693,350,343,"113Y12M"
"10018","新竹市","10018010","東區","10018010-013","公園里",1647,4122,2019,2103,"113Y12M"
"10018","新竹市","10018010","東區","10018010-014","頂竹里",1284,3057,1527,1530,"113Y12M"
"10018","新竹市","10018010","東區","10018010-015","南大里",614,1490,764,726,"113Y12M"
"10018","新竹市","10018010","東區","10018010-016","振興里",2626,6313,3062,3251,"113Y12M"
"10018","新竹市","10018010","東區","10018010-017","親仁里",993,2460,1154,1306,"113Y12M"
"10018","新竹市","10018010","東區","10018010-018","文華里",2278,5917,2721,3196,"113Y12M"
"10018","新竹市","10018010","東區","10018010-019","復中里",2057,5402,2521,2881,"113Y12M"
"10018","新竹市","10018010","東區","10018010-020","三民里",2473,6110,2866,3244,"113Y12M"
"10018","新竹市","10018010","東區","10018010-021","東園里",3262,8871,4310,4561,"113Y12M"
"10018","新竹市","10018010","東區","10018010-022","東勢里",2368,5828,2829,2999,"113Y12M"
"10018","新竹市","10018010","東區","10018010-023","光復里",1491,3883,1883,2000,"113Y12M"
"10018","新竹市","10018010","東區","10018010-024","豐功里",2349,5946,2855,3091,"113Y12M"
"10018","新竹市","10018010","東區","10018010-025","武功里",2278,5179,2432,2747,"113Y12M"
"10018","新竹市","10018010","東區","10018010-026","綠水里",3215,8619,4158,4461,"113Y12M"
"10018","新竹市","10018010","東區","10018010-027","東山里",1529,4070,1986,2084,"113Y12M"
"10018","新竹市","10018010","東區","10018010-028","光鎮里",1548,4212,2032,2180,"113Y12M"
"10018","新竹市","10018010","東區","10018010-029","新興里",1481,3554,1771,1783,"113Y12M"
"10018","新竹市","10018010","東區","10018010-030","柴橋里",2601,6418,3166,3252,"113Y12M"
"10018","新竹市","10018010","東區","10018010-031","高峰里",2433,6497,3250,3247,"113Y12M"
"10018","新竹市","10018010","東區","10018010-032","仙宮里",644,1435,733,702,"113Y12M"
"10018","新竹市","10018010","東區","10018010-033","光明里",1575,3600,1755,1845,"113Y12M"
"10018","新竹市","10018010","東區","10018010-035","立功里",400,990,507,483,"113Y12M"
"10018","新竹市","10018010","東區","10018010-036","軍功里",1473,3421,1689,1732,"113Y12M"
"10018","新竹市","10018010","東區","10018010-037","建功里",2100,4988,2507,2481,"113Y12M"
"10018","新竹市","10018010","東區","10018010-038","前溪里",1041,3387,1725,1662,"113Y12M"
"10018","新竹市","10018010","東區","10018010-039","水源里",1259,3829,1974,1855,"113Y12M"
"10018","新竹市","10018010","東區","10018010-040","千甲里",796,2470,1276,1194,"113Y12M"
"10018","新竹市","10018010","東區","10018010-041","埔頂里",5154,10904,5618,5286,"113Y12M"
"10018","新竹市","10018010","東區","10018010-042","龍山里",5724,14434,7350,7084,"113Y12M"
"10018","新竹市","10018010","東區","10018010-043","新莊里",2549,6660,3315,3345,"113Y12M"
"10018","新竹市","10018010","東區","10018010-044","仙水里",2871,6568,3296,3272,"113Y12M"
"10018","新竹市","10018010","東區","10018010-045","金山里",2772,6442,3245,3197,"113Y12M"
"10018","新竹市","10018010","東區","10018010-046","關東里",2380,6129,2988,3141,"113Y12M"
"10018","新竹市","10018010","東區","10018010-047","科園里",2824,8141,4131,4010,"113Y12M"
"10018","新竹市","10018010","東區","10018010-048","建華里",1093,2896,1415,1481,"113Y12M"
"10018","新竹市","10018010","東區","10018010-049","新光里",1538,4041,2008,2033,"113Y12M"
"10018","新竹市","10018010","東區","10018010-050","復興里",2501,6858,3256,3602,"113Y12M"
"10018","新竹市","10018010","東區","10018010-051","錦華里",1012,2530,1180,1350,"113Y12M"
"10018","新竹市","10018010","東區","10018010-052","湖濱里",1469,3975,1940,2035,"113Y12M"
"10018","新竹市","10018010","東區","10018010-053","明湖里",2578,6158,3014,3144,"113Y12M"
"10018","新竹市","10018010","東區","10018010-054","關新里",2572,6113,3069,3044,"113Y12M"
"10018","新竹市","10018020","北區","10018020-001","西門里",306,639,344,295,"113Y12M"
"10018","新竹市","10018020","北區","10018020-002","仁德里",376,777,371,406,"113Y12M"
"10018","新竹市","10018020","北區","10018020-003","潛園里",351,779,395,384,"113Y12M"
"10018","新竹市","10018020","北區","10018020-004","中央里",220,456,228,228,"113Y12M"
"10018","新竹市","10018020","北區","10018020-005","崇禮里",485,1164,596,568,"113Y12M"
"10018","新竹市","10018020","北區","10018020-006","石坊里",292,569,252,317,"113Y12M"
"10018","新竹市","10018020","北區","10018020-007","興南里",720,1575,731,844,"113Y12M"
"10018","新竹市","10018020","北區","10018020-008","北門里",496,1125,564,561,"113Y12M"
"10018","新竹市","10018020","北區","10018020-009","中興里",560,1072,534,538,"113Y12M"
"10018","新竹市","10018020","北區","10018020-010","大同里",463,1029,474,555,"113Y12M"
"10018","新竹市","10018020","北區","10018020-011","中山里",489,1101,526,575,"113Y12M"
"10018","新竹市","10018020","北區","10018020-012","長和里",698,1690,849,841,"113Y12M"
"10018","新竹市","10018020","北區","10018020-013","新民里",826,1899,905,994,"113Y12M"
"10018","新竹市","10018020","北區","10018020-014","民富里",2266,5839,2886,2953,"113Y12M"
"10018","新竹市","10018020","北區","10018020-015","水田里",1767,3899,1877,2022,"113Y12M"
"10018","新竹市","10018020","北區","10018020-016","文雅里",1922,4719,2257,2462,"113Y12M"
"10018","新竹市","10018020","北區","10018020-017","光田里",874,2364,1162,1202,"113Y12M"
"10018","新竹市","10018020","北區","10018020-018","士林里",985,2531,1276,1255,"113Y12M"
"10018","新竹市","10018020","北區","10018020-019","福林里",1695,4480,2184,2296,"113Y12M"
"10018","新竹市","10018020","北區","10018020-020","古賢里",343,967,512,455,"113Y12M"
"10018","新竹市","10018020","北區","10018020-021","湳雅里",1238,3198,1530,1668,"113Y12M"
"10018","新竹市","10018020","北區","10018020-022","舊社里",2621,7071,3385,3686,"113Y12M"
"10018","新竹市","10018020","北區","10018020-023","武陵里",2314,5224,2477,2747,"113Y12M"
"10018","新竹市","10018020","北區","10018020-024","南寮里",2890,6846,3414,3432,"113Y12M"
"10018","新竹市","10018020","北區","10018020-025","舊港里",224,596,331,265,"113Y12M"
"10018","新竹市","10018020","北區","10018020-026","康樂里",1654,3772,1892,1880,"113Y12M"
"10018","新竹市","10018020","北區","10018020-027","港北里",1175,2624,1319,1305,"113Y12M"
"10018","新竹市","10018020","北區","10018020-028","中寮里",1993,4673,2318,2355,"113Y12M"
"10018","新竹市","10018020","北區","10018020-029","海濱里",2521,5599,2695,2904,"113Y12M"
"10018","新竹市","10018020","北區","10018020-030","客雅里",828,2299,1152,1147,"113Y12M"
"10018","新竹市","10018020","北區","10018020-031","育英里",1806,4095,1943,2152,"113Y12M"
"10018","新竹市","10018020","北區","10018020-032","曲溪里",2273,5949,2978,2971,"113Y12M"
"10018","新竹市","10018020","北區","10018020-033","西雅里",1317,3177,1562,1615,"113Y12M"
"10018","新竹市","10018020","北區","10018020-034","南勢里",1980,5112,2564,2548,"113Y12M"
"10018","新竹市","10018020","北區","10018020-035","大鵬里",116,259,142,117,"113Y12M"
"10018","新竹市","10018020","北區","10018020-036","境福里",2128,5493,2647,2846,"113Y12M"
"10018","新竹市","10018020","北區","10018020-037","磐石里",2391,6564,3144,3420,"113Y12M"
"10018","新竹市","10018020","北區","10018020-038","新雅里",1935,5728,2797,2931,"113Y12M"
"10018","新竹市","10018020","北區","10018020-039","光華里",2353,4779,2459,2320,"113Y12M"
"10018","新竹市","10018020","北區","10018020-040","金華里",2315,5777,2727,3050,"113Y12M"
"10018","新竹市","10018020","北區","10018020-041","金竹里",2715,7116,3410,3706,"113Y12M"
"10018","新竹市","10018020","北區","10018020-042","湳中里",3576,8283,3939,4344,"113Y12M"
"10018","新竹市","10018020","北區","10018020-043","金雅里",2267,4977,2451,2526,"113Y12M"
"10018","新竹市","10018020","北區","10018020-044","台溪里",993,1800,831,969,"113Y12M"
"10018","新竹市","10018020","北區","10018020-045","中雅里",1877,4212,2008,2204,"113Y12M"
"10018","新竹市","10018030","香山區","10018030-001","港南里",1149,3177,1622,1555,"113Y12M"
"10018","新竹市","10018030","香山區","10018030-002","虎山里",2204,6176,3141,3035,"113Y12M"
"10018","新竹市","10018030","香山區","10018030-003","虎林里",901,2537,1276,1261,"113Y12M"
"10018","新竹市","10018030","香山區","10018030-004","浸水里",1024,2849,1493,1356,"113Y12M"
"10018","新竹市","10018030","香山區","10018030-005","樹下里",775,2369,1208,1161,"113Y12M"
"10018","新竹市","10018030","香山區","10018030-006","埔前里",1451,3801,2004,1797,"113Y12M"
"10018","新竹市","10018030","香山區","10018030-007","中埔里",1191,3226,1604,1622,"113Y12M"
"10018","新竹市","10018030","香山區","10018030-008","牛埔里",2706,5984,2984,3000,"113Y12M"
"10018","新竹市","10018030","香山區","10018030-009","頂埔里",2821,5988,2877,3111,"113Y12M"
"10018","新竹市","10018030","香山區","10018030-010","東香里",1957,4944,2509,2435,"113Y12M"
"10018","新竹市","10018030","香山區","10018030-011","香村里",1763,4583,2374,2209,"113Y12M"
"10018","新竹市","10018030","香山區","10018030-012","香山里",1991,5333,2613,2720,"113Y12M"
"10018","新竹市","10018030","香山區","10018030-013","大庄里",1255,3483,1728,1755,"113Y12M"
"10018","新竹市","10018030","香山區","10018030-014","美山里",429,1238,666,572,"113Y12M"
"10018","新竹市","10018030","香山區","10018030-015","朝山里",927,2500,1285,1215,"113Y12M"
"10018","新竹市","10018030","香山區","10018030-016","海山里",960,2685,1351,1334,"113Y12M"
"10018","新竹市","10018030","香山區","10018030-017","茄苳里",500,1171,637,534,"113Y12M"
"10018","新竹市","10018030","香山區","10018030-018","大湖里",324,954,532,422,"113Y12M"
"10018","新竹市","10018030","香山區","10018030-019","南隘里",335,946,499,447,"113Y12M"
"10018","新竹市","10018030","香山區","10018030-020","中隘里",873,2251,1183,1068,"113Y12M"
"10018","新竹市","10018030","香山區","10018030-021","內湖里",1695,5068,2529,2539,"113Y12M"
"10018","新竹市","10018030","香山區","10018030-022","鹽水里",625,1730,885,845,"113Y12M"
"10018","新竹市","10018030","香山區","10018030-023","南港里",334,936,483,453,"113Y12M"
"10018","新竹市","10018030","香山區","10018030-024","頂福里",2248,5373,2638,2735,"113Y12M"
"10020","嘉義市","10020010","東區","10020010-001","荖藤里",2139,5754,2759,2995,"113Y12M"
"10020","嘉義市","10020010","東區","10020010-002","後湖里",1543,4161,1956,2205,"113Y12M"
"10020","嘉義市","10020010","東區","10020010-003","仁義里",1308,3361,1536,1825,"113Y12M"
"10020","嘉義市","10020010","東區","10020010-004","中庄里",1506,3751,1760,1991,"113Y12M"
"10020","嘉義市","10020010","東區","10020010-005","頂庄里",892,2479,1193,1286,"113Y12M"
"10020","嘉義市","10020010","東區","10020010-034","圳頭里",1979,4912,2298,2614,"113Y12M"
"10020","嘉義市","10020010","東區","10020010-035","新店里",1800,4714,2232,2482,"113Y12M"
"10020","嘉義市","10020010","東區","10020010-036","後庄里",1678,4507,2151,2356,"113Y12M"
"10020","嘉義市","10020010","東區","10020010-037","王田里",1132,2517,1141,1376,"113Y12M"
"10020","嘉義市","10020010","東區","10020010-038","東川里",842,1974,901,1073,"113Y12M"
"10020","嘉義市","10020010","東區","10020010-039","太平里",2018,4996,2279,2717,"113Y12M"
"10020","嘉義市","10020010","東區","10020010-041","盧厝里",941,2418,1173,1245,"113Y12M"
"10020","嘉義市","10020010","東區","10020010-042","鹿寮里",413,1184,619,565,"113Y12M"
"10020","嘉義市","10020010","東區","10020010-043","長竹里",1365,3391,1662,1729,"113Y12M"
"10020","嘉義市","10020010","東區","10020010-044","短竹里",1246,2828,1344,1484,"113Y12M"
"10020","嘉義市","10020010","東區","10020010-045","新開里",957,2188,1046,1142,"113Y12M"
"10020","嘉義市","10020010","東區","10020010-046","宣信里",553,1320,626,694,"113Y12M"
"10020","嘉義市","10020010","東區","10020010-047","興南里",772,1750,862,888,"113Y12M"
"10020","嘉義市","10020010","東區","10020010-048","豐年里",586,1361,671,690,"113Y12M"
"10020","嘉義市","10020010","東區","10020010-049","芳草里",1750,4093,1926,2167,"113Y12M"
"10020","嘉義市","10020010","東區","10020010-050","芳安里",947,2399,1120,1279,"113Y12M"
"10020","嘉義市","10020010","東區","10020010-051","頂寮里",1063,2881,1378,1503,"113Y12M"
"10020","嘉義市","10020010","東區","10020010-052","安寮里",1267,3090,1476,1614,"113Y12M"
"10020","嘉義市","10020010","東區","10020010-053","興安里",1669,4279,2083,2196,"113Y12M"
"10020","嘉義市","10020010","東區","10020010-054","興村里",1849,4680,2168,2512,"113Y12M"
"10020","嘉義市","10020010","東區","10020010-055","興仁里",1566,4194,1998,2196,"113Y12M"
"10020","嘉義市","10020010","東區","10020010-056","過溝里",946,2276,1090,1186,"113Y12M"
"10020","嘉義市","10020010","東區","10020010-057","民族里",886,1842,940,902,"113Y12M"
"10020","嘉義市","10020010","東區","10020010-058","朝陽里",837,2011,1001,1010,"113Y12M"
"10020","嘉義市","10020010","東區","10020010-059","華南里",945,2032,940,1092,"113Y12M"
"10020","嘉義市","10020010","東區","10020010-060","東興里",906,1984,941,1043,"113Y12M"
"10020","嘉義市","10020010","東區","10020010-061","中山里",954,2036,932,1104,"113Y12M"
"10020","嘉義市","10020010","東區","10020010-062","中央里",1012,2287,1126,1161,"113Y12M"
"10020","嘉義市","10020010","東區","10020010-063","林森里",1020,2916,1353,1563,"113Y12M"
"10020","嘉義市","10020010","東區","10020010-064","北門里",907,2240,1089,1151,"113Y12M"
"10020","嘉義市","10020010","東區","10020010-065","蘭潭里",1201,2618,1253,1365,"113Y12M"
"10020","嘉義市","10020010","東區","10020010-066","文雅里",1880,4439,2008,2431,"113Y12M"
"10020","嘉義市","10020010","東區","10020010-067","安業里",965,2289,1072,1217,"113Y12M"
"10020","嘉義市","10020010","東區","10020010-068","義教里",1199,3148,1540,1608,"113Y12M"
"10020","嘉義市","10020020","西區","10020020-001","香湖里",347,949,453,496,"113Y12M"
"10020","嘉義市","10020020","西區","10020020-002","湖邊里",917,2477,1136,1341,"113Y12M"
"10020","嘉義市","10020020","西區","10020020-003","北榮里",1017,2554,1259,1295,"113Y12M"
"10020","嘉義市","10020020","西區","10020020-005","重興里",891,2295,1132,1163,"113Y12M"
"10020","嘉義市","10020020","西區","10020020-009","竹圍里",2319,5474,2602,2872,"113Y12M"
"10020","嘉義市","10020020","西區","10020020-010","新厝里",1732,5008,2426,2582,"113Y12M"
"10020","嘉義市","10020020","西區","10020020-011","保安里",1576,3814,1830,1984,"113Y12M"
"10020","嘉義市","10020020","西區","10020020-012","北湖里",1217,3526,1780,1746,"113Y12M"
"10020","嘉義市","10020020","西區","10020020-013","下埤里",703,1932,980,952,"113Y12M"
"10020","嘉義市","10020020","西區","10020020-014","竹村里",522,1262,659,603,"113Y12M"
"10020","嘉義市","10020020","西區","10020020-015","大溪里",938,2548,1285,1263,"113Y12M"
"10020","嘉義市","10020020","西區","10020020-016","福全里",2018,4655,2248,2407,"113Y12M"
"10020","嘉義市","10020020","西區","10020020-017","西平里",1483,3840,1857,1983,"113Y12M"
"10020","嘉義市","10020020","西區","10020020-018","磚[?]里",1715,4135,1933,2202,"113Y12M"
"10020","嘉義市","10020020","西區","10020020-019","港坪里",1524,4168,2020,2148,"113Y12M"
"10020","嘉義市","10020020","西區","10020020-020","頭港里",761,2088,1083,1005,"113Y12M"
"10020","嘉義市","10020020","西區","10020020-021","劉厝里",3267,8442,4157,4285,"113Y12M"
"10020","嘉義市","10020020","西區","10020020-022","新西里",953,2382,1169,1213,"113Y12M"
"10020","嘉義市","10020020","西區","10020020-031","書院里",954,2001,1004,997,"113Y12M"
"10020","嘉義市","10020020","西區","10020020-045","培元里",770,1885,901,984,"113Y12M"
"10020","嘉義市","10020020","西區","10020020-046","垂楊里",874,2111,1024,1087,"113Y12M"
"10020","嘉義市","10020020","西區","10020020-047","車店里",2687,7062,3335,3727,"113Y12M"
"10020","嘉義市","10020020","西區","10020020-048","福民里",2746,6856,3289,3567,"113Y12M"
"10020","嘉義市","10020020","西區","10020020-049","湖內里",2683,7061,3352,3709,"113Y12M"
"10020","嘉義市","10020020","西區","10020020-050","美源里",1702,4238,1994,2244,"113Y12M"
"10020","嘉義市","10020020","西區","10020020-051","育英里",810,1922,901,1021,"113Y12M"
"10020","嘉義市","10020020","西區","10020020-052","致遠里",953,2187,1012,1175,"113Y12M"
"10020","嘉義市","10020020","西區","10020020-053","光路里",2473,6477,3118,3359,"113Y12M"
"10020","嘉義市","10020020","西區","10020020-054","翠岱里",800,1726,835,891,"113Y12M"
"10020","嘉義市","10020020","西區","10020020-055","自強里",792,1944,913,1031,"113Y12M"
"10020","嘉義市","10020020","西區","10020020-056","永和里",939,2099,1049,1050,"113Y12M"
"10020","嘉義市","10020020","西區","10020020-057","新富里",756,1692,816,876,"113Y12M"
"10020","嘉義市","10020020","西區","10020020-058","文化里",1126,2319,1125,1194,"113Y12M"
"10020","嘉義市","10020020","西區","10020020-059","西榮里",1195,2488,1247,1241,"113Y12M"
"10020","嘉義市","10020020","西區","10020020-060","國華里",698,1421,675,746,"113Y12M"
"10020","嘉義市","10020020","西區","10020020-061","番社里",682,1454,708,746,"113Y12M"
"10020","嘉義市","10020020","西區","10020020-062","導明里",722,1635,795,840,"113Y12M"
"10020","嘉義市","10020020","西區","10020020-063","慶安里",665,1682,835,847,"113Y12M"
"10020","嘉義市","10020020","西區","10020020-064","後驛里",974,2279,1153,1126,"113Y12M"
"10020","嘉義市","10020020","西區","10020020-065","福安里",1915,4952,2347,2605,"113Y12M"
"10020","嘉義市","10020020","西區","10020020-066","獅子里",1242,3192,1470,1722,"113Y12M"
"10020","嘉義市","10020020","西區","10020020-067","紅瓦里",650,1923,951,972,"113Y12M"
"10020","嘉義市","10020020","西區","10020020-068","保福里",1761,4295,2019,2276,"113Y12M"
"10020","嘉義市","10020020","西區","10020020-069","保生里",1987,5013,2422,2591,"113Y12M"
"10020","嘉義市","10020020","西區","10020020-070","北新里",512,1414,722,692,"113Y12M"
"09020","金門縣","09020010","金城鎮","09020010-001","東門里",1707,5477,2711,2766,"113Y12M"
"09020","金門縣","09020010","金城鎮","09020010-002","西門里",3493,10821,5241,5580,"113Y12M"
"09020","金門縣","09020010","金城鎮","09020010-003","南門里",1924,5991,2958,3033,"113Y12M"
"09020","金門縣","09020010","金城鎮","09020010-004","北門里",1412,4388,2241,2147,"113Y12M"
"09020","金門縣","09020010","金城鎮","09020010-005","古城里",1487,4669,2326,2343,"113Y12M"
"09020","金門縣","09020010","金城鎮","09020010-006","金水里",782,2499,1283,1216,"113Y12M"
"09020","金門縣","09020010","金城鎮","09020010-007","珠沙里",1077,3340,1656,1684,"113Y12M"
"09020","金門縣","09020010","金城鎮","09020010-008","賢庵里",1704,5534,2772,2762,"113Y12M"
"09020","金門縣","09020020","金沙鎮","09020020-001","汶沙里",1884,5551,2706,2845,"113Y12M"
"09020","金門縣","09020020","金沙鎮","09020020-002","三山里",665,2086,1025,1061,"113Y12M"
"09020","金門縣","09020020","金沙鎮","09020020-003","大洋里",460,1418,745,673,"113Y12M"
"09020","金門縣","09020020","金沙鎮","09020020-004","光前里",934,2662,1314,1348,"113Y12M"
"09020","金門縣","09020020","金沙鎮","09020020-005","何斗里",744,2274,1096,1178,"113Y12M"
"09020","金門縣","09020020","金沙鎮","09020020-006","西園里",536,1708,873,835,"113Y12M"
"09020","金門縣","09020020","金沙鎮","09020020-007","官嶼里",711,2358,1147,1211,"113Y12M"
"09020","金門縣","09020020","金沙鎮","09020020-008","浦山里",859,2623,1260,1363,"113Y12M"
"09020","金門縣","09020030","金湖鎮","09020030-001","新市里",1468,4336,2067,2269,"113Y12M"
"09020","金門縣","09020030","金湖鎮","09020030-002","山外里",1181,3941,2023,1918,"113Y12M"
"09020","金門縣","09020030","金湖鎮","09020030-003","正義里",949,2930,1476,1454,"113Y12M"
"09020","金門縣","09020030","金湖鎮","09020030-004","料羅里",732,2540,1346,1194,"113Y12M"
"09020","金門縣","09020030","金湖鎮","09020030-005","瓊林里",1170,3922,1887,2035,"113Y12M"
"09020","金門縣","09020030","金湖鎮","09020030-006","新湖里",3443,9780,4889,4891,"113Y12M"
"09020","金門縣","09020030","金湖鎮","09020030-007","溪湖里",557,1841,905,936,"113Y12M"
"09020","金門縣","09020030","金湖鎮","09020030-008","蓮庵里",622,1919,922,997,"113Y12M"
"09020","金門縣","09020040","金寧鄉","09020040-001","古寧村",1134,3615,1746,1869,"113Y12M"
"09020","金門縣","09020040","金寧鄉","09020040-002","安美村",2146,6464,3241,3223,"113Y12M"
"09020","金門縣","09020040","金寧鄉","09020040-003","后盤村",681,2094,1024,1070,"113Y12M"
"09020","金門縣","09020040","金寧鄉","09020040-004","湖埔村",2798,9441,4879,4562,"113Y12M"
"09020","金門縣","09020040","金寧鄉","09020040-005","榜林村",1997,6255,3073,3182,"113Y12M"
"09020","金門縣","09020040","金寧鄉","09020040-006","盤山村",2210,7940,3899,4041,"113Y12M"
"09020","金門縣","09020050","烈嶼鄉","09020050-001","上岐村",787,3067,1455,1612,"113Y12M"
"09020","金門縣","09020050","烈嶼鄉","09020050-002","上林村",445,1551,752,799,"113Y12M"
"09020","金門縣","09020050","烈嶼鄉","09020050-003","西口村",685,2517,1233,1284,"113Y12M"
"09020","金門縣","09020050","烈嶼鄉","09020050-004","林湖村",996,3593,1878,1715,"113Y12M"
"09020","金門縣","09020050","烈嶼鄉","09020050-005","黃埔村",464,1810,866,944,"113Y12M"
"09020","金門縣","09020060","烏坵鄉","09020060-001","大坵村",49,301,166,135,"113Y12M"
"09020","金門縣","09020060","烏坵鄉","09020060-002","小坵村",82,345,173,172,"113Y12M"
"09007","連江縣","09007010","南竿鄉","09007010-001","介壽村",713,2346,1241,1105,"113Y12M"
"09007","連江縣","09007010","南竿鄉","09007010-002","復興村",271,1062,591,471,"113Y12M"
"09007","連江縣","09007010","南竿鄉","09007010-003","福沃村",244,906,543,363,"113Y12M"
"09007","連江縣","09007010","南竿鄉","09007010-004","清水村",355,1223,700,523,"113Y12M"
"09007","連江縣","09007010","南竿鄉","09007010-005","仁愛村",262,824,468,356,"113Y12M"
"09007","連江縣","09007010","南竿鄉","09007010-006","津沙村",128,407,247,160,"113Y12M"
"09007","連江縣","09007010","南竿鄉","09007010-007","馬祖村",154,567,308,259,"113Y12M"
"09007","連江縣","09007010","南竿鄉","09007010-008","珠螺村",42,300,171,129,"113Y12M"
"09007","連江縣","09007010","南竿鄉","09007010-009","四維村",55,180,110,70,"113Y12M"
"09007","連江縣","09007020","北竿鄉","09007020-001","塘岐村",412,1305,735,570,"113Y12M"
"09007","連江縣","09007020","北竿鄉","09007020-002","后沃村",91,226,125,101,"113Y12M"
"09007","連江縣","09007020","北竿鄉","09007020-003","橋仔村",148,496,290,206,"113Y12M"
"09007","連江縣","09007020","北竿鄉","09007020-004","芹壁村",113,411,257,154,"113Y12M"
"09007","連江縣","09007020","北竿鄉","09007020-005","?里村",119,466,247,219,"113Y12M"
"09007","連江縣","09007020","北竿鄉","09007020-006","白沙村",65,158,102,56,"113Y12M"
"09007","連江縣","09007030","莒光鄉","09007030-001","青帆村",91,395,250,145,"113Y12M"
"09007","連江縣","09007030","莒光鄉","09007030-002","田沃村",49,247,159,88,"113Y12M"
"09007","連江縣","09007030","莒光鄉","09007030-003","西坵村",24,122,90,32,"113Y12M"
"09007","連江縣","09007030","莒光鄉","09007030-004","福正村",55,218,126,92,"113Y12M"
"09007","連江縣","09007030","莒光鄉","09007030-005","大坪村",135,536,326,210,"113Y12M"
"09007","連江縣","09007040","東引鄉","09007040-001","中柳村",179,730,418,312,"113Y12M"
"09007","連江縣","09007040","東引鄉","09007040-002","樂華村",191,825,550,275,"113Y12M"
