COUNTY_ID,COUNTY,TOWN_ID,TOWN,V_ID,VILLAGE,M_F_RAT,P_H_CNT,P_DEN,DEPENDENCY_RAT,A0A14_A15A65_RAT,A65UP_A15A64_RAT,A65_A0A14_RAT,INFO_TIME
┐делеN╜X,┐делжW║┘,╢m┬эел░╧еN╜X,╢m┬эел░╧жW║┘,з°и╜еN╜X,з°и╜жW║┘,й╩дёи╥,дс╢q,дHдf▒Kл╫,з▀╛iдё,з▀еодё,з▀ж╤дё,ж╤д╞л№╝╞,╕ъо╞о╔╢б
65000,╖sе_ел,65000010,кO╛Ї░╧,65000010-001,пdлJи╜,91.89,2.45,40725.85,33.52,17.71,15.81,89.24,"103Y12M"
65000,╖sе_ел,65000010,кO╛Ї░╧,65000010-002,мyк┌и╜,87.12,2.47,34893.88,42.17,21.09,21.09,100.,"103Y12M"
65000,╖sе_ел,65000010,кO╛Ї░╧,65000010-003,иккQи╜,96.93,2.6,24603.48,45.63,22.55,23.08,102.33,"103Y12M"
65000,╖sе_ел,65000010,кO╛Ї░╧,65000010-004,╢└е█и╜,95.37,2.72,12112.87,45.6,25.24,20.36,80.66,"103Y12M"
65000,╖sе_ел,65000010,кO╛Ї░╧,65000010-005,╤║иqи╜,96.71,2.46,15424.83,39.5,17.73,21.77,122.81,"103Y12M"
65000,╖sе_ел,65000010,кO╛Ї░╧,65000010-006,┘ї┐│и╜,93.38,2.51,35675.5,31.47,16.39,15.08,92.,"103Y12M"
65000,╖sе_ел,65000010,кO╛Ї░╧,65000010-007,╖s┐│и╜,92.19,2.26,38872.09,33.25,15.23,18.02,118.3,"103Y12M"
65000,╖sе_ел,65000010,кO╛Ї░╧,65000010-008,к└лси╜,123.83,1.96,54493.76,24.77,10.57,14.19,134.25,"103Y12M"
65000,╖sе_ел,65000010,кO╛Ї░╧,65000010-009,н╗к└и╜,97.85,2.9,20199.37,30.36,16.45,13.91,84.54,"103Y12M"
65000,╖sе_ел,65000010,кO╛Ї░╧,65000010-010,дде┐и╜,97.7,2.86,6040.59,29.08,17.23,11.86,68.82,"103Y12M"
65000,╖sе_ел,65000010,кO╛Ї░╧,65000010-011,ж█▒jи╜,96.43,2.65,63674.97,36.86,15.92,20.95,131.6,"103Y12M"
65000,╖sе_ел,65000010,кO╛Ї░╧,65000010-012,ж█е▀и╜,94.63,2.75,67507.24,34.69,17.28,17.41,100.78,"103Y12M"
65000,╖sе_ел,65000010,кO╛Ї░╧,65000010-013,е·╡╪и╜,99.02,2.58,50954.96,33.83,16.19,17.64,108.99,"103Y12M"
65000,╖sе_ел,65000010,кO╛Ї░╧,65000010-014,░ъе·и╜,97.41,2.5,71350.07,33.38,13.2,20.18,152.81,"103Y12M"
65000,╖sе_ел,65000010,кO╛Ї░╧,65000010-015,┤фз└и╜,89.03,2.79,68638.92,29.39,18.58,10.81,58.22,"103Y12M"
65000,╖sе_ел,65000010,кO╛Ї░╧,65000010-016,кў╡╪и╜,95.58,2.86,77955.09,31.53,17.03,14.5,85.11,"103Y12M"
65000,╖sе_ел,65000010,кO╛Ї░╧,65000010-017,┤ф╝wи╜,96.49,2.67,72260.2,33.09,16.71,16.38,98.01,"103Y12M"
65000,╖sе_ел,65000010,кO╛Ї░╧,65000010-018,е┴┼vи╜,99.86,2.6,50094.33,40.88,16.02,24.86,155.21,"103Y12M"
65000,╖sе_ел,65000010,кO╛Ї░╧,65000010-019,л╪░ъи╜,95.81,2.7,66534.71,33.61,15.73,17.89,113.75,"103Y12M"
65000,╖sе_ел,65000010,кO╛Ї░╧,65000010-020,║~е═и╜,93.34,2.68,41780.03,38.97,19.99,18.98,94.97,"103Y12M"
65000,╖sе_ел,65000010,кO╛Ї░╧,65000010-021,д╜БFи╜,96.99,2.82,53588.05,39.66,21.44,18.22,85.02,"103Y12M"
65000,╖sе_ел,65000010,кO╛Ї░╧,65000010-022,╖sе┴и╜,97.45,2.73,15860.25,39.13,22.81,16.32,71.54,"103Y12M"
65000,╖sе_ел,65000010,кO╛Ї░╧,65000010-023,йп║╓и╜,98.56,2.82,40090.48,34.24,18.12,16.12,88.95,"103Y12M"
65000,╖sе_ел,65000010,кO╛Ї░╧,65000010-024,й╛╕█и╜,95.67,2.55,35144.44,40.47,18.66,21.8,116.82,"103Y12M"
65000,╖sе_ел,65000010,кO╛Ї░╧,65000010-025,ж╩╣╪и╜,91.15,2.69,42681.48,39.23,20.83,18.4,88.36,"103Y12M"
65000,╖sе_ел,65000010,кO╛Ї░╧,65000010-026,д╢╣╪и╜,92.85,2.71,41909.48,36.44,18.68,17.76,95.08,"103Y12M"
65000,╖sе_ел,65000010,кO╛Ї░╧,65000010-027,╖sоHи╜,95.6,2.58,38949.45,32.77,13.63,19.13,140.34,"103Y12M"
65000,╖sе_ел,65000010,кO╛Ї░╧,65000010-028,╡╪ж┐и╜,86.49,2.47,63707.81,36.53,25.31,11.22,44.34,"103Y12M"
65000,╖sе_ел,65000010,кO╛Ї░╧,65000010-029,ж┐╗Aи╜,98.03,2.76,37127.74,31.05,16.27,14.78,90.85,"103Y12M"
65000,╖sе_ел,65000010,кO╛Ї░╧,65000010-030,п┬╗Aи╜,95.32,2.74,48440.53,29.7,16.4,13.29,81.05,"103Y12M"
65000,╖sе_ел,65000010,кO╛Ї░╧,65000010-031,╖╦└Yи╜,96.46,2.63,8250.38,31.29,17.49,13.8,78.95,"103Y12M"
65000,╖sе_ел,65000010,кO╛Ї░╧,65000010-032,┴p╗Aи╜,88.53,2.33,49702.07,32.04,16.28,15.76,96.81,"103Y12M"
65000,╖sе_ел,65000010,кO╛Ї░╧,65000010-033,з╗╗Aи╜,93.19,2.33,11169.2,26.81,16.61,10.2,61.4,"103Y12M"
65000,╖sе_ел,65000010,кO╛Ї░╧,65000010-034,дп╗Aи╜,95.39,2.82,81324.98,30.53,15.08,15.46,102.52,"103Y12M"
65000,╖sе_ел,65000010,кO╛Ї░╧,65000010-035,╖s╗Aи╜,93.3,2.7,70525.87,25.44,16.24,9.2,56.65,"103Y12M"
65000,╖sе_ел,65000010,кO╛Ї░╧,65000010-036,жN╗Aи╜,96.24,2.89,73559.98,26.52,16.21,10.31,63.58,"103Y12M"
65000,╖sе_ел,65000010,кO╛Ї░╧,65000010-037,╝w╗Aи╜,94.78,2.88,70329.71,27.55,20.36,7.19,35.34,"103Y12M"
65000,╖sе_ел,65000010,кO╛Ї░╧,65000010-038,║б╗Aи╜,93.85,2.8,54684.04,31.67,15.57,16.1,103.42,"103Y12M"
65000,╖sе_ел,65000010,кO╛Ї░╧,65000010-039,й·╗Aи╜,94.47,2.65,49507.89,32.86,16.26,16.6,102.05,"103Y12M"
65000,╖sе_ел,65000010,кO╛Ї░╧,65000010-040,кQ╗Aи╜,94.33,2.56,51001.36,32.15,17.13,15.02,87.69,"103Y12M"
65000,╖sе_ел,65000010,кO╛Ї░╧,65000010-041,мf╗Aи╜,93.22,2.45,6133.92,32.23,16.79,15.44,91.92,"103Y12M"
65000,╖sе_ел,65000010,кO╛Ї░╧,65000010-042,└s╗Aи╜,96.06,2.67,44257.38,27.71,15.27,12.44,81.43,"103Y12M"
65000,╖sе_ел,65000010,кO╛Ї░╧,65000010-043,╡╪╗Aи╜,93.45,2.81,44757.59,34.83,21.96,12.87,58.59,"103Y12M"
65000,╖sе_ел,65000010,кO╛Ї░╧,65000010-044,й╛╗Aи╜,90.47,2.55,51176.37,34.27,24.57,9.69,39.44,"103Y12M"
65000,╖sе_ел,65000010,кO╛Ї░╧,65000010-045,┤P╗Aи╜,102.33,2.75,59878.51,31.91,16.27,15.64,96.08,"103Y12M"
65000,╖sе_ел,65000010,кO╛Ї░╧,65000010-046,дх╗Aи╜,98.06,2.66,31568.57,31.81,14.93,16.88,113.05,"103Y12M"
65000,╖sе_ел,65000010,кO╛Ї░╧,65000010-047,лC╗Aи╜,104.32,2.66,57466.54,30.41,15.49,14.92,96.34,"103Y12M"
65000,╖sе_ел,65000010,кO╛Ї░╧,65000010-048,├h╗Aи╜,98.68,2.82,21160.86,26.89,14.41,12.48,86.61,"103Y12M"
65000,╖sе_ел,65000010,кO╛Ї░╧,65000010-049,║╓╗Aи╜,105.79,2.55,10934.51,30.7,11.76,18.93,160.94,"103Y12M"
65000,╖sе_ел,65000010,кO╛Ї░╧,65000010-050,┤ф╝Lи╜,99.91,2.66,30578.68,27.03,14.55,12.49,85.83,"103Y12M"
65000,╖sе_ел,65000010,кO╛Ї░╧,65000010-051,о╢┐│и╜,98.85,2.8,45269.2,30.39,14.89,15.5,104.11,"103Y12M"
65000,╖sе_ел,65000010,кO╛Ї░╧,65000010-052,о╢╕qи╜,97.05,2.68,14749.81,29.59,14.94,14.65,98.04,"103Y12M"
65000,╖sе_ел,65000010,кO╛Ї░╧,65000010-053,е·┤_и╜,101.55,2.67,8520.27,31.49,16.91,14.58,86.21,"103Y12M"
65000,╖sе_ел,65000010,кO╛Ї░╧,65000010-054,оHсYи╜,91.4,2.57,56949.86,27.88,14.8,13.09,88.46,"103Y12M"
65000,╖sе_ел,65000010,кO╛Ї░╧,65000010-055,к°╣╪и╜,96.48,2.94,27947.,30.87,15.17,15.7,103.5,"103Y12M"
65000,╖sе_ел,65000010,кO╛Ї░╧,65000010-056,║╓╣╪и╜,98.69,2.77,32510.28,26.07,14.19,11.88,83.76,"103Y12M"
65000,╖sе_ел,65000010,кO╛Ї░╧,65000010-057,о№дsи╜,90.64,3.03,67809.25,42.93,31.31,11.62,37.11,"103Y12M"
65000,╖sе_ел,65000010,кO╛Ї░╧,65000010-058,дEжpи╜,93.35,2.87,48877.72,34.79,18.98,15.81,83.26,"103Y12M"
65000,╖sе_ел,65000010,кO╛Ї░╧,65000010-059,е╔е·и╜,89.46,2.67,46502.33,34.33,21.91,12.43,56.73,"103Y12M"
65000,╖sе_ел,65000010,кO╛Ї░╧,65000010-060,е·дпи╜,97.73,3.03,28790.31,37.33,20.35,16.98,83.44,"103Y12M"
65000,╖sе_ел,65000010,кO╛Ї░╧,65000010-061,░ёсYи╜,92.72,2.71,61173.2,37.39,23.64,13.75,58.15,"103Y12M"
65000,╖sе_ел,65000010,кO╛Ї░╧,65000010-062,е├жwи╜,95.16,2.64,55413.65,34.08,20.86,13.22,63.36,"103Y12M"
65000,╖sе_ел,65000010,кO╛Ї░╧,65000010-063,┬∙е╔и╜,94.98,2.81,42649.54,38.61,24.57,14.04,57.12,"103Y12M"
65000,╖sе_ел,65000010,кO╛Ї░╧,65000010-064,╝s╖sи╜,98.39,3.03,50452.61,35.88,21.4,14.48,67.66,"103Y12M"
65000,╖sе_ел,65000010,кO╛Ї░╧,65000010-065,▓`еCи╜,90.36,2.51,25746.65,39.37,28.13,11.23,39.92,"103Y12M"
65000,╖sе_ел,65000010,кO╛Ї░╧,65000010-066,н╗еCи╜,93.93,2.83,44496.81,37.78,24.51,13.27,54.13,"103Y12M"
65000,╖sе_ел,65000010,кO╛Ї░╧,65000010-067,жшжwи╜,96.79,2.76,41778.42,36.42,19.32,17.1,88.49,"103Y12M"
65000,╖sе_ел,65000010,кO╛Ї░╧,65000010-068,кFеCи╜,96.47,2.95,40836.27,37.71,22.22,15.49,69.72,"103Y12M"
65000,╖sе_ел,65000010,кO╛Ї░╧,65000010-069,к°жwи╜,94.7,2.89,46384.21,38.53,28.3,10.23,36.15,"103Y12M"
65000,╖sе_ел,65000010,кO╛Ї░╧,65000010-070,║╓еCи╜,86.66,2.27,19739.98,36.7,23.01,13.69,59.47,"103Y12M"
65000,╖sе_ел,65000010,кO╛Ї░╧,65000010-071,║╓╕Sи╜,88.58,2.66,51015.98,35.9,21.7,14.21,65.48,"103Y12M"
65000,╖sе_ел,65000010,кO╛Ї░╧,65000010-072,е┴▒┌и╜,97.13,2.91,54342.82,47.77,33.6,14.18,42.2,"103Y12M"
65000,╖sе_ел,65000010,кO╛Ї░╧,65000010-073,░ъоїи╜,90.82,2.67,35547.87,38.71,23.15,15.55,67.18,"103Y12M"
65000,╖sе_ел,65000010,кO╛Ї░╧,65000010-074,║╓╝wи╜,100.55,2.79,43300.2,37.26,19.71,17.54,89.,"103Y12M"
65000,╖sе_ел,65000010,кO╛Ї░╧,65000010-075,┤║мPи╜,92.56,2.47,42454.92,33.18,17.01,16.17,95.06,"103Y12M"
65000,╖sе_ел,65000010,кO╛Ї░╧,65000010-076,║╓мPи╜,92.11,2.81,25106.06,36.19,19.6,16.59,84.63,"103Y12M"
65000,╖sе_ел,65000010,кO╛Ї░╧,65000010-077,╢m╢│и╜,90.82,2.51,18463.66,33.84,17.57,16.27,92.59,"103Y12M"
65000,╖sе_ел,65000010,кO╛Ї░╧,65000010-078,╝s╝wи╜,94.86,2.79,47718.38,31.97,18.75,13.22,70.53,"103Y12M"
65000,╖sе_ел,65000010,кO╛Ї░╧,65000010-079,дj┬╫и╜,94.56,2.82,53338.55,35.75,19.08,16.66,87.31,"103Y12M"
65000,╖sе_ел,65000010,кO╛Ї░╧,65000010-080,нл╝yи╜,94.94,2.81,39474.62,28.02,18.5,9.52,51.47,"103Y12M"
65000,╖sе_ел,65000010,кO╛Ї░╧,65000010-081,дп╖Rи╜,100.54,2.87,36910.5,34.07,16.69,17.37,104.08,"103Y12M"
65000,╖sе_ел,65000010,кO╛Ї░╧,65000010-082,йMени╜,90.38,2.5,63159.37,37.87,29.65,8.22,27.72,"103Y12M"
65000,╖sе_ел,65000010,кO╛Ї░╧,65000010-083,╝s║╓и╜,97.03,2.79,16588.61,29.8,20.01,9.78,48.89,"103Y12M"
65000,╖sе_ел,65000010,кO╛Ї░╧,65000010-084,╡╪┐│и╜,94.57,2.74,62679.75,28.24,16.14,12.09,74.91,"103Y12M"
65000,╖sе_ел,65000010,кO╛Ї░╧,65000010-085,╡╪╢Qи╜,92.19,2.84,50651.91,34.6,18.18,16.42,90.31,"103Y12M"
65000,╖sе_ел,65000010,кO╛Ї░╧,65000010-086,╡╪╝wи╜,94.01,2.55,56940.95,29.81,18.19,11.61,63.85,"103Y12M"
65000,╖sе_ел,65000010,кO╛Ї░╧,65000010-087,╡╪кFи╜,94.61,2.44,9243.67,28.04,15.62,12.42,79.51,"103Y12M"
65000,╖sе_ел,65000010,кO╛Ї░╧,65000010-088,лH╕qи╜,97.95,2.65,55601.35,32.78,17.33,15.45,89.16,"103Y12M"
65000,╖sе_ел,65000010,кO╛Ї░╧,65000010-089,пBмwи╜,106.99,3.03,6426.57,37.45,16.77,20.68,123.35,"103Y12M"
65000,╖sе_ел,65000010,кO╛Ї░╧,65000010-090,╡╪дди╜,100.07,2.92,7155.97,23.88,15.58,8.3,53.31,"103Y12M"
65000,╖sе_ел,65000010,кO╛Ї░╧,65000010-091,╣┤дди╜,98.61,3.06,56964.96,20.25,13.7,6.54,47.76,"103Y12M"
65000,╖sе_ел,65000010,кO╛Ї░╧,65000010-092,дддsи╜,102.53,2.62,9994.46,34.19,17.81,16.38,91.92,"103Y12M"
65000,╖sе_ел,65000010,кO╛Ї░╧,65000010-093,┤_┐│и╜,165.25,3.61,11451.82,69.95,16.12,53.83,333.9,"103Y12M"
65000,╖sе_ел,65000010,кO╛Ї░╧,65000010-094,дjжwи╜,100.05,2.85,46092.33,31.28,16.98,14.3,84.24,"103Y12M"
65000,╖sе_ел,65000010,кO╛Ї░╧,65000010-095,║╓жwи╜,98.21,2.7,6089.69,31.2,15.58,15.63,100.3,"103Y12M"
65000,╖sе_ел,65000010,кO╛Ї░╧,65000010-096,╗Eжwи╜,102.02,2.85,19885.05,26.22,15.44,10.77,69.77,"103Y12M"
65000,╖sе_ел,65000010,кO╛Ї░╧,65000010-097,└sжwи╜,96.31,2.77,13791.82,31.38,16.25,15.13,93.07,"103Y12M"
65000,╖sе_ел,65000010,кO╛Ї░╧,65000010-098,▒X▒[и╜,96.23,2.85,38434.93,29.84,21.1,8.74,41.44,"103Y12M"
65000,╖sе_ел,65000010,кO╛Ї░╧,65000010-099,╖╦мwи╜,95.96,2.94,45757.14,31.86,20.32,11.55,56.84,"103Y12M"
65000,╖sе_ел,65000010,кO╛Ї░╧,65000010-100,╖╦е_и╜,97.71,2.86,30843.83,33.24,19.33,13.91,71.92,"103Y12M"
65000,╖sе_ел,65000010,кO╛Ї░╧,65000010-101,н╗╢ои╜,98.76,2.77,24074.34,29.6,14.56,15.04,103.27,"103Y12M"
65000,╖sе_ел,65000010,кO╛Ї░╧,65000010-102,╖sе═и╜,101.6,2.94,81692.38,28.76,15.89,12.87,81.,"103Y12M"
65000,╖sе_ел,65000010,кO╛Ї░╧,65000010-103,дх╝wи╜,97.09,2.8,56625.77,30.37,16.99,13.38,78.77,"103Y12M"
65000,╖sе_ел,65000010,кO╛Ї░╧,65000010-104,дхд╞и╜,95.99,2.63,28037.77,33.1,16.47,16.63,100.95,"103Y12M"
65000,╖sе_ел,65000010,кO╛Ї░╧,65000010-105,╖sо№и╜,99.38,3.09,22556.83,24.9,16.14,8.76,54.31,"103Y12M"
65000,╖sе_ел,65000010,кO╛Ї░╧,65000010-106,▓ўе·и╜,93.26,2.71,37444.42,39.54,22.67,16.88,74.47,"103Y12M"
65000,╖sе_ел,65000010,кO╛Ї░╧,65000010-107,┤I╢Qи╜,93.34,2.74,41770.22,31.31,14.34,16.96,118.29,"103Y12M"
65000,╖sе_ел,65000010,кO╛Ї░╧,65000010-108,е┐оїи╜,92.82,2.98,82455.65,28.47,16.25,12.22,75.18,"103Y12M"
65000,╖sе_ел,65000010,кO╛Ї░╧,65000010-109,е┴е═и╜,88.74,2.67,62195.12,30.35,18.48,11.87,64.27,"103Y12M"
65000,╖sе_ел,65000010,кO╛Ї░╧,65000010-110,лсоHи╜,97.55,2.51,67075.2,33.11,17.68,15.43,87.29,"103Y12M"
65000,╖sе_ел,65000010,кO╛Ї░╧,65000010-111,╡╪║╓и╜,94.72,2.9,52505.02,29.85,16.28,13.57,83.33,"103Y12M"
65000,╖sе_ел,65000010,кO╛Ї░╧,65000010-112,░ємKи╜,99.27,3.06,12604.69,26.57,19.09,7.49,39.23,"103Y12M"
65000,╖sе_ел,65000010,кO╛Ї░╧,65000010-113,жийMи╜,98.51,2.82,9524.8,30.78,23.,7.79,33.86,"103Y12M"
65000,╖sе_ел,65000010,кO╛Ї░╧,65000010-114,е·║aи╜,97.31,2.75,58482.18,33.55,15.12,18.42,121.82,"103Y12M"
65000,╖sе_ел,65000010,кO╛Ї░╧,65000010-115,е┴жwи╜,93.13,2.6,53391.6,43.18,19.24,23.95,124.5,"103Y12M"
65000,╖sе_ел,65000010,кO╛Ї░╧,65000010-116,╢зй·и╜,94.86,2.87,45193.22,29.15,12.94,16.21,125.33,"103Y12M"
65000,╖sе_ел,65000010,кO╛Ї░╧,65000010-117,┤┬╢зи╜,92.21,2.86,77813.28,28.85,15.3,13.55,88.55,"103Y12M"
65000,╖sе_ел,65000010,кO╛Ї░╧,65000010-118,кQмfи╜,100.,2.65,28651.53,28.56,15.98,12.58,78.74,"103Y12M"
65000,╖sе_ел,65000010,кO╛Ї░╧,65000010-119,дх╕tи╜,97.68,2.82,77737.57,25.21,15.12,10.09,66.73,"103Y12M"
65000,╖sе_ел,65000010,кO╛Ї░╧,65000010-120,й~дпи╜,95.38,2.9,59875.11,25.06,14.14,10.92,77.26,"103Y12M"
65000,╖sе_ел,65000010,кO╛Ї░╧,65000010-121,▓°╖qи╜,93.86,2.74,53660.77,34.23,25.93,8.29,31.98,"103Y12M"
65000,╖sе_ел,65000010,кO╛Ї░╧,65000010-122,кFжwи╜,95.28,3.07,67457.97,42.01,31.06,10.95,35.26,"103Y12M"
65000,╖sе_ел,65000010,кO╛Ї░╧,65000010-123,дн┼vи╜,99.12,2.86,33859.28,34.17,18.99,15.18,79.91,"103Y12M"
65000,╖sе_ел,65000010,кO╛Ї░╧,65000010-124,╖╦║╓и╜,97.8,2.99,12060.15,30.07,24.07,6.,24.94,"103Y12M"
65000,╖sе_ел,65000010,кO╛Ї░╧,65000010-125,дj╞[и╜,95.6,2.94,55961.87,23.93,16.32,7.61,46.6,"103Y12M"
65000,╖sе_ел,65000010,кO╛Ї░╧,65000010-126,┼w╢щи╜,109.13,2.88,2408.42,30.94,16.52,14.43,87.36,"103Y12M"
65000,╖sе_ел,65000020,дTнл░╧,65000020-001,дjж│и╜,98.2,2.84,18460.13,23.62,13.72,9.91,72.23,"103Y12M"
65000,╖sе_ел,65000020,дTнл░╧,65000020-002,дGнли╜,102.15,2.98,9118.68,28.97,15.17,13.8,90.95,"103Y12M"
65000,╖sе_ел,65000020,дTнл░╧,65000020-003,│╗оrи╜,105.36,2.82,1710.1,25.65,14.57,11.08,76.07,"103Y12M"
65000,╖sе_ел,65000020,дTнл░╧,65000020-004,ижд¤и╜,113.58,2.97,1749.84,34.63,13.23,21.4,161.76,"103Y12M"
65000,╖sе_ел,65000020,дTнл░╧,65000020-005,дд┐│и╜,101.12,2.66,4254.7,28.73,14.56,14.17,97.32,"103Y12M"
65000,╖sе_ел,65000020,дTнл░╧,65000020-006,╝wлpи╜,98.62,2.39,1108.66,34.89,9.66,25.23,261.29,"103Y12M"
65000,╖sе_ел,65000020,дTнл░╧,65000020-007,жие\и╜,92.31,2.4,3316.22,31.78,20.94,10.84,51.78,"103Y12M"
65000,╖sе_ел,65000020,дTнл░╧,65000020-008,║╓мчи╜,96.69,2.61,34496.45,31.66,20.06,11.6,57.84,"103Y12M"
65000,╖sе_ел,65000020,дTнл░╧,65000020-009,║╓е┴и╜,100.86,2.81,55816.47,33.67,18.9,14.77,78.14,"103Y12M"
65000,╖sе_ел,65000020,дTнл░╧,65000020-010,╣Lе╨и╜,120.77,1.95,61614.89,26.34,13.55,12.79,94.43,"103Y12M"
65000,╖sе_ел,65000020,дTнл░╧,65000020-011,└Aе╨и╜,98.67,2.72,41988.6,34.07,16.95,17.13,101.06,"103Y12M"
65000,╖sе_ел,65000020,дTнл░╧,65000020-012,нлй·и╜,96.9,2.69,30102.74,41.29,23.87,17.42,72.98,"103Y12M"
65000,╖sе_ел,65000020,дTнл░╧,65000020-013,е·е╨и╜,95.43,2.44,55723.,29.52,13.15,16.37,124.52,"103Y12M"
65000,╖sе_ел,65000020,дTнл░╧,65000020-014,е·╢зи╜,99.82,2.55,42451.08,25.76,12.75,13.,101.96,"103Y12M"
65000,╖sе_ел,65000020,дTнл░╧,65000020-015,е╨д▀и╜,100.79,2.76,37025.36,29.97,14.39,15.58,108.32,"103Y12M"
65000,╖sе_ел,65000020,дTнл░╧,65000020-016,║╓е╨и╜,101.91,3.02,69377.03,22.65,12.65,10.,79.08,"103Y12M"
65000,╖sе_ел,65000020,дTнл░╧,65000020-017,е╨дди╜,98.32,2.89,63682.46,30.99,18.65,12.34,66.13,"103Y12M"
65000,╖sе_ел,65000020,дTнл░╧,65000020-018,е╨жwи╜,94.52,2.76,52188.9,29.35,16.81,12.54,74.59,"103Y12M"
65000,╖sе_ел,65000020,дTнл░╧,65000020-019,дTе┴и╜,99.05,2.8,52588.76,32.45,19.6,12.85,65.59,"103Y12M"
65000,╖sе_ел,65000020,дTнл░╧,65000020-020,е·й·и╜,95.85,2.63,29082.85,30.97,19.78,11.19,56.6,"103Y12M"
65000,╖sе_ел,65000020,дTнл░╧,65000020-021,е·е┐и╜,96.05,1.97,11322.23,20.68,10.86,9.82,90.41,"103Y12M"
65000,╖sе_ел,65000020,дTнл░╧,65000020-022,жPжwи╜,100.26,2.61,3896.93,30.07,13.85,16.22,117.07,"103Y12M"
65000,╖sе_ел,65000020,дTнл░╧,65000020-023,жP╝yи╜,100.72,2.59,4268.58,28.48,13.71,14.77,107.69,"103Y12M"
65000,╖sе_ел,65000020,дTнл░╧,65000020-024,╡ц╝dи╜,96.03,2.76,55298.77,34.24,17.41,16.83,96.68,"103Y12M"
65000,╖sе_ел,65000020,дTнл░╧,65000020-025,е├мKи╜,95.58,2.68,80991.42,31.03,17.4,13.63,78.37,"103Y12M"
65000,╖sе_ел,65000020,дTнл░╧,65000020-026,дде┐и╜,98.13,2.61,63331.76,28.25,11.96,16.29,136.23,"103Y12M"
65000,╖sе_ел,65000020,дTнл░╧,65000020-027,жNзQи╜,99.87,2.4,55588.26,24.88,10.33,14.55,140.8,"103Y12M"
65000,╖sе_ел,65000020,дTнл░╧,65000020-028,дjжPи╜,90.42,2.25,58230.68,24.57,10.5,14.07,133.92,"103Y12M"
65000,╖sе_ел,65000020,дTнл░╧,65000020-029,дде┴и╜,102.38,2.55,51066.07,30.08,12.74,17.34,136.09,"103Y12M"
65000,╖sе_ел,65000020,дTнл░╧,65000020-030,енйMи╜,105.44,2.51,58791.61,36.44,13.77,22.67,164.63,"103Y12M"
65000,╖sе_ел,65000020,дTнл░╧,65000020-031,дjжwи╜,101.37,2.61,53770.97,31.69,14.47,17.23,119.07,"103Y12M"
65000,╖sе_ел,65000020,дTнл░╧,65000020-032,дп╝wи╜,107.81,2.42,43385.78,31.48,11.33,20.15,177.9,"103Y12M"
65000,╖sе_ел,65000020,дTнл░╧,65000020-033,й╛з╡и╜,97.54,2.54,52140.32,35.96,13.97,21.99,157.37,"103Y12M"
65000,╖sе_ел,65000020,дTнл░╧,65000020-034,дп╕qи╜,97.1,2.66,29351.01,30.98,12.75,18.22,142.86,"103Y12M"
65000,╖sе_ел,65000020,дTнл░╧,65000020-035,е·║aи╜,97.47,2.28,50881.23,29.01,11.32,17.68,156.15,"103Y12M"
65000,╖sе_ел,65000020,дTнл░╧,65000020-036,е·╜ўи╜,101.48,2.55,19241.85,29.23,12.64,16.59,131.25,"103Y12M"
65000,╖sе_ел,65000020,дTнл░╧,65000020-037,║╓мPи╜,93.15,2.22,47069.23,27.9,10.01,17.89,178.67,"103Y12M"
65000,╖sе_ел,65000020,дTнл░╧,65000020-038,║╓зQи╜,87.14,2.3,11927.72,23.46,12.39,11.07,89.34,"103Y12M"
65000,╖sе_ел,65000020,дTнл░╧,65000020-039,▓MйMи╜,90.59,2.17,9408.43,24.28,12.74,11.53,90.52,"103Y12M"
65000,╖sе_ел,65000020,дTнл░╧,65000020-040,е├┐│и╜,93.15,2.24,5852.07,28.83,13.32,15.51,116.43,"103Y12M"
65000,╖sе_ел,65000020,дTнл░╧,65000020-041,дддsи╜,94.94,2.47,19004.86,30.26,14.25,16.01,112.34,"103Y12M"
65000,╖sе_ел,65000020,дTнл░╧,65000020-042,дj╢щи╜,100.07,2.68,66380.7,32.94,16.66,16.28,97.72,"103Y12M"
65000,╖sе_ел,65000020,дTнл░╧,65000020-043,░ъ╢йи╜,93.24,2.63,49616.33,27.76,14.44,13.32,92.26,"103Y12M"
65000,╖sе_ел,65000020,дTнл░╧,65000020-044,нл╢зи╜,96.68,2.76,33480.27,31.94,16.42,15.51,94.44,"103Y12M"
65000,╖sе_ел,65000020,дTнл░╧,65000020-045,е┴е═и╜,98.04,2.65,58217.3,32.39,17.48,14.92,85.36,"103Y12M"
65000,╖sе_ел,65000020,дTнл░╧,65000020-046,нл╖sи╜,104.84,2.48,42374.53,34.63,14.22,20.41,143.48,"103Y12M"
65000,╖sе_ел,65000020,дTнл░╧,65000020-047,е┐╝wи╜,91.07,2.47,50593.51,34.99,16.61,18.38,110.67,"103Y12M"
65000,╖sе_ел,65000020,дTнл░╧,65000020-048,е┐╕qи╜,102.9,2.6,29955.68,31.99,15.56,16.43,105.63,"103Y12M"
65000,╖sе_ел,65000020,дTнл░╧,65000020-049,е┐жwи╜,95.5,2.47,55632.6,32.03,15.06,16.96,112.61,"103Y12M"
65000,╖sе_ел,65000020,дTнл░╧,65000020-050,ж█▒jи╜,97.99,2.69,66433.1,32.35,14.56,17.79,122.12,"103Y12M"
65000,╖sе_ел,65000020,дTнл░╧,65000020-051,дхд╞и╜,103.24,2.64,36259.46,38.84,16.62,22.22,133.67,"103Y12M"
65000,╖sе_ел,65000020,дTнл░╧,65000020-052,ддеби╜,101.31,2.33,46543.33,33.53,15.5,18.03,116.36,"103Y12M"
65000,╖sе_ел,65000020,дTнл░╧,65000020-053,┬∙╢щи╜,98.89,2.63,39708.66,34.76,15.68,19.07,121.6,"103Y12M"
65000,╖sе_ел,65000020,дTнл░╧,65000020-054,└A│qи╜,93.58,2.51,53431.36,34.32,11.8,22.52,190.91,"103Y12M"
65000,╖sе_ел,65000020,дTнл░╧,65000020-055,└Aжwи╜,91.15,2.53,60176.78,34.96,11.95,23.01,192.61,"103Y12M"
65000,╖sе_ел,65000020,дTнл░╧,65000020-056,к°жwи╜,98.04,2.63,53380.86,30.61,12.83,17.78,138.6,"103Y12M"
65000,╖sе_ел,65000020,дTнл░╧,65000020-057,е·╡╪и╜,98.72,2.33,47183.67,32.14,13.52,18.62,137.68,"103Y12M"
65000,╖sе_ел,65000020,дTнл░╧,65000020-058,к°е═и╜,97.84,2.46,54709.43,32.37,12.72,19.65,154.55,"103Y12M"
65000,╖sе_ел,65000020,дTнл░╧,65000020-059,╢}д╕и╜,105.33,2.52,9584.53,29.05,10.43,18.62,178.57,"103Y12M"
65000,╖sе_ел,65000020,дTнл░╧,65000020-060,дj╝wи╜,89.72,2.42,39151.05,34.63,13.98,20.65,147.78,"103Y12M"
65000,╖sе_ел,65000020,дTнл░╧,65000020-061,к°д╕и╜,103.57,2.56,64390.96,28.28,13.5,14.77,109.42,"103Y12M"
65000,╖sе_ел,65000020,дTнл░╧,65000020-062,к°ж┐и╜,98.7,2.44,21157.66,29.51,13.58,15.93,117.33,"103Y12M"
65000,╖sе_ел,65000020,дTнл░╧,65000020-063,к°оїи╜,100.67,2.6,61305.45,30.77,14.01,16.76,119.61,"103Y12M"
65000,╖sе_ел,65000020,дTнл░╧,65000020-064,к°║╓и╜,95.57,2.6,24931.94,30.84,14.36,16.47,114.67,"103Y12M"
65000,╖sе_ел,65000020,дTнл░╧,65000020-065,д╢╣╪и╜,96.09,2.52,55362.15,35.83,17.4,18.44,105.99,"103Y12M"
65000,╖sе_ел,65000020,дTнл░╧,65000020-066,╕U╣╪и╜,91.95,2.68,69877.58,28.5,13.57,14.93,110.04,"103Y12M"
65000,╖sе_ел,65000020,дTнл░╧,65000020-067,└Aж┐и╜,101.26,2.73,25540.87,27.5,13.1,14.4,109.92,"103Y12M"
65000,╖sе_ел,65000020,дTнл░╧,65000020-068,└s└╪и╜,98.3,2.83,20702.29,30.23,16.1,14.13,87.76,"103Y12M"
65000,╖sе_ел,65000020,дTнл░╧,65000020-069,└sк∙и╜,98.51,2.63,51121.88,34.11,16.79,17.32,103.19,"103Y12M"
65000,╖sе_ел,65000020,дTнл░╧,65000020-070,иqж┐и╜,103.43,2.73,60451.65,36.81,18.27,18.54,101.52,"103Y12M"
65000,╖sе_ел,65000020,дTнл░╧,65000020-071,л│╣╪и╜,98.73,2.46,15548.59,30.82,13.95,16.88,121.,"103Y12M"
65000,╖sе_ел,65000020,дTнл░╧,65000020-072,дTжwи╜,92.6,2.32,42889.97,32.88,13.63,19.25,141.24,"103Y12M"
65000,╖sе_ел,65000020,дTнл░╧,65000020-073,║╓жwи╜,98.16,2.61,48278.96,29.2,14.42,14.78,102.5,"103Y12M"
65000,╖sе_ел,65000020,дTнл░╧,65000020-074,лHжwи╜,97.52,2.52,57142.1,31.88,16.8,15.08,89.78,"103Y12M"
65000,╖sе_ел,65000020,дTнл░╧,65000020-075,жw╝yи╜,97.01,2.48,66474.96,28.5,12.24,16.26,132.85,"103Y12M"
65000,╖sе_ел,65000020,дTнл░╧,65000020-076,йп║╓и╜,97.03,2.66,23832.06,30.82,15.72,15.1,96.04,"103Y12M"
65000,╖sе_ел,65000020,дTнл░╧,65000020-077,д╗жXи╜,99.36,2.68,41074.2,31.36,16.53,14.83,89.72,"103Y12M"
65000,╖sе_ел,65000020,дTнл░╧,65000020-078,д╗║╓и╜,98.45,2.99,55064.64,28.28,19.39,8.89,45.87,"103Y12M"
65000,╖sе_ел,65000020,дTнл░╧,65000020-079,╢╢╝wи╜,108.54,2.72,44592.76,34.01,15.13,18.88,124.81,"103Y12M"
65000,╖sе_ел,65000020,дTнл░╧,65000020-080,й╙╝wи╜,102.76,2.95,13302.68,39.01,18.14,20.87,115.06,"103Y12M"
65000,╖sе_ел,65000020,дTнл░╧,65000020-081,╖ч╝wи╜,96.87,2.76,44697.88,35.6,17.32,18.27,105.47,"103Y12M"
65000,╖sе_ел,65000020,дTнл░╧,65000020-082,▒R╝wи╜,101.69,2.83,43902.94,32.25,16.03,16.22,101.15,"103Y12M"
65000,╖sе_ел,65000020,дTнл░╧,65000020-083,лp╝wи╜,95.74,2.74,61578.24,33.77,20.32,13.45,66.21,"103Y12M"
65000,╖sе_ел,65000020,дTнл░╧,65000020-084,║√╝wи╜,95.52,2.74,39995.98,33.12,19.01,14.12,74.29,"103Y12M"
65000,╖sе_ел,65000020,дTнл░╧,65000020-085,й|╝wи╜,95.25,2.71,39796.89,32.29,16.76,15.53,92.65,"103Y12M"
65000,╖sе_ел,65000020,дTнл░╧,65000020-086,░Ў╝wи╜,98.32,2.79,23913.94,31.11,17.27,13.84,80.11,"103Y12M"
65000,╖sе_ел,65000020,дTнл░╧,65000020-087,е├╝wи╜,96.56,2.85,44285.69,34.88,21.19,13.68,64.58,"103Y12M"
65000,╖sе_ел,65000020,дTнл░╧,65000020-088,е├▓▒и╜,95.09,2.88,42054.16,36.14,22.19,13.95,62.85,"103Y12M"
65000,╖sе_ел,65000020,дTнл░╧,65000020-089,е├║╓и╜,94.15,2.94,46960.33,32.39,21.69,10.71,49.38,"103Y12M"
65000,╖sе_ел,65000020,дTнл░╧,65000020-090,е├▓Mи╜,94.17,3.,74977.02,31.22,20.83,10.39,49.9,"103Y12M"
65000,╖sе_ел,65000020,дTнл░╧,65000020-091,е├жwи╜,94.22,2.93,70193.91,34.69,24.21,10.48,43.29,"103Y12M"
65000,╖sе_ел,65000020,дTнл░╧,65000020-092,е├▐kи╜,106.7,2.82,51158.36,25.37,12.9,12.48,96.74,"103Y12M"
65000,╖sе_ел,65000020,дTнл░╧,65000020-093,╖╦м№и╜,94.47,2.66,46208.89,26.81,16.18,10.63,65.69,"103Y12M"
65000,╖sе_ел,65000020,дTнл░╧,65000020-094,║╓╢йи╜,93.91,2.69,31994.82,30.79,20.61,10.18,49.41,"103Y12M"
65000,╖sе_ел,65000020,дTнл░╧,65000020-095,дн▒`и╜,97.35,3.04,7263.08,30.93,18.53,12.41,66.98,"103Y12M"
65000,╖sе_ел,65000020,дTнл░╧,65000020-096,дн║╓и╜,93.2,2.54,23328.94,29.32,17.88,11.44,63.98,"103Y12M"
65000,╖sе_ел,65000020,дTнл░╧,65000020-097,дпй╛и╜,98.09,2.72,62882.59,29.47,16.79,12.68,75.51,"103Y12M"
65000,╖sе_ел,65000020,дTнл░╧,65000020-098,╖O║╓и╜,104.88,2.55,67341.49,30.59,13.41,17.18,128.05,"103Y12M"
65000,╖sе_ел,65000020,дTнл░╧,65000020-099,╖Oе═и╜,97.75,2.76,52682.34,31.66,13.39,18.26,136.4,"103Y12M"
65000,╖sе_ел,65000020,дTнл░╧,65000020-100,╖O┤fи╜,99.74,2.79,68744.51,29.07,14.4,14.67,101.91,"103Y12M"
65000,╖sе_ел,65000020,дTнл░╧,65000020-101,╖O╖Rи╜,97.46,2.7,63225.2,27.45,12.82,14.63,114.1,"103Y12M"
65000,╖sе_ел,65000020,дTнл░╧,65000020-102,╖Oд╞и╜,94.08,2.9,52842.8,29.32,17.9,11.42,63.78,"103Y12M"
65000,╖sе_ел,65000020,дTнл░╧,65000020-103,╖Oпзи╜,100.72,2.86,50984.56,31.13,16.89,14.24,84.29,"103Y12M"
65000,╖sе_ел,65000020,дTнл░╧,65000020-104,дн╡╪и╜,94.21,2.66,23016.74,29.1,18.41,10.69,58.06,"103Y12M"
65000,╖sе_ел,65000020,дTнл░╧,65000020-105,┤I╢Qи╜,92.71,2.37,8452.99,25.65,16.91,8.73,51.64,"103Y12M"
65000,╖sе_ел,65000020,дTнл░╧,65000020-106,┤I╡╪и╜,104.9,2.61,83416.38,31.8,18.93,12.86,67.95,"103Y12M"
65000,╖sе_ел,65000020,дTнл░╧,65000020-107,┤I║╓и╜,92.72,2.91,35583.75,29.33,17.19,12.13,70.57,"103Y12M"
65000,╖sе_ел,65000020,дTнл░╧,65000020-108,║╤╡╪и╜,91.53,2.26,24306.78,26.22,17.66,8.56,48.45,"103Y12M"
65000,╖sе_ел,65000020,дTнл░╧,65000020-109,днижи╜,110.33,2.49,2628.06,27.67,11.01,16.66,151.27,"103Y12M"
65000,╖sе_ел,65000020,дTнл░╧,65000020-110,│╒╖Rи╜,94.41,3.01,66661.23,24.64,14.04,10.61,75.54,"103Y12M"
65000,╖sе_ел,65000020,дTнл░╧,65000020-111,║╓╝wи╜,88.62,2.49,39711.29,31.36,18.28,13.09,71.6,"103Y12M"
65000,╖sе_ел,65000020,дTнл░╧,65000020-112,е├жNи╜,94.31,2.66,43891.68,31.86,20.36,11.5,56.49,"103Y12M"
65000,╖sе_ел,65000020,дTнл░╧,65000020-113,е├╡oи╜,100.13,2.88,22911.08,25.64,17.43,8.21,47.08,"103Y12M"
65000,╖sе_ел,65000020,дTнл░╧,65000020-114,е├╢╢и╜,94.01,2.99,84665.01,28.53,19.19,9.35,48.71,"103Y12M"
65000,╖sе_ел,65000020,дTнл░╧,65000020-115,е├┬╫и╜,94.85,3.01,65971.93,31.57,23.74,7.84,33.01,"103Y12M"
65000,╖sе_ел,65000020,дTнл░╧,65000020-116,е▀╝wи╜,96.67,2.79,31852.26,30.59,16.13,14.46,89.66,"103Y12M"
65000,╖sе_ел,65000020,дTнл░╧,65000020-117,║╓╝╓и╜,99.27,2.67,55136.06,33.43,19.57,13.86,70.81,"103Y12M"
65000,╖sе_ел,65000020,дTнл░╧,65000020-118,дп╡╪и╜,97.3,2.65,41865.52,26.13,15.2,10.93,71.93,"103Y12M"
65000,╖sе_ел,65000020,дTнл░╧,65000020-119,дн╢╢и╜,100.52,2.93,48607.43,29.79,17.99,11.8,65.58,"103Y12M"
65000,╖sе_ел,65000030,ддйM░╧,65000030-001,ддньи╜,96.68,2.47,3688.01,25.54,14.45,11.09,76.73,"103Y12M"
65000,╖sе_ел,65000030,ддйM░╧,65000030-002,енкeи╜,94.24,2.53,23703.31,27.84,17.82,10.02,56.24,"103Y12M"
65000,╖sе_ел,65000030,ддйM░╧,65000030-003,лHйMи╜,101.58,2.82,65870.15,32.62,17.22,15.4,89.45,"103Y12M"
65000,╖sе_ел,65000030,ддйM░╧,65000030-004,дпйMи╜,98.97,2.93,36539.15,28.85,15.99,12.86,80.45,"103Y12M"
65000,╖sе_ел,65000030,ддйM░╧,65000030-005,дде┐и╜,97.15,2.73,70545.69,29.51,15.36,14.15,92.14,"103Y12M"
65000,╖sе_ел,65000030,ддйM░╧,65000030-006,л╪йMи╜,97.32,2.7,41480.68,37.,16.08,20.92,130.13,"103Y12M"
65000,╖sе_ел,65000030,ддйM░╧,65000030-007,│sйMи╜,84.84,2.01,12098.67,29.85,12.85,17.,132.24,"103Y12M"
65000,╖sе_ел,65000030,ддйM░╧,65000030-008,│sл░и╜,93.36,2.6,49379.83,35.23,16.42,18.8,114.49,"103Y12M"
65000,╖sе_ел,65000030,ддйM░╧,65000030-009,дOжци╜,91.88,2.62,52455.23,29.28,17.59,11.69,66.48,"103Y12M"
65000,╖sе_ел,65000030,ддйM░╧,65000030-010,кD╝dи╜,96.79,2.57,23835.77,34.01,15.67,18.35,117.08,"103Y12M"
65000,╖sе_ел,65000030,ддйM░╧,65000030-011,║sйMи╜,94.82,2.41,29802.15,32.33,16.34,15.99,97.83,"103Y12M"
65000,╖sе_ел,65000030,ддйM░╧,65000030-012,╝qм№и╜,96.31,2.65,43264.24,30.96,13.91,17.05,122.61,"103Y12M"
65000,╖sе_ел,65000030,ддйM░╧,65000030-013,║╓пuи╜,98.13,2.53,57337.48,27.54,13.42,14.12,105.26,"103Y12M"
65000,╖sе_ел,65000030,ддйM░╧,65000030-014,║╓╡╜и╜,91.66,2.41,46988.72,26.49,10.48,16.01,152.78,"103Y12M"
65000,╖sе_ел,65000030,ддйM░╧,65000030-015,║╓м№и╜,99.06,2.68,41963.47,29.72,14.15,15.57,110.06,"103Y12M"
65000,╖sе_ел,65000030,ддйM░╧,65000030-016,║╓▓╗и╜,96.97,2.57,66261.88,27.84,13.87,13.97,100.68,"103Y12M"
65000,╖sе_ел,65000030,ддйM░╧,65000030-017,е╦б╜и╜,95.45,2.63,48546.85,31.37,15.46,15.91,102.85,"103Y12M"
65000,╖sе_ел,65000030,ддйM░╧,65000030-018,║╓йMи╜,99.58,2.58,52791.12,27.69,10.98,16.71,152.13,"103Y12M"
65000,╖sе_ел,65000030,ддйM░╧,65000030-019,и╬йMи╜,92.25,2.45,42547.2,29.96,13.78,16.18,117.39,"103Y12M"
65000,╖sе_ел,65000030,ддйM░╧,65000030-020,жw╝╓и╜,88.14,2.36,32830.33,27.44,11.04,16.4,148.61,"103Y12M"
65000,╖sе_ел,65000030,ддйM░╧,65000030-021,жwйMи╜,91.86,2.34,49239.82,30.68,13.6,17.08,125.6,"103Y12M"
65000,╖sе_ел,65000030,ддйM░╧,65000030-022,жwени╜,89.99,2.29,59800.29,32.82,13.62,19.2,140.91,"103Y12M"
65000,╖sе_ел,65000030,ддйM░╧,65000030-023,дджwи╜,88.91,2.14,30520.99,32.61,12.31,20.3,164.9,"103Y12M"
65000,╖sе_ел,65000030,ддйM░╧,65000030-024,оїжwи╜,91.83,2.52,38684.07,32.85,11.6,21.25,183.13,"103Y12M"
65000,╖sе_ел,65000030,ддйM░╧,65000030-025,╖sлnи╜,88.33,2.42,69135.08,31.23,18.2,13.03,71.56,"103Y12M"
65000,╖sе_ел,65000030,ддйM░╧,65000030-026,лnдsи╜,95.,2.48,62534.58,32.19,16.64,15.55,93.41,"103Y12M"
65000,╖sе_ел,65000030,ддйM░╧,65000030-027,иqдsи╜,93.37,2.64,38327.41,28.04,13.47,14.58,108.25,"103Y12M"
65000,╖sе_ел,65000030,ддйM░╧,65000030-028,иqжии╜,94.88,2.65,64610.16,24.97,11.35,13.63,120.12,"103Y12M"
65000,╖sе_ел,65000030,ддйM░╧,65000030-029,иq║╓и╜,95.76,2.5,42921.,26.67,10.53,16.14,153.35,"103Y12M"
65000,╖sе_ел,65000030,ддйM░╧,65000030-030,иq┤║и╜,96.54,2.3,8373.46,28.72,13.08,15.64,119.61,"103Y12M"
65000,╖sе_ел,65000030,ддйM░╧,65000030-031,иqй·и╜,87.25,2.17,54270.52,32.83,14.01,18.82,134.33,"103Y12M"
65000,╖sе_ел,65000030,ддйM░╧,65000030-032,иqоpи╜,88.65,2.25,45049.52,29.57,13.7,15.87,115.87,"103Y12M"
65000,╖sе_ел,65000030,ддйM░╧,65000030-033,иqдпи╜,97.83,2.43,56865.09,32.15,15.94,16.21,101.72,"103Y12M"
65000,╖sе_ел,65000030,ддйM░╧,65000030-034,│╗лnи╜,94.88,2.85,40969.59,25.88,12.1,13.77,113.83,"103Y12M"
65000,╖sе_ел,65000030,ддйM░╧,65000030-035,╡╪╖sи╜,94.7,2.67,30520.28,30.99,18.27,12.72,69.62,"103Y12M"
65000,╖sе_ел,65000030,ддйM░╧,65000030-036,кFлnи╜,95.57,2.57,47650.81,38.29,12.03,26.26,218.23,"103Y12M"
65000,╖sе_ел,65000030,ддйM░╧,65000030-037,╡╪лnи╜,98.18,2.53,25754.71,30.71,15.54,15.17,97.58,"103Y12M"
65000,╖sе_ел,65000030,ддйM░╧,65000030-038,й╛з╡и╜,98.76,2.83,43383.29,32.24,14.86,17.38,116.95,"103Y12M"
65000,╖sе_ел,65000030,ддйM░╧,65000030-039,▒Rлnи╜,93.56,2.41,61410.21,28.44,12.79,15.65,122.36,"103Y12M"
65000,╖sе_ел,65000030,ддйM░╧,65000030-040,┤║лnи╜,96.2,2.56,23028.94,31.68,13.58,18.1,133.33,"103Y12M"
65000,╖sе_ел,65000030,ддйM░╧,65000030-041,╛ю╕Їи╜,117.22,2.92,156.75,31.65,12.46,19.19,154.05,"103Y12M"
65000,╖sе_ел,65000030,ддйM░╧,65000030-042,д║лnи╜,104.82,2.92,4265.25,26.84,13.74,13.1,95.34,"103Y12M"
65000,╖sе_ел,65000030,ддйM░╧,65000030-043,╣╪лnи╜,97.98,2.73,20172.07,34.39,15.58,18.81,120.68,"103Y12M"
65000,╖sе_ел,65000030,ддйM░╧,65000030-044,е~лnи╜,125.85,1.88,71190.88,27.62,11.53,16.09,139.52,"103Y12M"
65000,╖sе_ел,65000030,ддйM░╧,65000030-045,┤_┐│и╜,91.11,2.65,49176.08,35.75,17.04,18.71,109.84,"103Y12M"
65000,╖sе_ел,65000030,ддйM░╧,65000030-046,йM┐│и╜,94.22,2.47,58737.51,31.57,16.75,14.81,88.41,"103Y12M"
65000,╖sе_ел,65000030,ддйM░╧,65000030-047,┤║ени╜,87.51,2.26,43374.89,30.74,13.42,17.32,129.04,"103Y12M"
65000,╖sе_ел,65000030,ддйM░╧,65000030-048,┤║╖sи╜,93.18,2.58,57781.83,32.29,13.13,19.16,145.89,"103Y12M"
65000,╖sе_ел,65000030,ддйM░╧,65000030-049,┤║║╓и╜,92.09,2.35,39245.42,30.12,13.02,17.1,131.33,"103Y12M"
65000,╖sе_ел,65000030,ддйM░╧,65000030-050,┤║жwи╜,97.2,2.46,51302.34,28.67,12.87,15.8,122.72,"103Y12M"
65000,╖sе_ел,65000030,ддйM░╧,65000030-051,┤║дхи╜,96.78,2.42,42441.76,29.75,14.,15.74,112.4,"103Y12M"
65000,╖sе_ел,65000030,ддйM░╧,65000030-052,└AйMи╜,96.65,2.88,9236.05,30.54,20.4,10.13,49.68,"103Y12M"
65000,╖sе_ел,65000030,ддйM░╧,65000030-053,└Aйўи╜,106.35,2.5,6971.31,38.88,20.22,18.66,92.29,"103Y12M"
65000,╖sе_ел,65000030,ддйM░╧,65000030-054,ж╟б╜и╜,112.24,3.26,472.67,33.12,18.56,14.56,78.45,"103Y12M"
65000,╖sе_ел,65000030,ддйM░╧,65000030-055,┐n┴Jи╜,93.72,2.49,47797.55,27.07,15.89,11.19,70.41,"103Y12M"
65000,╖sе_ел,65000030,ддйM░╧,65000030-056,е┴и╔и╜,96.11,2.85,71943.41,25.29,13.82,11.48,83.05,"103Y12M"
65000,╖sе_ел,65000030,ддйM░╧,65000030-057,н√дsи╜,95.44,2.45,21632.68,30.89,19.72,11.17,56.66,"103Y12M"
65000,╖sе_ел,65000030,ддйM░╧,65000030-058,╣┼┴Jи╜,98.57,2.99,14462.86,24.29,13.17,11.12,84.41,"103Y12M"
65000,╖sе_ел,65000030,ддйM░╧,65000030-059,дхд╕и╜,94.83,2.74,57019.55,27.96,14.33,13.63,95.07,"103Y12M"
65000,╖sе_ел,65000030,ддйM░╧,65000030-060,╣┼╖sи╜,98.42,2.97,19120.66,28.28,16.19,12.08,74.63,"103Y12M"
65000,╖sе_ел,65000030,ддйM░╧,65000030-061,е┴жwи╜,99.96,2.77,48150.73,26.4,15.82,10.58,66.87,"103Y12M"
65000,╖sе_ел,65000030,ддйM░╧,65000030-062,жw┴Jи╜,93.57,2.66,65409.71,28.05,16.92,11.13,65.78,"103Y12M"
65000,╖sе_ел,65000030,ддйM░╧,65000030-063,╖ч┴Jи╜,89.75,2.52,31461.74,30.42,15.05,15.37,102.11,"103Y12M"
65000,╖sе_ел,65000030,ддйM░╧,65000030-064,й·┴Jи╜,98.97,2.88,13530.02,25.71,15.42,10.29,66.72,"103Y12M"
65000,╖sе_ел,65000030,ддйM░╧,65000030-065,▓M┴Jи╜,102.92,2.73,24999.28,33.18,17.03,16.15,94.82,"103Y12M"
65000,╖sе_ел,65000030,ддйM░╧,65000030-066,ж█▒jи╜,98.37,2.79,34215.79,26.23,16.04,10.19,63.53,"103Y12M"
65000,╖sе_ел,65000030,ддйM░╧,65000030-067,╝w┴Jи╜,95.63,2.72,45499.86,31.53,14.13,17.4,123.17,"103Y12M"
65000,╖sе_ел,65000030,ддйM░╧,65000030-068,е┴е═и╜,93.21,2.47,72845.7,24.4,10.93,13.48,123.38,"103Y12M"
65000,╖sе_ел,65000030,ддйM░╧,65000030-069,░ъе·и╜,95.57,2.75,74289.23,26.11,14.38,11.74,81.62,"103Y12M"
65000,╖sе_ел,65000030,ддйM░╧,65000030-070,╣╪╝wи╜,93.57,2.69,54915.12,40.45,22.08,18.37,83.18,"103Y12M"
65000,╖sе_ел,65000030,ддйM░╧,65000030-071,й·╝wи╜,97.97,2.7,45677.48,34.15,18.41,15.75,85.57,"103Y12M"
65000,╖sе_ел,65000030,ддйM░╧,65000030-072,иqдЇи╜,94.78,2.5,45395.57,38.71,14.61,24.11,165.04,"103Y12M"
65000,╖sе_ел,65000030,ддйM░╧,65000030-073,╝wжци╜,94.4,2.49,41005.38,28.53,19.14,9.39,49.07,"103Y12M"
65000,╖sе_ел,65000030,ддйM░╧,65000030-074,йyжwи╜,97.72,2.37,32834.18,30.69,10.87,19.82,182.39,"103Y12M"
65000,╖sе_ел,65000030,ддйM░╧,65000030-075,жw╢╢и╜,89.24,2.34,49847.27,29.35,12.19,17.16,140.79,"103Y12M"
65000,╖sе_ел,65000030,ддйM░╧,65000030-076,иq╕qи╜,100.5,2.56,54488.18,29.05,12.84,16.22,126.35,"103Y12M"
65000,╖sе_ел,65000030,ддйM░╧,65000030-077,иqдhи╜,97.2,2.41,26139.27,33.49,12.19,21.3,174.79,"103Y12M"
65000,╖sе_ел,65000030,ддйM░╧,65000030-078,┐│лnи╜,95.63,2.69,46337.29,32.68,13.95,18.73,134.25,"103Y12M"
65000,╖sе_ел,65000030,ддйM░╧,65000030-079,┤║е╗и╜,90.98,2.67,59373.66,35.55,14.02,21.52,153.5,"103Y12M"
65000,╖sе_ел,65000030,ддйM░╧,65000030-080,║╓лnи╜,90.08,2.94,61402.81,29.44,15.36,14.07,91.61,"103Y12M"
65000,╖sе_ел,65000030,ддйM░╧,65000030-081,дд┐│и╜,94.37,2.6,19451.14,30.67,19.7,10.97,55.66,"103Y12M"
65000,╖sе_ел,65000030,ддйM░╧,65000030-082,жN┐│и╜,85.88,2.5,54639.98,29.71,17.88,11.83,66.15,"103Y12M"
65000,╖sе_ел,65000030,ддйM░╧,65000030-083,дддsи╜,96.22,2.75,57048.76,32.68,19.15,13.53,70.67,"103Y12M"
65000,╖sе_ел,65000030,ддйM░╧,65000030-084,║╤кeи╜,99.22,2.58,8808.05,31.37,19.02,12.35,64.92,"103Y12M"
65000,╖sе_ел,65000030,ддйM░╧,65000030-085,└Aдди╜,96.73,2.87,12469.73,29.89,18.43,11.46,62.18,"103Y12M"
65000,╖sе_ел,65000030,ддйM░╧,65000030-086,└A▓▒и╜,95.08,2.82,34444.99,27.32,15.39,11.93,77.51,"103Y12M"
65000,╖sе_ел,65000030,ддйM░╧,65000030-087,е┴ж│и╜,103.06,2.65,29584.04,29.22,13.9,15.32,110.28,"103Y12M"
65000,╖sе_ел,65000030,ддйM░╧,65000030-088,н√┤Iи╜,101.83,2.58,20703.69,26.62,15.36,11.26,73.3,"103Y12M"
65000,╖sе_ел,65000030,ддйM░╧,65000030-089,╣┼╝yи╜,100.26,2.78,18918.92,28.41,16.25,12.16,74.87,"103Y12M"
65000,╖sе_ел,65000030,ддйM░╧,65000030-090,лa┴Jи╜,101.45,2.77,59372.79,22.56,12.06,10.5,87.08,"103Y12M"
65000,╖sе_ел,65000030,ддйM░╧,65000030-091,░ъ╡╪и╜,99.56,2.72,74256.4,25.79,15.52,10.27,66.14,"103Y12M"
65000,╖sе_ел,65000030,ддйM░╧,65000030-092,е┐лnи╜,99.21,2.77,60739.16,31.27,13.81,17.47,126.5,"103Y12M"
65000,╖sе_ел,65000030,ддйM░╧,65000030-093,е┐жци╜,92.67,2.51,45809.59,27.5,16.38,11.13,67.96,"103Y12M"
65000,╖sе_ел,65000040,е├йM░╧,65000040-001,║╓кLи╜,95.95,2.54,57796.38,40.55,17.44,23.11,132.46,"103Y12M"
65000,╖sе_ел,65000040,е├йM░╧,65000040-002,дхд╞и╜,90.52,2.44,37228.39,34.47,15.01,19.46,129.6,"103Y12M"
65000,╖sе_ел,65000040,е├йM░╧,65000040-003,┐▌╖╦и╜,103.19,1.9,61584.94,33.27,10.67,22.6,211.91,"103Y12M"
65000,╖sе_ел,65000040,е├йM░╧,65000040-004,е·й·и╜,84.,2.41,55390.62,34.16,14.34,19.82,138.19,"103Y12M"
65000,╖sе_ел,65000040,е├йM░╧,65000040-005,дп╖Rи╜,92.62,2.43,54631.64,32.09,14.42,17.67,122.52,"103Y12M"
65000,╖sе_ел,65000040,е├йM░╧,65000040-006,е├нsи╜,89.63,2.5,48575.21,41.37,18.13,23.24,128.15,"103Y12M"
65000,╖sе_ел,65000040,е├йM░╧,65000040-007,е├║╓и╜,95.86,2.58,59945.67,36.59,15.45,21.14,136.8,"103Y12M"
65000,╖sе_ел,65000040,е├йM░╧,65000040-008,е┴кvи╜,85.57,2.52,43959.15,39.18,18.2,20.97,115.23,"103Y12M"
65000,╖sе_ел,65000040,е├йM░╧,65000040-009,е├жии╜,98.9,2.44,3510.14,39.23,12.44,26.79,215.46,"103Y12M"
65000,╖sе_ел,65000040,е├йM░╧,65000040-010,й╛╕qи╜,112.07,2.72,15136.6,39.1,16.8,22.29,132.69,"103Y12M"
65000,╖sе_ел,65000040,е├йM░╧,65000040-011,е├д╕и╜,87.22,2.63,65804.58,36.12,18.95,17.17,90.63,"103Y12M"
65000,╖sе_ел,65000040,е├йM░╧,65000040-012,иqкLи╜,96.29,2.7,49381.2,36.76,20.1,16.66,82.91,"103Y12M"
65000,╖sе_ел,65000040,е├йM░╧,65000040-013,лOжwи╜,89.75,2.62,29275.9,33.03,20.67,12.36,59.82,"103Y12M"
65000,╖sе_ел,65000040,е├йM░╧,65000040-014,дд╖╦и╜,97.44,2.59,58827.38,33.05,17.04,16.01,93.92,"103Y12M"
65000,╖sе_ел,65000040,е├йM░╧,65000040-015,е├жwи╜,84.16,2.45,81189.67,34.64,18.75,15.89,84.73,"103Y12M"
65000,╖sе_ел,65000040,е├йM░╧,65000040-016,е┴▒┌и╜,89.94,2.68,62632.24,38.91,21.05,17.86,84.88,"103Y12M"
65000,╖sе_ел,65000040,е├йM░╧,65000040-017,е┴┼vи╜,92.95,2.76,43022.96,37.14,21.55,15.59,72.35,"103Y12M"
65000,╖sе_ел,65000040,е├йM░╧,65000040-018,дд┐│и╜,86.76,2.42,48688.67,40.14,15.71,24.42,155.46,"103Y12M"
65000,╖sе_ел,65000040,е├йM░╧,65000040-019,└yжци╜,91.38,2.36,36501.73,37.61,15.38,22.22,144.44,"103Y12M"
65000,╖sе_ел,65000040,е├йM░╧,65000040-020,иqо╘и╜,95.49,2.66,51512.98,33.59,18.07,15.52,85.89,"103Y12M"
65000,╖sе_ел,65000040,е├йM░╧,65000040-021,иqжии╜,97.91,2.6,8986.82,32.89,15.15,17.74,117.09,"103Y12M"
65000,╖sе_ел,65000040,е├йM░╧,65000040-022,дW╖╦и╜,84.3,2.3,42520.41,37.01,12.77,24.24,189.9,"103Y12M"
65000,╖sе_ел,65000040,е├йM░╧,65000040-023,ж╦кLи╜,92.92,2.51,38108.,36.55,15.07,21.48,142.56,"103Y12M"
65000,╖sе_ел,65000040,е├йM░╧,65000040-024,┬∙йMи╜,84.93,2.4,55944.91,36.02,18.88,17.14,90.77,"103Y12M"
65000,╖sе_ел,65000040,е├йM░╧,65000040-025,жwйMи╜,86.49,2.4,54063.16,36.05,16.41,19.64,119.68,"103Y12M"
65000,╖sе_ел,65000040,е├йM░╧,65000040-026,дЇ╖╜и╜,92.,2.58,53472.66,36.95,18.14,18.8,103.63,"103Y12M"
65000,╖sе_ел,65000040,е├йM░╧,65000040-027,иєйMи╜,94.45,2.38,44568.33,36.85,16.19,20.67,127.67,"103Y12M"
65000,╖sе_ел,65000040,е├йM░╧,65000040-028,кe│Ўи╜,91.17,2.25,20287.49,33.67,15.66,18.01,114.95,"103Y12M"
65000,╖sе_ел,65000040,е├йM░╧,65000040-029,│╗╖╦и╜,92.07,2.39,48869.2,33.8,13.57,20.23,149.05,"103Y12M"
65000,╖sе_ел,65000040,е├йM░╧,65000040-030,╝цсYи╜,86.13,2.56,45362.78,40.2,22.11,18.1,81.86,"103Y12M"
65000,╖sе_ел,65000040,е├йM░╧,65000040-031,╝цжwи╜,92.67,2.56,63705.34,38.46,20.27,18.19,89.76,"103Y12M"
65000,╖sе_ел,65000040,е├йM░╧,65000040-032,дj╖sи╜,81.36,2.29,57821.3,35.39,16.09,19.29,119.88,"103Y12M"
65000,╖sе_ел,65000040,е├йM░╧,65000040-033,лOени╜,90.51,2.59,63388.02,36.74,19.63,17.1,87.11,"103Y12M"
65000,╖sе_ел,65000040,е├йM░╧,65000040-034,е┴е╗и╜,88.22,2.68,38979.12,36.52,23.07,13.45,58.29,"103Y12M"
65000,╖sе_ел,65000040,е├йM░╧,65000040-035,е┴╝╓и╜,95.44,2.61,25195.37,34.83,18.23,16.6,91.07,"103Y12M"
65000,╖sе_ел,65000040,е├йM░╧,65000040-036,е·┤_и╜,84.03,2.38,32863.59,36.73,14.52,22.21,152.88,"103Y12M"
65000,╖sе_ел,65000040,е├йM░╧,65000040-037,┤_┐│и╜,94.05,2.54,47197.47,34.28,14.55,19.73,135.66,"103Y12M"
65000,╖sе_ел,65000040,е├йM░╧,65000040-038,║╓йMи╜,88.41,2.4,60660.61,34.21,16.84,17.37,103.13,"103Y12M"
65000,╖sе_ел,65000040,е├йM░╧,65000040-039,▒oйMи╜,89.04,2.5,49969.43,37.2,17.23,19.97,115.9,"103Y12M"
65000,╖sе_ел,65000040,е├йM░╧,65000040-040,┤╝е·и╜,92.47,2.63,41204.67,40.82,20.62,20.2,97.94,"103Y12M"
65000,╖sе_ел,65000040,е├йM░╧,65000040-041,╖sе═и╜,107.74,2.64,11836.1,34.03,13.53,20.5,151.46,"103Y12M"
65000,╖sе_ел,65000040,е├йM░╧,65000040-042,дjжPи╜,103.47,2.44,47019.01,36.61,13.71,22.9,166.98,"103Y12M"
65000,╖sе_ел,65000040,е├йM░╧,65000040-043,лe╖╦и╜,86.75,2.24,44598.82,34.87,13.67,21.19,155.,"103Y12M"
65000,╖sе_ел,65000040,е├йM░╧,65000040-044,йMени╜,90.35,2.47,51263.05,35.11,17.69,17.43,98.53,"103Y12M"
65000,╖sе_ел,65000040,е├йM░╧,65000040-045,╖sб╜и╜,96.55,2.42,42893.81,35.56,13.1,22.46,171.43,"103Y12M"
65000,╖sе_ел,65000040,е├йM░╧,65000040-046,дU╖╦и╜,95.09,2.69,56103.79,33.37,17.9,15.47,86.43,"103Y12M"
65000,╖sе_ел,65000040,е├йM░╧,65000040-047,иqйMи╜,90.87,2.58,31660.29,32.12,18.06,14.06,77.82,"103Y12M"
65000,╖sе_ел,65000040,е├йM░╧,65000040-048,кe└╪и╜,95.11,2.52,13726.09,35.9,17.12,18.78,109.72,"103Y12M"
65000,╖sе_ел,65000040,е├йM░╧,65000040-049,е┴е═и╜,89.34,2.81,74212.33,39.67,21.53,18.14,84.28,"103Y12M"
65000,╖sе_ел,65000040,е├йM░╧,65000040-050,иq▒oи╜,92.21,2.7,69677.08,33.6,19.9,13.7,68.84,"103Y12M"
65000,╖sе_ел,65000040,е├йM░╧,65000040-051,дWкLи╜,92.32,2.47,29762.,39.72,18.22,21.5,118.01,"103Y12M"
65000,╖sе_ел,65000040,е├йM░╧,65000040-052,║Ї╖╦и╜,97.42,2.52,6759.53,42.72,19.82,22.89,115.47,"103Y12M"
65000,╖sе_ел,65000040,е├йM░╧,65000040-053,е┐┐│и╜,85.31,2.39,48507.16,38.28,15.06,23.21,154.09,"103Y12M"
65000,╖sе_ел,65000040,е├йM░╧,65000040-054,е├┐│и╜,89.43,2.57,50784.65,43.09,17.55,25.54,145.5,"103Y12M"
65000,╖sе_ел,65000040,е├йM░╧,65000040-055,о█кLи╜,91.45,2.64,21239.93,37.56,16.92,20.64,121.99,"103Y12M"
65000,╖sе_ел,65000040,е├йM░╧,65000040-056,й▒╡єи╜,81.76,2.29,69170.42,35.01,17.5,17.5,100.,"103Y12M"
65000,╖sе_ел,65000040,е├йM░╧,65000040-057,лH╕qи╜,84.79,2.26,48119.72,30.51,10.88,19.63,180.35,"103Y12M"
65000,╖sе_ел,65000040,е├йM░╧,65000040-058,лс╖╦и╜,96.17,2.41,40629.69,33.69,13.25,20.44,154.26,"103Y12M"
65000,╖sе_ел,65000040,е├йM░╧,65000040-059,е┴┤Iи╜,95.12,2.86,41324.27,40.34,24.44,15.9,65.05,"103Y12M"
65000,╖sе_ел,65000040,е├йM░╧,65000040-060,иqд╕и╜,92.07,2.64,64517.39,37.85,18.28,19.57,107.09,"103Y12M"
65000,╖sе_ел,65000040,е├йM░╧,65000040-061,е├╝╓и╜,84.43,2.31,57186.82,36.06,19.21,16.85,87.73,"103Y12M"
65000,╖sе_ел,65000040,е├йM░╧,65000040-062,лO╢╢и╜,90.17,2.52,23963.91,33.44,24.67,8.77,35.57,"103Y12M"
65000,╖sе_ел,65000050,╖s▓°░╧,65000050-001,о№дsи╜,95.71,2.78,50780.26,33.05,18.41,14.64,79.53,"103Y12M"
65000,╖sе_ел,65000050,╖s▓°░╧,65000050-002,└Yлeи╜,96.98,2.44,8897.49,30.49,20.18,10.31,51.1,"103Y12M"
65000,╖sе_ел,65000050,╖s▓°░╧,65000050-003,░ъоїи╜,100.6,2.96,7545.8,40.18,20.72,19.47,93.98,"103Y12M"
65000,╖sе_ел,65000050,╖s▓°░╧,65000050-004,е■жwи╜,92.33,2.68,57320.64,33.3,19.43,13.87,71.37,"103Y12M"
65000,╖sе_ел,65000050,╖s▓°░╧,65000050-005,║╓░Єи╜,102.63,2.37,5033.69,27.71,18.5,9.2,49.74,"103Y12M"
65000,╖sе_ел,65000050,╖s▓°░╧,65000050-006,┬╫ж~и╜,94.68,2.94,47842.11,28.48,17.66,10.82,61.3,"103Y12M"
65000,╖sе_ел,65000050,╖s▓°░╧,65000050-007,й╛з╡и╜,96.09,2.78,30026.36,32.87,17.12,15.74,91.96,"103Y12M"
65000,╖sе_ел,65000050,╖s▓°░╧,65000050-008,лэжwи╜,92.82,2.91,48763.95,35.46,20.11,15.35,76.31,"103Y12M"
65000,╖sе_ел,65000050,╖s▓°░╧,65000050-009,лс┤фи╜,94.37,2.95,80251.3,21.66,14.91,6.75,45.3,"103Y12M"
65000,╖sе_ел,65000050,╖s▓°░╧,65000050-010,дх┐┼и╜,97.67,2.84,42661.16,39.34,20.83,18.52,88.92,"103Y12M"
65000,╖sе_ел,65000050,╖s▓°░╧,65000050-011,ддм№и╜,94.69,2.92,43022.19,35.23,21.68,13.55,62.48,"103Y12M"
65000,╖sе_ел,65000050,╖s▓°░╧,65000050-012,дK╝wи╜,94.96,2.75,56532.66,27.15,16.27,10.88,66.9,"103Y12M"
65000,╖sе_ел,65000050,╖s▓°░╧,65000050-013,┐│║~и╜,96.86,2.69,30043.63,39.29,19.03,20.26,106.5,"103Y12M"
65000,╖sе_ел,65000050,╖s▓°░╧,65000050-014,ддйMи╜,96.87,2.91,52542.41,31.86,16.04,15.82,98.66,"103Y12M"
65000,╖sе_ел,65000050,╖s▓°░╧,65000050-015,жш▓▒и╜,99.3,2.82,6818.26,30.59,23.52,7.08,30.09,"103Y12M"
65000,╖sе_ел,65000050,╖s▓°░╧,65000050-016,║aйMи╜,141.07,1.82,28610.28,25.16,10.79,14.37,133.17,"103Y12M"
65000,╖sе_ел,65000050,╖s▓°░╧,65000050-017,ддоїи╜,99.96,2.69,70227.87,37.08,19.58,17.5,89.39,"103Y12M"
65000,╖sе_ел,65000050,╖s▓°░╧,65000050-018,├гкLи╜,103.42,2.96,3976.13,35.73,20.49,15.23,74.32,"103Y12M"
65000,╖sе_ел,65000050,╖s▓°░╧,65000050-019,дх╝wи╜,96.42,2.67,23800.97,36.82,19.66,17.17,87.32,"103Y12M"
65000,╖sе_ел,65000050,╖s▓°░╧,65000050-020,дд╕█и╜,100.,2.74,62451.34,33.14,19.18,13.97,72.84,"103Y12M"
65000,╖sе_ел,65000050,╖s▓°░╧,65000050-021,╕╬е┴и╜,99.6,2.9,43749.2,29.94,20.44,9.51,46.51,"103Y12M"
65000,╖sе_ел,65000050,╖s▓°░╧,65000050-022,дхй·и╜,95.24,2.92,5893.68,35.7,18.76,16.94,90.29,"103Y12M"
65000,╖sе_ел,65000050,╖s▓°░╧,65000050-023,дд┤фи╜,94.45,3.13,69643.68,29.28,21.08,8.19,38.87,"103Y12M"
65000,╖sе_ел,65000050,╖s▓°░╧,65000050-024,┤I░ъи╜,100.39,2.83,40171.47,24.01,14.15,9.87,69.73,"103Y12M"
65000,╖sе_ел,65000050,╖s▓°░╧,65000050-025,лф╖╜и╜,94.87,2.72,14167.33,31.08,18.11,12.97,71.64,"103Y12M"
65000,╖sе_ел,65000050,╖s▓°░╧,65000050-026,е▀дHи╜,98.03,2.8,20733.82,42.48,21.81,20.67,94.79,"103Y12M"
65000,╖sе_ел,65000050,╖s▓°░╧,65000050-027,лn┤фи╜,96.71,2.86,61481.87,24.11,16.6,7.51,45.27,"103Y12M"
65000,╖sе_ел,65000050,╖s▓°░╧,65000050-028,дп╖Rи╜,96.03,2.84,33194.59,31.84,16.58,15.26,92.08,"103Y12M"
65000,╖sе_ел,65000050,╖s▓°░╧,65000050-029,е▀╝wи╜,93.93,2.82,9970.65,32.59,17.51,15.08,86.1,"103Y12M"
65000,╖sе_ел,65000050,╖s▓°░╧,65000050-030,лH╕qи╜,93.96,2.85,61267.09,29.22,19.28,9.94,51.56,"103Y12M"
65000,╖sе_ел,65000050,╖s▓°░╧,65000050-031,е▀иеи╜,92.57,2.96,74714.52,29.81,18.04,11.76,65.18,"103Y12M"
65000,╖sе_ел,65000050,╖s▓°░╧,65000050-032,е┴жwи╜,92.67,3.05,68726.62,27.83,20.49,7.34,35.83,"103Y12M"
65000,╖sе_ел,65000050,╖s▓°░╧,65000050-033,йMени╜,95.78,2.92,26983.44,23.97,15.75,8.22,52.18,"103Y12M"
65000,╖sе_ел,65000050,╖s▓°░╧,65000050-034,е▀е\и╜,96.81,2.81,63532.4,35.23,18.56,16.67,89.85,"103Y12M"
65000,╖sе_ел,65000050,╖s▓°░╧,65000050-035,е┴е╗и╜,101.36,2.83,85852.06,22.99,14.95,8.04,53.79,"103Y12M"
65000,╖sе_ел,65000050,╖s▓°░╧,65000050-036,д╞жии╜,104.27,2.82,7861.14,28.22,16.82,11.4,67.74,"103Y12M"
65000,╖sе_ел,65000050,╖s▓°░╧,65000050-037,е▀з╙и╜,96.59,2.76,41558.88,33.45,19.09,14.36,75.25,"103Y12M"
65000,╖sе_ел,65000050,╖s▓°░╧,65000050-038,е·╡╪и╜,98.11,2.94,49077.73,32.83,25.62,7.21,28.13,"103Y12M"
65000,╖sе_ел,65000050,╖s▓°░╧,65000050-039,лф╜хи╜,96.95,2.9,58048.37,30.86,19.09,11.77,61.67,"103Y12M"
65000,╖sе_ел,65000050,╖s▓°░╧,65000050-040,└ч╜Lи╜,105.25,2.71,1777.84,30.71,14.49,16.22,111.9,"103Y12M"
65000,╖sе_ел,65000050,╖s▓°░╧,65000050-041,е·║aи╜,95.49,3.19,59068.14,32.41,25.18,7.22,28.68,"103Y12M"
65000,╖sе_ел,65000050,╖s▓°░╧,65000050-042,ж█▒jи╜,103.49,2.54,45997.35,34.88,17.42,17.46,100.27,"103Y12M"
65000,╖sе_ел,65000050,╖s▓°░╧,65000050-043,дж╗ёи╜,95.89,2.78,3470.39,29.46,21.23,8.23,38.74,"103Y12M"
65000,╖sе_ел,65000050,╖s▓°░╧,65000050-044,е·й·и╜,94.13,3.24,32426.78,31.06,24.81,6.25,25.19,"103Y12M"
65000,╖sе_ел,65000050,╖s▓°░╧,65000050-045,ж█е▀и╜,90.44,2.69,78712.44,31.2,19.42,11.78,60.65,"103Y12M"
65000,╖sе_ел,65000050,╖s▓°░╧,65000050-046,жX╗ёи╜,99.92,2.92,69821.25,26.16,16.75,9.41,56.16,"103Y12M"
65000,╖sе_ел,65000050,╖s▓°░╧,65000050-047,йп║╓и╜,95.46,2.9,84542.27,30.21,17.91,12.3,68.66,"103Y12M"
65000,╖sе_ел,65000050,╖s▓°░╧,65000050-048,┬∙╗ёи╜,99.53,2.67,7310.61,32.36,24.8,7.56,30.48,"103Y12M"
65000,╖sе_ел,65000050,╖s▓°░╧,65000050-049,ж█лHи╜,96.62,2.77,72427.63,30.34,17.27,13.07,75.71,"103Y12M"
65000,╖sе_ел,65000050,╖s▓°░╧,65000050-050,└s╗ёи╜,92.04,2.67,42036.56,30.06,23.57,6.49,27.56,"103Y12M"
65000,╖sе_ел,65000050,╖s▓°░╧,65000050-051,дд╡╪и╜,98.36,2.6,50577.68,29.2,18.9,10.3,54.48,"103Y12M"
65000,╖sе_ел,65000050,╖s▓°░╧,65000050-052,дд╢йи╜,95.75,2.81,20493.08,32.09,24.63,7.46,30.3,"103Y12M"
65000,╖sе_ел,65000050,╖s▓°░╧,65000050-053,ддньи╜,95.07,2.84,13295.41,27.44,20.76,6.67,32.15,"103Y12M"
65000,╖sе_ел,65000050,╖s▓°░╧,65000050-054,ддлHи╜,93.85,2.98,87141.87,30.91,24.49,6.42,26.21,"103Y12M"
65000,╖sе_ел,65000050,╖s▓°░╧,65000050-055,е|║√и╜,93.44,2.76,65695.45,27.34,17.45,9.89,56.66,"103Y12M"
65000,╖sе_ел,65000050,╖s▓°░╧,65000050-056,л╪║╓и╜,101.05,2.99,54680.66,20.85,11.98,8.87,74.06,"103Y12M"
65000,╖sе_ел,65000050,╖s▓°░╧,65000050-057,ддз╗и╜,97.55,2.92,80590.49,26.71,17.24,9.47,54.93,"103Y12M"
65000,╖sе_ел,65000050,╖s▓°░╧,65000050-058,дде■и╜,100.62,3.05,78535.83,26.2,16.05,10.15,63.23,"103Y12M"
65000,╖sе_ел,65000050,╖s▓°░╧,65000050-059,е▀оїи╜,92.53,2.85,30361.43,31.75,19.52,12.23,62.63,"103Y12M"
65000,╖sе_ел,65000050,╖s▓°░╧,65000050-060,е■оїи╜,97.66,2.82,64603.23,33.21,18.77,14.44,76.94,"103Y12M"
65000,╖sе_ел,65000050,╖s▓°░╧,65000050-061,дп╕qи╜,100.45,2.78,68660.31,28.62,16.36,12.27,75.,"103Y12M"
65000,╖sе_ел,65000050,╖s▓°░╧,65000050-062,е▀░Єи╜,94.94,2.87,41367.53,27.75,18.26,9.49,52.,"103Y12M"
65000,╖sе_ел,65000050,╖s▓°░╧,65000050-063,йўй·и╜,94.55,2.97,97947.57,22.14,14.95,7.19,48.09,"103Y12M"
65000,╖sе_ел,65000050,╖s▓°░╧,65000050-064,йўени╜,91.13,2.3,12504.03,22.71,16.61,6.11,36.77,"103Y12M"
65000,╖sе_ел,65000050,╖s▓°░╧,65000050-065,дх╕tи╜,88.2,2.63,50155.88,36.49,19.06,17.43,91.43,"103Y12M"
65000,╖sе_ел,65000050,╖s▓°░╧,65000050-066,╕Uжwи╜,93.05,2.75,50336.07,24.58,16.23,8.35,51.43,"103Y12M"
65000,╖sе_ел,65000050,╖s▓°░╧,65000050-067,└sжwи╜,101.27,3.01,28839.93,26.77,18.18,8.59,47.25,"103Y12M"
65000,╖sе_ел,65000050,╖s▓°░╧,65000050-068,║╓└чи╜,104.36,2.54,4190.68,29.52,13.28,16.24,122.3,"103Y12M"
65000,╖sе_ел,65000050,╖s▓°░╧,65000050-069,лс╝wи╜,98.27,2.93,47068.82,19.84,12.23,7.61,62.2,"103Y12M"
65000,╖sе_ел,65000050,╖s▓°░╧,65000050-070,л╪жwи╜,94.84,2.82,17747.98,23.38,16.91,6.46,38.22,"103Y12M"
65000,╖sе_ел,65000050,╖s▓°░╧,65000050-071,жи╝wи╜,93.88,3.05,50028.19,27.88,20.41,7.47,36.57,"103Y12M"
65000,╖sе_ел,65000050,╖s▓°░╧,65000050-072,║╓┐│и╜,105.02,2.93,17248.52,25.71,18.72,6.98,37.31,"103Y12M"
65000,╖sе_ел,65000050,╖s▓°░╧,65000050-073,йўлHи╜,92.92,2.83,109837.74,27.96,22.27,5.68,25.52,"103Y12M"
65000,╖sе_ел,65000050,╖s▓°░╧,65000050-074,йў╢йи╜,90.03,2.75,59985.36,25.87,19.51,6.36,32.6,"103Y12M"
65000,╖sе_ел,65000050,╖s▓°░╧,65000050-075,ддени╜,85.6,2.77,74790.15,35.78,29.73,6.05,20.35,"103Y12M"
65000,╖sе_ел,65000050,╖s▓°░╧,65000050-076,е▀з╩и╜,89.79,2.54,41700.99,31.36,25.78,5.58,21.63,"103Y12M"
65000,╖sе_ел,65000050,╖s▓°░╧,65000050-077,ої┬╫и╜,97.56,2.69,15508.16,33.82,20.62,13.2,63.99,"103Y12M"
65000,╖sе_ел,65000050,╖s▓°░╧,65000050-078,┤Iе┴и╜,95.7,2.73,47074.03,22.47,15.5,6.97,44.97,"103Y12M"
65000,╖sе_ел,65000050,╖s▓°░╧,65000050-079,└s║╓и╜,91.79,2.87,62989.5,26.25,18.17,8.08,44.48,"103Y12M"
65000,╖sе_ел,65000050,╖s▓°░╧,65000050-080,▓╗╗ёи╜,98.82,2.88,65384.91,27.94,18.76,9.18,48.92,"103Y12M"
65000,╖sе_ел,65000050,╖s▓°░╧,65000050-081,е┴е■и╜,99.85,3.01,35074.36,24.29,18.39,5.89,32.04,"103Y12M"
65000,╖sе_ел,65000050,╖s▓°░╧,65000050-082,е┴ж│и╜,94.5,2.81,93250.81,25.04,18.99,6.05,31.85,"103Y12M"
65000,╖sе_ел,65000050,╖s▓°░╧,65000050-083,е·е┐и╜,98.03,3.04,76436.55,32.65,26.49,6.16,23.26,"103Y12M"
65000,╖sе_ел,65000050,╖s▓°░╧,65000050-084,е·йMи╜,96.21,3.2,81940.35,25.1,18.35,6.76,36.82,"103Y12M"
65000,╖sе_ел,65000060,╖sй▒░╧,65000060-001,░ъ┬╫и╜,85.3,2.46,41439.64,36.41,12.62,23.79,188.48,"103Y12M"
65000,╖sе_ел,65000060,╖sй▒░╧,65000060-002,й·╝wи╜,87.65,2.37,38056.51,31.48,11.91,19.57,164.32,"103Y12M"
65000,╖sе_ел,65000060,╖sй▒░╧,65000060-003,дj┬╫и╜,90.53,2.46,32967.78,31.29,12.75,18.54,145.38,"103Y12M"
65000,╖sе_ел,65000060,╖sй▒░╧,65000060-004,дjжPи╜,91.96,2.38,49802.17,32.29,12.28,20.01,162.89,"103Y12M"
65000,╖sе_ел,65000060,╖sй▒░╧,65000060-005,ж┐│ои╜,91.54,2.47,34601.01,28.44,12.51,15.93,127.42,"103Y12M"
65000,╖sе_ел,65000060,╖sй▒░╧,65000060-006,─_┐│и╜,91.66,2.27,16324.74,30.73,12.36,18.37,148.61,"103Y12M"
65000,╖sе_ел,65000060,╖sй▒░╧,65000060-007,─_жwи╜,90.84,2.18,37236.57,30.51,9.66,20.85,215.79,"103Y12M"
65000,╖sе_ел,65000060,╖sй▒░╧,65000060-008,лH╕qи╜,92.07,2.14,33293.03,25.76,8.98,16.78,186.96,"103Y12M"
65000,╖sе_ел,65000060,╖sй▒░╧,65000060-009,й╛з╡и╜,92.43,2.19,12705.38,30.05,10.41,19.63,188.6,"103Y12M"
65000,╖sе_ел,65000060,╖sй▒░╧,65000060-010,дj─Pи╜,93.03,2.17,25144.42,32.55,10.59,21.96,207.37,"103Y12M"
65000,╖sе_ел,65000060,╖sй▒░╧,65000060-011,д╙ени╜,94.43,2.39,4579.78,32.9,14.99,17.92,119.55,"103Y12M"
65000,╖sе_ел,65000060,╖sй▒░╧,65000060-012,│╗л░и╜,111.11,2.59,3029.97,33.97,12.74,21.23,166.67,"103Y12M"
65000,╖sе_ел,65000060,╖sй▒░╧,65000060-013,дUл░и╜,105.64,2.52,1190.71,33.49,17.17,16.32,95.01,"103Y12M"
65000,╖sе_ел,65000060,╖sй▒░╧,65000060-014,оу╤Lи╜,94.13,2.61,5591.63,29.54,17.4,12.14,69.76,"103Y12M"
65000,╖sе_ел,65000060,╖sй▒░╧,65000060-015,е├жwи╜,97.36,2.73,17064.39,30.05,16.28,13.77,84.6,"103Y12M"
65000,╖sе_ел,65000060,╖sй▒░╧,65000060-016,д╜▒[и╜,94.88,2.68,9852.12,30.49,18.07,12.42,68.71,"103Y12M"
65000,╖sе_ел,65000060,╖sй▒░╧,65000060-017,╝wжwи╜,101.37,2.84,2091.59,29.01,16.33,12.68,77.62,"103Y12M"
65000,╖sе_ел,65000060,╖sй▒░╧,65000060-018,┬∙л░и╜,102.88,2.84,1159.34,30.28,15.32,14.95,97.59,"103Y12M"
65000,╖sе_ел,65000060,╖sй▒░╧,65000060-019,дщ┐│и╜,103.07,2.75,1067.04,27.63,13.78,13.85,100.46,"103Y12M"
65000,╖sе_ел,65000060,╖sй▒░╧,65000060-020,к┤║└и╜,94.99,2.68,27186.13,27.38,14.13,13.25,93.74,"103Y12M"
65000,╖sе_ел,65000060,╖sй▒░╧,65000060-021,╢ю╝ци╜,111.2,3.,126.16,41.18,16.18,25.,154.55,"103Y12M"
65000,╖sе_ел,65000060,╖sй▒░╧,65000060-022,м№╝ци╜,96.43,2.56,3727.03,29.38,14.55,14.83,101.94,"103Y12M"
65000,╖sе_ел,65000060,╖sй▒░╧,65000060-023,н√╝ци╜,101.79,2.44,1059.61,32.54,15.46,17.08,110.46,"103Y12M"
65000,╖sе_ел,65000060,╖sй▒░╧,65000060-024,┬∙з|и╜,130.15,2.78,54.4,41.75,15.87,25.87,163.,"103Y12M"
65000,╖sе_ел,65000060,╖sй▒░╧,65000060-025,▓╩з|и╜,89.73,2.43,408.62,32.52,13.2,19.32,146.3,"103Y12M"
65000,╖sе_ел,65000060,╖sй▒░╧,65000060-026,й}д╪и╜,111.95,3.05,502.85,47.4,13.67,33.73,246.8,"103Y12M"
65000,╖sе_ел,65000060,╖sй▒░╧,65000060-027,└tдsи╜,104.89,2.59,224.75,35.31,10.37,24.94,240.58,"103Y12M"
65000,╖sе_ел,65000060,╖sй▒░╧,65000060-028,╝s┐│и╜,129.09,2.33,59.15,39.44,10.46,28.97,276.92,"103Y12M"
65000,╖sе_ел,65000060,╖sй▒░╧,65000060-029,к╜╝ци╜,111.95,2.88,460.02,37.91,13.53,24.39,180.31,"103Y12M"
65000,╖sе_ел,65000060,╖sй▒░╧,65000060-030,лC╝ци╜,95.5,2.5,4402.09,25.54,13.58,11.96,88.05,"103Y12M"
65000,╖sе_ел,65000060,╖sй▒░╧,65000060-031,╖sй▒и╜,98.52,2.39,12336.82,38.2,16.37,21.83,133.33,"103Y12M"
65000,╖sе_ел,65000060,╖sй▒░╧,65000060-032,▒iлnи╜,85.1,2.04,15249.15,35.96,13.88,22.07,158.99,"103Y12M"
65000,╖sе_ел,65000060,╖sй▒░╧,65000060-033,░ъо╒и╜,97.56,2.49,13711.27,29.41,15.,14.42,96.13,"103Y12M"
65000,╖sе_ел,65000060,╖sй▒░╧,65000060-034,дхдди╜,95.01,2.36,6419.8,34.09,13.28,20.8,156.59,"103Y12M"
65000,╖sе_ел,65000060,╖sй▒░╧,65000060-035,╝sй·и╜,105.22,2.14,7193.81,36.59,10.43,26.16,250.79,"103Y12M"
65000,╖sе_ел,65000060,╖sй▒░╧,65000060-036,дхй·и╜,97.34,2.53,33772.34,30.83,9.16,21.68,236.75,"103Y12M"
65000,╖sе_ел,65000060,╖sй▒░╧,65000060-037,дд┐│и╜,110.8,1.94,17783.15,30.16,10.93,19.23,176.01,"103Y12M"
65000,╖sе_ел,65000060,╖sй▒░╧,65000060-038,╖sе═и╜,87.26,2.37,14401.62,36.06,13.23,22.84,172.65,"103Y12M"
65000,╖sе_ел,65000060,╖sй▒░╧,65000060-039,╖s╝wи╜,86.79,2.39,45485.67,36.39,14.18,22.21,156.57,"103Y12M"
65000,╖sе_ел,65000060,╖sй▒░╧,65000060-040,▒iе_и╜,92.45,2.36,33632.28,32.64,15.06,17.58,116.74,"103Y12M"
65000,╖sе_ел,65000060,╖sй▒░╧,65000060-041,днФви╜,89.41,2.44,12848.02,31.29,13.5,17.78,131.73,"103Y12M"
65000,╖sе_ел,65000060,╖sй▒░╧,65000060-042,╖sжwи╜,84.56,2.21,49079.2,36.66,15.3,21.36,139.59,"103Y12M"
65000,╖sе_ел,65000060,╖sй▒░╧,65000060-043,й╛╕█и╜,91.88,2.38,43951.07,34.65,14.32,20.33,141.94,"103Y12M"
65000,╖sе_ел,65000060,╖sй▒░╧,65000060-044,дде┐и╜,87.6,2.52,31415.31,38.82,15.05,23.77,157.91,"103Y12M"
65000,╖sе_ел,65000060,╖sй▒░╧,65000060-045,дд╡╪и╜,89.29,2.31,12599.44,37.58,15.11,22.47,148.67,"103Y12M"
65000,╖sе_ел,65000060,╖sй▒░╧,65000060-046,дп╖Rи╜,85.97,2.41,32958.52,39.18,15.35,23.84,155.33,"103Y12M"
65000,╖sе_ел,65000060,╖sй▒░╧,65000060-047,ж╩з╘и╜,87.64,2.53,48489.15,38.28,15.11,23.17,153.35,"103Y12M"
65000,╖sе_ел,65000060,╖sй▒░╧,65000060-048,ж╩йMи╜,95.62,2.5,35882.15,36.13,16.02,20.11,125.54,"103Y12M"
65000,╖sе_ел,65000060,╖sй▒░╧,65000060-049,║╓╝wи╜,88.51,2.53,52529.91,33.72,13.58,20.15,148.36,"103Y12M"
65000,╖sе_ел,65000060,╖sй▒░╧,65000060-050,ж╩║╓и╜,87.7,2.36,65506.48,32.89,12.78,20.11,157.36,"103Y12M"
65000,╖sе_ел,65000060,╖sй▒░╧,65000060-051,║╓е┴и╜,87.3,2.43,12015.96,36.57,14.3,22.27,155.76,"103Y12M"
65000,╖sе_ел,65000060,╖sй▒░╧,65000060-052,дддsи╜,86.41,2.1,4830.6,35.82,16.68,19.14,114.76,"103Y12M"
65000,╖sе_ел,65000060,╖sй▒░╧,65000060-053,йMени╜,100.62,2.41,30639.78,39.05,16.43,22.62,137.72,"103Y12M"
65000,╖sе_ел,65000060,╖sй▒░╧,65000060-054,ддеби╜,87.25,2.3,24501.23,34.14,14.32,19.81,138.35,"103Y12M"
65000,╖sе_ел,65000060,╖sй▒░╧,65000060-055,й·л░и╜,96.38,2.62,20339.,28.71,14.6,14.11,96.6,"103Y12M"
65000,╖sе_ел,65000060,╖sй▒░╧,65000060-056,жwйMи╜,95.11,2.58,5116.69,28.39,17.27,11.12,64.37,"103Y12M"
65000,╖sе_ел,65000060,╖sй▒░╧,65000060-057,жN▓╗и╜,91.78,2.72,38386.35,28.62,12.58,16.04,127.48,"103Y12M"
65000,╖sе_ел,65000060,╖sй▒░╧,65000060-058,─_║╓и╜,93.87,2.34,5002.54,30.79,15.62,15.16,97.05,"103Y12M"
65000,╖sе_ел,65000060,╖sй▒░╧,65000060-059,дpл░и╜,97.47,2.78,8584.35,32.52,15.88,16.64,104.83,"103Y12M"
65000,╖sе_ел,65000060,╖sй▒░╧,65000060-060,н╗йYи╜,94.91,2.29,10046.03,25.2,14.4,10.81,75.06,"103Y12M"
65000,╖sе_ел,65000060,╖sй▒░╧,65000060-061,л╪░ъи╜,85.05,2.43,60363.4,34.39,12.7,21.68,170.65,"103Y12M"
65000,╖sе_ел,65000060,╖sй▒░╧,65000060-062,┤_┐│и╜,93.84,2.43,5700.38,30.88,14.34,16.54,115.28,"103Y12M"
65000,╖sе_ел,65000060,╖sй▒░╧,65000060-063,м№л░и╜,95.22,2.66,5930.08,25.99,12.59,13.4,106.38,"103Y12M"
65000,╖sе_ел,65000060,╖sй▒░╧,65000060-064,жwйўи╜,88.64,2.42,53161.61,25.99,16.44,9.55,58.1,"103Y12M"
65000,╖sе_ел,65000060,╖sй▒░╧,65000060-065,к°мKи╜,88.46,2.31,11306.58,28.88,12.86,16.03,124.62,"103Y12M"
65000,╖sе_ел,65000060,╖sй▒░╧,65000060-066,╖sйMи╜,91.93,2.52,27360.62,26.49,14.65,11.84,80.76,"103Y12M"
65000,╖sе_ел,65000060,╖sй▒░╧,65000060-067,е├ени╜,92.29,2.77,29294.03,29.65,18.58,11.07,59.56,"103Y12M"
65000,╖sе_ел,65000060,╖sй▒░╧,65000060-068,╣F╞[и╜,89.08,2.,8044.52,24.2,11.89,12.31,103.58,"103Y12M"
65000,╖sе_ел,65000060,╖sй▒░╧,65000060-069,╡╪л░и╜,91.82,2.28,447.32,26.01,13.24,12.76,96.38,"103Y12M"
65000,╖sе_ел,65000070,╛ЁкL░╧,65000070-001,дTжhи╜,101.79,3.02,11497.61,26.55,18.24,8.31,45.56,"103Y12M"
65000,╖sе_ел,65000070,╛ЁкL░╧,65000070-002,дT║╓и╜,99.51,2.9,11678.13,37.09,23.05,14.04,60.93,"103Y12M"
65000,╖sе_ел,65000070,╛ЁкL░╧,65000070-003,дT┐│и╜,105.59,2.85,7853.13,29.74,19.28,10.46,54.22,"103Y12M"
65000,╖sе_ел,65000070,╛ЁкL░╧,65000070-004,ж`жwи╜,98.61,2.87,5834.7,22.3,16.03,6.27,39.09,"103Y12M"
65000,╖sе_ел,65000070,╛ЁкL░╧,65000070-005,лOжwи╜,99.97,2.87,31660.2,31.38,18.19,13.19,72.52,"103Y12M"
65000,╖sе_ел,65000070,╛ЁкL░╧,65000070-006,╝цй│и╜,118.22,2.57,3526.49,32.09,18.13,13.96,77.02,"103Y12M"
65000,╖sе_ел,65000070,╛ЁкL░╧,65000070-007,б╜╝dи╜,98.93,2.95,8677.91,25.62,18.1,7.52,41.54,"103Y12M"
65000,╖sе_ел,65000070,╛ЁкL░╧,65000070-008,╛Ё╝wи╜,97.5,2.8,47058.54,32.73,17.05,15.67,91.91,"103Y12M"
65000,╖sе_ел,65000070,╛ЁкL░╧,65000070-009,╛Ёжши╜,97.1,2.72,38085.98,34.84,18.22,16.62,91.22,"103Y12M"
65000,╖sе_ел,65000070,╛ЁкL░╧,65000070-010,╛Ёлnи╜,98.51,2.92,47802.9,25.56,15.09,10.47,69.41,"103Y12M"
65000,╖sе_ел,65000070,╛ЁкL░╧,65000070-011,╛ЁдHи╜,96.34,2.99,23415.02,37.9,23.,14.9,64.8,"103Y12M"
65000,╖sе_ел,65000070,╛ЁкL░╧,65000070-012,йYд║и╜,106.36,3.09,961.41,33.12,19.65,13.46,68.5,"103Y12M"
65000,╖sе_ел,65000070,╛ЁкL░╧,65000070-013,╛ЁкFи╜,101.12,2.34,4971.,33.3,12.98,20.32,156.56,"103Y12M"
65000,╖sе_ел,65000070,╛ЁкL░╧,65000070-014,дjжPи╜,93.42,2.94,36932.98,25.78,17.95,7.83,43.6,"103Y12M"
65000,╖sе_ел,65000070,╛ЁкL░╧,65000070-015,йMени╜,99.63,2.96,17175.98,31.95,18.14,13.81,76.15,"103Y12M"
65000,╖sе_ел,65000070,╛ЁкL░╧,65000070-016,┤^нэи╜,99.45,3.12,4922.81,25.31,18.56,6.75,36.37,"103Y12M"
65000,╖sе_ел,65000070,╛ЁкL░╧,65000070-017,┤^║╓и╜,98.79,2.91,31292.7,28.93,20.03,8.91,44.47,"103Y12M"
65000,╖sе_ел,65000070,╛ЁкL░╧,65000070-018,кFдsи╜,103.95,2.95,772.02,26.71,15.18,11.53,75.98,"103Y12M"
65000,╖sе_ел,65000070,╛ЁкL░╧,65000070-019,кF╢зи╜,102.39,2.95,35655.65,29.86,20.06,9.8,48.84,"103Y12M"
65000,╖sе_ел,65000070,╛ЁкL░╧,65000070-020,кFк@и╜,96.46,2.92,18932.4,28.28,18.94,9.34,49.34,"103Y12M"
65000,╖sе_ел,65000070,╛ЁкL░╧,65000070-021,╝╓дsи╜,110.14,3.11,584.55,38.1,18.61,19.49,104.72,"103Y12M"
65000,╖sе_ел,65000070,╛ЁкL░╧,65000070-022,кF╢щи╜,123.92,2.77,1184.97,34.41,18.79,15.62,83.15,"103Y12M"
65000,╖sе_ел,65000070,╛ЁкL░╧,65000070-023,жш╢щи╜,118.37,3.08,1998.07,32.51,18.49,14.02,75.81,"103Y12M"
65000,╖sе_ел,65000070,╛ЁкL░╧,65000070-024,лn╢щи╜,92.62,2.35,5624.17,41.65,32.08,9.57,29.83,"103Y12M"
65000,╖sе_ел,65000070,╛ЁкL░╧,65000070-025,е_╢щи╜,108.86,3.06,858.92,28.22,17.34,10.88,62.73,"103Y12M"
65000,╖sе_ел,65000070,╛ЁкL░╧,65000070-026,мa╢щи╜,93.98,2.39,7629.08,39.7,28.75,10.95,38.07,"103Y12M"
65000,╖sе_ел,65000070,╛ЁкL░╧,65000070-027,╛Ёе_и╜,98.02,2.27,16840.9,37.07,10.12,26.95,266.22,"103Y12M"
65000,╖sе_ел,65000070,╛ЁкL░╧,65000070-028,ж`║╓и╜,98.35,2.95,13335.61,26.34,18.04,8.29,45.96,"103Y12M"
65000,╖sе_ел,65000070,╛ЁкL░╧,65000070-029,╛Ё┐│и╜,95.89,2.92,23274.92,33.43,21.41,12.02,56.15,"103Y12M"
65000,╖sе_ел,65000070,╛ЁкL░╧,65000070-030,╛Ё║╓и╜,92.86,2.65,28713.94,33.81,18.5,15.31,82.73,"103Y12M"
65000,╖sе_ел,65000070,╛ЁкL░╧,65000070-031,е·┐│и╜,102.4,3.03,3304.81,24.29,17.04,7.24,42.49,"103Y12M"
65000,╖sе_ел,65000070,╛ЁкL░╧,65000070-032,кў╝dи╜,102.11,3.05,7560.6,30.19,20.94,9.24,44.13,"103Y12M"
65000,╖sе_ел,65000070,╛ЁкL░╧,65000070-033,┤^┐│и╜,99.02,3.01,7177.69,23.32,16.74,6.59,39.37,"103Y12M"
65000,╖sе_ел,65000070,╛ЁкL░╧,65000070-034,дхкLи╜,98.53,2.95,82408.87,30.06,22.23,7.82,35.19,"103Y12M"
65000,╖sе_ел,65000070,╛ЁкL░╧,65000070-035,дsи╬и╜,104.38,3.09,9977.67,26.35,19.09,7.26,38.03,"103Y12M"
65000,╖sе_ел,65000070,╛ЁкL░╧,65000070-036,дддsи╜,104.82,3.04,10921.2,30.78,19.27,11.51,59.71,"103Y12M"
65000,╖sе_ел,65000070,╛ЁкL░╧,65000070-037,и|н^и╜,94.81,2.82,32679.48,32.75,18.65,14.1,75.6,"103Y12M"
65000,╖sе_ел,65000070,╛ЁкL░╧,65000070-038,дд╡╪и╜,94.62,2.93,120048.3,25.84,19.34,6.5,33.64,"103Y12M"
65000,╖sе_ел,65000070,╛ЁкL░╧,65000070-039,д╙╢╢и╜,105.84,3.06,35340.,23.92,16.6,7.32,44.13,"103Y12M"
65000,╖sе_ел,65000070,╛ЁкL░╧,65000070-040,ж`е┴и╜,108.56,2.79,8043.89,22.28,15.89,6.39,40.21,"103Y12M"
65000,╖sе_ел,65000070,╛ЁкL░╧,65000070-041,ж`е═и╜,107.88,3.06,4312.52,20.12,12.27,7.85,63.98,"103Y12M"
65000,╖sе_ел,65000070,╛ЁкL░╧,65000070-042,дT└sи╜,105.7,2.9,5831.41,27.74,16.83,10.91,64.83,"103Y12M"
65000,╖sе_ел,65000080,┼a║q░╧,65000080-001,кF┼aи╜,105.42,2.91,3339.95,39.9,22.04,17.86,81.01,"103Y12M"
65000,╖sе_ел,65000080,┼a║q░╧,65000080-002,жш┼aи╜,98.54,2.89,3160.,35.59,18.5,17.09,92.35,"103Y12M"
65000,╖sе_ел,65000080,┼a║q░╧,65000080-003,лn┼aи╜,96.67,2.97,32208.57,34.22,20.72,13.5,65.18,"103Y12M"
65000,╖sе_ел,65000080,┼a║q░╧,65000080-004,е_┼aи╜,102.94,2.42,6156.07,32.77,21.45,11.32,52.76,"103Y12M"
65000,╖sе_ел,65000080,┼a║q░╧,65000080-005,дд┼aи╜,97.93,2.92,15040.16,37.65,19.66,17.99,91.46,"103Y12M"
65000,╖sе_ел,65000080,┼a║q░╧,65000080-006,л╪╝wи╜,129.34,3.26,243.11,34.69,20.41,14.29,70.,"103Y12M"
65000,╖sе_ел,65000080,┼a║q░╧,65000080-007,жP╝yи╜,91.31,3.03,9230.4,40.81,28.15,12.66,44.98,"103Y12M"
65000,╖sе_ел,65000080,┼a║q░╧,65000080-008,е├йўи╜,98.35,3.28,14541.5,34.28,24.19,10.09,41.72,"103Y12M"
65000,╖sе_ел,65000080,┼a║q░╧,65000080-009,лn╣tи╜,102.95,3.06,2236.27,32.16,17.44,14.72,84.37,"103Y12M"
65000,╖sе_ел,65000080,┼a║q░╧,65000080-010,жyдsи╜,100.6,3.01,3674.,29.4,19.39,10.01,51.61,"103Y12M"
65000,╖sе_ел,65000080,┼a║q░╧,65000080-011,дG╛Їи╜,106.02,3.06,3228.22,32.94,21.6,11.34,52.51,"103Y12M"
65000,╖sе_ел,65000080,┼a║q░╧,65000080-012,дGе╥и╜,112.91,3.36,726.25,39.17,24.06,15.11,62.83,"103Y12M"
65000,╖sе_ел,65000080,┼a║q░╧,65000080-013,кF┤Єи╜,110.81,2.52,110.78,35.06,19.05,16.02,84.09,"103Y12M"
65000,╖sе_ел,65000080,┼a║q░╧,65000080-014,дj┤Єи╜,101.32,2.99,11879.97,28.5,16.23,12.27,75.58,"103Y12M"
65000,╖sе_ел,65000080,┼a║q░╧,65000080-015,╗ё╗яи╜,100.7,3.33,4885.41,32.75,22.,10.76,48.9,"103Y12M"
65000,╖sе_ел,65000080,┼a║q░╧,65000080-016,╗ё║╓и╜,96.96,3.,14149.02,27.79,15.97,11.83,74.07,"103Y12M"
65000,╖sе_ел,65000080,┼a║q░╧,65000080-017,е├жNи╜,100.37,3.31,9084.58,30.17,20.79,9.37,45.08,"103Y12M"
65000,╖sе_ел,65000080,┼a║q░╧,65000080-018,дд┤Єи╜,105.55,3.19,2445.14,29.31,19.02,10.29,54.09,"103Y12M"
65000,╖sе_ел,65000080,┼a║q░╧,65000080-019,╗ё▓╗и╜,98.87,3.05,13552.06,28.68,19.15,9.53,49.74,"103Y12M"
65000,╖sе_ел,65000080,┼a║q░╧,65000080-020,л╪░ъи╜,92.91,3.05,28557.76,30.58,22.13,8.45,38.17,"103Y12M"
65000,╖sе_ел,65000090,дTоl░╧,65000090-001,дTоlи╜,116.67,2.66,10933.22,45.64,17.84,27.8,155.81,"103Y12M"
65000,╖sе_ел,65000090,дTоl░╧,65000090-002,иqдtи╜,93.63,2.46,16952.44,45.02,22.82,22.2,97.27,"103Y12M"
65000,╖sе_ел,65000090,дTоl░╧,65000090-003,дK▒iи╜,97.87,2.94,11711.66,33.05,21.39,11.66,54.49,"103Y12M"
65000,╖sе_ел,65000090,дTоl░╧,65000090-004,ддоHи╜,99.5,2.83,3834.52,27.28,18.9,8.38,44.31,"103Y12M"
65000,╖sе_ел,65000090,дTоl░╧,65000090-005,е░╣Dи╜,122.02,3.02,175.31,36.75,18.12,18.63,102.86,"103Y12M"
65000,╖sе_ел,65000090,дTоl░╧,65000090-006,е├БFи╜,93.34,2.92,8866.05,36.43,22.41,14.02,62.57,"103Y12M"
65000,╖sе_ел,65000090,дTоl░╧,65000090-007,┴G╖╦и╜,99.14,2.8,13847.4,30.02,20.98,9.04,43.09,"103Y12M"
65000,╖sе_ел,65000090,дTоl░╧,65000090-008,╗Ёдsи╜,100.46,2.79,2513.17,31.29,20.48,10.81,52.8,"103Y12M"
65000,╖sе_ел,65000090,дTоl░╧,65000090-009,└sоHи╜,101.08,2.86,4533.65,33.56,23.48,10.08,42.94,"103Y12M"
65000,╖sе_ел,65000090,дTоl░╧,65000090-010,дjоHи╜,109.97,3.15,609.26,32.02,17.97,14.05,78.18,"103Y12M"
65000,╖sе_ел,65000090,дTоl░╧,65000090-011,╣┼▓Kи╜,143.42,3.43,414.67,54.14,15.29,38.85,254.1,"103Y12M"
65000,╖sе_ел,65000090,дTоl░╧,65000090-012,▓K║╓и╜,113.37,3.07,366.32,34.13,17.32,16.8,97.01,"103Y12M"
65000,╖sе_ел,65000090,дTоl░╧,65000090-013,кўж`и╜,140.,2.5,46.89,40.49,14.39,26.1,181.36,"103Y12M"
65000,╖sе_ел,65000090,дTоl░╧,65000090-014,дн╝dи╜,120.96,2.65,71.8,46.24,15.03,31.21,207.69,"103Y12M"
65000,╖sе_ел,65000090,дTоl░╧,65000090-015,┤биди╜,142.34,2.13,66.2,57.31,11.5,45.81,398.31,"103Y12M"
65000,╖sе_ел,65000090,дTоl░╧,65000090-016,ж│дьи╜,143.36,2.21,14.76,44.23,11.19,33.04,295.31,"103Y12M"
65000,╖sе_ел,65000090,дTоl░╧,65000090-017,╖╦е_и╜,113.35,3.02,1543.14,38.86,21.53,17.32,80.45,"103Y12M"
65000,╖sе_ел,65000090,дTоl░╧,65000090-018,╖╦лnи╜,121.36,3.02,668.01,38.15,19.92,18.23,91.53,"103Y12M"
65000,╖sе_ел,65000090,дTоl░╧,65000090-019,╖╦кFи╜,106.76,3.26,1669.2,30.78,18.12,12.67,69.91,"103Y12M"
65000,╖sе_ел,65000090,дTоl░╧,65000090-020,жи║╓и╜,118.29,3.17,398.1,36.12,17.62,18.5,105.04,"103Y12M"
65000,╖sе_ел,65000090,дTоl░╧,65000090-021,жwз|и╜,128.55,2.64,84.87,45.48,18.54,26.94,145.37,"103Y12M"
65000,╖sе_ел,65000090,дTоl░╧,65000090-022,ж╦▒[и╜,128.51,2.45,86.44,37.16,15.55,21.61,138.96,"103Y12M"
65000,╖sе_ел,65000090,дTоl░╧,65000090-023,д╢╣╪и╜,104.65,2.76,1945.57,24.72,17.43,7.3,41.87,"103Y12M"
65000,╖sе_ел,65000090,дTоl░╧,65000090-024,жw╖╦и╜,97.73,2.92,24091.57,27.48,19.44,8.05,41.39,"103Y12M"
65000,╖sе_ел,65000090,дTоl░╧,65000090-025,дде┐и╜,101.25,3.21,5674.95,29.38,19.43,9.95,51.24,"103Y12M"
65000,╖sе_ел,65000090,дTоl░╧,65000090-026,дG∙─и╜,102.12,2.81,1854.67,25.84,16.49,9.36,56.76,"103Y12M"
65000,╖sе_ел,65000090,дTоl░╧,65000090-027,└s╛╟и╜,86.35,2.29,12929.72,41.77,32.3,9.47,29.32,"103Y12M"
65000,╖sе_ел,65000090,дTоl░╧,65000090-028,└sожи╜,92.26,2.43,17499.92,41.18,32.32,8.86,27.4,"103Y12M"
65000,╖sе_ел,65000100,▓HдЇ░╧,65000100-001,ддйMи╜,140.21,3.25,260.,44.23,19.66,24.57,125.,"103Y12M"
65000,╖sе_ел,65000100,▓HдЇ░╧,65000100-002,д┘дsи╜,117.9,3.38,513.53,36.93,14.09,22.84,162.1,"103Y12M"
65000,╖sе_ел,65000100,▓HдЇ░╧,65000100-003,╜хз╡и╜,117.3,2.6,387.8,34.54,13.2,21.34,161.59,"103Y12M"
65000,╖sе_ел,65000100,▓HдЇ░╧,65000100-004,┐│дпи╜,114.09,2.55,411.5,33.56,11.24,22.32,198.64,"103Y12M"
65000,╖sе_ел,65000100,▓HдЇ░╧,65000100-005,┐╗┴жи╜,122.72,2.44,353.19,32.14,13.25,18.89,142.61,"103Y12M"
65000,╖sе_ел,65000100,▓HдЇ░╧,65000100-006,╕qдsи╜,109.99,2.55,888.77,30.6,14.39,16.21,112.69,"103Y12M"
65000,╖sе_ел,65000100,▓HдЇ░╧,65000100-007,й╛дsи╜,122.9,2.73,298.79,42.39,18.51,23.88,129.03,"103Y12M"
65000,╖sе_ел,65000100,▓HдЇ░╧,65000100-008,оr│╗и╜,90.79,2.02,2121.23,34.03,23.39,10.64,45.47,"103Y12M"
65000,╖sе_ел,65000100,▓HдЇ░╧,65000100-009,░ёоqи╜,112.63,2.41,586.76,38.46,19.52,18.94,97.02,"103Y12M"
65000,╖sе_ел,65000100,▓HдЇ░╧,65000100-010,╖s┐│и╜,89.39,2.39,38598.71,28.99,20.11,8.88,44.13,"103Y12M"
65000,╖sе_ел,65000100,▓HдЇ░╧,65000100-011,дЇ╕Pи╜,96.26,2.74,34190.51,31.95,19.96,11.99,60.04,"103Y12M"
65000,╖sе_ел,65000100,▓HдЇ░╧,65000100-012,е_зыи╜,91.87,2.27,3199.36,35.91,26.27,9.63,36.67,"103Y12M"
65000,╖sе_ел,65000100,▓HдЇ░╧,65000100-013,дЇ╖╜и╜,116.44,2.73,269.26,35.28,16.11,19.17,118.97,"103Y12M"
65000,╖sе_ел,65000100,▓HдЇ░╧,65000100-014,й╛╝dи╜,134.89,3.04,430.01,41.94,15.45,26.49,171.53,"103Y12M"
65000,╖sе_ел,65000100,▓HдЇ░╧,65000100-015,╛Ё┐│и╜,111.66,2.34,308.34,33.59,11.13,22.46,201.74,"103Y12M"
65000,╖sе_ел,65000100,▓HдЇ░╧,65000100-016,йW│╗и╜,99.86,2.29,528.55,25.95,9.38,16.58,176.85,"103Y12M"
65000,╖sе_ел,65000100,▓HдЇ░╧,65000100-017,║╓╝wи╜,91.82,2.,7861.54,25.22,11.3,13.92,123.21,"103Y12M"
65000,╖sе_ел,65000100,▓HдЇ░╧,65000100-018,ж╦│Єи╜,84.27,2.16,15433.23,27.73,13.94,13.79,98.98,"103Y12M"
65000,╖sе_ел,65000100,▓HдЇ░╧,65000100-019,е┴е═и╜,85.34,2.16,3283.39,29.77,14.36,15.41,107.26,"103Y12M"
65000,╖sе_ел,65000100,▓HдЇ░╧,65000100-020,дK╢╒и╜,78.73,1.92,1537.97,27.74,12.29,15.45,125.7,"103Y12M"
65000,╖sе_ел,65000100,▓HдЇ░╧,65000100-021,мёу╕и╜,84.86,1.95,4244.22,28.28,12.82,15.46,120.59,"103Y12M"
65000,╖sе_ел,65000100,▓HдЇ░╧,65000100-022,╛Hд╜и╜,87.92,2.41,16729.03,28.94,17.17,11.77,68.58,"103Y12M"
65000,╖sе_ел,65000100,▓HдЇ░╧,65000100-023,дд┐│и╜,93.2,2.53,11136.4,37.15,14.58,22.57,154.76,"103Y12M"
65000,╖sе_ел,65000100,▓HдЇ░╧,65000100-024,к°й░и╜,100.13,2.55,24647.78,38.44,13.42,25.02,186.45,"103Y12M"
65000,╖sе_ел,65000100,▓HдЇ░╧,65000100-025,▓Mдхи╜,104.34,2.59,29198.92,29.96,11.45,18.51,161.61,"103Y12M"
65000,╖sе_ел,65000100,▓HдЇ░╧,65000100-026,пєкFи╜,101.58,2.53,1869.79,34.49,12.8,21.69,169.41,"103Y12M"
65000,╖sе_ел,65000100,▓HдЇ░╧,65000100-027,иєд╕и╜,99.04,2.62,19358.29,29.6,14.02,15.58,111.11,"103Y12M"
65000,╖sе_ел,65000100,▓HдЇ░╧,65000100-028,е├жNи╜,96.47,2.58,39090.24,31.67,13.93,17.74,127.36,"103Y12M"
65000,╖sе_ел,65000100,▓HдЇ░╧,65000100-029,е┴жwи╜,95.24,2.82,3511.4,47.94,20.45,27.49,134.45,"103Y12M"
65000,╖sе_ел,65000100,▓HдЇ░╧,65000100-030,╖sе═и╜,125.31,1.55,4444.39,21.75,6.84,14.91,218.03,"103Y12M"
65000,╖sе_ел,65000100,▓HдЇ░╧,65000100-031,дхд╞и╜,87.8,2.42,2339.06,38.45,20.4,18.05,88.47,"103Y12M"
65000,╖sе_ел,65000100,▓HдЇ░╧,65000100-032,кoиои╜,94.95,2.53,3822.19,29.91,14.94,14.96,100.15,"103Y12M"
65000,╖sе_ел,65000100,▓HдЇ░╧,65000100-033,иF▒[и╜,96.21,2.5,1089.79,27.,14.26,12.74,89.39,"103Y12M"
65000,╖sе_ел,65000100,▓HдЇ░╧,65000100-034,╖s╕qи╜,97.04,2.93,34495.89,31.69,18.78,12.91,68.73,"103Y12M"
65000,╖sе_ел,65000100,▓HдЇ░╧,65000100-035,╖sмKи╜,91.69,2.57,22481.45,29.67,20.27,9.4,46.36,"103Y12M"
65000,╖sе_ел,65000100,▓HдЇ░╧,65000100-036,╖sе┴и╜,93.19,2.53,34931.52,27.35,16.01,11.34,70.83,"103Y12M"
65000,╖sе_ел,65000100,▓HдЇ░╧,65000100-037,е┐╝wи╜,84.,2.41,35924.9,29.35,20.54,8.8,42.84,"103Y12M"
65000,╖sе_ел,65000100,▓HдЇ░╧,65000100-038,е_╖sи╜,88.17,2.21,9083.91,28.73,20.94,7.79,37.19,"103Y12M"
65000,╖sе_ел,65000100,▓HдЇ░╧,65000100-039,е┴┼vи╜,86.51,2.19,12691.91,25.53,12.95,12.58,97.08,"103Y12M"
65000,╖sе_ел,65000100,▓HдЇ░╧,65000100-040,йп║╓и╜,94.92,2.7,7289.11,33.65,16.89,16.77,99.29,"103Y12M"
65000,╖sе_ел,65000100,▓HдЇ░╧,65000100-041,╛╟й▓и╜,91.49,2.27,5677.06,27.52,16.28,11.25,69.09,"103Y12M"
65000,╖sе_ел,65000100,▓HдЇ░╧,65000100-042,дj╔▄и╜,88.13,2.16,58167.43,27.59,14.38,13.21,91.84,"103Y12M"
65000,╖sе_ел,65000110,ж┴дю░╧,65000110-001,╕qе┴и╜,96.14,2.3,16394.72,34.28,12.22,22.06,180.6,"103Y12M"
65000,╖sе_ел,65000110,ж┴дю░╧,65000110-002,┬зк∙и╜,99.29,2.35,13572.35,38.46,15.01,23.45,156.2,"103Y12M"
65000,╖sе_ел,65000110,ж┴дю░╧,65000110-003,┤╝╝zи╜,85.43,2.19,7145.47,27.12,14.59,12.54,85.96,"103Y12M"
65000,╖sе_ел,65000110,ж┴дю░╧,65000110-004,лH▒ци╜,113.29,2.04,9397.13,42.19,8.44,33.76,400.,"103Y12M"
65000,╖sе_ел,65000110,ж┴дю░╧,65000110-005,╛ЇкFи╜,91.,2.6,23619.39,32.48,19.38,13.1,67.57,"103Y12M"
65000,╖sе_ел,65000110,ж┴дю░╧,65000110-006,иqоpи╜,110.39,2.21,27123.9,33.07,19.4,13.66,70.4,"103Y12M"
65000,╖sе_ел,65000110,ж┴дю░╧,65000110-007,╖sйўи╜,97.24,2.54,40048.98,34.91,18.78,16.13,85.86,"103Y12M"
65000,╖sе_ел,65000110,ж┴дю░╧,65000110-008,┤_┐│и╜,87.1,2.21,16983.18,28.81,18.1,10.71,59.14,"103Y12M"
65000,╖sе_ел,65000110,ж┴дю░╧,65000110-009,нX╨ди╜,102.51,2.78,1442.24,32.27,21.87,10.4,47.54,"103Y12M"
65000,╖sе_ел,65000110,ж┴дю░╧,65000110-010,к°жwи╜,106.43,2.51,3758.81,32.89,13.05,19.84,152.1,"103Y12M"
65000,╖sе_ел,65000110,ж┴дю░╧,65000110-011,лOжwи╜,98.94,2.67,1223.53,29.26,13.52,15.75,116.48,"103Y12M"
65000,╖sе_ел,65000110,ж┴дю░╧,65000110-012,лOк°и╜,100.51,2.47,4017.68,29.6,17.49,12.11,69.26,"103Y12M"
65000,╖sе_ел,65000110,ж┴дю░╧,65000110-013,╢mк°и╜,106.29,2.7,1375.94,26.21,12.87,13.34,103.69,"103Y12M"
65000,╖sе_ел,65000110,ж┴дю░╧,65000110-014,ж┐е_и╜,105.03,2.59,4105.9,28.1,16.29,11.81,72.49,"103Y12M"
65000,╖sе_ел,65000110,ж┴дю░╧,65000110-015,л¤е_и╜,101.42,2.5,2258.11,25.5,13.51,11.99,88.75,"103Y12M"
65000,╖sе_ел,65000110,ж┴дю░╧,65000110-016,пMд║и╜,104.38,2.19,150.73,26.48,8.21,18.26,222.33,"103Y12M"
65000,╖sе_ел,65000110,ж┴дю░╧,65000110-017,дK│sи╜,113.17,2.24,186.,29.18,10.47,18.7,178.57,"103Y12M"
65000,╖sе_ел,65000110,ж┴дю░╧,65000110-018,╝╠╛Ёи╜,110.64,2.35,2494.59,26.02,11.03,14.98,135.82,"103Y12M"
65000,╖sе_ел,65000110,ж┴дю░╧,65000110-019,е_оpи╜,103.91,2.5,20398.08,24.48,12.47,12.01,96.26,"103Y12M"
65000,╖sе_ел,65000110,ж┴дю░╧,65000110-020,е_дsи╜,93.69,2.13,14189.44,19.21,7.79,11.43,146.72,"103Y12M"
65000,╖sе_ел,65000110,ж┴дю░╧,65000110-021,е╒╢│и╜,99.6,2.46,542.09,31.52,18.35,13.17,71.79,"103Y12M"
65000,╖sе_ел,65000110,ж┴дю░╧,65000110-022,╛юмьи╜,98.17,2.22,2631.94,27.57,10.16,17.42,171.43,"103Y12M"
65000,╖sе_ел,65000110,ж┴дю░╧,65000110-023,кFдsи╜,110.92,2.19,54.26,29.83,14.08,15.76,111.94,"103Y12M"
65000,╖sе_ел,65000110,ж┴дю░╧,65000110-024,║╓дsи╜,91.01,2.15,9179.21,27.16,9.42,17.74,188.35,"103Y12M"
65000,╖sе_ел,65000110,ж┴дю░╧,65000110-025,йy┐│и╜,89.27,2.06,20099.58,30.21,8.52,21.69,254.55,"103Y12M"
65000,╖sе_ел,65000110,ж┴дю░╧,65000110-026,дд┐│и╜,96.29,2.25,17545.7,20.94,10.56,10.38,98.29,"103Y12M"
65000,╖sе_ел,65000110,ж┴дю░╧,65000110-027,┤Єе·и╜,95.41,2.05,13344.87,21.67,11.08,10.59,95.63,"103Y12M"
65000,╖sе_ел,65000110,ж┴дю░╧,65000110-028,дп╝wи╜,98.5,2.41,40356.01,33.38,14.13,19.25,136.22,"103Y12M"
65000,╖sе_ел,65000110,ж┴дю░╧,65000110-029,лp╝wи╜,98.63,2.52,34908.53,22.77,14.01,8.75,62.46,"103Y12M"
65000,╖sе_ел,65000110,ж┴дю░╧,65000110-030,й╛з╡и╜,94.26,2.33,20539.15,21.51,11.46,10.05,87.71,"103Y12M"
65000,╖sе_ел,65000110,ж┴дю░╧,65000110-031,ж█▒jи╜,94.51,2.43,20182.35,29.8,18.23,11.56,63.43,"103Y12M"
65000,╖sе_ел,65000110,ж┴дю░╧,65000110-032,дхд╞и╜,93.79,2.53,2634.1,27.01,16.54,10.48,63.35,"103Y12M"
65000,╖sе_ел,65000110,ж┴дю░╧,65000110-033,кў└sи╜,96.53,2.18,61189.41,23.15,12.75,10.4,81.59,"103Y12M"
65000,╖sе_ел,65000110,ж┴дю░╧,65000110-034,║╓╝wи╜,93.23,2.24,29574.95,20.34,10.34,10.,96.75,"103Y12M"
65000,╖sе_ел,65000110,ж┴дю░╧,65000110-035,┐│║╓и╜,93.01,2.17,37669.41,20.03,10.55,9.48,89.89,"103Y12M"
65000,╖sе_ел,65000110,ж┴дю░╧,65000110-036,▒d║╓и╜,90.42,1.93,34644.2,20.46,12.05,8.41,69.79,"103Y12M"
65000,╖sе_ел,65000110,ж┴дю░╧,65000110-037,й╛дsи╜,93.43,2.19,5438.12,24.25,6.55,17.7,270.06,"103Y12M"
65000,╖sе_ел,65000110,ж┴дю░╧,65000110-038,└Їкeи╜,121.11,2.31,1156.58,25.55,8.41,17.14,203.75,"103Y12M"
65000,╖sе_ел,65000110,ж┴дю░╧,65000110-039,кF╢╒и╜,95.7,2.06,1846.56,27.17,11.68,15.48,132.53,"103Y12M"
65000,╖sе_ел,65000110,ж┴дю░╧,65000110-040,дsе·и╜,93.46,2.48,5917.4,24.77,14.87,9.9,66.57,"103Y12M"
65000,╖sе_ел,65000110,ж┴дю░╧,65000110-041,дjжPи╜,92.43,2.29,33444.31,29.07,16.49,12.58,76.29,"103Y12M"
65000,╖sе_ел,65000110,ж┴дю░╧,65000110-042,▒R╝wи╜,97.47,2.53,10471.49,31.55,20.27,11.28,55.65,"103Y12M"
65000,╖sе_ел,65000110,ж┴дю░╧,65000110-043,┤Є┐│и╜,98.27,2.14,5333.1,23.73,10.87,12.86,118.35,"103Y12M"
65000,╖sе_ел,65000110,ж┴дю░╧,65000110-044,к°лCи╜,86.72,1.74,256.11,36.86,6.26,30.6,488.89,"103Y12M"
65000,╖sе_ел,65000110,ж┴дю░╧,65000110-045,║╓жwи╜,92.53,2.64,39446.12,37.88,28.83,9.05,31.41,"103Y12M"
65000,╖sе_ел,65000110,ж┴дю░╧,65000110-046,иqдsи╜,97.47,2.55,1782.35,32.21,20.14,12.08,59.97,"103Y12M"
65000,╖sе_ел,65000110,ж┴дю░╧,65000110-047,л╪жии╜,88.71,2.27,24451.95,29.01,19.37,9.64,49.75,"103Y12M"
65000,╖sе_ел,65000110,ж┴дю░╧,65000110-048,л░дди╜,87.48,2.37,36687.45,31.57,19.57,12.,61.29,"103Y12M"
65000,╖sе_ел,65000110,ж┴дю░╧,65000110-049,┤Є╜ми╜,89.05,1.86,3122.75,25.84,10.91,14.93,136.87,"103Y12M"
65000,╖sе_ел,65000110,ж┴дю░╧,65000110-050,лO╖sи╜,95.77,2.14,2737.22,23.85,12.45,11.4,91.55,"103Y12M"
65000,╖sе_ел,65000120,╖чк┌░╧,65000120-001,└s╝ци╜,96.65,2.44,14150.94,37.69,13.07,24.62,188.46,"103Y12M"
65000,╖sе_ел,65000120,╖чк┌░╧,65000120-002,└s┐│и╜,95.99,2.51,22536.01,39.34,18.46,20.89,113.16,"103Y12M"
65000,╖sе_ел,65000120,╖чк┌░╧,65000120-003,└s┬эи╜,103.33,2.59,3932.72,38.56,12.76,25.8,202.22,"103Y12M"
65000,╖sе_ел,65000120,╖чк┌░╧,65000120-004,└sдtи╜,93.89,2.65,15588.53,36.99,17.82,19.17,107.54,"103Y12M"
65000,╖sе_ел,65000120,╖чк┌░╧,65000120-005,└sдsи╜,112.96,2.64,951.39,30.52,13.21,17.31,131.01,"103Y12M"
65000,╖sе_ел,65000120,╖чк┌░╧,65000120-006,└sжwи╜,97.67,2.69,3940.76,32.35,16.26,16.09,98.94,"103Y12M"
65000,╖sе_ел,65000120,╖чк┌░╧,65000120-007,дЎФви╜,97.72,2.72,1903.52,38.78,17.52,21.26,121.39,"103Y12M"
65000,╖sе_ел,65000120,╖чк┌░╧,65000120-008,мaйWи╜,113.15,2.97,899.48,36.91,14.7,22.21,151.06,"103Y12M"
65000,╖sе_ел,65000120,╖чк┌░╧,65000120-009,кFйMи╜,98.75,2.81,3114.28,46.57,20.59,25.97,126.12,"103Y12M"
65000,╖sе_ел,65000120,╖чк┌░╧,65000120-010,дWд╤и╜,110.19,2.77,165.48,33.74,13.41,20.33,151.63,"103Y12M"
65000,╖sе_ел,65000120,╖чк┌░╧,65000120-011,жN╝yи╜,113.78,2.66,613.85,27.76,11.42,16.33,143.02,"103Y12M"
65000,╖sе_ел,65000120,╖чк┌░╧,65000120-012,жNжwи╜,101.56,2.73,11043.97,30.53,13.8,16.72,121.14,"103Y12M"
65000,╖sе_ел,65000120,╖чк┌░╧,65000120-013,│╟│╜и╜,106.03,2.9,333.61,32.85,16.02,16.83,105.07,"103Y12M"
65000,╖sе_ел,65000120,╖чк┌░╧,65000120-014,╡U╓╗и╜,125.2,2.61,195.7,34.47,9.95,24.51,246.34,"103Y12M"
65000,╖sе_ел,65000120,╖чк┌░╧,65000120-015,е·┤_и╜,111.31,2.35,123.39,44.9,11.84,33.06,279.31,"103Y12M"
65000,╖sе_ел,65000120,╖чк┌░╧,65000120-016,д}╛Їи╜,132.65,2.39,100.29,28.09,8.24,19.85,240.91,"103Y12M"
65000,╖sе_ел,65000120,╖чк┌░╧,65000120-017,║╙дпи╜,117.86,2.23,23.84,27.97,2.8,25.17,900.,"103Y12M"
65000,╖sе_ел,65000120,╖чк┌░╧,65000120-018,░Єдsи╜,112.25,2.29,1441.17,46.72,14.48,32.24,222.64,"103Y12M"
65000,╖sе_ел,65000120,╖чк┌░╧,65000120-019,е├╝yи╜,113.3,2.04,1436.48,44.9,9.04,35.86,396.77,"103Y12M"
65000,╖sе_ел,65000120,╖чк┌░╧,65000120-020,▒Rдхи╜,111.93,2.17,11261.06,44.02,10.42,33.59,322.22,"103Y12M"
65000,╖sе_ел,65000120,╖чк┌░╧,65000120-021,║╓жэи╜,118.48,1.95,733.03,57.03,16.41,40.63,247.62,"103Y12M"
65000,╖sе_ел,65000120,╖чк┌░╧,65000120-022,╣|╝wи╜,105.08,2.03,952.38,52.45,9.06,43.4,479.17,"103Y12M"
65000,╖sе_ел,65000120,╖чк┌░╧,65000120-023,╖sдsи╜,119.17,2.01,760.96,42.91,5.07,37.84,746.67,"103Y12M"
65000,╖sе_ел,65000120,╖чк┌░╧,65000120-024,е╩дsи╜,116.,1.82,215.57,44.,6.,38.,633.33,"103Y12M"
65000,╖sе_ел,65000120,╖чк┌░╧,65000120-025,╗╔дsи╜,119.05,2.09,153.34,72.93,15.04,57.89,385.,"103Y12M"
65000,╖sе_ел,65000120,╖чк┌░╧,65000120-026,е█дsи╜,111.96,1.99,373.12,51.16,7.36,43.8,594.74,"103Y12M"
65000,╖sе_ел,65000120,╖чк┌░╧,65000120-027,а╒╖sи╜,94.67,2.33,155.01,52.31,12.04,40.28,334.62,"103Y12M"
65000,╖sе_ел,65000120,╖чк┌░╧,65000120-028,а╒м}и╜,85.47,2.03,1423.29,55.97,9.94,46.02,462.86,"103Y12M"
65000,╖sе_ел,65000120,╖чк┌░╧,65000120-029,о№└╪и╜,85.83,2.12,349.84,28.56,11.5,17.06,148.36,"103Y12M"
65000,╖sе_ел,65000120,╖чк┌░╧,65000120-030,╖ч└╪и╜,94.81,2.15,669.21,29.98,13.91,16.07,115.51,"103Y12M"
65000,╖sе_ел,65000120,╖чк┌░╧,65000120-031,▓`┐Dи╜,92.41,2.24,1482.09,34.34,14.19,20.15,142.,"103Y12M"
65000,╖sе_ел,65000120,╖чк┌░╧,65000120-032,лn╢ои╜,104.26,3.16,40.94,31.51,11.42,20.09,176.,"103Y12M"
65000,╖sе_ел,65000120,╖чк┌░╧,65000120-033,╗є└Yи╜,98.76,3.74,488.64,28.1,8.92,19.17,214.93,"103Y12M"
65000,╖sе_ел,65000120,╖чк┌░╧,65000120-034,╖sоpи╜,101.62,2.85,1271.15,32.78,19.31,13.47,69.77,"103Y12M"
65000,╖sе_ел,65000130,дgл░░╧,65000130-001,░ё╢эи╜,131.38,1.99,2207.32,21.4,11.5,9.9,86.02,"103Y12M"
65000,╖sе_ел,65000130,дgл░░╧,65000130-002,дgл░и╜,96.49,2.67,45615.21,31.54,16.65,14.9,89.49,"103Y12M"
65000,╖sе_ел,65000130,дgл░░╧,65000130-003,н√кLи╜,94.99,2.7,20413.99,28.76,17.12,11.64,67.97,"103Y12M"
65000,╖sе_ел,65000130,дgл░░╧,65000130-004,н√дпи╜,98.49,2.95,12156.07,27.01,16.83,10.18,60.51,"103Y12M"
65000,╖sе_ел,65000130,дgл░░╧,65000130-005,к°н╖и╜,94.96,2.64,37367.38,36.57,17.15,19.42,113.24,"103Y12M"
65000,╖sе_ел,65000130,дgл░░╧,65000130-006,дщ╖sи╜,98.46,2.83,24128.06,25.99,15.38,10.61,68.96,"103Y12M"
65000,╖sе_ел,65000130,дgл░░╧,65000130-007,дщйMи╜,97.87,2.81,9627.24,26.72,17.49,9.22,52.72,"103Y12M"
65000,╖sе_ел,65000130,дgл░░╧,65000130-008,│f─╟и╜,98.86,2.85,18628.64,22.86,14.16,8.7,61.41,"103Y12M"
65000,╖sе_ел,65000130,дgл░░╧,65000130-009,мaкLи╜,95.11,2.7,5894.9,31.92,23.93,7.99,33.39,"103Y12M"
65000,╖sе_ел,65000130,дgл░░╧,65000130-010,░ёкLи╜,95.62,2.88,68374.64,24.19,17.18,7.,40.75,"103Y12M"
65000,╖sе_ел,65000130,дgл░░╧,65000130-011,╖ч┐│и╜,96.11,2.71,54203.72,28.6,14.97,13.63,91.09,"103Y12M"
65000,╖sе_ел,65000130,дgл░░╧,65000130-012,▓MдЇи╜,95.88,2.92,79939.44,23.61,16.24,7.37,45.36,"103Y12M"
65000,╖sе_ел,65000130,дgл░░╧,65000130-013,▓MйMи╜,105.17,2.96,14299.37,24.08,15.15,8.93,58.96,"103Y12M"
65000,╖sе_ел,65000130,дgл░░╧,65000130-014,е├┬╫и╜,98.43,2.85,34669.8,29.96,20.55,9.4,45.75,"103Y12M"
65000,╖sе_ел,65000130,дgл░░╧,65000130-015,▓Mд╞и╜,112.66,2.71,344.85,27.34,13.45,13.89,103.31,"103Y12M"
65000,╖sе_ел,65000130,дgл░░╧,65000130-016,▓M╖╦и╜,97.98,2.71,26455.62,28.69,17.17,11.53,67.14,"103Y12M"
65000,╖sе_ел,65000130,дgл░░╧,65000130-017,Фвз╩и╜,97.19,3.01,73530.5,23.42,16.07,7.35,45.74,"103Y12M"
65000,╖sе_ел,65000130,дgл░░╧,65000130-018,енйMи╜,98.18,3.07,84487.71,23.31,15.98,7.33,45.87,"103Y12M"
65000,╖sе_ел,65000130,дgл░░╧,65000130-019,з╩╝dи╜,100.9,3.,3098.48,26.84,18.23,8.61,47.21,"103Y12M"
65000,╖sе_ел,65000130,дgл░░╧,65000130-020,дjжwи╜,101.17,2.61,1431.35,28.02,15.92,12.1,75.97,"103Y12M"
65000,╖sе_ел,65000130,дgл░░╧,65000130-021,е├╣чи╜,100.25,2.76,3774.03,29.61,19.46,10.15,52.16,"103Y12M"
65000,╖sе_ел,65000130,дgл░░╧,65000130-022,иKл@и╜,104.22,2.62,2599.4,28.19,18.5,9.69,52.36,"103Y12M"
65000,╖sе_ел,65000130,дgл░░╧,65000130-023,│╗оHи╜,100.54,2.71,4596.25,28.8,17.66,11.13,63.01,"103Y12M"
65000,╖sе_ел,65000130,дgл░░╧,65000130-024,│╗║╓и╜,101.57,2.83,13620.88,34.14,20.1,14.04,69.82,"103Y12M"
65000,╖sе_ел,65000130,дgл░░╧,65000130-025,│╗╖sи╜,93.31,2.55,26963.8,37.22,24.86,12.36,49.7,"103Y12M"
65000,╖sе_ел,65000130,дgл░░╧,65000130-026,пке╨и╜,104.99,2.93,425.53,27.,15.61,11.39,72.97,"103Y12M"
65000,╖sе_ел,65000130,дgл░░╧,65000130-027,╝╓зQи╜,95.77,2.81,65413.73,21.12,13.87,7.26,52.32,"103Y12M"
65000,╖sе_ел,65000130,дgл░░╧,65000130-028,╝s║╓и╜,96.46,2.94,51405.64,24.07,16.68,7.39,44.28,"103Y12M"
65000,╖sе_ел,65000130,дgл░░╧,65000130-029,╛╟й▓и╜,92.44,3.04,36087.36,23.08,16.29,6.79,41.65,"103Y12M"
65000,╖sе_ел,65000130,дgл░░╧,65000130-030,й╡╣╪и╜,100.83,2.82,22623.78,24.04,15.07,8.97,59.56,"103Y12M"
65000,╖sе_ел,65000130,дgл░░╧,65000130-031,жwйMи╜,97.75,2.9,67512.52,23.85,16.27,7.59,46.66,"103Y12M"
65000,╖sе_ел,65000130,дgл░░╧,65000130-032,лC╢│и╜,97.14,2.92,10087.19,32.26,19.41,12.85,66.18,"103Y12M"
65000,╖sе_ел,65000130,дgл░░╧,65000130-033,н√║╓и╜,100.62,2.79,34977.59,25.28,14.13,11.16,78.97,"103Y12M"
65000,╖sе_ел,65000130,дgл░░╧,65000130-034,й╡жNи╜,104.65,2.93,8130.85,26.02,15.8,10.23,64.75,"103Y12M"
65000,╖sе_ел,65000130,дgл░░╧,65000130-035,┤_┐│и╜,98.89,2.88,27762.65,24.56,15.43,9.13,59.17,"103Y12M"
65000,╖sе_ел,65000130,дgл░░╧,65000130-036,╕╬е═и╜,97.66,2.75,18146.44,28.58,18.53,10.05,54.23,"103Y12M"
65000,╖sе_ел,65000130,дgл░░╧,65000130-037,н√лHи╜,96.43,2.82,43771.17,23.46,13.32,10.14,76.15,"103Y12M"
65000,╖sе_ел,65000130,дgл░░╧,65000130-038,е├┤Iи╜,99.22,2.9,38016.04,24.85,17.22,7.63,44.27,"103Y12M"
65000,╖sе_ел,65000130,дgл░░╧,65000130-039,╛╟жии╜,98.94,2.91,64465.86,22.01,14.42,7.59,52.62,"103Y12M"
65000,╖sе_ел,65000130,дgл░░╧,65000130-040,й╡йMи╜,92.16,2.79,68694.85,25.48,17.68,7.8,44.13,"103Y12M"
65000,╖sе_ел,65000130,дgл░░╧,65000130-041,дде┐и╜,87.18,2.74,49095.35,25.85,17.7,8.15,46.01,"103Y12M"
65000,╖sе_ел,65000130,дgл░░╧,65000130-042,╛╟дhи╜,93.81,2.87,65886.52,27.97,20.7,7.28,35.15,"103Y12M"
65000,╖sе_ел,65000130,дgл░░╧,65000130-043,й·╝wи╜,88.08,2.55,38804.4,24.71,17.7,7.01,39.58,"103Y12M"
65000,╖sе_ел,65000130,дgл░░╧,65000130-044,╝s┐│и╜,89.33,2.74,36950.54,25.83,18.05,7.78,43.1,"103Y12M"
65000,╖sе_ел,65000130,дgл░░╧,65000130-045,лCдsи╜,101.66,3.05,8970.71,26.48,15.69,10.79,68.8,"103Y12M"
65000,╖sе_ел,65000130,дgл░░╧,65000130-046,кўл░и╜,92.63,2.73,111422.63,25.54,18.37,7.17,39.03,"103Y12M"
65000,╖sе_ел,65000130,дgл░░╧,65000130-047,й╡╕Sи╜,102.06,2.85,104758.58,27.,18.17,8.83,48.6,"103Y12M"
65000,╖sе_ел,65000140,─кмw░╧,65000140-001,е┐╕qи╜,91.63,2.83,17743.89,44.3,37.53,6.76,18.02,"103Y12M"
65000,╖sе_ел,65000140,─кмw░╧,65000140-002,ддньи╜,94.77,3.,41246.6,31.14,22.09,9.05,40.99,"103Y12M"
65000,╖sе_ел,65000140,─кмw░╧,65000140-003,дд╕Їи╜,102.08,3.01,33480.94,29.53,19.35,10.19,52.66,"103Y12M"
65000,╖sе_ел,65000140,─кмw░╧,65000140-004,е·╡╪и╜,92.76,2.9,73720.08,28.13,17.04,11.09,65.1,"103Y12M"
65000,╖sе_ел,65000140,─кмw░╧,65000140-005,лOжЎи╜,99.02,2.96,26768.89,31.91,18.34,13.57,73.98,"103Y12M"
65000,╖sе_ел,65000140,─кмw░╧,65000140-006,дЇ┘їи╜,95.58,2.94,43846.6,28.37,20.43,7.93,38.83,"103Y12M"
65000,╖sе_ел,65000140,─кмw░╧,65000140-007,╝╙нэи╜,95.67,2.77,29851.89,26.52,17.47,9.05,51.8,"103Y12M"
65000,╖sе_ел,65000140,─кмw░╧,65000140-008,╞Oж┐и╜,94.45,2.87,44558.08,27.78,18.44,9.33,50.59,"103Y12M"
65000,╖sе_ел,65000140,─кмw░╧,65000140-009,лэ╝wи╜,95.85,2.57,36502.96,27.58,15.66,11.92,76.11,"103Y12M"
65000,╖sе_ел,65000140,─кмw░╧,65000140-010,╖╦сYи╜,95.26,2.92,20232.23,31.21,16.89,14.32,84.75,"103Y12M"
65000,╖sе_ел,65000140,─кмw░╧,65000140-011,╛Ё╝wи╜,98.5,2.86,62226.16,29.35,16.12,13.23,82.06,"103Y12M"
65000,╖sе_ел,65000140,─кмw░╧,65000140-012,лOйMи╜,96.93,2.91,15645.93,30.19,18.14,12.05,66.42,"103Y12M"
65000,╖sе_ел,65000140,─кмw░╧,65000140-013,дп┤_и╜,96.07,2.73,38935.62,33.43,18.42,15.01,81.48,"103Y12M"
65000,╖sе_ел,65000140,─кмw░╧,65000140-014,▒o│╙и╜,92.23,2.8,39126.57,34.19,16.68,17.51,104.97,"103Y12M"
65000,╖sе_ел,65000140,─кмw░╧,65000140-015,лn┤фи╜,96.26,3.08,35017.74,28.19,20.72,7.47,36.03,"103Y12M"
65000,╖sе_ел,65000140,─кмw░╧,65000140-016,е├╝╓и╜,98.75,3.02,52245.9,28.66,21.08,7.58,35.97,"103Y12M"
65000,╖sе_ел,65000140,─кмw░╧,65000140-017,е├▒dи╜,93.46,3.01,74085.91,26.45,20.29,6.16,30.36,"103Y12M"
65000,╖sе_ел,65000140,─кмw░╧,65000140-018,лH╕qи╜,100.33,3.06,74822.54,24.5,15.51,8.98,57.89,"103Y12M"
65000,╖sе_ел,65000140,─кмw░╧,65000140-019,е╔▓Mи╜,94.53,2.72,56777.71,27.33,18.25,9.08,49.77,"103Y12M"
65000,╖sе_ел,65000140,─кмw░╧,65000140-020,┤_┐│и╜,98.15,2.95,2641.65,27.49,18.36,9.13,49.72,"103Y12M"
65000,╖sе_ел,65000140,─кмw░╧,65000140-021,дЇкeи╜,96.99,2.92,11535.42,24.98,17.51,7.48,42.72,"103Y12M"
65000,╖sе_ел,65000140,─кмw░╧,65000140-022,дп╖Rи╜,99.58,3.07,78570.54,24.21,16.79,7.42,44.21,"103Y12M"
65000,╖sе_ел,65000140,─кмw░╧,65000140-023,й╛╕qи╜,95.19,2.88,42809.23,26.32,17.87,8.45,47.3,"103Y12M"
65000,╖sе_ел,65000140,─кмw░╧,65000140-024,дE╦|и╜,98.92,2.97,79722.92,25.65,17.58,8.07,45.92,"103Y12M"
65000,╖sе_ел,65000140,─кмw░╧,65000140-025,дд╡╪и╜,98.34,2.79,40737.69,29.48,15.73,13.75,87.38,"103Y12M"
65000,╖sе_ел,65000140,─кмw░╧,65000140-026,▒oдпи╜,97.42,2.88,8852.96,28.68,17.1,11.58,67.73,"103Y12M"
65000,╖sе_ел,65000140,─кмw░╧,65000140-027,дп╝wи╜,99.83,3.01,80625.59,26.64,17.24,9.4,54.53,"103Y12M"
65000,╖sе_ел,65000140,─кмw░╧,65000140-028,дп╕qи╜,116.37,2.11,73319.07,20.11,11.97,8.14,68.02,"103Y12M"
65000,╖sе_ел,65000140,─кмw░╧,65000140-029,е·й·и╜,99.16,2.97,71798.97,28.38,19.8,8.58,43.34,"103Y12M"
65000,╖sе_ел,65000140,─кмw░╧,65000140-030,лO╖sи╜,100.7,3.03,3935.06,27.39,16.04,11.36,70.83,"103Y12M"
65000,╖sе_ел,65000140,─кмw░╧,65000140-031,к°жwи╜,100.33,3.06,61748.32,24.61,17.44,7.17,41.12,"103Y12M"
65000,╖sе_ел,65000140,─кмw░╧,65000140-032,е┴йMи╜,99.06,2.83,21938.46,30.78,16.36,14.42,88.17,"103Y12M"
65000,╖sе_ел,65000140,─кмw░╧,65000140-033,й╛з╡и╜,100.61,3.13,55235.08,22.04,15.17,6.86,45.23,"103Y12M"
65000,╖sе_ел,65000140,─кмw░╧,65000140-034,║╓жwи╜,95.52,3.,51489.97,23.63,15.79,7.84,49.65,"103Y12M"
65000,╖sе_ел,65000140,─кмw░╧,65000140-035,е├жwи╜,94.07,3.03,59192.61,25.41,17.24,8.17,47.39,"103Y12M"
65000,╖sе_ел,65000140,─кмw░╧,65000140-036,й╡ени╜,97.8,2.88,73922.9,25.03,17.41,7.61,43.72,"103Y12M"
65000,╖sе_ел,65000140,─кмw░╧,65000140-037,жие\и╜,93.77,3.12,55098.95,23.85,17.53,6.31,36.01,"103Y12M"
65000,╖sе_ел,65000140,─кмw░╧,65000140-038,е├╝wи╜,97.12,3.07,61936.11,23.25,16.6,6.65,40.09,"103Y12M"
65000,╖sе_ел,65000150,днк╤░╧,65000150-001,┐│м├и╜,106.79,3.03,2473.81,25.7,14.55,11.15,76.63,"103Y12M"
65000,╖sе_ел,65000150,днк╤░╧,65000150-002,зє╝dи╜,108.29,2.74,551.,32.59,13.71,18.88,137.78,"103Y12M"
65000,╖sе_ел,65000150,днк╤░╧,65000150-003,╢░║╓и╜,101.3,2.68,2120.3,27.97,17.04,10.93,64.18,"103Y12M"
65000,╖sе_ел,65000150,днк╤░╧,65000150-004,╞[н╡и╜,117.15,2.84,240.45,38.28,16.07,22.2,138.12,"103Y12M"
65000,╖sе_ел,65000150,днк╤░╧,65000150-005,жиж{и╜,106.14,3.,5298.78,29.97,19.8,10.16,51.33,"103Y12M"
65000,╖sе_ел,65000150,днк╤░╧,65000150-006,жие\и╜,104.08,2.82,4932.99,26.8,19.75,7.05,35.71,"103Y12M"
65000,╖sе_ел,65000150,днк╤░╧,65000150-007,дн└sи╜,119.73,3.36,281.59,37.91,19.85,18.07,91.03,"103Y12M"
65000,╖sе_ел,65000150,днк╤░╧,65000150-008,днк╤и╜,106.6,2.57,9432.13,30.3,17.78,12.52,70.44,"103Y12M"
65000,╖sе_ел,65000150,днк╤░╧,65000150-009,дн║╓и╜,103.19,2.97,13553.32,26.36,17.7,8.66,48.9,"103Y12M"
65000,╖sе_ел,65000150,днк╤░╧,65000150-010,╝wн╡и╜,96.95,2.83,2369.95,26.38,18.71,7.66,40.95,"103Y12M"
65000,╖sе_ел,65000150,днк╤░╧,65000150-011,│░д@и╜,98.13,2.44,29365.62,60.07,17.04,43.03,252.51,"103Y12M"
65000,╖sе_ел,65000150,днк╤░╧,65000150-012,╢T░╙и╜,96.77,2.56,59794.4,48.62,21.52,27.1,125.93,"103Y12M"
65000,╖sе_ел,65000150,днк╤░╧,65000150-013,╝wоїи╜,95.04,2.8,13197.22,26.6,18.73,7.86,41.98,"103Y12M"
65000,╖sе_ел,65000150,днк╤░╧,65000150-014,жи╝wи╜,99.87,2.9,3390.3,30.93,17.25,13.68,79.31,"103Y12M"
65000,╖sе_ел,65000150,днк╤░╧,65000150-015,д╗║╓и╜,97.17,2.8,5059.86,23.4,16.25,7.15,43.98,"103Y12M"
65000,╖sе_ел,65000150,днк╤░╧,65000150-016,╢░╜хи╜,101.25,2.88,2301.06,27.3,18.39,8.91,48.45,"103Y12M"
65000,╖sе_ел,65000150,днк╤░╧,65000150-017,е┴╕qи╜,99.78,2.93,2231.11,29.86,18.14,11.73,64.66,"103Y12M"
65000,╖sе_ел,65000150,днк╤░╧,65000150-018,жиоїи╜,103.79,2.62,2837.57,27.02,19.33,7.69,39.81,"103Y12M"
65000,╖sе_ел,65000150,днк╤░╧,65000150-019,дЇ╕Pи╜,99.25,2.89,8230.28,26.6,18.45,8.15,44.19,"103Y12M"
65000,╖sе_ел,65000150,днк╤░╧,65000150-020,║╓╝wи╜,101.11,2.68,2064.6,30.19,20.39,9.8,48.04,"103Y12M"
65000,╖sе_ел,65000160,оїдs░╧,65000160-001,дjмьи╜,115.45,3.38,147.98,39.84,22.49,17.34,77.11,"103Y12M"
65000,╖sе_ел,65000160,оїдs░╧,65000160-002,╛дй·и╜,97.87,2.85,1342.01,32.67,21.9,10.77,49.2,"103Y12M"
65000,╖sе_ел,65000160,оїдs░╧,65000160-003,дs╕}и╜,101.33,2.95,13496.59,29.21,19.47,9.74,50.05,"103Y12M"
65000,╖sе_ел,65000160,оїдs░╧,65000160-004,║╓оїи╜,104.73,2.94,16229.4,35.22,19.35,15.88,82.05,"103Y12M"
65000,╖sе_ел,65000160,оїдs░╧,65000160-005,╖м╛Ёи╜,101.63,2.81,3541.83,34.17,20.69,13.48,65.15,"103Y12M"
65000,╖sе_ел,65000160,оїдs░╧,65000160-006,жP║aи╜,98.25,2.96,3437.92,30.23,18.44,11.79,63.96,"103Y12M"
65000,╖sе_ел,65000160,оїдs░╧,65000160-007,╕q╛╟и╜,101.02,2.97,27663.6,30.87,21.2,9.67,45.6,"103Y12M"
65000,╖sе_ел,65000160,оїдs░╧,65000160-008,й·з╙и╜,98.05,2.96,7301.28,24.25,14.87,9.37,63.,"103Y12M"
65000,╖sе_ел,65000160,оїдs░╧,65000160-009,╢Qдlи╜,100.49,2.7,5316.22,30.3,18.12,12.18,67.19,"103Y12M"
65000,╖sе_ел,65000160,оїдs░╧,65000160-010,╢QйMи╜,99.81,2.7,6594.36,28.1,17.7,10.4,58.78,"103Y12M"
65000,╖sе_ел,65000160,оїдs░╧,65000160-011,жP┐│и╜,95.67,2.97,55930.38,39.54,28.15,11.39,40.45,"103Y12M"
65000,╖sе_ел,65000160,оїдs░╧,65000160-012,╕qдпи╜,100.77,2.86,5606.77,30.83,22.56,8.27,36.65,"103Y12M"
65000,╖sе_ел,65000160,оїдs░╧,65000160-013,оїд═и╜,99.25,3.,8439.91,27.64,15.59,12.05,77.32,"103Y12M"
65000,╖sе_ел,65000160,оїдs░╧,65000160-014,╖sй·и╜,98.64,2.97,38191.43,26.92,17.95,8.97,50.,"103Y12M"
65000,╖sе_ел,65000160,оїдs░╧,65000160-015,╢Q╜хи╜,98.49,2.65,10510.63,29.44,16.44,13.,79.04,"103Y12M"
65000,╖sе_ел,65000160,оїдs░╧,65000160-016,║╓┐│и╜,95.14,2.85,24928.59,36.09,23.71,12.37,52.17,"103Y12M"
65000,╖sе_ел,65000160,оїдs░╧,65000160-017,е■┐│и╜,95.4,2.56,55827.57,37.32,31.62,5.7,18.01,"103Y12M"
65000,╖sе_ел,65000170,кLдf░╧,65000170-001,кFкLи╜,101.08,3.01,1775.16,31.94,19.79,12.15,61.41,"103Y12M"
65000,╖sе_ел,65000170,кLдf░╧,65000170-002,кLдfи╜,97.13,2.75,5035.74,29.66,18.76,10.9,58.08,"103Y12M"
65000,╖sе_ел,65000170,кLдf░╧,65000170-003,жшкLи╜,99.87,2.55,9829.56,32.08,21.95,10.13,46.17,"103Y12M"
65000,╖sе_ел,65000170,кLдf░╧,65000170-004,╡╫┤Єи╜,99.96,2.96,7821.11,32.64,19.27,13.37,69.36,"103Y12M"
65000,╖sе_ел,65000170,кLдf░╧,65000170-005,дд┤Єи╜,104.38,3.07,1149.56,39.41,26.11,13.3,50.96,"103Y12M"
65000,╖sе_ел,65000170,кLдf░╧,65000170-006,┤Єе_и╜,111.81,3.42,581.,34.85,20.28,14.57,71.81,"103Y12M"
65000,╖sе_ел,65000170,кLдf░╧,65000170-007,┤Єлnи╜,92.73,2.3,6417.7,40.95,31.32,9.63,30.74,"103Y12M"
65000,╖sе_ел,65000170,кLдf░╧,65000170-008,лn╢╒и╜,92.23,2.15,3755.21,33.96,24.73,9.23,37.32,"103Y12M"
65000,╖sе_ел,65000170,кLдf░╧,65000170-009,кF╢╒и╜,96.29,2.88,14763.58,32.46,21.98,10.48,47.65,"103Y12M"
65000,╖sе_ел,65000170,кLдf░╧,65000170-010,│╗║╓и╜,123.01,3.05,150.05,39.84,17.2,22.64,131.61,"103Y12M"
65000,╖sе_ел,65000170,кLдf░╧,65000170-011,дU║╓и╜,104.76,3.12,189.1,41.85,23.,18.85,81.97,"103Y12M"
65000,╖sе_ел,65000170,кLдf░╧,65000170-012,╣┼─_и╜,107.,3.22,146.23,36.13,19.13,17.,88.89,"103Y12M"
65000,╖sе_ел,65000170,кLдf░╧,65000170-013,╖чени╜,120.97,3.14,227.62,35.98,19.3,16.69,86.49,"103Y12M"
65000,╖sе_ел,65000170,кLдf░╧,65000170-014,д╙ени╜,103.61,2.73,341.96,35.09,20.33,14.75,72.55,"103Y12M"
65000,╖sе_ел,65000170,кLдf░╧,65000170-015,дп╖Rи╜,89.05,2.67,23244.94,36.72,26.95,9.77,36.23,"103Y12M"
65000,╖sе_ел,65000170,кLдf░╧,65000170-016,─RкLи╜,90.38,2.66,33028.66,40.15,33.3,6.85,20.56,"103Y12M"
65000,╖sе_ел,65000170,кLдf░╧,65000170-017,─R╢щи╜,93.6,2.91,10297.6,29.52,19.43,10.08,51.87,"103Y12M"
65000,╖sе_ел,65000180,▓`з|░╧,65000180-001,▓`з|и╜,97.45,2.53,7783.7,29.59,16.69,12.9,77.29,"103Y12M"
65000,╖sе_ел,65000180,▓`з|░╧,65000180-002,╕U╢╢и╜,100.57,2.47,8375.8,26.51,12.16,14.35,118.07,"103Y12M"
65000,╖sе_ел,65000180,▓`з|░╧,65000180-003,дgоwи╜,99.44,2.73,1755.84,28.45,15.09,13.36,88.56,"103Y12M"
65000,╖sе_ел,65000180,▓`з|░╧,65000180-004,к@░ки╜,110.63,2.85,271.43,26.42,11.5,14.92,129.7,"103Y12M"
65000,╖sе_ел,65000180,▓`з|░╧,65000180-005,к№мXи╜,129.89,2.86,133.61,37.74,16.84,20.9,124.05,"103Y12M"
65000,╖sе_ел,65000180,▓`з|░╧,65000180-006,оH╖sи╜,95.09,2.51,16487.97,25.97,16.43,9.54,58.06,"103Y12M"
65000,╖sе_ел,65000180,▓`з|░╧,65000180-007,╕U║╓и╜,102.78,2.33,815.69,28.69,12.86,15.83,123.1,"103Y12M"
65000,╖sе_ел,65000180,▓`з|░╧,65000180-008,┐реЄи╜,105.65,2.34,1393.96,28.1,13.74,14.36,104.47,"103Y12M"
65000,╖sе_ел,65000190,е█▐ф░╧,65000190-001,е█▐фи╜,127.72,2.51,1381.01,34.5,12.87,21.64,168.18,"103Y12M"
65000,╖sе_ел,65000190,е█▐ф░╧,65000190-002,╝ц├фи╜,114.43,2.19,99.73,38.77,13.45,25.32,188.24,"103Y12M"
65000,╖sе_ел,65000190,е█▐ф░╧,65000190-003,╢й▓▒и╜,130.08,2.74,164.21,37.44,15.47,21.96,141.94,"103Y12M"
65000,╖sе_ел,65000190,е█▐ф░╧,65000190-004,пQ╢юи╜,133.23,2.07,83.02,38.12,6.74,31.38,465.79,"103Y12M"
65000,╖sе_ел,65000190,е█▐ф░╧,65000190-005,┤^дsи╜,112.64,2.26,117.13,40.15,14.02,26.14,186.49,"103Y12M"
65000,╖sе_ел,65000190,е█▐ф░╧,65000190-006,┬╫е╨и╜,139.68,2.01,32.12,52.53,14.14,38.38,271.43,"103Y12M"
65000,╖sе_ел,65000190,е█▐ф░╧,65000190-007,е├йwи╜,115.22,2.62,112.3,43.91,19.16,24.75,129.17,"103Y12M"
65000,╖sе_ел,65000190,е█▐ф░╧,65000190-008,дде┴и╜,133.51,2.53,209.96,42.11,17.76,24.34,137.04,"103Y12M"
65000,╖sе_ел,65000190,е█▐ф░╧,65000190-009,е·й·и╜,139.82,1.83,35.15,44.92,7.49,37.43,500.,"103Y12M"
65000,╖sе_ел,65000190,е█▐ф░╧,65000190-010,┬╫кLи╜,118.95,2.89,347.56,27.86,9.92,17.94,180.77,"103Y12M"
65000,╖sе_ел,65000190,е█▐ф░╧,65000190-011,е├жwи╜,107.26,2.44,14.13,41.96,17.08,24.88,145.63,"103Y12M"
65000,╖sе_ел,65000190,е█▐ф░╧,65000190-012,оц└Yи╜,117.36,2.16,49.5,41.97,16.33,25.64,157.02,"103Y12M"
65000,╖sе_ел,65000200,йWкL░╧,65000200-001,▓╩╕]и╜,138.11,2.59,29.86,42.57,9.95,32.62,327.69,"103Y12M"
65000,╖sе_ел,65000200,йWкL░╧,65000200-002,йWкLи╜,115.77,2.99,392.37,41.61,16.36,25.26,154.43,"103Y12M"
65000,╖sе_ел,65000200,йWкL░╧,65000200-003,дjкLи╜,136.83,2.73,50.6,47.04,13.98,33.06,236.44,"103Y12M"
65000,╖sе_ел,65000200,йWкL░╧,65000200-004,е█б╜и╜,114.62,2.32,8.27,48.69,11.44,37.25,325.71,"103Y12M"
65000,╖sе_ел,65000200,йWкL░╧,65000200-005,дW╝wи╜,133.96,2.58,59.06,41.6,13.54,28.06,207.23,"103Y12M"
65000,╖sе_ел,65000200,йWкL░╧,65000200-006,дЇ╝wи╜,123.72,2.58,59.35,44.51,14.49,30.02,207.14,"103Y12M"
65000,╖sе_ел,65000200,йWкL░╧,65000200-007,║ое·и╜,119.12,2.22,32.4,49.25,8.85,40.4,456.6,"103Y12M"
65000,╖sе_ел,65000210,дTк█░╧,65000210-001,дK╜хи╜,124.86,2.51,320.77,51.36,18.29,33.07,180.85,"103Y12M"
65000,╖sе_ел,65000210,дTк█░╧,65000210-002,оH└Yи╜,94.87,2.61,5578.95,27.86,16.17,11.69,72.27,"103Y12M"
65000,╖sе_ел,65000210,дTк█░╧,65000210-003,еj╔▄и╜,115.43,2.35,357.47,37.59,13.87,23.72,171.05,"103Y12M"
65000,╖sе_ел,65000210,дTк█░╧,65000210-004,╖s╔▄и╜,118.18,2.82,271.95,42.37,16.1,26.27,163.16,"103Y12M"
65000,╖sе_ел,65000210,дTк█░╧,65000210-005,оHйWи╜,99.71,2.58,2120.97,32.57,18.45,14.13,76.58,"103Y12M"
65000,╖sе_ел,65000210,дTк█░╧,65000210-006,нZк°и╜,109.01,2.3,253.4,31.45,11.91,19.53,163.93,"103Y12M"
65000,╖sе_ел,65000210,дTк█░╧,65000210-007,╛юдsи╜,138.75,2.48,86.91,43.25,9.75,33.5,343.59,"103Y12M"
65000,╖sе_ел,65000210,дTк█░╧,65000210-008,┐№кOи╜,137.71,2.77,155.99,44.7,11.13,33.57,301.56,"103Y12M"
65000,╖sе_ел,65000210,дTк█░╧,65000210-009,лснэи╜,104.38,2.07,335.22,32.62,9.65,22.97,238.04,"103Y12M"
65000,╖sе_ел,65000210,дTк█░╧,65000210-010,║╓╝wи╜,105.33,2.6,316.46,38.53,16.49,22.04,133.64,"103Y12M"
65000,╖sе_ел,65000210,дTк█░╧,65000210-011,╢ъдsи╜,138.11,2.88,35.8,42.44,17.16,25.28,147.37,"103Y12M"
65000,╖sе_ел,65000210,дTк█░╧,65000210-012,й▒дlи╜,123.79,2.67,109.56,40.89,11.13,29.76,267.27,"103Y12M"
65000,╖sе_ел,65000210,дTк█░╧,65000210-013,┐│╡╪и╜,122.35,2.62,214.39,35.76,12.95,22.81,176.15,"103Y12M"
65000,╖sе_ел,65000220,е█к∙░╧,65000220-001,╝wнZи╜,117.38,3.,309.14,34.11,18.23,15.89,87.17,"103Y12M"
65000,╖sе_ел,65000220,е█к∙░╧,65000220-002,┤I░Єи╜,101.45,3.09,386.79,36.84,18.26,18.59,101.8,"103Y12M"
65000,╖sе_ел,65000220,е█к∙░╧,65000220-003,ж╤▒Ўи╜,105.5,3.08,558.66,36.39,17.36,19.03,109.61,"103Y12M"
65000,╖sе_ел,65000220,е█к∙░╧,65000220-004,дs╖╦и╜,120.46,2.93,108.4,37.86,15.93,21.93,137.7,"103Y12M"
65000,╖sе_ел,65000220,е█к∙░╧,65000220-005,е█к∙и╜,101.62,2.79,397.16,37.07,18.46,18.61,100.79,"103Y12M"
65000,╖sе_ел,65000220,е█к∙░╧,65000220-006,жy│└и╜,108.92,2.84,382.25,35.21,18.55,16.65,89.76,"103Y12M"
65000,╖sе_ел,65000220,е█к∙░╧,65000220-007,░о╡╪и╜,137.65,2.64,43.18,37.01,9.25,27.76,300.,"103Y12M"
65000,╖sе_ел,65000220,е█к∙░╧,65000220-008,нZкLи╜,111.54,3.24,153.99,31.62,11.79,19.83,168.12,"103Y12M"
65000,╖sе_ел,65000220,е█к∙░╧,65000220-009,пєи╜и╜,106.13,3.09,201.47,38.67,21.7,16.97,78.21,"103Y12M"
65000,╖sе_ел,65000230,дKи╜░╧,65000230-001,└s╖╜и╜,94.91,2.32,1424.57,23.72,11.74,11.98,102.08,"103Y12M"
65000,╖sе_ел,65000230,дKи╜░╧,65000230-002,ж╠н▄и╜,106.66,2.64,555.62,29.45,14.76,14.69,99.51,"103Y12M"
65000,╖sе_ел,65000230,дKи╜░╧,65000230-003,дjоrи╜,106.73,2.78,783.2,33.44,20.49,12.94,63.17,"103Y12M"
65000,╖sе_ел,65000230,дKи╜░╧,65000230-004,░ё└Yи╜,98.21,2.67,1281.35,30.5,17.96,12.54,69.82,"103Y12M"
65000,╖sе_ел,65000230,дKи╜░╧,65000230-005,│╗п╦и╜,93.73,2.72,1129.56,28.46,17.7,10.77,60.85,"103Y12M"
65000,╖sе_ел,65000230,дKи╜░╧,65000230-006,┬┬л░и╜,96.47,2.72,2731.06,26.32,17.35,8.97,51.71,"103Y12M"
65000,╖sе_ел,65000230,дKи╜░╧,65000230-007,░T╢эи╜,100.91,2.68,2502.51,30.69,20.08,10.6,52.79,"103Y12M"
65000,╖sе_ел,65000230,дKи╜░╧,65000230-008,╙yжщи╜,107.23,3.26,598.03,35.55,20.96,14.59,69.61,"103Y12M"
65000,╖sе_ел,65000230,дKи╜░╧,65000230-009,к°з|и╜,114.74,3.81,200.09,35.63,17.34,18.3,105.56,"103Y12M"
65000,╖sе_ел,65000230,дKи╜░╧,65000230-010,дUп╦и╜,104.87,3.38,556.45,36.3,20.42,15.88,77.78,"103Y12M"
65000,╖sе_ел,65000240,ен╖╦░╧,65000240-001,┴ж╖}и╜,124.63,2.18,118.98,50.5,10.56,39.93,378.13,"103Y12M"
65000,╖sе_ел,65000240,ен╖╦░╧,65000240-002,╡╫офи╜,123.02,2.04,276.58,41.21,12.06,29.15,241.67,"103Y12M"
65000,╖sе_ел,65000240,ен╖╦░╧,65000240-003,е╒е█и╜,134.17,2.05,222.45,33.18,7.58,25.59,337.5,"103Y12M"
65000,╖sе_ел,65000240,ен╖╦░╧,65000240-004,е█й│и╜,119.92,2.29,153.86,54.46,10.71,43.75,408.33,"103Y12M"
65000,╖sе_ел,65000240,ен╖╦░╧,65000240-005,ен╖╦и╜,106.62,2.38,102.86,54.4,16.48,37.91,230.,"103Y12M"
65000,╖sе_ел,65000240,ен╖╦░╧,65000240-006,└н╕}и╜,117.86,2.27,138.46,45.24,9.13,36.11,395.65,"103Y12M"
65000,╖sе_ел,65000240,ен╖╦░╧,65000240-007,кF╢╒и╜,134.33,1.91,24.57,49.52,5.71,43.81,766.67,"103Y12M"
65000,╖sе_ел,65000240,ен╖╦░╧,65000240-008,▒цеjи╜,120.25,1.67,23.09,51.3,10.43,40.87,391.67,"103Y12M"
65000,╖sе_ел,65000240,ен╖╦░╧,65000240-009,лnдsи╜,138.82,1.93,53.43,53.79,4.92,48.86,992.31,"103Y12M"
65000,╖sе_ел,65000240,ен╖╦░╧,65000240-010,ен┤Єи╜,129.41,2.01,25.03,59.84,10.66,49.18,461.54,"103Y12M"
65000,╖sе_ел,65000240,ен╖╦░╧,65000240-011,дQд└и╜,112.31,2.18,463.56,62.63,14.81,47.81,322.73,"103Y12M"
65000,╖sе_ел,65000240,ен╖╦░╧,65000240-012,╖s╝dи╜,137.04,1.94,20.17,54.84,12.1,42.74,353.33,"103Y12M"
65000,╖sе_ел,65000250,┬∙╖╦░╧,65000250-001,┬∙╖╦и╜,96.09,2.39,7032.1,52.63,16.07,36.57,227.59,"103Y12M"
65000,╖sе_ел,65000250,┬∙╖╦░╧,65000250-002,ж@йMи╜,118.58,2.46,122.76,47.46,15.22,32.24,211.76,"103Y12M"
65000,╖sе_ел,65000250,┬∙╖╦░╧,65000250-003,╖s░Єи╜,121.4,2.55,344.13,53.8,18.09,35.7,197.32,"103Y12M"
65000,╖sе_ел,65000250,┬∙╖╦░╧,65000250-004,│╜жци╜,125.,2.24,68.74,43.5,10.05,33.45,332.76,"103Y12M"
65000,╖sе_ел,65000250,┬∙╖╦░╧,65000250-005,дT┤фи╜,136.45,2.38,97.26,55.34,10.68,44.66,418.18,"103Y12M"
65000,╖sе_ел,65000250,┬∙╖╦░╧,65000250-006,иdджи╜,107.12,2.64,196.22,46.41,14.14,32.27,228.27,"103Y12M"
65000,╖sе_ел,65000250,┬∙╖╦░╧,65000250-007,дT╢Iи╜,113.56,2.38,37.77,38.97,9.19,29.78,324.,"103Y12M"
65000,╖sе_ел,65000250,┬∙╖╦░╧,65000250-008,енкLи╜,112.84,2.4,214.89,41.17,12.71,28.46,224.,"103Y12M"
65000,╖sе_ел,65000250,┬∙╖╦░╧,65000250-009,дWкLи╜,126.32,2.45,80.74,48.58,10.77,37.8,350.94,"103Y12M"
65000,╖sе_ел,65000250,┬∙╖╦░╧,65000250-010,е~мaи╜,131.67,2.25,43.29,45.45,10.51,34.94,332.43,"103Y12M"
65000,╖sе_ел,65000250,┬∙╖╦░╧,65000250-011,к°╖╜и╜,121.39,2.19,34.5,55.06,11.99,43.07,359.38,"103Y12M"
65000,╖sе_ел,65000250,┬∙╖╦░╧,65000250-012,оїени╜,110.95,2.69,16.05,40.05,13.03,27.02,207.37,"103Y12M"
65000,╖sе_ел,65000260,░^╝d░╧,65000260-001,░^╝dи╜,106.28,2.63,311.33,48.33,13.25,35.08,264.84,"103Y12M"
65000,╖sе_ел,65000260,░^╝d░╧,65000260-002,жNкLи╜,156.86,2.29,27.79,37.53,7.87,29.66,376.67,"103Y12M"
65000,╖sе_ел,65000260,░^╝d░╧,65000260-003,┬∙е╔и╜,123.91,2.58,59.13,51.19,13.21,37.98,287.5,"103Y12M"
65000,╖sе_ел,65000260,░^╝d░╧,65000260-004,└s▒^и╜,135.2,2.47,77.01,40.55,7.93,32.62,411.54,"103Y12M"
65000,╖sе_ел,65000260,░^╝d░╧,65000260-005,└sк∙и╜,103.66,3.04,258.01,42.6,11.7,30.9,264.06,"103Y12M"
65000,╖sе_ел,65000260,░^╝d░╧,65000260-006,║╓╢йи╜,93.71,2.96,151.25,44.16,13.61,30.56,224.59,"103Y12M"
65000,╖sе_ел,65000260,░^╝d░╧,65000260-007,дпи╜и╜,103.06,2.97,551.29,37.18,16.02,21.16,132.08,"103Y12M"
65000,╖sе_ел,65000260,░^╝d░╧,65000260-008,пu▓zи╜,94.36,3.39,1008.07,34.52,13.3,21.22,159.5,"103Y12M"
65000,╖sе_ел,65000260,░^╝d░╧,65000260-009,║╓│sи╜,89.06,3.12,106.35,30.98,7.18,23.8,331.48,"103Y12M"
65000,╖sе_ел,65000260,░^╝d░╧,65000260-010,м№┬╫и╜,135.39,2.78,81.61,53.23,13.96,39.27,281.25,"103Y12M"
65000,╖sе_ел,65000260,░^╝d░╧,65000260-011,йMм№и╜,105.29,3.41,81.18,38.28,13.22,25.06,189.57,"103Y12M"
65000,╖sе_ел,65000270,кўдs░╧,65000270-001,йMени╜,93.56,2.87,6592.7,43.83,17.13,26.7,155.88,"103Y12M"
65000,╖sе_ел,65000270,кўдs░╧,65000270-002,дjжPи╜,88.94,3.07,9683.29,35.99,12.94,23.05,178.21,"103Y12M"
65000,╖sе_ел,65000270,кўдs░╧,65000270-003,┬╫║ои╜,103.16,3.49,1364.5,40.19,16.46,23.73,144.12,"103Y12M"
65000,╖sе_ел,65000270,кўдs░╧,65000270-004,┴D┤фи╜,99.06,3.75,1993.46,36.18,17.31,18.86,108.96,"103Y12M"
65000,╖sе_ел,65000270,кўдs░╧,65000270-005,м№е╨и╜,91.66,3.37,7860.53,32.67,20.89,11.78,56.4,"103Y12M"
65000,╖sе_ел,65000270,кўдs░╧,65000270-006,дн┤Єи╜,104.48,3.38,379.42,33.23,16.42,16.81,102.37,"103Y12M"
65000,╖sе_ел,65000270,кўдs░╧,65000270-007,нлйMи╜,103.87,2.6,65.92,32.68,11.58,21.1,182.26,"103Y12M"
65000,╖sе_ел,65000270,кўдs░╧,65000270-008,ит┤Єи╜,106.79,3.36,137.61,41.93,17.7,24.22,136.84,"103Y12M"
65000,╖sе_ел,65000270,кўдs░╧,65000270-009,д╗к╤и╜,127.14,3.25,326.05,37.25,16.22,21.03,129.67,"103Y12M"
65000,╖sе_ел,65000270,кўдs░╧,65000270-010,дTм╔и╜,91.28,3.39,266.41,41.02,14.56,26.47,181.82,"103Y12M"
65000,╖sе_ел,65000270,кўдs░╧,65000270-011,▓Mмuи╜,116.71,3.2,614.93,36.75,14.49,22.25,153.54,"103Y12M"
65000,╖sе_ел,65000270,кўдs░╧,65000270-012,╕U╣╪и╜,95.5,3.05,332.16,45.24,17.99,27.25,151.43,"103Y12M"
65000,╖sе_ел,65000270,кўдs░╧,65000270-013,жш┤Єи╜,139.36,3.88,77.13,39.75,11.18,28.57,255.56,"103Y12M"
65000,╖sе_ел,65000270,кўдs░╧,65000270-014,е├┐│и╜,112.89,2.74,201.4,42.83,13.71,29.11,212.31,"103Y12M"
65000,╖sе_ел,65000270,кўдs░╧,65000270-015,кўм№и╜,92.92,3.07,15175.82,28.64,15.31,13.33,87.09,"103Y12M"
65000,╖sе_ел,65000280,╕Uи╜░╧,65000280-001,╕Uи╜и╜,96.29,3.57,1920.18,34.56,19.28,15.28,79.25,"103Y12M"
65000,╖sе_ел,65000280,╕Uи╜░╧,65000280-002,└tзqи╜,102.41,3.12,819.4,42.93,16.45,26.48,160.98,"103Y12M"
65000,╖sе_ел,65000280,╕Uи╜░╧,65000280-003,│емhи╜,93.09,3.48,679.79,29.4,14.72,14.68,99.77,"103Y12M"
65000,╖sе_ел,65000280,╕Uи╜░╧,65000280-004,дj─Pи╜,105.65,3.22,966.76,38.03,18.53,19.51,105.29,"103Y12M"
65000,╖sе_ел,65000280,╕Uи╜░╧,65000280-005,┴D╝ци╜,114.05,2.75,70.06,36.75,13.25,23.5,177.42,"103Y12M"
65000,╖sе_ел,65000280,╕Uи╜░╧,65000280-006,┬∙┐│и╜,130.82,2.87,81.7,47.19,13.64,33.56,246.08,"103Y12M"
65000,╖sе_ел,65000280,╕Uи╜░╧,65000280-007,╖╦й│и╜,122.74,2.55,54.52,43.61,10.9,32.71,300.,"103Y12M"
65000,╖sе_ел,65000280,╕Uи╜░╧,65000280-008,оrЧги╜,108.64,2.67,75.94,45.27,17.19,28.08,163.33,"103Y12M"
65000,╖sе_ел,65000280,╕Uи╜░╧,65000280-009,дд┤Tи╜,99.85,3.66,363.08,42.47,23.01,19.46,84.58,"103Y12M"
65000,╖sе_ел,65000280,╕Uи╜░╧,65000280-010,е_░Єи╜,98.69,2.29,3946.19,33.63,12.37,21.25,171.75,"103Y12M"
65000,╖sе_ел,65000290,пQи╙░╧,65000290-001,пQи╙и╜,97.1,3.23,217.87,35.94,20.32,15.62,76.85,"103Y12M"
65000,╖sе_ел,65000290,пQи╙░╧,65000290-002,й╛кvи╜,98.59,3.58,94.29,30.59,19.37,11.22,57.93,"103Y12M"
65000,╖sе_ел,65000290,пQи╙░╧,65000290-003,║╓дsи╜,101.36,3.73,4.02,40.49,31.18,9.32,29.88,"103Y12M"
65000,╖sе_ел,65000290,пQи╙░╧,65000290-004,лH╜хи╜,94.38,3.19,17.03,40.41,22.57,17.83,79.,"103Y12M"
65000,╖sе_ел,65000290,пQи╙░╧,65000290-005,з╡╕qи╜,121.19,5.55,3.21,23.7,10.9,12.8,117.39,"103Y12M"
63000,╗Oе_ел,63000010,кQдs░╧,63000010-002,▓°╖qи╜,94.61,2.72,4310.45,40.9,17.43,23.47,134.66,"103Y12M"
63000,╗Oе_ел,63000010,кQдs░╧,63000010-003,кF║aи╜,87.98,2.84,33276.5,48.7,24.44,24.26,99.29,"103Y12M"
63000,╗Oе_ел,63000010,кQдs░╧,63000010-004,дTе┴и╜,84.73,2.47,54128.75,47.43,19.98,27.45,137.36,"103Y12M"
63000,╗Oе_ел,63000010,кQдs░╧,63000010-005,╖sпqи╜,91.27,2.64,42141.91,38.67,15.87,22.8,143.63,"103Y12M"
63000,╗Oе_ел,63000010,кQдs░╧,63000010-006,┤I└Aи╜,85.93,2.56,53951.71,42.11,19.69,22.42,113.89,"103Y12M"
63000,╗Oе_ел,63000010,кQдs░╧,63000010-007,╖sкFи╜,91.67,2.6,14818.36,40.14,19.48,20.66,106.09,"103Y12M"
63000,╗Oе_ел,63000010,кQдs░╧,63000010-008,┤Iоїи╜,78.46,2.41,85388.21,44.64,20.83,23.81,114.35,"103Y12M"
63000,╗Oе_ел,63000010,кQдs░╧,63000010-009,д╢╣╪и╜,90.53,2.78,34706.78,54.,30.32,23.67,78.06,"103Y12M"
63000,╗Oе_ел,63000010,кQдs░╧,63000010-010,║ый╛и╜,90.02,2.71,2099.1,51.35,26.67,24.68,92.55,"103Y12M"
63000,╗Oе_ел,63000010,кQдs░╧,63000010-011,кFе·и╜,90.73,2.51,39727.83,41.37,15.75,25.62,162.69,"103Y12M"
63000,╗Oе_ел,63000010,кQдs░╧,63000010-012,└sе╨и╜,89.51,2.65,49723.,53.43,31.04,22.39,72.11,"103Y12M"
63000,╗Oе_ел,63000010,кQдs░╧,63000010-013,кFйўи╜,89.82,2.82,54702.1,53.81,28.64,25.17,87.89,"103Y12M"
63000,╗Oе_ел,63000010,кQдs░╧,63000010-014,кF╢╒и╜,88.33,2.62,51848.69,49.75,24.91,24.84,99.75,"103Y12M"
63000,╗Oе_ел,63000010,кQдs░╧,63000010-015,дд╡╪и╜,87.85,2.74,35145.32,51.05,27.76,23.29,83.9,"103Y12M"
63000,╗Oе_ел,63000010,кQдs░╧,63000010-016,е┴ж│и╜,86.43,2.63,32951.63,41.52,16.52,24.99,151.24,"103Y12M"
63000,╗Oе_ел,63000010,кQдs░╧,63000010-017,е┴║╓и╜,90.07,2.52,31067.96,36.66,13.62,23.05,169.24,"103Y12M"
63000,╗Oе_ел,63000010,кQдs░╧,63000010-018,╖Oпзи╜,101.19,2.01,25726.91,32.28,12.68,19.6,154.49,"103Y12M"
63000,╗Oе_ел,63000010,кQдs░╧,63000010-019,жwени╜,92.38,2.5,41798.16,37.18,16.31,20.87,127.95,"103Y12M"
63000,╗Oе_ел,63000010,кQдs░╧,63000010-020,─P╡{и╜,93.66,2.71,44640.3,34.51,15.16,19.35,127.69,"103Y12M"
63000,╗Oе_ел,63000010,кQдs░╧,63000010-021,ж█▒jи╜,92.9,2.75,65528.98,47.42,20.82,26.61,127.79,"103Y12M"
63000,╗Oе_ел,63000010,кQдs░╧,63000010-022,жN▓╗и╜,87.92,2.59,40950.26,37.87,16.56,21.31,128.71,"103Y12M"
63000,╗Oе_ел,63000010,кQдs░╧,63000010-024,╖s╗Eи╜,87.87,2.53,54529.48,37.11,17.92,19.19,107.12,"103Y12M"
63000,╗Oе_ел,63000010,кQдs░╧,63000010-025,┤_▓▒и╜,91.,2.68,42065.42,42.44,19.48,22.95,117.8,"103Y12M"
63000,╗Oе_ел,63000010,кQдs░╧,63000010-026,дде┐и╜,87.44,2.79,30484.69,52.3,35.69,16.61,46.53,"103Y12M"
63000,╗Oе_ел,63000010,кQдs░╧,63000010-027,дд▒[и╜,87.01,2.69,48332.26,49.9,32.16,17.74,55.16,"103Y12M"
63000,╗Oе_ел,63000010,кQдs░╧,63000010-028,м№дпи╜,91.62,2.88,17570.35,51.72,31.29,20.43,65.28,"103Y12M"
63000,╗Oе_ел,63000010,кQдs░╧,63000010-029,жNдпи╜,91.61,2.79,70090.17,48.06,26.85,21.21,78.99,"103Y12M"
63000,╗Oе_ел,63000010,кQдs░╧,63000010-030,┤░д╞и╜,91.28,2.92,53676.28,47.24,27.4,19.84,72.41,"103Y12M"
63000,╗Oе_ел,63000010,кQдs░╧,63000010-031,┤_╖╜и╜,89.52,2.76,66096.22,48.13,28.95,19.18,66.24,"103Y12M"
63000,╗Oе_ел,63000010,кQдs░╧,63000010-032,┤_л╪и╜,91.25,2.69,54979.11,45.89,27.62,18.27,66.13,"103Y12M"
63000,╗Oе_ел,63000010,кQдs░╧,63000010-033,┤_╢╒и╜,85.87,2.61,51368.67,46.71,24.17,22.53,93.21,"103Y12M"
63000,╗Oе_ел,63000010,кQдs░╧,63000010-034,║╓жии╜,85.51,2.87,38135.05,47.16,24.57,22.59,91.97,"103Y12M"
63000,╗Oе_ел,63000010,кQдs░╧,63000010-035,кQ░Єи╜,86.31,2.59,21605.69,38.97,16.,22.97,143.51,"103Y12M"
63000,╗Oе_ел,63000020,лH╕q░╧,63000020-001,жшз°и╜,109.11,2.1,11943.91,42.82,15.83,26.99,170.54,"103Y12M"
63000,╗Oе_ел,63000020,лH╕q░╧,63000020-002,е┐йMи╜,82.8,2.59,66641.56,47.75,22.67,25.08,110.66,"103Y12M"
63000,╗Oе_ел,63000020,лH╕q░╧,63000020-003,┐│╢йи╜,86.83,2.42,11186.94,49.78,20.38,29.4,144.28,"103Y12M"
63000,╗Oе_ел,63000020,лH╕q░╧,63000020-004,дд┐│и╜,80.73,2.1,43353.87,43.5,20.28,23.23,114.57,"103Y12M"
63000,╗Oе_ел,63000020,лH╕q░╧,63000020-005,╖sдпи╜,89.04,2.59,6431.09,44.86,21.38,23.49,109.87,"103Y12M"
63000,╗Oе_ел,63000020,лH╕q░╧,63000020-006,┐│╢ои╜,90.56,2.46,24326.56,43.95,17.54,26.41,150.54,"103Y12M"
63000,╗Oе_ел,63000020,лH╕q░╧,63000020-007,┤░лpи╜,87.82,2.4,49346.34,37.62,17.02,20.61,121.1,"103Y12M"
63000,╗Oе_ел,63000020,лH╕q░╧,63000020-008,╝sй~и╜,88.46,2.69,50514.59,43.68,24.37,19.31,79.2,"103Y12M"
63000,╗Oе_ел,63000020,лH╕q░╧,63000020-009,жw▒dи╜,89.32,2.57,22103.68,46.91,28.26,18.65,65.98,"103Y12M"
63000,╗Oе_ел,63000020,лH╕q░╧,63000020-010,д╗├└и╜,96.29,2.91,62996.82,41.68,22.99,18.69,81.29,"103Y12M"
63000,╗Oе_ел,63000020,лH╕q░╧,63000020-011,╢о▓╗и╜,95.56,2.54,32326.02,36.86,18.34,18.52,101.,"103Y12M"
63000,╗Oе_ел,63000020,лH╕q░╧,63000020-012,дн▒`и╜,93.62,2.65,46150.43,36.21,16.4,19.81,120.84,"103Y12M"
63000,╗Oе_ел,63000020,лH╕q░╧,63000020-013,дне■и╜,89.51,2.62,65188.11,36.79,15.56,21.23,136.5,"103Y12M"
63000,╗Oе_ел,63000020,лH╕q░╧,63000020-014,е├жNи╜,104.09,3.02,37787.23,31.45,16.25,15.19,93.48,"103Y12M"
63000,╗Oе_ел,63000020,лH╕q░╧,63000020-015,к°мKи╜,96.83,2.59,49641.74,34.95,13.76,21.19,153.95,"103Y12M"
63000,╗Oе_ел,63000020,лH╕q░╧,63000020-016,е|и|и╜,94.68,2.73,38120.42,34.91,14.21,20.7,145.73,"103Y12M"
63000,╗Oе_ел,63000020,лH╕q░╧,63000020-017,е|║√и╜,92.68,2.56,98028.88,32.23,12.94,19.29,149.08,"103Y12M"
63000,╗Oе_ел,63000020,лH╕q░╧,63000020-018,е├мKи╜,93.92,2.6,37362.78,37.03,15.74,21.28,135.19,"103Y12M"
63000,╗Oе_ел,63000020,лH╕q░╧,63000020-019,┤Iеxи╜,86.19,2.33,44883.7,37.99,20.3,17.69,87.17,"103Y12M"
63000,╗Oе_ел,63000020,лH╕q░╧,63000020-020,░ъ╖~и╜,92.61,2.73,90873.88,47.41,27.04,20.38,75.37,"103Y12M"
63000,╗Oе_ел,63000020,лH╕q░╧,63000020-021,кQ╢йи╜,97.92,2.68,3164.92,34.33,13.21,21.12,159.83,"103Y12M"
63000,╗Oе_ел,63000020,лH╕q░╧,63000020-022,кQд═и╜,90.04,2.85,34699.11,42.83,23.78,19.04,80.08,"103Y12M"
63000,╗Oе_ел,63000020,лH╕q░╧,63000020-023,кQе·и╜,93.03,2.46,46162.17,40.8,14.24,26.56,186.49,"103Y12M"
63000,╗Oе_ел,63000020,лH╕q░╧,63000020-024,ддйYи╜,92.62,2.81,33652.48,37.02,16.23,20.79,128.06,"103Y12M"
63000,╗Oе_ел,63000020,лH╕q░╧,63000020-025,дджци╜,94.91,2.86,10045.31,33.94,16.9,17.04,100.84,"103Y12M"
63000,╗Oе_ел,63000020,лH╕q░╧,63000020-026,дj╣Dи╜,96.25,2.66,54676.34,35.89,14.6,21.29,145.88,"103Y12M"
63000,╗Oе_ел,63000020,лH╕q░╧,63000020-027,дjдпи╜,92.86,2.52,31936.82,41.13,14.63,26.49,181.01,"103Y12M"
63000,╗Oе_ел,63000020,лH╕q░╧,63000020-028,┤║╖sи╜,86.58,2.5,25454.63,42.91,20.13,22.78,113.15,"103Y12M"
63000,╗Oе_ел,63000020,лH╕q░╧,63000020-029,┤fжwи╜,92.58,2.62,18573.54,33.55,15.48,18.07,116.75,"103Y12M"
63000,╗Oе_ел,63000020,лH╕q░╧,63000020-030,дT▒iи╜,93.98,2.59,31841.33,40.19,16.35,23.84,145.85,"103Y12M"
63000,╗Oе_ел,63000020,лH╕q░╧,63000020-031,дT▓pи╜,89.61,2.54,9697.9,38.87,16.22,22.65,139.69,"103Y12M"
63000,╗Oе_ел,63000020,лH╕q░╧,63000020-032,д╗жXи╜,92.01,2.53,5644.44,35.39,14.41,20.98,145.62,"103Y12M"
63000,╗Oе_ел,63000020,лH╕q░╧,63000020-033,оїйMи╜,91.38,2.7,12026.9,34.92,17.68,17.25,97.56,"103Y12M"
63000,╗Oе_ел,63000020,лH╕q░╧,63000020-034,┤║┴pи╜,92.16,2.5,43105.83,37.17,14.59,22.57,154.67,"103Y12M"
63000,╗Oе_ел,63000020,лH╕q░╧,63000020-035,┤║╢╘и╜,97.03,2.53,24703.62,41.32,17.08,24.24,141.97,"103Y12M"
63000,╗Oе_ел,63000020,лH╕q░╧,63000020-036,┬∙йMи╜,92.54,2.58,29128.77,38.3,18.56,19.74,106.33,"103Y12M"
63000,╗Oе_ел,63000020,лH╕q░╧,63000020-037,╣┼┐│и╜,87.84,2.52,58016.4,36.91,14.29,22.62,158.29,"103Y12M"
63000,╗Oе_ел,63000020,лH╕q░╧,63000020-038,╛д╢╢и╜,92.67,2.48,23020.18,34.85,13.23,21.62,163.4,"103Y12M"
63000,╗Oе_ел,63000020,лH╕q░╧,63000020-039,╛дени╜,90.29,2.5,56569.86,36.13,16.26,19.87,122.21,"103Y12M"
63000,╗Oе_ел,63000020,лH╕q░╧,63000020-040,╛дй╛и╜,90.64,2.56,35198.86,36.3,16.09,20.2,125.54,"103Y12M"
63000,╗Oе_ел,63000020,лH╕q░╧,63000020-041,╛джwи╜,106.14,2.28,3133.56,50.67,12.99,37.68,290.21,"103Y12M"
63000,╗Oе_ел,63000030,дjжw░╧,63000030-001,╝wжwи╜,85.14,2.57,41456.5,51.67,23.73,27.94,117.78,"103Y12M"
63000,╗Oе_ел,63000030,дjжw░╧,63000030-002,дп╖Oи╜,91.25,2.85,48358.51,52.73,31.65,21.08,66.61,"103Y12M"
63000,╗Oе_ел,63000030,дjжw░╧,63000030-003,йMжwи╜,95.54,2.98,25183.21,50.46,29.01,21.45,73.95,"103Y12M"
63000,╗Oе_ел,63000030,дjжw░╧,63000030-004,е┴м╖и╜,86.54,2.64,32368.81,52.17,23.18,28.99,125.04,"103Y12M"
63000,╗Oе_ел,63000030,дjжw░╧,63000030-005,дп╖Rи╜,81.86,2.53,26540.92,53.51,21.26,32.25,151.68,"103Y12M"
63000,╗Oе_ел,63000030,дjжw░╧,63000030-006,╕qз°и╜,91.24,2.42,25138.73,42.57,13.77,28.8,209.05,"103Y12M"
63000,╗Oе_ел,63000030,дjжw░╧,63000030-007,е┴╜ўи╜,90.92,2.49,21232.78,45.26,16.92,28.34,167.47,"103Y12M"
63000,╗Oе_ел,63000030,дjжw░╧,63000030-008,йў╢йи╜,89.18,2.71,23686.75,48.87,12.94,35.94,277.82,"103Y12M"
63000,╗Oе_ел,63000030,дjжw░╧,63000030-009,╕█жwи╜,85.87,2.37,41860.82,43.34,15.56,27.77,178.48,"103Y12M"
63000,╗Oе_ел,63000030,дjжw░╧,63000030-010,е·кZи╜,82.52,2.45,42165.4,46.7,20.04,26.66,133.03,"103Y12M"
63000,╗Oе_ел,63000030,дjжw░╧,63000030-011,└sйYи╜,87.5,2.71,42342.04,54.05,27.3,26.75,98.01,"103Y12M"
63000,╗Oе_ел,63000030,дjжw░╧,63000030-012,└sмuи╜,85.97,2.56,52174.35,47.54,26.36,21.18,80.35,"103Y12M"
63000,╗Oе_ел,63000030,дjжw░╧,63000030-013,еjн╖и╜,88.94,2.51,41570.33,43.05,19.21,23.84,124.07,"103Y12M"
63000,╗Oе_ел,63000030,дjжw░╧,63000030-014,еj▓°и╜,85.51,2.45,33016.19,44.62,21.36,23.26,108.91,"103Y12M"
63000,╗Oе_ел,63000030,дjжw░╧,63000030-015,└sжwи╜,99.67,2.3,47933.56,52.27,26.4,25.87,98.01,"103Y12M"
63000,╗Oе_ел,63000030,дjжw░╧,63000030-016,└Aжwи╜,87.68,2.81,41046.6,53.92,32.56,21.36,65.58,"103Y12M"
63000,╗Oе_ел,63000030,дjжw░╧,63000030-017,║╓жэи╜,85.41,2.91,48452.25,54.31,33.79,20.52,60.73,"103Y12M"
63000,╗Oе_ел,63000030,дjжw░╧,63000030-018,е├▒dи╜,88.54,2.74,33351.19,51.31,29.36,21.95,74.78,"103Y12M"
63000,╗Oе_ел,63000030,дjжw░╧,63000030-019,е·й·и╜,94.25,2.72,30219.11,50.82,32.3,18.52,57.33,"103Y12M"
63000,╗Oе_ел,63000030,дjжw░╧,63000030-020,└Aоїи╜,91.,2.81,27594.28,54.51,30.84,23.67,76.77,"103Y12M"
63000,╗Oе_ел,63000030,дjжw░╧,63000030-021,└A╡╪и╜,89.24,2.84,56457.67,50.1,31.14,18.96,60.89,"103Y12M"
63000,╗Oе_ел,63000030,дjжw░╧,63000030-022,└s╣╧и╜,88.05,2.53,32205.51,43.96,19.36,24.6,127.06,"103Y12M"
63000,╗Oе_ел,63000030,дjжw░╧,63000030-023,╖s└sи╜,89.38,2.77,79132.34,45.76,25.46,20.31,79.77,"103Y12M"
63000,╗Oе_ел,63000030,дjжw░╧,63000030-026,└s░}и╜,92.31,2.51,41901.66,43.86,16.56,27.29,164.79,"103Y12M"
63000,╗Oе_ел,63000030,дjжw░╧,63000030-027,└s╢│и╜,86.01,2.67,32152.37,45.67,19.27,26.4,136.97,"103Y12M"
63000,╗Oе_ел,63000030,дjжw░╧,63000030-028,└sе═и╜,87.68,2.8,58197.05,50.75,30.09,20.67,68.68,"103Y12M"
63000,╗Oе_ел,63000030,дjжw░╧,63000030-029,жэжwи╜,87.88,2.41,40784.59,44.99,19.31,25.68,132.97,"103Y12M"
63000,╗Oе_ел,63000030,дjжw░╧,63000030-030,╕qжwи╜,82.31,2.59,32882.66,45.02,18.34,26.69,145.54,"103Y12M"
63000,╗Oе_ел,63000030,дjжw░╧,63000030-031,│qд╞и╜,90.89,2.49,54528.46,37.75,17.1,20.65,120.77,"103Y12M"
63000,╗Oе_ел,63000030,дjжw░╧,63000030-032,│qжwи╜,89.32,2.49,49871.12,39.9,17.54,22.36,127.43,"103Y12M"
63000,╗Oе_ел,63000030,дjжw░╧,63000030-033,┴{ж┐и╜,90.19,2.46,58972.78,38.96,17.2,21.76,126.54,"103Y12M"
63000,╗Oе_ел,63000030,дjжw░╧,63000030-034,кkкvи╜,87.98,2.47,41328.09,39.16,15.78,23.38,148.18,"103Y12M"
63000,╗Oе_ел,63000030,дjжw░╧,63000030-035,е■жwи╜,86.97,2.53,34832.36,45.02,17.79,27.24,153.11,"103Y12M"
63000,╗Oе_ел,63000030,дjжw░╧,63000030-036,╕s╜хи╜,83.22,2.49,43347.36,42.49,16.64,25.85,155.33,"103Y12M"
63000,╗Oе_ел,63000030,дjжw░╧,63000030-037,╕sн^и╜,86.8,2.47,108444.64,37.09,16.5,20.59,124.83,"103Y12M"
63000,╗Oе_ел,63000030,дjжw░╧,63000030-038,къ╝Sи╜,80.2,2.28,26299.09,40.75,15.61,25.14,160.99,"103Y12M"
63000,╗Oе_ел,63000030,дjжw░╧,63000030-039,к╫└sи╜,86.05,2.48,10267.04,48.51,20.55,27.95,136.,"103Y12M"
63000,╗Oе_ел,63000030,дjжw░╧,63000030-040,└s▓Wи╜,90.81,2.97,59809.08,55.23,34.33,20.9,60.86,"103Y12M"
63000,╗Oе_ел,63000030,дjжw░╧,63000030-041,└sк∙и╜,87.49,2.88,9146.09,56.65,30.92,25.73,83.21,"103Y12M"
63000,╗Oе_ел,63000030,дjжw░╧,63000030-043,дj╛╟и╜,87.83,2.52,46192.97,49.78,22.93,26.85,117.07,"103Y12M"
63000,╗Oе_ел,63000030,дjжw░╧,63000030-044,к┌йMи╜,92.32,2.59,21959.42,40.01,16.15,23.86,147.7,"103Y12M"
63000,╗Oе_ел,63000030,дjжw░╧,63000030-046,╛дд╕и╜,93.59,2.8,22679.18,34.22,16.01,18.21,113.74,"103Y12M"
63000,╗Oе_ел,63000030,дjжw░╧,63000030-047,╛дз╡и╜,92.,2.62,25200.48,34.69,14.02,20.67,147.45,"103Y12M"
63000,╗Oе_ел,63000030,дjжw░╧,63000030-048,╛дйMи╜,91.48,2.41,9902.61,33.73,14.44,19.3,133.64,"103Y12M"
63000,╗Oе_ел,63000030,дjжw░╧,63000030-049,л╪жwи╜,78.27,2.45,36582.21,47.85,20.4,27.46,134.63,"103Y12M"
63000,╗Oе_ел,63000030,дjжw░╧,63000030-050,л╪н█и╜,83.12,2.7,38813.78,52.23,22.73,29.5,129.79,"103Y12M"
63000,╗Oе_ел,63000030,дjжw░╧,63000030-051,┤░жwи╜,84.61,2.72,38198.68,52.29,26.29,26.,98.88,"103Y12M"
63000,╗Oе_ел,63000030,дjжw░╧,63000030-052,е┐┴nи╜,86.22,2.65,48076.39,48.13,22.64,25.49,112.58,"103Y12M"
63000,╗Oе_ел,63000030,дjжw░╧,63000030-053,┤░╖╫и╜,84.19,2.78,48924.74,55.14,27.54,27.61,100.26,"103Y12M"
63000,╗Oе_ел,63000030,дjжw░╧,63000030-054,╡╪┴nи╜,87.47,2.61,33548.67,47.12,21.72,25.4,116.94,"103Y12M"
63000,╗Oе_ел,63000030,дjжw░╧,63000030-055,ио╝hи╜,85.52,2.7,55166.3,52.84,23.19,29.65,127.87,"103Y12M"
63000,╗Oе_ел,63000030,дjжw░╧,63000030-056,е·лHи╜,86.43,2.72,60985.99,46.43,23.3,23.13,99.24,"103Y12M"
63000,╗Oе_ел,63000030,дjжw░╧,63000030-057,╛╟й▓и╜,107.06,2.53,1292.98,56.58,17.35,39.24,226.22,"103Y12M"
63000,╗Oе_ел,63000040,дддs░╧,63000040-001,е┐жuи╜,92.08,2.35,28904.77,37.1,14.71,22.39,152.26,"103Y12M"
63000,╗Oе_ел,63000040,дддs░╧,63000040-002,е┐╕qи╜,77.28,2.03,40570.47,32.22,14.14,18.08,127.87,"103Y12M"
63000,╗Oе_ел,63000040,дддs░╧,63000040-003,е┐▒oи╜,77.06,1.93,25434.65,34.74,13.26,21.48,161.93,"103Y12M"
63000,╗Oе_ел,63000040,дддs░╧,63000040-004,е┴жwи╜,88.22,2.25,22297.97,42.01,15.37,26.64,173.28,"103Y12M"
63000,╗Oе_ел,63000040,дддs░╧,63000040-005,▒d╝╓и╜,73.27,1.81,17371.94,31.44,13.12,18.32,139.55,"103Y12M"
63000,╗Oе_ел,63000040,дддs░╧,63000040-006,дддsи╜,75.33,1.84,38925.78,29.8,12.45,17.36,139.45,"103Y12M"
63000,╗Oе_ел,63000040,дддs░╧,63000040-007,╗E▓▒и╜,77.91,1.79,34179.48,30.98,12.59,18.4,146.19,"103Y12M"
63000,╗Oе_ел,63000040,дддs░╧,63000040-008,╢░н^и╜,83.73,2.31,22512.56,40.11,20.83,19.29,92.6,"103Y12M"
63000,╗Oе_ел,63000040,дддs░╧,63000040-009,╗E╕ни╜,83.58,2.09,32407.26,36.25,14.55,21.7,149.18,"103Y12M"
63000,╗Oе_ел,63000040,дддs░╧,63000040-010,лэжwи╜,75.53,1.95,36541.49,33.17,15.67,17.49,111.6,"103Y12M"
63000,╗Oе_ел,63000040,дддs░╧,63000040-011,┤╕е·и╜,78.98,1.93,50372.79,33.1,14.02,19.09,136.19,"103Y12M"
63000,╗Oе_ел,63000040,дддs░╧,63000040-012,╢ъдsи╜,85.54,2.31,7349.98,35.95,17.56,18.39,104.7,"103Y12M"
63000,╗Oе_ел,63000040,дддs░╧,63000040-013,╝C╝ци╜,97.62,2.72,1580.94,43.98,17.61,26.37,149.69,"103Y12M"
63000,╗Oе_ел,63000040,дддs░╧,63000040-014,дjк╜и╜,91.68,2.77,15535.12,45.87,25.61,20.26,79.13,"103Y12M"
63000,╗Oе_ел,63000040,дддs░╧,63000040-015,жие\и╜,84.66,2.42,10948.35,43.16,28.99,14.17,48.89,"103Y12M"
63000,╗Oе_ел,63000040,дддs░╧,63000040-016,е├жwи╜,87.24,2.62,38430.75,40.93,24.51,16.43,67.03,"103Y12M"
63000,╗Oе_ел,63000040,дддs░╧,63000040-017,дjи╬и╜,126.1,2.66,844.97,39.78,18.6,21.18,113.91,"103Y12M"
63000,╗Oе_ел,63000040,дддs░╧,63000040-018,╖s│▀и╜,90.55,2.6,50643.05,33.43,17.03,16.4,96.34,"103Y12M"
63000,╗Oе_ел,63000040,дддs░╧,63000040-019,╖s╔▄и╜,87.29,2.38,8341.2,34.51,15.94,18.57,116.45,"103Y12M"
63000,╗Oе_ел,63000040,дддs░╧,63000040-020,╖s║╓и╜,85.83,2.43,37649.11,35.64,15.71,19.93,126.9,"103Y12M"
63000,╗Oе_ел,63000040,дддs░╧,63000040-021,кQж┐и╜,86.22,2.62,35735.01,42.19,20.07,22.13,110.29,"103Y12M"
63000,╗Oе_ел,63000040,дддs░╧,63000040-022,╖sе═и╜,86.82,2.41,38118.18,37.3,15.73,21.57,137.1,"103Y12M"
63000,╗Oе_ел,63000040,дддs░╧,63000040-023,дд╔▄и╜,91.43,2.32,35937.2,38.11,14.65,23.46,160.14,"103Y12M"
63000,╗Oе_ел,63000040,дддs░╧,63000040-024,жцмFи╜,106.46,2.,43480.22,31.37,10.66,20.72,194.42,"103Y12M"
63000,╗Oе_ел,63000040,дддs░╧,63000040-025,жцдпи╜,93.08,2.79,43230.35,34.37,16.42,17.94,109.26,"103Y12M"
63000,╗Oе_ел,63000040,дддs░╧,63000040-026,жцз╡и╜,94.89,2.69,33906.79,30.86,15.87,14.99,94.5,"103Y12M"
63000,╗Oе_ел,63000040,дддs░╧,63000040-027,дU░ёи╜,87.32,2.65,39046.99,33.45,15.34,18.1,117.97,"103Y12M"
63000,╗Oе_ел,63000040,дддs░╧,63000040-028,ж┐╣чи╜,88.21,2.55,41545.1,37.72,16.63,21.08,126.74,"103Y12M"
63000,╗Oе_ел,63000040,дддs░╧,63000040-029,ж┐дsи╜,91.91,2.53,40080.24,41.02,17.73,23.28,131.27,"103Y12M"
63000,╗Oе_ел,63000040,дддs░╧,63000040-030,дджNи╜,93.46,2.52,30371.69,43.8,21.21,22.59,106.51,"103Y12M"
63000,╗Oе_ел,63000040,дддs░╧,63000040-031,ддньи╜,88.53,2.37,29956.95,38.82,16.59,22.23,133.93,"103Y12M"
63000,╗Oе_ел,63000040,дддs░╧,63000040-032,┐│и╚и╜,85.64,2.26,21403.85,37.19,14.57,22.62,155.23,"103Y12M"
63000,╗Oе_ел,63000040,дддs░╧,63000040-033,ддеби╜,87.03,2.5,15496.48,45.6,22.87,22.72,99.34,"103Y12M"
63000,╗Oе_ел,63000040,дддs░╧,63000040-034,ж╢├Lи╜,91.24,2.47,33587.18,40.95,20.2,20.75,102.69,"103Y12M"
63000,╗Oе_ел,63000040,дддs░╧,63000040-035,└sмwи╜,85.94,2.46,75596.49,35.52,13.44,22.07,164.22,"103Y12M"
63000,╗Oе_ел,63000040,дддs░╧,63000040-036,ж╢╢щи╜,87.19,2.17,16911.33,34.84,14.4,20.44,141.92,"103Y12M"
63000,╗Oе_ел,63000040,дддs░╧,63000040-037,░ё└Yи╜,92.55,2.25,19079.79,39.68,14.75,24.93,168.98,"103Y12M"
63000,╗Oе_ел,63000040,дддs░╧,63000040-038,ж╢▒[и╜,83.68,2.26,23105.6,39.65,17.54,22.11,126.06,"103Y12M"
63000,╗Oе_ел,63000040,дддs░╧,63000040-039,дOжци╜,87.47,2.33,20911.85,39.94,15.06,24.87,165.14,"103Y12M"
63000,╗Oе_ел,63000040,дддs░╧,63000040-040,┤_╡╪и╜,84.52,2.29,21870.41,40.58,18.9,21.68,114.68,"103Y12M"
63000,╗Oе_ел,63000040,дддs░╧,63000040-041,кўоїи╜,93.57,2.35,7316.04,40.28,27.39,12.89,47.08,"103Y12M"
63000,╗Oе_ел,63000040,дддs░╧,63000040-042,е_жwи╜,93.76,2.76,6810.42,38.49,19.56,18.94,96.81,"103Y12M"
63000,╗Oе_ел,63000050,дде┐░╧,63000050-001,дЇ╖╜и╜,84.7,2.23,7812.02,44.08,16.94,27.14,160.22,"103Y12M"
63000,╗Oе_ел,63000050,дде┐░╧,63000050-002,┤IдЇи╜,102.01,2.59,9139.23,41.33,21.5,19.83,92.25,"103Y12M"
63000,╗Oе_ел,63000050,дде┐░╧,63000050-003,дх▓▒и╜,92.86,2.32,26350.28,44.72,16.71,28.01,167.61,"103Y12M"
63000,╗Oе_ел,63000050,дде┐░╧,63000050-004,кL┐│и╜,89.29,2.38,12288.51,43.29,20.84,22.45,107.76,"103Y12M"
63000,╗Oе_ел,63000050,дде┐░╧,63000050-005,кe│Ўи╜,90.15,2.39,30891.08,38.54,13.09,25.45,194.41,"103Y12M"
63000,╗Oе_ел,63000050,дде┐░╧,63000050-006,│╗кFи╜,85.32,2.26,52940.83,40.34,15.67,24.68,157.51,"103Y12M"
63000,╗Oе_ел,63000050,дде┐░╧,63000050-007,║Ї╖╦и╜,88.82,2.42,36997.02,38.89,15.97,22.92,143.54,"103Y12M"
63000,╗Oе_ел,63000050,дде┐░╧,63000050-008,кO╖╦и╜,90.4,2.32,38932.37,41.21,15.89,25.31,159.29,"103Y12M"
63000,╗Oе_ел,63000050,дде┐░╧,63000050-009,┐├оEи╜,92.94,2.39,50228.31,40.69,15.28,25.41,166.29,"103Y12M"
63000,╗Oе_ел,63000050,дде┐░╧,63000050-010,┐├│╖и╜,93.87,2.54,20502.35,35.81,13.38,22.43,167.7,"103Y12M"
63000,╗Oе_ел,63000050,дде┐░╧,63000050-011,е├е\и╜,96.29,2.61,48019.62,43.56,22.86,20.7,90.55,"103Y12M"
63000,╗Oе_ел,63000050,дде┐░╧,63000050-012,е├йўи╜,96.48,2.55,54504.24,36.58,12.19,24.39,200.,"103Y12M"
63000,╗Oе_ел,63000050,дде┐░╧,63000050-013,└s┐│и╜,91.93,2.86,56440.,56.35,39.63,16.72,42.19,"103Y12M"
63000,╗Oе_ел,63000050,дде┐░╧,63000050-014,й╛╢╘и╜,93.06,2.29,69240.07,37.08,14.11,22.97,162.73,"103Y12M"
63000,╗Oе_ел,63000050,дде┐░╧,63000050-015,╖Hжwи╜,91.96,2.74,52033.21,52.23,37.47,14.76,39.39,"103Y12M"
63000,╗Oе_ел,63000050,дде┐░╧,63000050-016,╖R░ъи╜,83.13,2.67,45536.93,51.57,31.57,20.,63.35,"103Y12M"
63000,╗Oе_ел,63000050,дде┐░╧,63000050-017,лnк∙и╜,87.29,2.77,9530.69,55.77,30.99,24.78,79.97,"103Y12M"
63000,╗Oе_ел,63000050,дде┐░╧,63000050-018,└sе·и╜,95.24,2.82,24775.34,60.78,39.66,21.12,53.26,"103Y12M"
63000,╗Oе_ел,63000050,дде┐░╧,63000050-019,лn║╓и╜,94.95,2.57,46372.87,47.2,30.25,16.95,56.02,"103Y12M"
63000,╗Oе_ел,63000050,дде┐░╧,63000050-020,└s║╓и╜,103.43,2.34,36973.55,55.29,31.98,23.3,72.87,"103Y12M"
63000,╗Oе_ел,63000050,дде┐░╧,63000050-021,╖s└чи╜,92.29,2.88,67011.91,53.71,37.82,15.88,41.99,"103Y12M"
63000,╗Oе_ел,63000050,дде┐░╧,63000050-022,л╪░ъи╜,85.04,2.64,2933.24,58.61,41.76,16.85,40.35,"103Y12M"
63000,╗Oе_ел,63000050,дде┐░╧,63000050-023,е·┤_и╜,90.29,2.3,14221.85,45.8,26.03,19.77,75.93,"103Y12M"
63000,╗Oе_ел,63000050,дде┐░╧,63000050-024,╛дй·и╜,93.59,2.2,5885.01,48.81,29.42,19.39,65.92,"103Y12M"
63000,╗Oе_ел,63000050,дде┐░╧,63000050-025,▒Ўкси╜,91.74,2.32,7613.91,45.,17.1,27.91,163.22,"103Y12M"
63000,╗Oе_ел,63000050,дде┐░╧,63000050-026,йп║╓и╜,92.2,2.47,17132.33,45.54,24.13,21.41,88.73,"103Y12M"
63000,╗Oе_ел,63000050,дде┐░╧,63000050-027,йпели╜,88.62,2.44,28768.11,45.76,17.25,28.5,165.23,"103Y12M"
63000,╗Oе_ел,63000050,дде┐░╧,63000050-028,кFк∙и╜,93.93,2.53,5985.14,45.75,25.23,20.51,81.28,"103Y12M"
63000,╗Oе_ел,63000050,дде┐░╧,63000050-029,дхе_и╜,89.86,2.57,33573.7,48.48,21.23,27.25,128.4,"103Y12M"
63000,╗Oе_ел,63000050,дде┐░╧,63000050-030,дх▓╗и╜,88.94,2.76,71150.7,50.21,31.23,18.98,60.78,"103Y12M"
63000,╗Oе_ел,63000050,дде┐░╧,63000050-031,дT╖Rи╜,85.26,2.6,41167.23,49.05,22.91,26.14,114.1,"103Y12M"
63000,╗Oе_ел,63000060,дjжP░╧,63000060-001,е╔мuи╜,98.3,2.51,9955.8,42.47,20.78,21.69,104.41,"103Y12M"
63000,╗Oе_ел,63000060,дjжP░╧,63000060-002,л╪й·и╜,95.24,2.42,24142.82,38.88,17.13,21.75,126.97,"103Y12M"
63000,╗Oе_ел,63000060,дjжP░╧,63000060-003,л╪е\и╜,93.55,2.45,39464.98,40.33,18.87,21.46,113.69,"103Y12M"
63000,╗Oе_ел,63000060,дjжP░╧,63000060-004,л╪оїи╜,93.58,2.5,31423.95,43.38,23.13,20.26,87.58,"103Y12M"
63000,╗Oе_ел,63000060,дjжP░╧,63000060-005,е├╝╓и╜,98.78,2.54,26462.08,41.06,18.92,22.13,116.95,"103Y12M"
63000,╗Oе_ел,63000060,дjжP░╧,63000060-006,┤┬╢зи╜,91.47,2.33,45067.36,37.24,16.88,20.36,120.67,"103Y12M"
63000,╗Oе_ел,63000060,дjжP░╧,63000060-007,мPй·и╜,89.28,2.46,40646.95,40.03,23.74,16.29,68.63,"103Y12M"
63000,╗Oе_ел,63000060,дjжP░╧,63000060-008,е·при╜,93.84,2.72,44566.62,44.16,24.2,19.96,82.46,"103Y12M"
63000,╗Oе_ел,63000060,дjжP░╧,63000060-009,дjж│и╜,94.8,2.71,24825.28,39.63,18.82,20.82,110.62,"103Y12M"
63000,╗Oе_ел,63000060,дjжP░╧,63000060-010,й╡ени╜,91.86,2.37,47196.28,37.1,16.84,20.26,120.3,"103Y12M"
63000,╗Oе_ел,63000060,дjжP░╧,63000060-011,┬∙│sи╜,94.93,2.74,49470.05,42.97,25.01,17.96,71.82,"103Y12M"
63000,╗Oе_ел,63000060,дjжP░╧,63000060-012,лnк┌и╜,88.42,2.59,19621.65,43.36,21.56,21.8,101.09,"103Y12M"
63000,╗Oе_ел,63000060,дjжP░╧,63000060-013,е┴┼vи╜,91.8,2.68,32875.75,40.65,24.73,15.92,64.38,"103Y12M"
63000,╗Oе_ел,63000060,дjжP░╧,63000060-014,┤║мPи╜,101.73,2.54,26848.42,40.78,16.8,23.99,142.82,"103Y12M"
63000,╗Oе_ел,63000060,дjжP░╧,63000060-015,╢ййMи╜,96.17,2.72,26867.34,44.17,19.77,24.39,123.39,"103Y12M"
63000,╗Oе_ел,63000060,дjжP░╧,63000060-016,╜┤╡▄и╜,94.11,2.55,30847.97,37.19,17.01,20.18,118.64,"103Y12M"
63000,╗Oе_ел,63000060,дjжP░╧,63000060-017,░ъ╢╢и╜,107.45,2.73,24431.69,37.69,16.55,21.14,127.73,"103Y12M"
63000,╗Oе_ел,63000060,дjжP░╧,63000060-018,░ъ╝yи╜,91.99,2.55,39520.14,35.03,17.34,17.69,102.06,"103Y12M"
63000,╗Oе_ел,63000060,дjжP░╧,63000060-019,┤н╢ои╜,119.23,2.01,65540.06,35.37,11.93,23.43,196.36,"103Y12M"
63000,╗Oе_ел,63000060,дjжP░╧,63000060-020,┤╡дхи╜,98.79,2.47,50381.21,34.98,15.07,19.92,132.21,"103Y12M"
63000,╗Oе_ел,63000060,дjжP░╧,63000060-021,╛Fж┐и╜,100.99,2.63,29025.4,36.36,14.67,21.7,147.91,"103Y12M"
63000,╗Oе_ел,63000060,дjжP░╧,63000060-022,ж▄╕tи╜,91.9,2.53,34161.41,37.38,16.07,21.31,132.58,"103Y12M"
63000,╗Oе_ел,63000060,дjжP░╧,63000060-024,ж╤оvи╜,100.38,2.71,11197.92,38.11,17.64,20.47,116.02,"103Y12M"
63000,╗Oе_ел,63000060,дjжP░╧,63000060-025,нл╝yи╜,91.74,2.76,17911.16,38.15,20.53,17.63,85.87,"103Y12M"
63000,╗Oе_ел,63000060,дjжP░╧,63000060-026,лOжwи╜,96.2,2.63,23794.78,41.57,17.09,24.49,143.32,"103Y12M"
63000,╗Oе_ел,63000070,╕U╡╪░╧,63000070-001,║╓мPи╜,95.72,2.14,23636.98,41.8,18.19,23.61,129.77,"103Y12M"
63000,╗Oе_ел,63000070,╕U╡╪░╧,63000070-002,╕U╣╪и╜,93.98,1.92,22060.38,39.45,15.47,23.98,154.95,"103Y12M"
63000,╗Oе_ел,63000070,╕U╡╪░╧,63000070-003,жшк∙и╜,87.37,1.99,28491.31,40.28,16.6,23.68,142.62,"103Y12M"
63000,╗Oе_ел,63000070,╕U╡╪░╧,63000070-004,╖s░_и╜,87.3,2.25,52053.02,37.85,14.85,23.,154.9,"103Y12M"
63000,╗Oе_ел,63000070,╕U╡╪░╧,63000070-005,╡ц╢щи╜,100.92,2.36,20416.02,38.25,16.23,22.02,135.63,"103Y12M"
63000,╗Oе_ел,63000070,╕U╡╪░╧,63000070-006,лCдsи╜,98.54,2.29,18278.,35.9,13.76,22.13,160.83,"103Y12M"
63000,╗Oе_ел,63000070,╕U╡╪░╧,63000070-007,┤Iе┴и╜,98.49,2.37,47602.25,41.65,16.06,25.59,159.31,"103Y12M"
63000,╗Oе_ел,63000070,╕U╡╪░╧,63000070-008,║╓н╡и╜,93.93,2.57,33121.93,38.05,16.53,21.52,130.18,"103Y12M"
63000,╗Oе_ел,63000070,╕U╡╪░╧,63000070-009,дп╝wи╜,93.88,2.31,43077.53,34.88,12.36,22.53,182.31,"103Y12M"
63000,╗Oе_ел,63000070,╕U╡╪░╧,63000070-010,┤I║╓и╜,126.11,2.04,32929.34,34.87,12.51,22.37,178.85,"103Y12M"
63000,╗Oе_ел,63000070,╕U╡╪░╧,63000070-011,│╗║╙и╜,99.43,2.56,47677.53,36.21,16.1,20.12,124.97,"103Y12M"
63000,╗Oе_ел,63000070,╕U╡╪░╧,63000070-012,┬∙╢щи╜,99.84,2.63,32824.15,42.28,22.63,19.65,86.84,"103Y12M"
63000,╗Oе_ел,63000070,╕U╡╪░╧,63000070-013,╖sй╛и╜,93.94,2.37,81946.42,49.23,14.75,34.48,233.79,"103Y12M"
63000,╗Oе_ел,63000070,╕U╡╪░╧,63000070-014,╖sйMи╜,92.89,2.56,80360.3,36.65,13.87,22.78,164.26,"103Y12M"
63000,╗Oе_ел,63000070,╕U╡╪░╧,63000070-015,┐}б╜и╜,97.78,2.58,37904.66,37.53,15.12,22.4,148.11,"103Y12M"
63000,╗Oе_ел,63000070,╕U╡╪░╧,63000070-016,йMени╜,98.57,2.59,51138.18,36.08,14.44,21.64,149.87,"103Y12M"
63000,╗Oе_ел,63000070,╕U╡╪░╧,63000070-017,║ё│Ўи╜,99.01,2.62,26400.21,39.19,15.86,23.33,147.15,"103Y12M"
63000,╗Oе_ел,63000070,╕U╡╪░╧,63000070-018,╡╪ж┐и╜,96.34,2.73,15773.93,34.67,15.75,18.91,120.08,"103Y12M"
63000,╗Oе_ел,63000070,╕U╡╪░╧,63000070-019,мh╢mи╜,103.47,2.65,8171.53,38.79,16.17,22.62,139.82,"103Y12M"
63000,╗Oе_ел,63000070,╕U╡╪░╧,63000070-020,дщ╡╜и╜,97.26,2.76,22427.59,36.56,18.71,17.85,95.4,"103Y12M"
63000,╗Oе_ел,63000070,╕U╡╪░╧,63000070-021,╖sжwи╜,97.82,2.45,65878.7,38.43,15.27,23.16,151.73,"103Y12M"
63000,╗Oе_ел,63000070,╕U╡╪░╧,63000070-022,й╛╝wи╜,100.99,2.72,55381.17,41.87,19.56,22.31,114.06,"103Y12M"
63000,╗Oе_ел,63000070,╕U╡╪░╧,63000070-023,з╡╝wи╜,98.26,2.72,37929.78,37.28,16.99,20.29,119.41,"103Y12M"
63000,╗Oе_ел,63000070,╕U╡╪░╧,63000070-024,йM╝wи╜,99.58,2.75,33521.46,36.48,18.1,18.37,101.47,"103Y12M"
63000,╗Oе_ел,63000070,╕U╡╪░╧,63000070-025,└A╝wи╜,96.87,2.67,40360.5,37.27,15.85,21.42,135.18,"103Y12M"
63000,╗Oе_ел,63000070,╕U╡╪░╧,63000070-026,е■╝wи╜,101.36,2.81,40590.57,43.41,22.67,20.74,91.45,"103Y12M"
63000,╗Oе_ел,63000070,╕U╡╪░╧,63000070-027,лO╝wи╜,98.53,2.72,50361.46,39.05,18.5,20.55,111.11,"103Y12M"
63000,╗Oе_ел,63000070,╕U╡╪░╧,63000070-028,╗╩╝wи╜,94.2,2.65,35934.04,36.33,15.62,20.71,132.62,"103Y12M"
63000,╗Oе_ел,63000070,╕U╡╪░╧,63000070-029,║a╝wи╜,103.02,2.76,22249.22,41.22,16.42,24.8,151.01,"103Y12M"
63000,╗Oе_ел,63000070,╕U╡╪░╧,63000070-030,╣╪╝wи╜,96.54,2.8,65865.46,37.21,19.18,18.03,94.02,"103Y12M"
63000,╗Oе_ел,63000070,╕U╡╪░╧,63000070-031,┐│╝wи╜,97.95,2.9,8191.88,41.31,21.74,19.57,90.04,"103Y12M"
63000,╗Oе_ел,63000070,╕U╡╪░╧,63000070-032,╡╪дди╜,94.31,2.72,10297.93,40.22,17.26,22.96,133.04,"103Y12M"
63000,╗Oе_ел,63000070,╕U╡╪░╧,63000070-033,дщ▓╗и╜,97.24,2.39,30782.91,44.39,16.65,27.74,166.57,"103Y12M"
63000,╗Oе_ел,63000070,╕U╡╪░╧,63000070-034,й╛нsи╜,97.97,2.21,102141.71,49.58,15.44,34.14,221.2,"103Y12M"
63000,╗Oе_ел,63000070,╕U╡╪░╧,63000070-035,нт╛]и╜,91.53,2.36,128046.83,40.21,16.11,24.1,149.57,"103Y12M"
63000,╗Oе_ел,63000070,╕U╡╪░╧,63000070-036,─╦╢│и╜,94.83,2.41,6312.66,32.95,11.69,21.26,181.82,"103Y12M"
63000,╗Oе_ел,63000080,дхдs░╧,63000080-001,┤║жци╜,88.87,2.49,43082.65,43.73,27.5,16.23,59.02,"103Y12M"
63000,╗Oе_ел,63000080,дхдs░╧,63000080-002,┤║кFи╜,89.33,2.71,29062.92,40.18,24.89,15.29,61.42,"103Y12M"
63000,╗Oе_ел,63000080,дхдs░╧,63000080-003,┤║м№и╜,90.6,2.7,26166.52,47.44,25.54,21.9,85.76,"103Y12M"
63000,╗Oе_ел,63000080,дхдs░╧,63000080-004,┤║╝yи╜,91.88,2.8,18411.87,42.31,23.05,19.27,83.61,"103Y12M"
63000,╗Oе_ел,63000080,дхдs░╧,63000080-005,┤║дпи╜,90.88,2.69,20113.33,42.65,24.15,18.5,76.62,"103Y12M"
63000,╗Oе_ел,63000080,дхдs░╧,63000080-006,┤║╡╪и╜,86.56,2.76,35369.87,43.26,22.98,20.28,88.22,"103Y12M"
63000,╗Oе_ел,63000080,дхдs░╧,63000080-007,╕Uж│и╜,93.51,2.7,36495.76,39.69,21.84,17.84,81.7,"103Y12M"
63000,╗Oе_ел,63000080,дхдs░╧,63000080-008,╕U▓╗и╜,89.63,2.64,47990.89,41.61,21.05,20.56,97.7,"103Y12M"
63000,╗Oе_ел,63000080,дхдs░╧,63000080-009,╕U╢йи╜,89.51,2.66,61797.93,40.06,21.55,18.5,85.85,"103Y12M"
63000,╗Oе_ел,63000080,дхдs░╧,63000080-010,╕Uж~и╜,92.9,2.51,16957.3,38.61,16.04,22.58,140.79,"103Y12M"
63000,╗Oе_ел,63000080,дхдs░╧,63000080-011,╕UйMи╜,91.09,2.39,10509.1,49.38,16.55,32.83,198.39,"103Y12M"
63000,╗Oе_ел,63000080,дхдs░╧,63000080-012,╕U▓▒и╜,92.45,2.46,14045.61,38.3,15.75,22.54,143.11,"103Y12M"
63000,╗Oе_ел,63000080,дхдs░╧,63000080-013,┐│┬╫и╜,91.71,2.56,28813.81,38.68,19.57,19.11,97.63,"103Y12M"
63000,╗Oе_ел,63000080,дхдs░╧,63000080-014,┐│е·и╜,88.53,2.52,10193.5,36.02,18.73,17.29,92.34,"103Y12M"
63000,╗Oе_ел,63000080,дхдs░╧,63000080-015,┐│оaи╜,95.2,2.79,49918.87,31.6,17.28,14.33,82.92,"103Y12M"
63000,╗Oе_ел,63000080,дхдs░╧,63000080-016,┐│▒oи╜,93.48,2.66,10053.62,36.3,18.85,17.45,92.56,"103Y12M"
63000,╗Oе_ел,63000080,дхдs░╧,63000080-017,┐│╖~и╜,92.28,2.7,43937.87,37.49,15.25,22.24,145.82,"103Y12M"
63000,╗Oе_ел,63000080,дхдs░╧,63000080-018,┐│жwи╜,91.41,2.59,29179.59,40.21,19.84,20.37,102.69,"103Y12M"
63000,╗Oе_ел,63000080,дхдs░╧,63000080-019,┐│║╓и╜,94.42,2.92,54519.2,41.09,25.43,15.66,61.59,"103Y12M"
63000,╗Oе_ел,63000080,дхдs░╧,63000080-020,┐│йЇи╜,93.66,2.56,18613.91,32.03,18.23,13.8,75.68,"103Y12M"
63000,╗Oе_ел,63000080,дхдs░╧,63000080-021,┐│оїи╜,90.98,2.43,8976.85,35.04,15.64,19.4,123.99,"103Y12M"
63000,╗Oе_ел,63000080,дхдs░╧,63000080-022,┐│йўи╜,92.28,2.53,12400.82,36.07,18.85,17.22,91.39,"103Y12M"
63000,╗Oе_ел,63000080,дхдs░╧,63000080-023,╕╒░|и╜,90.96,2.61,17022.89,36.99,19.42,17.57,90.49,"103Y12M"
63000,╗Oе_ел,63000080,дхдs░╧,63000080-024,╡╪┐│и╜,93.37,2.64,14600.92,38.59,20.21,18.37,90.9,"103Y12M"
63000,╗Oе_ел,63000080,дхдs░╧,63000080-025,й·╕qи╜,95.41,2.79,22083.76,39.93,23.78,16.15,67.93,"103Y12M"
63000,╗Oе_ел,63000080,дхдs░╧,63000080-026,й·┐│и╜,93.28,2.62,34964.43,30.78,15.94,14.84,93.09,"103Y12M"
63000,╗Oе_ел,63000080,дхдs░╧,63000080-027,дьм]и╜,90.52,2.63,16248.43,41.34,19.56,21.79,111.4,"103Y12M"
63000,╗Oе_ел,63000080,дхдs░╧,63000080-028,дь╖sи╜,101.6,2.43,32851.09,33.17,15.85,17.32,109.25,"103Y12M"
63000,╗Oе_ел,63000080,дхдs░╧,63000080-029,╢╢┐│и╜,94.68,2.86,53700.78,37.01,22.36,14.65,65.51,"103Y12M"
63000,╗Oе_ел,63000080,дхдs░╧,63000080-030,╝╠кLи╜,96.12,2.82,37448.05,39.77,19.85,19.92,100.4,"103Y12M"
63000,╗Oе_ел,63000080,дхдs░╧,63000080-031,╝╠╖sи╜,92.67,2.75,31700.71,37.65,23.32,14.33,61.42,"103Y12M"
63000,╗Oе_ел,63000080,дхдs░╧,63000080-032,╝╠╕}и╜,94.42,2.89,33606.47,36.77,22.57,14.21,62.96,"103Y12M"
63000,╗Oе_ел,63000080,дхдs░╧,63000080-033,╕Uк┌и╜,90.34,2.67,24801.43,32.5,18.25,14.26,78.14,"103Y12M"
63000,╗Oе_ел,63000080,дхдs░╧,63000080-034,│╒╣┼и╜,95.76,2.69,1384.47,34.74,16.99,17.75,104.5,"103Y12M"
63000,╗Oе_ел,63000080,дхдs░╧,63000080-035,╕U┐│и╜,94.84,2.74,2977.99,40.89,24.17,16.72,69.19,"103Y12M"
63000,╗Oе_ел,63000080,дхдs░╧,63000080-036,л№лnи╜,106.52,2.37,601.57,34.14,17.61,16.53,93.89,"103Y12M"
63000,╗Oе_ел,63000080,дхдs░╧,63000080-037,ж╤мuи╜,108.26,2.77,257.13,41.64,22.91,18.73,81.76,"103Y12M"
63000,╗Oе_ел,63000080,дхдs░╧,63000080-038,й╛╢╢и╜,93.05,2.45,27759.77,36.3,15.27,21.03,137.69,"103Y12M"
63000,╗Oе_ел,63000080,дхдs░╧,63000080-039,╕Uм№и╜,93.09,2.67,10351.65,33.47,17.08,16.39,95.96,"103Y12M"
63000,╗Oе_ел,63000080,дхдs░╧,63000080-040,мFдjи╜,92.79,2.76,2728.9,42.89,31.93,10.96,34.32,"103Y12M"
63000,╗Oе_ел,63000080,дхдs░╧,63000080-041,╝╠дхи╜,95.57,2.84,32651.04,36.51,20.39,16.12,79.1,"103Y12M"
63000,╗Oе_ел,63000080,дхдs░╧,63000080-042,┐│и╣и╜,91.61,2.39,22623.38,35.33,15.72,19.61,124.78,"103Y12M"
63000,╗Oе_ел,63000080,дхдs░╧,63000080-043,╝╠╛Ёи╜,90.44,2.85,67694.24,38.78,22.14,16.64,75.18,"103Y12M"
63000,╗Oе_ел,63000090,лn┤ф░╧,63000090-001,лn┤фи╜,104.17,2.44,15615.8,36.69,19.36,17.33,89.48,"103Y12M"
63000,╗Oе_ел,63000090,лn┤ф░╧,63000090-002,ддлnи╜,97.98,2.7,2388.6,36.05,19.29,16.76,86.87,"103Y12M"
63000,╗Oе_ел,63000090,лn┤ф░╧,63000090-003,╖s┤Iи╜,97.17,2.74,25342.45,38.66,19.8,18.86,95.23,"103Y12M"
63000,╗Oе_ел,63000090,лn┤ф░╧,63000090-004,дTнли╜,92.6,2.21,6187.3,34.4,22.27,12.12,54.44,"103Y12M"
63000,╗Oе_ел,63000090,лn┤ф░╧,63000090-005,кF╖sи╜,96.16,2.79,31924.99,34.83,19.15,15.68,81.91,"103Y12M"
63000,╗Oе_ел,63000090,лn┤ф░╧,63000090-006,╖sе·и╜,90.93,2.66,2700.73,35.76,16.91,18.85,111.45,"103Y12M"
63000,╗Oе_ел,63000090,лn┤ф░╧,63000090-007,кFй·и╜,96.05,2.6,13875.53,36.47,18.95,17.52,92.45,"103Y12M"
63000,╗Oе_ел,63000090,лn┤ф░╧,63000090-008,жш╖sи╜,97.51,2.74,10795.32,35.63,19.53,16.1,82.47,"103Y12M"
63000,╗Oе_ел,63000090,лn┤ф░╧,63000090-009,е╔жии╜,94.15,2.6,12516.8,35.7,18.71,16.99,90.81,"103Y12M"
63000,╗Oе_ел,63000090,лn┤ф░╧,63000090-010,жXжии╜,93.69,2.58,24651.25,36.25,17.09,19.16,112.15,"103Y12M"
63000,╗Oе_ел,63000090,лn┤ф░╧,63000090-011,жи║╓и╜,93.7,2.75,15669.85,34.22,17.22,17.,98.71,"103Y12M"
63000,╗Oе_ел,63000090,лn┤ф░╧,63000090-012,╕U║╓и╜,91.18,2.62,41611.38,35.33,15.09,20.24,134.16,"103Y12M"
63000,╗Oе_ел,63000090,лn┤ф░╧,63000090-013,┬E║╓и╜,90.7,2.78,41484.88,34.86,16.99,17.87,105.23,"103Y12M"
63000,╗Oе_ел,63000090,лn┤ф░╧,63000090-014,ж╩║╓и╜,94.08,2.65,19554.16,34.91,18.33,16.58,90.42,"103Y12M"
63000,╗Oе_ел,63000090,лn┤ф░╧,63000090-015,┴pжии╜,94.31,2.72,44058.69,37.3,17.43,19.88,114.08,"103Y12M"
63000,╗Oе_ел,63000090,лn┤ф░╧,63000090-016,┬┬▓°и╜,97.06,2.8,1847.55,34.53,19.41,15.13,77.94,"103Y12M"
63000,╗Oе_ел,63000090,лn┤ф░╧,63000090-017,ддмуи╜,95.62,2.8,10081.44,35.28,18.68,16.59,88.8,"103Y12M"
63000,╗Oе_ел,63000090,лn┤ф░╧,63000090-018,дEжpи╜,98.09,2.71,930.18,37.86,18.92,18.94,100.11,"103Y12M"
63000,╗Oе_ел,63000090,лn┤ф░╧,63000090-019,дп║╓и╜,97.79,2.63,18199.86,34.01,18.75,15.26,81.41,"103Y12M"
63000,╗Oе_ел,63000090,лn┤ф░╧,63000090-020,нл╢зи╜,92.73,2.4,13616.66,34.17,23.67,10.5,44.39,"103Y12M"
63000,╗Oе_ел,63000100,д║┤Є░╧,63000100-001,жш┤Єи╜,92.46,2.77,17545.39,28.69,14.29,14.4,100.8,"103Y12M"
63000,╗Oе_ел,63000100,д║┤Є░╧,63000100-002,жш▒dи╜,91.36,2.58,8264.02,29.16,15.08,14.08,93.42,"103Y12M"
63000,╗Oе_ел,63000100,д║┤Є░╧,63000100-003,жшжwи╜,92.39,2.69,5632.38,27.57,14.36,13.21,91.99,"103Y12M"
63000,╗Oе_ел,63000100,д║┤Є░╧,63000100-005,┤фсYи╜,89.66,2.75,9009.06,35.06,21.81,13.25,60.74,"103Y12M"
63000,╗Oе_ел,63000100,д║┤Є░╧,63000100-006,┤ф│ги╜,90.17,2.82,46600.1,35.42,22.27,13.15,59.06,"103Y12M"
63000,╗Oе_ел,63000100,д║┤Є░╧,63000100-007,┤ф┤Iи╜,92.4,2.89,27632.28,35.06,20.2,14.86,73.58,"103Y12M"
63000,╗Oе_ел,63000100,д║┤Є░╧,63000100-008,┤ф╡╪и╜,91.41,2.95,13742.33,34.31,22.79,11.52,50.55,"103Y12M"
63000,╗Oе_ел,63000100,д║┤Є░╧,63000100-009,д║┤Єи╜,84.31,2.44,38414.27,28.59,14.05,14.54,103.45,"103Y12M"
63000,╗Oе_ел,63000100,д║┤Є░╧,63000100-010,┤Є└╪и╜,90.1,2.69,12687.58,34.12,17.64,16.47,93.39,"103Y12M"
63000,╗Oе_ел,63000100,д║┤Є░╧,63000100-011,╡╡мPи╜,92.2,2.78,38006.07,29.95,15.89,14.06,88.48,"103Y12M"
63000,╗Oе_ел,63000100,д║┤Є░╧,63000100-012,дj┤Єи╜,88.48,2.65,1972.6,28.08,16.02,12.06,75.28,"103Y12M"
63000,╗Oе_ел,63000100,д║┤Є░╧,63000100-013,кў└sи╜,97.49,2.76,33581.98,30.21,15.3,14.91,97.45,"103Y12M"
63000,╗Oе_ел,63000100,д║┤Є░╧,63000100-014,кў╖чи╜,89.49,2.73,2963.95,32.35,19.11,13.23,69.25,"103Y12M"
63000,╗Oе_ел,63000100,д║┤Є░╧,63000100-015,║╤дsи╜,94.82,2.77,1979.53,30.91,17.55,13.36,76.14,"103Y12M"
63000,╗Oе_ел,63000100,д║┤Є░╧,63000100-016,╡╡╢│и╜,95.6,2.73,16882.91,37.21,19.9,17.3,86.94,"103Y12M"
63000,╗Oе_ел,63000100,д║┤Є░╧,63000100-017,▓Mе╒и╜,84.28,2.4,22438.13,30.23,18.1,12.14,67.06,"103Y12M"
63000,╗Oе_ел,63000100,д║┤Є░╧,63000100-018,╕ммwи╜,90.03,2.91,33403.58,38.65,28.68,9.97,34.78,"103Y12M"
63000,╗Oе_ел,63000100,д║┤Є░╧,63000100-019,╡╡╢зи╜,92.12,2.69,20607.98,27.54,15.22,12.32,80.98,"103Y12M"
63000,╗Oе_ел,63000100,д║┤Є░╧,63000100-020,╖ч╢зи╜,90.69,2.6,45632.8,36.83,16.82,20.,118.91,"103Y12M"
63000,╗Oе_ел,63000100,д║┤Є░╧,63000100-021,╖че·и╜,89.91,2.74,32682.4,30.34,15.09,15.25,101.08,"103Y12M"
63000,╗Oе_ел,63000100,д║┤Є░╧,63000100-022,днд└и╜,92.85,2.92,37747.5,39.08,28.85,10.22,35.43,"103Y12M"
63000,╗Oе_ел,63000100,д║┤Є░╧,63000100-023,кF┤Єи╜,93.15,2.88,57559.79,29.43,20.34,9.1,44.73,"103Y12M"
63000,╗Oе_ел,63000100,д║┤Є░╧,63000100-024,╝╓▒dи╜,91.59,2.93,52424.61,30.05,21.46,8.59,40.05,"103Y12M"
63000,╗Oе_ел,63000100,д║┤Є░╧,63000100-025,д║╖╛и╜,96.93,2.77,1175.39,28.88,17.8,11.08,62.23,"103Y12M"
63000,╗Oе_ел,63000100,д║┤Є░╧,63000100-026,╢gм№и╜,95.34,2.38,16130.7,31.35,16.26,15.09,92.83,"103Y12M"
63000,╗Oе_ел,63000100,д║┤Є░╧,63000100-027,жц╡╜и╜,99.74,2.47,19116.8,30.6,16.19,14.41,88.97,"103Y12M"
63000,╗Oе_ел,63000100,д║┤Є░╧,63000100-028,е█╝ци╜,91.39,2.08,3041.4,32.07,17.07,15.,87.84,"103Y12M"
63000,╗Oе_ел,63000100,д║┤Є░╧,63000100-029,┤Є┐│и╜,101.28,2.27,8308.18,29.02,15.18,13.84,91.14,"103Y12M"
63000,╗Oе_ел,63000100,д║┤Є░╧,63000100-030,┤Єд╕и╜,95.19,2.78,2490.18,28.99,16.41,12.57,76.59,"103Y12M"
63000,╗Oе_ел,63000100,д║┤Є░╧,63000100-031,жw┤Єи╜,91.26,3.1,51275.83,33.45,23.88,9.57,40.08,"103Y12M"
63000,╗Oе_ел,63000100,д║┤Є░╧,63000100-032,иq┤Єи╜,94.37,2.67,12980.64,31.03,14.79,16.23,109.74,"103Y12M"
63000,╗Oе_ел,63000100,д║┤Є░╧,63000100-033,жwоїи╜,92.53,2.79,5092.93,30.19,20.02,10.18,50.83,"103Y12M"
63000,╗Oе_ел,63000100,д║┤Є░╧,63000100-034,кў┤Єи╜,86.42,2.72,12176.24,40.13,28.98,11.15,38.49,"103Y12M"
63000,╗Oе_ел,63000100,д║┤Є░╧,63000100-035,▒d╣чи╜,92.44,3.05,27828.03,37.73,26.5,11.23,42.37,"103Y12M"
63000,╗Oе_ел,63000100,д║┤Є░╧,63000100-036,й·┤Єи╜,90.9,3.08,67913.8,34.88,26.15,8.73,33.36,"103Y12M"
63000,╗Oе_ел,63000100,д║┤Є░╧,63000100-037,─кмwи╜,114.08,2.76,1729.17,32.87,19.96,12.91,64.68,"103Y12M"
63000,╗Oе_ел,63000100,д║┤Є░╧,63000100-038,─Rдsи╜,92.23,2.76,35146.36,33.99,21.27,12.72,59.82,"103Y12M"
63000,╗Oе_ел,63000100,д║┤Є░╧,63000100-039,─_┤Єи╜,92.91,2.42,15813.44,34.26,23.32,10.95,46.96,"103Y12M"
63000,╗Oе_ел,63000100,д║┤Є░╧,63000100-040,лn┤Єи╜,85.97,2.79,16663.43,40.13,30.6,9.52,31.12,"103Y12M"
63000,╗Oе_ел,63000110,дhкL░╧,63000110-001,дплiи╜,95.,2.74,32736.6,43.48,21.,22.47,107.01,"103Y12M"
63000,╗Oе_ел,63000110,дhкL░╧,63000110-002,╕qлHи╜,96.02,2.58,15813.17,41.13,20.97,20.16,96.1,"103Y12M"
63000,╗Oе_ел,63000110,дhкL░╧,63000110-003,║╓кLи╜,90.34,2.57,1590.55,43.33,17.69,25.63,144.86,"103Y12M"
63000,╗Oе_ел,63000110,дhкL░╧,63000110-004,║╓╝wи╜,110.61,2.13,21167.47,37.39,14.73,22.65,153.79,"103Y12M"
63000,╗Oе_ел,63000110,дhкL░╧,63000110-005,║╓з╙и╜,90.64,2.65,22190.22,41.45,17.3,24.14,139.53,"103Y12M"
63000,╗Oе_ел,63000110,дhкL░╧,63000110-006,┬┬и╬и╜,91.27,2.67,37728.28,41.33,17.61,23.72,134.76,"103Y12M"
63000,╗Oе_ел,63000110,дhкL░╧,63000110-007,║╓и╬и╜,92.26,2.77,16324.25,42.67,20.6,22.07,107.14,"103Y12M"
63000,╗Oе_ел,63000110,дhкL░╧,63000110-008,лс┤фи╜,97.16,2.81,14934.87,34.91,17.72,17.19,96.99,"103Y12M"
63000,╗Oе_ел,63000110,дhкL░╧,63000110-009,║╓дди╜,91.79,2.89,28471.44,38.55,23.79,14.76,62.03,"103Y12M"
63000,╗Oе_ел,63000110,дhкL░╧,63000110-010,лe┤фи╜,91.28,2.8,29432.11,36.11,21.2,14.91,70.34,"103Y12M"
63000,╗Oе_ел,63000110,дhкL░╧,63000110-011,ж╩─╓и╜,96.59,3.04,51421.72,37.6,21.31,16.29,76.42,"103Y12M"
63000,╗Oе_ел,63000110,дhкL░╧,63000110-012,й╙╝wи╜,87.5,2.51,46795.14,36.67,17.16,19.52,113.77,"103Y12M"
63000,╗Oе_ел,63000110,дhкL░╧,63000110-013,║╓╡╪и╜,93.85,2.64,46724.2,36.96,18.48,18.48,100.,"103Y12M"
63000,╗Oе_ел,63000110,дhкL░╧,63000110-014,й·│╙и╜,94.66,2.67,17863.5,38.42,17.22,21.2,123.11,"103Y12M"
63000,╗Oе_ел,63000110,дhкL░╧,63000110-015,║╓╢╢и╜,99.5,2.73,24187.6,38.66,19.32,19.34,100.13,"103Y12M"
63000,╗Oе_ел,63000110,дhкL░╧,63000110-016,┤Iе·и╜,96.21,2.95,19792.29,37.52,19.66,17.85,90.8,"103Y12M"
63000,╗Oе_ел,63000110,дhкL░╧,63000110-017,╕м─ки╜,93.67,2.93,25694.17,39.38,20.85,18.53,88.92,"103Y12M"
63000,╗Oе_ел,63000110,дhкL░╧,63000110-018,╕мкFи╜,96.39,2.75,21785.22,35.87,17.91,17.97,100.35,"103Y12M"
63000,╗Oе_ел,63000110,дhкL░╧,63000110-019,к└дlи╜,96.14,2.83,18364.13,36.59,19.2,17.39,90.59,"103Y12M"
63000,╗Oе_ел,63000110,дhкL░╧,63000110-020,к└╖sи╜,99.79,2.78,23358.31,35.72,18.73,16.99,90.75,"103Y12M"
63000,╗Oе_ел,63000110,дhкL░╧,63000110-021,к└╢щи╜,99.06,2.97,38429.75,36.37,19.99,16.38,81.92,"103Y12M"
63000,╗Oе_ел,63000110,дhкL░╧,63000110-022,е├н█и╜,98.84,2.86,12304.41,34.44,16.93,17.51,103.38,"103Y12M"
63000,╗Oе_ел,63000110,дhкL░╧,63000110-023,║╓жwи╜,116.58,2.75,1886.3,33.43,16.03,17.4,108.53,"103Y12M"
63000,╗Oе_ел,63000110,дhкL░╧,63000110-024,┤Iмwи╜,113.21,2.6,1848.84,32.39,15.28,17.11,111.98,"103Y12M"
63000,╗Oе_ел,63000110,дhкL░╧,63000110-025,йедsи╜,88.96,2.83,7359.8,34.24,15.65,18.59,118.74,"103Y12M"
63000,╗Oе_ел,63000110,дhкL░╧,63000110-026,жWдsи╜,86.14,2.81,19180.12,37.11,17.92,19.19,107.12,"103Y12M"
63000,╗Oе_ел,63000110,дhкL░╧,63000110-027,╝wжци╜,87.47,2.46,23153.41,38.12,17.64,20.48,116.07,"103Y12M"
63000,╗Oе_ел,63000110,дhкL░╧,63000110-028,╝w╡╪и╜,87.08,2.66,20511.34,37.29,16.9,20.4,120.71,"103Y12M"
63000,╗Oе_ел,63000110,дhкL░╧,63000110-029,╕tдsи╜,92.06,2.77,49118.04,36.79,17.15,19.64,114.5,"103Y12M"
63000,╗Oе_ел,63000110,дhкL░╧,63000110-030,й╛╕█и╜,91.26,2.76,40960.25,41.74,17.66,24.07,136.28,"103Y12M"
63000,╗Oе_ел,63000110,дhкL░╧,63000110-031,к█дsи╜,91.8,2.86,7216.54,33.11,17.85,15.26,85.47,"103Y12M"
63000,╗Oе_ел,63000110,дhкL░╧,63000110-032,кFдsи╜,96.19,3.07,3655.59,36.53,18.04,18.49,102.47,"103Y12M"
63000,╗Oе_ел,63000110,дhкL░╧,63000110-033,дTе╔и╜,87.18,2.86,11638.18,35.07,17.35,17.72,102.13,"103Y12M"
63000,╗Oе_ел,63000110,дhкL░╧,63000110-034,─ї╢ои╜,89.51,2.77,42913.06,35.37,16.88,18.49,109.56,"103Y12M"
63000,╗Oе_ел,63000110,дhкL░╧,63000110-035,─ї┐│и╜,89.1,2.78,25604.33,34.92,17.38,17.54,100.9,"103Y12M"
63000,╗Oе_ел,63000110,дhкL░╧,63000110-036,д╤║╓и╜,88.34,2.86,32630.64,37.46,20.67,16.79,81.21,"103Y12M"
63000,╗Oе_ел,63000110,дhкL░╧,63000110-037,д╤╕Sи╜,87.3,2.83,39385.57,39.73,19.63,20.11,102.44,"103Y12M"
63000,╗Oе_ел,63000110,дhкL░╧,63000110-038,д╤╣╪и╜,87.44,2.77,25108.69,40.39,20.89,19.5,93.33,"103Y12M"
63000,╗Oе_ел,63000110,дhкL░╧,63000110-039,д╤йMи╜,90.84,2.92,20481.77,36.68,19.79,16.89,85.35,"103Y12M"
63000,╗Oе_ел,63000110,дhкL░╧,63000110-040,д╤дsи╜,87.3,2.79,42435.85,38.82,18.74,20.09,107.21,"103Y12M"
63000,╗Oе_ел,63000110,дhкL░╧,63000110-041,д╤е╔и╜,86.25,2.7,36562.37,41.26,22.23,19.03,85.59,"103Y12M"
63000,╗Oе_ел,63000110,дhкL░╧,63000110-042,д╤е└и╜,89.98,2.81,3828.61,41.38,20.87,20.51,98.29,"103Y12M"
63000,╗Oе_ел,63000110,дhкL░╧,63000110-043,е├║╓и╜,102.73,2.85,905.33,45.12,13.45,31.67,235.48,"103Y12M"
63000,╗Oе_ел,63000110,дhкL░╧,63000110-044,д╜└]и╜,106.64,2.72,835.89,37.57,12.98,24.59,189.36,"103Y12M"
63000,╗Oе_ел,63000110,дhкL░╧,63000110-045,╖sжwи╜,101.35,2.69,1052.94,43.62,14.54,29.08,200.,"103Y12M"
63000,╗Oе_ел,63000110,дhкL░╧,63000110-046,╢зй·и╜,92.42,2.26,1443.8,43.2,11.97,31.22,260.84,"103Y12M"
63000,╗Oе_ел,63000110,дhкL░╧,63000110-047,╡╫дsи╜,117.51,2.95,146.49,36.9,15.34,21.57,140.63,"103Y12M"
63000,╗Oе_ел,63000110,дhкL░╧,63000110-048,ен╡еи╜,103.58,2.91,239.32,36.5,13.68,22.82,166.88,"103Y12M"
63000,╗Oе_ел,63000110,дhкL░╧,63000110-049,╖╦дsи╜,106.94,2.78,149.52,41.09,16.51,24.58,148.88,"103Y12M"
63000,╗Oе_ел,63000110,дhкL░╧,63000110-050,╗Aдsи╜,92.37,2.36,1764.3,42.74,11.95,30.79,257.76,"103Y12M"
63000,╗Oе_ел,63000110,дhкL░╧,63000110-051,┴{╖╦и╜,97.16,2.6,1369.12,41.06,13.58,27.48,202.38,"103Y12M"
63000,╗Oе_ел,63000120,е_зы░╧,63000120-001,л╪е┴и╜,94.24,2.64,4138.52,38.81,17.07,21.74,127.36,"103Y12M"
63000,╗Oе_ел,63000120,е_зы░╧,63000120-002,дхкLи╜,94.42,2.69,39147.54,38.91,17.54,21.37,121.82,"103Y12M"
63000,╗Oе_ел,63000120,е_зы░╧,63000120-003,е█╡Pи╜,90.61,2.74,51826.33,37.05,18.68,18.37,98.34,"103Y12M"
63000,╗Oе_ел,63000120,е_зы░╧,63000120-004,║╓┐│и╜,89.47,2.89,21703.5,40.48,24.64,15.84,64.28,"103Y12M"
63000,╗Oе_ел,63000120,е_зы░╧,63000120-005,║aе·и╜,91.04,2.92,55985.98,47.08,29.38,17.7,60.23,"103Y12M"
63000,╗Oе_ел,63000120,е_зы░╧,63000120-006,║a╡╪и╜,91.93,2.67,20977.86,38.33,18.47,19.87,107.6,"103Y12M"
63000,╗Oе_ел,63000120,е_зы░╧,63000120-007,╕╬е┴и╜,90.66,2.64,44912.69,35.81,17.92,17.89,99.81,"103Y12M"
63000,╗Oе_ел,63000120,е_зы░╧,63000120-008,о╢╡╪и╜,89.25,2.79,29114.56,40.83,19.73,21.1,106.92,"103Y12M"
63000,╗Oе_ел,63000120,е_зы░╧,63000120-009,е├йMи╜,91.99,2.64,5879.38,36.79,19.58,17.21,87.87,"103Y12M"
63000,╗Oе_ел,63000120,е_зы░╧,63000120-010,е├кYи╜,89.7,2.46,10402.37,40.78,21.34,19.44,91.11,"103Y12M"
63000,╗Oе_ел,63000120,е_зы░╧,63000120-011,е├й·и╜,87.71,2.85,43861.53,43.78,27.11,16.67,61.48,"103Y12M"
63000,╗Oе_ел,63000120,е_зы░╧,63000120-012,кF╡╪и╜,88.84,2.93,9468.84,37.97,20.44,17.53,85.8,"103Y12M"
63000,╗Oе_ел,63000120,е_зы░╧,63000120-013,жNзQи╜,92.86,2.98,43684.31,46.68,29.15,17.53,60.15,"103Y12M"
63000,╗Oе_ел,63000120,е_зы░╧,63000120-014,жN╝yи╜,89.56,2.95,15588.46,44.9,27.59,17.31,62.74,"103Y12M"
63000,╗Oе_ел,63000120,е_зы░╧,63000120-015,┤L╜хи╜,89.37,2.93,66078.9,45.58,26.69,18.89,70.76,"103Y12M"
63000,╗Oе_ел,63000120,е_зы░╧,63000120-016,е▀╜хи╜,89.69,2.9,13012.68,41.51,26.01,15.5,59.6,"103Y12M"
63000,╗Oе_ел,63000120,е_зы░╧,63000120-017,е▀╣Aи╜,94.3,2.88,28215.73,37.75,23.9,13.85,57.96,"103Y12M"
63000,╗Oе_ел,63000120,е_зы░╧,63000120-018,дKеPи╜,96.2,2.73,1499.08,34.04,17.63,16.42,93.16,"103Y12M"
63000,╗Oе_ел,63000120,е_зы░╧,63000120-019,мwм№и╜,103.61,2.6,1336.43,38.15,19.96,18.19,91.1,"103Y12M"
63000,╗Oе_ел,63000120,е_зы░╧,63000120-020,й_йеи╜,97.28,2.8,5523.68,32.87,15.31,17.56,114.67,"103Y12M"
63000,╗Oе_ел,63000120,е_зы░╧,63000120-021,▓Mж┐и╜,103.51,2.41,41341.48,33.91,15.45,18.46,119.54,"103Y12M"
63000,╗Oе_ел,63000120,е_зы░╧,63000120-022,ддеби╜,92.93,2.7,45961.54,34.42,18.35,16.07,87.57,"103Y12M"
63000,╗Oе_ел,63000120,е_зы░╧,63000120-023,к°жwи╜,86.94,2.45,32611.67,35.12,17.32,17.8,102.79,"103Y12M"
63000,╗Oе_ел,63000120,е_зы░╧,63000120-024,дjжPи╜,98.52,2.68,8823.63,34.63,17.85,16.78,94.,"103Y12M"
63000,╗Oе_ел,63000120,е_зы░╧,63000120-025,╖┼мuи╜,89.7,2.52,28710.17,35.66,16.07,19.59,121.95,"103Y12M"
63000,╗Oе_ел,63000120,е_зы░╧,63000120-026,кLмuи╜,96.09,2.31,2299.84,36.46,14.61,21.86,149.61,"103Y12M"
63000,╗Oе_ел,63000120,е_зы░╧,63000120-027,ддд▀и╜,85.99,2.2,17720.43,33.28,14.66,18.62,126.99,"103Y12M"
63000,╗Oе_ел,63000120,е_зы░╧,63000120-028,дд▒eи╜,94.04,2.59,45203.47,36.6,16.75,19.85,118.47,"103Y12M"
63000,╗Oе_ел,63000120,е_зы░╧,63000120-029,╢}й·и╜,92.33,2.65,17067.57,33.42,14.54,18.88,129.86,"103Y12M"
63000,╗Oе_ел,63000120,е_зы░╧,63000120-030,ддйMи╜,93.66,2.7,28833.28,39.4,17.38,22.02,126.72,"103Y12M"
63000,╗Oе_ел,63000120,е_зы░╧,63000120-031,┤╝дпи╜,91.31,2.86,62109.36,39.23,21.3,17.93,84.17,"103Y12M"
63000,╗Oе_ел,63000120,е_зы░╧,63000120-032,иqдsи╜,96.03,2.84,3011.56,38.65,16.22,22.43,138.29,"103Y12M"
63000,╗Oе_ел,63000120,е_зы░╧,63000120-033,дхд╞и╜,92.58,2.73,9159.88,43.99,25.7,18.29,71.15,"103Y12M"
63000,╗Oе_ел,63000120,е_зы░╧,63000120-034,┬╫ж~и╜,94.64,2.89,7207.21,42.14,24.47,17.67,72.24,"103Y12M"
63000,╗Oе_ел,63000120,е_зы░╧,63000120-035,╜_н╗и╜,101.29,2.59,4895.27,31.69,14.9,16.79,112.69,"103Y12M"
63000,╗Oе_ел,63000120,е_зы░╧,63000120-036,оч╖╜и╜,97.37,2.73,5050.25,28.75,15.17,13.58,89.52,"103Y12M"
63000,╗Oе_ел,63000120,е_зы░╧,63000120-037,д@╝wи╜,98.6,2.78,2778.11,33.45,18.85,14.6,77.46,"103Y12M"
63000,╗Oе_ел,63000120,е_зы░╧,63000120-038,├Ў┤чи╜,97.74,2.86,7171.59,35.65,17.74,17.91,100.97,"103Y12M"
63000,╗Oе_ел,63000120,е_зы░╧,63000120-039,мu╖╜и╜,111.06,2.9,494.18,34.08,12.89,21.19,164.46,"103Y12M"
63000,╗Oе_ел,63000120,е_зы░╧,63000120-040,┤Єдsи╜,108.16,2.57,492.79,44.91,13.97,30.94,221.47,"103Y12M"
63000,╗Oе_ел,63000120,е_зы░╧,63000120-041,дjд┘и╜,110.32,2.92,278.96,39.19,16.46,22.73,138.1,"103Y12M"
63000,╗Oе_ел,63000120,е_зы░╧,63000120-042,┤Єе╨и╜,117.62,2.75,67.11,33.37,12.01,21.36,177.78,"103Y12M"
66000,╗Oддел,66000010,дд░╧,66000010-001,─~е·и╜,93.67,2.46,29360.47,49.19,27.77,21.42,77.13,"103Y12M"
66000,╗Oддел,66000010,дд░╧,66000010-002,дj╝[и╜,95.85,2.86,26189.73,57.93,36.,21.93,60.9,"103Y12M"
66000,╗Oддел,66000010,дд░╧,66000010-003,║ёдtи╜,103.25,2.54,13639.34,49.8,27.76,22.04,79.38,"103Y12M"
66000,╗Oддел,66000010,дд░╧,66000010-004,д╜╢щи╜,92.14,2.45,12092.39,50.88,28.18,22.7,80.54,"103Y12M"
66000,╗Oддел,66000010,дд░╧,66000010-005,е·┤_и╜,95.02,2.55,30902.02,47.06,25.73,21.33,82.88,"103Y12M"
66000,╗Oддел,66000010,дд░╧,66000010-006,мhдtи╜,104.67,2.25,22856.41,44.88,24.09,20.79,86.27,"103Y12M"
66000,╗Oддел,66000010,дд░╧,66000010-007,дj╕█и╜,102.26,2.41,17641.15,44.26,24.57,19.69,80.13,"103Y12M"
66000,╗Oддел,66000010,дд░╧,66000010-008,дд╡╪и╜,103.71,2.19,26669.03,50.1,29.85,20.25,67.86,"103Y12M"
66000,╗Oддел,66000020,кF░╧,66000020-001,╖s╔▄и╜,112.12,2.32,13732.88,44.52,22.99,21.53,93.62,"103Y12M"
66000,╗Oддел,66000020,кF░╧,66000020-002,о╢┐│и╜,103.08,2.64,14036.83,35.44,15.83,19.61,123.92,"103Y12M"
66000,╗Oддел,66000020,кF░╧,66000020-003,кF╛Їи╜,93.56,3.,14639.26,35.04,17.55,17.49,99.64,"103Y12M"
66000,╗Oддел,66000020,кF░╧,66000020-004,кF┐│и╜,96.84,2.77,7326.8,36.44,16.09,20.35,126.45,"103Y12M"
66000,╗Oддел,66000020,кF░╧,66000020-005,дzл░и╜,96.35,2.19,6635.97,39.2,13.36,25.84,193.41,"103Y12M"
66000,╗Oддел,66000020,кF░╧,66000020-006,мu╖╜и╜,112.95,2.57,4018.4,38.08,15.16,22.92,151.17,"103Y12M"
66000,╗Oддел,66000020,кF░╧,66000020-007,зЄ╖╦и╜,106.74,3.01,9190.63,36.31,15.81,20.5,129.61,"103Y12M"
66000,╗Oддел,66000020,кF░╧,66000020-008,╝╓жии╜,99.39,2.99,7909.03,32.82,17.71,15.11,85.3,"103Y12M"
66000,╗Oддел,66000020,кF░╧,66000020-009,кFк∙и╜,100.14,3.31,10849.8,28.97,17.93,11.05,61.62,"103Y12M"
66000,╗Oддел,66000020,кF░╧,66000020-010,дQе╥и╜,97.48,2.85,9630.12,27.02,16.65,10.37,62.31,"103Y12M"
66000,╗Oддел,66000020,кF░╧,66000020-011,кFлnи╜,96.52,2.76,13892.04,32.91,17.35,15.57,89.74,"103Y12M"
66000,╗Oддел,66000020,кF░╧,66000020-012,кF╢╒и╜,104.19,2.59,12075.29,38.38,17.6,20.78,118.09,"103Y12M"
66000,╗Oддел,66000020,кF░╧,66000020-013,жXз@и╜,99.8,2.67,32370.33,44.22,20.7,23.52,113.6,"103Y12M"
66000,╗Oддел,66000020,кF░╧,66000020-014,┤Iеxи╜,106.13,2.26,38648.19,36.1,13.32,22.79,171.13,"103Y12M"
66000,╗Oддел,66000020,кF░╧,66000020-015,┤Iдпи╜,100.33,2.45,26005.39,37.47,14.43,23.05,159.72,"103Y12M"
66000,╗Oддел,66000020,кF░╧,66000020-016,кFлHи╜,96.74,2.98,10495.39,31.21,20.59,10.61,51.55,"103Y12M"
66000,╗Oддел,66000020,кF░╧,66000020-017,кFн^и╜,98.41,2.9,9690.74,26.82,16.79,10.03,59.74,"103Y12M"
66000,╗Oддел,66000030,лn░╧,66000030-001,л░╢ки╜,96.39,2.5,18652.29,36.87,13.18,23.68,179.64,"103Y12M"
66000,╗Oддел,66000030,лn░╧,66000030-002,░ъе·и╜,94.54,2.56,20294.56,34.28,14.91,19.37,129.96,"103Y12M"
66000,╗Oддел,66000030,лn░╧,66000030-003,лnк∙и╜,94.55,2.45,11920.83,31.03,13.86,17.17,123.89,"103Y12M"
66000,╗Oддел,66000030,лn░╧,66000030-004,╝w╕qи╜,94.7,2.43,18553.27,28.18,13.49,14.69,108.93,"103Y12M"
66000,╗Oддел,66000030,лn░╧,66000030-005,┐n╡╜и╜,97.58,2.68,3807.34,31.38,13.98,17.4,124.53,"103Y12M"
66000,╗Oддел,66000030,лn░╧,66000030-006,ж┐дtи╜,93.,2.54,13182.64,29.74,14.95,14.79,98.94,"103Y12M"
66000,╗Oддел,66000030,лn░╧,66000030-007,╖s║aи╜,85.23,2.45,31847.82,35.74,26.59,9.15,34.43,"103Y12M"
66000,╗Oддел,66000030,лn░╧,66000030-008,║╓┐│и╜,95.26,2.72,18149.18,32.73,16.53,16.2,98.03,"103Y12M"
66000,╗Oддел,66000030,лn░╧,66000030-009,║╓ени╜,92.46,2.8,18915.2,30.56,17.57,12.99,73.94,"103Y12M"
66000,╗Oддел,66000030,лn░╧,66000030-010,йMени╜,88.17,2.45,14588.58,29.64,19.67,9.97,50.66,"103Y12M"
66000,╗Oддел,66000030,лn░╧,66000030-011,е├┐│и╜,91.6,2.63,19656.06,28.44,21.19,7.25,34.2,"103Y12M"
66000,╗Oддел,66000030,лn░╧,66000030-012,╛Ё╕qи╜,92.89,2.91,13409.83,34.1,25.9,8.2,31.67,"103Y12M"
66000,╗Oддел,66000030,лn░╧,66000030-013,╛Ё╝wи╜,93.63,2.57,8096.28,28.35,20.49,7.86,38.33,"103Y12M"
66000,╗Oддел,66000030,лn░╧,66000030-014,жшдtи╜,89.68,2.76,17680.8,35.19,23.36,11.83,50.62,"103Y12M"
66000,╗Oддел,66000030,лn░╧,66000030-015,к°мKи╜,94.53,2.67,10566.22,44.78,23.57,21.22,90.02,"103Y12M"
66000,╗Oддел,66000030,лn░╧,66000030-016,к°║aи╜,96.06,2.78,20290.46,45.91,26.24,19.67,74.96,"103Y12M"
66000,╗Oддел,66000030,лn░╧,66000030-017,║╓╢╢и╜,92.85,2.55,27406.76,30.92,19.1,11.82,61.86,"103Y12M"
66000,╗Oддел,66000030,лn░╧,66000030-018,енйMи╜,98.71,2.83,13020.89,32.37,16.18,16.18,100.,"103Y12M"
66000,╗Oддел,66000030,лn░╧,66000030-019,лnйMи╜,99.24,2.37,32799.49,23.56,15.97,7.59,47.54,"103Y12M"
66000,╗Oддел,66000030,лn░╧,66000030-020,е├йMи╜,94.1,2.51,28019.51,28.33,18.04,10.29,57.05,"103Y12M"
66000,╗Oддел,66000030,лn░╧,66000030-021,дu╛╟и╜,89.93,2.6,25717.34,30.61,22.4,8.21,36.67,"103Y12M"
66000,╗Oддел,66000030,лn░╧,66000030-022,▒Rн█и╜,93.14,2.64,12714.17,33.15,23.72,9.43,39.78,"103Y12M"
66000,╗Oддел,66000040,жш░╧,66000040-001,е┴е═и╜,88.,2.63,11859.71,66.98,45.67,21.31,46.67,"103Y12M"
66000,╗Oддел,66000040,жш░╧,66000040-002,зQе┴и╜,85.62,2.83,11924.64,68.1,49.14,18.96,38.57,"103Y12M"
66000,╗Oддел,66000040,жш░╧,66000040-003,дTе┴и╜,100.,2.43,16567.84,63.21,46.08,17.13,37.17,"103Y12M"
66000,╗Oддел,66000040,жш░╧,66000040-004,кFк@и╜,89.99,2.72,28796.92,47.43,27.6,19.83,71.86,"103Y12M"
66000,╗Oддел,66000040,жш░╧,66000040-005,╝sе┴и╜,90.51,2.79,12783.39,54.88,31.95,22.93,71.75,"103Y12M"
66000,╗Oддел,66000040,жш░╧,66000040-006,енйMи╜,88.57,2.59,13401.68,50.27,32.34,17.93,55.43,"103Y12M"
66000,╗Oддел,66000040,жш░╧,66000040-007,д╜е┴и╜,90.97,2.52,20513.94,33.84,14.88,18.96,127.35,"103Y12M"
66000,╗Oддел,66000040,жш░╧,66000040-008,┬┼┐│и╜,92.51,2.79,20558.08,49.65,31.76,17.89,56.34,"103Y12M"
66000,╗Oддел,66000040,жш░╧,66000040-009,д╜БFи╜,93.74,2.57,18474.85,33.4,18.33,15.07,82.24,"103Y12M"
66000,╗Oддел,66000040,жш░╧,66000040-010,йM└sи╜,102.02,2.47,20016.28,33.65,15.02,18.63,124.01,"103Y12M"
66000,╗Oддел,66000040,жш░╧,66000040-011,е┴└sи╜,94.32,2.41,10014.,33.44,18.2,15.23,83.68,"103Y12M"
66000,╗Oддел,66000040,жш░╧,66000040-012,лс└sи╜,94.03,2.41,15215.97,42.5,21.39,21.11,98.71,"103Y12M"
66000,╗Oддел,66000040,жш░╧,66000040-013,жw└sи╜,99.37,2.31,9408.11,34.5,12.1,22.4,185.21,"103Y12M"
66000,╗Oддел,66000040,жш░╧,66000040-014,жN└sи╜,88.73,2.63,21752.73,32.3,18.06,14.24,78.83,"103Y12M"
66000,╗Oддел,66000040,жш░╧,66000040-015,к@ени╜,88.98,2.56,24363.3,31.88,16.05,15.83,98.64,"103Y12M"
66000,╗Oддел,66000040,жш░╧,66000040-016,й╛й·и╜,91.02,2.5,16870.13,34.45,17.07,17.38,101.82,"103Y12M"
66000,╗Oддел,66000040,жш░╧,66000040-017,д╜е┐и╜,85.11,2.73,28615.28,30.64,21.97,8.67,39.47,"103Y12M"
66000,╗Oддел,66000040,жш░╧,66000040-018,дgоwи╜,94.19,2.59,16571.98,32.32,17.8,14.52,81.57,"103Y12M"
66000,╗Oддел,66000040,жш░╧,66000040-019,й╛╕█и╜,93.55,2.68,15829.21,34.08,16.62,17.46,105.02,"103Y12M"
66000,╗Oддел,66000040,жш░╧,66000040-020,д╜пqи╜,90.03,2.75,24017.39,32.29,16.26,16.03,98.56,"103Y12M"
66000,╗Oддел,66000040,жш░╧,66000040-021,дд┐│и╜,90.46,2.71,20733.67,35.09,16.65,18.44,110.76,"103Y12M"
66000,╗Oддел,66000040,жш░╧,66000040-022,д╜ени╜,85.47,2.54,28151.5,27.98,17.1,10.88,63.64,"103Y12M"
66000,╗Oддел,66000040,жш░╧,66000040-023,д╜╝wи╜,87.01,2.57,25555.74,30.64,20.32,10.32,50.77,"103Y12M"
66000,╗Oддел,66000040,жш░╧,66000040-024,О{└sи╜,93.79,2.56,14880.33,34.66,14.33,20.33,141.83,"103Y12M"
66000,╗Oддел,66000040,жш░╧,66000040-025,дjй╛и╜,86.24,2.53,24339.29,32.24,20.19,12.05,59.69,"103Y12M"
66000,╗Oддел,66000050,е_░╧,66000050-001,е·дjи╜,95.19,2.25,17275.8,30.56,13.31,17.25,129.58,"103Y12M"
66000,╗Oддел,66000050,е_░╧,66000050-002,дх▓°и╜,91.46,2.38,20895.99,39.46,13.31,26.15,196.47,"103Y12M"
66000,╗Oддел,66000050,е_░╧,66000050-003,дн▒`и╜,103.37,2.58,6827.27,33.39,16.31,17.08,104.69,"103Y12M"
66000,╗Oддел,66000050,е_░╧,66000050-004,╖s┐│и╜,105.65,2.26,6393.59,36.26,10.92,25.34,232.17,"103Y12M"
66000,╗Oддел,66000050,е_░╧,66000050-005,╖sе_и╜,97.61,2.25,8204.22,39.09,13.83,25.25,182.52,"103Y12M"
66000,╗Oддел,66000050,е_░╧,66000050-006,╝╓н^и╜,96.4,2.28,9507.3,42.39,12.15,30.24,248.89,"103Y12M"
66000,╗Oддел,66000050,е_░╧,66000050-007,└Aз°и╜,97.26,2.61,21390.72,35.89,15.32,20.57,134.3,"103Y12M"
66000,╗Oддел,66000050,е_░╧,66000050-008,л╪жии╜,97.23,2.71,16421.09,24.76,15.29,9.47,61.97,"103Y12M"
66000,╗Oддел,66000050,е_░╧,66000050-009,└Aмwи╜,98.35,2.57,30190.99,32.03,15.96,16.07,100.65,"103Y12M"
66000,╗Oддел,66000050,е_░╧,66000050-010,кў╡╪и╜,95.46,2.55,19877.01,34.08,17.96,16.11,89.7,"103Y12M"
66000,╗Oддел,66000050,е_░╧,66000050-011,кў└sи╜,94.87,2.44,15729.1,34.95,14.67,20.27,138.17,"103Y12M"
66000,╗Oддел,66000050,е_░╧,66000050-012,кЇнэи╜,89.13,2.59,9674.69,38.24,21.03,17.21,81.86,"103Y12M"
66000,╗Oддел,66000050,е_░╧,66000050-013,л╪┐│и╜,90.92,2.57,27549.03,31.37,16.15,15.22,94.22,"103Y12M"
66000,╗Oддел,66000050,е_░╧,66000050-014,│╗нэи╜,91.14,2.48,24381.84,32.77,17.61,15.16,86.05,"103Y12M"
66000,╗Oддел,66000050,е_░╧,66000050-015,┐рнэи╜,103.17,2.13,34178.92,30.78,20.3,10.48,51.62,"103Y12M"
66000,╗Oддел,66000050,е_░╧,66000050-016,┐рз°и╜,92.54,2.44,20047.23,31.85,15.91,15.94,100.16,"103Y12M"
66000,╗Oддел,66000050,е_░╧,66000050-017,и|╝wи╜,92.5,2.54,24205.89,34.28,17.75,16.53,93.09,"103Y12M"
66000,╗Oддел,66000050,е_░╧,66000050-018,▓H╖╛и╜,90.13,2.47,15122.09,32.25,17.35,14.9,85.9,"103Y12M"
66000,╗Oддел,66000050,е_░╧,66000050-019,дд╣Fи╜,97.54,2.64,16288.92,36.61,18.22,18.39,100.96,"103Y12M"
66000,╗Oддел,66000050,е_░╧,66000050-020,└A▓╗и╜,92.42,2.35,20491.97,30.87,15.47,15.4,99.59,"103Y12M"
66000,╗Oддел,66000050,е_░╧,66000050-021,░╖жци╜,94.04,2.73,16447.97,34.57,18.62,15.95,85.7,"103Y12M"
66000,╗Oддел,66000050,е_░╧,66000050-022,й·╝wи╜,92.45,2.73,21403.41,29.97,17.51,12.45,71.11,"103Y12M"
66000,╗Oддел,66000050,е_░╧,66000050-023,к°лCи╜,85.98,2.66,31310.95,32.01,20.07,11.94,59.48,"103Y12M"
66000,╗Oддел,66000050,е_░╧,66000050-024,┐рй·и╜,86.31,2.56,33138.37,29.57,18.99,10.58,55.71,"103Y12M"
66000,╗Oддел,66000050,е_░╧,66000050-025,┐р┐│и╜,87.74,2.66,28964.2,28.66,18.77,9.89,52.72,"103Y12M"
66000,╗Oддел,66000050,е_░╧,66000050-026,дде┐и╜,88.69,2.68,24563.49,60.81,39.5,21.31,53.94,"103Y12M"
66000,╗Oддел,66000050,е_░╧,66000050-027,д╗жXи╜,103.6,2.19,24101.52,32.37,11.84,20.54,173.45,"103Y12M"
66000,╗Oддел,66000050,е_░╧,66000050-028,дj┤Єи╜,98.46,2.59,21446.65,33.68,12.52,21.16,169.01,"103Y12M"
66000,╗Oддел,66000050,е_░╧,66000050-029,└Aени╜,90.46,2.37,8957.79,37.61,14.56,23.05,158.37,"103Y12M"
66000,╗Oддел,66000050,е_░╧,66000050-030,л╪╝wи╜,94.64,2.75,25475.63,33.9,15.7,18.2,115.93,"103Y12M"
66000,╗Oддел,66000050,е_░╧,66000050-031,▒R╝wи╜,89.53,2.54,23565.5,32.59,18.08,14.51,80.29,"103Y12M"
66000,╗Oддел,66000050,е_░╧,66000050-032,┐рйЇи╜,90.41,2.6,36332.37,28.68,18.25,10.44,57.2,"103Y12M"
66000,╗Oддел,66000050,е_░╧,66000050-033,й·╖sи╜,93.81,2.59,21132.52,29.34,15.32,14.01,91.45,"103Y12M"
66000,╗Oддел,66000050,е_░╧,66000050-034,е▀дHи╜,87.36,2.63,21892.89,27.57,18.21,9.36,51.41,"103Y12M"
66000,╗Oддел,66000050,е_░╧,66000050-035,▒Ўдtи╜,85.13,2.73,28454.08,29.2,21.18,8.03,37.91,"103Y12M"
66000,╗Oддел,66000050,е_░╧,66000050-036,┐р║╓и╜,89.03,2.67,25195.66,38.66,25.1,13.56,54.04,"103Y12M"
66000,╗Oддел,66000060,жшд┘░╧,66000060-001,жшжwи╜,93.33,2.84,13900.6,32.78,22.38,10.4,46.48,"103Y12M"
66000,╗Oддел,66000060,жшд┘░╧,66000060-002,жш╝[и╜,99.15,2.85,4203.82,37.46,23.94,13.52,56.49,"103Y12M"
66000,╗Oддел,66000060,жшд┘░╧,66000060-003,╝щмvи╜,109.67,2.26,4319.34,27.79,18.11,9.69,53.49,"103Y12M"
66000,╗Oддел,66000060,жшд┘░╧,66000060-004,└s╝ци╜,111.25,3.73,890.49,45.29,23.49,21.8,92.81,"103Y12M"
66000,╗Oддел,66000060,жшд┘░╧,66000060-005,┤fи╙и╜,88.53,2.5,8926.48,39.49,31.58,7.91,25.04,"103Y12M"
66000,╗Oддел,66000060,жшд┘░╧,66000060-006,дWе█и╜,88.51,2.42,31999.74,31.3,24.15,7.15,29.59,"103Y12M"
66000,╗Oддел,66000060,жшд┘░╧,66000060-007,│{е╥и╜,91.71,2.51,20574.23,28.7,18.13,10.56,58.24,"103Y12M"
66000,╗Oддел,66000060,жшд┘░╧,66000060-008,─P╡{и╜,95.03,2.52,4769.43,49.44,18.54,30.9,166.67,"103Y12M"
66000,╗Oддел,66000060,жшд┘░╧,66000060-009,жєжwи╜,90.97,2.69,18088.97,30.75,18.92,11.82,62.49,"103Y12M"
66000,╗Oддел,66000060,жшд┘░╧,66000060-010,жєнэи╜,89.56,2.64,27305.24,31.58,20.46,11.12,54.36,"103Y12M"
66000,╗Oддел,66000060,жшд┘░╧,66000060-011,дjкeи╜,95.98,3.17,8174.95,32.93,20.06,12.87,64.18,"103Y12M"
66000,╗Oддел,66000060,жшд┘░╧,66000060-012,дjе█и╜,93.94,2.35,4868.61,48.67,12.24,36.43,297.54,"103Y12M"
66000,╗Oддел,66000060,жшд┘░╧,66000060-013,дj║╓и╜,92.91,2.69,29278.57,31.55,14.59,16.97,116.34,"103Y12M"
66000,╗Oддел,66000060,жшд┘░╧,66000060-014,дj─Pи╜,91.76,2.69,25046.92,29.79,16.66,13.12,78.76,"103Y12M"
66000,╗Oддел,66000060,жшд┘░╧,66000060-015,┤фз└и╜,98.32,3.06,1794.51,33.57,22.86,10.72,46.89,"103Y12M"
66000,╗Oддел,66000060,жшд┘░╧,66000060-016,╝s║╓и╜,100.7,3.89,1569.49,38.47,25.25,13.22,52.35,"103Y12M"
66000,╗Oддел,66000060,жшд┘░╧,66000060-017,кLнэи╜,100.09,3.45,612.92,40.13,26.7,13.43,50.31,"103Y12M"
66000,╗Oддел,66000060,жшд┘░╧,66000060-018,е├жwи╜,96.23,2.67,5157.37,38.95,28.77,10.18,35.36,"103Y12M"
66000,╗Oддел,66000060,жшд┘░╧,66000060-019,║╓жwи╜,89.13,2.86,4240.79,35.83,28.26,7.57,26.78,"103Y12M"
66000,╗Oддел,66000060,жшд┘░╧,66000060-020,иєйMи╜,100.11,2.86,803.36,32.9,22.19,10.7,48.23,"103Y12M"
66000,╗Oддел,66000060,жшд┘░╧,66000060-021,жєдпи╜,93.09,2.76,16827.92,26.19,17.35,8.84,50.94,"103Y12M"
66000,╗Oддел,66000060,жшд┘░╧,66000060-022,жє╝wи╜,90.32,2.76,23006.35,28.72,19.12,9.6,50.23,"103Y12M"
66000,╗Oддел,66000060,жшд┘░╧,66000060-023,жє╖╜и╜,92.02,2.9,28854.17,25.63,16.08,9.56,59.44,"103Y12M"
66000,╗Oддел,66000060,жшд┘░╧,66000060-024,жшени╜,92.97,2.7,9886.63,39.66,26.1,13.55,51.92,"103Y12M"
66000,╗Oддел,66000060,жшд┘░╧,66000060-025,жєлnи╜,88.72,2.69,22337.49,26.86,16.32,10.54,64.57,"103Y12M"
66000,╗Oддел,66000060,жшд┘░╧,66000060-026,ж▄╡╜и╜,88.95,2.63,21773.57,29.71,22.27,7.43,33.37,"103Y12M"
66000,╗Oддел,66000060,жшд┘░╧,66000060-027,дWжwи╜,89.44,2.49,31538.01,32.09,25.46,6.64,26.08,"103Y12M"
66000,╗Oддел,66000060,жшд┘░╧,66000060-028,дW╝wи╜,91.45,2.74,26626.34,33.28,19.95,13.33,66.84,"103Y12M"
66000,╗Oддел,66000060,жшд┘░╧,66000060-029,│{║╓и╜,94.37,2.7,19691.55,31.5,21.89,9.61,43.91,"103Y12M"
66000,╗Oддел,66000060,жшд┘░╧,66000060-030,жєй·и╜,89.58,2.75,22947.4,29.3,18.58,10.72,57.68,"103Y12M"
66000,╗Oддел,66000060,жшд┘░╧,66000060-031,жєжии╜,87.58,2.64,28301.41,30.29,19.32,10.97,56.78,"103Y12M"
66000,╗Oддел,66000060,жшд┘░╧,66000060-032,жє║╓и╜,94.03,2.8,26477.25,29.21,16.86,12.35,73.27,"103Y12M"
66000,╗Oддел,66000060,жшд┘░╧,66000060-033,║╓йMи╜,97.42,3.15,6281.11,24.83,16.83,8.,47.5,"103Y12M"
66000,╗Oддел,66000060,жшд┘░╧,66000060-034,║╓дди╜,92.86,2.96,21338.23,23.77,16.9,6.87,40.65,"103Y12M"
66000,╗Oддел,66000060,жшд┘░╧,66000060-035,║╓ожи╜,93.51,2.56,4197.92,28.6,19.9,8.69,43.69,"103Y12M"
66000,╗Oддел,66000060,жшд┘░╧,66000060-036,║╓┴pи╜,91.09,2.44,1851.71,34.33,26.65,7.68,28.83,"103Y12M"
66000,╗Oддел,66000060,жшд┘░╧,66000060-037,║╓╖чи╜,89.93,2.64,17207.65,36.05,29.24,6.81,23.3,"103Y12M"
66000,╗Oддел,66000060,жшд┘░╧,66000060-038,║╓кLи╜,88.22,2.69,14738.22,35.32,27.92,7.4,26.49,"103Y12M"
66000,╗Oддел,66000060,жшд┘░╧,66000060-039,║╓╢ои╜,90.79,2.74,26968.16,37.71,30.01,7.69,25.63,"103Y12M"
66000,╗Oддел,66000070,лnд┘░╧,66000070-001,лnд┘и╜,91.63,2.82,27813.92,38.35,28.95,9.4,32.48,"103Y12M"
66000,╗Oддел,66000070,лnд┘░╧,66000070-002,┬╫╝╓и╜,95.5,2.9,4900.94,30.1,20.09,10.01,49.84,"103Y12M"
66000,╗Oддел,66000070,лnд┘░╧,66000070-003,╖м╛Ёи╜,101.13,3.1,3813.05,32.01,20.2,11.82,58.51,"103Y12M"
66000,╗Oддел,66000070,лnд┘░╧,66000070-004,ддйMи╜,100.3,3.23,7460.39,30.66,17.44,13.22,75.77,"103Y12M"
66000,╗Oддел,66000070,лnд┘░╧,66000070-005,мKк└и╜,107.79,2.45,1053.62,29.51,16.62,12.88,77.49,"103Y12M"
66000,╗Oддел,66000070,лnд┘░╧,66000070-006,мKжwи╜,105.79,2.67,4525.91,34.69,17.78,16.91,95.08,"103Y12M"
66000,╗Oддел,66000070,лnд┘░╧,66000070-007,дхдsи╜,93.41,2.66,2372.1,31.66,25.09,6.57,26.19,"103Y12M"
66000,╗Oддел,66000070,лnд┘░╧,66000070-008,╖sе═и╜,105.44,2.93,578.03,36.22,16.37,19.86,121.32,"103Y12M"
66000,╗Oддел,66000070,лnд┘░╧,66000070-009,е├йwи╜,96.77,2.89,7141.06,32.59,23.25,9.34,40.18,"103Y12M"
66000,╗Oддел,66000070,лnд┘░╧,66000070-010,дTнэи╜,87.41,2.85,21454.57,38.58,32.89,5.68,17.27,"103Y12M"
66000,╗Oддел,66000070,лnд┘░╧,66000070-011,╖╛сYи╜,88.84,2.86,15308.77,33.89,24.61,9.27,37.68,"103Y12M"
66000,╗Oддел,66000070,лnд┘░╧,66000070-012,е╨д▀и╜,92.01,2.87,14551.57,34.56,24.58,9.99,40.63,"103Y12M"
66000,╗Oддел,66000070,лnд┘░╧,66000070-013,╛дй·и╜,97.24,2.82,15456.7,42.22,20.52,21.69,105.7,"103Y12M"
66000,╗Oддел,66000070,лnд┘░╧,66000070-014,┬эени╜,112.23,3.23,749.2,34.6,17.56,17.04,97.08,"103Y12M"
66000,╗Oддел,66000070,лnд┘░╧,66000070-015,дjжPи╜,90.98,2.83,25935.87,30.,19.95,10.05,50.34,"103Y12M"
66000,╗Oддел,66000070,лnд┘░╧,66000070-016,дхд▀и╜,91.,2.71,29517.6,32.97,23.57,9.4,39.87,"103Y12M"
66000,╗Oддел,66000070,лnд┘░╧,66000070-017,жPд▀и╜,88.73,2.66,30304.67,29.59,21.18,8.41,39.72,"103Y12M"
66000,╗Oддел,66000070,лnд┘░╧,66000070-018,жVд▀и╜,103.35,2.45,18295.37,27.93,18.58,9.35,50.31,"103Y12M"
66000,╗Oддел,66000070,лnд┘░╧,66000070-019,дj╕█и╜,84.52,2.52,24068.38,28.89,20.03,8.87,44.27,"103Y12M"
66000,╗Oддел,66000070,лnд┘░╧,66000070-020,дj┐│и╜,90.16,2.99,19706.07,32.66,22.78,9.87,43.34,"103Y12M"
66000,╗Oддел,66000070,лnд┘░╧,66000070-021,дj╖~и╜,86.27,2.8,26223.48,30.29,22.01,8.28,37.6,"103Y12M"
66000,╗Oддел,66000070,лnд┘░╧,66000070-022,┤fдди╜,86.12,2.71,15788.93,35.77,27.88,7.89,28.3,"103Y12M"
66000,╗Oддел,66000070,лnд┘░╧,66000070-023,─_дsи╜,93.7,2.62,1721.96,31.85,24.49,7.36,30.04,"103Y12M"
66000,╗Oддел,66000070,лnд┘░╧,66000070-024,дTйMи╜,84.,2.69,30472.52,38.33,32.82,5.51,16.79,"103Y12M"
66000,╗Oддел,66000070,лnд┘░╧,66000070-025,дT╕qи╜,86.61,2.72,19135.63,37.57,31.04,6.52,21.02,"103Y12M"
66000,╗Oддел,66000080,е_д┘░╧,66000080-001,е_┐│и╜,92.64,2.74,9296.16,35.01,15.72,19.29,122.76,"103Y12M"
66000,╗Oддел,66000080,е_д┘░╧,66000080-002,е_д┘и╜,83.93,2.62,33849.06,26.88,15.61,11.27,72.24,"103Y12M"
66000,╗Oддел,66000080,е_д┘░╧,66000080-003,дTе·и╜,90.39,2.69,23620.54,27.91,16.5,11.41,69.14,"103Y12M"
66000,╗Oддел,66000080,е_д┘░╧,66000080-004,ене╨и╜,91.53,2.69,31915.31,27.24,17.81,9.44,53.01,"103Y12M"
66000,╗Oддел,66000080,е_д┘░╧,66000080-005,енйMи╜,84.53,2.66,21917.9,31.1,23.27,7.83,33.63,"103Y12M"
66000,╗Oддел,66000080,е_д┘░╧,66000080-006,кFе·и╜,92.69,2.68,18847.34,31.3,16.52,14.78,89.5,"103Y12M"
66000,╗Oддел,66000080,е_д┘░╧,66000080-007,┬┬к└и╜,94.1,2.89,2867.16,32.91,19.59,13.32,68.,"103Y12M"
66000,╗Oддел,66000080,е_д┘░╧,66000080-008,дЇ┤║и╜,94.81,2.97,6367.49,36.03,25.73,10.3,40.02,"103Y12M"
66000,╗Oддел,66000080,е_д┘░╧,66000080-009,нxе\и╜,96.85,3.18,5369.83,38.04,25.21,12.82,50.87,"103Y12M"
66000,╗Oддел,66000080,е_д┘░╧,66000080-010,йMени╜,93.99,3.09,3614.47,40.1,28.19,11.91,42.27,"103Y12M"
66000,╗Oддел,66000080,е_д┘░╧,66000080-011,кFдsи╜,99.33,3.18,354.29,38.78,19.25,19.54,101.51,"103Y12M"
66000,╗Oддел,66000080,е_д┘░╧,66000080-012,е┴мFи╜,114.53,3.2,110.44,35.05,15.01,20.05,133.59,"103Y12M"
66000,╗Oддел,66000080,е_д┘░╧,66000080-013,б╜дlи╜,98.55,2.61,1566.85,35.6,25.5,10.09,39.58,"103Y12M"
66000,╗Oддел,66000080,е_д┘░╧,66000080-014,дjз|и╜,106.45,3.22,308.76,31.78,16.03,15.76,98.31,"103Y12M"
66000,╗Oддел,66000080,е_д┘░╧,66000080-015,е┴╝wи╜,108.02,2.99,133.46,37.52,14.1,23.42,166.06,"103Y12M"
66000,╗Oддел,66000080,е_д┘░╧,66000080-016,кQж╦и╜,88.9,2.82,20742.65,33.75,23.8,9.95,41.83,"103Y12M"
66000,╗Oддел,66000080,е_д┘░╧,66000080-017,дпйMи╜,104.06,2.57,5087.57,30.94,20.08,10.86,54.11,"103Y12M"
66000,╗Oддел,66000080,е_д┘░╧,66000080-018,дпм№и╜,91.94,2.98,4849.65,40.93,29.78,11.15,37.44,"103Y12M"
66000,╗Oддел,66000080,е_д┘░╧,66000080-019,е|е┴и╜,104.13,3.28,8313.38,39.15,20.49,18.66,91.07,"103Y12M"
66000,╗Oддел,66000080,е_д┘░╧,66000080-020,жZ╔▄и╜,92.93,2.87,10429.52,28.83,18.04,10.79,59.82,"103Y12M"
66000,╗Oддел,66000080,е_д┘░╧,66000080-021,жP║aи╜,98.67,2.97,3051.62,31.95,18.57,13.38,72.03,"103Y12M"
66000,╗Oддел,66000080,е_д┘░╧,66000080-022,дп╖Rи╜,91.85,2.68,8536.55,32.73,12.59,20.14,160.,"103Y12M"
66000,╗Oддел,66000080,е_д┘░╧,66000080-023,дЇ┘їи╜,95.22,2.85,15724.69,32.75,15.86,16.89,106.49,"103Y12M"
66000,╗Oддел,66000080,е_д┘░╧,66000080-024,│пени╜,93.42,2.91,31126.7,28.83,17.32,11.51,66.43,"103Y12M"
66000,╗Oддел,66000080,е_д┘░╧,66000080-025,╖sени╜,95.94,2.75,5236.27,33.86,15.59,18.28,117.27,"103Y12M"
66000,╗Oддел,66000080,е_д┘░╧,66000080-026,енжwи╜,98.45,2.74,25000.,27.92,16.29,11.63,71.39,"103Y12M"
66000,╗Oддел,66000080,е_д┘░╧,66000080-027,ен╢╢и╜,88.38,2.63,41094.81,25.59,15.98,9.61,60.17,"103Y12M"
66000,╗Oддел,66000080,е_д┘░╧,66000080-028,ен╝wи╜,86.98,2.64,26247.86,30.83,20.31,10.52,51.81,"103Y12M"
66000,╗Oддел,66000080,е_д┘░╧,66000080-029,кQжwи╜,90.35,2.93,30203.41,27.71,17.95,9.76,54.39,"103Y12M"
66000,╗Oддел,66000080,е_д┘░╧,66000080-030,кQнZи╜,96.12,2.83,31752.82,24.37,14.77,9.6,64.99,"103Y12M"
66000,╗Oддел,66000080,е_д┘░╧,66000080-031,дj╝wи╜,96.01,2.93,25033.3,29.8,16.88,12.92,76.58,"103Y12M"
66000,╗Oддел,66000080,е_д┘░╧,66000080-032,кQ▒jи╜,91.41,2.79,9574.33,34.43,26.62,7.81,29.34,"103Y12M"
66000,╗Oддел,66000080,е_д┘░╧,66000080-033,кQлiи╜,94.73,2.96,32841.71,26.32,16.74,9.59,57.27,"103Y12M"
66000,╗Oддел,66000080,е_д┘░╧,66000080-034,е_и╩и╜,95.06,2.77,17272.5,37.02,17.25,19.78,114.68,"103Y12M"
66000,╗Oддел,66000080,е_д┘░╧,66000080-035,енд▀и╜,85.66,2.54,34465.37,29.71,20.08,9.63,47.95,"103Y12M"
66000,╗Oддел,66000080,е_д┘░╧,66000080-036,ен║╓и╜,87.63,2.79,29303.84,32.39,21.06,11.33,53.78,"103Y12M"
66000,╗Oддел,66000080,е_д┘░╧,66000080-037,кQйMи╜,93.28,2.88,35018.86,29.39,19.02,10.37,54.53,"103Y12M"
66000,╗Oддел,66000080,е_д┘░╧,66000080-038,ен╢зи╜,87.22,2.79,19542.18,29.52,20.5,9.02,43.99,"103Y12M"
66000,╗Oддел,66000080,е_д┘░╧,66000080-039,ен┐│и╜,87.33,2.66,31929.49,26.6,18.28,8.33,45.56,"103Y12M"
66000,╗Oддел,66000080,е_д┘░╧,66000080-040,енйўи╜,92.12,2.62,16573.11,27.24,14.59,12.64,86.63,"103Y12M"
66000,╗Oддел,66000080,е_д┘░╧,66000080-041,дTйMи╜,92.74,2.76,22045.72,27.64,15.75,11.88,75.42,"103Y12M"
66000,╗Oддел,66000080,е_д┘░╧,66000080-042,й╛ени╜,91.4,2.87,28880.27,28.61,17.25,11.36,65.87,"103Y12M"
66000,╗Oддел,66000090,┬╫нь░╧,66000090-001,┬╫ньи╜,93.43,2.8,13891.12,34.02,15.05,18.98,126.12,"103Y12M"
66000,╗Oддел,66000090,┬╫нь░╧,66000090-002,│╗╡єи╜,93.7,2.35,16125.7,36.42,9.01,27.42,304.48,"103Y12M"
66000,╗Oддел,66000090,┬╫нь░╧,66000090-003,дддsи╜,87.68,2.91,13328.11,50.15,21.62,28.53,131.97,"103Y12M"
66000,╗Oддел,66000090,┬╫нь░╧,66000090-004,┬╫║aи╜,87.31,2.52,14335.43,36.07,15.2,20.87,137.33,"103Y12M"
66000,╗Oддел,66000090,┬╫нь░╧,66000090-005,дU╡єи╜,96.03,2.87,16726.94,48.58,18.2,30.38,166.96,"103Y12M"
66000,╗Oддел,66000090,┬╫нь░╧,66000090-006,┤IмKи╜,101.46,3.27,27604.48,45.06,20.36,24.7,121.32,"103Y12M"
66000,╗Oддел,66000090,┬╫нь░╧,66000090-007,╕м─ки╜,100.49,3.04,18686.91,48.38,22.92,25.45,111.02,"103Y12M"
66000,╗Oддел,66000090,┬╫нь░╧,66000090-008,┬╫жши╜,95.33,2.7,8631.6,34.79,10.31,24.48,237.5,"103Y12M"
66000,╗Oддел,66000090,┬╫нь░╧,66000090-009,жшжwи╜,92.48,3.19,21624.02,44.26,25.43,18.83,74.06,"103Y12M"
66000,╗Oддел,66000090,┬╫нь░╧,66000090-010,жш╢╒и╜,98.8,3.07,11903.43,47.07,25.19,21.87,86.81,"103Y12M"
66000,╗Oддел,66000090,┬╫нь░╧,66000090-011,кF╢╒и╜,95.76,3.,19663.13,42.92,22.58,20.34,90.07,"103Y12M"
66000,╗Oддел,66000090,┬╫нь░╧,66000090-012,е┴е═и╜,94.06,2.8,19567.7,39.25,20.22,19.03,94.12,"103Y12M"
66000,╗Oддел,66000090,┬╫нь░╧,66000090-013,дj┘їи╜,101.13,2.89,16449.88,35.08,17.11,17.97,104.97,"103Y12M"
66000,╗Oддел,66000090,┬╫нь░╧,66000090-014,е_┘їи╜,100.23,3.03,12627.03,31.02,15.11,15.92,105.37,"103Y12M"
66000,╗Oддел,66000090,┬╫нь░╧,66000090-015,кF┘їи╜,109.29,3.75,1797.6,36.02,21.45,14.57,67.9,"103Y12M"
66000,╗Oддел,66000090,┬╫нь░╧,66000090-016,жш┘їи╜,100.32,3.45,3630.25,34.05,22.47,11.58,51.55,"103Y12M"
66000,╗Oддел,66000090,┬╫нь░╧,66000090-017,ж`╝dи╜,97.36,2.88,12391.26,32.37,13.67,18.7,136.73,"103Y12M"
66000,╗Oддел,66000090,┬╫нь░╧,66000090-018,┬╫ж`и╜,102.25,3.14,8209.12,30.14,14.74,15.4,104.44,"103Y12M"
66000,╗Oддел,66000090,┬╫нь░╧,66000090-019,к└е╓и╜,95.47,3.,11417.09,31.2,19.81,11.39,57.47,"103Y12M"
66000,╗Oддел,66000090,┬╫нь░╧,66000090-020,дTз°и╜,97.97,3.34,5138.4,34.05,20.93,13.12,62.69,"103Y12M"
66000,╗Oддел,66000090,┬╫нь░╧,66000090-021,дд┐│и╜,97.58,3.05,24687.46,39.9,20.09,19.81,98.61,"103Y12M"
66000,╗Oддел,66000090,┬╫нь░╧,66000090-022,е╨д▀и╜,100.84,2.78,13101.91,30.25,16.9,13.36,79.05,"103Y12M"
66000,╗Oддел,66000090,┬╫нь░╧,66000090-023,┬╫е╨и╜,99.43,3.37,7321.46,34.04,20.76,13.28,63.97,"103Y12M"
66000,╗Oддел,66000090,┬╫нь░╧,66000090-024,ёTз°и╜,104.15,3.49,1948.59,33.73,20.88,12.85,61.54,"103Y12M"
66000,╗Oддел,66000090,┬╫нь░╧,66000090-025,лn╢зи╜,92.84,3.2,15528.34,39.99,28.83,11.16,38.71,"103Y12M"
66000,╗Oддел,66000090,┬╫нь░╧,66000090-026,╢зй·и╜,90.45,3.16,11258.36,47.24,30.73,16.5,53.69,"103Y12M"
66000,╗Oддел,66000090,┬╫нь░╧,66000090-027,е_╢зи╜,96.81,3.29,6308.43,36.56,23.1,13.46,58.29,"103Y12M"
66000,╗Oддел,66000090,┬╫нь░╧,66000090-028,дд╢зи╜,92.14,3.36,20275.54,54.64,36.83,17.81,48.37,"103Y12M"
66000,╗Oддел,66000090,┬╫нь░╧,66000090-029,кF╢зи╜,104.68,3.73,301.3,35.1,17.65,17.45,98.83,"103Y12M"
66000,╗Oддел,66000090,┬╫нь░╧,66000090-030,лnз°и╜,92.97,3.07,7744.17,35.38,21.,14.38,68.47,"103Y12M"
66000,╗Oддел,66000090,┬╫нь░╧,66000090-031,лnе╨и╜,105.67,3.24,3355.27,32.07,15.98,16.09,100.65,"103Y12M"
66000,╗Oддел,66000090,┬╫нь░╧,66000090-032,лn╖Cи╜,104.41,3.43,509.34,30.27,16.52,13.75,83.2,"103Y12M"
66000,╗Oддел,66000090,┬╫нь░╧,66000090-033,п╬й·и╜,97.32,2.98,3987.48,32.19,19.2,12.99,67.65,"103Y12M"
66000,╗Oддел,66000090,┬╫нь░╧,66000090-034,п╬дlи╜,108.34,3.33,2905.14,32.73,16.91,15.82,93.58,"103Y12M"
66000,╗Oддел,66000090,┬╫нь░╧,66000090-035,п╬к└и╜,103.62,3.46,5999.78,32.69,17.66,15.03,85.11,"103Y12M"
66000,╗Oддел,66000090,┬╫нь░╧,66000090-036,ж╡дlи╜,108.82,3.5,1173.14,31.59,16.13,15.46,95.82,"103Y12M"
66000,╗Oддел,66000100,кF╢╒░╧,66000100-001,е_┐│и╜,108.15,2.58,5156.97,39.19,19.12,20.07,104.98,"103Y12M"
66000,╗Oддел,66000100,кF╢╒░╧,66000100-002,дд╣чи╜,93.63,2.64,7311.61,46.85,19.47,27.38,140.6,"103Y12M"
66000,╗Oддел,66000100,кF╢╒░╧,66000100-003,кFжwи╜,102.51,2.83,9676.92,56.91,26.06,30.86,118.42,"103Y12M"
66000,╗Oддел,66000100,кF╢╒░╧,66000100-004,лnени╜,102.62,3.05,9760.03,44.85,21.71,23.14,106.61,"103Y12M"
66000,╗Oддел,66000100,кF╢╒░╧,66000100-005,й╡ени╜,100.66,2.89,8203.93,42.27,18.78,23.5,125.14,"103Y12M"
66000,╗Oддел,66000100,кF╢╒░╧,66000100-006,дW╖sи╜,98.83,3.01,7350.98,37.86,16.14,21.72,134.53,"103Y12M"
66000,╗Oддел,66000100,кF╢╒░╧,66000100-007,╝s┐│и╜,111.81,3.,4544.25,51.52,26.18,25.34,96.77,"103Y12M"
66000,╗Oддел,66000100,кF╢╒░╧,66000100-008,оїйўи╜,104.,2.96,2815.07,41.28,18.38,22.91,124.63,"103Y12M"
66000,╗Oддел,66000100,кF╢╒░╧,66000100-009,дд╪ши╜,106.62,3.04,247.4,42.13,17.35,24.78,142.81,"103Y12M"
66000,╗Oддел,66000100,кF╢╒░╧,66000100-010,║╓╢йи╜,102.48,3.11,1985.72,32.4,16.18,16.22,100.19,"103Y12M"
66000,╗Oддел,66000100,кF╢╒░╧,66000100-011,╢й┐│и╜,110.3,2.97,93.29,37.37,14.89,22.49,151.06,"103Y12M"
66000,╗Oддел,66000100,кF╢╒░╧,66000100-012,╖s▓▒и╜,106.7,3.14,2365.92,36.61,18.46,18.15,98.28,"103Y12M"
66000,╗Oддел,66000100,кF╢╒░╧,66000100-013,█▀║╓и╜,105.24,3.11,613.09,43.75,16.78,26.97,160.71,"103Y12M"
66000,╗Oддел,66000100,кF╢╒░╧,66000100-014,дWл░и╜,109.27,2.96,358.9,46.44,13.49,32.95,244.34,"103Y12M"
66000,╗Oддел,66000100,кF╢╒░╧,66000100-015,дUл░и╜,109.51,2.78,858.07,43.42,11.,32.42,294.74,"103Y12M"
66000,╗Oддел,66000100,кF╢╒░╧,66000100-016,╝yкFи╜,111.97,3.19,401.07,42.26,15.04,27.21,180.93,"103Y12M"
66000,╗Oддел,66000100,кF╢╒░╧,66000100-017,╝y║╓и╜,116.67,3.03,102.03,41.46,13.76,27.7,201.31,"103Y12M"
66000,╗Oддел,66000100,кF╢╒░╧,66000100-018,кF╖sи╜,107.08,2.73,201.48,37.58,13.8,23.78,172.27,"103Y12M"
66000,╗Oддел,66000100,кF╢╒░╧,66000100-019,╕f╣чи╜,101.38,2.87,2090.92,33.79,13.89,19.9,143.21,"103Y12M"
66000,╗Oддел,66000100,кF╢╒░╧,66000100-020,дU╖sи╜,105.27,3.03,320.92,37.47,12.35,25.12,203.43,"103Y12M"
66000,╗Oддел,66000100,кF╢╒░╧,66000100-021,┐│╢йи╜,119.01,3.03,606.81,39.9,12.55,27.35,217.89,"103Y12M"
66000,╗Oддел,66000100,кF╢╒░╧,66000100-022,нZ┐│и╜,115.27,2.97,443.64,35.48,11.98,23.5,196.15,"103Y12M"
66000,╗Oддел,66000100,кF╢╒░╧,66000100-023,ої┐│и╜,114.72,3.27,308.04,42.42,15.15,27.27,180.,"103Y12M"
66000,╗Oддел,66000100,кF╢╒░╧,66000100-024,░ё└Yи╜,116.95,2.89,185.59,36.41,9.77,26.64,272.73,"103Y12M"
66000,╗Oддел,66000100,кF╢╒░╧,66000100-025,й·е┐и╜,121.44,3.18,136.02,43.46,15.86,27.6,174.01,"103Y12M"
66000,╗Oддел,66000110,дjе╥░╧,66000110-001,┤┬╢зи╜,94.15,3.25,16282.14,50.33,30.31,20.02,66.03,"103Y12M"
66000,╗Oддел,66000110,дjе╥░╧,66000110-002,дjе╥и╜,104.,3.01,11830.73,51.54,25.83,25.71,99.56,"103Y12M"
66000,╗Oддел,66000110,дjе╥░╧,66000110-003,╢╢д╤и╜,107.25,3.,15137.71,43.89,20.8,23.09,111.03,"103Y12M"
66000,╗Oддел,66000110,дjе╥░╧,66000110-004,д╒к∙и╜,109.29,3.06,10491.6,59.49,38.39,21.1,54.98,"103Y12M"
66000,╗Oддел,66000110,дjе╥░╧,66000110-005,енжwи╜,98.08,3.56,21001.54,45.44,30.33,15.11,49.83,"103Y12M"
66000,╗Oддел,66000110,дjе╥░╧,66000110-006,╔▄м№и╜,101.5,3.51,5287.47,39.13,22.72,16.41,72.21,"103Y12M"
66000,╗Oддел,66000110,дjе╥░╧,66000110-007,╖sм№и╜,100.09,3.27,9452.25,39.63,22.47,17.16,76.35,"103Y12M"
66000,╗Oддел,66000110,дjе╥░╧,66000110-008,йвдsи╜,102.03,3.37,5240.11,34.51,21.36,13.15,61.56,"103Y12M"
66000,╗Oддел,66000110,дjе╥░╧,66000110-009,дддsи╜,93.72,3.04,6920.75,28.71,17.56,11.15,63.52,"103Y12M"
66000,╗Oддел,66000110,дjе╥░╧,66000110-010,лn╢зи╜,104.31,2.98,7126.79,40.93,19.83,21.1,106.43,"103Y12M"
66000,╗Oддел,66000110,дjе╥░╧,66000110-011,┬╚н╖и╜,102.,2.91,15022.45,41.89,20.82,21.07,101.23,"103Y12M"
66000,╗Oддел,66000110,дjе╥░╧,66000110-012,╕qйMи╜,104.22,3.63,2372.82,33.98,21.56,12.41,57.56,"103Y12M"
66000,╗Oддел,66000110,дjе╥░╧,66000110-013,кZ│ои╜,104.92,3.88,662.88,39.03,16.99,22.04,129.76,"103Y12M"
66000,╗Oддел,66000110,дjе╥░╧,66000110-014,дхж▒и╜,106.12,3.74,350.02,39.4,16.75,22.65,135.19,"103Y12M"
66000,╗Oддел,66000110,дjе╥░╧,66000110-015,кZж▒и╜,103.28,4.19,1961.68,39.5,24.19,15.31,63.31,"103Y12M"
66000,╗Oддел,66000110,дjе╥░╧,66000110-016,дхкZи╜,94.81,3.43,15590.89,42.97,26.93,16.04,59.56,"103Y12M"
66000,╗Oддел,66000110,дjе╥░╧,66000110-017,й^д╞и╜,98.,3.25,3049.08,36.59,24.54,12.06,49.13,"103Y12M"
66000,╗Oддел,66000110,дjе╥░╧,66000110-018,╝wд╞и╜,107.99,3.67,884.64,33.14,17.49,15.66,89.53,"103Y12M"
66000,╗Oддел,66000110,дjе╥░╧,66000110-019,ж┐лnи╜,106.79,3.64,672.46,29.31,17.31,12.,69.34,"103Y12M"
66000,╗Oддел,66000110,дjе╥░╧,66000110-020,│╗й▒и╜,102.4,3.51,1447.07,37.45,25.09,12.36,49.25,"103Y12M"
66000,╗Oддел,66000110,дjе╥░╧,66000110-021,д╙е╒и╜,106.7,3.91,241.36,40.07,19.59,20.48,104.55,"103Y12M"
66000,╗Oддел,66000110,дjе╥░╧,66000110-022,йsмKи╜,99.84,3.49,1190.84,36.05,23.47,12.58,53.6,"103Y12M"
66000,╗Oддел,66000110,дjе╥░╧,66000110-023,йп║╓и╜,108.3,3.45,470.67,39.17,20.15,19.02,94.41,"103Y12M"
66000,╗Oддел,66000110,дjе╥░╧,66000110-024,дщлnи╜,105.19,3.38,2070.1,27.73,18.74,8.99,47.95,"103Y12M"
66000,╗Oддел,66000110,дjе╥░╧,66000110-025,└sмuи╜,115.61,3.68,480.19,36.53,17.58,18.94,107.73,"103Y12M"
66000,╗Oддел,66000110,дjе╥░╧,66000110-026,жшз┴и╜,102.78,3.89,651.52,35.56,16.23,19.33,119.07,"103Y12M"
66000,╗Oддел,66000110,дjе╥░╧,66000110-027,╗╔жwи╜,115.44,3.59,795.07,36.48,18.28,18.2,99.53,"103Y12M"
66000,╗Oддел,66000110,дjе╥░╧,66000110-028,║╓╝wи╜,101.03,3.71,719.75,38.17,18.98,19.19,101.07,"103Y12M"
66000,╗Oддел,66000110,дjе╥░╧,66000110-029,л╪┐│и╜,111.48,4.12,257.7,39.69,19.,20.69,108.87,"103Y12M"
66000,╗Oддел,66000120,▓MдЇ░╧,66000120-001,ў┤оpи╜,106.13,2.94,2179.08,44.21,19.53,24.68,126.37,"103Y12M"
66000,╗Oддел,66000120,▓MдЇ░╧,66000120-002,╞Fмuи╜,98.47,3.2,13957.65,48.91,25.43,23.48,92.31,"103Y12M"
66000,╗Oддел,66000120,▓MдЇ░╧,66000120-003,▓MдЇи╜,100.66,3.27,8320.2,50.49,30.88,19.62,63.52,"103Y12M"
66000,╗Oддел,66000120,▓MдЇ░╧,66000120-004,дхйўи╜,96.75,3.2,18218.34,55.04,31.11,23.93,76.92,"103Y12M"
66000,╗Oддел,66000120,▓MдЇ░╧,66000120-005,лn╣чи╜,102.15,3.26,9404.89,60.53,31.94,28.59,89.51,"103Y12M"
66000,╗Oддел,66000120,▓MдЇ░╧,66000120-006,жш╣чи╜,104.78,3.32,6582.21,38.43,20.4,18.03,88.38,"103Y12M"
66000,╗Oддел,66000120,▓MдЇ░╧,66000120-007,е_╣чи╜,108.45,2.96,8800.64,48.54,23.75,24.78,104.35,"103Y12M"
66000,╗Oддел,66000120,▓MдЇ░╧,66000120-008,дд┐│и╜,110.94,3.,16729.14,55.62,25.36,30.26,119.32,"103Y12M"
66000,╗Oддел,66000120,▓MдЇ░╧,66000120-009,жшк└и╜,107.74,3.33,5869.64,43.71,25.97,17.74,68.29,"103Y12M"
66000,╗Oддел,66000120,▓MдЇ░╧,66000120-010,лnк└и╜,99.59,3.19,5652.28,38.42,27.81,10.61,38.13,"103Y12M"
66000,╗Oддел,66000120,▓MдЇ░╧,66000120-011,╕╬╣┼и╜,102.93,3.67,1978.08,29.26,15.17,14.09,92.89,"103Y12M"
66000,╗Oддел,66000120,▓MдЇ░╧,66000120-012,┴{ж┐и╜,120.54,3.42,1440.98,32.76,14.85,17.91,120.57,"103Y12M"
66000,╗Oддел,66000120,▓MдЇ░╧,66000120-013,иqдЇи╜,102.93,3.31,4956.4,30.61,17.42,13.19,75.71,"103Y12M"
66000,╗Oддел,66000120,▓MдЇ░╧,66000120-014,кZ│└и╜,109.35,3.32,1947.36,31.53,17.16,14.37,83.76,"103Y12M"
66000,╗Oддел,66000120,▓MдЇ░╧,66000120-015,о№└╪и╜,107.79,3.23,393.31,33.11,17.75,15.36,86.56,"103Y12M"
66000,╗Oддел,66000120,▓MдЇ░╧,66000120-016,Юї╖}и╜,107.86,3.04,2090.72,27.21,15.82,11.39,72.04,"103Y12M"
66000,╗Oддел,66000120,▓MдЇ░╧,66000120-017,ддк└и╜,96.18,2.69,1623.38,38.3,18.77,19.52,104.,"103Y12M"
66000,╗Oддел,66000120,▓MдЇ░╧,66000120-018,░кжши╜,120.48,3.37,1189.19,35.28,15.92,19.36,121.62,"103Y12M"
66000,╗Oддел,66000120,▓MдЇ░╧,66000120-019,░клnи╜,114.86,3.61,300.19,38.01,15.52,22.49,144.92,"103Y12M"
66000,╗Oддел,66000120,▓MдЇ░╧,66000120-020,░ккFи╜,117.19,3.12,470.36,39.,16.55,22.45,135.71,"103Y12M"
66000,╗Oддел,66000120,▓MдЇ░╧,66000120-021,░ке_и╜,111.82,3.83,215.32,40.73,20.8,19.92,95.75,"103Y12M"
66000,╗Oддел,66000120,▓MдЇ░╧,66000120-022,░км№и╜,112.74,3.53,1402.1,38.53,18.54,19.98,107.76,"103Y12M"
66000,╗Oддел,66000120,▓MдЇ░╧,66000120-023,░ъйmи╜,110.12,3.56,1201.74,33.74,16.18,17.56,108.55,"103Y12M"
66000,╗Oддел,66000120,▓MдЇ░╧,66000120-024,╡╫оHи╜,105.75,3.8,1114.05,39.5,20.35,19.15,94.1,"103Y12M"
66000,╗Oддел,66000120,▓MдЇ░╧,66000120-025,│╗┘їи╜,117.16,3.64,524.83,37.48,17.37,20.1,115.73,"103Y12M"
66000,╗Oддел,66000120,▓MдЇ░╧,66000120-026,е╨╝dи╜,107.1,3.5,2876.39,33.09,16.38,16.71,101.99,"103Y12M"
66000,╗Oддел,66000120,▓MдЇ░╧,66000120-027,╛Ї└Yи╜,102.89,3.39,7142.19,34.32,21.42,12.91,60.27,"103Y12M"
66000,╗Oддел,66000120,▓MдЇ░╧,66000120-028,дU┘їи╜,107.14,3.63,1505.23,38.39,19.99,18.4,92.05,"103Y12M"
66000,╗Oддел,66000120,▓MдЇ░╧,66000120-029,кFдsи╜,109.42,3.28,603.2,39.28,19.07,20.21,105.97,"103Y12M"
66000,╗Oддел,66000120,▓MдЇ░╧,66000120-030,╖инэи╜,118.59,3.4,654.1,37.09,19.75,17.34,87.8,"103Y12M"
66000,╗Oддел,66000120,▓MдЇ░╧,66000120-031,о№н╖и╜,110.05,3.18,293.57,36.74,18.37,18.37,100.,"103Y12M"
66000,╗Oддел,66000120,▓MдЇ░╧,66000120-032,зdнэи╜,107.19,3.15,343.27,33.71,20.55,13.17,64.07,"103Y12M"
66000,╗Oддел,66000130,иF│└░╧,66000130-001,й~дпи╜,106.68,3.34,5613.27,40.58,22.15,18.43,83.21,"103Y12M"
66000,╗Oддел,66000130,иF│└░╧,66000130-002,мемuи╜,98.81,3.45,16164.65,54.9,29.74,25.16,84.6,"103Y12M"
66000,╗Oддел,66000130,иF│└░╧,66000130-003,иF│└и╜,100.32,3.63,8622.21,56.21,28.78,27.43,95.3,"103Y12M"
66000,╗Oддел,66000130,иF│└░╧,66000130-004,м№дпи╜,93.97,3.75,5029.62,53.58,32.32,21.26,65.77,"103Y12M"
66000,╗Oддел,66000130,иF│└░╧,66000130-005,┐│дпи╜,103.2,3.36,9165.09,42.55,26.78,15.77,58.9,"103Y12M"
66000,╗Oддел,66000130,иF│└░╧,66000130-006,дцйши╜,106.54,3.51,3968.12,36.37,22.51,13.85,61.55,"103Y12M"
66000,╗Oддел,66000130,иF│└░╧,66000130-007,│└оpи╜,103.59,3.4,4175.41,33.01,19.48,13.53,69.46,"103Y12M"
66000,╗Oддел,66000130,иF│└░╧,66000130-008,│└╝dи╜,97.95,3.45,5141.,36.04,23.61,12.43,52.66,"103Y12M"
66000,╗Oддел,66000130,иF│└░╧,66000130-009,ж╦кLи╜,100.92,3.44,2495.97,38.24,26.1,12.14,46.52,"103Y12M"
66000,╗Oддел,66000130,иF│└░╧,66000130-010,▓pд└и╜,116.16,3.48,341.47,40.17,23.14,17.03,73.58,"103Y12M"
66000,╗Oддел,66000130,иF│└░╧,66000130-011,е_╢╒и╜,105.68,3.29,6070.44,37.15,26.43,10.72,40.57,"103Y12M"
66000,╗Oддел,66000130,иF│└░╧,66000130-012,║╓┐│и╜,106.03,3.31,3496.54,33.3,23.66,9.64,40.77,"103Y12M"
66000,╗Oддел,66000130,иF│└░╧,66000130-013,о╩ж┐и╜,106.49,3.15,573.24,33.05,18.34,14.71,80.23,"103Y12M"
66000,╗Oддел,66000130,иF│└░╧,66000130-014,д╗╕Їи╜,103.89,3.1,2031.82,32.01,24.47,7.54,30.8,"103Y12M"
66000,╗Oддел,66000130,иF│└░╧,66000130-015,лn╢╒и╜,105.97,3.31,4102.57,35.48,25.89,9.6,37.07,"103Y12M"
66000,╗Oддел,66000130,иF│└░╧,66000130-016,оHдlи╜,104.17,2.99,1719.98,33.37,24.71,8.66,35.06,"103Y12M"
66000,╗Oддел,66000130,иF│└░╧,66000130-017,д╜й·и╜,104.98,3.03,2471.98,33.24,20.08,13.16,65.52,"103Y12M"
66000,╗Oддел,66000130,иF│└░╧,66000130-018,▓Mмuи╜,105.1,3.05,710.52,30.07,19.12,10.94,57.21,"103Y12M"
66000,╗Oддел,66000130,иF│└░╧,66000130-019,жш╢╒и╜,104.66,3.06,432.28,32.84,17.65,15.19,86.05,"103Y12M"
66000,╗Oддел,66000130,иF│└░╧,66000130-020,┐│жwи╜,101.82,3.31,5251.99,38.41,23.41,15.,64.07,"103Y12M"
66000,╗Oддел,66000130,иF│└░╧,66000130-021,дT│└и╜,100.45,2.75,3275.7,31.11,25.28,5.83,23.07,"103Y12M"
66000,╗Oддел,66000140,▒я┤╧░╧,66000140-001,│╗╝dи╜,93.93,2.88,2021.18,27.35,18.75,8.6,45.86,"103Y12M"
66000,╗Oддел,66000140,▒я┤╧░╧,66000140-002,дU╝dи╜,102.47,3.12,4180.29,33.65,19.47,14.18,72.83,"103Y12M"
66000,╗Oддел,66000140,▒я┤╧░╧,66000140-003,дде┐и╜,98.95,3.1,9875.56,33.78,19.38,14.39,74.24,"103Y12M"
66000,╗Oддел,66000140,▒я┤╧░╧,66000140-004,ддйMи╜,112.54,2.99,434.28,41.24,22.01,19.23,87.38,"103Y12M"
66000,╗Oддел,66000140,▒я┤╧░╧,66000140-005,дхд╞и╜,103.82,3.06,5336.88,38.37,19.13,19.23,100.5,"103Y12M"
66000,╗Oддел,66000140,▒я┤╧░╧,66000140-006,жwдпи╜,103.82,3.11,1715.44,35.25,18.02,17.22,95.56,"103Y12M"
66000,╗Oддел,66000140,▒я┤╧░╧,66000140-007,пє┘їи╜,106.21,3.22,897.29,30.7,18.82,11.88,63.12,"103Y12M"
66000,╗Oддел,66000140,▒я┤╧░╧,66000140-008,лn┬▓и╜,100.63,3.28,4234.15,31.95,22.03,9.92,45.05,"103Y12M"
66000,╗Oддел,66000140,▒я┤╧░╧,66000140-009,║╓╝wи╜,101.,3.49,3290.99,35.1,23.41,11.69,49.94,"103Y12M"
66000,╗Oддел,66000140,▒я┤╧░╧,66000140-010,дj╔▄и╜,99.17,3.46,8590.84,37.12,25.63,11.49,44.83,"103Y12M"
66000,╗Oддел,66000140,▒я┤╧░╧,66000140-011,дjз°и╜,99.83,3.57,6283.72,35.59,27.11,8.48,31.27,"103Y12M"
66000,╗Oддел,66000140,▒я┤╧░╧,66000140-012,┐│╣Aи╜,106.05,3.53,1284.16,34.94,19.77,15.18,76.77,"103Y12M"
66000,╗Oддел,66000140,▒я┤╧░╧,66000140-013,е├╣чи╜,103.25,3.97,2222.33,38.,22.79,15.21,66.74,"103Y12M"
66000,╗Oддел,66000140,▒я┤╧░╧,66000140-014,е├жwи╜,105.81,4.09,1394.19,35.12,20.56,14.56,70.83,"103Y12M"
66000,╗Oддел,66000150,жZи╜░╧,66000150-001,╝s║╓и╜,102.06,2.93,224.23,37.75,18.7,19.05,101.88,"103Y12M"
66000,╗Oддел,66000150,жZи╜░╧,66000150-002,дпи╜и╜,107.09,3.49,323.13,45.48,22.85,22.62,99.01,"103Y12M"
66000,╗Oддел,66000150,жZи╜░╧,66000150-003,╕qи╜и╜,101.99,3.17,6073.59,35.12,19.07,16.05,84.15,"103Y12M"
66000,╗Oддел,66000150,жZи╜░╧,66000150-004,жZи╜и╜,105.33,3.52,1738.38,35.28,17.93,17.36,96.83,"103Y12M"
66000,╗Oддел,66000150,жZи╜░╧,66000150-005,лpи╜и╜,104.87,3.55,2045.91,38.91,21.43,17.48,81.59,"103Y12M"
66000,╗Oддел,66000150,жZи╜░╧,66000150-006,╝[кFи╜,101.78,3.48,13062.81,40.15,24.3,15.84,65.17,"103Y12M"
66000,╗Oддел,66000150,жZи╜░╧,66000150-007,╝[жши╜,105.69,3.1,13849.73,37.95,18.16,19.79,109.,"103Y12M"
66000,╗Oддел,66000150,жZи╜░╧,66000150-008,╝[лnи╜,106.44,3.61,1148.75,36.45,21.38,15.07,70.47,"103Y12M"
66000,╗Oддел,66000150,жZи╜░╧,66000150-009,╝[е_и╜,100.88,3.58,4403.62,36.55,23.39,13.16,56.29,"103Y12M"
66000,╗Oддел,66000150,жZи╜░╧,66000150-010,ддйMи╜,99.54,3.67,2049.12,37.59,22.79,14.8,64.94,"103Y12M"
66000,╗Oддел,66000150,жZи╜░╧,66000150-011,┬┬к└и╜,104.38,3.81,379.76,40.2,26.56,13.64,51.36,"103Y12M"
66000,╗Oддел,66000150,жZи╜░╧,66000150-012,┴pжXи╜,107.36,3.74,740.51,38.39,19.8,18.59,93.88,"103Y12M"
66000,╗Oддел,66000150,жZи╜░╧,66000150-013,д╙ени╜,105.82,3.85,489.78,39.9,21.88,18.02,82.38,"103Y12M"
66000,╗Oддел,66000150,жZи╜░╧,66000150-014,м▄дsи╜,103.03,3.51,1480.34,37.83,21.97,15.86,72.21,"103Y12M"
66000,╗Oддел,66000150,жZи╜░╧,66000150-015,оїжwи╜,116.36,3.48,568.65,37.09,17.87,19.21,107.5,"103Y12M"
66000,╗Oддел,66000150,жZи╜░╧,66000150-016,д╜└]и╜,108.57,3.97,329.82,37.5,19.08,18.42,96.58,"103Y12M"
66000,╗Oддел,66000150,жZи╜░╧,66000150-017,дым▄и╜,110.24,3.71,536.7,40.67,22.26,18.41,82.7,"103Y12M"
66000,╗Oддел,66000150,жZи╜░╧,66000150-018,╕q╝wи╜,96.85,3.33,19869.45,34.94,18.24,16.7,91.57,"103Y12M"
66000,╗Oддел,66000160,плйг░╧,66000160-001,плйги╜,108.59,3.36,5565.09,32.89,19.54,13.35,68.31,"103Y12M"
66000,╗Oддел,66000160,плйг░╧,66000160-002,╔▄лeи╜,102.13,3.51,1866.28,33.12,18.88,14.24,75.43,"103Y12M"
66000,╗Oддел,66000160,плйг░╧,66000160-003,е_╔▄и╜,106.08,3.47,2586.04,31.01,17.73,13.28,74.88,"103Y12M"
66000,╗Oддел,66000160,плйг░╧,66000160-004,╔▄лси╜,111.12,3.9,1377.34,39.24,21.9,17.34,79.22,"103Y12M"
66000,╗Oддел,66000160,плйг░╧,66000160-005,к└дfи╜,104.25,3.59,5728.9,34.08,21.78,12.3,56.48,"103Y12M"
66000,╗Oддел,66000160,плйг░╧,66000160-006,к└лnи╜,103.31,3.68,3476.47,33.19,21.87,11.32,51.75,"103Y12M"
66000,╗Oддел,66000160,плйг░╧,66000160-007,дTиди╜,110.45,3.48,1497.92,36.18,20.92,15.26,72.98,"103Y12M"
66000,╗Oддел,66000160,плйг░╧,66000160-008,йд╕╠и╜,103.34,3.46,3393.63,30.23,16.49,13.74,83.33,"103Y12M"
66000,╗Oддел,66000160,плйг░╧,66000160-009,дjк└и╜,96.73,2.8,12432.95,24.16,15.81,8.35,52.82,"103Y12M"
66000,╗Oддел,66000160,плйг░╧,66000160-010,┬╫мwи╜,105.42,3.36,2433.87,30.99,16.13,14.86,92.12,"103Y12M"
66000,╗Oддел,66000160,плйг░╧,66000160-011,плмwи╜,101.97,3.84,1030.,33.94,19.17,14.78,77.1,"103Y12M"
66000,╗Oддел,66000160,плйг░╧,66000160-012,╖╦мwи╜,105.71,3.75,661.69,33.76,17.39,16.38,94.2,"103Y12M"
66000,╗Oддел,66000160,плйг░╧,66000160-013,ж`лeи╜,106.94,3.37,989.91,36.35,18.15,18.2,100.27,"103Y12M"
66000,╗Oддел,66000160,плйг░╧,66000160-014,╖s╔▄и╜,109.64,3.68,959.34,35.17,21.73,13.44,61.84,"103Y12M"
66000,╗Oддел,66000160,плйг░╧,66000160-015,ж`░Їи╜,105.87,3.37,1136.37,37.4,18.09,19.31,106.71,"103Y12M"
66000,╗Oддел,66000160,плйг░╧,66000160-016,дsе╓и╜,108.3,3.52,440.25,35.89,17.83,18.06,101.27,"103Y12M"
66000,╗Oддел,66000170,╝цдl░╧,66000170-001,╝ц╢зи╜,96.55,2.95,13072.85,30.62,19.74,10.88,55.11,"103Y12M"
66000,╗Oддел,66000170,╝цдl░╧,66000170-002,╝циqи╜,110.17,3.31,2158.74,41.49,20.87,20.62,98.77,"103Y12M"
66000,╗Oддел,66000170,╝цдl░╧,66000170-003,╝це_и╜,99.51,3.13,11155.8,36.95,21.24,15.7,73.92,"103Y12M"
66000,╗Oддел,66000170,╝цдl░╧,66000170-004,║╓дпи╜,96.87,2.95,8548.89,28.7,18.3,10.4,56.83,"103Y12M"
66000,╗Oддел,66000170,╝цдl░╧,66000170-005,└Yоaи╜,96.75,2.99,11969.16,32.34,24.18,8.15,33.71,"103Y12M"
66000,╗Oддел,66000170,╝цдl░╧,66000170-006,е╠╜йи╜,95.1,2.95,9394.89,28.96,20.4,8.56,41.98,"103Y12M"
66000,╗Oддел,66000170,╝цдl░╧,66000170-007,кF─_и╜,100.33,3.2,4049.02,28.63,17.66,10.97,62.14,"103Y12M"
66000,╗Oддел,66000170,╝цдl░╧,66000170-008,дj┤Iи╜,109.52,3.41,1591.59,29.83,19.44,10.38,53.41,"103Y12M"
66000,╗Oддел,66000170,╝цдl░╧,66000170-009,дj┬╫и╜,100.9,3.13,5307.95,31.87,23.12,8.75,37.86,"103Y12M"
66000,╗Oддел,66000170,╝цдl░╧,66000170-010,о▀кLи╜,104.36,3.19,4455.28,28.26,14.64,13.62,93.06,"103Y12M"
66000,╗Oддел,66000170,╝цдl░╧,66000170-011,╣┼дпи╜,108.08,3.44,2647.77,33.65,19.58,14.07,71.84,"103Y12M"
66000,╗Oддел,66000170,╝цдl░╧,66000170-012,╖sе╨и╜,102.06,3.09,339.85,30.87,12.36,18.5,149.7,"103Y12M"
66000,╗Oддел,66000170,╝цдl░╧,66000170-013,╗E┐│и╜,105.3,3.07,846.16,30.69,16.99,13.7,80.66,"103Y12M"
66000,╗Oддел,66000170,╝цдl░╧,66000170-014,└YоaкFи╜,97.02,2.87,15130.84,33.56,20.35,13.22,64.97,"103Y12M"
66000,╗Oддел,66000170,╝цдl░╧,66000170-015,оa┐│и╜,89.99,2.67,46583.87,32.23,24.46,7.78,31.81,"103Y12M"
66000,╗Oддел,66000170,╝цдl░╧,66000170-016,оa║╓и╜,94.21,3.03,23014.1,34.84,23.42,11.41,48.72,"103Y12M"
66000,╗Oддел,66000180,дj╢о░╧,66000180-001,дj╢ои╜,98.36,3.22,13593.56,33.1,20.51,12.59,61.37,"103Y12M"
66000,╗Oддел,66000180,дj╢о░╧,66000180-002,н√кLи╜,101.3,3.49,2663.61,34.42,24.67,9.75,39.54,"103Y12M"
66000,╗Oддел,66000180,дj╢о░╧,66000180-003,д╗─_и╜,102.55,3.25,1671.6,36.68,22.47,14.21,63.24,"103Y12M"
66000,╗Oддел,66000180,дj╢о░╧,66000180-004,иqдsи╜,109.06,3.71,1175.85,31.87,18.38,13.49,73.41,"103Y12M"
66000,╗Oддел,66000180,дj╢о░╧,66000180-005,й╛╕qи╜,101.96,2.67,1152.73,37.78,18.18,19.61,107.88,"103Y12M"
66000,╗Oддел,66000180,дj╢о░╧,66000180-006,╛юдsи╜,104.18,3.49,861.47,30.38,19.17,11.21,58.5,"103Y12M"
66000,╗Oддел,66000180,дj╢о░╧,66000180-007,дTйMи╜,101.2,3.45,3334.75,33.45,23.65,9.8,41.43,"103Y12M"
66000,╗Oддел,66000180,дj╢о░╧,66000180-008,жш─_и╜,103.66,3.56,2217.36,33.1,22.98,10.12,44.05,"103Y12M"
66000,╗Oддел,66000180,дj╢о░╧,66000180-009,дW╖ми╜,103.06,3.48,5639.47,31.63,23.25,8.38,36.02,"103Y12M"
66000,╗Oддел,66000180,дj╢о░╧,66000180-010,дGйMи╜,96.83,3.3,9081.39,27.89,21.37,6.52,30.49,"103Y12M"
66000,╗Oддел,66000180,дj╢о░╧,66000180-011,е|╝wи╜,98.86,3.38,4838.5,29.32,22.88,6.44,28.13,"103Y12M"
66000,╗Oддел,66000180,дj╢о░╧,66000180-012,дW╢ои╜,101.1,3.14,16318.99,28.99,19.87,9.12,45.87,"103Y12M"
66000,╗Oддел,66000180,дj╢о░╧,66000180-013,дх╢ои╜,96.32,3.15,8121.39,28.08,19.79,8.29,41.9,"103Y12M"
66000,╗Oддел,66000180,дj╢о░╧,66000180-014,дj╖ми╜,96.35,3.38,3373.24,29.57,22.06,7.52,34.07,"103Y12M"
66000,╗Oддел,66000180,дj╢о░╧,66000180-015,╢о╖ми╜,92.37,3.17,11476.24,26.22,19.37,6.85,35.35,"103Y12M"
66000,╗Oддел,66000190,╖sк└░╧,66000190-001,╖sк└и╜,101.74,3.36,7523.79,41.88,22.11,19.77,89.41,"103Y12M"
66000,╗Oддел,66000190,╖sк└░╧,66000190-002,┤_▓▒и╜,110.56,3.34,680.54,40.54,20.78,19.76,95.07,"103Y12M"
66000,╗Oддел,66000190,╖sк└░╧,66000190-003,дде┐и╜,112.52,3.33,649.31,40.41,19.95,20.46,102.56,"103Y12M"
66000,╗Oддел,66000190,╖sк└░╧,66000190-004,ды┤Єи╜,113.18,3.34,600.36,44.75,21.36,23.39,109.5,"103Y12M"
66000,╗Oддел,66000190,╖sк└░╧,66000190-005,▒Xдsи╜,114.62,3.82,243.1,45.57,17.72,27.85,157.14,"103Y12M"
66000,╗Oддел,66000190,╖sк└░╧,66000190-006,дjлnи╜,105.36,3.3,1292.63,48.01,19.24,28.76,149.5,"103Y12M"
66000,╗Oддел,66000190,╖sк└░╧,66000190-007,е├╖╜и╜,108.85,3.74,586.24,38.88,18.87,20.01,106.03,"103Y12M"
66000,╗Oддел,66000190,╖sк└░╧,66000190-008,дд┐│и╜,92.37,2.25,1874.95,45.62,15.34,30.28,197.4,"103Y12M"
66000,╗Oддел,66000190,╖sк└░╧,66000190-009,иєжии╜,109.24,3.5,217.09,42.,21.26,20.73,97.51,"103Y12M"
66000,╗Oддел,66000190,╖sк└░╧,66000190-010,кF┐│и╜,111.14,3.62,1400.6,43.67,17.37,26.3,151.38,"103Y12M"
66000,╗Oддел,66000190,╖sк└░╧,66000190-011,╝yжши╜,111.78,3.54,155.54,42.8,14.,28.8,205.77,"103Y12M"
66000,╗Oддел,66000190,╖sк└░╧,66000190-012,ддйMи╜,104.35,3.15,66.17,42.14,13.31,28.83,216.67,"103Y12M"
66000,╗Oддел,66000190,╖sк└░╧,66000190-013,║╓┐│и╜,120.16,2.89,56.32,47.54,16.65,30.89,185.53,"103Y12M"
66000,╗Oддел,66000200,е█йг░╧,66000200-001,е█йги╜,106.1,3.22,1307.76,40.96,20.76,20.2,97.32,"103Y12M"
66000,╗Oддел,66000200,е█йг░╧,66000200-002,╕Uжwи╜,106.42,3.11,3166.27,35.54,18.45,17.09,92.65,"103Y12M"
66000,╗Oддел,66000200,е█йг░╧,66000200-003,дEй╨и╜,116.54,3.1,994.2,35.49,16.54,18.95,114.53,"103Y12M"
66000,╗Oддел,66000200,е█йг░╧,66000200-004,кўмPи╜,113.37,3.4,276.33,43.54,17.03,26.51,155.62,"103Y12M"
66000,╗Oддел,66000200,е█йг░╧,66000200-005,└s┐│и╜,118.84,3.5,292.2,40.07,17.02,23.05,135.42,"103Y12M"
66000,╗Oддел,66000200,е█йг░╧,66000200-006,╕U┐│и╜,100.93,3.29,1755.27,34.47,17.12,17.35,101.36,"103Y12M"
66000,╗Oддел,66000200,е█йг░╧,66000200-007,▒Ўдlи╜,110.92,3.16,1154.69,38.69,17.98,20.71,115.19,"103Y12M"
66000,╗Oддел,66000200,е█йг░╧,66000200-008,дgд√и╜,109.35,3.19,1250.25,40.69,18.4,22.29,121.12,"103Y12M"
66000,╗Oддел,66000200,е█йг░╧,66000200-009,╝w┐│и╜,105.6,3.03,1506.73,34.5,14.64,19.86,135.64,"103Y12M"
66000,╗Oддел,66000200,е█йг░╧,66000200-010,йM▓▒и╜,102.36,2.73,995.44,35.34,14.75,20.59,139.62,"103Y12M"
66000,╗Oддел,66000210,е~оH░╧,66000210-001,е├┬╫и╜,108.25,3.47,288.6,35.72,16.8,18.92,112.67,"103Y12M"
66000,╗Oддел,66000210,е~оH░╧,66000210-002,д╗д└и╜,96.42,3.41,649.02,33.45,21.2,12.25,57.8,"103Y12M"
66000,╗Oддел,66000210,е~оH░╧,66000210-003,дTоrи╜,112.,3.54,418.4,38.62,18.32,20.3,110.78,"103Y12M"
66000,╗Oддел,66000210,е~оH░╧,66000210-004,дjжPи╜,105.35,3.47,2992.43,34.7,20.34,14.37,70.65,"103Y12M"
66000,╗Oддел,66000210,е~оH░╧,66000210-005,дЇм№и╜,107.51,3.18,582.43,29.02,14.97,14.04,93.81,"103Y12M"
66000,╗Oддел,66000210,е~оH░╧,66000210-006,дjкFи╜,102.02,3.22,3992.19,28.88,18.12,10.76,59.38,"103Y12M"
66000,╗Oддел,66000210,е~оH░╧,66000210-007,░и╗яи╜,113.82,3.55,760.86,35.99,15.94,20.05,125.77,"103Y12M"
66000,╗Oддел,66000210,е~оH░╧,66000210-008,дддsи╜,100.58,3.91,1178.32,36.77,17.84,18.93,106.11,"103Y12M"
66000,╗Oддел,66000210,е~оH░╧,66000210-009,┼Kдsи╜,106.11,3.41,800.68,35.4,16.27,19.13,117.63,"103Y12M"
66000,╗Oддел,66000210,е~оH░╧,66000210-010,дgл░и╜,114.65,3.99,469.37,36.96,16.8,20.17,120.08,"103Y12M"
66000,╗Oддел,66000210,е~оH░╧,66000210-011,б╜дlи╜,113.2,3.7,199.14,37.95,16.7,21.25,127.27,"103Y12M"
66000,╗Oддел,66000220,дjжw░╧,66000220-001,лnоHи╜,111.65,3.69,344.11,42.92,17.3,25.62,148.05,"103Y12M"
66000,╗Oддел,66000220,дjжw░╧,66000220-002,лn╔▄и╜,116.84,3.5,685.48,38.93,14.02,24.92,177.78,"103Y12M"
66000,╗Oддел,66000220,дjжw░╧,66000220-003,дд╔▄и╜,108.2,3.72,952.2,35.42,17.1,18.32,107.18,"103Y12M"
66000,╗Oддел,66000220,дjжw░╧,66000220-004,└tб╜и╜,114.46,3.87,500.2,40.28,15.74,24.54,155.87,"103Y12M"
66000,╗Oддел,66000220,дjжw░╧,66000220-005,║╓┐│и╜,117.23,3.7,1124.66,34.35,16.27,18.08,111.11,"103Y12M"
66000,╗Oддел,66000220,дjжw░╧,66000220-006,кFжwи╜,107.15,3.49,477.68,37.51,16.14,21.37,132.35,"103Y12M"
66000,╗Oддел,66000220,дjжw░╧,66000220-007,│╗жwи╜,103.53,3.84,198.01,41.55,17.94,23.61,131.65,"103Y12M"
66000,╗Oддел,66000220,дjжw░╧,66000220-008,е├жwи╜,117.12,3.65,686.87,38.26,17.86,20.4,114.23,"103Y12M"
66000,╗Oддел,66000220,дjжw░╧,66000220-009,║╓жэи╜,111.96,3.75,595.41,36.62,17.67,18.95,107.27,"103Y12M"
66000,╗Oддел,66000220,дjжw░╧,66000220-010,о№сYи╜,108.02,3.42,865.6,32.57,13.38,19.2,143.53,"103Y12M"
66000,╗Oддел,66000220,дjжw░╧,66000220-011,жшжwи╜,108.52,3.81,902.2,32.65,17.1,15.55,90.94,"103Y12M"
66000,╗Oддел,66000220,дjжw░╧,66000220-012,кQ╢ои╜,117.98,3.54,918.64,36.73,14.99,21.73,144.95,"103Y12M"
66000,╗Oддел,66000230,пQдщ░╧,66000230-001,пQдщи╜,101.51,2.88,9074.18,30.83,17.45,13.38,76.66,"103Y12M"
66000,╗Oддел,66000230,пQдщ░╧,66000230-002,┤Єдщи╜,104.,2.96,1965.74,32.82,16.84,15.99,94.93,"103Y12M"
66000,╗Oддел,66000230,пQдщ░╧,66000230-003,дTйMи╜,107.94,2.8,1689.77,34.4,19.27,15.13,78.52,"103Y12M"
66000,╗Oддел,66000230,пQдщ░╧,66000230-004,║aмuи╜,101.87,2.66,1671.72,29.36,14.85,14.51,97.66,"103Y12M"
66000,╗Oддел,66000230,пQдщ░╧,66000230-005,╛╟е╨и╜,111.6,3.17,740.84,31.04,13.05,17.99,137.83,"103Y12M"
66000,╗Oддел,66000230,пQдщ░╧,66000230-006,дE╝wи╜,96.5,3.2,13289.93,36.16,25.63,10.53,41.1,"103Y12M"
66000,╗Oддел,66000230,пQдщ░╧,66000230-007,дп╝wи╜,95.86,3.15,12988.35,34.13,24.2,9.93,41.05,"103Y12M"
66000,╗Oддел,66000230,пQдщ░╧,66000230-008,лeж╦и╜,102.36,3.62,1811.95,34.14,20.17,13.97,69.25,"103Y12M"
66000,╗Oддел,66000230,пQдщ░╧,66000230-009,дне·и╜,108.49,3.44,1828.64,31.63,16.81,14.82,88.19,"103Y12M"
66000,╗Oддел,66000230,пQдщ░╧,66000230-010,е·й·и╜,104.78,3.34,1520.97,34.59,18.89,15.7,83.11,"103Y12M"
66000,╗Oддел,66000230,пQдщ░╧,66000230-011,кF╢щи╜,112.01,3.74,658.99,33.1,19.48,13.62,69.92,"103Y12M"
66000,╗Oддел,66000230,пQдщ░╧,66000230-012,╖╦╘┼и╜,102.65,3.7,1945.23,30.36,18.37,11.99,65.28,"103Y12M"
66000,╗Oддел,66000230,пQдщ░╧,66000230-013,┴│╝ци╜,106.75,3.3,315.65,35.59,19.96,15.64,78.37,"103Y12M"
66000,╗Oддел,66000230,пQдщ░╧,66000230-014,е_и╜и╜,107.48,3.56,1138.9,32.38,18.06,14.31,79.25,"103Y12M"
66000,╗Oддел,66000230,пQдщ░╧,66000230-015,лnи╜и╜,107.54,3.78,733.07,31.8,15.27,16.53,108.28,"103Y12M"
66000,╗Oддел,66000230,пQдщ░╧,66000230-016,╖╦з└и╜,115.75,3.23,143.32,41.26,14.5,26.76,184.54,"103Y12M"
66000,╗Oддел,66000240,дjи{░╧,66000240-001,д¤е╨и╜,110.74,3.74,1120.17,35.73,21.07,14.65,69.53,"103Y12M"
66000,╗Oддел,66000240,дjи{░╧,66000240-002,ддйMи╜,105.27,3.89,588.23,34.74,17.56,17.18,97.81,"103Y12M"
66000,╗Oддел,66000240,дjи{░╧,66000240-003,║╓дsи╜,100.59,3.54,2742.66,33.24,19.72,13.52,68.56,"103Y12M"
66000,╗Oддел,66000240,дjи{░╧,66000240-004,└чоHи╜,106.78,3.8,746.41,32.29,17.26,15.02,87.01,"103Y12M"
66000,╗Oддел,66000240,дjи{░╧,66000240-005,к└╕}и╜,104.6,3.71,1557.63,33.42,18.39,15.03,81.73,"103Y12M"
66000,╗Oддел,66000240,дjи{░╧,66000240-006,╖s┐│и╜,112.57,3.36,415.83,32.36,20.09,12.27,61.05,"103Y12M"
66000,╗Oддел,66000240,дjи{░╧,66000240-007,дjкFи╜,107.33,3.35,1611.8,36.5,20.16,16.34,81.03,"103Y12M"
66000,╗Oддел,66000240,дjи{░╧,66000240-008,дjи{и╜,99.91,3.4,8322.18,40.37,18.95,21.42,112.99,"103Y12M"
66000,╗Oддел,66000240,дjи{░╧,66000240-009,е├йMи╜,106.67,3.49,1519.64,37.13,15.82,21.31,134.75,"103Y12M"
66000,╗Oддел,66000240,дjи{░╧,66000240-010,┴D╖╦и╜,109.49,3.39,863.11,38.3,20.96,17.34,82.72,"103Y12M"
66000,╗Oддел,66000240,дjи{░╧,66000240-011,е├╢╢и╜,119.8,3.83,956.45,37.89,16.98,20.91,123.17,"103Y12M"
66000,╗Oддел,66000240,дjи{░╧,66000240-012,жие\и╜,114.23,3.71,462.46,35.38,17.28,18.11,104.79,"103Y12M"
66000,╗Oддел,66000240,дjи{░╧,66000240-013,дs╢зи╜,110.32,3.5,833.09,43.37,20.02,23.35,116.67,"103Y12M"
66000,╗Oддел,66000240,дjи{░╧,66000240-014,│╗╡єи╜,100.7,3.14,4053.35,33.64,23.75,9.89,41.67,"103Y12M"
66000,╗Oддел,66000240,дjи{░╧,66000240-015,╖чдли╜,103.52,3.32,1879.54,29.,17.86,11.14,62.37,"103Y12M"
66000,╗Oддел,66000240,дjи{░╧,66000240-016,╜йб╜и╜,102.55,3.22,5641.,31.71,20.55,11.15,54.26,"103Y12M"
66000,╗Oддел,66000240,дjи{░╧,66000240-017,ж█▒jи╜,98.58,2.91,14099.65,28.56,15.84,12.71,80.24,"103Y12M"
66000,╗Oддел,66000250,└sдл░╧,66000250-001,ж╦з|и╜,106.35,3.54,967.38,30.35,19.08,11.27,59.1,"103Y12M"
66000,╗Oддел,66000250,└sдл░╧,66000250-002,└sкFи╜,107.02,3.66,3484.35,36.44,21.33,15.11,70.84,"103Y12M"
66000,╗Oддел,66000250,└sдл░╧,66000250-003,└sжши╜,95.65,3.65,3333.35,38.13,21.57,16.57,76.82,"103Y12M"
66000,╗Oддел,66000250,└sдл░╧,66000250-004,е╨дди╜,104.76,3.87,2071.42,31.8,20.72,11.08,53.47,"103Y12M"
66000,╗Oддел,66000250,└sдл░╧,66000250-005,║╓е╨и╜,103.62,3.9,177.,36.57,15.91,20.66,129.86,"103Y12M"
66000,╗Oддел,66000250,└sдл░╧,66000250-006,─RдЇи╜,114.67,3.47,329.77,36.72,20.71,16.01,77.32,"103Y12M"
66000,╗Oддел,66000250,└sдл░╧,66000250-007,└sмzи╜,104.4,3.96,2251.82,37.26,21.94,15.32,69.8,"103Y12M"
66000,╗Oддел,66000250,└sдл░╧,66000250-008,дT╝wи╜,107.15,4.01,1666.48,33.71,20.69,13.02,62.92,"103Y12M"
66000,╗Oддел,66000250,└sдл░╧,66000250-009,й╛йMи╜,106.11,4.05,966.96,35.8,22.54,13.26,58.82,"103Y12M"
66000,╗Oддел,66000250,└sдл░╧,66000250-010,дs╕}и╜,103.89,3.41,2636.01,32.77,22.89,9.88,43.16,"103Y12M"
66000,╗Oддел,66000250,└sдл░╧,66000250-011,└sмuи╜,102.9,3.23,2206.29,34.13,22.22,11.91,53.63,"103Y12M"
66000,╗Oддел,66000250,└sдл░╧,66000250-012,└s▒^и╜,98.81,3.55,1639.28,33.74,22.56,11.18,49.53,"103Y12M"
66000,╗Oддел,66000250,└sдл░╧,66000250-013,╖s╔▄и╜,100.65,3.68,2572.98,34.85,23.9,10.95,45.8,"103Y12M"
66000,╗Oддел,66000250,└sдл░╧,66000250-014,лn╝dи╜,100.5,4.07,1145.97,37.71,24.37,13.34,54.75,"103Y12M"
66000,╗Oддел,66000250,└sдл░╧,66000250-015,╖sкFи╜,100.25,2.87,7409.37,29.21,18.12,11.09,61.17,"103Y12M"
66000,╗Oддел,66000250,└sдл░╧,66000250-016,кFо№и╜,97.09,2.79,8248.4,24.93,15.87,9.06,57.09,"103Y12M"
66000,╗Oддел,66000260,├·оp░╧,66000260-001,офкLи╜,111.26,3.26,70.36,37.81,16.65,21.16,127.06,"103Y12M"
66000,╗Oддел,66000260,├·оp░╧,66000260-002,жNоpи╜,103.6,3.19,3475.48,26.68,14.62,12.07,82.55,"103Y12M"
66000,╗Oддел,66000260,├·оp░╧,66000260-003,е╥▒Gи╜,102.32,3.02,5937.38,30.74,15.14,15.6,103.04,"103Y12M"
66000,╗Oддел,66000260,├·оp░╧,66000260-004,е╗╢mи╜,102.35,2.87,8586.15,32.54,15.12,17.43,115.31,"103Y12M"
66000,╗Oддел,66000260,├·оp░╧,66000260-005,дде┐и╜,97.95,2.94,16490.41,31.57,17.37,14.21,81.82,"103Y12M"
66000,╗Oддел,66000260,├·оp░╧,66000260-006,└A║aи╜,108.31,3.09,672.18,34.48,18.01,16.48,91.49,"103Y12M"
66000,╗Oддел,66000260,├·оp░╧,66000260-007,╡▄╢щи╜,105.87,3.35,355.04,39.61,18.08,21.53,119.05,"103Y12M"
66000,╗Oддел,66000260,├·оp░╧,66000260-008,е╗░єи╜,96.66,2.96,7220.6,36.27,19.39,16.88,87.03,"103Y12M"
66000,╗Oддел,66000260,├·оp░╧,66000260-009,з|дfи╜,103.66,3.08,326.27,35.28,17.16,18.12,105.57,"103Y12M"
66000,╗Oддел,66000260,├·оp░╧,66000260-010,е_мhи╜,102.15,3.46,2790.42,34.,19.66,14.34,72.93,"103Y12M"
66000,╗Oддел,66000260,├·оp░╧,66000260-011,лnмhи╜,101.29,3.75,882.57,39.3,24.61,14.68,59.66,"103Y12M"
66000,╗Oддел,66000260,├·оp░╧,66000260-012,е|╝wи╜,113.93,3.49,1011.39,33.42,16.93,16.49,97.39,"103Y12M"
66000,╗Oддел,66000260,├·оp░╧,66000260-013,дн║╓и╜,107.28,3.75,759.55,33.52,15.25,18.27,119.83,"103Y12M"
66000,╗Oддел,66000260,├·оp░╧,66000260-014,╕U┬╫и╜,106.5,3.3,160.52,35.73,16.26,19.47,119.78,"103Y12M"
66000,╗Oддел,66000260,├·оp░╧,66000260-015,┬┬е┐и╜,108.98,3.6,616.37,36.46,17.98,18.48,102.74,"103Y12M"
66000,╗Oддел,66000260,├·оp░╧,66000260-016,оpижи╜,112.97,3.65,169.79,40.95,19.23,21.72,112.9,"103Y12M"
66000,╗Oддел,66000260,├·оp░╧,66000260-017,д╗к╤и╜,106.73,3.59,992.14,36.72,19.11,17.61,92.15,"103Y12M"
66000,╗Oддел,66000260,├·оp░╧,66000260-018,дBеxи╜,111.67,3.85,899.63,32.21,16.93,15.28,90.21,"103Y12M"
66000,╗Oддел,66000260,├·оp░╧,66000260-019,е_╢╒и╜,104.17,3.87,884.11,36.94,22.23,14.71,66.17,"103Y12M"
66000,╗Oддел,66000260,├·оp░╧,66000260-020,лn╢╒и╜,108.72,4.05,430.33,37.27,21.03,16.25,77.27,"103Y12M"
66000,╗Oддел,66000270,д╙ен░╧,66000270-001,д╙ени╜,106.43,3.38,3036.41,32.86,19.79,13.07,66.07,"103Y12M"
66000,╗Oддел,66000270,д╙ен░╧,66000270-002,к°╗їи╜,97.43,3.2,7372.68,29.94,21.7,8.24,37.99,"103Y12M"
66000,╗Oддел,66000270,д╙ен░╧,66000270-003,ддени╜,102.02,3.2,17926.62,31.96,21.12,10.84,51.31,"103Y12M"
66000,╗Oддел,66000270,д╙ен░╧,66000270-004,дд┐│и╜,100.64,3.22,5017.4,28.41,16.94,11.46,67.66,"103Y12M"
66000,╗Oддел,66000270,д╙ен░╧,66000270-005,л╪░ъи╜,100.81,3.19,6235.82,28.64,16.56,12.08,72.93,"103Y12M"
66000,╗Oддел,66000270,д╙ен░╧,66000270-006,кFени╜,96.73,3.16,11321.34,32.82,23.22,9.59,41.31,"103Y12M"
66000,╗Oддел,66000270,д╙ен░╧,66000270-007,йyкYи╜,98.4,3.04,10505.37,29.4,17.78,11.62,65.32,"103Y12M"
66000,╗Oддел,66000270,д╙ен░╧,66000270-008,дддsи╜,114.27,2.47,16810.13,29.2,14.71,14.49,98.55,"103Y12M"
66000,╗Oддел,66000270,д╙ен░╧,66000270-009,йWкLи╜,103.32,3.16,1879.7,35.38,17.92,17.46,97.45,"103Y12M"
66000,╗Oддел,66000270,д╙ен░╧,66000270-010,е·╡╪и╜,98.27,3.01,12840.94,28.47,15.52,12.95,83.43,"103Y12M"
66000,╗Oддел,66000270,д╙ен░╧,66000270-011,╖sйWи╜,96.55,2.84,19518.6,30.53,21.85,8.68,39.73,"103Y12M"
66000,╗Oддел,66000270,д╙ен░╧,66000270-012,╖sе·и╜,99.65,3.12,14373.31,29.8,18.35,11.45,62.41,"103Y12M"
66000,╗Oддел,66000270,д╙ен░╧,66000270-013,╖s║╓и╜,88.83,2.81,11967.28,28.12,16.39,11.73,71.59,"103Y12M"
66000,╗Oддел,66000270,д╙ен░╧,66000270-014,└YиXи╜,106.35,3.31,89.07,39.75,17.63,22.12,125.44,"103Y12M"
66000,╗Oддел,66000270,д╙ен░╧,66000270-015,кFиXи╜,113.27,2.98,40.03,39.74,12.54,27.2,216.94,"103Y12M"
66000,╗Oддел,66000270,д╙ен░╧,66000270-016,┐│╢йи╜,98.99,3.29,1634.79,35.61,20.2,15.41,76.28,"103Y12M"
66000,╗Oддел,66000270,д╙ен░╧,66000270-017,е·╢йи╜,108.04,3.36,1649.,33.21,20.16,13.05,64.75,"103Y12M"
66000,╗Oддел,66000270,д╙ен░╧,66000270-018,╝w╢йи╜,103.28,3.19,4151.52,30.39,21.05,9.35,44.41,"103Y12M"
66000,╗Oддел,66000270,д╙ен░╧,66000270-019,╢└ж╦и╜,134.63,2.45,32.89,38.62,11.11,27.51,247.62,"103Y12M"
66000,╗Oддел,66000270,д╙ен░╧,66000270-020,е├жии╜,95.8,3.22,21704.07,28.2,21.54,6.66,30.93,"103Y12M"
66000,╗Oддел,66000270,д╙ен░╧,66000270-021,е├ени╜,97.66,3.1,20538.07,28.93,19.11,9.82,51.4,"103Y12M"
66000,╗Oддел,66000270,д╙ен░╧,66000270-022,жие\и╜,99.4,3.11,7910.95,30.85,21.43,9.42,43.95,"103Y12M"
66000,╗Oддел,66000270,д╙ен░╧,66000270-023,кFйMи╜,94.29,3.18,1909.6,28.16,18.76,9.4,50.11,"103Y12M"
66000,╗Oддел,66000270,д╙ен░╧,66000270-024,ддмFи╜,101.79,3.02,20179.7,30.55,18.42,12.12,65.81,"103Y12M"
66000,╗Oддел,66000270,д╙ен░╧,66000270-025,енжwи╜,102.32,3.28,6974.04,28.35,17.71,10.64,60.05,"103Y12M"
66000,╗Oддел,66000270,д╙ен░╧,66000270-026,л╪┐│и╜,100.75,2.88,8228.51,26.59,15.23,11.37,74.64,"103Y12M"
66000,╗Oддел,66000270,д╙ен░╧,66000270-027,╖s┐│и╜,90.66,2.59,10191.91,27.59,20.69,6.9,33.33,"103Y12M"
66000,╗Oддел,66000270,д╙ен░╧,66000270-028,╖s░ки╜,97.61,2.61,8315.82,26.41,18.15,8.25,45.47,"103Y12M"
66000,╗Oддел,66000270,д╙ен░╧,66000270-029,╖sжNи╜,101.77,3.11,21954.05,27.47,18.77,8.69,46.31,"103Y12M"
66000,╗Oддел,66000270,д╙ен░╧,66000270-030,╖sл░и╜,93.69,2.84,23460.59,29.02,21.78,7.24,33.27,"103Y12M"
66000,╗Oддел,66000270,д╙ен░╧,66000270-031,йyи╬и╜,93.59,2.93,15884.3,24.22,16.05,8.16,50.83,"103Y12M"
66000,╗Oддел,66000270,д╙ен░╧,66000270-032,йyйўи╜,103.02,2.92,15894.58,26.94,16.63,10.31,61.96,"103Y12M"
66000,╗Oддел,66000270,д╙ен░╧,66000270-033,е·й·и╜,96.5,2.81,14157.36,29.48,16.22,13.26,81.75,"103Y12M"
66000,╗Oддел,66000270,д╙ен░╧,66000270-034,┬╫ж~и╜,99.06,3.06,8491.17,30.15,15.96,14.19,88.89,"103Y12M"
66000,╗Oддел,66000270,д╙ен░╧,66000270-035,дj┐│и╜,99.8,3.14,828.,27.25,14.77,12.48,84.5,"103Y12M"
66000,╗Oддел,66000270,д╙ен░╧,66000270-036,╢╘пqи╜,92.17,2.93,1936.95,35.85,17.45,18.4,105.44,"103Y12M"
66000,╗Oддел,66000270,д╙ен░╧,66000270-037,╕tйMи╜,115.86,3.11,460.02,32.94,14.87,18.08,121.57,"103Y12M"
66000,╗Oддел,66000270,д╙ен░╧,66000270-038,║╓╢йи╜,99.48,3.14,2432.61,28.19,18.22,9.97,54.7,"103Y12M"
66000,╗Oддел,66000270,д╙ен░╧,66000270-039,е├╢йи╜,104.21,3.27,1141.79,32.03,21.4,10.63,49.7,"103Y12M"
66000,╗Oддел,66000280,дjи╜░╧,66000280-001,дjи╜и╜,102.46,3.27,3286.47,28.58,16.21,12.37,76.3,"103Y12M"
66000,╗Oддел,66000280,дjи╜░╧,66000280-002,╖sи╜и╜,103.55,2.91,10405.91,31.09,22.2,8.89,40.03,"103Y12M"
66000,╗Oддел,66000280,дjи╜░╧,66000280-003,╛Ёд¤и╜,100.52,3.66,2445.68,40.14,26.92,13.21,49.08,"103Y12M"
66000,╗Oддел,66000280,дjи╜░╧,66000280-004,кF┐│и╜,94.49,3.13,25810.74,27.92,18.2,9.72,53.43,"103Y12M"
66000,╗Oддел,66000280,дjи╜░╧,66000280-005,▓╗┐│и╜,94.51,2.74,15548.54,30.41,17.11,13.3,77.74,"103Y12M"
66000,╗Oддел,66000280,дjи╜░╧,66000280-006,дщ╖sи╜,101.39,2.97,9497.68,33.18,17.96,15.22,84.77,"103Y12M"
66000,╗Oддел,66000280,дjи╜░╧,66000280-007,жш║aи╜,93.48,2.92,23736.95,34.66,21.12,13.54,64.11,"103Y12M"
66000,╗Oддел,66000280,дjи╜░╧,66000280-008,д║╖sи╜,91.83,2.72,21657.01,26.41,17.36,9.05,52.14,"103Y12M"
66000,╗Oддел,66000280,дjи╜░╧,66000280-009,кFк@и╜,104.03,3.12,3465.23,32.08,18.68,13.39,71.69,"103Y12M"
66000,╗Oддел,66000280,дjи╜░╧,66000280-010,е▀дпи╜,98.66,3.04,13359.77,26.8,18.23,8.56,46.97,"103Y12M"
66000,╗Oддел,66000280,дjи╜░╧,66000280-011,╖sдпи╜,100.34,3.2,15248.37,27.8,18.01,9.79,54.36,"103Y12M"
66000,╗Oддел,66000280,дjи╜░╧,66000280-012,дjд╕и╜,100.16,3.38,3559.89,32.84,21.09,11.75,55.72,"103Y12M"
66000,╗Oддел,66000280,дjи╜░╧,66000280-013,оLе╨и╜,117.01,3.42,452.92,30.88,12.37,18.51,149.55,"103Y12M"
66000,╗Oддел,66000280,дjи╜░╧,66000280-014,дпд╞и╜,99.4,3.38,4881.98,30.85,22.6,8.25,36.52,"103Y12M"
66000,╗Oддел,66000280,дjи╜░╧,66000280-015,░╖е┴и╜,108.01,3.12,1673.68,28.51,15.97,12.54,78.5,"103Y12M"
66000,╗Oддел,66000280,дjи╜░╧,66000280-016,╢юл░и╜,104.57,3.28,5321.92,27.23,17.06,10.17,59.6,"103Y12M"
66000,╗Oддел,66000280,дjи╜░╧,66000280-017,╖чл░и╜,97.33,3.33,12377.89,31.42,23.17,8.25,35.62,"103Y12M"
66000,╗Oддел,66000280,дjи╜░╧,66000280-018,кўл░и╜,95.23,3.07,21700.31,32.66,21.51,11.15,51.86,"103Y12M"
66000,╗Oддел,66000280,дjи╜░╧,66000280-019,кF┤Єи╜,96.6,2.88,8818.77,26.51,17.02,9.49,55.75,"103Y12M"
66000,╗Oддел,66000280,дjи╜░╧,66000280-020,жш┤Єи╜,100.06,3.31,1241.49,31.4,20.02,11.39,56.9,"103Y12M"
66000,╗Oддел,66000280,дjи╜░╧,66000280-021,░ъе·и╜,93.72,3.23,13903.32,30.2,22.36,7.84,35.09,"103Y12M"
66000,╗Oддел,66000280,дjи╜░╧,66000280-022,дjй·и╜,96.81,2.94,16542.67,32.86,20.82,12.03,57.78,"103Y12M"
66000,╗Oддел,66000280,дjи╜░╧,66000280-023,е├╢йи╜,90.2,3.17,12604.14,43.28,38.57,4.71,12.2,"103Y12M"
66000,╗Oддел,66000280,дjи╜░╧,66000280-024,к°║aи╜,90.05,3.06,23813.83,34.94,25.97,8.98,34.57,"103Y12M"
66000,╗Oддел,66000280,дjи╜░╧,66000280-025,дд╖sи╜,94.94,2.93,15251.5,31.35,22.7,8.65,38.13,"103Y12M"
66000,╗Oддел,66000280,дjи╜░╧,66000280-026,е▀╝wи╜,100.66,3.12,14628.99,28.73,21.25,7.48,35.18,"103Y12M"
66000,╗Oддел,66000280,дjи╜░╧,66000280-027,дп╝wи╜,96.96,3.4,8381.78,32.28,23.29,9.,38.63,"103Y12M"
66000,╗Oддел,66000290,йMен░╧,66000290-001,лn╢╒и╜,113.44,2.5,118.43,34.4,14.35,20.05,139.74,"103Y12M"
66000,╗Oддел,66000290,йMен░╧,66000290-002,д╤╜№и╜,116.96,2.21,8.72,40.56,9.3,31.27,336.36,"103Y12M"
66000,╗Oддел,66000290,йMен░╧,66000290-003,│╒╖Rи╜,106.09,2.39,9.91,36.55,17.45,19.11,109.5,"103Y12M"
66000,╗Oддел,66000290,йMен░╧,66000290-004,ддз|и╜,121.83,2.26,13.86,31.27,13.7,17.57,128.3,"103Y12M"
66000,╗Oддел,66000290,йMен░╧,66000290-005,ж█е╤и╜,119.75,2.58,28.43,38.45,17.83,20.63,115.72,"103Y12M"
66000,╗Oддел,66000290,йMен░╧,66000290-006,╣F╞[и╜,116.81,2.76,23.08,37.59,19.96,17.63,88.36,"103Y12M"
66000,╗Oддел,66000290,йMен░╧,66000290-007,▒∙дsи╜,115.3,2.27,7.41,38.34,17.32,21.03,121.43,"103Y12M"
66000,╗Oддел,66000290,йMен░╧,66000290-008,ен╡еи╜,133.41,2.69,3.18,31.82,14.88,16.94,113.89,"103Y12M"
67000,╗Oлnел,67000010,╖s└ч░╧,67000010-001,й╛мFи╜,94.39,2.69,13092.13,37.73,17.16,20.56,119.8,"103Y12M"
67000,╗Oлnел,67000010,╖s└ч░╧,67000010-002,е┴┼vи╜,98.75,2.52,9350.1,53.34,23.91,29.43,123.09,"103Y12M"
67000,╗Oлnел,67000010,╖s└ч░╧,67000010-003,дTеPи╜,96.11,2.72,7752.74,41.33,16.32,25.01,153.28,"103Y12M"
67000,╗Oлnел,67000010,╖s└ч░╧,67000010-004,жnени╜,111.34,2.55,14305.89,47.47,14.4,33.07,229.67,"103Y12M"
67000,╗Oлnел,67000010,╖s└ч░╧,67000010-005,й╡ени╜,110.51,2.33,19171.92,42.61,11.54,31.07,269.16,"103Y12M"
67000,╗Oлnел,67000010,╖s└ч░╧,67000010-006,е├е═и╜,96.63,2.59,14064.46,49.3,19.08,30.22,158.39,"103Y12M"
67000,╗Oлnел,67000010,╖s└ч░╧,67000010-007,дjз╗и╜,97.62,2.71,8173.96,48.08,22.02,26.06,118.38,"103Y12M"
67000,╗Oлnел,67000010,╖s└ч░╧,67000010-008,д¤д╜и╜,96.7,2.97,10872.62,40.73,22.59,18.14,80.29,"103Y12M"
67000,╗Oлnел,67000010,╖s└ч░╧,67000010-009,дд└чи╜,100.41,2.84,1085.,37.43,17.92,19.51,108.9,"103Y12M"
67000,╗Oлnел,67000010,╖s└ч░╧,67000010-010,дgоwи╜,108.27,3.08,630.28,42.67,17.73,24.94,140.64,"103Y12M"
67000,╗Oлnел,67000010,╖s└ч░╧,67000010-011,┐│жwи╜,106.85,2.25,601.71,38.53,12.23,26.3,215.,"103Y12M"
67000,╗Oлnел,67000010,╖s└ч░╧,67000010-012,лn┐│и╜,97.76,2.47,4128.98,39.72,13.93,25.79,185.17,"103Y12M"
67000,╗Oлnел,67000010,╖s└ч░╧,67000010-013,┐│╖~и╜,81.12,2.41,13313.71,39.12,16.25,22.87,140.69,"103Y12M"
67000,╗Oлnел,67000010,╖s└ч░╧,67000010-014,е┴е═и╜,100.25,2.8,8933.34,36.59,17.03,19.57,114.92,"103Y12M"
67000,╗Oлnел,67000010,╖s└ч░╧,67000010-015,е┴║aи╜,93.54,2.6,6703.64,34.68,17.9,16.78,93.76,"103Y12M"
67000,╗Oлnел,67000010,╖s└ч░╧,67000010-016,░ё╝dи╜,103.25,3.,1044.9,40.34,18.98,21.36,112.54,"103Y12M"
67000,╗Oлnел,67000010,╖s└ч░╧,67000010-017,┼@┬эи╜,109.08,2.72,251.05,35.01,14.78,20.23,136.87,"103Y12M"
67000,╗Oлnел,67000010,╖s└ч░╧,67000010-018,д╙лnи╜,115.45,2.52,1263.07,37.31,14.09,23.22,164.77,"103Y12M"
67000,╗Oлnел,67000010,╖s└ч░╧,67000010-019,д╙е_и╜,107.19,2.85,1150.24,31.68,14.24,17.44,122.48,"103Y12M"
67000,╗Oлnел,67000010,╖s└ч░╧,67000010-020,лnп╚и╜,97.62,2.87,2463.67,28.1,17.14,10.96,63.95,"103Y12M"
67000,╗Oлnел,67000010,╖s└ч░╧,67000010-021,╣┼к┌и╜,98.96,2.89,1242.85,31.27,17.32,13.95,80.51,"103Y12M"
67000,╗Oлnел,67000010,╖s└ч░╧,67000010-022,┬┬б╜и╜,121.52,2.36,182.02,40.,10.,30.,300.,"103Y12M"
67000,╗Oлnел,67000010,╖s└ч░╧,67000010-023,ид▒aи╜,109.36,2.39,281.45,41.38,16.09,25.29,157.14,"103Y12M"
67000,╗Oлnел,67000010,╖s└ч░╧,67000010-024,┼K╜uи╜,109.57,2.51,300.37,50.45,16.64,33.82,203.26,"103Y12M"
67000,╗Oлnел,67000010,╖s└ч░╧,67000010-025,дн┐│и╜,112.52,2.53,690.9,39.09,10.84,28.25,260.47,"103Y12M"
67000,╗Oлnел,67000010,╖s└ч░╧,67000010-026,йh╖▌и╜,117.57,2.49,255.7,51.89,16.27,35.61,218.84,"103Y12M"
67000,╗Oлnел,67000010,╖s└ч░╧,67000010-027,╖sе_и╜,97.16,2.87,6468.09,31.44,18.79,12.65,67.34,"103Y12M"
67000,╗Oлnел,67000010,╖s└ч░╧,67000010-028,╖sлnи╜,93.76,2.86,5227.47,31.56,22.35,9.21,41.21,"103Y12M"
67000,╗Oлnел,67000010,╖s└ч░╧,67000010-029,╖sкFи╜,94.23,3.07,8755.27,37.19,29.65,7.54,25.43,"103Y12M"
67000,╗Oлnел,67000020,╞QдЇ░╧,67000020-001,дЇиqи╜,107.45,2.76,792.23,38.94,17.67,21.27,120.43,"103Y12M"
67000,╗Oлnел,67000020,╞QдЇ░╧,67000020-002,║╓▒oи╜,108.68,2.54,7758.4,40.83,17.58,23.25,132.26,"103Y12M"
67000,╗Oлnел,67000020,╞QдЇ░╧,67000020-003,дTе═и╜,106.88,2.37,13667.03,52.14,16.34,35.8,219.05,"103Y12M"
67000,╗Oлnел,67000020,╞QдЇ░╧,67000020-004,кZ╝qи╜,102.27,2.25,8359.53,47.75,16.31,31.44,192.75,"103Y12M"
67000,╗Oлnел,67000020,╞QдЇ░╧,67000020-005,дд╣╥и╜,107.75,2.58,2703.88,47.13,15.46,31.67,204.84,"103Y12M"
67000,╗Oлnел,67000020,╞QдЇ░╧,67000020-006,дЇеPи╜,111.05,2.42,6927.69,42.54,6.72,35.82,533.33,"103Y12M"
67000,╗Oлnел,67000020,╞QдЇ░╧,67000020-007,дЇе┐и╜,100.,2.53,6250.09,46.71,15.3,31.41,205.38,"103Y12M"
67000,╗Oлnел,67000020,╞QдЇ░╧,67000020-008,╛Їлnи╜,99.68,2.71,1791.96,30.62,15.53,15.08,97.1,"103Y12M"
67000,╗Oлnел,67000020,╞QдЇ░╧,67000020-009,┬┬└чи╜,117.17,2.7,339.5,40.33,20.39,19.94,97.79,"103Y12M"
67000,╗Oлnел,67000020,╞QдЇ░╧,67000020-010,╦MдЇи╜,135.59,2.48,175.01,50.47,14.21,36.27,255.24,"103Y12M"
67000,╗Oлnел,67000020,╞QдЇ░╧,67000020-011,йдд║и╜,101.36,2.79,1404.88,38.64,19.94,18.71,93.84,"103Y12M"
67000,╗Oлnел,67000020,╞QдЇ░╧,67000020-012,╕q╕Yи╜,108.62,2.75,1084.1,31.27,16.02,15.25,95.16,"103Y12M"
67000,╗Oлnел,67000020,╞QдЇ░╧,67000020-013,дUдди╜,120.65,2.42,243.46,44.55,12.21,32.34,264.86,"103Y12M"
67000,╗Oлnел,67000020,╞QдЇ░╧,67000020-014,┼w╢ои╜,111.3,2.55,491.56,40.07,14.77,25.3,171.29,"103Y12M"
67000,╗Oлnел,67000020,╞QдЇ░╧,67000020-015,дj▓°и╜,105.54,2.5,514.77,50.38,14.94,35.44,237.29,"103Y12M"
67000,╗Oлnел,67000020,╞QдЇ░╧,67000020-016,оф╝dи╜,120.25,2.5,548.53,36.47,15.29,21.18,138.46,"103Y12M"
67000,╗Oлnел,67000020,╞QдЇ░╧,67000020-017,лсжvи╜,131.19,2.47,163.72,48.53,15.72,32.81,208.75,"103Y12M"
67000,╗Oлnел,67000020,╞QдЇ░╧,67000020-018,о]нэи╜,110.7,2.38,225.41,54.68,17.22,37.46,217.54,"103Y12M"
67000,╗Oлnел,67000020,╞QдЇ░╧,67000020-019,ж╦оHи╜,109.77,2.67,246.13,52.36,9.97,42.4,425.42,"103Y12M"
67000,╗Oлnел,67000020,╞QдЇ░╧,67000020-020,дUкLи╜,116.02,2.62,128.96,62.41,18.61,43.8,235.29,"103Y12M"
67000,╗Oлnел,67000020,╞QдЇ░╧,67000020-021,е╨╝dи╜,127.12,2.31,205.46,46.45,10.93,35.52,325.,"103Y12M"
67000,╗Oлnел,67000020,╞QдЇ░╧,67000020-022,дj┬╫и╜,119.89,2.5,711.53,50.,12.02,37.98,316.13,"103Y12M"
67000,╗Oлnел,67000020,╞QдЇ░╧,67000020-023,╢║й▒и╜,118.78,2.62,105.88,36.26,10.82,25.44,235.14,"103Y12M"
67000,╗Oлnел,67000020,╞QдЇ░╧,67000020-024,кeлnи╜,128.52,2.56,590.98,44.82,11.57,33.25,287.5,"103Y12M"
67000,╗Oлnел,67000020,╞QдЇ░╧,67000020-025,лn┤фи╜,114.96,2.65,469.44,53.81,17.16,36.66,213.68,"103Y12M"
67000,╗Oлnел,67000030,е╒кe░╧,67000030-001,е╒кeи╜,102.46,2.69,2407.59,46.48,15.64,30.85,197.27,"103Y12M"
67000,╗Oлnел,67000030,е╒кe░╧,67000030-002,е├жwи╜,98.51,2.78,1385.74,40.71,17.23,23.48,136.24,"103Y12M"
67000,╗Oлnел,67000030,е╒кe░╧,67000030-003,е~иди╜,107.,2.67,2754.68,43.13,16.77,26.36,157.22,"103Y12M"
67000,╗Oлnел,67000030,е╒кe░╧,67000030-004,╔▄д║и╜,107.18,2.83,803.94,38.96,15.96,23.01,144.14,"103Y12M"
67000,╗Oлnел,67000030,е╒кe░╧,67000030-005,иqпзи╜,104.43,2.86,303.59,38.69,16.08,22.61,140.65,"103Y12M"
67000,╗Oлnел,67000030,е╒кe░╧,67000030-006,кeкFи╜,110.67,2.75,413.32,45.56,12.38,33.18,267.94,"103Y12M"
67000,╗Oлnел,67000030,е╒кe░╧,67000030-007,къдsи╜,115.23,2.51,117.11,46.09,9.22,36.87,400.,"103Y12M"
67000,╗Oлnел,67000030,е╒кe░╧,67000030-008,дjкLи╜,128.15,2.56,116.37,42.95,9.75,33.2,340.43,"103Y12M"
67000,╗Oлnел,67000030,е╒кe░╧,67000030-009,оr└Yи╜,103.07,2.46,110.33,46.52,12.34,34.18,276.92,"103Y12M"
67000,╗Oлnел,67000030,е╒кe░╧,67000030-010,д╗╖╦и╜,124.82,2.63,54.53,46.03,13.08,32.94,251.79,"103Y12M"
67000,╗Oлnел,67000030,е╒кe░╧,67000030-011,еPпєи╜,124.22,2.22,114.23,82.37,12.1,70.28,580.95,"103Y12M"
67000,╗Oлnел,67000030,е╒кe░╧,67000030-012,├Ў└ни╜,105.38,2.43,48.44,61.64,14.15,47.49,335.51,"103Y12M"
67000,╗Oлnел,67000030,е╒кe░╧,67000030-013,е╔┬╫и╜,114.2,2.92,432.53,42.8,16.07,26.73,166.26,"103Y12M"
67000,╗Oлnел,67000030,е╒кe░╧,67000030-014,дjж╦и╜,109.16,2.98,353.27,45.27,16.4,28.87,176.02,"103Y12M"
67000,╗Oлnел,67000030,е╒кe░╧,67000030-015,╢@жwи╜,107.24,2.75,559.53,47.99,17.1,30.89,180.67,"103Y12M"
67000,╗Oлnел,67000030,е╒кe░╧,67000030-016,╝sжwи╜,111.73,2.8,363.98,54.69,15.71,38.98,248.05,"103Y12M"
67000,╗Oлnел,67000030,е╒кe░╧,67000030-017,╜м╝ци╜,113.76,2.96,254.78,48.29,15.95,32.34,202.68,"103Y12M"
67000,╗Oлnел,67000030,е╒кe░╧,67000030-018,ж╦к∙и╜,109.7,2.7,381.76,57.27,15.15,42.12,278.,"103Y12M"
67000,╗Oлnел,67000030,е╒кe░╧,67000030-019,▒Tд║и╜,128.15,2.72,67.81,55.86,14.1,41.76,296.1,"103Y12M"
67000,╗Oлnел,67000030,е╒кe░╧,67000030-020,к@жwи╜,108.77,3.07,595.93,43.62,17.31,26.31,152.02,"103Y12M"
67000,╗Oлnел,67000030,е╒кe░╧,67000030-021,иX└Yи╜,110.27,2.74,240.95,54.12,15.77,38.35,243.18,"103Y12M"
67000,╗Oлnел,67000030,е╒кe░╧,67000030-022,д║иди╜,119.41,2.47,160.85,56.24,13.63,42.61,312.68,"103Y12M"
67000,╗Oлnел,67000030,е╒кe░╧,67000030-023,пєй▒и╜,105.97,2.56,237.64,46.99,13.36,33.63,251.65,"103Y12M"
67000,╗Oлnел,67000030,е╒кe░╧,67000030-024,е╠жvи╜,134.59,2.57,270.97,58.2,13.39,44.8,334.48,"103Y12M"
67000,╗Oлnел,67000040,мh└ч░╧,67000040-001,дhкLи╜,109.87,2.69,1098.43,33.75,12.51,21.24,169.83,"103Y12M"
67000,╗Oлnел,67000040,мh└ч░╧,67000040-002,е·║╓и╜,110.77,2.83,1901.89,37.77,13.01,24.76,190.34,"103Y12M"
67000,╗Oлnел,67000040,мh└ч░╧,67000040-003,дд╤Lи╜,103.49,2.57,980.08,38.78,12.78,26.,203.49,"103Y12M"
67000,╗Oлnел,67000040,мh└ч░╧,67000040-004,кFк@и╜,98.6,2.72,836.19,36.96,13.13,23.84,181.61,"103Y12M"
67000,╗Oлnел,67000040,мh└ч░╧,67000040-005,дKп╬и╜,113.99,2.69,322.67,36.96,13.78,23.18,168.15,"103Y12M"
67000,╗Oлnел,67000040,мh└ч░╧,67000040-006,дHйMи╜,99.77,2.65,220.57,41.37,12.3,29.07,236.36,"103Y12M"
67000,╗Oлnел,67000040,мh└ч░╧,67000040-007,д╙▒dи╜,107.6,2.72,281.12,41.21,13.05,28.16,215.85,"103Y12M"
67000,╗Oлnел,67000040,мh└ч░╧,67000040-008,нл╖╦и╜,110.85,2.85,616.14,43.11,16.2,26.91,166.12,"103Y12M"
67000,╗Oлnел,67000040,мh└ч░╧,67000040-009,┐w╣Aи╜,112.58,2.77,1058.33,35.78,12.01,23.77,197.84,"103Y12M"
67000,╗Oлnел,67000040,мh└ч░╧,67000040-010,дj╣Aи╜,102.66,2.67,114.32,36.07,10.89,25.18,231.15,"103Y12M"
67000,╗Oлnел,67000040,мh└ч░╧,67000040-011,пл╣Aи╜,110.61,2.94,254.34,42.72,13.26,29.46,222.22,"103Y12M"
67000,╗Oлnел,67000040,мh└ч░╧,67000040-012,кG╝▌и╜,118.62,3.02,233.39,38.45,11.79,26.66,226.05,"103Y12M"
67000,╗Oлnел,67000040,мh└ч░╧,67000040-013,ж░дsи╜,116.46,2.95,127.66,42.66,17.56,25.09,142.86,"103Y12M"
67000,╗Oлnел,67000050,лс╛└░╧,67000050-001,лс╛└и╜,101.57,2.83,570.23,38.79,13.91,24.87,178.76,"103Y12M"
67000,╗Oлnел,67000050,лс╛└░╧,67000050-002,лJзBи╜,108.12,3.06,1083.78,45.76,17.96,27.8,154.77,"103Y12M"
67000,╗Oлnел,67000050,лс╛└░╧,67000050-003,╣┼╨ди╜,112.62,2.94,316.56,44.69,15.93,28.76,180.61,"103Y12M"
67000,╗Oлnел,67000050,лс╛└░╧,67000050-004,дg╖╛и╜,108.84,2.99,337.93,43.59,11.78,31.81,270.16,"103Y12M"
67000,╗Oлnел,67000050,лс╛└░╧,67000050-005,╣┼е╨и╜,113.64,2.99,379.43,45.74,13.4,32.34,241.32,"103Y12M"
67000,╗Oлnел,67000050,лс╛└░╧,67000050-006,╣┼е┴и╜,113.02,3.36,657.03,48.93,18.09,30.84,170.41,"103Y12M"
67000,╗Oлnел,67000050,лс╛└░╧,67000050-007,╡╫рTи╜,99.78,2.4,253.53,61.4,17.95,43.45,242.,"103Y12M"
67000,╗Oлnел,67000050,лс╛└░╧,67000050-008,оr│╗и╜,107.,2.42,78.76,53.31,10.66,42.65,400.,"103Y12M"
67000,╗Oлnел,67000050,лс╛└░╧,67000050-009,еKжwи╜,123.,2.63,192.74,49.18,17.95,31.24,174.03,"103Y12M"
67000,╗Oлnел,67000050,лс╛└░╧,67000050-010,ж╦╖sи╜,107.8,2.61,490.12,48.,14.39,33.61,233.54,"103Y12M"
67000,╗Oлnел,67000050,лс╛└░╧,67000050-011,╖sкFи╜,104.32,2.64,374.2,40.77,12.72,28.05,220.47,"103Y12M"
67000,╗Oлnел,67000050,лс╛└░╧,67000050-012,│╗жwи╜,101.81,2.9,432.2,37.2,13.13,24.08,183.45,"103Y12M"
67000,╗Oлnел,67000050,лс╛└░╧,67000050-013,к°жwи╜,111.08,2.77,1800.12,50.22,11.45,38.77,338.68,"103Y12M"
67000,╗Oлnел,67000050,лс╛└░╧,67000050-014,║╓жwи╜,109.68,2.65,441.36,41.89,11.54,30.35,263.06,"103Y12M"
67000,╗Oлnел,67000050,лс╛└░╧,67000050-015,пQ╛Ёи╜,107.94,2.55,142.92,54.61,12.92,41.7,322.86,"103Y12M"
67000,╗Oлnел,67000050,лс╛└░╧,67000050-016,лсб╜и╜,113.62,3.02,786.07,42.21,8.78,33.43,380.65,"103Y12M"
67000,╗Oлnел,67000050,лс╛└░╧,67000050-017,╛екLи╜,96.64,2.65,1131.16,59.84,12.28,47.56,387.3,"103Y12M"
67000,╗Oлnел,67000050,лс╛└░╧,67000050-018,╡╫╝dи╜,113.,2.33,169.4,54.35,10.14,44.2,435.71,"103Y12M"
67000,╗Oлnел,67000050,лс╛└░╧,67000050-019,╖s╣┼и╜,119.53,2.42,158.61,59.32,15.49,43.83,283.05,"103Y12M"
67000,╗Oлnел,67000050,лс╛└░╧,67000050-020,│╗к°и╜,108.36,2.68,435.79,60.5,14.29,46.22,323.53,"103Y12M"
67000,╗Oлnел,67000050,лс╛└░╧,67000050-021,енжwи╜,115.,2.8,216.79,53.77,17.62,36.16,205.26,"103Y12M"
67000,╗Oлnел,67000060,кFдs░╧,67000060-001,кFдsи╜,106.46,2.6,962.7,40.61,14.7,25.91,176.27,"103Y12M"
67000,╗Oлnел,67000060,кFдs░╧,67000060-002,кFдди╜,104.03,2.73,986.53,44.67,17.41,27.27,156.66,"103Y12M"
67000,╗Oлnел,67000060,кFдs░╧,67000060-003,кFе┐и╜,108.31,2.48,939.41,46.53,15.08,31.44,208.43,"103Y12M"
67000,╗Oлnел,67000060,кFдs░╧,67000060-004,дT║aи╜,104.46,2.5,203.65,40.31,13.52,26.79,198.11,"103Y12M"
67000,╗Oлnел,67000060,кFдs░╧,67000060-005,дjл╚и╜,115.45,2.67,266.03,51.17,16.08,35.08,218.12,"103Y12M"
67000,╗Oлnел,67000060,кFдs░╧,67000060-006,мьи╜и╜,113.79,2.36,183.95,50.15,12.74,37.41,293.6,"103Y12M"
67000,╗Oлnел,67000060,кFдs░╧,67000060-007,кFкeи╜,117.71,2.57,315.65,40.46,11.42,29.03,254.12,"103Y12M"
67000,╗Oлnел,67000060,кFдs░╧,67000060-008,лn╖╦и╜,137.67,2.7,132.28,41.94,12.22,29.72,243.18,"103Y12M"
67000,╗Oлnел,67000060,кFдs░╧,67000060-009,дЇ╢│и╜,135.68,1.99,97.64,40.65,5.48,35.16,641.18,"103Y12M"
67000,╗Oлnел,67000060,кFдs░╧,67000060-010,кLжwи╜,133.14,2.42,100.21,54.83,11.2,43.63,389.66,"103Y12M"
67000,╗Oлnел,67000060,кFдs░╧,67000060-011,кFньи╜,112.11,2.86,178.52,46.77,15.06,31.71,210.53,"103Y12M"
67000,╗Oлnел,67000060,кFдs░╧,67000060-012,└нлnи╜,116.18,2.96,110.35,50.65,14.6,36.04,246.84,"103Y12M"
67000,╗Oлnел,67000060,кFдs░╧,67000060-013,лn╢╒и╜,121.8,2.87,36.08,45.52,16.05,29.48,183.67,"103Y12M"
67000,╗Oлnел,67000060,кFдs░╧,67000060-014,лCдsи╜,118.04,2.68,177.18,49.28,15.47,33.81,218.6,"103Y12M"
67000,╗Oлnел,67000060,кFдs░╧,67000060-015,░кньи╜,124.01,2.73,125.61,44.22,13.84,30.38,219.42,"103Y12M"
67000,╗Oлnел,67000060,кFдs░╧,67000060-016,╕t╜хи╜,108.85,2.7,254.14,43.6,14.53,29.07,200.,"103Y12M"
67000,╗Oлnел,67000070,│┬из░╧,67000070-001,╜\┐│и╜,108.97,2.68,10432.45,46.4,18.3,28.1,153.54,"103Y12M"
67000,╗Oлnел,67000070,│┬из░╧,67000070-002,лOжwи╜,98.8,2.91,14426.63,56.97,19.39,37.59,193.9,"103Y12M"
67000,╗Oлnел,67000070,│┬из░╧,67000070-003,кFиди╜,95.43,3.09,6758.33,39.17,22.76,16.42,72.15,"103Y12M"
67000,╗Oлnел,67000070,│┬из░╧,67000070-004,Ф╙ж┐и╜,101.5,3.01,11537.34,42.09,20.76,21.33,102.77,"103Y12M"
67000,╗Oлnел,67000070,│┬из░╧,67000070-005,л╤дfи╜,100.33,2.86,5181.06,38.66,17.57,21.1,120.09,"103Y12M"
67000,╗Oлnел,67000070,│┬из░╧,67000070-006,дд┐│и╜,94.87,2.77,7257.94,39.33,17.39,21.94,126.19,"103Y12M"
67000,╗Oлnел,67000070,│┬из░╧,67000070-007,┐│╣Aи╜,102.29,3.16,2653.35,43.18,22.05,21.13,95.8,"103Y12M"
67000,╗Oлnел,67000070,│┬из░╧,67000070-008,╖sл╪и╜,98.35,2.91,6094.29,42.63,21.56,21.07,97.71,"103Y12M"
67000,╗Oлnел,67000070,│┬из░╧,67000070-009,кoиои╜,100.24,3.05,4523.93,35.47,20.1,15.37,76.51,"103Y12M"
67000,╗Oлnел,67000070,│┬из░╧,67000070-010,е_╢╒и╜,112.92,2.68,201.72,40.81,13.35,27.46,205.6,"103Y12M"
67000,╗Oлnел,67000070,│┬из░╧,67000070-011,дj╤Lи╜,100.63,2.98,8234.63,44.41,23.61,20.8,88.11,"103Y12M"
67000,╗Oлnел,67000070,│┬из░╧,67000070-012,┴`║aи╜,114.96,2.94,597.36,42.39,14.31,28.07,196.15,"103Y12M"
67000,╗Oлnел,67000070,│┬из░╧,67000070-013,└sмuи╜,99.33,3.03,441.55,34.39,10.56,23.83,225.71,"103Y12M"
67000,╗Oлnел,67000070,│┬из░╧,67000070-014,лn╢╒и╜,104.57,2.82,689.33,40.82,15.16,25.66,169.2,"103Y12M"
67000,╗Oлnел,67000070,│┬из░╧,67000070-015,╝dб╜и╜,108.14,2.85,375.48,37.03,14.87,22.16,149.04,"103Y12M"
67000,╗Oлnел,67000070,│┬из░╧,67000070-016,дp░ёи╜,106.92,2.98,523.16,39.88,18.01,21.87,121.43,"103Y12M"
67000,╗Oлnел,67000070,│┬из░╧,67000070-017,░ё└Yи╜,107.07,2.96,980.56,40.82,16.,24.83,155.19,"103Y12M"
67000,╗Oлnел,67000070,│┬из░╧,67000070-018,дjдsи╜,109.65,2.9,821.89,40.86,16.31,24.56,150.6,"103Y12M"
67000,╗Oлnел,67000070,│┬из░╧,67000070-019,о№оHи╜,113.03,2.63,609.71,43.51,12.36,31.15,252.,"103Y12M"
67000,╗Oлnел,67000070,│┬из░╧,67000070-020,▓°┬зи╜,110.78,2.64,496.19,46.89,13.99,32.9,235.19,"103Y12M"
67000,╗Oлnел,67000070,│┬из░╧,67000070-021,┤фз└и╜,109.31,2.5,294.66,45.18,14.04,31.15,221.9,"103Y12M"
67000,╗Oлnел,67000070,│┬из░╧,67000070-022,│┬дfи╜,107.59,2.95,388.69,39.16,14.49,24.67,170.23,"103Y12M"
67000,╗Oлnел,67000070,│┬из░╧,67000070-023,жwкFи╜,110.29,3.12,1391.12,37.57,13.27,24.3,183.1,"103Y12M"
67000,╗Oлnел,67000070,│┬из░╧,67000070-024,жw╖~и╜,105.67,2.6,272.26,38.55,12.6,25.95,206.06,"103Y12M"
67000,╗Oлnел,67000070,│┬из░╧,67000070-025,жwжши╜,101.41,3.01,836.09,33.54,13.1,20.44,155.95,"103Y12M"
67000,╗Oлnел,67000070,│┬из░╧,67000070-026,┴┬жwи╜,115.1,2.85,377.06,32.66,11.61,21.05,181.4,"103Y12M"
67000,╗Oлnел,67000070,│┬из░╧,67000070-027,дде┴и╜,109.55,3.2,548.85,43.88,16.18,27.7,171.17,"103Y12M"
67000,╗Oлnел,67000070,│┬из░╧,67000070-028,жwе┐и╜,105.03,2.99,204.07,34.01,12.14,21.87,180.21,"103Y12M"
67000,╗Oлnел,67000070,│┬из░╧,67000070-029,┐jдли╜,101.17,3.08,537.4,36.1,13.45,22.65,168.38,"103Y12M"
67000,╗Oлnел,67000080,дU└ч░╧,67000080-001,дU└чи╜,109.85,2.36,11799.27,51.47,15.92,35.55,223.3,"103Y12M"
67000,╗Oлnел,67000080,дU└ч░╧,67000080-002,дпи╜и╜,105.77,2.93,1331.82,36.66,15.32,21.34,139.32,"103Y12M"
67000,╗Oлnел,67000080,дU└ч░╧,67000080-003,жvд║и╜,106.97,2.67,1178.06,44.13,14.45,29.68,205.47,"103Y12M"
67000,╗Oлnел,67000080,дU└ч░╧,67000080-004,лс╡єи╜,102.01,2.79,2019.11,37.02,14.69,22.33,152.06,"103Y12M"
67000,╗Oлnел,67000080,дU└ч░╧,67000080-005,╖s┐│и╜,104.41,2.76,936.09,38.04,18.68,19.36,103.6,"103Y12M"
67000,╗Oлnел,67000080,дU└ч░╧,67000080-006,└члeи╜,99.05,2.72,3418.94,38.85,13.82,25.03,181.12,"103Y12M"
67000,╗Oлnел,67000080,дU└ч░╧,67000080-007,дjд┘и╜,107.2,2.44,183.08,32.5,12.24,20.26,165.59,"103Y12M"
67000,╗Oлnел,67000080,дU└ч░╧,67000080-008,дj░ёи╜,110.71,2.58,313.6,47.01,15.95,31.06,194.79,"103Y12M"
67000,╗Oлnел,67000080,дU└ч░╧,67000080-009,нT┤фи╜,109.41,2.79,430.46,40.48,11.28,29.19,258.72,"103Y12M"
67000,╗Oлnел,67000080,дU└ч░╧,67000080-010,дд└чи╜,113.7,2.83,1614.26,43.73,15.21,28.52,187.59,"103Y12M"
67000,╗Oлnел,67000080,дU└ч░╧,67000080-011,╢}д╞и╜,103.29,2.98,1391.48,38.45,14.13,24.32,172.1,"103Y12M"
67000,╗Oлnел,67000080,дU└ч░╧,67000080-012,жш│sи╜,121.43,2.78,297.3,45.78,13.83,31.95,231.,"103Y12M"
67000,╗Oлnел,67000080,дU└ч░╧,67000080-013,╢Pл╪и╜,113.64,2.7,328.27,42.36,15.27,27.09,177.38,"103Y12M"
67000,╗Oлnел,67000080,дU└ч░╧,67000080-014,е╥дди╜,104.68,2.67,790.01,55.82,15.44,40.38,261.54,"103Y12M"
67000,╗Oлnел,67000080,дU└ч░╧,67000080-015,мїнэи╜,103.39,2.76,1294.36,51.26,16.49,34.77,210.83,"103Y12M"
67000,╗Oлnел,67000090,д╗е╥░╧,67000090-001,д╗е╥и╜,98.88,2.99,7689.47,42.64,19.19,23.45,122.22,"103Y12M"
67000,╗Oлnел,67000090,д╗е╥░╧,67000090-002,е╥кFи╜,103.27,3.13,807.82,39.53,18.21,21.33,117.15,"103Y12M"
67000,╗Oлnел,67000090,д╗е╥░╧,67000090-003,е╥лnи╜,102.56,2.86,4575.14,39.98,16.84,23.15,137.5,"103Y12M"
67000,╗Oлnел,67000090,д╗е╥░╧,67000090-004,└s┤Єи╜,110.93,2.92,884.13,44.12,19.68,24.43,124.14,"103Y12M"
67000,╗Oлnел,67000090,д╗е╥░╧,67000090-005,дCе╥и╜,108.75,3.08,1621.14,37.38,16.42,20.96,127.61,"103Y12M"
67000,╗Oлnел,67000090,д╗е╥░╧,67000090-006,дGе╥и╜,109.36,3.12,2929.11,36.11,17.95,18.16,101.17,"103Y12M"
67000,╗Oлnел,67000090,д╗е╥░╧,67000090-007,дЇкLи╜,106.,3.32,510.25,34.67,17.8,16.87,94.78,"103Y12M"
67000,╗Oлnел,67000090,д╗е╥░╧,67000090-008,ддк└и╜,107.,2.83,349.62,36.61,14.15,22.45,158.67,"103Y12M"
67000,╗Oлnел,67000090,д╗е╥░╧,67000090-009,└t┤фи╜,111.53,2.68,266.21,33.23,12.07,21.17,175.42,"103Y12M"
67000,╗Oлnел,67000090,д╗е╥░╧,67000090-010,╡╫оHи╜,110.06,2.88,125.71,34.87,11.44,23.43,204.84,"103Y12M"
67000,╗Oлnел,67000090,д╗е╥░╧,67000090-011,д¤╖▌и╜,132.83,2.76,55.63,46.12,14.74,31.38,212.9,"103Y12M"
67000,╗Oлnел,67000090,д╗е╥░╧,67000090-012,дjеCи╜,130.29,1.99,33.59,52.04,10.11,41.94,414.89,"103Y12M"
67000,╗Oлnел,67000100,йxе╨░╧,67000100-001,йxе╨и╜,104.98,2.82,408.,36.35,13.54,22.81,168.46,"103Y12M"
67000,╗Oлnел,67000100,йxе╨░╧,67000100-002,дG┬эи╜,104.9,2.84,432.16,26.49,13.25,13.25,100.,"103Y12M"
67000,╗Oлnел,67000100,йxе╨░╧,67000100-003,┤Єдsи╜,114.84,2.73,948.28,36.47,10.04,26.44,263.41,"103Y12M"
67000,╗Oлnел,67000100,йxе╨░╧,67000100-004,╣┼лnи╜,134.81,2.33,73.97,49.53,11.32,38.21,337.5,"103Y12M"
67000,╗Oлnел,67000100,йxе╨░╧,67000100-005,дj▒Tи╜,125.46,2.48,26.97,44.94,8.04,36.9,459.26,"103Y12M"
67000,╗Oлnел,67000100,йxе╨░╧,67000100-006,╢йе╨и╜,93.36,2.61,750.37,38.24,17.52,20.72,118.31,"103Y12M"
67000,╗Oлnел,67000100,йxе╨░╧,67000100-007,╢йе╗и╜,98.66,2.76,1276.5,33.32,17.14,16.18,94.35,"103Y12M"
67000,╗Oлnел,67000100,йxе╨░╧,67000100-008,лnб╜и╜,103.98,2.87,187.44,28.41,14.21,14.21,100.,"103Y12M"
67000,╗Oлnел,67000100,йxе╨░╧,67000100-009,кF╔▄и╜,111.38,3.12,444.07,42.9,15.93,26.97,169.32,"103Y12M"
67000,╗Oлnел,67000100,йxе╨░╧,67000100-010,жш╔▄и╜,113.2,2.94,1059.4,46.57,10.89,35.69,327.78,"103Y12M"
67000,╗Oлnел,67000100,йxе╨░╧,67000100-011,й▐кLи╜,104.07,2.48,202.78,51.26,14.57,36.68,251.72,"103Y12M"
67000,╗Oлnел,67000100,йxе╨░╧,67000100-012,┤ч└Yи╜,105.61,2.8,325.32,38.16,11.86,26.3,221.66,"103Y12M"
67000,╗Oлnел,67000100,йxе╨░╧,67000100-013,к└дlи╜,107.98,2.94,166.13,36.35,13.27,23.09,174.04,"103Y12M"
67000,╗Oлnел,67000110,дjд║░╧,67000110-001,е█┤Єи╜,110.07,2.46,147.19,47.89,14.05,33.83,240.71,"103Y12M"
67000,╗Oлnел,67000110,дjд║░╧,67000110-002,е█кLи╜,110.33,2.52,556.96,45.22,11.82,33.4,282.54,"103Y12M"
67000,╗Oлnел,67000110,дjд║░╧,67000110-003,е█л░и╜,105.71,2.68,2656.86,39.2,16.17,23.03,142.44,"103Y12M"
67000,╗Oлnел,67000110,дjд║░╧,67000110-004,д║ж┐и╜,115.01,2.66,348.53,44.37,12.96,31.41,242.42,"103Y12M"
67000,╗Oлnел,67000110,дjд║░╧,67000110-005,дjд║и╜,100.41,2.72,1718.3,51.23,18.06,33.18,183.76,"103Y12M"
67000,╗Oлnел,67000110,дjд║░╧,67000110-006,д║│ви╜,121.99,2.91,147.45,40.38,12.95,27.43,211.76,"103Y12M"
67000,╗Oлnел,67000110,дjд║░╧,67000110-007,└Yк└и╜,124.95,2.49,99.44,41.88,11.77,30.11,255.79,"103Y12M"
67000,╗Oлnел,67000110,дjд║░╧,67000110-008,└Ї┤Єи╜,124.37,2.52,37.44,50.59,15.51,35.08,226.09,"103Y12M"
67000,╗Oлnел,67000110,дjд║░╧,67000110-009,дG╖╦и╜,125.,2.35,75.55,52.59,12.56,40.03,318.75,"103Y12M"
67000,╗Oлnел,67000110,дjд║░╧,67000110-010,ж▒╖╦и╜,119.05,2.57,182.62,53.33,15.11,38.22,252.94,"103Y12M"
67000,╗Oлnел,67000120,и╬и╜░╧,67000120-001,кF╣чи╜,94.,2.76,6247.77,36.36,13.7,22.66,165.38,"103Y12M"
67000,╗Oлnел,67000120,и╬и╜░╧,67000120-002,й╛дпи╜,97.2,3.03,4555.97,38.31,17.81,20.5,115.06,"103Y12M"
67000,╗Oлnел,67000120,и╬и╜░╧,67000120-003,┬эдsи╜,99.24,3.11,3293.27,28.73,14.95,13.78,92.14,"103Y12M"
67000,╗Oлnел,67000120,и╬и╜░╧,67000120-004,л╪лnи╜,93.06,2.84,3258.06,31.59,17.99,13.6,75.61,"103Y12M"
67000,╗Oлnел,67000120,и╬и╜░╧,67000120-005,жwжши╜,94.05,3.06,4779.76,34.63,22.26,12.38,55.61,"103Y12M"
67000,╗Oлnел,67000120,и╬и╜░╧,67000120-006,д╗жwи╜,95.73,2.77,1906.09,35.93,17.66,18.27,103.42,"103Y12M"
67000,╗Oлnел,67000120,и╬и╜░╧,67000120-007,и╬д╞и╜,104.12,2.99,1242.06,34.13,14.41,19.72,136.84,"103Y12M"
67000,╗Oлnел,67000120,и╬и╜░╧,67000120-008,┬зд╞и╜,101.88,2.92,1101.44,38.3,13.24,25.06,189.32,"103Y12M"
67000,╗Oлnел,67000120,и╬и╜░╧,67000120-009,┐│д╞и╜,107.4,2.86,898.23,48.47,14.15,34.32,242.45,"103Y12M"
67000,╗Oлnел,67000120,и╬и╜░╧,67000120-010,└ч│╗и╜,105.99,2.77,358.48,39.48,10.89,28.6,262.71,"103Y12M"
67000,╗Oлnел,67000120,и╬и╜░╧,67000120-011,╖╦ж{и╜,116.75,2.88,439.22,38.8,10.41,28.39,272.73,"103Y12M"
67000,╗Oлnел,67000120,и╬и╜░╧,67000120-012,о№╝си╜,105.7,3.,596.9,34.79,13.77,21.01,152.54,"103Y12M"
67000,╗Oлnел,67000120,и╬и╜░╧,67000120-013,║sмwи╜,98.61,2.84,1788.45,36.84,14.51,22.33,153.85,"103Y12M"
67000,╗Oлnел,67000120,и╬и╜░╧,67000120-014,│╗б╜и╜,106.33,2.89,1027.36,35.05,14.7,20.35,138.46,"103Y12M"
67000,╗Oлnел,67000120,и╬и╜░╧,67000120-015,╣┼║╓и╜,104.05,2.81,997.74,38.9,10.78,28.12,260.98,"103Y12M"
67000,╗Oлnел,67000120,и╬и╜░╧,67000120-016,│q┐│и╜,108.78,2.93,460.48,39.61,9.41,30.2,320.78,"103Y12M"
67000,╗Oлnел,67000120,и╬и╜░╧,67000120-017,│F╝dи╜,112.,2.74,664.73,39.47,11.84,27.63,233.33,"103Y12M"
67000,╗Oлnел,67000120,и╬и╜░╧,67000120-018,└sжwи╜,109.47,2.88,402.94,37.56,11.29,26.27,232.65,"103Y12M"
67000,╗Oлnел,67000120,и╬и╜░╧,67000120-019,е┴жwи╜,106.3,3.02,572.04,37.2,17.55,19.65,111.93,"103Y12M"
67000,╗Oлnел,67000120,и╬и╜░╧,67000120-020,дl└sи╜,111.86,2.71,640.95,46.68,15.67,31.01,197.88,"103Y12M"
67000,╗Oлnел,67000120,и╬и╜░╧,67000120-021,дTиєи╜,105.74,2.96,641.94,34.5,11.26,23.24,206.45,"103Y12M"
67000,╗Oлnел,67000130,╛╟е╥░╧,67000130-001,дп▒oи╜,95.37,2.87,3921.01,31.39,15.65,15.74,100.54,"103Y12M"
67000,╗Oлnел,67000130,╛╟е╥░╧,67000130-002,╖s║aи╜,98.81,2.96,1642.,31.26,16.91,14.35,84.88,"103Y12M"
67000,╗Oлnел,67000130,╛╟е╥░╧,67000130-003,е·╡╪и╜,110.26,2.74,151.,32.38,13.72,18.65,135.95,"103Y12M"
67000,╗Oлnел,67000130,╛╟е╥░╧,67000130-004,жv┤фи╜,115.72,2.66,211.87,39.15,13.8,25.35,183.67,"103Y12M"
67000,╗Oлnел,67000130,╛╟е╥░╧,67000130-005,╖O║╓и╜,99.06,2.89,6069.13,37.76,15.93,21.83,137.04,"103Y12M"
67000,╗Oлnел,67000130,╛╟е╥░╧,67000130-006,иqйўи╜,107.01,2.9,533.66,27.82,13.8,14.03,101.65,"103Y12M"
67000,╗Oлnел,67000130,╛╟е╥░╧,67000130-007,й·йyи╜,109.56,2.78,7961.52,30.34,14.64,15.7,107.28,"103Y12M"
67000,╗Oлnел,67000130,╛╟е╥░╧,67000130-008,┬╫йMи╜,111.28,2.79,356.8,36.18,14.63,21.54,147.24,"103Y12M"
67000,╗Oлnел,67000130,╛╟е╥░╧,67000130-009,енйMи╜,119.41,2.56,287.96,43.86,14.09,29.77,211.29,"103Y12M"
67000,╗Oлnел,67000130,╛╟е╥░╧,67000130-010,╖s╣Fи╜,102.57,2.77,332.95,35.12,12.9,22.22,172.2,"103Y12M"
67000,╗Oлnел,67000130,╛╟е╥░╧,67000130-011,дj╞Wи╜,103.39,2.8,780.18,41.34,12.96,28.39,219.09,"103Y12M"
67000,╗Oлnел,67000130,╛╟е╥░╧,67000130-012,дT╝yи╜,116.93,2.61,184.05,42.99,13.24,29.76,224.84,"103Y12M"
67000,╗Oлnел,67000130,╛╟е╥░╧,67000130-013,ддмwи╜,104.32,2.62,347.26,42.19,13.62,28.57,209.82,"103Y12M"
67000,╗Oлnел,67000140,жш┤ф░╧,67000140-001,жш┤фи╜,97.52,3.08,1972.6,31.55,16.01,15.53,97.,"103Y12M"
67000,╗Oлnел,67000140,жш┤ф░╧,67000140-002,лnо№и╜,102.12,3.22,693.3,30.92,13.47,17.45,129.58,"103Y12M"
67000,╗Oлnел,67000140,жш┤ф░╧,67000140-003,┤фкFи╜,109.32,3.19,686.03,30.9,13.12,17.78,135.56,"103Y12M"
67000,╗Oлnел,67000140,жш┤ф░╧,67000140-004,б╜кLи╜,109.11,3.17,597.34,40.09,13.11,26.98,205.75,"103Y12M"
67000,╗Oлnел,67000140,жш┤ф░╧,67000140-005,лс└чи╜,102.92,3.27,1098.61,39.18,15.37,23.81,154.89,"103Y12M"
67000,╗Oлnел,67000140,жш┤ф░╧,67000140-006,└чжши╜,104.9,3.09,471.42,35.32,13.53,21.79,161.01,"103Y12M"
67000,╗Oлnел,67000140,жш┤ф░╧,67000140-007,кўмти╜,112.91,3.24,231.4,46.76,12.3,34.47,280.26,"103Y12M"
67000,╗Oлnел,67000140,жш┤ф░╧,67000140-008,╝Bнэи╜,101.93,2.83,746.94,33.15,11.9,21.25,178.63,"103Y12M"
67000,╗Oлnел,67000140,жш┤ф░╧,67000140-009,ж╦кLи╜,105.65,2.94,841.03,38.96,11.45,27.51,240.35,"103Y12M"
67000,╗Oлnел,67000140,жш┤ф░╧,67000140-010,е├╝╓и╜,109.06,3.08,466.27,41.51,15.8,25.71,162.69,"103Y12M"
67000,╗Oлnел,67000140,жш┤ф░╧,67000140-011,╖s┤_и╜,105.72,3.18,399.64,34.94,15.65,19.29,123.29,"103Y12M"
67000,╗Oлnел,67000140,жш┤ф░╧,67000140-012,╝yжwи╜,97.18,3.02,1392.39,31.17,16.31,14.86,91.15,"103Y12M"
67000,╗Oлnел,67000150,дCк╤░╧,67000150-001,лс┤фи╜,120.64,2.86,494.03,36.56,7.93,28.63,361.11,"103Y12M"
67000,╗Oлnел,67000150,дCк╤░╧,67000150-002,дj╝ци╜,107.73,2.52,462.81,38.49,7.37,31.12,422.5,"103Y12M"
67000,╗Oлnел,67000150,дCк╤░╧,67000150-003,л░д║и╜,105.73,2.48,178.3,46.47,11.96,34.51,288.64,"103Y12M"
67000,╗Oлnел,67000150,дCк╤░╧,67000150-004,┐wе[и╜,108.32,2.97,172.13,49.85,19.02,30.83,162.1,"103Y12M"
67000,╗Oлnел,67000150,дCк╤░╧,67000150-005,│╗дsи╜,126.01,2.49,255.21,45.02,9.04,35.99,398.31,"103Y12M"
67000,╗Oлnел,67000150,дCк╤░╧,67000150-006,жш╝dи╜,125.75,2.16,78.87,33.5,6.35,27.16,428.,"103Y12M"
67000,╗Oлnел,67000150,дCк╤░╧,67000150-007,Ъм╤Lи╜,115.35,2.33,327.23,44.69,10.63,34.06,320.59,"103Y12M"
67000,╗Oлnел,67000150,дCк╤░╧,67000150-008,└sдsи╜,102.37,2.98,204.21,45.6,16.58,29.02,175.,"103Y12M"
67000,╗Oлnел,67000150,дCк╤░╧,67000150-009,╖╦лnи╜,101.01,1.95,72.58,41.84,10.28,31.56,306.9,"103Y12M"
67000,╗Oлnел,67000150,дCк╤░╧,67000150-010,дCк╤и╜,106.31,3.36,815.99,42.38,17.67,24.71,139.86,"103Y12M"
67000,╗Oлnел,67000150,дCк╤░╧,67000150-011,е╔жии╜,115.03,3.06,477.95,54.95,25.9,29.04,112.12,"103Y12M"
67000,╗Oлnел,67000150,дCк╤░╧,67000150-012,дj╤Lи╜,99.61,3.02,567.14,42.72,23.95,18.77,78.39,"103Y12M"
67000,╗Oлnел,67000150,дCк╤░╧,67000150-013,дj╝dи╜,110.05,3.18,1979.09,52.5,23.82,28.68,120.43,"103Y12M"
67000,╗Oлnел,67000150,дCк╤░╧,67000150-014,м▌йWи╜,111.39,2.82,312.02,44.26,21.79,22.47,103.1,"103Y12M"
67000,╗Oлnел,67000150,дCк╤░╧,67000150-015,╛ЁкLи╜,111.39,2.96,365.53,37.01,14.36,22.65,157.75,"103Y12M"
67000,╗Oлnел,67000150,дCк╤░╧,67000150-016,ж╦┤фи╜,92.8,3.09,188.25,39.41,14.13,25.28,178.95,"103Y12M"
67000,╗Oлnел,67000150,дCк╤░╧,67000150-017,дд╝dи╜,106.68,2.68,185.2,52.93,13.74,39.19,285.33,"103Y12M"
67000,╗Oлnел,67000150,дCк╤░╧,67000150-018,ж╦╛Їи╜,101.06,2.89,247.54,44.38,10.86,33.52,308.77,"103Y12M"
67000,╗Oлnел,67000150,дCк╤░╧,67000150-019,╕qжXи╜,106.02,2.85,443.86,33.88,12.98,20.91,161.11,"103Y12M"
67000,╗Oлnел,67000150,дCк╤░╧,67000150-020,Юї╖}и╜,103.4,3.17,44.65,37.38,15.57,21.8,140.,"103Y12M"
67000,╗Oлnел,67000150,дCк╤░╧,67000150-021,е├жNи╜,107.64,3.23,400.,32.18,13.08,19.1,146.02,"103Y12M"
67000,╗Oлnел,67000150,дCк╤░╧,67000150-022,дTк╤и╜,113.06,3.34,100.87,41.67,12.28,29.39,239.29,"103Y12M"
67000,╗Oлnел,67000150,дCк╤░╧,67000150-023,дQеўи╜,114.93,3.07,42.36,37.07,13.95,23.13,165.85,"103Y12M"
67000,╗Oлnел,67000160,▒Nнx░╧,67000160-001,к°║aи╜,93.59,2.94,491.8,31.4,12.95,18.45,142.4,"103Y12M"
67000,╗Oлnел,67000160,▒Nнx░╧,67000160-002,жш╡╪и╜,107.52,2.87,3858.36,32.52,11.12,21.4,192.42,"103Y12M"
67000,╗Oлnел,67000160,▒Nнx░╧,67000160-003,жшйMи╜,102.51,2.81,496.45,36.73,10.06,26.67,265.06,"103Y12M"
67000,╗Oлnел,67000160,▒Nнx░╧,67000160-004,й╛┐│и╜,96.,2.91,1017.49,38.85,14.24,24.61,172.77,"103Y12M"
67000,╗Oлnел,67000160,▒Nнx░╧,67000160-005,╣┼йўи╜,112.35,2.77,423.98,41.18,14.36,26.81,186.67,"103Y12M"
67000,╗Oлnел,67000160,▒Nнx░╧,67000160-006,лO╖╜и╜,106.9,2.69,385.51,39.85,9.08,30.77,338.89,"103Y12M"
67000,╗Oлnел,67000160,▒Nнx░╧,67000160-007,нdйMи╜,110.51,2.59,962.27,35.51,10.03,25.48,253.93,"103Y12M"
67000,╗Oлnел,67000160,▒Nнx░╧,67000160-008,дпйMи╜,120.72,2.41,401.25,47.,11.2,35.8,319.64,"103Y12M"
67000,╗Oлnел,67000160,▒Nнx░╧,67000160-009,е_оHи╜,101.81,2.7,246.43,45.97,10.68,35.29,330.61,"103Y12M"
67000,╗Oлnел,67000160,▒Nнx░╧,67000160-010,▒N┤Iи╜,107.54,2.63,534.74,47.13,12.87,34.26,266.15,"103Y12M"
67000,╗Oлnел,67000160,▒Nнx░╧,67000160-011,▒N╢Qи╜,108.67,2.77,373.51,46.52,11.96,34.57,289.09,"103Y12M"
67000,╗Oлnел,67000160,▒Nнx░╧,67000160-012,дTжNи╜,113.87,2.99,163.46,37.94,10.84,27.1,250.,"103Y12M"
67000,╗Oлnел,67000160,▒Nнx░╧,67000160-013,е╔дsи╜,114.76,2.53,409.35,40.69,9.09,31.6,347.62,"103Y12M"
67000,╗Oлnел,67000160,▒Nнx░╧,67000160-014,╝sдsи╜,111.24,2.49,261.52,53.78,10.22,43.56,426.,"103Y12M"
67000,╗Oлnел,67000160,▒Nнx░╧,67000160-015,к°иFи╜,100.12,3.28,391.22,34.24,14.9,19.34,129.83,"103Y12M"
67000,╗Oлnел,67000160,▒Nнx░╧,67000160-016,ениFи╜,93.39,3.23,265.72,33.75,13.13,20.62,157.04,"103Y12M"
67000,╗Oлnел,67000160,▒Nнx░╧,67000160-017,є╦ё╩и╜,102.41,2.85,277.47,34.07,11.97,22.1,184.62,"103Y12M"
67000,╗Oлnел,67000160,▒Nнx░╧,67000160-018,є╦▐Hи╜,90.68,2.58,16871.3,33.57,9.91,23.66,238.82,"103Y12M"
67000,╗Oлnел,67000170,е_к∙░╧,67000170-001,лOжNи╜,103.25,2.86,187.15,27.86,12.17,15.69,128.86,"103Y12M"
67000,╗Oлnел,67000170,е_к∙░╧,67000170-002,┬∙мKи╜,110.37,2.77,38.46,33.96,15.8,18.16,114.93,"103Y12M"
67000,╗Oлnел,67000170,е_к∙░╧,67000170-003,кF╛└и╜,94.03,3.28,1268.02,23.87,11.3,12.57,111.25,"103Y12M"
67000,╗Oлnел,67000170,е_к∙░╧,67000170-004,є╦ж┐и╜,93.2,2.87,310.75,27.31,12.28,15.03,122.35,"103Y12M"
67000,╗Oлnел,67000170,е_к∙░╧,67000170-005,е_к∙и╜,96.33,2.73,602.32,33.46,11.68,21.78,186.52,"103Y12M"
67000,╗Oлnел,67000170,е_к∙░╧,67000170-006,└A┤Єи╜,111.7,2.31,164.2,37.86,13.45,24.4,181.42,"103Y12M"
67000,╗Oлnел,67000170,е_к∙░╧,67000170-007,дTе·и╜,100.99,2.87,383.45,33.62,16.01,17.61,110.,"103Y12M"
67000,╗Oлnел,67000170,е_к∙░╧,67000170-008,дпи╜и╜,106.94,2.58,460.53,48.11,14.71,33.4,227.03,"103Y12M"
67000,╗Oлnел,67000170,е_к∙░╧,67000170-009,е╔┤фи╜,117.88,2.34,336.03,42.74,11.06,31.68,286.57,"103Y12M"
67000,╗Oлnел,67000170,е_к∙░╧,67000170-010,дд╝╧и╜,106.58,2.48,244.53,41.73,9.59,32.14,335.29,"103Y12M"
67000,╗Oлnел,67000170,е_к∙░╧,67000170-011,╖Oжwи╜,92.84,2.58,109.35,33.81,12.82,20.99,163.75,"103Y12M"
67000,╗Oлnел,67000170,е_к∙░╧,67000170-012,е├╡╪и╜,96.36,2.6,101.11,32.92,13.23,19.69,148.84,"103Y12M"
67000,╗Oлnел,67000170,е_к∙░╧,67000170-013,е├╢йи╜,89.77,2.59,111.99,36.26,11.85,24.41,206.,"103Y12M"
67000,╗Oлnел,67000180,╖sд╞░╧,67000180-001,кZжwи╜,98.25,2.93,8154.21,33.85,15.49,18.36,118.47,"103Y12M"
67000,╗Oлnел,67000180,╖sд╞░╧,67000180-002,кF║aи╜,102.25,2.84,1537.29,33.95,15.04,18.91,125.76,"103Y12M"
67000,╗Oлnел,67000180,╖sд╞░╧,67000180-003,┼@░ъи╜,102.35,3.12,613.88,37.92,15.37,22.55,146.67,"103Y12M"
67000,╗Oлnел,67000180,╖sд╞░╧,67000180-004,д╙ени╜,101.2,3.06,2030.64,35.4,17.51,17.89,102.15,"103Y12M"
67000,╗Oлnел,67000180,╖sд╞░╧,67000180-005,ддеби╜,92.08,2.51,14602.93,58.97,15.86,43.1,271.74,"103Y12M"
67000,╗Oлnел,67000180,╖sд╞░╧,67000180-006,╞[н╡и╜,97.52,2.74,16302.96,41.78,13.56,28.22,208.2,"103Y12M"
67000,╗Oлnел,67000180,╖sд╞░╧,67000180-007,ж╦кLи╜,121.23,2.68,13003.22,40.,7.76,32.24,415.38,"103Y12M"
67000,╗Oлnел,67000180,╖sд╞░╧,67000180-008,▓MдЇи╜,105.41,3.02,16475.42,34.43,14.03,20.4,145.38,"103Y12M"
67000,╗Oлnел,67000180,╖sд╞░╧,67000180-009,иє┐│и╜,100.1,3.19,4751.01,33.29,17.21,16.08,93.48,"103Y12M"
67000,╗Oлnел,67000180,╖sд╞░╧,67000180-010,╘wдfи╜,101.26,3.39,2149.08,34.95,20.33,14.63,71.95,"103Y12M"
67000,╗Oлnел,67000180,╖sд╞░╧,67000180-011,е_╢╒и╜,106.,2.94,644.3,27.74,14.44,13.3,92.11,"103Y12M"
67000,╗Oлnел,67000180,╖sд╞░╧,67000180-012,┬╫║aи╜,103.45,3.22,4065.13,33.51,20.44,13.07,63.97,"103Y12M"
67000,╗Oлnел,67000180,╖sд╞░╧,67000180-013,е■┐│и╜,102.07,3.23,1391.51,28.87,16.85,12.02,71.33,"103Y12M"
67000,╗Oлnел,67000180,╖sд╞░╧,67000180-014,▒[│╗и╜,117.23,3.39,2440.11,35.83,16.28,19.56,120.14,"103Y12M"
67000,╗Oлnел,67000180,╖sд╞░╧,67000180-015,к╛╕qи╜,110.84,2.94,408.65,34.51,12.19,22.32,183.12,"103Y12M"
67000,╗Oлnел,67000180,╖sд╞░╧,67000180-016,дsЧги╜,107.71,3.21,200.08,34.69,17.85,16.85,94.4,"103Y12M"
67000,╗Oлnел,67000180,╖sд╞░╧,67000180-017,дjз|и╜,120.99,2.83,96.35,38.4,7.99,30.41,380.65,"103Y12M"
67000,╗Oлnел,67000180,╖sд╞░╧,67000180-018,б╜й▐и╜,104.2,3.27,320.37,35.56,16.25,19.31,118.77,"103Y12M"
67000,╗Oлnел,67000180,╖sд╞░╧,67000180-019,ж╧кLи╜,115.57,3.29,283.09,35.34,15.04,20.3,135.,"103Y12M"
67000,╗Oлnел,67000180,╖sд╞░╧,67000180-020,┴Gз|и╜,124.76,2.79,102.46,43.23,11.06,32.17,291.01,"103Y12M"
67000,╗Oлnел,67000190,╡╜д╞░╧,67000190-001,кF├Ўи╜,99.1,2.42,2633.52,58.18,29.15,29.03,99.59,"103Y12M"
67000,╗Oлnел,67000190,╡╜д╞░╧,67000190-002,зд╛rи╜,92.68,3.,3692.17,47.67,31.43,16.24,51.67,"103Y12M"
67000,╗Oлnел,67000190,╡╜д╞░╧,67000190-003,е·дхи╜,96.41,2.78,1951.17,40.32,24.14,16.17,66.99,"103Y12M"
67000,╗Oлnел,67000190,╡╜д╞░╧,67000190-004,дхйўи╜,99.32,2.82,1127.32,40.94,22.47,18.47,82.19,"103Y12M"
67000,╗Oлnел,67000190,╡╜д╞░╧,67000190-005,лn├Ўи╜,97.08,2.98,449.18,42.12,25.59,16.53,64.59,"103Y12M"
67000,╗Oлnел,67000190,╡╜д╞░╧,67000190-006,жш├Ўи╜,102.92,2.58,1104.46,39.85,13.53,26.33,194.59,"103Y12M"
67000,╗Oлnел,67000190,╡╜д╞░╧,67000190-007,е_├Ўи╜,132.11,2.46,9892.07,46.04,17.39,28.64,164.71,"103Y12M"
67000,╗Oлnел,67000190,╡╜д╞░╧,67000190-008,дхе┐и╜,103.42,2.91,1879.28,41.77,24.31,17.46,71.81,"103Y12M"
67000,╗Oлnел,67000190,╡╜д╞░╧,67000190-009,нJоaи╜,106.96,3.19,897.9,46.4,16.06,30.34,188.96,"103Y12M"
67000,╗Oлnел,67000190,╡╜д╞░╧,67000190-010,нJнэи╜,112.97,2.92,516.21,38.46,15.16,23.3,153.66,"103Y12M"
67000,╗Oлnел,67000190,╡╜д╞░╧,67000190-011,д░дDи╜,103.63,2.93,1186.36,32.97,17.03,15.94,93.58,"103Y12M"
67000,╗Oлnел,67000190,╡╜д╞░╧,67000190-012,╖╦м№и╜,101.66,2.96,685.86,37.87,15.19,22.68,149.38,"103Y12M"
67000,╗Oлnел,67000190,╡╜д╞░╧,67000190-013,д╗д└и╜,113.26,2.66,124.72,37.91,11.49,26.42,229.85,"103Y12M"
67000,╗Oлnел,67000190,╡╜д╞░╧,67000190-014,д╗╝wи╜,105.93,3.05,468.13,36.85,14.8,22.04,148.92,"103Y12M"
67000,╗Oлnел,67000190,╡╜д╞░╧,67000190-015,е╨╝dи╜,105.44,2.94,2079.39,40.69,15.59,25.1,161.06,"103Y12M"
67000,╗Oлnел,67000190,╡╜д╞░╧,67000190-016,кF╢йи╜,106.77,2.96,381.57,44.57,15.6,28.97,185.71,"103Y12M"
67000,╗Oлnел,67000190,╡╜д╞░╧,67000190-017,кFйўи╜,107.53,2.92,479.79,41.51,15.39,26.11,169.63,"103Y12M"
67000,╗Oлnел,67000190,╡╜д╞░╧,67000190-018,д√╔▄и╜,104.76,3.04,877.65,34.8,12.62,22.18,175.78,"103Y12M"
67000,╗Oлnел,67000190,╡╜д╞░╧,67000190-019,╣┼е_и╜,113.84,3.04,522.09,40.65,16.1,24.55,152.53,"103Y12M"
67000,╗Oлnел,67000190,╡╜д╞░╧,67000190-020,╣┼лnи╜,109.31,3.02,382.84,40.18,15.13,25.06,165.65,"103Y12M"
67000,╗Oлnел,67000190,╡╜д╞░╧,67000190-021,дp╖sи╜,103.3,2.52,1226.86,34.18,24.12,10.06,41.69,"103Y12M"
67000,╗Oлnел,67000200,╖sел░╧,67000200-001,╖sели╜,94.46,2.93,8116.29,30.35,15.87,14.48,91.26,"103Y12M"
67000,╗Oлnел,67000200,╖sел░╧,67000200-002,╖sйMи╜,101.53,2.9,5989.64,33.62,19.92,13.7,68.8,"103Y12M"
67000,╗Oлnел,67000200,╖sел░╧,67000200-003,к└д║и╜,100.15,3.29,549.57,37.59,21.64,15.95,73.73,"103Y12M"
67000,╗Oлnел,67000200,╖sел░╧,67000200-004,дjмwи╜,109.27,3.08,146.38,45.47,22.82,22.65,99.24,"103Y12M"
67000,╗Oлnел,67000200,╖sел░╧,67000200-005,┬╫╡╪и╜,102.02,3.04,106.74,36.01,20.42,15.59,76.36,"103Y12M"
67000,╗Oлnел,67000200,╖sел░╧,67000200-006,дTк┘и╜,95.4,3.52,627.61,44.91,31.92,12.99,40.7,"103Y12M"
67000,╗Oлnел,67000200,╖sел░╧,67000200-007,дj└чи╜,99.84,3.14,780.69,32.31,18.03,14.28,79.2,"103Y12M"
67000,╗Oлnел,67000200,╖sел░╧,67000200-008,дjк└и╜,107.05,3.25,996.42,30.77,16.83,13.93,82.76,"103Y12M"
67000,╗Oлnел,67000200,╖sел░╧,67000200-009,╝ц│╗и╜,106.49,3.03,413.32,33.,15.39,17.61,114.4,"103Y12M"
67000,╗Oлnел,67000200,╖sел░╧,67000200-010,┤фсYи╜,97.97,3.24,1422.65,31.96,18.39,13.56,73.74,"103Y12M"
67000,╗Oлnел,67000200,╖sел░╧,67000200-011,е├┤Nи╜,98.96,2.83,532.74,31.32,20.75,10.57,50.92,"103Y12M"
67000,╗Oлnел,67000210,жwйw░╧,67000210-001,─мкLи╜,107.11,3.06,1076.29,39.27,14.29,24.97,174.71,"103Y12M"
67000,╗Oлnел,67000210,жwйw░╧,67000210-002,─мнэи╜,101.41,3.08,1679.31,38.36,17.99,20.38,113.29,"103Y12M"
67000,╗Oлnел,67000210,жwйw░╧,67000210-003,жwйwи╜,109.92,3.,759.84,40.22,15.96,24.26,152.,"103Y12M"
67000,╗Oлnел,67000210,жwйw░╧,67000210-004,жwе[и╜,111.2,3.02,1302.81,45.57,20.15,25.42,126.17,"103Y12M"
67000,╗Oлnел,67000210,жwйw░╧,67000210-005,лOжши╜,105.09,2.83,766.67,38.57,14.95,23.62,158.,"103Y12M"
67000,╗Oлnел,67000210,жwйw░╧,67000210-006,┤фз└и╜,103.05,3.29,753.74,42.33,20.59,21.74,105.56,"103Y12M"
67000,╗Oлnел,67000210,жwйw░╧,67000210-007,дд║aи╜,105.04,2.81,1748.89,34.11,24.64,9.47,38.44,"103Y12M"
67000,╗Oлnел,67000210,жwйw░╧,67000210-008,┤фдfи╜,98.81,3.17,2400.34,30.72,18.79,11.94,63.54,"103Y12M"
67000,╗Oлnел,67000210,жwйw░╧,67000210-009,┤флnи╜,109.46,3.06,1110.22,28.71,15.31,13.4,87.54,"103Y12M"
67000,╗Oлnел,67000210,жwйw░╧,67000210-010,дjжPи╜,113.21,3.2,271.23,19.1,10.71,8.39,78.38,"103Y12M"
67000,╗Oлnел,67000210,жwйw░╧,67000210-011,д╗╣┼и╜,106.29,3.37,1350.8,29.29,13.08,16.22,124.02,"103Y12M"
67000,╗Oлnел,67000210,жwйw░╧,67000210-012,ддиFи╜,104.85,3.09,558.96,31.86,12.15,19.7,162.16,"103Y12M"
67000,╗Oлnел,67000210,жwйw░╧,67000210-013,╖sжNи╜,101.52,2.94,892.19,25.58,14.3,11.29,78.93,"103Y12M"
67000,╗Oлnел,67000210,жwйw░╧,67000210-014,о№╝dи╜,110.89,3.32,840.75,30.64,14.46,16.18,111.89,"103Y12M"
67000,╗Oлnел,67000210,жwйw░╧,67000210-015,║▐╝dи╜,109.94,3.5,427.77,38.11,12.45,25.66,206.06,"103Y12M"
67000,╗Oлnел,67000210,жwйw░╧,67000210-016,лnжwи╜,93.59,3.03,670.96,38.53,20.92,17.61,84.21,"103Y12M"
67000,╗Oлnел,67000220,дsдW░╧,67000220-001,й·йMи╜,107.24,2.74,370.2,39.92,14.93,24.98,167.28,"103Y12M"
67000,╗Oлnел,67000220,дsдW░╧,67000220-002,лnмwи╜,112.06,2.85,994.75,43.83,13.43,30.4,226.44,"103Y12M"
67000,╗Oлnел,67000220,дsдW░╧,67000220-003,дsдWи╜,104.26,2.86,1503.53,38.58,13.12,25.46,194.,"103Y12M"
67000,╗Oлnел,67000220,дsдW░╧,67000220-004,╖s▓°и╜,104.32,2.91,301.16,32.97,13.19,19.78,150.,"103Y12M"
67000,╗Oлnел,67000220,дsдW░╧,67000220-005,е╔Фви╜,116.25,2.52,55.49,47.47,9.16,38.31,418.42,"103Y12M"
67000,╗Oлnел,67000220,дsдW░╧,67000220-006,ен╢зи╜,121.93,2.63,171.54,36.96,6.27,30.69,489.47,"103Y12M"
67000,╗Oлnел,67000220,дsдW░╧,67000220-007,┬╫╝wи╜,117.68,2.91,170.51,29.04,9.88,19.16,193.94,"103Y12M"
67000,╗Oлnел,67000230,е╔дл░╧,67000230-001,е╔дли╜,96.79,2.6,2113.83,47.12,11.82,35.3,298.65,"103Y12M"
67000,╗Oлnел,67000230,е╔дл░╧,67000230-002,е╔е╨и╜,103.61,2.77,2070.44,39.14,14.58,24.56,168.41,"103Y12M"
67000,╗Oлnел,67000230,е╔дл░╧,67000230-003,дде┐и╜,107.76,2.95,181.03,45.99,15.96,30.03,188.2,"103Y12M"
67000,╗Oлnел,67000230,е╔дл░╧,67000230-004,ж╦│Єи╜,104.95,2.96,692.75,41.77,14.95,26.82,179.33,"103Y12M"
67000,╗Oлnел,67000230,е╔дл░╧,67000230-005,иFе╨и╜,119.01,2.61,48.61,53.6,14.13,39.47,279.25,"103Y12M"
67000,╗Oлnел,67000230,е╔дл░╧,67000230-006,дTоHи╜,131.64,2.82,85.48,43.58,12.59,30.99,246.15,"103Y12M"
67000,╗Oлnел,67000230,е╔дл░╧,67000230-007,дTйMи╜,111.72,3.01,119.31,43.44,14.59,28.85,197.78,"103Y12M"
67000,╗Oлnел,67000230,е╔дл░╧,67000230-008,▒цй·и╜,118.81,2.95,225.1,43.27,15.07,28.2,187.1,"103Y12M"
67000,╗Oлnел,67000230,е╔дл░╧,67000230-009,╝hкLи╜,116.18,2.75,56.03,46.38,12.72,33.66,264.62,"103Y12M"
67000,╗Oлnел,67000230,е╔дл░╧,67000230-010,┬╫и╜и╜,109.03,2.98,80.75,45.29,13.68,31.62,231.19,"103Y12M"
67000,╗Oлnел,67000240,╖гжш░╧,67000240-001,╖гжши╜,108.13,2.85,659.59,39.51,13.66,25.85,189.2,"103Y12M"
67000,╗Oлnел,67000240,╖гжш░╧,67000240-002,╞WеCи╜,120.45,2.93,53.93,44.96,14.92,30.04,201.41,"103Y12M"
67000,╗Oлnел,67000240,╖гжш░╧,67000240-003,▒KкKи╜,125.14,2.74,22.78,41.49,9.55,31.94,334.55,"103Y12M"
67000,╗Oлnел,67000240,╖гжш░╧,67000240-004,╖╙┐│и╜,123.92,2.77,79.57,45.35,16.99,28.36,166.91,"103Y12M"
67000,╗Oлnел,67000240,╖гжш░╧,67000240-005,│└е╨и╜,106.51,2.91,199.37,48.5,15.6,32.9,210.83,"103Y12M"
67000,╗Oлnел,67000240,╖гжш░╧,67000240-006,└tджи╜,125.84,2.85,34.14,40.45,11.91,28.54,239.68,"103Y12M"
67000,╗Oлnел,67000240,╖гжш░╧,67000240-007,кF╢╒и╜,103.35,2.89,1437.8,42.28,16.24,26.04,160.33,"103Y12M"
67000,╗Oлnел,67000250,лnд╞░╧,67000250-001,лnд╞и╜,109.97,2.81,369.3,40.96,13.83,27.13,196.23,"103Y12M"
67000,╗Oлnел,67000250,лnд╞░╧,67000250-002,дp▒[и╜,131.75,3.28,82.27,37.95,12.8,25.15,196.51,"103Y12M"
67000,╗Oлnел,67000250,лnд╞░╧,67000250-003,ддз|и╜,121.1,3.2,101.36,52.77,12.83,39.94,311.36,"103Y12M"
67000,╗Oлnел,67000250,лnд╞░╧,67000250-004,е_ени╜,119.13,3.04,84.08,54.74,14.45,40.28,278.69,"103Y12M"
67000,╗Oлnел,67000250,лnд╞░╧,67000250-005,кFйMи╜,123.16,3.22,85.08,42.34,14.59,27.75,190.12,"103Y12M"
67000,╗Oлnел,67000250,лnд╞░╧,67000250-006,жшоHи╜,122.54,3.21,84.94,40.39,10.44,29.95,286.96,"103Y12M"
67000,╗Oлnел,67000250,лnд╞░╧,67000250-007,е_╝dи╜,118.59,3.2,160.26,44.08,13.18,30.9,234.38,"103Y12M"
67000,╗Oлnел,67000250,лnд╞░╧,67000250-008,е╔дsи╜,115.26,3.2,37.85,35.38,12.37,23.01,185.98,"103Y12M"
67000,╗Oлnел,67000250,лnд╞░╧,67000250-009,├Ўдsи╜,114.32,3.44,11.92,34.06,17.23,16.82,97.64,"103Y12M"
67000,╗Oлnел,67000260,ек┬э░╧,67000260-001,е·йMи╜,123.47,2.37,63.27,46.98,8.39,38.59,460.,"103Y12M"
67000,╗Oлnел,67000260,ек┬э░╧,67000260-002,║aйMи╜,118.99,2.67,168.47,49.09,10.71,38.38,358.49,"103Y12M"
67000,╗Oлnел,67000260,ек┬э░╧,67000260-003,ек┬эи╜,116.8,2.56,171.82,51.23,12.53,38.69,308.7,"103Y12M"
67000,╗Oлnел,67000260,ек┬э░╧,67000260-004,дде┐и╜,109.51,2.52,197.99,53.57,12.07,41.5,343.66,"103Y12M"
67000,╗Oлnел,67000260,ек┬э░╧,67000260-005,╖№е·и╜,140.22,3.09,129.81,48.28,14.83,33.45,225.58,"103Y12M"
67000,╗Oлnел,67000260,ек┬э░╧,67000260-006,д║╔▄и╜,147.09,2.55,147.59,56.19,10.37,45.82,441.94,"103Y12M"
67000,╗Oлnел,67000260,ек┬э░╧,67000260-007,╝сдsи╜,133.73,2.55,55.84,41.93,9.16,32.77,357.89,"103Y12M"
67000,╗Oлnел,67000260,ек┬э░╧,67000260-008,йгкLи╜,126.42,2.71,39.48,39.53,6.1,33.43,547.62,"103Y12M"
67000,╗Oлnел,67000260,ек┬э░╧,67000260-009,пєдsи╜,144.59,2.74,20.1,39.23,10.,29.23,292.31,"103Y12M"
67000,╗Oлnел,67000260,ек┬э░╧,67000260-010,дG╝dи╜,140.66,2.21,33.68,45.03,11.26,33.77,300.,"103Y12M"
67000,╗Oлnел,67000270,дп╝w░╧,67000270-001,д╙дlи╜,105.05,2.87,4067.02,27.42,13.73,13.69,99.7,"103Y12M"
67000,╗Oлnел,67000270,дп╝w░╧,67000270-002,дgоwи╜,106.3,2.86,1502.52,33.8,14.77,19.03,128.88,"103Y12M"
67000,╗Oлnел,67000270,дп╝w░╧,67000270-003,д@е╥и╜,108.73,2.76,1590.61,28.33,15.31,13.02,85.05,"103Y12M"
67000,╗Oлnел,67000270,дп╝w░╧,67000270-004,дп╝wи╜,103.95,2.61,2713.87,32.4,21.03,11.38,54.11,"103Y12M"
67000,╗Oлnел,67000270,дп╝w░╧,67000270-005,дп╕qи╜,100.13,2.81,4381.38,27.25,15.42,11.83,76.75,"103Y12M"
67000,╗Oлnел,67000270,дп╝w░╧,67000270-006,╖sе╨и╜,101.54,2.84,1207.13,27.09,15.74,11.35,72.13,"103Y12M"
67000,╗Oлnел,67000270,дп╝w░╧,67000270-007,лс╛└и╜,101.17,2.86,4325.19,27.8,16.48,11.31,68.64,"103Y12M"
67000,╗Oлnел,67000270,дп╝w░╧,67000270-008,дW▒[и╜,102.53,2.92,1322.01,30.27,17.49,12.78,73.1,"103Y12M"
67000,╗Oлnел,67000270,дп╝w░╧,67000270-009,е╨нэи╜,109.67,2.81,1156.15,34.45,14.,20.45,146.11,"103Y12M"
67000,╗Oлnел,67000270,дп╝w░╧,67000270-010,дTе╥и╜,103.63,2.95,550.37,30.73,11.8,18.93,160.47,"103Y12M"
67000,╗Oлnел,67000270,дп╝w░╧,67000270-011,лOжwи╜,105.14,2.67,897.64,30.61,15.08,15.53,103.02,"103Y12M"
67000,╗Oлnел,67000270,дп╝w░╧,67000270-012,жие\и╜,103.84,2.56,669.94,30.33,11.07,19.27,174.13,"103Y12M"
67000,╗Oлnел,67000270,дп╝w░╧,67000270-013,дпйMи╜,98.58,1.92,17563.5,54.75,8.75,45.99,525.35,"103Y12M"
67000,╗Oлnел,67000270,дп╝w░╧,67000270-014,дп╖Rи╜,105.66,2.27,971.42,31.52,12.76,18.77,147.1,"103Y12M"
67000,╗Oлnел,67000270,дп╝w░╧,67000270-015,дGжци╜,104.73,2.74,2099.06,33.22,15.1,18.12,120.,"103Y12M"
67000,╗Oлnел,67000270,дп╝w░╧,67000270-016,дjе╥и╜,104.62,2.92,562.61,31.85,15.72,16.14,102.66,"103Y12M"
67000,╗Oлnел,67000270,дп╝w░╧,67000270-017,ддмwи╜,114.89,2.83,388.11,38.46,14.84,23.62,159.15,"103Y12M"
67000,╗Oлnел,67000270,дп╝w░╧,67000270-018,дде═и╜,111.29,3.05,430.12,37.49,13.41,24.08,179.62,"103Y12M"
67000,╗Oлnел,67000280,┬kдп░╧,67000280-001,лnлOи╜,100.08,3.26,10136.71,29.13,19.3,9.82,50.89,"103Y12M"
67000,╗Oлnел,67000280,┬kдп░╧,67000280-002,д╗е╥и╜,107.78,2.87,780.9,29.42,14.5,14.92,102.87,"103Y12M"
67000,╗Oлnел,67000280,┬kдп░╧,67000280-003,┬kдпи╜,99.42,3.03,2634.1,34.24,18.51,15.73,85.,"103Y12M"
67000,╗Oлnел,67000280,┬kдп░╧,67000280-004,лсели╜,102.17,3.14,12732.87,35.17,18.92,16.25,85.89,"103Y12M"
67000,╗Oлnел,67000280,┬kдп░╧,67000280-005,╢dнэи╜,100.16,2.98,15865.45,25.75,15.49,10.25,66.18,"103Y12M"
67000,╗Oлnел,67000280,┬kдп░╧,67000280-006,│\нэи╜,101.69,3.12,12172.19,34.08,18.11,15.97,88.16,"103Y12M"
67000,╗Oлnел,67000280,┬kдп░╧,67000280-007,м▌жши╜,101.26,3.1,8010.72,35.73,22.82,12.92,56.61,"103Y12M"
67000,╗Oлnел,67000280,┬kдп░╧,67000280-008,м▌кFи╜,102.75,3.23,835.51,32.36,19.43,12.93,66.56,"103Y12M"
67000,╗Oлnел,67000280,┬kдп░╧,67000280-009,▒[│╗и╜,103.28,3.27,3359.17,37.87,22.54,15.33,68.01,"103Y12M"
67000,╗Oлnел,67000280,┬kдп░╧,67000280-010,иF▒[и╜,110.44,3.17,65.35,32.13,14.59,17.54,120.22,"103Y12M"
67000,╗Oлnел,67000280,┬kдп░╧,67000280-011,дj╝ци╜,103.42,3.2,230.01,35.66,15.58,20.08,128.87,"103Y12M"
67000,╗Oлnел,67000280,┬kдп░╧,67000280-012,кZкFи╜,141.5,2.22,321.34,25.39,13.63,11.76,86.34,"103Y12M"
67000,╗Oлnел,67000280,┬kдп░╧,67000280-013,дKе╥и╜,98.19,3.11,1579.48,32.81,18.61,14.2,76.28,"103Y12M"
67000,╗Oлnел,67000280,┬kдп░╧,67000280-014,дCе╥и╜,105.28,2.94,849.4,27.76,15.88,11.88,74.77,"103Y12M"
67000,╗Oлnел,67000280,┬kдп░╧,67000280-015,╢¤╝qи╜,109.46,2.97,1438.25,35.56,16.69,18.86,113.,"103Y12M"
67000,╗Oлnел,67000280,┬kдп░╧,67000280-016,жшоHи╜,111.24,3.08,896.18,26.89,12.46,14.43,115.79,"103Y12M"
67000,╗Oлnел,67000280,┬kдп░╧,67000280-017,дj╝qи╜,102.83,2.97,1442.83,24.01,11.63,12.38,106.38,"103Y12M"
67000,╗Oлnел,67000280,┬kдп░╧,67000280-018,лn┐│и╜,101.24,3.32,5395.54,31.69,22.75,8.94,39.31,"103Y12M"
67000,╗Oлnел,67000280,┬kдп░╧,67000280-019,╖sнэи╜,101.08,3.09,9220.71,35.31,19.5,15.81,81.07,"103Y12M"
67000,╗Oлnел,67000280,┬kдп░╧,67000280-020,┬kлnи╜,102.3,3.14,1928.01,28.14,15.25,12.89,84.57,"103Y12M"
67000,╗Oлnел,67000280,┬kдп░╧,67000280-021,дхд╞и╜,96.46,3.22,14660.7,30.97,21.83,9.14,41.85,"103Y12M"
67000,╗Oлnел,67000290,├Ў╝q░╧,67000290-001,├Ў╝qи╜,111.23,3.15,1864.87,34.92,16.26,18.66,114.81,"103Y12M"
67000,╗Oлnел,67000290,├Ў╝q░╧,67000290-002,дsжши╜,103.9,3.2,2167.41,34.23,13.58,20.65,152.1,"103Y12M"
67000,╗Oлnел,67000290,├Ў╝q░╧,67000290-003,н╗мvи╜,102.22,3.13,10934.3,39.,13.07,25.93,198.33,"103Y12M"
67000,╗Oлnел,67000290,├Ў╝q░╧,67000290-004,е_╢╒и╜,108.63,3.18,2489.65,41.99,17.11,24.88,145.35,"103Y12M"
67000,╗Oлnел,67000290,├Ў╝q░╧,67000290-005,╖sоHи╜,113.98,3.29,1024.65,33.26,17.41,15.85,91.03,"103Y12M"
67000,╗Oлnел,67000290,├Ў╝q░╧,67000290-006,╖sе·и╜,123.34,2.84,120.9,41.75,11.45,30.3,264.71,"103Y12M"
67000,╗Oлnел,67000290,├Ў╝q░╧,67000290-007,дне╥и╜,106.07,3.34,1610.98,31.05,16.58,14.47,87.25,"103Y12M"
67000,╗Oлnел,67000290,├Ў╝q░╧,67000290-008,кF╢╒и╜,107.97,3.33,3285.29,33.46,16.91,16.55,97.89,"103Y12M"
67000,╗Oлnел,67000290,├Ў╝q░╧,67000290-009,кQ╕}и╜,97.32,3.31,1907.45,38.22,15.79,22.43,142.06,"103Y12M"
67000,╗Oлnел,67000290,├Ў╝q░╧,67000290-010,лnкси╜,103.85,3.24,10041.02,37.39,15.,22.38,149.19,"103Y12M"
67000,╗Oлnел,67000290,├Ў╝q░╧,67000290-011,е_кси╜,101.35,3.31,1179.55,37.9,17.78,20.12,113.19,"103Y12M"
67000,╗Oлnел,67000290,├Ў╝q░╧,67000290-012,▓`з|и╜,108.02,3.27,418.47,36.35,16.5,19.85,120.35,"103Y12M"
67000,╗Oлnел,67000290,├Ў╝q░╧,67000290-013,ем│Uи╜,109.74,3.24,142.99,36.31,14.9,21.42,143.75,"103Y12M"
67000,╗Oлnел,67000290,├Ў╝q░╧,67000290-014,е╨дди╜,125.13,3.13,475.5,40.75,13.58,27.17,200.,"103Y12M"
67000,╗Oлnел,67000290,├Ў╝q░╧,67000290-015,└tм}и╜,109.62,3.08,380.98,38.,13.4,24.59,183.52,"103Y12M"
67000,╗Oлnел,67000290,├Ў╝q░╧,67000290-016,░ё└Yи╜,110.84,2.91,229.96,31.,11.96,19.04,159.2,"103Y12M"
67000,╗Oлnел,67000290,├Ў╝q░╧,67000290-017,дU┤Єи╜,114.4,2.98,72.74,30.1,9.22,20.87,226.32,"103Y12M"
67000,╗Oлnел,67000300,└s▒T░╧,67000300-001,▒T│╗и╜,112.97,2.88,124.36,49.25,15.3,33.95,221.8,"103Y12M"
67000,╗Oлnел,67000300,└s▒T░╧,67000300-002,дg▒Tи╜,123.55,2.68,61.43,43.9,10.24,33.66,328.85,"103Y12M"
67000,╗Oлnел,67000300,└s▒T░╧,67000300-003,ддз|и╜,124.05,2.21,25.47,40.48,6.35,34.13,537.5,"103Y12M"
67000,╗Oлnел,67000300,└s▒T░╧,67000300-004,╖гз|и╜,125.97,2.8,48.26,36.33,11.,25.33,230.3,"103Y12M"
67000,╗Oлnел,67000300,└s▒T░╧,67000300-005,д√оHи╜,128.83,2.65,62.78,39.18,8.21,30.97,377.27,"103Y12M"
67000,╗Oлnел,67000300,└s▒T░╧,67000300-006,дjйWи╜,118.99,2.53,52.51,41.22,3.67,37.55,1022.22,"103Y12M"
67000,╗Oлnел,67000300,└s▒T░╧,67000300-007,└s▓юи╜,118.14,2.68,137.75,47.6,9.58,38.02,396.88,"103Y12M"
67000,╗Oлnел,67000300,└s▒T░╧,67000300-008,е█б╜и╜,108.97,2.89,54.85,47.,11.99,35.02,292.11,"103Y12M"
67000,╗Oлnел,67000310,е├▒d░╧,67000310-001,днд¤и╜,88.29,2.63,21259.79,28.88,18.01,10.87,60.34,"103Y12M"
67000,╗Oлnел,67000310,е├▒d░╧,67000310-002,║Ї╝dи╜,94.68,2.79,9134.64,28.19,19.77,8.42,42.58,"103Y12M"
67000,╗Oлnел,67000310,е├▒d░╧,67000310-003,е├▒dи╜,104.78,2.58,8692.69,29.71,19.73,9.98,50.57,"103Y12M"
67000,╗Oлnел,67000310,е├▒d░╧,67000310-004,оH╢щи╜,99.04,2.98,9468.23,33.21,26.44,6.77,25.62,"103Y12M"
67000,╗Oлnел,67000310,е├▒d░╧,67000310-005,дj╛Їи╜,93.07,2.89,12007.13,24.88,16.66,8.22,49.33,"103Y12M"
67000,╗Oлnел,67000310,е├▒d░╧,67000310-006,д¤жци╜,99.19,3.45,685.36,32.,19.3,12.7,65.82,"103Y12M"
67000,╗Oлnел,67000310,е├▒d░╧,67000310-007,пQж╦и╜,101.02,2.99,5466.37,29.67,21.89,7.79,35.58,"103Y12M"
67000,╗Oлnел,67000310,е├▒d░╧,67000310-008,чrкQи╜,102.83,3.02,1281.14,29.61,16.15,13.47,83.4,"103Y12M"
67000,╗Oлnел,67000310,е├▒d░╧,67000310-009,дTе┴и╜,112.76,3.07,419.9,34.62,17.68,16.95,95.89,"103Y12M"
67000,╗Oлnел,67000310,е├▒d░╧,67000310-010,Ъмжци╜,98.36,2.73,3169.6,26.88,17.96,8.92,49.65,"103Y12M"
67000,╗Oлnел,67000310,е├▒d░╧,67000310-011,е╥│╗и╜,94.71,2.81,4930.31,35.71,19.09,16.63,87.11,"103Y12M"
67000,╗Oлnел,67000310,е├▒d░╧,67000310-012,дj╞Wи╜,98.46,3.1,9041.41,34.61,19.86,14.75,74.28,"103Y12M"
67000,╗Oлnел,67000310,е├▒d░╧,67000310-013,кF╞Wи╜,101.42,3.22,4915.74,31.04,17.73,13.31,75.08,"103Y12M"
67000,╗Oлnел,67000310,е├▒d░╧,67000310-014,жш╞Wи╜,96.44,3.09,8549.95,27.4,18.66,8.74,46.83,"103Y12M"
67000,╗Oлnел,67000310,е├▒d░╧,67000310-015,лn╞Wи╜,104.1,3.2,5759.14,32.69,18.29,14.4,78.72,"103Y12M"
67000,╗Oлnел,67000310,е├▒d░╧,67000310-016,▒Xдsи╜,96.64,3.,4889.6,32.68,20.46,12.23,59.77,"103Y12M"
67000,╗Oлnел,67000310,е├▒d░╧,67000310-017,е_╞Wи╜,100.8,3.18,12153.31,32.33,24.16,8.17,33.83,"103Y12M"
67000,╗Oлnел,67000310,е├▒d░╧,67000310-018,╖s╛Ёи╜,105.81,3.18,1236.6,31.85,18.15,13.69,75.41,"103Y12M"
67000,╗Oлnел,67000310,е├▒d░╧,67000310-019,┤_┐│и╜,103.29,2.35,3661.43,37.7,13.15,24.55,186.7,"103Y12M"
67000,╗Oлnел,67000310,е├▒d░╧,67000310-020,┤_░ъи╜,99.14,2.7,47962.99,23.09,13.12,9.97,75.96,"103Y12M"
67000,╗Oлnел,67000310,е├▒d░╧,67000310-021,л╪░ъи╜,95.66,2.26,2397.23,36.5,12.26,24.24,197.7,"103Y12M"
67000,╗Oлnел,67000310,е├▒d░╧,67000310-022,плмwи╜,92.51,2.34,9147.05,27.87,12.49,15.38,123.19,"103Y12M"
67000,╗Oлnел,67000310,е├▒d░╧,67000310-023,жш╢╒и╜,100.03,3.15,3206.24,28.33,20.56,7.78,37.84,"103Y12M"
67000,╗Oлnел,67000310,е├▒d░╧,67000310-024,жие\и╜,97.03,2.36,17472.07,40.45,13.44,27.,200.85,"103Y12M"
67000,╗Oлnел,67000310,е├▒d░╧,67000310-025,дд┐│и╜,98.56,2.77,13534.66,30.97,14.33,16.64,116.15,"103Y12M"
67000,╗Oлnел,67000310,е├▒d░╧,67000310-026,│╙зQи╜,92.05,2.46,18234.93,31.2,16.61,14.59,87.83,"103Y12M"
67000,╗Oлnел,67000310,е├▒d░╧,67000310-027,└s╝ци╜,99.82,2.96,9024.98,28.03,20.77,7.26,34.96,"103Y12M"
67000,╗Oлnел,67000310,е├▒d░╧,67000310-028,е·┤_и╜,111.07,2.13,10064.35,38.95,12.3,26.65,216.67,"103Y12M"
67000,╗Oлnел,67000310,е├▒d░╧,67000310-029,Ъммwи╜,101.36,2.97,3591.02,27.47,18.,9.47,52.59,"103Y12M"
67000,╗Oлnел,67000310,е├▒d░╧,67000310-030,дGд¤и╜,97.55,2.85,13644.56,29.31,18.87,10.44,55.31,"103Y12M"
67000,╗Oлnел,67000310,е├▒d░╧,67000310-031,д╗жXи╜,88.87,2.37,29770.09,27.11,17.66,9.45,53.49,"103Y12M"
67000,╗Oлnел,67000310,е├▒d░╧,67000310-032,дTжXи╜,101.14,2.81,15000.66,27.18,15.18,12.,79.01,"103Y12M"
67000,╗Oлnел,67000310,е├▒d░╧,67000310-033,кF╛Їи╜,100.,2.75,2455.24,37.09,28.95,8.13,28.1,"103Y12M"
67000,╗Oлnел,67000310,е├▒d░╧,67000310-034,жw▒dи╜,88.14,2.46,26494.48,27.39,19.38,8.01,41.33,"103Y12M"
67000,╗Oлnел,67000310,е├▒d░╧,67000310-035,жш╛Їи╜,87.46,2.75,18699.88,26.9,14.92,11.98,80.28,"103Y12M"
67000,╗Oлnел,67000310,е├▒d░╧,67000310-036,й|│╗и╜,100.13,2.87,2881.34,27.72,17.76,9.97,56.13,"103Y12M"
67000,╗Oлnел,67000310,е├▒d░╧,67000310-037,┤_╡╪и╜,98.12,2.79,13348.45,26.31,18.32,7.99,43.61,"103Y12M"
67000,╗Oлnел,67000310,е├▒d░╧,67000310-038,е┐▒jи╜,97.93,3.1,17450.77,30.49,21.39,9.09,42.5,"103Y12M"
67000,╗Oлnел,67000310,е├▒d░╧,67000310-039,дд╡╪и╜,95.45,2.34,16893.87,24.78,11.58,13.2,113.94,"103Y12M"
67000,╗Oлnел,67000320,кF░╧,67000320-001,┤I╕╬и╜,88.88,2.57,28531.44,32.23,13.6,18.63,137.02,"103Y12M"
67000,╗Oлnел,67000320,кF░╧,67000320-002,╕╬╣Aи╜,91.5,2.63,27232.98,36.02,18.48,17.54,94.9,"103Y12M"
67000,╗Oлnел,67000320,кF░╧,67000320-003,дj┤╝и╜,97.51,2.81,21818.73,27.67,17.07,10.61,62.15,"103Y12M"
67000,╗Oлnел,67000320,кF░╧,67000320-004,▒R╛╟и╜,91.95,2.77,16603.78,34.35,18.62,15.74,84.55,"103Y12M"
67000,╗Oлnел,67000320,кF░╧,67000320-005,мuлnи╜,93.87,2.46,24583.18,34.19,14.78,19.41,131.29,"103Y12M"
67000,╗Oлnел,67000320,кF░╧,67000320-006,дпйMи╜,93.78,2.51,39432.72,27.94,16.77,11.16,66.57,"103Y12M"
67000,╗Oлnел,67000320,кF░╧,67000320-007,лсе╥и╜,93.71,2.69,4099.92,38.57,17.97,20.6,114.65,"103Y12M"
67000,╗Oлnел,67000320,кF░╧,67000320-008,кFе·и╜,92.53,2.69,14782.26,39.57,24.22,15.34,63.35,"103Y12M"
67000,╗Oлnел,67000320,кF░╧,67000320-009,╖sкFи╜,87.64,2.45,25574.96,31.82,11.97,19.85,165.88,"103Y12M"
67000,╗Oлnел,67000320,кF░╧,67000320-010,дджши╜,91.67,2.56,13095.72,40.16,21.03,19.13,90.95,"103Y12M"
67000,╗Oлnел,67000320,кF░╧,67000320-011,кFжwи╜,101.46,2.47,22163.78,40.78,17.96,22.82,127.07,"103Y12M"
67000,╗Oлnел,67000320,кF░╧,67000320-012,▒Rй·и╜,88.28,2.62,5430.1,38.52,25.72,12.81,49.8,"103Y12M"
67000,╗Oлnел,67000320,кF░╧,67000320-013,ж█▒jи╜,88.26,2.52,25530.59,33.33,21.33,12.01,56.29,"103Y12M"
67000,╗Oлnел,67000320,кF░╧,67000320-014,йMени╜,91.59,2.46,10998.37,27.85,17.31,10.55,60.94,"103Y12M"
67000,╗Oлnел,67000320,кF░╧,67000320-015,╕ЇкFи╜,78.5,2.25,30311.43,31.63,14.44,17.2,119.12,"103Y12M"
67000,╗Oлnел,67000320,кF░╧,67000320-016,дj╝wи╜,96.23,2.34,29461.76,35.85,9.51,26.34,277.1,"103Y12M"
67000,╗Oлnел,67000320,кF░╧,67000320-017,├Ў╕tи╜,97.43,3.05,14052.04,39.68,31.09,8.58,27.6,"103Y12M"
67000,╗Oлnел,67000320,кF░╧,67000320-018,╜├░ъи╜,93.43,2.32,39589.41,38.62,17.97,20.65,114.92,"103Y12M"
67000,╗Oлnел,67000320,кF░╧,67000320-019,▒R╡╜и╜,87.17,2.65,16928.32,28.94,18.73,10.22,54.56,"103Y12M"
67000,╗Oлnел,67000320,кF░╧,67000320-020,┤I▒jи╜,92.3,2.68,19361.69,32.44,16.53,15.91,96.25,"103Y12M"
67000,╗Oлnел,67000320,кF░╧,67000320-021,│ЄдUи╜,91.03,2.47,13490.26,45.72,19.29,26.43,137.,"103Y12M"
67000,╗Oлnел,67000320,кF░╧,67000320-022,дpкFи╜,94.29,2.66,25774.22,37.89,21.94,15.95,72.66,"103Y12M"
67000,╗Oлnел,67000320,кF░╧,67000320-023,дj╛╟и╜,89.56,2.48,2082.52,37.52,16.4,21.12,128.8,"103Y12M"
67000,╗Oлnел,67000320,кF░╧,67000320-024,└sдsи╜,85.58,2.41,14559.23,34.89,22.34,12.56,56.22,"103Y12M"
67000,╗Oлnел,67000320,кF░╧,67000320-025,къз└и╜,94.29,2.88,22692.18,32.97,21.39,11.57,54.11,"103Y12M"
67000,╗Oлnел,67000320,кF░╧,67000320-026,╝w░ки╜,104.79,2.89,10495.4,31.49,17.15,14.34,83.63,"103Y12M"
67000,╗Oлnел,67000320,кF░╧,67000320-027,▓°╖qи╜,92.09,2.63,25482.31,35.87,22.4,13.47,60.16,"103Y12M"
67000,╗Oлnел,67000320,кF░╧,67000320-028,дj║╓и╜,106.13,2.41,19234.01,36.15,10.07,26.09,259.17,"103Y12M"
67000,╗Oлnел,67000320,кF░╧,67000320-029,й╛з╡и╜,96.49,2.57,13412.82,30.98,11.5,19.48,169.3,"103Y12M"
67000,╗Oлnел,67000320,кF░╧,67000320-030,▒R╗ги╜,87.76,2.33,35667.9,37.26,15.81,21.44,135.63,"103Y12M"
67000,╗Oлnел,67000320,кF░╧,67000320-031,кFй·и╜,90.97,2.52,26915.91,35.52,19.61,15.9,81.07,"103Y12M"
67000,╗Oлnел,67000320,кF░╧,67000320-032,▒R╝wи╜,88.05,2.96,21925.1,38.14,26.07,12.07,46.28,"103Y12M"
67000,╗Oлnел,67000320,кF░╧,67000320-033,кF┤╝и╜,98.59,2.8,4655.04,31.22,16.,15.22,95.09,"103Y12M"
67000,╗Oлnел,67000320,кF░╧,67000320-034,кF╕tи╜,89.32,2.48,31196.42,30.26,17.53,12.74,72.68,"103Y12M"
67000,╗Oлnел,67000320,кF░╧,67000320-035,▒Rжии╜,88.76,2.99,18797.44,41.7,31.21,10.49,33.6,"103Y12M"
67000,╗Oлnел,67000320,кF░╧,67000320-036,кFк∙и╜,90.43,2.38,13042.35,40.78,15.02,25.76,171.49,"103Y12M"
67000,╗Oлnел,67000320,кF░╧,67000320-037,жидjи╜,102.48,2.24,4572.29,44.43,17.25,27.18,157.62,"103Y12M"
67000,╗Oлnел,67000320,кF░╧,67000320-038,дjжPи╜,104.1,2.33,18348.62,36.28,11.87,24.42,205.76,"103Y12M"
67000,╗Oлnел,67000320,кF░╧,67000320-039,╝wе·и╜,87.09,2.61,17667.21,33.07,19.67,13.4,68.12,"103Y12M"
67000,╗Oлnел,67000320,кF░╧,67000320-040,▒RлHи╜,97.04,2.3,30917.41,29.71,16.74,12.97,77.44,"103Y12M"
67000,╗Oлnел,67000320,кF░╧,67000320-041,▒Rдхи╜,89.84,2.88,35623.57,38.52,30.65,7.87,25.66,"103Y12M"
67000,╗Oлnел,67000320,кF░╧,67000320-042,┤_┐│и╜,91.34,3.05,18399.72,37.78,23.3,14.48,62.14,"103Y12M"
67000,╗Oлnел,67000320,кF░╧,67000320-043,╕╬╕tи╜,97.87,3.13,12910.59,45.69,40.79,4.9,12.,"103Y12M"
67000,╗Oлnел,67000320,кF░╧,67000320-044,лn╕tи╜,99.21,3.01,12570.67,39.86,32.,7.85,24.54,"103Y12M"
67000,╗Oлnел,67000320,кF░╧,67000320-045,дх╕tи╜,93.74,3.07,15411.52,42.38,35.99,6.39,17.76,"103Y12M"
67000,╗Oлnел,67000330,лn░╧,67000330-001,ж╦╖╦и╜,89.11,2.36,4522.74,36.19,12.95,23.24,179.44,"103Y12M"
67000,╗Oлnел,67000330,лn░╧,67000330-002,пяжvи╜,114.88,1.68,2273.84,62.5,11.88,50.63,426.32,"103Y12M"
67000,╗Oлnел,67000330,лn░╧,67000330-003,й·╝wи╜,106.03,2.,821.06,34.09,11.36,22.73,200.,"103Y12M"
67000,╗Oлnел,67000330,лn░╧,67000330-004,дjжии╜,95.3,2.46,7085.49,37.03,13.19,23.84,180.68,"103Y12M"
67000,╗Oлnел,67000330,лn░╧,67000330-005,╝sж{и╜,97.01,2.75,10924.47,38.95,14.48,24.47,169.04,"103Y12M"
67000,╗Oлnел,67000330,лn░╧,67000330-006,╖sйўи╜,95.11,2.44,20809.14,33.1,11.82,21.27,179.91,"103Y12M"
67000,╗Oлnел,67000330,лn░╧,67000330-007,╖s┐│и╜,92.68,2.62,16724.19,34.37,13.82,20.55,148.65,"103Y12M"
67000,╗Oлnел,67000330,лn░╧,67000330-008,е╨╝dи╜,93.42,2.68,18500.57,33.1,12.78,20.32,159.,"103Y12M"
67000,╗Oлnел,67000330,лn░╧,67000330-009,░ъжvи╜,94.73,2.75,14200.57,37.64,14.09,23.55,167.13,"103Y12M"
67000,╗Oлnел,67000330,лn░╧,67000330-010,дщ╖sи╜,105.6,2.85,15493.65,30.7,12.79,17.91,140.,"103Y12M"
67000,╗Oлnел,67000330,лn░╧,67000330-011,е·й·и╜,95.91,2.7,30438.88,27.5,12.54,14.96,119.38,"103Y12M"
67000,╗Oлnел,67000330,лn░╧,67000330-012,е╒│╖и╜,107.47,2.97,10644.28,33.18,12.21,20.97,171.73,"103Y12M"
67000,╗Oлnел,67000330,лn░╧,67000330-013,й·лGи╜,96.21,3.05,18720.86,31.13,15.5,15.62,100.79,"103Y12M"
67000,╗Oлnел,67000330,лn░╧,67000330-014,│▀кFи╜,109.57,3.13,787.97,32.21,17.51,14.71,84.03,"103Y12M"
67000,╗Oлnел,67000330,лn░╧,67000330-015,│▀е_и╜,106.59,3.2,2574.28,34.8,17.86,16.94,94.9,"103Y12M"
67000,╗Oлnел,67000330,лn░╧,67000330-016,│▀лnи╜,116.07,2.94,4010.73,35.63,13.04,22.59,173.29,"103Y12M"
67000,╗Oлnел,67000330,лn░╧,67000330-017,м┘░`и╜,106.08,3.44,1959.53,32.03,17.58,14.46,82.26,"103Y12M"
67000,╗Oлnел,67000330,лn░╧,67000330-018,┐│╣Aи╜,106.93,3.61,2585.17,30.28,16.82,13.46,80.06,"103Y12M"
67000,╗Oлnел,67000330,лn░╧,67000330-019,жPжwи╜,107.77,3.49,4464.04,32.14,17.55,14.59,83.15,"103Y12M"
67000,╗Oлnел,67000330,лn░╧,67000330-020,жЄ╛┬и╜,108.56,3.43,3448.33,30.8,20.1,10.7,53.21,"103Y12M"
67000,╗Oлnел,67000330,лn░╧,67000330-021,дjкLи╜,92.26,2.38,4901.04,33.51,12.2,21.3,174.58,"103Y12M"
67000,╗Oлnел,67000330,лn░╧,67000330-022,дjй╛и╜,97.07,2.71,10244.82,31.01,12.19,18.82,154.47,"103Y12M"
67000,╗Oлnел,67000330,лn░╧,67000330-023,дjожи╜,97.99,2.66,981.71,32.91,13.32,19.59,147.09,"103Y12M"
67000,╗Oлnел,67000330,лn░╧,67000330-024,╖sе═и╜,90.08,1.96,14659.3,39.57,11.66,27.91,239.42,"103Y12M"
67000,╗Oлnел,67000330,лn░╧,67000330-025,жA┐│и╜,95.48,2.71,23346.67,36.8,15.06,21.74,144.33,"103Y12M"
67000,╗Oлnел,67000330,лn░╧,67000330-026,й·┐│и╜,95.94,2.94,22131.23,29.56,14.65,14.91,101.79,"103Y12M"
67000,╗Oлnел,67000330,лn░╧,67000330-027,дх╡╪и╜,93.31,2.97,22394.15,30.8,12.45,18.35,147.44,"103Y12M"
67000,╗Oлnел,67000330,лn░╧,67000330-028,кў╡╪и╜,93.89,2.72,21204.25,33.15,14.8,18.34,123.94,"103Y12M"
67000,╗Oлnел,67000330,лn░╧,67000330-029,лn│ги╜,113.63,2.32,6314.21,24.13,12.02,12.1,100.67,"103Y12M"
67000,╗Oлnел,67000330,лn░╧,67000330-030,╢}лnи╜,95.93,2.75,25707.83,25.61,14.26,11.34,79.51,"103Y12M"
67000,╗Oлnел,67000330,лn░╧,67000330-031,╣№лnи╜,98.45,2.77,777.16,32.85,13.87,18.98,136.82,"103Y12M"
67000,╗Oлnел,67000330,лn░╧,67000330-032,л╪лnи╜,104.16,3.14,3030.01,24.76,14.04,10.72,76.38,"103Y12M"
67000,╗Oлnел,67000330,лn░╧,67000330-033,░pлnи╜,99.48,3.06,14706.34,29.25,15.98,13.27,83.05,"103Y12M"
67000,╗Oлnел,67000330,лn░╧,67000330-034,й▓лnи╜,94.96,2.99,15039.1,29.6,15.18,14.42,94.96,"103Y12M"
67000,╗Oлnел,67000330,лn░╧,67000330-035,дхлnи╜,91.36,2.88,16706.74,27.32,13.79,13.53,98.1,"103Y12M"
67000,╗Oлnел,67000330,лn░╧,67000330-036,є╦ё╩и╜,107.05,2.97,669.44,36.19,13.59,22.6,166.35,"103Y12M"
67000,╗Oлnел,67000330,лn░╧,67000330-037,кQжwи╜,112.65,3.41,6919.81,34.5,17.69,16.81,95.05,"103Y12M"
67000,╗Oлnел,67000330,лn░╧,67000330-038,е├╣чи╜,110.63,3.27,6154.05,36.42,16.83,19.59,116.36,"103Y12M"
67000,╗Oлnел,67000330,лn░╧,67000330-039,лn╡╪и╜,99.52,2.67,27763.67,24.76,13.05,11.71,89.77,"103Y12M"
67000,╗Oлnел,67000340,е_░╧,67000340-001,╢}д╕и╜,95.76,2.72,11947.42,36.51,10.84,25.67,236.87,"103Y12M"
67000,╗Oлnел,67000340,е_░╧,67000340-002,╖s│╙и╜,98.15,2.41,21634.35,36.11,11.07,25.04,226.11,"103Y12M"
67000,╗Oлnел,67000340,е_░╧,67000340-003,│╙жwи╜,102.93,2.39,9671.51,35.73,9.8,25.93,264.44,"103Y12M"
67000,╗Oлnел,67000340,е_░╧,67000340-004,кF┐│и╜,96.61,2.69,11566.57,36.85,20.1,16.75,83.29,"103Y12M"
67000,╗Oлnел,67000340,е_░╧,67000340-005,дOжци╜,99.79,2.73,16427.5,34.12,14.85,19.27,129.77,"103Y12M"
67000,╗Oлnел,67000340,е_░╧,67000340-006,╡╪┐│и╜,93.68,2.46,21203.22,33.62,11.77,21.84,185.58,"103Y12M"
67000,╗Oлnел,67000340,е_░╧,67000340-007,о╢┐│и╜,98.91,2.4,11954.82,39.12,10.92,28.2,258.23,"103Y12M"
67000,╗Oлnел,67000340,е_░╧,67000340-008,дп╖Rи╜,94.06,2.24,10106.24,31.12,11.04,20.08,181.82,"103Y12M"
67000,╗Oлnел,67000340,е_░╧,67000340-009,дjдпи╜,98.91,2.25,15490.97,39.52,15.25,24.27,159.17,"103Y12M"
67000,╗Oлnел,67000340,е_░╧,67000340-010,дjдsи╜,102.32,2.19,8720.1,36.08,10.24,25.84,252.17,"103Y12M"
67000,╗Oлnел,67000340,е_░╧,67000340-011,дj╣Dи╜,87.44,2.15,30785.,44.89,14.98,29.91,199.62,"103Y12M"
67000,╗Oлnел,67000340,е_░╧,67000340-012,е·кZи╜,92.55,2.21,14409.94,39.59,13.71,25.88,188.75,"103Y12M"
67000,╗Oлnел,67000340,е_░╧,67000340-013,╣ъ╜юи╜,89.27,2.44,28832.5,35.41,18.6,16.81,90.36,"103Y12M"
67000,╗Oлnел,67000340,е_░╧,67000340-014,дp▒dи╜,105.5,2.73,17834.31,29.16,12.56,16.6,132.2,"103Y12M"
67000,╗Oлnел,67000340,е_░╧,67000340-015,е┐н╖и╜,106.11,2.79,16175.4,31.98,13.45,18.53,137.79,"103Y12M"
67000,╗Oлnел,67000340,е_░╧,67000340-016,й╡ени╜,97.32,2.69,15219.42,34.93,10.8,24.14,223.53,"103Y12M"
67000,╗Oлnел,67000340,е_░╧,67000340-017,┐│е_и╜,101.96,2.64,10362.8,34.46,13.54,20.92,154.49,"103Y12M"
67000,╗Oлnел,67000340,е_░╧,67000340-018,дj┬╫и╜,96.18,2.89,12420.47,30.4,14.27,16.13,112.99,"103Y12M"
67000,╗Oлnел,67000340,е_░╧,67000340-019,нл┐│и╜,100.49,2.47,12810.25,28.64,11.4,17.24,151.15,"103Y12M"
67000,╗Oлnел,67000340,е_░╧,67000340-020,йM╢╢и╜,84.98,2.47,21074.98,33.53,20.63,12.89,62.48,"103Y12M"
67000,╗Oлnел,67000340,е_░╧,67000340-021,░ъйmи╜,105.5,2.89,15919.61,35.57,15.74,19.83,125.98,"103Y12M"
67000,╗Oлnел,67000340,е_░╧,67000340-022,д╗е╥и╜,99.72,2.57,22064.24,32.36,12.07,20.29,168.09,"103Y12M"
67000,╗Oлnел,67000340,е_░╧,67000340-023,е┐─▒и╜,102.33,2.69,17473.31,32.89,11.74,21.16,180.3,"103Y12M"
67000,╗Oлnел,67000340,е_░╧,67000340-024,жие\и╜,92.85,2.94,15153.46,34.7,23.96,10.74,44.81,"103Y12M"
67000,╗Oлnел,67000340,е_░╧,67000340-025,дхд╕и╜,96.43,3.16,10456.21,40.88,31.8,9.08,28.56,"103Y12M"
67000,╗Oлnел,67000340,е_░╧,67000340-026,дj┤фи╜,98.95,3.16,9433.37,29.21,18.16,11.06,60.9,"103Y12M"
67000,╗Oлnел,67000340,е_░╧,67000340-027,░ъ┐│и╜,93.71,2.54,14962.64,35.,11.19,23.81,212.84,"103Y12M"
67000,╗Oлnел,67000340,е_░╧,67000340-028,╕╬е┴и╜,95.75,2.63,19881.53,37.82,15.54,22.28,143.32,"103Y12M"
67000,╗Oлnел,67000340,е_░╧,67000340-029,жwе┴и╜,99.17,2.69,13569.26,38.05,15.01,23.04,153.5,"103Y12M"
67000,╗Oлnел,67000340,е_░╧,67000340-030,┐│лnи╜,95.25,2.5,11272.81,34.18,16.91,17.27,102.15,"103Y12M"
67000,╗Oлnел,67000340,е_░╧,67000340-031,к°║aи╜,91.72,2.26,41237.39,44.04,13.47,30.57,226.92,"103Y12M"
67000,╗Oлnел,67000340,е_░╧,67000340-032,дд╝╙и╜,97.19,2.36,6810.31,32.34,8.16,24.18,296.15,"103Y12M"
67000,╗Oлnел,67000340,е_░╧,67000340-033,д╜╢щи╜,92.03,1.99,5974.79,42.72,11.77,30.96,263.03,"103Y12M"
67000,╗Oлnел,67000340,е_░╧,67000340-034,е╔м╙и╜,99.43,2.52,19302.62,35.28,12.67,22.61,178.53,"103Y12M"
67000,╗Oлnел,67000340,е_░╧,67000340-035,к°╝wи╜,99.87,2.55,12795.34,33.54,14.45,19.09,132.12,"103Y12M"
67000,╗Oлnел,67000340,е_░╧,67000340-036,дT╝wи╜,102.41,2.47,20360.01,37.77,12.49,25.28,202.46,"103Y12M"
67000,╗Oлnел,67000340,е_░╧,67000340-037,дн║╓и╜,136.56,1.92,26777.02,30.76,12.11,18.65,153.99,"103Y12M"
67000,╗Oлnел,67000340,е_░╧,67000340-038,д╕─_и╜,80.81,2.11,33357.75,28.9,20.55,8.35,40.61,"103Y12M"
67000,╗Oлnел,67000340,е_░╧,67000340-039,е├▓╗и╜,101.25,2.83,17756.26,29.74,12.57,17.17,136.59,"103Y12M"
67000,╗Oлnел,67000340,е_░╧,67000340-040,жи╝wи╜,93.09,2.99,10905.62,45.,36.73,8.27,22.51,"103Y12M"
67000,╗Oлnел,67000340,е_░╧,67000340-041,дхжии╜,96.55,3.06,10153.53,39.15,25.03,14.11,56.38,"103Y12M"
67000,╗Oлnел,67000340,е_░╧,67000340-042,дjйMи╜,98.,3.18,11780.43,27.3,16.55,10.75,64.96,"103Y12M"
67000,╗Oлnел,67000340,е_░╧,67000340-043,╜хе_и╜,94.84,2.99,13435.33,30.85,21.44,9.41,43.87,"103Y12M"
67000,╗Oлnел,67000350,жwлn░╧,67000350-001,кFйMи╜,100.,2.41,611.06,32.39,26.55,5.84,21.98,"103Y12M"
67000,╗Oлnел,67000350,жwлn░╧,67000350-002,жw╢╢и╜,102.16,3.2,5072.15,29.83,22.61,7.22,31.95,"103Y12M"
67000,╗Oлnел,67000350,жwлn░╧,67000350-003,б╜лnи╜,99.34,3.31,8911.92,28.46,20.43,8.02,39.25,"103Y12M"
67000,╗Oлnел,67000350,жwлn░╧,67000350-004,ж{лnи╜,104.21,3.38,3287.79,33.87,21.05,12.81,60.86,"103Y12M"
67000,╗Oлnел,67000350,жwлn░╧,67000350-005,ж{е_и╜,97.66,3.45,7294.74,31.71,23.55,8.16,34.67,"103Y12M"
67000,╗Oлnел,67000350,жwлn░╧,67000350-006,жwкFи╜,106.16,3.07,4769.62,29.29,14.61,14.68,100.53,"103Y12M"
67000,╗Oлnел,67000350,жwлn░╧,67000350-007,жwжши╜,103.55,3.,5196.55,31.87,20.33,11.54,56.78,"103Y12M"
67000,╗Oлnел,67000350,жwлn░╧,67000350-008,│╗жwи╜,102.74,2.91,8003.29,29.67,20.87,8.81,42.2,"103Y12M"
67000,╗Oлnел,67000350,жwлn░╧,67000350-009,жw╝yи╜,102.76,3.01,9375.89,27.59,17.76,9.83,55.36,"103Y12M"
67000,╗Oлnел,67000350,жwлn░╧,67000350-010,╖s╢╢и╜,100.89,3.18,4398.49,29.03,22.19,6.84,30.83,"103Y12M"
67000,╗Oлnел,67000350,жwлn░╧,67000350-011,ньж·и╜,104.69,3.13,1363.53,28.17,17.82,10.35,58.1,"103Y12M"
67000,╗Oлnел,67000350,жwлn░╧,67000350-012,┴`└Yи╜,112.2,3.28,1771.1,30.1,13.72,16.38,119.37,"103Y12M"
67000,╗Oлnел,67000350,жwлn░╧,67000350-013,к°жwи╜,104.41,3.31,2760.73,27.55,17.98,9.58,53.28,"103Y12M"
67000,╗Oлnел,67000350,жwлn░╧,67000350-014,д╜┐╦и╜,110.35,3.37,1374.09,28.44,16.45,11.99,72.88,"103Y12M"
67000,╗Oлnел,67000350,жwлn░╧,67000350-015,о№кFи╜,103.34,3.09,7438.08,29.2,19.38,9.81,50.64,"103Y12M"
67000,╗Oлnел,67000350,жwлn░╧,67000350-016,о№жши╜,108.29,3.16,938.73,29.54,17.32,12.21,70.5,"103Y12M"
67000,╗Oлnел,67000350,жwлn░╧,67000350-017,о№лnи╜,107.23,3.08,434.09,27.69,14.09,13.59,96.44,"103Y12M"
67000,╗Oлnел,67000350,жwлn░╧,67000350-018,╖╦д▀и╜,107.97,2.81,4625.39,29.61,21.1,8.51,40.34,"103Y12M"
67000,╗Oлnел,67000350,жwлn░╧,67000350-019,Ъме╨и╜,104.22,2.8,156.55,37.2,22.85,14.34,62.77,"103Y12M"
67000,╗Oлnел,67000350,жwлn░╧,67000350-020,▓WкFи╜,103.36,3.21,4347.12,30.83,22.33,8.5,38.08,"103Y12M"
67000,╗Oлnел,67000350,жwлn░╧,67000350-021,▓Wжши╜,101.42,3.19,1737.32,28.27,19.08,9.19,48.18,"103Y12M"
67000,╗Oлnел,67000350,жwлn░╧,67000350-022,ж·кFи╜,107.78,3.16,1232.84,27.32,16.86,10.47,62.09,"103Y12M"
67000,╗Oлnел,67000350,жwлn░╧,67000350-023,ж·жши╜,101.08,3.19,890.95,31.49,17.04,14.45,84.78,"103Y12M"
67000,╗Oлnел,67000350,жwлn░╧,67000350-024,д╜б╜и╜,104.02,3.44,606.59,35.41,16.5,18.91,114.62,"103Y12M"
67000,╗Oлnел,67000350,жwлn░╧,67000350-025,лn┐│и╜,112.15,3.08,391.61,29.02,13.83,15.19,109.8,"103Y12M"
67000,╗Oлnел,67000350,жwлn░╧,67000350-026,╛╟кFи╜,108.76,3.35,557.77,30.47,14.27,16.2,113.53,"103Y12M"
67000,╗Oлnел,67000350,жwлn░╧,67000350-027,л░кFи╜,106.67,3.31,1960.94,30.93,16.25,14.69,90.41,"103Y12M"
67000,╗Oлnел,67000350,жwлn░╧,67000350-028,л░е_и╜,104.06,3.23,1146.22,32.3,18.13,14.18,78.21,"103Y12M"
67000,╗Oлnел,67000350,жwлn░╧,67000350-029,л░дди╜,88.14,3.38,13972.56,36.41,21.34,15.07,70.65,"103Y12M"
67000,╗Oлnел,67000350,жwлn░╧,67000350-030,л░лnи╜,100.95,3.27,552.2,32.78,18.37,14.41,78.43,"103Y12M"
67000,╗Oлnел,67000350,жwлn░╧,67000350-031,л░жши╜,99.76,3.38,98.8,35.08,21.64,13.44,62.12,"103Y12M"
67000,╗Oлnел,67000350,жwлn░╧,67000350-032,лCпєи╜,106.19,3.51,311.45,37.68,19.42,18.25,93.98,"103Y12M"
67000,╗Oлnел,67000350,жwлn░╧,67000350-033,мт▒[и╜,110.37,3.8,613.59,34.82,18.42,16.4,89.04,"103Y12M"
67000,╗Oлnел,67000350,жwлn░╧,67000350-034,┼уоcи╜,99.64,3.38,349.73,34.81,16.04,18.78,117.09,"103Y12M"
67000,╗Oлnел,67000350,жwлn░╧,67000350-035,│└ж╒и╜,104.42,2.97,664.51,31.69,16.43,15.27,92.91,"103Y12M"
67000,╗Oлnел,67000350,жwлn░╧,67000350-036,е|пєи╜,103.32,3.57,329.55,39.9,20.27,19.63,96.87,"103Y12M"
67000,╗Oлnел,67000350,жwлn░╧,67000350-037,жwйMи╜,96.32,2.98,6326.25,31.04,16.55,14.49,87.58,"103Y12M"
67000,╗Oлnел,67000350,жwлn░╧,67000350-038,╖╦е_и╜,94.1,2.93,16396.71,35.36,21.3,14.06,65.99,"103Y12M"
67000,╗Oлnел,67000350,жwлn░╧,67000350-039,╖╦│╗и╜,97.27,3.1,16242.55,32.66,22.55,10.1,44.8,"103Y12M"
67000,╗Oлnел,67000350,жwлn░╧,67000350-040,╖╦сYи╜,100.15,3.21,17767.37,38.96,23.93,15.04,62.84,"103Y12M"
67000,╗Oлnел,67000350,жwлn░╧,67000350-041,о№ж·и╜,101.55,3.28,18396.59,30.34,18.67,11.67,62.5,"103Y12M"
67000,╗Oлnел,67000350,жwлn░╧,67000350-042,йп║╓и╜,101.,3.17,18338.74,30.27,16.65,13.62,81.8,"103Y12M"
67000,╗Oлnел,67000350,жwлn░╧,67000350-043,╗ё░─и╜,95.06,2.7,18921.2,23.6,16.65,6.95,41.71,"103Y12M"
67000,╗Oлnел,67000350,жwлn░╧,67000350-044,▒Ўкси╜,103.75,2.82,4943.08,25.58,16.92,8.65,51.14,"103Y12M"
67000,╗Oлnел,67000350,жwлn░╧,67000350-045,▓z╖Qи╜,101.37,3.14,11819.01,25.37,16.24,9.13,56.23,"103Y12M"
67000,╗Oлnел,67000350,жwлn░╧,67000350-046,╖╦кFи╜,97.7,3.01,9712.57,29.64,21.39,8.25,38.56,"103Y12M"
67000,╗Oлnел,67000350,жwлn░╧,67000350-047,▓Wдди╜,103.58,3.24,1450.04,34.28,20.83,13.45,64.53,"103Y12M"
67000,╗Oлnел,67000350,жwлn░╧,67000350-048,ем│Uи╜,107.01,3.26,1518.48,23.74,14.96,8.78,58.67,"103Y12M"
67000,╗Oлnел,67000350,жwлn░╧,67000350-049,░ъжwи╜,96.81,3.15,3483.8,27.13,19.5,7.62,39.09,"103Y12M"
67000,╗Oлnел,67000350,жwлn░╧,67000350-050,жw┤Iи╜,103.75,3.18,14073.69,33.57,23.09,10.49,45.42,"103Y12M"
67000,╗Oлnел,67000350,жwлn░╧,67000350-051,дjжwи╜,103.48,3.1,10726.77,23.67,15.2,8.47,55.73,"103Y12M"
67000,╗Oлnел,67000360,жwен░╧,67000360-001,жшк∙и╜,100.38,3.07,2614.98,34.77,14.51,20.25,139.53,"103Y12M"
67000,╗Oлnел,67000360,жwен░╧,67000360-002,кўл░и╜,97.24,2.74,1242.27,29.85,14.44,15.41,106.69,"103Y12M"
67000,╗Oлnел,67000360,жwен░╧,67000360-003,е█к∙и╜,101.1,2.89,19015.68,33.68,15.45,18.23,117.97,"103Y12M"
67000,╗Oлnел,67000360,жwен░╧,67000360-004,║ое·и╜,126.84,2.46,288.41,28.43,8.82,19.61,222.22,"103Y12M"
67000,╗Oлnел,67000360,жwен░╧,67000360-005,л╪ени╜,88.25,2.61,7745.02,29.75,21.51,8.24,38.31,"103Y12M"
67000,╗Oлnел,67000360,жwен░╧,67000360-006,й╔ени╜,89.02,2.49,17483.8,27.72,19.34,8.38,43.32,"103Y12M"
67000,╗Oлnел,67000360,жwен░╧,67000360-007,╡╪ени╜,92.31,2.76,18326.85,26.7,17.28,9.42,54.52,"103Y12M"
67000,╗Oлnел,67000360,жwен░╧,67000360-008,ен│qи╜,87.8,2.42,14994.61,28.33,20.55,7.78,37.84,"103Y12M"
67000,╗Oлnел,67000360,жwен░╧,67000360-009,дхени╜,88.94,2.81,9686.2,30.44,20.73,9.71,46.84,"103Y12M"
67000,╗Oлnел,67000360,жwен░╧,67000360-010,░ъени╜,89.62,2.6,3115.81,30.75,22.87,7.87,34.42,"103Y12M"
67000,╗Oлnел,67000360,жwен░╧,67000360-011,и|ени╜,81.7,2.52,28481.66,30.5,23.36,7.14,30.57,"103Y12M"
67000,╗Oлnел,67000360,жwен░╧,67000360-012,╗ї╕№и╜,95.51,2.91,3443.94,34.28,26.34,7.94,30.13,"103Y12M"
67000,╗Oлnел,67000360,жwен░╧,67000360-013,о№└Yи╜,102.99,3.,11045.86,33.03,12.26,20.77,169.33,"103Y12M"
67000,╗Oлnел,67000360,жwен░╧,67000360-014,┤феJи╜,111.76,2.72,9677.16,35.85,11.04,24.81,224.79,"103Y12M"
67000,╗Oлnел,67000360,жwен░╧,67000360-015,енжwи╜,96.38,2.74,10870.18,33.49,16.1,17.39,108.06,"103Y12M"
67000,╗Oлnел,67000370,дджш░╧,67000370-001,д╜е┐и╜,86.41,2.12,12901.34,46.33,18.27,28.06,153.59,"103Y12M"
67000,╗Oлnел,67000370,дджш░╧,67000370-002,╗╚жPи╜,87.03,2.58,24690.68,48.83,18.09,30.74,169.94,"103Y12M"
67000,╗Oлnел,67000370,дджш░╧,67000370-003,дpжши╜,101.23,2.58,5279.17,43.53,19.41,24.13,124.32,"103Y12M"
67000,╗Oлnел,67000370,дджш░╧,67000370-004,еPпєи╜,86.16,2.41,29124.99,38.51,19.99,18.52,92.64,"103Y12M"
67000,╗Oлnел,67000370,дджш░╧,67000370-005,ик┤Oи╜,87.62,2.21,6397.68,45.56,13.63,31.93,234.23,"103Y12M"
67000,╗Oлnел,67000370,дджш░╧,67000370-006,днжmи╜,84.92,2.53,13680.1,49.09,25.23,23.86,94.58,"103Y12M"
67000,╗Oлnел,67000370,дджш░╧,67000370-007,░pд¤и╜,86.45,2.72,7276.,56.7,37.45,19.25,51.39,"103Y12M"
67000,╗Oлnел,67000370,дджш░╧,67000370-008,║╓жwи╜,101.76,2.59,17180.23,48.9,17.25,31.65,183.46,"103Y12M"
67000,╗Oлnел,67000370,дджш░╧,67000370-009,кk╡╪и╜,78.71,2.7,27571.41,55.84,39.48,16.37,41.45,"103Y12M"
67000,╗Oлnел,67000370,дджш░╧,67000370-010,дjлnи╜,85.98,2.51,11549.01,43.19,17.75,25.45,143.39,"103Y12M"
67000,╗Oлnел,67000370,дджш░╧,67000370-011,╢}дsи╜,96.57,2.6,24924.42,50.59,25.03,25.56,102.1,"103Y12M"
67000,╗Oлnел,67000370,дджш░╧,67000370-012,╢i╛╟и╜,85.3,2.42,6110.05,48.43,21.52,26.9,125.,"103Y12M"
67000,╗Oлnел,67000370,дджш░╧,67000370-013,л╪░ъи╜,107.99,2.49,16375.73,38.18,14.63,23.55,160.96,"103Y12M"
67000,╗Oлnел,67000370,дджш░╧,67000370-014,лCж~и╜,86.73,2.31,17884.69,46.22,16.04,30.17,188.05,"103Y12M"
67000,╗Oлnел,67000370,дджш░╧,67000370-015,е├║╓и╜,102.27,2.56,9356.48,54.45,19.41,35.03,180.45,"103Y12M"
67000,╗Oлnел,67000370,дджш░╧,67000370-016,е├╡╪и╜,94.16,2.5,9598.43,54.17,21.73,32.44,149.29,"103Y12M"
67000,╗Oлnел,67000370,дджш░╧,67000370-017,д╤жZи╜,99.62,2.56,17218.08,45.63,15.15,30.48,201.23,"103Y12M"
67000,╗Oлnел,67000370,дджш░╧,67000370-018,дTе┴и╜,110.76,2.53,12488.35,52.34,19.04,33.3,174.87,"103Y12M"
67000,╗Oлnел,67000370,дджш░╧,67000370-019,╕Uйўи╜,98.11,2.35,17704.78,46.79,15.22,31.56,207.34,"103Y12M"
67000,╗Oлnел,67000370,дджш░╧,67000370-020,┤╢└┘и╜,100.17,2.52,16783.47,39.12,12.92,26.19,202.7,"103Y12M"
67000,╗Oлnел,67000370,дджш░╧,67000370-021,дЇеPи╜,107.11,2.16,14711.49,36.99,9.61,27.38,284.78,"103Y12M"
67000,╗Oлnел,67000370,дджш░╧,67000370-022,├─д¤и╜,91.11,2.53,24467.85,36.25,18.32,17.93,97.88,"103Y12M"
67000,╗Oлnел,67000370,дджш░╧,67000370-023,иєйMи╜,119.74,2.38,21047.66,36.73,13.1,23.63,180.33,"103Y12M"
67000,╗Oлnел,67000370,дджш░╧,67000370-024,дх╜хи╜,105.66,2.74,18773.25,37.74,13.41,24.33,181.38,"103Y12M"
67000,╗Oлnел,67000370,дджш░╧,67000370-025,е·╜хи╜,93.67,2.87,13188.33,33.99,18.27,15.72,86.03,"103Y12M"
67000,╗Oлnел,67000370,дджш░╧,67000370-026,д╕жwи╜,99.86,2.29,19023.44,35.1,10.03,25.07,250.,"103Y12M"
67000,╗Oлnел,67000370,дджш░╧,67000370-027,иє╢iи╜,97.88,2.59,10476.12,36.36,16.05,20.31,126.57,"103Y12M"
67000,╗Oлnел,67000370,дджш░╧,67000370-028,жwо№и╜,94.8,2.1,12719.88,32.11,15.35,16.76,109.18,"103Y12M"
67000,╗Oлnел,67000370,дджш░╧,67000370-029,е┴е═и╜,110.2,2.56,22263.92,38.94,13.14,25.8,196.37,"103Y12M"
67000,╗Oлnел,67000370,дджш░╧,67000370-030,дде┐и╜,99.69,2.17,13434.99,44.28,13.48,30.8,228.57,"103Y12M"
67000,╗Oлnел,67000370,дджш░╧,67000370-031,дj▓Dи╜,94.99,2.56,6954.47,29.51,14.87,14.64,98.44,"103Y12M"
67000,╗Oлnел,67000370,дджш░╧,67000370-032,е┴еDи╜,97.66,2.37,13404.89,33.37,11.41,21.97,192.55,"103Y12M"
67000,╗Oлnел,67000370,дджш░╧,67000370-033,жш┤Єи╜,89.73,2.79,11994.52,33.92,21.21,12.7,59.88,"103Y12M"
67000,╗Oлnел,67000370,дджш░╧,67000370-034,жш╜хи╜,99.37,2.94,5669.87,27.59,16.91,10.68,63.16,"103Y12M"
67000,╗Oлnел,67000370,дджш░╧,67000370-035,дTжXи╜,99.05,2.52,18183.87,37.76,14.14,23.62,166.98,"103Y12M"
67000,╗Oлnел,67000370,дджш░╧,67000370-036,е┴┼vи╜,102.12,2.42,16207.73,36.1,10.16,25.94,255.37,"103Y12M"
67000,╗Oлnел,67000370,дджш░╧,67000370-037,лOжwи╜,101.84,2.24,11509.51,44.14,10.29,33.85,329.07,"103Y12M"
67000,╗Oлnел,67000370,дджш░╧,67000370-038,░pжши╜,98.72,2.45,17635.49,41.11,11.89,29.22,245.71,"103Y12M"
64000,░к╢пел,64000010,╞Q╤L░╧,64000010-001,┬┼╛Їи╜,96.23,2.52,23059.19,34.25,16.52,17.73,107.29,"103Y12M"
64000,░к╢пел,64000010,╞Q╤L░╧,64000010-002,╖O╖Rи╜,101.04,2.31,14204.13,39.57,13.67,25.9,189.47,"103Y12M"
64000,░к╢пел,64000010,╞Q╤L░╧,64000010-003,│╒╖Rи╜,92.82,2.3,30016.37,35.74,10.29,25.45,247.37,"103Y12M"
64000,░к╢пел,64000010,╞Q╤L░╧,64000010-004,╣╪мPи╜,105.03,2.09,20225.44,35.34,9.69,25.65,264.81,"103Y12M"
64000,░к╢пел,64000010,╞Q╤L░╧,64000010-005,дддsи╜,93.45,2.49,25673.19,39.91,12.13,27.78,229.09,"103Y12M"
64000,░к╢пел,64000010,╞Q╤L░╧,64000010-006,▒╨дпи╜,97.69,2.51,35187.75,37.78,13.68,24.1,176.11,"103Y12M"
64000,░к╢пел,64000010,╞Q╤L░╧,64000010-007,╖s╝╓и╜,99.39,2.45,23066.77,37.11,11.9,25.21,211.76,"103Y12M"
64000,░к╢пел,64000010,╞Q╤L░╧,64000010-008,ддньи╜,87.11,2.43,20591.07,38.55,12.6,25.95,206.06,"103Y12M"
64000,░к╢пел,64000010,╞Q╤L░╧,64000010-009,е·й·и╜,94.02,2.05,11534.97,35.35,11.5,23.85,207.41,"103Y12M"
64000,░к╢пел,64000010,╞Q╤L░╧,64000010-010,и|дпи╜,89.57,2.28,7742.57,39.44,16.43,23.,140.,"103Y12M"
64000,░к╢пел,64000010,╞Q╤L░╧,64000010-011,кe└╪и╜,96.57,2.44,22063.4,33.52,11.31,22.21,196.36,"103Y12M"
64000,░к╢пел,64000010,╞Q╤L░╧,64000010-012,иFжaи╜,99.03,2.57,5425.12,34.2,11.56,22.64,195.77,"103Y12M"
64000,░к╢пел,64000010,╞Q╤L░╧,64000010-013,лn║▌и╜,101.97,2.51,10036.89,45.68,14.45,31.23,216.07,"103Y12M"
64000,░к╢пел,64000010,╞Q╤L░╧,64000010-014,┤ф│ги╜,93.93,2.36,22238.81,40.36,16.7,23.66,141.67,"103Y12M"
64000,░к╢пел,64000010,╞Q╤L░╧,64000010-015,ж┐жши╜,103.38,2.39,10956.03,32.39,11.11,21.28,191.51,"103Y12M"
64000,░к╢пел,64000010,╞Q╤L░╧,64000010-016,╖s┬╫и╜,102.04,2.21,21158.37,43.06,22.69,20.38,89.81,"103Y12M"
64000,░к╢пел,64000010,╞Q╤L░╧,64000010-017,й▓е_и╜,115.62,1.93,16416.54,35.78,9.96,25.81,259.12,"103Y12M"
64000,░к╢пел,64000010,╞Q╤L░╧,64000010-018,│░╛Їи╜,95.98,2.44,40403.18,37.78,11.78,26.,220.66,"103Y12M"
64000,░к╢пел,64000010,╞Q╤L░╧,64000010-019,├uлnи╜,106.38,2.15,15509.01,39.14,7.99,31.15,389.74,"103Y12M"
64000,░к╢пел,64000010,╞Q╤L░╧,64000010-020,╖sд╞и╜,105.31,2.6,9635.43,43.27,18.52,24.76,133.68,"103Y12M"
64000,░к╢пел,64000010,╞Q╤L░╧,64000010-021,ж┐лnи╜,109.84,2.68,12392.99,38.18,16.46,21.72,131.91,"103Y12M"
64000,░к╢пел,64000020,╣кдs░╧,64000020-001,╣коpи╜,96.15,2.46,33780.8,30.1,10.15,19.95,196.65,"103Y12M"
64000,░к╢пел,64000020,╣кдs░╧,64000020-002,╢поpи╜,94.82,2.32,17458.18,32.2,11.69,20.51,175.37,"103Y12M"
64000,░к╢пел,64000020,╣кдs░╧,64000020-003,лeоpи╜,100.42,2.52,16292.76,31.12,10.65,20.48,192.35,"103Y12M"
64000,░к╢пел,64000020,╣кдs░╧,64000020-004,е·║aи╜,102.9,2.79,18413.42,33.44,12.84,20.6,160.36,"103Y12M"
64000,░к╢пел,64000020,╣кдs░╧,64000020-005,е┴▒┌и╜,103.72,2.72,24360.81,32.36,12.94,19.41,150.,"103Y12M"
64000,░к╢пел,64000020,╣кдs░╧,64000020-006,д║▒йи╜,109.08,2.68,16545.73,37.13,14.53,22.6,155.56,"103Y12M"
64000,░к╢пел,64000020,╣кдs░╧,64000020-007,л╪░ъи╜,109.62,2.86,17195.3,32.32,13.91,18.41,132.39,"103Y12M"
64000,░к╢пел,64000020,╣кдs░╧,64000020-008,й╛е┐и╜,97.31,2.57,34019.43,32.77,12.59,20.18,160.29,"103Y12M"
64000,░к╢пел,64000020,╣кдs░╧,64000020-009,ж█▒jи╜,103.47,2.41,411.89,57.17,9.37,47.8,510.2,"103Y12M"
64000,░к╢пел,64000020,╣кдs░╧,64000020-010,└sдли╜,108.65,2.51,835.56,33.85,11.56,22.29,192.91,"103Y12M"
64000,░к╢пел,64000020,╣кдs░╧,64000020-011,е┐╝wи╜,98.4,2.59,1971.83,32.82,15.82,17.01,107.5,"103Y12M"
64000,░к╢пел,64000020,╣кдs░╧,64000020-012,енйMи╜,95.16,2.65,26885.63,32.52,13.93,18.59,133.49,"103Y12M"
64000,░к╢пел,64000020,╣кдs░╧,64000020-013,е┴▒jи╜,100.51,2.75,18008.57,32.07,11.24,20.83,185.34,"103Y12M"
64000,░к╢пел,64000020,╣кдs░╧,64000020-014,лpе═и╜,103.14,2.48,17617.92,31.93,16.1,15.82,98.25,"103Y12M"
64000,░к╢пел,64000020,╣кдs░╧,64000020-015,└sдlи╜,86.62,2.42,13623.87,43.54,33.6,9.94,29.58,"103Y12M"
64000,░к╢пел,64000020,╣кдs░╧,64000020-016,└sдЇи╜,83.87,2.26,12467.44,41.04,32.38,8.66,26.73,"103Y12M"
64000,░к╢пел,64000020,╣кдs░╧,64000020-017,й·╕█и╜,86.79,2.48,35701.13,36.34,26.17,10.17,38.87,"103Y12M"
64000,░к╢пел,64000020,╣кдs░╧,64000020-018,╡╪┬╫и╜,92.44,2.4,27564.66,26.54,11.45,15.08,131.67,"103Y12M"
64000,░к╢пел,64000020,╣кдs░╧,64000020-019,╕╬┐│и╜,99.17,2.41,19641.24,28.16,11.51,16.65,144.75,"103Y12M"
64000,░к╢пел,64000020,╣кдs░╧,64000020-020,╕╬┬╫и╜,97.54,2.42,21280.67,27.65,8.75,18.9,216.16,"103Y12M"
64000,░к╢пел,64000020,╣кдs░╧,64000020-021,╣кйеи╜,104.35,2.47,1416.81,38.97,10.22,28.75,281.31,"103Y12M"
64000,░к╢пел,64000020,╣кдs░╧,64000020-022,╛Ё╝wи╜,105.61,2.77,9971.81,31.94,13.83,18.11,130.99,"103Y12M"
64000,░к╢пел,64000020,╣кдs░╧,64000020-023,─_╛Ёи╜,125.43,1.91,47102.59,24.92,6.53,18.39,281.37,"103Y12M"
64000,░к╢пел,64000020,╣кдs░╧,64000020-024,┐│йvи╜,110.48,2.33,3633.98,34.48,9.5,24.98,262.86,"103Y12M"
64000,░к╢пел,64000020,╣кдs░╧,64000020-025,е·д╞и╜,98.93,2.3,6225.41,32.92,9.03,23.88,264.36,"103Y12M"
64000,░к╢пел,64000020,╣кдs░╧,64000020-026,дsдUи╜,99.34,2.2,13834.68,27.59,9.76,17.83,182.61,"103Y12M"
64000,░к╢пел,64000020,╣кдs░╧,64000020-027,кe├фи╜,100.24,2.52,11288.37,32.14,11.86,20.28,171.05,"103Y12M"
64000,░к╢пел,64000020,╣кдs░╧,64000020-028,║ёдtи╜,110.66,2.52,20515.57,36.,13.37,22.63,169.23,"103Y12M"
64000,░к╢пел,64000020,╣кдs░╧,64000020-029,╡nдsи╜,118.02,2.17,3218.03,43.76,9.7,34.06,351.02,"103Y12M"
64000,░к╢пел,64000020,╣кдs░╧,64000020-030,оpлnи╜,111.61,2.41,1047.,35.72,10.62,25.1,236.36,"103Y12M"
64000,░к╢пел,64000020,╣кдs░╧,64000020-031,─R┐│и╜,111.43,2.48,2368.97,36.2,11.29,24.91,220.65,"103Y12M"
64000,░к╢пел,64000020,╣кдs░╧,64000020-032,╖sе┴и╜,106.92,2.57,32072.94,30.28,11.66,18.63,159.81,"103Y12M"
64000,░к╢пел,64000020,╣кдs░╧,64000020-033,й╡ени╜,103.47,2.58,34427.07,39.58,14.43,25.15,174.23,"103Y12M"
64000,░к╢пел,64000020,╣кдs░╧,64000020-034,║√е═и╜,102.23,2.61,13984.13,33.03,9.7,23.33,240.57,"103Y12M"
64000,░к╢пел,64000020,╣кдs░╧,64000020-035,┤fжwи╜,119.37,2.55,15780.4,36.16,13.6,22.56,165.94,"103Y12M"
64000,░к╢пел,64000020,╣кдs░╧,64000020-036,╣╪дsи╜,101.63,2.57,14863.6,31.67,11.7,19.97,170.63,"103Y12M"
64000,░к╢пел,64000020,╣кдs░╧,64000020-037,ня▓ю└Yи╜,110.22,2.38,6770.97,33.33,11.57,21.76,188.,"103Y12M"
64000,░к╢пел,64000020,╣кдs░╧,64000020-038,оч╖╜и╜,126.9,2.41,133.27,28.73,10.95,17.77,162.3,"103Y12M"
64000,░к╢пел,64000030,ек└ч░╧,64000030-001,╢i╛╟и╜,130.71,1.77,13069.17,27.1,7.32,19.78,270.12,"103Y12M"
64000,░к╢пел,64000030,ек└ч░╧,64000030-002,з└жши╜,100.66,2.6,17292.78,44.17,12.72,31.45,247.22,"103Y12M"
64000,░к╢пел,64000030,ек└ч░╧,64000030-003,│╗е_и╜,100.96,2.29,19492.63,36.3,8.91,27.39,307.32,"103Y12M"
64000,░к╢пел,64000030,ек└ч░╧,64000030-004,дде_и╜,95.17,2.54,24595.43,42.75,11.76,30.98,263.33,"103Y12M"
64000,░к╢пел,64000030,ек└ч░╧,64000030-005,ддлnи╜,134.1,2.34,16303.33,40.14,10.32,29.82,288.89,"103Y12M"
64000,░к╢пел,64000030,ек└ч░╧,64000030-006,╝qкFи╜,120.59,2.56,30541.29,35.98,12.27,23.71,193.18,"103Y12M"
64000,░к╢пел,64000030,ек└ч░╧,64000030-007,╝qе_и╜,107.52,2.29,23418.99,39.73,11.87,27.87,234.83,"103Y12M"
64000,░к╢пел,64000030,ек└ч░╧,64000030-008,з└лnи╜,108.23,2.27,11914.27,41.29,11.51,29.78,258.82,"103Y12M"
64000,░к╢пел,64000030,ек└ч░╧,64000030-009,з└е_и╜,104.51,2.46,1898.72,32.66,12.63,20.03,158.58,"103Y12M"
64000,░к╢пел,64000030,ек└ч░╧,64000030-011,л╠дsи╜,93.23,2.08,8909.87,40.32,12.25,28.06,229.01,"103Y12M"
64000,░к╢пел,64000030,ек└ч░╧,64000030-012,▓╗йMи╜,104.98,1.97,834.77,62.95,12.59,50.36,400.,"103Y12M"
64000,░к╢пел,64000030,ек└ч░╧,64000030-013,е├▓Mи╜,113.7,2.57,1754.53,62.28,44.61,17.67,39.61,"103Y12M"
64000,░к╢пел,64000030,ек└ч░╧,64000030-015,▓ўе·и╜,102.42,2.55,7126.62,40.36,14.18,26.19,184.73,"103Y12M"
64000,░к╢пел,64000030,ек└ч░╧,64000030-016,е·╜ўи╜,92.62,2.43,27949.95,40.28,17.14,23.14,135.01,"103Y12M"
64000,░к╢пел,64000030,ек└ч░╧,64000030-017,жX╕sи╜,103.13,2.35,5227.66,60.93,9.48,51.45,542.68,"103Y12M"
64000,░к╢пел,64000030,ек└ч░╧,64000030-019,й·л╪и╜,97.12,2.23,303.32,41.27,20.77,20.5,98.68,"103Y12M"
64000,░к╢пел,64000030,ек└ч░╧,64000030-021,│╗жши╜,106.43,2.53,22142.62,39.11,10.59,28.52,269.32,"103Y12M"
64000,░к╢пел,64000030,ек└ч░╧,64000030-022,╕tжZи╜,104.5,2.28,21610.66,38.08,10.4,27.68,266.15,"103Y12M"
64000,░к╢пел,64000030,ек└ч░╧,64000030-023,╕tжши╜,128.99,2.28,9430.97,37.72,7.12,30.6,430.,"103Y12M"
64000,░к╢пел,64000030,ек└ч░╧,64000030-024,╕tлnи╜,106.21,2.87,21484.51,40.85,15.85,25.,157.75,"103Y12M"
64000,░к╢пел,64000030,ек└ч░╧,64000030-025,л░лnи╜,100.34,2.52,17534.39,40.29,10.79,29.5,273.33,"103Y12M"
64000,░к╢пел,64000030,ек└ч░╧,64000030-026,╕ЇкFи╜,115.54,2.62,22357.78,37.52,12.4,25.12,202.67,"103Y12M"
64000,░к╢пел,64000030,ек└ч░╧,64000030-027,б╜е_и╜,117.65,2.29,18759.96,43.09,13.54,29.56,218.37,"103Y12M"
64000,░к╢пел,64000030,ек└ч░╧,64000030-028,б╜лnи╜,113.53,2.35,11336.31,38.81,10.9,27.92,256.14,"103Y12M"
64000,░к╢пел,64000030,ек└ч░╧,64000030-029,░ёжши╜,105.6,2.34,11188.15,38.67,8.59,30.08,350.,"103Y12M"
64000,░к╢пел,64000030,ек└ч░╧,64000030-030,░ёе_и╜,108.76,1.96,13657.31,39.62,8.6,31.02,360.64,"103Y12M"
64000,░к╢пел,64000030,ек└ч░╧,64000030-031,░ёкFи╜,112.86,2.29,3273.27,46.17,16.25,29.92,184.06,"103Y12M"
64000,░к╢пел,64000030,ек└ч░╧,64000030-032,о№│╙и╜,94.67,2.38,47061.16,42.2,11.34,30.87,272.26,"103Y12M"
64000,░к╢пел,64000030,ек└ч░╧,64000030-034,▒R╣ъи╜,95.14,2.08,1090.35,27.74,18.83,8.92,47.37,"103Y12M"
64000,░к╢пел,64000030,ек└ч░╧,64000030-035,ж█зUи╜,111.27,2.37,978.82,24.65,8.59,16.07,187.1,"103Y12M"
64000,░к╢пел,64000030,ек└ч░╧,64000030-036,кG╢Tи╜,89.42,2.12,45028.57,40.78,11.79,28.99,245.83,"103Y12M"
64000,░к╢пел,64000030,ек└ч░╧,64000030-037,кG┤fи╜,88.49,2.16,99174.98,33.05,7.2,25.85,359.14,"103Y12M"
64000,░к╢пел,64000030,ек└ч░╧,64000030-038,кGоpи╜,96.3,2.2,34197.84,41.12,9.1,32.03,352.03,"103Y12M"
64000,░к╢пел,64000030,ек└ч░╧,64000030-039,╖sдUи╜,90.32,2.54,16305.35,33.52,20.25,13.27,65.55,"103Y12M"
64000,░к╢пел,64000030,ек└ч░╧,64000030-040,╖sдWи╜,89.8,2.56,23908.68,31.7,20.87,10.83,51.87,"103Y12M"
64000,░к╢пел,64000030,ек└ч░╧,64000030-041,╖sдди╜,100.74,2.92,16496.49,35.83,20.52,15.31,74.64,"103Y12M"
64000,░к╢пел,64000030,ек└ч░╧,64000030-042,╖sе·и╜,91.84,2.68,22338.87,36.54,25.85,10.69,41.35,"103Y12M"
64000,░к╢пел,64000030,ек└ч░╧,64000030-043,╡цд╜и╜,92.34,2.72,18073.,35.37,26.41,8.96,33.95,"103Y12M"
64000,░к╢пел,64000030,ек└ч░╧,64000030-044,║╓дsи╜,90.8,2.65,22924.46,37.27,29.91,7.36,24.6,"103Y12M"
64000,░к╢пел,64000040,╖г▒ъ░╧,64000040-001,▓M┬╫и╜,97.9,2.75,9161.84,32.6,25.58,7.02,27.45,"103Y12M"
64000,░к╢пел,64000040,╖г▒ъ░╧,64000040-002,кF╣чи╜,91.55,2.66,8345.74,37.07,26.23,10.84,41.31,"103Y12M"
64000,░к╢пел,64000040,╖г▒ъ░╧,64000040-003,дн▒`и╜,96.51,2.64,8678.65,31.31,21.17,10.13,47.85,"103Y12M"
64000,░к╢пел,64000040,╖г▒ъ░╧,64000040-004,и╔ени╜,89.46,2.66,23247.41,32.11,18.7,13.41,71.68,"103Y12M"
64000,░к╢пел,64000040,╖г▒ъ░╧,64000040-005,дд╢зи╜,104.52,2.64,5389.03,38.29,19.02,19.27,101.32,"103Y12M"
64000,░к╢пел,64000040,╖г▒ъ░╧,64000040-006,┤f╖ги╜,113.93,2.13,25271.73,23.64,12.15,11.49,94.57,"103Y12M"
64000,░к╢пел,64000040,╖г▒ъ░╧,64000040-007,┤fе┴и╜,98.99,2.71,9783.93,30.73,16.63,14.1,84.75,"103Y12M"
64000,░к╢пел,64000040,╖г▒ъ░╧,64000040-008,┤f┬╫и╜,95.71,2.38,6166.14,26.81,16.29,10.52,64.54,"103Y12M"
64000,░к╢пел,64000040,╖г▒ъ░╧,64000040-009,└Aл╠и╜,100.41,3.06,15317.78,32.42,13.81,18.61,134.79,"103Y12M"
64000,░к╢пел,64000040,╖г▒ъ░╧,64000040-010,е╔л╠и╜,99.86,3.35,16556.52,30.99,14.44,16.54,114.56,"103Y12M"
64000,░к╢пел,64000040,╖г▒ъ░╧,64000040-011,кўе╨и╜,99.49,3.23,10264.38,32.29,15.48,16.81,108.55,"103Y12M"
64000,░к╢пел,64000040,╖г▒ъ░╧,64000040-012,╕Zе╨и╜,101.4,2.93,1645.16,31.58,14.46,17.12,118.45,"103Y12M"
64000,░к╢пел,64000040,╖г▒ъ░╧,64000040-013,╖чл╠и╜,93.19,2.84,3082.76,29.69,15.8,13.89,87.95,"103Y12M"
64000,░к╢пел,64000040,╖г▒ъ░╧,64000040-014,╗Aл╠и╜,94.6,2.51,19832.64,20.08,12.26,7.82,63.83,"103Y12M"
64000,░к╢пел,64000040,╖г▒ъ░╧,64000040-015,з╗лnи╜,109.31,2.39,420.91,68.19,21.93,46.26,210.9,"103Y12M"
64000,░к╢пел,64000040,╖г▒ъ░╧,64000040-016,з╗╝▌и╜,104.98,3.1,11604.8,75.23,34.51,40.72,117.98,"103Y12M"
64000,░к╢пел,64000040,╖г▒ъ░╧,64000040-017,з╗║aи╜,107.26,2.97,5366.27,61.75,30.87,30.87,100.,"103Y12M"
64000,░к╢пел,64000040,╖г▒ъ░╧,64000040-018,╝sйўи╜,97.48,2.9,18683.83,36.96,16.77,20.19,120.41,"103Y12M"
64000,░к╢пел,64000040,╖г▒ъ░╧,64000040-019,д[йўи╜,98.59,2.76,29293.06,26.83,15.87,10.95,68.99,"103Y12M"
64000,░к╢пел,64000040,╖г▒ъ░╧,64000040-020,дjйўи╜,96.84,2.74,6073.12,39.92,18.18,21.74,119.58,"103Y12M"
64000,░к╢пел,64000040,╖г▒ъ░╧,64000040-021,║╓йўи╜,108.44,2.9,16107.36,34.61,17.66,16.95,96.02,"103Y12M"
64000,░к╢пел,64000040,╖г▒ъ░╧,64000040-022,▓▒йўи╜,96.47,3.04,2092.33,28.66,18.9,9.75,51.61,"103Y12M"
64000,░к╢пел,64000040,╖г▒ъ░╧,64000040-023,оїйўи╜,106.04,2.72,17737.98,35.38,17.81,17.57,98.69,"103Y12M"
64000,░к╢пел,64000040,╖г▒ъ░╧,64000040-024,┐│йўи╜,97.93,2.83,19015.66,33.99,21.67,12.32,56.82,"103Y12M"
64000,░к╢пел,64000040,╖г▒ъ░╧,64000040-025,л╪йўи╜,103.08,2.52,12479.51,33.28,16.11,17.17,106.54,"103Y12M"
64000,░к╢пел,64000040,╖г▒ъ░╧,64000040-026,з╗йўи╜,90.69,2.69,14016.34,34.1,23.59,10.51,44.53,"103Y12M"
64000,░к╢пел,64000040,╖г▒ъ░╧,64000040-027,йMйўи╜,97.34,2.63,33011.43,32.85,13.22,19.62,148.36,"103Y12M"
64000,░к╢пел,64000040,╖г▒ъ░╧,64000040-028,╝yйўи╜,94.2,2.69,25854.16,30.09,13.4,16.7,124.61,"103Y12M"
64000,░к╢пел,64000040,╖г▒ъ░╧,64000040-029,╢ййўи╜,95.91,2.66,27922.91,33.48,16.84,16.64,98.83,"103Y12M"
64000,░к╢пел,64000040,╖г▒ъ░╧,64000040-030,иqйўи╜,97.21,2.58,22277.99,30.,16.28,13.72,84.33,"103Y12M"
64000,░к╢пел,64000040,╖г▒ъ░╧,64000040-031,╕╬йўи╜,97.87,2.82,20880.55,36.49,25.3,11.19,44.24,"103Y12M"
64000,░к╢пел,64000040,╖г▒ъ░╧,64000040-032,░ъйўи╜,97.36,2.95,14803.36,33.62,22.45,11.16,49.72,"103Y12M"
64000,░к╢пел,64000040,╖г▒ъ░╧,64000040-033,е[йўи╜,93.45,2.57,23294.29,31.15,20.46,10.69,52.24,"103Y12M"
64000,░к╢пел,64000040,╖г▒ъ░╧,64000040-034,дпйўи╜,90.65,2.41,23782.36,28.38,19.69,8.68,44.1,"103Y12M"
64000,░к╢пел,64000040,╖г▒ъ░╧,64000040-035,┬┼е╨и╜,101.38,2.53,2398.73,36.79,30.01,6.78,22.6,"103Y12M"
64000,░к╢пел,64000040,╖г▒ъ░╧,64000040-036,дд┐│и╜,98.99,3.04,7134.11,40.92,30.19,10.73,35.55,"103Y12M"
64000,░к╢пел,64000040,╖г▒ъ░╧,64000040-037,ддйMи╜,104.26,2.74,791.87,37.53,25.5,12.03,47.19,"103Y12M"
64000,░к╢пел,64000050,дTе┴░╧,64000050-001,╣йкўи╜,98.13,2.68,3378.09,28.4,14.44,13.97,96.75,"103Y12M"
64000,░к╢пел,64000050,дTе┴░╧,64000050-002,╣й▓▒и╜,94.27,2.73,22219.48,29.92,19.35,10.57,54.65,"103Y12M"
64000,░к╢пел,64000050,дTе┴░╧,64000050-003,╣й▒jи╜,97.01,2.77,18318.94,28.46,16.36,12.1,73.94,"103Y12M"
64000,░к╢пел,64000050,дTе┴░╧,64000050-004,╣йдOи╜,97.,2.91,16092.14,33.64,18.71,14.92,79.77,"103Y12M"
64000,░к╢пел,64000050,дTе┴░╧,64000050-005,╣йжши╜,94.27,2.61,20910.68,29.01,16.54,12.47,75.38,"103Y12M"
64000,░к╢пел,64000050,дTе┴░╧,64000050-006,╣йдди╜,98.14,2.76,18445.5,26.98,12.41,14.56,117.33,"103Y12M"
64000,░к╢пел,64000050,дTе┴░╧,64000050-007,╣йоїи╜,88.95,2.61,38838.84,31.44,21.1,10.34,49.01,"103Y12M"
64000,░к╢пел,64000050,дTе┴░╧,64000050-008,е╗└]и╜,95.61,2.52,28854.85,26.57,13.35,13.22,99.03,"103Y12M"
64000,░к╢пел,64000050,дTе┴░╧,64000050-009,е╗йMи╜,94.59,2.61,23128.33,25.72,15.12,10.6,70.11,"103Y12M"
64000,░к╢пел,64000050,дTе┴░╧,64000050-010,е╗дхи╜,96.81,2.52,26648.48,35.,15.73,19.27,122.5,"103Y12M"
64000,░к╢пел,64000050,дTе┴░╧,64000050-011,е╗кZи╜,93.05,2.81,22619.6,45.51,26.73,18.78,70.23,"103Y12M"
64000,░к╢пел,64000050,дTе┴░╧,64000050-012,е╗д╕и╜,91.1,2.84,33089.2,35.46,23.39,12.08,51.64,"103Y12M"
64000,░к╢пел,64000050,дTе┴░╧,64000050-013,е╗жwи╜,93.63,3.04,23982.26,37.24,27.82,9.42,33.87,"103Y12M"
64000,░к╢пел,64000050,дTе┴░╧,64000050-014,е╗дWи╜,90.36,3.01,20630.62,34.47,25.39,9.08,35.75,"103Y12M"
64000,░к╢пел,64000050,дTе┴░╧,64000050-015,е╗┤ни╜,89.89,2.86,33034.07,38.85,26.64,12.21,45.84,"103Y12M"
64000,░к╢пел,64000050,дTе┴░╧,64000050-016,─_╖ри╜,97.38,2.66,30767.98,26.17,12.25,13.92,113.65,"103Y12M"
64000,░к╢пел,64000050,дTе┴░╧,64000050-017,─_╝wи╜,93.22,2.7,21244.42,24.61,13.26,11.35,85.57,"103Y12M"
64000,░к╢пел,64000050,дTе┴░╧,64000050-018,─_оїи╜,88.44,2.4,35615.99,25.68,15.36,10.32,67.14,"103Y12M"
64000,░к╢пел,64000050,дTе┴░╧,64000050-019,─_┐│и╜,92.51,2.52,26206.1,28.29,14.42,13.88,96.25,"103Y12M"
64000,░к╢пел,64000050,дTе┴░╧,64000050-020,─_дди╜,96.77,2.85,27914.07,36.88,20.12,16.76,83.33,"103Y12M"
64000,░к╢пел,64000050,дTе┴░╧,64000050-021,─_╡╪и╜,90.93,2.75,31803.84,30.45,19.78,10.67,53.94,"103Y12M"
64000,░к╢пел,64000050,дTе┴░╧,64000050-022,─_░ъи╜,90.4,2.78,55820.4,34.45,25.24,9.21,36.5,"103Y12M"
64000,░к╢пел,64000050,дTе┴░╧,64000050-023,─_е┴и╜,95.86,2.67,19088.51,30.92,18.94,11.97,63.22,"103Y12M"
64000,░к╢пел,64000050,дTе┴░╧,64000050-024,─_╝yи╜,90.27,2.8,35319.44,32.24,20.78,11.46,55.17,"103Y12M"
64000,░к╢пел,64000050,дTе┴░╧,64000050-025,─_╖~и╜,90.54,2.7,20068.27,34.57,23.47,11.1,47.3,"103Y12M"
64000,░к╢пел,64000050,дTе┴░╧,64000050-026,─_▓▒и╜,95.27,2.53,31901.28,28.21,14.57,13.64,93.62,"103Y12M"
64000,░к╢пел,64000050,дTе┴░╧,64000050-027,─_жwи╜,89.64,2.47,33281.19,25.73,13.69,12.04,87.94,"103Y12M"
64000,░к╢пел,64000050,дTе┴░╧,64000050-028,─_└sи╜,96.99,2.75,50585.47,38.53,20.28,18.25,89.96,"103Y12M"
64000,░к╢пел,64000050,дTе┴░╧,64000050-029,─_п]и╜,109.5,2.1,18180.72,24.78,10.75,14.03,130.5,"103Y12M"
64000,░к╢пел,64000050,дTе┴░╧,64000050-030,─_е╔и╜,88.79,2.75,43365.22,33.,23.78,9.22,38.79,"103Y12M"
64000,░к╢пел,64000050,дTе┴░╧,64000050-031,╞Wдlи╜,93.17,2.31,12988.96,26.54,13.3,13.24,99.56,"103Y12M"
64000,░к╢пел,64000050,дTе┴░╧,64000050-032,╞W╖Rи╜,98.99,2.44,38013.2,28.36,11.94,16.43,137.58,"103Y12M"
64000,░к╢пел,64000050,дTе┴░╧,64000050-033,╞Wдди╜,94.94,2.24,32566.45,27.51,11.7,15.81,135.14,"103Y12M"
64000,░к╢пел,64000050,дTе┴░╧,64000050-034,╞W╡╪и╜,95.67,2.3,35295.63,28.89,10.34,18.55,179.42,"103Y12M"
64000,░к╢пел,64000050,дTе┴░╧,64000050-035,╞W│╙и╜,103.16,2.57,22640.81,35.91,11.01,24.89,225.99,"103Y12M"
64000,░к╢пел,64000050,дTе┴░╧,64000050-036,╞WзQи╜,98.79,2.48,33121.11,32.55,11.16,21.39,191.75,"103Y12M"
64000,░к╢пел,64000050,дTе┴░╧,64000050-037,╞W┤_и╜,97.37,2.23,46387.,25.58,11.62,13.96,120.16,"103Y12M"
64000,░к╢пел,64000050,дTе┴░╧,64000050-038,е┐┐│и╜,88.88,2.62,51262.27,31.64,21.05,10.59,50.28,"103Y12M"
64000,░к╢пел,64000050,дTе┴░╧,64000050-039,е┐╢╢и╜,90.57,2.5,49565.45,32.57,17.34,15.23,87.83,"103Y12M"
64000,░к╢пел,64000050,дTе┴░╧,64000050-040,╞W┐│и╜,98.42,2.74,3406.9,41.94,21.66,20.28,93.6,"103Y12M"
64000,░к╢пел,64000050,дTе┴░╧,64000050-041,╞Wжии╜,96.89,2.51,14152.37,32.63,17.17,15.47,90.12,"103Y12M"
64000,░к╢пел,64000050,дTе┴░╧,64000050-042,жw▒dи╜,102.25,2.43,66965.42,36.93,14.21,22.73,160.,"103Y12M"
64000,░к╢пел,64000050,дTе┴░╧,64000050-043,жw╣чи╜,98.72,2.29,48532.03,37.58,13.05,24.53,187.92,"103Y12M"
64000,░к╢пел,64000050,дTе┴░╧,64000050-044,жwжNи╜,90.16,2.46,25501.78,31.69,17.93,13.77,76.8,"103Y12M"
64000,░к╢пел,64000050,дTе┴░╧,64000050-045,жw╡oи╜,89.08,2.6,14081.74,29.68,17.17,12.51,72.85,"103Y12M"
64000,░к╢пел,64000050,дTе┴░╧,64000050-046,жwкFи╜,96.52,2.72,11932.48,41.24,17.44,23.79,136.38,"103Y12M"
64000,░к╢пел,64000050,дTе┴░╧,64000050-047,жwйMи╜,100.07,2.78,15125.28,37.03,15.78,21.25,134.69,"103Y12M"
64000,░к╢пел,64000050,дTе┴░╧,64000050-048,╣F╝wи╜,102.83,2.74,25096.76,46.14,18.63,27.51,147.62,"103Y12M"
64000,░к╢пел,64000050,дTе┴░╧,64000050-049,╣Fй·и╜,93.23,2.63,24067.8,41.88,15.77,26.11,165.52,"103Y12M"
64000,░к╢пел,64000050,дTе┴░╧,64000050-050,╣Fдпи╜,89.25,2.71,25410.31,39.89,16.2,23.69,146.19,"103Y12M"
64000,░к╢пел,64000050,дTе┴░╧,64000050-051,╣Fлiи╜,97.99,2.44,11457.66,39.46,14.37,25.09,174.59,"103Y12M"
64000,░к╢пел,64000050,дTе┴░╧,64000050-052,жP╝wи╜,103.47,2.49,18343.74,38.43,14.5,23.93,165.06,"103Y12M"
64000,░к╢пел,64000050,дTе┴░╧,64000050-053,╝w┤╝и╜,94.2,2.63,21017.3,39.22,16.42,22.81,138.92,"103Y12M"
64000,░к╢пел,64000050,дTе┴░╧,64000050-054,╝wдпи╜,95.54,2.44,17317.14,33.53,14.07,19.46,138.33,"103Y12M"
64000,░к╢пел,64000050,дTе┴░╧,64000050-055,жwе═и╜,104.29,2.54,6646.58,39.17,15.25,23.93,156.91,"103Y12M"
64000,░к╢пел,64000050,дTе┴░╧,64000050-056,╝wкFи╜,100.65,2.37,27542.44,39.67,13.02,26.65,204.6,"103Y12M"
64000,░к╢пел,64000050,дTе┴░╧,64000050-057,╝wжци╜,99.84,2.63,27037.25,39.74,13.14,26.6,202.48,"103Y12M"
64000,░к╢пел,64000050,дTе┴░╧,64000050-058,║ы╡╪и╜,93.61,2.49,19104.94,43.65,14.39,29.26,203.35,"103Y12M"
64000,░к╢пел,64000050,дTе┴░╧,64000050-059,е┴и╔и╜,92.05,2.63,24674.11,39.59,14.1,25.49,180.75,"103Y12M"
64000,░к╢пел,64000050,дTе┴░╧,64000050-060,жwйyи╜,99.79,2.79,13635.05,39.78,17.44,22.35,128.17,"103Y12M"
64000,░к╢пел,64000050,дTе┴░╧,64000050-061,жwоїи╜,96.62,2.48,24312.63,35.29,14.21,21.09,148.41,"103Y12M"
64000,░к╢пел,64000050,дTе┴░╧,64000050-062,жwи╣и╜,106.77,2.35,14688.29,36.12,13.92,22.2,159.43,"103Y12M"
64000,░к╢пел,64000050,дTе┴░╧,64000050-063,дQе■и╜,100.21,2.64,10040.4,36.36,16.09,20.26,125.91,"103Y12M"
64000,░к╢пел,64000050,дTе┴░╧,64000050-064,дQм№и╜,99.44,2.57,23960.17,34.34,14.11,20.23,143.3,"103Y12M"
64000,░к╢пел,64000050,дTе┴░╧,64000050-065,╝wе_и╜,99.36,2.46,16367.16,34.46,13.29,21.17,159.26,"103Y12M"
64000,░к╢пел,64000050,дTе┴░╧,64000050-066,е▀╕█и╜,88.5,2.51,20151.19,47.54,12.73,34.8,273.33,"103Y12M"
64000,░к╢пел,64000050,дTе┴░╧,64000050-067,е▀╖~и╜,93.98,2.45,17699.93,39.09,11.63,27.46,236.08,"103Y12M"
64000,░к╢пел,64000050,дTе┴░╧,64000050-068,┤фкFи╜,95.53,2.01,20175.09,33.62,10.95,22.67,206.98,"103Y12M"
64000,░к╢пел,64000050,дTе┴░╧,64000050-069,┤ф╖sи╜,90.79,2.33,17121.1,33.96,13.18,20.79,157.76,"103Y12M"
64000,░к╢пел,64000050,дTе┴░╧,64000050-070,┤фжши╜,110.74,2.,9455.38,32.78,9.02,23.76,263.33,"103Y12M"
64000,░к╢пел,64000050,дTе┴░╧,64000050-072,│╒╖Rи╜,97.63,2.12,9694.77,31.02,8.89,22.13,248.96,"103Y12M"
64000,░к╢пел,64000050,дTе┴░╧,64000050-073,│╒┤fи╜,91.81,2.56,23938.26,36.87,18.45,18.42,99.85,"103Y12M"
64000,░к╢пел,64000050,дTе┴░╧,64000050-074,к°й·и╜,101.1,2.38,16934.86,37.73,15.33,22.4,146.15,"103Y12M"
64000,░к╢пел,64000050,дTе┴░╧,64000050-075,л╪кFи╜,88.38,1.78,10054.42,29.08,10.36,18.71,180.56,"103Y12M"
64000,░к╢пел,64000050,дTе┴░╧,64000050-076,┐│╝wи╜,99.03,2.26,25463.77,33.42,12.57,20.85,165.8,"103Y12M"
64000,░к╢пел,64000050,дTе┴░╧,64000050-077,╗ёлnи╜,104.17,2.4,23100.83,39.46,11.13,28.33,254.65,"103Y12M"
64000,░к╢пел,64000050,дTе┴░╧,64000050-078,╗ёе_и╜,106.81,2.47,15144.81,41.02,13.15,27.87,212.,"103Y12M"
64000,░к╢пел,64000050,дTе┴░╧,64000050-079,╝wжши╜,108.46,2.62,1873.58,34.56,14.1,20.46,145.05,"103Y12M"
64000,░к╢пел,64000050,дTе┴░╧,64000050-081,┬╫╕╬и╜,101.58,2.6,24384.35,34.76,13.08,21.69,165.85,"103Y12M"
64000,░к╢пел,64000050,дTе┴░╧,64000050-082,дtкFи╜,104.9,2.53,3976.87,28.17,11.02,17.15,155.56,"103Y12M"
64000,░к╢пел,64000050,дTе┴░╧,64000050-083,╕╬е┴и╜,104.9,2.57,26025.65,34.83,19.16,15.67,81.78,"103Y12M"
64000,░к╢пел,64000050,дTе┴░╧,64000050-084,дOжци╜,110.16,2.65,28995.34,32.57,10.86,21.72,200.,"103Y12M"
64000,░к╢пел,64000050,дTе┴░╧,64000050-085,дd╖│и╜,88.18,2.41,31454.63,41.43,14.13,27.3,193.18,"103Y12M"
64000,░к╢пел,64000050,дTе┴░╧,64000050-086,е▀╝wи╜,92.11,2.43,11412.94,40.36,13.63,26.73,196.15,"103Y12M"
64000,░к╢пел,64000050,дTе┴░╧,64000050-087,дdе_и╜,94.63,2.57,16169.31,39.3,12.84,26.45,205.98,"103Y12M"
64000,░к╢пел,64000050,дTе┴░╧,64000050-088,дdмюи╜,104.,2.34,20756.04,31.32,10.48,20.84,198.93,"103Y12M"
64000,░к╢пел,64000060,╖s┐│░╧,64000060-001,пE╡Mи╜,86.94,2.18,12558.7,36.65,9.81,26.84,273.68,"103Y12M"
64000,░к╢пел,64000060,╖s┐│░╧,64000060-002,о╢жии╜,92.58,2.12,16445.62,40.91,9.53,31.37,329.07,"103Y12M"
64000,░к╢пел,64000060,╖s┐│░╧,64000060-003,╝wе═и╜,86.87,2.34,35569.98,37.19,17.92,19.28,107.59,"103Y12M"
64000,░к╢пел,64000060,╖s┐│░╧,64000060-004,о╢╡╪и╜,92.31,2.27,16093.57,43.4,13.96,29.44,210.85,"103Y12M"
64000,░к╢пел,64000060,╖s┐│░╧,64000060-005,е┐оЁи╜,87.47,2.25,24862.05,43.07,11.05,32.02,289.68,"103Y12M"
64000,░к╢пел,64000060,╖s┐│░╧,64000060-006,╝wмFи╜,88.52,2.35,24189.43,38.08,13.72,24.36,177.5,"103Y12M"
64000,░к╢пел,64000060,╖s┐│░╧,64000060-007,дп┴nи╜,82.,1.99,38872.92,31.41,11.53,19.89,172.55,"103Y12M"
64000,░к╢пел,64000060,╖s┐│░╧,64000060-008,╝w▒ци╜,91.74,2.34,27288.02,39.84,14.1,25.74,182.48,"103Y12M"
64000,░к╢пел,64000060,╖s┐│░╧,64000060-009,╡╪┴nи╜,95.53,2.51,25098.7,37.11,12.77,24.34,190.57,"103Y12M"
64000,░к╢пел,64000060,╖s┐│░╧,64000060-010,┐╝╢щи╜,108.62,2.37,24355.88,37.5,10.88,26.62,244.78,"103Y12M"
64000,░к╢пел,64000060,╖s┐│░╧,64000060-011,е├╣чи╜,96.19,2.24,15336.08,38.78,12.3,26.48,215.33,"103Y12M"
64000,░к╢пел,64000060,╖s┐│░╧,64000060-012,е╔┐┼и╜,112.25,2.13,7088.31,35.85,10.64,25.21,236.84,"103Y12M"
64000,░к╢пел,64000060,╖s┐│░╧,64000060-013,╢╢йўи╜,97.22,2.59,23172.17,48.98,24.84,24.14,97.19,"103Y12M"
64000,░к╢пел,64000060,╖s┐│░╧,64000060-014,дхйўи╜,90.07,2.5,26789.5,47.76,23.55,24.21,102.83,"103Y12M"
64000,░к╢пел,64000060,╖s┐│░╧,64000060-015,е·─ги╜,88.27,2.51,29458.79,46.24,22.89,23.35,102.01,"103Y12M"
64000,░к╢пел,64000060,╖s┐│░╧,64000060-016,┐│йўи╜,89.75,2.49,19652.59,43.05,18.51,24.54,132.6,"103Y12M"
64000,░к╢пел,64000060,╖s┐│░╧,64000060-017,╢}ени╜,87.55,2.6,24268.48,39.15,21.39,17.76,83.02,"103Y12M"
64000,░к╢пел,64000060,╖s┐│░╧,64000060-018,жие\и╜,88.39,2.2,13665.21,36.65,9.08,27.57,303.61,"103Y12M"
64000,░к╢пел,64000060,╖s┐│░╧,64000060-019,╖sж┐и╜,96.11,2.3,20746.32,34.09,13.3,20.79,156.3,"103Y12M"
64000,░к╢пел,64000060,╖s┐│░╧,64000060-020,╛дй·и╜,107.82,2.24,20031.38,34.11,12.41,21.69,174.73,"103Y12M"
64000,░к╢пел,64000060,╖s┐│░╧,64000060-021,╖Rени╜,88.2,2.12,20658.25,38.98,11.58,27.4,236.56,"103Y12M"
64000,░к╢пел,64000060,╖s┐│░╧,64000060-022,лn┤фи╜,103.11,2.37,23617.52,32.78,11.54,21.23,183.94,"103Y12M"
64000,░к╢пел,64000060,╖s┐│░╧,64000060-023,ддкFи╜,95.2,2.11,28389.1,32.84,15.85,16.99,107.22,"103Y12M"
64000,░к╢пел,64000060,╖s┐│░╧,64000060-024,й·▓°и╜,110.11,2.14,13065.57,38.81,8.48,30.32,357.45,"103Y12M"
64000,░к╢пел,64000060,╖s┐│░╧,64000060-025,дjй·и╜,87.13,2.32,23945.9,39.51,12.17,27.34,224.77,"103Y12M"
64000,░к╢пел,64000060,╖s┐│░╧,64000060-026,мюдsи╜,103.96,2.04,15249.07,35.78,8.8,26.98,306.67,"103Y12M"
64000,░к╢пел,64000060,╖s┐│░╧,64000060-027,к°┼ци╜,90.03,2.11,35756.58,34.03,13.81,20.22,146.43,"103Y12M"
64000,░к╢пел,64000060,╖s┐│░╧,64000060-028,л╪┐│и╜,104.28,2.1,20261.27,34.62,9.1,25.51,280.28,"103Y12M"
64000,░к╢пел,64000060,╖s┐│░╧,64000060-029,л╪╡╪и╜,95.47,2.17,12866.53,36.1,8.45,27.65,327.12,"103Y12M"
64000,░к╢пел,64000060,╖s┐│░╧,64000060-030,║~е┴и╜,85.94,2.33,14940.9,37.91,11.59,26.32,227.14,"103Y12M"
64000,░к╢пел,64000060,╖s┐│░╧,64000060-031,║aкvи╜,97.13,2.49,11089.31,39.31,14.66,24.65,168.09,"103Y12M"
64000,░к╢пел,64000060,╖s┐│░╧,64000060-032,кFйYи╜,98.88,2.28,20458.08,40.93,12.59,28.34,225.2,"103Y12M"
64000,░к╢пел,64000070,лeкў░╧,64000070-001,дTдtи╜,103.59,2.16,22597.26,36.19,9.61,26.59,276.79,"103Y12M"
64000,░к╢пел,64000070,лeкў░╧,64000070-002,пєж┐и╜,98.82,2.28,14039.88,34.89,9.81,25.09,255.81,"103Y12M"
64000,░к╢пел,64000070,лeкў░╧,64000070-003,к°л░и╜,97.18,2.24,26248.06,39.11,11.56,27.55,238.28,"103Y12M"
64000,░к╢пел,64000070,лeкў░╧,64000070-004,е_кўи╜,93.28,2.4,19662.55,36.32,13.16,23.16,176.,"103Y12M"
64000,░к╢пел,64000070,лeкў░╧,64000070-005,кFкўи╜,95.15,2.12,13513.35,41.99,13.49,28.5,211.21,"103Y12M"
64000,░к╢пел,64000070,лeкў░╧,64000070-006,╖sе═и╜,89.63,2.28,19054.44,33.73,13.94,19.78,141.92,"103Y12M"
64000,░к╢пел,64000070,лeкў░╧,64000070-007,лскўи╜,108.08,2.46,4214.05,45.51,11.79,33.72,285.92,"103Y12M"
64000,░к╢пел,64000070,лeкў░╧,64000070-008,к°┐│и╜,93.01,1.98,20172.82,32.98,9.63,23.35,242.39,"103Y12M"
64000,░к╢пел,64000070,лeкў░╧,64000070-009,лCдsи╜,85.77,2.03,22582.21,35.96,11.76,24.19,205.73,"103Y12M"
64000,░к╢пел,64000070,лeкў░╧,64000070-010,е┴е═и╜,88.91,2.13,19435.64,38.54,12.36,26.18,211.84,"103Y12M"
64000,░к╢пел,64000070,лeкў░╧,64000070-011,┤_д╕и╜,84.26,2.34,19107.13,43.09,12.59,30.49,242.16,"103Y12M"
64000,░к╢пел,64000070,лeкў░╧,64000070-012,кLзыи╜,125.64,2.03,8489.17,36.35,8.7,27.65,317.81,"103Y12M"
64000,░к╢пел,64000070,лeкў░╧,64000070-013,░ъе┴и╜,94.78,2.3,9725.96,37.74,12.98,24.76,190.83,"103Y12M"
64000,░к╢пел,64000070,лeкў░╧,64000070-014,к└кFи╜,86.25,2.25,23025.86,43.23,12.75,30.48,239.02,"103Y12M"
64000,░к╢пел,64000070,лeкў░╧,64000070-015,к└жши╜,89.29,2.07,15871.34,39.12,15.28,23.84,156.06,"103Y12M"
64000,░к╢пел,64000070,лeкў░╧,64000070-016,│╒з╡и╜,91.25,2.21,11572.51,32.11,12.8,19.31,150.93,"103Y12M"
64000,░к╢пел,64000070,лeкў░╧,64000070-017,к°е═и╜,91.83,2.25,8225.6,37.97,12.25,25.72,209.94,"103Y12M"
64000,░к╢пел,64000070,лeкў░╧,64000070-018,║a┤_и╜,93.67,2.29,18865.09,34.95,11.61,23.33,200.93,"103Y12M"
64000,░к╢пел,64000070,лeкў░╧,64000070-019,дхжши╜,90.35,2.26,14617.63,41.79,12.08,29.72,246.07,"103Y12M"
64000,░к╢пел,64000070,лeкў░╧,64000070-020,дхкFи╜,85.05,2.33,14794.37,43.05,13.7,29.35,214.18,"103Y12M"
64000,░к╢пел,64000080,нd╢о░╧,64000080-001,│╒дпи╜,85.95,2.19,13050.6,32.37,12.2,20.17,165.28,"103Y12M"
64000,░к╢пел,64000080,нd╢о░╧,64000080-002,нdмwи╜,89.8,2.08,13151.66,32.74,9.56,23.18,242.37,"103Y12M"
64000,░к╢пел,64000080,нd╢о░╧,64000080-003,нdк@и╜,100.84,2.36,20119.77,37.48,11.57,25.91,223.97,"103Y12M"
64000,░к╢пел,64000080,нd╢о░╧,64000080-004,нdдди╜,87.67,2.44,27500.18,27.19,11.94,15.25,127.78,"103Y12M"
64000,░к╢пел,64000080,нd╢о░╧,64000080-005,нd╢ои╜,87.53,2.32,33849.15,29.38,10.31,19.07,184.96,"103Y12M"
64000,░к╢пел,64000080,нd╢о░╧,64000080-006,нdкFи╜,97.11,2.32,4952.2,31.11,11.06,20.05,181.25,"103Y12M"
64000,░к╢пел,64000080,нd╢о░╧,64000080-007,л░е_и╜,86.18,2.42,25851.83,34.66,14.43,20.22,140.11,"103Y12M"
64000,░к╢пел,64000080,нd╢о░╧,64000080-008,л░жши╜,97.67,2.5,11509.67,33.73,14.2,19.53,137.5,"103Y12M"
64000,░к╢пел,64000080,нd╢о░╧,64000080-009,л░кFи╜,91.18,2.18,25240.54,33.18,14.34,18.84,131.35,"103Y12M"
64000,░к╢пел,64000080,нd╢о░╧,64000080-010,╖N╕█и╜,89.26,1.97,31753.85,25.5,11.32,14.18,125.27,"103Y12M"
64000,░к╢пел,64000080,нd╢о░╧,64000080-011,╣кдди╜,97.46,2.47,17187.8,44.79,14.64,30.15,205.93,"103Y12M"
64000,░к╢пел,64000080,нd╢о░╧,64000080-012,е╨жши╜,92.2,2.42,22301.36,43.53,15.53,28.,180.36,"103Y12M"
64000,░к╢пел,64000080,нd╢о░╧,64000080-013,дHйMи╜,89.,2.15,21459.45,37.34,11.89,25.45,214.12,"103Y12M"
64000,░к╢пел,64000080,нd╢о░╧,64000080-014,дпмFи╜,88.52,2.24,14804.64,33.08,8.1,24.98,308.33,"103Y12M"
64000,░к╢пел,64000080,нd╢о░╧,64000080-015,╝s┐Aи╜,103.23,2.41,22335.01,38.28,10.59,27.7,261.64,"103Y12M"
64000,░к╢пел,64000080,нd╢о░╧,64000080-016,м№е╨и╜,96.03,2.3,23363.42,38.13,11.61,26.53,228.57,"103Y12M"
64000,░к╢пел,64000080,нd╢о░╧,64000080-017,╡╪░єи╜,85.73,2.27,29598.95,31.97,11.58,20.39,176.14,"103Y12M"
64000,░к╢пел,64000080,нd╢о░╧,64000080-018,дщдди╜,91.3,2.32,24362.97,36.1,10.39,25.7,247.34,"103Y12M"
64000,░к╢пел,64000080,нd╢о░╧,64000080-019,┤╢╖╙и╜,93.39,2.29,25834.73,35.41,13.4,22.01,164.26,"103Y12M"
64000,░к╢пел,64000080,нd╢о░╧,64000080-020,йM╖╓и╜,100.34,2.47,30119.04,39.94,16.54,23.4,141.49,"103Y12M"
64000,░к╢пел,64000080,нd╢о░╧,64000080-021,┤╕о╘и╜,129.94,1.76,23336.61,27.36,10.12,17.25,170.49,"103Y12M"
64000,░к╢пел,64000080,нd╢о░╧,64000080-022,┤╢д╤и╜,87.9,2.34,28342.02,37.64,16.34,21.3,130.34,"103Y12M"
64000,░к╢пел,64000080,нd╢о░╧,64000080-023,кL┤Iи╜,85.44,2.66,18896.22,49.32,30.52,18.8,61.59,"103Y12M"
64000,░к╢пел,64000080,нd╢о░╧,64000080-024,кL│Єи╜,84.11,2.7,46769.64,51.4,33.3,18.1,54.36,"103Y12M"
64000,░к╢пел,64000080,нd╢о░╧,64000080-025,кLжwи╜,81.38,2.56,29921.53,53.39,29.89,23.51,78.65,"103Y12M"
64000,░к╢пел,64000080,нd╢о░╧,64000080-026,е·╡╪и╜,104.46,2.61,27188.05,45.17,14.59,30.58,209.64,"103Y12M"
64000,░к╢пел,64000080,нd╢о░╧,64000080-027,кL┐│и╜,93.92,2.44,34371.97,36.24,13.5,22.74,168.35,"103Y12M"
64000,░к╢пел,64000080,нd╢о░╧,64000080-028,кL╡╪и╜,94.16,2.59,33338.11,35.36,13.96,21.4,153.27,"103Y12M"
64000,░к╢пел,64000080,нd╢о░╧,64000080-029,кLжши╜,91.47,2.34,23610.19,39.17,11.4,27.77,243.62,"103Y12M"
64000,░к╢пел,64000080,нd╢о░╧,64000080-030,кLдди╜,98.55,2.37,32097.49,32.23,8.86,23.37,263.64,"103Y12M"
64000,░к╢пел,64000080,нd╢о░╧,64000080-031,кLмuи╜,88.24,2.53,48159.36,50.83,32.6,18.23,55.91,"103Y12M"
64000,░к╢пел,64000080,нd╢о░╧,64000080-032,кLлnи╜,85.14,2.43,61003.2,51.79,30.32,21.47,70.82,"103Y12M"
64000,░к╢пел,64000080,нd╢о░╧,64000080-033,дде┐и╜,84.01,2.6,17076.78,51.1,33.13,17.97,54.23,"103Y12M"
64000,░к╢пел,64000080,нd╢о░╧,64000080-034,й|╕qи╜,90.17,2.34,15041.37,47.69,24.56,23.13,94.17,"103Y12M"
64000,░к╢пел,64000080,нd╢о░╧,64000080-035,жP╝yи╜,82.4,2.73,18209.99,62.05,48.17,13.88,28.82,"103Y12M"
64000,░к╢пел,64000080,нd╢о░╧,64000080-036,│═▒█и╜,94.02,2.52,30817.42,45.22,24.27,20.95,86.33,"103Y12M"
64000,░к╢пел,64000080,нd╢о░╧,64000080-037,жw▓╗и╜,88.62,2.43,22993.95,43.96,19.56,24.4,124.73,"103Y12M"
64000,░к╢пел,64000080,нd╢о░╧,64000080-038,л╡▒╢и╜,89.17,2.48,11562.27,45.94,20.63,25.31,122.68,"103Y12M"
64000,░к╢пел,64000080,нd╢о░╧,64000080-039,║╓╣╪и╜,102.47,2.56,27924.54,34.61,11.17,23.44,209.79,"103Y12M"
64000,░к╢пел,64000080,нd╢о░╧,64000080-040,║╓лnи╜,107.36,2.57,25526.64,38.42,12.74,25.68,201.52,"103Y12M"
64000,░к╢пел,64000080,нd╢о░╧,64000080-041,дн┼vи╜,88.44,2.33,18221.61,29.21,9.98,19.24,192.78,"103Y12M"
64000,░к╢пел,64000080,нd╢о░╧,64000080-042,е┴еDи╜,99.41,2.43,11560.98,31.21,10.41,20.8,199.71,"103Y12M"
64000,░к╢пел,64000080,нd╢о░╧,64000080-043,кL╝wи╜,88.63,2.28,14837.14,31.75,10.56,21.19,200.61,"103Y12M"
64000,░к╢пел,64000080,нd╢о░╧,64000080-044,кL╢Qи╜,87.35,2.65,19401.42,32.61,16.62,16.,96.28,"103Y12M"
64000,░к╢пел,64000080,нd╢о░╧,64000080-045,кL║aи╜,93.1,2.55,34981.95,31.76,14.02,17.75,126.64,"103Y12M"
64000,░к╢пел,64000080,нd╢о░╧,64000080-046,н^й·и╜,93.15,2.64,35494.25,35.44,15.92,19.51,122.55,"103Y12M"
64000,░к╢пел,64000080,нd╢о░╧,64000080-047,кL╣tи╜,96.95,2.4,17299.02,35.48,10.43,25.06,240.29,"103Y12M"
64000,░к╢пел,64000080,нd╢о░╧,64000080-048,┤┬╢зи╜,96.85,2.58,26848.31,35.55,13.17,22.39,170.,"103Y12M"
64000,░к╢пел,64000080,нd╢о░╧,64000080-049,║╓╢йи╜,94.79,2.58,28795.36,38.78,14.61,24.18,165.52,"103Y12M"
64000,░к╢пел,64000080,нd╢о░╧,64000080-050,║╓▓╗и╜,105.33,2.61,10425.51,33.68,12.57,21.11,167.91,"103Y12M"
64000,░к╢пел,64000080,нd╢о░╧,64000080-051,║╓о№и╜,100.96,2.52,37178.69,38.87,13.62,25.25,185.37,"103Y12M"
64000,░к╢пел,64000080,нd╢о░╧,64000080-052,║╓▒dи╜,100.71,2.58,26753.09,38.75,15.1,23.66,156.68,"103Y12M"
64000,░к╢пел,64000080,нd╢о░╧,64000080-053,║╓дHи╜,97.45,2.58,39085.56,33.39,12.63,20.76,164.32,"103Y12M"
64000,░к╢пел,64000080,нd╢о░╧,64000080-054,║╓жaи╜,99.62,2.52,56412.7,32.89,12.78,20.11,157.33,"103Y12M"
64000,░к╢пел,64000080,нd╢о░╧,64000080-055,║╓й~и╜,102.29,2.65,31501.68,36.25,13.54,22.71,167.72,"103Y12M"
64000,░к╢пел,64000080,нd╢о░╧,64000080-056,║╓кFи╜,93.94,2.59,8795.36,27.84,12.69,15.15,119.34,"103Y12M"
64000,░к╢пел,64000080,нd╢о░╧,64000080-057,║╓жши╜,99.25,2.42,9430.04,35.99,13.65,22.34,163.68,"103Y12M"
64000,░к╢пел,64000080,нd╢о░╧,64000080-058,е├▒dи╜,99.47,2.47,18101.76,33.21,11.93,21.28,178.3,"103Y12M"
64000,░к╢пел,64000080,нd╢о░╧,64000080-059,е┐дхи╜,89.05,2.39,21794.24,26.31,11.9,14.41,121.13,"103Y12M"
64000,░к╢пел,64000080,нd╢о░╧,64000080-060,е┐иеи╜,91.59,2.26,28303.81,25.31,10.57,14.74,139.41,"103Y12M"
64000,░к╢пел,64000080,нd╢о░╧,64000080-061,е┐дjи╜,89.42,2.35,21806.3,27.36,14.76,12.6,85.36,"103Y12M"
64000,░к╢пел,64000080,нd╢о░╧,64000080-062,дн║╓и╜,99.53,2.38,21017.11,33.54,10.6,22.94,216.52,"103Y12M"
64000,░к╢пел,64000080,нd╢о░╧,64000080-063,е┐д▀и╜,96.4,2.5,31175.28,30.62,12.67,17.96,141.79,"103Y12M"
64000,░к╢пел,64000080,нd╢о░╧,64000080-064,е┐╣Dи╜,91.48,2.49,27688.48,29.15,11.62,17.53,150.81,"103Y12M"
64000,░к╢пел,64000080,нd╢о░╧,64000080-065,е┐╕qи╜,108.15,2.68,8381.03,33.93,18.27,15.65,85.64,"103Y12M"
64000,░к╢пел,64000080,нd╢о░╧,64000080-066,е┐дпи╜,91.97,2.58,25688.01,28.53,13.35,15.18,113.74,"103Y12M"
64000,░к╢пел,64000080,нd╢о░╧,64000080-067,дхйўи╜,94.36,2.7,29815.97,30.1,13.97,16.13,115.46,"103Y12M"
64000,░к╢пел,64000080,нd╢о░╧,64000080-068,л╪нxи╜,105.8,2.81,25958.85,30.96,14.21,16.75,117.83,"103Y12M"
64000,░к╢пел,64000080,нd╢о░╧,64000080-069,╜├кZи╜,102.56,2.43,29018.05,34.96,11.24,23.72,211.11,"103Y12M"
64000,░к╢пел,64000090,лe┬э░╧,64000090-001,пє╕┼и╜,98.54,2.65,17133.66,28.2,16.54,11.66,70.45,"103Y12M"
64000,░к╢пел,64000090,лe┬э░╧,64000090-002,й·з╡и╜,101.54,2.48,2281.58,33.27,14.99,18.28,121.98,"103Y12M"
64000,░к╢пел,64000090,лe┬э░╧,64000090-003,й·е┐и╜,104.61,2.35,3710.31,32.24,16.75,15.48,92.43,"103Y12M"
64000,░к╢пел,64000090,лe┬э░╧,64000090-004,й·╕qи╜,101.18,2.42,4242.61,35.62,16.96,18.65,109.94,"103Y12M"
64000,░к╢пел,64000090,лe┬э░╧,64000090-005,дп╖Rи╜,106.81,2.13,4367.94,35.41,12.67,22.75,179.58,"103Y12M"
64000,░к╢пел,64000090,лe┬э░╧,64000090-006,╝wйўи╜,99.74,2.37,37718.24,37.,13.8,23.2,168.1,"103Y12M"
64000,░к╢пел,64000090,лe┬э░╧,64000090-007,ен╡еи╜,131.88,1.82,11148.16,29.48,12.15,17.33,142.61,"103Y12M"
64000,░к╢пел,64000090,лe┬э░╧,64000090-008,енйўи╜,116.67,2.32,12289.05,41.86,16.64,25.22,151.61,"103Y12M"
64000,░к╢пел,64000090,лe┬э░╧,64000090-009,й·┬зи╜,109.,2.19,12026.65,38.57,15.49,23.08,149.,"103Y12M"
64000,░к╢пел,64000090,лe┬э░╧,64000090-010,лH╕qи╜,103.86,2.47,7768.06,33.21,12.7,20.5,161.45,"103Y12M"
64000,░к╢пел,64000090,лe┬э░╧,64000090-011,лH╝wи╜,106.65,2.37,30186.33,38.56,16.07,22.48,139.88,"103Y12M"
64000,░к╢пел,64000090,лe┬э░╧,64000090-012,й·╣Dи╜,113.24,2.23,10590.64,41.54,15.08,26.46,175.54,"103Y12M"
64000,░к╢пел,64000090,лe┬э░╧,64000090-013,┐│д╞и╜,110.42,1.84,591.76,35.25,10.85,24.4,225.,"103Y12M"
64000,░к╢пел,64000090,лe┬э░╧,64000090-014,┐│дпи╜,116.38,2.08,5234.63,37.76,11.69,26.07,222.97,"103Y12M"
64000,░к╢пел,64000090,лe┬э░╧,64000090-015,лe┬эи╜,111.63,2.41,20283.82,35.82,13.02,22.8,175.16,"103Y12M"
64000,░к╢пел,64000090,лe┬э░╧,64000090-016,┬экFи╜,103.75,2.47,29117.17,37.05,10.82,26.23,242.33,"103Y12M"
64000,░к╢пел,64000090,лe┬э░╧,64000090-017,┬э║aи╜,99.54,2.41,35431.24,33.68,11.8,21.88,185.53,"103Y12M"
64000,░к╢пел,64000090,лe┬э░╧,64000090-018,┬эйўи╜,104.45,2.65,24261.45,35.65,16.49,19.16,116.22,"103Y12M"
64000,░к╢пел,64000090,лe┬э░╧,64000090-019,┬эо№и╜,100.63,2.49,18724.59,31.23,14.71,16.52,112.27,"103Y12M"
64000,░к╢пел,64000090,лe┬э░╧,64000090-020,┬э╢зи╜,101.85,2.14,17557.66,33.25,6.7,26.55,396.36,"103Y12M"
64000,░к╢пел,64000090,лe┬э░╧,64000090-021,┐│и╣и╜,98.59,2.41,3358.83,28.48,17.85,10.63,59.56,"103Y12M"
64000,░к╢пел,64000090,лe┬э░╧,64000090-022,┬эдди╜,124.32,2.09,24194.4,34.86,10.34,24.52,237.14,"103Y12M"
64000,░к╢пел,64000090,лe┬э░╧,64000090-023,┬эе_и╜,107.9,2.06,367.52,31.38,9.45,21.93,232.18,"103Y12M"
64000,░к╢пел,64000090,лe┬э░╧,64000090-024,й╛п┬и╜,96.54,2.21,23683.52,37.94,13.57,24.37,179.57,"103Y12M"
64000,░к╢пел,64000090,лe┬э░╧,64000090-025,й╛╕█и╜,105.38,2.38,5079.21,36.62,14.54,22.08,151.89,"103Y12M"
64000,░к╢пел,64000090,лe┬э░╧,64000090-028,жшдsи╜,93.92,2.3,30813.31,31.41,10.52,20.88,198.42,"103Y12M"
64000,░к╢пел,64000090,лe┬э░╧,64000090-029,е┴┼vи╜,91.41,2.56,38165.31,31.6,18.01,13.59,75.45,"103Y12M"
64000,░к╢пел,64000090,лe┬э░╧,64000090-030,л╪╢йи╜,97.08,2.07,3325.87,32.94,12.43,20.51,165.08,"103Y12M"
64000,░к╢пел,64000090,лe┬э░╧,64000090-031,о╢┐│и╜,92.69,2.09,10222.74,26.2,11.13,15.06,135.29,"103Y12M"
64000,░к╢пел,64000090,лe┬э░╧,64000090-032,и}йMи╜,92.05,2.46,9888.32,27.43,11.89,15.54,130.67,"103Y12M"
64000,░к╢пел,64000090,лe┬э░╧,64000090-033,жше╥и╜,100.,2.29,18845.88,34.79,12.18,22.6,185.51,"103Y12M"
64000,░к╢пел,64000090,лe┬э░╧,64000090-034,▓▒┐│и╜,85.17,2.07,28580.54,29.51,10.12,19.39,191.6,"103Y12M"
64000,░к╢пел,64000090,лe┬э░╧,64000090-035,▓▒┬╫и╜,87.21,2.15,29996.08,31.83,9.69,22.14,228.51,"103Y12M"
64000,░к╢пел,64000090,лe┬э░╧,64000090-036,┐│дди╜,96.32,2.34,37965.14,28.44,10.45,17.99,172.16,"103Y12M"
64000,░к╢пел,64000090,лe┬э░╧,64000090-037,┐│кFи╜,91.6,2.57,38418.13,31.98,17.41,14.56,83.63,"103Y12M"
64000,░к╢пел,64000090,лe┬э░╧,64000090-038,й╛з╡и╜,93.22,2.21,15622.72,33.35,12.36,20.99,169.79,"103Y12M"
64000,░к╢пел,64000090,лe┬э░╧,64000090-039,┤_░ъи╜,94.85,2.47,33212.63,38.02,13.99,24.04,171.82,"103Y12M"
64000,░к╢пел,64000090,лe┬э░╧,64000090-040,ж╦д║и╜,92.5,2.57,26015.41,34.86,16.05,18.81,117.15,"103Y12M"
64000,░к╢пел,64000090,лe┬э░╧,64000090-041,ж╦кFи╜,89.74,2.34,27612.7,27.99,11.72,16.27,138.82,"103Y12M"
64000,░к╢пел,64000090,лe┬э░╧,64000090-042,ж╦лnи╜,90.5,2.44,24047.46,38.4,26.89,11.51,42.79,"103Y12M"
64000,░к╢пел,64000090,лe┬э░╧,64000090-043,ж╦е_и╜,95.86,2.49,27893.27,30.61,13.75,16.86,122.68,"103Y12M"
64000,░к╢пел,64000090,лe┬э░╧,64000090-044,ж╦жши╜,95.93,2.71,18633.47,31.65,15.51,16.13,104.01,"103Y12M"
64000,░к╢пел,64000090,лe┬э░╧,64000090-045,ж╦дди╜,91.52,2.54,26021.69,32.04,15.58,16.46,105.64,"103Y12M"
64000,░к╢пел,64000090,лe┬э░╧,64000090-046,╖чж╦и╜,94.53,2.48,2864.35,41.02,25.76,15.27,59.27,"103Y12M"
64000,░к╢пел,64000090,лe┬э░╧,64000090-047,╖члnи╜,99.9,2.98,26130.67,41.37,25.2,16.16,64.13,"103Y12M"
64000,░к╢пел,64000090,лe┬э░╧,64000090-048,╖ч┬╫и╜,96.91,2.98,47222.19,47.47,31.73,15.74,49.62,"103Y12M"
64000,░к╢пел,64000090,лe┬э░╧,64000090-049,╖ч▓╗и╜,90.83,2.95,48471.29,40.8,28.79,12.01,41.74,"103Y12M"
64000,░к╢пел,64000090,лe┬э░╧,64000090-050,╖чкFи╜,91.35,3.01,44976.13,51.86,29.38,22.47,76.47,"103Y12M"
64000,░к╢пел,64000090,лe┬э░╧,64000090-051,╖чйMи╜,100.69,3.1,53757.04,50.06,30.16,19.9,65.97,"103Y12M"
64000,░к╢пел,64000090,лe┬э░╧,64000090-052,╖чени╜,92.76,2.98,50762.05,43.87,28.53,15.34,53.76,"103Y12M"
64000,░к╢пел,64000090,лe┬э░╧,64000090-053,╖ч╢йи╜,95.61,2.79,26747.61,38.08,21.72,16.37,75.36,"103Y12M"
64000,░к╢пел,64000090,лe┬э░╧,64000090-054,╖че_и╜,97.96,2.51,31726.33,26.69,10.4,16.29,156.63,"103Y12M"
64000,░к╢пел,64000090,лe┬э░╧,64000090-055,╖чжши╜,100.66,2.59,36675.58,35.95,11.92,24.03,201.5,"103Y12M"
64000,░к╢пел,64000090,лe┬э░╧,64000090-056,╖ч▒^и╜,99.66,2.49,32330.3,29.12,10.7,18.41,172.02,"103Y12M"
64000,░к╢пел,64000090,лe┬э░╧,64000090-057,╖ч┐│и╜,98.56,2.77,43572.73,31.59,13.95,17.64,126.48,"103Y12M"
64000,░к╢пел,64000090,лe┬э░╧,64000090-058,╖ч╕█и╜,96.27,2.52,34618.3,23.77,11.71,12.07,103.11,"103Y12M"
64000,░к╢пел,64000090,лe┬э░╧,64000090-059,╖чдхи╜,100.14,2.65,28692.1,27.58,14.94,12.64,84.59,"103Y12M"
64000,░к╢пел,64000090,лe┬э░╧,64000090-060,╖ч╡╪и╜,95.53,2.69,33449.53,29.17,15.1,14.07,93.2,"103Y12M"
64000,░к╢пел,64000090,лe┬э░╧,64000090-061,╖чйўи╜,96.76,2.52,32918.42,30.18,16.05,14.13,88.02,"103Y12M"
64000,░к╢пел,64000100,║Xмz░╧,64000100-001,║XдUи╜,109.83,2.72,6985.13,38.8,14.24,24.56,172.46,"103Y12M"
64000,░к╢пел,64000100,║Xмz░╧,64000100-002,е├жwи╜,110.95,2.65,14244.89,34.62,13.76,20.86,151.52,"103Y12M"
64000,░к╢пел,64000100,║Xмz░╧,64000100-003,о╢┐│и╜,111.7,2.72,13800.39,33.29,13.39,19.9,148.68,"103Y12M"
64000,░к╢пел,64000100,║Xмz░╧,64000100-004,╖O╖Rи╜,103.33,3.02,18358.25,33.16,16.67,16.48,98.84,"103Y12M"
64000,░к╢пел,64000100,║Xмz░╧,64000100-005,┤_┐│и╜,102.26,2.8,19383.62,32.12,17.17,14.95,87.1,"103Y12M"
64000,░к╢пел,64000100,║Xмz░╧,64000100-006,дд╡╪и╜,99.89,2.86,9429.69,30.11,16.65,13.45,80.79,"103Y12M"
64000,░к╢пел,64000100,║Xмz░╧,64000100-007,╣ъ╜юи╜,101.14,2.61,4528.93,32.8,13.,19.8,152.26,"103Y12M"
64000,░к╢пел,64000100,║Xмz░╧,64000100-008,е_ж┬и╜,114.78,2.62,7520.52,33.55,17.86,15.68,87.8,"103Y12M"
64000,░к╢пел,64000100,║Xмz░╧,64000100-009,лnж┬и╜,114.22,2.59,2784.38,28.6,13.36,15.24,114.11,"103Y12M"
64000,░к╢пел,64000100,║Xмz░╧,64000100-010,дWж╦и╜,112.82,2.43,6392.35,33.56,16.88,16.68,98.83,"103Y12M"
64000,░к╢пел,64000100,║Xмz░╧,64000100-011,ддмwи╜,110.8,2.2,20517.07,30.8,10.76,20.04,186.23,"103Y12M"
64000,░к╢пел,64000100,║Xмz░╧,64000100-012,жw╢╢и╜,114.14,2.12,16366.74,32.51,13.45,19.06,141.75,"103Y12M"
64000,░к╢пел,64000100,║Xмz░╧,64000100-013,дд┐│и╜,99.61,2.92,2038.81,30.41,15.61,14.8,94.81,"103Y12M"
64000,░к╢пел,64000110,дp┤ф░╧,64000110-001,дp┤фи╜,105.09,2.49,1754.46,41.17,21.73,19.44,89.49,"103Y12M"
64000,░к╢пел,64000110,дp┤ф░╧,64000110-002,┤фдfи╜,103.26,2.46,2495.1,25.99,13.74,12.25,89.16,"103Y12M"
64000,░к╢пел,64000110,дp┤ф░╧,64000110-003,┤фе┐и╜,102.86,2.61,31700.43,33.82,19.51,14.31,73.33,"103Y12M"
64000,░к╢пел,64000110,дp┤ф░╧,64000110-004,┤фсYи╜,98.16,2.6,21258.75,29.92,16.53,13.39,81.02,"103Y12M"
64000,░к╢пел,64000110,дp┤ф░╧,64000110-005,┤фй·и╜,99.6,2.71,38954.85,32.61,18.74,13.87,74.03,"103Y12M"
64000,░к╢пел,64000110,дp┤ф░╧,64000110-006,┤фжZи╜,102.67,2.7,12321.61,31.15,20.49,10.66,52.,"103Y12M"
64000,░к╢пел,64000110,дp┤ф░╧,64000110-007,┤флnи╜,115.,2.06,14606.21,26.64,15.88,10.76,67.72,"103Y12M"
64000,░к╢пел,64000110,дp┤ф░╧,64000110-008,┤ф┐│и╜,103.43,2.41,10941.94,37.09,18.2,18.89,103.78,"103Y12M"
64000,░к╢пел,64000110,дp┤ф░╧,64000110-009,╗ёоcи╜,98.04,2.46,399.67,27.46,16.74,10.71,63.97,"103Y12M"
64000,░к╢пел,64000110,дp┤ф░╧,64000110-010,й▒┬эи╜,99.23,2.34,6055.62,27.61,17.38,10.24,58.9,"103Y12M"
64000,░к╢пел,64000110,дp┤ф░╧,64000110-011,дjнdи╜,95.7,2.38,26759.52,27.7,15.59,12.11,77.69,"103Y12M"
64000,░к╢пел,64000110,дp┤ф░╧,64000110-012,дGнdи╜,101.44,2.28,16072.66,31.43,17.62,13.81,78.35,"103Y12M"
64000,░к╢пел,64000110,дp┤ф░╧,64000110-013,дTнdи╜,96.86,2.27,16790.73,26.75,13.88,12.87,92.72,"103Y12M"
64000,░к╢пел,64000110,дp┤ф░╧,64000110-014,е┐нdи╜,97.37,2.52,27884.11,28.1,18.67,9.43,50.49,"103Y12M"
64000,░к╢пел,64000110,дp┤ф░╧,64000110-015,╢╢нdи╜,94.21,2.49,27844.06,27.34,19.77,7.57,38.29,"103Y12M"
64000,░к╢пел,64000110,дp┤ф░╧,64000110-016,д╗нdи╜,92.79,2.83,27114.23,34.08,26.15,7.94,30.36,"103Y12M"
64000,░к╢пел,64000110,дp┤ф░╧,64000110-017,з╗лGи╜,93.11,2.61,40913.68,31.39,22.11,9.28,41.96,"103Y12M"
64000,░к╢пел,64000110,дp┤ф░╧,64000110-018,дsкFи╜,95.45,2.3,14414.53,29.3,16.21,13.09,80.73,"103Y12M"
64000,░к╢пел,64000110,дp┤ф░╧,64000110-019,лCоqи╜,94.15,2.24,27456.69,30.35,14.96,15.39,102.85,"103Y12M"
64000,░к╢пел,64000110,дp┤ф░╧,64000110-020,└┘лnи╜,98.59,2.38,19823.24,27.66,15.89,11.77,74.05,"103Y12M"
64000,░к╢пел,64000110,дp┤ф░╧,64000110-021,оїдsи╜,100.89,2.49,21881.15,28.4,18.87,9.53,50.53,"103Y12M"
64000,░к╢пел,64000110,дp┤ф░╧,64000110-022,дsй·и╜,97.06,2.52,2583.98,31.24,22.32,8.92,39.97,"103Y12M"
64000,░к╢пел,64000110,дp┤ф░╧,64000110-023,░ккQи╜,101.81,2.37,3580.95,28.8,16.17,12.63,78.07,"103Y12M"
64000,░к╢пел,64000110,дp┤ф░╧,64000110-024,кQкўи╜,99.42,2.59,1247.34,26.68,16.67,10.,60.,"103Y12M"
64000,░к╢пел,64000110,дp┤ф░╧,64000110-025,кQдsи╜,96.68,2.38,5970.73,28.06,17.69,10.37,58.6,"103Y12M"
64000,░к╢пел,64000110,дp┤ф░╧,64000110-026,дjйWи╜,100.79,2.79,2067.77,30.97,18.32,12.66,69.1,"103Y12M"
64000,░к╢пел,64000110,дp┤ф░╧,64000110-027,йW│╗и╜,107.18,2.64,1145.43,27.62,18.12,9.5,52.44,"103Y12M"
64000,░к╢пел,64000110,дp┤ф░╧,64000110-028,д╒жvи╜,99.67,2.49,4075.6,27.07,16.06,11.01,68.55,"103Y12M"
64000,░к╢пел,64000110,дp┤ф░╧,64000110-029,╖H▓°и╜,103.18,2.52,10610.52,30.54,20.02,10.53,52.6,"103Y12M"
64000,░к╢пел,64000110,дp┤ф░╧,64000110-030,жXз@и╜,102.17,2.71,9960.58,31.92,18.88,13.04,69.09,"103Y12M"
64000,░к╢пел,64000110,дp┤ф░╧,64000110-031,о█кLи╜,98.42,2.67,12785.35,29.17,19.79,9.38,47.39,"103Y12M"
64000,░к╢пел,64000110,дp┤ф░╧,64000110-032,дднэи╜,106.41,2.61,5113.08,27.8,16.75,11.05,65.97,"103Y12M"
64000,░к╢пел,64000110,дp┤ф░╧,64000110-033,╗ё╗яи╜,101.72,1.87,2347.46,30.49,13.52,16.97,125.55,"103Y12M"
64000,░к╢пел,64000110,дp┤ф░╧,64000110-034,└s╗ёи╜,100.75,1.73,3000.55,32.17,15.71,16.47,104.87,"103Y12M"
64000,░к╢пел,64000110,дp┤ф░╧,64000110-035,╗ё┤╦и╜,96.84,1.75,351.23,28.62,13.41,15.21,113.46,"103Y12M"
64000,░к╢пел,64000110,дp┤ф░╧,64000110-036,╗ёкLи╜,93.18,1.69,52269.24,28.42,12.69,15.73,124.02,"103Y12M"
64000,░к╢пел,64000110,дp┤ф░╧,64000110-037,╗ё┐│и╜,96.,1.7,4019.7,28.51,14.8,13.7,92.55,"103Y12M"
64000,░к╢пел,64000110,дp┤ф░╧,64000110-038,╗ё╖╜и╜,102.76,1.73,6711.11,30.33,16.15,14.18,87.84,"103Y12M"
64000,░к╢пел,64000120,╗ёдs░╧,64000120-001,┐ддfи╜,91.39,2.19,14204.7,38.86,16.3,22.55,138.33,"103Y12M"
64000,░к╢пел,64000120,╗ёдs░╧,64000120-002,жие\и╜,109.02,2.34,14458.19,50.96,18.2,32.76,180.,"103Y12M"
64000,░к╢пел,64000120,╗ёдs░╧,64000120-003,е·й·и╜,104.11,2.36,20354.79,34.35,11.68,22.67,194.03,"103Y12M"
64000,░к╢пел,64000120,╗ёдs░╧,64000120-004,┐│дди╜,92.21,2.67,5627.9,31.47,19.58,11.9,60.76,"103Y12M"
64000,░к╢пел,64000120,╗ёдs░╧,64000120-005,лn┐│и╜,101.9,2.42,19735.73,48.04,24.02,24.02,100.,"103Y12M"
64000,░к╢пел,64000120,╗ёдs░╧,64000120-006,йM╝wи╜,87.71,2.66,20667.74,44.8,32.88,11.92,36.24,"103Y12M"
64000,░к╢пел,64000120,╗ёдs░╧,64000120-007,╗ё▒^и╜,94.48,2.42,17929.67,38.41,15.93,22.48,141.14,"103Y12M"
64000,░к╢пел,64000120,╗ёдs░╧,64000120-008,ддйMи╜,96.8,2.57,25172.47,29.96,13.62,16.35,120.05,"103Y12M"
64000,░к╢пел,64000120,╗ёдs░╧,64000120-009,┬эе_и╜,99.53,2.46,7816.56,23.66,13.77,9.89,71.87,"103Y12M"
64000,░к╢пел,64000120,╗ёдs░╧,64000120-010,┐д╕┼и╜,97.67,2.5,17444.46,40.53,17.57,22.96,130.71,"103Y12M"
64000,░к╢пел,64000120,╗ёдs░╧,64000120-011,дхн^и╜,96.81,2.59,18576.21,28.73,14.28,14.45,101.18,"103Y12M"
64000,░к╢пел,64000120,╗ёдs░╧,64000120-012,┬эжши╜,99.01,2.65,23503.34,36.51,16.43,20.08,122.21,"103Y12M"
64000,░к╢пел,64000120,╗ёдs░╧,64000120-013,┬экFи╜,99.05,2.44,19677.07,37.03,16.41,20.62,125.69,"103Y12M"
64000,░к╢пел,64000120,╗ёдs░╧,64000120-014,░ё│╗и╜,96.81,2.72,9751.68,34.46,19.87,14.59,73.43,"103Y12M"
64000,░к╢пел,64000120,╗ёдs░╧,64000120-015,дде┐и╜,92.57,2.45,22966.6,53.88,16.4,37.49,228.63,"103Y12M"
64000,░к╢пел,64000120,╗ёдs░╧,64000120-016,┬элnи╜,101.84,2.58,25310.72,28.24,14.46,13.78,95.3,"103Y12M"
64000,░к╢пел,64000120,╗ёдs░╧,64000120-017,ж╤╖▌и╜,99.82,2.64,24222.79,26.47,14.28,12.19,85.35,"103Y12M"
64000,░к╢пел,64000120,╗ёдs░╧,64000120-018,╖чж╦и╜,100.36,2.75,20701.26,41.,21.86,19.13,87.5,"103Y12M"
64000,░к╢пел,64000120,╗ёдs░╧,64000120-019,й╛╕qи╜,93.05,2.52,22317.3,30.27,15.5,14.77,95.28,"103Y12M"
64000,░к╢пел,64000120,╗ёдs░╧,64000120-020,╕█╕qи╜,101.02,2.49,5049.54,22.32,14.67,7.65,52.11,"103Y12M"
64000,░к╢пел,64000120,╗ёдs░╧,64000120-021,╖s┐│и╜,137.98,1.8,18631.58,28.55,11.12,17.43,156.73,"103Y12M"
64000,░к╢пел,64000120,╗ёдs░╧,64000120-022,о№е·и╜,97.15,2.7,12900.11,29.41,15.69,13.72,87.42,"103Y12M"
64000,░к╢пел,64000120,╗ёдs░╧,64000120-024,й╛╕█и╜,100.55,2.63,13034.46,25.51,12.77,12.74,99.73,"103Y12M"
64000,░к╢пел,64000120,╗ёдs░╧,64000120-025,╖sе╥и╜,97.27,2.82,27672.28,32.87,21.07,11.8,56.02,"103Y12M"
64000,░к╢пел,64000120,╗ёдs░╧,64000120-026,кZ║~и╜,98.5,2.64,42998.28,28.66,17.,11.66,68.57,"103Y12M"
64000,░к╢пел,64000120,╗ёдs░╧,64000120-027,е┐╕qи╜,99.31,2.63,25408.07,30.33,14.69,15.64,106.41,"103Y12M"
64000,░к╢пел,64000120,╗ёдs░╧,64000120-028,д@е╥и╜,97.96,2.7,35704.42,31.9,15.37,16.53,107.52,"103Y12M"
64000,░к╢пел,64000120,╗ёдs░╧,64000120-029,║╓┐│и╜,96.03,2.83,25547.39,37.22,21.68,15.54,71.68,"103Y12M"
64000,░к╢пел,64000120,╗ёдs░╧,64000120-030,кFк∙и╜,93.03,2.48,35374.14,37.81,18.83,18.98,100.77,"103Y12M"
64000,░к╢пел,64000120,╗ёдs░╧,64000120-031,╖ч┐│и╜,91.52,2.71,27816.61,35.04,21.56,13.48,62.54,"103Y12M"
64000,░к╢пел,64000120,╗ёдs░╧,64000120-032,д╤┐│и╜,97.53,2.73,38018.43,31.42,16.25,15.17,93.39,"103Y12M"
64000,░к╢пел,64000120,╗ёдs░╧,64000120-033,╖s▒jи╜,95.12,2.91,6729.35,36.87,24.91,11.96,48.02,"103Y12M"
64000,░к╢пел,64000120,╗ёдs░╧,64000120-034,░ъоїи╜,99.91,2.44,28923.96,26.39,12.16,14.23,116.98,"103Y12M"
64000,░к╢пел,64000120,╗ёдs░╧,64000120-035,╗ёкFи╜,95.26,2.78,15503.59,35.91,22.94,12.97,56.55,"103Y12M"
64000,░к╢пел,64000120,╗ёдs░╧,64000120-036,╖s┤Iи╜,98.94,2.77,38744.4,28.82,18.1,10.72,59.24,"103Y12M"
64000,░к╢пел,64000120,╗ёдs░╧,64000120-037,░ъе·и╜,94.46,2.49,29716.03,24.2,10.83,13.36,123.35,"103Y12M"
64000,░к╢пел,64000120,╗ёдs░╧,64000120-038,░ъ╢йи╜,99.11,2.41,24910.97,22.41,11.08,11.33,102.27,"103Y12M"
64000,░к╢пел,64000120,╗ёдs░╧,64000120-039,дх╝wи╜,92.45,2.33,17850.45,23.48,14.26,9.22,64.69,"103Y12M"
64000,░к╢пел,64000120,╗ёдs░╧,64000120-040,╣L░ёи╜,103.45,2.53,2817.07,28.24,21.45,6.79,31.67,"103Y12M"
64000,░к╢пел,64000120,╗ёдs░╧,64000120-041,▒фд╜и╜,95.33,2.48,13690.61,30.9,12.73,18.17,142.67,"103Y12M"
64000,░к╢пел,64000120,╗ёдs░╧,64000120-042,┐│дпи╜,93.79,2.75,25485.85,41.65,22.61,19.04,84.21,"103Y12M"
64000,░к╢пел,64000120,╗ёдs░╧,64000120-043,дн║╓и╜,97.54,2.72,22064.54,39.3,22.58,16.72,74.02,"103Y12M"
64000,░к╢пел,64000120,╗ёдs░╧,64000120-044,й╛з╡и╜,94.66,2.6,15127.62,31.56,16.77,14.79,88.22,"103Y12M"
64000,░к╢пел,64000120,╗ёдs░╧,64000120-045,е═й·и╜,100.34,2.56,10453.28,28.69,12.86,15.83,123.11,"103Y12M"
64000,░к╢пел,64000120,╗ёдs░╧,64000120-046,йM┐│и╜,91.85,2.95,12180.06,48.04,33.85,14.2,41.95,"103Y12M"
64000,░к╢пел,64000120,╗ёдs░╧,64000120-047,иєйMи╜,94.36,2.65,8823.83,34.59,19.46,15.13,77.76,"103Y12M"
64000,░к╢пел,64000120,╗ёдs░╧,64000120-048,дхдsи╜,101.31,2.62,9820.01,26.85,14.38,12.47,86.73,"103Y12M"
64000,░к╢пел,64000120,╗ёдs░╧,64000120-049,║╓╕█и╜,92.04,2.55,17336.64,34.07,21.17,12.9,60.93,"103Y12M"
64000,░к╢пел,64000120,╗ёдs░╧,64000120-050,╕█╝wи╜,92.68,2.74,19893.45,45.21,21.69,23.51,108.4,"103Y12M"
64000,░к╢пел,64000120,╗ёдs░╧,64000120-051,дTе┴и╜,98.86,2.61,6643.6,34.32,14.08,20.24,143.75,"103Y12M"
64000,░к╢пел,64000120,╗ёдs░╧,64000120-053,е_к∙и╜,98.57,2.75,10211.54,35.49,18.19,17.3,95.07,"103Y12M"
64000,░к╢пел,64000120,╗ёдs░╧,64000120-054,┤Iе╥и╜,115.56,2.16,36258.66,31.38,13.06,18.32,140.21,"103Y12M"
64000,░к╢пел,64000120,╗ёдs░╧,64000120-055,лnжии╜,100.41,2.79,6127.16,36.06,26.7,9.35,35.02,"103Y12M"
64000,░к╢пел,64000120,╗ёдs░╧,64000120-056,дх╡╪и╜,90.63,2.69,19531.5,42.78,26.11,16.67,63.86,"103Y12M"
64000,░к╢пел,64000120,╗ёдs░╧,64000120-057,дj╝wи╜,98.86,2.8,18135.48,33.37,19.87,13.5,67.95,"103Y12M"
64000,░к╢пел,64000120,╗ёдs░╧,64000120-058,кZкQи╜,104.14,2.5,12330.59,25.13,11.28,13.85,122.86,"103Y12M"
64000,░к╢пел,64000120,╗ёдs░╧,64000120-059,дх┐┼и╜,88.96,2.39,20021.11,26.55,16.85,9.7,57.55,"103Y12M"
64000,░к╢пел,64000120,╗ёдs░╧,64000120-060,дх║╓и╜,93.37,2.59,37221.49,30.,22.57,7.43,32.92,"103Y12M"
64000,░к╢пел,64000120,╗ёдs░╧,64000120-061,╕█лHи╜,90.57,2.44,41031.29,26.2,16.09,10.11,62.83,"103Y12M"
64000,░к╢пел,64000120,╗ёдs░╧,64000120-062,╕█┤╝и╜,93.23,2.51,2202.01,27.9,15.34,12.56,81.91,"103Y12M"
64000,░к╢пел,64000120,╗ёдs░╧,64000120-063,░ъ┤Iи╜,90.32,2.58,25245.53,21.73,12.3,9.43,76.67,"103Y12M"
64000,░к╢пел,64000120,╗ёдs░╧,64000120-064,кZ╝yи╜,99.01,2.66,5017.8,29.61,16.65,12.96,77.84,"103Y12M"
64000,░к╢пел,64000120,╗ёдs░╧,64000120-065,о№мvи╜,92.04,2.73,63307.92,27.16,18.59,8.57,46.12,"103Y12M"
64000,░к╢пел,64000120,╗ёдs░╧,64000120-066,╖sкZи╜,100.15,2.68,22616.67,31.17,17.88,13.29,74.32,"103Y12M"
64000,░к╢пел,64000120,╗ёдs░╧,64000120-067,╖s╝╓и╜,93.5,2.89,52976.16,27.1,19.2,7.9,41.15,"103Y12M"
64000,░к╢пел,64000120,╗ёдs░╧,64000120-068,╖sоїи╜,94.49,2.79,52269.93,29.96,22.15,7.81,35.26,"103Y12M"
64000,░к╢пел,64000120,╗ёдs░╧,64000120-069,дд▒[и╜,101.09,2.37,3301.95,18.7,8.57,10.12,118.09,"103Y12M"
64000,░к╢пел,64000120,╗ёдs░╧,64000120-070,дд║aи╜,102.01,2.5,21415.38,20.78,11.64,9.14,78.5,"103Y12M"
64000,░к╢пел,64000120,╗ёдs░╧,64000120-071,дде┴и╜,95.98,2.41,15050.23,17.99,10.57,7.42,70.22,"103Y12M"
64000,░к╢пел,64000120,╗ёдs░╧,64000120-072,дGе╥и╜,99.86,2.88,15211.11,32.17,21.31,10.86,50.95,"103Y12M"
64000,░к╢пел,64000120,╗ёдs░╧,64000120-073,└sжии╜,101.2,2.57,26923.54,26.71,13.51,13.2,97.75,"103Y12M"
64000,░к╢пел,64000120,╗ёдs░╧,64000120-074,┤I║aи╜,102.21,2.76,33919.08,28.07,17.72,10.34,58.37,"103Y12M"
64000,░к╢пел,64000120,╗ёдs░╧,64000120-075,╡╜м№и╜,99.36,2.54,32423.47,23.62,13.03,10.59,81.25,"103Y12M"
64000,░к╢пел,64000120,╗ёдs░╧,64000120-076,лnйMи╜,96.36,2.77,27755.99,37.24,20.6,16.64,80.77,"103Y12M"
64000,░к╢пел,64000120,╗ёдs░╧,64000120-077,║╓▓╗и╜,98.89,2.78,21450.4,37.42,22.75,14.67,64.49,"103Y12M"
64000,░к╢пел,64000120,╗ёдs░╧,64000120-078,лOжwи╜,95.6,2.88,7917.97,43.41,37.16,6.25,16.82,"103Y12M"
64000,░к╢пел,64000130,кL╢щ░╧,64000130-001,кFкLи╜,97.86,2.84,7486.22,39.97,24.08,15.88,65.95,"103Y12M"
64000,░к╢пел,64000130,кL╢щ░╧,64000130-002,кL╢щи╜,94.8,2.83,5036.02,35.87,20.73,15.14,73.04,"103Y12M"
64000,░к╢пел,64000130,кL╢щ░╧,64000130-003,╖╦ж{и╜,107.18,3.18,907.04,33.18,20.3,12.87,63.4,"103Y12M"
64000,░к╢пел,64000130,кL╢щ░╧,64000130-004,╝ц└Yи╜,107.41,3.13,842.16,29.41,14.87,14.54,97.84,"103Y12M"
64000,░к╢пел,64000130,кL╢щ░╧,64000130-005,дднэи╜,109.65,3.06,3271.19,36.49,20.22,16.28,80.51,"103Y12M"
64000,░к╢пел,64000130,кL╢щ░╧,64000130-006,ддк∙и╜,104.18,2.68,1781.06,30.63,14.85,15.77,106.21,"103Y12M"
64000,░к╢пел,64000130,кL╢щ░╧,64000130-007,│╗нэи╜,105.17,2.64,6155.16,28.32,17.06,11.26,65.99,"103Y12M"
64000,░к╢пел,64000130,кL╢щ░╧,64000130-008,┤фоHи╜,104.45,2.74,4147.22,30.37,13.8,16.57,120.09,"103Y12M"
64000,░к╢пел,64000130,кL╢щ░╧,64000130-009,жш╖╦и╜,104.2,2.88,3251.67,28.04,15.,13.04,86.94,"103Y12M"
64000,░к╢пел,64000130,кL╢щ░╧,64000130-010,┤ф╝Lи╜,98.36,2.9,3935.02,29.58,15.43,14.15,91.74,"103Y12M"
64000,░к╢пел,64000130,кL╢щ░╧,64000130-011,е_ж┬и╜,102.16,2.14,949.37,31.64,13.53,18.11,133.85,"103Y12M"
64000,░к╢пел,64000130,кL╢щ░╧,64000130-012,кLд║и╜,104.38,2.84,1651.51,39.47,22.19,17.28,77.9,"103Y12M"
64000,░к╢пел,64000130,кL╢щ░╧,64000130-013,д¤д╜и╜,101.2,3.09,6047.28,30.56,20.79,9.77,47.,"103Y12M"
64000,░к╢пел,64000130,кL╢щ░╧,64000130-014,кLоaи╜,115.96,2.67,924.01,29.39,12.37,17.02,137.59,"103Y12M"
64000,░к╢пел,64000130,кL╢щ░╧,64000130-015,┼╟нэи╜,103.34,2.77,1959.81,32.28,16.2,16.08,99.23,"103Y12M"
64000,░к╢пел,64000130,кL╢щ░╧,64000130-016,╗ёкхи╜,101.1,2.77,14891.37,32.45,16.41,16.04,97.79,"103Y12M"
64000,░к╢пел,64000130,кL╢щ░╧,64000130-017,ддкхи╜,108.86,2.83,5061.53,35.45,17.54,17.91,102.09,"103Y12M"
64000,░к╢пел,64000130,кL╢щ░╧,64000130-018,кFж┬и╜,112.15,2.2,14201.5,28.59,10.18,18.4,180.72,"103Y12M"
64000,░к╢пел,64000130,кL╢щ░╧,64000130-019,жшж┬и╜,112.17,2.09,3313.91,30.93,14.14,16.79,118.75,"103Y12M"
64000,░к╢пел,64000130,кL╢щ░╧,64000130-020,дп╖Rи╜,100.44,2.99,17974.57,35.28,21.78,13.5,61.96,"103Y12M"
64000,░к╢пел,64000130,кL╢щ░╧,64000130-021,дх╜хи╜,96.48,2.74,6024.63,30.01,15.61,14.4,92.24,"103Y12M"
64000,░к╢пел,64000130,кL╢щ░╧,64000130-022,╝s└│и╜,101.66,3.07,1850.3,32.12,21.01,11.11,52.89,"103Y12M"
64000,░к╢пел,64000130,кL╢щ░╧,64000130-023,дн║╓и╜,107.68,2.43,848.68,27.94,18.44,9.51,51.56,"103Y12M"
64000,░к╢пел,64000130,кL╢щ░╧,64000130-024,ддж┬и╜,104.37,2.09,3639.82,28.26,13.28,14.98,112.81,"103Y12M"
64000,░к╢пел,64000140,дj╝d░╧,64000140-001,л■╝ци╜,109.82,2.66,564.6,28.24,11.12,17.12,153.96,"103Y12M"
64000,░к╢пел,64000140,дj╝d░╧,64000140-002,д║з|и╜,108.85,2.5,1123.83,27.12,16.73,10.39,62.09,"103Y12M"
64000,░к╢пел,64000140,дj╝d░╧,64000140-003,дj╝dи╜,105.85,2.82,3390.4,28.57,16.55,12.01,72.58,"103Y12M"
64000,░к╢пел,64000140,дj╝d░╧,64000140-004,дW╝dи╜,112.26,2.87,747.13,28.56,15.22,13.33,87.58,"103Y12M"
64000,░к╢пел,64000140,дj╝d░╧,64000140-005,дT╢йи╜,108.35,2.79,1592.74,28.23,13.04,15.19,116.54,"103Y12M"
64000,░к╢пел,64000140,дj╝d░╧,64000140-006,п[▓yи╜,107.38,3.,1308.66,26.58,14.68,11.9,81.03,"103Y12M"
64000,░к╢пел,64000140,дj╝d░╧,64000140-007,п╬╢щи╜,109.09,3.02,4152.79,27.06,15.93,11.13,69.89,"103Y12M"
64000,░к╢пел,64000140,дj╝d░╧,64000140-008,лe╔▄и╜,106.34,2.9,1524.89,26.23,11.58,14.65,126.45,"103Y12M"
64000,░к╢пел,64000140,дj╝d░╧,64000140-009,дд╔▄и╜,103.25,2.83,5189.65,27.38,15.84,11.54,72.83,"103Y12M"
64000,░к╢пел,64000140,дj╝d░╧,64000140-010,лс╔▄и╜,98.,2.73,4370.66,28.47,16.41,12.07,73.56,"103Y12M"
64000,░к╢пел,64000140,дj╝d░╧,64000140-011,╕qдпи╜,121.28,2.4,1104.96,30.13,10.88,19.25,176.88,"103Y12M"
64000,░к╢пел,64000140,дj╝d░╧,64000140-012,╖sнэи╜,114.75,2.64,285.16,30.39,13.33,17.07,128.04,"103Y12M"
64000,░к╢пел,64000140,дj╝d░╧,64000140-013,╣L╖╦и╜,109.86,2.66,516.01,25.66,14.03,11.64,82.97,"103Y12M"
64000,░к╢пел,64000140,дj╝d░╧,64000140-014,╝щ╝dи╜,109.82,3.06,682.96,30.07,13.85,16.22,117.16,"103Y12M"
64000,░к╢пел,64000140,дj╝d░╧,64000140-015,╖|╡▓и╜,114.86,2.64,312.2,28.49,13.61,14.88,109.33,"103Y12M"
64000,░к╢пел,64000140,дj╝d░╧,64000140-016,╖|к└и╜,109.01,2.46,6795.05,28.69,14.8,13.89,93.91,"103Y12M"
64000,░к╢пел,64000140,дj╝d░╧,64000140-017,дs│╗и╜,102.6,2.74,7028.56,28.25,14.85,13.4,90.22,"103Y12M"
64000,░к╢пел,64000140,дj╝d░╧,64000140-018,й╛╕qи╜,103.48,2.09,2316.27,33.4,8.51,24.9,292.68,"103Y12M"
64000,░к╢пел,64000140,дj╝d░╧,64000140-019,е├к┌и╜,101.24,2.79,4546.58,28.36,15.43,12.93,83.8,"103Y12M"
64000,░к╢пел,64000140,дj╝d░╧,64000140-020,╕qйMи╜,113.71,2.62,820.03,33.04,12.02,21.02,174.88,"103Y12M"
64000,░к╢пел,64000140,дj╝d░╧,64000140-021,╖╦╝dи╜,115.45,3.12,435.99,28.99,13.69,15.29,111.7,"103Y12M"
64000,░к╢пел,64000140,дj╝d░╧,64000140-022,ж┐дsи╜,103.24,2.86,1170.47,26.33,13.7,12.63,92.21,"103Y12M"
64000,░к╢пел,64000140,дj╝d░╧,64000140-023,мLй·и╜,114.36,2.5,2584.32,26.92,11.41,15.51,135.85,"103Y12M"
64000,░к╢пел,64000140,дj╝d░╧,64000140-024,е·кZи╜,113.73,1.93,237.39,44.37,11.26,33.11,294.12,"103Y12M"
64000,░к╢пел,64000140,дj╝d░╧,64000140-025,дд┐│и╜,99.46,2.5,8653.48,27.24,8.7,18.54,213.21,"103Y12M"
64000,░к╢пел,64000150,дj╛Ё░╧,64000150-001,ж╦╝dи╜,109.86,3.09,830.32,26.9,13.7,13.2,96.37,"103Y12M"
64000,░к╢пел,64000150,дj╛Ё░╧,64000150-002,дEж▒и╜,100.56,2.88,2050.52,31.35,17.78,13.57,76.29,"103Y12M"
64000,░к╢пел,64000150,дj╛Ё░╧,64000150-003,д[░єи╜,100.25,2.97,2624.23,36.98,15.88,21.09,132.79,"103Y12M"
64000,░к╢пел,64000150,дj╛Ё░╧,64000150-004,дЇжwи╜,108.81,3.28,1546.21,32.59,14.42,18.18,126.09,"103Y12M"
64000,░к╢пел,64000150,дj╛Ё░╧,64000150-005,дЇ╝dи╜,109.51,3.45,2822.83,37.58,16.61,20.98,126.3,"103Y12M"
64000,░к╢пел,64000150,дj╛Ё░╧,64000150-006,эB╕}и╜,104.46,3.13,1115.15,35.37,16.21,19.16,118.2,"103Y12M"
64000,░к╢пел,64000150,дj╛Ё░╧,64000150-007,┐│дsи╜,114.83,3.64,808.99,38.3,18.79,19.51,103.83,"103Y12M"
64000,░к╢пел,64000150,дj╛Ё░╧,64000150-008,йMдsи╜,114.31,3.72,242.46,35.97,12.92,23.05,178.38,"103Y12M"
64000,░к╢пел,64000150,дj╛Ё░╧,64000150-009,йhдsи╜,112.93,3.42,429.29,44.86,17.47,27.39,156.74,"103Y12M"
64000,░к╢пел,64000150,дj╛Ё░╧,64000150-010,дjз|и╜,114.37,3.34,602.5,35.37,15.96,19.41,121.57,"103Y12M"
64000,░к╢пел,64000150,дj╛Ё░╧,64000150-011,дл╕}и╜,116.1,3.55,1042.14,38.92,16.18,22.74,140.54,"103Y12M"
64000,░к╢пел,64000150,дj╛Ё░╧,64000150-012,дpйWи╜,112.92,3.2,597.42,33.65,14.47,19.18,132.53,"103Y12M"
64000,░к╢пел,64000150,дj╛Ё░╧,64000150-013,└sе╪и╜,115.83,3.86,717.14,36.16,15.29,20.87,136.49,"103Y12M"
64000,░к╢пел,64000150,дj╛Ё░╧,64000150-014,дj╛Ёи╜,113.49,3.29,897.39,37.25,18.65,18.6,99.75,"103Y12M"
64000,░к╢пел,64000150,дj╛Ё░╧,64000150-015,дTйMи╜,105.66,2.92,133.35,39.83,14.52,25.31,174.36,"103Y12M"
64000,░к╢пел,64000150,дj╛Ё░╧,64000150-016,╖╦оHи╜,117.22,3.16,735.28,37.64,16.11,21.53,133.63,"103Y12M"
64000,░к╢пел,64000150,дj╛Ё░╧,64000150-017,┐│е╨и╜,72.01,4.36,200.77,28.67,12.6,16.07,127.56,"103Y12M"
64000,░к╢пел,64000150,дj╛Ё░╧,64000150-018,▓╬└ни╜,95.13,3.3,107.25,31.91,10.03,21.88,218.03,"103Y12M"
64000,░к╢пел,64000160,дjк└░╧,64000160-001,╣┼╕█и╜,109.42,2.62,118.35,35.2,12.51,22.69,181.31,"103Y12M"
64000,░к╢пел,64000160,дjк└░╧,64000160-002,лOк└и╜,106.85,2.52,827.,25.05,13.16,11.89,90.38,"103Y12M"
64000,░к╢пел,64000160,дjк└░╧,64000160-003,дjк└и╜,104.75,2.61,3118.8,27.34,13.87,13.47,97.1,"103Y12M"
64000,░к╢пел,64000160,дjк└░╧,64000160-004,╗Aл╠и╜,102.13,2.78,2231.58,31.47,15.8,15.67,99.17,"103Y12M"
64000,░к╢пел,64000160,дjк└░╧,64000160-005,дTеди╜,105.37,2.67,2115.7,31.82,13.99,17.82,127.36,"103Y12M"
64000,░к╢пел,64000160,дjк└░╧,64000160-006,╞[н╡и╜,103.44,2.84,7785.91,27.99,15.87,12.12,76.42,"103Y12M"
64000,░к╢пел,64000160,дjк└░╧,64000160-007,пл╣Aи╜,100.04,2.73,2920.26,25.78,13.91,11.87,85.31,"103Y12M"
64000,░к╢пел,64000160,дjк└░╧,64000160-008,дди╜и╜,106.49,2.87,1503.28,32.13,17.03,15.1,88.71,"103Y12M"
64000,░к╢пел,64000160,дjк└░╧,64000160-009,лOжwи╜,103.05,2.79,1757.64,27.99,14.95,13.03,87.15,"103Y12M"
64000,░к╢пел,64000170,дпкZ░╧,64000170-001,дj╞Wи╜,106.11,2.38,5114.61,23.12,14.62,8.5,58.15,"103Y12M"
64000,░к╢пел,64000170,дпкZ░╧,64000170-002,╞Wд║и╜,101.06,2.65,5206.77,26.71,19.24,7.48,38.88,"103Y12M"
64000,░к╢пел,64000170,дпкZ░╧,64000170-003,ж╥╝ци╜,109.62,2.64,1135.78,28.51,11.24,17.26,153.56,"103Y12M"
64000,░к╢пел,64000170,дпкZ░╧,64000170-004,пQкLи╜,101.83,3.45,758.25,31.39,17.25,14.14,81.99,"103Y12M"
64000,░к╢пел,64000170,дпкZ░╧,64000170-005,дп║╓и╜,110.84,2.84,88.88,30.81,12.18,18.63,152.87,"103Y12M"
64000,░к╢пел,64000170,дпкZ░╧,64000170-006,дпкZи╜,106.84,2.69,3872.43,31.01,17.51,13.5,77.06,"103Y12M"
64000,░к╢пел,64000170,дпкZ░╧,64000170-007,дхкZи╜,101.99,2.86,3383.,31.87,21.56,10.32,47.85,"103Y12M"
64000,░к╢пел,64000170,дпкZ░╧,64000170-008,ж╦лси╜,107.34,2.49,1323.29,28.84,12.27,16.57,135.12,"103Y12M"
64000,░к╢пел,64000170,дпкZ░╧,64000170-009,дKиЎи╜,103.17,2.51,6915.37,25.86,17.54,8.32,47.43,"103Y12M"
64000,░к╢пел,64000170,дпкZ░╧,64000170-010,░к╖ги╜,110.94,2.47,951.4,31.89,11.17,20.73,185.63,"103Y12M"
64000,░к╢пел,64000170,дпкZ░╧,64000170-011,лсжwи╜,106.59,2.72,2124.92,31.38,16.98,14.4,84.83,"103Y12M"
64000,░к╢пел,64000170,дпкZ░╧,64000170-012,дд╡╪и╜,112.07,2.28,4137.48,23.97,10.19,13.78,135.29,"103Y12M"
64000,░к╢пел,64000170,дпкZ░╧,64000170-013,днйMи╜,108.65,2.65,2926.68,26.72,17.66,9.06,51.29,"103Y12M"
64000,░к╢пел,64000170,дпкZ░╧,64000170-014,дпйMи╜,102.51,2.86,9838.05,29.45,20.55,8.89,43.27,"103Y12M"
64000,░к╢пел,64000170,дпкZ░╧,64000170-015,икдsи╜,104.65,2.75,5887.25,26.77,19.3,7.47,38.7,"103Y12M"
64000,░к╢пел,64000170,дпкZ░╧,64000170-016,дп╖Oи╜,101.69,2.6,5271.38,27.33,16.04,11.29,70.43,"103Y12M"
64000,░к╢пел,64000180,│╛кQ░╧,64000180-001,│╛кQи╜,101.12,2.24,1498.83,25.87,12.38,13.49,108.98,"103Y12M"
64000,░к╢пел,64000180,│╛кQ░╧,64000180-002,╣┌╕╠и╜,99.17,2.29,1174.59,25.38,11.64,13.74,118.09,"103Y12M"
64000,░к╢пел,64000180,│╛кQ░╧,64000180-003,дj╡╪и╜,99.17,2.52,4907.25,26.61,11.17,15.44,138.28,"103Y12M"
64000,░к╢пел,64000180,│╛кQ░╧,64000180-004,ПщоHи╜,113.3,2.81,1241.5,28.8,12.96,15.84,122.22,"103Y12M"
64000,░к╢пел,64000180,│╛кQ░╧,64000180-005,дпм№и╜,111.05,2.72,1788.34,30.55,14.01,16.55,118.14,"103Y12M"
64000,░к╢пел,64000180,│╛кQ░╧,64000180-006,дjж╦и╜,110.54,2.75,342.17,30.27,12.88,17.39,135.06,"103Y12M"
64000,░к╢пел,64000180,│╛кQ░╧,64000180-007,╡╪м№и╜,103.,2.88,3825.32,27.46,13.55,13.92,102.74,"103Y12M"
64000,░к╢пел,64000190,йгдs░╧,64000190-001,енжwи╜,95.14,2.71,12230.13,42.02,17.1,24.93,145.81,"103Y12M"
64000,░к╢пел,64000190,йгдs░╧,64000190-002,йгдsи╜,102.24,2.63,4809.27,33.55,18.44,15.11,81.95,"103Y12M"
64000,░к╢пел,64000190,йгдs░╧,64000190-003,╣╪д╤и╜,91.69,2.79,6442.86,44.22,26.54,17.68,66.62,"103Y12M"
64000,░к╢пел,64000190,йгдs░╧,64000190-004,║√дпи╜,99.69,2.72,10015.52,43.6,17.75,25.84,145.57,"103Y12M"
64000,░к╢пел,64000190,йгдs░╧,64000190-005,лсмїи╜,93.58,2.72,13294.93,29.43,18.65,10.78,57.8,"103Y12M"
64000,░к╢пел,64000190,йгдs░╧,64000190-006,дj┐ёи╜,109.3,3.07,755.17,33.9,14.7,19.2,130.64,"103Y12M"
64000,░к╢пел,64000190,йгдs░╧,64000190-007,й╛з╡и╜,93.96,2.43,17710.53,50.2,16.84,33.36,198.11,"103Y12M"
64000,░к╢пел,64000190,йгдs░╧,64000190-008,йMени╜,110.37,3.,1441.28,16.95,9.49,7.46,78.57,"103Y12M"
64000,░к╢пел,64000190,йгдs░╧,64000190-009,лeоpи╜,91.4,2.9,6281.16,39.41,20.38,19.03,93.35,"103Y12M"
64000,░к╢пел,64000190,йгдs░╧,64000190-010,╝Bнэи╜,108.82,2.78,1840.45,33.6,13.22,20.39,154.27,"103Y12M"
64000,░к╢пел,64000190,йгдs░╧,64000190-011,иєйMи╜,95.58,3.16,2168.8,29.28,16.58,12.7,76.62,"103Y12M"
64000,░к╢пел,64000190,йгдs░╧,64000190-012,лсиєи╜,97.01,2.81,4180.6,29.98,16.28,13.7,84.14,"103Y12M"
64000,░к╢пел,64000190,йгдs░╧,64000190-013,лH╕qи╜,98.98,2.64,2627.23,38.34,18.69,19.65,105.17,"103Y12M"
64000,░к╢пел,64000190,йгдs░╧,64000190-014,╝цй│и╜,119.46,2.62,514.17,33.04,13.86,19.17,138.3,"103Y12M"
64000,░к╢пел,64000190,йгдs░╧,64000190-015,дTйMи╜,103.55,2.85,224.86,35.97,15.81,20.16,127.5,"103Y12M"
64000,░к╢пел,64000190,йгдs░╧,64000190-016,дп╣╪и╜,97.21,2.74,11864.6,36.83,15.97,20.86,130.64,"103Y12M"
64000,░к╢пел,64000190,йгдs░╧,64000190-017,║╤мїи╜,101.87,2.81,6417.96,28.49,15.96,12.53,78.55,"103Y12M"
64000,░к╢пел,64000190,йгдs░╧,64000190-018,╡{н╗и╜,100.3,2.91,3227.38,27.02,16.87,10.15,60.16,"103Y12M"
64000,░к╢пел,64000190,йгдs░╧,64000190-019,ж╦│Єи╜,96.92,3.07,4434.95,33.48,26.29,7.19,27.37,"103Y12M"
64000,░к╢пел,64000190,йгдs░╧,64000190-020,еxдWи╜,93.92,3.09,6284.96,36.57,27.83,8.74,31.41,"103Y12M"
64000,░к╢пел,64000190,йгдs░╧,64000190-021,╞W╕╠и╜,101.2,3.22,1270.89,32.06,19.78,12.28,62.08,"103Y12M"
64000,░к╢пел,64000190,йгдs░╧,64000190-022,е╒ж╠и╜,104.71,2.78,919.39,29.47,19.02,10.45,54.95,"103Y12M"
64000,░к╢пел,64000190,йгдs░╧,64000190-023,е█╝ци╜,99.82,2.98,4308.68,32.82,18.86,13.96,73.98,"103Y12M"
64000,░к╢пел,64000190,йгдs░╧,64000190-024,║╓┐│и╜,109.25,2.9,2663.62,32.25,13.85,18.4,132.81,"103Y12M"
64000,░к╢пел,64000190,йгдs░╧,64000190-025,е╗мwи╜,105.59,2.72,443.87,36.49,20.55,15.94,77.57,"103Y12M"
64000,░к╢пел,64000190,йгдs░╧,64000190-026,╣┼┐│и╜,104.19,2.86,1034.96,33.59,15.72,17.87,113.69,"103Y12M"
64000,░к╢пел,64000190,йгдs░╧,64000190-027,╣┼оpи╜,109.63,3.06,1016.64,34.43,15.64,18.79,120.17,"103Y12M"
64000,░к╢пел,64000190,йгдs░╧,64000190-028,╡╪▒^и╜,110.3,2.83,620.81,31.76,15.59,16.17,103.72,"103Y12M"
64000,░к╢пел,64000190,йгдs░╧,64000190-029,дj▓°и╜,112.09,2.76,348.46,38.85,18.59,20.26,109.03,"103Y12M"
64000,░к╢пел,64000190,йгдs░╧,64000190-030,иє║aи╜,98.18,2.71,5579.98,32.57,14.04,18.54,132.08,"103Y12M"
64000,░к╢пел,64000190,йгдs░╧,64000190-031,м░└Hи╜,112.69,3.,548.77,39.15,22.2,16.95,76.34,"103Y12M"
64000,░к╢пел,64000190,йгдs░╧,64000190-032,╣╪оpи╜,93.43,2.96,8671.17,33.79,20.95,12.84,61.3,"103Y12M"
64000,░к╢пел,64000190,йгдs░╧,64000190-033,дп╕qи╜,97.59,2.31,14046.33,50.85,13.63,37.22,273.,"103Y12M"
64000,░к╢пел,64000200,╛Ї└Y░╧,64000200-001,╛Ї└Yи╜,98.07,2.61,3238.05,41.85,22.62,19.24,85.05,"103Y12M"
64000,░к╢пел,64000200,╛Ї└Y░╧,64000200-002,╛Їлnи╜,104.55,2.49,508.55,40.17,14.72,25.46,172.99,"103Y12M"
64000,░к╢пел,64000200,╛Ї└Y░╧,64000200-003,еK╢йи╜,104.09,2.82,8576.18,38.56,15.83,22.73,143.57,"103Y12M"
64000,░к╢пел,64000200,╛Ї└Y░╧,64000200-004,еK┬╫и╜,104.2,2.7,8341.81,30.45,14.06,16.4,116.67,"103Y12M"
64000,░к╢пел,64000200,╛Ї└Y░╧,64000200-005,иб╝dи╜,112.11,3.,731.61,32.74,14.03,18.71,133.33,"103Y12M"
64000,░к╢пел,64000200,╛Ї└Y░╧,64000200-006,кFкLи╜,97.66,3.12,2739.19,34.64,16.45,18.19,110.56,"103Y12M"
64000,░к╢пел,64000200,╛Ї└Y░╧,64000200-007,жшкLи╜,107.49,2.99,2198.76,39.67,14.55,25.12,172.63,"103Y12M"
64000,░к╢пел,64000200,╛Ї└Y░╧,64000200-008,е╒╛Ёи╜,99.35,2.75,5793.76,32.71,17.86,14.85,83.17,"103Y12M"
64000,░к╢пел,64000200,╛Ї└Y░╧,64000200-009,╡зиqи╜,112.68,3.07,708.51,32.75,15.09,17.66,116.99,"103Y12M"
64000,░к╢пел,64000200,╛Ї└Y░╧,64000200-010,╖s▓°и╜,99.91,2.62,573.64,31.53,16.06,15.47,96.38,"103Y12M"
64000,░к╢пел,64000200,╛Ї└Y░╧,64000200-011,е╥е_и╜,109.9,2.87,2633.52,28.87,12.44,16.43,132.13,"103Y12M"
64000,░к╢пел,64000200,╛Ї└Y░╧,64000200-012,е╥лnи╜,111.7,2.84,2596.42,29.76,13.09,16.67,127.4,"103Y12M"
64000,░к╢пел,64000200,╛Ї└Y░╧,64000200-013,│╗╞Qи╜,104.49,2.54,405.3,23.77,8.74,15.03,171.84,"103Y12M"
64000,░к╢пел,64000200,╛Ї└Y░╧,64000200-014,дд▒Tи╜,118.78,2.86,325.06,29.62,11.46,18.17,158.57,"103Y12M"
64000,░к╢пел,64000200,╛Ї└Y░╧,64000200-015,еKйMи╜,97.4,2.96,6854.1,28.98,15.06,13.92,92.49,"103Y12M"
64000,░к╢пел,64000200,╛Ї└Y░╧,64000200-016,╝wкQи╜,109.96,2.89,6847.83,35.13,20.,15.13,75.64,"103Y12M"
64000,░к╢пел,64000200,╛Ї└Y░╧,64000200-017,дT╝wи╜,103.55,2.93,1442.36,32.85,16.79,16.06,95.69,"103Y12M"
64000,░к╢пел,64000210,┐P▒_░╧,64000210-001,жyдsи╜,108.6,2.89,125.19,39.22,12.35,26.87,217.54,"103Y12M"
64000,░к╢пел,64000210,┐P▒_░╧,64000210-002,├гкLи╜,107.29,3.,493.45,30.8,15.67,15.13,96.59,"103Y12M"
64000,░к╢пел,64000210,┐P▒_░╧,64000210-003,жwй█и╜,134.46,3.3,1030.77,46.57,16.05,30.52,190.16,"103Y12M"
64000,░к╢пел,64000210,┐P▒_░╧,64000210-004,ид▒Jи╜,108.87,2.83,328.01,27.21,13.65,13.56,99.39,"103Y12M"
64000,░к╢пел,64000210,┐P▒_░╧,64000210-005,╗ё╢пи╜,114.32,2.84,616.24,31.79,11.99,19.8,165.08,"103Y12M"
64000,░к╢пел,64000210,┐P▒_░╧,64000210-006,кўдsи╜,129.83,2.78,113.62,38.48,14.43,24.05,166.67,"103Y12M"
64000,░к╢пел,64000210,┐P▒_░╧,64000210-007,кF┐Pи╜,105.26,3.36,638.2,37.74,18.96,18.77,98.98,"103Y12M"
64000,░к╢пел,64000210,┐P▒_░╧,64000210-008,лn┐Pи╜,107.01,2.77,2097.57,33.67,18.37,15.3,83.25,"103Y12M"
64000,░к╢пел,64000210,┐P▒_░╧,64000210-009,жш┐Pи╜,105.37,2.95,1159.82,33.34,16.05,17.3,107.81,"103Y12M"
64000,░к╢пел,64000210,┐P▒_░╧,64000210-010,╛юдsи╜,132.79,2.61,362.48,31.8,12.07,19.73,163.45,"103Y12M"
64000,░к╢пел,64000210,┐P▒_░╧,64000210-011,▓`дЇи╜,105.94,2.87,204.17,38.45,13.8,24.65,178.57,"103Y12M"
64000,░к╢пел,64000220,е╨╝d░╧,64000220-001,│└оHи╜,128.89,2.5,67.86,35.97,9.57,26.4,275.86,"103Y12M"
64000,░к╢пел,64000220,е╨╝d░╧,64000220-002,лnжwи╜,128.13,2.21,71.53,45.32,7.49,37.82,504.69,"103Y12M"
64000,░к╢пел,64000220,е╨╝d░╧,64000220-003,дjжPи╜,135.03,2.19,75.39,45.45,9.09,36.36,400.,"103Y12M"
64000,░к╢пел,64000220,е╨╝d░╧,64000220-004,е╨╝dи╜,114.81,2.07,33.3,48.72,6.96,41.76,600.,"103Y12M"
64000,░к╢пел,64000220,е╨╝d░╧,64000220-005,дCмPи╜,134.15,1.6,71.59,55.56,3.24,52.31,1614.29,"103Y12M"
64000,░к╢пел,64000220,е╨╝d░╧,64000220-006,▒R╝wи╜,117.23,2.74,349.34,42.84,11.72,31.12,265.56,"103Y12M"
64000,░к╢пел,64000220,е╨╝d░╧,64000220-007,жш╝wи╜,116.28,2.38,96.97,51.61,12.38,39.23,316.88,"103Y12M"
64000,░к╢пел,64000220,е╨╝d░╧,64000220-008,дTйMи╜,138.04,2.14,73.41,43.61,9.51,34.1,358.62,"103Y12M"
64000,░к╢пел,64000220,е╨╝d░╧,64000220-009,еjлFи╜,133.33,2.12,52.01,57.54,10.23,47.31,462.5,"103Y12M"
64000,░к╢пел,64000220,е╨╝d░╧,64000220-010,╖s┐│и╜,118.03,2.49,174.37,45.94,11.26,34.69,308.11,"103Y12M"
64000,░к╢пел,64000230,к№╜м░╧,64000230-001,е█жwи╜,104.22,2.97,648.73,37.6,16.,21.6,135.,"103Y12M"
64000,░к╢пел,64000230,к№╜м░╧,64000230-002,дд╕Їи╜,102.72,3.31,553.75,41.24,19.59,21.65,110.56,"103Y12M"
64000,░к╢пел,64000230,к№╜м░╧,64000230-003,Фвдsи╜,110.29,2.95,374.68,34.55,14.44,20.11,139.24,"103Y12M"
64000,░к╢пел,64000230,к№╜м░╧,64000230-004,┤флси╜,104.75,3.27,474.03,31.79,16.39,15.4,93.99,"103Y12M"
64000,░к╢пел,64000230,к№╜м░╧,64000230-005,▒^дsи╜,94.68,3.11,257.59,39.69,15.42,24.27,157.43,"103Y12M"
64000,░к╢пел,64000230,к№╜м░╧,64000230-006,к№╜ми╜,97.67,3.17,2820.48,31.15,17.76,13.39,75.37,"103Y12M"
64000,░к╢пел,64000230,к№╜м░╧,64000230-007,▓M╜ми╜,101.48,3.24,10291.98,34.15,17.85,16.3,91.28,"103Y12M"
64000,░к╢пел,64000230,к№╜м░╧,64000230-008,йM╜ми╜,103.01,3.26,3998.93,32.3,17.34,14.96,86.25,"103Y12M"
64000,░к╢пел,64000230,к№╜м░╧,64000230-009,лC║Xи╜,102.14,3.02,1008.92,35.62,17.06,18.57,108.85,"103Y12M"
64000,░к╢пел,64000230,к№╜м░╧,64000230-010,┤_жwи╜,97.5,3.23,400.62,33.99,15.4,18.59,120.7,"103Y12M"
64000,░к╢пел,64000230,к№╜м░╧,64000230-011,е╔оwи╜,119.72,2.82,294.35,34.77,15.55,19.22,123.61,"103Y12M"
64000,░к╢пел,64000230,к№╜м░╧,64000230-012,лn╜ми╜,100.17,3.09,2244.62,33.22,16.91,16.31,96.47,"103Y12M"
64000,░к╢пел,64000240,╕Їж╦░╧,64000240-001,ж╦║ни╜,102.68,3.26,1345.07,36.94,21.35,15.6,73.04,"103Y12M"
64000,░к╢пел,64000240,╕Їж╦░╧,64000240-002,│╗╝dи╜,108.58,3.14,688.33,43.22,21.32,21.91,102.76,"103Y12M"
64000,░к╢пел,64000240,╕Їж╦░╧,64000240-003,╖s╣Fи╜,111.03,3.11,752.23,40.15,17.51,22.65,129.35,"103Y12M"
64000,░к╢пел,64000240,╕Їж╦░╧,64000240-004,лс╢mи╜,103.34,3.48,404.19,41.35,23.52,17.83,75.78,"103Y12M"
64000,░к╢пел,64000240,╕Їж╦░╧,64000240-005,е_└ни╜,102.37,3.17,386.79,35.15,18.24,16.92,92.75,"103Y12M"
64000,░к╢пел,64000240,╕Їж╦░╧,64000240-006,к└жши╜,104.6,2.86,2693.93,34.72,15.28,19.44,127.18,"103Y12M"
64000,░к╢пел,64000240,╕Їж╦░╧,64000240-007,е╥е_и╜,106.,3.4,554.05,37.95,16.85,21.09,125.17,"103Y12M"
64000,░к╢пел,64000240,╕Їж╦░╧,64000240-008,е╥лnи╜,108.51,3.39,1352.13,35.08,16.01,19.07,119.08,"103Y12M"
64000,░к╢пел,64000240,╕Їж╦░╧,64000240-009,дUз|и╜,112.46,3.47,751.1,31.85,14.66,17.18,117.19,"103Y12M"
64000,░к╢пел,64000240,╕Їж╦░╧,64000240-010,ж╦╢щи╜,116.91,3.25,408.29,32.34,12.91,19.43,150.49,"103Y12M"
64000,░к╢пел,64000240,╕Їж╦░╧,64000240-011,ж╦кFи╜,100.78,3.13,10458.98,42.53,28.2,14.33,50.81,"103Y12M"
64000,░к╢пел,64000240,╕Їж╦░╧,64000240-012,ж╦жши╜,108.71,3.35,2363.92,41.61,23.93,17.68,73.87,"103Y12M"
64000,░к╢пел,64000240,╕Їж╦░╧,64000240-013,дхе_и╜,103.25,3.45,2776.96,42.04,27.2,14.84,54.57,"103Y12M"
64000,░к╢пел,64000240,╕Їж╦░╧,64000240-014,дхлnи╜,97.48,3.33,1287.88,45.69,26.8,18.9,70.52,"103Y12M"
64000,░к╢пел,64000240,╕Їж╦░╧,64000240-015,дT╖▌и╜,95.76,3.14,329.7,39.32,18.22,21.1,115.83,"103Y12M"
64000,░к╢пел,64000240,╕Їж╦░╧,64000240-016,└n╝dи╜,106.19,3.12,1047.02,37.9,23.27,14.64,62.91,"103Y12M"
64000,░к╢пел,64000240,╕Їж╦░╧,64000240-017,к└кFи╜,110.19,2.89,461.86,34.71,13.32,21.39,160.5,"103Y12M"
64000,░к╢пел,64000240,╕Їж╦░╧,64000240-018,к└дди╜,114.11,2.84,10018.93,37.78,13.08,24.7,188.78,"103Y12M"
64000,░к╢пел,64000240,╕Їж╦░╧,64000240-019,ж╦лnи╜,95.34,2.95,1528.89,46.89,26.84,20.05,74.69,"103Y12M"
64000,░к╢пел,64000240,╕Їж╦░╧,64000240-020,к└лnи╜,101.13,2.93,4295.92,24.21,13.21,11.01,83.33,"103Y12M"
64000,░к╢пел,64000250,┤Єд║░╧,64000250-001,о№дsи╜,109.12,2.96,413.42,42.84,13.88,28.96,208.66,"103Y12M"
64000,░к╢пел,64000250,┤Єд║░╧,64000250-002,╝Bоaи╜,113.39,2.89,896.01,36.57,13.14,23.43,178.26,"103Y12M"
64000,░к╢пел,64000250,┤Єд║░╧,64000250-003,д╙╖▌и╜,115.63,2.66,777.2,37.13,13.45,23.68,176.09,"103Y12M"
64000,░к╢пел,64000250,┤Єд║░╧,64000250-004,д╜БFи╜,105.89,2.91,3052.31,33.37,19.13,14.23,74.39,"103Y12M"
64000,░к╢пел,64000250,┤Єд║░╧,64000250-005,╕ннэи╜,104.73,2.98,8062.56,31.44,17.42,14.02,80.47,"103Y12M"
64000,░к╢пел,64000250,┤Єд║░╧,64000250-006,дj┤Єи╜,104.69,2.82,1517.48,30.33,15.75,14.58,92.54,"103Y12M"
64000,░к╢пел,64000250,┤Єд║░╧,64000250-007,е╨з└и╜,102.53,2.86,816.94,36.56,13.21,23.35,176.72,"103Y12M"
64000,░к╢пел,64000250,┤Єд║░╧,64000250-008,┤Єд║и╜,105.52,2.9,1554.48,28.12,16.85,11.27,66.85,"103Y12M"
64000,░к╢пел,64000250,┤Єд║░╧,64000250-009,о№оHи╜,103.14,3.17,1395.87,33.4,13.42,19.98,148.84,"103Y12M"
64000,░к╢пел,64000250,┤Єд║░╧,64000250-010,дх╜хи╜,101.34,2.99,2630.62,37.84,15.36,22.48,146.36,"103Y12M"
64000,░к╢пел,64000250,┤Єд║░╧,64000250-011,дд╜хи╜,102.92,2.79,1058.69,33.39,13.89,19.49,140.32,"103Y12M"
64000,░к╢пел,64000250,┤Єд║░╧,64000250-012,╢h╜хи╜,111.35,2.65,1116.83,33.54,14.56,18.99,130.43,"103Y12M"
64000,░к╢пел,64000250,┤Єд║░╧,64000250-013,й╛┐│и╜,114.77,2.79,626.27,39.09,14.26,24.83,174.12,"103Y12M"
64000,░к╢пел,64000250,┤Єд║░╧,64000250-014,┤ЄкFи╜,95.64,2.5,2632.93,25.43,13.34,12.09,90.65,"103Y12M"
64000,░к╢пел,64000260,нX█_░╧,64000260-001,║╓╝wи╜,102.48,3.04,3088.04,31.26,11.49,19.77,172.,"103Y12M"
64000,░к╢пел,64000260,нX█_░╧,64000260-002,╕U║╓и╜,109.73,2.79,2461.17,38.07,17.21,20.85,121.17,"103Y12M"
64000,░к╢пел,64000260,нX█_░╧,64000260-003,е╒╢│и╜,103.48,2.76,1847.58,33.92,14.6,19.31,132.26,"103Y12M"
64000,░к╢пел,64000260,нX█_░╧,64000260-004,╣┼╜чи╜,105.9,3.11,4534.69,30.08,17.33,12.76,73.61,"103Y12M"
64000,░к╢пел,64000260,нX█_░╧,64000260-005,╣┼жwи╜,103.98,3.16,9804.4,28.64,14.48,14.16,97.78,"103Y12M"
64000,░к╢пел,64000260,нX█_░╧,64000260-006,╣┼йwи╜,111.94,2.75,14779.22,43.12,14.48,28.65,197.86,"103Y12M"
64000,░к╢пел,64000260,нX█_░╧,64000260-007,лOйwи╜,106.63,3.04,4977.19,33.5,13.28,20.23,152.37,"103Y12M"
64000,░к╢пел,64000260,нX█_░╧,64000260-008,е·йwи╜,110.75,2.96,5881.38,36.9,13.27,23.63,178.07,"103Y12M"
64000,░к╢пел,64000260,нX█_░╧,64000260-009,дjйwи╜,118.2,2.95,1812.94,33.77,10.95,22.81,208.26,"103Y12M"
64000,░к╢пел,64000260,нX█_░╧,64000260-010,жNйwи╜,106.76,2.88,1758.56,37.84,15.72,22.12,140.76,"103Y12M"
64000,░к╢пел,64000260,нX█_░╧,64000260-011,╣┼╝╓и╜,101.48,3.41,11982.22,32.66,14.5,18.17,125.3,"103Y12M"
64000,░к╢пел,64000260,нX█_░╧,64000260-012,╣┼оїи╜,103.57,3.,18572.57,39.73,15.63,24.11,154.25,"103Y12M"
64000,░к╢пел,64000260,нX█_░╧,64000260-013,╣┼║╓и╜,115.54,2.82,19070.26,34.9,13.62,21.28,156.3,"103Y12M"
64000,░к╢пел,64000260,нX█_░╧,64000260-014,йMиєи╜,110.15,2.96,10943.5,44.09,18.67,25.42,136.16,"103Y12M"
64000,░к╢пел,64000260,нX█_░╧,64000260-015,▒T║|и╜,108.64,2.72,457.21,31.25,16.95,14.3,84.34,"103Y12M"
64000,░к╢пел,64000270,е├жw░╧,64000270-001,е├жwи╜,104.69,2.29,965.53,35.43,15.59,19.83,127.18,"103Y12M"
64000,░к╢пел,64000270,е├жw░╧,64000270-002,е├╡╪и╜,102.92,2.34,742.24,32.49,14.22,18.28,128.57,"103Y12M"
64000,░к╢пел,64000270,е├жw░╧,64000270-003,╖s┤фи╜,99.86,2.36,534.66,27.54,12.72,14.82,116.55,"103Y12M"
64000,░к╢пел,64000270,е├жw░╧,64000270-004,╞Qе╨и╜,112.08,2.09,79.36,37.19,14.69,22.5,153.19,"103Y12M"
64000,░к╢пел,64000270,е├жw░╧,64000270-005,лO╣чи╜,101.49,2.51,680.74,29.01,16.9,12.11,71.61,"103Y12M"
64000,░к╢пел,64000270,е├жw░╧,64000270-006,║√╖sи╜,97.48,2.62,609.6,30.47,18.71,11.76,62.83,"103Y12M"
64000,░к╢пел,64000280,└▒к√░╧,64000280-001,е·йMи╜,102.16,2.96,580.02,31.,17.43,13.57,77.89,"103Y12M"
64000,░к╢пел,64000280,└▒к√░╧,64000280-002,└▒╣tи╜,95.97,3.,3963.2,39.3,18.92,20.38,107.74,"103Y12M"
64000,░к╢пел,64000280,└▒к√░╧,64000280-003,└▒дпи╜,111.25,2.66,5541.39,45.69,17.03,28.66,168.35,"103Y12M"
64000,░к╢пел,64000280,└▒к√░╧,64000280-004,└▒╣╪и╜,103.27,3.09,11304.72,35.51,14.64,20.87,142.55,"103Y12M"
64000,░к╢пел,64000280,└▒к√░╧,64000280-005,└▒к√и╜,105.53,3.12,2209.7,40.01,20.04,19.97,99.66,"103Y12M"
64000,░к╢пел,64000280,└▒к√░╧,64000280-006,┬┬┤фи╜,118.14,2.71,813.66,32.04,16.05,15.98,99.57,"103Y12M"
64000,░к╢пел,64000280,└▒к√░╧,64000280-007,дхжwи╜,109.9,2.65,3226.86,35.38,16.86,18.52,109.85,"103Y12M"
64000,░к╢пел,64000280,└▒к√░╧,64000280-008,╞Q╤Lи╜,117.49,2.99,1955.72,34.1,16.99,17.1,100.64,"103Y12M"
64000,░к╢пел,64000280,└▒к√░╧,64000280-009,╣L┤фи╜,102.47,2.96,2797.97,36.83,17.28,19.55,113.1,"103Y12M"
64000,░к╢пел,64000280,└▒к√░╧,64000280-010,о№з└и╜,114.85,2.97,562.94,38.56,19.02,19.55,102.8,"103Y12M"
64000,░к╢пел,64000280,└▒к√░╧,64000280-011,║кй│и╜,104.7,3.12,875.64,35.58,17.29,18.29,105.81,"103Y12M"
64000,░к╢пел,64000280,└▒к√░╧,64000280-012,лn╝dи╜,103.55,3.28,1121.69,33.44,17.78,15.66,88.1,"103Y12M"
64000,░к╢пел,64000290,▒ъйx░╧,64000290-001,▒ълHи╜,103.98,2.91,1753.56,32.71,17.21,15.5,90.06,"103Y12M"
64000,░к╢пел,64000290,▒ъйx░╧,64000290-002,▒ъ╕qи╜,104.31,2.7,4120.69,32.77,15.83,16.93,106.94,"103Y12M"
64000,░к╢пел,64000290,▒ъйx░╧,64000290-003,▒ъйMи╜,98.94,3.09,5555.01,36.,19.41,16.59,85.5,"103Y12M"
64000,░к╢пел,64000290,▒ъйx░╧,64000290-004,▒ъени╜,101.62,3.19,1963.68,31.37,18.59,12.77,68.7,"103Y12M"
64000,░к╢пел,64000290,▒ъйx░╧,64000290-005,дд▒[и╜,106.62,2.86,1639.67,35.91,19.88,16.02,80.6,"103Y12M"
64000,░к╢пел,64000290,▒ъйx░╧,64000290-006,икоrи╜,113.42,2.94,1374.66,29.86,13.83,16.03,115.95,"103Y12M"
64000,░к╢пел,64000290,▒ъйx░╧,64000290-007,┬з│Hи╜,105.23,3.03,13156.28,29.88,12.55,17.33,138.08,"103Y12M"
64000,░к╢пел,64000290,▒ъйx░╧,64000290-008,┤╝│Hи╜,107.71,3.03,5535.67,25.8,12.98,12.83,98.82,"103Y12M"
64000,░к╢пел,64000290,▒ъйx░╧,64000290-009,лH│Hи╜,108.13,2.96,3437.73,24.52,14.03,10.5,74.83,"103Y12M"
64000,░к╢пел,64000290,▒ъйx░╧,64000290-010,жPжwи╜,108.82,2.92,1152.09,36.54,19.34,17.19,88.89,"103Y12M"
64000,░к╢пел,64000290,▒ъйx░╧,64000290-011,дjк┘и╜,110.08,3.01,4011.64,33.65,17.63,16.02,90.86,"103Y12M"
64000,░к╢пел,64000290,▒ъйx░╧,64000290-012,иккFи╜,105.61,2.96,5214.66,25.42,10.7,14.71,137.44,"103Y12M"
64000,░к╢пел,64000290,▒ъйx░╧,64000290-013,икжши╜,118.53,2.74,11123.74,26.55,13.2,13.34,101.04,"103Y12M"
64000,░к╢пел,64000290,▒ъйx░╧,64000290-014,нX╨ди╜,108.13,2.99,3903.,26.12,11.52,14.59,126.61,"103Y12M"
64000,░к╢пел,64000290,▒ъйx░╧,64000290-015,их─_и╜,106.4,2.6,2927.09,24.36,11.53,12.84,111.37,"103Y12M"
64000,░к╢пел,64000300,║Xдs░╧,64000300-001,д╙ени╜,100.22,2.8,4106.88,43.31,18.67,24.64,132.,"103Y12M"
64000,░к╢пел,64000300,║Xдs░╧,64000300-002,дj╝wи╜,96.18,2.74,3894.,39.58,17.69,21.89,123.72,"103Y12M"
64000,░к╢пел,64000300,║Xдs░╧,64000300-003,╡Dмwи╜,100.4,2.46,1931.31,46.03,16.31,29.73,182.3,"103Y12M"
64000,░к╢пел,64000300,║Xдs░╧,64000300-004,╢ъ┤Iи╜,105.08,2.95,412.15,33.46,12.53,20.93,167.01,"103Y12M"
64000,░к╢пел,64000300,║Xдs░╧,64000300-005,дде┐и╜,117.62,3.03,296.49,38.84,15.35,23.49,153.03,"103Y12M"
64000,░к╢пел,64000300,║Xдs░╧,64000300-006,дjкLи╜,121.1,2.91,253.32,42.42,13.07,29.35,224.5,"103Y12M"
64000,░к╢пел,64000300,║Xдs░╧,64000300-007,дWмwи╜,111.99,2.61,709.55,39.44,8.86,30.58,345.21,"103Y12M"
64000,░к╢пел,64000300,║Xдs░╧,64000300-008,╖sе·и╜,121.5,2.69,150.32,52.41,12.7,39.71,312.66,"103Y12M"
64000,░к╢пел,64000300,║Xдs░╧,64000300-009,лn│╙и╜,113.9,2.82,139.92,38.54,10.99,27.55,250.75,"103Y12M"
64000,░к╢пел,64000300,║Xдs░╧,64000300-010,дд╝dи╜,131.76,2.26,58.51,57.6,8.,49.6,620.,"103Y12M"
64000,░к╢пел,64000300,║Xдs░╧,64000300-011,кFени╜,111.41,2.65,290.83,40.42,14.12,26.3,186.27,"103Y12M"
64000,░к╢пел,64000300,║Xдs░╧,64000300-012,кFйўи╜,104.55,2.67,280.44,39.43,12.64,26.78,211.82,"103Y12M"
64000,░к╢пел,64000300,║Xдs░╧,64000300-013,ж╦оpи╜,105.63,2.52,1593.93,42.22,18.04,24.18,134.02,"103Y12M"
64000,░к╢пел,64000300,║Xдs░╧,64000300-014,╖чжNи╜,96.88,2.91,3889.02,38.97,18.21,20.76,113.98,"103Y12M"
64000,░к╢пел,64000300,║Xдs░╧,64000300-015,е├йMи╜,102.32,2.98,885.94,38.56,20.95,17.61,84.06,"103Y12M"
64000,░к╢пел,64000300,║Xдs░╧,64000300-016,дTиєи╜,111.09,2.73,222.7,38.91,16.52,22.39,135.55,"103Y12M"
64000,░к╢пел,64000300,║Xдs░╧,64000300-017,є╦мwи╜,126.43,2.66,1016.32,54.68,9.54,45.14,473.21,"103Y12M"
64000,░к╢пел,64000300,║Xдs░╧,64000300-018,дjдsи╜,114.84,2.7,416.83,47.3,12.,35.3,294.07,"103Y12M"
64000,░к╢пел,64000300,║Xдs░╧,64000300-019,ддмwи╜,116.96,2.53,724.41,49.24,10.61,38.64,364.29,"103Y12M"
64000,░к╢пел,64000300,║Xдs░╧,64000300-020,лnмwи╜,111.91,2.64,658.68,47.4,9.92,37.48,377.67,"103Y12M"
64000,░к╢пел,64000300,║Xдs░╧,64000300-021,╝s║╓и╜,122.94,2.56,76.5,46.09,18.24,27.86,152.75,"103Y12M"
64000,░к╢пел,64000310,м№┐@░╧,64000310-001,║╓жwи╜,110.47,2.81,348.12,43.46,10.95,32.51,296.92,"103Y12M"
64000,░к╢пел,64000310,м№┐@░╧,64000310-002,жXйMи╜,108.25,2.65,714.77,41.06,13.82,27.24,197.06,"103Y12M"
64000,░к╢пел,64000310,м№┐@░╧,64000310-003,╕S┐│и╜,107.2,2.92,707.82,45.17,15.68,29.5,188.13,"103Y12M"
64000,░к╢пел,64000310,м№┐@░╧,64000310-004,дд╛┬и╜,110.98,3.09,873.54,46.17,14.06,32.11,228.33,"103Y12M"
64000,░к╢пел,64000310,м№┐@░╧,64000310-005,╝w┐│и╜,106.37,3.15,854.69,46.41,16.71,29.7,177.78,"103Y12M"
64000,░к╢пел,64000310,м№┐@░╧,64000310-006,└sдsи╜,109.92,2.85,733.23,49.01,14.21,34.81,244.96,"103Y12M"
64000,░к╢пел,64000310,м№┐@░╧,64000310-007,╖рдsи╜,107.68,3.,244.7,46.88,15.59,31.29,200.65,"103Y12M"
64000,░к╢пел,64000310,м№┐@░╧,64000310-008,└sи{и╜,117.21,2.56,200.13,54.38,11.43,42.95,375.78,"103Y12M"
64000,░к╢пел,64000310,м№┐@░╧,64000310-009,╝s╝wи╜,114.4,2.91,591.49,55.26,15.69,39.57,252.17,"103Y12M"
64000,░к╢пел,64000310,м№┐@░╧,64000310-010,┐│╢йи╜,121.68,2.66,183.48,52.22,11.67,40.56,347.62,"103Y12M"
64000,░к╢пел,64000310,м№┐@░╧,64000310-011,ддж`и╜,100.25,2.78,357.36,41.47,13.98,27.49,196.67,"103Y12M"
64000,░к╢пел,64000310,м№┐@░╧,64000310-012,кFк∙и╜,110.38,2.62,1594.25,57.17,16.05,41.13,256.29,"103Y12M"
64000,░к╢пел,64000310,м№┐@░╧,64000310-013,оїжwи╜,109.71,2.67,4538.22,48.55,15.08,33.47,221.98,"103Y12M"
64000,░к╢пел,64000310,м№┐@░╧,64000310-014,─j┐@и╜,105.35,2.51,1031.17,53.59,15.19,38.4,252.71,"103Y12M"
64000,░к╢пел,64000310,м№┐@░╧,64000310-015,▓MдЇи╜,108.47,3.14,492.84,44.04,15.45,28.59,185.02,"103Y12M"
64000,░к╢пел,64000310,м№┐@░╧,64000310-016,жNмvи╜,115.99,3.05,274.95,43.44,12.41,31.03,250.,"103Y12M"
64000,░к╢пел,64000310,м№┐@░╧,64000310-017,жNйMи╜,116.67,3.06,689.32,43.19,14.66,28.53,194.67,"103Y12M"
64000,░к╢пел,64000310,м№┐@░╧,64000310-018,жNкFи╜,107.27,3.15,582.47,42.09,14.55,27.54,189.35,"103Y12M"
64000,░к╢пел,64000310,м№┐@░╧,64000310-019,╝sкLи╜,110.32,2.76,53.28,49.62,13.,36.62,281.82,"103Y12M"
64000,░к╢пел,64000320,д╗└t░╧,64000320-001,╖sл┬и╜,138.87,2.39,105.44,49.82,13.78,36.04,261.54,"103Y12M"
64000,░к╢пел,64000320,д╗└t░╧,64000320-002,╖s┐│и╜,116.67,2.56,62.17,45.25,13.78,31.47,228.38,"103Y12M"
64000,░к╢пел,64000320,д╗└t░╧,64000320-003,╖s╝dи╜,115.62,2.44,73.69,49.27,15.18,34.1,224.66,"103Y12M"
64000,░к╢пел,64000320,д╗└t░╧,64000320-004,╖s╡oи╜,119.12,2.25,29.88,42.24,14.44,27.8,192.56,"103Y12M"
64000,░к╢пел,64000320,д╗└t░╧,64000320-005,╙y┐@и╜,119.16,2.52,54.72,40.93,14.51,26.41,181.98,"103Y12M"
64000,░к╢пел,64000320,д╗└t░╧,64000320-006,д╗└tи╜,120.76,2.35,148.48,37.,13.,24.,184.55,"103Y12M"
64000,░к╢пел,64000320,д╗└t░╧,64000320-007,╕q─_и╜,110.58,2.47,1136.4,46.1,16.06,30.05,187.14,"103Y12M"
64000,░к╢пел,64000320,д╗└t░╧,64000320-008,┐│└sи╜,113.79,2.62,94.96,38.72,17.76,20.96,118.05,"103Y12M"
64000,░к╢пел,64000320,д╗└t░╧,64000320-009,дд┐│и╜,116.62,2.44,106.37,38.49,14.49,23.99,165.56,"103Y12M"
64000,░к╢пел,64000320,д╗└t░╧,64000320-010,─_и╙и╜,102.57,2.26,41.33,41.28,15.51,25.77,166.12,"103Y12M"
64000,░к╢пел,64000320,д╗└t░╧,64000320-011,дхкZи╜,121.74,2.46,142.57,39.38,15.91,23.47,147.57,"103Y12M"
64000,░к╢пел,64000320,д╗└t░╧,64000320-012,дjмzи╜,126.75,2.12,35.7,35.36,8.37,27.,322.73,"103Y12M"
64000,░к╢пел,64000330,е╥еP░╧,64000330-001,кFжwи╜,104.41,2.54,35.17,40.76,9.11,31.65,347.22,"103Y12M"
64000,░к╢пел,64000330,е╥еP░╧,64000330-002,жшжwи╜,98.52,2.67,78.71,45.6,15.83,29.77,188.03,"103Y12M"
64000,░к╢пел,64000330,е╥еP░╧,64000330-003,йMжwи╜,104.69,2.38,129.91,38.14,12.13,26.01,214.49,"103Y12M"
64000,░к╢пел,64000330,е╥еP░╧,64000330-004,дjе╨и╜,115.66,2.85,162.22,33.83,15.11,18.72,123.94,"103Y12M"
64000,░к╢пел,64000330,е╥еP░╧,64000330-005,─_╢йи╜,124.43,3.09,153.1,35.59,8.68,26.91,310.,"103Y12M"
64000,░к╢пел,64000330,е╥еP░╧,64000330-006,├Ўдsи╜,127.16,2.68,29.68,42.77,13.25,29.52,222.73,"103Y12M"
64000,░к╢пел,64000330,е╥еP░╧,64000330-007,дpкLи╜,118.6,2.6,12.71,31.16,14.95,16.21,108.45,"103Y12M"
64000,░к╢пел,64000340,з№кL░╧,64000340-001,з№кLи╜,126.71,2.46,56.92,40.96,10.89,30.07,276.27,"103Y12M"
64000,░к╢пел,64000340,з№кL░╧,64000340-002,дь▒ъи╜,128.2,2.45,54.9,38.94,10.27,28.67,279.31,"103Y12M"
64000,░к╢пел,64000340,з№кL░╧,64000340-003,╢░и╙и╜,131.79,2.46,41.49,37.43,10.71,26.73,249.59,"103Y12M"
64000,░к╢пел,64000340,з№кL░╧,64000340-004,╖s╔▄и╜,115.4,2.46,173.8,47.08,11.75,35.33,300.7,"103Y12M"
64000,░к╢пел,64000340,з№кL░╧,64000340-005,дWени╜,114.74,2.51,295.46,39.99,11.38,28.6,251.3,"103Y12M"
64000,░к╢пел,64000340,з№кL░╧,64000340-006,дым▄и╜,120.52,2.72,197.43,39.94,10.85,29.09,268.,"103Y12M"
64000,░к╢пел,64000340,з№кL░╧,64000340-007,дым№и╜,120.03,2.64,145.35,43.9,13.8,30.1,218.12,"103Y12M"
64000,░к╢пел,64000340,з№кL░╧,64000340-008,дj╖Rи╜,112.74,2.85,3885.63,38.23,19.76,18.47,93.51,"103Y12M"
64000,░к╢пел,64000350,д║к∙░╧,64000350-001,╖╛йWи╜,125.35,3.21,102.87,38.87,12.3,26.57,216.,"103Y12M"
64000,░к╢пел,64000350,д║к∙░╧,64000350-002,кўж╦и╜,127.47,2.79,91.44,38.27,11.26,27.02,240.,"103Y12M"
64000,░к╢пел,64000350,д║к∙░╧,64000350-003,е├┤Iи╜,115.66,3.11,131.29,33.37,12.95,20.42,157.66,"103Y12M"
64000,░к╢пел,64000350,д║к∙░╧,64000350-004,е├жNи╜,127.62,2.67,148.49,39.36,9.04,30.32,335.48,"103Y12M"
64000,░к╢пел,64000350,д║к∙░╧,64000350-005,е├┐│и╜,131.39,2.92,155.09,37.6,12.27,25.33,206.52,"103Y12M"
64000,░к╢пел,64000350,д║к∙░╧,64000350-006,е█з|и╜,107.42,3.09,123.69,36.19,12.99,23.2,178.57,"103Y12M"
64000,░к╢пел,64000350,д║к∙░╧,64000350-007,д║к∙и╜,107.45,3.2,919.41,42.45,14.11,28.34,200.88,"103Y12M"
64000,░к╢пел,64000350,д║к∙░╧,64000350-008,д║рTи╜,106.83,3.15,878.44,38.34,13.8,24.55,177.93,"103Y12M"
64000,░к╢пел,64000350,д║к∙░╧,64000350-009,╞[лFи╜,110.23,2.98,1153.82,43.65,14.19,29.46,207.54,"103Y12M"
64000,░к╢пел,64000350,д║к∙░╧,64000350-010,ддоHи╜,117.05,2.88,200.41,47.44,14.25,33.18,232.81,"103Y12M"
64000,░к╢пел,64000350,д║к∙░╧,64000350-011,д║кFи╜,127.82,2.86,157.67,45.26,13.61,31.65,232.58,"103Y12M"
64000,░к╢пел,64000350,д║к∙░╧,64000350-012,д║лnи╜,131.,3.02,77.1,39.16,11.75,27.41,233.33,"103Y12M"
64000,░к╢пел,64000350,д║к∙░╧,64000350-013,кFоHи╜,117.94,3.15,88.47,36.28,11.69,24.58,210.2,"103Y12M"
64000,░к╢пел,64000350,д║к∙░╧,64000350-014,дTени╜,120.28,2.97,115.67,37.67,13.54,24.13,178.21,"103Y12M"
64000,░к╢пел,64000350,д║к∙░╧,64000350-015,дьм]и╜,135.22,2.94,128.01,38.55,12.52,26.03,207.81,"103Y12M"
64000,░к╢пел,64000350,д║к∙░╧,64000350-016,д║┐│и╜,134.47,3.17,194.62,36.31,12.9,23.41,181.54,"103Y12M"
64000,░к╢пел,64000350,д║к∙░╧,64000350-017,╖чдsи╜,118.82,2.33,60.73,43.63,8.49,35.14,413.64,"103Y12M"
64000,░к╢пел,64000350,д║к∙░╧,64000350-018,е·┐│и╜,112.64,3.,130.13,48.56,15.36,33.21,216.25,"103Y12M"
64000,░к╢пел,64000360,нZкL░╧,64000360-001,нZкLи╜,98.43,3.34,49.56,33.08,23.76,9.32,39.24,"103Y12M"
64000,░к╢пел,64000360,нZкL░╧,64000360-002,╕Uдsи╜,106.31,3.17,35.99,33.65,17.61,16.04,91.07,"103Y12M"
64000,░к╢пел,64000360,нZкL░╧,64000360-003,жhп╟и╜,92.06,3.27,2.86,35.65,26.01,9.64,37.07,"103Y12M"
64000,░к╢пел,64000370,оч╖╜░╧,64000370-001,оч╖╜и╜,112.69,3.41,10.34,36.98,27.01,9.97,36.92,"103Y12M"
64000,░к╢пел,64000370,оч╖╜░╧,64000370-002,─_дsи╜,118.22,2.89,2.11,17.31,8.43,8.88,105.41,"103Y12M"
64000,░к╢пел,64000370,оч╖╜░╧,64000370-003,л╪дsи╜,100.52,3.65,162.45,30.52,22.43,8.09,36.09,"103Y12M"
64000,░к╢пел,64000370,оч╖╜░╧,64000370-004,░кдди╜,112.85,3.34,22.17,34.87,25.66,9.2,35.86,"103Y12M"
64000,░к╢пел,64000370,оч╖╜░╧,64000370-005,╢╘йMи╜,100.,3.04,11.62,26.55,23.89,2.65,11.11,"103Y12M"
64000,░к╢пел,64000370,оч╖╜░╧,64000370-006,┤_┐│и╜,113.69,3.23,6.07,32.47,23.99,8.49,35.38,"103Y12M"
64000,░к╢пел,64000370,оч╖╜░╧,64000370-007,й╘к▄─їи╜,118.12,2.98,5.39,28.63,23.5,5.13,21.82,"103Y12M"
64000,░к╢пел,64000370,оч╖╜░╧,64000370-008,▒Ўдsи╜,121.43,3.07,.69,22.53,15.42,7.11,46.15,"103Y12M"
64000,░к╢пел,64000380,и║║┐оL░╧,64000380-001,╣FеdзVе╦,110.8,4.,18.45,36.66,28.56,8.1,28.37,"103Y12M"
64000,░к╢пел,64000380,и║║┐оL░╧,64000380-002,║┐╢ои╜,99.,3.64,22.61,34.91,27.32,7.59,27.78,"103Y12M"
64000,░к╢пел,64000380,и║║┐оL░╧,64000380-003,лnиF╛|и╜,111.08,3.22,15.58,33.94,24.9,9.04,36.29,"103Y12M"
10002,йy─ї┐д,10002010,йy─їел,10002010-001,пл╣Aи╜,93.14,2.43,8812.33,37.48,16.39,21.09,128.73,"103Y12M"
10002,йy─ї┐д,10002010,йy─їел,10002010-002,е┴┼vи╜,106.66,2.12,10982.06,36.99,16.39,20.6,125.71,"103Y12M"
10002,йy─ї┐д,10002010,йy─їел,10002010-008,╢iдhи╜,96.17,2.55,1818.3,34.06,15.37,18.69,121.63,"103Y12M"
10002,йy─ї┐д,10002010,йy─їел,10002010-009,лn╛Їи╜,108.46,3.11,725.72,40.5,21.,19.5,92.86,"103Y12M"
10002,йy─ї┐д,10002010,йy─їел,10002010-010,л╪╖~и╜,105.74,2.9,944.33,40.48,23.73,16.75,70.57,"103Y12M"
10002,йy─ї┐д,10002010,йy─їел,10002010-011,лnмzи╜,94.4,2.4,1287.46,56.67,27.01,29.66,109.79,"103Y12M"
10002,йy─ї┐д,10002010,йy─їел,10002010-012,│═▒█и╜,107.26,3.16,731.78,36.02,19.71,16.32,82.79,"103Y12M"
10002,йy─ї┐д,10002010,йy─їел,10002010-013,╛дй·и╜,102.64,3.04,893.13,38.58,23.21,15.37,66.22,"103Y12M"
10002,йy─ї┐д,10002010,йy─їел,10002010-014,кFз°и╜,99.62,3.05,2958.92,33.73,22.62,11.11,49.09,"103Y12M"
10002,йy─ї┐д,10002010,йy─їел,10002010-015,й╡ени╜,91.31,2.94,2727.9,36.5,25.23,11.28,44.69,"103Y12M"
10002,йy─ї┐д,10002010,йy─їел,10002010-016,дC▒iи╜,111.89,3.34,1217.9,44.3,23.97,20.33,84.83,"103Y12M"
10002,йy─ї┐д,10002010,йy─їел,10002010-017,╖Oжwи╜,86.49,2.62,9681.09,28.65,14.74,13.91,94.37,"103Y12M"
10002,йy─ї┐д,10002010,йy─їел,10002010-018,╖sе┴и╜,106.57,2.28,16422.03,47.11,14.12,32.99,233.71,"103Y12M"
10002,йy─ї┐д,10002010,йy─їел,10002010-019,кFк∙и╜,107.93,2.3,12092.92,45.98,14.64,31.35,214.16,"103Y12M"
10002,йy─ї┐д,10002010,йy─їел,10002010-021,дpкFи╜,103.68,2.63,11792.83,37.91,12.93,24.98,193.17,"103Y12M"
10002,йy─ї┐д,10002010,йy─їел,10002010-022,╡ц╢щи╜,93.91,2.53,11393.38,34.74,13.67,21.08,154.19,"103Y12M"
10002,йy─ї┐д,10002010,йy─їел,10002010-023,з╡╖Gи╜,112.8,2.64,8186.,43.03,16.39,26.64,162.5,"103Y12M"
10002,йy─ї┐д,10002010,йy─їел,10002010-024,╖sе═и╜,103.53,2.95,1545.69,31.81,16.5,15.31,92.8,"103Y12M"
10002,йy─ї┐д,10002010,йy─їел,10002010-025,╙tе╒и╜,97.08,2.9,1768.79,29.58,17.89,11.69,65.34,"103Y12M"
10002,йy─ї┐д,10002010,йy─їел,10002010-026,е_мzи╜,96.5,2.82,3866.56,27.92,14.65,13.27,90.54,"103Y12M"
10002,йy─ї┐д,10002010,йy─їел,10002010-027,▒Ўмwи╜,106.14,3.04,1047.22,31.95,15.9,16.05,100.91,"103Y12M"
10002,йy─ї┐д,10002010,йy─їел,10002010-028,е_к∙и╜,106.6,2.76,6912.67,33.79,12.43,21.36,171.88,"103Y12M"
10002,йy─ї┐д,10002010,йy─їел,10002010-031,дддsи╜,105.49,2.26,13468.22,40.,10.58,29.42,278.05,"103Y12M"
10002,йy─ї┐д,10002010,йy─їел,10002010-032,жшк∙и╜,106.39,2.68,9287.1,41.22,15.93,25.29,158.8,"103Y12M"
10002,йy─ї┐д,10002010,йy─їел,10002010-034,лnк∙и╜,96.47,2.68,6988.44,44.58,22.8,21.78,95.52,"103Y12M"
10002,йy─ї┐д,10002010,йy─їел,10002010-035,нt│ви╜,87.99,2.76,14250.36,44.28,28.18,16.1,57.14,"103Y12M"
10002,йy─ї┐д,10002010,йy─їел,10002010-036,е┴▒┌и╜,95.97,2.7,18249.68,56.03,28.07,27.96,99.62,"103Y12M"
10002,йy─ї┐д,10002010,йy─їел,10002010-037,л╪нxи╜,86.71,2.81,10477.14,35.04,22.23,12.81,57.64,"103Y12M"
10002,йy─ї┐д,10002010,йy─їел,10002010-038,лф╖╜и╜,92.18,2.79,11625.87,31.81,23.37,8.44,36.13,"103Y12M"
10002,йy─ї┐д,10002010,йy─їел,10002010-039,дхд╞и╜,90.76,2.72,14288.61,43.35,25.04,18.31,73.15,"103Y12M"
10002,йy─ї┐д,10002010,йy─їел,10002010-040,┤_┐│и╜,90.51,2.41,16995.9,40.91,16.99,23.92,140.8,"103Y12M"
10002,йy─ї┐д,10002010,йy─їел,10002010-041,жие\и╜,92.74,2.91,5269.29,37.2,25.86,11.34,43.86,"103Y12M"
10002,йy─ї┐д,10002010,йy─їел,10002010-042,╖sкFи╜,87.19,2.8,7735.51,33.8,21.27,12.53,58.88,"103Y12M"
10002,йy─ї┐д,10002010,йy─їел,10002010-043,дC╡▓и╜,85.79,2.83,15193.27,39.14,27.41,11.73,42.79,"103Y12M"
10002,йy─ї┐д,10002010,йy─їел,10002010-044,оїдsи╜,88.16,2.78,1835.14,39.63,25.11,14.53,57.86,"103Y12M"
10002,йy─ї┐д,10002010,йy─їел,10002010-045,дj╖sи╜,94.48,2.46,5872.98,50.95,18.57,32.38,174.36,"103Y12M"
10002,йy─ї┐д,10002010,йy─їел,10002010-046,дд┐│и╜,92.68,2.82,19500.53,33.36,18.12,15.24,84.11,"103Y12M"
10002,йy─ї┐д,10002010,йy─їел,10002010-047,┬\═∙и╜,88.21,2.5,14612.35,30.91,17.18,13.73,79.95,"103Y12M"
10002,йy─ї┐д,10002020,├╣кF┬э,10002020-004,дj╖sи╜,96.6,2.46,13507.01,42.46,21.92,20.54,93.68,"103Y12M"
10002,йy─ї┐д,10002020,├╣кF┬э,10002020-005,кFжwи╜,87.53,2.81,4972.79,37.5,26.4,11.1,42.06,"103Y12M"
10002,йy─ї┐д,10002020,├╣кF┬э,10002020-006,╖s╕sи╜,99.87,2.95,1412.99,34.16,20.38,13.78,67.65,"103Y12M"
10002,йy─ї┐д,10002020,├╣кF┬э,10002020-007,├╣▓°и╜,85.59,2.6,5400.46,28.48,17.49,10.99,62.86,"103Y12M"
10002,йy─ї┐д,10002020,├╣кF┬э,10002020-008,лnйўи╜,93.12,2.58,12555.99,36.2,19.92,16.27,81.69,"103Y12M"
10002,йy─ї┐д,10002020,├╣кF┬э,10002020-009,лn╗ии╜,89.74,2.88,15748.66,46.54,21.75,24.79,113.98,"103Y12M"
10002,йy─ї┐д,10002020,├╣кF┬э,10002020-010,жие\и╜,90.55,2.89,8990.39,45.7,23.13,22.57,97.57,"103Y12M"
10002,йy─ї┐д,10002020,├╣кF┬э,10002020-011,дп╝wи╜,97.95,2.5,29655.55,42.2,18.94,23.26,122.8,"103Y12M"
10002,йy─ї┐д,10002020,├╣кF┬э,10002020-016,║~е┴и╜,91.25,2.79,18613.96,49.48,28.99,20.49,70.67,"103Y12M"
10002,йy─ї┐д,10002020,├╣кF┬э,10002020-017,жшжwи╜,93.02,2.9,6499.31,32.78,18.02,14.76,81.88,"103Y12M"
10002,йy─ї┐д,10002020,├╣кF┬э,10002020-018,е_жии╜,90.69,2.96,2766.06,40.17,25.82,14.35,55.59,"103Y12M"
10002,йy─ї┐д,10002020,├╣кF┬э,10002020-019,╜хдхи╜,88.32,2.76,17011.76,48.45,26.19,22.26,84.98,"103Y12M"
10002,йy─ї┐д,10002020,├╣кF┬э,10002020-020,д╜е┐и╜,95.46,2.85,31007.82,50.87,29.66,21.2,71.49,"103Y12M"
10002,йy─ї┐д,10002020,├╣кF┬э,10002020-021,╢░▓╗и╜,98.07,2.13,13287.32,44.61,23.67,20.95,88.51,"103Y12M"
10002,йy─ї┐д,10002020,├╣кF┬э,10002020-022,лH╕qи╜,87.85,2.79,6230.38,47.88,28.35,19.53,68.86,"103Y12M"
10002,йy─ї┐д,10002020,├╣кF┬э,10002020-023,ж╦кLи╜,93.08,3.13,4124.67,45.13,24.61,20.52,83.41,"103Y12M"
10002,йy─ї┐д,10002020,├╣кF┬э,10002020-024,дп╖Rи╜,93.08,3.21,2799.22,36.12,24.38,11.74,48.15,"103Y12M"
10002,йy─ї┐д,10002020,├╣кF┬э,10002020-025,╛ЁкLи╜,89.1,2.97,8999.2,42.09,26.02,16.08,61.8,"103Y12M"
10002,йy─ї┐д,10002020,├╣кF┬э,10002020-026,░ъ╡╪и╜,86.01,2.95,29086.94,40.82,27.8,13.02,46.85,"103Y12M"
10002,йy─ї┐д,10002020,├╣кF┬э,10002020-027,║√┤ни╜,89.79,2.94,15898.98,42.87,26.61,16.26,61.09,"103Y12M"
10002,йy─ї┐д,10002020,├╣кF┬э,10002020-028,╢}й·и╜,95.2,2.5,18568.45,44.14,15.86,28.27,178.19,"103Y12M"
10002,йy─ї┐д,10002020,├╣кF┬э,10002020-029,дддsи╜,93.41,2.5,26317.86,55.48,21.65,33.83,156.22,"103Y12M"
10002,йy─ї┐д,10002020,├╣кF┬э,10002020-030,дпйMи╜,93.7,2.47,19655.57,45.99,19.1,26.89,140.83,"103Y12M"
10002,йy─ї┐д,10002030,─м┐D┬э,10002030-001,└s╝wи╜,107.65,3.03,1266.36,32.67,14.87,17.8,119.68,"103Y12M"
10002,йy─ї┐д,10002030,─м┐D┬э,10002030-002,│╗╝dи╜,104.74,3.41,648.9,31.31,15.42,15.89,103.03,"103Y12M"
10002,йy─ї┐д,10002030,─м┐D┬э,10002030-003,е├║aи╜,103.9,3.16,4116.61,37.73,20.75,16.98,81.85,"103Y12M"
10002,йy─ї┐д,10002030,─м┐D┬э,10002030-004,жsдпи╜,111.21,3.07,479.49,44.32,16.99,27.33,160.9,"103Y12M"
10002,йy─ї┐д,10002030,─м┐D┬э,10002030-005,┤ф├фи╜,113.85,2.93,545.71,38.21,10.93,27.28,249.61,"103Y12M"
10002,йy─ї┐д,10002030,─м┐D┬э,10002030-007,╣iдBи╜,102.77,3.11,1683.29,36.42,19.87,16.55,83.3,"103Y12M"
10002,йy─ї┐д,10002030,─м┐D┬э,10002030-008,╖sл░и╜,99.35,2.96,202.61,37.48,17.08,20.39,119.37,"103Y12M"
10002,йy─ї┐д,10002030,─м┐D┬э,10002030-009,╕t┤Єи╜,103.58,3.17,8603.26,37.02,16.67,20.35,122.12,"103Y12M"
10002,йy─ї┐д,10002030,─м┐D┬э,10002030-010,─мжши╜,102.06,2.81,3379.19,34.99,14.78,20.2,136.65,"103Y12M"
10002,йy─ї┐д,10002030,─м┐D┬э,10002030-011,─ме_и╜,100.8,2.69,1344.55,41.61,15.42,26.19,169.85,"103Y12M"
10002,йy─ї┐д,10002030,─м┐D┬э,10002030-012,─млnи╜,94.08,2.62,8593.16,45.43,13.58,31.85,234.62,"103Y12M"
10002,йy─ї┐д,10002030,─м┐D┬э,10002030-013,─мкFи╜,100.91,2.62,314.75,29.24,11.89,17.35,145.9,"103Y12M"
10002,йy─ї┐д,10002030,─м┐D┬э,10002030-014,к°жwи╜,114.72,2.57,464.43,37.18,13.46,23.72,176.19,"103Y12M"
10002,йy─ї┐д,10002030,─м┐D┬э,10002030-015,е├е·и╜,97.4,2.47,4372.42,51.28,16.81,34.47,205.08,"103Y12M"
10002,йy─ї┐д,10002030,─м┐D┬э,10002030-016,е├мKи╜,109.46,2.34,75.87,40.04,14.37,25.67,178.67,"103Y12M"
10002,йy─ї┐д,10002030,─м┐D┬э,10002030-017,е├╝╓и╜,95.45,2.87,41.44,43.7,20.05,23.65,117.95,"103Y12M"
10002,йy─ї┐д,10002030,─м┐D┬э,10002030-018,лnжwи╜,109.85,2.83,3922.84,38.7,9.71,28.99,298.73,"103Y12M"
10002,йy─ї┐д,10002030,─м┐D┬э,10002030-019,лnе┐и╜,100.7,2.91,3194.17,40.1,13.33,26.77,200.92,"103Y12M"
10002,йy─ї┐д,10002030,─м┐D┬э,10002030-020,лnжии╜,104.91,3.06,6239.23,40.93,12.34,28.59,231.62,"103Y12M"
10002,йy─ї┐д,10002030,─м┐D┬э,10002030-021,лn┐│и╜,97.87,2.92,17058.,38.55,13.06,25.49,195.18,"103Y12M"
10002,йy─ї┐д,10002030,─м┐D┬э,10002030-022,лn╣чи╜,104.97,3.06,21072.23,39.17,10.55,28.62,271.13,"103Y12M"
10002,йy─ї┐д,10002030,─м┐D┬э,10002030-023,лnл╪и╜,104.31,3.24,1860.06,35.78,13.06,22.72,173.97,"103Y12M"
10002,йy─ї┐д,10002030,─м┐D┬э,10002030-024,кF┐Dи╜,110.47,2.93,31.97,35.81,10.47,25.34,241.94,"103Y12M"
10002,йy─ї┐д,10002030,─м┐D┬э,10002030-025,лn▒jи╜,116.79,2.33,330.46,45.64,13.5,32.14,237.97,"103Y12M"
10002,йy─ї┐д,10002030,─м┐D┬э,10002030-026,┤┬╢зи╜,121.77,2.3,54.02,53.49,8.95,44.54,497.56,"103Y12M"
10002,йy─ї┐д,10002030,─м┐D┬э,10002030-027,╕t╖Rи╜,99.22,2.9,475.43,33.32,15.57,17.75,113.99,"103Y12M"
10002,йy─ї┐д,10002040,└Yл░┬э,10002040-001,е█л░и╜,114.72,2.76,82.14,46.44,13.81,32.64,236.36,"103Y12M"
10002,йy─ї┐д,10002040,└Yл░┬э,10002040-002,дjи╜и╜,102.3,2.9,100.09,42.78,15.88,26.9,169.32,"103Y12M"
10002,йy─ї┐д,10002040,└Yл░┬э,10002040-003,дj╖╦и╜,111.35,2.92,101.16,38.33,15.12,23.21,153.45,"103Y12M"
10002,йy─ї┐д,10002040,└Yл░┬э,10002040-004,жX┐│и╜,116.32,2.58,49.37,42.21,14.19,28.03,197.56,"103Y12M"
10002,йy─ї┐д,10002040,└Yл░┬э,10002040-005,зє╖sи╜,103.53,2.97,205.13,37.73,13.82,23.91,173.08,"103Y12M"
10002,йy─ї┐д,10002040,└Yл░┬э,10002040-006,е~┐Dи╜,111.55,2.91,155.57,35.63,11.75,23.88,203.26,"103Y12M"
10002,йy─ї┐д,10002040,└Yл░┬э,10002040-007,┤фдfи╜,107.39,2.8,404.11,35.75,14.51,21.24,146.43,"103Y12M"
10002,йy─ї┐д,10002040,└Yл░┬э,10002040-008,кZ└чи╜,98.85,2.9,881.26,34.82,17.06,17.76,104.15,"103Y12M"
10002,йy─ї┐д,10002040,└Yл░┬э,10002040-009,дjз|и╜,103.07,3.27,1331.27,34.29,17.1,17.19,100.5,"103Y12M"
10002,йy─ї┐д,10002040,└Yл░┬э,10002040-010,л░кFи╜,100.67,2.74,12287.2,46.,15.5,30.51,196.84,"103Y12M"
10002,йy─ї┐д,10002040,└Yл░┬э,10002040-011,л░е_и╜,108.9,2.73,5641.63,44.94,18.02,26.91,149.32,"103Y12M"
10002,йy─ї┐д,10002040,└Yл░┬э,10002040-012,л░жши╜,106.93,3.07,8768.12,44.94,14.14,30.8,217.91,"103Y12M"
10002,йy─ї┐д,10002040,└Yл░┬э,10002040-013,л░лnи╜,106.08,2.78,16785.55,45.42,18.91,26.51,140.21,"103Y12M"
10002,йy─ї┐д,10002040,└Yл░┬э,10002040-014,ж╦жwи╜,104.07,3.11,1093.98,32.91,14.6,18.31,125.45,"103Y12M"
10002,йy─ї┐д,10002040,└Yл░┬э,10002040-015,╖sл╪и╜,102.97,2.95,1861.74,40.41,20.55,19.86,96.67,"103Y12M"
10002,йy─ї┐д,10002040,└Yл░┬э,10002040-016,й▐╢ои╜,100.09,2.87,219.85,38.12,22.,16.12,73.28,"103Y12M"
10002,йy─ї┐д,10002040,└Yл░┬э,10002040-017,║╓жии╜,123.66,3.19,143.43,43.28,18.7,24.57,131.37,"103Y12M"
10002,йy─ї┐д,10002040,└Yл░┬э,10002040-018,кўн▒и╜,117.08,2.94,928.57,35.51,15.26,20.25,132.75,"103Y12M"
10002,йy─ї┐д,10002040,└Yл░┬э,10002040-019,кўм╒и╜,121.41,3.15,1162.04,37.56,16.74,20.81,124.3,"103Y12M"
10002,йy─ї┐д,10002040,└Yл░┬э,10002040-020,│╗оHи╜,108.49,2.89,922.43,36.03,13.03,23.,176.47,"103Y12M"
10002,йy─ї┐д,10002040,└Yл░┬э,10002040-021,дUоHи╜,112.27,2.9,1260.22,40.81,16.28,24.54,150.76,"103Y12M"
10002,йy─ї┐д,10002040,└Yл░┬э,10002040-022,дд▒[и╜,109.05,3.23,658.45,36.23,15.33,20.9,136.36,"103Y12M"
10002,йy─ї┐д,10002040,└Yл░┬э,10002040-023,дGл░и╜,111.87,2.81,136.65,33.78,14.37,19.4,135.,"103Y12M"
10002,йy─ї┐д,10002040,└Yл░┬э,10002040-024,└tдsи╜,89.68,3.64,136.32,30.03,16.51,13.52,81.9,"103Y12M"
10002,йy─ї┐д,10002050,┴G╖╦╢m,10002050-001,е╒╢│з°,116.25,2.93,774.06,37.7,17.66,20.04,113.52,"103Y12M"
10002,йy─ї┐д,10002050,┴G╖╦╢m,10002050-002,е╔е█з°,112.55,2.49,568.2,35.59,15.02,20.57,136.89,"103Y12M"
10002,йy─ї┐д,10002050,┴G╖╦╢m,10002050-003,╝w╢зз°,96.88,2.36,1540.35,37.12,16.83,20.29,120.55,"103Y12M"
10002,йy─ї┐д,10002050,┴G╖╦╢m,10002050-004,дjй╛з°,96.45,2.27,191.78,32.54,16.47,16.06,97.53,"103Y12M"
10002,йy─ї┐д,10002050,┴G╖╦╢m,10002050-005,дj╕qз°,101.3,2.85,7035.78,43.15,16.3,26.85,164.77,"103Y12M"
10002,йy─ї┐д,10002050,┴G╖╦╢m,10002050-006,д╗╡▓з°,107.58,2.72,1752.75,44.76,16.54,28.22,170.62,"103Y12M"
10002,йy─ї┐д,10002050,┴G╖╦╢m,10002050-007,дG└sз°,111.88,2.77,767.64,36.45,14.64,21.81,149.03,"103Y12M"
10002,йy─ї┐д,10002050,┴G╖╦╢m,10002050-008,о╔╝щз°,118.51,2.73,288.13,37.99,15.34,22.65,147.62,"103Y12M"
10002,йy─ї┐д,10002050,┴G╖╦╢m,10002050-009,е╔е╨з°,113.99,2.6,565.51,36.23,15.01,21.22,141.39,"103Y12M"
10002,йy─ї┐д,10002050,┴G╖╦╢m,10002050-010,дTе┴з°,114.95,3.01,1103.18,37.84,16.37,21.47,131.14,"103Y12M"
10002,йy─ї┐д,10002050,┴G╖╦╢m,10002050-011,кLм№з°,110.94,2.94,155.78,37.02,16.78,20.24,120.59,"103Y12M"
10002,йy─ї┐д,10002050,┴G╖╦╢m,10002050-012,е╒├Zз°,122.5,2.78,447.44,34.11,14.66,19.45,132.71,"103Y12M"
10002,йy─ї┐д,10002050,┴G╖╦╢m,10002050-013,е╔е·з°,116.45,2.78,452.94,35.66,13.98,21.68,155.08,"103Y12M"
10002,йy─ї┐д,10002050,┴G╖╦╢m,10002050-014,е·кZз°,115.84,2.74,605.1,34.21,13.63,20.58,150.97,"103Y12M"
10002,йy─ї┐д,10002050,┴G╖╦╢m,10002050-015,зdиFз°,112.01,2.79,1402.31,34.92,15.19,19.73,129.88,"103Y12M"
10002,йy─ї┐д,10002050,┴G╖╦╢m,10002050-016,└s╝цз°,104.98,3.12,835.28,32.77,15.53,17.25,111.06,"103Y12M"
10002,йy─ї┐д,10002050,┴G╖╦╢m,10002050-017,░╠▒[з°,117.95,2.89,88.91,35.7,14.54,21.15,145.45,"103Y12M"
10002,йy─ї┐д,10002050,┴G╖╦╢m,10002050-018,дG╡▓з°,125.,2.59,20.82,42.9,15.88,27.02,170.18,"103Y12M"
10002,йy─ї┐д,10002060,зз│Є╢m,10002060-001,жN▓╗з°,102.1,2.84,2015.87,30.3,15.59,14.71,94.31,"103Y12M"
10002,йy─ї┐д,10002060,зз│Є╢m,10002060-002,м№║╓з°,115.45,2.89,439.88,33.68,13.53,20.16,149.03,"103Y12M"
10002,йy─ї┐д,10002060,зз│Є╢m,10002060-003,╖sлnз°,121.4,2.6,205.77,40.29,14.08,26.21,186.11,"103Y12M"
10002,йy─ї┐д,10002060,зз│Є╢m,10002060-004,кF┤фз°,115.38,3.05,547.43,33.8,13.87,19.93,143.7,"103Y12M"
10002,йy─ї┐д,10002060,зз│Є╢m,10002060-005,┤_┐│з°,109.73,2.98,547.75,33.43,14.79,18.64,126.05,"103Y12M"
10002,йy─ї┐д,10002060,зз│Є╢m,10002060-006,╣L└нз°,110.18,2.95,1297.78,34.2,12.85,21.36,166.28,"103Y12M"
10002,йy─ї┐д,10002060,зз│Є╢m,10002060-007,е├┬эз°,105.97,3.13,1099.35,37.11,12.81,24.3,189.66,"103Y12M"
10002,йy─ї┐д,10002060,зз│Є╢m,10002060-008,й╛з╡з°,111.55,2.95,532.36,33.02,14.83,18.19,122.64,"103Y12M"
10002,йy─ї┐д,10002060,зз│Є╢m,10002060-009,еjлFз°,114.79,2.89,552.97,32.9,13.84,19.06,137.7,"103Y12M"
10002,йy─ї┐д,10002060,зз│Є╢m,10002060-010,е\│╥з°,109.87,2.96,666.01,34.71,14.97,19.74,131.9,"103Y12M"
10002,йy─ї┐д,10002060,зз│Є╢m,10002060-011,м№л░з°,118.86,2.87,672.81,32.88,13.21,19.67,148.96,"103Y12M"
10002,йy─ї┐д,10002060,зз│Є╢m,10002060-012,╖sк└з°,119.38,2.75,459.68,38.4,11.2,27.2,242.86,"103Y12M"
10002,йy─ї┐д,10002060,зз│Є╢m,10002060-013,дj║╓з°,111.02,3.04,1043.26,33.14,14.17,18.97,133.94,"103Y12M"
10002,йy─ї┐д,10002060,зз│Є╢m,10002060-014,еj╡▓з°,109.53,2.73,545.03,29.86,12.24,17.62,143.86,"103Y12M"
10002,йy─ї┐д,10002070,н√дs╢m,10002070-001,н√дsз°,101.6,2.76,2504.05,28.18,13.99,14.19,101.42,"103Y12M"
10002,йy─ї┐д,10002070,н√дs╢m,10002070-002,й|╝wз°,115.43,2.78,638.71,31.51,11.02,20.49,185.99,"103Y12M"
10002,йy─ї┐д,10002070,н√дs╢m,10002070-003,┤fжnз°,109.29,2.97,729.81,36.91,18.08,18.83,104.15,"103Y12M"
10002,йy─ї┐д,10002070,н√дs╢m,10002070-004,дC╜хз°,117.2,3.09,509.7,36.26,19.31,16.95,87.77,"103Y12M"
10002,йy─ї┐д,10002070,н√дs╢m,10002070-005,▓`╖╛з°,114.43,2.6,377.79,34.54,15.33,19.21,125.32,"103Y12M"
10002,йy─ї┐д,10002070,н√дs╢m,10002070-006,у╕л╤з°,117.43,2.86,274.21,32.54,10.53,22.01,209.09,"103Y12M"
10002,йy─ї┐д,10002070,н√дs╢m,10002070-007,д║л░з°,106.28,2.69,403.38,37.19,14.38,22.81,158.66,"103Y12M"
10002,йy─ї┐д,10002070,н√дs╢m,10002070-008,дд╡╪з°,143.33,2.38,26.09,39.85,9.39,30.46,324.49,"103Y12M"
10002,йy─ї┐д,10002070,н√дs╢m,10002070-009,е├йMз°,108.13,3.02,697.85,32.15,14.57,17.58,120.68,"103Y12M"
10002,йy─ї┐д,10002070,н√дs╢m,10002070-010,└Yд└з°,113.31,3.06,1331.17,28.92,13.83,15.09,109.09,"103Y12M"
10002,йy─ї┐д,10002070,н√дs╢m,10002070-011,кEдsз°,117.53,2.95,131.36,37.86,14.97,22.89,152.92,"103Y12M"
10002,йy─ї┐д,10002070,н√дs╢m,10002070-012,жP╝╓з°,118.63,3.13,2090.33,32.6,14.65,17.95,122.54,"103Y12M"
10002,йy─ї┐д,10002070,н√дs╢m,10002070-013,┤ЄкFз°,111.29,2.83,245.62,36.11,15.74,20.37,129.41,"103Y12M"
10002,йy─ї┐д,10002070,н√дs╢m,10002070-014,╢hеPз°,135.91,2.68,253.49,42.19,16.85,25.34,150.41,"103Y12M"
10002,йy─ї┐д,10002070,н√дs╢m,10002070-015,┤Єе_з°,117.38,2.96,981.41,43.77,15.53,28.24,181.89,"103Y12M"
10002,йy─ї┐д,10002070,н√дs╢m,10002070-016,┤Єжшз°,130.52,2.76,32.57,44.63,15.16,29.46,194.29,"103Y12M"
10002,йy─ї┐д,10002080,еVдs╢m,10002080-001,кZ▓Wз°,116.01,2.54,375.99,31.8,8.97,22.83,254.44,"103Y12M"
10002,йy─ї┐д,10002080,еVдs╢m,10002080-002,м├п]з°,104.6,3.07,787.81,35.7,18.,17.71,98.39,"103Y12M"
10002,йy─ї┐д,10002080,еVдs╢m,10002080-003,╕╔л░з°,107.11,2.88,622.5,37.59,18.29,19.3,105.49,"103Y12M"
10002,йy─ї┐д,10002080,еVдs╢m,10002080-004,дTй_з°,111.09,3.2,429.14,35.63,17.32,18.3,105.67,"103Y12M"
10002,йy─ї┐д,10002080,еVдs╢m,10002080-005,дj┐│з°,119.19,3.03,542.42,35.96,13.53,22.43,165.74,"103Y12M"
10002,йy─ї┐д,10002080,еVдs╢m,10002080-006,кFл░з°,106.07,3.16,660.59,38.61,19.02,19.59,103.,"103Y12M"
10002,йy─ї┐д,10002080,еVдs╢m,10002080-007,н╗йMз°,100.37,3.36,3516.47,47.42,33.15,14.27,43.04,"103Y12M"
10002,йy─ї┐д,10002080,еVдs╢m,10002080-008,лn┐│з°,97.57,3.16,4405.91,46.36,32.62,13.74,42.14,"103Y12M"
10002,йy─ї┐д,10002080,еVдs╢m,10002080-009,еVдsз°,115.23,2.37,6249.88,48.9,17.77,31.13,175.22,"103Y12M"
10002,йy─ї┐д,10002080,еVдs╢m,10002080-010,жwенз°,105.8,3.25,124.99,46.13,23.56,22.57,95.8,"103Y12M"
10002,йy─ї┐д,10002080,еVдs╢m,10002080-011,д╙йMз°,110.39,3.,326.19,35.04,13.8,21.24,153.93,"103Y12M"
10002,йy─ї┐д,10002080,еVдs╢m,10002080-012,дK─_з°,115.4,3.,466.56,35.95,15.18,20.77,136.84,"103Y12M"
10002,йy─ї┐д,10002080,еVдs╢m,10002080-013,дYдsз°,108.3,2.99,858.02,33.47,12.68,20.79,163.87,"103Y12M"
10002,йy─ї┐д,10002080,еVдs╢m,10002080-014,дддsз°,113.18,2.7,87.42,30.64,10.93,19.71,180.43,"103Y12M"
10002,йy─ї┐д,10002080,еVдs╢m,10002080-015,╢╢жwз°,105.31,2.82,2836.,28.18,12.74,15.44,121.12,"103Y12M"
10002,йy─ї┐д,10002080,еVдs╢m,10002080-016,е├м№з°,104.58,2.63,1453.2,28.84,13.46,15.38,114.29,"103Y12M"
10002,йy─ї┐д,10002080,еVдs╢m,10002080-017,╕sн^з°,101.21,2.72,2890.97,38.13,15.66,22.46,143.39,"103Y12M"
10002,йy─ї┐д,10002080,еVдs╢m,10002080-018,▓M╖╛з°,97.74,2.88,4790.54,37.54,21.03,16.52,78.56,"103Y12M"
10002,йy─ї┐д,10002080,еVдs╢m,10002080-019,│└оHз°,123.13,2.87,998.72,28.57,11.55,17.02,147.3,"103Y12M"
10002,йy─ї┐д,10002080,еVдs╢m,10002080-020,▒oжwз°,114.76,2.73,307.61,39.1,16.65,22.45,134.84,"103Y12M"
10002,йy─ї┐д,10002080,еVдs╢m,10002080-021,╝s┐│з°,102.73,2.79,1228.52,28.93,11.66,17.27,148.09,"103Y12M"
10002,йy─ї┐д,10002080,еVдs╢m,10002080-022,╝sжwз°,102.38,2.77,1471.05,29.77,14.22,15.55,109.35,"103Y12M"
10002,йy─ї┐д,10002080,еVдs╢m,10002080-023,м_кLз°,108.74,2.75,407.57,28.83,14.38,14.45,100.46,"103Y12M"
10002,йy─ї┐д,10002080,еVдs╢m,10002080-024,дj╢iз°,129.23,2.77,74.58,43.79,15.61,28.18,180.58,"103Y12M"
10002,йy─ї┐д,10002090,дн╡▓╢m,10002090-001,дT┐│з°,114.52,2.77,829.62,33.74,12.79,20.94,163.68,"103Y12M"
10002,йy─ї┐д,10002090,дн╡▓╢m,10002090-002,дG╡▓з°,99.51,2.86,3793.02,31.51,12.84,18.68,145.5,"103Y12M"
10002,йy─ї┐д,10002090,дн╡▓╢m,10002090-003,┬эжwз°,111.2,2.86,1004.82,29.39,13.31,16.08,120.76,"103Y12M"
10002,йy─ї┐д,10002090,дн╡▓╢m,10002090-004,дWе|з°,105.13,2.43,2531.23,32.98,8.47,24.51,289.29,"103Y12M"
10002,йy─ї┐д,10002090,дн╡▓╢m,10002090-005,дд┐│з°,103.57,2.53,1051.53,28.6,10.23,18.37,179.66,"103Y12M"
10002,йy─ї┐д,10002090,дн╡▓╢m,10002090-006,е|╡▓з°,102.22,2.43,4278.91,32.04,11.71,20.33,173.55,"103Y12M"
10002,йy─ї┐д,10002090,дн╡▓╢m,10002090-007,║╓┐│з°,109.98,2.81,1074.02,31.,11.54,19.46,168.54,"103Y12M"
10002,йy─ї┐д,10002090,дн╡▓╢m,10002090-008,дн╡▓з°,109.27,2.78,2482.53,31.61,14.16,17.45,123.22,"103Y12M"
10002,йy─ї┐д,10002090,дн╡▓╢m,10002090-009,дjжNз°,106.56,2.93,988.46,31.89,16.49,15.4,93.4,"103Y12M"
10002,йy─ї┐д,10002090,дн╡▓╢m,10002090-010,иєйMз°,107.72,2.74,945.95,28.72,13.35,15.37,115.09,"103Y12M"
10002,йy─ї┐д,10002090,дн╡▓╢m,10002090-011,з╡л┬з°,113.03,2.88,634.73,37.1,14.35,22.74,158.43,"103Y12M"
10002,йy─ї┐д,10002090,дн╡▓╢m,10002090-012,└A▓│з°,113.28,2.95,263.41,40.33,14.12,26.2,185.55,"103Y12M"
10002,йy─ї┐д,10002090,дн╡▓╢m,10002090-013,зQ┐Aз°,104.58,2.89,1063.54,32.93,13.49,19.44,144.08,"103Y12M"
10002,йy─ї┐д,10002090,дн╡▓╢m,10002090-014,жи┐│з°,105.37,2.96,817.25,34.04,17.31,16.74,96.7,"103Y12M"
10002,йy─ї┐д,10002090,дн╡▓╢m,10002090-015,йu╖sз°,108.6,2.95,814.15,32.78,15.08,17.7,117.37,"103Y12M"
10002,йy─ї┐д,10002100,дTмP╢m,10002100-001,н√дsз°,119.83,2.48,25.37,31.44,3.61,27.84,771.43,"103Y12M"
10002,йy─ї┐д,10002100,дTмP╢m,10002100-002,д╤дsз°,118.28,2.59,101.25,55.53,14.99,40.54,270.49,"103Y12M"
10002,йy─ї┐д,10002100,дTмP╢m,10002100-003,д╤║╓з°,120.2,3.01,184.04,49.25,15.86,33.39,210.53,"103Y12M"
10002,йy─ї┐д,10002100,дTмP╢m,10002100-004,┬∙╜хз°,122.61,2.7,300.66,50.,15.24,34.76,228.17,"103Y12M"
10002,йy─ї┐д,10002100,дTмP╢m,10002100-005,дHйMз°,106.23,2.72,99.96,47.22,15.56,31.67,203.57,"103Y12M"
10002,йy─ї┐д,10002100,дTмP╢m,10002100-006,╕q╝wз°,117.5,2.6,597.15,44.25,16.89,27.36,161.96,"103Y12M"
10002,йy─ї┐д,10002100,дTмP╢m,10002100-007,╢░╝yз°,102.,2.93,293.38,41.32,14.47,26.85,185.52,"103Y12M"
10002,йy─ї┐д,10002100,дTмP╢m,10002100-008,дым▄з°,117.15,2.81,1099.67,47.03,18.98,28.05,147.76,"103Y12M"
10002,йy─ї┐д,10002100,дTмP╢m,10002100-009,л¤╖╙з°,134.19,2.21,150.28,34.57,11.4,23.17,203.25,"103Y12M"
10002,йy─ї┐д,10002100,дTмP╢m,10002100-010,дj┴Їз°,112.38,2.61,432.29,29.46,12.08,17.38,143.82,"103Y12M"
10002,йy─ї┐д,10002100,дTмP╢m,10002100-011,жц░╖з°,110.8,2.61,300.47,32.71,10.13,22.58,222.86,"103Y12M"
10002,йy─ї┐д,10002100,дTмP╢m,10002100-012,╕U╝wз°,125.08,2.67,303.99,33.99,10.81,23.18,214.55,"103Y12M"
10002,йy─ї┐д,10002100,дTмP╢m,10002100-013,╢QкLз°,108.49,2.6,77.25,33.89,14.93,18.96,126.98,"103Y12M"
10002,йy─ї┐д,10002100,дTмP╢m,10002100-014,╕U┤Iз°,126.5,2.47,265.99,39.56,11.11,28.45,256.06,"103Y12M"
10002,йy─ї┐д,10002100,дTмP╢m,10002100-015,дj╕qз°,115.72,2.41,346.46,31.52,10.38,21.15,203.81,"103Y12M"
10002,йy─ї┐д,10002100,дTмP╢m,10002100-016,й|кZз°,116.67,2.41,207.13,38.92,11.,27.91,253.62,"103Y12M"
10002,йy─ї┐д,10002100,дTмP╢m,10002100-017,дjмwз°,121.46,2.78,501.03,38.05,15.62,22.43,143.56,"103Y12M"
10002,йy─ї┐д,10002100,дTмP╢m,10002100-018,з└╣╒з°,118.35,2.96,447.91,38.41,16.34,22.07,135.08,"103Y12M"
10002,йy─ї┐д,10002110,дjжP╢m,10002110-001,┤H╖╦з°,109.33,3.19,9.45,41.62,27.71,13.92,50.23,"103Y12M"
10002,йy─ї┐д,10002110,дjжP╢m,10002110-002,▒[░ёз°,119.88,3.24,26.9,32.25,22.64,9.6,42.4,"103Y12M"
10002,йy─ї┐д,10002110,дjжP╢m,10002110-003,кQ├╣з°,122.51,3.4,21.59,33.44,23.7,9.73,41.06,"103Y12M"
10002,йy─ї┐д,10002110,дjжP╢m,10002110-004,┤_┐│з°,128.47,2.99,10.07,38.24,18.07,20.17,111.63,"103Y12M"
10002,йy─ї┐д,10002110,дjжP╢m,10002110-005,н^дhз°,121.03,2.87,5.44,38.14,25.64,12.5,48.75,"103Y12M"
10002,йy─ї┐д,10002110,дjжP╢m,10002110-006,╝╓дЇз°,133.49,3.28,12.54,38.67,25.69,12.98,50.54,"103Y12M"
10002,йy─ї┐д,10002110,дjжP╢m,10002110-007,д╙енз°,196.15,2.66,.42,32.76,3.45,29.31,850.,"103Y12M"
10002,йy─ї┐д,10002110,дjжP╢m,10002110-008,е|йuз°,107.94,3.43,11.23,46.7,33.48,13.22,39.48,"103Y12M"
10002,йy─ї┐д,10002110,дjжP╢m,10002110-009,лnдsз°,115.38,3.43,8.84,41.37,32.9,8.47,25.74,"103Y12M"
10002,йy─ї┐д,10002110,дjжP╢m,10002110-010,нZжwз°,129.17,3.1,3.77,32.53,21.08,11.45,54.29,"103Y12M"
10002,йy─ї┐д,10002120,лn┐D╢m,10002120-001,лn┐Dз°,112.6,3.2,41.42,38.97,26.22,12.75,48.65,"103Y12M"
10002,йy─ї┐д,10002120,лn┐D╢m,10002120-002,║╤н╘з°,113.28,3.41,55.01,42.26,31.39,10.87,34.64,"103Y12M"
10002,йy─ї┐д,10002120,лn┐D╢m,10002120-003,кFйиз°,95.38,3.4,9.54,38.,28.67,9.32,32.52,"103Y12M"
10002,йy─ї┐д,10002120,лn┐D╢m,10002120-004,кўйиз°,96.55,3.29,5.36,47.29,35.4,11.89,33.58,"103Y12M"
10002,йy─ї┐д,10002120,лn┐D╢m,10002120-005,кZ╢Ёз°,121.37,2.8,6.35,36.91,21.7,15.21,70.11,"103Y12M"
10002,йy─ї┐д,10002120,лn┐D╢m,10002120-006,кўмvз°,115.86,3.04,1.94,42.6,33.03,9.57,28.97,"103Y12M"
10002,йy─ї┐д,10002120,лn┐D╢m,10002120-007,┐Dксз°,114.1,3.34,12.64,44.64,34.08,10.57,31.,"103Y12M"
10003,оч╢щ┐д,10003010,оч╢щел,10003010-001,дхд╞и╜,85.58,2.29,6863.81,46.13,21.44,24.68,115.13,"103Y12M"
10003,оч╢щ┐д,10003010,оч╢щел,10003010-002,дхй·и╜,89.58,2.74,22977.78,46.46,21.17,25.28,119.42,"103Y12M"
10003,оч╢щ┐д,10003010,оч╢щел,10003010-003,кZ│ои╜,92.58,2.04,10375.96,35.23,13.22,22.01,166.47,"103Y12M"
10003,оч╢щ┐д,10003010,оч╢щел,10003010-004,дjкLи╜,97.69,2.78,7512.42,34.04,25.09,8.96,35.7,"103Y12M"
10003,оч╢щ┐д,10003010,оч╢щел,10003010-005,й╛╕qи╜,88.28,2.64,17514.7,35.87,28.64,7.23,25.25,"103Y12M"
10003,оч╢щ┐д,10003010,оч╢щел,10003010-006,╖|╜]и╜,95.03,2.49,11309.65,28.01,19.4,8.62,44.42,"103Y12M"
10003,оч╢щ┐д,10003010,оч╢щел,10003010-007,к°м№и╜,100.71,2.37,25663.62,47.15,20.08,27.07,134.84,"103Y12M"
10003,оч╢щ┐д,10003010,оч╢щел,10003010-008,е┴е═и╜,97.33,2.42,29407.69,36.58,15.84,20.74,130.96,"103Y12M"
10003,оч╢щ┐д,10003010,оч╢щел,10003010-009,е├┐│и╜,100.8,2.6,21229.27,43.04,18.61,24.43,131.3,"103Y12M"
10003,оч╢щ┐д,10003010,оч╢щел,10003010-010,иXмwи╜,101.9,2.73,2393.44,36.29,21.79,14.5,66.55,"103Y12M"
10003,оч╢щ┐д,10003010,оч╢щел,10003010-011,е├жwи╜,99.48,2.71,19087.14,39.03,21.76,17.27,79.36,"103Y12M"
10003,оч╢щ┐д,10003010,оч╢щел,10003010-012,кFоHи╜,93.35,2.79,26990.91,35.45,20.29,15.17,74.76,"103Y12M"
10003,оч╢щ┐д,10003010,оч╢щел,10003010-013,кFк∙и╜,92.62,2.34,22370.08,32.34,14.61,17.72,121.31,"103Y12M"
10003,оч╢щ┐д,10003010,оч╢щел,10003010-014,кFдsи╜,107.16,2.33,21933.87,37.53,16.71,20.82,124.62,"103Y12M"
10003,оч╢щ┐д,10003010,оч╢щел,10003010-015,╕U╣╪и╜,100.85,2.71,3729.29,36.14,15.59,20.55,131.85,"103Y12M"
10003,оч╢щ┐д,10003010,оч╢щел,10003010-016,к°жwи╜,100.,2.94,31061.45,33.57,20.32,13.25,65.18,"103Y12M"
10003,оч╢щ┐д,10003010,оч╢щел,10003010-017,ддоHи╜,107.69,3.33,2111.72,35.85,19.23,16.61,86.38,"103Y12M"
10003,оч╢щ┐д,10003010,оч╢щел,10003010-018,жшоHи╜,105.82,3.17,1225.98,35.45,19.53,15.92,81.52,"103Y12M"
10003,оч╢щ┐д,10003010,оч╢щел,10003010-019,жшк∙и╜,98.89,2.43,12503.65,41.19,22.21,18.98,85.48,"103Y12M"
10003,оч╢щ┐д,10003010,оч╢щел,10003010-020,ддйMи╜,103.07,2.57,19770.22,41.84,16.68,25.16,150.8,"103Y12M"
10003,оч╢щ┐д,10003010,оч╢щел,10003010-021,дхйўи╜,102.25,2.73,18160.72,46.14,20.57,25.58,124.34,"103Y12M"
10003,оч╢щ┐д,10003010,оч╢щел,10003010-022,╖sоHи╜,94.94,2.65,20666.46,34.24,22.47,11.77,52.4,"103Y12M"
10003,оч╢щ┐д,10003010,оч╢щел,10003010-023,дддsи╜,94.88,2.74,28076.73,30.1,21.71,8.39,38.67,"103Y12M"
10003,оч╢щ┐д,10003010,оч╢щел,10003010-024,╖Oдхи╜,93.22,2.82,32625.93,35.5,24.11,11.39,47.25,"103Y12M"
10003,оч╢щ┐д,10003010,оч╢щел,10003010-025,жш┤Єи╜,90.54,2.59,31929.08,40.41,22.27,18.15,81.49,"103Y12M"
10003,оч╢щ┐д,10003010,оч╢щел,10003010-026,лnк∙и╜,94.82,2.8,18850.8,36.95,20.86,16.09,77.17,"103Y12M"
10003,оч╢щ┐д,10003010,оч╢щел,10003010-027,лn╡╪и╜,94.06,2.78,24121.71,45.75,22.88,22.88,100.,"103Y12M"
10003,оч╢щ┐д,10003010,оч╢щел,10003010-028,е╔дsи╜,98.85,2.81,8264.92,35.19,18.54,16.65,89.83,"103Y12M"
10003,оч╢щ┐д,10003010,оч╢щел,10003010-029,дджии╜,100.83,2.84,3388.31,30.87,17.03,13.85,81.31,"103Y12M"
10003,оч╢щ┐д,10003010,оч╢щел,10003010-030,дде┐и╜,98.28,2.61,17094.12,34.7,18.35,16.35,89.11,"103Y12M"
10003,оч╢щ┐д,10003010,оч╢щел,10003010-031,е_к∙и╜,96.64,2.52,23049.3,37.49,15.7,21.79,138.79,"103Y12M"
10003,оч╢щ┐д,10003010,оч╢щел,10003010-032,╢│кLи╜,91.53,2.8,28561.76,35.38,24.32,11.06,45.48,"103Y12M"
10003,оч╢щ┐д,10003010,оч╢щел,10003010-033,║╓кLи╜,96.63,3.07,7444.77,40.89,27.62,13.27,48.04,"103Y12M"
10003,оч╢щ┐д,10003010,оч╢щел,10003010-034,е·┐│и╜,93.2,2.86,21952.39,44.9,28.84,16.06,55.7,"103Y12M"
10003,оч╢щ┐д,10003010,оч╢щел,10003010-035,└sдsи╜,105.76,2.89,3796.09,35.48,17.77,17.71,99.64,"103Y12M"
10003,оч╢щ┐д,10003010,оч╢щел,10003010-036,└sйги╜,97.43,2.65,37918.,31.65,21.62,10.03,46.4,"103Y12M"
10003,оч╢щ┐д,10003010,оч╢щел,10003010-037,жие\и╜,93.3,2.69,40982.43,32.73,17.94,14.79,82.42,"103Y12M"
10003,оч╢щ┐д,10003010,оч╢щел,10003010-038,лC╖╦и╜,100.53,2.97,7926.57,37.92,21.6,16.31,75.5,"103Y12M"
10003,оч╢щ┐д,10003010,оч╢щел,10003010-039,┤┬╢зи╜,94.14,2.52,19857.76,35.74,17.38,18.36,105.65,"103Y12M"
10003,оч╢щ┐д,10003010,оч╢щел,10003010-040,дд┐│и╜,96.77,3.,31585.7,40.39,25.17,15.22,60.45,"103Y12M"
10003,оч╢щ┐д,10003010,оч╢щел,10003010-041,┬╫кLи╜,96.53,2.74,25792.5,36.15,21.09,15.07,71.45,"103Y12M"
10003,оч╢щ┐д,10003010,оч╢щел,10003010-042,л╪░ъи╜,99.9,2.68,17967.43,30.68,16.36,14.33,87.6,"103Y12M"
10003,оч╢щ┐д,10003010,оч╢щел,10003010-043,дj┬╫и╜,94.59,2.91,31144.7,30.21,18.15,12.06,66.42,"103Y12M"
10003,оч╢щ┐д,10003010,оч╢щел,10003010-044,║╓жwи╜,91.58,2.62,21911.18,38.24,23.6,14.64,62.01,"103Y12M"
10003,оч╢щ┐д,10003010,оч╢щел,10003010-045,дTе┴и╜,93.19,2.68,17625.35,36.53,22.89,13.65,59.62,"103Y12M"
10003,оч╢щ┐д,10003010,оч╢щел,10003010-046,дj┐│и╜,97.02,2.56,24679.1,31.09,21.56,9.53,44.22,"103Y12M"
10003,оч╢щ┐д,10003010,оч╢щел,10003010-047,мKдщи╜,100.09,2.61,16665.7,31.06,21.,10.06,47.92,"103Y12M"
10003,оч╢щ┐д,10003010,оч╢щел,10003010-048,лHе·и╜,98.27,2.69,25379.65,33.35,23.17,10.18,43.95,"103Y12M"
10003,оч╢щ┐д,10003010,оч╢щел,10003010-049,дд╣чи╜,91.19,2.39,35712.23,32.35,25.09,7.26,28.95,"103Y12M"
10003,оч╢щ┐д,10003010,оч╢щел,10003010-050,жPжwи╜,92.78,2.66,16568.02,30.58,22.4,8.18,36.5,"103Y12M"
10003,оч╢щ┐д,10003010,оч╢щел,10003010-051,▓°╖qи╜,91.3,2.5,16521.69,29.36,21.34,8.01,37.55,"103Y12M"
10003,оч╢щ┐д,10003010,оч╢щел,10003010-052,дхдди╜,104.92,2.79,4004.67,40.17,19.44,20.73,106.64,"103Y12M"
10003,оч╢щ┐д,10003010,оч╢щел,10003010-053,оїдsи╜,100.04,2.73,7797.34,34.18,18.87,15.31,81.11,"103Y12M"
10003,оч╢щ┐д,10003010,оч╢щел,10003010-054,дд╕Їи╜,91.28,2.65,26066.75,29.,18.04,10.96,60.76,"103Y12M"
10003,оч╢щ┐д,10003010,оч╢щел,10003010-055,дд╝wи╜,100.99,2.92,3115.84,32.72,22.94,9.78,42.64,"103Y12M"
10003,оч╢щ┐д,10003010,оч╢щел,10003010-056,└s▓╗и╜,96.26,2.73,13803.6,33.66,24.09,9.57,39.74,"103Y12M"
10003,оч╢щ┐д,10003010,оч╢щел,10003010-057,дjж│и╜,90.96,2.45,7224.76,31.08,23.53,7.55,32.1,"103Y12M"
10003,оч╢щ┐д,10003010,оч╢щел,10003010-058,─_дsи╜,94.92,2.56,41165.37,27.11,20.41,6.7,32.82,"103Y12M"
10003,оч╢щ┐д,10003010,оч╢щел,10003010-059,└s╗ёи╜,108.97,2.17,34791.64,26.72,18.27,8.46,46.29,"103Y12M"
10003,оч╢щ┐д,10003010,оч╢щел,10003010-060,└sжwи╜,98.44,2.7,9733.85,31.88,24.45,7.43,30.41,"103Y12M"
10003,оч╢щ┐д,10003010,оч╢щел,10003010-061,ж█▒jи╜,93.52,2.56,24697.24,28.43,20.72,7.7,37.17,"103Y12M"
10003,оч╢щ┐д,10003010,оч╢щел,10003010-062,ддлHи╜,97.23,2.64,18692.66,29.13,20.04,9.09,45.37,"103Y12M"
10003,оч╢щ┐д,10003010,оч╢щел,10003010-063,к°╝wи╜,95.42,2.66,28938.86,28.7,17.55,11.16,63.6,"103Y12M"
10003,оч╢щ┐д,10003010,оч╢щел,10003010-064,ддени╜,94.93,2.55,35344.26,28.66,17.8,10.86,61.02,"103Y12M"
10003,оч╢щ┐д,10003010,оч╢щел,10003010-065,ддньи╜,91.13,2.73,40531.93,29.04,22.05,6.99,31.71,"103Y12M"
10003,оч╢щ┐д,10003010,оч╢щел,10003010-066,ддоїи╜,92.71,2.76,19494.48,31.48,24.28,7.19,29.63,"103Y12M"
10003,оч╢щ┐д,10003010,оч╢щел,10003010-067,лnоHи╜,91.15,2.73,17825.35,33.27,24.54,8.74,35.61,"103Y12M"
10003,оч╢щ┐д,10003010,оч╢щел,10003010-068,─_╝yи╜,89.14,2.6,37885.78,36.46,29.73,6.72,22.61,"103Y12M"
10003,оч╢щ┐д,10003010,оч╢щел,10003010-069,е_оHи╜,92.05,2.75,21470.04,32.28,25.52,6.76,26.48,"103Y12M"
10003,оч╢щ┐д,10003010,оч╢щел,10003010-070,дд╕tи╜,84.17,2.47,48693.97,32.73,23.93,8.8,36.76,"103Y12M"
10003,оч╢щ┐д,10003010,оч╢щел,10003010-071,└s╣╪и╜,96.06,2.69,10307.61,31.61,23.78,7.83,32.91,"103Y12M"
10003,оч╢щ┐д,10003010,оч╢щел,10003010-072,жP╝wи╜,93.2,2.71,41161.19,43.16,36.3,6.86,18.89,"103Y12M"
10003,оч╢щ┐д,10003010,оч╢щел,10003010-073,й·╝wи╜,93.83,2.76,31912.06,29.72,22.04,7.68,34.87,"103Y12M"
10003,оч╢щ┐д,10003010,оч╢щел,10003010-074,─_жwи╜,88.9,2.68,75155.58,34.75,28.68,6.07,21.16,"103Y12M"
10003,оч╢щ┐д,10003010,оч╢щел,10003010-075,╖ч╝yи╜,92.87,2.66,38560.35,33.87,27.13,6.74,24.84,"103Y12M"
10003,оч╢щ┐д,10003010,оч╢щел,10003010-076,дTд╕и╜,96.54,2.7,3170.6,34.84,23.32,11.52,49.39,"103Y12M"
10003,оч╢щ┐д,10003020,дд├cел,10003020-001,└sени╜,93.41,2.83,20337.05,46.2,23.1,23.1,100.,"103Y12M"
10003,оч╢щ┐д,10003020,дд├cел,10003020-002,└sйўи╜,100.35,2.9,14093.84,30.94,18.13,12.81,70.67,"103Y12M"
10003,оч╢щ┐д,10003020,дд├cел,10003020-003,дп╝wи╜,99.62,2.56,13896.97,35.47,20.57,14.9,72.43,"103Y12M"
10003,оч╢щ┐д,10003020,дд├cел,10003020-004,е├┐│и╜,99.46,2.49,14022.07,35.,14.63,20.37,139.17,"103Y12M"
10003,оч╢щ┐д,10003020,дд├cел,10003020-005,д║├cи╜,104.37,2.93,9781.76,41.82,18.63,23.19,124.42,"103Y12M"
10003,оч╢щ┐д,10003020,дд├cел,10003020-006,жие\и╜,100.12,3.34,15163.26,29.94,20.14,9.8,48.66,"103Y12M"
10003,оч╢щ┐д,10003020,дд├cел,10003020-007,е·й·и╜,93.65,2.63,15725.82,33.86,18.41,15.46,83.98,"103Y12M"
10003,оч╢щ┐д,10003020,дд├cел,10003020-008,ж█е▀и╜,99.35,2.38,52657.6,47.29,18.6,28.68,154.19,"103Y12M"
10003,оч╢щ┐д,10003020,дд├cел,10003020-009,ж█▒jи╜,94.6,2.69,21205.72,30.32,18.95,11.37,59.97,"103Y12M"
10003,оч╢щ┐д,10003020,дд├cел,10003020-010,дд░эи╜,97.64,2.63,5064.34,39.57,25.67,13.9,54.15,"103Y12M"
10003,оч╢щ┐д,10003020,дд├cел,10003020-011,└s┐│и╜,100.04,2.7,10466.5,33.25,17.33,15.92,91.84,"103Y12M"
10003,оч╢щ┐д,10003020,дд├cел,10003020-012,дпм№и╜,92.3,2.76,7421.93,34.26,23.02,11.24,48.84,"103Y12M"
10003,оч╢щ┐д,10003020,дд├cел,10003020-013,дп╖Rи╜,108.09,2.9,3872.73,26.76,15.67,11.09,70.76,"103Y12M"
10003,оч╢щ┐д,10003020,дд├cел,10003020-014,╖s╡єи╜,98.58,2.32,13807.29,28.56,12.5,16.06,128.44,"103Y12M"
10003,оч╢щ┐д,10003020,дд├cел,10003020-015,ддеби╜,96.9,2.52,13363.63,37.39,16.12,21.27,131.91,"103Y12M"
10003,оч╢щ┐д,10003020,дд├cел,10003020-016,┤╢дпи╜,97.73,2.57,18255.89,43.81,32.92,10.89,33.09,"103Y12M"
10003,оч╢щ┐д,10003020,дд├cел,10003020-017,┤╢╕qи╜,117.14,1.89,47750.32,25.85,15.3,10.56,69.01,"103Y12M"
10003,оч╢щ┐д,10003020,дд├cел,10003020-018,й╛╕qи╜,96.31,2.42,3317.19,31.92,21.63,10.28,47.52,"103Y12M"
10003,оч╢щ┐д,10003020,дд├cел,10003020-019,дде┐и╜,102.78,2.74,18641.23,30.46,20.03,10.43,52.06,"103Y12M"
10003,оч╢щ┐д,10003020,дд├cел,10003020-020,┐│дпи╜,96.8,2.54,10121.7,32.55,20.4,12.15,59.57,"103Y12M"
10003,оч╢щ┐д,10003020,дд├cел,10003020-021,кF┐│и╜,95.12,2.5,15909.66,39.11,20.63,18.48,89.59,"103Y12M"
10003,оч╢щ┐д,10003020,дд├cел,10003020-022,мв╖╦и╜,109.43,2.49,964.95,33.82,21.22,12.6,59.35,"103Y12M"
10003,оч╢щ┐д,10003020,дд├cел,10003020-023,┐wжци╜,100.64,2.43,15632.3,30.71,23.17,7.54,32.53,"103Y12M"
10003,оч╢щ┐д,10003020,дд├cел,10003020-024,╖sй·и╜,99.24,2.68,24084.6,35.59,17.98,17.61,97.97,"103Y12M"
10003,оч╢щ┐д,10003020,дд├cел,10003020-025,╖s┐│и╜,93.31,2.79,31101.45,33.59,22.02,11.57,52.54,"103Y12M"
10003,оч╢щ┐д,10003020,дд├cел,10003020-026,ддньи╜,95.2,2.89,18033.31,37.65,20.77,16.88,81.27,"103Y12M"
10003,оч╢щ┐д,10003020,дд├cел,10003020-027,д║йwи╜,103.94,3.48,1362.47,33.65,23.82,9.83,41.24,"103Y12M"
10003,оч╢щ┐д,10003020,дд├cел,10003020-028,дд├cи╜,106.84,2.76,14530.93,45.92,20.13,25.79,128.1,"103Y12M"
10003,оч╢щ┐д,10003020,дд├cел,10003020-029,└sйги╜,100.81,3.1,4679.8,37.42,20.81,16.62,79.85,"103Y12M"
10003,оч╢щ┐д,10003020,дд├cел,10003020-030,дп▓╗и╜,102.39,2.86,30149.77,32.45,18.43,14.02,76.06,"103Y12M"
10003,оч╢щ┐д,10003020,дд├cел,10003020-031,дЇз└и╜,108.61,2.86,1580.4,33.74,14.94,18.8,125.88,"103Y12M"
10003,оч╢щ┐д,10003020,дд├cел,10003020-032,лCоHи╜,101.44,2.46,1058.37,33.23,21.44,11.78,54.95,"103Y12M"
10003,оч╢щ┐д,10003020,дд├cел,10003020-033,┤_┐│и╜,94.6,2.77,22027.87,39.85,32.88,6.97,21.19,"103Y12M"
10003,оч╢щ┐д,10003020,дд├cел,10003020-034,дхд╞и╜,93.98,3.3,11192.23,32.05,23.72,8.33,35.1,"103Y12M"
10003,оч╢щ┐д,10003020,дд├cел,10003020-035,┐│░ъи╜,98.73,2.72,20612.14,40.23,19.49,20.74,106.42,"103Y12M"
10003,оч╢щ┐д,10003020,дд├cел,10003020-036,й╛║╓и╜,98.36,2.71,6491.96,30.87,16.77,14.09,84.03,"103Y12M"
10003,оч╢щ┐д,10003020,дд├cел,10003020-037,лH╕qи╜,94.03,2.91,25177.62,35.86,26.8,9.06,33.8,"103Y12M"
10003,оч╢щ┐д,10003020,дд├cел,10003020-038,е█└Yи╜,100.68,2.42,10862.72,46.32,18.39,27.93,151.92,"103Y12M"
10003,оч╢щ┐д,10003020,дд├cел,10003020-039,└sкFи╜,97.1,2.93,16121.28,41.14,21.04,20.1,95.56,"103Y12M"
10003,оч╢щ┐д,10003020,дд├cел,10003020-040,ддл╪и╜,102.54,2.61,20527.36,46.45,19.36,27.08,139.87,"103Y12M"
10003,оч╢щ┐д,10003020,дд├cел,10003020-041,┐│лnи╜,84.81,2.09,30333.8,31.46,16.71,14.74,88.22,"103Y12M"
10003,оч╢щ┐д,10003020,дд├cел,10003020-042,лс╝dи╜,101.23,2.76,4496.57,28.55,18.06,10.49,58.07,"103Y12M"
10003,оч╢щ┐д,10003020,дд├cел,10003020-043,╣L└ни╜,104.46,2.92,1078.12,38.13,26.82,11.31,42.17,"103Y12M"
10003,оч╢щ┐д,10003020,дд├cел,10003020-044,дн┼vи╜,101.27,2.83,3079.14,33.63,21.49,12.14,56.49,"103Y12M"
10003,оч╢щ┐д,10003020,дд├cел,10003020-045,┬┬й·и╜,109.81,2.82,12611.22,44.26,17.44,26.82,153.78,"103Y12M"
10003,оч╢щ┐д,10003020,дд├cел,10003020-046,к█к▌и╜,110.21,2.92,588.62,35.73,17.57,18.16,103.39,"103Y12M"
10003,оч╢щ┐д,10003020,дд├cел,10003020-047,дым▄и╜,106.54,3.31,1045.76,35.32,22.78,12.54,55.03,"103Y12M"
10003,оч╢щ┐д,10003020,дд├cел,10003020-048,дTе┴и╜,108.87,3.42,1289.78,38.38,20.28,18.11,89.3,"103Y12M"
10003,оч╢щ┐д,10003020,дд├cел,10003020-049,дsкFи╜,111.19,3.16,700.52,36.14,19.48,16.67,85.57,"103Y12M"
10003,оч╢щ┐д,10003020,дд├cел,10003020-050,дд║aи╜,97.37,2.83,8917.67,61.17,32.52,28.65,88.11,"103Y12M"
10003,оч╢щ┐д,10003020,дд├cел,10003020-051,д║нэи╜,109.38,3.13,1070.14,32.51,18.96,13.55,71.49,"103Y12M"
10003,оч╢щ┐д,10003020,дд├cел,10003020-052,о╢┐│и╜,98.45,2.99,7048.5,30.12,15.64,14.48,92.56,"103Y12M"
10003,оч╢щ┐д,10003020,дд├cел,10003020-053,┤╢╝yи╜,100.44,3.26,4859.46,38.68,24.57,14.11,57.44,"103Y12M"
10003,оч╢щ┐д,10003020,дд├cел,10003020-054,┐│йMи╜,103.27,2.94,1441.74,35.03,18.42,16.61,90.15,"103Y12M"
10003,оч╢щ┐д,10003020,дд├cел,10003020-055,е├е·и╜,94.42,2.61,7710.43,33.93,20.87,13.06,62.55,"103Y12M"
10003,оч╢щ┐д,10003020,дд├cел,10003020-056,┤_╡╪и╜,94.17,2.85,10405.18,34.74,25.43,9.31,36.62,"103Y12M"
10003,оч╢щ┐д,10003020,дд├cел,10003020-057,й╛з╡и╜,97.67,2.88,21995.96,33.49,26.33,7.16,27.2,"103Y12M"
10003,оч╢щ┐д,10003020,дд├cел,10003020-058,║╓╝wи╜,100.56,2.89,20247.26,32.31,17.57,14.74,83.88,"103Y12M"
10003,оч╢щ┐д,10003020,дд├cел,10003020-059,йMени╜,97.63,3.41,40181.4,38.88,25.83,13.05,50.51,"103Y12M"
10003,оч╢щ┐д,10003020,дд├cел,10003020-060,┤╢й╛и╜,95.65,2.72,3925.15,41.84,31.4,10.43,33.23,"103Y12M"
10003,оч╢щ┐д,10003020,дд├cел,10003020-061,┤╢▒jи╜,96.56,2.82,28126.56,28.31,19.97,8.34,41.79,"103Y12M"
10003,оч╢щ┐д,10003020,дд├cел,10003020-062,й·╝wи╜,97.8,2.93,23727.22,34.9,25.56,9.34,36.53,"103Y12M"
10003,оч╢щ┐д,10003020,дд├cел,10003020-063,ж▄╡╜и╜,98.33,2.6,6945.92,30.57,21.1,9.47,44.88,"103Y12M"
10003,оч╢щ┐д,10003020,дд├cел,10003020-064,дн║╓и╜,99.85,2.88,17062.96,32.06,16.16,15.9,98.39,"103Y12M"
10003,оч╢щ┐д,10003020,дд├cел,10003020-065,└s╝wи╜,100.32,2.82,10071.46,29.14,17.8,11.34,63.73,"103Y12M"
10003,оч╢щ┐д,10003020,дд├cел,10003020-066,е┐╕qи╜,95.6,2.91,17773.45,35.57,23.08,12.48,54.06,"103Y12M"
10003,оч╢щ┐д,10003020,дд├cел,10003020-067,└sжwи╜,99.08,2.98,17456.61,41.13,19.53,21.6,110.58,"103Y12M"
10003,оч╢щ┐д,10003020,дд├cел,10003020-068,дддsи╜,95.58,2.58,39296.12,25.41,19.3,6.11,31.67,"103Y12M"
10003,оч╢щ┐д,10003020,дд├cел,10003020-069,╝w╕qи╜,95.78,2.62,24542.45,32.61,17.84,14.77,82.78,"103Y12M"
10003,оч╢щ┐д,10003020,дд├cел,10003020-070,дп╕qи╜,97.34,2.51,8357.97,29.19,17.81,11.38,63.87,"103Y12M"
10003,оч╢щ┐д,10003020,дд├cел,10003020-071,╡╪│╘и╜,101.08,2.84,12404.4,34.31,18.25,16.05,87.94,"103Y12M"
10003,оч╢щ┐д,10003020,дд├cел,10003020-072,дп║╓и╜,94.9,2.71,18277.75,28.15,17.38,10.77,61.94,"103Y12M"
10003,оч╢щ┐д,10003020,дд├cел,10003020-073,йп║╓и╜,94.65,2.64,27645.5,24.19,16.21,7.98,49.19,"103Y12M"
10003,оч╢щ┐д,10003020,дд├cел,10003020-074,е├║╓и╜,104.67,2.83,2564.09,26.76,17.1,9.66,56.46,"103Y12M"
10003,оч╢щ┐д,10003020,дд├cел,10003020-075,дпйMи╜,102.69,2.69,45702.07,31.73,23.42,8.31,35.47,"103Y12M"
10003,оч╢щ┐д,10003020,дд├cел,10003020-076,╡╪╖Rи╜,96.35,2.95,15897.5,30.42,20.86,9.56,45.86,"103Y12M"
10003,оч╢щ┐д,10003020,дд├cел,10003020-077,▓°╖qи╜,95.93,2.6,13864.44,37.97,17.91,20.06,112.06,"103Y12M"
10003,оч╢щ┐д,10003020,дд├cел,10003020-078,ж█кvи╜,92.41,2.49,39125.33,40.9,20.47,20.43,99.82,"103Y12M"
10003,оч╢щ┐д,10003020,дд├cел,10003020-079,░╖жци╜,92.63,2.96,33888.49,44.69,32.38,12.31,38.02,"103Y12M"
10003,оч╢щ┐д,10003020,дд├cел,10003020-080,┐│ени╜,102.09,3.04,14031.07,40.92,22.99,17.93,77.96,"103Y12M"
10003,оч╢щ┐д,10003020,дд├cел,10003020-081,дд┐│и╜,86.77,2.56,31478.23,23.86,17.28,6.57,38.04,"103Y12M"
10003,оч╢щ┐д,10003020,дд├cел,10003020-082,└s╖Oи╜,95.32,2.47,56151.43,26.43,20.75,5.68,27.38,"103Y12M"
10003,оч╢щ┐д,10003020,дд├cел,10003020-083,ж█лHи╜,93.56,2.45,25976.34,27.,19.02,7.98,41.92,"103Y12M"
10003,оч╢щ┐д,10003020,дд├cел,10003020-084,кL┤╦и╜,98.08,2.72,24644.56,35.78,25.29,10.48,41.45,"103Y12M"
10003,оч╢щ┐д,10003020,дд├cел,10003020-085,кў╡╪и╜,84.39,2.27,43066.84,28.57,20.55,8.02,39.01,"103Y12M"
10003,оч╢щ┐д,10003030,дj╖╦┬э,10003030-001,┐│йMи╜,102.07,2.84,7627.76,44.07,17.77,26.3,148.03,"103Y12M"
10003,оч╢щ┐д,10003030,дj╖╦┬э,10003030-002,║╓дпи╜,108.87,3.15,8612.5,45.25,18.87,26.39,139.87,"103Y12M"
10003,оч╢щ┐д,10003030,дj╖╦┬э,10003030-003,д@д▀и╜,103.64,2.83,9379.85,32.08,20.03,12.05,60.16,"103Y12M"
10003,оч╢щ┐д,10003030,дj╖╦┬э,10003030-004,д@╝wи╜,98.49,3.02,2872.49,33.1,19.63,13.47,68.62,"103Y12M"
10003,оч╢щ┐д,10003030,дj╖╦┬э,10003030-005,дым▄и╜,115.3,3.28,387.76,33.06,16.53,16.53,100.,"103Y12M"
10003,оч╢щ┐д,10003030,дj╖╦┬э,10003030-006,е├║╓и╜,120.82,2.5,101.65,37.48,10.29,27.19,264.2,"103Y12M"
10003,оч╢щ┐д,10003030,дj╖╦┬э,10003030-007,м№╡╪и╜,114.53,2.99,282.01,32.37,15.38,16.99,110.49,"103Y12M"
10003,оч╢щ┐д,10003030,дj╖╦┬э,10003030-008,║╓жwи╜,112.44,2.78,278.68,36.7,13.59,23.12,170.16,"103Y12M"
10003,оч╢щ┐д,10003030,дj╖╦┬э,10003030-009,┤_┐│и╜,133.92,2.7,90.93,44.85,13.55,31.3,231.,"103Y12M"
10003,оч╢щ┐д,10003030,дj╖╦┬э,10003030-010,╖sоpи╜,124.48,2.64,97.2,48.84,15.92,32.92,206.8,"103Y12M"
10003,оч╢щ┐д,10003030,дj╖╦┬э,10003030-011,▒dжwи╜,114.04,3.02,370.04,35.56,15.28,20.28,132.73,"103Y12M"
10003,оч╢щ┐д,10003030,дj╖╦┬э,10003030-012,╕qйMи╜,114.26,3.08,244.15,38.93,15.11,23.82,157.59,"103Y12M"
10003,оч╢щ┐д,10003030,дj╖╦┬э,10003030-013,╖ч┐│и╜,120.95,3.3,440.12,33.69,15.,18.69,124.64,"103Y12M"
10003,оч╢щ┐д,10003030,дj╖╦┬э,10003030-014,дд╖sи╜,124.24,2.95,422.66,36.16,11.92,24.24,203.36,"103Y12M"
10003,оч╢щ┐д,10003030,дj╖╦┬э,10003030-015,дп╕qи╜,92.79,2.61,12221.6,46.41,22.49,23.93,106.42,"103Y12M"
10003,оч╢щ┐д,10003030,дj╖╦┬э,10003030-016,╣┤╖Rи╜,95.19,2.5,39765.12,46.48,22.31,24.17,108.32,"103Y12M"
10003,оч╢щ┐д,10003030,дj╖╦┬э,10003030-017,дп╡╜и╜,104.67,2.98,2183.3,33.27,23.72,9.55,40.26,"103Y12M"
10003,оч╢щ┐д,10003030,дj╖╦┬э,10003030-018,дп╖Rи╜,104.89,3.08,6639.95,32.51,23.59,8.92,37.8,"103Y12M"
10003,оч╢щ┐д,10003030,дj╖╦┬э,10003030-019,дпкZи╜,102.59,3.,9378.86,34.21,21.52,12.69,58.94,"103Y12M"
10003,оч╢щ┐д,10003030,дj╖╦┬э,10003030-020,н√кLи╜,102.95,3.18,3941.51,36.2,21.44,14.76,68.84,"103Y12M"
10003,оч╢щ┐д,10003030,дj╖╦┬э,10003030-021,лn┐│и╜,115.46,3.22,961.69,33.45,17.97,15.48,86.14,"103Y12M"
10003,оч╢щ┐д,10003030,дj╖╦┬э,10003030-022,╖ч╖╜и╜,107.8,3.08,804.68,34.8,19.75,15.05,76.23,"103Y12M"
10003,оч╢щ┐д,10003030,дj╖╦┬э,10003030-023,е·й·и╜,99.3,2.86,7869.93,32.87,18.59,14.28,76.83,"103Y12M"
10003,оч╢щ┐д,10003030,дj╖╦┬э,10003030-024,дTд╕и╜,101.23,3.,7601.07,37.4,20.82,16.58,79.62,"103Y12M"
10003,оч╢щ┐д,10003030,дj╖╦┬э,10003030-025,е╨д▀и╜,104.91,3.25,8472.66,32.1,19.31,12.79,66.26,"103Y12M"
10003,оч╢щ┐д,10003030,дj╖╦┬э,10003030-026,дпдхи╜,101.79,2.97,7508.64,35.06,21.22,13.84,65.23,"103Y12M"
10003,оч╢щ┐д,10003030,дj╖╦┬э,10003030-027,дпйMи╜,102.93,3.13,4950.99,38.65,29.1,9.55,32.82,"103Y12M"
10003,оч╢щ┐д,10003040,╖и▒Ўел,10003040-001,╖и▒Ўи╜,98.75,3.2,10668.93,45.6,25.61,19.99,78.08,"103Y12M"
10003,оч╢щ┐д,10003040,╖и▒Ўел,10003040-002,╖иж┐и╜,100.77,3.03,15812.82,46.3,18.72,27.58,147.31,"103Y12M"
10003,оч╢щ┐д,10003040,╖и▒Ўел,10003040-003,мї▒Ўи╜,102.24,3.07,12390.9,41.97,20.02,21.95,109.64,"103Y12M"
10003,оч╢щ┐д,10003040,╖и▒Ўел,10003040-004,е├╣чи╜,102.99,2.57,1380.13,33.71,22.93,10.78,47.03,"103Y12M"
10003,оч╢щ┐д,10003040,╖и▒Ўел,10003040-005,дjени╜,107.24,3.43,2410.77,37.23,18.76,18.47,98.48,"103Y12M"
10003,оч╢щ┐д,10003040,╖и▒Ўел,10003040-006,кFмyи╜,113.65,2.9,636.49,32.09,16.8,15.29,91.06,"103Y12M"
10003,оч╢щ┐д,10003040,╖и▒Ўел,10003040-007,дЇм№и╜,111.26,3.23,1424.02,35.44,18.73,16.71,89.23,"103Y12M"
10003,оч╢щ┐д,10003040,╖и▒Ўел,10003040-008,дWе╨и╜,115.5,3.37,604.74,33.15,17.29,15.86,91.73,"103Y12M"
10003,оч╢щ┐д,10003040,╖и▒Ўел,10003040-009,▒Ў╖sи╜,105.15,3.19,14350.76,36.58,19.76,16.82,85.15,"103Y12M"
10003,оч╢щ┐д,10003040,╖и▒Ўел,10003040-010,дjжPи╜,108.04,3.34,4271.41,38.74,22.48,16.27,72.39,"103Y12M"
10003,оч╢щ┐д,10003040,╖и▒Ўел,10003040-011,оHд▀и╜,103.89,3.1,13734.33,41.67,15.98,25.7,160.85,"103Y12M"
10003,оч╢щ┐д,10003040,╖и▒Ўел,10003040-012,кў└sи╜,92.41,2.32,5172.34,39.32,20.93,18.39,87.88,"103Y12M"
10003,оч╢щ┐д,10003040,╖и▒Ўел,10003040-013,╖ч╢эи╜,99.37,3.01,13077.63,36.51,25.87,10.64,41.15,"103Y12M"
10003,оч╢щ┐д,10003040,╖и▒Ўел,10003040-014,е|║√и╜,101.11,2.73,17591.85,31.24,23.96,7.29,30.42,"103Y12M"
10003,оч╢щ┐д,10003040,╖и▒Ўел,10003040-015,▒Ў╖╦и╜,101.14,2.7,7449.19,26.85,20.62,6.23,30.21,"103Y12M"
10003,оч╢щ┐д,10003040,╖и▒Ўел,10003040-016,░кдsи╜,98.82,2.83,745.85,36.63,26.5,10.13,38.22,"103Y12M"
10003,оч╢щ┐д,10003040,╖и▒Ўел,10003040-017,░к║aи╜,108.47,3.05,533.59,33.4,20.7,12.71,61.39,"103Y12M"
10003,оч╢щ┐д,10003040,╖и▒Ўел,10003040-018,дпм№и╜,102.7,2.91,9807.61,33.46,15.04,18.42,122.44,"103Y12M"
10003,оч╢щ┐д,10003040,╖и▒Ўел,10003040-019,е·╡╪и╜,99.95,2.82,18818.05,40.47,17.95,22.51,125.41,"103Y12M"
10003,оч╢щ┐д,10003040,╖и▒Ўел,10003040-020,┤Iйги╜,102.93,3.03,1141.58,41.6,18.34,23.26,126.83,"103Y12M"
10003,оч╢щ┐д,10003040,╖и▒Ўел,10003040-021,┬╫│еи╜,107.69,3.32,2044.7,36.18,19.42,16.76,86.29,"103Y12M"
10003,оч╢щ┐д,10003040,╖и▒Ўел,10003040-022,н√е╗и╜,115.,2.96,550.14,36.92,19.71,17.21,87.29,"103Y12M"
10003,оч╢щ┐д,10003040,╖и▒Ўел,10003040-023,╖чньи╜,108.09,3.24,865.38,32.4,18.25,14.15,77.54,"103Y12M"
10003,оч╢щ┐д,10003040,╖и▒Ўел,10003040-024,дT┤Єи╜,106.98,3.17,681.82,30.81,16.88,13.92,82.49,"103Y12M"
10003,оч╢щ┐д,10003040,╖и▒Ўел,10003040-025,дW┤Єи╜,108.76,2.78,633.61,24.17,13.16,11.01,83.65,"103Y12M"
10003,оч╢щ┐д,10003040,╖и▒Ўел,10003040-026,дддsи╜,92.6,3.03,4102.5,32.82,24.23,8.58,35.42,"103Y12M"
10003,оч╢щ┐д,10003040,╖и▒Ўел,10003040-027,╖ий·и╜,96.57,2.79,6246.52,30.35,24.45,5.9,24.14,"103Y12M"
10003,оч╢щ┐д,10003040,╖и▒Ўел,10003040-028,кў╖╦и╜,93.81,2.66,1635.52,32.7,26.42,6.28,23.77,"103Y12M"
10003,оч╢щ┐д,10003040,╖и▒Ўел,10003040-029,╕╬жии╜,102.71,2.74,4282.63,28.62,19.99,8.63,43.16,"103Y12M"
10003,оч╢щ┐д,10003040,╖и▒Ўел,10003040-030,иqд~и╜,106.08,3.42,1152.71,31.61,18.15,13.45,74.11,"103Y12M"
10003,оч╢щ┐д,10003040,╖и▒Ўел,10003040-031,лCдsи╜,102.02,2.29,6749.7,25.39,17.61,7.78,44.19,"103Y12M"
10003,оч╢щ┐д,10003040,╖и▒Ўел,10003040-032,╖s║aи╜,96.59,3.18,5306.98,32.59,25.67,6.92,26.96,"103Y12M"
10003,оч╢щ┐д,10003040,╖и▒Ўел,10003040-033,┬∙║aи╜,101.29,3.18,6018.91,34.33,26.5,7.83,29.55,"103Y12M"
10003,оч╢щ┐д,10003040,╖и▒Ўел,10003040-034,╖чйWи╜,99.38,2.97,2747.29,33.59,27.17,6.42,23.62,"103Y12M"
10003,оч╢щ┐д,10003040,╖и▒Ўел,10003040-035,е├ени╜,103.82,2.79,2230.11,27.22,16.44,10.78,65.58,"103Y12M"
10003,оч╢щ┐д,10003040,╖и▒Ўел,10003040-036,╖ч╖╦и╜,92.13,2.63,21100.86,34.59,27.52,7.07,25.69,"103Y12M"
10003,оч╢щ┐д,10003040,╖и▒Ўел,10003040-037,░кдWи╜,117.34,3.13,1749.86,31.51,18.04,13.48,74.7,"103Y12M"
10003,оч╢щ┐д,10003040,╖и▒Ўел,10003040-038,┤I┬╫и╜,117.46,2.97,526.93,38.13,19.02,19.11,100.44,"103Y12M"
10003,оч╢щ┐д,10003040,╖и▒Ўел,10003040-039,╕╬╖sи╜,104.91,2.43,9542.45,33.44,25.51,7.93,31.11,"103Y12M"
10003,оч╢щ┐д,10003040,╖и▒Ўел,10003040-040,дTе┴и╜,92.67,2.98,20949.74,38.24,31.42,6.83,21.73,"103Y12M"
10003,оч╢щ┐д,10003040,╖и▒Ўел,10003040-041,└Y┤Єи╜,100.25,2.77,2402.61,31.16,26.2,4.96,18.92,"103Y12M"
10003,оч╢щ┐д,10003050,─кж╦ел,10003050-001,╖s┐│и╜,109.68,2.93,1169.06,33.11,17.74,15.38,86.71,"103Y12M"
10003,оч╢щ┐д,10003050,─кж╦ел,10003050-002,дд║╓и╜,114.69,3.13,895.6,34.62,21.46,13.15,61.3,"103Y12M"
10003,оч╢щ┐д,10003050,─кж╦ел,10003050-003,╖s▓°и╜,106.13,3.09,2037.75,32.97,21.47,11.5,53.57,"103Y12M"
10003,оч╢щ┐д,10003050,─кж╦ел,10003050-004,дjж╦и╜,97.07,3.14,7189.27,33.91,25.81,8.1,31.39,"103Y12M"
10003,оч╢щ┐д,10003050,─кж╦ел,10003050-006,─кж╦и╜,111.72,2.96,680.98,34.98,17.84,17.14,96.12,"103Y12M"
10003,оч╢щ┐д,10003050,─кж╦ел,10003050-007,лnоrи╜,97.98,2.57,4911.91,34.78,20.21,14.57,72.08,"103Y12M"
10003,оч╢щ┐д,10003050,─кж╦ел,10003050-008,└A┐│и╜,96.64,3.04,14177.58,29.58,23.01,6.57,28.54,"103Y12M"
10003,оч╢щ┐д,10003050,─кж╦ел,10003050-009,дн║╓и╜,98.71,2.85,12620.13,32.99,25.19,7.79,30.94,"103Y12M"
10003,оч╢щ┐д,10003050,─кж╦ел,10003050-010,д║нэи╜,121.44,2.55,916.18,32.61,19.15,13.46,70.3,"103Y12M"
10003,оч╢щ┐д,10003050,─кж╦ел,10003050-011,дs╗єи╜,106.28,3.09,675.29,31.09,16.5,14.59,88.45,"103Y12M"
10003,оч╢щ┐д,10003050,─кж╦ел,10003050-012,дs╕}и╜,106.93,3.55,1025.16,35.47,20.18,15.3,75.81,"103Y12M"
10003,оч╢щ┐д,10003050,─кж╦ел,10003050-013,е~к└и╜,118.69,3.46,302.82,39.33,18.06,21.26,117.73,"103Y12M"
10003,оч╢щ┐д,10003050,─кж╦ел,10003050-014,з|дlи╜,122.18,3.52,266.45,39.63,16.49,23.14,140.34,"103Y12M"
10003,оч╢щ┐д,10003050,─кж╦ел,10003050-015,з|дfи╜,110.72,3.13,439.29,36.78,19.66,17.12,87.08,"103Y12M"
10003,оч╢щ┐д,10003050,─кж╦ел,10003050-016,о№┤Єи╜,105.81,2.97,1431.7,31.48,20.96,10.52,50.2,"103Y12M"
10003,оч╢щ┐д,10003050,─кж╦ел,10003050-017,лn║aи╜,91.86,2.56,14032.65,30.82,20.94,9.88,47.18,"103Y12M"
10003,оч╢щ┐д,10003050,─кж╦ел,10003050-018,лn┐│и╜,94.1,2.5,29625.19,39.14,31.69,7.45,23.49,"103Y12M"
10003,оч╢щ┐д,10003050,─кж╦ел,10003050-019,к°┐│и╜,106.88,2.78,1538.93,30.54,21.4,9.14,42.72,"103Y12M"
10003,оч╢щ┐д,10003050,─кж╦ел,10003050-020,└Aдди╜,95.29,2.59,6322.33,33.1,20.07,13.03,64.93,"103Y12M"
10003,оч╢щ┐д,10003050,─кж╦ел,10003050-021,┤Iж╦и╜,115.97,2.99,765.97,32.57,17.56,15.,85.44,"103Y12M"
10003,оч╢щ┐д,10003050,─кж╦ел,10003050-022,дWж╦и╜,102.3,3.05,4121.21,31.68,23.14,8.54,36.9,"103Y12M"
10003,оч╢щ┐д,10003050,─кж╦ел,10003050-023,з╗ж╦и╜,119.78,2.93,848.94,34.12,19.58,14.54,74.24,"103Y12M"
10003,оч╢щ┐д,10003050,─кж╦ел,10003050-024,е╦╜`и╜,94.54,2.57,6145.13,36.,27.42,8.58,31.28,"103Y12M"
10003,оч╢щ┐д,10003050,─кж╦ел,10003050-025,└ч╜Lи╜,96.65,2.71,1882.95,34.63,28.01,6.62,23.65,"103Y12M"
10003,оч╢щ┐д,10003050,─кж╦ел,10003050-026,ж╧╕Yи╜,93.82,2.68,3216.18,41.77,32.99,8.79,26.64,"103Y12M"
10003,оч╢щ┐д,10003050,─кж╦ел,10003050-027,╢╢┐│и╜,95.67,2.3,43489.58,33.41,28.31,5.11,18.04,"103Y12M"
10003,оч╢щ┐д,10003050,─кж╦ел,10003050-028,║╓йўи╜,91.65,2.53,63016.5,38.69,32.15,6.54,20.34,"103Y12M"
10003,оч╢щ┐д,10003050,─кж╦ел,10003050-029,║╓┐│и╜,95.19,2.59,17498.07,38.91,32.27,6.64,20.56,"103Y12M"
10003,оч╢щ┐д,10003050,─кж╦ел,10003050-030,─к┐│и╜,107.97,3.3,915.18,38.74,26.58,12.16,45.75,"103Y12M"
10003,оч╢щ┐д,10003050,─кж╦ел,10003050-031,к°╣╪и╜,91.48,2.82,53980.95,40.41,33.64,6.77,20.11,"103Y12M"
10003,оч╢щ┐д,10003050,─кж╦ел,10003050-032,жN▓╗и╜,94.21,2.55,16301.62,41.81,33.32,8.48,25.46,"103Y12M"
10003,оч╢щ┐д,10003050,─кж╦ел,10003050-033,дддsи╜,92.64,2.75,53596.95,31.73,27.37,4.36,15.95,"103Y12M"
10003,оч╢щ┐д,10003050,─кж╦ел,10003050-034,║╓╕Sи╜,89.6,2.87,22988.16,35.2,29.82,5.38,18.04,"103Y12M"
10003,оч╢щ┐д,10003050,─кж╦ел,10003050-035,┐│║aи╜,88.13,2.72,20792.45,36.55,28.77,7.78,27.05,"103Y12M"
10003,оч╢щ┐д,10003050,─кж╦ел,10003050-036,дд┐│и╜,96.04,2.62,15952.84,38.22,33.09,5.12,15.48,"103Y12M"
10003,оч╢щ┐д,10003050,─кж╦ел,10003050-037,дW┐│и╜,97.01,2.87,9320.64,30.69,23.86,6.83,28.64,"103Y12M"
10003,оч╢щ┐д,10003050,─кж╦ел,10003050-038,└ч║╓и╜,96.16,2.67,3699.69,31.,25.02,5.99,23.93,"103Y12M"
10003,оч╢щ┐д,10003060,дj╢щ╢m,10003060-001,дj╢щз°,101.39,2.88,12271.09,38.71,23.32,15.39,65.98,"103Y12M"
10003,оч╢щ┐д,10003060,дj╢щ╢m,10003060-002,е╨д▀з°,102.46,2.98,1523.82,38.73,25.98,12.75,49.07,"103Y12M"
10003,оч╢щ┐д,10003060,дj╢щ╢m,10003060-003,╖╦о№з°,107.18,3.04,865.82,31.68,18.65,13.03,69.84,"103Y12M"
10003,оч╢щ┐д,10003060,дj╢щ╢m,10003060-004,йMенз°,115.58,3.21,422.83,37.2,16.24,20.96,129.,"103Y12M"
10003,оч╢щ┐д,10003060,дj╢щ╢m,10003060-005,╛юоpз°,103.96,2.74,1352.43,32.11,21.76,10.36,47.6,"103Y12M"
10003,оч╢щ┐д,10003060,дj╢щ╢m,10003060-006,дн┼vз°,111.66,3.05,963.59,33.31,19.15,14.16,73.96,"103Y12M"
10003,оч╢щ┐д,10003060,дj╢щ╢m,10003060-007,оHд▀з°,107.34,2.89,471.31,34.56,20.68,13.88,67.09,"103Y12M"
10003,оч╢щ┐д,10003060,дj╢щ╢m,10003060-008,дjо№з°,103.47,2.53,445.05,35.83,17.6,18.23,103.59,"103Y12M"
10003,оч╢щ┐д,10003060,дj╢щ╢m,10003060-010,дTе█з°,104.65,3.08,1110.9,38.79,23.16,15.64,67.52,"103Y12M"
10003,оч╢щ┐д,10003060,дj╢щ╢m,10003060-011,Щ┘кLз°,101.55,2.8,2384.27,30.25,20.61,9.65,46.82,"103Y12M"
10003,оч╢щ┐д,10003060,дj╢щ╢m,10003060-012,ж╦│Єз°,104.66,2.6,1793.05,32.75,20.66,12.09,58.5,"103Y12M"
10003,оч╢щ┐д,10003060,дj╢щ╢m,10003060-013,о№дfз°,110.15,2.71,1433.3,36.02,22.63,13.39,59.18,"103Y12M"
10003,оч╢щ┐д,10003060,дj╢щ╢m,10003060-014,иF▒[з°,117.21,2.57,428.34,36.21,18.5,17.71,95.72,"103Y12M"
10003,оч╢щ┐д,10003060,дj╢щ╢m,10003060-015,лснэз°,107.16,2.88,1284.64,30.4,19.38,11.02,56.88,"103Y12M"
10003,оч╢щ┐д,10003060,дj╢щ╢m,10003060-016,ж`└Yз°,106.51,2.88,732.27,34.16,19.61,14.54,74.16,"103Y12M"
10003,оч╢щ┐д,10003060,дj╢щ╢m,10003060-017,д║о№з°,110.97,2.9,585.8,34.77,19.36,15.41,79.62,"103Y12M"
10003,оч╢щ┐д,10003060,дj╢щ╢m,10003060-018,е_┤фз°,109.39,2.99,672.08,29.69,17.9,11.79,65.89,"103Y12M"
10003,оч╢щ┐д,10003060,дj╢щ╢m,10003060-019,лn┤фз°,103.83,2.5,1102.09,29.64,21.9,7.74,35.34,"103Y12M"
10003,оч╢щ┐д,10003070,└tдs╢m,10003070-001,╖м╛Ёз°,102.3,3.04,798.58,34.04,24.11,9.93,41.2,"103Y12M"
10003,оч╢щ┐д,10003070,└tдs╢m,10003070-002,└tдsз°,97.88,2.82,6462.74,34.74,21.74,13.,59.77,"103Y12M"
10003,оч╢щ┐д,10003070,└tдs╢m,10003070-003,и▀з|з°,111.28,2.83,1132.08,27.89,19.91,7.98,40.08,"103Y12M"
10003,оч╢щ┐д,10003070,└tдs╢m,10003070-004,дjжPз°,100.87,2.81,3759.24,34.2,22.98,11.22,48.83,"103Y12M"
10003,оч╢щ┐д,10003070,└tдs╢m,10003070-005,дs║╓з°,102.48,2.84,25772.87,31.69,17.48,14.21,81.31,"103Y12M"
10003,оч╢щ┐д,10003070,└tдs╢m,10003070-006,дs│╗з°,107.05,2.66,5557.79,32.06,20.78,11.28,54.3,"103Y12M"
10003,оч╢щ┐д,10003070,└tдs╢m,10003070-007,│░е·з°,97.47,2.53,36129.21,55.49,16.95,38.54,227.39,"103Y12M"
10003,оч╢щ┐д,10003070,└tдs╢m,10003070-008,║ый╛з°,100.51,2.37,13889.29,39.28,22.71,16.57,72.96,"103Y12M"
10003,оч╢щ┐д,10003070,└tдs╢m,10003070-009,д╜жшз°,106.2,2.62,852.36,45.,20.,25.,125.,"103Y12M"
10003,оч╢щ┐д,10003070,└tдs╢m,10003070-010,╝╓╡╜з°,105.76,2.56,473.5,22.21,15.03,7.18,47.76,"103Y12M"
10003,оч╢щ┐д,10003070,└tдs╢m,10003070-011,лnдWз°,104.92,2.53,503.16,30.99,19.11,11.88,62.17,"103Y12M"
10003,оч╢щ┐д,10003070,└tдs╢m,10003070-012,дjз|з°,108.7,2.71,292.98,33.21,18.48,14.73,79.74,"103Y12M"
10003,оч╢щ┐д,10003070,└tдs╢m,10003070-013,дд┐│з°,101.03,2.61,19533.22,32.68,17.68,15.,84.87,"103Y12M"
10003,оч╢щ┐д,10003070,└tдs╢m,10003070-014,дs╝wз°,100.52,2.88,21846.58,32.76,16.58,16.19,97.65,"103Y12M"
10003,оч╢щ┐д,10003070,└tдs╢m,10003070-015,╖s╕Їз°,98.88,2.75,21669.93,35.93,18.68,17.25,92.33,"103Y12M"
10003,оч╢щ┐д,10003070,└tдs╢m,10003070-016,└н│╗з°,107.51,2.96,3313.18,29.94,17.66,12.28,69.52,"103Y12M"
10003,оч╢щ┐д,10003070,└tдs╢m,10003070-017,└s╣╪з°,108.77,2.69,309.61,25.8,11.91,13.89,116.58,"103Y12M"
10003,оч╢щ┐д,10003070,└tдs╢m,10003070-018,┬┬╕Їз°,109.47,2.89,329.96,38.33,16.01,22.32,139.37,"103Y12M"
10003,оч╢щ┐д,10003070,└tдs╢m,10003070-019,дj▒^з°,111.87,2.88,1074.67,33.72,18.82,14.89,79.13,"103Y12M"
10003,оч╢щ┐д,10003070,└tдs╢m,10003070-020,дхд╞з°,93.22,2.31,2498.24,30.25,23.1,7.14,30.92,"103Y12M"
10003,оч╢щ┐д,10003070,└tдs╢m,10003070-021,лnм№з°,99.85,2.78,7170.12,35.2,27.24,7.96,29.24,"103Y12M"
10003,оч╢щ┐д,10003070,└tдs╢m,10003070-022,йп║╓з°,102.21,2.79,13764.4,27.58,18.89,8.69,46.02,"103Y12M"
10003,оч╢щ┐д,10003070,└tдs╢m,10003070-023,║╓╖╜з°,109.57,3.08,1293.88,27.82,16.8,11.02,65.59,"103Y12M"
10003,оч╢щ┐д,10003070,└tдs╢m,10003070-024,└s╡╪з°,103.16,2.44,11611.52,20.32,10.48,9.84,93.83,"103Y12M"
10003,оч╢щ┐д,10003070,└tдs╢m,10003070-025,░j└sз°,100.,2.4,10550.83,20.6,12.,8.6,71.65,"103Y12M"
10003,оч╢щ┐д,10003070,└tдs╢m,10003070-026,╖s└нз°,104.36,2.88,4141.93,26.68,17.02,9.66,56.79,"103Y12M"
10003,оч╢щ┐д,10003070,└tдs╢m,10003070-027,дj┤Єз°,89.34,2.06,10429.8,25.96,18.93,7.02,37.1,"103Y12M"
10003,оч╢щ┐д,10003070,└tдs╢m,10003070-028,дj╡╪з°,98.1,2.55,3902.34,32.64,27.4,5.25,19.15,"103Y12M"
10003,оч╢щ┐д,10003070,└tдs╢m,10003070-029,к°й░з°,73.46,2.01,8793.25,37.93,34.33,3.6,10.48,"103Y12M"
10003,оч╢щ┐д,10003070,└tдs╢m,10003070-030,╖s┐│з°,128.98,1.99,9464.6,33.09,13.55,19.54,144.24,"103Y12M"
10003,оч╢щ┐д,10003080,дK╝wел,10003080-001,┐│дпи╜,113.15,2.38,3997.61,25.56,15.99,9.56,59.79,"103Y12M"
10003,оч╢щ┐д,10003080,дK╝wел,10003080-002,║╓┐│и╜,104.52,2.67,5631.53,29.43,20.52,8.9,43.38,"103Y12M"
10003,оч╢щ┐д,10003080,дK╝wел,10003080-003,╖ч┬╫и╜,106.33,2.7,7717.61,35.66,19.4,16.26,83.83,"103Y12M"
10003,оч╢щ┐д,10003080,дK╝wел,10003080-004,╖ч╡oи╜,97.37,3.03,13378.36,35.91,19.,16.91,88.99,"103Y12M"
10003,оч╢щ┐д,10003080,дK╝wел,10003080-005,╖ч╝wи╜,97.44,2.82,11249.64,34.,17.72,16.28,91.83,"103Y12M"
10003,оч╢щ┐д,10003080,дK╝wел,10003080-006,╖ч▓╗и╜,106.12,2.93,8161.55,33.36,18.81,14.54,77.31,"103Y12M"
10003,оч╢щ┐д,10003080,дK╝wел,10003080-007,╝s┐│и╜,109.08,3.05,1891.97,29.8,15.41,14.39,93.41,"103Y12M"
10003,оч╢щ┐д,10003080,дK╝wел,10003080-008,╝s╢йи╜,103.,2.89,10097.95,31.53,18.93,12.61,66.62,"103Y12M"
10003,оч╢щ┐д,10003080,дK╝wел,10003080-009,ж╦╢щи╜,108.75,3.02,1798.1,27.41,15.41,12.,77.87,"103Y12M"
10003,оч╢щ┐д,10003080,дK╝wел,10003080-010,╛]╕╠и╜,111.23,3.2,1101.42,33.17,17.78,15.38,86.52,"103Y12M"
10003,оч╢щ┐д,10003080,дK╝wел,10003080-011,нX╨ди╜,102.93,3.16,4203.88,30.09,21.6,8.49,39.33,"103Y12M"
10003,оч╢щ┐д,10003080,дK╝wел,10003080-012,░кй·и╜,102.1,2.82,21860.27,27.68,17.07,10.61,62.18,"103Y12M"
10003,оч╢щ┐д,10003080,дK╝wел,10003080-013,е╒╞Oи╜,108.43,3.17,1304.1,34.41,21.03,13.38,63.61,"103Y12M"
10003,оч╢щ┐д,10003080,дK╝wел,10003080-014,дj┘їи╜,106.16,2.71,3276.98,24.82,15.65,9.17,58.6,"103Y12M"
10003,оч╢щ┐д,10003080,дK╝wел,10003080-015,дjжwи╜,103.82,3.3,2459.5,26.3,17.43,8.87,50.9,"103Y12M"
10003,оч╢щ┐д,10003080,дK╝wел,10003080-016,дj┐│и╜,100.79,3.03,2767.09,33.18,23.16,10.02,43.28,"103Y12M"
10003,оч╢щ┐д,10003080,дK╝wел,10003080-017,дjйMи╜,95.39,2.63,24206.05,31.69,23.34,8.34,35.75,"103Y12M"
10003,оч╢щ┐д,10003080,дK╝wел,10003080-018,дjжPи╜,99.78,2.96,34198.38,36.56,19.64,16.92,86.15,"103Y12M"
10003,оч╢щ┐д,10003080,дK╝wел,10003080-019,дjжии╜,102.63,3.11,23648.61,41.22,21.08,20.14,95.57,"103Y12M"
10003,оч╢щ┐д,10003080,дK╝wел,10003080-020,дj╕qи╜,99.05,2.75,36030.8,34.86,20.14,14.71,73.06,"103Y12M"
10003,оч╢щ┐д,10003080,дK╝wел,10003080-021,дjй╛и╜,99.64,2.81,8413.85,48.02,30.49,17.53,57.48,"103Y12M"
10003,оч╢щ┐д,10003080,дK╝wел,10003080-022,дj║╓и╜,93.87,2.76,18998.55,35.28,25.14,10.14,40.34,"103Y12M"
10003,оч╢щ┐д,10003080,дK╝wел,10003080-023,дjлiи╜,97.51,2.72,9400.36,29.36,21.37,7.98,37.35,"103Y12M"
10003,оч╢щ┐д,10003080,дK╝wел,10003080-024,дjлHи╜,147.19,3.45,2969.67,53.16,16.61,36.55,220.09,"103Y12M"
10003,оч╢щ┐д,10003080,дK╝wел,10003080-025,дj╡╪и╜,104.87,2.92,12587.46,28.93,17.78,11.15,62.72,"103Y12M"
10003,оч╢щ┐д,10003080,дK╝wел,10003080-026,дjдпи╜,96.18,3.06,12423.67,29.72,20.04,9.67,48.26,"103Y12M"
10003,оч╢щ┐д,10003080,дK╝wел,10003080-027,дj┤╝и╜,98.88,2.38,17525.44,28.68,16.11,12.57,78.03,"103Y12M"
10003,оч╢щ┐д,10003080,дK╝wел,10003080-028,╖чоїи╜,102.32,2.99,7339.39,26.32,17.44,8.87,50.86,"103Y12M"
10003,оч╢щ┐д,10003080,дK╝wел,10003080-029,дjйўи╜,99.52,2.98,23280.39,31.74,18.1,13.64,75.33,"103Y12M"
10003,оч╢щ┐д,10003080,дK╝wел,10003080-030,дjе┐и╜,89.64,2.72,13447.76,34.31,25.55,8.76,34.3,"103Y12M"
10003,оч╢щ┐д,10003080,дK╝wел,10003080-031,дj▒jи╜,105.43,3.25,3817.4,27.12,17.18,9.93,57.8,"103Y12M"
10003,оч╢щ┐д,10003080,дK╝wел,10003080-032,дj╡oи╜,113.74,3.05,1956.82,26.28,15.3,10.99,71.84,"103Y12M"
10003,оч╢щ┐д,10003080,дK╝wел,10003080-033,дjй·и╜,99.36,2.81,21565.29,26.31,18.21,8.1,44.5,"103Y12M"
10003,оч╢щ┐д,10003080,дK╝wел,10003080-034,дjж╦и╜,105.36,3.17,1339.81,31.39,18.12,13.27,73.25,"103Y12M"
10003,оч╢щ┐д,10003080,дK╝wел,10003080-035,дj╝yи╜,103.3,2.76,29725.47,29.66,16.08,13.58,84.47,"103Y12M"
10003,оч╢щ┐д,10003080,дK╝wел,10003080-036,дjдdи╜,91.45,2.88,20716.06,29.58,20.55,9.03,43.95,"103Y12M"
10003,оч╢щ┐д,10003080,дK╝wел,10003080-037,дj║aи╜,102.35,2.73,32431.18,27.77,16.11,11.66,72.34,"103Y12M"
10003,оч╢щ┐д,10003080,дK╝wел,10003080-038,нXй·и╜,96.08,2.39,9687.03,28.41,18.26,10.15,55.59,"103Y12M"
10003,оч╢щ┐д,10003080,дK╝wел,10003080-039,░кл░и╜,98.11,2.71,27644.69,31.22,19.17,12.05,62.88,"103Y12M"
10003,оч╢щ┐д,10003080,дK╝wел,10003080-040,╖ч┐│и╜,104.62,3.23,2387.15,27.08,15.7,11.38,72.47,"103Y12M"
10003,оч╢щ┐д,10003080,дK╝wел,10003080-041,дj╖Rи╜,98.91,2.87,13738.8,29.57,18.72,10.85,57.96,"103Y12M"
10003,оч╢щ┐д,10003080,дK╝wел,10003080-042,дjз╗и╜,98.85,3.04,19872.96,30.33,23.1,7.23,31.31,"103Y12M"
10003,оч╢щ┐д,10003080,дK╝wел,10003080-043,дj║~и╜,92.48,2.7,95189.97,23.73,18.87,4.86,25.78,"103Y12M"
10003,оч╢щ┐д,10003080,дK╝wел,10003080-044,╝s╝wи╜,108.38,3.,2131.08,20.94,11.45,9.49,82.81,"103Y12M"
10003,оч╢щ┐д,10003080,дK╝wел,10003080-045,└sд═и╜,103.18,3.04,9346.51,38.43,20.3,18.13,89.31,"103Y12M"
10003,оч╢щ┐д,10003080,дK╝wел,10003080-046,│░е·и╜,97.62,2.54,76158.3,46.15,22.06,24.08,109.15,"103Y12M"
10003,оч╢щ┐д,10003080,дK╝wел,10003080-047,е├┬╫и╜,105.26,3.17,2157.81,31.06,18.87,12.19,64.62,"103Y12M"
10003,оч╢щ┐д,10003080,дK╝wел,10003080-048,дj╢╢и╜,108.61,3.02,11348.77,26.13,15.38,10.75,69.92,"103Y12M"
10003,оч╢щ┐д,10003090,└s╝ц╢m,10003090-001,╢└нЁз°,107.57,3.14,1824.52,30.75,18.67,12.08,64.67,"103Y12M"
10003,оч╢щ┐д,10003090,└s╝ц╢m,10003090-002,дддsз°,97.29,3.14,5868.86,39.03,21.75,17.28,79.47,"103Y12M"
10003,оч╢щ┐д,10003090,└s╝ц╢m,10003090-003,пQкLз°,102.59,3.04,4536.79,32.46,19.16,13.29,69.36,"103Y12M"
10003,оч╢щ┐д,10003090,└s╝ц╢m,10003090-004,░кенз°,103.26,3.28,478.46,29.16,15.54,13.62,87.62,"103Y12M"
10003,оч╢щ┐д,10003090,└s╝ц╢m,10003090-006,нт╢│з°,103.29,3.2,2510.95,33.68,18.3,15.37,84.,"103Y12M"
10003,оч╢щ┐д,10003090,└s╝ц╢m,10003090-007,дK╝wз°,106.3,3.01,886.51,27.58,15.17,12.41,81.79,"103Y12M"
10003,оч╢щ┐д,10003090,└s╝ц╢m,10003090-008,дTдЇз°,124.49,2.87,123.21,44.19,14.98,29.21,195.,"103Y12M"
10003,оч╢щ┐д,10003090,└s╝ц╢m,10003090-009,дWкLз°,104.33,3.09,1908.1,33.21,20.5,12.71,62.03,"103Y12M"
10003,оч╢щ┐д,10003090,└s╝ц╢m,10003090-010,дде┐з°,96.62,3.13,8052.71,37.64,28.49,9.15,32.11,"103Y12M"
10003,оч╢щ┐д,10003090,└s╝ц╢m,10003090-011,└s╝цз°,104.42,3.2,14287.3,39.49,17.21,22.28,129.47,"103Y12M"
10003,оч╢щ┐д,10003090,└s╝ц╢m,10003090-012,░кньз°,105.63,3.13,673.32,32.27,20.02,12.25,61.17,"103Y12M"
10003,оч╢щ┐д,10003090,└s╝ц╢m,10003090-013,дE└sз°,101.6,2.86,938.5,30.44,18.17,12.27,67.56,"103Y12M"
10003,оч╢щ┐д,10003090,└s╝ц╢m,10003090-014,дд┐│з°,103.59,2.95,14329.81,31.09,19.67,11.42,58.05,"103Y12M"
10003,оч╢щ┐д,10003090,└s╝ц╢m,10003090-015,и╬жwз°,98.66,2.82,1080.88,38.31,20.41,17.9,87.7,"103Y12M"
10003,оч╢щ┐д,10003090,└s╝ц╢m,10003090-016,дTйMз°,104.79,2.64,332.08,33.74,19.81,13.93,70.32,"103Y12M"
10003,оч╢щ┐д,10003090,└s╝ц╢m,10003090-017,дTз|з°,114.37,3.1,419.05,37.82,15.27,22.55,147.69,"103Y12M"
10003,оч╢щ┐д,10003090,└s╝ц╢m,10003090-018,дjенз°,98.92,2.22,513.26,31.08,14.02,17.05,121.61,"103Y12M"
10003,оч╢щ┐д,10003090,└s╝ц╢m,10003090-019,дTкLз°,104.15,2.89,627.05,29.92,17.66,12.26,69.45,"103Y12M"
10003,оч╢щ┐д,10003090,└s╝ц╢m,10003090-020,е├┐│з°,103.37,3.09,8647.62,32.39,18.57,13.83,74.47,"103Y12M"
10003,оч╢щ┐д,10003090,└s╝ц╢m,10003090-021,пQ╛ЁкLз°,106.13,3.13,1782.46,33.33,18.2,15.13,83.11,"103Y12M"
10003,оч╢щ┐д,10003090,└s╝ц╢m,10003090-022,ж╩ж~з°,90.74,2.48,30212.94,32.59,20.59,12.,58.26,"103Y12M"
10003,оч╢щ┐д,10003090,└s╝ц╢m,10003090-023,└s▓╗з°,102.6,3.04,4788.22,31.92,19.3,12.62,65.37,"103Y12M"
10003,оч╢щ┐д,10003090,└s╝ц╢m,10003090-024,╕t╝wз°,105.87,3.,2724.72,26.25,16.72,9.52,56.96,"103Y12M"
10003,оч╢щ┐д,10003090,└s╝ц╢m,10003090-025,└sмPз°,107.1,2.75,12067.32,35.22,22.86,12.36,54.05,"103Y12M"
10003,оч╢щ┐д,10003090,└s╝ц╢m,10003090-026,дW╡╪з°,94.53,3.,3701.17,36.49,24.89,11.59,46.57,"103Y12M"
10003,оч╢щ┐д,10003090,└s╝ц╢m,10003090-027,кZ║~з°,102.79,3.06,3356.26,31.33,19.75,11.58,58.63,"103Y12M"
10003,оч╢щ┐д,10003090,└s╝ц╢m,10003090-028,кF┐│з°,102.21,2.81,10859.06,34.12,19.65,14.47,73.64,"103Y12M"
10003,оч╢щ┐д,10003090,└s╝ц╢m,10003090-029,е_┐│з°,104.09,2.93,4238.9,30.49,17.89,12.6,70.46,"103Y12M"
10003,оч╢щ┐д,10003090,└s╝ц╢m,10003090-030,л╪кLз°,99.19,2.99,14074.49,31.,18.65,12.35,66.24,"103Y12M"
10003,оч╢щ┐д,10003090,└s╝ц╢m,10003090-031,┤IкLз°,95.98,2.91,2280.62,30.51,18.12,12.39,68.37,"103Y12M"
10003,оч╢щ┐д,10003100,ен┬эел,10003100-001,┬∙│sи╜,106.46,3.05,1857.79,35.62,21.98,13.64,62.04,"103Y12M"
10003,оч╢щ┐д,10003100,ен┬эел,10003100-002,░к┬∙и╜,103.5,3.21,1535.57,33.62,22.5,11.12,49.41,"103Y12M"
10003,оч╢щ┐д,10003100,ен┬эел,10003100-003,┤_е╣и╜,93.89,2.93,8642.65,33.64,28.46,5.18,18.19,"103Y12M"
10003,оч╢щ┐д,10003100,ен┬эел,10003100-004,╝s┐│и╜,92.54,2.68,29814.78,36.1,21.31,14.79,69.39,"103Y12M"
10003,оч╢щ┐д,10003100,ен┬эел,10003100-005,╕qе┴и╜,91.75,2.72,15879.27,29.45,20.7,8.76,42.3,"103Y12M"
10003,оч╢щ┐д,10003100,ен┬эел,10003100-006,з║л╬и╜,99.69,3.16,3887.4,30.67,20.13,10.55,52.39,"103Y12M"
10003,оч╢щ┐д,10003100,ен┬эел,10003100-007,╖s╢╒и╜,100.87,2.89,11737.25,37.25,20.88,16.37,78.41,"103Y12M"
10003,оч╢щ┐д,10003100,ен┬эел,10003100-008,╖s┤Iи╜,108.05,2.24,17222.25,25.15,16.9,8.26,48.85,"103Y12M"
10003,оч╢щ┐д,10003100,ен┬эел,10003100-009,е_╢╒и╜,102.13,2.86,18374.43,39.06,17.19,21.88,127.27,"103Y12M"
10003,оч╢щ┐д,10003100,ен┬эел,10003100-010,е_┐│и╜,102.01,3.38,4596.16,33.25,20.61,12.65,61.37,"103Y12M"
10003,оч╢щ┐д,10003100,ен┬эел,10003100-011,е_╢Qи╜,103.54,3.1,14183.46,26.56,18.08,8.48,46.88,"103Y12M"
10003,оч╢щ┐д,10003100,ен┬эел,10003100-012,ен┬эи╜,109.07,3.2,3266.6,32.1,18.46,13.64,73.91,"103Y12M"
10003,оч╢щ┐д,10003100,ен┬эел,10003100-013,лn╢╒и╜,100.96,3.13,3122.38,29.75,19.94,9.81,49.2,"103Y12M"
10003,оч╢щ┐д,10003100,ен┬эел,10003100-014,▓°╖qи╜,98.28,2.86,20355.48,34.94,18.36,16.58,90.32,"103Y12M"
10003,оч╢щ┐д,10003100,ен┬эел,10003100-015,дsоpи╜,106.18,3.04,5265.46,34.25,16.88,17.37,102.91,"103Y12M"
10003,оч╢щ┐д,10003100,ен┬эел,10003100-016,┤ще·и╜,97.92,3.03,9958.53,32.25,19.87,12.38,62.31,"103Y12M"
10003,оч╢щ┐д,10003100,ен┬эел,10003100-017,└sожи╜,95.83,2.73,4582.61,36.18,18.77,17.42,92.81,"103Y12M"
10003,оч╢щ┐д,10003100,ен┬эел,10003100-018,кFк└и╜,101.92,2.95,6837.85,35.67,18.6,17.07,91.77,"103Y12M"
10003,оч╢щ┐д,10003100,ен┬эел,10003100-019,└s┐│и╜,94.89,3.09,14538.94,41.93,24.79,17.14,69.11,"103Y12M"
10003,оч╢щ┐д,10003100,ен┬эел,10003100-020,╢TйЎи╜,100.93,2.73,11071.27,43.28,31.15,12.12,38.92,"103Y12M"
10003,оч╢щ┐д,10003100,ен┬эел,10003100-021,й╛нsи╜,94.02,2.69,10365.27,40.72,24.58,16.14,65.69,"103Y12M"
10003,оч╢щ┐д,10003100,ен┬эел,10003100-022,дде┐и╜,95.26,2.63,29300.98,36.22,26.51,9.7,36.6,"103Y12M"
10003,оч╢щ┐д,10003100,ен┬эел,10003100-023,л╪жwи╜,104.12,3.29,1765.95,29.86,17.43,12.42,71.28,"103Y12M"
10003,оч╢щ┐д,10003100,ен┬эел,10003100-024,кF╢╒и╜,111.31,3.13,1004.56,31.55,18.89,12.66,67.,"103Y12M"
10003,оч╢щ┐д,10003100,ен┬эел,10003100-025,кFжwи╜,96.48,2.91,12263.19,29.72,16.79,12.93,77.,"103Y12M"
10003,оч╢щ┐д,10003100,ен┬эел,10003100-026,╖sжwи╜,101.11,3.02,5581.13,28.32,18.4,9.92,53.94,"103Y12M"
10003,оч╢щ┐д,10003100,ен┬эел,10003100-027,┬э┐│и╜,111.89,2.89,826.,33.4,17.71,15.69,88.63,"103Y12M"
10003,оч╢щ┐д,10003100,ен┬эел,10003100-028,╕q┐│и╜,97.45,2.97,21977.9,33.58,21.17,12.41,58.63,"103Y12M"
10003,оч╢щ┐д,10003100,ен┬эел,10003100-029,┤щ┬╫и╜,104.35,2.93,1807.19,30.06,18.43,11.64,63.14,"103Y12M"
10003,оч╢щ┐д,10003100,ен┬эел,10003100-030,┤щжwи╜,103.45,3.02,4629.92,31.18,22.93,8.25,35.96,"103Y12M"
10003,оч╢щ┐д,10003100,ен┬эел,10003100-031,╝s╣Fи╜,97.69,3.11,18101.58,34.01,20.3,13.71,67.52,"103Y12M"
10003,оч╢щ┐д,10003100,ен┬эел,10003100-032,║╓кLи╜,105.94,3.1,1804.14,33.68,20.64,13.04,63.18,"103Y12M"
10003,оч╢щ┐д,10003100,ен┬эел,10003100-033,кўмPи╜,100.88,2.81,15315.65,30.72,25.23,5.49,21.74,"103Y12M"
10003,оч╢щ┐д,10003100,ен┬эел,10003100-034,╝sдпи╜,96.49,2.99,5692.83,29.64,19.59,10.05,51.3,"103Y12M"
10003,оч╢щ┐д,10003100,ен┬эел,10003100-035,╖s╢Qи╜,104.93,3.16,2774.63,30.99,17.54,13.46,76.73,"103Y12M"
10003,оч╢щ┐д,10003100,ен┬эел,10003100-036,е_┤Iи╜,101.14,3.19,6108.08,27.96,18.01,9.96,55.28,"103Y12M"
10003,оч╢щ┐д,10003100,ен┬эел,10003100-037,╖s║aи╜,97.23,2.94,19785.93,24.76,15.66,9.1,58.12,"103Y12M"
10003,оч╢щ┐д,10003100,ен┬эел,10003100-038,╡╪жwи╜,98.72,2.93,18471.74,31.48,21.13,10.36,49.03,"103Y12M"
10003,оч╢щ┐д,10003100,ен┬эел,10003100-039,кў│ои╜,94.72,2.72,26188.65,33.32,21.85,11.47,52.47,"103Y12M"
10003,оч╢щ┐д,10003100,ен┬эел,10003100-040,е_жwи╜,100.96,2.86,20110.12,45.48,21.89,23.59,107.77,"103Y12M"
10003,оч╢щ┐д,10003100,ен┬эел,10003100-041,е_╡╪и╜,96.36,2.95,25655.75,31.78,20.74,11.04,53.21,"103Y12M"
10003,оч╢щ┐д,10003100,ен┬эел,10003100-042,┤_┐│и╜,96.24,3.17,21387.12,37.63,29.08,8.55,29.4,"103Y12M"
10003,оч╢щ┐д,10003100,ен┬эел,10003100-043,ен┐│и╜,92.33,2.72,32526.82,35.07,29.62,5.45,18.4,"103Y12M"
10003,оч╢щ┐д,10003100,ен┬эел,10003100-044,╖sн^и╜,94.04,2.47,19985.42,23.41,17.62,5.8,32.9,"103Y12M"
10003,оч╢щ┐д,10003100,ен┬эел,10003100-045,енжwи╜,107.52,3.22,7449.7,33.54,21.07,12.46,59.15,"103Y12M"
10003,оч╢щ┐д,10003100,ен┬эел,10003100-046,енлnи╜,102.79,3.03,10683.04,29.08,22.19,6.89,31.05,"103Y12M"
10003,оч╢щ┐д,10003110,╖sл╬╢m,10003110-001,╖sл╬з°,104.86,3.18,3878.49,45.9,22.97,22.93,99.81,"103Y12M"
10003,оч╢щ┐д,10003110,╖sл╬╢m,10003110-002,╖sе═з°,103.39,3.34,4094.09,40.37,24.31,16.06,66.06,"103Y12M"
10003,оч╢щ┐д,10003110,╖sл╬╢m,10003110-003,лс┤Єз°,117.4,3.35,645.05,42.83,21.66,21.18,97.77,"103Y12M"
10003,оч╢щ┐д,10003110,╖sл╬╢m,10003110-004,▓M╡╪з°,112.27,3.24,695.4,35.01,19.61,15.4,78.49,"103Y12M"
10003,оч╢щ┐д,10003110,╖sл╬╢m,10003110-005,└Yмwз°,111.31,2.93,1006.12,35.11,19.84,15.27,76.95,"103Y12M"
10003,оч╢щ┐д,10003110,╖sл╬╢m,10003110-006,оH│╗з°,116.48,3.32,834.09,32.89,16.67,16.23,97.36,"103Y12M"
10003,оч╢щ┐д,10003110,╖sл╬╢m,10003110-007,дEдцз°,104.56,3.12,617.59,34.94,17.44,17.49,100.29,"103Y12M"
10003,оч╢щ┐д,10003110,╖sл╬╢m,10003110-008,к└дlз°,128.92,3.07,329.94,44.25,16.34,27.92,170.88,"103Y12M"
10003,оч╢щ┐д,10003110,╖sл╬╢m,10003110-009,кFй·з°,108.86,3.17,605.12,36.6,16.65,19.95,119.81,"103Y12M"
10003,оч╢щ┐д,10003110,╖sл╬╢m,10003110-010,е█╜Uз°,110.94,3.32,473.24,41.01,20.26,20.74,102.37,"103Y12M"
10003,оч╢щ┐д,10003110,╖sл╬╢m,10003110-011,дUоHз°,131.3,2.75,347.55,39.51,12.24,27.27,222.86,"103Y12M"
10003,оч╢щ┐д,10003110,╖sл╬╢m,10003110-012,дUе╨з°,115.25,2.99,442.35,41.83,16.95,24.88,146.77,"103Y12M"
10003,оч╢щ┐д,10003110,╖sл╬╢m,10003110-013,е█╡Pз°,122.27,2.89,354.15,42.19,14.79,27.4,185.19,"103Y12M"
10003,оч╢щ┐д,10003110,╖sл╬╢m,10003110-014,ик─цз°,113.73,3.3,446.15,37.32,15.26,22.06,144.58,"103Y12M"
10003,оч╢щ┐д,10003110,╖sл╬╢m,10003110-015,е├┐│з°,127.9,2.42,334.12,42.73,14.41,28.32,196.46,"103Y12M"
10003,оч╢щ┐д,10003110,╖sл╬╢m,10003110-016,е├жwз°,115.88,3.2,557.34,39.48,16.63,22.85,137.38,"103Y12M"
10003,оч╢щ┐д,10003110,╖sл╬╢m,10003110-017,▓┬┤фз°,124.19,2.84,274.19,44.77,14.64,30.14,205.88,"103Y12M"
10003,оч╢щ┐д,10003110,╖sл╬╢m,10003110-018,▓`ж`з°,132.2,2.67,274.43,49.11,14.12,34.99,247.89,"103Y12M"
10003,оч╢щ┐д,10003110,╖sл╬╢m,10003110-019,│H╢бз°,125.76,2.9,423.55,34.75,16.02,18.73,116.94,"103Y12M"
10003,оч╢щ┐д,10003110,╖sл╬╢m,10003110-020,Юї╖}з°,129.52,2.84,296.45,37.76,13.84,23.92,172.8,"103Y12M"
10003,оч╢щ┐д,10003110,╖sл╬╢m,10003110-021,лс╔▄з°,136.66,3.01,284.32,40.75,13.13,27.63,210.43,"103Y12M"
10003,оч╢щ┐д,10003110,╖sл╬╢m,10003110-022,дjйYз°,124.39,3.06,301.82,50.1,20.15,29.94,148.57,"103Y12M"
10003,оч╢щ┐д,10003110,╖sл╬╢m,10003110-023,▒ц╢бз°,145.52,2.88,257.08,45.11,13.,32.11,246.9,"103Y12M"
10003,оч╢щ┐д,10003120,╞[н╡╢m,10003120-001,╞[н╡з°,111.55,2.74,2126.86,39.6,19.54,20.06,102.64,"103Y12M"
10003,оч╢щ┐д,10003120,╞[н╡╢m,10003120-002,е╒е╔з°,122.46,2.5,267.76,41.2,16.59,24.61,148.32,"103Y12M"
10003,оч╢щ┐д,10003120,╞[н╡╢m,10003120-003,╝s┐│з°,127.86,3.02,421.22,40.58,17.71,22.86,129.06,"103Y12M"
10003,оч╢щ┐д,10003120,╞[н╡╢m,10003120-004,дj╝цз°,113.31,2.82,333.37,34.43,16.7,17.72,106.11,"103Y12M"
10003,оч╢щ┐д,10003120,╞[н╡╢m,10003120-005,кZл┬з°,114.41,2.99,525.68,44.04,19.64,24.4,124.29,"103Y12M"
10003,оч╢щ┐д,10003120,╞[н╡╢m,10003120-006,лOе═з°,113.77,3.05,411.61,39.2,19.89,19.31,97.11,"103Y12M"
10003,оч╢щ┐д,10003120,╞[н╡╢m,10003120-007,дTйMз°,118.97,2.94,352.47,38.61,14.19,24.42,172.12,"103Y12M"
10003,оч╢щ┐д,10003120,╞[н╡╢m,10003120-008,╖s┐│з°,126.76,3.24,430.62,37.54,12.62,24.92,197.4,"103Y12M"
10003,оч╢щ┐д,10003120,╞[н╡╢m,10003120-009,з|з└з°,124.4,3.02,559.17,37.32,17.59,19.73,112.18,"103Y12M"
10003,оч╢щ┐д,10003120,╞[н╡╢m,10003120-010,кў┤Єз°,109.33,3.14,779.23,34.1,20.06,14.04,70.,"103Y12M"
10003,оч╢щ┐д,10003120,╞[н╡╢m,10003120-011,┬┼оHз°,116.01,3.03,654.98,32.23,17.,15.23,89.62,"103Y12M"
10003,оч╢щ┐д,10003120,╞[н╡╢m,10003120-012,дjжPз°,103.37,3.17,1684.42,37.52,24.84,12.68,51.04,"103Y12M"
10003,оч╢щ┐д,10003120,╞[н╡╢m,10003120-013,дj╘│з°,118.82,3.04,819.99,34.88,19.8,15.08,76.17,"103Y12M"
10003,оч╢щ┐д,10003120,╞[н╡╢m,10003120-014,▒[йWз°,105.32,3.13,1167.52,31.05,17.19,13.86,80.66,"103Y12M"
10003,оч╢щ┐д,10003120,╞[н╡╢m,10003120-015,┤I╖╜з°,101.46,2.82,1220.58,29.35,18.89,10.46,55.36,"103Y12M"
10003,оч╢щ┐д,10003120,╞[н╡╢m,10003120-016,дWдjз°,113.35,3.05,666.13,30.45,16.8,13.65,81.25,"103Y12M"
10003,оч╢щ┐д,10003120,╞[н╡╢m,10003120-017,╖sйYз°,112.11,3.29,761.24,40.16,21.,19.16,91.24,"103Y12M"
10003,оч╢щ┐д,10003120,╞[н╡╢m,10003120-018,╝s║╓з°,111.73,3.24,603.29,34.77,18.12,16.65,91.87,"103Y12M"
10003,оч╢щ┐д,10003120,╞[н╡╢m,10003120-019,╢Ё╕}з°,126.68,3.27,353.63,44.06,19.84,24.22,122.09,"103Y12M"
10003,оч╢щ┐д,10003120,╞[н╡╢m,10003120-020,лO╗┘з°,108.5,3.23,350.58,39.73,23.84,15.89,66.67,"103Y12M"
10003,оч╢щ┐д,10003120,╞[н╡╢m,10003120-021,пє║кз°,114.12,3.23,630.03,41.74,23.34,18.4,78.85,"103Y12M"
10003,оч╢щ┐д,10003120,╞[н╡╢m,10003120-022,╛ЁкLз°,105.4,2.65,433.32,34.97,22.01,12.96,58.87,"103Y12M"
10003,оч╢щ┐д,10003120,╞[н╡╢m,10003120-023,┤IкLз°,106.29,3.19,746.83,39.86,25.13,14.73,58.6,"103Y12M"
10003,оч╢щ┐д,10003120,╞[н╡╢m,10003120-024,пє╖sз°,99.08,3.1,3848.71,36.01,29.87,6.14,20.55,"103Y12M"
10003,оч╢щ┐д,10003130,┤_┐│╢m,10003130-001,дTе┴з°,120.75,2.8,184.97,40.59,20.52,20.08,97.85,"103Y12M"
10003,оч╢щ┐д,10003130,┤_┐│╢m,10003130-002,┐Aдпз°,113.5,2.96,143.19,40.37,21.3,19.08,89.58,"103Y12M"
10003,оч╢щ┐д,10003130,┤_┐│╢m,10003130-003,╕q▓▒з°,122.47,3.21,16.81,36.47,25.04,11.43,45.64,"103Y12M"
10003,оч╢щ┐д,10003130,┤_┐│╢m,10003130-004,┴°╢│з°,123.08,2.89,28.32,33.94,22.49,11.45,50.89,"103Y12M"
10003,оч╢щ┐д,10003130,┤_┐│╢m,10003130-005,к°┐│з°,132.9,2.94,29.36,36.19,20.76,15.43,74.31,"103Y12M"
10003,оч╢щ┐д,10003130,┤_┐│╢m,10003130-006,дTе·з°,121.34,3.3,29.66,35.96,24.91,11.05,44.36,"103Y12M"
10003,оч╢щ┐д,10003130,┤_┐│╢m,10003130-007,л╢╜ўз°,118.58,3.28,42.92,30.92,20.85,10.07,48.31,"103Y12M"
10003,оч╢щ┐д,10003130,┤_┐│╢m,10003130-008,╡╪│оз°,131.71,2.63,14.15,38.65,23.29,15.36,65.95,"103Y12M"
10003,оч╢щ┐д,10003130,┤_┐│╢m,10003130-009,├╣пBз°,114.86,2.73,88.15,32.55,19.98,12.57,62.94,"103Y12M"
10003,оч╢щ┐д,10003130,┤_┐│╢m,10003130-010,░к╕qз°,127.21,3.36,14.2,39.4,30.53,8.87,29.06,"103Y12M"
10004,╖sж╦┐д,10004010,ж╦е_ел,10004010-001,дц▒[и╜,94.13,2.72,8190.24,45.94,40.2,5.75,14.3,"103Y12M"
10004,╖sж╦┐д,10004010,ж╦е_ел,10004010-002,│└│їи╜,95.66,2.72,6770.11,60.85,54.77,6.07,11.09,"103Y12M"
10004,╖sж╦┐д,10004010,ж╦е_ел,10004010-003,кFени╜,97.93,2.41,6781.53,53.32,49.57,3.74,7.55,"103Y12M"
10004,╖sж╦┐д,10004010,ж╦е_ел,10004010-004,дд┐│и╜,99.75,2.43,7809.13,43.93,37.57,6.36,16.93,"103Y12M"
10004,╖sж╦┐д,10004010,ж╦е_ел,10004010-005,╣iдfи╜,106.93,2.24,1254.5,41.41,31.07,10.34,33.28,"103Y12M"
10004,╖sж╦┐д,10004010,ж╦е_ел,10004010-006,кFо№и╜,108.23,2.82,985.53,33.57,16.95,16.63,98.11,"103Y12M"
10004,╖sж╦┐д,10004010,ж╦е_ел,10004010-007,ж╦е_и╜,99.27,3.03,7320.44,47.29,36.33,10.96,30.16,"103Y12M"
10004,╖sж╦┐д,10004010,ж╦е_ел,10004010-008,ж╦дпи╜,95.45,3.04,26139.01,43.32,30.8,12.52,40.65,"103Y12M"
10004,╖sж╦┐д,10004010,ж╦е_ел,10004010-009,ж╦╕qи╜,101.01,2.78,13870.18,36.82,24.06,12.76,53.02,"103Y12M"
10004,╖sж╦┐д,10004010,ж╦е_ел,10004010-010,оїйMи╜,101.66,3.02,2635.93,37.66,27.06,10.6,39.16,"103Y12M"
10004,╖sж╦┐д,10004010,ж╦е_ел,10004010-011,╖sк└и╜,98.75,3.08,11371.43,35.54,23.25,12.29,52.85,"103Y12M"
10004,╖sж╦┐д,10004010,ж╦е_ел,10004010-012,┴p┐│и╜,106.03,3.46,1955.,31.07,19.63,11.44,58.29,"103Y12M"
10004,╖sж╦┐д,10004010,ж╦е_ел,10004010-013,│┬╢щи╜,109.44,3.26,1399.05,29.92,16.85,13.07,77.54,"103Y12M"
10004,╖sж╦┐д,10004010,ж╦е_ел,10004010-014,╖╦ж{и╜,103.62,3.23,1405.3,32.55,17.5,15.05,85.98,"103Y12M"
10004,╖sж╦┐д,10004010,ж╦е_ел,10004010-015,е╒жaи╜,102.8,3.32,913.83,32.62,19.39,13.23,68.19,"103Y12M"
10004,╖sж╦┐д,10004010,ж╦е_ел,10004010-016,╖s┤фи╜,106.66,3.39,812.35,40.83,20.56,20.27,98.59,"103Y12M"
10004,╖sж╦┐д,10004010,ж╦е_ел,10004010-017,дj╕qи╜,112.7,3.22,627.52,35.6,17.55,18.05,102.86,"103Y12M"
10004,╖sж╦┐д,10004010,ж╦е_ел,10004010-018,▒R╕qи╜,111.24,3.17,512.34,38.28,20.59,17.69,85.88,"103Y12M"
10004,╖sж╦┐д,10004010,ж╦е_ел,10004010-019,дjм▄и╜,104.48,2.87,1086.22,29.49,17.08,12.41,72.69,"103Y12M"
10004,╖sж╦┐д,10004010,ж╦е_ел,10004010-020,й|╕qи╜,113.73,3.17,644.63,41.79,19.95,21.84,109.43,"103Y12M"
10004,╖sж╦┐д,10004010,ж╦е_ел,10004010-021,дQ┐│и╜,93.59,2.71,13183.12,64.65,59.49,5.16,8.67,"103Y12M"
10004,╖sж╦┐д,10004010,ж╦е_ел,10004010-022,╖s░ъи╜,103.34,3.02,6602.01,33.41,21.39,12.02,56.17,"103Y12M"
10004,╖sж╦┐д,10004010,ж╦е_ел,10004010-023,╖s╔▄и╜,110.37,3.35,505.42,33.13,15.49,17.64,113.91,"103Y12M"
10004,╖sж╦┐д,10004010,ж╦е_ел,10004010-024,е_▒[и╜,94.63,3.14,8153.83,41.64,33.36,8.28,24.81,"103Y12M"
10004,╖sж╦┐д,10004010,ж╦е_ел,10004010-025,╖s▒[и╜,106.66,2.89,4540.77,30.67,21.31,9.36,43.95,"103Y12M"
10004,╖sж╦┐д,10004010,ж╦е_ел,10004010-026,║╓╝wи╜,97.29,2.96,19298.4,43.08,24.95,18.13,72.68,"103Y12M"
10004,╖sж╦┐д,10004010,ж╦е_ел,10004010-027,кF┐│и╜,100.11,2.5,3207.99,40.26,31.02,9.24,29.79,"103Y12M"
10004,╖sж╦┐д,10004010,ж╦е_ел,10004010-028,е_┐│и╜,99.83,2.35,1777.59,40.93,32.46,8.47,26.1,"103Y12M"
10004,╖sж╦┐д,10004010,ж╦е_ел,10004010-029,┐│жwи╜,95.43,2.94,15800.29,46.22,40.07,6.15,15.36,"103Y12M"
10004,╖sж╦┐д,10004010,ж╦е_ел,10004010-030,дхд╞и╜,92.87,2.92,13170.47,44.08,36.62,7.45,20.35,"103Y12M"
10004,╖sж╦┐д,10004020,ж╦кF┬э,10004020-001,дWйWи╜,120.9,2.54,102.07,59.59,19.59,40.,204.17,"103Y12M"
10004,╖sж╦┐д,10004020,ж╦кF┬э,10004020-002,╖чоpи╜,111.54,2.29,58.05,41.83,14.04,27.79,197.96,"103Y12M"
10004,╖sж╦┐д,10004020,ж╦кF┬э,10004020-003,│n╛Їи╜,136.72,2.93,285.33,42.52,12.59,29.93,237.84,"103Y12M"
10004,╖sж╦┐д,10004020,ж╦кF┬э,10004020-004,н√╘°и╜,102.13,3.02,1510.46,37.05,17.31,19.74,114.03,"103Y12M"
10004,╖sж╦┐д,10004020,ж╦кF┬э,10004020-005,кF╣чи╜,98.35,2.94,4651.76,35.33,15.75,19.58,124.33,"103Y12M"
10004,╖sж╦┐д,10004020,ж╦кF┬э,10004020-006,дWБFи╜,98.77,2.98,4696.96,33.29,19.75,13.54,68.53,"103Y12M"
10004,╖sж╦┐д,10004020,ж╦кF┬э,10004020-007,дj╢mи╜,99.45,3.28,1955.66,39.95,24.31,15.64,64.35,"103Y12M"
10004,╖sж╦┐д,10004020,ж╦кF┬э,10004020-008,кF╡╪и╜,101.8,2.62,23761.01,54.83,20.34,34.48,169.49,"103Y12M"
10004,╖sж╦┐д,10004020,ж╦кF┬э,10004020-009,░╙╡╪и╜,100.47,2.76,10453.23,42.45,22.72,19.73,86.87,"103Y12M"
10004,╖sж╦┐д,10004020,ж╦кF┬э,10004020-010,ж╦кFи╜,107.59,2.85,10943.33,52.7,17.5,35.2,201.06,"103Y12M"
10004,╖sж╦┐д,10004020,ж╦кF┬э,10004020-011,║a╝╓и╜,102.28,2.89,8823.31,46.66,20.15,26.51,131.56,"103Y12M"
10004,╖sж╦┐д,10004020,ж╦кF┬э,10004020-012,Е╒кLи╜,97.46,2.8,3940.96,41.31,23.42,17.9,76.44,"103Y12M"
10004,╖sж╦┐д,10004020,ж╦кF┬э,10004020-013,дп╖Rи╜,97.74,3.01,3260.43,40.94,24.19,16.74,69.21,"103Y12M"
10004,╖sж╦┐д,10004020,ж╦кF┬э,10004020-014,дн┬╫и╜,99.66,3.05,2831.53,38.64,27.65,10.98,39.71,"103Y12M"
10004,╖sж╦┐д,10004020,ж╦кF┬э,10004020-015,дTнли╜,99.5,2.96,1231.51,35.68,23.69,11.99,50.64,"103Y12M"
10004,╖sж╦┐д,10004020,ж╦кF┬э,10004020-016,└Yнли╜,109.41,2.66,1621.99,31.3,17.16,14.14,82.37,"103Y12M"
10004,╖sж╦┐д,10004020,ж╦кF┬э,10004020-017,н√дsи╜,111.34,2.99,489.61,35.04,16.11,18.93,117.44,"103Y12M"
10004,╖sж╦┐д,10004020,ж╦кF┬э,10004020-018,м_┤Єи╜,124.92,2.68,200.96,36.18,13.45,22.73,168.92,"103Y12M"
10004,╖sж╦┐д,10004020,ж╦кF┬э,10004020-019,дGнли╜,104.32,3.05,2489.58,36.76,25.11,11.65,46.41,"103Y12M"
10004,╖sж╦┐д,10004020,ж╦кF┬э,10004020-020,дддsи╜,98.98,3.05,29707.34,50.91,23.11,27.8,120.3,"103Y12M"
10004,╖sж╦┐д,10004020,ж╦кF┬э,10004020-021,дде┐и╜,107.21,2.99,2664.5,38.05,16.4,21.65,132.03,"103Y12M"
10004,╖sж╦┐д,10004020,ж╦кF┬э,10004020-022,лn╡╪и╜,102.51,3.05,10885.04,51.82,18.68,33.14,177.36,"103Y12M"
10004,╖sж╦┐д,10004020,ж╦кF┬э,10004020-023,║a╡╪и╜,93.76,3.12,10436.18,49.29,30.68,18.61,60.67,"103Y12M"
10004,╖sж╦┐д,10004020,ж╦кF┬э,10004020-024,й╛з╡и╜,102.29,3.,27222.09,44.29,22.85,21.43,93.79,"103Y12M"
10004,╖sж╦┐д,10004020,ж╦кF┬э,10004020-025,│░┬╫и╜,114.09,3.59,796.45,51.96,29.41,22.55,76.67,"103Y12M"
10004,╖sж╦┐д,10004030,╖sоH┬э,10004030-001,д║е▀и╜,112.08,3.34,245.3,45.79,17.45,28.35,162.5,"103Y12M"
10004,╖sж╦┐д,10004030,╖sоH┬э,10004030-002,─_е█и╜,111.42,3.42,281.96,42.44,15.52,26.92,173.5,"103Y12M"
10004,╖sж╦┐д,10004030,╖sоH┬э,10004030-003,дхдsи╜,109.19,3.03,912.64,27.89,11.55,16.34,141.51,"103Y12M"
10004,╖sж╦┐д,10004030,╖sоH┬э,10004030-004,дноHи╜,118.13,3.46,595.87,39.82,19.62,20.2,102.93,"103Y12M"
10004,╖sж╦┐д,10004030,╖sоH┬э,10004030-005,е|оyи╜,105.38,3.28,1851.05,37.45,17.69,19.76,111.71,"103Y12M"
10004,╖sж╦┐д,10004030,╖sоH┬э,10004030-006,зЄз|и╜,117.76,3.3,527.21,36.32,15.29,21.04,137.6,"103Y12M"
10004,╖sж╦┐д,10004030,╖sоH┬э,10004030-007,е╨╖sи╜,109.1,3.4,1592.9,39.3,16.24,23.07,142.06,"103Y12M"
10004,╖sж╦┐д,10004030,╖sоH┬э,10004030-008,╖sоHи╜,92.47,3.04,7299.49,55.37,21.22,34.15,160.98,"103Y12M"
10004,╖sж╦┐д,10004030,╖sоH┬э,10004030-009,╖sе═и╜,106.18,3.14,8948.16,44.49,15.94,28.54,179.01,"103Y12M"
10004,╖sж╦┐д,10004030,╖sоH┬э,10004030-010,╖sе┴и╜,111.28,2.83,8116.62,43.76,15.58,28.18,180.88,"103Y12M"
10004,╖sж╦┐д,10004030,╖sоH┬э,10004030-011,дW╝dи╜,117.06,3.32,470.13,37.89,17.21,20.68,120.14,"103Y12M"
10004,╖sж╦┐д,10004030,╖sоH┬э,10004030-012,дU╝dи╜,113.7,3.07,691.5,26.01,10.62,15.39,144.87,"103Y12M"
10004,╖sж╦┐д,10004030,╖sоH┬э,10004030-013,лnени╜,121.08,3.59,280.56,46.07,16.79,29.29,174.47,"103Y12M"
10004,╖sж╦┐д,10004030,╖sоH┬э,10004030-014,е_ени╜,123.86,3.3,184.2,50.67,19.31,31.36,162.38,"103Y12M"
10004,╖sж╦┐д,10004030,╖sоH┬э,10004030-015,еиоHи╜,117.41,3.51,269.14,46.79,17.84,28.95,162.28,"103Y12M"
10004,╖sж╦┐д,10004030,╖sоH┬э,10004030-016,╖╙к∙и╜,129.44,3.36,213.45,44.53,16.58,27.94,168.47,"103Y12M"
10004,╖sж╦┐д,10004030,╖sоH┬э,10004030-017,▓MдЇи╜,137.66,2.84,79.73,45.24,13.23,32.01,242.,"103Y12M"
10004,╖sж╦┐д,10004030,╖sоH┬э,10004030-018,│└╗яи╜,128.79,3.28,254.03,46.6,15.53,31.07,200.,"103Y12M"
10004,╖sж╦┐д,10004030,╖sоH┬э,10004030-019,╖sе_и╜,121.51,3.24,215.15,56.79,18.93,37.86,200.,"103Y12M"
10004,╖sж╦┐д,10004040,├Ўжш┬э,10004040-001,кF┐│и╜,110.53,3.4,10410.23,59.6,23.94,35.66,148.96,"103Y12M"
10004,╖sж╦┐д,10004040,├Ўжш┬э,10004040-002,жшжwи╜,104.6,3.18,9162.27,40.63,19.91,20.73,104.12,"103Y12M"
10004,╖sж╦┐д,10004040,├Ўжш┬э,10004040-003,лn╢пи╜,109.4,3.07,12516.45,44.01,16.56,27.44,165.71,"103Y12M"
10004,╖sж╦┐д,10004040,├Ўжш┬э,10004040-004,е_дци╜,101.6,3.21,2835.13,46.41,21.48,24.93,116.04,"103Y12M"
10004,╖sж╦┐д,10004040,├Ўжш┬э,10004040-005,дпжwи╜,112.56,3.12,216.81,43.89,18.92,24.97,132.02,"103Y12M"
10004,╖sж╦┐д,10004040,├Ўжш┬э,10004040-006,е_дsи╜,126.6,3.55,224.26,51.32,14.97,36.35,242.86,"103Y12M"
10004,╖sж╦┐д,10004040,├Ўжш┬э,10004040-007,лnдsи╜,113.5,3.87,395.91,49.78,22.47,27.31,121.57,"103Y12M"
10004,╖sж╦┐д,10004040,├Ўжш┬э,10004040-008,кFжwи╜,103.68,3.34,850.9,36.62,20.67,15.94,77.12,"103Y12M"
10004,╖sж╦┐д,10004040,├Ўжш┬э,10004040-009,кFе·и╜,119.97,3.29,362.39,45.16,17.6,27.56,156.54,"103Y12M"
10004,╖sж╦┐д,10004040,├Ўжш┬э,10004040-010,╖s┤Iи╜,128.34,3.12,189.56,54.41,18.72,35.68,190.59,"103Y12M"
10004,╖sж╦┐д,10004040,├Ўжш┬э,10004040-011,кўдsи╜,124.38,2.95,91.79,56.09,17.39,38.7,222.5,"103Y12M"
10004,╖sж╦┐д,10004040,├Ўжш┬э,10004040-012,└Aдsи╜,130.9,2.8,68.95,48.02,17.05,30.97,181.69,"103Y12M"
10004,╖sж╦┐д,10004040,├Ўжш┬э,10004040-013,е╔дsи╜,111.43,2.78,55.68,60.,21.08,38.92,184.62,"103Y12M"
10004,╖sж╦┐д,10004040,├Ўжш┬э,10004040-014,дjжPи╜,123.87,3.19,211.29,51.53,16.16,35.38,219.,"103Y12M"
10004,╖sж╦┐д,10004040,├Ўжш┬э,10004040-015,е█е·и╜,111.43,3.75,673.73,47.71,19.51,28.2,144.55,"103Y12M"
10004,╖sж╦┐д,10004040,├Ўжш┬э,10004040-016,дWкLи╜,131.41,2.95,131.23,53.92,18.43,35.48,192.5,"103Y12M"
10004,╖sж╦┐д,10004040,├Ўжш┬э,10004040-017,╖sдOи╜,146.36,2.74,88.11,49.88,12.82,37.06,289.09,"103Y12M"
10004,╖sж╦┐д,10004040,├Ўжш┬э,10004040-018,лnйMи╜,120.43,3.67,283.32,41.03,13.63,27.4,201.02,"103Y12M"
10004,╖sж╦┐д,10004040,├Ўжш┬э,10004040-019,кFдsи╜,131.52,3.02,92.02,42.38,16.18,26.2,161.98,"103Y12M"
10004,╖sж╦┐д,10004040,├Ўжш┬э,10004040-020,лn╖sи╜,136.19,3.02,105.38,50.68,12.84,37.84,294.68,"103Y12M"
10004,╖sж╦┐д,10004040,├Ўжш┬э,10004040-021,кFени╜,116.45,2.92,101.84,42.24,9.19,33.04,359.46,"103Y12M"
10004,╖sж╦┐д,10004050,┤Єдf╢m,10004050-001,з╡╢╒з°,95.93,2.93,18451.92,35.51,16.59,18.92,114.08,"103Y12M"
10004,╖sж╦┐д,10004050,┤Єдf╢m,10004050-002,дп╢╒з°,95.26,2.98,22185.01,49.8,25.17,24.63,97.86,"103Y12M"
10004,╖sж╦┐д,10004050,┤Єдf╢m,10004050-003,╖R╢╒з°,97.49,3.28,10209.38,41.01,21.5,19.51,90.74,"103Y12M"
10004,╖sж╦┐д,10004050,┤Єдf╢m,10004050-004,лH╢╒з°,99.21,3.05,7345.51,36.74,23.25,13.49,58.02,"103Y12M"
10004,╖sж╦┐д,10004050,┤Єдf╢m,10004050-005,дд╢╒з°,105.71,3.46,2836.26,47.04,28.6,18.44,64.48,"103Y12M"
10004,╖sж╦┐д,10004050,┤Єдf╢m,10004050-006,╝w▓▒з°,101.45,3.22,2039.03,35.85,22.03,13.82,62.74,"103Y12M"
10004,╖sж╦┐д,10004050,┤Єдf╢m,10004050-007,йM┐│з°,113.13,3.26,731.98,36.23,18.52,17.71,95.62,"103Y12M"
10004,╖sж╦┐д,10004050,┤Єдf╢m,10004050-008,к°└нз°,111.71,3.26,940.76,40.19,23.63,16.56,70.11,"103Y12M"
10004,╖sж╦┐д,10004050,┤Єдf╢m,10004050-009,к°жwз°,112.56,3.56,247.07,42.77,21.39,21.39,100.,"103Y12M"
10004,╖sж╦┐д,10004050,┤Єдf╢m,10004050-010,┤Єдfз°,108.53,3.05,529.63,37.84,20.58,17.26,83.91,"103Y12M"
10004,╖sж╦┐д,10004050,┤Єдf╢m,10004050-011,┤Є├шз°,104.96,3.3,2153.8,39.42,22.6,16.82,74.44,"103Y12M"
10004,╖sж╦┐д,10004050,┤Єдf╢m,10004050-012,┤Єлnз°,108.76,3.18,349.12,40.75,22.83,17.92,78.5,"103Y12M"
10004,╖sж╦┐д,10004050,┤Єдf╢m,10004050-013,кi├╣з°,109.94,2.95,938.03,32.03,21.56,10.47,48.54,"103Y12M"
10004,╖sж╦┐д,10004050,┤Єдf╢m,10004050-014,╗ё░─з°,102.45,2.69,5237.94,26.2,16.91,9.28,54.89,"103Y12M"
10004,╖sж╦┐д,10004050,┤Єдf╢m,10004050-015,╗ёдsз°,106.15,2.93,761.88,29.14,14.36,14.77,102.85,"103Y12M"
10004,╖sж╦┐д,10004050,┤Єдf╢m,10004050-016,дд┐│з°,99.72,2.74,1202.1,34.05,22.96,11.09,48.31,"103Y12M"
10004,╖sж╦┐д,10004050,┤Єдf╢m,10004050-017,лH╕qз°,108.08,3.16,1222.64,39.53,24.11,15.42,63.95,"103Y12M"
10004,╖sж╦┐д,10004050,┤Єдf╢m,10004050-018,дде┐з°,107.44,3.27,1869.3,46.03,25.87,20.16,77.92,"103Y12M"
10004,╖sж╦┐д,10004050,┤Єдf╢m,10004050-019,кF┐│з°,97.72,3.18,1942.17,35.23,24.32,10.91,44.84,"103Y12M"
10004,╖sж╦┐д,10004050,┤Єдf╢m,10004050-020,│╙зQз°,98.24,2.88,2702.53,32.14,22.21,9.93,44.72,"103Y12M"
10004,╖sж╦┐д,10004060,╖s┬╫╢m,10004060-001,║╓┐│з°,113.41,2.99,434.04,32.73,12.35,20.38,164.96,"103Y12M"
10004,╖sж╦┐д,10004060,╖s┬╫╢m,10004060-002,лс┤Єз°,115.28,3.36,410.14,37.66,14.97,22.69,151.5,"103Y12M"
10004,╖sж╦┐д,10004060,╖s┬╫╢m,10004060-003,лCоHз°,122.28,3.25,460.67,32.97,14.36,18.61,129.6,"103Y12M"
10004,╖sж╦┐д,10004060,╖s┬╫╢m,10004060-004,оHйMз°,113.49,3.37,917.66,30.21,15.77,14.44,91.56,"103Y12M"
10004,╖sж╦┐д,10004060,╖s┬╫╢m,10004060-005,╖ч┐│з°,119.67,3.23,463.53,33.31,15.37,17.94,116.74,"103Y12M"
10004,╖sж╦┐д,10004060,╖s┬╫╢m,10004060-006,йY└Yз°,112.42,3.81,414.69,36.25,18.12,18.12,100.,"103Y12M"
10004,╖sж╦┐д,10004060,╖s┬╫╢m,10004060-007,дд▒[з°,108.66,3.27,956.42,31.56,19.54,12.02,61.5,"103Y12M"
10004,╖sж╦┐д,10004060,╖s┬╫╢m,10004060-008,нл┐│з°,105.07,3.12,4432.3,33.59,21.27,12.31,57.87,"103Y12M"
10004,╖sж╦┐д,10004060,╖s┬╫╢m,10004060-009,╖s┬╫з°,107.17,3.46,699.9,37.41,17.16,20.26,118.07,"103Y12M"
10004,╖sж╦┐д,10004060,╖s┬╫╢m,10004060-010,н√дsз°,105.53,3.2,2332.18,35.75,24.04,11.71,48.72,"103Y12M"
10004,╖sж╦┐д,10004060,╖s┬╫╢m,10004060-011,кQкLз°,96.25,3.11,18820.14,46.45,37.37,9.08,24.29,"103Y12M"
10004,╖sж╦┐д,10004060,╖s┬╫╢m,10004060-012,дWз|з°,108.07,3.41,372.89,31.48,16.19,15.29,94.44,"103Y12M"
10004,╖sж╦┐д,10004060,╖s┬╫╢m,10004060-013,╗ёз|з°,115.41,3.38,188.72,39.49,18.58,20.91,112.57,"103Y12M"
10004,╖sж╦┐д,10004060,╖s┬╫╢m,10004060-014,й╛з╡з°,97.35,3.18,4748.93,36.71,27.52,9.19,33.41,"103Y12M"
10004,╖sж╦┐д,10004060,╖s┬╫╢m,10004060-015,дs▒Tз°,97.89,3.16,13705.11,39.94,25.47,14.47,56.81,"103Y12M"
10004,╖sж╦┐д,10004060,╖s┬╫╢m,10004060-016,кQмfз°,101.95,2.99,4470.13,44.88,38.74,6.14,15.85,"103Y12M"
10004,╖sж╦┐д,10004060,╖s┬╫╢m,10004060-017,▒T│╗з°,106.93,3.21,1889.11,28.7,18.08,10.62,58.72,"103Y12M"
10004,╖sж╦┐д,10004070,╦|кL╢m,10004070-001,дн└sз°,118.57,3.58,215.66,40.69,10.8,29.89,276.6,"103Y12M"
10004,╖sж╦┐д,10004070,╦|кL╢m,10004070-002,╡╪└sз°,128.82,3.12,85.22,46.37,15.08,31.28,207.41,"103Y12M"
10004,╖sж╦┐д,10004070,╦|кL╢m,10004070-003,иq┤Єз°,120.67,3.27,561.68,33.45,13.33,20.12,150.89,"103Y12M"
10004,╖sж╦┐д,10004070,╦|кL╢m,10004070-004,е├┐│з°,126.24,3.23,97.04,42.45,17.95,24.5,136.51,"103Y12M"
10004,╖sж╦┐д,10004070,╦|кL╢m,10004070-005,е█╝цз°,112.48,3.3,1428.05,37.,16.53,20.47,123.82,"103Y12M"
10004,╖sж╦┐д,10004070,╦|кL╢m,10004070-006,╖s╗ёз°,107.83,3.35,569.04,40.99,15.56,25.43,163.46,"103Y12M"
10004,╖sж╦┐д,10004070,╦|кL╢m,10004070-007,ддз|з°,126.81,3.25,196.8,38.67,18.78,19.89,105.88,"103Y12M"
10004,╖sж╦┐д,10004070,╦|кL╢m,10004070-008,дЇз|з°,121.39,3.14,258.56,39.55,18.33,21.21,115.7,"103Y12M"
10004,╖sж╦┐д,10004070,╦|кL╢m,10004070-009,дхкLз°,110.61,3.11,1060.99,42.43,18.51,23.91,129.14,"103Y12M"
10004,╖sж╦┐д,10004070,╦|кL╢m,10004070-010,╦|кLз°,107.7,3.14,9329.03,45.9,21.02,24.88,118.38,"103Y12M"
10004,╖sж╦┐д,10004070,╦|кL╢m,10004070-011,дWдsз°,107.05,2.95,1156.11,28.05,14.23,13.82,97.13,"103Y12M"
10004,╖sж╦┐д,10004070,╦|кL╢m,10004070-012,дUдsз°,116.27,3.15,348.09,42.74,16.95,25.79,152.17,"103Y12M"
10004,╖sж╦┐д,10004080,╛юдs╢m,10004080-001,╛юдsз°,116.58,3.26,546.61,39.9,16.52,23.38,141.51,"103Y12M"
10004,╖sж╦┐д,10004080,╛юдs╢m,10004080-002,е╨╝dз°,134.88,3.17,133.25,41.06,12.99,28.07,216.13,"103Y12M"
10004,╖sж╦┐д,10004080,╛юдs╢m,10004080-003,лnйўз°,178.26,2.1,31.16,26.73,2.97,23.76,800.,"103Y12M"
10004,╖sж╦┐д,10004080,╛юдs╢m,10004080-004,┬╫╢mз°,132.43,2.08,51.72,36.51,6.35,30.16,475.,"103Y12M"
10004,╖sж╦┐д,10004080,╛юдs╢m,10004080-005,┬╫е╨з°,113.02,2.82,65.51,56.11,17.94,38.17,212.77,"103Y12M"
10004,╖sж╦┐д,10004080,╛юдs╢m,10004080-006,д║╞Wз°,124.36,2.55,244.44,50.26,15.79,34.47,218.33,"103Y12M"
10004,╖sж╦┐д,10004080,╛юдs╢m,10004080-007,║╓┐│з°,139.57,2.62,89.3,49.73,10.05,39.67,394.59,"103Y12M"
10004,╖sж╦┐д,10004080,╛юдs╢m,10004080-008,иFз|з°,117.22,2.93,187.91,53.23,12.4,40.83,329.17,"103Y12M"
10004,╖sж╦┐д,10004080,╛юдs╢m,10004080-009,╖s┐│з°,111.62,3.17,481.59,47.97,17.97,30.,166.96,"103Y12M"
10004,╖sж╦┐д,10004080,╛юдs╢m,10004080-010,дjи{з°,110.43,3.55,900.96,42.56,20.18,22.39,110.95,"103Y12M"
10004,╖sж╦┐д,10004080,╛юдs╢m,10004080-011,дOжцз°,112.19,3.,140.75,54.9,19.,35.9,188.89,"103Y12M"
10004,╖sж╦┐д,10004090,е_оH╢m,10004090-001,е_оHз°,107.24,3.19,9368.93,46.95,17.75,29.2,164.46,"103Y12M"
10004,╖sж╦┐д,10004090,е_оH╢m,10004090-002,лn┐│з°,114.53,3.07,4847.54,43.16,13.88,29.28,210.96,"103Y12M"
10004,╖sж╦┐д,10004090,е_оH╢m,10004090-003,оHз└з°,109.04,3.32,1593.1,44.18,19.48,24.7,126.78,"103Y12M"
10004,╖sж╦┐д,10004090,е_оH╢m,10004090-004,дЇаЁз°,126.33,3.03,134.95,46.49,18.24,28.25,154.92,"103Y12M"
10004,╖sж╦┐д,10004090,е_оH╢m,10004090-005,лnоHз°,146.32,3.25,102.15,52.44,18.57,33.88,182.46,"103Y12M"
10004,╖sж╦┐д,10004090,е_оH╢m,10004090-006,дjкLз°,118.97,3.18,315.59,38.04,14.13,23.91,169.23,"103Y12M"
10004,╖sж╦┐д,10004090,е_оH╢m,10004090-007,дj┤Єз°,129.21,2.9,86.91,38.67,11.23,27.44,244.44,"103Y12M"
10004,╖sж╦┐д,10004090,е_оH╢m,10004090-008,лnз|з°,129.69,2.88,63.1,49.49,13.56,35.93,265.,"103Y12M"
10004,╖sж╦┐д,10004090,е_оH╢m,10004090-009,е~йWз°,141.73,2.21,15.5,53.42,10.96,42.47,387.5,"103Y12M"
10004,╖sж╦┐д,10004100,─_дs╢m,10004100-001,┬∙╖╦з°,104.34,2.71,502.48,27.37,16.41,10.96,66.76,"103Y12M"
10004,╖sж╦┐д,10004100,─_дs╢m,10004100-002,дj▒Tз°,116.49,2.53,401.49,24.65,11.14,13.51,121.31,"103Y12M"
10004,╖sж╦┐д,10004100,─_дs╢m,10004100-003,дTоpз°,131.37,2.73,164.57,37.85,12.27,25.58,208.57,"103Y12M"
10004,╖sж╦┐д,10004100,─_дs╢m,10004100-004,╖sл░з°,125.85,3.49,149.04,44.27,16.82,27.45,163.19,"103Y12M"
10004,╖sж╦┐д,10004100,─_дs╢m,10004100-005,▓`длз°,118.95,3.48,184.91,41.95,17.23,24.72,143.44,"103Y12M"
10004,╖sж╦┐д,10004100,─_дs╢m,10004100-006,─_дцз°,131.09,3.5,148.76,41.03,8.89,32.14,361.54,"103Y12M"
10004,╖sж╦┐д,10004100,─_дs╢m,10004100-007,дs┤Єз°,123.29,2.73,71.72,40.52,17.24,23.28,135.,"103Y12M"
10004,╖sж╦┐д,10004100,─_дs╢m,10004100-008,─_дsз°,126.61,2.63,130.12,38.55,12.64,25.91,205.,"103Y12M"
10004,╖sж╦┐д,10004100,─_дs╢m,10004100-009,кoе╨з°,146.92,2.58,73.21,45.25,7.47,37.78,506.06,"103Y12M"
10004,╖sж╦┐д,10004100,─_дs╢m,10004100-010,┬∙╖sз°,109.04,2.68,1833.97,27.37,15.42,11.95,77.47,"103Y12M"
10004,╖sж╦┐д,10004110,оoм▄╢m,10004110-001,оoм▄з°,117.81,2.84,286.84,51.04,11.9,39.14,328.75,"103Y12M"
10004,╖sж╦┐д,10004110,оoм▄╢m,10004110-002,дд▓▒з°,130.4,3.08,227.56,45.08,15.21,29.87,196.47,"103Y12M"
10004,╖sж╦┐д,10004110,оoм▄╢m,10004110-003,е█длз°,136.43,2.62,115.41,43.04,8.94,34.1,381.4,"103Y12M"
10004,╖sж╦┐д,10004110,оoм▄╢m,10004110-004,┤I┐│з°,119.07,3.03,234.76,47.36,13.96,33.4,239.19,"103Y12M"
10004,╖sж╦┐д,10004110,оoм▄╢m,10004110-005,дCмPз°,132.67,2.45,45.12,58.07,14.8,43.27,292.42,"103Y12M"
10004,╖sж╦┐д,10004110,оoм▄╢m,10004110-006,┤Єе·з°,122.4,2.42,86.09,53.1,10.97,42.13,384.06,"103Y12M"
10004,╖sж╦┐д,10004120,жyе█╢m,10004120-001,╕q┐│з°,114.57,2.8,62.51,37.77,23.02,14.75,64.06,"103Y12M"
10004,╖sж╦┐д,10004120,жyе█╢m,10004120-002,╣┼╝╓з°,111.11,2.7,59.2,40.93,20.93,20.,95.57,"103Y12M"
10004,╖sж╦┐д,10004120,жyе█╢m,10004120-003,╖s╝╓з°,105.53,3.29,40.11,37.86,26.3,11.56,43.96,"103Y12M"
10004,╖sж╦┐д,10004120,жyе█╢m,10004120-004,▒Ўксз°,118.28,2.91,24.35,39.52,28.35,11.17,39.39,"103Y12M"
10004,╖sж╦┐д,10004120,жyе█╢m,10004120-005,└Aл╠з°,114.45,3.21,36.41,35.18,26.34,8.84,33.56,"103Y12M"
10004,╖sж╦┐д,10004120,жyе█╢m,10004120-006,е╔оpз°,112.93,4.23,11.66,42.87,35.65,7.22,20.24,"103Y12M"
10004,╖sж╦┐д,10004120,жyе█╢m,10004120-007,иq┼rз°,115.08,3.85,9.,44.17,37.52,6.65,17.72,"103Y12M"
10004,╖sж╦┐д,10004130,дноp╢m,10004130-001,дj╣iз°,116.37,2.8,91.64,32.6,19.91,12.7,63.78,"103Y12M"
10004,╖sж╦┐д,10004130,дноp╢m,10004130-002,кс╢щз°,116.02,2.69,38.26,31.45,20.44,11.01,53.85,"103Y12M"
10004,╖sж╦┐д,10004130,дноp╢m,10004130-003,ж╦кLз°,112.69,2.51,6.53,27.36,15.2,12.16,80.,"103Y12M"
10004,╖sж╦┐д,10004130,дноp╢m,10004130-004,очдsз°,125.,2.67,16.88,32.2,19.73,12.46,63.16,"103Y12M"
10005,н]о▀┐д,10005010,н]о▀ел,10005010-001,ддн]и╜,95.12,2.65,12363.38,49.22,26.53,22.69,85.55,"103Y12M"
10005,н]о▀┐д,10005010,н]о▀ел,10005010-002,л╪е\и╜,93.69,2.83,10994.28,42.43,23.67,18.76,79.28,"103Y12M"
10005,н]о▀┐д,10005010,н]о▀ел,10005010-003,лCн]и╜,92.61,2.63,15278.23,46.11,18.19,27.92,153.46,"103Y12M"
10005,н]о▀┐д,10005010,н]о▀ел,10005010-004,е╔▓Mи╜,100.22,2.94,6623.66,50.25,22.18,28.07,126.54,"103Y12M"
10005,н]о▀┐д,10005010,н]о▀ел,10005010-005,е╔╡╪и╜,101.55,3.17,2929.34,44.94,21.99,22.95,104.35,"103Y12M"
10005,н]о▀┐д,10005010,н]о▀ел,10005010-006,║√╖sи╜,104.33,3.25,3976.95,41.72,17.91,23.8,132.88,"103Y12M"
10005,н]о▀┐д,10005010,н]о▀ел,10005010-007,║√▓╗и╜,97.72,3.07,6334.38,38.25,17.33,20.92,120.69,"103Y12M"
10005,н]о▀┐д,10005010,н]о▀ел,10005010-008,║ён]и╜,108.93,2.62,20934.26,46.59,15.94,30.65,192.31,"103Y12M"
10005,н]о▀┐д,10005010,н]о▀ел,10005010-009,░кн]и╜,105.76,2.95,5360.96,33.98,18.61,15.37,82.56,"103Y12M"
10005,н]о▀┐д,10005010,н]о▀ел,10005010-010,е╔н]и╜,96.92,2.77,14128.63,44.29,18.32,25.97,141.78,"103Y12M"
10005,н]о▀┐д,10005010,н]о▀ел,10005010-011,дjжPи╜,89.46,2.54,3092.22,46.15,16.48,29.67,180.,"103Y12M"
10005,н]о▀┐д,10005010,н]о▀ел,10005010-012,╖sн]и╜,100.39,2.74,15493.46,35.33,10.17,25.16,247.44,"103Y12M"
10005,н]о▀┐д,10005010,н]о▀ел,10005010-013,│╙зQи╜,100.61,3.06,3993.62,33.99,14.23,19.76,138.85,"103Y12M"
10005,н]о▀┐д,10005010,н]о▀ел,10005010-014,ое╖qи╜,94.04,2.73,3457.69,38.53,18.6,19.93,107.17,"103Y12M"
10005,н]о▀┐д,10005010,н]о▀ел,10005010-015,дWн]и╜,97.94,2.58,13074.74,48.56,21.55,27.01,125.34,"103Y12M"
10005,н]о▀┐д,10005010,н]о▀ел,10005010-016,е_н]и╜,97.05,2.9,7909.86,37.24,20.29,16.95,83.51,"103Y12M"
10005,н]о▀┐д,10005010,н]о▀ел,10005010-017,▓M╡╪и╜,94.46,2.8,12636.96,42.75,16.96,25.79,152.02,"103Y12M"
10005,н]о▀┐д,10005010,н]о▀ел,10005010-018,╣┼▓▒и╜,100.37,3.22,2325.19,39.96,18.4,21.56,117.19,"103Y12M"
10005,н]о▀┐д,10005010,н]о▀ел,10005010-019,║╓мPи╜,97.07,3.02,5487.75,37.56,20.59,16.97,82.39,"103Y12M"
10005,н]о▀┐д,10005010,н]о▀ел,10005010-020,╖sдtи╜,113.91,2.82,193.11,42.88,18.39,24.49,133.16,"103Y12M"
10005,н]о▀┐д,10005010,н]о▀ел,10005010-021,дхдsи╜,103.4,3.25,7022.21,39.87,24.63,15.24,61.9,"103Y12M"
10005,н]о▀┐д,10005010,н]о▀ел,10005010-022,║╓─Rи╜,100.1,2.87,4935.63,38.25,20.22,18.03,89.15,"103Y12M"
10005,н]о▀┐д,10005010,н]о▀ел,10005010-023,дЇ╖╜и╜,97.02,2.76,1535.25,31.59,16.63,14.96,89.95,"103Y12M"
10005,н]о▀┐д,10005010,н]о▀ел,10005010-024,╖sн^и╜,108.02,3.02,486.66,36.43,20.84,15.58,74.77,"103Y12M"
10005,н]о▀┐д,10005010,н]о▀ел,10005010-025,║╓жwи╜,99.33,3.05,2253.06,34.27,21.11,13.16,62.37,"103Y12M"
10005,н]о▀┐д,10005010,н]о▀ел,10005010-026,╣┼╖sи╜,100.67,3.29,2015.71,34.76,17.04,17.72,103.97,"103Y12M"
10005,н]о▀┐д,10005010,н]о▀ел,10005010-027,лn╢╒и╜,110.72,3.,595.61,34.8,17.35,17.46,100.64,"103Y12M"
10005,н]о▀┐д,10005010,н]о▀ел,10005010-028,дх╕tи╜,104.09,3.28,1384.24,33.09,21.65,11.44,52.85,"103Y12M"
10005,н]о▀┐д,10005020,нb╕╠┬э,10005020-001,нbкFи╜,101.41,3.2,1627.09,36.01,20.63,15.38,74.58,"103Y12M"
10005,н]о▀┐д,10005020,нb╕╠┬э,10005020-002,нbлnи╜,97.8,3.06,10141.49,45.32,22.03,23.29,105.75,"103Y12M"
10005,н]о▀┐д,10005020,нb╕╠┬э,10005020-003,нbе_и╜,108.51,2.92,6876.71,39.46,16.95,22.51,132.82,"103Y12M"
10005,н]о▀┐д,10005020,нb╕╠┬э,10005020-004,жшени╜,100.11,3.58,1211.55,39.12,21.47,17.66,82.25,"103Y12M"
10005,н]о▀┐д,10005020,нb╕╠┬э,10005020-005,нb┤фи╜,111.64,3.56,892.98,40.27,20.45,19.82,96.93,"103Y12M"
10005,н]о▀┐д,10005020,нb╕╠┬э,10005020-006,жш╢╒и╜,104.68,3.4,4019.56,36.12,22.09,14.02,63.46,"103Y12M"
10005,н]о▀┐д,10005020,нb╕╠┬э,10005020-007,о№йди╜,108.31,3.32,1321.75,42.11,21.46,20.65,96.23,"103Y12M"
10005,н]о▀┐д,10005020,нb╕╠┬э,10005020-008,й╨╕╠и╜,110.69,3.55,751.87,39.71,21.55,18.16,84.23,"103Y12M"
10005,н]о▀┐д,10005020,нb╕╠┬э,10005020-009,л╚╔▄и╜,100.08,3.24,4759.73,38.15,22.84,15.31,67.03,"103Y12M"
10005,н]о▀┐д,10005020,нb╕╠┬э,10005020-010,дде┐и╜,109.14,3.49,2015.74,37.68,19.62,18.05,92.,"103Y12M"
10005,н]о▀┐д,10005020,нb╕╠┬э,10005020-011,нbз|и╜,113.79,3.18,469.75,39.28,17.96,21.32,118.67,"103Y12M"
10005,н]о▀┐д,10005020,нb╕╠┬э,10005020-012,дЇйYи╜,115.96,3.25,155.74,46.57,16.97,29.6,174.47,"103Y12M"
10005,н]о▀┐д,10005020,нb╕╠┬э,10005020-013,╖s┤_и╜,102.66,3.43,690.1,35.93,17.6,18.33,104.15,"103Y12M"
10005,н]о▀┐д,10005020,нb╕╠┬э,10005020-014,дsЧги╜,105.73,3.12,537.91,43.79,15.85,27.94,176.32,"103Y12M"
10005,н]о▀┐д,10005020,нb╕╠┬э,10005020-015,┬┬к└и╜,103.37,3.36,1450.96,38.65,19.02,19.63,103.17,"103Y12M"
10005,н]о▀┐д,10005020,нb╕╠┬э,10005020-016,║╓е╨и╜,113.45,3.6,644.83,40.72,15.7,25.02,159.41,"103Y12M"
10005,н]о▀┐д,10005020,нb╕╠┬э,10005020-017,е█┬эи╜,117.41,3.32,128.8,44.33,16.81,27.52,163.75,"103Y12M"
10005,н]о▀┐д,10005020,нb╕╠┬э,10005020-018,┐╝оHи╜,119.16,2.88,117.02,49.85,19.43,30.42,156.59,"103Y12M"
10005,н]о▀┐д,10005020,нb╕╠┬э,10005020-019,к└нdи╜,107.15,3.63,1124.14,38.4,20.76,17.64,84.98,"103Y12M"
10005,н]о▀┐д,10005020,нb╕╠┬э,10005020-020,оїе╨и╜,113.49,3.48,815.08,37.11,19.12,17.99,94.08,"103Y12M"
10005,н]о▀┐д,10005020,нb╕╠┬э,10005020-021,дWБFи╜,113.97,3.56,584.15,36.07,15.97,20.11,125.94,"103Y12M"
10005,н]о▀┐д,10005020,нb╕╠┬э,10005020-022,е╔е╨и╜,111.13,3.53,724.42,32.99,17.74,15.24,85.91,"103Y12M"
10005,н]о▀┐д,10005020,нb╕╠┬э,10005020-023,лn╢╒и╜,118.84,2.98,91.47,42.09,14.19,27.9,196.55,"103Y12M"
10005,н]о▀┐д,10005020,нb╕╠┬э,10005020-024,дsмaи╜,112.97,3.63,1084.77,37.52,22.4,15.12,67.47,"103Y12M"
10005,н]о▀┐д,10005020,нb╕╠┬э,10005020-025,е╨д▀и╜,110.12,3.55,881.16,33.37,18.92,14.46,76.42,"103Y12M"
10005,н]о▀┐д,10005030,│q╛]┬э,10005030-001,│qкFи╜,98.34,2.92,7569.29,41.62,15.98,25.64,160.49,"103Y12M"
10005,н]о▀┐д,10005030,│q╛]┬э,10005030-002,│qжши╜,102.37,2.91,1394.44,44.55,17.14,27.41,159.86,"103Y12M"
10005,н]о▀┐д,10005030,│q╛]┬э,10005030-003,енд╕и╜,109.52,3.34,1310.11,37.45,19.27,18.19,94.39,"103Y12M"
10005,н]о▀┐д,10005030,│q╛]┬э,10005030-004,▒Ўлnи╜,111.44,3.5,607.66,41.06,18.6,22.46,120.7,"103Y12M"
10005,н]о▀┐д,10005030,│q╛]┬э,10005030-005,ж`└Yи╜,116.02,3.27,150.45,48.83,19.23,29.6,153.91,"103Y12M"
10005,н]о▀┐д,10005030,│q╛]┬э,10005030-006,│qлnи╜,108.86,3.49,1798.99,35.62,18.37,17.25,93.91,"103Y12M"
10005,н]о▀┐д,10005030,│q╛]┬э,10005030-007,л░е_и╜,110.2,2.88,358.97,47.21,14.63,32.58,222.62,"103Y12M"
10005,н]о▀┐д,10005030,│q╛]┬э,10005030-008,л░лnи╜,129.52,2.81,105.14,47.,12.92,34.09,263.92,"103Y12M"
10005,н]о▀┐д,10005030,│q╛]┬э,10005030-009,лnйMи╜,122.27,2.83,143.29,51.1,16.25,34.86,214.56,"103Y12M"
10005,н]о▀┐д,10005030,│q╛]┬э,10005030-010,║╓┐│и╜,125.21,2.5,107.01,48.63,15.17,33.46,220.48,"103Y12M"
10005,н]о▀┐д,10005030,│q╛]┬э,10005030-011,йW│╗и╜,115.27,3.21,233.57,46.16,15.15,31.01,204.61,"103Y12M"
10005,н]о▀┐д,10005030,│q╛]┬э,10005030-012,днлnи╜,105.51,3.28,486.15,38.75,18.61,20.14,108.18,"103Y12M"
10005,н]о▀┐д,10005030,│q╛]┬э,10005030-013,дне_и╜,113.54,3.49,290.92,42.25,17.48,24.76,141.63,"103Y12M"
10005,н]о▀┐д,10005030,│q╛]┬э,10005030-014,д║┤Єи╜,111.92,3.54,447.5,41.58,19.98,21.61,108.16,"103Y12M"
10005,н]о▀┐д,10005030,│q╛]┬э,10005030-015,╖м╛Ёи╜,142.15,2.38,82.04,61.19,12.24,48.96,400.,"103Y12M"
10005,н]о▀┐д,10005030,│q╛]┬э,10005030-016,пQм▄и╜,116.05,2.73,106.11,60.47,20.78,39.68,190.91,"103Y12M"
10005,н]о▀┐д,10005030,│q╛]┬э,10005030-017,║╓└sи╜,141.55,2.31,56.43,63.93,10.16,53.77,529.03,"103Y12M"
10005,н]о▀┐д,10005030,│q╛]┬э,10005030-018,║╓╖╜и╜,115.18,3.23,197.54,39.13,18.65,20.48,109.77,"103Y12M"
10005,н]о▀┐д,10005030,│q╛]┬э,10005030-019,│q╞Wи╜,109.27,3.42,332.4,37.09,17.44,19.65,112.64,"103Y12M"
10005,н]о▀┐д,10005030,│q╛]┬э,10005030-020,╖sоHи╜,113.79,3.47,437.33,48.5,20.76,27.74,133.65,"103Y12M"
10005,н]о▀┐д,10005030,│q╛]┬э,10005030-021,д║оqи╜,119.4,3.24,216.65,36.49,15.09,21.41,141.9,"103Y12M"
10005,н]о▀┐д,10005030,│q╛]┬э,10005030-022,е╒кFи╜,103.14,3.27,970.8,32.7,16.08,16.63,103.43,"103Y12M"
10005,н]о▀┐д,10005030,│q╛]┬э,10005030-023,е╒жши╜,126.25,2.98,892.53,34.87,11.18,23.7,212.,"103Y12M"
10005,н]о▀┐д,10005030,│q╛]┬э,10005030-024,енжwи╜,103.96,3.4,2467.11,38.01,21.31,16.7,78.39,"103Y12M"
10005,н]о▀┐д,10005040,ж╦лn┬э,10005040-001,ж╦лnи╜,89.21,2.63,21014.98,41.72,20.95,20.77,99.17,"103Y12M"
10005,н]о▀┐д,10005040,ж╦лn┬э,10005040-002,╖╙лnи╜,97.91,3.,15712.59,52.75,33.46,19.29,57.64,"103Y12M"
10005,н]о▀┐д,10005040,ж╦лn┬э,10005040-003,е┐лnи╜,101.86,2.64,12583.03,39.94,23.03,16.91,73.43,"103Y12M"
10005,н]о▀┐д,10005040,ж╦лn┬э,10005040-004,╖sлnи╜,97.49,2.9,6190.84,39.57,26.42,13.14,49.75,"103Y12M"
10005,н]о▀┐д,10005040,ж╦лn┬э,10005040-005,дjнэи╜,99.78,2.93,2303.3,40.92,26.78,14.14,52.79,"103Y12M"
10005,н]о▀┐д,10005040,ж╦лn┬э,10005040-006,└ч╜Lи╜,99.19,3.15,9406.37,40.34,24.72,15.62,63.17,"103Y12M"
10005,н]о▀┐д,10005040,ж╦лn┬э,10005040-007,╕t║╓и╜,100.39,3.32,8524.91,47.39,35.45,11.94,33.69,"103Y12M"
10005,н]о▀┐д,10005040,ж╦лn┬э,10005040-008,ж╦┐│и╜,107.66,3.02,3597.57,33.59,20.16,13.43,66.61,"103Y12M"
10005,н]о▀┐д,10005040,ж╦лn┬э,10005040-009,└s╗ёи╜,97.64,3.24,3495.28,33.37,21.61,11.75,54.38,"103Y12M"
10005,н]о▀┐д,10005040,ж╦лn┬э,10005040-010,дsи╬и╜,101.6,3.,6184.81,38.73,29.63,9.1,30.7,"103Y12M"
10005,н]о▀┐д,10005040,ж╦лn┬э,10005040-011,дд┤фи╜,112.13,3.02,11814.34,46.41,26.85,19.57,72.87,"103Y12M"
10005,н]о▀┐д,10005040,ж╦лn┬э,10005040-012,дд╡╪и╜,100.82,3.11,14366.11,33.93,20.41,13.53,66.28,"103Y12M"
10005,н]о▀┐д,10005040,ж╦лn┬э,10005040-013,ддн^и╜,104.75,3.33,2553.69,30.5,18.53,11.97,64.59,"103Y12M"
10005,н]о▀┐д,10005040,ж╦лn┬э,10005040-014,ддм№и╜,106.06,3.44,1514.4,30.77,19.59,11.17,57.03,"103Y12M"
10005,н]о▀┐д,10005040,ж╦лn┬э,10005040-015,╢}д╕и╜,103.01,2.88,6457.09,33.03,20.13,12.89,64.05,"103Y12M"
10005,н]о▀┐д,10005040,ж╦лn┬э,10005040-016,о№дfи╜,104.,3.15,1051.76,38.03,25.96,12.08,46.52,"103Y12M"
10005,н]о▀┐д,10005040,ж╦лn┬э,10005040-017,┤фсYи╜,107.21,3.34,875.74,38.33,22.62,15.71,69.44,"103Y12M"
10005,н]о▀┐д,10005040,ж╦лn┬э,10005040-018,д╜БFи╜,112.23,3.23,901.55,35.5,17.84,17.66,98.96,"103Y12M"
10005,н]о▀┐д,10005040,ж╦лn┬э,10005040-019,дjоHи╜,106.56,3.14,1008.14,31.72,16.6,15.12,91.07,"103Y12M"
10005,н]о▀┐д,10005040,ж╦лn┬э,10005040-020,│╗оHи╜,104.46,3.17,956.63,33.86,15.98,17.88,111.86,"103Y12M"
10005,н]о▀┐д,10005040,ж╦лn┬э,10005040-021,▒T│╗и╜,110.64,2.89,448.33,27.92,15.96,11.97,75.,"103Y12M"
10005,н]о▀┐д,10005040,ж╦лn┬э,10005040-022,д╜╕qи╜,115.95,3.41,342.7,34.39,19.34,15.05,77.78,"103Y12M"
10005,н]о▀┐д,10005040,ж╦лn┬э,10005040-023,и╬┐│и╜,98.64,3.24,5671.67,50.5,36.,14.5,40.28,"103Y12M"
10005,н]о▀┐д,10005040,ж╦лn┬э,10005040-024,д╤дхи╜,99.33,3.22,4590.69,38.54,30.19,8.35,27.65,"103Y12M"
10005,н]о▀┐д,10005040,ж╦лn┬э,10005040-025,└sдsи╜,98.03,3.31,5588.9,36.78,27.14,9.64,35.5,"103Y12M"
10005,н]о▀┐д,10005050,└Yеў┬э,10005050-001,мyкFи╜,112.72,3.54,470.61,38.43,19.42,19.02,97.93,"103Y12M"
10005,н]о▀┐д,10005050,└Yеў┬э,10005050-002,м└┤Єи╜,110.41,3.19,942.27,39.36,17.18,22.19,129.17,"103Y12M"
10005,н]о▀┐д,10005050,└Yеў┬э,10005050-003,дц╖╪и╜,105.53,3.32,3243.5,36.75,19.96,16.79,84.09,"103Y12M"
10005,н]о▀┐д,10005050,└Yеў┬э,10005050-004,╖s╡╪и╜,107.79,3.51,2388.13,39.01,19.49,19.52,100.16,"103Y12M"
10005,н]о▀┐д,10005050,└Yеў┬э,10005050-005,┐│╢йи╜,107.51,3.1,822.12,34.35,20.22,14.13,69.88,"103Y12M"
10005,н]о▀┐д,10005050,└Yеў┬э,10005050-006,дWоHи╜,111.86,3.42,3025.37,38.85,20.47,18.38,89.8,"103Y12M"
10005,н]о▀┐д,10005050,└Yеў┬э,10005050-007,дgд√и╜,104.47,3.56,2299.18,45.57,21.75,23.82,109.55,"103Y12M"
10005,н]о▀┐д,10005050,└Yеў┬э,10005050-008,└Yеўи╜,94.61,2.99,5794.07,36.81,22.89,13.93,60.85,"103Y12M"
10005,н]о▀┐д,10005050,└Yеў┬э,10005050-009,й╛з╡и╜,93.65,3.12,20608.95,45.22,29.98,15.25,50.87,"103Y12M"
10005,н]о▀┐д,10005050,└Yеў┬э,10005050-010,дп╖Rи╜,97.51,2.72,4573.15,40.83,20.56,20.27,98.56,"103Y12M"
10005,н]о▀┐д,10005050,└Yеў┬э,10005050-011,лH╕qи╜,112.93,2.3,22267.29,34.13,17.72,16.41,92.57,"103Y12M"
10005,н]о▀┐д,10005050,└Yеў┬э,10005050-012,йMени╜,101.72,2.89,9955.75,49.13,22.36,26.77,119.69,"103Y12M"
10005,н]о▀┐д,10005050,└Yеў┬э,10005050-013,е┴▒┌и╜,96.45,2.63,20275.79,34.07,18.3,15.77,86.14,"103Y12M"
10005,н]о▀┐д,10005050,└Yеў┬э,10005050-014,кF╔▄и╜,101.52,2.8,4299.99,36.93,20.13,16.8,83.49,"103Y12M"
10005,н]о▀┐д,10005050,└Yеў┬э,10005050-015,лс╔▄и╜,104.72,3.,4772.29,35.46,26.89,8.57,31.88,"103Y12M"
10005,н]о▀┐д,10005050,└Yеў┬э,10005050-016,дsдUи╜,100.59,3.39,2954.74,38.79,27.18,11.61,42.74,"103Y12M"
10005,н]о▀┐д,10005050,└Yеў┬э,10005050-017,┬╧очи╜,94.74,2.8,8988.05,38.84,31.19,7.64,24.49,"103Y12M"
10005,н]о▀┐д,10005050,└Yеў┬э,10005050-018,е╨╝dи╜,97.02,2.95,5651.39,34.21,20.28,13.93,68.7,"103Y12M"
10005,н]о▀┐д,10005050,└Yеў┬э,10005050-019,─кж╦и╜,113.36,3.23,826.27,36.23,17.06,19.17,112.38,"103Y12M"
10005,н]о▀┐д,10005050,└Yеў┬э,10005050-020,дW┐│и╜,111.01,2.76,427.91,33.66,20.35,13.31,65.44,"103Y12M"
10005,н]о▀┐д,10005050,└Yеў┬э,10005050-021,дU┐│и╜,107.59,3.25,715.51,36.85,20.32,16.53,81.32,"103Y12M"
10005,н]о▀┐д,10005050,└Yеў┬э,10005050-022,жyдsи╜,103.92,3.45,7379.45,35.78,15.97,19.8,123.98,"103Y12M"
10005,н]о▀┐д,10005050,└Yеў┬э,10005050-023,жyдUи╜,111.02,3.49,1568.68,38.54,18.84,19.7,104.55,"103Y12M"
10005,н]о▀┐д,10005050,└Yеў┬э,10005050-024,╝s┐│и╜,112.16,3.36,247.17,43.66,19.48,24.18,124.16,"103Y12M"
10005,н]о▀┐д,10005050,└Yеў┬э,10005050-025,└▌з|и╜,107.84,3.48,457.25,35.76,18.39,17.37,94.43,"103Y12M"
10005,н]о▀┐д,10005050,└Yеў┬э,10005050-026,е┴┼vи╜,109.13,3.09,7364.9,39.17,19.41,19.76,101.82,"103Y12M"
10005,н]о▀┐д,10005050,└Yеў┬э,10005050-027,е┴е═и╜,102.23,3.05,2053.94,34.06,18.07,15.99,88.52,"103Y12M"
10005,н]о▀┐д,10005050,└Yеў┬э,10005050-028,л╪░ъи╜,96.02,3.33,13031.87,42.54,31.75,10.79,34.,"103Y12M"
10005,н]о▀┐д,10005050,└Yеў┬э,10005050-029,жие\и╜,94.02,3.32,17801.32,40.69,30.59,10.1,33.02,"103Y12M"
10005,н]о▀┐д,10005050,└Yеў┬э,10005050-030,ж█▒jи╜,92.3,2.76,13327.31,44.17,25.14,19.03,75.72,"103Y12M"
10005,н]о▀┐д,10005050,└Yеў┬э,10005050-031,жX┐│и╜,102.87,3.06,12807.54,34.52,27.53,6.99,25.38,"103Y12M"
10005,н]о▀┐д,10005050,└Yеў┬э,10005050-032,дхд╞и╜,96.07,3.05,9535.29,37.43,28.73,8.7,30.29,"103Y12M"
10005,н]о▀┐д,10005060,лс└s┬э,10005060-001,лn└sи╜,105.42,3.22,1404.93,39.52,20.4,19.12,93.73,"103Y12M"
10005,н]о▀┐д,10005060,лс└s┬э,10005060-002,дд└sи╜,107.72,3.38,10091.88,48.58,21.67,26.91,124.18,"103Y12M"
10005,н]о▀┐д,10005060,лс└s┬э,10005060-003,е_└sи╜,102.1,3.26,5756.8,45.,23.1,21.9,94.85,"103Y12M"
10005,н]о▀┐д,10005060,лс└s┬э,10005060-004,дj╔▄и╜,105.42,3.46,2277.86,34.57,21.43,13.14,61.3,"103Y12M"
10005,н]о▀┐д,10005060,лс└s┬э,10005060-005,╖╦мwи╜,107.19,3.49,771.52,36.95,17.12,19.84,115.86,"103Y12M"
10005,н]о▀┐д,10005060,лс└s┬э,10005060-006,┬╫┤Iи╜,106.7,3.23,506.4,41.08,18.02,23.06,127.92,"103Y12M"
10005,н]о▀┐д,10005060,лс└s┬э,10005060-007,о╒┤╚и╜,106.62,3.06,713.77,43.48,20.75,22.73,109.58,"103Y12M"
10005,н]о▀┐д,10005060,лс└s┬э,10005060-008,оH│╗и╜,106.5,3.7,1021.33,41.02,23.71,17.31,73.02,"103Y12M"
10005,н]о▀┐д,10005060,лс└s┬э,10005060-009,╖sе┴и╜,98.85,3.73,4775.16,41.85,21.25,20.59,96.9,"103Y12M"
10005,н]о▀┐д,10005060,лс└s┬э,10005060-010,┤_┐│и╜,111.06,3.28,824.51,48.36,19.,29.36,154.55,"103Y12M"
10005,н]о▀┐д,10005060,лс└s┬э,10005060-011,кFй·и╜,118.59,3.15,429.73,38.7,17.27,21.43,124.11,"103Y12M"
10005,н]о▀┐д,10005060,лс└s┬э,10005060-012,дjдsи╜,111.33,3.09,306.64,43.07,15.18,27.89,183.67,"103Y12M"
10005,н]о▀┐д,10005060,лс└s┬э,10005060-013,╞W─_и╜,127.75,3.15,453.13,43.35,17.01,26.34,154.89,"103Y12M"
10005,н]о▀┐д,10005060,лс└s┬э,10005060-014,о№─_и╜,121.22,2.89,185.64,43.55,16.38,27.17,165.91,"103Y12M"
10005,н]о▀┐д,10005060,лс└s┬э,10005060-015,е~оHи╜,119.6,2.85,314.3,50.68,15.32,35.37,230.89,"103Y12M"
10005,н]о▀┐д,10005060,лс└s┬э,10005060-016,о№оHи╜,114.99,2.92,459.78,39.02,13.25,25.77,194.44,"103Y12M"
10005,н]о▀┐д,10005060,лс└s┬э,10005060-017,иqдЇи╜,104.03,3.7,357.72,42.88,15.58,27.3,175.24,"103Y12M"
10005,н]о▀┐д,10005060,лс└s┬э,10005060-018,дЇз└и╜,110.12,3.3,535.6,48.19,18.13,30.06,165.81,"103Y12M"
10005,н]о▀┐д,10005060,лс└s┬э,10005060-019,└sмzи╜,120.,3.18,162.72,46.11,20.87,25.24,120.91,"103Y12M"
10005,н]о▀┐д,10005060,лс└s┬э,10005060-020,└sз|и╜,115.81,2.92,160.55,38.23,14.42,23.81,165.19,"103Y12M"
10005,н]о▀┐д,10005060,лс└s┬э,10005060-021,║╓╣чи╜,133.33,3.04,137.58,43.41,12.68,30.73,242.31,"103Y12M"
10005,н]о▀┐д,10005060,лс└s┬э,10005060-022,ддйMи╜,121.6,2.51,147.63,52.4,15.67,36.73,234.33,"103Y12M"
10005,н]о▀┐д,10005060,лс└s┬э,10005060-023,лn┤фи╜,126.37,2.81,169.24,41.37,12.35,29.02,234.96,"103Y12M"
10005,н]о▀┐д,10005070,иЇ─ї┬э,10005070-001,дд╡єи╜,110.09,2.53,15148.26,46.79,16.67,30.13,180.77,"103Y12M"
10005,н]о▀┐д,10005070,иЇ─ї┬э,10005070-002,╖sнэи╜,107.35,2.82,842.6,41.22,15.76,25.47,161.61,"103Y12M"
10005,н]о▀┐д,10005070,иЇ─ї┬э,10005070-003,дW╖sи╜,111.12,3.06,281.2,37.85,17.78,20.07,112.91,"103Y12M"
10005,н]о▀┐д,10005070,иЇ─ї┬э,10005070-004,┬╫е╨и╜,119.48,3.1,1064.59,42.87,18.74,24.13,128.74,"103Y12M"
10005,н]о▀┐д,10005070,иЇ─ї┬э,10005070-005,жшйWи╜,106.55,2.85,77.14,41.42,18.24,23.18,127.12,"103Y12M"
10005,н]о▀┐д,10005070,иЇ─ї┬э,10005070-006,┤║дsи╜,104.61,3.39,119.35,45.52,22.95,22.57,98.35,"103Y12M"
10005,н]о▀┐д,10005070,иЇ─ї┬э,10005070-007,ж╤╔▄и╜,104.49,2.82,905.3,45.,16.83,28.17,167.35,"103Y12M"
10005,н]о▀┐д,10005070,иЇ─ї┬э,10005070-008,╖s║aи╜,107.74,2.91,16810.97,45.87,19.23,26.65,138.59,"103Y12M"
10005,н]о▀┐д,10005070,иЇ─ї┬э,10005070-009,д║╞Wи╜,111.8,3.,259.15,37.7,15.45,22.25,144.04,"103Y12M"
10005,н]о▀┐д,10005070,иЇ─ї┬э,10005070-010,н]┬╫и╜,120.38,3.01,123.57,37.37,14.8,22.57,152.53,"103Y12M"
10005,н]о▀┐д,10005070,иЇ─ї┬э,10005070-011,йWкLи╜,109.54,3.37,93.61,37.24,18.23,19.01,104.29,"103Y12M"
10005,н]о▀┐д,10005080,дj┤Є╢m,10005080-001,дj┤Єз°,110.17,2.74,6772.16,46.53,18.17,28.36,156.1,"103Y12M"
10005,н]о▀┐д,10005080,дj┤Є╢m,10005080-002,й·┤Єз°,100.,2.83,2324.68,46.47,16.73,29.74,177.78,"103Y12M"
10005,н]о▀┐д,10005080,дj┤Є╢m,10005080-003,└R┤Єз°,101.55,2.92,379.03,38.83,16.69,22.15,132.71,"103Y12M"
10005,н]о▀┐д,10005080,дj┤Є╢m,10005080-004,┤I┐│з°,104.67,2.87,139.47,42.94,16.21,26.73,164.95,"103Y12M"
10005,н]о▀┐д,10005080,дj┤Є╢m,10005080-005,дjлnз°,130.69,2.45,88.72,48.67,14.67,34.,231.82,"103Y12M"
10005,н]о▀┐д,10005080,дj┤Є╢m,10005080-006,дj╝dз°,109.47,2.95,134.05,43.52,16.35,27.16,166.09,"103Y12M"
10005,н]о▀┐д,10005080,дj┤Є╢m,10005080-007,лn┤Єз°,120.16,2.85,187.88,39.79,16.09,23.7,147.31,"103Y12M"
10005,н]о▀┐д,10005080,дj┤Є╢m,10005080-008,╕qйMз°,110.81,3.12,228.63,44.68,21.58,23.11,107.09,"103Y12M"
10005,н]о▀┐д,10005080,дj┤Є╢m,10005080-009,кF┐│з°,127.57,2.96,91.46,47.16,17.5,29.66,169.44,"103Y12M"
10005,н]о▀┐д,10005080,дj┤Є╢m,10005080-010,кZ║aз°,132.65,2.89,96.47,42.5,12.75,29.75,233.33,"103Y12M"
10005,н]о▀┐д,10005080,дj┤Є╢m,10005080-011,о▀кLз°,120.76,2.79,100.59,47.35,17.47,29.88,171.03,"103Y12M"
10005,н]о▀┐д,10005080,дj┤Є╢m,10005080-012,╖s╢}з°,124.87,2.74,100.78,42.84,16.14,26.7,165.49,"103Y12M"
10005,н]о▀┐д,10005090,д╜└]╢m,10005090-001,└]ддз°,99.22,3.06,8698.92,46.62,21.73,24.89,114.57,"103Y12M"
10005,н]о▀┐д,10005090,д╜└]╢m,10005090-002,└]кFз°,100.59,3.3,2317.42,47.31,25.17,22.14,87.95,"103Y12M"
10005,н]о▀┐д,10005090,д╜└]╢m,10005090-003,└]лnз°,101.26,3.42,3777.64,37.79,22.6,15.19,67.23,"103Y12M"
10005,н]о▀┐д,10005090,д╜└]╢m,10005090-004,дjз|з°,114.96,3.06,156.54,49.87,17.43,32.44,186.13,"103Y12M"
10005,н]о▀┐д,10005090,д╜└]╢m,10005090-005,дд╕qз°,111.62,3.57,994.31,38.1,18.66,19.44,104.17,"103Y12M"
10005,н]о▀┐д,10005090,д╜└]╢m,10005090-006,е╔мuз°,101.78,3.27,2307.09,36.95,21.18,15.77,74.49,"103Y12M"
10005,н]о▀┐д,10005090,д╜└]╢m,10005090-007,е█∙┘з°,116.14,3.79,646.23,40.83,18.57,22.26,119.83,"103Y12M"
10005,н]о▀┐д,10005090,д╜└]╢m,10005090-008,║╓░Єз°,105.71,3.15,952.1,43.84,19.87,23.97,120.67,"103Y12M"
10005,н]о▀┐д,10005090,д╜└]╢m,10005090-009,║╓мPз°,111.34,3.43,734.36,36.43,18.9,17.53,92.77,"103Y12M"
10005,н]о▀┐д,10005090,д╜└]╢m,10005090-010,╢}─qз°,116.67,2.28,43.35,45.02,9.56,35.46,370.83,"103Y12M"
10005,н]о▀┐д,10005090,д╜└]╢m,10005090-011,║╓╝wз°,119.21,2.57,86.05,35.26,10.33,24.92,241.18,"103Y12M"
10005,н]о▀┐д,10005090,д╜└]╢m,10005090-012,днижз°,102.23,3.24,1674.8,35.69,17.45,18.25,104.57,"103Y12M"
10005,н]о▀┐д,10005090,д╜└]╢m,10005090-013,е╔ижз°,105.77,3.11,2220.66,30.59,14.87,15.71,105.64,"103Y12M"
10005,н]о▀┐д,10005090,д╜└]╢m,10005090-014,┼bйгз°,107.29,3.21,1170.62,38.44,17.08,21.37,125.11,"103Y12M"
10005,н]о▀┐д,10005090,д╜└]╢m,10005090-015,┼bдsз°,117.43,3.45,1351.13,40.23,17.91,22.33,124.68,"103Y12M"
10005,н]о▀┐д,10005090,д╜└]╢m,10005090-016,дпжwз°,118.67,3.38,396.09,40.42,15.44,24.98,161.76,"103Y12M"
10005,н]о▀┐д,10005090,д╜└]╢m,10005090-017,жyдsз°,115.19,3.26,611.3,40.56,15.95,24.6,154.23,"103Y12M"
10005,н]о▀┐д,10005090,д╜└]╢m,10005090-018,лnкeз°,125.42,2.44,23.42,51.14,18.18,32.95,181.25,"103Y12M"
10005,н]о▀┐д,10005090,д╜└]╢m,10005090-019,е_кeз°,132.95,2.63,31.78,53.82,16.41,37.4,227.91,"103Y12M"
10005,н]о▀┐д,10005100,╗╔╞r╢m,10005100-001,║╓┐│з°,104.19,3.08,1061.62,41.2,18.26,22.94,125.61,"103Y12M"
10005,н]о▀┐д,10005100,╗╔╞r╢m,10005100-002,╗╔╞rз°,107.29,3.18,1517.37,39.07,17.93,21.15,117.96,"103Y12M"
10005,н]о▀┐д,10005100,╗╔╞r╢m,10005100-003,┤┬╢зз°,109.07,2.94,457.5,38.67,16.97,21.7,127.89,"103Y12M"
10005,н]о▀┐д,10005100,╗╔╞r╢m,10005100-004,╝╠╛Ёз°,113.85,3.34,153.17,43.2,19.17,24.03,125.35,"103Y12M"
10005,н]о▀┐д,10005100,╗╔╞r╢m,10005100-005,дE┤Єз°,124.55,3.41,172.69,44.96,19.31,25.65,132.84,"103Y12M"
10005,н]о▀┐д,10005100,╗╔╞r╢m,10005100-006,ж╦┤╦з°,120.76,2.99,262.33,41.99,15.92,26.07,163.76,"103Y12M"
10005,н]о▀┐д,10005100,╗╔╞r╢m,10005100-007,дденз°,112.91,3.15,485.04,35.22,15.82,19.4,122.6,"103Y12M"
10005,н]о▀┐д,10005100,╗╔╞r╢m,10005100-008,┐│╢йз°,116.93,2.71,76.66,69.61,18.38,51.23,278.67,"103Y12M"
10005,н]о▀┐д,10005100,╗╔╞r╢m,10005100-009,▓▒╢йз°,144.02,2.46,46.77,62.42,15.29,47.13,308.33,"103Y12M"
10005,н]о▀┐д,10005100,╗╔╞r╢m,10005100-010,╖s╢йз°,126.13,2.54,41.84,60.05,21.,39.04,185.87,"103Y12M"
10005,н]о▀┐д,10005110,лn╔▄╢m,10005110-001,кFз°,125.41,2.59,382.62,51.75,17.65,34.1,193.17,"103Y12M"
10005,н]о▀┐д,10005110,лn╔▄╢m,10005110-002,жшз°,113.44,2.59,190.26,45.96,17.83,28.13,157.73,"103Y12M"
10005,н]о▀┐д,10005110,лn╔▄╢m,10005110-003,лnж┐з°,120.23,2.88,78.62,45.93,21.71,24.22,111.55,"103Y12M"
10005,н]о▀┐д,10005110,лn╔▄╢m,10005110-004,е╨м№з°,120.45,2.57,152.91,50.46,19.48,30.98,159.06,"103Y12M"
10005,н]о▀┐д,10005110,лn╔▄╢m,10005110-005,╖рдsз°,128.47,2.5,139.2,52.67,16.35,36.32,222.12,"103Y12M"
10005,н]о▀┐д,10005110,лn╔▄╢m,10005110-006,лn┤Iз°,110.61,2.68,205.29,43.48,14.35,29.13,203.05,"103Y12M"
10005,н]о▀┐д,10005110,лn╔▄╢m,10005110-007,н√кLз°,121.94,2.98,263.99,44.33,16.02,28.3,176.64,"103Y12M"
10005,н]о▀┐д,10005110,лn╔▄╢m,10005110-008,╜┤╡▄з°,127.91,2.66,32.59,41.66,18.92,22.73,120.14,"103Y12M"
10005,н]о▀┐д,10005110,лn╔▄╢m,10005110-009,кFкeз°,126.61,2.64,16.41,34.24,19.02,15.22,80.,"103Y12M"
10005,н]о▀┐д,10005120,└Yл╬╢m,10005120-001,└Yл╬з°,107.34,3.13,1963.88,40.32,16.52,23.81,144.13,"103Y12M"
10005,н]о▀┐д,10005120,└Yл╬╢m,10005120-002,╢Hдsз°,106.01,3.36,606.39,36.24,15.6,20.64,132.32,"103Y12M"
10005,н]о▀┐д,10005120,└Yл╬╢m,10005120-003,е_з|з°,105.19,3.13,183.39,36.08,16.62,19.46,117.12,"103Y12M"
10005,н]о▀┐д,10005120,└Yл╬╢m,10005120-004,╖р╝цз°,113.81,3.36,550.8,35.54,16.84,18.7,111.02,"103Y12M"
10005,н]о▀┐д,10005120,└Yл╬╢m,10005120-005,ж▒м}з°,115.17,3.24,341.8,41.1,14.01,27.09,193.46,"103Y12M"
10005,н]о▀┐д,10005120,└Yл╬╢m,10005120-006,н╕╗ёз°,123.47,2.37,52.09,54.05,17.48,36.57,209.26,"103Y12M"
10005,н]о▀┐д,10005120,└Yл╬╢m,10005120-007,й·╝wз°,117.81,2.85,89.59,46.5,15.78,30.72,194.74,"103Y12M"
10005,н]о▀┐д,10005120,└Yл╬╢m,10005120-008,╗я╗ёз°,122.02,2.5,32.32,44.02,6.18,37.84,612.5,"103Y12M"
10005,н]о▀┐д,10005130,дT╕q╢m,10005130-001,╝s▓▒з°,105.82,3.34,1620.44,39.97,19.45,20.52,105.54,"103Y12M"
10005,н]о▀┐д,10005130,дT╕q╢m,10005130-002,О{┤Єз°,111.84,3.1,286.93,44.3,21.36,22.94,107.37,"103Y12M"
10005,н]о▀┐д,10005130,дT╕q╢m,10005130-003,О{╝цз°,116.86,3.18,141.21,44.51,17.74,26.77,150.95,"103Y12M"
10005,н]о▀┐д,10005130,дT╕q╢m,10005130-004,│╙┐│з°,103.32,3.18,742.6,31.01,18.19,12.82,70.48,"103Y12M"
10005,н]о▀┐д,10005130,дT╕q╢m,10005130-005,жш┤Єз°,115.41,3.02,112.19,35.7,16.67,19.04,114.22,"103Y12M"
10005,н]о▀┐д,10005130,дT╕q╢m,10005130-006,└s─╦з°,110.73,2.81,44.5,40.29,14.29,26.,182.,"103Y12M"
10005,н]о▀┐д,10005130,дT╕q╢m,10005130-007,├U│╜╝цз°,124.96,2.86,130.78,36.44,14.26,22.18,155.56,"103Y12M"
10005,н]о▀┐д,10005140,жш┤Є╢m,10005140-001,░коHз°,120.18,3.05,157.83,45.16,15.12,30.04,198.67,"103Y12M"
10005,н]о▀┐д,10005140,жш┤Є╢m,10005140-002,дUоHз°,122.08,2.94,202.39,48.7,13.04,35.65,273.33,"103Y12M"
10005,н]о▀┐д,10005140,жш┤Є╢m,10005140-003,дн┤Єз°,117.61,2.75,267.11,52.2,15.25,36.95,242.31,"103Y12M"
10005,н]о▀┐д,10005140,жш┤Є╢m,10005140-004,е|┤Єз°,127.58,3.02,154.48,51.72,17.17,34.55,201.18,"103Y12M"
10005,н]о▀┐д,10005140,жш┤Є╢m,10005140-005,кў╖рз°,129.1,2.65,115.58,44.81,13.21,31.6,239.29,"103Y12M"
10005,н]о▀┐д,10005140,жш┤Є╢m,10005140-006,└sм}з°,120.17,2.21,80.2,43.96,8.52,35.44,416.13,"103Y12M"
10005,н]о▀┐д,10005140,жш┤Є╢m,10005140-007,дT┤Єз°,129.2,2.67,252.01,51.32,12.76,38.56,302.17,"103Y12M"
10005,н]о▀┐д,10005140,жш┤Є╢m,10005140-008,┤ЄкFз°,119.52,2.96,335.34,39.71,16.7,23.01,137.8,"103Y12M"
10005,н]о▀┐д,10005140,жш┤Є╢m,10005140-009,дG┤Єз°,140.18,3.17,199.86,49.72,16.38,33.33,203.45,"103Y12M"
10005,н]о▀┐д,10005150,│y╛Ї╢m,10005150-001,│y╛Їз°,106.76,2.95,614.3,34.55,16.24,18.31,112.71,"103Y12M"
10005,н]о▀┐д,10005150,│y╛Ї╢m,10005150-002,ен┐│з°,113.33,3.05,69.52,47.31,13.04,34.27,262.75,"103Y12M"
10005,н]о▀┐д,10005150,│y╛Ї╢m,10005150-003,┬╫┤Єз°,115.52,3.32,181.22,39.35,16.83,22.52,133.77,"103Y12M"
10005,н]о▀┐д,10005150,│y╛Ї╢m,10005150-004,дjжшз°,107.72,3.55,1764.78,35.94,18.36,17.58,95.73,"103Y12M"
10005,н]о▀┐д,10005150,│y╛Ї╢m,10005150-005,└AдЇз°,111.46,3.05,294.56,44.66,16.86,27.79,164.79,"103Y12M"
10005,н]о▀┐д,10005150,│y╛Ї╢m,10005150-006,дj└sз°,125.09,3.32,62.23,45.17,16.67,28.5,171.01,"103Y12M"
10005,н]о▀┐д,10005150,│y╛Ї╢m,10005150-007,┤┬╢зз°,104.23,3.48,485.65,36.86,15.98,20.88,130.65,"103Y12M"
10005,н]о▀┐д,10005150,│y╛Ї╢m,10005150-008,╜═дхз°,112.35,3.12,169.7,34.51,12.12,22.39,184.81,"103Y12M"
10005,н]о▀┐д,10005150,│y╛Ї╢m,10005150-009,└sк@з°,123.48,2.94,174.4,37.09,13.45,23.65,175.89,"103Y12M"
10005,н]о▀┐д,10005160,дT╞W╢m,10005160-001,дT╞Wз°,113.81,3.28,850.3,42.46,19.02,23.44,123.22,"103Y12M"
10005,н]о▀┐д,10005160,дT╞W╢m,10005160-002,д║╞Wз°,129.29,3.05,151.35,44.05,16.36,27.7,169.32,"103Y12M"
10005,н]о▀┐д,10005160,дT╞W╢m,10005160-003,╗╔├шз°,120.67,3.03,261.02,43.42,17.1,26.32,153.97,"103Y12M"
10005,н]о▀┐д,10005160,дT╞W╢m,10005160-004,│╗╝dз°,119.55,2.78,66.53,50.52,12.89,37.63,292.,"103Y12M"
10005,н]о▀┐д,10005160,дT╞W╢m,10005160-005,е_оHз°,124.4,2.81,117.41,39.83,12.63,27.19,215.25,"103Y12M"
10005,н]о▀┐д,10005160,дT╞W╢m,10005160-006,дjкeз°,118.63,2.57,45.32,46.39,7.,39.39,562.5,"103Y12M"
10005,н]о▀┐д,10005160,дT╞W╢m,10005160-007,дjйWз°,118.53,2.82,87.99,50.,16.86,33.14,196.49,"103Y12M"
10005,н]о▀┐д,10005160,дT╞W╢m,10005160-008,е├йMз°,126.94,2.11,38.66,48.98,10.2,38.78,380.,"103Y12M"
10005,н]о▀┐д,10005170,╖р╝ц╢m,10005170-001,ж╩╣╪з°,156.88,2.51,39.31,50.,13.14,36.86,280.56,"103Y12M"
10005,н]о▀┐д,10005170,╖р╝ц╢m,10005170-002,е├┐│з°,124.41,2.78,50.69,52.85,15.72,37.13,236.23,"103Y12M"
10005,н]о▀┐д,10005170,╖р╝ц╢m,10005170-003,╖sй▒з°,117.67,2.73,74.76,51.19,13.25,37.94,286.32,"103Y12M"
10005,н]о▀┐д,10005170,╖р╝ц╢m,10005170-004,йM┐│з°,119.16,2.88,55.26,53.06,15.87,37.19,234.29,"103Y12M"
10005,н]о▀┐д,10005170,╖р╝ц╢m,10005170-005,┬╫кLз°,125.86,2.77,72.63,51.99,14.05,37.95,270.15,"103Y12M"
10005,н]о▀┐д,10005170,╖р╝ц╢m,10005170-006,╖s┬╫з°,125.15,2.57,69.93,43.12,10.04,33.09,329.63,"103Y12M"
10005,н]о▀┐д,10005170,╖р╝ц╢m,10005170-007,ж╦дьз°,122.41,2.64,57.36,50.88,10.14,40.74,401.92,"103Y12M"
10005,н]о▀┐д,10005180,оїжw╢m,10005180-001,дKиЎз°,131.61,3.36,29.94,29.6,14.08,15.52,110.26,"103Y12M"
10005,н]о▀┐д,10005180,оїжw╢m,10005180-002,└AдЇз°,116.78,3.15,21.01,34.72,16.19,18.52,114.38,"103Y12M"
10005,н]о▀┐д,10005180,оїжw╢m,10005180-003,▓Mжwз°,120.93,2.79,81.14,39.15,13.32,25.83,194.,"103Y12M"
10005,н]о▀┐д,10005180,оїжw╢m,10005180-004,дj┐│з°,110.33,2.82,68.75,30.43,15.56,14.87,95.59,"103Y12M"
10005,н]о▀┐д,10005180,оїжw╢m,10005180-005,дд┐│з°,108.39,3.27,15.47,34.47,21.04,13.43,63.81,"103Y12M"
10005,н]о▀┐д,10005180,оїжw╢m,10005180-006,▒Ў╢щз°,107.49,3.48,1.55,39.39,31.29,8.1,25.87,"103Y12M"
10005,н]о▀┐д,10005180,оїжw╢m,10005180-007,╢H╗єз°,114.32,3.12,21.82,36.48,22.39,14.1,62.96,"103Y12M"
10005,н]о▀┐д,10005180,оїжw╢m,10005180-008,дhкLз°,106.,3.4,55.43,32.29,19.08,13.21,69.23,"103Y12M"
10007,╣№д╞┐д,10007010,╣№д╞ел,10007010-001,дхд╞и╜,89.95,3.04,25545.1,53.61,30.54,23.07,75.54,"103Y12M"
10007,╣№д╞┐д,10007010,╣№д╞ел,10007010-002,дUб╜и╜,95.88,3.32,15311.24,46.51,32.1,14.41,44.89,"103Y12M"
10007,╣№д╞┐д,10007010,╣№д╞ел,10007010-003,┐│е_и╜,88.21,2.97,27827.18,53.9,35.87,18.03,50.27,"103Y12M"
10007,╣№д╞┐д,10007010,╣№д╞ел,10007010-004,лH╕qи╜,86.41,2.71,20753.46,60.54,33.74,26.8,79.44,"103Y12M"
10007,╣№д╞┐д,10007010,╣№д╞ел,10007010-005,е┴е═и╜,91.09,3.04,19906.52,55.77,34.04,21.72,63.81,"103Y12M"
10007,╣№д╞┐д,10007010,╣№д╞ел,10007010-006,╢зй·и╜,102.92,2.93,13624.26,52.78,25.88,26.9,103.98,"103Y12M"
10007,╣№д╞┐д,10007010,╣№д╞ел,10007010-007,╕Uжwи╜,90.59,3.31,26903.78,47.02,29.9,17.11,57.23,"103Y12M"
10007,╣№д╞┐д,10007010,╣№д╞ел,10007010-008,╖s┐│и╜,94.02,3.15,17803.95,40.99,26.82,14.17,52.83,"103Y12M"
10007,╣№д╞┐д,10007010,╣№д╞ел,10007010-009,╖s╡╪и╜,98.26,3.19,12782.02,47.21,25.75,21.47,83.38,"103Y12M"
10007,╣№д╞┐д,10007010,╣№д╞ел,10007010-010,└sдsи╜,90.86,2.64,10105.4,42.21,18.86,23.34,123.75,"103Y12M"
10007,╣№д╞┐д,10007010,╣№д╞ел,10007010-011,дддsи╜,102.7,2.83,5751.53,44.66,21.36,23.29,109.03,"103Y12M"
10007,╣№д╞┐д,10007010,╣№д╞ел,10007010-012,дде┐и╜,94.6,2.76,21547.2,47.68,25.35,22.33,88.11,"103Y12M"
10007,╣№д╞┐д,10007010,╣№д╞ел,10007010-013,е├║╓и╜,100.7,2.74,15442.25,51.79,21.06,30.73,145.91,"103Y12M"
10007,╣№д╞┐д,10007010,╣№д╞ел,10007010-014,е·┤_и╜,102.15,2.93,10606.01,49.44,24.8,24.64,99.36,"103Y12M"
10007,╣№д╞┐д,10007010,╣№д╞ел,10007010-015,е·╡╪и╜,98.22,2.45,14620.12,48.58,17.2,31.39,182.52,"103Y12M"
10007,╣№д╞┐д,10007010,╣№д╞ел,10007010-016,╕U╣╪и╜,98.36,2.68,13491.58,44.05,15.21,28.84,189.57,"103Y12M"
10007,╣№д╞┐д,10007010,╣№д╞ел,10007010-017,ддеби╜,107.51,2.42,15123.26,44.21,9.46,34.75,367.24,"103Y12M"
10007,╣№д╞┐д,10007010,╣№д╞ел,10007010-018,┤I╢Qи╜,99.24,2.82,15138.41,42.08,12.58,29.5,234.41,"103Y12M"
10007,╣№д╞┐д,10007010,╣№д╞ел,10007010-019,е┴┼vи╜,105.7,2.75,24669.6,44.27,15.14,29.13,192.36,"103Y12M"
10007,╣№д╞┐д,10007010,╣№д╞ел,10007010-020,жш┐│и╜,101.88,3.,9623.36,33.88,21.03,12.85,61.09,"103Y12M"
10007,╣№д╞┐д,10007010,╣№д╞ел,10007010-021,жш╢╒и╜,97.12,3.13,6625.2,37.87,25.42,12.45,48.98,"103Y12M"
10007,╣№д╞┐д,10007010,╣№д╞ел,10007010-022,й╛з╡и╜,97.77,3.03,9475.46,44.51,23.12,21.4,92.55,"103Y12M"
10007,╣№д╞┐д,10007010,╣№д╞ел,10007010-023,й╛┼vи╜,95.33,3.1,22071.76,33.82,20.49,13.32,65.02,"103Y12M"
10007,╣№д╞┐д,10007010,╣№д╞ел,10007010-024,дн┼vи╜,90.97,3.12,13343.94,34.82,23.44,11.38,48.56,"103Y12M"
10007,╣№д╞┐д,10007010,╣№д╞ел,10007010-025,к°╝╓и╜,98.93,2.64,10982.22,55.7,21.37,34.33,160.67,"103Y12M"
10007,╣№д╞┐д,10007010,╣№д╞ел,10007010-026,кFк┌и╜,101.8,3.41,3316.37,34.43,20.04,14.39,71.8,"103Y12M"
10007,╣№д╞┐д,10007010,╣№д╞ел,10007010-027,лnжwи╜,102.92,3.8,2822.21,33.01,19.4,13.61,70.14,"103Y12M"
10007,╣№д╞┐д,10007010,╣№д╞ел,10007010-028,лnм№и╜,105.85,3.66,2553.85,31.58,18.01,13.57,75.35,"103Y12M"
10007,╣№д╞┐д,10007010,╣№д╞ел,10007010-029,█lофи╜,99.61,3.1,5413.63,25.17,15.47,9.7,62.72,"103Y12M"
10007,╣№д╞┐д,10007010,╣№д╞ел,10007010-030,┐jб╜и╜,100.41,3.73,1315.19,31.06,18.75,12.31,65.66,"103Y12M"
10007,╣№д╞┐д,10007010,╣№д╞ел,10007010-031,енйMи╜,98.86,3.28,4620.39,29.4,17.11,12.29,71.83,"103Y12M"
10007,╣№д╞┐д,10007010,╣№д╞ел,10007010-032,оч╖╜и╜,117.14,3.54,848.6,51.78,15.49,36.29,234.28,"103Y12M"
10007,╣№д╞┐д,10007010,╣№д╞ел,10007010-033,иЎдsи╜,98.39,2.78,3586.47,39.11,18.54,20.56,110.91,"103Y12M"
10007,╣№д╞┐д,10007010,╣№д╞ел,10007010-034,кF┐│и╜,97.63,2.62,14214.93,47.47,17.27,30.2,174.88,"103Y12M"
10007,╣№д╞┐д,10007010,╣№д╞ел,10007010-035,дjжPи╜,105.24,2.55,16145.2,45.72,12.02,33.71,280.41,"103Y12M"
10007,╣№д╞┐д,10007010,╣№д╞ел,10007010-036,е├е═и╜,100.28,2.59,16674.36,43.97,12.56,31.41,250.,"103Y12M"
10007,╣№д╞┐д,10007010,╣№д╞ел,10007010-037,╡╪╢зи╜,95.82,2.79,6005.29,45.38,16.38,29.,177.02,"103Y12M"
10007,╣№д╞┐д,10007010,╣№д╞ел,10007010-038,╡╪е_и╜,91.22,2.62,14115.97,44.44,17.59,26.86,152.73,"103Y12M"
10007,╣№д╞┐д,10007010,╣№д╞ел,10007010-039,лnЭaи╜,93.39,3.09,18463.25,34.54,19.77,14.77,74.72,"103Y12M"
10007,╣№д╞┐д,10007010,╣№д╞ел,10007010-040,жие\и╜,95.09,2.94,9574.59,42.92,20.8,22.13,106.39,"103Y12M"
10007,╣№д╞┐д,10007010,╣№д╞ел,10007010-041,й╡йMи╜,99.12,3.26,2844.63,35.76,24.31,11.46,47.13,"103Y12M"
10007,╣№д╞┐д,10007010,╣№д╞ел,10007010-042,лn┐│и╜,92.75,3.18,13996.03,32.74,23.4,9.35,39.95,"103Y12M"
10007,╣№д╞┐д,10007010,╣№д╞ел,10007010-043,жшжwи╜,91.11,2.88,26056.69,37.24,16.43,20.8,126.59,"103Y12M"
10007,╣№д╞┐д,10007010,╣№д╞ел,10007010-044,╣№жwи╜,93.23,3.,18332.74,41.71,19.57,22.15,113.18,"103Y12M"
10007,╣№д╞┐д,10007010,╣№д╞ел,10007010-045,е·лnи╜,93.95,2.77,13907.95,39.81,20.94,18.87,90.15,"103Y12M"
10007,╣№д╞┐д,10007010,╣№д╞ел,10007010-046,д╢╣╪и╜,110.93,2.24,5856.7,38.75,14.24,24.51,172.13,"103Y12M"
10007,╣№д╞┐д,10007010,╣№д╞ел,10007010-047,й╡ени╜,94.89,3.14,5846.04,37.19,26.5,10.69,40.36,"103Y12M"
10007,╣№д╞┐д,10007010,╣№д╞ел,10007010-048,л╪─_и╜,100.58,2.87,9235.73,53.19,23.19,30.,129.38,"103Y12M"
10007,╣№д╞┐д,10007010,╣№д╞ел,10007010-049,║╓жwи╜,102.17,2.98,13248.72,41.87,15.79,26.08,165.19,"103Y12M"
10007,╣№д╞┐д,10007010,╣№д╞ел,10007010-050,дjж╦и╜,99.39,3.43,4095.07,35.32,20.96,14.35,68.48,"103Y12M"
10007,╣№д╞┐д,10007010,╣№д╞ел,10007010-051,ж╦дди╜,109.57,3.42,7227.37,33.46,16.34,17.12,104.76,"103Y12M"
10007,╣№д╞┐д,10007010,╣№д╞ел,10007010-052,жw╖╦и╜,103.66,3.13,809.84,33.47,22.59,10.88,48.19,"103Y12M"
10007,╣№д╞┐д,10007010,╣№д╞ел,10007010-053,н╗дsи╜,108.21,3.5,1442.11,33.34,18.38,14.97,81.44,"103Y12M"
10007,╣№д╞┐д,10007010,╣№д╞ел,10007010-054,д√оHи╜,105.83,3.8,2450.22,33.47,16.41,17.06,103.95,"103Y12M"
10007,╣№д╞┐д,10007010,╣№д╞ел,10007010-055,║╓дsи╜,100.05,3.35,4875.75,32.45,17.77,14.68,82.62,"103Y12M"
10007,╣№д╞┐д,10007010,╣№д╞ел,10007010-056,дд╔▄и╜,99.07,3.01,3358.,35.08,17.13,17.95,104.75,"103Y12M"
10007,╣№д╞┐д,10007010,╣№д╞ел,10007010-057,дTз°и╜,106.08,3.98,332.94,32.16,15.2,16.96,111.54,"103Y12M"
10007,╣№д╞┐д,10007010,╣№д╞ел,10007010-058,░ъ╕tи╜,105.88,3.54,1064.21,33.21,17.99,15.22,84.63,"103Y12M"
10007,╣№д╞┐д,10007010,╣№д╞ел,10007010-059,─_б╜и╜,116.52,3.83,851.83,40.15,23.64,16.51,69.84,"103Y12M"
10007,╣№д╞┐д,10007010,╣№д╞ел,10007010-060,нX╨ди╜,112.48,3.66,924.18,36.57,21.63,14.95,69.1,"103Y12M"
10007,╣№д╞┐д,10007010,╣№д╞ел,10007010-061,нXлnи╜,99.83,3.54,4523.9,40.27,27.94,12.33,44.13,"103Y12M"
10007,╣№д╞┐д,10007010,╣№д╞ел,10007010-062,к№жiи╜,98.24,3.15,13573.23,34.72,25.08,9.64,38.42,"103Y12M"
10007,╣№д╞┐д,10007010,╣№д╞ел,10007010-063,еjжiи╜,101.86,3.35,3701.97,30.3,18.37,11.93,64.98,"103Y12M"
10007,╣№д╞┐д,10007010,╣№д╞ел,10007010-064,┤_┐│и╜,99.93,3.23,7953.43,37.91,23.64,14.27,60.37,"103Y12M"
10007,╣№д╞┐д,10007010,╣№д╞ел,10007010-065,йM╜╒и╜,103.24,3.21,6322.44,43.47,26.74,16.74,62.6,"103Y12M"
10007,╣№д╞┐д,10007010,╣№д╞ел,10007010-066,е█╡Pи╜,110.98,3.94,298.98,40.79,17.03,23.76,139.53,"103Y12M"
10007,╣№д╞┐д,10007010,╣№д╞ел,10007010-067,║╓е╨и╜,106.61,3.77,524.15,33.5,15.3,18.21,118.99,"103Y12M"
10007,╣№д╞┐д,10007010,╣№д╞ел,10007010-068,ж╦л╤и╜,118.12,3.44,534.18,42.71,18.43,24.29,131.78,"103Y12M"
10007,╣№д╞┐д,10007010,╣№д╞ел,10007010-069,е╨дди╜,115.43,3.86,348.31,37.4,17.06,20.34,119.23,"103Y12M"
10007,╣№д╞┐д,10007010,╣№д╞ел,10007010-070,з╓йxи╜,102.94,3.37,430.69,35.15,16.19,18.97,117.2,"103Y12M"
10007,╣№д╞┐д,10007010,╣№д╞ел,10007010-071,еx╗ёи╜,104.51,3.29,9658.96,24.99,15.74,9.25,58.75,"103Y12M"
10007,╣№д╞┐д,10007010,╣№д╞ел,10007010-072,▒[ени╜,93.45,2.91,13896.6,30.35,18.12,12.23,67.53,"103Y12M"
10007,╣№д╞┐д,10007010,╣№д╞ел,10007010-073,жV╢зи╜,91.45,3.17,8418.84,32.06,25.04,7.02,28.05,"103Y12M"
10007,╣№д╞┐д,10007020,│└┤ф┬э,10007020-001,дjж│и╜,109.75,3.04,17747.78,44.16,21.12,23.05,109.13,"103Y12M"
10007,╣№д╞┐д,10007020,│└┤ф┬э,10007020-002,дд┐│и╜,103.74,2.83,12251.74,39.95,15.65,24.3,155.22,"103Y12M"
10007,╣№д╞┐д,10007020,│└┤ф┬э,10007020-003,мемzи╜,105.44,2.99,7967.47,42.92,15.43,27.49,178.18,"103Y12M"
10007,╣№д╞┐д,10007020,│└┤ф┬э,10007020-004,╢╢┐│и╜,109.98,2.79,11603.24,40.08,15.62,24.46,156.56,"103Y12M"
10007,╣№д╞┐д,10007020,│└┤ф┬э,10007020-005,│╗нэи╜,102.18,3.58,4928.74,39.79,27.89,11.91,42.7,"103Y12M"
10007,╣№д╞┐д,10007020,│└┤ф┬э,10007020-006,кF▒Tи╜,106.3,3.74,1527.53,37.09,23.83,13.26,55.62,"103Y12M"
10007,╣№д╞┐д,10007020,│└┤ф┬э,10007020-007,оH▒[и╜,100.61,3.35,4405.51,32.54,21.95,10.59,48.25,"103Y12M"
10007,╣№д╞┐д,10007020,│└┤ф┬э,10007020-008,кFе█и╜,101.98,3.63,263.27,36.1,21.79,14.32,65.7,"103Y12M"
10007,╣№д╞┐д,10007020,│└┤ф┬э,10007020-009,│внэи╜,120.81,3.15,17888.7,44.62,20.,24.62,123.08,"103Y12M"
10007,╣№д╞┐д,10007020,│└┤ф┬э,10007020-010,╖sоcи╜,111.39,3.19,4608.02,42.52,14.04,28.48,202.83,"103Y12M"
10007,╣№д╞┐д,10007020,│└┤ф┬э,10007020-011,е╔╢╢и╜,104.5,3.61,12226.91,44.61,20.62,23.99,116.36,"103Y12M"
10007,╣№д╞┐д,10007020,│└┤ф┬э,10007020-012,┤║║╓и╜,99.85,2.92,12884.09,38.85,15.52,23.33,150.33,"103Y12M"
10007,╣№д╞┐д,10007020,│└┤ф┬э,10007020-013,ої┐│и╜,97.32,3.25,11237.18,53.37,29.8,23.56,79.07,"103Y12M"
10007,╣№д╞┐д,10007020,│└┤ф┬э,10007020-014,к°┐│и╜,100.56,3.23,14426.36,56.77,24.02,32.75,136.36,"103Y12M"
10007,╣№д╞┐д,10007020,│└┤ф┬э,10007020-015,└sдsи╜,102.34,3.27,17602.34,60.97,31.23,29.74,95.24,"103Y12M"
10007,╣№д╞┐д,10007020,│└┤ф┬э,10007020-016,┐│д╞и╜,105.12,3.44,24869.28,54.05,29.15,24.9,85.42,"103Y12M"
10007,╣№д╞┐д,10007020,│└┤ф┬э,10007020-017,╡ц╢щи╜,104.26,3.73,9269.23,54.65,30.48,24.16,79.27,"103Y12M"
10007,╣№д╞┐д,10007020,│└┤ф┬э,10007020-018,╡єз└и╜,95.13,3.42,7205.09,42.15,25.8,16.35,63.37,"103Y12M"
10007,╣№д╞┐д,10007020,│└┤ф┬э,10007020-019,│╗╡fи╜,104.85,3.84,3641.83,37.75,23.14,14.61,63.15,"103Y12M"
10007,╣№д╞┐д,10007020,│└┤ф┬э,10007020-020,└Y▒[и╜,107.13,4.39,2067.9,36.78,22.28,14.5,65.09,"103Y12M"
10007,╣№д╞┐д,10007020,│└┤ф┬э,10007020-021,╣∙нэи╜,106.38,4.09,1360.89,32.94,19.72,13.21,66.99,"103Y12M"
10007,╣№д╞┐д,10007020,│└┤ф┬э,10007020-022,╖╛сYи╜,106.12,4.1,1557.45,34.47,21.62,12.85,59.42,"103Y12M"
10007,╣№д╞┐д,10007020,│└┤ф┬э,10007020-023,пєдди╜,105.13,3.97,1408.84,39.3,19.53,19.78,101.29,"103Y12M"
10007,╣№д╞┐д,10007020,│└┤ф┬э,10007020-024,└Yлnи╜,104.71,4.18,751.16,36.18,18.44,17.75,96.25,"103Y12M"
10007,╣№д╞┐д,10007020,│└┤ф┬э,10007020-025,дs▒[и╜,107.22,3.94,343.79,40.54,19.59,20.95,106.92,"103Y12M"
10007,╣№д╞┐д,10007020,│└┤ф┬э,10007020-026,о№оHи╜,105.61,3.78,388.02,34.07,18.51,15.57,84.13,"103Y12M"
10007,╣№д╞┐д,10007020,│└┤ф┬э,10007020-027,╢@жwи╜,110.03,3.81,816.98,37.6,21.47,16.13,75.14,"103Y12M"
10007,╣№д╞┐д,10007020,│└┤ф┬э,10007020-028,мvнэи╜,106.66,3.84,986.79,39.44,17.74,21.7,122.34,"103Y12M"
10007,╣№д╞┐д,10007020,│└┤ф┬э,10007020-029,е├жwи╜,98.19,3.18,14346.29,40.14,22.25,17.9,80.44,"103Y12M"
10007,╣№д╞┐д,10007030,йMм№┬э,10007030-001,ж╦└чи╜,100.9,3.36,5946.73,32.34,21.91,10.43,47.6,"103Y12M"
10007,╣№д╞┐д,10007030,йMм№┬э,10007030-002,йMкFи╜,100.23,3.14,7419.48,35.46,20.82,14.64,70.29,"103Y12M"
10007,╣№д╞┐д,10007030,йMм№┬э,10007030-003,йMлnи╜,92.39,3.41,24239.25,48.27,21.6,26.67,123.46,"103Y12M"
10007,╣№д╞┐д,10007030,йMм№┬э,10007030-004,йMе_и╜,97.99,3.21,8544.5,37.06,24.06,13.,54.02,"103Y12M"
10007,╣№д╞┐д,10007030,йMм№┬э,10007030-005,йMжши╜,99.71,3.32,9838.83,41.87,24.31,17.55,72.18,"103Y12M"
10007,╣№д╞┐д,10007030,йMм№┬э,10007030-006,е|▒iи╜,106.52,3.79,3783.87,34.19,22.97,11.22,48.84,"103Y12M"
10007,╣№д╞┐д,10007030,йMм№┬э,10007030-007,└Yлeи╜,101.85,3.87,1840.24,34.7,22.35,12.35,55.23,"103Y12M"
10007,╣№д╞┐д,10007030,йMм№┬э,10007030-008,┴┘к└и╜,106.41,3.65,1357.9,33.59,17.9,15.69,87.68,"103Y12M"
10007,╣№д╞┐д,10007030,йMм№┬э,10007030-009,н▒лeи╜,102.2,3.95,1980.07,36.51,23.69,12.82,54.14,"103Y12M"
10007,╣№д╞┐д,10007030,йMм№┬э,10007030-010,┬эени╜,111.14,3.55,2650.64,31.34,17.4,13.94,80.09,"103Y12M"
10007,╣№д╞┐д,10007030,йMм№┬э,10007030-011,дj┴°и╜,108.02,4.01,2214.44,33.62,18.24,15.38,84.35,"103Y12M"
10007,╣№д╞┐д,10007030,йMм№┬э,10007030-012,╖╜░ёи╜,106.4,3.84,1878.84,32.13,17.06,15.07,88.34,"103Y12M"
10007,╣№д╞┐д,10007030,йMм№┬э,10007030-013,лnж·и╜,108.33,3.85,1415.99,29.76,17.52,12.24,69.83,"103Y12M"
10007,╣№д╞┐д,10007030,йMм№┬э,10007030-014,╢о╖╛и╜,108.34,3.83,1586.22,36.79,19.71,17.09,86.72,"103Y12M"
10007,╣№д╞┐д,10007030,йMм№┬э,10007030-015,дs▓pи╜,101.59,3.55,9578.27,37.55,27.33,10.21,37.36,"103Y12M"
10007,╣№д╞┐д,10007030,йMм№┬э,10007030-016,╣┼▓pи╜,114.3,3.73,1313.68,32.21,19.38,12.83,66.17,"103Y12M"
10007,╣№д╞┐д,10007030,йMм№┬э,10007030-017,┼Kдsи╜,107.42,3.39,2952.55,32.18,16.6,15.58,93.89,"103Y12M"
10007,╣№д╞┐д,10007030,йMм№┬э,10007030-018,╢@жwи╜,105.68,2.86,2219.55,23.41,10.38,13.02,125.4,"103Y12M"
10007,╣№д╞┐д,10007030,йMм№┬э,10007030-019,мaдли╜,106.63,3.74,1749.65,36.84,22.11,14.73,66.62,"103Y12M"
10007,╣№д╞┐д,10007030,йMм№┬э,10007030-020,ж╦╢щи╜,102.94,3.89,1488.29,36.13,22.07,14.06,63.69,"103Y12M"
10007,╣№д╞┐д,10007030,йMм№┬э,10007030-021,╖s╔▄и╜,109.93,3.1,2992.06,27.46,11.5,15.96,138.71,"103Y12M"
10007,╣№д╞┐д,10007030,йMм№┬э,10007030-022,▓p▓▒и╜,103.85,3.47,2527.33,36.45,19.35,17.1,88.4,"103Y12M"
10007,╣№д╞┐д,10007030,йMм№┬э,10007030-023,дд╝dи╜,117.66,3.56,843.5,39.14,18.04,21.1,116.96,"103Y12M"
10007,╣№д╞┐д,10007030,йMм№┬э,10007030-024,дд│Єи╜,110.37,3.64,1534.54,34.57,19.41,15.16,78.13,"103Y12M"
10007,╣№д╞┐д,10007030,йMм№┬э,10007030-025,┐}д═и╜,99.52,3.02,16837.91,24.5,18.89,5.62,29.75,"103Y12M"
10007,╣№д╞┐д,10007030,йMм№┬э,10007030-026,╢юнэи╜,110.82,3.8,1553.07,38.81,18.51,20.31,109.71,"103Y12M"
10007,╣№д╞┐д,10007030,йMм№┬э,10007030-027,жa╝ци╜,110.98,4.19,473.75,36.86,16.09,20.76,129.01,"103Y12M"
10007,╣№д╞┐д,10007030,йMм№┬э,10007030-028,┤Єд║и╜,113.86,3.54,997.1,33.12,12.15,20.96,172.52,"103Y12M"
10007,╣№д╞┐д,10007030,йMм№┬э,10007030-029,╣┼─_и╜,108.61,3.97,798.66,34.73,16.45,18.28,111.15,"103Y12M"
10007,╣№д╞┐д,10007030,йMм№┬э,10007030-030,дым▄и╜,103.36,3.75,2509.59,35.62,20.19,15.43,76.41,"103Y12M"
10007,╣№д╞┐д,10007030,йMм№┬э,10007030-031,жnн╫и╜,112.46,3.92,1312.1,34.62,17.21,17.41,101.18,"103Y12M"
10007,╣№д╞┐д,10007030,йMм№┬э,10007030-032,дп╖Rи╜,94.95,3.11,4950.34,29.28,20.56,8.72,42.42,"103Y12M"
10007,╣№д╞┐д,10007040,╜uжш╢m,10007040-001,╜uжшз°,97.7,4.01,1344.01,36.82,22.14,14.68,66.29,"103Y12M"
10007,╣№д╞┐д,10007040,╜uжш╢m,10007040-002,│╗╔▄з°,115.77,4.05,867.6,35.99,15.94,20.05,125.84,"103Y12M"
10007,╣№д╞┐д,10007040,╜uжш╢m,10007040-003,┤JоHз°,108.31,3.86,630.99,38.94,23.33,15.61,66.88,"103Y12M"
10007,╣№д╞┐д,10007040,╜uжш╢m,10007040-004,╢єеJз°,101.69,4.07,606.7,37.44,19.34,18.1,93.58,"103Y12M"
10007,╣№д╞┐д,10007040,╜uжш╢m,10007040-005,╖╛д║з°,104.35,3.87,579.08,39.37,20.21,19.16,94.79,"103Y12M"
10007,╣№д╞┐д,10007040,╜uжш╢m,10007040-006,дU▓pз°,112.18,4.08,1030.44,33.75,17.36,16.39,94.39,"103Y12M"
10007,╣№д╞┐д,10007040,╜uжш╢m,10007040-007,│╗▓pз°,113.23,3.93,1046.75,35.03,19.21,15.82,82.37,"103Y12M"
10007,╣№д╞┐д,10007040,╜uжш╢m,10007040-008,╝w┐│з°,108.21,4.11,1107.1,32.46,19.33,13.13,67.93,"103Y12M"
10007,╣№д╞┐д,10007050,ж∙┤ф╢m,10007050-001,┤┐оaз°,107.38,4.01,1086.02,40.1,19.74,20.36,103.11,"103Y12M"
10007,╣№д╞┐д,10007050,ж∙┤ф╢m,10007050-002,│H╝dз°,106.31,3.7,517.72,40.5,18.,22.5,125.,"103Y12M"
10007,╣№д╞┐д,10007050,ж∙┤ф╢m,10007050-003,░ёсYз°,101.91,3.59,2537.39,30.94,20.87,10.07,48.22,"103Y12M"
10007,╣№д╞┐д,10007050,ж∙┤ф╢m,10007050-004,╖╦й│з°,112.31,3.98,520.16,37.92,21.93,15.99,72.92,"103Y12M"
10007,╣№д╞┐д,10007050,ж∙┤ф╢m,10007050-005,мuж{з°,101.9,3.61,4346.39,33.75,20.16,13.59,67.39,"103Y12M"
10007,╣№д╞┐д,10007050,ж∙┤ф╢m,10007050-006,мuнэз°,104.76,3.9,2171.61,39.71,20.4,19.31,94.69,"103Y12M"
10007,╣№д╞┐д,10007050,ж∙┤ф╢m,10007050-007,о№з└з°,107.49,4.05,737.99,36.03,19.34,16.7,86.35,"103Y12M"
10007,╣№д╞┐д,10007050,ж∙┤ф╢m,10007050-008,е■┐│з°,106.74,3.63,335.25,40.81,24.23,16.58,68.41,"103Y12M"
10007,╣№д╞┐д,10007050,ж∙┤ф╢m,10007050-009,йw┐│з°,110.61,4.02,1939.9,33.43,19.5,13.93,71.46,"103Y12M"
10007,╣№д╞┐д,10007050,ж∙┤ф╢m,10007050-010,╖s┤фз°,97.,3.62,6342.04,34.3,20.82,13.48,64.74,"103Y12M"
10007,╣№д╞┐д,10007050,ж∙┤ф╢m,10007050-011,д░к╤з°,109.44,4.08,1090.72,34.84,20.67,14.18,68.59,"103Y12M"
10007,╣№д╞┐д,10007050,ж∙┤ф╢m,10007050-012,дjжPз°,102.73,3.58,1875.23,38.65,25.29,13.37,52.86,"103Y12M"
10007,╣№д╞┐д,10007050,ж∙┤ф╢m,10007050-013,дC╣┼з°,107.42,3.84,5606.4,34.5,23.59,10.91,46.26,"103Y12M"
10007,╣№д╞┐д,10007050,ж∙┤ф╢m,10007050-014,иX└Yз°,104.65,4.19,1788.91,38.41,22.08,16.33,73.98,"103Y12M"
10007,╣№д╞┐д,10007060,║╓┐│╢m,10007060-001,╡fк└з°,107.51,3.85,954.87,37.66,17.97,19.69,109.55,"103Y12M"
10007,╣№д╞┐д,10007060,║╓┐│╢m,10007060-002,к└з└з°,113.05,3.82,875.09,40.76,19.04,21.72,114.1,"103Y12M"
10007,╣№д╞┐д,10007060,║╓┐│╢m,10007060-003,дj▒[з°,115.44,3.81,669.72,35.27,14.13,21.14,149.67,"103Y12M"
10007,╣№д╞┐д,10007060,║╓┐│╢m,10007060-004,е~оHз°,115.04,3.76,500.52,33.62,17.83,15.79,88.55,"103Y12M"
10007,╣№д╞┐д,10007060,║╓┐│╢m,10007060-005,е~ддз°,114.37,3.73,1430.1,41.05,18.51,22.54,121.74,"103Y12M"
10007,╣№д╞┐д,10007060,║╓┐│╢m,10007060-006,д╕ддз°,110.61,3.75,634.23,34.42,15.12,19.29,127.61,"103Y12M"
10007,╣№д╞┐д,10007060,║╓┐│╢m,10007060-007,дTиXз°,107.85,3.74,2552.47,39.65,19.62,20.03,102.1,"103Y12M"
10007,╣№д╞┐д,10007060,║╓┐│╢m,10007060-008,╕U┬╫з°,108.1,3.54,1046.93,32.65,17.81,14.84,83.33,"103Y12M"
10007,╣№д╞┐д,10007060,║╓┐│╢m,10007060-009,╡f▒Cз°,113.44,3.7,971.47,34.,17.31,16.69,96.44,"103Y12M"
10007,╣№д╞┐д,10007060,║╓┐│╢m,10007060-010,╛Ї└Yз°,96.92,3.14,2490.72,27.78,13.12,14.66,111.8,"103Y12M"
10007,╣№д╞┐д,10007060,║╓┐│╢m,10007060-011,иqнэз°,106.31,3.92,885.69,35.01,19.27,15.74,81.65,"103Y12M"
10007,╣№д╞┐д,10007060,║╓┐│╢m,10007060-012,┬эенз°,111.93,3.86,464.75,39.55,21.29,18.26,85.78,"103Y12M"
10007,╣№д╞┐д,10007060,║╓┐│╢m,10007060-013,дTйMз°,111.81,4.02,613.68,43.85,18.57,25.27,136.09,"103Y12M"
10007,╣№д╞┐д,10007060,║╓┐│╢m,10007060-014,│┴нэз°,110.96,3.92,570.08,38.77,20.1,18.67,92.87,"103Y12M"
10007,╣№д╞┐д,10007060,║╓┐│╢m,10007060-015,╖H╓▀з°,118.91,4.13,878.24,36.61,19.34,17.27,89.29,"103Y12M"
10007,╣№д╞┐д,10007060,║╓┐│╢m,10007060-016,│╗╓▀з°,110.22,4.45,986.06,39.78,21.79,17.98,82.52,"103Y12M"
10007,╣№д╞┐д,10007060,║╓┐│╢m,10007060-017,║╓─_з°,109.84,4.26,124.8,39.9,21.33,18.57,87.04,"103Y12M"
10007,╣№д╞┐д,10007060,║╓┐│╢m,10007060-018,дG┤фз°,110.31,4.17,807.83,40.58,20.33,20.24,99.57,"103Y12M"
10007,╣№д╞┐д,10007060,║╓┐│╢m,10007060-019,║╓┐│з°,104.73,3.51,2066.89,30.96,17.02,13.94,81.87,"103Y12M"
10007,╣№д╞┐д,10007060,║╓┐│╢m,10007060-020,║╓лnз°,106.2,3.84,2024.55,31.73,18.68,13.04,69.82,"103Y12M"
10007,╣№д╞┐д,10007060,║╓┐│╢m,10007060-021,жPжwз°,110.57,4.03,2431.23,36.85,21.6,15.25,70.61,"103Y12M"
10007,╣№д╞┐д,10007060,║╓┐│╢m,10007060-022,жш╢╒з°,102.63,3.9,2582.43,36.68,20.29,16.39,80.79,"103Y12M"
10007,╣№д╞┐д,10007070,иqдЇ╢m,10007070-001,иqдЇз°,108.14,3.98,1241.92,42.77,24.01,18.76,78.15,"103Y12M"
10007,╣№д╞┐д,10007070,иqдЇ╢m,10007070-002,жw╖╦з°,108.67,3.46,1732.46,31.9,19.01,12.89,67.8,"103Y12M"
10007,╣№д╞┐д,10007070,иqдЇ╢m,10007070-003,▓°╢оз°,105.56,3.79,1919.56,33.66,21.21,12.45,58.72,"103Y12M"
10007,╣№д╞┐д,10007070,иqдЇ╢m,10007070-004,кў┐│з°,109.85,3.8,867.45,35.82,16.39,19.43,118.52,"103Y12M"
10007,╣№д╞┐д,10007070,иqдЇ╢m,10007070-005,░вжшз°,104.97,3.94,857.9,41.39,20.9,20.48,98.,"103Y12M"
10007,╣№д╞┐д,10007070,иqдЇ╢m,10007070-006,жwкFз°,102.61,3.76,2168.58,38.9,22.49,16.42,73.01,"103Y12M"
10007,╣№д╞┐д,10007070,иqдЇ╢m,10007070-007,┼b╗яз°,109.24,3.82,1052.43,31.86,16.42,15.44,94.02,"103Y12M"
10007,╣№д╞┐д,10007070,иqдЇ╢m,10007070-008,░и┐│з°,109.49,3.8,1479.6,34.5,18.71,15.79,84.36,"103Y12M"
10007,╣№д╞┐д,10007070,иqдЇ╢m,10007070-009,╕q┐│з°,109.46,3.9,744.93,29.98,14.79,15.19,102.72,"103Y12M"
10007,╣№д╞┐д,10007070,иqдЇ╢m,10007070-010,║╓жwз°,105.79,3.68,3032.39,36.63,25.94,10.69,41.19,"103Y12M"
10007,╣№д╞┐д,10007070,иqдЇ╢m,10007070-011,оH▒[з°,106.72,3.87,1890.23,43.86,27.19,16.67,61.29,"103Y12M"
10007,╣№д╞┐д,10007070,иqдЇ╢m,10007070-012,┤┐нэз°,105.56,3.89,976.71,34.92,18.8,16.12,85.71,"103Y12M"
10007,╣№д╞┐д,10007070,иqдЇ╢m,10007070-013,кў│оз°,108.01,3.81,1569.18,38.15,21.49,16.66,77.49,"103Y12M"
10007,╣№д╞┐д,10007070,иqдЇ╢m,10007070-014,дU▒[з°,110.38,4.04,760.82,37.53,19.53,18.,92.16,"103Y12M"
10007,╣№д╞┐д,10007080,кс╛┬╢m,10007080-001,кс╛┬з°,102.46,3.18,2889.33,37.83,21.2,16.63,78.42,"103Y12M"
10007,╣№д╞┐д,10007080,кс╛┬╢m,10007080-002,кў╝[з°,103.56,3.36,2218.98,33.62,15.3,18.32,119.68,"103Y12M"
10007,╣№д╞┐д,10007080,кс╛┬╢m,10007080-003,дд╔▄з°,110.02,3.6,1518.4,34.18,16.9,17.27,102.18,"103Y12M"
10007,╣№д╞┐д,10007080,кс╛┬╢m,10007080-004,╝Bнэз°,109.63,3.12,1792.17,34.71,11.68,23.02,197.06,"103Y12M"
10007,╣№д╞┐д,10007080,кс╛┬╢m,10007080-005,▒[╢оз°,111.29,3.66,1205.27,33.23,14.24,18.99,133.33,"103Y12M"
10007,╣№д╞┐д,10007080,кс╛┬╢m,10007080-006,лnдfз°,104.95,3.22,3095.18,29.94,13.08,16.86,128.92,"103Y12M"
10007,╣№д╞┐д,10007080,кс╛┬╢m,10007080-007,дддfз°,106.33,3.12,1260.46,35.53,12.65,22.88,180.82,"103Y12M"
10007,╣№д╞┐д,10007080,кс╛┬╢m,10007080-008,е_дfз°,114.11,3.26,885.2,31.72,14.61,17.1,117.03,"103Y12M"
10007,╣№д╞┐д,10007080,кс╛┬╢m,10007080-009,к°иFз°,107.81,3.41,1809.15,34.29,21.36,12.93,60.56,"103Y12M"
10007,╣№д╞┐д,10007080,кс╛┬╢m,10007080-010,дх╝wз°,100.,3.14,3136.01,26.99,14.97,12.02,80.3,"103Y12M"
10007,╣№д╞┐д,10007080,кс╛┬╢m,10007080-011,е╒иFз°,105.31,3.1,3083.25,25.54,14.1,11.44,81.13,"103Y12M"
10007,╣№д╞┐д,10007080,кс╛┬╢m,10007080-012,йеж╦з°,120.06,3.62,421.9,33.48,14.39,19.09,132.72,"103Y12M"
10007,╣№д╞┐д,10007080,кс╛┬╢m,10007080-013,╛Ї└Yз°,101.87,3.57,1774.99,34.16,21.44,12.72,59.36,"103Y12M"
10007,╣№д╞┐д,10007080,кс╛┬╢m,10007080-014,╞W╢оз°,105.29,3.37,365.04,35.58,18.85,16.73,88.74,"103Y12M"
10007,╣№д╞┐д,10007080,кс╛┬╢m,10007080-015,╞WкFз°,117.84,3.45,204.87,39.86,17.78,22.08,124.16,"103Y12M"
10007,╣№д╞┐д,10007080,кс╛┬╢m,10007080-016,дTмKз°,100.54,3.71,2703.26,32.98,17.88,15.09,84.39,"103Y12M"
10007,╣№д╞┐д,10007080,кс╛┬╢m,10007080-017,е├мKз°,106.09,3.36,2115.41,27.82,16.14,11.67,72.3,"103Y12M"
10007,╣№д╞┐д,10007080,кс╛┬╢m,10007080-018,к°мKз°,104.35,3.79,564.46,35.86,20.17,15.69,77.82,"103Y12M"
10007,╣№д╞┐д,10007090,кт╢щ╢m,10007090-001,┬┬к└з°,107.18,3.66,332.15,33.44,13.81,19.63,142.2,"103Y12M"
10007,╣№д╞┐д,10007090,кт╢щ╢m,10007090-002,дjоHз°,110.45,3.71,917.17,39.83,18.02,21.82,121.1,"103Y12M"
10007,╣№д╞┐д,10007090,кт╢щ╢m,10007090-003,ж╦кLз°,110.06,3.62,1504.45,40.87,20.7,20.17,97.44,"103Y12M"
10007,╣№д╞┐д,10007090,кт╢щ╢m,10007090-004,к└дfз°,107.04,3.47,2817.81,35.05,16.54,18.51,111.9,"103Y12M"
10007,╣№д╞┐д,10007090,кт╢щ╢m,10007090-005,нX╙yз°,114.8,3.46,649.39,36.5,15.73,20.77,132.09,"103Y12M"
10007,╣№д╞┐д,10007090,кт╢щ╢m,10007090-006,╣┼┐│з°,113.52,3.41,486.16,33.43,13.53,19.9,147.09,"103Y12M"
10007,╣№д╞┐д,10007090,кт╢щ╢m,10007090-007,кт╢щз°,107.96,3.58,727.53,41.26,21.26,20.,94.08,"103Y12M"
10007,╣№д╞┐д,10007090,кт╢щ╢m,10007090-008,┐д╔▄з°,124.29,3.81,922.3,44.76,18.7,26.05,139.31,"103Y12M"
10007,╣№д╞┐д,10007090,кт╢щ╢m,10007090-009,ж`сYз°,111.72,3.24,523.,48.,14.67,33.33,227.27,"103Y12M"
10007,╣№д╞┐д,10007090,кт╢щ╢m,10007090-010,╖╦└Yз°,106.67,3.4,1070.72,35.37,13.83,21.54,155.79,"103Y12M"
10007,╣№д╞┐д,10007090,кт╢щ╢m,10007090-011,╢iктз°,103.57,3.71,814.25,44.46,20.24,24.22,119.64,"103Y12M"
10007,╣№д╞┐д,10007090,кт╢щ╢m,10007090-012,жPжwз°,117.51,3.59,509.35,44.87,16.45,28.41,172.73,"103Y12M"
10007,╣№д╞┐д,10007090,кт╢щ╢m,10007090-013,дд▒[з°,117.34,3.18,302.67,47.87,15.23,32.65,214.41,"103Y12M"
10007,╣№д╞┐д,10007090,кт╢щ╢m,10007090-014,дjж╦з°,110.49,3.15,349.77,41.26,14.2,27.06,190.6,"103Y12M"
10007,╣№д╞┐д,10007090,кт╢щ╢m,10007090-015,╖мз|з°,121.14,3.79,337.04,42.48,18.29,24.19,132.22,"103Y12M"
10007,╣№д╞┐д,10007100,н√кL┬э,10007100-001,кFйMи╜,101.09,2.8,15704.14,35.82,15.97,19.85,124.34,"103Y12M"
10007,╣№д╞┐д,10007100,н√кL┬э,10007100-002,е┴е═и╜,95.86,2.79,18411.17,36.61,16.61,20.,120.4,"103Y12M"
10007,╣№д╞┐д,10007100,н√кL┬э,10007100-003,дде┐и╜,93.,2.91,23197.46,41.44,26.48,14.96,56.51,"103Y12M"
10007,╣№д╞┐д,10007100,н√кL┬э,10007100-004,дпм№и╜,96.47,2.98,16989.29,42.33,20.46,21.87,106.9,"103Y12M"
10007,╣№д╞┐д,10007100,н√кL┬э,10007100-005,╖s┐│и╜,102.78,3.05,9386.74,47.97,23.13,24.84,107.43,"103Y12M"
10007,╣№д╞┐д,10007100,н√кL┬э,10007100-006,йMени╜,92.46,2.86,15498.13,38.43,19.72,18.71,94.91,"103Y12M"
10007,╣№д╞┐д,10007100,н√кL┬э,10007100-007,е·й·и╜,103.03,2.86,19187.4,46.85,19.32,27.53,142.55,"103Y12M"
10007,╣№д╞┐д,10007100,н√кL┬э,10007100-008,дддsи╜,98.75,2.96,13227.29,61.91,26.27,35.64,135.66,"103Y12M"
10007,╣№д╞┐д,10007100,н√кL┬э,10007100-009,╛дй·и╜,101.01,2.75,18043.09,34.71,14.43,20.28,140.6,"103Y12M"
10007,╣№д╞┐д,10007100,н√кL┬э,10007100-010,┤fи╙и╜,94.96,2.9,15260.34,32.78,17.28,15.5,89.72,"103Y12M"
10007,╣№д╞┐д,10007100,н√кL┬э,10007100-011,дT╕qи╜,102.9,3.17,10901.38,39.67,24.51,15.16,61.84,"103Y12M"
10007,╣№д╞┐д,10007100,н√кL┬э,10007100-012,╖sе═и╜,97.48,3.11,12317.64,43.97,25.97,18.01,69.34,"103Y12M"
10007,╣№д╞┐д,10007100,н√кL┬э,10007100-013,лnени╜,94.55,3.17,8552.04,38.06,26.99,11.07,41.03,"103Y12M"
10007,╣№д╞┐д,10007100,н√кL┬э,10007100-014,лn┐│и╜,98.8,3.54,5086.16,43.8,26.59,17.21,64.72,"103Y12M"
10007,╣№д╞┐д,10007100,н√кL┬э,10007100-015,╖╜╝ци╜,110.29,3.74,1757.59,41.36,25.47,15.89,62.4,"103Y12M"
10007,╣№д╞┐д,10007100,н√кL┬э,10007100-016,дjоHи╜,103.77,4.,2284.68,43.51,28.55,14.96,52.42,"103Y12M"
10007,╣№д╞┐д,10007100,н√кL┬э,10007100-017,дT▒°и╜,99.68,3.15,7589.43,35.22,21.86,13.37,61.17,"103Y12M"
10007,╣№д╞┐д,10007100,н√кL┬э,10007100-018,дTйMи╜,96.46,3.31,13055.06,38.5,27.04,11.46,42.4,"103Y12M"
10007,╣№д╞┐д,10007100,н√кL┬э,10007100-019,дT╛Їи╜,98.42,3.37,15723.86,35.89,21.96,13.92,63.38,"103Y12M"
10007,╣№д╞┐д,10007100,н√кL┬э,10007100-020,ддеби╜,102.78,3.26,1506.43,30.35,16.73,13.62,81.38,"103Y12M"
10007,╣№д╞┐д,10007100,н√кL┬э,10007100-021,╖╛иmи╜,100.38,3.36,3123.71,37.14,20.43,16.71,81.77,"103Y12M"
10007,╣№д╞┐д,10007100,н√кL┬э,10007100-022,дj─╟и╜,102.93,3.23,4383.,33.81,19.82,13.98,70.53,"103Y12M"
10007,╣№д╞┐д,10007100,н√кL┬э,10007100-023,дjй·и╜,106.52,3.74,1566.55,33.21,17.86,15.35,85.93,"103Y12M"
10007,╣№д╞┐д,10007100,н√кL┬э,10007100-024,╕Uж~и╜,103.24,3.27,1788.58,32.78,18.17,14.61,80.42,"103Y12M"
10007,╣№д╞┐д,10007100,н√кL┬э,10007100-025,▒[╢ои╜,108.55,3.51,2626.11,31.72,15.19,16.53,108.81,"103Y12M"
10007,╣№д╞┐д,10007100,н√кL┬э,10007100-026,о╢┐│и╜,102.76,3.32,3178.52,35.58,18.88,16.7,88.41,"103Y12M"
10007,╣№д╞┐д,10007100,н√кL┬э,10007100-027,кLнэи╜,106.94,3.72,964.42,36.95,20.65,16.3,78.94,"103Y12M"
10007,╣№д╞┐д,10007100,н√кL┬э,10007100-028,еXдЇи╜,111.17,3.51,755.66,38.09,16.04,22.05,137.45,"103Y12M"
10007,╣№д╞┐д,10007100,н√кL┬э,10007100-029,┤ЄдЇи╜,116.54,3.61,538.4,42.17,17.22,24.95,144.89,"103Y12M"
10007,╣№д╞┐д,10007100,н√кL┬э,10007100-030,дjФви╜,109.62,3.45,370.53,37.54,16.09,21.45,133.33,"103Y12M"
10007,╣№д╞┐д,10007100,н√кL┬э,10007100-031,┬э┐│и╜,106.66,3.46,2541.18,33.98,17.05,16.93,99.33,"103Y12M"
10007,╣№д╞┐д,10007100,н√кL┬э,10007100-032,пBж`и╜,106.93,3.63,2885.12,39.83,23.31,16.52,70.84,"103Y12M"
10007,╣№д╞┐д,10007100,н√кL┬э,10007100-033,жшкFи╜,107.82,3.75,1545.95,41.22,23.67,17.55,74.15,"103Y12M"
10007,╣№д╞┐д,10007100,н√кL┬э,10007100-034,лnкFи╜,109.22,3.52,1012.76,34.87,17.71,17.16,96.89,"103Y12M"
10007,╣№д╞┐д,10007100,н√кL┬э,10007100-035,ддкFи╜,110.44,3.43,1353.96,33.65,18.62,15.03,80.68,"103Y12M"
10007,╣№д╞┐д,10007100,н√кL┬э,10007100-036,кFе_и╜,107.14,3.84,1113.99,35.7,18.62,17.08,91.71,"103Y12M"
10007,╣№д╞┐д,10007100,н√кL┬э,10007100-037,дT╖Rи╜,92.41,3.23,13502.43,35.34,23.11,12.23,52.95,"103Y12M"
10007,╣№д╞┐д,10007100,н√кL┬э,10007100-038,дTлHи╜,92.21,3.1,9357.41,39.85,25.27,14.58,57.7,"103Y12M"
10007,╣№д╞┐д,10007100,н√кL┬э,10007100-039,дTжhи╜,90.58,3.19,7379.43,36.73,23.55,13.18,55.96,"103Y12M"
10007,╣№д╞┐д,10007100,н√кL┬э,10007100-040,дп╖Rи╜,95.56,3.34,20400.3,44.91,29.26,15.65,53.48,"103Y12M"
10007,╣№д╞┐д,10007100,н√кL┬э,10007100-041,й╛з╡и╜,94.93,3.07,24583.99,38.62,24.99,13.63,54.55,"103Y12M"
10007,╣№д╞┐д,10007110,╖╦┤Є┬э,10007110-001,е·ени╜,99.23,3.34,8783.36,42.99,22.79,20.2,88.66,"103Y12M"
10007,╣№д╞┐д,10007110,╖╦┤Є┬э,10007110-002,енйMи╜,101.75,2.99,9144.48,41.08,18.53,22.55,121.7,"103Y12M"
10007,╣№д╞┐д,10007110,╖╦┤Є┬э,10007110-003,д╙ени╜,94.92,3.48,11824.11,49.63,36.52,13.11,35.89,"103Y12M"
10007,╣№д╞┐д,10007110,╖╦┤Є┬э,10007110-004,е·╡╪и╜,100.36,3.07,5093.52,41.49,15.98,25.52,159.68,"103Y12M"
10007,╣№д╞┐д,10007110,╖╦┤Є┬э,10007110-005,кF╝dи╜,103.53,3.52,4616.88,45.78,31.34,14.44,46.07,"103Y12M"
10007,╣№д╞┐д,10007110,╖╦┤Є┬э,10007110-006,жш╝dи╜,102.45,3.82,1587.45,46.88,30.8,16.08,52.21,"103Y12M"
10007,╣№д╞┐д,10007110,╖╦┤Є┬э,10007110-007,дjмЁи╜,102.03,3.56,4568.36,36.49,24.87,11.62,46.72,"103Y12M"
10007,╣№д╞┐д,10007110,╖╦┤Є┬э,10007110-008,е_╢╒и╜,114.3,3.52,2593.08,41.65,19.42,22.23,114.47,"103Y12M"
10007,╣№д╞┐д,10007110,╖╦┤Є┬э,10007110-009,иX└Yи╜,104.31,3.52,3179.79,34.63,20.33,14.31,70.39,"103Y12M"
10007,╣№д╞┐д,10007110,╖╦┤Є┬э,10007110-010,дjж╦и╜,104.49,3.15,4766.47,39.51,19.94,19.57,98.17,"103Y12M"
10007,╣№д╞┐д,10007110,╖╦┤Є┬э,10007110-011,┤Єжши╜,102.47,3.18,12651.59,31.5,18.06,13.44,74.39,"103Y12M"
10007,╣№д╞┐д,10007110,╖╦┤Є┬э,10007110-012,е╨дди╜,101.53,3.51,1272.44,37.96,17.15,20.81,121.37,"103Y12M"
10007,╣№д╞┐д,10007110,╖╦┤Є┬э,10007110-013,кeкFи╜,100.93,3.55,635.03,34.33,17.32,17.01,98.2,"103Y12M"
10007,╣№д╞┐д,10007110,╖╦┤Є┬э,10007110-014,дддsи╜,107.19,3.75,1114.44,41.07,20.53,20.53,100.,"103Y12M"
10007,╣№д╞┐д,10007110,╖╦┤Є┬э,10007110-015,ддж╦и╜,101.87,4.05,860.8,34.74,18.31,16.44,89.8,"103Y12M"
10007,╣№д╞┐д,10007110,╖╦┤Є┬э,10007110-016,кF╖╦и╜,103.57,3.58,1083.93,33.89,15.18,18.71,123.2,"103Y12M"
10007,╣№д╞┐д,10007110,╖╦┤Є┬э,10007110-017,жш╖╦и╜,103.04,3.47,2723.58,34.08,18.9,15.18,80.31,"103Y12M"
10007,╣№д╞┐д,10007110,╖╦┤Є┬э,10007110-018,┤ЄкFи╜,101.2,3.5,3068.,38.35,25.09,13.25,52.81,"103Y12M"
10007,╣№д╞┐д,10007110,╖╦┤Є┬э,10007110-019,│╗╔▄и╜,117.76,3.38,880.26,36.47,16.78,19.69,117.35,"103Y12M"
10007,╣№д╞┐д,10007110,╖╦┤Є┬э,10007110-020,й╛─▒и╜,101.78,3.68,1723.78,34.75,17.25,17.5,101.48,"103Y12M"
10007,╣№д╞┐д,10007110,╖╦┤Є┬э,10007110-021,┘їй│и╜,110.95,3.48,908.59,36.75,11.67,25.08,214.86,"103Y12M"
10007,╣№д╞┐д,10007110,╖╦┤Є┬э,10007110-022,дjоxи╜,111.83,3.36,2483.85,35.98,15.53,20.45,131.72,"103Y12M"
10007,╣№д╞┐д,10007110,╖╦┤Є┬э,10007110-023,╢¤нэи╜,108.8,3.38,493.65,40.4,15.56,24.84,159.65,"103Y12M"
10007,╣№д╞┐д,10007110,╖╦┤Є┬э,10007110-024,жш╢╒и╜,104.56,3.58,1006.38,35.11,18.28,16.83,92.03,"103Y12M"
10007,╣№д╞┐д,10007110,╖╦┤Є┬э,10007110-025,╡f▒Cи╜,106.52,3.73,759.45,42.66,21.43,21.23,99.04,"103Y12M"
10007,╣№д╞┐д,10007120,е╨дд┬э,10007120-001,н╗дsи╜,119.21,3.19,427.39,42.06,15.45,26.61,172.22,"103Y12M"
10007,╣№д╞┐д,10007120,е╨дд┬э,10007120-002,║╤оpи╜,181.91,4.36,691.56,95.02,11.57,83.45,720.93,"103Y12M"
10007,╣№д╞┐д,10007120,е╨дд┬э,10007120-003,кF╖╜и╜,108.87,2.93,494.49,42.28,16.95,25.34,149.5,"103Y12M"
10007,╣№д╞┐д,10007120,е╨дд┬э,10007120-004,┤_┐│и╜,109.,3.31,739.09,37.4,14.54,22.86,157.29,"103Y12M"
10007,╣№д╞┐д,10007120,е╨дд┬э,10007120-005,енйMи╜,117.18,3.4,472.54,37.96,13.56,24.4,179.89,"103Y12M"
10007,╣№д╞┐д,10007120,е╨дд┬э,10007120-006,│╗╝ци╜,101.36,3.49,2464.72,38.6,19.81,18.79,94.83,"103Y12M"
10007,╣№д╞┐д,10007120,е╨дд┬э,10007120-007,дд╝ци╜,102.5,3.36,1971.65,38.69,17.47,21.22,121.45,"103Y12M"
10007,╣№д╞┐д,10007120,е╨дд┬э,10007120-008,└s╝ци╜,126.71,3.2,650.24,44.55,16.04,28.51,177.78,"103Y12M"
10007,╣№д╞┐д,10007120,е╨дд┬э,10007120-009,е_╕Їи╜,97.44,3.14,6203.08,38.06,20.41,17.65,86.51,"103Y12M"
10007,╣№д╞┐д,10007120,е╨дд┬э,10007120-010,жш╕Їи╜,98.33,3.04,9159.93,37.09,19.46,17.63,90.59,"103Y12M"
10007,╣№д╞┐д,10007120,е╨дд┬э,10007120-011,кF╕Їи╜,107.63,2.87,14081.01,41.96,18.48,23.48,127.06,"103Y12M"
10007,╣№д╞┐д,10007120,е╨дд┬э,10007120-012,лn╕Їи╜,97.25,3.3,3162.14,48.09,23.26,24.83,106.75,"103Y12M"
10007,╣№д╞┐д,10007120,е╨дд┬э,10007120-013,дд╕Їи╜,102.29,2.89,7893.3,45.96,19.58,26.38,134.69,"103Y12M"
10007,╣№д╞┐д,10007120,е╨дд┬э,10007120-014,╖s╔▄и╜,110.49,3.14,3207.76,34.76,17.14,17.62,102.84,"103Y12M"
10007,╣№д╞┐д,10007120,е╨дд┬э,10007120-015,дTжwи╜,108.27,3.35,945.8,38.8,14.32,24.48,171.,"103Y12M"
10007,╣№д╞┐д,10007120,е╨дд┬э,10007120-016,дj▒[и╜,110.95,3.4,473.25,40.69,14.25,26.45,185.63,"103Y12M"
10007,╣№д╞┐д,10007120,е╨дд┬э,10007120-017,иF▒[и╜,103.47,3.89,560.3,39.82,22.93,16.9,73.7,"103Y12M"
10007,╣№д╞┐д,10007120,е╨дд┬э,10007120-018,╖sе┴и╜,102.63,3.56,9027.86,35.34,22.32,13.01,58.28,"103Y12M"
10007,╣№д╞┐д,10007120,е╨дд┬э,10007120-019,▒Ўж{и╜,102.3,3.41,1639.46,41.94,20.43,21.51,105.26,"103Y12M"
10007,╣№д╞┐д,10007120,е╨дд┬э,10007120-020,дTе┴и╜,109.48,3.4,752.82,37.86,17.46,20.4,116.81,"103Y12M"
10007,╣№д╞┐д,10007120,е╨дд┬э,10007120-021,дTе·и╜,111.05,3.32,912.28,39.87,15.29,24.58,160.68,"103Y12M"
10007,╣№д╞┐д,10007120,е╨дд┬э,10007120-022,дjк└и╜,115.67,3.27,561.81,33.64,11.3,22.34,197.65,"103Y12M"
10007,╣№д╞┐д,10007130,дjз°╢m,10007130-001,дjз°з°,106.79,3.21,3090.58,33.07,20.03,13.04,65.09,"103Y12M"
10007,╣№д╞┐д,10007130,дjз°╢m,10007130-002,нX╨дз°,109.85,3.69,1250.55,38.49,17.56,20.93,119.15,"103Y12M"
10007,╣№д╞┐д,10007130,дjз°╢m,10007130-003,лn╢╒з°,114.25,3.6,1089.75,27.62,12.09,15.53,128.48,"103Y12M"
10007,╣№д╞┐д,10007130,дjз°╢m,10007130-004,е╨мvз°,108.66,3.46,1083.74,36.88,19.73,17.15,86.91,"103Y12M"
10007,╣№д╞┐д,10007130,дjз°╢m,10007130-005,╖s┐│з°,112.72,3.3,1275.37,33.84,9.52,24.32,255.32,"103Y12M"
10007,╣№д╞┐д,10007130,дjз°╢m,10007130-006,╣L╖╛з°,99.37,3.09,3422.42,29.91,17.95,11.95,66.59,"103Y12M"
10007,╣№д╞┐д,10007130,дjз°╢m,10007130-007,м№┤фз°,102.25,3.2,3279.64,27.44,12.58,14.86,118.1,"103Y12M"
10007,╣№д╞┐д,10007130,дjз°╢m,10007130-008,енйMз°,110.33,3.51,654.95,30.,16.52,13.48,81.6,"103Y12M"
10007,╣№д╞┐д,10007130,дjз°╢m,10007130-009,░^║Xз°,104.21,3.81,1310.26,32.37,15.69,16.68,106.28,"103Y12M"
10007,╣№д╞┐д,10007130,дjз°╢m,10007130-010,е[┐№з°,114.63,3.55,664.09,30.08,13.48,16.59,123.03,"103Y12M"
10007,╣№д╞┐д,10007130,дjз°╢m,10007130-011,з°дWз°,107.34,3.36,2266.86,31.93,18.38,13.55,73.73,"103Y12M"
10007,╣№д╞┐д,10007130,дjз°╢m,10007130-012,дj╛Їз°,107.42,3.53,1101.73,36.42,17.29,19.13,110.63,"103Y12M"
10007,╣№д╞┐д,10007130,дjз°╢m,10007130-013,дj▒[з°,111.78,3.71,782.93,34.26,13.98,20.28,145.03,"103Y12M"
10007,╣№д╞┐д,10007130,дjз°╢m,10007130-014,┬\╢эз°,111.04,3.5,1583.97,29.98,14.3,15.67,109.57,"103Y12M"
10007,╣№д╞┐д,10007130,дjз°╢m,10007130-015,╢└нэз°,108.8,3.18,857.85,28.01,13.49,14.52,107.69,"103Y12M"
10007,╣№д╞┐д,10007130,дjз°╢m,10007130-016,║╓┐│з°,105.96,3.38,626.78,28.19,15.17,13.02,85.82,"103Y12M"
10007,╣№д╞┐д,10007140,оH╞Q╢m,10007140-001,оH╞Qз°,106.8,3.63,1343.96,37.73,20.01,17.71,88.51,"103Y12M"
10007,╣№д╞┐д,10007140,оH╞Q╢m,10007140-002,оHлnз°,105.16,3.5,1521.5,37.08,18.94,18.14,95.74,"103Y12M"
10007,╣№д╞┐д,10007140,оH╞Q╢m,10007140-003,б╜дlз°,112.43,3.76,1246.92,36.17,15.93,20.24,127.01,"103Y12M"
10007,╣№д╞┐д,10007140,оH╞Q╢m,10007140-004,еXдЇз°,100.73,3.69,847.78,37.83,18.6,19.23,103.36,"103Y12M"
10007,╣№д╞┐д,10007140,оH╞Q╢m,10007140-005,лn┤фз°,111.16,3.74,756.81,41.57,16.94,24.63,145.42,"103Y12M"
10007,╣№д╞┐д,10007140,оH╞Q╢m,10007140-006,е┤╖Gз°,110.08,3.55,697.17,33.13,10.6,22.53,212.5,"103Y12M"
10007,╣№д╞┐д,10007140,оH╞Q╢m,10007140-007,┬╫┐Aз°,123.8,3.54,885.24,34.,12.59,21.42,170.14,"103Y12M"
10007,╣№д╞┐д,10007140,оH╞Q╢m,10007140-008,▒X▒[з°,99.1,3.7,1613.13,37.25,16.92,20.33,120.12,"103Y12M"
10007,╣№д╞┐д,10007140,оH╞Q╢m,10007140-009,ид╛Ёз°,104.93,3.67,1088.75,37.07,15.82,21.25,134.38,"103Y12M"
10007,╣№д╞┐д,10007140,оH╞Q╢m,10007140-010,е╦б╜з°,109.64,3.71,1071.06,38.47,17.8,20.66,116.06,"103Y12M"
10007,╣№д╞┐д,10007140,оH╞Q╢m,10007140-011,жnн╫з°,105.18,3.57,1453.1,33.51,18.47,15.04,81.4,"103Y12M"
10007,╣№д╞┐д,10007140,оH╞Q╢m,10007140-012,жш┤Єз°,114.55,4.27,1047.02,41.91,18.75,23.17,123.58,"103Y12M"
10007,╣№д╞┐д,10007140,оH╞Q╢m,10007140-013,дjж│з°,111.11,3.48,824.12,44.,16.73,27.26,162.94,"103Y12M"
10007,╣№д╞┐д,10007140,оH╞Q╢m,10007140-014,╖s┐│з°,119.73,3.58,1706.78,48.94,22.49,26.44,117.57,"103Y12M"
10007,╣№д╞┐д,10007140,оH╞Q╢m,10007140-015,е├енз°,115.68,3.72,606.12,41.01,15.1,25.91,171.53,"103Y12M"
10007,╣№д╞┐д,10007140,оH╞Q╢m,10007140-016,е├╝╓з°,120.18,3.76,449.9,39.44,14.86,24.58,165.42,"103Y12M"
10007,╣№д╞┐д,10007140,оH╞Q╢m,10007140-017,е█░ёз°,113.03,3.94,1367.8,42.61,16.94,25.66,151.47,"103Y12M"
10007,╣№д╞┐д,10007140,оH╞Q╢m,10007140-018,д╤▓▒з°,112.99,3.4,767.18,42.09,15.41,26.69,173.21,"103Y12M"
10007,╣№д╞┐д,10007140,оH╞Q╢m,10007140-019,д╙енз°,112.34,3.55,567.57,43.3,16.97,26.33,155.14,"103Y12M"
10007,╣№д╞┐д,10007140,оH╞Q╢m,10007140-020,╖sдЇз°,105.19,4.02,809.58,40.09,18.99,21.1,111.11,"103Y12M"
10007,╣№д╞┐д,10007140,оH╞Q╢m,10007140-021,дTм┘з°,110.76,3.53,475.31,36.69,11.46,25.24,220.3,"103Y12M"
10007,╣№д╞┐д,10007140,оH╞Q╢m,10007140-022,лn╖sз°,113.67,3.68,504.3,40.,15.84,24.16,152.57,"103Y12M"
10007,╣№д╞┐д,10007150,оHд▀╢m,10007150-001,кFк∙з°,103.36,3.42,3424.02,31.98,19.01,12.97,68.2,"103Y12M"
10007,╣№д╞┐д,10007150,оHд▀╢m,10007150-002,оHд▀з°,109.92,3.56,1122.76,35.53,16.77,18.76,111.83,"103Y12M"
10007,╣№д╞┐д,10007150,оHд▀╢m,10007150-003,╕qе┴з°,98.21,3.1,2377.38,35.47,17.19,18.27,106.28,"103Y12M"
10007,╣№д╞┐д,10007150,оHд▀╢m,10007150-004,кoиоз°,110.95,3.47,915.91,34.33,16.94,17.39,102.67,"103Y12M"
10007,╣№д╞┐д,10007150,оHд▀╢m,10007150-005,е╦е_з°,110.69,3.34,2057.63,30.1,14.5,15.6,107.59,"103Y12M"
10007,╣№д╞┐д,10007150,оHд▀╢m,10007150-006,е╦ддз°,106.9,3.31,5683.46,27.99,13.33,14.66,109.96,"103Y12M"
10007,╣№д╞┐д,10007150,оHд▀╢m,10007150-007,е╦лnз°,106.66,3.57,4155.18,32.22,14.56,17.66,121.28,"103Y12M"
10007,╣№д╞┐д,10007150,оHд▀╢m,10007150-008,д╙енз°,108.62,3.44,1607.42,35.12,18.09,17.03,94.14,"103Y12M"
10007,╣№д╞┐д,10007150,оHд▀╢m,10007150-009,╕gдfз°,104.25,3.13,2970.66,29.11,17.19,11.92,69.32,"103Y12M"
10007,╣№д╞┐д,10007150,оHд▀╢m,10007150-010,дj╡╪з°,112.69,3.32,1150.87,37.95,13.86,24.1,173.91,"103Y12M"
10007,╣№д╞┐д,10007150,оHд▀╢m,10007150-011,дпи╜з°,103.85,3.54,1587.13,33.46,16.2,17.26,106.59,"103Y12M"
10007,╣№д╞┐д,10007150,оHд▀╢m,10007150-012,┬┬БFз°,99.13,3.34,1075.24,35.49,19.88,15.61,78.52,"103Y12M"
10007,╣№д╞┐д,10007150,оHд▀╢m,10007150-013,лnБFз°,104.3,3.27,1308.92,36.66,18.83,17.83,94.71,"103Y12M"
10007,╣№д╞┐д,10007150,оHд▀╢m,10007150-014,╖sБFз°,112.16,3.64,1408.43,39.79,19.25,20.54,106.71,"103Y12M"
10007,╣№д╞┐д,10007150,оHд▀╢m,10007150-015,├╣нэз°,108.16,3.34,1188.88,35.1,15.31,19.78,129.19,"103Y12M"
10007,╣№д╞┐д,10007150,оHд▀╢m,10007150-016,╦|┐╝з°,107.54,3.42,1411.45,34.04,15.87,18.18,114.57,"103Y12M"
10007,╣№д╞┐д,10007150,оHд▀╢m,10007150-017,дGнлз°,110.56,3.39,1005.43,36.13,16.34,19.79,121.16,"103Y12M"
10007,╣№д╞┐д,10007150,оHд▀╢m,10007150-018,▒я╗ёз°,115.21,3.35,1131.3,39.79,15.55,24.24,155.93,"103Y12M"
10007,╣№д╞┐д,10007150,оHд▀╢m,10007150-019,░ё┴°з°,113.63,3.5,1353.1,36.13,16.25,19.89,122.41,"103Y12M"
10007,╣№д╞┐д,10007150,оHд▀╢m,10007150-020,░ёЧгз°,105.03,3.57,1570.26,30.92,13.56,17.36,128.07,"103Y12M"
10007,╣№д╞┐д,10007160,е├╣t╢m,10007160-001,е├кFз°,103.77,3.27,9046.66,43.57,21.12,22.45,106.29,"103Y12M"
10007,╣№д╞┐д,10007160,е├╣t╢m,10007160-002,е├жшз°,101.06,3.27,14586.45,37.53,21.55,15.98,74.16,"103Y12M"
10007,╣№д╞┐д,10007160,е├╣t╢m,10007160-003,е├лnз°,100.17,3.67,5581.04,34.22,17.66,16.56,93.77,"103Y12M"
10007,╣№д╞┐д,10007160,е├╣t╢m,10007160-004,е├е_з°,109.24,3.65,2650.41,33.21,19.96,13.25,66.41,"103Y12M"
10007,╣№д╞┐д,10007160,е├╣t╢m,10007160-005,┤фжшз°,104.03,3.57,3432.3,38.31,19.57,18.74,95.78,"103Y12M"
10007,╣№д╞┐д,10007160,е├╣t╢m,10007160-006,дн║╓з°,113.05,3.28,2259.97,39.43,19.23,20.19,104.98,"103Y12M"
10007,╣№д╞┐д,10007160,е├╣t╢m,10007160-007,┘ї┤фз°,115.56,3.8,1185.13,38.81,21.96,16.84,76.7,"103Y12M"
10007,╣№д╞┐д,10007160,е├╣t╢m,10007160-008,╖s▓°з°,100.,3.74,1556.68,41.87,25.17,16.7,66.37,"103Y12M"
10007,╣№д╞┐д,10007160,е├╣t╢m,10007160-009,╖фцгз°,109.63,3.46,2986.,37.9,24.38,13.52,55.46,"103Y12M"
10007,╣№д╞┐д,10007160,е├╣t╢m,10007160-010,дниXз°,109.19,3.48,2933.12,33.44,15.93,17.51,109.95,"103Y12M"
10007,╣№д╞┐д,10007160,е├╣t╢m,10007160-011,пBж`з°,104.59,3.91,1832.74,30.18,14.42,15.75,109.2,"103Y12M"
10007,╣№д╞┐д,10007160,е├╣t╢m,10007160-012,е·╢│з°,102.56,3.61,2620.76,33.22,16.41,16.81,102.46,"103Y12M"
10007,╣№д╞┐д,10007160,е├╣t╢m,10007160-013,кF╣чз°,107.27,3.67,1470.19,33.75,18.31,15.45,84.38,"103Y12M"
10007,╣№д╞┐д,10007160,е├╣t╢m,10007160-014,е├┐│з°,112.36,3.88,1478.89,37.76,19.38,18.38,94.87,"103Y12M"
10007,╣№д╞┐д,10007160,е├╣t╢m,10007160-015,▒[дlз°,110.37,3.32,1859.39,31.23,17.27,13.96,80.82,"103Y12M"
10007,╣№д╞┐д,10007160,е├╣t╢m,10007160-016,┐Wў┤з°,113.65,3.62,1516.44,38.91,18.76,20.15,107.43,"103Y12M"
10007,╣№д╞┐д,10007160,е├╣t╢m,10007160-017,┤░лpз°,111.81,3.76,856.06,43.16,22.31,20.85,93.43,"103Y12M"
10007,╣№д╞┐д,10007160,е├╣t╢m,10007160-018,▒[м№з°,103.84,3.61,1389.92,41.84,18.69,23.15,123.81,"103Y12M"
10007,╣№д╞┐д,10007160,е├╣t╢m,10007160-019,жPжwз°,112.4,3.31,1761.91,35.29,15.97,19.33,121.05,"103Y12M"
10007,╣№д╞┐д,10007160,е├╣t╢m,10007160-020,жPдпз°,116.91,3.31,1612.77,36.17,14.29,21.89,153.21,"103Y12M"
10007,╣№д╞┐д,10007160,е├╣t╢m,10007160-021,┘їсYз°,113.39,3.52,951.95,41.47,16.5,24.97,151.26,"103Y12M"
10007,╣№д╞┐д,10007160,е├╣t╢m,10007160-022,е|к┌з°,120.,3.48,1013.31,47.58,20.04,27.55,137.5,"103Y12M"
10007,╣№д╞┐д,10007160,е├╣t╢m,10007160-023,║╓┐│з°,116.26,3.53,1102.69,38.45,15.15,23.3,153.74,"103Y12M"
10007,╣№д╞┐д,10007160,е├╣t╢m,10007160-024,ж╦дlз°,115.79,3.32,972.76,43.28,13.44,29.84,222.,"103Y12M"
10007,╣№д╞┐д,10007170,к└└Y╢m,10007170-001,к└└Yз°,99.18,3.16,3498.26,39.58,19.36,20.22,104.46,"103Y12M"
10007,╣№д╞┐д,10007170,к└└Y╢m,10007170-002,кF┐│з°,103.89,3.46,9201.6,35.31,18.45,16.86,91.36,"103Y12M"
10007,╣№д╞┐д,10007170,к└└Y╢m,10007170-003,дs┤Єз°,110.18,3.56,347.62,36.05,15.99,20.06,125.45,"103Y12M"
10007,╣№д╞┐д,10007170,к└└Y╢m,10007170-004,╝s┐│з°,105.88,3.52,5743.1,33.45,19.88,13.56,68.2,"103Y12M"
10007,╣№д╞┐д,10007170,к└└Y╢m,10007170-005,╝s║╓з°,107.03,3.47,1664.77,39.27,20.36,18.91,92.86,"103Y12M"
10007,╣№д╞┐д,10007170,к└└Y╢m,10007170-006,┤┬┐│з°,103.2,3.27,319.71,33.4,15.02,18.38,122.38,"103Y12M"
10007,╣№д╞┐д,10007170,к└└Y╢m,10007170-007,дп╢оз°,100.8,3.23,3258.53,35.9,18.68,17.22,92.2,"103Y12M"
10007,╣№д╞┐д,10007170,к└└Y╢m,10007170-008,╛Ї└Yз°,104.71,3.71,1384.6,38.72,19.64,19.08,97.15,"103Y12M"
10007,╣№д╞┐д,10007170,к└└Y╢m,10007170-009,дпйMз°,116.04,3.42,555.39,36.83,18.73,18.1,96.61,"103Y12M"
10007,╣№д╞┐д,10007170,к└└Y╢m,10007170-010,▒[╢оз°,104.19,3.21,7457.13,39.78,23.94,15.84,66.15,"103Y12M"
10007,╣№д╞┐д,10007170,к└└Y╢m,10007170-011,┘їй│з°,115.92,3.66,1425.7,35.66,17.93,17.72,98.85,"103Y12M"
10007,╣№д╞┐д,10007170,к└└Y╢m,10007170-012,оїжwз°,100.7,3.51,697.86,38.55,16.99,21.57,126.95,"103Y12M"
10007,╣№д╞┐д,10007170,к└└Y╢m,10007170-013,м№╢оз°,108.12,3.36,1511.97,42.47,24.76,17.7,71.48,"103Y12M"
10007,╣№д╞┐д,10007170,к└└Y╢m,10007170-014,╖sнэз°,113.25,3.31,2445.72,33.93,14.19,19.74,139.08,"103Y12M"
10007,╣№д╞┐д,10007170,к└└Y╢m,10007170-015,енйMз°,107.36,3.64,2325.2,33.22,16.39,16.83,102.68,"103Y12M"
10007,╣№д╞┐д,10007170,к└└Y╢m,10007170-016,и╜дпз°,112.67,3.32,697.28,38.46,19.62,18.84,96.02,"103Y12M"
10007,╣№д╞┐д,10007170,к└└Y╢m,10007170-017,▒iнэз°,104.2,3.59,756.8,33.84,15.72,18.12,115.25,"103Y12M"
10007,╣№д╞┐д,10007170,к└└Y╢m,10007170-018,└sдлз°,113.15,3.67,815.02,36.32,16.02,20.29,126.67,"103Y12M"
10007,╣№д╞┐д,10007170,к└└Y╢m,10007170-019,┬┬к└з°,107.38,3.29,4386.2,35.03,19.07,15.96,83.7,"103Y12M"
10007,╣№д╞┐д,10007170,к└└Y╢m,10007170-020,░ёдцз°,104.96,3.47,592.48,37.34,15.92,21.42,134.53,"103Y12M"
10007,╣№д╞┐д,10007170,к└└Y╢m,10007170-021,┘ї╢оз°,105.52,3.74,592.07,36.13,17.91,18.22,101.7,"103Y12M"
10007,╣№д╞┐д,10007170,к└└Y╢m,10007170-022,кQж╦з°,99.4,3.49,2248.06,37.36,19.46,17.9,91.98,"103Y12M"
10007,╣№д╞┐д,10007170,к└└Y╢m,10007170-023,▓MдЇз°,106.,3.52,740.56,33.06,16.4,16.67,101.65,"103Y12M"
10007,╣№д╞┐д,10007170,к└└Y╢m,10007170-024,иєйMз°,107.99,3.38,1064.44,32.8,13.61,19.19,141.02,"103Y12M"
10007,╣№д╞┐д,10007180,дGдЇ╢m,10007180-001,жXйMз°,121.2,3.04,648.3,36.17,9.93,26.24,264.29,"103Y12M"
10007,╣№д╞┐д,10007180,дGдЇ╢m,10007180-002,дWрTз°,122.93,3.01,348.34,44.26,15.59,28.68,184.,"103Y12M"
10007,╣№д╞┐д,10007180,дGдЇ╢m,10007180-003,╣Lж`з°,115.06,3.09,255.21,51.1,17.76,33.33,187.64,"103Y12M"
10007,╣№д╞┐д,10007180,дGдЇ╢m,10007180-004,днзBз°,110.34,2.86,445.,49.91,18.71,31.19,166.67,"103Y12M"
10007,╣№д╞┐д,10007180,дGдЇ╢m,10007180-005,е·д╞з°,98.08,2.9,6884.88,43.13,16.02,27.11,169.29,"103Y12M"
10007,╣№д╞┐д,10007180,дGдЇ╢m,10007180-006,дхд╞з°,95.7,2.95,3977.97,35.31,14.97,20.34,135.88,"103Y12M"
10007,╣№д╞┐д,10007180,дGдЇ╢m,10007180-007,дGдЇз°,113.21,2.89,308.74,44.05,17.42,26.63,152.85,"103Y12M"
10007,╣№д╞┐д,10007180,дGдЇ╢m,10007180-008,╕tд╞з°,113.13,2.79,12265.03,55.49,17.75,37.75,212.7,"103Y12M"
10007,╣№д╞┐д,10007180,дGдЇ╢m,10007180-009,╕╬е┴з°,106.83,2.98,733.55,37.65,14.69,22.96,156.35,"103Y12M"
10007,╣№д╞┐д,10007180,дGдЇ╢m,10007180-010,┤fе┴з°,113.,2.7,407.29,50.86,12.17,38.69,317.95,"103Y12M"
10007,╣№д╞┐д,10007180,дGдЇ╢m,10007180-011,дj╢щз°,105.79,3.13,461.02,48.45,17.96,30.5,169.83,"103Y12M"
10007,╣№д╞┐д,10007180,дGдЇ╢m,10007180-012,н╫дпз°,107.8,3.12,359.71,46.37,14.05,32.31,229.89,"103Y12M"
10007,╣№д╞┐д,10007180,дGдЇ╢m,10007180-013,жX┐│з°,110.03,2.91,470.09,57.72,16.22,41.51,255.95,"103Y12M"
10007,╣№д╞┐д,10007180,дGдЇ╢m,10007180-014,╖╜мuз°,108.31,2.94,549.01,48.62,16.01,32.61,203.7,"103Y12M"
10007,╣№д╞┐д,10007180,дGдЇ╢m,10007180-015,н╥йMз°,118.75,2.6,91.86,50.11,14.9,35.21,236.36,"103Y12M"
10007,╣№д╞┐д,10007180,дGдЇ╢m,10007180-016,┤_┐│з°,109.47,3.14,532.74,45.23,14.8,30.43,205.65,"103Y12M"
10007,╣№д╞┐д,10007180,дGдЇ╢m,10007180-017,дQднз°,118.01,3.38,808.79,42.78,15.49,27.29,176.14,"103Y12M"
10007,╣№д╞┐д,10007190,е_дц┬э,10007190-001,е·┤_и╜,93.32,3.06,6285.19,43.43,25.95,17.48,67.37,"103Y12M"
10007,╣№д╞┐д,10007190,е_дц┬э,10007190-002,╖sмFи╜,94.82,2.56,7293.99,48.86,21.92,26.94,122.92,"103Y12M"
10007,╣№д╞┐д,10007190,е_дц┬э,10007190-003,нл╝yи╜,107.25,2.98,7805.,43.86,19.32,24.55,127.08,"103Y12M"
10007,╣№д╞┐д,10007190,е_дц┬э,10007190-004,дн┼vи╜,103.63,3.31,2741.38,44.75,19.28,25.47,132.14,"103Y12M"
10007,╣№д╞┐д,10007190,е_дц┬э,10007190-005,дCмPи╜,106.16,3.4,832.19,37.55,17.77,19.78,111.35,"103Y12M"
10007,╣№д╞┐д,10007190,е_дц┬э,10007190-006,й~дпи╜,107.1,2.98,10690.54,50.1,21.9,28.19,128.7,"103Y12M"
10007,╣№д╞┐д,10007190,е_дц┬э,10007190-007,кFе·и╜,101.89,3.17,3930.89,37.76,21.59,16.17,74.88,"103Y12M"
10007,╣№д╞┐д,10007190,е_дц┬э,10007190-008,дхйўи╜,98.44,2.99,1817.17,30.93,18.59,12.33,66.34,"103Y12M"
10007,╣№д╞┐д,10007190,е_дц┬э,10007190-009,ддйMи╜,103.21,3.44,1498.73,37.93,19.42,18.51,95.33,"103Y12M"
10007,╣№д╞┐д,10007190,е_дц┬э,10007190-010,жш╝wи╜,100.8,3.24,5020.8,37.22,22.19,15.03,67.74,"103Y12M"
10007,╣№д╞┐д,10007190,е_дц┬э,10007190-011,жшжwи╜,102.52,3.04,3606.59,46.24,20.8,25.44,122.26,"103Y12M"
10007,╣№д╞┐д,10007190,е_дц┬э,10007190-012,дд╝dи╜,108.09,3.49,1207.04,38.97,19.88,19.09,95.99,"103Y12M"
10007,╣№д╞┐д,10007190,е_дц┬э,10007190-013,дj╣Dи╜,102.8,3.33,1440.69,45.65,22.01,23.64,107.37,"103Y12M"
10007,╣№д╞┐д,10007190,е_дц┬э,10007190-014,╖sе═и╜,103.01,3.43,600.45,34.64,16.98,17.66,104.03,"103Y12M"
10007,╣№д╞┐д,10007190,е_дц┬э,10007190-015,дj╖sи╜,103.85,3.19,564.17,30.16,14.55,15.62,107.36,"103Y12M"
10007,╣№д╞┐д,10007200,дGкL┬э,10007200-001,кFйMи╜,105.,3.14,6626.34,43.61,20.17,23.44,116.25,"103Y12M"
10007,╣№д╞┐д,10007200,дGкL┬э,10007200-002,лnе·и╜,102.99,3.57,4279.69,53.43,35.58,17.84,50.15,"103Y12M"
10007,╣№д╞┐д,10007200,дGкL┬э,10007200-003,жшени╜,98.3,3.53,2581.89,51.77,26.84,24.94,92.9,"103Y12M"
10007,╣№д╞┐д,10007200,дGкL┬э,10007200-004,е_ени╜,101.66,3.31,1183.74,41.97,22.91,19.05,83.17,"103Y12M"
10007,╣№д╞┐д,10007200,дGкL┬э,10007200-005,дджши╜,107.56,4.09,492.43,50.63,26.23,24.4,93.03,"103Y12M"
10007,╣№д╞┐д,10007200,дGкL┬э,10007200-006,╝s┐│и╜,106.18,3.52,356.62,47.56,18.41,29.15,158.33,"103Y12M"
10007,╣№д╞┐д,10007200,дGкL┬э,10007200-007,н╗е╨и╜,118.94,3.39,306.06,55.89,19.93,35.97,180.49,"103Y12M"
10007,╣№д╞┐д,10007200,дGкL┬э,10007200-008,е~ж╦и╜,117.42,3.55,366.81,52.22,18.55,33.67,181.51,"103Y12M"
10007,╣№д╞┐д,10007200,дGкL┬э,10007200-009,┐│╡╪и╜,106.47,3.71,582.81,40.53,15.25,25.28,165.77,"103Y12M"
10007,╣№д╞┐д,10007200,дGкL┬э,10007200-010,кF┐│и╜,110.58,3.58,593.98,41.19,20.37,20.82,102.25,"103Y12M"
10007,╣№д╞┐д,10007200,дGкL┬э,10007200-011,лснэи╜,101.41,3.36,1175.92,38.16,22.5,15.67,69.63,"103Y12M"
10007,╣№д╞┐д,10007200,дGкL┬э,10007200-012,┬╫е╨и╜,105.65,3.65,604.13,44.96,23.42,21.55,92.,"103Y12M"
10007,╣№д╞┐д,10007200,дGкL┬э,10007200-013,│╗нэи╜,118.47,3.,670.61,41.06,15.93,25.13,157.75,"103Y12M"
10007,╣№д╞┐д,10007200,дGкL┬э,10007200-014,╗пе╥и╜,113.93,3.76,259.12,44.35,16.07,28.28,175.94,"103Y12M"
10007,╣№д╞┐д,10007200,дGкL┬э,10007200-015,о╢┐│и╜,113.56,4.02,330.51,43.16,19.65,23.51,119.63,"103Y12M"
10007,╣№д╞┐д,10007200,дGкL┬э,10007200-016,╕U┐│и╜,111.49,3.7,829.05,46.26,18.85,27.41,145.45,"103Y12M"
10007,╣№д╞┐д,10007200,дGкL┬э,10007200-017,е├┐│и╜,108.96,3.54,680.84,38.59,13.23,25.36,191.62,"103Y12M"
10007,╣№д╞┐д,10007200,дGкL┬э,10007200-018,жш╔▄и╜,108.39,3.44,235.5,38.99,14.77,24.22,163.98,"103Y12M"
10007,╣№д╞┐д,10007200,дGкL┬э,10007200-019,▒Ўк┌и╜,108.47,3.74,426.11,42.86,13.84,29.02,209.68,"103Y12M"
10007,╣№д╞┐д,10007200,дGкL┬э,10007200-020,╡╪▒[и╜,106.98,3.44,883.9,36.37,13.01,23.36,179.57,"103Y12M"
10007,╣№д╞┐д,10007200,дGкL┬э,10007200-021,кF╢╒и╜,110.53,3.83,167.31,44.64,13.72,30.92,225.45,"103Y12M"
10007,╣№д╞┐д,10007200,дGкL┬э,10007200-022,╕UжXи╜,110.98,3.49,270.91,47.55,14.07,33.48,237.88,"103Y12M"
10007,╣№д╞┐д,10007200,дGкL┬э,10007200-023,дjе├и╜,107.82,3.89,367.09,38.55,10.69,27.86,260.71,"103Y12M"
10007,╣№д╞┐д,10007200,дGкL┬э,10007200-024,ньдци╜,104.38,3.48,738.8,41.34,13.62,27.72,203.47,"103Y12M"
10007,╣№д╞┐д,10007200,дGкL┬э,10007200-025,жшдци╜,93.67,3.9,554.35,39.63,14.12,25.52,180.77,"103Y12M"
10007,╣№д╞┐д,10007200,дGкL┬э,10007200-026,кF╡╪и╜,108.7,3.38,367.17,39.3,11.49,27.81,242.11,"103Y12M"
10007,╣№д╞┐д,10007200,дGкL┬э,10007200-027,┤_┬╫и╜,111.33,4.05,506.56,42.52,13.62,28.9,212.2,"103Y12M"
10007,╣№д╞┐д,10007210,е╨з└╢m,10007210-001,е╨з└з°,113.51,3.39,1017.29,42.08,17.98,24.1,134.02,"103Y12M"
10007,╣№д╞┐д,10007210,е╨з└╢m,10007210-002,┬╫е╨з°,103.82,3.31,867.85,32.81,14.93,17.88,119.79,"103Y12M"
10007,╣№д╞┐д,10007210,е╨з└╢m,10007210-003,─╟енз°,98.52,3.39,2062.84,38.53,22.93,15.6,68.04,"103Y12M"
10007,╣№д╞┐д,10007210,е╨з└╢m,10007210-004,╖№йyз°,111.63,3.67,747.52,39.51,18.,21.51,119.53,"103Y12M"
10007,╣№д╞┐д,10007210,е╨з└╢m,10007210-005,║╓е╨з°,120.05,3.24,1569.85,49.43,14.42,35.01,242.7,"103Y12M"
10007,╣№д╞┐д,10007210,е╨з└╢m,10007210-006,╖s┐│з°,112.2,3.85,1306.54,41.24,16.99,24.25,142.77,"103Y12M"
10007,╣№д╞┐д,10007210,е╨з└╢m,10007210-007,е_┬эз°,103.79,3.43,1163.2,31.93,13.75,18.17,132.14,"103Y12M"
10007,╣№д╞┐д,10007210,е╨з└╢m,10007210-008,лn┬эз°,111.08,3.53,1682.43,51.95,23.54,28.4,120.66,"103Y12M"
10007,╣№д╞┐д,10007210,е╨з└╢m,10007210-009,╖sе═з°,104.78,3.57,2053.14,40.14,21.31,18.83,88.38,"103Y12M"
10007,╣№д╞┐д,10007210,е╨з└╢m,10007210-010,лn┤┐з°,109.13,3.65,1494.11,37.53,18.77,18.77,100.,"103Y12M"
10007,╣№д╞┐д,10007210,е╨з└╢m,10007210-011,е_┤┐з°,99.16,3.5,1674.12,36.17,20.72,15.45,74.56,"103Y12M"
10007,╣№д╞┐д,10007210,е╨з└╢m,10007210-012,╖╦п`з°,107.56,3.42,4123.34,40.99,19.19,21.8,113.64,"103Y12M"
10007,╣№д╞┐д,10007210,е╨з└╢m,10007210-013,е┤├оз°,103.7,4.43,1448.07,39.82,19.45,20.36,104.68,"103Y12M"
10007,╣№д╞┐д,10007210,е╨з└╢m,10007210-014,мh╗ёз°,114.12,3.94,936.13,36.5,15.45,21.05,136.22,"103Y12M"
10007,╣№д╞┐д,10007210,е╨з└╢m,10007210-015,│░┬╫з°,109.45,3.61,1327.6,39.27,15.05,24.21,160.87,"103Y12M"
10007,╣№д╞┐д,10007210,е╨з└╢m,10007210-016,о№┬╫з°,118.59,3.34,383.33,41.73,15.05,26.68,177.35,"103Y12M"
10007,╣№д╞┐д,10007210,е╨з└╢m,10007210-017,дпи╜з°,110.46,3.69,879.46,40.66,18.69,21.97,117.56,"103Y12M"
10007,╣№д╞┐д,10007210,е╨з└╢m,10007210-018,╖sнэз°,114.18,2.93,608.43,36.04,10.36,25.68,247.83,"103Y12M"
10007,╣№д╞┐д,10007210,е╨з└╢m,10007210-019,╖╦│╗з°,115.32,2.98,644.05,44.38,16.67,27.71,166.28,"103Y12M"
10007,╣№д╞┐д,10007210,е╨з└╢m,10007210-020,е┐╕qз°,106.92,3.48,1898.56,35.01,17.69,17.31,97.87,"103Y12M"
10007,╣№д╞┐д,10007220,░ё└Y╢m,10007220-001,йMрTз°,104.11,3.47,650.5,38.61,17.58,21.03,119.62,"103Y12M"
10007,╣№д╞┐д,10007220,░ё└Y╢m,10007220-002,┐│╣Aз°,110.62,3.45,1016.77,38.48,17.6,20.89,118.7,"103Y12M"
10007,╣№д╞┐д,10007220,░ё└Y╢m,10007220-003,░ё└Yз°,113.13,3.78,1366.83,41.79,19.5,22.29,114.34,"103Y12M"
10007,╣№д╞┐д,10007220,░ё└Y╢m,10007220-004,рT▒[з°,116.5,3.63,421.28,37.51,18.29,19.21,105.04,"103Y12M"
10007,╣№д╞┐д,10007220,░ё└Y╢m,10007220-005,▒[дlз°,102.82,3.43,718.78,43.04,23.42,19.62,83.78,"103Y12M"
10007,╣№д╞┐д,10007220,░ё└Y╢m,10007220-006,е├рTз°,108.55,3.73,1126.62,45.19,19.54,25.65,131.25,"103Y12M"
10007,╣№д╞┐д,10007220,░ё└Y╢m,10007220-007,жX┐│з°,101.69,3.37,1506.98,41.03,21.68,19.35,89.28,"103Y12M"
10007,╣№д╞┐д,10007220,░ё└Y╢m,10007220-008,енньз°,107.05,3.45,1673.63,40.61,21.34,19.28,90.34,"103Y12M"
10007,╣№д╞┐д,10007220,░ё└Y╢m,10007220-009,▒[╕}з°,105.92,3.76,603.26,47.04,19.97,27.07,135.59,"103Y12M"
10007,╣№д╞┐д,10007220,░ё└Y╢m,10007220-010,д╕оHз°,112.38,3.63,295.5,46.9,16.49,30.41,184.42,"103Y12M"
10007,╣№д╞┐д,10007220,░ё└Y╢m,10007220-011,к▄┤┬з°,110.13,3.59,624.98,51.81,21.48,30.33,141.2,"103Y12M"
10007,╣№д╞┐д,10007220,░ё└Y╢m,10007220-012,╖s╔▄з°,117.14,3.41,967.74,49.36,15.61,33.76,216.3,"103Y12M"
10007,╣№д╞┐д,10007220,░ё└Y╢m,10007220-013,│░╣┼з°,116.21,3.31,320.37,40.5,14.09,26.41,187.37,"103Y12M"
10007,╣№д╞┐д,10007220,░ё└Y╢m,10007220-014,ж╦│Єз°,109.61,3.25,957.35,39.14,18.59,20.54,110.47,"103Y12M"
10007,╣№д╞┐д,10007220,░ё└Y╢m,10007220-015,ддйMз°,102.21,3.42,959.22,42.82,19.93,22.89,114.81,"103Y12M"
10007,╣№д╞┐д,10007220,░ё└Y╢m,10007220-016,╔▄д║з°,109.54,3.56,603.92,44.94,20.82,24.12,115.85,"103Y12M"
10007,╣№д╞┐д,10007220,░ё└Y╢m,10007220-017,дj┤Єз°,111.61,3.28,348.16,46.37,20.08,26.3,130.97,"103Y12M"
10007,╣№д╞┐д,10007230,к┌нb╢m,10007230-001,к┌нbз°,112.15,3.07,252.14,56.73,17.14,39.59,230.95,"103Y12M"
10007,╣№д╞┐д,10007230,к┌нb╢m,10007230-002,к┌ддз°,113.98,2.56,381.33,88.43,22.76,65.67,288.52,"103Y12M"
10007,╣№д╞┐д,10007230,к┌нb╢m,10007230-003,дп╖Rз°,111.75,2.96,667.42,57.4,13.19,44.21,335.14,"103Y12M"
10007,╣№д╞┐д,10007230,к┌нb╢m,10007230-004,лH╕qз°,116.35,2.92,150.91,66.59,20.82,45.76,219.77,"103Y12M"
10007,╣№д╞┐д,10007230,к┌нb╢m,10007230-005,лс╝dз°,100.34,3.35,403.53,43.17,16.85,26.32,156.2,"103Y12M"
10007,╣№д╞┐д,10007230,к┌нb╢m,10007230-006,дTжXз°,107.14,3.4,756.73,39.02,19.32,19.7,101.95,"103Y12M"
10007,╣№д╞┐д,10007230,к┌нb╢m,10007230-007,е├┐│з°,112.02,3.64,109.29,48.7,16.59,32.11,193.51,"103Y12M"
10007,╣№д╞┐д,10007230,к┌нb╢m,10007230-008,днлTз°,127.09,3.08,147.54,50.,16.05,33.95,211.48,"103Y12M"
10007,╣№д╞┐д,10007230,к┌нb╢m,10007230-009,╕ЇдWз°,123.18,3.27,658.03,61.09,13.51,47.58,352.24,"103Y12M"
10007,╣№д╞┐д,10007230,к┌нb╢m,10007230-010,╕Їенз°,114.69,3.12,424.99,40.95,8.63,32.32,374.51,"103Y12M"
10007,╣№д╞┐д,10007230,к┌нb╢m,10007230-011,дTжиз°,111.82,3.53,338.32,46.54,9.81,36.73,374.36,"103Y12M"
10007,╣№д╞┐д,10007230,к┌нb╢m,10007230-012,║╓║aз°,119.09,2.96,517.27,60.05,10.4,49.65,477.27,"103Y12M"
10007,╣№д╞┐д,10007230,к┌нb╢m,10007230-013,│╗б╜з°,120.74,2.99,185.23,45.05,7.69,37.36,485.71,"103Y12M"
10007,╣№д╞┐д,10007230,к┌нb╢m,10007230-014,╖s╡єз°,142.57,2.83,67.29,55.83,11.65,44.17,379.17,"103Y12M"
10007,╣№д╞┐д,10007230,к┌нb╢m,10007230-015,д¤е\з°,104.89,3.62,305.37,46.62,19.09,27.52,144.14,"103Y12M"
10007,╣№д╞┐д,10007230,к┌нb╢m,10007230-016,│╒╖Rз°,104.29,3.38,1552.08,54.68,17.02,37.67,221.35,"103Y12M"
10007,╣№д╞┐д,10007230,к┌нb╢m,10007230-017,йMенз°,106.86,3.37,379.88,45.81,15.32,30.48,198.95,"103Y12M"
10007,╣№д╞┐д,10007230,к┌нb╢m,10007230-018,е┴е═з°,105.85,3.2,2110.39,49.13,12.52,36.61,292.31,"103Y12M"
10007,╣№д╞┐д,10007230,к┌нb╢m,10007230-019,┐│дпз°,113.54,3.47,562.19,46.96,15.59,31.37,201.22,"103Y12M"
10007,╣№д╞┐д,10007230,к┌нb╢m,10007230-020,╖s─_з°,109.88,3.58,214.6,42.57,18.93,23.64,124.91,"103Y12M"
10007,╣№д╞┐д,10007230,к┌нb╢m,10007230-021,пє┤Єз°,117.35,3.58,473.45,37.09,13.84,23.25,168.02,"103Y12M"
10007,╣№д╞┐д,10007230,к┌нb╢m,10007230-022,дхмzз°,124.09,3.77,166.74,38.13,13.27,24.86,187.29,"103Y12M"
10007,╣№д╞┐д,10007230,к┌нb╢m,10007230-023,л╪енз°,116.04,3.65,453.85,39.66,15.72,23.94,152.28,"103Y12M"
10007,╣№д╞┐д,10007230,к┌нb╢m,10007230-024,▒[╕}з°,108.03,3.76,289.37,42.39,16.95,25.43,150.,"103Y12M"
10007,╣№д╞┐д,10007230,к┌нb╢m,10007230-025,╖sе═з°,117.6,3.9,231.81,43.88,18.88,25.,132.42,"103Y12M"
10007,╣№д╞┐д,10007230,к┌нb╢m,10007230-026,║~─_з°,108.52,3.78,119.4,31.56,16.47,15.09,91.63,"103Y12M"
10007,╣№д╞┐д,10007240,дjл░╢m,10007240-001,╝цсYз°,121.98,2.91,125.45,62.79,15.15,47.64,314.4,"103Y12M"
10007,╣№д╞┐д,10007240,дjл░╢m,10007240-002,дWдsз°,122.89,3.45,180.25,46.49,13.57,32.92,242.5,"103Y12M"
10007,╣№д╞┐д,10007240,дjл░╢m,10007240-003,кFл░з°,106.99,3.57,745.11,45.67,18.96,26.71,140.87,"103Y12M"
10007,╣№д╞┐д,10007240,дjл░╢m,10007240-004,жшл░з°,110.8,3.69,760.27,49.29,21.25,28.05,132.,"103Y12M"
10007,╣№д╞┐д,10007240,дjл░╢m,10007240-005,дjл░з°,111.13,3.49,1379.77,42.32,16.18,26.14,161.59,"103Y12M"
10007,╣№д╞┐д,10007240,дjл░╢m,10007240-006,╡ц╝dз°,121.48,3.72,552.8,52.07,17.17,34.91,203.36,"103Y12M"
10007,╣№д╞┐д,10007240,дjл░╢m,10007240-007,дs╕}з°,123.2,3.4,229.36,52.61,17.64,34.98,198.32,"103Y12M"
10007,╣№д╞┐д,10007240,дjл░╢m,10007240-008,е├йMз°,125.2,3.22,126.01,50.,17.51,32.49,185.57,"103Y12M"
10007,╣№д╞┐д,10007240,дjл░╢m,10007240-009,│╗╔▄з°,134.69,2.89,476.79,53.92,13.,40.92,314.71,"103Y12M"
10007,╣№д╞┐д,10007240,дjл░╢m,10007240-010,д╜└]з°,120.32,3.05,431.95,58.04,14.7,43.34,294.87,"103Y12M"
10007,╣№д╞┐д,10007240,дjл░╢m,10007240-011,╗Oжшз°,122.13,3.08,52.58,50.07,14.81,35.26,238.1,"103Y12M"
10007,╣№д╞┐д,10007240,дjл░╢m,10007240-012,кF┤фз°,115.47,3.56,775.23,50.31,20.88,29.43,140.98,"103Y12M"
10007,╣№д╞┐д,10007240,дjл░╢m,10007240-013,жш┤фз°,119.58,3.12,82.27,49.93,11.38,38.55,338.75,"103Y12M"
10007,╣№д╞┐д,10007240,дjл░╢m,10007240-014,┬╫м№з°,109.28,3.62,303.8,54.33,24.16,30.17,124.86,"103Y12M"
10007,╣№д╞┐д,10007240,дjл░╢m,10007240-015,дT┬╫з°,127.05,3.27,59.69,61.05,18.6,42.44,228.13,"103Y12M"
10007,╣№д╞┐д,10007250,ж╦╢э╢m,10007250-001,ж╦д╕з°,102.18,3.33,608.82,50.11,23.71,26.4,111.36,"103Y12M"
10007,╣№д╞┐д,10007250,ж╦╢э╢m,10007250-002,ж╦╢эз°,97.86,3.42,2635.26,49.38,27.24,22.14,81.28,"103Y12M"
10007,╣№д╞┐д,10007250,ж╦╢э╢m,10007250-003,дpжшз°,111.09,3.51,418.74,54.73,19.4,35.32,182.05,"103Y12M"
10007,╣№д╞┐д,10007250,ж╦╢э╢m,10007250-004,е┴╣tз°,103.46,3.39,321.47,50.64,20.83,29.81,143.08,"103Y12M"
10007,╣№д╞┐д,10007250,ж╦╢э╢m,10007250-005,дн╔▄з°,111.96,3.69,580.42,46.22,22.,24.22,110.07,"103Y12M"
10007,╣№д╞┐д,10007250,ж╦╢э╢m,10007250-006,╛Ё╕}з°,121.47,3.56,337.17,50.93,21.3,29.63,139.13,"103Y12M"
10007,╣№д╞┐д,10007250,ж╦╢э╢m,10007250-007,е╨└Yз°,111.65,3.94,341.93,52.45,24.13,28.32,117.39,"103Y12M"
10007,╣№д╞┐д,10007250,ж╦╢э╢m,10007250-008,╖s╝sз°,117.59,3.47,329.28,57.37,19.31,38.06,197.11,"103Y12M"
10007,╣№д╞┐д,10007250,ж╦╢э╢m,10007250-009,╖╦сYз°,129.53,2.99,121.99,55.47,14.4,41.07,285.19,"103Y12M"
10007,╣№д╞┐д,10007250,ж╦╢э╢m,10007250-010,ж╦кLз°,117.9,3.45,324.05,51.21,20.,31.21,156.06,"103Y12M"
10007,╣№д╞┐д,10007250,ж╦╢э╢m,10007250-011,дgоwз°,123.61,3.3,526.97,52.46,15.34,37.12,241.98,"103Y12M"
10007,╣№д╞┐д,10007250,ж╦╢э╢m,10007250-012,д║╖sз°,117.37,3.36,213.3,51.25,15.42,35.83,232.43,"103Y12M"
10007,╣№д╞┐д,10007250,ж╦╢э╢m,10007250-013,к°жwз°,111.45,3.21,378.09,58.94,23.84,35.1,147.22,"103Y12M"
10007,╣№д╞┐д,10007250,ж╦╢э╢m,10007250-014,е├жwз°,126.09,2.99,154.26,63.29,17.15,46.14,269.01,"103Y12M"
10007,╣№д╞┐д,10007260,╖╦ж{╢m,10007260-001,╖╦нэз°,107.83,3.48,523.43,46.24,17.88,28.36,158.65,"103Y12M"
10007,╣№д╞┐д,10007260,╖╦ж{╢m,10007260-002,┬┬м▄з°,97.28,3.64,458.48,40.18,16.02,24.16,150.79,"103Y12M"
10007,╣№д╞┐д,10007260,╖╦ж{╢m,10007260-003,мa╢щз°,109.94,3.62,409.75,40.94,20.22,20.72,102.46,"103Y12M"
10007,╣№д╞┐д,10007260,╖╦ж{╢m,10007260-004,дЇз└з°,104.39,3.86,607.18,45.55,21.97,23.58,107.3,"103Y12M"
10007,╣№д╞┐д,10007260,╖╦ж{╢m,10007260-005,з|нэз°,111.19,3.36,1636.92,49.47,20.07,29.4,146.49,"103Y12M"
10007,╣№д╞┐д,10007260,╖╦ж{╢m,10007260-006,ж`╝dз°,113.86,3.79,316.25,40.94,18.03,22.91,127.07,"103Y12M"
10007,╣№д╞┐д,10007260,╖╦ж{╢m,10007260-007,╝щмvз°,112.65,3.48,304.1,50.,19.26,30.74,159.56,"103Y12M"
10007,╣№д╞┐д,10007260,╖╦ж{╢m,10007260-008,е╦нэз°,110.72,2.91,712.94,41.86,16.67,25.2,151.18,"103Y12M"
10007,╣№д╞┐д,10007260,╖╦ж{╢m,10007260-009,жшп`з°,115.76,3.6,531.41,41.35,16.05,25.3,157.6,"103Y12M"
10007,╣№д╞┐д,10007260,╖╦ж{╢m,10007260-010,▒iнэз°,112.38,3.54,521.58,48.31,16.61,31.69,190.82,"103Y12M"
10007,╣№д╞┐д,10007260,╖╦ж{╢m,10007260-011,╖╦ж{з°,105.55,2.9,709.7,42.57,18.57,24.,129.27,"103Y12M"
10007,╣№д╞┐д,10007260,╖╦ж{╢m,10007260-012,жие\з°,117.21,3.48,341.12,40.14,18.55,21.59,116.39,"103Y12M"
10007,╣№д╞┐д,10007260,╖╦ж{╢m,10007260-013,╡цд╜з°,121.48,3.43,128.65,48.83,17.93,30.9,172.36,"103Y12M"
10007,╣№д╞┐д,10007260,╖╦ж{╢m,10007260-014,з└нэз°,104.24,3.36,1308.71,36.63,20.68,15.95,77.13,"103Y12M"
10007,╣№д╞┐д,10007260,╖╦ж{╢m,10007260-015,дj╔▄з°,118.98,3.64,268.43,41.86,17.58,24.28,138.11,"103Y12M"
10007,╣№д╞┐д,10007260,╖╦ж{╢m,10007260-016,дTж`з°,106.64,3.62,924.39,51.37,20.87,30.5,146.12,"103Y12M"
10007,╣№д╞┐д,10007260,╖╦ж{╢m,10007260-017,кFж{з°,105.2,3.33,1878.94,48.03,21.37,26.65,124.7,"103Y12M"
10007,╣№д╞┐д,10007260,╖╦ж{╢m,10007260-018,║aе·з°,111.44,3.2,236.48,37.28,15.96,21.32,133.62,"103Y12M"
10007,╣№д╞┐д,10007260,╖╦ж{╢m,10007260-019,дT▒°з°,115.56,3.59,419.46,54.19,19.22,34.97,181.95,"103Y12M"
10008,лnзы┐д,10008010,лnзыел,10008010-001,└sмuи╜,95.9,2.68,7646.4,41.21,17.1,24.11,141.01,"103Y12M"
10008,лnзы┐д,10008010,лnзыел,10008010-002,▒d╣╪и╜,93.95,2.69,9189.13,39.97,18.61,21.36,114.78,"103Y12M"
10008,лnзы┐д,10008010,лnзыел,10008010-003,дTе┴и╜,93.82,2.83,10516.58,38.18,16.02,22.16,138.33,"103Y12M"
10008,лnзы┐д,10008010,лnзыел,10008010-004,дпйMи╜,92.99,2.79,15701.92,39.31,14.02,25.29,180.33,"103Y12M"
10008,лnзы┐д,10008010,лnзыел,10008010-005,лnзыи╜,96.7,2.61,12958.57,42.63,16.53,26.1,157.83,"103Y12M"
10008,лnзы┐д,10008010,лnзыел,10008010-006,╣№дпи╜,99.59,2.66,11865.44,59.54,24.67,34.87,141.33,"103Y12M"
10008,лnзы┐д,10008010,лnзыел,10008010-007,▒Rдхи╜,100.83,2.82,9423.59,46.27,21.63,24.64,113.89,"103Y12M"
10008,лnзы┐д,10008010,лnзыел,10008010-008,║s┐│и╜,99.1,2.96,5748.69,32.54,15.78,16.76,106.22,"103Y12M"
10008,лnзы┐д,10008010,лnзыел,10008010-009,║sйMи╜,100.98,3.1,2916.44,31.71,17.43,14.28,81.9,"103Y12M"
10008,лnзы┐д,10008010,лnзыел,10008010-010,нxе\и╜,98.4,3.16,2653.43,36.33,22.76,13.57,59.62,"103Y12M"
10008,лnзы┐д,10008010,лnзыел,10008010-011,кFдsи╜,119.82,2.9,89.1,52.02,20.87,31.15,149.25,"103Y12M"
10008,лnзы┐д,10008010,лnзыел,10008010-012,енйMи╜,94.56,2.73,10317.98,32.35,16.03,16.31,101.74,"103Y12M"
10008,лnзы┐д,10008010,лnзыел,10008010-013,о╢┐│и╜,110.78,3.12,525.7,39.45,17.49,21.96,125.57,"103Y12M"
10008,лnзы┐д,10008010,лnзыел,10008010-014,дdмюи╜,104.75,3.32,486.94,35.58,15.82,19.75,124.82,"103Y12M"
10008,лnзы┐д,10008010,лnзыел,10008010-015,дT┐│и╜,100.64,3.06,1975.12,33.17,20.61,12.55,60.9,"103Y12M"
10008,лnзы┐д,10008010,лnзыел,10008010-016,дTйMи╜,98.31,2.95,8694.28,48.96,22.04,26.92,122.12,"103Y12M"
10008,лnзы┐д,10008010,лnзыел,10008010-017,╣┼┐│и╜,107.48,3.19,497.72,33.76,15.86,17.9,112.84,"103Y12M"
10008,лnзы┐д,10008010,лnзыел,10008010-018,╣┼йMи╜,100.8,2.9,2652.03,31.5,18.23,13.27,72.76,"103Y12M"
10008,лnзы┐д,10008010,лnзыел,10008010-019,║╓дsи╜,109.49,3.32,464.69,35.06,14.97,20.08,134.13,"103Y12M"
10008,лnзы┐д,10008010,лnзыел,10008010-020,е├┐│и╜,119.35,3.47,318.05,41.88,17.73,24.14,136.13,"103Y12M"
10008,лnзы┐д,10008010,лnзыел,10008010-021,╗ё╗яи╜,118.85,2.97,443.37,45.64,12.55,33.09,263.77,"103Y12M"
10008,лnзы┐д,10008010,лnзыел,10008010-022,╗ёдsи╜,124.23,3.05,420.01,45.35,12.61,32.74,259.65,"103Y12M"
10008,лnзы┐д,10008010,лnзыел,10008010-023,ендsи╜,96.74,3.05,1582.81,27.74,16.14,11.6,71.91,"103Y12M"
10008,лnзы┐д,10008010,лnзыел,10008010-024,╖s┐│и╜,101.49,3.12,3992.42,28.79,18.38,10.41,56.65,"103Y12M"
10008,лnзы┐д,10008010,лnзыел,10008010-025,е├┬╫и╜,106.62,3.09,1367.83,29.4,15.99,13.41,83.86,"103Y12M"
10008,лnзы┐д,10008010,лnзыел,10008010-026,║╓┐│и╜,102.01,2.99,540.85,31.74,15.35,16.39,106.78,"103Y12M"
10008,лnзы┐д,10008010,лnзыел,10008010-027,└че_и╜,96.63,2.99,6716.52,40.76,23.96,16.8,70.1,"103Y12M"
10008,лnзы┐д,10008010,лnзыел,10008010-028,└члnи╜,108.75,3.18,1837.65,34.47,16.04,18.42,114.85,"103Y12M"
10008,лnзы┐д,10008010,лnзыел,10008010-029,д║┐│и╜,99.08,3.1,1550.18,35.61,21.9,13.71,62.63,"103Y12M"
10008,лnзы┐д,10008010,лnзыел,10008010-030,д║╖sи╜,121.88,3.29,1814.09,41.9,20.87,21.03,100.76,"103Y12M"
10008,лnзы┐д,10008010,лnзыел,10008010-031,е·╡╪и╜,87.68,2.41,521.73,89.53,22.26,67.27,302.21,"103Y12M"
10008,лnзы┐д,10008010,лnзыел,10008010-032,е·║aи╜,100.42,2.3,947.08,84.96,12.21,72.75,595.79,"103Y12M"
10008,лnзы┐д,10008010,лnзыел,10008010-033,е·й·и╜,85.79,2.29,858.66,92.29,16.74,75.55,451.3,"103Y12M"
10008,лnзы┐д,10008010,лnзыел,10008010-034,е·╜ўи╜,90.77,3.06,2606.24,59.6,34.,25.61,75.32,"103Y12M"
10008,лnзы┐д,10008020,оHи╜┬э,10008020-001,кFк∙и╜,100.43,2.56,10924.19,43.45,15.73,27.72,176.26,"103Y12M"
10008,лnзы┐д,10008020,оHи╜┬э,10008020-002,лnк∙и╜,104.84,2.57,10465.29,46.76,11.46,35.29,307.89,"103Y12M"
10008,лnзы┐д,10008020,оHи╜┬э,10008020-003,жшк∙и╜,98.33,2.88,6022.89,42.71,20.7,22.01,106.33,"103Y12M"
10008,лnзы┐д,10008020,оHи╜┬э,10008020-004,е_к∙и╜,103.26,2.71,14962.26,36.53,18.58,17.95,96.63,"103Y12M"
10008,лnзы┐д,10008020,оHи╜┬э,10008020-005,жP┴nи╜,96.24,2.82,4877.39,34.19,14.38,19.81,137.8,"103Y12M"
10008,лnзы┐д,10008020,оHи╜┬э,10008020-006,┬╚д╞и╜,93.73,2.59,9340.82,45.52,14.69,30.83,209.92,"103Y12M"
10008,лnзы┐д,10008020,оHи╜┬э,10008020-007,▓M╖sи╜,100.55,2.78,5271.98,35.34,16.12,19.22,119.24,"103Y12M"
10008,лnзы┐д,10008020,оHи╜┬э,10008020-008,дjл░и╜,95.54,2.76,3893.21,35.,15.63,19.37,123.96,"103Y12M"
10008,лnзы┐д,10008020,оHи╜┬э,10008020-009,─xл░и╜,110.23,3.03,486.89,33.29,12.85,20.44,159.05,"103Y12M"
10008,лnзы┐д,10008020,оHи╜┬э,10008020-010,кJкIи╜,99.16,2.83,1734.5,34.06,19.48,14.58,74.83,"103Y12M"
10008,лnзы┐д,10008020,оHи╜┬э,10008020-011,дЇ└Yи╜,104.49,2.92,582.59,34.18,18.38,15.79,85.92,"103Y12M"
10008,лnзы┐д,10008020,оHи╜┬э,10008020-012,─Q┼яи╜,113.76,2.78,176.09,34.69,12.95,21.73,167.8,"103Y12M"
10008,лnзы┐д,10008020,оHи╜┬э,10008020-013,п]оци╜,118.57,3.15,373.58,36.72,16.8,19.92,118.52,"103Y12M"
10008,лnзы┐д,10008020,оHи╜┬э,10008020-014,╖╦лnи╜,94.74,3.34,469.35,38.77,22.37,16.4,73.3,"103Y12M"
10008,лnзы┐д,10008020,оHи╜┬э,10008020-015,очж╠и╜,118.6,2.51,70.63,33.52,11.81,21.71,183.81,"103Y12M"
10008,лnзы┐д,10008020,оHи╜┬э,10008020-016,жие\и╜,129.41,2.81,38.83,50.58,14.29,36.29,254.05,"103Y12M"
10008,лnзы┐д,10008020,оHи╜┬э,10008020-017,лnз°и╜,107.82,3.1,216.17,37.68,19.47,18.21,93.56,"103Y12M"
10008,лnзы┐д,10008020,оHи╜┬э,10008020-018,╖R─їи╜,95.7,2.87,2933.78,34.06,17.6,16.47,93.56,"103Y12M"
10008,лnзы┐д,10008020,оHи╜┬э,10008020-019,┼Kдsи╜,103.54,2.85,2343.69,37.53,21.19,16.34,77.13,"103Y12M"
10008,лnзы┐д,10008020,оHи╜┬э,10008020-020,й╨и╜и╜,107.69,3.21,427.51,35.67,18.53,17.13,92.44,"103Y12M"
10008,лnзы┐д,10008020,оHи╜┬э,10008020-021,жV╡╜и╜,119.71,2.86,105.51,39.59,10.68,28.91,270.69,"103Y12M"
10008,лnзы┐д,10008020,оHи╜┬э,10008020-022,д@╖sи╜,74.25,4.19,164.35,26.06,6.06,20.,330.19,"103Y12M"
10008,лnзы┐д,10008020,оHи╜┬э,10008020-023,╝sжии╜,108.94,2.86,135.81,41.69,13.17,28.53,216.67,"103Y12M"
10008,лnзы┐д,10008020,оHи╜┬э,10008020-024,еv┤фи╜,113.,2.88,317.21,36.24,9.11,27.13,297.83,"103Y12M"
10008,лnзы┐д,10008020,оHи╜┬э,10008020-025,║╓┐│и╜,100.34,2.84,112.67,38.82,14.71,24.12,164.,"103Y12M"
10008,лnзы┐д,10008020,оHи╜┬э,10008020-026,д√пvи╜,103.28,3.09,324.46,38.13,17.54,20.58,117.32,"103Y12M"
10008,лnзы┐д,10008020,оHи╜┬э,10008020-027,дj┘їи╜,98.91,2.8,1749.97,35.96,17.76,18.2,102.51,"103Y12M"
10008,лnзы┐д,10008020,оHи╜┬э,10008020-028,╕╝░Gи╜,108.11,2.81,91.49,35.82,15.63,20.19,129.2,"103Y12M"
10008,лnзы┐д,10008020,оHи╜┬э,10008020-029,жXжии╜,105.04,3.22,141.83,40.15,19.06,21.1,110.7,"103Y12M"
10008,лnзы┐д,10008020,оHи╜┬э,10008020-030,е_жwи╜,94.3,3.,11096.95,36.52,20.43,16.09,78.74,"103Y12M"
10008,лnзы┐д,10008020,оHи╜┬э,10008020-031,кIл░и╜,100.43,2.96,9609.61,35.87,19.26,16.61,86.24,"103Y12M"
10008,лnзы┐д,10008020,оHи╜┬э,10008020-032,е_▒Ўи╜,98.64,2.92,2056.2,34.62,20.96,13.66,65.2,"103Y12M"
10008,лnзы┐д,10008020,оHи╜┬э,10008020-033,оїжwи╜,96.49,2.93,17979.2,34.2,17.48,16.72,95.63,"103Y12M"
10008,лnзы┐д,10008030,пєд┘┬э,10008030-001,е╔оpи╜,94.65,2.89,11303.91,33.11,17.4,15.71,90.24,"103Y12M"
10008,лnзы┐д,10008030,пєд┘┬э,10008030-002,квоpи╜,95.14,2.67,10310.68,46.62,23.15,23.48,101.44,"103Y12M"
10008,лnзы┐д,10008030,пєд┘┬э,10008030-003,йMени╜,103.01,2.88,10585.1,49.8,23.79,26.01,109.32,"103Y12M"
10008,лnзы┐д,10008030,пєд┘┬э,10008030-004,┤░йMи╜,100.03,3.11,3949.11,33.13,18.09,15.04,83.11,"103Y12M"
10008,лnзы┐д,10008030,пєд┘┬э,10008030-005,дs╕}и╜,95.79,2.86,3968.41,27.94,14.78,13.17,89.1,"103Y12M"
10008,лnзы┐д,10008030,пєд┘┬э,10008030-006,┤I╝dи╜,97.64,2.97,1554.53,34.28,21.84,12.44,56.96,"103Y12M"
10008,лnзы┐д,10008030,пєд┘┬э,10008030-007,▒sеvи╜,101.48,3.06,1189.89,32.57,16.5,16.07,97.44,"103Y12M"
10008,лnзы┐д,10008030,пєд┘┬э,10008030-008,╖s┬╫и╜,106.28,3.24,1275.89,36.58,17.66,18.92,107.1,"103Y12M"
10008,лnзы┐д,10008030,пєд┘┬э,10008030-009,║╤оpи╜,103.39,3.17,1331.9,33.32,19.11,14.21,74.34,"103Y12M"
10008,лnзы┐д,10008030,пєд┘┬э,10008030-010,║╤мwи╜,100.95,3.11,918.63,30.97,14.75,16.22,110.,"103Y12M"
10008,лnзы┐д,10008030,пєд┘┬э,10008030-011,┤_┐│и╜,106.83,3.31,2936.88,36.25,15.82,20.43,129.17,"103Y12M"
10008,лnзы┐д,10008030,пєд┘┬э,10008030-012,дWкLи╜,104.33,3.06,2018.36,29.46,13.79,15.67,113.61,"103Y12M"
10008,лnзы┐д,10008030,пєд┘┬э,10008030-013,╖s╔▄и╜,110.23,3.11,2515.75,32.2,15.43,16.77,108.72,"103Y12M"
10008,лnзы┐д,10008030,пєд┘┬э,10008030-014,е_зыи╜,105.52,3.23,1284.73,28.39,15.14,13.25,87.47,"103Y12M"
10008,лnзы┐д,10008030,пєд┘┬э,10008030-015,е█дtи╜,113.04,3.19,570.26,32.81,15.73,17.08,108.53,"103Y12M"
10008,лnзы┐д,10008030,пєд┘┬э,10008030-016,е[ж╤и╜,106.2,3.42,1065.46,32.9,14.68,18.22,124.15,"103Y12M"
10008,лnзы┐д,10008030,пєд┘┬э,10008030-017,е_╢╒и╜,112.79,3.3,469.28,38.86,14.96,23.9,159.76,"103Y12M"
10008,лnзы┐д,10008030,пєд┘┬э,10008030-018,ддньи╜,105.88,3.39,736.13,40.71,18.57,22.14,119.21,"103Y12M"
10008,лnзы┐д,10008030,пєд┘┬э,10008030-019,лnоHи╜,105.12,3.19,1315.93,32.96,16.74,16.23,96.94,"103Y12M"
10008,лnзы┐д,10008030,пєд┘┬э,10008030-020,дgл░и╜,110.05,3.04,357.88,34.84,14.57,20.26,139.05,"103Y12M"
10008,лnзы┐д,10008030,пєд┘┬э,10008030-021,йW│╗и╜,116.37,3.05,140.64,39.45,14.22,25.23,177.42,"103Y12M"
10008,лnзы┐д,10008030,пєд┘┬э,10008030-022,┬∙еVи╜,113.65,2.98,100.24,41.11,17.47,23.65,135.4,"103Y12M"
10008,лnзы┐д,10008030,пєд┘┬э,10008030-023,енкLи╜,105.18,3.21,131.45,37.98,14.15,23.83,168.46,"103Y12M"
10008,лnзы┐д,10008030,пєд┘┬э,10008030-024,дде┐и╜,106.62,2.58,14780.57,37.16,13.01,24.16,185.71,"103Y12M"
10008,лnзы┐д,10008030,пєд┘┬э,10008030-025,дддsи╜,96.27,2.85,6326.92,49.37,26.13,23.24,88.93,"103Y12M"
10008,лnзы┐д,10008030,пєд┘┬э,10008030-026,й·е┐и╜,95.87,2.87,10096.23,34.37,17.03,17.35,101.87,"103Y12M"
10008,лnзы┐д,10008030,пєд┘┬э,10008030-027,╖sнэи╜,93.14,2.87,8915.96,45.,24.85,20.15,81.07,"103Y12M"
10008,лnзы┐д,10008040,ж╦дs┬э,10008040-001,ж╦дsи╜,99.51,2.54,11025.93,40.61,15.39,25.22,163.81,"103Y12M"
10008,лnзы┐д,10008040,ж╦дs┬э,10008040-002,дде┐и╜,97.19,2.49,12981.12,44.49,15.51,28.97,186.75,"103Y12M"
10008,лnзы┐д,10008040,ж╦дs┬э,10008040-003,дддsи╜,101.44,2.79,9965.54,38.21,17.34,20.87,120.32,"103Y12M"
10008,лnзы┐д,10008040,ж╦дs┬э,10008040-004,╢│кLи╜,99.53,2.69,9501.03,40.06,17.55,22.51,128.28,"103Y12M"
10008,лnзы┐д,10008040,ж╦дs┬э,10008040-005,б╜б╜и╜,102.64,2.9,1757.4,35.49,18.69,16.8,89.86,"103Y12M"
10008,лnзы┐д,10008040,ж╦дs┬э,10008040-006,дUйWи╜,108.77,2.88,199.21,38.2,19.57,18.63,95.22,"103Y12M"
10008,лnзы┐д,10008040,ж╦дs┬э,10008040-007,о█кLи╜,104.23,2.94,839.86,38.6,19.25,19.34,100.48,"103Y12M"
10008,лnзы┐д,10008040,ж╦дs┬э,10008040-008,ддйMи╜,120.78,3.02,213.93,43.2,14.36,28.84,200.88,"103Y12M"
10008,лnзы┐д,10008040,ж╦дs┬э,10008040-009,дд▒Tи╜,104.52,2.82,532.97,37.55,16.29,21.27,130.57,"103Y12M"
10008,лnзы┐д,10008040,ж╦дs┬э,10008040-010,╝w┐│и╜,101.32,2.97,212.98,42.84,14.46,28.38,196.3,"103Y12M"
10008,лnзы┐д,10008040,ж╦дs┬э,10008040-011,й╡ени╜,107.12,2.93,435.73,37.42,17.13,20.28,118.39,"103Y12M"
10008,лnзы┐д,10008040,ж╦дs┬э,10008040-012,й╡е┐и╜,110.71,3.08,323.26,40.67,16.06,24.61,153.28,"103Y12M"
10008,лnзы┐д,10008040,ж╦дs┬э,10008040-013,й╡дsи╜,113.46,2.77,108.16,40.11,15.01,25.11,167.29,"103Y12M"
10008,лnзы┐д,10008040,ж╦дs┬э,10008040-014,й╡йMи╜,100.,2.99,3608.86,36.84,21.65,15.19,70.18,"103Y12M"
10008,лnзы┐д,10008040,ж╦дs┬э,10008040-015,дs▒Rи╜,110.87,2.97,304.37,40.67,15.14,25.53,168.64,"103Y12M"
10008,лnзы┐д,10008040,ж╦дs┬э,10008040-016,к└╝dи╜,107.44,3.37,336.12,44.36,20.7,23.66,114.29,"103Y12M"
10008,лnзы┐д,10008040,ж╦дs┬э,10008040-017,ддеби╜,115.09,2.85,273.21,51.93,10.97,40.96,373.33,"103Y12M"
10008,лnзы┐д,10008040,ж╦дs┬э,10008040-018,┤Iж{и╜,125.15,2.83,111.95,56.42,16.,40.42,252.63,"103Y12M"
10008,лnзы┐д,10008040,ж╦дs┬э,10008040-019,дj╛bи╜,121.17,1.9,5.92,39.49,15.34,24.15,157.41,"103Y12M"
10008,лnзы┐д,10008040,ж╦дs┬э,10008040-020,е╨дlи╜,114.16,2.67,69.38,45.1,11.43,33.67,294.64,"103Y12M"
10008,лnзы┐д,10008040,ж╦дs┬э,10008040-021,║╓┐│и╜,111.82,2.61,71.46,40.64,15.09,25.55,169.33,"103Y12M"
10008,лnзы┐д,10008040,ж╦дs┬э,10008040-022,├U│╜и╜,123.34,2.6,69.8,43.11,11.,32.11,292.,"103Y12M"
10008,лnзы┐д,10008040,ж╦дs┬э,10008040-023,╖чж╦и╜,135.2,2.52,35.04,49.27,14.41,34.86,242.03,"103Y12M"
10008,лnзы┐д,10008040,ж╦дs┬э,10008040-024,йW│╗и╜,118.47,2.69,39.98,46.24,16.4,29.84,181.97,"103Y12M"
10008,лnзы┐д,10008040,ж╦дs┬э,10008040-025,▒э└Yи╜,127.67,2.69,64.02,47.76,14.69,33.06,225.,"103Y12M"
10008,лnзы┐д,10008040,ж╦дs┬э,10008040-026,иqкLи╜,127.66,2.8,89.04,48.35,16.64,31.72,190.63,"103Y12M"
10008,лnзы┐д,10008040,ж╦дs┬э,10008040-027,й╡▓╗и╜,102.52,3.01,1638.15,33.42,16.85,16.57,98.36,"103Y12M"
10008,лnзы┐д,10008040,ж╦дs┬э,10008040-028,ж╦│Єи╜,94.12,2.75,3903.86,33.99,14.54,19.45,133.77,"103Y12M"
10008,лnзы┐д,10008050,╢░╢░┬э,10008050-001,╢░╢░и╜,102.11,2.49,278.29,42.45,16.02,26.43,165.,"103Y12M"
10008,лnзы┐д,10008050,╢░╢░┬э,10008050-002,йMени╜,108.2,2.5,303.69,43.98,13.28,30.71,231.25,"103Y12M"
10008,лnзы┐д,10008050,╢░╢░┬э,10008050-003,кLз└и╜,116.28,2.56,234.35,47.95,11.59,36.36,313.73,"103Y12M"
10008,лnзы┐д,10008050,╢░╢░┬э,10008050-004,е╨╝dи╜,120.18,2.7,296.47,43.57,20.76,22.81,109.86,"103Y12M"
10008,лnзы┐д,10008050,╢░╢░┬э,10008050-005,╣i╝dи╜,116.61,2.4,143.07,57.89,11.32,46.58,411.63,"103Y12M"
10008,лnзы┐д,10008050,╢░╢░┬э,10008050-006,е╔мMи╜,94.15,2.74,4196.09,41.16,16.78,24.38,145.33,"103Y12M"
10008,лnзы┐д,10008050,╢░╢░┬э,10008050-007,зdнэи╜,106.83,2.4,685.72,49.73,14.15,35.58,251.46,"103Y12M"
10008,лnзы┐д,10008050,╢░╢░┬э,10008050-008,дK▒iи╜,107.79,2.67,1483.34,38.75,14.25,24.5,171.91,"103Y12M"
10008,лnзы┐д,10008050,╢░╢░┬э,10008050-009,е├йўи╜,114.73,2.61,128.08,32.54,11.,21.53,195.65,"103Y12M"
10008,лnзы┐д,10008050,╢░╢░┬э,10008050-010,┤Iдsи╜,117.74,2.93,159.37,47.72,15.77,31.95,202.63,"103Y12M"
10008,лnзы┐д,10008050,╢░╢░┬э,10008050-011,╝sй·и╜,106.34,2.72,286.52,36.37,13.19,23.18,175.7,"103Y12M"
10008,лnзы┐д,10008060,жW╢б╢m,10008060-001,лn╢оз°,97.34,2.95,1348.56,42.,17.23,24.77,143.79,"103Y12M"
10008,лnзы┐д,10008060,жW╢б╢m,10008060-002,дде┐з°,102.25,3.17,1576.95,37.19,18.84,18.34,97.35,"103Y12M"
10008,лnзы┐д,10008060,жW╢б╢m,10008060-003,дддsз°,108.66,3.27,749.44,34.87,16.7,18.17,108.82,"103Y12M"
10008,лnзы┐д,10008060,жW╢б╢m,10008060-004,┐BдЇз°,113.03,3.14,443.9,43.86,17.9,25.96,145.04,"103Y12M"
10008,лnзы┐д,10008060,жW╢б╢m,10008060-005,м┤╝dз°,116.24,3.49,248.84,39.74,15.33,24.41,159.23,"103Y12M"
10008,лnзы┐д,10008060,жW╢б╢m,10008060-006,╖sе┴з°,123.74,3.14,185.25,43.01,18.52,24.49,132.26,"103Y12M"
10008,лnзы┐д,10008060,жW╢б╢m,10008060-007,╖s╡єз°,106.3,3.16,1173.47,33.38,16.56,16.82,101.61,"103Y12M"
10008,лnзы┐д,10008060,жW╢б╢m,10008060-008,кF┤Єз°,113.41,3.07,389.91,36.99,15.61,21.37,136.89,"103Y12M"
10008,лnзы┐д,10008060,жW╢б╢m,10008060-009,╕Uджз°,120.63,3.01,219.71,36.95,12.32,24.63,200.,"103Y12M"
10008,лnзы┐д,10008060,жW╢б╢m,10008060-010,е╨еJз°,122.78,3.25,473.54,42.48,15.23,27.25,178.88,"103Y12M"
10008,лnзы┐д,10008060,жW╢б╢m,10008060-011,дj╔▄з°,110.38,3.12,708.73,39.85,13.8,26.05,188.79,"103Y12M"
10008,лnзы┐д,10008060,жW╢б╢m,10008060-012,б╜дUз°,113.64,3.,247.9,45.88,16.19,29.69,183.33,"103Y12M"
10008,лnзы┐д,10008060,жW╢б╢m,10008060-013,дjз|з°,103.44,3.27,422.85,37.52,10.54,26.98,255.88,"103Y12M"
10008,лnзы┐д,10008060,жW╢б╢m,10008060-014,ж╦│Єз°,122.62,3.29,320.42,47.44,16.43,31.01,188.8,"103Y12M"
10008,лnзы┐д,10008060,жW╢б╢m,10008060-015,икдЇз°,118.28,3.1,525.68,52.18,14.05,38.13,271.32,"103Y12M"
10008,лnзы┐д,10008060,жW╢б╢m,10008060-016,дT▒[з°,112.,3.5,489.63,38.85,15.42,23.43,151.94,"103Y12M"
10008,лnзы┐д,10008060,жW╢б╢m,10008060-017,кQдsз°,108.28,3.3,1422.95,36.11,17.69,18.42,104.13,"103Y12M"
10008,лnзы┐д,10008060,жW╢б╢m,10008060-018,кQмfз°,110.19,3.39,836.46,36.04,17.59,18.45,104.89,"103Y12M"
10008,лnзы┐д,10008060,жW╢б╢m,10008060-019,оHддз°,114.08,3.27,474.83,35.88,14.77,21.11,142.98,"103Y12M"
10008,лnзы┐д,10008060,жW╢б╢m,10008060-020,оr╕}з°,106.,3.18,453.11,39.76,12.89,26.87,208.42,"103Y12M"
10008,лnзы┐д,10008060,жW╢б╢m,10008060-021,╖sнэз°,113.02,3.02,403.63,46.43,16.69,29.74,178.18,"103Y12M"
10008,лnзы┐д,10008060,жW╢б╢m,10008060-022,╖sе·з°,115.65,3.27,469.62,39.85,13.76,26.09,189.6,"103Y12M"
10008,лnзы┐д,10008060,жW╢б╢m,10008060-023,дпйMз°,100.95,3.15,225.72,33.63,13.22,20.4,154.29,"103Y12M"
10008,лnзы┐д,10008070,│└иж╢m,10008070-001,│└ижз°,106.05,2.38,709.18,39.48,16.06,23.43,145.88,"103Y12M"
10008,лnзы┐д,10008070,│└иж╢m,10008070-002,кь╢mз°,113.31,2.22,131.23,40.13,11.32,28.81,254.41,"103Y12M"
10008,лnзы┐д,10008070,│└иж╢m,10008070-003,╣№╢оз°,101.34,2.59,312.46,37.11,13.89,23.22,167.11,"103Y12M"
10008,лnзы┐д,10008070,│└иж╢m,10008070-004,╝s┐│з°,113.02,2.57,938.6,36.02,10.54,25.48,241.71,"103Y12M"
10008,лnзы┐д,10008070,│└иж╢m,10008070-005,д║┤Єз°,112.7,2.62,55.43,39.42,13.41,26.01,193.97,"103Y12M"
10008,лnзы┐д,10008070,│└иж╢m,10008070-006,ж╦кLз°,113.2,2.5,142.56,49.17,15.64,33.53,214.36,"103Y12M"
10008,лnзы┐д,10008070,│└иж╢m,10008070-007,ж╦┬╫з°,119.09,2.43,141.76,41.94,11.96,29.97,250.56,"103Y12M"
10008,лnзы┐д,10008070,│└иж╢m,10008070-008,йM╢оз°,129.13,2.42,87.96,45.38,12.53,32.85,262.3,"103Y12M"
10008,лnзы┐д,10008070,│└иж╢m,10008070-009,╗ё░─з°,109.49,2.77,69.6,35.1,12.98,22.12,170.44,"103Y12M"
10008,лnзы┐д,10008070,│└иж╢m,10008070-010,е├╢йз°,114.22,2.35,125.61,33.41,11.88,21.53,181.21,"103Y12M"
10008,лnзы┐д,10008070,│└иж╢m,10008070-011,иqоpз°,122.77,2.24,76.36,48.05,10.76,37.29,346.38,"103Y12M"
10008,лnзы┐д,10008070,│└иж╢m,10008070-012,▓MдЇз°,127.81,2.23,88.97,50.19,8.15,42.04,515.91,"103Y12M"
10008,лnзы┐д,10008070,│└иж╢m,10008070-013,╖че╨з°,119.33,2.74,86.08,41.13,12.94,28.19,217.95,"103Y12M"
10008,лnзы┐д,10008080,дд╝d╢m,10008080-001,╝s┐│з°,120.9,2.69,92.1,44.99,15.34,29.65,193.27,"103Y12M"
10008,лnзы┐д,10008080,дд╝d╢m,10008080-002,оr│╗з°,131.91,2.81,77.94,41.93,10.94,30.99,283.33,"103Y12M"
10008,лnзы┐д,10008080,дд╝d╢m,10008080-003,дKеPз°,117.32,2.73,236.67,50.08,18.98,31.1,163.87,"103Y12M"
10008,лnзы┐д,10008080,дд╝d╢m,10008080-004,йM┐│з°,124.71,2.62,43.25,52.44,15.4,37.04,240.51,"103Y12M"
10008,лnзы┐д,10008080,дд╝d╢m,10008080-005,║╓▓▒з°,127.06,2.47,42.51,53.41,12.01,41.4,344.78,"103Y12M"
10008,лnзы┐д,10008080,дд╝d╢m,10008080-006,е├енз°,106.11,2.82,529.5,42.9,16.94,25.96,153.23,"103Y12M"
10008,лnзы┐д,10008080,дд╝d╢m,10008080-007,┤_┐│з°,106.25,3.06,44.8,35.25,8.61,26.64,309.52,"103Y12M"
10008,лnзы┐д,10008080,дд╝d╢m,10008080-008,дд╝dз°,121.31,3.18,492.91,43.87,15.99,27.89,174.44,"103Y12M"
10008,лnзы┐д,10008080,дд╝d╢m,10008080-009,╝s║╓з°,128.73,2.7,78.72,51.36,17.78,33.58,188.89,"103Y12M"
10008,лnзы┐д,10008080,дд╝d╢m,10008080-010,е├║╓з°,106.01,2.73,134.06,35.59,14.59,21.,143.98,"103Y12M"
10008,лnзы┐д,10008080,дд╝d╢m,10008080-011,╕qйMз°,113.01,3.1,317.72,36.18,13.17,23.,174.59,"103Y12M"
10008,лnзы┐д,10008080,дд╝d╢m,10008080-012,▓MдЇз°,129.48,2.82,66.57,47.31,14.99,32.31,215.53,"103Y12M"
10008,лnзы┐д,10008080,дд╝d╢m,10008080-013,└sжwз°,126.82,2.72,227.74,46.31,13.51,32.79,242.67,"103Y12M"
10008,лnзы┐д,10008080,дд╝d╢m,10008080-014,└sйез°,120.11,2.71,234.65,52.35,18.82,33.53,178.13,"103Y12M"
10008,лnзы┐д,10008080,дд╝d╢m,10008080-015,е├йMз°,142.58,2.75,99.53,53.71,16.09,37.62,233.85,"103Y12M"
10008,лnзы┐д,10008080,дд╝d╢m,10008080-016,д║л░з°,125.43,2.53,81.01,38.73,10.08,28.65,284.21,"103Y12M"
10008,лnзы┐д,10008080,дд╝d╢m,10008080-017,е├к┌з°,120.34,2.67,72.27,39.41,9.38,30.03,320.,"103Y12M"
10008,лnзы┐д,10008080,дд╝d╢m,10008080-018,▓nдхз°,128.99,2.47,87.7,46.11,11.26,34.85,309.52,"103Y12M"
10008,лnзы┐д,10008090,│╜ж└╢m,10008090-001,кFж└з°,109.25,2.9,585.53,40.7,16.19,24.51,151.39,"103Y12M"
10008,лnзы┐д,10008090,│╜ж└╢m,10008090-002,│╜ж└з°,100.98,2.92,1019.73,35.83,14.94,20.89,139.85,"103Y12M"
10008,лnзы┐д,10008090,│╜ж└╢m,10008090-003,ддй·з°,113.81,2.75,175.91,44.58,15.07,29.51,195.87,"103Y12M"
10008,лnзы┐д,10008090,│╜ж└╢m,10008090-004,╖sл░з°,105.5,2.96,215.69,43.08,18.02,25.07,139.13,"103Y12M"
10008,лnзы┐д,10008090,│╜ж└╢m,10008090-005,дjкLз°,116.05,2.92,192.93,43.08,15.61,27.46,175.89,"103Y12M"
10008,лnзы┐д,10008090,│╜ж└╢m,10008090-006,кFе·з°,117.7,3.02,83.17,42.88,16.36,26.52,162.13,"103Y12M"
10008,лnзы┐д,10008090,│╜ж└╢m,10008090-007,ж@йMз°,111.7,3.03,124.28,37.69,12.37,25.33,204.81,"103Y12M"
10008,лnзы┐д,10008090,│╜ж└╢m,10008090-008,дj╢нз°,112.2,2.73,113.06,44.67,14.65,30.02,204.94,"103Y12M"
10008,лnзы┐д,10008090,│╜ж└╢m,10008090-009,днл░з°,122.92,2.97,41.15,42.51,15.3,27.21,177.89,"103Y12M"
10008,лnзы┐д,10008090,│╜ж└╢m,10008090-010,дЇк└з°,98.22,2.87,64.86,39.69,17.13,22.56,131.71,"103Y12M"
10008,лnзы┐д,10008090,│╜ж└╢m,10008090-011,└Yк└з°,129.5,2.81,170.07,53.11,11.29,41.82,370.51,"103Y12M"
10008,лnзы┐д,10008090,│╜ж└╢m,10008090-012,кZ╡nз°,122.71,2.5,101.67,48.32,11.55,36.76,318.18,"103Y12M"
10008,лnзы┐д,10008090,│╜ж└╢m,10008090-013,дщдыз°,95.79,2.77,72.2,30.79,12.72,18.07,142.11,"103Y12M"
10008,лnзы┐д,10008100,░ъйm╢m,10008100-001,░ъйmз°,106.48,2.64,264.59,39.86,17.49,22.37,127.89,"103Y12M"
10008,лnзы┐д,10008100,░ъйm╢m,10008100-002,е█к∙з°,106.1,2.78,242.71,40.48,18.97,21.51,113.43,"103Y12M"
10008,лnзы┐д,10008100,░ъйm╢m,10008100-003,дj║Xз°,137.04,2.62,82.08,41.5,13.1,28.4,216.88,"103Y12M"
10008,лnзы┐д,10008100,░ъйm╢m,10008100-004,е_┤фз°,120.61,2.62,61.69,39.65,12.55,27.1,216.,"103Y12M"
10008,лnзы┐д,10008100,░ъйm╢m,10008100-005,к°мyз°,115.02,2.78,206.66,36.57,15.9,20.67,130.,"103Y12M"
10008,лnзы┐д,10008100,░ъйm╢m,10008100-006,к°║╓з°,120.22,2.39,69.58,34.38,11.18,23.19,207.35,"103Y12M"
10008,лnзы┐д,10008100,░ъйm╢m,10008100-007,║╓└tз°,108.73,2.81,283.74,36.43,11.55,24.89,215.56,"103Y12M"
10008,лnзы┐д,10008100,░ъйm╢m,10008100-008,░о╖╛з°,119.12,2.75,41.65,40.62,10.16,30.47,300.,"103Y12M"
10008,лnзы┐д,10008100,░ъйm╢m,10008100-009,мaкLз°,113.25,2.76,135.62,37.96,11.53,26.43,229.2,"103Y12M"
10008,лnзы┐д,10008100,░ъйm╢m,10008100-010,е_дsз°,116.73,2.84,103.45,41.52,13.4,28.12,209.83,"103Y12M"
10008,лnзы┐д,10008100,░ъйm╢m,10008100-011,лn┤фз°,135.77,2.74,57.43,41.91,12.64,29.26,231.43,"103Y12M"
10008,лnзы┐д,10008100,░ъйm╢m,10008100-012,дjе█з°,128.13,2.77,94.85,36.66,12.48,24.18,193.75,"103Y12M"
10008,лnзы┐д,10008100,░ъйm╢m,10008100-013,к°┬╫з°,138.69,2.35,41.44,32.33,9.06,23.26,256.67,"103Y12M"
10008,лnзы┐д,10008110,дЇи╜╢m,10008110-001,дЇи╜з°,109.05,2.63,322.8,39.91,11.18,28.73,256.94,"103Y12M"
10008,лnзы┐д,10008110,дЇи╜╢m,10008110-002,╣A┤Iз°,101.45,2.5,730.04,46.7,13.98,32.72,233.96,"103Y12M"
10008,лnзы┐д,10008110,дЇи╜╢m,10008110-003,╖sл░з°,113.02,2.66,595.75,41.22,16.29,24.92,153.,"103Y12M"
10008,лnзы┐д,10008110,дЇи╜╢m,10008110-004,ддебз°,98.09,2.54,9202.14,39.96,13.51,26.45,195.71,"103Y12M"
10008,лnзы┐д,10008110,дЇи╜╢m,10008110-005,л░ддз°,112.68,2.3,806.48,45.39,16.37,29.02,177.31,"103Y12M"
10008,лnзы┐д,10008110,дЇи╜╢m,10008110-006,е_оHз°,102.17,2.49,1678.49,40.58,16.4,24.19,147.52,"103Y12M"
10008,лnзы┐д,10008110,дЇи╜╢m,10008110-007,╣dдuз°,100.16,2.73,453.32,34.47,14.71,19.76,134.33,"103Y12M"
10008,лnзы┐д,10008110,дЇи╜╢m,10008110-008,е├┬╫з°,103.58,2.94,500.13,34.07,15.15,18.92,124.87,"103Y12M"
10008,лnзы┐д,10008110,дЇи╜╢m,10008110-009,│╗оrз°,103.33,2.67,230.59,34.07,14.01,20.05,143.14,"103Y12M"
10008,лnзы┐д,10008110,дЇи╜╢m,10008110-010,ио╤Lз°,123.01,2.18,49.71,42.9,9.92,32.98,332.43,"103Y12M"
10008,лnзы┐д,10008110,дЇи╜╢m,10008110-011,╖s┐│з°,121.08,2.54,87.66,43.17,15.87,27.31,172.09,"103Y12M"
10008,лnзы┐д,10008110,дЇи╜╢m,10008110-012,╖sдsз°,123.01,2.74,59.87,41.57,16.85,24.72,146.67,"103Y12M"
10008,лnзы┐д,10008110,дЇи╜╢m,10008110-013,░pз|з°,134.5,2.67,65.69,40.7,14.39,26.32,182.93,"103Y12M"
10008,лnзы┐д,10008110,дЇи╜╢m,10008110-014,дWжwз°,113.79,2.56,147.93,35.48,11.65,23.83,204.46,"103Y12M"
10008,лnзы┐д,10008110,дЇи╜╢m,10008110-015,е┴йMз°,136.26,2.37,64.29,45.49,9.99,35.51,355.56,"103Y12M"
10008,лnзы┐д,10008110,дЇи╜╢m,10008110-016,е├┐│з°,114.97,2.35,56.29,42.05,13.43,28.62,213.16,"103Y12M"
10008,лnзы┐д,10008110,дЇи╜╢m,10008110-017,е╔оpз°,124.77,2.52,69.34,44.01,12.41,31.6,254.65,"103Y12M"
10008,лnзы┐д,10008110,дЇи╜╢m,10008110-018,┐│╢йз°,154.14,2.22,24.91,46.32,10.39,35.93,345.83,"103Y12M"
10008,лnзы┐д,10008110,дЇи╜╢m,10008110-019,лnе·з°,96.95,2.84,3505.56,40.38,19.68,20.69,105.15,"103Y12M"
10008,лnзы┐д,10008120,лH╕q╢m,10008120-001,дHйMз°,121.04,3.76,15.04,37.28,26.39,10.89,41.25,"103Y12M"
10008,лnзы┐д,10008120,лH╕q╢m,10008120-002,жaзQз°,109.28,3.49,4.2,32.71,22.47,10.24,45.55,"103Y12M"
10008,лnзы┐д,10008120,лH╕q╢m,10008120-003,╝цлnз°,107.05,3.54,49.1,37.91,31.95,5.96,18.64,"103Y12M"
10008,лnзы┐д,10008120,лH╕q╢m,10008120-004,й·╝wз°,110.34,2.77,90.73,37.8,15.89,21.91,137.91,"103Y12M"
10008,лnзы┐д,10008120,лH╕q╢m,10008120-005,╖R░ъз°,131.77,2.8,58.04,38.36,14.22,24.14,169.7,"103Y12M"
10008,лnзы┐д,10008120,лH╕q╢m,10008120-006,ж█▒jз°,117.83,2.82,30.92,41.03,14.66,26.37,179.79,"103Y12M"
10008,лnзы┐д,10008120,лH╕q╢m,10008120-007,├╣оRз°,116.13,3.41,102.36,30.68,22.41,8.27,36.88,"103Y12M"
10008,лnзы┐д,10008120,лH╕q╢m,10008120-008,▒цм№з°,115.76,3.48,47.56,34.07,25.17,8.9,35.34,"103Y12M"
10008,лnзы┐д,10008120,лH╕q╢m,10008120-009,жP┤Iз°,119.46,2.78,30.79,38.35,17.39,20.96,120.54,"103Y12M"
10008,лnзы┐д,10008120,лH╕q╢m,10008120-010,плдьз°,143.56,2.57,14.14,38.81,18.53,20.28,109.43,"103Y12M"
10008,лnзы┐д,10008120,лH╕q╢m,10008120-011,кFоHз°,111.32,3.6,3.39,28.14,20.21,7.93,39.23,"103Y12M"
10008,лnзы┐д,10008120,лH╕q╢m,10008120-012,┬∙└sз°,110.71,3.62,2.7,36.08,29.65,6.43,21.67,"103Y12M"
10008,лnзы┐д,10008120,лH╕q╢m,10008120-013,╖s╢mз°,115.43,4.08,46.04,30.68,25.82,4.85,18.79,"103Y12M"
10008,лnзы┐д,10008120,лH╕q╢m,10008120-014,┬╫еCз°,109.28,2.9,8.89,33.96,18.68,15.28,81.82,"103Y12M"
10008,лnзы┐д,10008130,дп╖R╢m,10008130-001,кkкvз°,114.08,4.3,11.44,40.62,32.44,8.18,25.21,"103Y12M"
10008,лnзы┐д,10008130,дп╖R╢m,10008130-002,дде┐з°,92.8,3.82,22.73,36.5,29.2,7.3,25.,"103Y12M"
10008,лnзы┐д,10008130,дп╖R╢m,10008130-003,дмзUз°,109.05,3.15,34.05,36.73,23.47,13.27,56.52,"103Y12M"
10008,лnзы┐д,10008130,дп╖R╢m,10008130-004,╖sе═з°,98.68,3.15,2.14,26.33,11.48,14.85,129.27,"103Y12M"
10008,лnзы┐д,10008130,дп╖R╢m,10008130-005,дOжцз°,99.7,3.32,15.39,40.86,27.96,12.9,46.15,"103Y12M"
10008,лnзы┐д,10008130,дп╖R╢m,10008130-006,╡o▓╗з°,107.34,2.7,10.76,36.17,23.4,12.77,54.55,"103Y12M"
10008,лnзы┐д,10008130,дп╖R╢m,10008130-007,жXз@з°,104.19,3.29,11.64,39.29,27.32,11.96,43.79,"103Y12M"
10008,лnзы┐д,10008130,дп╖R╢m,10008130-008,┐╦╖Rз°,108.63,3.07,5.68,36.66,25.16,11.5,45.69,"103Y12M"
10008,лnзы┐д,10008130,дп╖R╢m,10008130-009,дjжPз°,103.32,2.84,25.57,36.64,19.05,17.59,92.31,"103Y12M"
10008,лnзы┐д,10008130,дп╖R╢m,10008130-010,лn┬╫з°,109.52,3.33,35.89,35.26,19.95,15.32,76.79,"103Y12M"
10008,лnзы┐д,10008130,дп╖R╢m,10008130-011,мK╢зз°,103.51,3.43,59.74,40.93,29.09,11.84,40.68,"103Y12M"
10008,лnзы┐д,10008130,дп╖R╢m,10008130-012,║ын^з°,113.83,3.2,9.43,34.5,23.05,11.45,49.67,"103Y12M"
10008,лnзы┐д,10008130,дп╖R╢m,10008130-013,╕U┬╫з°,116.32,3.99,15.27,34.75,27.05,7.7,28.48,"103Y12M"
10008,лnзы┐д,10008130,дп╖R╢m,10008130-014,║a┐│з°,150.,2.26,2.33,37.68,1.45,36.23,2500.,"103Y12M"
10008,лnзы┐д,10008130,дп╖R╢m,10008130-015,╗A╡╪з°,112.79,2.42,16.66,41.07,24.11,16.96,70.37,"103Y12M"
10008,лnзы┐д,10008130,дп╖R╢m,10008130-016,│г╣Fз°,108.27,3.2,158.89,31.91,22.75,9.17,40.29,"103Y12M"
10009,╢│кL┐д,10009010,дцд╗ел,10009010-001,й╛з╡и╜,101.27,2.48,12161.04,47.63,20.39,27.24,133.61,"103Y12M"
10009,╢│кL┐д,10009010,дцд╗ел,10009010-002,дп╖Rи╜,100.15,2.72,9571.44,47.8,21.2,26.61,125.53,"103Y12M"
10009,╢│кL┐д,10009010,дцд╗ел,10009010-003,лH╕qи╜,97.53,2.41,4421.6,45.19,16.52,28.68,173.63,"103Y12M"
10009,╢│кL┐д,10009010,дцд╗ел,10009010-004,е|║√и╜,107.02,2.57,17627.36,44.79,14.73,30.06,204.,"103Y12M"
10009,╢│кL┐д,10009010,дцд╗ел,10009010-005,д╙ени╜,96.52,2.66,14894.08,43.99,18.92,25.08,132.54,"103Y12M"
10009,╢│кL┐д,10009010,дцд╗ел,10009010-006,ддйMи╜,105.81,2.69,6829.75,47.62,18.6,29.02,156.,"103Y12M"
10009,╢│кL┐д,10009010,дцд╗ел,10009010-007,е·┐│и╜,91.1,2.25,10955.23,38.8,12.78,26.02,203.53,"103Y12M"
10009,╢│кL┐д,10009010,дцд╗ел,10009010-008,дTени╜,93.51,2.81,7065.82,40.63,27.26,13.37,49.07,"103Y12M"
10009,╢│кL┐д,10009010,дцд╗ел,10009010-009,дK╝wи╜,103.81,3.21,1577.66,32.82,19.61,13.22,67.42,"103Y12M"
10009,╢│кL┐д,10009010,дцд╗ел,10009010-010,┬эе_и╜,97.62,2.94,7695.69,37.37,21.13,16.24,76.87,"103Y12M"
10009,╢│кL┐д,10009010,дцд╗ел,10009010-011,└s╝ци╜,97.04,2.65,989.05,36.15,23.67,12.48,52.7,"103Y12M"
10009,╢│кL┐д,10009010,дцд╗ел,10009010-012,┬элnи╜,89.83,2.74,6207.63,38.72,20.64,18.09,87.64,"103Y12M"
10009,╢│кL┐д,10009010,дцд╗ел,10009010-013,кL└Yи╜,106.8,3.07,1861.02,36.45,18.8,17.65,93.89,"103Y12M"
10009,╢│кL┐д,10009010,дцд╗ел,10009010-014,нле·и╜,101.72,3.1,1027.52,33.78,16.82,16.96,100.85,"103Y12M"
10009,╢│кL┐д,10009010,дцд╗ел,10009010-015,╖╛╘┼и╜,107.54,2.86,1148.31,36.83,17.13,19.71,115.05,"103Y12M"
10009,╢│кL┐д,10009010,дцд╗ел,10009010-016,ж┐нэи╜,94.73,3.,947.27,35.59,21.52,14.07,65.38,"103Y12M"
10009,╢│кL┐д,10009010,дцд╗ел,10009010-017,дTе·и╜,120.83,2.63,208.85,48.25,13.75,34.5,250.85,"103Y12M"
10009,╢│кL┐д,10009010,дцд╗ел,10009010-018,▒[Фви╜,95.93,2.74,1144.15,35.96,18.32,17.65,96.34,"103Y12M"
10009,╢│кL┐д,10009010,дцд╗ел,10009010-019,╣┼кFи╜,94.93,2.97,523.75,36.56,24.62,11.95,48.52,"103Y12M"
10009,╢│кL┐д,10009010,дцд╗ел,10009010-020,д[жwи╜,107.03,3.03,573.21,35.93,15.73,20.2,128.39,"103Y12M"
10009,╢│кL┐д,10009010,дцд╗ел,10009010-021,к°ени╜,108.64,3.13,534.77,36.05,13.64,22.41,164.29,"103Y12M"
10009,╢│кL┐д,10009010,дцд╗ел,10009010-022,лO╔▄и╜,100.9,2.98,1811.37,33.37,20.07,13.3,66.26,"103Y12M"
10009,╢│кL┐д,10009010,дцд╗ел,10009010-023,къ╖╦и╜,101.68,3.03,909.25,32.32,19.21,13.11,68.25,"103Y12M"
10009,╢│кL┐д,10009010,дцд╗ел,10009010-024,▒ЎкLи╜,112.99,3.12,387.95,39.8,16.04,23.76,148.12,"103Y12M"
10009,╢│кL┐д,10009010,дцд╗ел,10009010-025,┤Єдsи╜,122.42,3.05,92.32,41.6,13.87,27.73,200.,"103Y12M"
10009,╢│кL┐д,10009010,дцд╗ел,10009010-026,║hдди╜,99.47,3.23,1311.96,33.3,19.33,13.97,72.25,"103Y12M"
10009,╢│кL┐д,10009010,дцд╗ел,10009010-027,║hе_и╜,119.16,3.4,425.12,36.78,19.4,17.39,89.64,"103Y12M"
10009,╢│кL┐д,10009010,дцд╗ел,10009010-028,║hлnи╜,100.18,3.22,1058.72,32.13,21.26,10.87,51.14,"103Y12M"
10009,╢│кL┐д,10009010,дцд╗ел,10009010-029,╖╦мwи╜,106.18,3.08,1043.19,29.26,16.88,12.39,73.39,"103Y12M"
10009,╢│кL┐д,10009010,дцд╗ел,10009010-030,к°жwи╜,101.81,3.25,586.76,31.42,17.48,13.94,79.78,"103Y12M"
10009,╢│кL┐д,10009010,дцд╗ел,10009010-031,дQдTи╜,104.55,3.13,394.85,39.54,16.05,23.5,146.45,"103Y12M"
10009,╢│кL┐д,10009010,дцд╗ел,10009010-032,┬экFи╜,96.7,2.91,5592.91,40.79,24.09,16.69,69.3,"103Y12M"
10009,╢│кL┐д,10009010,дцд╗ел,10009010-033,┬эжши╜,99.86,2.58,4208.77,34.24,18.81,15.43,82.06,"103Y12M"
10009,╢│кL┐д,10009010,дцд╗ел,10009010-034,д╜е┐и╜,89.76,2.59,8824.5,35.93,21.96,13.97,63.6,"103Y12M"
10009,╢│кL┐д,10009010,дцд╗ел,10009010-035,к└дfи╜,94.73,2.65,3653.34,39.97,21.47,18.5,86.2,"103Y12M"
10009,╢│кL┐д,10009010,дцд╗ел,10009010-036,д╜╕█и╜,92.74,2.79,9967.86,40.45,25.69,14.76,57.48,"103Y12M"
10009,╢│кL┐д,10009010,дцд╗ел,10009010-037,й·╝wи╜,103.46,3.06,2691.43,35.62,24.74,10.88,43.96,"103Y12M"
10009,╢│кL┐д,10009010,дцд╗ел,10009010-038,жие\и╜,92.01,3.07,9502.59,39.57,26.02,13.55,52.07,"103Y12M"
10009,╢│кL┐д,10009020,дцлn┬э,10009020-001,кFдпи╜,100.66,3.07,2726.14,42.23,21.07,21.16,100.44,"103Y12M"
10009,╢│кL┐д,10009020,дцлn┬э,10009020-002,жшз┴и╜,93.96,2.86,4976.23,34.82,19.83,14.99,75.61,"103Y12M"
10009,╢│кL┐д,10009020,дцлn┬э,10009020-003,лnйўи╜,92.81,2.62,10831.04,40.46,19.65,20.81,105.87,"103Y12M"
10009,╢│кL┐д,10009020,дцлn┬э,10009020-004,е_╗╩и╜,94.25,2.94,2303.11,42.51,19.35,23.16,119.66,"103Y12M"
10009,╢│кL┐д,10009020,дцлn┬э,10009020-005,ддд╤и╜,103.65,2.87,14349.14,48.83,18.24,30.59,167.68,"103Y12M"
10009,╢│кL┐д,10009020,дцлn┬э,10009020-006,┬┬к└и╜,103.17,2.81,1152.02,32.78,19.48,13.3,68.3,"103Y12M"
10009,╢│кL┐д,10009020,дцлn┬э,10009020-007,кLдlи╜,101.58,2.96,566.49,35.58,14.55,21.03,144.51,"103Y12M"
10009,╢│кL┐д,10009020,дцлn┬э,10009020-008,е█└tи╜,115.03,3.17,713.36,43.03,15.76,27.27,173.08,"103Y12M"
10009,╢│кL┐д,10009020,дцлn┬э,10009020-009,╣t┐│и╜,126.84,2.88,1012.13,40.11,11.23,28.88,257.14,"103Y12M"
10009,╢│кL┐д,10009020,дцлn┬э,10009020-010,╖sлnи╜,109.14,2.77,325.4,48.08,16.26,31.82,195.7,"103Y12M"
10009,╢│кL┐д,10009020,дцлn┬э,10009020-011,к№джи╜,112.5,3.04,280.73,49.89,16.07,33.82,210.42,"103Y12M"
10009,╢│кL┐д,10009020,дцлn┬э,10009020-012,▒Nнxи╜,99.81,2.94,382.17,37.44,16.95,20.5,120.95,"103Y12M"
10009,╢│кL┐д,10009020,дцлn┬э,10009020-013,кFй·и╜,111.55,2.9,578.55,36.05,12.22,23.83,195.1,"103Y12M"
10009,╢│кL┐д,10009020,дцлn┬э,10009020-014,╖sе·и╜,107.58,3.11,2219.53,39.43,18.92,20.51,108.37,"103Y12M"
10009,╢│кL┐д,10009020,дцлn┬э,10009020-015,е╨└Yи╜,111.39,3.28,476.26,40.34,18.49,21.85,118.21,"103Y12M"
10009,╢│кL┐д,10009020,дцлn┬э,10009020-016,й·йўи╜,99.85,2.92,2160.27,35.29,19.69,15.6,79.22,"103Y12M"
10009,╢│кL┐д,10009020,дцлn┬э,10009020-017,дjкFи╜,119.79,2.73,762.1,39.,12.38,26.61,214.89,"103Y12M"
10009,╢│кL┐д,10009020,дцлn┬э,10009020-018,░ё│┬и╜,102.41,2.73,880.53,41.22,10.99,30.23,275.,"103Y12M"
10009,╢│кL┐д,10009020,дцлn┬э,10009020-019,жшзBи╜,112.16,2.88,638.07,41.54,11.28,30.26,268.29,"103Y12M"
10009,╢│кL┐д,10009020,дцлn┬э,10009020-020,╖s▒[и╜,109.53,2.86,491.88,41.47,14.57,26.9,184.57,"103Y12M"
10009,╢│кL┐д,10009020,дцлn┬э,10009020-021,дpкFи╜,105.42,3.11,590.87,42.66,18.51,24.15,130.49,"103Y12M"
10009,╢│кL┐д,10009020,дцлn┬э,10009020-022,е█╖╦и╜,115.51,3.13,602.63,42.51,14.17,28.34,200.,"103Y12M"
10009,╢│кL┐д,10009030,къз└┬э,10009030-001,дддsи╜,99.01,2.74,13614.98,54.76,22.62,32.13,142.05,"103Y12M"
10009,╢│кL┐д,10009030,къз└┬э,10009030-002,╖s┐│и╜,106.8,2.41,3345.2,42.03,17.72,24.31,137.21,"103Y12M"
10009,╢│кL┐д,10009030,къз└┬э,10009030-003,кFдпи╜,100.18,2.98,8264.34,53.97,32.38,21.6,66.71,"103Y12M"
10009,╢│кL┐д,10009030,къз└┬э,10009030-004,д╜жwи╜,96.13,2.78,7384.98,44.37,26.,18.36,70.61,"103Y12M"
10009,╢│кL┐д,10009030,къз└┬э,10009030-005,╝w┐│и╜,94.96,2.69,14260.61,44.36,23.45,20.9,89.14,"103Y12M"
10009,╢│кL┐д,10009030,къз└┬э,10009030-006,жшжwи╜,96.36,2.78,8695.08,41.07,20.97,20.11,95.9,"103Y12M"
10009,╢│кL┐д,10009030,къз└┬э,10009030-007,жw╝yи╜,96.97,2.72,5477.89,48.86,23.77,25.08,105.5,"103Y12M"
10009,╢│кL┐д,10009030,къз└┬э,10009030-008,енйMи╜,93.81,2.83,1657.17,41.33,33.22,8.11,24.41,"103Y12M"
10009,╢│кL┐д,10009030,къз└┬э,10009030-009,┐│лnи╜,102.51,2.97,718.5,38.87,25.15,13.71,54.53,"103Y12M"
10009,╢│кL┐д,10009030,къз└┬э,10009030-010,╖sжNи╜,95.69,2.89,2761.02,41.,29.02,11.98,41.27,"103Y12M"
10009,╢│кL┐д,10009030,къз└┬э,10009030-011,┐oдtи╜,104.91,2.99,2086.99,40.64,20.91,19.73,94.35,"103Y12M"
10009,╢│кL┐д,10009030,къз└┬э,10009030-012,й╡ени╜,116.5,3.16,445.89,39.13,20.77,18.36,88.42,"103Y12M"
10009,╢│кL┐д,10009030,къз└┬э,10009030-013,дTжXи╜,113.74,2.98,410.2,45.18,21.25,23.93,112.62,"103Y12M"
10009,╢│кL┐д,10009030,къз└┬э,10009030-014,е_╖╦и╜,106.93,3.52,409.03,40.71,17.43,23.29,133.61,"103Y12M"
10009,╢│кL┐д,10009030,къз└┬э,10009030-015,╛┴жaи╜,122.57,2.91,111.42,38.53,15.92,22.61,142.07,"103Y12M"
10009,╢│кL┐д,10009030,къз└┬э,10009030-016,жшд┘и╜,111.11,3.15,875.97,42.65,18.27,24.38,133.47,"103Y12M"
10009,╢│кL┐д,10009030,къз└┬э,10009030-017,к┌пєи╜,127.8,3.12,589.9,47.21,21.03,26.18,124.5,"103Y12M"
10009,╢│кL┐д,10009030,къз└┬э,10009030-018,╤Mд║и╜,105.98,3.16,1472.43,35.99,17.16,18.83,109.75,"103Y12M"
10009,╢│кL┐д,10009030,къз└┬э,10009030-019,╘│└Yи╜,103.,2.96,1130.6,41.19,16.27,24.93,153.21,"103Y12M"
10009,╢│кL┐д,10009030,къз└┬э,10009030-020,жw╖╦и╜,104.16,3.2,1633.68,35.06,14.97,20.09,134.19,"103Y12M"
10009,╢│кL┐д,10009030,къз└┬э,10009030-021,┐│дди╜,105.96,2.9,1053.4,36.86,14.83,22.03,148.54,"103Y12M"
10009,╢│кL┐д,10009030,къз└┬э,10009030-022,╖Gи╧и╜,105.96,3.17,698.14,37.21,19.78,17.43,88.14,"103Y12M"
10009,╢│кL┐д,10009030,къз└┬э,10009030-023,┤fи╙и╜,108.58,2.95,541.69,35.94,14.93,21.01,140.72,"103Y12M"
10009,╢│кL┐д,10009030,къз└┬э,10009030-024,│╗╖╦и╜,111.3,3.34,629.89,37.89,17.19,20.7,120.41,"103Y12M"
10009,╢│кL┐д,10009030,къз└┬э,10009030-025,дд╖╦и╜,111.51,3.31,694.58,41.37,19.83,21.54,108.62,"103Y12M"
10009,╢│кL┐д,10009030,къз└┬э,10009030-026,дU╖╦и╜,115.02,3.28,459.1,38.36,17.09,21.27,124.43,"103Y12M"
10009,╢│кL┐д,10009030,къз└┬э,10009030-027,л╪░ъи╜,123.13,2.42,376.14,31.14,16.89,14.25,84.42,"103Y12M"
10009,╢│кL┐д,10009030,къз└┬э,10009030-028,е▀дпи╜,94.12,2.69,7656.05,39.22,21.93,17.29,78.86,"103Y12M"
10009,╢│кL┐д,10009030,къз└┬э,10009030-029,кFд┘и╜,114.81,3.31,978.77,41.68,17.7,23.98,135.52,"103Y12M"
10009,╢│кL┐д,10009040,жш┴│┬э,10009040-001,о╢┐│и╜,104.94,3.31,1062.88,45.68,21.38,24.3,113.7,"103Y12M"
10009,╢│кL┐д,10009040,жш┴│┬э,10009040-002,дj╢щи╜,97.69,3.32,834.19,41.15,24.5,16.64,67.92,"103Y12M"
10009,╢│кL┐д,10009040,жш┴│┬э,10009040-003,╝s║╓и╜,92.56,3.14,9031.61,42.34,25.8,16.55,64.13,"103Y12M"
10009,╢│кL┐д,10009040,жш┴│┬э,10009040-004,е┐┐│и╜,102.79,3.08,8087.08,41.74,21.38,20.35,95.17,"103Y12M"
10009,╢│кL┐д,10009040,жш┴│┬э,10009040-005,е├жwи╜,110.05,2.61,882.91,46.82,17.73,29.1,164.15,"103Y12M"
10009,╢│кL┐д,10009040,жш┴│┬э,10009040-006,ддйMи╜,97.84,2.8,2289.09,46.22,17.13,29.08,169.77,"103Y12M"
10009,╢│кL┐д,10009040,жш┴│┬э,10009040-007,║╓┐│и╜,100.,2.68,1438.32,47.59,19.08,28.51,149.45,"103Y12M"
10009,╢│кL┐д,10009040,жш┴│┬э,10009040-008,е·╡╪и╜,91.23,2.84,2333.97,47.48,25.35,22.13,87.29,"103Y12M"
10009,╢│кL┐д,10009040,жш┴│┬э,10009040-009,дд┐│и╜,95.74,3.11,2111.32,42.43,25.82,16.61,64.34,"103Y12M"
10009,╢│кL┐д,10009040,жш┴│┬э,10009040-010,║~е·и╜,95.54,3.18,7750.93,38.49,23.6,14.89,63.09,"103Y12M"
10009,╢│кL┐д,10009040,жш┴│┬э,10009040-011,╖sжwи╜,109.13,3.93,917.87,41.9,20.44,21.46,104.98,"103Y12M"
10009,╢│кL┐д,10009040,жш┴│┬э,10009040-012,╖s┬╫и╜,112.07,3.6,1135.18,45.41,22.32,23.08,103.4,"103Y12M"
10009,╢│кL┐д,10009040,жш┴│┬э,10009040-013,╢@жwи╜,97.25,3.11,1038.77,38.41,14.37,24.03,167.23,"103Y12M"
10009,╢│кL┐д,10009040,жш┴│┬э,10009040-014,кeлnи╜,107.31,2.98,1072.09,41.74,19.65,22.09,112.43,"103Y12M"
10009,╢│кL┐д,10009040,жш┴│┬э,10009040-015,жwйwи╜,107.07,3.64,623.2,48.06,22.72,25.34,111.56,"103Y12M"
10009,╢│кL┐д,10009040,жш┴│┬э,10009040-016,║╓е╨и╜,111.86,3.9,533.2,44.37,21.29,23.08,108.39,"103Y12M"
10009,╢│кL┐д,10009040,жш┴│┬э,10009040-017,дj╖sи╜,111.31,3.37,329.65,59.43,25.97,33.46,128.82,"103Y12M"
10009,╢│кL┐д,10009040,жш┴│┬э,10009040-018,░ё└Yи╜,106.05,3.64,545.79,49.43,19.12,30.31,158.52,"103Y12M"
10009,╢│кL┐д,10009040,жш┴│┬э,10009040-019,кF┐│и╜,112.1,3.2,791.28,54.4,17.62,36.79,208.82,"103Y12M"
10009,╢│кL┐д,10009040,жш┴│┬э,10009040-020,╝s┐│и╜,105.75,3.07,619.78,57.48,23.61,33.87,143.48,"103Y12M"
10009,╢│кL┐д,10009040,жш┴│┬э,10009040-021,│└│їи╜,106.12,3.25,593.98,43.26,17.73,25.53,144.,"103Y12M"
10009,╢│кL┐д,10009040,жш┴│┬э,10009040-022,│╗┘їи╜,106.72,3.24,549.84,50.82,20.38,30.44,149.38,"103Y12M"
10009,╢│кL┐д,10009040,жш┴│┬э,10009040-023,дU┘їи╜,111.76,3.54,942.43,44.,22.14,21.86,98.71,"103Y12M"
10009,╢│кL┐д,10009040,жш┴│┬э,10009040-024,дE╢йи╜,109.46,3.32,372.55,48.56,23.16,25.4,109.66,"103Y12M"
10009,╢│кL┐д,10009040,жш┴│┬э,10009040-025,зdнэи╜,104.99,3.51,1550.06,44.36,18.76,25.61,136.54,"103Y12M"
10009,╢│кL┐д,10009040,жш┴│┬э,10009040-026,дCоyи╜,110.94,3.27,377.45,48.11,17.65,30.46,172.52,"103Y12M"
10009,╢│кL┐д,10009040,жш┴│┬э,10009040-027,д╜БFи╜,114.01,3.58,477.47,46.47,19.27,27.2,141.18,"103Y12M"
10009,╢│кL┐д,10009050,дgоw┬э,10009050-001,й╛е┐и╜,105.12,2.74,4373.09,57.64,22.2,35.43,159.57,"103Y12M"
10009,╢│кL┐д,10009050,дgоw┬э,10009050-002,╢╢д╤и╜,116.79,3.13,2236.17,53.59,25.23,28.37,112.44,"103Y12M"
10009,╢│кL┐д,10009050,дgоw┬э,10009050-003,оcе_и╜,96.,3.09,5925.38,44.17,18.76,25.41,135.48,"103Y12M"
10009,╢│кL┐д,10009050,дgоw┬э,10009050-004,╢V┤фи╜,114.97,2.98,1397.99,36.73,18.48,18.25,98.77,"103Y12M"
10009,╢│кL┐д,10009050,дgоw┬э,10009050-005,╖╦├фи╜,109.57,3.02,367.24,45.86,16.97,28.89,170.25,"103Y12M"
10009,╢│кL┐д,10009050,дgоw┬э,10009050-006,┐│╖sи╜,111.89,3.21,585.57,43.49,21.83,21.66,99.24,"103Y12M"
10009,╢│кL┐д,10009050,дgоw┬э,10009050-007,╛─░_и╜,121.37,3.01,262.91,44.09,13.73,30.36,221.19,"103Y12M"
10009,╢│кL┐д,10009050,дgоw┬э,10009050-008,░ё╕}и╜,115.62,2.93,318.67,53.41,12.74,40.67,319.2,"103Y12M"
10009,╢│кL┐д,10009050,дgоw┬э,10009050-009,дj╙yи╜,104.66,3.3,345.2,46.27,19.47,26.8,137.67,"103Y12M"
10009,╢│кL┐д,10009050,дgоw┬э,10009050-010,е█╝qи╜,97.64,3.07,974.11,40.86,28.51,12.35,43.33,"103Y12M"
10009,╢│кL┐д,10009050,дgоw┬э,10009050-011,кFени╜,106.87,3.65,490.86,44.31,17.97,26.34,146.62,"103Y12M"
10009,╢│кL┐д,10009050,дgоw┬э,10009050-012,лnени╜,108.88,3.43,1829.33,42.74,17.15,25.59,149.23,"103Y12M"
10009,╢│кL┐д,10009050,дgоw┬э,10009050-013,е_ени╜,110.78,3.61,6028.07,41.4,15.34,26.06,169.92,"103Y12M"
10009,╢│кL┐д,10009050,дgоw┬э,10009050-014,жшени╜,109.52,3.29,530.45,41.66,16.62,25.03,150.59,"103Y12M"
10009,╢│кL┐д,10009050,дgоw┬э,10009050-015,лсоHи╜,117.13,3.59,999.39,44.68,19.97,24.71,123.72,"103Y12M"
10009,╢│кL┐д,10009050,дgоw┬э,10009050-016,▒[д║и╜,114.29,3.15,477.96,45.75,20.08,25.67,127.82,"103Y12M"
10009,╢│кL┐д,10009050,дgоw┬э,10009050-017,╖s╔▄и╜,110.9,3.34,311.16,44.23,17.53,26.7,152.34,"103Y12M"
10009,╢│кL┐д,10009060,е_┤ф┬э,10009060-001,кF╢зи╜,114.73,2.21,5823.02,49.16,18.62,30.54,163.96,"103Y12M"
10009,╢│кL┐д,10009060,е_┤ф┬э,10009060-002,е·е┴и╜,102.13,2.39,5407.56,53.97,22.92,31.05,135.43,"103Y12M"
10009,╢│кL┐д,10009060,е_┤ф┬э,10009060-003,кF╡╪и╜,115.45,2.09,17059.9,45.6,13.74,31.87,232.,"103Y12M"
10009,╢│кL┐д,10009060,е_┤ф┬э,10009060-004,лnжwи╜,114.61,2.61,8639.79,52.63,24.43,28.21,115.47,"103Y12M"
10009,╢│кL┐д,10009060,е_┤ф┬э,10009060-005,ддйMи╜,107.96,2.35,19198.97,54.24,16.61,37.64,226.67,"103Y12M"
10009,╢│кL┐д,10009060,е_┤ф┬э,10009060-006,╕qе┴и╜,101.57,2.33,20549.04,47.98,19.94,28.03,140.58,"103Y12M"
10009,╢│кL┐д,10009060,е_┤ф┬э,10009060-007,ж@║aи╜,112.9,2.17,15837.1,49.51,20.39,29.13,142.86,"103Y12M"
10009,╢│кL┐д,10009060,е_┤ф┬э,10009060-008,жш╢╒и╜,102.71,2.32,17097.43,42.79,22.77,20.02,87.96,"103Y12M"
10009,╢│кL┐д,10009060,е_┤ф┬э,10009060-009,дпйMи╜,113.17,2.14,7053.53,49.,11.94,37.06,310.42,"103Y12M"
10009,╢│кL┐д,10009060,е_┤ф┬э,10009060-010,╜ч║╓и╜,114.51,2.3,19906.72,50.55,18.18,32.36,178.,"103Y12M"
10009,╢│кL┐д,10009060,е_┤ф┬э,10009060-011,д╜БFи╜,109.01,2.25,10618.01,49.04,15.85,33.19,209.46,"103Y12M"
10009,╢│кL┐д,10009060,е_┤ф┬э,10009060-012,дjжPи╜,102.72,2.25,5904.02,45.14,18.09,27.04,149.46,"103Y12M"
10009,╢│кL┐д,10009060,е_┤ф┬э,10009060-013,дпжwи╜,110.16,2.23,11078.97,42.03,15.93,26.1,163.79,"103Y12M"
10009,╢│кL┐д,10009060,е_┤ф┬э,10009060-014,╡╪│╙и╜,105.19,2.59,12894.11,42.38,20.2,22.18,109.78,"103Y12M"
10009,╢│кL┐д,10009060,е_┤ф┬э,10009060-015,е·┤_и╜,96.8,2.46,2599.76,39.28,21.57,17.71,82.1,"103Y12M"
10009,╢│кL┐д,10009060,е_┤ф┬э,10009060-016,╖s╡єи╜,98.82,2.72,2442.97,34.3,19.52,14.78,75.69,"103Y12M"
10009,╢│кL┐д,10009060,е_┤ф┬э,10009060-017,╝Bнэи╜,104.97,3.03,787.41,35.33,15.25,20.08,131.65,"103Y12M"
10009,╢│кL┐д,10009060,е_┤ф┬э,10009060-018,й▓╡fи╜,111.94,2.99,279.67,40.99,15.46,25.53,165.14,"103Y12M"
10009,╢│кL┐д,10009060,е_┤ф┬э,10009060-019,пє┤Єи╜,111.82,3.08,431.23,43.44,17.89,25.55,142.86,"103Y12M"
10009,╢│кL┐д,10009060,е_┤ф┬э,10009060-020,╖╛иmи╜,125.96,2.86,423.01,51.56,18.64,32.92,176.65,"103Y12M"
10009,╢│кL┐д,10009060,е_┤ф┬э,10009060-021,лс╖╛и╜,125.52,2.93,362.11,41.46,17.68,23.78,134.46,"103Y12M"
10009,╢│кL┐д,10009060,е_┤ф┬э,10009060-022,╡f╖╛и╜,126.65,2.44,206.58,51.68,11.28,40.4,358.11,"103Y12M"
10009,╢│кL┐д,10009060,е_┤ф┬э,10009060-023,дjе_и╜,119.81,2.51,469.32,48.54,15.9,32.64,205.26,"103Y12M"
10009,╢│кL┐д,10009060,е_┤ф┬э,10009060-024,жnжми╜,121.67,2.98,471.79,43.25,15.24,28.01,183.73,"103Y12M"
10009,╢│кL┐д,10009060,е_┤ф┬э,10009060-025,╛Ё╕}и╜,108.67,2.66,770.15,42.83,19.96,22.87,114.57,"103Y12M"
10009,╢│кL┐д,10009060,е_┤ф┬э,10009060-026,з▀┤┬и╜,114.21,2.89,363.51,46.36,14.81,31.55,212.93,"103Y12M"
10009,╢│кL┐д,10009060,е_┤ф┬э,10009060-027,дЇоHи╜,130.94,2.54,393.42,43.33,12.41,30.91,249.06,"103Y12M"
10009,╢│кL┐д,10009060,е_┤ф┬э,10009060-028,╖sнэи╜,109.78,2.45,577.19,44.79,16.87,27.91,165.45,"103Y12M"
10009,╢│кL┐д,10009070,еjз|╢m,10009070-001,дЇ╕Pз°,113.71,3.19,390.17,47.1,15.44,31.66,205.1,"103Y12M"
10009,╢│кL┐д,10009070,еjз|╢m,10009070-002,е╨д▀з°,103.86,3.09,429.27,34.89,13.83,21.06,152.31,"103Y12M"
10009,╢│кL┐д,10009070,еjз|╢m,10009070-003,░ккLз°,112.91,3.08,740.25,42.46,15.4,27.06,175.68,"103Y12M"
10009,╢│кL┐д,10009070,еjз|╢m,10009070-004,▓№нcз°,117.53,3.19,153.63,46.62,19.72,26.89,136.36,"103Y12M"
10009,╢│кL┐д,10009070,еjз|╢m,10009070-005,кFйMз°,106.05,3.15,493.62,41.57,19.77,21.81,110.33,"103Y12M"
10009,╢│кL┐д,10009070,еjз|╢m,10009070-006,╖s╔▄з°,121.63,3.12,269.09,39.77,13.56,26.21,193.22,"103Y12M"
10009,╢│кL┐д,10009070,еjз|╢m,10009070-007,┤╤╜Lз°,110.52,3.28,200.94,40.03,15.51,24.52,158.12,"103Y12M"
10009,╢│кL┐д,10009070,еjз|╢m,10009070-008,╡╪дsз°,120.73,2.55,194.55,48.32,13.58,34.74,255.84,"103Y12M"
10009,╢│кL┐д,10009070,еjз|╢m,10009070-009,╡╪лnз°,144.93,2.73,70.91,46.96,11.3,35.65,315.38,"103Y12M"
10009,╢│кL┐д,10009070,еjз|╢m,10009070-010,е├е·з°,102.46,2.95,174.01,41.76,15.91,25.85,162.45,"103Y12M"
10009,╢│кL┐д,10009070,еjз|╢m,10009070-011,о█кLз°,114.42,3.08,143.75,43.49,13.12,30.37,231.4,"103Y12M"
10009,╢│кL┐д,10009070,еjз|╢m,10009070-012,оr╕}з°,107.89,2.81,120.38,43.91,16.11,27.8,172.62,"103Y12M"
10009,╢│кL┐д,10009070,еjз|╢m,10009070-013,╝╠┤Єз°,137.28,2.61,55.09,50.7,10.31,40.39,391.89,"103Y12M"
10009,╢│кL┐д,10009070,еjз|╢m,10009070-014,пє└нз°,140.65,2.44,16.95,42.64,9.81,32.84,334.78,"103Y12M"
10009,╢│кL┐д,10009070,еjз|╢m,10009070-015,е├йўз°,115.06,3.04,735.36,40.74,17.25,23.5,136.21,"103Y12M"
10009,╢│кL┐д,10009070,еjз|╢m,10009070-016,│┬╢щз°,122.46,2.87,182.3,47.,17.14,29.86,174.23,"103Y12M"
10009,╢│кL┐д,10009070,еjз|╢m,10009070-017,еjз|з°,108.22,2.93,284.54,42.65,17.17,25.49,148.47,"103Y12M"
10009,╢│кL┐д,10009070,еjз|╢m,10009070-018,┤┬╢зз°,102.94,2.96,755.83,41.36,15.23,26.14,171.64,"103Y12M"
10009,╢│кL┐д,10009070,еjз|╢m,10009070-019,жшенз°,107.08,2.74,1451.9,44.1,15.12,28.97,191.57,"103Y12M"
10009,╢│кL┐д,10009070,еjз|╢m,10009070-020,┘їеJз°,121.29,2.85,273.37,49.54,16.58,32.97,198.9,"103Y12M"
10009,╢│кL┐д,10009080,дj░ё╢m,10009080-001,е_йMз°,116.32,2.65,1058.18,47.54,15.58,31.96,205.1,"103Y12M"
10009,╢│кL┐д,10009080,дj░ё╢m,10009080-002,лnйMз°,107.4,3.14,757.13,41.84,20.29,21.55,106.23,"103Y12M"
10009,╢│кL┐д,10009080,дj░ё╢m,10009080-003,дj╝wз°,133.78,2.96,407.59,48.26,18.89,29.36,155.41,"103Y12M"
10009,╢│кL┐д,10009080,дj░ё╢m,10009080-004,кQж╦з°,120.,2.99,355.31,55.22,17.5,37.72,215.5,"103Y12M"
10009,╢│кL┐д,10009080,дj░ё╢m,10009080-005,й|╕qз°,106.77,2.92,648.38,39.13,14.69,24.44,166.38,"103Y12M"
10009,╢│кL┐д,10009080,дj░ё╢m,10009080-006,╣┼┐│з°,110.63,3.12,414.,42.29,16.69,25.6,153.39,"103Y12M"
10009,╢│кL┐д,10009080,дj░ё╢m,10009080-007,┬╫е╨з°,108.91,3.,596.71,32.06,19.47,12.59,64.64,"103Y12M"
10009,╢│кL┐д,10009080,дj░ё╢m,10009080-008,дT╡▓з°,125.12,3.03,386.94,38.42,12.71,25.71,202.31,"103Y12M"
10009,╢│кL┐д,10009080,дj░ё╢m,10009080-009,жNе╨з°,119.51,2.75,336.09,42.01,12.14,29.87,246.05,"103Y12M"
10009,╢│кL┐д,10009080,дj░ё╢m,10009080-010,┬╫йгз°,126.61,2.57,214.26,55.02,17.78,37.24,209.41,"103Y12M"
10009,╢│кL┐д,10009080,дj░ё╢m,10009080-011,┴pм№з°,122.84,3.11,343.33,37.56,14.6,22.96,157.24,"103Y12M"
10009,╢│кL┐д,10009080,дj░ё╢m,10009080-012,й╔╡Mз°,120.48,2.85,532.37,53.27,20.44,32.83,160.66,"103Y12M"
10009,╢│кL┐д,10009080,дj░ё╢m,10009080-013,е_┬эз°,119.03,2.98,288.43,52.14,19.93,32.22,161.68,"103Y12M"
10009,╢│кL┐д,10009080,дj░ё╢m,10009080-014,┐│жwз°,110.39,3.03,893.61,50.17,18.28,31.9,174.53,"103Y12M"
10009,╢│кL┐д,10009080,дj░ё╢m,10009080-015,жш┬эз°,133.95,2.77,319.66,60.66,14.39,46.27,321.52,"103Y12M"
10009,╢│кL┐д,10009090,█lоф╢m,10009090-001,█lофз°,107.84,2.93,1868.95,41.13,21.33,19.8,92.85,"103Y12M"
10009,╢│кL┐д,10009090,█lоф╢m,10009090-002,е╠нэз°,111.33,3.25,906.7,45.63,17.63,27.99,158.78,"103Y12M"
10009,╢│кL┐д,10009090,█lоф╢m,10009090-003,е╠жшз°,110.85,3.26,876.15,41.52,14.26,27.25,191.05,"103Y12M"
10009,╢│кL┐д,10009090,█lоф╢m,10009090-004,┐│офз°,113.69,2.92,551.38,46.83,11.66,35.17,301.75,"103Y12M"
10009,╢│кL┐д,10009090,█lоф╢m,10009090-005,╕qйMз°,113.65,3.42,294.21,42.89,16.24,26.65,164.05,"103Y12M"
10009,╢│кL┐д,10009090,█lоф╢m,10009090-006,оHдlз°,111.05,3.22,846.34,38.96,17.14,21.82,127.34,"103Y12M"
10009,╢│кL┐д,10009090,█lоф╢m,10009090-007,дjм№з°,102.26,3.23,837.63,33.91,18.41,15.49,84.15,"103Y12M"
10009,╢│кL┐д,10009090,█lоф╢m,10009090-008,оHз└з°,109.64,3.27,405.43,37.74,15.48,22.26,143.86,"103Y12M"
10009,╢│кL┐д,10009090,█lоф╢m,10009090-009,─╟енз°,112.22,3.11,406.47,36.33,16.27,20.06,123.26,"103Y12M"
10009,╢│кL┐д,10009090,█lоф╢m,10009090-010,┐│╢Qз°,116.47,3.25,1126.19,36.29,17.51,18.78,107.24,"103Y12M"
10009,╢│кL┐д,10009090,█lоф╢m,10009090-011,е|жXз°,107.05,3.39,417.05,38.75,17.98,20.76,115.47,"103Y12M"
10009,╢│кL┐д,10009090,█lоф╢m,10009090-012,│┬╢щз°,113.89,3.1,503.61,44.56,18.61,25.95,139.41,"103Y12M"
10009,╢│кL┐д,10009090,█lоф╢m,10009090-013,дн╡╪з°,117.53,3.54,126.65,38.11,17.54,20.57,117.31,"103Y12M"
10009,╢│кL┐д,10009090,█lоф╢m,10009090-014,д╗жXз°,115.92,3.47,353.77,35.96,15.98,19.99,125.1,"103Y12M"
10009,╢│кL┐д,10009100,кLд║╢m,10009100-001,кLлnз°,102.22,2.93,1653.71,41.4,19.2,22.2,115.61,"103Y12M"
10009,╢│кL┐д,10009100,кLд║╢m,10009100-002,кLддз°,105.71,2.99,890.53,39.95,19.25,20.7,107.48,"103Y12M"
10009,╢│кL┐д,10009100,кLд║╢m,10009100-003,кLе_з°,109.13,3.17,327.41,39.97,17.66,22.31,126.33,"103Y12M"
10009,╢│кL┐д,10009100,кLд║╢m,10009100-004,йW│╗з°,117.79,3.08,91.66,46.83,13.57,33.26,245.,"103Y12M"
10009,╢│кL┐д,10009100,кLд║╢m,10009100-005,кLнZз°,120.04,3.11,166.33,48.7,20.32,28.39,139.72,"103Y12M"
10009,╢│кL┐д,10009100,кLд║╢m,10009100-006,дE╦|з°,113.79,3.45,622.15,38.81,18.04,20.77,115.18,"103Y12M"
10009,╢│кL┐д,10009100,кLд║╢m,10009100-007,┤Єе╗з°,110.93,3.28,126.55,32.94,12.1,20.84,172.22,"103Y12M"
10009,╢│кL┐д,10009100,кLд║╢m,10009100-008,пQ╢юз°,113.73,3.38,360.53,37.13,14.55,22.57,155.1,"103Y12M"
10009,╢│кL┐д,10009100,кLд║╢m,10009100-009,пQ│┬з°,109.28,3.2,330.54,45.01,15.85,29.16,183.92,"103Y12M"
10009,╢│кL┐д,10009100,кLд║╢m,10009100-010,нл┐│з°,106.61,3.65,373.24,40.8,19.05,21.75,114.19,"103Y12M"
10009,╢│кL┐д,10009110,дG▒[╢m,10009110-001,▒[кFз°,110.39,2.91,588.99,45.35,19.74,25.61,129.75,"103Y12M"
10009,╢│кL┐д,10009110,дG▒[╢m,10009110-002,▒[жшз°,110.61,3.11,805.41,47.24,21.55,25.68,119.16,"103Y12M"
10009,╢│кL┐д,10009110,дG▒[╢m,10009110-003,и╙┤fз°,123.48,3.09,620.63,45.16,14.96,30.21,201.99,"103Y12M"
10009,╢│кL┐д,10009110,дG▒[╢m,10009110-004,дTйMз°,120.75,3.07,612.67,49.58,13.72,35.86,261.35,"103Y12M"
10009,╢│кL┐д,10009110,дG▒[╢m,10009110-005,┘їеJз°,122.13,3.15,1231.97,49.78,15.03,34.75,231.16,"103Y12M"
10009,╢│кL┐д,10009110,дG▒[╢m,10009110-006,е╨з└з°,121.9,3.38,837.78,48.38,18.62,29.75,159.79,"103Y12M"
10009,╢│кL┐д,10009110,дG▒[╢m,10009110-007,йwжwз°,117.21,3.14,586.2,49.65,15.62,34.03,217.86,"103Y12M"
10009,╢│кL┐д,10009110,дG▒[╢m,10009110-008,дj╡╪з°,114.17,3.34,364.35,48.03,20.82,27.21,130.72,"103Y12M"
10009,╢│кL┐д,10009110,дG▒[╢m,10009110-009,╕q╔▄з°,100.63,3.91,197.58,56.19,24.43,31.76,130.,"103Y12M"
10009,╢│кL┐д,10009110,дG▒[╢m,10009110-010,╖и╜хз°,118.03,3.31,548.94,49.21,21.84,27.37,125.36,"103Y12M"
10009,╢│кL┐д,10009110,дG▒[╢m,10009110-011,┤флсз°,116.36,3.15,248.44,46.26,16.46,29.8,181.03,"103Y12M"
10009,╢│кL┐д,10009110,дG▒[╢m,10009110-012,дj╕qз°,109.66,2.99,327.01,56.32,19.26,37.06,192.37,"103Y12M"
10009,╢│кL┐д,10009110,дG▒[╢m,10009110-013,кoиоз°,106.6,3.08,994.37,41.53,15.75,25.78,163.71,"103Y12M"
10009,╢│кL┐д,10009110,дG▒[╢m,10009110-014,дj╔▄з°,110.6,3.23,318.39,45.87,16.61,29.27,176.24,"103Y12M"
10009,╢│кL┐д,10009110,дG▒[╢m,10009110-015,╔▄жшз°,126.31,2.97,358.75,43.93,15.33,28.61,186.67,"103Y12M"
10009,╢│кL┐д,10009110,дG▒[╢m,10009110-016,дjжPз°,109.34,3.15,401.86,48.38,19.41,28.97,149.24,"103Y12M"
10009,╢│кL┐д,10009110,дG▒[╢m,10009110-017,┤_┐│з°,118.1,3.2,287.45,43.68,14.17,29.52,208.33,"103Y12M"
10009,╢│кL┐д,10009110,дG▒[╢m,10009110-018,е├йwз°,114.2,3.34,616.06,42.56,16.47,26.09,158.38,"103Y12M"
10009,╢│кL┐д,10009120,▒[нI╢m,10009120-001,кFй·з°,103.98,2.93,1491.04,40.1,14.83,25.27,170.39,"103Y12M"
10009,╢│кL┐д,10009120,▒[нI╢m,10009120-002,жш║aз°,102.6,3.07,874.77,40.78,18.59,22.2,119.41,"103Y12M"
10009,╢│кL┐д,10009120,▒[нI╢m,10009120-003,лn╢зз°,107.6,2.95,3223.92,41.86,19.59,22.27,113.64,"103Y12M"
10009,╢│кL┐д,10009120,▒[нI╢m,10009120-004,▒[лeз°,111.39,2.78,742.,41.95,17.9,24.04,134.3,"103Y12M"
10009,╢│кL┐д,10009120,▒[нI╢m,10009120-005,├╣нэз°,108.81,3.03,967.72,44.21,20.51,23.7,115.54,"103Y12M"
10009,╢│кL┐д,10009120,▒[нI╢m,10009120-006,┤фз└з°,107.39,3.19,410.7,47.33,17.47,29.86,170.98,"103Y12M"
10009,╢│кL┐д,10009120,▒[нI╢m,10009120-007,к№─Uз°,117.74,3.22,359.23,45.5,20.74,24.75,119.33,"103Y12M"
10009,╢│кL┐д,10009120,▒[нI╢m,10009120-008,дн╗эз°,116.38,3.16,254.34,50.3,22.46,27.84,124.,"103Y12M"
10009,╢│кL┐д,10009120,▒[нI╢m,10009120-009,дjж│з°,123.91,2.81,360.76,46.78,16.71,30.07,180.,"103Y12M"
10009,╢│кL┐д,10009120,▒[нI╢m,10009120-010,┬╫║aз°,118.56,2.95,181.29,45.56,16.7,28.86,172.8,"103Y12M"
10009,╢│кL┐д,10009120,▒[нI╢m,10009120-011,пє┤Єз°,114.4,3.31,315.61,40.09,16.76,23.34,139.27,"103Y12M"
10009,╢│кL┐д,10009120,▒[нI╢m,10009120-012,┬┬╔▄з°,109.33,3.35,487.94,41.06,15.72,25.34,161.25,"103Y12M"
10009,╢│кL┐д,10009120,▒[нI╢m,10009120-013,дЇз└з°,114.26,3.13,343.25,45.26,14.66,30.61,208.84,"103Y12M"
10009,╢│кL┐д,10009120,▒[нI╢m,10009120-014,кDлnз°,109.23,3.14,403.19,46.84,15.51,31.33,201.94,"103Y12M"
10009,╢│кL┐д,10009130,│┴╝d╢m,10009130-001,│┴мzз°,96.18,3.18,1214.43,44.51,29.83,14.69,49.25,"103Y12M"
10009,╢│кL┐д,10009130,│┴╝d╢m,10009130-002,│┴┬╫з°,94.23,3.2,1602.08,44.72,33.08,11.63,35.16,"103Y12M"
10009,╢│кL┐д,10009130,│┴╝d╢m,10009130-003,е╦б╜з°,113.22,3.19,731.13,44.27,24.06,20.21,84.02,"103Y12M"
10009,╢│кL┐д,10009130,│┴╝d╢m,10009130-004,┐│╡╪з°,105.58,3.13,258.84,37.34,17.77,19.58,110.22,"103Y12M"
10009,╢│кL┐д,10009130,│┴╝d╢m,10009130-005,▒[лсз°,111.03,3.24,793.05,37.18,20.09,17.09,85.11,"103Y12M"
10009,╢│кL┐д,10009130,│┴╝d╢m,10009130-006,лсжwз°,104.09,3.31,731.39,34.36,21.64,12.72,58.77,"103Y12M"
10009,╢│кL┐д,10009130,│┴╝d╢m,10009130-007,о№┬╫з°,98.66,3.03,212.18,35.68,20.4,15.29,74.93,"103Y12M"
10009,╢│кL┐д,10009130,│┴╝d╢m,10009130-008,дT▓▒з°,103.99,3.07,314.29,35.71,20.86,14.85,71.19,"103Y12M"
10009,╢│кL┐д,10009130,│┴╝d╢m,10009130-009,╛Ї└Yз°,107.11,3.14,1656.35,39.91,25.26,14.65,58.01,"103Y12M"
10009,╢│кL┐д,10009130,│┴╝d╢m,10009130-010,╖sжNз°,119.62,3.09,231.26,35.6,21.15,14.45,68.34,"103Y12M"
10009,╢│кL┐д,10009130,│┴╝d╢m,10009130-011,мIнэз°,106.93,3.18,1073.55,38.37,24.12,14.25,59.09,"103Y12M"
10009,╢│кL┐д,10009130,│┴╝d╢m,10009130-012,╣pнэз°,104.19,3.32,505.95,35.6,21.89,13.7,62.6,"103Y12M"
10009,╢│кL┐д,10009130,│┴╝d╢m,10009130-013,дд┐│з°,101.7,2.96,39.74,33.12,20.64,12.48,60.47,"103Y12M"
10009,╢│кL┐д,10009140,кF╢╒╢m,10009140-001,кFлnз°,101.79,2.85,928.29,40.39,16.96,23.42,138.07,"103Y12M"
10009,╢│кL┐д,10009140,кF╢╒╢m,10009140-002,кFе_з°,104.32,2.79,541.75,42.15,17.25,24.9,144.38,"103Y12M"
10009,╢│кL┐д,10009140,кF╢╒╢m,10009140-003,╣┼╢йз°,122.05,2.74,340.04,43.04,15.36,27.68,180.19,"103Y12M"
10009,╢│кL┐д,10009140,кF╢╒╢m,10009140-004,┤_┐│з°,119.08,2.81,269.13,35.08,9.8,25.27,257.78,"103Y12M"
10009,╢│кL┐д,10009140,кF╢╒╢m,10009140-005,дым▄з°,125.48,2.68,459.4,47.47,11.71,35.76,305.41,"103Y12M"
10009,╢│кL┐д,10009140,кF╢╒╢m,10009140-006,╡{о№з°,122.86,2.58,131.09,46.82,15.06,31.76,210.94,"103Y12M"
10009,╢│кL┐д,10009140,кF╢╒╢m,10009140-007,└s╝цз°,135.6,2.79,326.67,47.51,14.37,33.14,230.61,"103Y12M"
10009,╢│кL┐д,10009140,кF╢╒╢m,10009140-008,жwлnз°,134.73,2.43,231.85,45.5,14.99,30.52,203.64,"103Y12M"
10009,╢│кL┐д,10009140,кF╢╒╢m,10009140-009,йўлnз°,129.76,3.13,477.1,39.44,13.41,26.03,194.06,"103Y12M"
10009,╢│кL┐д,10009140,кF╢╒╢m,10009140-010,жPжwз°,124.62,2.78,308.92,41.95,14.18,27.77,195.78,"103Y12M"
10009,╢│кL┐д,10009140,кF╢╒╢m,10009140-011,╖sй[з°,124.48,2.7,312.05,36.6,13.51,23.09,170.87,"103Y12M"
10009,╢│кL┐д,10009140,кF╢╒╢m,10009140-012,е|м№з°,127.32,2.53,312.63,40.94,9.41,31.53,335.,"103Y12M"
10009,╢│кL┐д,10009150,╜╟й╛╢m,10009150-001,дде┴з°,111.86,2.99,684.76,40.81,17.59,23.21,131.94,"103Y12M"
10009,╢│кL┐д,10009150,╜╟й╛╢m,10009150-002,оHл╕з°,109.85,3.08,695.03,45.53,20.81,24.72,118.75,"103Y12M"
10009,╢│кL┐д,10009150,╜╟й╛╢m,10009150-003,дд│╙з°,110.79,3.09,1113.61,40.8,17.31,23.49,135.75,"103Y12M"
10009,╢│кL┐д,10009150,╜╟й╛╢m,10009150-004,╖s┤Єз°,123.39,3.06,500.47,40.75,12.96,27.79,214.5,"103Y12M"
10009,╢│кL┐д,10009150,╜╟й╛╢m,10009150-005,░и╗яз°,112.17,3.38,430.01,38.92,17.15,21.78,126.99,"103Y12M"
10009,╢│кL┐д,10009150,╜╟й╛╢m,10009150-006,ж│д~з°,119.56,3.07,269.06,44.36,17.45,26.9,154.14,"103Y12M"
10009,╢│кL┐д,10009150,╜╟й╛╢m,10009150-007,е╨мvз°,120.67,3.15,197.24,41.01,15.67,25.35,161.76,"103Y12M"
10009,╢│кL┐д,10009150,╜╟й╛╢m,10009150-008,└sйез°,118.8,3.02,249.77,41.43,12.55,28.88,230.16,"103Y12M"
10009,╢│кL┐д,10009150,╜╟й╛╢m,10009150-009,╝щнэз°,126.67,2.91,156.54,37.47,9.43,28.03,297.14,"103Y12M"
10009,╢│кL┐д,10009160,╗Oжш╢m,10009160-001,еxжшз°,99.73,2.92,3235.66,42.91,16.88,26.04,154.29,"103Y12M"
10009,╢│кL┐д,10009160,╗Oжш╢m,10009160-002,о№е_з°,115.87,3.09,1443.72,41.04,16.31,24.73,151.66,"103Y12M"
10009,╢│кL┐д,10009160,╗Oжш╢m,10009160-003,о№лnз°,103.89,2.83,1164.3,35.23,15.39,19.83,128.86,"103Y12M"
10009,╢│кL┐д,10009160,╗Oжш╢m,10009160-004,о№дfз°,107.35,2.95,754.9,35.01,14.47,20.54,141.94,"103Y12M"
10009,╢│кL┐д,10009160,╗Oжш╢m,10009160-005,╖╦│╗з°,129.59,2.42,364.38,46.01,16.84,29.17,173.17,"103Y12M"
10009,╢│кL┐д,10009160,╗Oжш╢m,10009160-006,д√нэз°,129.15,2.85,481.86,42.81,13.54,29.27,216.11,"103Y12M"
10009,╢│кL┐д,10009160,╗Oжш╢m,10009160-007,мuж{з°,124.62,2.82,484.58,39.81,14.58,25.23,173.08,"103Y12M"
10009,╢│кL┐д,10009160,╗Oжш╢m,10009160-008,е·╡╪з°,114.06,2.67,302.23,37.23,12.85,24.37,189.61,"103Y12M"
10009,╢│кL┐д,10009160,╗Oжш╢m,10009160-009,дн╖}з°,138.14,2.53,280.13,39.51,11.17,28.34,253.66,"103Y12M"
10009,╢│кL┐д,10009160,╗Oжш╢m,10009160-010,дs╝dз°,125.22,2.61,495.55,47.08,15.01,32.07,213.59,"103Y12M"
10009,╢│кL┐д,10009160,╗Oжш╢m,10009160-011,┤I╡aз°,112.47,3.04,553.3,39.62,15.56,24.06,154.59,"103Y12M"
10009,╢│кL┐д,10009160,╗Oжш╢m,10009160-012,е├┬╫з°,114.16,2.98,918.76,37.27,16.39,20.88,127.45,"103Y12M"
10009,╢│кL┐д,10009160,╗Oжш╢m,10009160-013,йM┬╫з°,120.63,2.97,279.94,41.18,14.27,26.9,188.47,"103Y12M"
10009,╢│кL┐д,10009160,╗Oжш╢m,10009160-014,░A┤фз°,122.66,2.83,234.47,34.95,10.32,24.63,238.75,"103Y12M"
10009,╢│кL┐д,10009160,╗Oжш╢m,10009160-015,дн┤фз°,104.68,2.79,213.72,35.8,14.83,20.98,141.45,"103Y12M"
10009,╢│кL┐д,10009170,д╕к°╢m,10009170-001,к°лnз°,118.07,3.02,772.55,41.82,17.32,24.5,141.44,"103Y12M"
10009,╢│кL┐д,10009170,д╕к°╢m,10009170-002,к°е_з°,118.63,2.59,829.87,42.22,13.21,29.01,219.53,"103Y12M"
10009,╢│кL┐д,10009170,д╕к°╢m,10009170-003,дlнZз°,120.34,3.05,348.7,48.4,16.81,31.58,187.83,"103Y12M"
10009,╢│кL┐д,10009170,д╕к°╢m,10009170-004,лс┤Єз°,122.14,2.84,179.84,39.61,9.17,30.44,332.14,"103Y12M"
10009,╢│кL┐д,10009170,д╕к°╢m,10009170-005,дsд║з°,127.91,2.98,286.6,46.63,15.71,30.92,196.83,"103Y12M"
10009,╢│кL┐д,10009170,д╕к°╢m,10009170-006,жXйMз°,119.02,2.9,335.63,48.78,18.37,30.4,165.45,"103Y12M"
10009,╢│кL┐д,10009170,д╕к°╢m,10009170-007,дн╢Їз°,126.22,2.75,280.89,40.71,11.38,29.33,257.78,"103Y12M"
10009,╢│кL┐д,10009170,д╕к°╢m,10009170-008,╝цжшз°,136.57,2.47,432.32,41.44,9.94,31.5,316.92,"103Y12M"
10009,╢│кL┐д,10009170,д╕к°╢m,10009170-009,╝цкFз°,119.16,2.81,238.45,43.62,14.68,28.94,197.1,"103Y12M"
10009,╢│кL┐д,10009170,д╕к°╢m,10009170-010,л╚нэз°,111.28,3.04,471.64,43.5,14.02,29.48,210.31,"103Y12M"
10009,╢│кL┐д,10009170,д╕к°╢m,10009170-011,иЇ╣Bз°,133.69,2.68,329.05,72.73,12.65,60.08,475.,"103Y12M"
10009,╢│кL┐д,10009170,д╕к°╢m,10009170-012,│╗╝dз°,113.86,3.17,275.39,41.84,13.12,28.72,218.9,"103Y12M"
10009,╢│кL┐д,10009170,д╕к°╢m,10009170-013,дU╝dз°,116.05,2.85,357.43,48.28,16.06,32.21,200.52,"103Y12M"
10009,╢│кL┐д,10009170,д╕к°╢m,10009170-014,└sйез°,123.01,2.99,440.46,52.34,14.45,37.9,262.28,"103Y12M"
10009,╢│кL┐д,10009170,д╕к°╢m,10009170-015,жш▓°з°,117.77,2.83,335.7,36.18,12.02,24.16,201.08,"103Y12M"
10009,╢│кL┐д,10009170,д╕к°╢m,10009170-016,│└е_з°,117.11,2.81,501.31,43.04,15.98,27.06,169.33,"103Y12M"
10009,╢│кL┐д,10009170,д╕к°╢m,10009170-017,│└лnз°,114.,2.67,326.82,52.68,15.48,37.19,240.19,"103Y12M"
10009,╢│кL┐д,10009170,д╕к°╢m,10009170-018,е╦б╜з°,119.57,3.04,591.88,54.35,15.7,38.65,246.24,"103Y12M"
10009,╢│кL┐д,10009170,д╕к°╢m,10009170-019,д║╝dз°,126.3,2.84,276.,61.93,16.85,45.08,267.53,"103Y12M"
10009,╢│кL┐д,10009170,д╕к°╢m,10009170-020,▒[еJз°,123.95,3.05,246.27,55.15,16.9,38.25,226.36,"103Y12M"
10009,╢│кL┐д,10009170,д╕к°╢m,10009170-021,╖sжNз°,118.93,3.24,256.45,55.64,19.64,36.,183.33,"103Y12M"
10009,╢│кL┐д,10009180,е|┤Є╢m,10009180-001,е|┤Єз°,117.94,2.78,1563.61,41.97,15.85,26.12,164.83,"103Y12M"
10009,╢│кL┐д,10009180,е|┤Є╢m,10009180-002,╖s╔▄з°,120.,2.9,196.88,51.95,15.18,36.77,242.31,"103Y12M"
10009,╢│кL┐д,10009180,е|┤Є╢m,10009180-003,╖╦й│з°,121.63,2.91,156.9,42.09,10.34,31.75,307.06,"103Y12M"
10009,╢│кL┐д,10009180,е|┤Є╢m,10009180-004,│└│їз°,121.07,2.69,193.28,45.93,9.71,36.22,372.97,"103Y12M"
10009,╢│кL┐д,10009180,е|┤Є╢m,10009180-005,┤Єжшз°,108.37,2.96,1043.75,38.36,15.88,22.48,141.56,"103Y12M"
10009,╢│кL┐д,10009180,е|┤Є╢m,10009180-006,мI┤Єз°,121.65,2.76,400.6,43.88,13.45,30.43,226.32,"103Y12M"
10009,╢│кL┐д,10009180,е|┤Є╢m,10009180-007,┤Є╝dз°,130.32,3.03,181.11,50.08,17.8,32.28,181.36,"103Y12M"
10009,╢│кL┐д,10009180,е|┤Є╢m,10009180-008,╜▓нэз°,129.45,3.15,180.43,48.61,14.3,34.3,239.81,"103Y12M"
10009,╢│кL┐д,10009180,е|┤Є╢m,10009180-009,н╕иFз°,116.6,2.9,682.17,38.21,12.48,25.73,206.06,"103Y12M"
10009,╢│кL┐д,10009180,е|┤Є╢m,10009180-010,дTйmз°,112.81,2.81,231.95,44.97,11.41,33.56,294.12,"103Y12M"
10009,╢│кL┐д,10009180,е|┤Є╢m,10009180-011,д║┤Єз°,136.43,2.85,256.76,44.54,15.25,29.3,192.16,"103Y12M"
10009,╢│кL┐д,10009180,е|┤Є╢m,10009180-012,ж╧╜╒з°,123.99,2.79,289.28,45.51,11.47,34.04,296.74,"103Y12M"
10009,╢│кL┐д,10009180,е|┤Є╢m,10009180-013,▒[е_з°,105.63,2.81,460.31,36.99,11.87,25.12,211.7,"103Y12M"
10009,╢│кL┐д,10009180,е|┤Є╢m,10009180-014,▒[лnз°,121.65,2.61,296.74,41.87,11.3,30.57,270.67,"103Y12M"
10009,╢│кL┐д,10009180,е|┤Є╢m,10009180-015,╝s╖╛з°,115.86,2.57,462.26,34.82,11.18,23.64,211.43,"103Y12M"
10009,╢│кL┐д,10009180,е|┤Є╢m,10009180-016,б╜дlз°,110.92,2.61,521.32,39.65,12.22,27.43,224.49,"103Y12M"
10009,╢│кL┐д,10009180,е|┤Є╢m,10009180-017,кLнэз°,120.44,2.63,219.58,44.2,12.93,31.27,241.88,"103Y12M"
10009,╢│кL┐д,10009180,е|┤Є╢m,10009180-018,кLкFз°,124.73,3.05,806.04,35.03,11.25,23.78,211.32,"103Y12M"
10009,╢│кL┐д,10009180,е|┤Є╢m,10009180-019,╖╦з└з°,123.82,2.79,149.47,50.,16.67,33.33,200.,"103Y12M"
10009,╢│кL┐д,10009180,е|┤Є╢m,10009180-020,н╕кFз°,117.8,2.84,667.12,42.28,9.73,32.56,334.78,"103Y12M"
10009,╢│кL┐д,10009180,е|┤Є╢m,10009180-021,б╜кFз°,114.04,2.87,2609.77,37.65,13.82,23.83,172.44,"103Y12M"
10009,╢│кL┐д,10009190,дf┤Є╢m,10009190-001,┤ЄкFз°,108.76,2.82,676.22,41.17,14.9,26.27,176.28,"103Y12M"
10009,╢│кL┐д,10009190,дf┤Є╢m,10009190-002,дf┤Єз°,105.03,3.06,578.64,34.37,13.19,21.18,160.61,"103Y12M"
10009,╢│кL┐д,10009190,дf┤Є╢m,10009190-003,│╗┤Єз°,126.82,2.77,494.73,43.21,16.4,26.81,163.44,"103Y12M"
10009,╢│кL┐д,10009190,дf┤Є╢m,10009190-004,оHе_з°,125.05,2.95,308.54,40.62,14.98,25.64,171.17,"103Y12M"
10009,╢│кL┐д,10009190,дf┤Є╢m,10009190-005,оHлnз°,107.41,2.98,329.14,39.07,13.74,25.33,184.34,"103Y12M"
10009,╢│кL┐д,10009190,дf┤Є╢m,10009190-006,┴┬нэз°,101.46,3.02,338.82,35.85,15.41,20.44,132.62,"103Y12M"
10009,╢│кL┐д,10009190,дf┤Є╢m,10009190-007,│H╝dз°,110.45,2.98,586.07,35.1,15.29,19.81,129.59,"103Y12M"
10009,╢│кL┐д,10009190,дf┤Є╢m,10009190-008,дU▒[з°,119.33,3.01,604.91,34.75,13.09,21.66,165.4,"103Y12M"
10009,╢│кL┐д,10009190,дf┤Є╢m,10009190-009,▒[ддз°,111.32,2.98,554.18,37.89,13.9,23.99,172.63,"103Y12M"
10009,╢│кL┐д,10009190,дf┤Є╢m,10009190-010,▒[кFз°,116.57,3.14,607.73,34.93,15.11,19.82,131.19,"103Y12M"
10009,╢│кL┐д,10009190,дf┤Є╢m,10009190-011,лC│Fз°,111.15,3.,162.75,34.73,9.,25.73,286.05,"103Y12M"
10009,╢│кL┐д,10009190,дf┤Є╢m,10009190-012,┤фкFз°,106.9,2.94,529.94,34.49,13.24,21.25,160.56,"103Y12M"
10009,╢│кL┐д,10009190,дf┤Є╢m,10009190-013,┤фжшз°,104.55,2.89,407.62,33.88,11.52,22.36,194.12,"103Y12M"
10009,╢│кL┐д,10009190,дf┤Є╢m,10009190-014,еxдlз°,103.74,3.32,73.08,37.95,19.88,18.07,90.91,"103Y12M"
10009,╢│кL┐д,10009190,дf┤Є╢m,10009190-015,жи└sз°,115.19,3.04,285.92,49.4,15.35,34.05,221.74,"103Y12M"
10009,╢│кL┐д,10009190,дf┤Є╢m,10009190-016,┤Єдfз°,121.07,3.23,144.65,43.41,15.47,27.94,180.62,"103Y12M"
10009,╢│кL┐д,10009190,дf┤Є╢m,10009190-017,дЇдлз°,118.41,3.2,237.67,46.62,16.94,29.68,175.19,"103Y12M"
10009,╢│кL┐д,10009190,дf┤Є╢m,10009190-018,лснэз°,117.63,2.93,491.77,43.05,11.42,31.62,276.81,"103Y12M"
10009,╢│кL┐д,10009190,дf┤Є╢m,10009190-019,▒ялnз°,114.16,3.06,1043.07,43.25,17.35,25.89,149.24,"103Y12M"
10009,╢│кL┐д,10009190,дf┤Є╢m,10009190-020,▒яе_з°,121.4,2.85,279.4,47.06,13.9,33.16,238.52,"103Y12M"
10009,╢│кL┐д,10009190,дf┤Є╢m,10009190-021,╣L┤фз°,121.04,2.72,326.79,44.71,14.37,30.34,211.11,"103Y12M"
10009,╢│кL┐д,10009200,дЇкL╢m,10009200-001,дЇе_з°,112.75,2.81,896.46,46.53,18.14,28.39,156.52,"103Y12M"
10009,╢│кL┐д,10009200,дЇкL╢m,10009200-002,дЇлnз°,110.1,2.75,913.46,41.51,16.74,24.78,148.06,"103Y12M"
10009,╢│кL┐д,10009200,дЇкL╢m,10009200-003,о№оHз°,115.74,2.8,602.55,49.81,19.75,30.06,152.2,"103Y12M"
10009,╢│кL┐д,10009200,дЇкL╢m,10009200-004,дgнэз°,115.43,2.73,405.65,47.87,15.37,32.5,211.49,"103Y12M"
10009,╢│кL┐д,10009200,дЇкL╢m,10009200-005,мKоHз°,133.76,2.7,414.64,50.75,13.33,37.41,280.61,"103Y12M"
10009,╢│кL┐д,10009200,дЇкL╢m,10009200-006,жшдлз°,135.11,2.6,275.35,51.21,13.91,37.3,268.12,"103Y12M"
10009,╢│кL┐д,10009200,дЇкL╢m,10009200-007,ио┤фз°,127.99,2.53,283.95,45.88,11.67,34.21,293.1,"103Y12M"
10009,╢│кL┐д,10009200,дЇкL╢m,10009200-008,─мп│з°,119.51,2.48,539.67,52.88,13.71,39.17,285.71,"103Y12M"
10009,╢│кL┐д,10009200,дЇкL╢m,10009200-009,╞WкFз°,121.21,2.41,272.27,52.72,11.51,41.21,358.18,"103Y12M"
10009,╢│кL┐д,10009200,дЇкL╢m,10009200-010,╞Wжшз°,136.38,2.46,313.78,46.47,12.34,34.13,276.53,"103Y12M"
10009,╢│кL┐д,10009200,дЇкL╢m,10009200-011,╕U┐│з°,116.75,2.63,247.45,45.45,10.91,34.55,316.67,"103Y12M"
10009,╢│кL┐д,10009200,дЇкL╢m,10009200-012,жyдsз°,124.86,2.68,410.72,45.05,15.14,29.91,197.62,"103Y12M"
10009,╢│кL┐д,10009200,дЇкL╢m,10009200-013,дjдsз°,117.41,2.58,326.11,44.12,13.01,31.11,239.13,"103Y12M"
10009,╢│кL┐д,10009200,дЇкL╢m,10009200-014,дj╖╛з°,126.65,2.78,395.86,46.94,15.2,31.74,208.87,"103Y12M"
10009,╢│кL┐д,10009200,дЇкL╢m,10009200-015,╢╢┐│з°,127.69,2.83,478.16,45.26,12.41,32.85,264.71,"103Y12M"
10009,╢│кL┐д,10009200,дЇкL╢m,10009200-016,┐╗┴жз°,125.05,2.58,197.89,43.75,14.38,29.38,204.35,"103Y12M"
10009,╢│кL┐д,10009200,дЇкL╢m,10009200-017,дs╕}з°,123.76,2.62,243.92,43.96,11.64,32.31,277.5,"103Y12M"
10009,╢│кL┐д,10009200,дЇкL╢m,10009200-018,кQе_з°,121.89,2.67,433.24,61.72,20.37,41.35,203.01,"103Y12M"
10009,╢│кL┐д,10009200,дЇкL╢m,10009200-019,кQддз°,130.94,2.45,346.57,57.33,14.65,42.67,291.23,"103Y12M"
10009,╢│кL┐д,10009200,дЇкL╢m,10009200-020,кQжшз°,122.47,2.46,443.85,57.46,11.33,46.12,407.02,"103Y12M"
10009,╢│кL┐д,10009200,дЇкL╢m,10009200-021,б╜оHз°,134.71,2.61,336.6,59.55,14.42,45.13,312.99,"103Y12M"
10009,╢│кL┐д,10009200,дЇкL╢m,10009200-022,╢єй│з°,135.71,2.36,246.31,43.98,10.47,33.51,320.,"103Y12M"
10009,╢│кL┐д,10009200,дЇкL╢m,10009200-023,лс╝dз°,113.37,2.41,268.56,59.04,16.61,42.44,255.56,"103Y12M"
10009,╢│кL┐д,10009200,дЇкL╢m,10009200-024,╖╦сYз°,109.23,2.74,189.56,51.55,16.48,35.07,212.87,"103Y12M"
10010,╣┼╕q┐д,10010010,д╙лOел,10010010-001,д╙лOи╜,106.03,2.99,1042.25,33.61,17.57,16.04,91.27,"103Y12M"
10010,╣┼╕q┐д,10010010,д╙лOел,10010010-002,лс╔▄и╜,109.06,3.8,269.25,34.23,16.11,18.12,112.5,"103Y12M"
10010,╣┼╕q┐д,10010010,д╙лOел,10010010-003,лe╝ци╜,119.95,3.23,800.29,38.13,15.1,23.04,152.58,"103Y12M"
10010,╣┼╕q┐д,10010010,д╙лOел,10010010-004,лс╝ци╜,110.14,3.27,1143.81,41.57,18.31,23.26,126.98,"103Y12M"
10010,╣┼╕q┐д,10010010,д╙лOел,10010010-005,▒ЎоHи╜,118.21,3.42,417.39,37.76,17.34,20.42,117.71,"103Y12M"
10010,╣┼╕q┐д,10010010,д╙лOел,10010010-006,мKп]и╜,114.84,3.3,255.57,35.45,15.47,19.98,129.1,"103Y12M"
10010,╣┼╕q┐д,10010010,д╙лOел,10010010-007,▒[│╗и╜,109.57,3.01,512.16,43.59,13.56,30.03,221.51,"103Y12M"
10010,╣┼╕q┐д,10010010,д╙лOел,10010010-008,кF╢╒и╜,101.42,2.87,445.82,46.06,31.39,14.67,46.72,"103Y12M"
10010,╣┼╕q┐д,10010010,д╙лOел,10010010-009,╖s░ёи╜,113.16,3.12,273.34,37.45,14.48,22.97,158.6,"103Y12M"
10010,╣┼╕q┐д,10010010,д╙лOел,10010010-010,┬┬░ёи╜,106.89,2.9,1210.48,31.54,19.29,12.24,63.45,"103Y12M"
10010,╣┼╕q┐д,10010010,д╙лOел,10010010-011,е╨з└и╜,124.22,2.74,227.39,38.65,13.69,24.96,182.35,"103Y12M"
10010,╣┼╕q┐д,10010010,д╙лOел,10010010-012,┤фз└и╜,116.01,3.05,81.29,34.08,10.95,23.12,211.11,"103Y12M"
10010,╣┼╕q┐д,10010010,д╙лOел,10010010-013,╣L╖╛и╜,104.39,3.01,712.7,28.64,17.98,10.65,59.25,"103Y12M"
10010,╣┼╕q┐д,10010010,д╙лOел,10010010-014,│┬╝dи╜,99.1,3.01,2849.04,33.15,21.56,11.59,53.74,"103Y12M"
10010,╣┼╕q┐д,10010010,д╙лOел,10010010-015,лn╖sи╜,106.42,3.14,976.82,37.87,18.53,19.34,104.36,"103Y12M"
10010,╣┼╕q┐д,10010010,д╙лOел,10010010-016,е_╖sи╜,104.51,3.18,963.6,34.83,19.93,14.9,74.76,"103Y12M"
10010,╣┼╕q┐д,10010010,д╙лOел,10010010-017,░ё╢mи╜,123.7,3.05,166.11,41.98,17.19,24.79,144.23,"103Y12M"
10010,╣┼╕q┐д,10010010,д╙лOел,10010010-018,жwдпи╜,93.37,2.77,598.18,48.69,38.63,10.07,26.06,"103Y12M"
10010,╣┼╕q┐д,10010020,ж╡дlел,10010020-001,жw║╓и╜,97.9,2.61,4106.16,42.99,21.85,21.14,96.79,"103Y12M"
10010,╣┼╕q┐д,10010020,ж╡дlел,10010020-002,енйMи╜,91.24,2.77,7525.37,44.05,23.22,20.83,89.71,"103Y12M"
10010,╣┼╕q┐д,10010020,ж╡дlел,10010020-003,д║нэи╜,102.09,2.99,1731.23,45.21,19.15,26.07,136.14,"103Y12M"
10010,╣┼╕q┐д,10010020,ж╡дlел,10010020-004,╢}д╕и╜,105.76,2.39,14966.48,61.29,14.19,47.1,331.82,"103Y12M"
10010,╣┼╕q┐д,10010020,ж╡дlел,10010020-005,╢╢д╤и╜,98.17,2.67,5300.06,54.58,18.53,36.05,194.51,"103Y12M"
10010,╣┼╕q┐д,10010020,ж╡дlел,10010020-006,дде┐и╜,100.,2.59,15440.94,39.62,10.98,28.64,260.94,"103Y12M"
10010,╣┼╕q┐д,10010020,ж╡дlел,10010020-007,│╒лpи╜,99.58,2.82,4799.98,50.23,23.,27.23,118.37,"103Y12M"
10010,╣┼╕q┐д,10010020,ж╡дlел,10010020-008,дхд╞и╜,105.83,2.73,11416.13,48.22,19.03,29.18,153.31,"103Y12M"
10010,╣┼╕q┐д,10010020,ж╡дlел,10010020-009,е├йMи╜,100.44,3.04,1180.41,45.22,23.7,21.52,90.82,"103Y12M"
10010,╣┼╕q┐д,10010020,ж╡дlел,10010020-010,ж╦│Єи╜,97.9,3.01,4904.44,42.52,25.04,17.48,69.81,"103Y12M"
10010,╣┼╕q┐д,10010020,ж╡дlел,10010020-011,╖s╝dи╜,110.57,3.48,815.53,37.34,17.31,20.03,115.74,"103Y12M"
10010,╣┼╕q┐д,10010020,ж╡дlел,10010020-012,О{╖╦и╜,118.95,2.64,694.51,48.42,12.45,35.97,288.89,"103Y12M"
10010,╣┼╕q┐д,10010020,ж╡дlел,10010020-013,╖╦дfи╜,108.14,3.04,346.75,46.17,17.59,28.57,162.39,"103Y12M"
10010,╣┼╕q┐д,10010020,ж╡дlел,10010020-014,╝w┐│и╜,125.78,3.16,705.62,42.78,19.37,23.41,120.9,"103Y12M"
10010,╣┼╕q┐д,10010020,ж╡дlел,10010020-015,дпйMи╜,83.11,2.18,727.57,41.67,32.68,9.,27.53,"103Y12M"
10010,╣┼╕q┐д,10010020,ж╡дlел,10010020-016,дj╢mи╜,102.62,2.77,1293.22,35.87,15.65,20.22,129.21,"103Y12M"
10010,╣┼╕q┐д,10010020,ж╡дlел,10010020-017,дj╕пи╜,97.31,2.67,854.45,52.13,36.38,15.75,43.29,"103Y12M"
10010,╣┼╕q┐д,10010020,ж╡дlел,10010020-018,и╬е▌и╜,99.12,3.08,274.07,38.09,19.88,18.21,91.6,"103Y12M"
10010,╣┼╕q┐д,10010020,ж╡дlел,10010020-019,ж╦з°и╜,111.6,2.88,283.6,38.81,15.99,22.82,142.76,"103Y12M"
10010,╣┼╕q┐д,10010020,ж╡дlел,10010020-020,оrлeи╜,118.91,3.12,573.03,47.18,17.56,29.62,168.66,"103Y12M"
10010,╣┼╕q┐д,10010020,ж╡дlел,10010020-021,╢╢жwи╜,126.19,2.52,240.26,56.59,12.64,43.96,347.83,"103Y12M"
10010,╣┼╕q┐д,10010020,ж╡дlел,10010020-022,оrлси╜,125.,2.78,262.13,43.11,12.13,30.98,255.41,"103Y12M"
10010,╣┼╕q┐д,10010020,ж╡дlел,10010020-023,╝wоaи╜,111.42,2.98,486.37,49.6,15.19,34.41,226.6,"103Y12M"
10010,╣┼╕q┐д,10010020,ж╡дlел,10010020-024,╖s╔▄и╜,96.52,2.89,250.13,36.83,14.86,21.97,147.83,"103Y12M"
10010,╣┼╕q┐д,10010020,ж╡дlел,10010020-025,▒Ў╡╪и╜,120.18,2.89,476.91,59.72,18.13,41.58,229.29,"103Y12M"
10010,╣┼╕q┐д,10010020,ж╡дlел,10010020-026,кQ╡╪и╜,119.13,2.84,613.54,54.32,14.,40.32,287.97,"103Y12M"
10010,╣┼╕q┐д,10010020,ж╡дlел,10010020-027,лnж╦и╜,117.5,2.68,263.65,57.36,17.05,40.31,236.36,"103Y12M"
10010,╣┼╕q┐д,10010030,ем│U┬э,10010030-001,йзж┐и╜,98.37,2.78,10420.67,39.43,13.14,26.29,200.,"103Y12M"
10010,╣┼╕q┐д,10010030,ем│U┬э,10010030-002,дE└sи╜,119.71,2.48,17438.75,52.84,16.05,36.79,229.17,"103Y12M"
10010,╣┼╕q┐д,10010030,ем│U┬э,10010030-003,з┬о№и╜,103.1,2.96,1307.55,34.82,18.11,16.7,92.22,"103Y12M"
10010,╣┼╕q┐д,10010030,ем│U┬э,10010030-004,┐│дди╜,99.56,2.74,2414.81,37.72,14.68,23.04,156.94,"103Y12M"
10010,╣┼╕q┐д,10010030,ем│U┬э,10010030-005,е·┤_и╜,96.63,2.77,261.94,42.84,14.9,27.93,187.44,"103Y12M"
10010,╣┼╕q┐д,10010030,ем│U┬э,10010030-006,иг└sи╜,109.65,2.76,897.34,38.34,16.56,21.78,131.54,"103Y12M"
10010,╣┼╕q┐д,10010030,ем│U┬э,10010030-007,╖sнэи╜,105.91,2.97,490.67,38.47,13.83,24.64,178.16,"103Y12M"
10010,╣┼╕q┐д,10010030,ем│U┬э,10010030-008,└sж┐и╜,103.72,2.92,235.96,38.75,14.01,24.74,176.6,"103Y12M"
10010,╣┼╕q┐д,10010030,ем│U┬э,10010030-009,╖sз┬и╜,103.92,3.07,266.24,37.5,15.26,22.24,145.67,"103Y12M"
10010,╣┼╕q┐д,10010030,ем│U┬э,10010030-010,╖sе┴и╜,91.9,2.96,253.51,28.82,11.48,17.34,151.13,"103Y12M"
10010,╣┼╕q┐д,10010030,ем│U┬э,10010030-011,┤_┐│и╜,94.29,2.94,524.65,30.36,12.51,17.86,142.8,"103Y12M"
10010,╣┼╕q┐д,10010030,ем│U┬э,10010030-012,жnм№и╜,100.79,2.85,108.22,29.97,14.78,15.19,102.76,"103Y12M"
10010,╣┼╕q┐д,10010030,ем│U┬э,10010030-013,е├жwи╜,104.98,2.7,639.98,28.89,8.33,20.57,247.06,"103Y12M"
10010,╣┼╕q┐д,10010030,ем│U┬э,10010030-014,кF┤фи╜,108.22,2.85,1177.48,31.76,12.83,18.92,147.47,"103Y12M"
10010,╣┼╕q┐д,10010030,ем│U┬э,10010030-015,ж┐дsи╜,118.18,2.21,176.62,43.59,8.55,35.04,410.,"103Y12M"
10010,╣┼╕q┐д,10010030,ем│U┬э,10010030-016,╡цчEи╜,135.35,2.55,118.19,52.79,8.2,44.59,544.,"103Y12M"
10010,╣┼╕q┐д,10010030,ем│U┬э,10010030-017,ж╥╕╒и╜,101.78,2.49,61.31,53.6,9.91,43.69,440.91,"103Y12M"
10010,╣┼╕q┐д,10010030,ем│U┬э,10010030-018,о╢╝dи╜,113.6,2.59,431.39,44.35,13.55,30.81,227.38,"103Y12M"
10010,╣┼╕q┐д,10010030,ем│U┬э,10010030-019,жшжwи╜,109.74,2.78,1521.1,59.45,17.35,42.1,242.68,"103Y12M"
10010,╣┼╕q┐д,10010030,ем│U┬э,10010030-020,кFжwи╜,117.14,2.94,1085.63,49.49,14.47,35.02,242.04,"103Y12M"
10010,╣┼╕q┐д,10010030,ем│U┬э,10010030-021,дджwи╜,113.04,2.72,699.54,50.18,12.43,37.74,303.52,"103Y12M"
10010,╣┼╕q┐д,10010030,ем│U┬э,10010030-022,╛ЁкLи╜,116.9,2.8,109.4,42.95,12.5,30.45,243.64,"103Y12M"
10010,╣┼╕q┐д,10010030,ем│U┬э,10010030-023,╢Qк┘и╜,119.56,2.56,175.56,44.91,10.73,34.18,318.64,"103Y12M"
10010,╣┼╕q┐д,10010040,дjкL┬э,10010040-001,кFкLи╜,92.43,2.51,10552.36,50.99,20.05,30.94,154.32,"103Y12M"
10010,╣┼╕q┐д,10010040,дjкL┬э,10010040-002,жшкLи╜,99.73,2.8,5153.36,44.71,15.8,28.92,183.06,"103Y12M"
10010,╣┼╕q┐д,10010040,дjкL┬э,10010040-003,жNкLи╜,104.03,2.55,9384.79,43.3,17.22,26.08,151.43,"103Y12M"
10010,╣┼╕q┐д,10010040,дjкL┬э,10010040-004,енкLи╜,95.13,2.71,2741.28,36.1,18.39,17.71,96.26,"103Y12M"
10010,╣┼╕q┐д,10010040,дjкL┬э,10010040-005,й·╡╪и╜,107.25,3.24,484.95,49.52,18.89,30.63,162.15,"103Y12M"
10010,╣┼╕q┐д,10010040,дjкL┬э,10010040-006,й·йMи╜,103.65,3.,1097.27,36.09,16.99,19.09,112.35,"103Y12M"
10010,╣┼╕q┐д,10010040,дjкL┬э,10010040-007,▒╞╕Їи╜,124.92,2.61,287.8,49.49,14.55,34.95,240.28,"103Y12M"
10010,╣┼╕q┐д,10010040,дjкL┬э,10010040-008,жш╡▓и╜,119.58,2.52,336.09,52.01,13.19,38.83,294.44,"103Y12M"
10010,╣┼╕q┐д,10010040,дjкL┬э,10010040-009,┤Єе_и╜,118.26,2.64,196.64,48.57,16.44,32.12,195.35,"103Y12M"
10010,╣┼╕q┐д,10010040,дjкL┬э,10010040-010,дj┐}и╜,80.47,2.51,176.96,45.28,11.95,33.33,278.95,"103Y12M"
10010,╣┼╕q┐д,10010040,дjкL┬э,10010040-011,дjм№и╜,108.9,2.86,562.48,44.45,16.96,27.49,162.03,"103Y12M"
10010,╣┼╕q┐д,10010040,дjкL┬э,10010040-012,╣L╖╦и╜,109.26,3.04,395.52,44.5,15.43,29.07,188.4,"103Y12M"
10010,╣┼╕q┐д,10010040,дjкL┬э,10010040-013,ддз|и╜,118.86,2.72,103.64,55.16,14.26,40.9,286.9,"103Y12M"
10010,╣┼╕q┐д,10010040,дjкL┬э,10010040-014,дWкLи╜,114.49,2.78,372.54,51.49,13.37,38.12,285.19,"103Y12M"
10010,╣┼╕q┐д,10010040,дjкL┬э,10010040-015,ддкLи╜,105.47,3.09,541.58,42.16,15.14,27.03,178.57,"103Y12M"
10010,╣┼╕q┐д,10010040,дjкL┬э,10010040-016,дTйMи╜,109.29,2.84,520.65,36.69,14.31,22.38,156.4,"103Y12M"
10010,╣┼╕q┐д,10010040,дjкL┬э,10010040-017,╖╛нIи╜,106.85,2.85,1189.75,56.83,18.99,37.84,199.28,"103Y12M"
10010,╣┼╕q┐д,10010040,дjкL┬э,10010040-018,╕qйMи╜,112.91,2.9,547.27,41.34,13.28,28.07,211.39,"103Y12M"
10010,╣┼╕q┐д,10010040,дjкL┬э,10010040-019,д║кLи╜,107.11,2.98,835.88,52.53,13.9,38.63,277.92,"103Y12M"
10010,╣┼╕q┐д,10010040,дjкL┬э,10010040-020,дTиди╜,104.71,2.9,165.87,48.45,13.2,35.25,267.06,"103Y12M"
10010,╣┼╕q┐д,10010040,дjкL┬э,10010040-021,дTз°и╜,108.4,3.21,280.66,40.66,17.43,23.24,133.33,"103Y12M"
10010,╣┼╕q┐д,10010050,е┴╢п╢m,10010050-001,кF║aз°,101.69,2.76,2630.38,41.67,18.63,23.03,123.61,"103Y12M"
10010,╣┼╕q┐д,10010050,е┴╢п╢m,10010050-002,дд╝╓з°,99.3,2.95,5499.69,44.69,19.23,25.45,132.33,"103Y12M"
10010,╣┼╕q┐д,10010050,е┴╢п╢m,10010050-003,жшжwз°,101.6,3.06,3953.79,39.52,19.92,19.61,98.43,"103Y12M"
10010,╣┼╕q┐д,10010050,е┴╢п╢m,10010050-004,╝d│╗з°,97.62,3.08,785.5,37.9,19.11,18.8,98.37,"103Y12M"
10010,╣┼╕q┐д,10010050,е┴╢п╢m,10010050-005,║╓┼vз°,106.62,3.39,763.43,38.04,19.51,18.53,94.96,"103Y12M"
10010,╣┼╕q┐д,10010050,е┴╢п╢m,10010050-006,кF┤Єз°,106.16,3.09,776.63,42.95,16.49,26.46,160.39,"103Y12M"
10010,╣┼╕q┐д,10010050,е┴╢п╢m,10010050-007,│╗▒[з°,106.62,3.12,1176.5,42.04,17.35,24.68,142.23,"103Y12M"
10010,╣┼╕q┐д,10010050,е┴╢п╢m,10010050-008,╡╫оHз°,114.71,3.49,480.79,38.95,15.3,23.66,154.67,"103Y12M"
10010,╣┼╕q┐д,10010050,е┴╢п╢m,10010050-009,ддйMз°,102.84,3.17,564.82,38.02,16.62,21.39,128.68,"103Y12M"
10010,╣┼╕q┐д,10010050,е┴╢п╢m,10010050-010,енйMз°,111.87,3.23,360.14,31.44,13.31,18.13,136.17,"103Y12M"
10010,╣┼╕q┐д,10010050,е┴╢п╢m,10010050-011,жшйўз°,104.89,3.36,502.72,39.41,17.84,21.57,120.9,"103Y12M"
10010,╣┼╕q┐д,10010050,е┴╢п╢m,10010050-012,рTжмз°,105.64,2.51,348.77,38.75,14.78,23.96,162.12,"103Y12M"
10010,╣┼╕q┐д,10010050,е┴╢п╢m,10010050-013,дT┐│з°,102.11,2.78,275.8,36.97,20.59,16.38,79.57,"103Y12M"
10010,╣┼╕q┐д,10010050,е┴╢п╢m,10010050-014,кF┐│з°,122.49,3.25,165.57,52.73,14.01,38.72,276.27,"103Y12M"
10010,╣┼╕q┐д,10010050,е┴╢п╢m,10010050-015,┬эе_з°,104.19,3.06,655.42,35.75,15.03,20.71,137.78,"103Y12M"
10010,╣┼╕q┐д,10010050,е┴╢п╢m,10010050-016,┐│ддз°,105.94,3.13,941.64,35.7,16.14,19.56,121.21,"103Y12M"
10010,╣┼╕q┐д,10010050,е┴╢п╢m,10010050-017,┐│лnз°,98.21,2.89,1915.22,25.88,13.73,12.15,88.5,"103Y12M"
10010,╣┼╕q┐д,10010050,е┴╢п╢m,10010050-018,║╓┐│з°,111.25,3.15,766.25,30.38,13.38,17.,127.,"103Y12M"
10010,╣┼╕q┐д,10010050,е┴╢п╢m,10010050-019,дх╢йз°,105.38,2.91,1150.3,31.99,15.,16.99,113.25,"103Y12M"
10010,╣┼╕q┐д,10010050,е┴╢п╢m,10010050-020,дsддз°,111.25,3.32,1040.65,38.12,17.92,20.2,112.68,"103Y12M"
10010,╣┼╕q┐д,10010050,е┴╢п╢m,10010050-021,ддебз°,108.89,3.39,561.97,36.35,15.7,20.65,131.52,"103Y12M"
10010,╣┼╕q┐д,10010050,е┴╢п╢m,10010050-022,е_дцз°,102.31,2.99,1484.33,32.43,19.67,12.75,64.84,"103Y12M"
10010,╣┼╕q┐д,10010050,е┴╢п╢m,10010050-023,О{║╓з°,109.99,2.84,1098.17,34.12,19.47,14.64,75.18,"103Y12M"
10010,╣┼╕q┐д,10010050,е┴╢п╢m,10010050-024,дj▒Tз°,109.26,2.84,367.93,28.17,11.25,16.92,150.42,"103Y12M"
10010,╣┼╕q┐д,10010050,е┴╢п╢m,10010050-025,иqкLз°,109.21,2.97,931.26,27.49,12.32,15.17,123.13,"103Y12M"
10010,╣┼╕q┐д,10010050,е┴╢п╢m,10010050-026,кQдsз°,109.4,3.,293.81,33.64,15.32,18.32,119.57,"103Y12M"
10010,╣┼╕q┐д,10010050,е┴╢п╢m,10010050-027,кў┐│з°,100.06,2.74,6490.27,23.05,11.61,11.43,98.46,"103Y12M"
10010,╣┼╕q┐д,10010050,е┴╢п╢m,10010050-028,║╓╝╓з°,102.45,2.86,3908.58,29.49,19.62,9.86,50.28,"103Y12M"
10010,╣┼╕q┐д,10010060,╖╦дf╢m,10010060-001,╖╦кFз°,103.07,2.59,1783.85,46.95,16.27,30.68,188.64,"103Y12M"
10010,╣┼╕q┐д,10010060,╖╦дf╢m,10010060-002,╖╦жшз°,120.75,2.76,1118.42,54.53,15.47,39.06,252.44,"103Y12M"
10010,╣┼╕q┐д,10010060,╖╦дf╢m,10010060-003,╖╦е_з°,113.24,2.98,279.74,48.87,14.53,34.34,236.36,"103Y12M"
10010,╣┼╕q┐д,10010060,╖╦дf╢m,10010060-004,┤хкFз°,110.63,2.97,405.9,44.1,13.83,30.27,218.97,"103Y12M"
10010,╣┼╕q┐д,10010060,╖╦дf╢m,10010060-005,┤хжшз°,131.74,2.45,493.56,57.44,13.74,43.7,318.06,"103Y12M"
10010,╣┼╕q┐д,10010060,╖╦дf╢m,10010060-006,оукLз°,110.91,2.9,846.55,42.84,11.61,31.22,268.83,"103Y12M"
10010,╣┼╕q┐д,10010060,╖╦дf╢m,10010060-007,кL╕}з°,126.01,2.51,961.46,53.42,17.05,36.38,213.39,"103Y12M"
10010,╣┼╕q┐д,10010060,╖╦дf╢m,10010060-008,м№лnз°,111.82,2.95,509.59,44.74,11.58,33.16,286.24,"103Y12M"
10010,╣┼╕q┐д,10010060,╖╦дf╢m,10010060-009,м№е_з°,121.65,3.02,469.49,44.36,11.54,32.82,284.44,"103Y12M"
10010,╣┼╕q┐д,10010060,╖╦дf╢m,10010060-010,е╗нэз°,114.62,2.92,268.4,37.12,9.72,27.4,281.82,"103Y12M"
10010,╣┼╕q┐д,10010060,╖╦дf╢m,10010060-011,мh╖╛з°,115.78,3.08,476.43,40.84,14.13,26.71,189.03,"103Y12M"
10010,╣┼╕q┐д,10010060,╖╦дf╢m,10010060-012,┼|╖╦з°,111.98,2.75,367.83,36.58,14.43,22.15,153.49,"103Y12M"
10010,╣┼╕q┐д,10010060,╖╦дf╢m,10010060-013,зо▒[з°,114.84,2.84,248.79,48.65,13.33,35.32,264.86,"103Y12M"
10010,╣┼╕q┐д,10010060,╖╦дf╢m,10010060-014,йW│╗з°,113.76,3.02,481.36,44.58,14.86,29.72,200.,"103Y12M"
10010,╣┼╕q┐д,10010070,╖s┤ф╢m,10010070-001,оcлeз°,105.86,3.02,1958.62,42.59,21.51,21.08,97.96,"103Y12M"
10010,╣┼╕q┐д,10010070,╖s┤ф╢m,10010070-002,оcлсз°,116.44,3.07,2582.24,46.52,16.92,29.6,174.89,"103Y12M"
10010,╣┼╕q┐д,10010070,╖s┤ф╢m,10010070-003,дj┐│з°,103.74,3.27,4797.46,47.92,20.85,27.08,129.89,"103Y12M"
10010,╣┼╕q┐д,10010070,╖s┤ф╢m,10010070-004,║╓╝wз°,105.49,3.26,3075.28,42.4,20.03,22.37,111.68,"103Y12M"
10010,╣┼╕q┐д,10010070,╖s┤ф╢m,10010070-005,еjе┴з°,112.59,3.23,1941.42,45.37,18.43,26.94,146.19,"103Y12M"
10010,╣┼╕q┐д,10010070,╖s┤ф╢m,10010070-006,дд╔▄з°,120.34,3.14,760.83,46.18,15.82,30.36,191.88,"103Y12M"
10010,╣┼╕q┐д,10010070,╖s┤ф╢m,10010070-007,дj╝цз°,111.79,3.22,411.85,49.69,17.59,32.1,182.46,"103Y12M"
10010,╣┼╕q┐д,10010070,╖s┤ф╢m,10010070-008,жш╔▄з°,123.67,3.3,516.66,50.06,22.49,27.57,122.6,"103Y12M"
10010,╣┼╕q┐д,10010070,╖s┤ф╢m,10010070-009,░ёдlз°,116.56,3.06,256.87,59.57,19.14,40.43,211.25,"103Y12M"
10010,╣┼╕q┐д,10010070,╖s┤ф╢m,10010070-010,лn▒[з°,113.52,3.06,322.95,55.05,18.95,36.1,190.51,"103Y12M"
10010,╣┼╕q┐д,10010070,╖s┤ф╢m,10010070-011,е_▒[з°,120.63,3.06,1449.25,48.12,18.78,29.34,156.25,"103Y12M"
10010,╣┼╕q┐д,10010070,╖s┤ф╢m,10010070-012,о№├sз°,125.28,2.93,165.66,51.14,18.23,32.91,180.56,"103Y12M"
10010,╣┼╕q┐д,10010070,╖s┤ф╢m,10010070-013,дым▄з°,115.43,3.06,697.9,41.02,16.11,24.91,154.66,"103Y12M"
10010,╣┼╕q┐д,10010070,╖s┤ф╢m,10010070-014,ды╝цз°,114.05,3.34,886.26,39.94,17.42,22.52,129.29,"103Y12M"
10010,╣┼╕q┐д,10010070,╖s┤ф╢m,10010070-015,╖╦е_з°,119.19,3.01,387.02,47.05,16.14,30.92,191.57,"103Y12M"
10010,╣┼╕q┐д,10010070,╖s┤ф╢m,10010070-016,дT╢бз°,103.34,3.14,590.61,37.89,24.39,13.5,55.33,"103Y12M"
10010,╣┼╕q┐д,10010070,╖s┤ф╢m,10010070-017,ддмvз°,108.13,3.21,234.45,45.29,19.07,26.22,137.5,"103Y12M"
10010,╣┼╕q┐д,10010070,╖s┤ф╢m,10010070-018,╡цд╜з°,109.74,3.27,305.14,43.23,21.5,21.73,101.1,"103Y12M"
10010,╣┼╕q┐д,10010070,╖s┤ф╢m,10010070-019,жwйMз°,116.55,2.99,329.73,52.42,17.22,35.19,204.32,"103Y12M"
10010,╣┼╕q┐д,10010070,╖s┤ф╢m,10010070-020,╝цдjз°,111.32,3.35,194.9,47.38,20.21,27.18,134.52,"103Y12M"
10010,╣┼╕q┐д,10010070,╖s┤ф╢m,10010070-021,лn┤фз°,114.29,2.93,294.85,44.66,17.91,26.75,149.36,"103Y12M"
10010,╣┼╕q┐д,10010070,╖s┤ф╢m,10010070-022,кO└Yз°,119.74,2.77,373.13,48.44,15.11,33.33,220.59,"103Y12M"
10010,╣┼╕q┐д,10010070,╖s┤ф╢m,10010070-023,ж@йMз°,111.52,3.07,255.78,50.86,18.59,32.28,173.64,"103Y12M"
10010,╣┼╕q┐д,10010080,д╗╕}╢m,10010080-001,╗[└Yз°,110.72,2.7,879.23,43.33,13.44,29.9,222.48,"103Y12M"
10010,╣┼╕q┐д,10010080,д╗╕}╢m,10010080-002,╗[кFз°,122.3,2.65,1163.81,53.74,14.49,39.25,270.97,"103Y12M"
10010,╣┼╕q┐д,10010080,д╗╕}╢m,10010080-003,╗[лnз°,123.96,2.69,1072.31,48.98,14.77,34.21,231.68,"103Y12M"
10010,╣┼╕q┐д,10010080,д╗╕}╢m,10010080-004,дu╝tз°,104.84,2.33,138.54,59.75,5.66,54.09,955.56,"103Y12M"
10010,╣┼╕q┐д,10010080,д╗╕}╢m,10010080-005,╞Wлnз°,109.52,2.87,456.81,45.13,15.01,30.12,200.68,"103Y12M"
10010,╣┼╕q┐д,10010080,д╗╕}╢m,10010080-006,╞Wе_з°,106.69,2.87,731.08,44.07,13.58,30.5,224.63,"103Y12M"
10010,╣┼╕q┐д,10010080,д╗╕}╢m,10010080-007,┬∙▓[з°,120.35,2.9,323.56,45.85,13.32,32.52,244.09,"103Y12M"
10010,╣┼╕q┐д,10010080,д╗╕}╢m,10010080-008,╢юоvз°,110.7,2.83,491.3,49.24,13.07,36.17,276.81,"103Y12M"
10010,╣┼╕q┐д,10010080,д╗╕}╢m,10010080-009,дT╕qз°,111.98,2.99,366.3,47.45,11.9,35.54,298.57,"103Y12M"
10010,╣┼╕q┐д,10010080,д╗╕}╢m,10010080-010,┤фм№з°,123.51,2.75,309.8,36.44,11.2,25.24,225.35,"103Y12M"
10010,╣┼╕q┐д,10010080,д╗╕}╢m,10010080-011,┬╫м№з°,113.52,3.02,627.9,43.12,16.16,26.97,166.89,"103Y12M"
10010,╣┼╕q┐д,10010080,д╗╕}╢m,10010080-012,д╗дцз°,109.07,2.72,383.97,41.61,14.85,26.76,180.17,"103Y12M"
10010,╣┼╕q┐д,10010080,д╗╕}╢m,10010080-013,▒[╢зз°,106.13,2.88,731.85,41.52,11.58,29.94,258.59,"103Y12M"
10010,╣┼╕q┐д,10010080,д╗╕}╢m,10010080-014,─мнэз°,107.61,2.82,953.51,40.33,12.65,27.67,218.71,"103Y12M"
10010,╣┼╕q┐д,10010080,д╗╕}╢m,10010080-015,ж╦е╗з°,118.86,2.54,420.15,65.38,14.03,51.36,366.13,"103Y12M"
10010,╣┼╕q┐д,10010080,д╗╕}╢m,10010080-016,е├╜хз°,101.75,2.51,190.31,66.76,13.29,53.47,402.17,"103Y12M"
10010,╣┼╕q┐д,10010080,д╗╕}╢m,10010080-017,│╜╝dз°,120.35,2.43,232.45,51.52,7.91,43.61,551.28,"103Y12M"
10010,╣┼╕q┐д,10010080,д╗╕}╢m,10010080-018,╝цсYз°,107.83,2.77,298.62,54.14,14.8,39.33,265.69,"103Y12M"
10010,╣┼╕q┐д,10010080,д╗╕}╢m,10010080-019,е┐╕qз°,114.4,2.74,275.95,43.72,10.2,33.52,328.57,"103Y12M"
10010,╣┼╕q┐д,10010080,д╗╕}╢m,10010080-020,╖╦нэз°,113.91,2.7,379.19,51.23,11.68,39.55,338.6,"103Y12M"
10010,╣┼╕q┐д,10010080,д╗╕}╢m,10010080-021,д╗╕}з°,99.78,2.49,487.91,56.5,10.75,45.75,425.81,"103Y12M"
10010,╣┼╕q┐д,10010080,д╗╕}╢m,10010080-022,д╗лnз°,117.51,2.58,308.33,52.,10.59,41.41,391.11,"103Y12M"
10010,╣┼╕q┐д,10010080,д╗╕}╢m,10010080-023,▒Yдsз°,115.73,2.53,192.58,57.7,11.91,45.79,384.48,"103Y12M"
10010,╣┼╕q┐д,10010080,д╗╕}╢m,10010080-024,еjкLз°,124.86,2.45,222.2,53.04,6.46,46.58,720.59,"103Y12M"
10010,╣┼╕q┐д,10010080,д╗╕}╢m,10010080-025,зє╝dз°,120.97,2.7,230.64,45.44,10.62,34.82,328.,"103Y12M"
10010,╣┼╕q┐д,10010090,кFе█╢m,10010090-001,кFе█з°,103.61,2.82,1514.62,40.47,18.43,22.04,119.59,"103Y12M"
10010,╣┼╕q┐д,10010090,кFе█╢m,10010090-002,╖с╛Ёз°,104.5,2.86,1012.06,40.37,13.7,26.67,194.59,"103Y12M"
10010,╣┼╕q┐д,10010090,кFе█╢m,10010090-003,лмнэз°,108.37,2.94,756.58,45.2,15.52,29.69,191.33,"103Y12M"
10010,╣┼╕q┐д,10010090,кFе█╢m,10010090-004,╢є┤фз°,104.67,3.5,3536.88,40.2,19.66,20.54,104.5,"103Y12M"
10010,╣┼╕q┐д,10010090,кFе█╢m,10010090-005,дTоaз°,115.12,3.23,380.36,43.84,15.02,28.83,192.,"103Y12M"
10010,╣┼╕q┐д,10010090,кFе█╢m,10010090-006,е├д┘з°,104.89,3.03,228.84,41.79,13.87,27.92,201.22,"103Y12M"
10010,╣┼╕q┐д,10010090,кFе█╢m,10010090-007,о№оHз°,133.85,2.48,149.34,59.79,10.68,49.11,460.,"103Y12M"
10010,╣┼╕q┐д,10010090,кFе█╢m,10010090-008,└s┤фз°,120.26,2.56,472.66,52.77,11.96,40.81,341.25,"103Y12M"
10010,╣┼╕q┐д,10010090,кFе█╢m,10010090-009,░╞├uз°,114.34,2.61,523.68,54.25,14.64,39.61,270.48,"103Y12M"
10010,╣┼╕q┐д,10010090,кFе█╢m,10010090-010,дU┤ез°,120.4,2.51,188.01,50.86,10.69,40.17,375.81,"103Y12M"
10010,╣┼╕q┐д,10010090,кFе█╢m,10010090-011,│╗┤ез°,125.63,2.36,328.41,55.36,8.65,46.71,540.,"103Y12M"
10010,╣┼╕q┐д,10010090,кFе█╢m,10010090-012,╖╦дUз°,121.2,2.66,395.87,49.43,12.55,36.88,293.94,"103Y12M"
10010,╣┼╕q┐д,10010090,кFе█╢m,10010090-013,┤фсYз°,122.53,2.84,816.11,46.2,15.5,30.7,198.06,"103Y12M"
10010,╣┼╕q┐д,10010090,кFе█╢m,10010090-014,чrкQз°,108.5,2.72,310.67,44.26,12.61,31.65,251.11,"103Y12M"
10010,╣┼╕q┐д,10010090,кFе█╢m,10010090-015,│Є╝цз°,131.27,2.49,440.85,43.28,11.34,31.94,281.54,"103Y12M"
10010,╣┼╕q┐д,10010090,кFе█╢m,10010090-016,мwеJз°,118.71,2.83,320.72,45.91,15.78,30.13,190.91,"103Y12M"
10010,╣┼╕q┐д,10010090,кFе█╢m,10010090-017,кF▒[з°,107.23,2.56,244.84,50.82,13.43,37.39,278.38,"103Y12M"
10010,╣┼╕q┐д,10010090,кFе█╢m,10010090-018,жш▒[з°,106.13,2.83,537.86,39.62,14.91,24.71,165.71,"103Y12M"
10010,╣┼╕q┐д,10010090,кFе█╢m,10010090-019,╢єеJз°,114.37,2.55,192.17,43.39,13.48,29.91,221.78,"103Y12M"
10010,╣┼╕q┐д,10010090,кFе█╢m,10010090-020,║Ї╝dз°,109.22,2.47,345.66,38.95,15.31,23.64,154.38,"103Y12M"
10010,╣┼╕q┐д,10010090,кFе█╢m,10010090-021,┤x╝цз°,115.09,2.64,127.75,45.92,12.96,32.96,254.32,"103Y12M"
10010,╣┼╕q┐д,10010090,кFе█╢m,10010090-022,┤фдfз°,157.86,2.24,136.66,55.6,12.07,43.53,360.71,"103Y12M"
10010,╣┼╕q┐д,10010090,кFе█╢m,10010090-023,ў┤╣кз°,113.04,3.01,88.38,40.02,13.04,26.98,206.99,"103Y12M"
10010,╣┼╕q┐д,10010100,╕qж╦╢m,10010100-001,йд╕}з°,114.36,2.44,273.65,49.29,9.82,39.46,401.82,"103Y12M"
10010,╣┼╕q┐д,10010100,╕qж╦╢m,10010100-002,╕qж╦з°,100.23,2.66,778.15,42.42,12.35,30.07,243.51,"103Y12M"
10010,╣┼╕q┐д,10010100,╕qж╦╢m,10010100-003,д╗о█з°,105.21,2.56,1742.13,50.22,13.18,37.04,280.99,"103Y12M"
10010,╣┼╕q┐д,10010100,╕qж╦╢m,10010100-004,дпи╜з°,101.73,2.66,2097.8,43.19,10.9,32.29,296.25,"103Y12M"
10010,╣┼╕q┐д,10010100,╕qж╦╢m,10010100-005,╢╟к┌з°,105.36,2.74,397.09,37.23,14.49,22.74,156.99,"103Y12M"
10010,╣┼╕q┐д,10010100,╕qж╦╢m,10010100-006,└Yж╦з°,112.57,2.67,314.74,52.3,15.76,36.54,231.82,"103Y12M"
10010,╣┼╕q┐д,10010100,╕qж╦╢m,10010100-007,дннэз°,127.14,2.52,382.01,51.91,12.74,39.17,307.5,"103Y12M"
10010,╣┼╕q┐д,10010100,╕qж╦╢m,10010100-008,дденз°,104.4,2.22,181.82,58.7,7.76,50.93,656.,"103Y12M"
10010,╣┼╕q┐д,10010100,╕qж╦╢m,10010100-009,░ёлeз°,106.84,2.87,264.99,52.11,13.64,38.47,282.14,"103Y12M"
10010,╣┼╕q┐д,10010100,╕qж╦╢m,10010100-010,ен╖╦з°,118.86,2.61,169.63,39.39,13.97,25.42,182.,"103Y12M"
10010,╣┼╕q┐д,10010100,╕qж╦╢m,10010100-011,лс┬эз°,117.54,2.58,259.68,48.95,13.51,35.44,262.22,"103Y12M"
10010,╣┼╕q┐д,10010100,╕qж╦╢m,10010100-012,е_╡╪з°,103.54,2.76,111.13,35.83,11.61,24.21,208.47,"103Y12M"
10010,╣┼╕q┐д,10010100,╕qж╦╢m,10010100-013,╖sй▒з°,98.31,2.8,255.31,39.21,11.94,27.27,228.48,"103Y12M"
10010,╣┼╕q┐д,10010100,╕qж╦╢m,10010100-014,кF╣Lз°,115.84,2.57,327.38,34.56,12.41,22.14,178.41,"103Y12M"
10010,╣┼╕q┐д,10010100,╕qж╦╢m,10010100-015,жш╣Lз°,100.83,2.37,199.07,37.52,10.98,26.53,241.56,"103Y12M"
10010,╣┼╕q┐д,10010100,╕qж╦╢m,10010100-016,йxйMз°,103.82,3.02,294.8,32.6,13.12,19.48,148.42,"103Y12M"
10010,╣┼╕q┐д,10010100,╕qж╦╢m,10010100-017,йx╢╢з°,100.77,2.59,205.79,46.78,17.93,28.85,160.94,"103Y12M"
10010,╣┼╕q┐д,10010100,╕qж╦╢m,10010100-018,╖s┤Iз°,122.63,2.61,140.7,40.55,7.37,33.18,450.,"103Y12M"
10010,╣┼╕q┐д,10010100,╕qж╦╢m,10010100-019,кFе·з°,110.96,2.45,104.5,57.94,14.31,43.63,304.88,"103Y12M"
10010,╣┼╕q┐д,10010100,╕qж╦╢m,10010100-020,кF║aз°,124.76,2.23,148.74,59.66,8.28,51.38,620.83,"103Y12M"
10010,╣┼╕q┐д,10010100,╕qж╦╢m,10010100-021,└s╡ыз°,130.,2.28,158.42,55.48,11.66,43.82,376.,"103Y12M"
10010,╣┼╕q┐д,10010100,╕qж╦╢m,10010100-022,╖╦мwз°,112.18,2.37,129.11,71.79,10.09,61.7,611.36,"103Y12M"
10010,╣┼╕q┐д,10010110,│└пє╢m,10010110-001,лс╝dз°,101.72,3.28,231.38,39.43,10.69,28.74,268.89,"103Y12M"
10010,╣┼╕q┐д,10010110,│└пє╢m,10010110-002,│└кFз°,113.55,3.06,248.27,45.29,14.96,30.33,202.74,"103Y12M"
10010,╣┼╕q┐д,10010110,│└пє╢m,10010110-003,│└пєз°,104.13,2.91,1041.71,43.05,14.67,28.38,193.42,"103Y12M"
10010,╣┼╕q┐д,10010110,│└пє╢m,10010110-004,жшдлз°,110.4,2.96,271.26,41.23,14.88,26.35,177.16,"103Y12M"
10010,╣┼╕q┐д,10010110,│└пє╢m,10010110-005,рT╕Yз°,194.18,3.53,118.65,24.85,10.76,14.1,131.08,"103Y12M"
10010,╣┼╕q┐д,10010110,│└пє╢m,10010110-006,нл╝dз°,111.84,2.74,560.15,53.99,12.97,41.02,316.35,"103Y12M"
10010,╣┼╕q┐д,10010110,│└пє╢m,10010110-007,мIоaз°,130.53,2.71,295.38,51.45,8.14,43.31,532.14,"103Y12M"
10010,╣┼╕q┐д,10010110,│└пє╢m,10010110-008,дU╝цз°,128.47,2.49,739.19,66.27,12.33,53.94,437.5,"103Y12M"
10010,╣┼╕q┐д,10010110,│└пє╢m,10010110-009,е·╝цз°,114.36,2.68,313.59,55.46,15.06,40.4,268.33,"103Y12M"
10010,╣┼╕q┐д,10010110,│└пє╢m,10010110-010,║╤╝цз°,115.58,2.5,335.49,59.23,12.78,46.45,363.33,"103Y12M"
10010,╣┼╕q┐д,10010110,│└пє╢m,10010110-011,кQж╦з°,116.31,2.93,703.83,47.9,13.25,34.65,261.39,"103Y12M"
10010,╣┼╕q┐д,10010110,│└пє╢m,10010110-012,ж╦дsз°,116.94,2.79,158.75,44.82,10.5,34.32,326.92,"103Y12M"
10010,╣┼╕q┐д,10010110,│└пє╢m,10010110-013,лс╘│з°,109.19,2.69,448.47,43.45,11.64,31.81,273.33,"103Y12M"
10010,╣┼╕q┐д,10010110,│└пє╢m,10010110-014,дTидз°,102.19,2.85,414.73,48.65,17.34,31.3,180.49,"103Y12M"
10010,╣┼╕q┐д,10010110,│└пє╢m,10010110-015,дU│┬з°,116.14,2.62,102.92,39.39,11.22,28.16,250.91,"103Y12M"
10010,╣┼╕q┐д,10010120,дЇдW╢m,10010120-001,дЇдWз°,103.16,2.8,3343.1,33.43,16.69,16.75,100.36,"103Y12M"
10010,╣┼╕q┐д,10010120,дЇдW╢m,10010120-002,дЇ└Yз°,101.53,2.87,3175.13,33.52,14.62,18.9,129.34,"103Y12M"
10010,╣┼╕q┐д,10010120,дЇдW╢m,10010120-003,дj╘│з°,120.71,3.08,317.93,36.12,14.83,21.29,143.56,"103Y12M"
10010,╣┼╕q┐д,10010120,дЇдW╢m,10010120-004,дj▒[з°,109.38,3.32,954.43,34.63,14.59,20.03,137.27,"103Y12M"
10010,╣┼╕q┐д,10010120,дЇдW╢m,10010120-005,╢ю╖╛з°,121.36,3.07,351.06,39.09,12.54,26.55,211.76,"103Y12M"
10010,╣┼╕q┐д,10010120,дЇдW╢m,10010120-006,▓╩╖╦з°,107.,2.94,304.61,39.63,16.53,23.1,139.73,"103Y12M"
10010,╣┼╕q┐д,10010120,дЇдW╢m,10010120-007,дU╝dз°,103.92,2.81,1792.48,24.52,10.38,14.14,136.26,"103Y12M"
10010,╣┼╕q┐д,10010120,дЇдW╢m,10010120-008,дTйMз°,115.56,2.8,1230.09,32.6,15.91,16.69,104.88,"103Y12M"
10010,╣┼╕q┐д,10010120,дЇдW╢m,10010120-009,ж^┬kз°,93.77,2.71,654.36,26.08,10.63,15.44,145.24,"103Y12M"
10010,╣┼╕q┐д,10010120,дЇдW╢m,10010120-010,дT┬эз°,94.47,2.67,891.99,37.87,12.69,25.19,198.53,"103Y12M"
10010,╣┼╕q┐д,10010120,дЇдW╢m,10010120-011,╣tйMз°,101.63,2.63,211.8,53.42,11.8,41.61,352.63,"103Y12M"
10010,╣┼╕q┐д,10010120,дЇдW╢m,10010120-012,лnйMз°,103.73,2.82,304.93,30.18,10.94,19.24,175.94,"103Y12M"
10010,╣┼╕q┐д,10010120,дЇдW╢m,10010120-013,└s╝wз°,104.77,3.13,1024.41,35.2,14.3,20.9,146.12,"103Y12M"
10010,╣┼╕q┐д,10010120,дЇдW╢m,10010120-014,╖╦мwз°,103.85,2.78,434.41,41.81,14.72,27.09,184.09,"103Y12M"
10010,╣┼╕q┐д,10010120,дЇдW╢m,10010120-015,мhкLз°,109.15,2.99,1302.37,31.16,13.95,17.21,123.39,"103Y12M"
10010,╣┼╕q┐д,10010120,дЇдW╢m,10010120-016,мh╢mз°,99.66,2.82,1931.68,32.95,12.43,20.52,165.14,"103Y12M"
10010,╣┼╕q┐д,10010120,дЇдW╢m,10010120-017,мh╖sз°,101.07,2.78,3420.56,32.84,18.06,14.78,81.85,"103Y12M"
10010,╣┼╕q┐д,10010120,дЇдW╢m,10010120-018,╝eдhз°,107.07,2.6,2762.23,23.33,8.74,14.58,166.77,"103Y12M"
10010,╣┼╕q┐д,10010120,дЇдW╢m,10010120-019,е┴е═з°,107.12,2.55,10673.17,23.88,7.08,16.8,237.23,"103Y12M"
10010,╣┼╕q┐д,10010120,дЇдW╢m,10010120-020,й╛йMз°,107.07,2.8,730.93,36.72,15.13,21.59,142.69,"103Y12M"
10010,╣┼╕q┐д,10010120,дЇдW╢m,10010120-021,дд╔▄з°,99.43,2.73,1778.85,33.42,13.32,20.1,150.95,"103Y12M"
10010,╣┼╕q┐д,10010120,дЇдW╢m,10010120-022,лn╢mз°,117.9,3.14,94.77,42.17,14.53,27.64,190.2,"103Y12M"
10010,╣┼╕q┐д,10010120,дЇдW╢m,10010120-023,дTм╔з°,113.53,3.05,314.87,39.73,13.53,26.2,193.64,"103Y12M"
10010,╣┼╕q┐д,10010120,дЇдW╢m,10010120-024,░ъйmз°,112.57,3.08,665.19,38.45,11.41,27.05,237.1,"103Y12M"
10010,╣┼╕q┐д,10010120,дЇдW╢m,10010120-025,д║╖╦з°,107.42,2.84,538.77,28.98,12.08,16.9,139.84,"103Y12M"
10010,╣┼╕q┐д,10010120,дЇдW╢m,10010120-026,╕q┐│з°,118.75,2.99,232.26,35.88,13.12,22.76,173.47,"103Y12M"
10010,╣┼╕q┐д,10010130,ддоH╢m,10010130-001,ддоHз°,114.02,2.95,1125.36,35.42,15.76,19.67,124.8,"103Y12M"
10010,╣┼╕q┐д,10010130,ддоH╢m,10010130-002,ЪмБFз°,106.74,2.92,264.94,35.29,13.73,21.57,157.14,"103Y12M"
10010,╣┼╕q┐д,10010130,ддоH╢m,10010130-003,└sк∙з°,115.84,3.16,653.81,35.7,13.8,21.91,158.76,"103Y12M"
10010,╣┼╕q┐д,10010130,ддоH╢m,10010130-004,╕╬е┴з°,123.11,2.92,294.54,38.47,13.67,24.8,181.37,"103Y12M"
10010,╣┼╕q┐д,10010130,ддоH╢m,10010130-005,кў─їз°,106.68,3.07,544.34,39.,18.46,20.55,111.3,"103Y12M"
10010,╣┼╕q┐д,10010130,ддоH╢m,10010130-006,┤Iжмз°,110.82,2.94,1357.53,31.01,15.27,15.74,103.05,"103Y12M"
10010,╣┼╕q┐д,10010130,ддоH╢m,10010130-007,йM╖№з°,102.08,2.77,953.81,28.06,13.48,14.57,108.07,"103Y12M"
10010,╣┼╕q┐д,10010130,ддоH╢m,10010130-008,йMм№з°,100.69,2.62,3379.53,28.16,13.09,15.07,115.08,"103Y12M"
10010,╣┼╕q┐д,10010130,ддоH╢m,10010130-009,йM┐│з°,103.81,2.69,3164.77,29.26,13.77,15.49,112.5,"103Y12M"
10010,╣┼╕q┐д,10010130,ддоH╢m,10010130-010,╢й┐│з°,113.52,3.02,868.68,38.22,16.09,22.13,137.55,"103Y12M"
10010,╣┼╕q┐д,10010130,ддоH╢m,10010130-011,╕qдпз°,113.25,3.19,584.5,40.03,17.25,22.78,132.11,"103Y12M"
10010,╣┼╕q┐д,10010130,ддоH╢m,10010130-012,к└дfз°,111.41,3.05,253.89,35.56,14.47,21.08,145.69,"103Y12M"
10010,╣┼╕q┐д,10010130,ддоH╢m,10010130-013,╞W╝цз°,120.29,3.01,100.26,42.56,14.89,27.67,185.83,"103Y12M"
10010,╣┼╕q┐д,10010130,ддоH╢m,10010130-014,е█Щ}з°,110.23,2.9,79.43,42.8,15.49,27.31,176.28,"103Y12M"
10010,╣┼╕q┐д,10010130,ддоH╢m,10010130-015,│╗оHз°,113.,3.35,376.64,40.48,14.76,25.71,174.19,"103Y12M"
10010,╣┼╕q┐д,10010130,ддоH╢m,10010130-016,жPдпз°,114.58,3.18,353.63,37.31,12.87,24.44,189.91,"103Y12M"
10010,╣┼╕q┐д,10010130,ддоH╢m,10010130-017,╖ч┬╫з°,120.45,3.41,132.31,28.68,12.52,16.16,129.07,"103Y12M"
10010,╣┼╕q┐д,10010130,ддоH╢m,10010130-018,╦NдЇз°,113.33,3.19,172.18,42.96,16.61,26.35,158.62,"103Y12M"
10010,╣┼╕q┐д,10010130,ддоH╢m,10010130-019,дT╝hз°,116.43,3.16,123.79,27.38,10.82,16.56,153.03,"103Y12M"
10010,╣┼╕q┐д,10010130,ддоH╢m,10010130-020,▓`з|з°,113.94,3.25,142.28,35.46,12.79,22.68,177.38,"103Y12M"
10010,╣┼╕q┐д,10010130,ддоH╢m,10010130-021,кF┐│з°,120.1,2.9,30.54,33.86,12.85,21.,163.41,"103Y12M"
10010,╣┼╕q┐д,10010130,ддоH╢m,10010130-022,дд▒[з°,120.25,2.78,38.76,34.88,13.18,21.71,164.71,"103Y12M"
10010,╣┼╕q┐д,10010140,ж╦▒T╢m,10010140-001,ж╦▒Tз°,103.63,3.09,1592.71,35.97,16.91,19.06,112.7,"103Y12M"
10010,╣┼╕q┐д,10010140,ж╦▒T╢m,10010140-002,йMенз°,108.33,3.33,673.15,38.74,18.78,19.97,106.35,"103Y12M"
10010,╣┼╕q┐д,10010140,ж╦▒T╢m,10010140-003,з|└Yз°,114.49,3.24,222.27,37.86,14.35,23.51,163.83,"103Y12M"
10010,╣┼╕q┐д,10010140,ж╦▒T╢m,10010140-004,иFз|з°,116.74,3.32,292.65,34.61,12.72,21.89,172.04,"103Y12M"
10010,╣┼╕q┐д,10010140,ж╦▒T╢m,10010140-005,╖р╘▒з°,118.36,3.31,201.63,40.27,15.82,24.45,154.55,"103Y12M"
10010,╣┼╕q┐д,10010140,ж╦▒T╢m,10010140-006,╕qйMз°,121.52,3.32,229.81,33.59,11.64,21.95,188.52,"103Y12M"
10010,╣┼╕q┐д,10010140,ж╦▒T╢m,10010140-007,╕qдпз°,117.91,3.14,274.48,44.19,16.57,27.62,166.67,"103Y12M"
10010,╣┼╕q┐д,10010140,ж╦▒T╢m,10010140-008,╞W╛Їз°,109.5,2.94,747.17,30.39,12.39,18.,145.26,"103Y12M"
10010,╣┼╕q┐д,10010140,ж╦▒T╢m,10010140-009,│└║бз°,118.48,3.37,637.5,35.37,12.63,22.75,180.12,"103Y12M"
10010,╣┼╕q┐д,10010140,ж╦▒T╢m,10010140-010,╡╡╢│з°,112.23,3.54,706.18,41.43,16.64,24.79,149.,"103Y12M"
10010,╣┼╕q┐д,10010140,ж╦▒T╢m,10010140-011,д║оHз°,107.96,3.29,836.12,42.85,17.38,25.47,146.55,"103Y12M"
10010,╣┼╕q┐д,10010140,ж╦▒T╢m,10010140-012,к@енз°,109.91,3.52,361.51,38.36,15.2,23.16,152.34,"103Y12M"
10010,╣┼╕q┐д,10010140,ж╦▒T╢m,10010140-013,е╒з√з°,114.72,3.03,199.85,34.9,10.99,23.91,217.46,"103Y12M"
10010,╣┼╕q┐д,10010140,ж╦▒T╢m,10010140-014,оч╖╜з°,125.95,3.22,140.92,42.14,15.25,26.89,176.38,"103Y12M"
10010,╣┼╕q┐д,10010140,ж╦▒T╢m,10010140-015,╢э┐│з°,114.75,3.54,218.83,42.78,17.85,24.93,139.69,"103Y12M"
10010,╣┼╕q┐д,10010140,ж╦▒T╢m,10010140-016,╕q╢йз°,127.42,3.37,174.79,34.29,16.,18.29,114.29,"103Y12M"
10010,╣┼╕q┐д,10010140,ж╦▒T╢m,10010140-017,└sдsз°,115.28,3.55,368.86,37.73,15.68,22.05,140.59,"103Y12M"
10010,╣┼╕q┐д,10010140,ж╦▒T╢m,10010140-018,дхФвз°,118.68,2.85,107.68,41.64,12.1,29.54,244.12,"103Y12M"
10010,╣┼╕q┐д,10010140,ж╦▒T╢m,10010140-019,кў╖рз°,123.28,2.55,72.03,45.1,13.17,31.93,242.55,"103Y12M"
10010,╣┼╕q┐д,10010140,ж╦▒T╢m,10010140-020,┤_кўз°,116.67,3.63,289.18,39.26,14.37,24.89,173.28,"103Y12M"
10010,╣┼╕q┐д,10010140,ж╦▒T╢m,10010140-021,╜vЇмз°,122.31,2.9,123.22,45.41,13.92,31.49,226.21,"103Y12M"
10010,╣┼╕q┐д,10010140,ж╦▒T╢m,10010140-022,дп╣╪з°,171.88,2.23,17.6,49.14,10.86,38.29,352.63,"103Y12M"
10010,╣┼╕q┐д,10010140,ж╦▒T╢m,10010140-023,ддйMз°,124.24,2.62,90.93,42.66,17.07,25.6,150.,"103Y12M"
10010,╣┼╕q┐д,10010140,ж╦▒T╢m,10010140-024,е·╡╪з°,137.68,2.75,34.71,44.16,11.68,32.47,277.94,"103Y12M"
10010,╣┼╕q┐д,10010150,▒Ўдs╢m,10010150-001,▒ЎкFз°,105.35,2.75,2445.76,43.59,13.25,30.34,229.03,"103Y12M"
10010,╣┼╕q┐д,10010150,▒Ўдs╢m,10010150-002,▒Ўлnз°,102.73,2.67,1243.04,47.68,14.7,32.98,224.32,"103Y12M"
10010,╣┼╕q┐д,10010150,▒Ўдs╢m,10010150-003,╣Lдsз°,110.46,2.97,120.05,47.71,11.47,36.24,316.,"103Y12M"
10010,╣┼╕q┐д,10010150,▒Ўдs╢m,10010150-004,▒Ўе_з°,103.94,3.,2460.05,38.24,16.28,21.96,134.9,"103Y12M"
10010,╣┼╕q┐д,10010150,▒Ўдs╢m,10010150-005,ж`лnз°,135.05,2.89,77.74,53.82,15.6,38.23,245.1,"103Y12M"
10010,╣┼╕q┐д,10010150,▒Ўдs╢m,10010150-006,е├┐│з°,106.49,3.06,337.9,46.54,16.59,29.95,180.56,"103Y12M"
10010,╣┼╕q┐д,10010150,▒Ўдs╢m,10010150-007,еbд╤з°,99.12,2.94,165.33,44.87,10.26,34.62,337.5,"103Y12M"
10010,╣┼╕q┐д,10010150,▒Ўдs╢m,10010150-008,ж`е_з°,112.54,3.41,176.13,47.14,13.02,34.12,262.12,"103Y12M"
10010,╣┼╕q┐д,10010150,▒Ўдs╢m,10010150-009,дjлnз°,121.03,3.27,338.05,42.47,15.5,26.96,173.95,"103Y12M"
10010,╣┼╕q┐д,10010150,▒Ўдs╢m,10010150-010,О{╖╦з°,120.,3.03,178.29,38.34,13.18,25.15,190.77,"103Y12M"
10010,╣┼╕q┐д,10010150,▒Ўдs╢m,10010150-011,жw╣tз°,129.02,3.14,266.13,41.85,11.1,30.76,277.22,"103Y12M"
10010,╣┼╕q┐д,10010150,▒Ўдs╢m,10010150-012,д╙енз°,136.65,2.93,104.58,44.88,12.44,32.44,260.78,"103Y12M"
10010,╣┼╕q┐д,10010150,▒Ўдs╢m,10010150-013,║╤┤Єз°,123.08,2.82,67.84,45.,8.64,36.36,421.05,"103Y12M"
10010,╣┼╕q┐д,10010150,▒Ўдs╢m,10010150-014,д╙┐│з°,129.77,3.19,72.7,31.38,8.78,22.61,257.58,"103Y12M"
10010,╣┼╕q┐д,10010150,▒Ўдs╢m,10010150-015,╖чФвз°,128.97,3.33,61.36,48.59,19.97,28.62,143.33,"103Y12M"
10010,╣┼╕q┐д,10010150,▒Ўдs╢m,10010150-016,╖чи╜з°,120.3,3.3,45.58,48.07,17.11,30.96,180.95,"103Y12M"
10010,╣┼╕q┐д,10010150,▒Ўдs╢m,10010150-017,д╙йMз°,122.94,3.13,39.16,45.79,17.63,28.16,159.7,"103Y12M"
10010,╣┼╕q┐д,10010150,▒Ўдs╢m,10010150-018,└s▓┤з°,119.91,2.59,92.75,46.39,10.84,35.54,327.78,"103Y12M"
10010,╣┼╕q┐д,10010160,╡f╕Ї╢m,10010160-001,ж┐жшз°,112.08,2.72,486.69,33.53,11.61,21.92,188.79,"103Y12M"
10010,╣┼╕q┐д,10010160,╡f╕Ї╢m,10010160-002,д║┬|з°,111.81,2.7,77.5,48.08,10.32,37.76,365.71,"103Y12M"
10010,╣┼╕q┐д,10010160,╡f╕Ї╢m,10010160-003,╖s║╓з°,119.05,3.22,260.19,42.18,17.55,24.64,140.41,"103Y12M"
10010,╣┼╕q┐д,10010160,╡f╕Ї╢m,10010160-004,дUз|з°,105.72,2.86,594.36,36.38,16.67,19.71,118.28,"103Y12M"
10010,╣┼╕q┐д,10010160,╡f╕Ї╢m,10010160-005,╡f╕Їз°,112.21,3.29,358.95,34.76,14.3,20.45,142.99,"103Y12M"
10010,╣┼╕q┐д,10010160,╡f╕Ї╢m,10010160-006,е┴йMз°,116.49,3.35,249.33,39.83,16.18,23.65,146.15,"103Y12M"
10010,╣┼╕q┐д,10010160,╡f╕Ї╢m,10010160-007,─▓дfз°,113.07,2.95,245.01,38.8,18.82,19.98,106.19,"103Y12M"
10010,╣┼╕q┐д,10010160,╡f╕Ї╢m,10010160-008,дj┤Єз°,141.41,2.85,68.47,46.83,16.23,30.6,188.51,"103Y12M"
10010,╣┼╕q┐д,10010160,╡f╕Ї╢m,10010160-009,д╜е╨з°,126.77,2.18,52.61,34.21,11.04,23.17,209.78,"103Y12M"
10010,╣┼╕q┐д,10010160,╡f╕Ї╢m,10010160-010,д╜┐│з°,158.19,1.98,36.23,38.98,10.67,28.31,265.22,"103Y12M"
10010,╣┼╕q┐д,10010160,╡f╕Ї╢m,10010160-011,пєдsз°,127.96,2.85,13.67,28.1,10.57,17.52,165.71,"103Y12M"
10010,╣┼╕q┐д,10010170,дjоH╢m,10010170-001,дjоHз°,103.58,2.36,512.24,34.32,17.47,16.86,96.51,"103Y12M"
10010,╣┼╕q┐д,10010170,дjоH╢m,10010170-002,йMенз°,109.19,2.49,16.21,32.69,18.02,14.66,81.37,"103Y12M"
10010,╣┼╕q┐д,10010170,дjоH╢m,10010170-003,е├╝╓з°,114.11,2.8,15.4,37.23,22.61,14.63,64.71,"103Y12M"
10010,╣┼╕q┐д,10010170,дjоH╢m,10010170-004,нX╨дз°,110.21,2.43,25.66,35.34,16.85,18.49,109.76,"103Y12M"
10010,╣┼╕q┐д,10010170,дjоH╢m,10010170-005,жш┐│з°,116.89,2.1,12.23,28.92,10.84,18.07,166.67,"103Y12M"
10010,╣┼╕q┐д,10010180,к№и╜дs╢m,10010180-001,дддsз°,111.17,2.69,7.09,33.44,11.04,22.39,202.78,"103Y12M"
10010,╣┼╕q┐д,10010180,к№и╜дs╢m,10010180-002,дде┐з°,114.02,2.63,37.73,28.65,12.36,16.29,131.82,"103Y12M"
10010,╣┼╕q┐д,10010180,к№и╜дs╢m,10010180-003,н╗кLз°,107.29,2.34,9.33,53.08,11.54,41.54,360.,"103Y12M"
10010,╣┼╕q┐д,10010180,к№и╜дs╢m,10010180-004,дQжrз°,144.29,2.87,14.22,50.,17.11,32.89,192.31,"103Y12M"
10010,╣┼╕q┐д,10010180,к№и╜дs╢m,10010180-005,и╙жNз°,103.54,2.92,16.84,34.33,19.67,14.67,74.58,"103Y12M"
10010,╣┼╕q┐д,10010180,к№и╜дs╢m,10010180-006,┬╫дsз°,140.25,3.03,9.99,42.01,20.82,21.19,101.79,"103Y12M"
10010,╣┼╕q┐д,10010180,к№и╜дs╢m,10010180-007,╣Fи╣з°,103.37,2.97,10.5,38.41,20.49,17.92,87.5,"103Y12M"
10010,╣┼╕q┐д,10010180,к№и╜дs╢m,10010180-008,╝╓│ез°,103.18,3.09,46.59,36.26,22.63,13.63,60.21,"103Y12M"
10010,╣┼╕q┐д,10010180,к№и╜дs╢m,10010180-009,и╜и╬з°,137.82,2.98,4.33,32.86,18.31,14.55,79.49,"103Y12M"
10010,╣┼╕q┐д,10010180,к№и╜дs╢m,10010180-010,дsм№з°,116.43,3.26,13.38,34.27,25.81,8.46,32.77,"103Y12M"
10010,╣┼╕q┐д,10010180,к№и╜дs╢m,10010180-011,╖sм№з°,109.73,3.1,11.5,40.58,25.36,15.22,60.,"103Y12M"
10010,╣┼╕q┐д,10010180,к№и╜дs╢m,10010180-012,п∙дsз°,119.29,2.79,12.06,38.29,22.97,15.32,66.67,"103Y12M"
10013,л╠кF┐д,10013010,л╠кFел,10013010-001,е·║aи╜,94.64,2.58,10625.98,43.19,16.09,27.09,168.37,"103Y12M"
10013,л╠кF┐д,10013010,л╠кFел,10013010-002,дхй·и╜,94.79,2.3,5330.19,55.09,20.,35.09,175.47,"103Y12M"
10013,л╠кF┐д,10013010,л╠кFел,10013010-003,кZ╝qи╜,99.5,2.62,10104.06,56.64,20.7,35.94,173.58,"103Y12M"
10013,л╠кF┐д,10013010,л╠кFел,10013010-004,дjжPи╜,92.89,2.67,12098.94,46.01,17.81,28.2,158.33,"103Y12M"
10013,л╠кF┐д,10013010,л╠кFел,10013010-005,оїжwи╜,100.,2.32,4848.36,48.43,16.59,31.84,191.89,"103Y12M"
10013,л╠кF┐д,10013010,л╠кFел,10013010-006,║▌е┐и╜,107.95,2.85,6278.12,37.72,11.84,25.88,218.52,"103Y12M"
10013,л╠кF┐д,10013010,л╠кFел,10013010-007,е┴┼vи╜,99.72,2.47,12099.27,35.58,11.15,24.42,218.97,"103Y12M"
10013,л╠кF┐д,10013010,л╠кFел,10013010-008,дjоHи╜,113.1,2.93,15604.54,38.69,12.62,26.07,206.49,"103Y12M"
10013,л╠кF┐д,10013010,л╠кFел,10013010-009,е▓лHи╜,106.09,2.75,12696.88,39.69,16.9,22.79,134.88,"103Y12M"
10013,л╠кF┐д,10013010,л╠кFел,10013010-010,▒R┤╝и╜,113.06,2.7,7810.05,35.53,12.03,23.5,195.24,"103Y12M"
10013,л╠кF┐д,10013010,л╠кFел,10013010-011,▒R┬зи╜,104.35,2.74,6618.32,52.23,16.6,35.63,214.63,"103Y12M"
10013,л╠кF┐д,10013010,л╠кFел,10013010-012,║√╖sи╜,107.18,2.68,16701.54,34.29,10.85,23.44,216.14,"103Y12M"
10013,л╠кF┐д,10013010,л╠кFел,10013010-013,жw╝╓и╜,100.,2.47,20066.44,41.63,14.59,27.03,185.25,"103Y12M"
10013,л╠кF┐д,10013010,л╠кFел,10013010-014,енйMи╜,103.66,2.45,14210.24,37.81,9.19,28.62,311.54,"103Y12M"
10013,л╠кF┐д,10013010,л╠кFел,10013010-015,╖г╛Ёи╜,100.,2.71,14637.32,36.68,8.44,28.23,334.38,"103Y12M"
10013,л╠кF┐д,10013010,л╠кFел,10013010-016,з▀н╖и╜,99.22,2.8,26187.08,41.73,17.1,24.63,144.09,"103Y12M"
10013,л╠кF┐д,10013010,л╠кFел,10013010-017,╝yмKи╜,117.81,2.3,4085.04,37.66,9.09,28.57,314.29,"103Y12M"
10013,л╠кF┐д,10013010,л╠кFел,10013010-018,кўмuи╜,93.64,2.64,14919.75,39.68,12.35,27.34,221.43,"103Y12M"
10013,л╠кF┐д,10013010,л╠кFел,10013010-019,│╙┬╫и╜,99.22,2.77,6515.16,44.23,15.49,28.73,185.45,"103Y12M"
10013,л╠кF┐д,10013010,л╠кFел,10013010-020,╛Їлnи╜,111.73,2.59,1944.72,35.89,16.15,19.74,122.17,"103Y12M"
10013,л╠кF┐д,10013010,л╠кFел,10013010-021,╛Їе_и╜,98.83,2.6,8627.97,36.09,12.38,23.7,191.4,"103Y12M"
10013,л╠кF┐д,10013010,л╠кFел,10013010-022,к°мKи╜,91.84,2.8,9272.07,45.26,26.15,19.12,73.1,"103Y12M"
10013,л╠кF┐д,10013010,л╠кFел,10013010-023,┬╫║aи╜,93.95,2.52,7996.68,36.8,15.31,21.48,140.3,"103Y12M"
10013,л╠кF┐д,10013010,л╠кFел,10013010-024,┬╫╖╜и╜,88.94,2.89,12214.46,46.13,25.29,20.83,82.35,"103Y12M"
10013,л╠кF┐д,10013010,л╠кFел,10013010-025,┬╫е╨и╜,94.07,2.86,11844.99,38.24,22.22,16.02,72.11,"103Y12M"
10013,л╠кF┐д,10013010,л╠кFел,10013010-026,дj│sи╜,94.16,2.86,15524.87,30.01,17.34,12.67,73.09,"103Y12M"
10013,л╠кF┐д,10013010,л╠кFел,10013010-027,┤Єжши╜,105.33,3.47,2986.94,33.97,15.6,18.37,117.73,"103Y12M"
10013,л╠кF┐д,10013010,л╠кFел,10013010-028,┤Єлnи╜,109.97,3.31,836.37,36.74,16.61,20.13,121.19,"103Y12M"
10013,л╠кF┐д,10013010,л╠кFел,10013010-029,┬kд▀и╜,110.11,3.35,2595.81,33.76,14.16,19.6,138.46,"103Y12M"
10013,л╠кF┐д,10013010,л╠кFел,10013010-030,╖че·и╜,100.,2.63,4969.91,35.73,16.88,18.85,111.67,"103Y12M"
10013,л╠кF┐д,10013010,л╠кFел,10013010-031,╖sе═и╜,102.68,2.89,7900.07,27.94,14.74,13.19,89.48,"103Y12M"
10013,л╠кF┐д,10013010,л╠кFел,10013010-032,│╗жvи╜,123.77,3.17,1014.14,29.19,10.46,18.74,179.17,"103Y12M"
10013,л╠кF┐д,10013010,л╠кFел,10013010-033,лpе═и╜,100.12,2.76,14756.18,34.87,15.77,19.1,121.11,"103Y12M"
10013,л╠кF┐д,10013010,л╠кFел,10013010-034,╛▄дпи╜,118.11,2.35,10646.28,31.81,9.67,22.14,228.95,"103Y12M"
10013,л╠кF┐д,10013010,л╠кFел,10013010-035,л╪░ъи╜,102.,2.35,9752.28,26.6,14.38,12.21,84.92,"103Y12M"
10013,л╠кF┐д,10013010,л╠кFел,10013010-036,д@д▀и╜,84.01,2.31,15126.87,30.6,15.63,14.98,95.83,"103Y12M"
10013,л╠кF┐д,10013010,л╠кFел,10013010-037,╕Uж~и╜,102.29,2.47,5341.34,37.54,9.86,27.68,280.7,"103Y12M"
10013,л╠кF┐д,10013010,л╠кFел,10013010-038,╕qлiи╜,93.01,2.29,1518.35,25.81,12.45,13.36,107.32,"103Y12M"
10013,л╠кF┐д,10013010,л╠кFел,10013010-039,е·╡╪и╜,125.54,2.43,10135.55,31.75,10.79,20.95,194.12,"103Y12M"
10013,л╠кF┐д,10013010,л╠кFел,10013010-040,е├жwи╜,99.44,2.78,10673.35,28.63,13.69,14.95,109.21,"103Y12M"
10013,л╠кF┐д,10013010,л╠кFел,10013010-041,╖s┐│и╜,109.27,3.17,2124.76,32.87,18.85,14.02,74.38,"103Y12M"
10013,л╠кF┐д,10013010,л╠кFел,10013010-042,д╜└]и╜,98.74,3.57,5687.94,35.18,13.54,21.63,159.77,"103Y12M"
10013,л╠кF┐д,10013010,л╠кFел,10013010-043,└s╡╪и╜,99.19,3.47,1217.32,35.73,16.05,19.68,122.57,"103Y12M"
10013,л╠кF┐д,10013010,л╠кFел,10013010-044,е╔жии╜,108.98,3.63,927.54,32.27,16.77,15.51,92.51,"103Y12M"
10013,л╠кF┐д,10013010,л╠кFел,10013010-045,│╗мhи╜,111.44,3.4,379.13,30.9,14.99,15.91,106.16,"103Y12M"
10013,л╠кF┐д,10013010,л╠кFел,10013010-046,дj┤Єи╜,109.28,3.31,942.07,27.08,12.38,14.71,118.81,"103Y12M"
10013,л╠кF┐д,10013010,л╠кFел,10013010-047,нт╢│и╜,104.65,2.33,1716.19,46.67,10.42,36.25,348.,"103Y12M"
10013,л╠кF┐д,10013010,л╠кFел,10013010-048,─P╡{и╜,106.8,2.29,769.11,43.92,21.62,22.3,103.13,"103Y12M"
10013,л╠кF┐д,10013010,л╠кFел,10013010-049,жw┬эи╜,103.99,2.93,7475.77,32.02,14.78,17.25,116.73,"103Y12M"
10013,л╠кF┐д,10013010,л╠кFел,10013010-050,е├е·и╜,115.32,2.83,14053.37,35.18,11.88,23.3,196.19,"103Y12M"
10013,л╠кF┐д,10013010,л╠кFел,10013010-051,дjмwи╜,114.03,3.13,322.91,28.65,14.14,14.51,102.56,"103Y12M"
10013,л╠кF┐д,10013010,л╠кFел,10013010-053,дjкZи╜,97.48,2.82,17549.55,27.3,15.78,11.52,73.05,"103Y12M"
10013,л╠кF┐д,10013010,л╠кFел,10013010-054,лe╢iи╜,110.06,3.09,416.97,29.57,12.4,17.16,138.34,"103Y12M"
10013,л╠кF┐д,10013010,л╠кFел,10013010-055,▓M╖╦и╜,97.22,2.76,5155.62,26.4,16.81,9.59,57.07,"103Y12M"
10013,л╠кF┐д,10013010,л╠кFел,10013010-056,к°жwи╜,115.9,2.8,4631.35,33.74,14.57,19.17,131.6,"103Y12M"
10013,л╠кF┐д,10013010,л╠кFел,10013010-057,е├╢╢и╜,115.23,2.4,7038.98,38.56,12.42,26.14,210.53,"103Y12M"
10013,л╠кF┐д,10013010,л╠кFел,10013010-058,е├йўи╜,97.44,2.22,7271.24,36.69,15.38,21.3,138.46,"103Y12M"
10013,л╠кF┐д,10013010,л╠кFел,10013010-059,┤╡дхи╜,93.57,2.68,14563.42,42.64,21.76,20.89,95.99,"103Y12M"
10013,л╠кF┐д,10013010,л╠кFел,10013010-060,╡╪дsи╜,89.83,2.96,7594.69,35.44,20.43,15.02,73.5,"103Y12M"
10013,л╠кF┐д,10013010,л╠кFел,10013010-061,┐│╝╓и╜,84.19,2.79,2707.72,55.85,28.43,27.42,96.47,"103Y12M"
10013,л╠кF┐д,10013010,л╠кFел,10013010-062,й·е┐и╜,91.81,2.51,12147.35,44.48,18.67,25.81,138.26,"103Y12M"
10013,л╠кF┐д,10013010,л╠кFел,10013010-063,д╙ени╜,98.1,2.52,9798.69,46.64,18.31,28.33,154.7,"103Y12M"
10013,л╠кF┐д,10013010,л╠кFел,10013010-064,дде┐и╜,94.88,2.76,15823.59,29.89,17.21,12.68,73.64,"103Y12M"
10013,л╠кF┐д,10013010,л╠кFел,10013010-065,│╙зQи╜,104.5,2.33,9061.59,27.57,12.46,15.12,121.36,"103Y12M"
10013,л╠кF┐д,10013010,л╠кFел,10013010-066,е├л░и╜,96.17,2.52,10422.54,36.43,14.12,22.31,158.08,"103Y12M"
10013,л╠кF┐д,10013010,л╠кFел,10013010-067,╖╛м№и╜,93.59,2.77,10691.5,42.6,23.09,19.51,84.52,"103Y12M"
10013,л╠кF┐д,10013010,л╠кFел,10013010-068,е_╢╒и╜,97.71,2.77,11758.43,36.06,15.35,20.71,134.89,"103Y12M"
10013,л╠кF┐д,10013010,л╠кFел,10013010-069,е_┐│и╜,94.56,2.76,10444.79,30.57,17.85,12.72,71.26,"103Y12M"
10013,л╠кF┐д,10013010,л╠кFел,10013010-070,дп╖Rи╜,88.36,2.91,19615.98,42.74,25.63,17.11,66.73,"103Y12M"
10013,л╠кF┐д,10013010,л╠кFел,10013010-071,╝s┐│и╜,99.92,3.1,497.97,31.22,13.49,17.73,131.43,"103Y12M"
10013,л╠кF┐д,10013010,л╠кFел,10013010-073,▒R─їи╜,96.26,2.78,12866.,32.,19.62,12.38,63.08,"103Y12M"
10013,л╠кF┐д,10013010,л╠кFел,10013010-074,к┼╡╛и╜,96.66,2.49,15762.45,42.34,14.82,27.52,185.71,"103Y12M"
10013,л╠кF┐д,10013010,л╠кFел,10013010-075,╝цсYи╜,93.4,2.62,1830.68,29.54,17.94,11.6,64.63,"103Y12M"
10013,л╠кF┐д,10013010,л╠кFел,10013010-076,дTдsи╜,102.23,3.2,1546.58,32.67,13.19,19.48,147.71,"103Y12M"
10013,л╠кF┐д,10013010,л╠кFел,10013010-077,о№┬╫и╜,112.61,3.29,704.24,35.48,13.25,22.22,167.68,"103Y12M"
10013,л╠кF┐д,10013010,л╠кFел,10013010-078,дп╕qи╜,115.22,3.34,1284.79,34.03,15.77,18.26,115.82,"103Y12M"
10013,л╠кF┐д,10013010,л╠кFел,10013010-079,йM┐│и╜,106.48,3.,625.4,30.71,15.52,15.19,97.86,"103Y12M"
10013,л╠кF┐д,10013010,л╠кFел,10013010-080,лHйMи╜,112.34,3.27,703.83,32.75,12.59,20.16,160.12,"103Y12M"
10013,л╠кF┐д,10013010,л╠кFел,10013010-081,▒RкZи╜,93.5,2.37,8734.7,40.06,18.71,21.35,114.16,"103Y12M"
10013,л╠кF┐д,10013020,╝щж{┬э,10013020-001,╝щж{и╜,108.,2.67,8649.25,45.12,14.42,30.7,212.9,"103Y12M"
10013,л╠кF┐д,10013020,╝щж{┬э,10013020-002,жP║aи╜,97.8,2.72,7414.9,38.61,9.07,29.54,325.53,"103Y12M"
10013,л╠кF┐д,10013020,╝щж{┬э,10013020-003,╖s║aи╜,102.3,2.73,10021.34,37.1,13.68,23.42,171.14,"103Y12M"
10013,л╠кF┐д,10013020,╝щж{┬э,10013020-004,╖sе═и╜,105.16,2.7,7999.68,38.93,15.15,23.78,156.92,"103Y12M"
10013,л╠кF┐д,10013020,╝щж{┬э,10013020-005,е·╡╪и╜,96.38,2.75,8252.96,31.92,17.41,14.5,83.29,"103Y12M"
10013,л╠кF┐д,10013020,╝щж{┬э,10013020-006,┤^л░и╜,105.17,3.27,890.92,34.9,16.08,18.82,117.07,"103Y12M"
10013,л╠кF┐д,10013020,╝щж{┬э,10013020-007,дTмPи╜,97.57,2.84,3053.51,30.26,17.18,13.07,76.07,"103Y12M"
10013,л╠кF┐д,10013020,╝щж{┬э,10013020-008,дTж@и╜,96.95,2.8,5123.1,31.67,14.99,16.68,111.3,"103Y12M"
10013,л╠кF┐д,10013020,╝щж{┬э,10013020-009,дTйMи╜,98.49,2.85,6923.65,35.34,19.19,16.15,84.18,"103Y12M"
10013,л╠кF┐д,10013020,╝щж{┬э,10013020-010,дн╗эи╜,101.31,2.99,1274.48,32.06,17.44,14.62,83.86,"103Y12M"
10013,л╠кF┐д,10013020,╝щж{┬э,10013020-011,╜┤╡▄и╜,102.22,2.99,931.36,34.23,16.28,17.95,110.28,"103Y12M"
10013,л╠кF┐д,10013020,╝щж{┬э,10013020-012,дK╖▌и╜,104.81,3.15,1338.79,32.87,15.46,17.41,112.58,"103Y12M"
10013,л╠кF┐д,10013020,╝щж{┬э,10013020-013,е├мKи╜,95.87,2.77,7485.8,29.4,16.67,12.74,76.42,"103Y12M"
10013,л╠кF┐д,10013020,╝щж{┬э,10013020-014,┤IмKи╜,102.48,2.8,4681.22,38.48,16.65,21.83,131.07,"103Y12M"
10013,л╠кF┐д,10013020,╝щж{┬э,10013020-015,е·мKи╜,107.1,3.1,529.53,32.95,15.87,17.09,107.69,"103Y12M"
10013,л╠кF┐д,10013020,╝щж{┬э,10013020-016,┐│м№и╜,109.46,3.04,338.34,30.45,12.78,17.67,138.24,"103Y12M"
10013,л╠кF┐д,10013020,╝щж{┬э,10013020-017,эBдlи╜,115.27,2.99,1864.93,40.28,19.43,20.85,107.32,"103Y12M"
10013,л╠кF┐д,10013020,╝щж{┬э,10013020-018,дE╢Їи╜,109.17,2.97,371.27,29.2,12.34,16.86,136.61,"103Y12M"
10013,л╠кF┐д,10013020,╝щж{┬э,10013020-019,кrкLи╜,106.32,3.33,274.91,35.14,14.64,20.5,140.,"103Y12M"
10013,л╠кF┐д,10013020,╝щж{┬э,10013020-020,е|мKи╜,107.19,3.21,559.93,33.27,10.84,22.43,207.02,"103Y12M"
10013,л╠кF┐д,10013020,╝щж{┬э,10013020-021,▒[кFи╜,113.86,3.05,276.31,35.82,13.77,22.05,160.11,"103Y12M"
10013,л╠кF┐д,10013030,кF┤ф┬э,10013030-001,╖s│╙и╜,99.61,2.83,13558.48,39.67,16.95,22.72,134.08,"103Y12M"
10013,л╠кF┐д,10013030,кF┤ф┬э,10013030-002,│╗╖sи╜,109.46,2.84,6719.29,42.18,18.84,23.34,123.86,"103Y12M"
10013,л╠кF┐д,10013030,кF┤ф┬э,10013030-003,│╗дди╜,97.71,2.77,18001.11,39.62,16.17,23.45,145.,"103Y12M"
10013,л╠кF┐д,10013030,кF┤ф┬э,10013030-004,кFйMи╜,99.04,2.8,5930.41,35.41,18.69,16.72,89.47,"103Y12M"
10013,л╠кF┐д,10013030,кF┤ф┬э,10013030-005,┐│еxи╜,108.58,2.76,9502.62,37.09,14.97,22.13,147.83,"103Y12M"
10013,л╠кF┐д,10013030,кF┤ф┬э,10013030-006,дд┐│и╜,99.16,2.74,28081.4,46.3,28.55,17.75,62.16,"103Y12M"
10013,л╠кF┐д,10013030,кF┤ф┬э,10013030-007,┤┬жwи╜,108.41,2.9,9433.84,45.62,22.38,23.25,103.88,"103Y12M"
10013,л╠кF┐д,10013030,кF┤ф┬э,10013030-008,дK╝wи╜,109.56,2.99,18402.55,45.5,26.,19.5,75.,"103Y12M"
10013,л╠кF┐д,10013030,кF┤ф┬э,10013030-009,кF╢йи╜,108.96,3.09,18031.04,43.92,23.79,20.13,84.59,"103Y12M"
10013,л╠кF┐д,10013030,кF┤ф┬э,10013030-010,┬╫║ои╜,105.07,2.8,3913.94,41.09,16.09,25.,155.42,"103Y12M"
10013,л╠кF┐д,10013030,кF┤ф┬э,10013030-011,▓▒║ои╜,104.9,3.08,17901.5,33.87,19.7,14.17,71.95,"103Y12M"
10013,л╠кF┐д,10013030,кF┤ф┬э,10013030-012,┐│║ои╜,100.08,3.43,25375.11,40.,22.96,17.04,74.24,"103Y12M"
10013,л╠кF┐д,10013030,кF┤ф┬э,10013030-013,┬эо№и╜,103.34,3.05,8932.4,31.74,18.8,12.93,68.79,"103Y12M"
10013,л╠кF┐д,10013030,кF┤ф┬э,10013030-014,╣┼╜ми╜,100.09,3.33,1682.67,38.72,25.49,13.23,51.91,"103Y12M"
10013,л╠кF┐д,10013030,кF┤ф┬э,10013030-015,лnени╜,117.64,2.73,377.35,31.42,14.58,16.84,115.53,"103Y12M"
10013,л╠кF┐д,10013030,кF┤ф┬э,10013030-016,▓ю└Yи╜,98.5,2.8,2182.04,34.47,23.11,11.36,49.15,"103Y12M"
10013,л╠кF┐д,10013030,кF┤ф┬э,10013030-017,дUб╜и╜,107.92,3.56,873.32,34.97,16.74,18.23,108.87,"103Y12M"
10013,л╠кF┐д,10013030,кF┤ф┬э,10013030-018,дj╝ци╜,108.69,3.09,494.44,36.99,14.4,22.59,156.85,"103Y12M"
10013,л╠кF┐д,10013030,кF┤ф┬э,10013030-019,┐│кFи╜,97.2,2.94,2822.4,32.68,22.63,10.05,44.4,"103Y12M"
10013,л╠кF┐д,10013030,кF┤ф┬э,10013030-020,┐│╣Aи╜,105.1,2.77,1023.66,31.36,19.35,12.01,62.1,"103Y12M"
10013,л╠кF┐д,10013030,кF┤ф┬э,10013030-021,┐│йMи╜,99.84,3.34,423.72,31.72,14.93,16.79,112.41,"103Y12M"
10013,л╠кF┐д,10013030,кF┤ф┬э,10013030-022,ж@йMи╜,102.98,2.87,2667.09,42.38,19.,23.38,123.08,"103Y12M"
10013,л╠кF┐д,10013030,кF┤ф┬э,10013030-023,дj─Pи╜,132.53,2.24,83.81,34.97,6.99,27.97,400.,"103Y12M"
10013,л╠кF┐д,10013040,лэмK┬э,10013040-001,л░лnи╜,101.77,2.59,4493.8,46.91,24.1,22.81,94.65,"103Y12M"
10013,л╠кF┐д,10013040,лэмK┬э,10013040-002,л░е_и╜,91.43,2.72,6998.46,37.21,21.38,15.83,74.07,"103Y12M"
10013,л╠кF┐д,10013040,лэмK┬э,10013040-003,л░жши╜,101.03,2.6,5823.98,39.19,19.8,19.39,97.95,"103Y12M"
10013,л╠кF┐д,10013040,лэмK┬э,10013040-004,дs╕}и╜,96.13,2.73,357.87,38.75,22.22,16.53,74.37,"103Y12M"
10013,л╠кF┐д,10013040,лэмK┬э,10013040-005,║Їп╜и╜,102.02,2.81,258.04,39.84,22.85,16.99,74.38,"103Y12M"
10013,л╠кF┐д,10013040,лэмK┬э,10013040-006,дп╣╪и╜,108.2,2.72,67.44,38.8,18.44,20.36,110.37,"103Y12M"
10013,л╠кF┐д,10013040,лэмK┬э,10013040-007,нX┤Єи╜,118.12,2.92,242.83,42.32,17.26,25.06,145.21,"103Y12M"
10013,л╠кF┐д,10013040,лэмK┬э,10013040-008,└Y╖╛и╜,118.47,2.33,80.65,51.11,16.39,34.72,211.86,"103Y12M"
10013,л╠кF┐д,10013040,лэмK┬э,10013040-009,е|╖╛и╜,122.75,2.71,249.15,38.2,16.37,21.83,133.33,"103Y12M"
10013,л╠кF┐д,10013040,лэмK┬э,10013040-010,╝wйMи╜,100.71,2.84,213.86,37.12,20.56,16.57,80.59,"103Y12M"
10013,л╠кF┐д,10013040,лэмK┬э,10013040-011,└sдЇи╜,106.71,2.66,198.43,37.73,18.32,19.41,105.95,"103Y12M"
10013,л╠кF┐д,10013040,лэмK┬э,10013040-012,дsо№и╜,114.81,2.94,310.89,42.94,20.46,22.48,109.85,"103Y12M"
10013,л╠кF┐д,10013040,лэмK┬э,10013040-013,дjе·и╜,110.25,2.92,442.68,40.72,21.64,19.09,88.21,"103Y12M"
10013,л╠кF┐д,10013040,лэмK┬э,10013040-014,дЇмuи╜,121.07,2.83,175.61,42.97,17.27,25.69,148.74,"103Y12M"
10013,л╠кF┐д,10013040,лэмK┬э,10013040-015,лn╞Wи╜,105.22,2.82,242.77,32.38,19.28,13.1,67.96,"103Y12M"
10013,л╠кF┐д,10013040,лэмK┬э,10013040-016,╛┴дBи╜,100.,2.66,77.42,32.75,16.2,16.55,102.15,"103Y12M"
10013,л╠кF┐д,10013040,лэмK┬э,10013040-017,├Z╞qи╜,115.31,2.67,73.67,34.19,18.19,16.,87.98,"103Y12M"
10013,л╠кF┐д,10013050,╕Uдж╢m,10013050-001,╕Uжwз°,101.63,3.29,1082.35,43.35,21.,22.35,106.42,"103Y12M"
10013,л╠кF┐д,10013050,╕Uдж╢m,10013050-002,╕U┤fз°,105.45,3.25,2055.17,44.26,21.86,22.4,102.5,"103Y12M"
10013,л╠кF┐д,10013050,╕Uдж╢m,10013050-003,╕Uе■з°,101.88,3.29,3811.28,32.65,14.88,17.77,119.4,"103Y12M"
10013,л╠кF┐д,10013050,╕Uдж╢m,10013050-004,╕Uлсз°,96.01,3.08,1656.01,37.11,23.81,13.3,55.86,"103Y12M"
10013,л╠кF┐д,10013050,╕Uдж╢m,10013050-005,╕Uе═з°,103.79,3.29,552.52,35.06,16.31,18.75,114.9,"103Y12M"
10013,л╠кF┐д,10013050,╕Uдж╢m,10013050-006,─_нэз°,106.18,3.57,1739.42,37.04,19.75,17.29,87.56,"103Y12M"
10013,л╠кF┐д,10013050,╕Uдж╢m,10013050-007,е|║√з°,109.08,3.4,703.97,33.76,17.82,15.94,89.44,"103Y12M"
10013,л╠кF┐д,10013050,╕Uдж╢m,10013050-008,ж╦кLз°,111.12,3.67,366.74,34.03,14.86,19.17,128.96,"103Y12M"
10013,л╠кF┐д,10013050,╕Uдж╢m,10013050-009,╝sжwз°,109.19,3.46,828.52,29.51,13.83,15.68,113.36,"103Y12M"
10013,л╠кF┐д,10013050,╕Uдж╢m,10013050-010,е╨нэз°,99.67,3.75,1013.22,37.49,19.59,17.89,91.33,"103Y12M"
10013,л╠кF┐д,10013050,╕Uдж╢m,10013050-011,▒[│╗з°,110.22,3.41,551.4,29.5,16.74,12.76,76.21,"103Y12M"
10013,л╠кF┐д,10013050,╕Uдж╢m,10013050-012,ШGе_з°,104.67,4.18,912.92,36.75,15.76,20.99,133.18,"103Y12M"
10013,л╠кF┐д,10013050,╕Uдж╢m,10013050-013,ШGлnз°,115.66,3.92,1285.36,35.77,16.77,19.,113.27,"103Y12M"
10013,л╠кF┐д,10013050,╕Uдж╢m,10013050-014,дWз°з°,96.87,3.74,822.86,31.89,16.92,14.97,88.43,"103Y12M"
10013,л╠кF┐д,10013050,╕Uдж╢m,10013050-015,е[┐│з°,112.71,3.58,1756.82,33.9,16.01,17.9,111.8,"103Y12M"
10013,л╠кF┐д,10013050,╕Uдж╢m,10013050-016,к└дfз°,110.04,3.79,464.03,31.95,15.35,16.6,108.11,"103Y12M"
10013,л╠кF┐д,10013050,╕Uдж╢m,10013050-017,┐j╝dз°,110.64,3.44,219.31,33.33,15.33,18.,117.42,"103Y12M"
10013,л╠кF┐д,10013050,╕Uдж╢m,10013050-018,к└е╓з°,110.77,3.56,6958.72,30.49,15.05,15.44,102.56,"103Y12M"
10013,л╠кF┐д,10013050,╕Uдж╢m,10013050-019,к└дWз°,117.6,3.31,1766.07,29.,13.75,15.24,110.84,"103Y12M"
10013,л╠кF┐д,10013050,╕Uдж╢m,10013050-020,к└ддз°,109.58,3.34,2977.5,29.97,15.02,14.95,99.56,"103Y12M"
10013,л╠кF┐д,10013050,╕Uдж╢m,10013050-021,дЇмuз°,104.13,3.7,1362.1,35.31,20.33,14.98,73.67,"103Y12M"
10013,л╠кF┐д,10013050,╕Uдж╢m,10013050-022,╖s╔▄з°,105.32,3.5,1710.29,36.38,15.81,20.57,130.14,"103Y12M"
10013,л╠кF┐д,10013050,╕Uдж╢m,10013050-023,н╗к└з°,109.66,3.66,1446.76,34.22,15.75,18.47,117.29,"103Y12M"
10013,л╠кF┐д,10013050,╕Uдж╢m,10013050-024,лсз°з°,115.77,3.54,686.96,35.37,15.26,20.11,131.72,"103Y12M"
10013,л╠кF┐д,10013050,╕Uдж╢m,10013050-025,╖s─┴з°,104.06,3.76,1642.28,36.12,17.48,18.64,106.65,"103Y12M"
10013,л╠кF┐д,10013050,╕Uдж╢m,10013050-026,╞Wд║з°,112.63,3.93,467.74,36.58,19.06,17.52,91.91,"103Y12M"
10013,л╠кF┐д,10013050,╕Uдж╢m,10013050-027,┐│е■з°,110.98,3.7,1018.07,36.35,16.16,20.2,125.,"103Y12M"
10013,л╠кF┐д,10013050,╕Uдж╢m,10013050-028,┐│жwз°,92.18,3.69,698.,33.51,14.23,19.28,135.45,"103Y12M"
10013,л╠кF┐д,10013050,╕Uдж╢m,10013050-029,дЇеPз°,101.23,3.6,697.48,36.95,18.79,18.16,96.67,"103Y12M"
10013,л╠кF┐д,10013050,╕Uдж╢m,10013050-030,е╠┤┼з°,102.48,3.36,143.52,39.2,20.45,18.75,91.67,"103Y12M"
10013,л╠кF┐д,10013060,к°кv╢m,10013060-001,╢i┐│з°,108.59,2.9,771.07,29.09,11.67,17.42,149.25,"103Y12M"
10013,л╠кF┐д,10013060,к°кv╢m,10013060-002,╖s╝цз°,109.43,2.83,2737.43,27.75,12.24,15.52,126.77,"103Y12M"
10013,л╠кF┐д,10013060,к°кv╢m,10013060-003,╝ц└Yз°,102.32,3.19,1393.45,34.57,16.4,18.17,110.8,"103Y12M"
10013,л╠кF┐д,10013060,к°кv╢m,10013060-004,н╗╖из°,101.71,2.7,2404.53,28.82,14.98,13.84,92.4,"103Y12M"
10013,л╠кF┐д,10013060,к°кv╢m,10013060-005,к°┐│з°,110.91,2.91,882.16,34.15,13.66,20.49,150.,"103Y12M"
10013,л╠кF┐д,10013060,к°кv╢m,10013060-006,╝wжиз°,116.33,2.99,956.12,35.99,12.42,23.57,189.8,"103Y12M"
10013,л╠кF┐д,10013060,к°кv╢m,10013060-007,╝wиєз°,102.97,3.23,435.18,35.95,13.1,22.85,174.4,"103Y12M"
10013,л╠кF┐д,10013060,к°кv╢m,10013060-008,┤_┐│з°,112.84,2.91,595.91,33.17,11.24,21.93,195.,"103Y12M"
10013,л╠кF┐д,10013060,к°кv╢m,10013060-009,▒[дWз°,111.1,3.09,1595.72,30.55,11.78,18.78,159.43,"103Y12M"
10013,л╠кF┐д,10013060,к°кv╢m,10013060-010,╝w║aз°,117.17,3.42,702.19,30.59,10.89,19.7,180.87,"103Y12M"
10013,л╠кF┐д,10013060,к°кv╢m,10013060-011,╝wйMз°,108.12,2.93,219.06,28.88,11.64,17.24,148.15,"103Y12M"
10013,л╠кF┐д,10013060,к°кv╢m,10013060-012,┴c╡╪з°,111.51,3.33,465.21,34.33,13.99,20.34,145.36,"103Y12M"
10013,л╠кF┐д,10013060,к°кv╢m,10013060-013,┴cйўз°,115.26,3.64,433.8,35.5,14.21,21.28,149.77,"103Y12M"
10013,л╠кF┐д,10013060,к°кv╢m,10013060-014,┴c║aз°,117.61,3.37,884.12,32.69,13.78,18.91,137.21,"103Y12M"
10013,л╠кF┐д,10013060,к°кv╢m,10013060-015,┴c╢йз°,104.29,3.19,793.32,36.96,14.68,22.28,151.75,"103Y12M"
10013,л╠кF┐д,10013060,к°кv╢m,10013060-016,║a╡╪з°,104.75,2.88,107.48,40.24,22.43,17.81,79.39,"103Y12M"
10013,л╠кF┐д,10013070,┼яме╢m,10013070-001,╖sе╨з°,105.73,3.17,442.58,31.56,11.43,20.13,176.08,"103Y12M"
10013,л╠кF┐д,10013070,┼яме╢m,10013070-002,┼я│╗з°,107.43,3.14,2198.81,31.05,12.03,19.01,158.,"103Y12M"
10013,л╠кF┐д,10013070,┼яме╢m,10013070-003,┼я┐сз°,104.66,2.85,1024.22,33.16,10.07,23.09,229.41,"103Y12M"
10013,л╠кF┐д,10013070,┼яме╢m,10013070-004,┼я│kз°,105.83,2.92,1683.67,33.41,12.88,20.53,159.36,"103Y12M"
10013,л╠кF┐д,10013070,┼яме╢m,10013070-005,е╨ддз°,110.7,3.32,1183.52,34.44,11.22,23.22,206.96,"103Y12M"
10013,л╠кF┐д,10013070,┼яме╢m,10013070-006,е╨д▀з°,104.31,3.12,573.38,32.4,10.2,22.21,217.81,"103Y12M"
10013,л╠кF┐д,10013070,┼яме╢m,10013070-007,е╨╣Dз°,118.,2.93,460.17,38.73,8.55,30.18,353.19,"103Y12M"
10013,л╠кF┐д,10013080,дEжp╢m,10013080-001,дE▓Mз°,98.02,3.31,3517.06,35.49,15.37,20.12,130.88,"103Y12M"
10013,л╠кF┐д,10013080,дEжp╢m,10013080-002,дE╢Їз°,103.91,3.39,7499.27,35.2,15.89,19.31,121.58,"103Y12M"
10013,л╠кF┐д,10013080,дEжp╢m,10013080-003,дEй·з°,115.08,3.17,181.35,34.45,16.9,17.55,103.86,"103Y12M"
10013,л╠кF┐д,10013080,дEжp╢m,10013080-004,е╔дЇз°,107.33,3.26,315.36,40.05,16.13,23.92,148.3,"103Y12M"
10013,л╠кF┐д,10013080,дEжp╢m,10013080-005,дj╦·з°,104.31,3.17,282.9,32.07,16.63,15.44,92.81,"103Y12M"
10013,л╠кF┐д,10013080,дEжp╢m,10013080-006,дT╢Їз°,112.53,3.44,386.04,31.04,15.88,15.17,95.54,"103Y12M"
10013,л╠кF┐д,10013080,дEжp╢m,10013080-007,лс╔▄з°,110.08,3.43,858.08,33.68,14.24,19.44,136.49,"103Y12M"
10013,л╠кF┐д,10013080,дEжp╢m,10013080-008,п╧ж╤з°,115.48,3.23,661.96,36.35,14.5,21.85,150.65,"103Y12M"
10013,л╠кF┐д,10013080,дEжp╢m,10013080-009,мв┐│з°,111.12,3.56,1144.8,31.73,13.73,18.,131.11,"103Y12M"
10013,л╠кF┐д,10013080,дEжp╢m,10013080-010,кF╣чз°,101.77,3.15,991.71,30.97,16.18,14.79,91.46,"103Y12M"
10013,л╠кF┐д,10013080,дEжp╢m,10013080-011,е╔мuз°,111.85,3.22,278.47,33.72,15.32,18.4,120.1,"103Y12M"
10013,л╠кF┐д,10013090,и╜┤ф╢m,10013090-001,е╔е╨з°,97.54,3.28,2681.95,34.96,20.25,14.72,72.69,"103Y12M"
10013,л╠кF┐д,10013090,и╜┤ф╢m,10013090-002,дjенз°,95.84,3.04,10411.14,43.85,17.4,26.45,152.05,"103Y12M"
10013,л╠кF┐д,10013090,и╜┤ф╢m,10013090-003,е├мKз°,106.67,3.13,5642.73,39.23,19.15,20.08,104.83,"103Y12M"
10013,л╠кF┐д,10013090,и╜┤ф╢m,10013090-004,мKкLз°,98.38,3.11,1592.39,43.44,20.59,22.84,110.92,"103Y12M"
10013,л╠кF┐д,10013090,и╜┤ф╢m,10013090-005,╣Lж┐з°,100.32,3.13,1025.91,37.52,21.29,16.23,76.24,"103Y12M"
10013,л╠кF┐д,10013090,и╜┤ф╢m,10013090-006,┼Kй▒з°,101.18,3.38,1163.54,36.15,18.75,17.4,92.77,"103Y12M"
10013,л╠кF┐д,10013090,и╜┤ф╢m,10013090-007,╢Ё╝╙з°,106.43,3.49,540.29,37.52,16.84,20.68,122.77,"103Y12M"
10013,л╠кF┐д,10013090,и╜┤ф╢m,10013090-008,╝щнэз°,106.37,3.75,411.31,39.29,19.97,19.31,96.72,"103Y12M"
10013,л╠кF┐д,10013090,и╜┤ф╢m,10013090-009,нX╨дз°,107.36,3.05,339.08,45.69,18.13,27.57,152.07,"103Y12M"
10013,л╠кF┐д,10013090,и╜┤ф╢m,10013090-010,╕№┐│з°,100.14,3.52,266.16,39.26,17.38,21.87,125.82,"103Y12M"
10013,л╠кF┐д,10013090,и╜┤ф╢m,10013090-011,дgоwз°,106.99,3.22,167.27,37.56,15.81,21.76,137.63,"103Y12M"
10013,л╠кF┐д,10013090,и╜┤ф╢m,10013090-012,дTб╜з°,105.24,3.53,334.21,41.37,19.33,22.04,114.,"103Y12M"
10013,л╠кF┐д,10013090,и╜┤ф╢m,10013090-013,ддйMз°,111.11,3.38,109.23,38.01,18.28,19.73,107.95,"103Y12M"
10013,л╠кF┐д,10013090,и╜┤ф╢m,10013090-014,─jдOз°,127.97,3.32,86.02,34.01,11.71,22.3,190.38,"103Y12M"
10013,л╠кF┐д,10013100,╞QоH╢m,10013100-001,╖s│Єз°,103.04,3.66,1323.73,33.04,15.82,17.22,108.85,"103Y12M"
10013,л╠кF┐д,10013100,╞QоH╢m,10013100-002,░ко╘з°,106.52,3.78,515.12,35.53,15.91,19.62,123.37,"103Y12M"
10013,л╠кF┐д,10013100,╞QоH╢m,10013100-003,╞Qе_з°,108.07,3.42,517.05,35.68,16.86,18.83,111.7,"103Y12M"
10013,л╠кF┐д,10013100,╞QоH╢m,10013100-004,╞Qддз°,105.76,3.23,584.29,36.71,15.97,20.75,129.94,"103Y12M"
10013,л╠кF┐д,10013100,╞QоH╢m,10013100-005,╞Qлnз°,110.26,3.41,1878.07,33.29,14.11,19.18,135.94,"103Y12M"
10013,л╠кF┐д,10013100,╞QоH╢m,10013100-006,еK╡│з°,108.81,3.62,273.35,35.83,17.09,18.74,109.68,"103Y12M"
10013,л╠кF┐д,10013100,╞QоH╢m,10013100-007,о╢┐│з°,118.22,3.14,171.41,37.06,13.22,23.84,180.29,"103Y12M"
10013,л╠кF┐д,10013100,╞QоH╢m,10013100-008,е├╢йз°,113.06,2.83,136.68,29.9,11.65,18.25,156.67,"103Y12M"
10013,л╠кF┐д,10013100,╞QоH╢m,10013100-009,д[╖Rз°,112.52,3.46,537.27,29.92,10.95,18.96,173.12,"103Y12M"
10013,л╠кF┐д,10013100,╞QоH╢m,10013100-010,ме╢зз°,108.31,3.07,399.3,32.86,14.39,18.47,128.36,"103Y12M"
10013,л╠кF┐д,10013100,╞QоH╢m,10013100-011,╖sдGз°,103.62,3.32,625.73,31.36,14.71,16.66,113.26,"103Y12M"
10013,л╠кF┐д,10013100,╞QоH╢m,10013100-012,┤^нэз°,115.62,3.41,276.57,38.56,14.81,23.75,160.33,"103Y12M"
10013,л╠кF┐д,10013110,░к╛Ё╢m,10013110-001,░к╛Ёз°,111.88,2.53,1049.87,47.97,16.3,31.67,194.31,"103Y12M"
10013,л╠кF┐д,10013110,░к╛Ё╢m,10013110-002,к°║aз°,108.16,2.55,869.85,48.72,14.72,33.99,230.87,"103Y12M"
10013,л╠кF┐д,10013110,░к╛Ё╢m,10013110-003,кF┐│з°,108.62,2.47,443.41,55.38,13.72,41.67,303.8,"103Y12M"
10013,л╠кF┐д,10013110,░к╛Ё╢m,10013110-004,кFо╢з°,112.72,2.34,162.12,49.59,11.99,37.6,313.56,"103Y12M"
10013,л╠кF┐д,10013110,░к╛Ё╢m,10013110-005,╖╜мuз°,108.67,3.03,267.92,37.44,14.95,22.49,150.38,"103Y12M"
10013,л╠кF┐д,10013110,░к╛Ё╢m,10013110-006,л╪┐│з°,121.88,2.83,323.76,45.29,17.26,28.03,162.42,"103Y12M"
10013,л╠кF┐д,10013110,░к╛Ё╢m,10013110-007,дjоHз°,132.16,2.46,120.05,57.18,10.05,47.13,469.05,"103Y12M"
10013,л╠кF┐д,10013110,░к╛Ё╢m,10013110-008,╡ц╝dз°,122.3,3.03,224.83,55.02,13.55,41.47,306.17,"103Y12M"
10013,л╠кF┐д,10013110,░к╛Ё╢m,10013110-009,еq░из°,133.02,2.72,1009.86,46.89,11.67,35.21,301.67,"103Y12M"
10013,л╠кF┐д,10013110,░к╛Ё╢m,10013110-010,┬┬╝dз°,113.52,2.68,224.24,43.41,12.67,30.74,242.52,"103Y12M"
10013,л╠кF┐д,10013110,░к╛Ё╢m,10013110-011,╖s┬╫з°,107.8,2.73,215.19,42.,13.08,28.92,221.02,"103Y12M"
10013,л╠кF┐д,10013110,░к╛Ё╢m,10013110-012,оїдsз°,115.54,2.41,207.71,43.27,16.14,27.12,168.02,"103Y12M"
10013,л╠кF┐д,10013110,░к╛Ё╢m,10013110-013,лn╡╪з°,115.72,2.83,286.38,38.69,13.76,24.93,181.12,"103Y12M"
10013,л╠кF┐д,10013110,░к╛Ё╢m,10013110-014,╝s║╓з°,110.87,2.63,180.98,39.07,11.83,27.24,230.3,"103Y12M"
10013,л╠кF┐д,10013110,░к╛Ё╢m,10013110-015,╝s┐│з°,114.77,3.11,232.87,33.5,15.44,18.06,116.99,"103Y12M"
10013,л╠кF┐д,10013110,░к╛Ё╢m,10013110-016,┬┬╔▄з°,114.23,3.05,278.63,38.71,15.09,23.62,156.49,"103Y12M"
10013,л╠кF┐д,10013110,░к╛Ё╢m,10013110-017,е╨дlз°,113.32,2.93,662.17,44.74,16.36,28.38,173.43,"103Y12M"
10013,л╠кF┐д,10013110,░к╛Ё╢m,10013110-018,╞Q╛Ёз°,117.37,2.59,222.06,52.36,12.91,39.45,305.69,"103Y12M"
10013,л╠кF┐д,10013110,░к╛Ё╢m,10013110-019,╖sлnз°,107.86,3.04,179.32,32.33,10.01,22.32,223.08,"103Y12M"
10013,л╠кF┐д,10013120,╕U┼r╢m,10013120-001,╕U┼rз°,103.4,3.14,695.87,37.42,11.67,25.74,220.49,"103Y12M"
10013,л╠кF┐д,10013120,╕U┼r╢m,10013120-002,╕Uе■з°,112.07,3.03,494.18,40.46,11.58,28.87,249.3,"103Y12M"
10013,л╠кF┐д,10013120,╕U┼r╢m,10013120-003,╕UйMз°,104.31,3.15,2229.55,37.94,14.17,23.76,167.69,"103Y12M"
10013,л╠кF┐д,10013120,╕U┼r╢m,10013120-004,│└╝dз°,109.06,3.2,319.83,43.32,11.88,31.44,264.77,"103Y12M"
10013,л╠кF┐д,10013120,╕U┼r╢m,10013120-005,▓╕╢└з°,115.,3.29,351.28,37.23,12.13,25.11,207.02,"103Y12M"
10013,л╠кF┐д,10013120,╕U┼r╢m,10013120-006,кr╖╛з°,116.,2.9,255.62,42.43,8.94,33.49,374.36,"103Y12M"
10013,л╠кF┐д,10013120,╕U┼r╢m,10013120-007,дн╖╛з°,120.33,2.97,285.48,47.51,11.66,35.84,307.29,"103Y12M"
10013,л╠кF┐д,10013120,╕U┼r╢m,10013120-008,жи╝wз°,120.21,3.18,159.27,42.11,12.45,29.67,238.36,"103Y12M"
10013,л╠кF┐д,10013120,╕U┼r╢m,10013120-009,╕Uкўз°,117.47,3.43,450.19,31.89,15.59,16.3,104.58,"103Y12M"
10013,л╠кF┐д,10013120,╕U┼r╢m,10013120-010,икдsз°,110.59,3.1,582.23,33.76,15.56,18.21,117.03,"103Y12M"
10013,л╠кF┐д,10013120,╕U┼r╢m,10013120-011,и╬жїз°,101.14,3.65,462.54,35.17,15.39,19.78,128.51,"103Y12M"
10013,л╠кF┐д,10013120,╕U┼r╢m,10013120-012,и╬йMз°,106.5,3.72,518.53,39.2,16.02,23.19,144.78,"103Y12M"
10013,л╠кF┐д,10013120,╕U┼r╢m,10013120-013,╖sнэз°,107.34,3.59,244.74,33.82,18.14,15.68,86.43,"103Y12M"
10013,л╠кF┐д,10013120,╕U┼r╢m,10013120-014,╖s╕mз°,112.29,2.88,148.88,32.4,13.97,18.43,131.94,"103Y12M"
10013,л╠кF┐д,10013130,д║оH╢m,10013130-001,д║оHз°,99.79,2.71,3564.98,34.61,15.79,18.82,119.2,"103Y12M"
10013,л╠кF┐д,10013130,д║оH╢m,10013130-002,д║е╨з°,101.01,2.76,4926.08,32.2,13.96,18.24,130.69,"103Y12M"
10013,л╠кF┐д,10013130,д║оH╢m,10013130-003,┐│лnз°,111.28,3.13,667.13,38.96,12.42,26.54,213.67,"103Y12M"
10013,л╠кF┐д,10013130,д║оH╢m,10013130-004,╕qлFз°,109.81,2.88,550.71,35.58,13.09,22.49,171.88,"103Y12M"
10013,л╠кF┐д,10013130,д║оH╢m,10013130-005,м№йMз°,111.11,2.9,1076.89,34.04,11.89,22.14,186.15,"103Y12M"
10013,л╠кF┐д,10013130,д║оH╢m,10013130-006,йM┐│з°,100.74,3.04,1164.96,33.91,18.19,15.72,86.39,"103Y12M"
10013,л╠кF┐д,10013130,д║оH╢m,10013130-007,кF╣чз°,99.13,2.99,1582.85,33.43,14.31,19.12,133.63,"103Y12M"
10013,л╠кF┐д,10013130,д║оH╢m,10013130-008,┬╫е╨з°,107.94,3.1,1263.95,33.53,13.78,19.74,143.28,"103Y12M"
10013,л╠кF┐д,10013130,д║оH╢m,10013130-009,о╢┬╫з°,116.19,3.32,1427.63,37.89,14.31,23.59,164.88,"103Y12M"
10013,л╠кF┐д,10013130,д║оH╢m,10013130-010,┤Iе╨з°,123.26,3.08,878.64,41.84,13.24,28.6,215.94,"103Y12M"
10013,л╠кF┐д,10013130,д║оH╢m,10013130-011,ж╦│Єз°,115.19,3.21,361.67,27.71,12.08,15.63,129.44,"103Y12M"
10013,л╠кF┐д,10013130,д║оH╢m,10013130-012,кF╢╒з°,109.7,3.14,652.58,37.81,13.27,24.54,184.89,"103Y12M"
10013,л╠кF┐д,10013130,д║оH╢m,10013130-013,кFд∙з°,104.84,3.12,475.44,45.31,12.95,32.36,250.,"103Y12M"
10013,л╠кF┐д,10013130,д║оH╢m,10013130-014,дW╛Ёз°,116.72,3.24,997.41,39.87,13.55,26.32,194.31,"103Y12M"
10013,л╠кF┐д,10013130,д║оH╢m,10013130-015,ж╤░ёз°,111.68,3.09,442.6,30.6,14.36,16.23,113.02,"103Y12M"
10013,л╠кF┐д,10013130,д║оH╢m,10013130-016,ддкLз°,111.1,3.07,324.04,32.39,16.34,16.05,98.26,"103Y12M"
10013,л╠кF┐д,10013130,д║оH╢m,10013130-017,└sмuз°,109.3,3.17,484.83,39.27,18.23,21.04,115.4,"103Y12M"
10013,л╠кF┐д,10013130,д║оH╢m,10013130-018,└s╝цз°,102.31,2.96,2527.01,36.29,18.08,18.22,100.76,"103Y12M"
10013,л╠кF┐д,10013130,д║оH╢m,10013130-019,л╪┐│з°,176.25,3.95,212.92,63.34,11.39,51.95,456.16,"103Y12M"
10013,л╠кF┐д,10013130,д║оH╢m,10013130-020,дj╖sз°,110.33,2.95,439.03,36.41,12.93,23.47,181.54,"103Y12M"
10013,л╠кF┐д,10013130,д║оH╢m,10013130-021,╛дй·з°,106.37,3.74,539.63,35.24,18.5,16.73,90.44,"103Y12M"
10013,л╠кF┐д,10013130,д║оH╢m,10013130-022,╣i╝dз°,108.58,3.18,331.53,34.49,18.15,16.34,90.,"103Y12M"
10013,л╠кF┐д,10013130,д║оH╢m,10013130-023,дЇк∙з°,93.98,2.57,358.33,34.92,13.97,20.95,150.,"103Y12M"
10013,л╠кF┐д,10013140,ж╦е╨╢m,10013140-001,ж╦е╨з°,115.01,2.85,611.74,35.29,12.31,22.99,186.79,"103Y12M"
10013,л╠кF┐д,10013140,ж╦е╨╢m,10013140-002,ж╦лnз°,107.52,3.21,607.16,39.41,10.24,29.17,284.93,"103Y12M"
10013,л╠кF┐д,10013140,ж╦е╨╢m,10013140-003,°¤ў@з°,120.22,3.31,459.41,41.35,12.98,28.37,218.67,"103Y12M"
10013,л╠кF┐д,10013140,ж╦е╨╢m,10013140-004,╝i┬╫з°,119.56,3.22,684.5,39.2,14.6,24.6,168.49,"103Y12M"
10013,л╠кF┐д,10013140,ж╦е╨╢m,10013140-005,└Y▒[з°,121.73,3.15,947.35,40.33,11.62,28.72,247.2,"103Y12M"
10013,л╠кF┐д,10013140,ж╦е╨╢m,10013140-006,дG▒[з°,108.07,3.2,769.35,43.91,12.31,31.6,256.7,"103Y12M"
10013,л╠кF┐д,10013140,ж╦е╨╢m,10013140-007,м№▒[з°,111.65,3.3,604.3,35.45,8.55,26.91,314.89,"103Y12M"
10013,л╠кF┐д,10013140,ж╦е╨╢m,10013140-008,лn╢╒з°,101.46,3.,471.2,34.31,10.46,23.84,227.91,"103Y12M"
10013,л╠кF┐д,10013140,ж╦е╨╢m,10013140-009,жш╢╒з°,112.61,3.17,1003.68,38.01,12.89,25.12,194.89,"103Y12M"
10013,л╠кF┐д,10013140,ж╦е╨╢m,10013140-010,║╓е╨з°,115.44,3.24,674.31,35.44,10.44,25.,239.53,"103Y12M"
10013,л╠кF┐д,10013140,ж╦е╨╢m,10013140-011,е├┬╫з°,139.04,2.56,431.39,27.02,10.24,16.77,163.75,"103Y12M"
10013,л╠кF┐д,10013140,ж╦е╨╢m,10013140-012,д╗л╤з°,108.74,3.43,574.76,30.46,10.63,19.83,186.49,"103Y12M"
10013,л╠кF┐д,10013140,ж╦е╨╢m,10013140-013,кrмwз°,110.75,3.03,420.81,27.72,9.34,18.39,196.88,"103Y12M"
10013,л╠кF┐д,10013140,ж╦е╨╢m,10013140-014,дj┤Єз°,108.85,3.3,706.98,36.57,12.84,23.73,184.73,"103Y12M"
10013,л╠кF┐д,10013140,ж╦е╨╢m,10013140-015,╗ёй·з°,103.57,3.59,342.8,37.55,18.63,18.92,101.55,"103Y12M"
10013,л╠кF┐д,10013150,╖s░ё╢m,10013150-001,╖s░ёз°,104.47,2.6,468.68,35.06,10.57,24.5,231.84,"103Y12M"
10013,л╠кF┐д,10013150,╖s░ё╢m,10013150-002,л╪е\з°,114.61,3.08,187.93,42.24,9.1,33.14,364.1,"103Y12M"
10013,л╠кF┐д,10013150,╖s░ё╢m,10013150-003,е┤┼Kз°,109.41,2.97,236.,55.01,10.16,44.85,441.43,"103Y12M"
10013,л╠кF┐д,10013150,╖s░ё╢m,10013150-004,лn┬╫з°,130.56,3.04,249.18,36.51,8.57,27.94,325.93,"103Y12M"
10013,л╠кF┐д,10013150,╖s░ё╢m,10013150-005,╕U╢йз°,111.11,3.,141.54,29.86,12.21,17.65,144.57,"103Y12M"
10013,л╠кF┐д,10013150,╖s░ё╢m,10013150-006,║▀┤Єз°,119.19,3.46,85.,31.2,11.69,19.51,166.96,"103Y12M"
10013,л╠кF┐д,10013150,╖s░ё╢m,10013150-007,╗ш╝цз°,115.74,3.1,184.48,32.05,13.13,18.93,144.16,"103Y12M"
10013,л╠кF┐д,10013160,кD╝d╢m,10013160-001,кD╝dз°,109.06,2.62,1608.7,36.18,14.9,21.27,142.77,"103Y12M"
10013,л╠кF┐д,10013160,кD╝d╢m,10013160-002,╖s└sз°,98.86,2.62,354.61,33.16,15.18,17.98,118.49,"103Y12M"
10013,л╠кF┐д,10013160,кD╝d╢m,10013160-003,лOе═з°,113.06,2.95,1451.47,36.44,11.83,24.61,208.08,"103Y12M"
10013,л╠кF┐д,10013160,кD╝d╢m,10013160-004,дд╝dз°,120.18,2.8,11795.27,40.58,13.85,26.73,193.06,"103Y12M"
10013,л╠кF┐д,10013160,кD╝d╢m,10013160-005,жw╝╓з°,120.07,3.11,9738.65,39.06,15.22,23.84,156.67,"103Y12M"
10013,л╠кF┐д,10013160,кD╝d╢m,10013160-006,╢йдsз°,105.61,3.18,732.55,35.64,18.3,17.34,94.72,"103Y12M"
10013,л╠кF┐д,10013160,кD╝d╢m,10013160-007,д╤о╔з°,105.63,3.12,852.79,35.34,13.09,22.25,169.91,"103Y12M"
10013,л╠кF┐д,10013160,кD╝d╢m,10013160-008,жaзQз°,104.76,2.92,1549.24,36.82,11.63,25.19,216.67,"103Y12M"
10013,л╠кF┐д,10013160,кD╝d╢m,10013160-009,дHйMз°,107.7,2.91,766.39,35.75,12.39,23.36,188.46,"103Y12M"
10013,л╠кF┐д,10013160,кD╝d╢m,10013160-010,д║╝dз°,139.03,2.94,322.95,44.41,16.18,28.23,174.47,"103Y12M"
10013,л╠кF┐д,10013160,кD╝d╢m,10013160-011,╖s╢}з°,117.16,2.9,268.43,37.03,12.97,24.06,185.57,"103Y12M"
10013,л╠кF┐д,10013160,кD╝d╢m,10013160-012,д╙╖╜з°,120.48,2.7,162.82,32.61,11.71,20.89,178.35,"103Y12M"
10013,л╠кF┐д,10013160,кD╝d╢m,10013160-013,е╔мuз°,108.17,3.13,27.96,43.05,20.32,22.73,111.84,"103Y12M"
10013,л╠кF┐д,10013160,кD╝d╢m,10013160-014,кFо№з°,108.01,3.02,558.04,35.12,12.73,22.39,175.82,"103Y12M"
10013,л╠кF┐д,10013160,кD╝d╢m,10013160-015,дj╔▄з°,104.76,3.15,415.86,32.91,14.91,18.,120.73,"103Y12M"
10013,л╠кF┐д,10013170,╖s╢щ╢m,10013170-001,е╦б╜з°,109.9,3.48,780.77,36.8,15.82,20.98,132.62,"103Y12M"
10013,л╠кF┐д,10013170,╖s╢щ╢m,10013170-002,еPжNз°,111.13,3.22,1680.72,31.12,15.43,15.69,101.69,"103Y12M"
10013,л╠кF┐д,10013170,╖s╢щ╢m,10013170-003,е╨мvз°,110.62,3.7,575.49,38.47,17.74,20.72,116.82,"103Y12M"
10013,л╠кF┐д,10013170,╖s╢щ╢m,10013170-004,┤фсYз°,103.74,3.28,683.12,36.54,20.45,16.09,78.71,"103Y12M"
10013,л╠кF┐д,10013170,╖s╢щ╢m,10013170-005,д║╔▄з°,107.51,3.08,294.4,35.43,13.03,22.41,172.04,"103Y12M"
10013,л╠кF┐д,10013170,╖s╢щ╢m,10013170-006,╖sкFз°,104.79,3.29,515.42,38.15,15.82,22.33,141.21,"103Y12M"
10013,л╠кF┐д,10013170,╖s╢щ╢m,10013170-007,╖s╢щз°,104.93,3.27,644.36,36.96,18.36,18.6,101.34,"103Y12M"
10013,л╠кF┐д,10013170,╖s╢щ╢m,10013170-008,пQ└sз°,102.9,3.29,2155.86,35.64,12.65,22.99,181.75,"103Y12M"
10013,л╠кF┐д,10013170,╖s╢щ╢m,10013170-009,┐│└sз°,105.84,3.28,873.56,30.02,12.33,17.69,143.44,"103Y12M"
10013,л╠кF┐д,10013170,╖s╢щ╢m,10013170-010,ддмwз°,104.18,2.93,2278.62,35.27,14.83,20.44,137.85,"103Y12M"
10013,л╠кF┐д,10013170,╖s╢щ╢m,10013170-011,лn└sз°,108.6,3.07,1197.5,33.36,15.33,18.03,117.68,"103Y12M"
10013,л╠кF┐д,10013170,╖s╢щ╢m,10013170-012,┤фжшз°,112.85,3.07,749.75,34.49,12.76,21.73,170.25,"103Y12M"
10013,л╠кF┐д,10013170,╖s╢щ╢m,10013170-013,днй╨з°,111.01,2.83,499.11,33.2,13.78,19.42,140.87,"103Y12M"
10013,л╠кF┐д,10013170,╖s╢щ╢m,10013170-014,╞QоHз°,106.64,2.92,1822.01,28.24,14.41,13.82,95.92,"103Y12M"
10013,л╠кF┐д,10013170,╖s╢щ╢m,10013170-015,ж@йMз°,105.85,2.84,1271.48,26.06,13.08,12.98,99.29,"103Y12M"
10013,л╠кF┐д,10013180,оr│╗╢m,10013180-001,оr│╗з°,102.88,3.75,912.84,57.29,39.04,18.25,46.76,"103Y12M"
10013,л╠кF┐д,10013180,оr│╗╢m,10013180-002,╢щ╝dз°,100.38,3.56,644.75,50.31,33.01,17.3,52.4,"103Y12M"
10013,л╠кF┐д,10013180,оr│╗╢m,10013180-003,│Єд║з°,104.84,3.84,676.69,46.11,28.85,17.26,59.82,"103Y12M"
10013,л╠кF┐д,10013180,оr│╗╢m,10013180-004,дOк└з°,105.86,3.97,869.48,46.56,28.48,18.09,63.51,"103Y12M"
10013,л╠кF┐д,10013180,оr│╗╢m,10013180-005,мwдlз°,101.96,3.63,509.31,44.44,26.32,18.12,68.85,"103Y12M"
10013,л╠кF┐д,10013180,оr│╗╢m,10013180-006,е_╢╒з°,101.2,3.65,453.44,46.06,24.3,21.76,89.58,"103Y12M"
10013,л╠кF┐д,10013180,оr│╗╢m,10013180-007,╢V╖╦з°,105.09,3.63,494.73,38.01,25.3,12.71,50.22,"103Y12M"
10013,л╠кF┐д,10013180,оr│╗╢m,10013180-008,┤фкFз°,109.23,3.68,691.07,46.1,27.01,19.1,70.72,"103Y12M"
10013,л╠кF┐д,10013190,кL├ф╢m,10013190-001,кL├фз°,104.65,2.68,2756.61,36.7,12.58,24.12,191.77,"103Y12M"
10013,л╠кF┐д,10013190,кL├ф╢m,10013190-002,е·кLз°,105.54,2.5,1757.66,41.7,16.3,25.4,155.86,"103Y12M"
10013,л╠кF┐д,10013190,кL├ф╢m,10013190-003,дпйMз°,103.43,2.58,4899.17,38.45,14.35,24.1,167.98,"103Y12M"
10013,л╠кF┐д,10013190,кL├ф╢m,10013190-004,ддкLз°,100.23,2.57,15952.13,39.43,10.65,28.78,270.15,"103Y12M"
10013,л╠кF┐д,10013190,кL├ф╢m,10013190-005,е├╝╓з°,103.49,2.82,3607.9,38.02,15.93,22.09,138.74,"103Y12M"
10013,л╠кF┐д,10013190,кL├ф╢m,10013190-006,дЇзQз°,109.79,2.9,1216.74,38.52,17.42,21.11,121.2,"103Y12M"
10013,л╠кF┐д,10013190,кL├ф╢m,10013190-007,▒TФвз°,111.98,2.75,871.38,33.16,13.04,20.12,154.36,"103Y12M"
10013,л╠кF┐д,10013190,кL├ф╢m,10013190-008,е╨нэз°,98.27,2.94,750.98,39.85,19.56,20.29,103.75,"103Y12M"
10013,л╠кF┐д,10013190,кL├ф╢m,10013190-009,ж╦кLз°,110.85,2.69,594.02,42.79,14.32,28.47,198.88,"103Y12M"
10013,л╠кF┐д,10013190,кL├ф╢m,10013190-010,┬эжwз°,110.16,3.12,440.54,37.34,11.1,26.24,236.45,"103Y12M"
10013,л╠кF┐д,10013200,лnж{╢m,10013200-001,╖╦мwз°,104.86,2.97,8053.54,37.33,12.19,25.14,206.25,"103Y12M"
10013,л╠кF┐д,10013200,лnж{╢m,10013200-002,╖╦лnз°,103.78,2.8,2221.93,37.32,11.46,25.86,225.56,"103Y12M"
10013,л╠кF┐д,10013200,лnж{╢m,10013200-003,дпи╜з°,100.74,2.61,4972.6,39.53,8.79,30.75,350.,"103Y12M"
10013,л╠кF┐д,10013200,лnж{╢m,10013200-004,╖╦е_з°,95.88,2.85,941.69,29.44,9.6,19.84,206.67,"103Y12M"
10013,л╠кF┐д,10013200,лnж{╢m,10013200-005,дC╢Їз°,102.43,3.26,414.96,38.23,15.14,23.09,152.55,"103Y12M"
10013,л╠кF┐д,10013200,лnж{╢m,10013200-006,╕U╡╪з°,104.03,3.32,382.58,37.38,12.85,24.53,190.83,"103Y12M"
10013,л╠кF┐д,10013200,лnж{╢m,10013200-007,ж╠▒[з°,115.3,3.07,522.06,34.47,9.67,24.8,256.47,"103Y12M"
10013,л╠кF┐д,10013200,лnж{╢m,10013200-008,╣╪д╕з°,102.37,3.17,330.07,41.95,16.32,25.64,157.14,"103Y12M"
10013,л╠кF┐д,10013200,лnж{╢m,10013200-009,жPжwз°,109.14,2.97,405.8,38.4,13.7,24.69,180.18,"103Y12M"
10013,л╠кF┐д,10013200,лnж{╢m,10013200-010,лnжwз°,108.78,2.83,289.57,45.41,10.59,34.82,328.89,"103Y12M"
10013,л╠кF┐д,10013210,и╬еV╢m,10013210-001,и╬еVз°,105.67,2.71,689.2,41.36,11.27,30.08,266.92,"103Y12M"
10013,л╠кF┐д,10013210,и╬еV╢m,10013210-002,д╗о┌з°,116.16,2.79,610.69,47.29,14.44,32.85,227.5,"103Y12M"
10013,л╠кF┐д,10013210,и╬еV╢m,10013210-003,┐роaз°,103.11,2.79,444.27,50.69,12.14,38.56,317.72,"103Y12M"
10013,л╠кF┐д,10013210,и╬еV╢m,10013210-004,╕Uл╪з°,108.63,2.91,2625.95,39.56,13.5,26.06,193.03,"103Y12M"
10013,л╠кF┐д,10013210,и╬еV╢m,10013210-005,е█е·з°,113.59,2.99,1599.51,32.63,11.22,21.42,190.91,"103Y12M"
10013,л╠кF┐д,10013210,и╬еV╢m,10013210-006,е╔е·з°,105.92,2.92,902.28,39.89,12.76,27.13,212.61,"103Y12M"
10013,л╠кF┐д,10013210,и╬еV╢m,10013210-007,йў╢йз°,108.35,2.91,318.44,52.25,10.48,41.78,398.73,"103Y12M"
10013,л╠кF┐д,10013210,и╬еV╢m,10013210-008,┬╫╢йз°,106.68,2.71,261.16,48.8,10.31,38.49,373.33,"103Y12M"
10013,л╠кF┐д,10013210,и╬еV╢m,10013210-009,дjжPз°,113.87,3.01,410.58,42.58,13.31,29.27,219.85,"103Y12M"
10013,л╠кF┐д,10013210,и╬еV╢m,10013210-010,к╩╢щз°,105.86,2.93,433.88,39.53,16.11,23.42,145.33,"103Y12M"
10013,л╠кF┐д,10013210,и╬еV╢m,10013210-011,┐V╖┼з°,104.57,2.8,645.52,36.92,18.16,18.76,103.26,"103Y12M"
10013,л╠кF┐д,10013210,и╬еV╢m,10013210-012,╢є┬╫з°,106.45,2.91,863.18,30.87,17.74,13.13,74.02,"103Y12M"
10013,л╠кF┐д,10013220,п[▓y╢m,10013220-001,е╗║╓з°,114.38,2.97,2726.53,31.51,16.33,15.18,92.93,"103Y12M"
10013,л╠кF┐д,10013220,п[▓y╢m,10013220-002,дд║╓з°,123.66,2.79,5416.63,32.73,14.86,17.87,120.25,"103Y12M"
10013,л╠кF┐д,10013220,п[▓y╢m,10013220-003,║о║╓з°,127.17,3.06,1493.07,33.78,17.33,16.44,94.87,"103Y12M"
10013,л╠кF┐д,10013220,п[▓y╢m,10013220-004,дj║╓з°,123.7,3.14,1915.55,34.22,18.1,16.12,89.1,"103Y12M"
10013,л╠кF┐д,10013220,п[▓y╢m,10013220-005,лn║╓з°,120.75,2.85,1580.91,31.98,16.38,15.6,95.27,"103Y12M"
10013,л╠кF┐д,10013220,п[▓y╢m,10013220-006,д╤║╓з°,121.04,2.9,1338.45,35.08,20.16,14.92,73.98,"103Y12M"
10013,л╠кF┐д,10013220,п[▓y╢m,10013220-007,дW║╓з°,127.79,3.02,2226.6,34.41,20.53,13.88,67.58,"103Y12M"
10013,л╠кF┐д,10013220,п[▓y╢m,10013220-008,з№║╓з°,132.19,2.91,824.52,32.91,14.91,18.,120.75,"103Y12M"
10013,л╠кF┐д,10013230,иол░╢m,10013230-001,║╓┐│з°,109.16,2.64,2447.32,47.78,21.63,26.15,120.9,"103Y12M"
10013,л╠кF┐д,10013230,иол░╢m,10013230-002,║╓жwз°,112.16,2.49,652.51,43.92,17.94,25.98,144.83,"103Y12M"
10013,л╠кF┐д,10013230,иол░╢m,10013230-003,е╨ддз°,123.78,2.72,340.28,41.23,14.83,26.4,178.05,"103Y12M"
10013,л╠кF┐д,10013230,иол░╢m,10013230-004,о№дfз°,115.33,2.63,101.63,38.75,13.83,24.92,180.22,"103Y12M"
10013,л╠кF┐д,10013230,иол░╢m,10013230-005,▓╬оHз°,110.67,2.72,152.21,40.65,10.09,30.56,302.94,"103Y12M"
10013,л╠кF┐д,10013230,иол░╢m,10013230-006,╖┼мuз°,115.94,2.57,78.45,45.31,15.01,30.29,201.79,"103Y12M"
10013,л╠кF┐д,10013230,иол░╢m,10013230-007,лOдOз°,117.07,2.43,65.21,50.69,14.5,36.19,249.64,"103Y12M"
10013,л╠кF┐д,10013230,иол░╢m,10013230-008,╖s╡єз°,105.13,2.84,284.83,39.53,14.24,25.29,177.55,"103Y12M"
10013,л╠кF┐д,10013230,иол░╢m,10013230-009,оHсYз°,135.55,2.87,867.44,36.54,11.54,25.,216.67,"103Y12M"
10013,л╠кF┐д,10013230,иол░╢m,10013230-010,оg╝dз°,130.3,2.87,536.25,51.62,20.7,30.92,149.4,"103Y12M"
10013,л╠кF┐д,10013230,иол░╢m,10013230-011,лс╞Wз°,120.98,2.27,142.92,42.65,10.66,31.99,300.,"103Y12M"
10013,л╠кF┐д,10013240,║бж{╢m,10013240-001,║бж{з°,123.,2.71,306.26,36.23,12.15,24.07,198.05,"103Y12M"
10013,л╠кF┐д,10013240,║бж{╢m,10013240-002,и╜╝wз°,109.72,2.54,16.99,30.55,10.95,19.6,178.95,"103Y12M"
10013,л╠кF┐д,10013240,║бж{╢m,10013240-003,е├╣tз°,132.67,2.65,61.59,41.11,13.64,27.47,201.35,"103Y12M"
10013,л╠кF┐д,10013240,║бж{╢m,10013240-004,┤фдfз°,117.01,2.83,129.87,34.02,12.66,21.36,168.79,"103Y12M"
10013,л╠кF┐д,10013240,║бж{╢m,10013240-005,ТвкLз°,111.64,3.,50.62,29.42,13.27,16.15,121.74,"103Y12M"
10013,л╠кF┐д,10013240,║бж{╢m,10013240-006,к°╝╓з°,119.5,2.61,43.68,35.23,15.9,19.33,121.59,"103Y12M"
10013,л╠кF┐д,10013240,║бж{╢m,10013240-007,дE┤╫з°,119.44,2.42,19.43,25.8,8.6,17.2,200.,"103Y12M"
10013,л╠кF┐д,10013240,║бж{╢m,10013240-008,┤феJз°,110.59,2.4,33.16,33.58,13.81,19.78,143.24,"103Y12M"
10013,л╠кF┐д,10013250,кDдs╢m,10013250-001,кDдsз°,119.21,2.68,333.53,36.58,14.32,22.26,155.47,"103Y12M"
10013,л╠кF┐д,10013250,кDдs╢m,10013250-002,е[╕Sз°,102.19,2.99,308.28,37.19,18.15,19.04,104.9,"103Y12M"
10013,л╠кF┐д,10013250,кDдs╢m,10013250-003,╖м┤фз°,118.87,2.58,319.75,39.09,14.27,24.82,173.95,"103Y12M"
10013,л╠кF┐д,10013250,кDдs╢m,10013250-004,╡╜╛lз°,124.95,2.34,605.86,42.57,13.65,28.92,211.88,"103Y12M"
10013,л╠кF┐д,10013260,дTжaк∙╢m,10013260-001,дTжaз°,96.63,3.5,99.09,28.45,16.5,11.95,72.44,"103Y12M"
10013,л╠кF┐д,10013260,дTжaк∙╢m,10013260-002,╣Fи╙з°,113.54,3.15,25.03,31.83,22.19,9.65,43.48,"103Y12M"
10013,л╠кF┐д,10013260,дTжaк∙╢m,10013260-003,╝wдхз°,108.64,3.28,24.39,35.74,19.48,16.27,83.51,"103Y12M"
10013,л╠кF┐д,10013260,дTжaк∙╢m,10013260-004,дjк└з°,118.55,3.43,11.72,33.93,19.01,14.92,78.5,"103Y12M"
10013,л╠кF┐д,10013260,дTжaк∙╢m,10013260-005,┴╔╣┼з°,97.97,3.7,91.71,31.29,20.66,10.63,51.45,"103Y12M"
10013,л╠кF┐д,10013260,дTжaк∙╢m,10013260-006,дfк└з°,93.02,3.54,92.69,40.16,25.56,14.6,57.14,"103Y12M"
10013,л╠кF┐д,10013260,дTжaк∙╢m,10013260-007,░иирз°,102.01,3.19,50.42,29.26,17.68,11.58,65.45,"103Y12M"
10013,л╠кF┐д,10013260,дTжaк∙╢m,10013260-008,жwйYз°,101.41,3.4,112.15,34.27,23.,11.27,48.98,"103Y12M"
10013,л╠кF┐д,10013260,дTжaк∙╢m,10013260-009,лCдsз°,105.08,3.29,45.75,34.55,23.33,11.21,48.05,"103Y12M"
10013,л╠кF┐д,10013260,дTжaк∙╢m,10013260-010,лC╕нз°,100.53,3.3,74.18,28.28,15.66,12.63,80.65,"103Y12M"
10013,л╠кF┐д,10013270,├·╗O╢m,10013270-001,├·еxз°,102.36,3.43,105.89,29.46,12.87,16.59,128.97,"103Y12M"
10013,л╠кF┐д,10013270,├·╗O╢m,10013270-002,к№┬зз°,107.1,3.1,3.88,29.63,13.7,15.93,116.22,"103Y12M"
10013,л╠кF┐д,10013270,├·╗O╢m,10013270-003,жN┼Sз°,110.31,4.25,31.5,29.94,17.2,12.74,74.07,"103Y12M"
10013,л╠кF┐д,10013270,├·╗O╢m,10013270-004,дjкZз°,109.62,3.19,3.7,36.14,20.11,16.03,79.73,"103Y12M"
10013,л╠кF┐д,10013270,├·╗O╢m,10013270-005,и╬╝╟з°,103.85,3.48,24.2,29.66,17.74,11.93,67.24,"103Y12M"
10013,л╠кF┐д,10013270,├·╗O╢m,10013270-006,жnп∙з°,99.6,2.76,12.01,31.48,10.05,21.43,213.16,"103Y12M"
10013,л╠кF┐д,10013280,║┐оa╢m,10013280-001,║┐оaз°,106.02,2.95,50.93,32.9,18.39,14.51,78.87,"103Y12M"
10013,л╠кF┐д,10013280,║┐оa╢m,10013280-002,е_╕нз°,107.77,3.13,97.65,31.34,17.66,13.68,77.44,"103Y12M"
10013,л╠кF┐д,10013280,║┐оa╢m,10013280-003,ФAдsз°,109.27,3.95,128.28,32.68,19.18,13.51,70.43,"103Y12M"
10013,л╠кF┐д,10013280,║┐оa╢m,10013280-004,и╬╕qз°,103.5,3.67,67.82,33.93,19.85,14.08,70.97,"103Y12M"
10013,л╠кF┐д,10013280,║┐оa╢m,10013280-005,▒╞╞Wз°,118.37,3.41,6034.02,32.1,23.7,8.4,35.42,"103Y12M"
10013,л╠кF┐д,10013280,║┐оa╢m,10013280-006,дTйMз°,99.66,3.34,147.4,31.61,17.15,14.46,84.31,"103Y12M"
10013,л╠кF┐д,10013290,оїкZ╢m,10013290-001,и╬енз°,105.84,4.14,73.37,35.14,24.04,11.1,46.15,"103Y12M"
10013,л╠кF┐д,10013290,оїкZ╢m,10013290-002,кZ╝цз°,104.69,4.07,177.23,31.73,20.89,10.84,51.87,"103Y12M"
10013,л╠кF┐д,10013290,оїкZ╢m,10013290-003,енйMз°,103.13,4.24,101.61,33.52,21.91,11.61,52.99,"103Y12M"
10013,л╠кF┐д,10013290,оїкZ╢m,10013290-004,и╬┐│з°,121.36,3.43,45.63,26.67,12.22,14.44,118.18,"103Y12M"
10013,л╠кF┐д,10013290,оїкZ╢m,10013290-005,оїкZз°,116.47,4.13,14.32,28.69,17.52,11.17,63.78,"103Y12M"
10013,л╠кF┐д,10013290,оїкZ╢m,10013290-006,╕Uжwз°,113.2,4.42,46.14,36.05,26.93,9.12,33.85,"103Y12M"
10013,л╠кF┐д,10013300,и╙╕q╢m,10013300-001,и╙╕qз°,101.22,3.44,14.09,33.6,21.44,12.17,56.76,"103Y12M"
10013,л╠кF┐д,10013300,и╙╕q╢m,10013300-002,╕qкLз°,110.68,3.53,63.06,31.24,19.78,11.46,57.94,"103Y12M"
10013,л╠кF┐д,10013300,и╙╕q╢m,10013300-003,джкLз°,100.,3.51,69.76,25.53,16.69,8.84,52.99,"103Y12M"
10013,л╠кF┐д,10013300,и╙╕q╢m,10013300-004,еj╝╙з°,103.21,3.43,151.81,29.41,15.97,13.44,84.15,"103Y12M"
10013,л╠кF┐д,10013300,и╙╕q╢m,10013300-005,дх╝╓з°,97.72,3.54,101.78,31.98,20.94,11.04,52.73,"103Y12M"
10013,л╠кF┐д,10013300,и╙╕q╢m,10013300-006,▒ц╣┼з°,98.72,3.56,154.38,32.23,18.19,14.04,77.18,"103Y12M"
10013,л╠кF┐д,10013300,и╙╕q╢m,10013300-007,лnйMз°,115.58,3.21,47.56,31.26,18.07,13.19,73.,"103Y12M"
10013,л╠кF┐д,10013310,мKдщ╢m,10013310-001,мKдщз°,110.35,3.38,97.39,35.8,25.78,10.02,38.89,"103Y12M"
10013,л╠кF┐д,10013310,мKдщ╢m,10013310-002,еj╡╪з°,109.57,3.76,74.34,35.28,21.14,14.15,66.92,"103Y12M"
10013,л╠кF┐д,10013310,мKдщ╢m,10013310-003,дhдхз°,104.85,4.74,9.59,41.14,29.1,12.04,41.38,"103Y12M"
10013,л╠кF┐д,10013310,мKдщ╢m,10013310-004,дCи╬з°,103.56,3.6,45.28,34.36,20.4,13.97,68.48,"103Y12M"
10013,л╠кF┐д,10013310,мKдщ╢m,10013310-005,┬k▒Rз°,101.26,3.34,46.69,38.,21.24,16.75,78.86,"103Y12M"
10013,л╠кF┐д,10013310,мKдщ╢m,10013310-006,дOи╜з°,104.17,3.72,12.37,39.01,21.28,17.73,83.33,"103Y12M"
10013,л╠кF┐д,10013320,╖рдl╢m,10013320-001,╖мкLз°,112.77,3.25,78.85,28.34,15.12,13.23,87.5,"103Y12M"
10013,л╠кF┐д,10013320,╖рдl╢m,10013320-002,дж╕Їз°,109.86,3.08,28.86,30.16,18.35,11.81,64.34,"103Y12M"
10013,л╠кF┐д,10013320,╖рдl╢m,10013320-003,пєоHз°,94.81,3.23,25.07,29.77,15.63,14.14,90.53,"103Y12M"
10013,л╠кF┐д,10013320,╖рдl╢m,10013320-004,д║дхз°,86.05,2.73,11.55,26.98,6.88,20.11,292.31,"103Y12M"
10013,л╠кF┐д,10013320,╖рдl╢m,10013320-005,ж╦з|з°,112.26,3.23,14.77,25.57,14.5,11.07,76.32,"103Y12M"
10013,л╠кF┐д,10013320,╖рдl╢m,10013320-006,╖рдlз°,96.36,3.33,10.67,32.66,25.73,6.94,26.96,"103Y12M"
10013,л╠кF┐д,10013320,╖рдl╢m,10013320-007,д║╖рз°,112.79,3.62,8.77,30.48,19.79,10.7,54.05,"103Y12M"
10013,л╠кF┐д,10013320,╖рдl╢m,10013320-008,лnе@з°,126.55,3.23,7.06,22.26,13.41,8.84,65.91,"103Y12M"
10013,л╠кF┐д,10013330,иdдж╢m,10013330-001,е█к∙з°,99.89,2.62,30.89,31.76,18.24,13.52,74.13,"103Y12M"
10013,л╠кF┐д,10013330,иdдж╢m,10013330-002,иdджз°,105.84,2.64,20.2,33.33,13.75,19.59,142.5,"103Y12M"
10013,л╠кF┐д,10013330,иdдж╢m,10013330-003,кF╖╜з°,105.42,2.74,52.19,32.88,19.14,13.75,71.83,"103Y12M"
10013,л╠кF┐д,10013330,иdдж╢m,10013330-004,ж░о№з°,112.82,2.2,15.11,34.74,12.99,21.75,167.5,"103Y12M"
10013,л╠кF┐д,10013330,иdдж╢m,10013330-005,░кдhз°,102.44,2.87,26.79,28.43,14.89,13.54,90.91,"103Y12M"
10013,л╠кF┐д,10013330,иdдж╢m,10013330-006,е|кLз°,128.72,2.54,48.96,31.1,17.07,14.02,82.14,"103Y12M"
10014,╗OкF┐д,10014010,╗OкFел,10014010-001,┤Iйги╜,112.82,2.58,333.09,35.7,13.26,22.44,169.19,"103Y12M"
10014,╗OкF┐д,10014010,╗OкFел,10014010-002,┤I┬╫и╜,111.65,2.55,106.55,37.79,15.59,22.21,142.48,"103Y12M"
10014,╗OкF┐д,10014010,╗OкFел,10014010-003,йе╞Wи╜,113.5,2.3,793.19,28.96,12.41,16.55,133.33,"103Y12M"
10014,╗OкF┐д,10014010,╗OкFел,10014010-004,лnд¤и╜,106.43,2.73,788.03,31.23,13.81,17.42,126.17,"103Y12M"
10014,╗OкF┐д,10014010,╗OкFел,10014010-005,иїлnи╜,101.49,2.59,2066.26,28.56,12.59,15.97,126.89,"103Y12M"
10014,╗OкF┐д,10014010,╗OкFел,10014010-006,лn║aи╜,114.13,2.79,642.01,34.92,15.82,19.1,120.77,"103Y12M"
10014,╗OкF┐д,10014010,╗OкFел,10014010-007,╖sе═и╜,97.05,2.58,3306.8,28.1,13.59,14.5,106.68,"103Y12M"
10014,╗OкF┐д,10014010,╗OкFел,10014010-008,е┴е═и╜,98.12,2.5,9823.7,27.96,10.24,17.72,173.08,"103Y12M"
10014,╗OкF┐д,10014010,╗OкFел,10014010-009,─_оси╜,96.24,2.55,1280.34,32.99,14.52,18.47,127.19,"103Y12M"
10014,╗OкF┐д,10014010,╗OкFел,10014010-010,░и─їи╜,90.77,3.26,11322.69,63.13,46.15,16.98,36.78,"103Y12M"
10014,╗OкF┐д,10014010,╗OкFел,10014010-011,ддд▀и╜,94.69,3.11,11539.47,51.12,34.89,16.23,46.53,"103Y12M"
10014,╗OкF┐д,10014010,╗OкFел,10014010-012,ж█▒jи╜,95.5,3.01,12512.34,48.8,31.81,16.98,53.39,"103Y12M"
10014,╗OкF┐д,10014010,╗OкFел,10014010-013,е┴▒┌и╜,92.77,3.4,9049.44,84.93,66.54,18.39,27.63,"103Y12M"
10014,╗OкF┐д,10014010,╗OкFел,10014010-014,е|║√и╜,113.86,2.53,1703.81,37.57,16.13,21.44,132.94,"103Y12M"
10014,╗OкF┐д,10014010,╗OкFел,10014010-015,дд╡╪и╜,104.83,2.64,2475.69,34.07,14.22,19.85,139.61,"103Y12M"
10014,╗OкF┐д,10014010,╗OкFел,10014010-016,▒j░ъи╜,108.36,2.7,7747.12,28.65,9.96,18.68,187.5,"103Y12M"
10014,╗OкF┐д,10014010,╗OкFел,10014010-017,л╪░ъи╜,106.99,2.46,884.33,33.22,11.16,22.06,197.67,"103Y12M"
10014,╗OкF┐д,10014010,╗OкFел,10014010-018,е┴┼vи╜,105.27,2.5,7017.06,34.22,12.33,21.88,177.42,"103Y12M"
10014,╗OкF┐д,10014010,╗OкFел,10014010-019,дп╖Rи╜,107.,2.46,9830.58,29.98,10.05,19.94,198.44,"103Y12M"
10014,╗OкF┐д,10014010,╗OкFел,10014010-020,дде┐и╜,96.21,2.41,7745.56,35.47,6.4,29.07,454.55,"103Y12M"
10014,╗OкF┐д,10014010,╗OкFел,10014010-021,дjжPи╜,97.68,2.48,12982.52,39.32,16.91,22.4,132.46,"103Y12M"
10014,╗OкF┐д,10014010,╗OкFел,10014010-022,жие\и╜,96.92,2.38,6150.71,41.24,16.79,24.45,145.61,"103Y12M"
10014,╗OкF┐д,10014010,╗OкFел,10014010-023,дхд╞и╜,97.6,2.96,7214.71,74.54,59.68,14.85,24.89,"103Y12M"
10014,╗OкF┐д,10014010,╗OкFел,10014010-024,дддsи╜,96.04,2.73,18733.75,60.95,35.06,25.89,73.84,"103Y12M"
10014,╗OкF┐д,10014010,╗OкFел,10014010-025,┤_░ъи╜,109.37,2.44,6573.26,34.04,13.4,20.63,153.95,"103Y12M"
10014,╗OкF┐д,10014010,╗OкFел,10014010-026,┐│░ъи╜,91.74,2.95,20595.21,62.66,42.92,19.74,46.,"103Y12M"
10014,╗OкF┐д,10014010,╗OкFел,10014010-027,┤_┐│и╜,102.36,2.39,3403.95,38.17,13.44,24.73,184.,"103Y12M"
10014,╗OкF┐д,10014010,╗OкFел,10014010-028,┼Kкси╜,102.43,2.35,5944.03,39.66,11.17,28.49,255.,"103Y12M"
10014,╗OкF┐д,10014010,╗OкFел,10014010-029,╖s╢щи╜,111.9,2.52,513.18,33.21,16.46,16.75,101.73,"103Y12M"
10014,╗OкF┐д,10014010,╗OкFел,10014010-030,┬╫е╨и╜,103.46,2.82,546.97,34.35,16.82,17.54,104.3,"103Y12M"
10014,╗OкF┐д,10014010,╗OкFел,10014010-031,┬╫ж~и╜,106.93,2.54,1000.42,27.85,10.93,16.92,154.9,"103Y12M"
10014,╗OкF┐д,10014010,╗OкFел,10014010-032,е·й·и╜,86.8,2.63,3860.57,44.76,32.9,11.86,36.03,"103Y12M"
10014,╗OкF┐д,10014010,╗OкFел,10014010-033,┬╫╝╓и╜,101.52,3.28,797.74,36.97,21.55,15.42,71.58,"103Y12M"
10014,╗OкF┐д,10014010,╗OкFел,10014010-034,е├╝╓и╜,103.17,3.13,991.04,39.97,26.74,13.23,49.49,"103Y12M"
10014,╗OкF┐д,10014010,╗OкFел,10014010-035,▒d╝╓и╜,112.14,2.71,159.03,34.05,18.02,16.03,89.,"103Y12M"
10014,╗OкF┐д,10014010,╗OкFел,10014010-036,кFо№и╜,95.8,2.74,4762.79,45.71,29.78,15.94,53.52,"103Y12M"
10014,╗OкF┐д,10014010,╗OкFел,10014010-037,╖s┐│и╜,98.38,2.38,1358.67,38.91,13.91,25.,179.67,"103Y12M"
10014,╗OкF┐д,10014010,╗OкFел,10014010-038,┬╫║aи╜,95.77,2.69,5549.21,29.78,17.17,12.61,73.43,"103Y12M"
10014,╗OкF┐д,10014010,╗OкFел,10014010-039,┬╫ижи╜,102.93,2.94,2207.93,32.5,17.1,15.41,90.1,"103Y12M"
10014,╗OкF┐д,10014010,╗OкFел,10014010-040,┬╫и╜и╜,113.71,3.,788.88,35.52,17.05,18.47,108.31,"103Y12M"
10014,╗OкF┐д,10014010,╗OкFел,10014010-041,┬╫ньи╜,114.59,3.12,195.49,37.49,15.48,22.01,142.14,"103Y12M"
10014,╗OкF┐д,10014010,╗OкFел,10014010-042,л╪йMи╜,115.27,2.7,312.86,38.22,15.,23.22,154.75,"103Y12M"
10014,╗OкF┐д,10014010,╗OкFел,10014010-043,л╪┐│и╜,111.45,2.74,481.91,35.95,11.78,24.17,205.21,"103Y12M"
10014,╗OкF┐д,10014010,╗OкFел,10014010-044,л╪╖~и╜,106.7,2.61,1150.46,39.49,15.74,23.75,150.9,"103Y12M"
10014,╗OкF┐д,10014010,╗OкFел,10014010-045,к╛е╗и╜,98.21,2.82,305.3,30.97,13.84,17.13,123.78,"103Y12M"
10014,╗OкF┐д,10014010,╗OкFел,10014010-046,л╪╣Aи╜,108.87,2.76,133.83,31.36,16.68,14.68,88.05,"103Y12M"
10014,╗OкF┐д,10014020,жие\┬э,10014020-001,│╒╖Rи╜,126.52,2.27,41.41,42.88,9.04,33.85,374.47,"103Y12M"
10014,╗OкF┐д,10014020,жие\┬э,10014020-002,й╛з╡и╜,106.23,2.38,29.62,42.03,12.99,29.04,223.58,"103Y12M"
10014,╗OкF┐д,10014020,жие\┬э,10014020-003,дTеPи╜,122.24,2.66,52.27,35.91,15.47,20.44,132.11,"103Y12M"
10014,╗OкF┐д,10014020,жие\┬э,10014020-004,дTе┴и╜,107.94,2.89,307.,34.64,15.01,19.62,130.68,"103Y12M"
10014,╗OкF┐д,10014020,жие\┬э,10014020-005,й╛┤╝и╜,108.06,2.94,6121.15,41.7,19.19,22.52,117.36,"103Y12M"
10014,╗OкF┐д,10014020,жие\┬э,10014020-006,й╛дпи╜,110.4,2.89,347.53,38.01,17.75,20.26,114.12,"103Y12M"
10014,╗OкF┐д,10014020,жие\┬э,10014020-007,йMени╜,112.89,2.48,71.26,42.72,10.24,32.48,317.19,"103Y12M"
10014,╗OкF┐д,10014020,жие\┬э,10014020-008,лH╕qи╜,118.2,2.77,93.65,39.86,12.7,27.15,213.78,"103Y12M"
10014,╗OкF┐д,10014030,├Ўдs┬э,10014030-001,╝w░ки╜,114.82,2.83,130.75,45.39,15.38,30.01,195.17,"103Y12M"
10014,╗OкF┐д,10014030,├Ўдs┬э,10014030-002,┬╫мuи╜,104.15,3.02,758.7,41.01,21.15,19.86,93.93,"103Y12M"
10014,╗OкF┐д,10014030,├Ўдs┬э,10014030-003,╖s║╓и╜,124.38,2.8,141.46,41.41,20.05,21.35,106.49,"103Y12M"
10014,╗OкF┐д,10014030,├Ўдs┬э,10014030-004,дд║╓и╜,104.22,2.88,6509.92,48.68,21.35,27.34,128.08,"103Y12M"
10014,╗OкF┐д,10014030,├Ўдs┬э,10014030-005,и╜Гуи╜,97.65,2.78,411.44,41.41,18.72,22.68,121.15,"103Y12M"
10014,╗OкF┐д,10014030,├Ўдs┬э,10014030-006,╣qе·и╜,145.72,2.84,32.58,43.7,17.17,26.52,154.43,"103Y12M"
10014,╗OкF┐д,10014030,├Ўдs┬э,10014030-007,дым▄и╜,120.62,2.53,83.56,39.87,14.87,25.,168.13,"103Y12M"
10014,╗OкF┐д,10014040,иїлn╢m,10014040-001,╣┼┬╫з°,124.15,2.74,61.81,39.11,15.22,23.89,156.92,"103Y12M"
10014,╗OкF┐д,10014040,иїлn╢m,10014040-002,зQжNз°,118.47,2.59,35.31,38.97,8.88,30.09,338.71,"103Y12M"
10014,╗OкF┐д,10014040,иїлn╢m,10014040-003,┤Iдsз°,115.97,2.45,88.77,39.46,15.92,23.54,147.89,"103Y12M"
10014,╗OкF┐д,10014040,иїлn╢m,10014040-004,┤I╖╜з°,138.73,2.5,22.52,39.53,9.46,30.07,317.86,"103Y12M"
10014,╗OкF┐д,10014040,иїлn╢m,10014040-005,й·оpз°,120.68,2.68,62.56,42.74,14.63,28.11,192.14,"103Y12M"
10014,╗OкF┐д,10014040,иїлn╢m,10014040-006,кь│└з°,115.67,2.84,154.49,39.71,17.34,22.37,129.02,"103Y12M"
10014,╗OкF┐д,10014040,иїлn╢m,10014040-007,м№╣Aз°,122.57,2.45,95.31,40.52,13.19,27.33,207.14,"103Y12M"
10014,╗OкF┐д,10014040,иїлn╢m,10014040-008,╗ло╘з°,112.61,2.78,179.27,38.06,15.64,22.41,143.29,"103Y12M"
10014,╗OкF┐д,10014040,иїлn╢m,10014040-009,оїжwз°,114.47,2.66,49.27,33.83,19.15,14.68,76.68,"103Y12M"
10014,╗OкF┐д,10014040,иїлn╢m,10014040-010,д╙енз°,105.4,2.63,541.57,29.89,13.77,16.13,117.17,"103Y12M"
10014,╗OкF┐д,10014040,иїлn╢m,10014040-011,зQ╣┼з°,106.61,2.75,26.51,29.67,13.9,15.77,113.43,"103Y12M"
10014,╗OкF┐д,10014040,иїлn╢m,10014040-012,кF┐│з°,112.24,2.83,15.83,32.3,18.17,14.12,77.72,"103Y12M"
10014,╗OкF┐д,10014040,иїлn╢m,10014040-013,╖┼мuз°,112.85,2.42,9.29,43.83,17.26,26.57,153.94,"103Y12M"
10014,╗OкF┐д,10014050,│└│е╢m,10014050-001,╖чйMз°,114.57,2.75,42.85,36.3,13.7,22.6,164.94,"103Y12M"
10014,╗OкF┐д,10014050,│└│е╢m,10014050-002,╖ч┬╫з°,123.13,2.52,158.26,39.15,9.34,29.81,319.12,"103Y12M"
10014,╗OкF┐д,10014050,│└│е╢m,10014050-003,╖ч╖╜з°,100.55,2.78,75.01,42.76,18.25,24.51,134.29,"103Y12M"
10014,╗OкF┐д,10014050,│└│е╢m,10014050-004,е├жwз°,122.28,2.73,123.76,35.01,14.16,20.85,147.22,"103Y12M"
10014,╗OкF┐д,10014050,│└│е╢m,10014050-005,╖ч╢йз°,123.43,2.53,82.79,43.36,15.03,28.32,188.39,"103Y12M"
10014,╗OкF┐д,10014050,│└│е╢m,10014050-006,│└│ез°,107.52,2.59,146.73,41.27,13.57,27.7,204.1,"103Y12M"
10014,╗OкF┐д,10014050,│└│е╢m,10014050-007,└sе╨з°,117.04,2.67,233.65,46.44,17.36,29.08,167.55,"103Y12M"
10014,╗OкF┐д,10014060,ж└дW╢m,10014060-001,║╓дхз°,110.85,2.58,168.24,44.21,16.36,27.85,170.19,"103Y12M"
10014,╗OкF┐д,10014060,ж└дW╢m,10014060-002,╝y┬╫з°,112.2,2.82,353.33,40.07,12.34,27.73,224.64,"103Y12M"
10014,╗OкF┐д,10014060,ж└дW╢m,10014060-003,дjйYз°,114.86,2.51,42.64,42.42,15.53,26.89,173.17,"103Y12M"
10014,╗OкF┐д,10014060,ж└дW╢m,10014060-004,дjоHз°,98.51,2.73,523.02,38.43,12.31,26.11,212.05,"103Y12M"
10014,╗OкF┐д,10014060,ж└дW╢m,10014060-005,║╓ньз°,99.31,2.64,1503.29,42.05,16.99,25.06,147.48,"103Y12M"
10014,╗OкF┐д,10014060,ж└дW╢m,10014060-006,└A╢щз°,123.33,2.47,45.85,45.13,12.27,32.85,267.65,"103Y12M"
10014,╗OкF┐д,10014060,ж└дW╢m,10014060-007,╖s┐│з°,122.62,2.66,94.68,45.93,16.57,29.36,177.19,"103Y12M"
10014,╗OкF┐д,10014060,ж└дW╢m,10014060-008,╕Uжwз°,116.02,2.59,84.79,57.03,20.08,36.95,184.,"103Y12M"
10014,╗OкF┐д,10014060,ж└дW╢m,10014060-009,┤I┐│з°,141.94,2.62,25.67,37.61,13.76,23.85,173.33,"103Y12M"
10014,╗OкF┐д,10014060,ж└дW╢m,10014060-010,о╢┐│з°,121.3,2.55,34.12,42.18,16.76,25.42,151.67,"103Y12M"
10014,╗OкF┐д,10014070,кFкe╢m,10014070-001,е_╖╜з°,158.93,2.16,31.92,36.78,9.06,27.71,305.74,"103Y12M"
10014,╗OкF┐д,10014070,кFкe╢m,10014070-002,ої╖╜з°,117.68,2.83,25.31,37.92,13.5,24.43,180.95,"103Y12M"
10014,╗OкF┐д,10014070,кFкe╢m,10014070-003,кFкeз°,118.32,2.57,110.84,41.41,13.23,28.18,213.08,"103Y12M"
10014,╗OкF┐д,10014070,кFкe╢m,10014070-004,й|╝wз°,127.46,2.34,11.55,38.03,14.1,23.93,169.7,"103Y12M"
10014,╗OкF┐д,10014070,кFкe╢m,10014070-005,╢ййўз°,114.55,2.19,60.51,49.37,11.65,37.72,323.91,"103Y12M"
10014,╗OкF┐д,10014070,кFкe╢m,10014070-006,┐│йўз°,108.86,2.17,61.07,52.25,14.89,37.36,250.94,"103Y12M"
10014,╗OкF┐д,10014070,кFкe╢m,10014070-007,│г─їз°,114.13,2.49,77.87,40.01,13.52,26.49,195.88,"103Y12M"
10014,╗OкF┐д,10014080,к°└╪╢m,10014080-001,╝╠ньз°,126.18,2.54,25.86,47.32,10.34,36.97,357.41,"103Y12M"
10014,╗OкF┐д,10014080,к°└╪╢m,10014080-002,дT╢бз°,133.02,2.7,42.35,48.99,13.33,35.66,267.42,"103Y12M"
10014,╗OкF┐д,10014080,к°└╪╢m,10014080-003,й╛лiз°,156.2,2.81,32.09,49.21,17.83,31.38,175.95,"103Y12M"
10014,╗OкF┐д,10014080,к°└╪╢m,10014080-004,к°└╪з°,124.13,2.65,230.85,42.54,13.69,28.85,210.76,"103Y12M"
10014,╗OкF┐д,10014080,к°└╪╢m,10014080-005,ж╦┤Єз°,121.78,2.68,60.36,40.05,10.95,29.11,265.85,"103Y12M"
10014,╗OкF┐д,10014080,к°└╪╢m,10014080-006,╣чоHз°,139.1,2.55,40.81,37.16,9.36,27.8,297.03,"103Y12M"
10014,╗OкF┐д,10014090,д╙│┬и╜╢m,10014090-001,м№йMз°,109.43,2.88,122.9,36.39,16.64,19.75,118.72,"103Y12M"
10014,╗OкF┐д,10014090,д╙│┬и╜╢m,10014090-002,дTйMз°,109.63,2.71,100.91,39.36,15.07,24.29,161.25,"103Y12M"
10014,╗OкF┐д,10014090,д╙│┬и╜╢m,10014090-003,╡╪╖╜з°,122.43,2.33,55.64,52.89,13.28,39.61,298.39,"103Y12M"
10014,╗OкF┐д,10014090,д╙│┬и╜╢m,10014090-004,е_и╜з°,137.82,2.17,224.55,38.27,15.43,22.83,147.95,"103Y12M"
10014,╗OкF┐д,10014090,д╙│┬и╜╢m,10014090-005,оїйMз°,105.85,2.49,515.31,39.97,15.68,24.29,154.92,"103Y12M"
10014,╗OкF┐д,10014090,д╙│┬и╜╢m,10014090-006,дjд¤з°,114.83,2.47,198.91,39.06,17.31,21.75,125.66,"103Y12M"
10014,╗OкF┐д,10014090,д╙│┬и╜╢m,10014090-007,н╗─їз°,125.37,2.53,97.35,44.96,14.4,30.56,212.22,"103Y12M"
10014,╗OкF┐д,10014090,д╙│┬и╜╢m,10014090-008,кў▒[з°,110.54,2.51,94.02,36.23,19.67,16.56,84.18,"103Y12M"
10014,╗OкF┐д,10014090,д╙│┬и╜╢m,10014090-009,жhи}з°,105.27,2.27,48.87,32.7,15.66,17.05,108.87,"103Y12M"
10014,╗OкF┐д,10014100,дjкZ╢m,10014100-001,дjж╦з°,106.46,2.6,47.48,34.54,16.98,17.56,103.42,"103Y12M"
10014,╗OкF┐д,10014100,дjкZ╢m,10014100-002,дj│╛з°,118.51,2.66,74.36,33.18,19.62,13.55,69.08,"103Y12M"
10014,╗OкF┐д,10014100,дjкZ╢m,10014100-003,дjкZз°,108.08,2.63,252.82,33.1,17.67,15.43,87.34,"103Y12M"
10014,╗OкF┐д,10014100,дjкZ╢m,10014100-004,й|кZз°,104.04,2.61,200.81,31.88,12.83,19.06,148.59,"103Y12M"
10014,╗OкF┐д,10014100,дjкZ╢m,10014100-005,лn┐│з°,100.,2.37,83.05,29.08,12.95,16.14,124.64,"103Y12M"
10014,╗OкF┐д,10014110,║ёоq╢m,10014110-001,д╜БFз°,116.38,3.43,97.03,26.73,15.35,11.38,74.17,"103Y12M"
10014,╗OкF┐д,10014110,║ёоq╢m,10014110-002,дд╝dз°,113.23,3.39,715.48,23.12,11.2,11.91,106.36,"103Y12M"
10014,╗OкF┐д,10014110,║ёоq╢m,10014110-003,лn╝dз°,106.42,3.56,366.37,25.63,13.28,12.34,92.94,"103Y12M"
10014,╗OкF┐д,10014120,о№║▌╢m,10014120-001,╝sньз°,107.36,4.04,33.08,37.03,28.24,8.78,31.1,"103Y12M"
10014,╗OкF┐д,10014120,о№║▌╢m,10014120-002,├·│└з°,113.94,3.6,1.83,38.43,22.75,15.69,68.97,"103Y12M"
10014,╗OкF┐д,10014120,о№║▌╢m,10014120-003,зQ╜_з°,101.21,4.2,.89,38.91,30.96,7.95,25.68,"103Y12M"
10014,╗OкF┐д,10014120,о№║▌╢m,10014120-004,о№║▌з°,113.37,4.08,46.51,34.87,25.24,9.63,38.14,"103Y12M"
10014,╗OкF┐д,10014120,о№║▌╢m,10014120-005,оr│╗з°,124.32,3.77,7.25,35.33,26.09,9.24,35.42,"103Y12M"
10014,╗OкF┐д,10014120,о№║▌╢m,10014120-006,е[о│з°,129.79,4.27,4.07,32.61,25.1,7.51,29.92,"103Y12M"
10014,╗OкF┐д,10014130,й╡ен╢m,10014130-001,кZ│оз°,120.72,3.24,48.59,32.43,22.7,9.73,42.86,"103Y12M"
10014,╗OкF┐д,10014130,й╡ен╢m,10014130-002,е├▒dз°,117.37,3.16,10.19,35.96,25.84,10.11,39.13,"103Y12M"
10014,╗OкF┐д,10014130,й╡ен╢m,10014130-003,мї╕нз°,119.92,3.6,1.58,31.73,21.83,9.9,45.35,"103Y12M"
10014,╗OкF┐д,10014130,й╡ен╢m,10014130-004,╞}дsз°,117.86,3.3,27.93,32.37,19.89,12.48,62.73,"103Y12M"
10014,╗OкF┐д,10014130,й╡ен╢m,10014130-005,оч╖╜з°,112.61,3.51,16.76,30.95,22.26,8.7,39.07,"103Y12M"
10014,╗OкF┐д,10014140,кўоp╢m,10014140-001,╖s┐│з°,110.85,3.68,113.02,29.31,21.62,7.69,35.58,"103Y12M"
10014,╗OкF┐д,10014140,кўоp╢m,10014140-002,е┐┐│з°,100.,3.37,3493.52,32.09,20.52,11.57,56.36,"103Y12M"
10014,╗OкF┐д,10014140,кўоp╢m,10014140-003,╣┼─їз°,105.86,3.28,8.31,34.2,23.87,10.33,43.27,"103Y12M"
10014,╗OкF┐д,10014140,кўоp╢m,10014140-004,╗лнZз°,115.85,2.97,2780.18,34.35,20.75,13.61,65.57,"103Y12M"
10014,╗OкF┐д,10014140,кўоp╢m,10014140-005,╛·╦·з°,108.38,3.13,2.03,34.46,20.27,14.19,70.,"103Y12M"
10014,╗OкF┐д,10014150,╣Fдп╢m,10014150-001,еxПшз°,116.77,2.6,33.38,28.57,13.56,15.01,110.67,"103Y12M"
10014,╗OкF┐д,10014150,╣Fдп╢m,10014150-002,дgПшз°,126.52,2.96,11.35,24.91,14.75,10.16,68.91,"103Y12M"
10014,╗OкF┐д,10014150,╣Fдп╢m,10014150-003,╖sд╞з°,127.65,2.58,3.11,33.91,16.26,17.65,108.51,"103Y12M"
10014,╗OкF┐д,10014150,╣Fдп╢m,10014150-004,жwо╥з°,119.14,2.28,14.03,23.91,13.09,10.82,82.72,"103Y12M"
10014,╗OкF┐д,10014150,╣Fдп╢m,10014150-005,┤╦е├з°,117.43,2.28,32.89,35.43,16.,19.43,121.43,"103Y12M"
10014,╗OкF┐д,10014150,╣Fдп╢m,10014150-006,лnе╨з°,104.37,2.4,21.85,17.24,9.4,7.84,83.33,"103Y12M"
10014,╗OкF┐д,10014160,─ї└м╢m,10014160-001,кF▓Mз°,101.09,3.02,84.82,30.38,22.41,7.97,35.57,"103Y12M"
10014,╗OкF┐д,10014160,─ї└м╢m,10014160-002,о╘оqз°,101.57,2.86,92.85,30.76,21.87,8.89,40.67,"103Y12M"
10014,╗OкF┐д,10014160,─ї└м╢m,10014160-003,мї└Yз°,104.99,2.72,124.15,27.41,18.19,9.22,50.71,"103Y12M"
10014,╗OкF┐д,10014160,─ї└м╢m,10014160-004,╖жкoз°,104.53,2.85,139.01,32.36,23.68,8.68,36.63,"103Y12M"
10015,кс╜м┐д,10015010,кс╜мел,10015010-001,е┴е▀и╜,95.76,2.42,2310.97,45.59,23.85,21.75,91.19,"103Y12M"
10015,кс╜м┐д,10015010,кс╜мел,10015010-002,е┴╣Bи╜,97.62,2.47,6260.04,34.22,13.12,21.1,160.79,"103Y12M"
10015,кс╜м┐д,10015010,кс╜мел,10015010-003,е┴▒┌и╜,94.56,2.63,5152.25,43.43,28.73,14.7,51.16,"103Y12M"
10015,кс╜м┐д,10015010,кс╜мел,10015010-004,еDлHи╜,85.78,2.46,15931.07,50.,27.24,22.76,83.57,"103Y12M"
10015,кс╜м┐д,10015010,кс╜мел,10015010-005,еD╖№и╜,88.62,2.52,14668.97,42.03,22.91,19.12,83.48,"103Y12M"
10015,кс╜м┐д,10015010,кс╜мел,10015010-006,еDйMи╜,96.74,2.75,7677.9,45.58,26.42,19.17,72.57,"103Y12M"
10015,кс╜м┐д,10015010,кс╜мел,10015010-007,░ъл┬и╜,103.92,2.12,19150.73,50.56,31.66,18.9,59.7,"103Y12M"
10015,кс╜м┐д,10015010,кс╜мел,10015010-008,░ън╖и╜,84.65,2.91,7460.92,58.22,37.24,20.98,56.34,"103Y12M"
10015,кс╜м┐д,10015010,кс╜мел,10015010-009,е┴╝wи╜,86.56,2.47,2620.44,46.28,29.7,16.58,55.83,"103Y12M"
10015,кс╜м┐д,10015010,кс╜мел,10015010-010,е┴╖Nи╜,127.75,2.56,1751.31,46.12,12.14,33.98,279.81,"103Y12M"
10015,кс╜м┐д,10015010,кс╜мел,10015010-011,е┴кvи╜,173.91,2.17,341.81,31.25,2.08,29.17,1400.,"103Y12M"
10015,кс╜м┐д,10015010,кс╜мел,10015010-012,еD╕qи╜,107.22,2.57,17278.23,39.66,18.98,20.68,108.97,"103Y12M"
10015,кс╜м┐д,10015010,кс╜мел,10015010-013,еDдuи╜,91.28,2.78,7025.28,50.48,31.05,19.43,62.58,"103Y12M"
10015,кс╜м┐д,10015010,кс╜мел,10015010-014,еD╣Aи╜,93.9,2.88,14667.52,40.31,26.1,14.22,54.49,"103Y12M"
10015,кс╜м┐д,10015010,кс╜мел,10015010-015,░ъкvи╜,86.16,2.58,11609.41,58.8,40.05,18.75,46.82,"103Y12M"
10015,кс╜м┐д,10015010,кс╜мел,10015010-016,░ъ┤Iи╜,94.11,2.57,14266.73,29.73,13.5,16.23,120.22,"103Y12M"
10015,кс╜м┐д,10015010,кс╜мел,10015010-017,е┴мFи╜,86.82,2.53,11746.82,36.99,20.49,16.5,80.55,"103Y12M"
10015,кс╜м┐д,10015010,кс╜мел,10015010-018,е┴╢╘и╜,86.09,2.63,4004.45,52.92,39.03,13.89,35.58,"103Y12M"
10015,кс╜м┐д,10015010,кс╜мел,10015010-019,е┴е═и╜,90.07,2.45,12394.22,48.99,27.28,21.71,79.58,"103Y12M"
10015,кс╜м┐д,10015010,кс╜мел,10015010-020,еD░╙и╜,88.7,2.8,14641.63,61.64,41.15,20.48,49.77,"103Y12M"
10015,кс╜м┐д,10015010,кс╜мел,10015010-021,еD╛╟и╜,91.15,2.79,15579.19,46.19,28.78,17.41,60.5,"103Y12M"
10015,кс╜м┐д,10015010,кс╜мел,10015010-022,░ъе·и╜,103.29,2.54,2909.85,41.8,21.45,20.35,94.87,"103Y12M"
10015,кс╜м┐д,10015010,кс╜мел,10015010-023,░ъ┴pи╜,93.65,2.23,5930.62,24.67,10.66,14.01,131.42,"103Y12M"
10015,кс╜м┐д,10015010,кс╜мел,10015010-024,░ъ▒jи╜,97.81,2.96,714.08,32.55,19.94,12.61,63.26,"103Y12M"
10015,кс╜м┐д,10015010,кс╜мел,10015010-025,е┴д▀и╜,115.48,2.56,391.84,27.92,12.96,14.96,115.45,"103Y12M"
10015,кс╜м┐д,10015010,кс╜мел,10015010-026,е┴╝╓и╜,92.,2.27,3845.43,31.87,15.02,16.85,112.2,"103Y12M"
10015,кс╜м┐д,10015010,кс╜мел,10015010-027,е┴еDи╜,94.59,2.38,8854.88,46.94,29.93,17.01,56.82,"103Y12M"
10015,кс╜м┐д,10015010,кс╜мел,10015010-028,еD╢╘и╜,93.25,2.7,15587.63,52.73,29.69,23.05,77.63,"103Y12M"
10015,кс╜м┐д,10015010,кс╜мел,10015010-029,еDдOи╜,91.33,2.59,17440.21,41.95,23.46,18.5,78.85,"103Y12M"
10015,кс╜м┐д,10015010,кс╜мел,10015010-030,░ъжwи╜,93.73,2.33,3830.38,44.87,23.88,20.98,87.85,"103Y12M"
10015,кс╜м┐д,10015010,кс╜мел,10015010-031,░ъ╗юи╜,92.04,2.67,17172.2,49.08,29.6,19.48,65.79,"103Y12M"
10015,кс╜м┐д,10015010,кс╜мел,10015010-032,░ъ╝yи╜,105.02,2.73,379.92,37.47,18.56,18.91,101.88,"103Y12M"
10015,кс╜м┐д,10015010,кс╜мел,10015010-033,е┴и╔и╜,99.3,2.38,3416.28,27.35,15.01,12.33,82.13,"103Y12M"
10015,кс╜м┐д,10015010,кс╜мел,10015010-034,е┴ж│и╜,103.23,2.9,16348.28,39.76,22.7,17.06,75.19,"103Y12M"
10015,кс╜м┐д,10015010,кс╜мел,10015010-035,е┴┼vи╜,91.64,2.53,1482.25,45.58,25.41,20.17,79.35,"103Y12M"
10015,кс╜м┐д,10015010,кс╜мел,10015010-036,еDнpи╜,94.33,2.53,3008.72,34.2,17.23,16.97,98.48,"103Y12M"
10015,кс╜м┐д,10015010,кс╜мел,10015010-037,еD┼vи╜,91.41,2.72,15806.72,36.64,22.07,14.56,65.99,"103Y12M"
10015,кс╜м┐д,10015010,кс╜мел,10015010-038,░ъ╡╪и╜,93.51,2.74,19484.09,54.75,33.44,21.31,63.75,"103Y12M"
10015,кс╜м┐д,10015010,кс╜мел,10015010-039,░ъи╛и╜,87.92,2.57,10100.34,36.86,20.66,16.2,78.4,"103Y12M"
10015,кс╜м┐д,10015010,кс╜мел,10015010-040,░ъ║╓и╜,109.71,2.8,623.82,28.55,13.97,14.58,104.37,"103Y12M"
10015,кс╜м┐д,10015010,кс╜мел,10015010-041,░ъ╕╬и╜,94.96,2.59,9071.25,29.75,16.24,13.51,83.23,"103Y12M"
10015,кс╜м┐д,10015010,кс╜мел,10015010-042,еDжwи╜,90.6,2.8,12086.9,43.56,26.04,17.51,67.25,"103Y12M"
10015,кс╜м┐д,10015010,кс╜мел,10015010-043,░ъ▓▒и╜,93.48,2.1,12326.33,24.51,14.03,10.47,74.64,"103Y12M"
10015,кс╜м┐д,10015010,кс╜мел,10015010-044,░ъ┐│и╜,97.77,2.61,3036.59,28.96,16.4,12.57,76.63,"103Y12M"
10015,кс╜м┐д,10015010,кс╜мел,10015010-045,е┴з╡и╜,99.05,2.5,1402.32,32.84,17.04,15.8,92.71,"103Y12M"
10015,кс╜м┐д,10015020,╗ёкL┬э,10015020-001,╗ёдпи╜,108.12,2.71,1961.47,40.2,15.12,25.07,165.79,"103Y12M"
10015,кс╜м┐д,10015020,╗ёкL┬э,10015020-002,╗ё╕qи╜,103.61,2.52,60.93,47.19,12.65,34.54,273.02,"103Y12M"
10015,кс╜м┐д,10015020,╗ёкL┬э,10015020-003,╗ё┬зи╜,105.38,2.7,3111.33,48.87,14.58,34.29,235.21,"103Y12M"
10015,кс╜м┐д,10015020,╗ёкL┬э,10015020-004,╗ё┤╝и╜,100.44,2.55,6831.53,49.67,18.78,30.9,164.53,"103Y12M"
10015,кс╜м┐д,10015020,╗ёкL┬э,10015020-005,╗ёлHи╜,113.08,2.61,216.59,39.89,14.22,25.67,180.5,"103Y12M"
10015,кс╜м┐д,10015020,╗ёкL┬э,10015020-006,дs┐│и╜,117.06,2.1,28.05,47.44,10.78,36.66,340.,"103Y12M"
10015,кс╜м┐д,10015020,╗ёкL┬э,10015020-007,дj║aи╜,114.63,2.63,103.02,47.03,15.85,31.19,196.77,"103Y12M"
10015,кс╜м┐д,10015020,╗ёкL┬э,10015020-008,е_кLи╜,126.33,2.49,176.86,54.74,13.38,41.36,309.09,"103Y12M"
10015,кс╜м┐д,10015020,╗ёкL┬э,10015020-009,лnени╜,126.52,2.37,152.33,61.22,10.71,50.51,471.43,"103Y12M"
10015,кс╜м┐д,10015020,╗ёкL┬э,10015020-010,кL║aи╜,107.13,2.53,36.84,52.21,13.58,38.63,284.34,"103Y12M"
10015,кс╜м┐д,10015020,╗ёкL┬э,10015020-011,к°╛Їи╜,111.52,2.48,33.18,50.73,14.3,36.42,254.63,"103Y12M"
10015,кс╜м┐д,10015020,╗ёкL┬э,10015020-012,┤╦║aи╜,100.,2.59,18.08,86.89,9.84,77.05,783.33,"103Y12M"
10015,кс╜м┐д,10015030,е╔и╜┬э,10015030-001,ддл░и╜,101.01,2.88,3297.76,38.67,20.1,18.56,92.32,"103Y12M"
10015,кс╜м┐д,10015030,е╔и╜┬э,10015030-002,▒╥╝╥и╜,102.58,2.54,1156.28,42.1,18.58,23.52,126.59,"103Y12M"
10015,кс╜м┐д,10015030,е╔и╜┬э,10015030-003,е├йўи╜,114.7,2.89,1593.89,42.8,14.48,28.32,195.54,"103Y12M"
10015,кс╜м┐д,10015030,е╔и╜┬э,10015030-004,оїйўи╜,133.03,3.67,1457.73,54.69,11.95,42.75,357.86,"103Y12M"
10015,кс╜м┐д,10015030,е╔и╜┬э,10015030-005,░ъкZи╜,98.82,2.97,2764.84,42.55,16.32,26.23,160.69,"103Y12M"
10015,кс╜м┐д,10015030,е╔и╜┬э,10015030-006,╖╜л░и╜,121.99,2.98,81.36,42.43,15.52,26.9,173.33,"103Y12M"
10015,кс╜м┐д,10015030,е╔и╜┬э,10015030-007,к°и}и╜,134.02,2.65,55.14,46.96,17.5,29.47,168.42,"103Y12M"
10015,кс╜м┐д,10015030,е╔и╜┬э,10015030-008,╝╓жXи╜,136.14,2.47,47.11,41.52,12.76,28.76,225.47,"103Y12M"
10015,кс╜м┐д,10015030,е╔и╜┬э,10015030-009,кF┬╫и╜,140.22,2.84,17.55,52.82,20.42,32.39,158.62,"103Y12M"
10015,кс╜м┐д,10015030,е╔и╜┬э,10015030-010,╞[н╡и╜,117.55,2.62,99.35,41.08,13.72,27.36,199.43,"103Y12M"
10015,кс╜м┐д,10015030,е╔и╜┬э,10015030-011,кQо·и╜,132.83,3.02,81.58,38.55,15.59,22.97,147.37,"103Y12M"
10015,кс╜м┐д,10015030,е╔и╜┬э,10015030-012,мKдщи╜,123.9,2.66,44.66,46.7,15.8,30.89,195.45,"103Y12M"
10015,кс╜м┐д,10015030,е╔и╜┬э,10015030-013,╝wкZи╜,124.34,3.19,73.59,44.79,16.8,27.99,166.67,"103Y12M"
10015,кс╜м┐д,10015030,е╔и╜┬э,10015030-014,дTе┴и╜,124.89,2.55,75.61,52.97,15.63,37.34,238.89,"103Y12M"
10015,кс╜м┐д,10015030,е╔и╜┬э,10015030-015,дjмъи╜,117.23,2.73,68.43,48.67,17.57,31.1,176.97,"103Y12M"
10015,кс╜м┐д,10015040,╖sл░╢m,10015040-001,╖sл░з°,101.26,2.76,612.05,43.42,18.08,25.34,140.1,"103Y12M"
10015,кс╜м┐д,10015040,╖sл░╢m,10015040-002,╢╢жwз°,123.79,2.93,292.86,37.52,14.88,22.64,152.17,"103Y12M"
10015,кс╜м┐д,10015040,╖sл░╢m,10015040-003,▒d╝╓з°,99.64,2.77,400.31,31.01,15.13,15.88,104.94,"103Y12M"
10015,кс╜м┐д,10015040,╖sл░╢m,10015040-004,е_оHз°,106.62,2.74,3036.98,30.94,17.64,13.3,75.41,"103Y12M"
10015,кс╜м┐д,10015040,╖sл░╢m,10015040-005,и╬кLз°,105.89,2.75,199.28,29.86,15.95,13.91,87.22,"103Y12M"
10015,кс╜м┐д,10015040,╖sл░╢m,10015040-006,╣┼и╜з°,107.44,2.6,1393.57,32.51,20.07,12.44,61.99,"103Y12M"
10015,кс╜м┐д,10015040,╖sл░╢m,10015040-007,╣┼╖sз°,110.11,2.46,1545.31,44.75,15.04,29.71,197.53,"103Y12M"
10015,кс╜м┐д,10015040,╖sл░╢m,10015040-008,дj║~з°,108.75,2.68,706.49,31.58,17.44,14.13,81.02,"103Y12M"
10015,кс╜м┐д,10015050,жNжw╢m,10015050-001,е_йўз°,91.34,2.67,8019.72,35.87,20.54,15.33,74.6,"103Y12M"
10015,кс╜м┐д,10015050,жNжw╢m,10015050-002,│╙жwз°,97.59,2.61,4326.37,27.64,15.22,12.43,81.65,"103Y12M"
10015,кс╜м┐д,10015050,жNжw╢m,10015050-003,д╙йўз°,110.7,2.69,1312.57,29.49,14.16,15.33,108.21,"103Y12M"
10015,кс╜м┐д,10015050,жNжw╢m,10015050-004,е├жwз°,99.87,2.57,2862.16,28.03,12.48,15.55,124.62,"103Y12M"
10015,кс╜м┐д,10015050,жNжw╢m,10015050-005,╝y┬╫з°,107.33,2.66,3709.03,25.46,11.94,13.53,113.34,"103Y12M"
10015,кс╜м┐д,10015050,жNжw╢m,10015050-006,жNжwз°,108.95,2.51,796.65,26.02,12.45,13.58,109.06,"103Y12M"
10015,кс╜м┐д,10015050,жNжw╢m,10015050-007,║╓┐│з°,108.64,2.79,787.08,29.8,13.84,15.96,115.36,"103Y12M"
10015,кс╜м┐д,10015050,жNжw╢m,10015050-008,лn╡╪з°,117.41,2.83,333.96,39.7,13.91,25.8,185.47,"103Y12M"
10015,кс╜м┐д,10015050,жNжw╢m,10015050-009,дzл░з°,131.97,2.19,192.35,25.68,11.01,14.68,133.33,"103Y12M"
10015,кс╜м┐д,10015050,жNжw╢m,10015050-010,е├┐│з°,105.11,2.78,759.5,32.29,16.59,15.69,94.56,"103Y12M"
10015,кс╜м┐д,10015050,жNжw╢m,10015050-011,╜_н╗з°,103.58,2.91,1786.32,31.82,16.55,15.27,92.24,"103Y12M"
10015,кс╜м┐д,10015050,жNжw╢m,10015050-012,лnйўз°,94.96,2.82,9107.75,29.54,18.54,11.,59.31,"103Y12M"
10015,кс╜м┐д,10015050,жNжw╢m,10015050-013,йyйўз°,99.54,2.8,10077.09,33.19,17.99,15.2,84.52,"103Y12M"
10015,кс╜м┐д,10015050,жNжw╢m,10015050-014,дпи╜з°,96.54,2.61,7733.9,30.07,13.43,16.64,123.88,"103Y12M"
10015,кс╜м┐д,10015050,жNжw╢m,10015050-015,кFйўз°,105.76,2.6,3830.69,25.31,10.96,14.35,130.9,"103Y12M"
10015,кс╜м┐д,10015050,жNжw╢m,10015050-016,дпжwз°,111.,2.61,804.3,25.71,12.2,13.51,110.74,"103Y12M"
10015,кс╜м┐д,10015050,жNжw╢m,10015050-017,дпйMз°,110.56,2.68,1578.72,26.02,12.97,13.05,100.58,"103Y12M"
10015,кс╜м┐д,10015050,жNжw╢m,10015050-018,е·╡╪з°,106.44,2.49,165.25,26.29,11.69,14.6,124.87,"103Y12M"
10015,кс╜м┐д,10015060,╣╪┬╫╢m,10015060-001,╛Ё┤Єз°,111.4,2.5,47.86,40.21,10.65,29.55,277.42,"103Y12M"
10015,кс╜м┐д,10015060,╣╪┬╫╢m,10015060-002,╖╦дfз°,114.14,2.82,109.64,44.69,13.8,30.9,223.93,"103Y12M"
10015,кс╜м┐д,10015060,╣╪┬╫╢m,10015060-003,┬╫дsз°,113.58,2.68,272.24,40.1,15.53,24.57,158.17,"103Y12M"
10015,кс╜м┐д,10015060,╣╪┬╫╢m,10015060-004,┬╫╕╠з°,115.29,2.86,335.46,35.48,13.81,21.67,156.97,"103Y12M"
10015,кс╜м┐д,10015060,╣╪┬╫╢m,10015060-005,┬╫йWз°,114.72,2.83,91.83,38.89,16.14,22.75,140.98,"103Y12M"
10015,кс╜м┐д,10015060,╣╪┬╫╢m,10015060-006,ж@йMз°,113.4,2.62,72.45,36.45,15.14,21.31,140.79,"103Y12M"
10015,кс╜м┐д,10015060,╣╪┬╫╢m,10015060-007,╣╪┬╫з°,111.2,2.66,433.13,38.04,16.01,22.03,137.56,"103Y12M"
10015,кс╜м┐д,10015060,╣╪┬╫╢m,10015060-008,е·║aз°,119.95,2.86,586.72,42.08,13.98,28.11,201.11,"103Y12M"
10015,кс╜м┐д,10015060,╣╪┬╫╢m,10015060-009,ж└лnз°,116.71,2.4,68.23,45.96,12.68,33.28,262.5,"103Y12M"
10015,кс╜м┐д,10015060,╣╪┬╫╢m,10015060-010,енйMз°,113.3,2.61,113.44,35.09,12.88,22.21,172.44,"103Y12M"
10015,кс╜м┐д,10015060,╣╪┬╫╢m,10015060-011,з╙╛╟з°,109.84,2.43,194.81,32.48,15.76,16.72,106.09,"103Y12M"
10015,кс╜м┐д,10015060,╣╪┬╫╢m,10015060-012,ж╠┤╠з°,104.17,2.31,17.33,36.74,10.7,26.05,243.48,"103Y12M"
10015,кс╜м┐д,10015060,╣╪┬╫╢m,10015060-013,дым▄з°,125.29,2.67,36.57,38.32,14.96,23.36,156.19,"103Y12M"
10015,кс╜м┐д,10015060,╣╪┬╫╢m,10015060-014,дЇцгз°,129.41,2.34,23.97,48.51,14.4,34.11,236.78,"103Y12M"
10015,кс╜м┐д,10015060,╣╪┬╫╢m,10015060-015,╞Q╝dз°,120.65,2.1,23.75,31.64,8.21,23.43,285.29,"103Y12M"
10015,кс╜м┐д,10015070,е·┤_╢m,10015070-001,дjжwз°,98.63,2.55,3236.89,40.28,13.66,26.62,194.95,"103Y12M"
10015,кс╜м┐д,10015070,е·┤_╢m,10015070-002,дj╡╪з°,108.76,2.55,1258.7,36.01,12.3,23.71,192.75,"103Y12M"
10015,кс╜м┐д,10015070,е·┤_╢m,10015070-003,дjенз°,115.33,2.63,473.29,41.56,14.36,27.2,189.47,"103Y12M"
10015,кс╜м┐д,10015070,е·┤_╢m,10015070-004,дj░из°,106.41,2.47,86.76,41.62,15.1,26.52,175.59,"103Y12M"
10015,кс╜м┐д,10015070,е·┤_╢m,10015070-005,дjжPз°,111.54,2.63,1423.92,37.96,14.85,23.12,155.71,"103Y12M"
10015,кс╜м┐д,10015070,е·┤_╢m,10015070-006,дj╢iз°,112.4,2.54,370.35,40.15,10.49,29.67,282.93,"103Y12M"
10015,кс╜м┐д,10015070,е·┤_╢m,10015070-007,дjе■з°,122.95,2.68,49.39,41.13,14.07,27.06,192.39,"103Y12M"
10015,кс╜м┐д,10015070,е·┤_╢m,10015070-008,дj┐│з°,126.77,2.64,45.76,40.15,19.95,20.19,101.22,"103Y12M"
10015,кс╜м┐д,10015070,е·┤_╢m,10015070-009,дj┤Iз°,113.37,2.43,37.58,44.57,13.04,31.52,241.67,"103Y12M"
10015,кс╜м┐д,10015070,е·┤_╢m,10015070-010,дj┬╫з°,136.24,2.71,63.12,53.26,12.75,40.51,317.78,"103Y12M"
10015,кс╜м┐д,10015070,е·┤_╢m,10015070-011,кF┤Iз°,122.87,2.88,31.74,41.1,14.23,26.87,188.79,"103Y12M"
10015,кс╜м┐д,10015070,е·┤_╢m,10015070-012,жш┤Iз°,112.67,2.74,78.22,44.89,13.28,31.61,238.,"103Y12M"
10015,кс╜м┐д,10015070,е·┤_╢m,10015070-013,лn┤Iз°,112.94,2.87,124.74,40.93,14.66,26.27,179.21,"103Y12M"
10015,кс╜м┐д,10015070,е·┤_╢m,10015070-014,е_┤Iз°,116.04,2.79,325.37,44.83,12.99,31.84,245.16,"103Y12M"
10015,кс╜м┐д,10015080,┬╫└╪╢m,10015080-001,┬╫└╪з°,118.61,2.77,22.88,39.41,13.32,26.09,195.85,"103Y12M"
10015,кс╜м┐д,10015080,┬╫└╪╢m,10015080-002,╖sк└з°,122.73,2.55,46.9,37.2,10.2,27.,264.71,"103Y12M"
10015,кс╜м┐д,10015080,┬╫└╪╢m,10015080-003,┴F▒Tз°,112.95,2.63,18.42,25.69,7.95,17.74,223.08,"103Y12M"
10015,кс╜м┐д,10015080,┬╫└╪╢m,10015080-004,┤фдfз°,128.81,2.64,49.12,38.59,10.57,28.02,265.08,"103Y12M"
10015,кс╜м┐д,10015080,┬╫└╪╢m,10015080-005,└Rо·з°,141.46,2.78,50.11,37.97,9.22,28.75,311.76,"103Y12M"
10015,кс╜м┐д,10015090,╖ч┴J╢m,10015090-001,╖ч┴Jз°,110.93,2.49,1507.29,37.54,12.92,24.62,190.57,"103Y12M"
10015,кс╜м┐д,10015090,╖ч┴J╢m,10015090-002,╖чм№з°,105.08,2.66,745.,41.51,16.13,25.38,157.38,"103Y12M"
10015,кс╜м┐д,10015090,╖ч┴J╢m,10015090-003,╖чи}з°,112.62,2.6,252.76,45.12,15.19,29.93,197.01,"103Y12M"
10015,кс╜м┐д,10015090,╖ч┴J╢m,10015090-004,╖ч▓╗з°,108.26,2.37,79.97,42.23,14.54,27.69,190.52,"103Y12M"
10015,кс╜м┐д,10015090,╖ч┴J╢m,10015090-005,╖че_з°,110.32,2.8,124.54,42.25,18.99,23.26,122.45,"103Y12M"
10015,кс╜м┐д,10015090,╖ч┴J╢m,10015090-006,╗R┼bз°,118.79,2.55,59.41,40.1,13.97,26.13,187.04,"103Y12M"
10015,кс╜м┐д,10015090,╖ч┴J╢m,10015090-007,┼bйгз°,137.18,2.93,35.68,40.78,14.25,26.54,186.27,"103Y12M"
10015,кс╜м┐д,10015090,╖ч┴J╢m,10015090-008,й_м№з°,132.39,3.5,7.55,39.59,18.77,20.82,110.91,"103Y12M"
10015,кс╜м┐д,10015090,╖ч┴J╢m,10015090-009,┤I╖╜з°,128.85,2.52,169.32,48.34,15.53,32.81,211.22,"103Y12M"
10015,кс╜м┐д,10015090,╖ч┴J╢m,10015090-010,┤Iе┴з°,119.16,2.59,367.33,38.8,14.93,23.87,159.82,"103Y12M"
10015,кс╜м┐д,10015090,╖ч┴J╢m,10015090-011,┤I┐│з°,133.98,2.41,46.46,50.63,12.29,38.33,311.86,"103Y12M"
10015,кс╜м┐д,10015100,┤Iи╜╢m,10015100-001,зdж┐з°,127.31,2.55,29.89,49.74,16.67,33.07,198.41,"103Y12M"
10015,кс╜м┐д,10015100,┤Iи╜╢m,10015100-002,кFи╜з°,126.63,2.46,87.15,45.57,11.,34.57,314.13,"103Y12M"
10015,кс╜м┐д,10015100,┤Iи╜╢m,10015100-003,╕U╣чз°,142.07,3.24,49.44,46.49,16.42,30.07,183.15,"103Y12M"
10015,кс╜м┐д,10015100,┤Iи╜╢m,10015100-004,╖s┐│з°,126.95,2.45,53.04,53.63,13.41,40.22,300.,"103Y12M"
10015,кс╜м┐д,10015100,┤Iи╜╢m,10015100-005,ж╦е╨з°,110.81,2.56,70.59,45.96,15.79,30.18,191.11,"103Y12M"
10015,кс╜м┐д,10015100,┤Iи╜╢m,10015100-006,├╣дsз°,121.24,2.81,24.96,52.44,19.21,33.23,173.02,"103Y12M"
10015,кс╜м┐д,10015100,┤Iи╜╢m,10015100-007,е█╡Pз°,112.3,2.91,192.41,44.59,18.11,26.49,146.27,"103Y12M"
10015,кс╜м┐д,10015100,┤Iи╜╢m,10015100-008,й·и╜з°,120.48,2.91,153.62,53.31,25.83,27.48,106.41,"103Y12M"
10015,кс╜м┐д,10015100,┤Iи╜╢m,10015100-009,┤Iи╜з°,108.75,2.74,860.79,46.13,15.41,30.72,199.42,"103Y12M"
10015,кс╜м┐д,10015100,┤Iи╜╢m,10015100-010,е├┬╫з°,116.67,2.98,38.14,46.38,16.35,30.03,183.61,"103Y12M"
10015,кс╜м┐д,10015100,┤Iи╜╢m,10015100-011,┬╫лnз°,121.79,2.54,22.59,45.69,17.06,28.63,167.82,"103Y12M"
10015,кс╜м┐д,10015100,┤Iи╜╢m,10015100-012,┤Iлnз°,120.86,2.77,59.56,40.83,15.37,25.46,165.67,"103Y12M"
10015,кс╜м┐д,10015100,┤Iи╜╢m,10015100-013,╛╟е╨з°,127.6,2.88,182.81,49.51,19.88,29.63,149.02,"103Y12M"
10015,кс╜м┐д,10015110,иqкL╢m,10015110-001,▒R╝wз°,108.,3.22,20.36,35.54,24.96,10.58,42.37,"103Y12M"
10015,кс╜м┐д,10015110,иqкL╢m,10015110-002,┤Iе@з°,108.97,3.19,4.13,33.05,21.93,11.12,50.69,"103Y12M"
10015,кс╜м┐д,10015110,иqкL╢m,10015110-003,иqкLз°,97.57,3.21,100.62,32.59,23.3,9.29,39.9,"103Y12M"
10015,кс╜м┐д,10015110,иqкL╢m,10015110-004,дЇ╖╜з°,111.66,3.46,27.08,37.37,27.25,10.12,37.15,"103Y12M"
10015,кс╜м┐д,10015110,иqкL╢m,10015110-005,╗╔к∙з°,110.78,3.52,5.2,31.57,22.96,8.61,37.5,"103Y12M"
10015,кс╜м┐д,10015110,иqкL╢m,10015110-006,дх─їз°,107.98,3.57,6.,36.01,26.08,9.93,38.08,"103Y12M"
10015,кс╜м┐д,10015110,иqкL╢m,10015110-007,┤║м№з°,106.89,3.02,30.73,31.67,22.23,9.44,42.47,"103Y12M"
10015,кс╜м┐д,10015110,иqкL╢m,10015110-008,и╬е┴з°,102.54,3.29,24.73,33.22,23.52,9.7,41.23,"103Y12M"
10015,кс╜м┐д,10015110,иqкL╢m,10015110-009,йMенз°,112.25,3.05,5.67,36.38,26.69,9.69,36.28,"103Y12M"
10015,кс╜м┐д,10015120,╕U║a╢m,10015120-001,жшкLз°,105.15,3.07,10.76,34.85,21.2,13.65,64.38,"103Y12M"
10015,кс╜м┐д,10015120,╕U║a╢m,10015120-002,иг┤╕з°,109.63,3.05,24.38,32.35,22.35,10.,44.74,"103Y12M"
10015,кс╜м┐д,10015120,╕U║a╢m,10015120-003,╕U║aз°,108.59,3.06,4.8,32.82,23.98,8.84,36.84,"103Y12M"
10015,кс╜м┐д,10015120,╕U║a╢m,10015120-004,й·зQз°,115.68,2.96,10.3,31.71,20.72,10.99,53.03,"103Y12M"
10015,кс╜м┐д,10015120,╕U║a╢m,10015120-005,░и╗╖з°,114.04,3.57,6.76,27.42,19.91,7.51,37.74,"103Y12M"
10015,кс╜м┐д,10015120,╕U║a╢m,10015120-006,мї╕нз°,117.66,2.98,25.87,26.95,16.94,10.01,59.09,"103Y12M"
10015,кс╜м┐д,10015130,иЇ╖╦╢m,10015130-001,▒[дsз°,128.29,3.9,11.59,31.69,20.3,11.39,56.07,"103Y12M"
10015,кс╜м┐д,10015130,иЇ╖╦╢m,10015130-002,е▀дsз°,123.89,3.38,8.69,30.28,17.71,12.56,70.93,"103Y12M"
10015,кс╜м┐д,10015130,иЇ╖╦╢m,10015130-003,д╙енз°,109.88,3.93,4.85,33.93,23.42,10.51,44.87,"103Y12M"
10015,кс╜м┐д,10015130,иЇ╖╦╢m,10015130-004,иЇ╖╦з°,124.28,3.52,6.71,27.26,16.44,10.81,65.77,"103Y12M"
10015,кс╜м┐д,10015130,иЇ╖╦╢m,10015130-005,иЇ▓Mз°,120.07,4.01,5.23,32.57,23.48,9.09,38.72,"103Y12M"
10015,кс╜м┐д,10015130,иЇ╖╦╢m,10015130-006,еjн╖з°,122.58,3.62,4.88,30.77,18.84,11.93,63.31,"103Y12M"
10016,╝ъ┤Є┐д,10016010,░ид╜ел,10016010-002,┤_┐│и╜,156.32,1.73,1555.47,26.82,7.03,19.79,281.48,"103Y12M"
10016,╝ъ┤Є┐д,10016010,░ид╜ел,10016010-003,к°жwи╜,95.8,2.49,11852.39,48.18,16.36,31.82,194.44,"103Y12M"
10016,╝ъ┤Є┐д,10016010,░ид╜ел,10016010-004,ддеби╜,102.95,2.45,17715.07,46.68,14.93,31.75,212.7,"103Y12M"
10016,╝ъ┤Є┐д,10016010,░ид╜ел,10016010-005,▒╥й·и╜,104.3,2.66,9853.95,39.59,15.71,23.88,152.03,"103Y12M"
10016,╝ъ┤Є┐д,10016010,░ид╜ел,10016010-006,нл╝yи╜,103.09,2.58,16915.92,45.75,15.04,30.7,204.1,"103Y12M"
10016,╝ъ┤Є┐д,10016010,░ид╜ел,10016010-007,дд┐│и╜,101.34,2.28,2539.75,33.73,13.37,20.36,152.22,"103Y12M"
10016,╝ъ┤Є┐д,10016010,░ид╜ел,10016010-008,е·┤_и╜,90.83,2.54,11529.32,39.22,16.3,22.93,140.66,"103Y12M"
10016,╝ъ┤Є┐д,10016010,░ид╜ел,10016010-009,е·║aи╜,93.55,2.53,11320.17,33.92,14.27,19.64,137.62,"103Y12M"
10016,╝ъ┤Є┐д,10016010,░ид╜ел,10016010-010,е·й·и╜,101.01,2.43,5787.45,39.36,14.49,24.88,171.72,"103Y12M"
10016,╝ъ┤Є┐д,10016010,░ид╜ел,10016010-011,┤┬╢зи╜,96.55,2.83,17910.54,33.85,18.64,15.21,81.58,"103Y12M"
10016,╝ъ┤Є┐д,10016010,░ид╜ел,10016010-012,╢зй·и╜,96.78,2.66,6408.63,40.99,18.12,22.87,126.26,"103Y12M"
10016,╝ъ┤Є┐д,10016010,░ид╜ел,10016010-013,нле·и╜,97.98,2.97,2032.28,30.94,14.88,16.06,107.94,"103Y12M"
10016,╝ъ┤Є┐д,10016010,░ид╜ел,10016010-014,жш╜├и╜,101.81,2.03,3525.03,22.81,14.3,8.51,59.5,"103Y12M"
10016,╝ъ┤Є┐д,10016010,░ид╜ел,10016010-015,жшдхи╜,104.89,2.73,2195.99,36.77,23.09,13.67,59.21,"103Y12M"
10016,╝ъ┤Є┐д,10016010,░ид╜ел,10016010-016,кFдхи╜,98.12,2.94,5564.56,32.99,22.77,10.22,44.87,"103Y12M"
10016,╝ъ┤Є┐д,10016010,░ид╜ел,10016010-017,о╫дsи╜,128.96,2.25,1098.39,28.19,9.99,18.2,182.12,"103Y12M"
10016,╝ъ┤Є┐д,10016010,░ид╜ел,10016010-018,е·╡╪и╜,132.03,2.64,1911.41,33.71,24.56,9.15,37.25,"103Y12M"
10016,╝ъ┤Є┐д,10016010,░ид╜ел,10016010-019,лe╝dи╜,112.47,2.64,1389.32,30.86,15.63,15.23,97.5,"103Y12M"
10016,╝ъ┤Є┐д,10016010,░ид╜ел,10016010-020,е█мuи╜,101.24,2.86,3363.58,26.03,17.,9.02,53.05,"103Y12M"
10016,╝ъ┤Є┐д,10016010,░ид╜ел,10016010-021,╡ц╢щи╜,111.74,3.06,460.12,34.16,12.95,21.21,163.83,"103Y12M"
10016,╝ъ┤Є┐д,10016010,░ид╜ел,10016010-022,кF╜├и╜,109.74,2.78,1086.64,32.85,16.33,16.52,101.11,"103Y12M"
10016,╝ъ┤Є┐д,10016010,░ид╜ел,10016010-023,жwжvи╜,111.73,2.83,419.32,35.98,13.18,22.8,173.02,"103Y12M"
10016,╝ъ┤Є┐д,10016010,░ид╜ел,10016010-024,пQоrи╜,111.09,2.92,473.3,42.02,17.15,24.87,145.04,"103Y12M"
10016,╝ъ┤Є┐д,10016010,░ид╜ел,10016010-025,┐│дпи╜,107.56,2.68,341.82,30.61,16.1,14.51,90.15,"103Y12M"
10016,╝ъ┤Є┐д,10016010,░ид╜ел,10016010-026,┼K╜uи╜,98.08,2.71,575.56,35.23,17.29,17.94,103.8,"103Y12M"
10016,╝ъ┤Є┐д,10016010,░ид╜ел,10016010-027,дsдЇи╜,110.41,3.02,856.48,35.66,16.08,19.58,121.74,"103Y12M"
10016,╝ъ┤Є┐д,10016010,░ид╜ел,10016010-028,┬ъ┤фи╜,108.54,2.86,1562.78,34.09,16.14,17.95,111.25,"103Y12M"
10016,╝ъ┤Є┐д,10016010,░ид╜ел,10016010-029,дн╝wи╜,123.85,2.03,222.61,28.19,6.17,22.03,357.14,"103Y12M"
10016,╝ъ┤Є┐д,10016010,░ид╜ел,10016010-030,дл╬Pи╜,99.56,3.31,248.84,41.56,20.63,20.94,101.52,"103Y12M"
10016,╝ъ┤Є┐д,10016010,░ид╜ел,10016010-031,б╜╕╠и╜,108.77,3.,1235.1,35.16,16.36,18.81,114.97,"103Y12M"
10016,╝ъ┤Є┐д,10016010,░ид╜ел,10016010-032,н╖┬dи╜,110.38,3.17,897.75,37.17,18.19,18.98,104.35,"103Y12M"
10016,╝ъ┤Є┐д,10016010,░ид╜ел,10016010-033,къдли╜,123.22,2.72,388.52,44.09,13.76,30.34,220.51,"103Y12M"
10016,╝ъ┤Є┐д,10016010,░ид╜ел,10016010-034,▒э╜Lи╜,112.05,3.12,1025.66,44.86,33.74,11.11,32.93,"103Y12M"
10016,╝ъ┤Є┐д,10016020,┤Єжш╢m,10016020-001,┤Єжшз°,104.61,2.78,579.33,37.,15.09,21.92,145.26,"103Y12M"
10016,╝ъ┤Є┐д,10016020,┤Єжш╢m,10016020-002,┤ЄкFз°,114.29,2.77,574.69,43.62,16.67,26.95,161.7,"103Y12M"
10016,╝ъ┤Є┐д,10016020,┤Єжш╢m,10016020-003,лC┴│з°,109.92,2.64,190.94,46.28,14.36,31.91,222.22,"103Y12M"
10016,╝ъ┤Є┐д,10016020,┤Єжш╢m,10016020-004,е╒з|з°,118.88,2.63,565.05,45.58,15.35,30.23,196.97,"103Y12M"
10016,╝ъ┤Є┐д,10016020,┤Єжш╢m,10016020-005,лn╝dз°,109.7,2.66,395.08,54.18,16.09,38.09,236.71,"103Y12M"
10016,╝ъ┤Є┐д,10016020,┤Єжш╢m,10016020-006,е_╝dз°,107.43,2.9,492.78,35.45,13.81,21.64,156.76,"103Y12M"
10016,╝ъ┤Є┐д,10016020,┤Єжш╢m,10016020-007,мї├╣з°,109.95,2.67,322.48,37.09,13.5,23.59,174.68,"103Y12M"
10016,╝ъ┤Є┐д,10016020,┤Єжш╢m,10016020-008,жш╖╦з°,137.28,2.56,296.79,33.27,14.87,18.4,123.68,"103Y12M"
10016,╝ъ┤Є┐д,10016020,┤Єжш╢m,10016020-009,жие\з°,102.12,2.46,453.82,29.71,12.73,16.98,133.33,"103Y12M"
10016,╝ъ┤Є┐д,10016020,┤Єжш╢m,10016020-010,кFе█з°,92.68,2.98,218.63,49.06,15.09,33.96,225.,"103Y12M"
10016,╝ъ┤Є┐д,10016020,┤Єжш╢m,10016020-011,дджшз°,95.9,2.69,270.34,39.77,10.53,29.24,277.78,"103Y12M"
10016,╝ъ┤Є┐д,10016020,┤Єжш╢m,10016020-012,╝ц├фз°,114.29,3.18,479.94,39.38,19.03,20.35,106.98,"103Y12M"
10016,╝ъ┤Є┐д,10016020,┤Єжш╢m,10016020-013,╣й╞Wз°,244.55,1.63,766.18,22.18,8.74,13.45,153.85,"103Y12M"
10016,╝ъ┤Є┐д,10016020,┤Єжш╢m,10016020-014,│\оaз°,117.99,2.66,335.04,35.27,16.07,19.2,119.44,"103Y12M"
10016,╝ъ┤Є┐д,10016020,┤Єжш╢m,10016020-015,иF┤фз°,97.03,2.72,639.93,45.91,15.57,30.35,194.95,"103Y12M"
10016,╝ъ┤Є┐д,10016020,┤Єжш╢m,10016020-016,л░е_з°,129.37,2.49,154.39,30.77,13.12,17.65,134.48,"103Y12M"
10016,╝ъ┤Є┐д,10016020,┤Єжш╢m,10016020-017,д╙кZз°,82.26,4.19,82.69,63.77,24.64,39.13,158.82,"103Y12M"
10016,╝ъ┤Є┐д,10016020,┤Єжш╢m,10016020-018,╣iк∙з°,108.04,2.67,370.12,34.35,14.35,20.,139.36,"103Y12M"
10016,╝ъ┤Є┐д,10016020,┤Єжш╢m,10016020-019,кLзыз°,103.03,3.07,551.3,43.4,22.12,21.28,96.24,"103Y12M"
10016,╝ъ┤Є┐д,10016020,┤Єжш╢m,10016020-020,жyдsз°,116.72,2.57,359.47,38.55,16.03,22.52,140.48,"103Y12M"
10016,╝ъ┤Є┐д,10016020,┤Єжш╢m,10016020-021,└sк∙з°,99.4,3.2,592.79,39.07,17.,22.07,129.8,"103Y12M"
10016,╝ъ┤Є┐д,10016020,┤Єжш╢m,10016020-022,Щ┘╕нз°,117.72,2.71,527.17,37.63,13.21,24.41,184.81,"103Y12M"
10016,╝ъ┤Є┐д,10016030,е╒иF╢m,10016030-001,ддд┘з°,107.02,2.96,436.43,47.73,22.2,25.54,115.05,"103Y12M"
10016,╝ъ┤Є┐д,10016030,е╒иF╢m,10016030-002,┴┐м№з°,117.82,3.23,569.25,32.98,14.04,18.95,135.,"103Y12M"
10016,╝ъ┤Є┐д,10016030,е╒иF╢m,10016030-003,л░лeз°,110.34,3.59,228.15,31.18,8.6,22.58,262.5,"103Y12M"
10016,╝ъ┤Є┐д,10016030,е╒иF╢m,10016030-004,┬эо№з°,112.82,3.25,261.16,37.19,13.22,23.97,181.25,"103Y12M"
10016,╝ъ┤Є┐д,10016030,е╒иF╢m,10016030-005,┤фдlз°,96.32,2.63,431.2,41.83,17.11,24.71,144.44,"103Y12M"
10016,╝ъ┤Є┐д,10016030,е╒иF╢m,10016030-006,з┴└Yз°,105.6,2.65,410.66,29.8,5.56,24.24,436.36,"103Y12M"
10016,╝ъ┤Є┐д,10016030,е╒иF╢m,10016030-007,дpикз°,97.03,2.8,284.6,46.32,19.85,26.47,133.33,"103Y12M"
10016,╝ъ┤Є┐д,10016030,е╒иF╢m,10016030-008,икоrз°,108.06,2.96,702.96,36.7,16.94,19.76,116.67,"103Y12M"
10016,╝ъ┤Є┐д,10016030,е╒иF╢m,10016030-009,е╦╓╗з°,123.36,2.43,162.97,53.,12.5,40.5,324.,"103Y12M"
10016,╝ъ┤Є┐д,10016030,е╒иF╢m,10016030-010,лс╝dз°,104.59,2.38,197.11,47.16,15.05,32.11,213.41,"103Y12M"
10016,╝ъ┤Є┐д,10016030,е╒иF╢m,10016030-011,│q▒чз°,109.95,3.09,543.14,44.89,14.41,30.49,211.63,"103Y12M"
10016,╝ъ┤Є┐д,10016030,е╒иF╢m,10016030-012,жNийз°,116.09,3.03,330.48,33.14,12.46,20.68,165.99,"103Y12M"
10016,╝ъ┤Є┐д,10016030,е╒иF╢m,10016030-013,│╛└мз°,106.63,3.03,1096.55,37.68,17.79,19.89,111.8,"103Y12M"
10016,╝ъ┤Є┐д,10016030,е╒иF╢m,10016030-014,н√ийз°,148.51,3.06,735.18,52.12,13.94,38.18,273.91,"103Y12M"
10016,╝ъ┤Є┐д,10016030,е╒иF╢m,10016030-015,дjн▄з°,93.49,3.76,1611.14,32.93,16.26,16.67,102.5,"103Y12M"
10016,╝ъ┤Є┐д,10016040,жш└м╢m,10016040-001,╛ю┴Gз°,104.38,3.06,24918.08,38.56,19.07,19.49,102.22,"103Y12M"
10016,╝ъ┤Є┐д,10016040,жш└м╢m,10016040-002,жXм╔з°,106.15,3.07,277.49,41.29,14.33,26.97,188.24,"103Y12M"
10016,╝ъ┤Є┐д,10016040,жш└м╢m,10016040-003,дpк∙з°,104.32,3.68,4880.64,47.11,19.11,28.,146.51,"103Y12M"
10016,╝ъ┤Є┐д,10016040,жш└м╢m,10016040-004,ж╦╞Wз°,109.51,2.81,211.88,44.36,15.85,28.51,179.81,"103Y12M"
10016,╝ъ┤Є┐д,10016040,жш└м╢m,10016040-005,дjж└з°,101.56,2.93,395.21,41.5,16.45,25.05,152.22,"103Y12M"
10016,╝ъ┤Є┐д,10016040,жш└м╢m,10016040-006,дGоrз°,119.23,2.59,121.46,30.53,9.16,21.37,233.33,"103Y12M"
10016,╝ъ┤Є┐д,10016040,жш└м╢m,10016040-007,ж└кFз°,96.26,2.56,341.44,42.29,12.92,29.38,227.42,"103Y12M"
10016,╝ъ┤Є┐д,10016040,жш└м╢m,10016040-008,ж└жшз°,96.46,2.13,120.85,62.04,12.41,49.64,400.,"103Y12M"
10016,╝ъ┤Є┐д,10016040,жш└м╢m,10016040-009,ик░из°,116.67,2.56,374.34,50.95,14.69,36.26,246.77,"103Y12M"
10016,╝ъ┤Є┐д,10016040,жш└м╢m,10016040-010,д║╬Pз°,107.93,2.97,675.25,48.13,18.16,29.97,165.,"103Y12M"
10016,╝ъ┤Є┐д,10016040,жш└м╢m,10016040-011,е~╬Pз°,104.39,3.01,1067.64,38.08,17.21,20.87,121.28,"103Y12M"
10016,╝ъ┤Є┐д,10016050,▒цжw╢m,10016050-001,кFжwз°,131.46,2.55,755.23,32.44,10.34,22.1,213.79,"103Y12M"
10016,╝ъ┤Є┐д,10016050,▒цжw╢m,10016050-002,жшжwз°,103.03,2.38,305.34,39.17,11.57,27.6,238.46,"103Y12M"
10016,╝ъ┤Є┐д,10016050,▒цжw╢m,10016050-003,ддк└з°,146.46,2.25,124.38,44.24,7.37,36.87,500.,"103Y12M"
10016,╝ъ┤Є┐д,10016050,▒цжw╢m,10016050-004,дЇ╬Pз°,115.28,2.85,170.65,47.62,8.25,39.37,476.92,"103Y12M"
10016,╝ъ┤Є┐д,10016050,▒цжw╢m,10016050-005,▒Nнxз°,106.78,2.62,806.2,37.27,14.43,22.84,158.24,"103Y12M"
10016,╝ъ┤Є┐д,10016050,▒цжw╢m,10016050-006,кFйWз°,111.03,3.22,833.08,35.7,27.49,8.2,29.84,"103Y12M"
10016,╝ъ┤Є┐д,10016050,▒цжw╢m,10016050-007,жшйWз°,145.37,2.65,578.45,30.54,15.76,14.78,93.75,"103Y12M"
10016,╝ъ┤Є┐д,10016050,▒цжw╢m,10016050-008,кFжNз°,124.37,1.7,139.3,43.55,2.15,41.4,1925.,"103Y12M"
10016,╝ъ┤Є┐д,10016050,▒цжw╢m,10016050-009,кс└мз°,107.95,2.75,221.85,49.39,24.49,24.9,101.67,"103Y12M"
10016,╝ъ┤Є┐д,10016060,дCм№╢m,10016060-001,кF┤Єз°,95.14,2.32,159.16,39.11,11.88,27.23,229.17,"103Y12M"
10016,╝ъ┤Є┐д,10016060,дCм№╢m,10016060-002,жш┤Єз°,117.51,2.7,396.38,43.56,16.,27.56,172.22,"103Y12M"
10016,╝ъ┤Є┐д,10016060,дCм№╢m,10016060-003,ддйMз°,105.71,2.47,499.18,32.24,14.09,18.15,128.77,"103Y12M"
10016,╝ъ┤Є┐д,10016060,дCм№╢m,10016060-004,енйMз°,126.01,2.41,397.16,33.9,7.88,26.03,330.43,"103Y12M"
10016,╝ъ┤Є┐д,10016060,дCм№╢m,10016060-005,о№┬╫з°,114.2,2.92,981.17,42.26,15.09,27.17,180.,"103Y12M"
10016,╝ъ┤Є┐д,10016060,дCм№╢m,10016060-006,лn┤фз°,103.25,3.49,1055.73,34.57,19.1,15.48,81.03,"103Y12M"
10017,░Є╢йел,10017010,дде┐░╧,10017010-001,╝w╕qи╜,96.22,2.03,11416.94,43.1,14.31,28.79,201.2,"103Y12M"
10017,░Є╢йел,10017010,дде┐░╧,10017010-002,е┐╕qи╜,107.52,2.26,31252.,36.47,12.22,24.25,198.47,"103Y12M"
10017,░Є╢йел,10017010,дде┐░╧,10017010-003,лH╕qи╜,102.07,2.32,39662.88,39.9,10.69,29.2,273.17,"103Y12M"
10017,░Є╢йел,10017010,дде┐░╧,10017010-004,╕qнли╜,95.14,2.47,39079.62,40.64,14.57,26.07,178.95,"103Y12M"
10017,░Є╢йел,10017010,дде┐░╧,10017010-005,┤ф│qи╜,97.08,2.07,8294.99,38.38,12.5,25.88,207.03,"103Y12M"
10017,░Є╢йел,10017010,дде┐░╧,10017010-006,дд▓юи╜,104.76,2.41,8108.83,39.56,15.73,23.83,151.52,"103Y12M"
10017,░Є╢йел,10017010,дде┐░╧,10017010-007,е┐▓юи╜,109.23,2.29,37360.42,38.09,16.18,21.91,135.39,"103Y12M"
10017,░Є╢йел,10017010,дде┐░╧,10017010-008,дJ▓юи╜,100.39,2.37,3085.,43.61,16.25,27.36,168.38,"103Y12M"
10017,░Є╢йел,10017010,дде┐░╧,10017010-009,ддмти╜,100.15,2.22,6619.51,39.68,10.65,29.03,272.73,"103Y12M"
10017,░Є╢йел,10017010,дде┐░╧,10017010-010,е┐мти╜,102.96,2.3,7310.81,32.85,10.92,21.94,200.91,"103Y12M"
10017,░Є╢йел,10017010,дде┐░╧,10017010-011,пuмти╜,99.6,2.36,9221.47,31.07,8.45,22.62,267.71,"103Y12M"
10017,░Є╢йел,10017010,дде┐░╧,10017010-012,мт╞Wи╜,105.5,2.42,4260.83,35.29,11.76,23.53,200.,"103Y12M"
10017,░Є╢йел,10017010,дде┐░╧,10017010-013,л╪░ъи╜,110.1,2.45,3008.42,32.47,13.02,19.45,149.34,"103Y12M"
10017,░Є╢йел,10017010,дде┐░╧,10017010-014,дд└╪и╜,113.64,2.41,11812.01,36.98,11.84,25.14,212.31,"103Y12M"
10017,░Є╢йел,10017010,дде┐░╧,10017010-015,о№└╪и╜,112.7,2.57,1287.68,33.42,15.38,18.04,117.26,"103Y12M"
10017,░Є╢йел,10017010,дде┐░╧,10017010-016,к└╝dи╜,112.74,2.69,9046.31,38.51,17.1,21.41,125.19,"103Y12M"
10017,░Є╢йел,10017010,дде┐░╧,10017010-017,йM╛╦и╜,111.13,2.46,3230.88,35.95,16.24,19.71,121.38,"103Y12M"
10017,░Є╢йел,10017010,дде┐░╧,10017010-018,ен╝dи╜,113.42,2.54,2274.94,38.49,14.22,24.27,170.63,"103Y12M"
10017,░Є╢йел,10017010,дде┐░╧,10017010-019,дKдци╜,116.61,2.78,3660.49,31.49,13.17,18.32,139.11,"103Y12M"
10017,░Є╢йел,10017010,дде┐░╧,10017010-020,║╤мти╜,111.14,2.53,3838.06,31.31,13.34,17.96,134.62,"103Y12M"
10017,░Є╢йел,10017010,дде┐░╧,10017010-021,к°╝ци╜,108.45,2.72,1075.84,39.59,12.9,26.7,207.02,"103Y12M"
10017,░Є╢йел,10017010,дде┐░╧,10017010-022,мтдlи╜,107.6,2.31,2938.25,27.42,15.61,11.81,75.7,"103Y12M"
10017,░Є╢йел,10017010,дде┐░╧,10017010-023,дде┐и╜,116.03,2.17,18083.23,31.48,8.76,22.72,259.33,"103Y12M"
10017,░Є╢йел,10017010,дде┐░╧,10017010-024,е┐└╪и╜,114.49,2.25,12830.38,34.85,9.23,25.63,277.78,"103Y12M"
10017,░Є╢йел,10017010,дде┐░╧,10017010-025,╖s┬╫и╜,92.13,2.07,10479.88,24.04,15.06,8.97,59.58,"103Y12M"
10017,░Є╢йел,10017010,дде┐░╧,10017010-026,╖s┤Iи╜,103.85,2.65,21521.2,22.56,14.26,8.3,58.18,"103Y12M"
10017,░Є╢йел,10017020,дC░Ї░╧,10017020-001,к°┐│и╜,104.16,2.62,2990.13,34.86,15.6,19.26,123.48,"103Y12M"
10017,░Є╢йел,10017020,дC░Ї░╧,10017020-002,е┐е·и╜,97.07,2.4,16486.77,36.46,16.93,19.53,115.32,"103Y12M"
10017,░Є╢йел,10017020,дC░Ї░╧,10017020-003,┤Iе┴и╜,100.62,2.53,37704.09,34.52,14.45,20.07,138.89,"103Y12M"
10017,░Є╢йел,10017020,дC░Ї░╧,10017020-004,е├ени╜,89.44,2.43,29312.33,41.94,16.92,25.02,147.83,"103Y12M"
10017,░Є╢йел,10017020,дC░Ї░╧,10017020-005,е├жwи╜,100.55,2.6,2858.74,34.99,16.16,18.84,116.56,"103Y12M"
10017,░Є╢йел,10017020,дC░Ї░╧,10017020-006,дK╝wи╜,97.68,2.74,1091.5,30.2,14.56,15.65,107.5,"103Y12M"
10017,░Є╢йел,10017020,дC░Ї░╧,10017020-007,ж█▒jи╜,119.89,2.49,449.59,37.56,16.75,20.81,124.29,"103Y12M"
10017,░Є╢йел,10017020,дC░Ї░╧,10017020-008,д╗░Їи╜,110.76,2.42,1108.69,25.66,13.51,12.16,90.,"103Y12M"
10017,░Є╢йел,10017020,дC░Ї░╧,10017020-009,оїжwи╜,103.34,2.47,913.96,27.34,14.89,12.44,83.54,"103Y12M"
10017,░Є╢йел,10017020,дC░Ї░╧,10017020-010,░Їе_и╜,102.2,2.74,1826.6,27.54,17.21,10.33,60.04,"103Y12M"
10017,░Є╢йел,10017020,дC░Ї░╧,10017020-011,░Їлnи╜,106.53,2.63,1689.88,30.88,16.06,14.82,92.31,"103Y12M"
10017,░Є╢йел,10017020,дC░Ї░╧,10017020-012,║┐лnи╜,133.8,2.74,128.92,36.81,13.74,23.08,168.,"103Y12M"
10017,░Є╢йел,10017020,дC░Ї░╧,10017020-013,║┐кFи╜,128.57,2.08,48.6,35.11,6.67,28.44,426.67,"103Y12M"
10017,░Є╢йел,10017020,дC░Ї░╧,10017020-014,║┐жши╜,126.06,2.25,42.95,30.42,6.64,23.78,357.89,"103Y12M"
10017,░Є╢йел,10017020,дC░Ї░╧,10017020-015,д═д@и╜,104.62,2.11,380.52,23.38,7.97,15.41,193.5,"103Y12M"
10017,░Є╢йел,10017020,дC░Ї░╧,10017020-016,д═дGи╜,122.12,1.92,41.74,38.67,11.33,27.35,241.46,"103Y12M"
10017,░Є╢йел,10017020,дC░Ї░╧,10017020-017,е┐й·и╜,97.27,2.56,28241.45,41.38,19.37,22.01,113.65,"103Y12M"
10017,░Є╢йел,10017020,дC░Ї░╧,10017020-018,ж╩║╓и╜,99.3,2.84,7082.64,27.68,17.87,9.81,54.89,"103Y12M"
10017,░Є╢йел,10017020,дC░Ї░╧,10017020-019,╣ъ╜юи╜,97.98,2.78,10632.23,28.4,16.98,11.42,67.28,"103Y12M"
10017,░Є╢йел,10017020,дC░Ї░╧,10017020-020,к°жwи╜,108.09,2.68,3229.95,21.63,14.24,7.4,51.96,"103Y12M"
10017,░Є╢йел,10017030,╖x╖x░╧,10017030-001,дKжши╜,103.27,2.51,4562.02,31.27,13.84,17.44,125.99,"103Y12M"
10017,░Є╢йел,10017030,╖x╖x░╧,10017030-002,дK░Їи╜,111.57,2.49,1915.97,34.97,10.02,24.96,249.12,"103Y12M"
10017,░Є╢йел,10017030,╖x╖x░╧,10017030-003,дKлnи╜,106.85,2.3,596.18,27.75,8.46,19.29,228.,"103Y12M"
10017,░Є╢йел,10017030,╖x╖x░╧,10017030-004,╣L┤фи╜,99.81,2.51,2833.25,28.94,13.45,15.49,115.17,"103Y12M"
10017,░Є╢йел,10017030,╖x╖x░╧,10017030-005,▐фд║и╜,96.81,2.47,20254.09,33.39,16.93,16.46,97.19,"103Y12M"
10017,░Є╢йел,10017030,╖x╖x░╧,10017030-006,▐фйMи╜,99.59,2.54,5315.47,31.95,15.31,16.63,108.63,"103Y12M"
10017,░Є╢йел,10017030,╖x╖x░╧,10017030-007,╖xжPи╜,106.05,2.44,23451.58,26.26,11.86,14.4,121.45,"103Y12M"
10017,░Є╢йел,10017030,╖x╖x░╧,10017030-008,╖x╖xи╜,100.14,2.61,5286.76,27.07,13.97,13.1,93.83,"103Y12M"
10017,░Є╢йел,10017030,╖x╖x░╧,10017030-009,╖xкFи╜,119.67,2.87,74.06,30.1,15.78,14.32,90.77,"103Y12M"
10017,░Є╢йел,10017030,╖x╖x░╧,10017030-010,╖xжши╜,103.68,2.64,586.31,28.69,17.41,11.27,64.74,"103Y12M"
10017,░Є╢йел,10017030,╖x╖x░╧,10017030-011,дKдди╜,148.86,2.24,4027.88,38.68,13.74,24.94,181.48,"103Y12M"
10017,░Є╢йел,10017030,╖x╖x░╧,10017030-012,▐фжwи╜,99.62,2.55,15770.51,30.26,16.01,14.26,89.06,"103Y12M"
10017,░Є╢йел,10017030,╖x╖x░╧,10017030-013,▐ф▓╗и╜,101.22,2.38,5483.22,24.3,15.67,8.63,55.05,"103Y12M"
10017,░Є╢йел,10017040,дп╖R░╧,10017040-001,кLмuи╜,91.21,2.69,11932.83,57.71,38.29,19.42,50.72,"103Y12M"
10017,░Є╢йел,10017040,дп╖R░╧,10017040-002,кс▒^и╜,86.52,2.69,58663.89,63.52,43.73,19.79,45.26,"103Y12M"
10017,░Є╢йел,10017040,дп╖R░╧,10017040-003,нi╛Їи╜,86.84,2.51,57700.83,67.84,44.56,23.28,52.25,"103Y12M"
10017,░Є╢йел,10017040,дп╖R░╧,10017040-004,дЇ└Aи╜,87.25,2.56,19423.26,65.14,45.3,19.84,43.79,"103Y12M"
10017,░Є╢йел,10017040,дп╖R░╧,10017040-005,┤╝дпи╜,83.94,2.53,32314.71,66.51,45.,21.51,47.79,"103Y12M"
10017,░Є╢йел,10017040,дп╖R░╧,10017040-006,йMй·и╜,85.83,2.38,28623.55,64.17,45.36,18.81,41.46,"103Y12M"
10017,░Є╢йел,10017040,дп╖R░╧,10017040-007,й╛лiи╜,93.58,2.55,36254.37,48.57,28.18,20.39,72.36,"103Y12M"
10017,░Є╢йел,10017040,дп╖R░╧,10017040-008,е╔е╨и╜,94.28,2.4,31498.5,56.19,32.97,23.22,70.43,"103Y12M"
10017,░Є╢йел,10017040,дп╖R░╧,10017040-009,дп╝wи╜,99.25,2.2,14421.71,50.63,18.19,32.44,178.29,"103Y12M"
10017,░Є╢йел,10017040,дп╖R░╧,10017040-010,│╒╖Rи╜,95.86,2.41,46663.9,41.53,15.29,26.24,171.65,"103Y12M"
10017,░Є╢йел,10017040,дп╖R░╧,10017040-011,║╓дпи╜,108.59,2.35,18908.74,29.29,6.07,23.22,382.93,"103Y12M"
10017,░Є╢йел,10017040,дп╖R░╧,10017040-012,╕█дпи╜,102.49,2.38,31983.36,32.94,10.28,22.66,220.45,"103Y12M"
10017,░Є╢йел,10017040,дп╖R░╧,10017040-013,жNдпи╜,107.29,2.32,11069.26,33.16,7.33,25.83,352.53,"103Y12M"
10017,░Є╢йел,10017040,дп╖R░╧,10017040-014,и|дпи╜,116.31,2.68,8550.28,37.18,11.84,25.34,213.92,"103Y12M"
10017,░Є╢йел,10017040,дп╖R░╧,10017040-015,н^дпи╜,111.38,2.4,899.29,34.12,9.21,24.91,270.59,"103Y12M"
10017,░Є╢йел,10017040,дп╖R░╧,10017040-016,└sк∙и╜,110.44,2.26,1652.75,28.06,8.12,19.94,245.45,"103Y12M"
10017,░Є╢йел,10017040,дп╖R░╧,10017040-017,╝wлpи╜,101.1,2.33,14383.82,25.08,11.92,13.16,110.42,"103Y12M"
10017,░Є╢йел,10017040,дп╖R░╧,10017040-018,ж▒дЇи╜,106.98,2.33,19961.67,33.2,9.39,23.81,253.62,"103Y12M"
10017,░Є╢йел,10017040,дп╖R░╧,10017040-019,▒Rдхи╜,103.43,2.03,28324.71,37.19,9.81,27.38,279.17,"103Y12M"
10017,░Є╢йел,10017040,дп╖R░╧,10017040-020,дхжwи╜,103.99,2.02,17209.29,37.34,7.5,29.84,398.11,"103Y12M"
10017,░Є╢йел,10017040,дп╖R░╧,10017040-021,е№│sи╜,104.42,2.21,37103.1,37.29,12.38,24.92,201.33,"103Y12M"
10017,░Є╢йел,10017040,дп╖R░╧,10017040-022,╖р▓yи╜,114.21,2.5,6633.01,37.38,10.16,27.22,267.82,"103Y12M"
10017,░Є╢йел,10017040,дп╖R░╧,10017040-023,о╤░|и╜,110.26,2.63,7061.75,37.15,13.07,24.08,184.3,"103Y12M"
10017,░Є╢йел,10017040,дп╖R░╧,10017040-024,┤┬┤╔и╜,94.77,2.36,34999.63,33.93,12.43,21.5,173.03,"103Y12M"
10017,░Є╢йел,10017040,дп╖R░╧,10017040-025,й·╝wи╜,102.37,1.9,36774.9,30.12,5.41,24.7,456.25,"103Y12M"
10017,░Є╢йел,10017040,дп╖R░╧,10017040-026,жPн╖и╜,101.25,2.17,28112.27,44.92,7.45,37.47,503.03,"103Y12M"
10017,░Є╢йел,10017040,дп╖R░╧,10017040-027,дхйўи╜,112.53,1.94,6408.9,39.02,6.72,32.3,480.49,"103Y12M"
10017,░Є╢йел,10017040,дп╖R░╧,10017040-028,╖sй▒и╜,91.98,2.09,15739.75,51.48,18.14,33.33,183.72,"103Y12M"
10017,░Є╢йел,10017040,дп╖R░╧,10017040-029,е·╡╪и╜,102.7,2.25,24657.82,32.19,11.46,20.73,180.97,"103Y12M"
10017,░Є╢йел,10017050,дддs░╧,10017050-001,╖sл╪и╜,106.32,2.11,28633.65,38.3,10.2,28.1,275.38,"103Y12M"
10017,░Є╢йел,10017050,дддs░╧,10017050-002,жwе┴и╜,104.34,2.28,26359.37,29.14,6.29,22.86,363.64,"103Y12M"
10017,░Є╢йел,10017050,дддs░╧,10017050-003,жwени╜,101.83,2.44,22397.72,35.07,9.19,25.88,281.67,"103Y12M"
10017,░Є╢йел,10017050,дддs░╧,10017050-004,дддsи╜,108.25,2.48,12476.28,36.31,9.55,26.76,280.26,"103Y12M"
10017,░Є╢йел,10017050,дддs░╧,10017050-005,е┴кvи╜,106.,2.41,11183.71,33.61,7.64,25.97,340.,"103Y12M"
10017,░Є╢йел,10017050,дддs░╧,10017050-006,дд┐│и╜,103.49,2.29,7602.96,35.36,11.61,23.75,204.62,"103Y12M"
10017,░Є╢йел,10017050,дддs░╧,10017050-007,дпе┐и╜,118.7,2.62,6241.9,28.22,7.89,20.32,257.41,"103Y12M"
10017,░Є╢йел,10017050,дддs░╧,10017050-008,░╖е┴и╜,109.02,2.35,8068.54,43.,11.93,31.07,260.34,"103Y12M"
10017,░Є╢йел,10017050,дддs░╧,10017050-009,│qд╞и╜,105.2,2.42,4946.95,36.5,11.27,25.22,223.76,"103Y12M"
10017,░Є╢йел,10017050,дддs░╧,10017050-010,й~дпи╜,102.42,2.41,5277.79,36.81,11.47,25.34,221.05,"103Y12M"
10017,░Є╢йел,10017050,дддs░╧,10017050-011,│qй·и╜,110.96,2.6,10752.3,39.18,11.59,27.6,238.15,"103Y12M"
10017,░Є╢йел,10017050,дддs░╧,10017050-012,иєйMи╜,114.83,2.62,1626.04,29.7,12.35,17.35,140.45,"103Y12M"
10017,░Є╢йел,10017050,дддs░╧,10017050-013,дхд╞и╜,119.12,2.17,1798.94,33.99,14.12,19.87,140.76,"103Y12M"
10017,░Є╢йел,10017050,дддs░╧,10017050-014,еPм}и╜,121.75,2.36,2114.31,46.8,15.8,31.,196.2,"103Y12M"
10017,░Є╢йел,10017050,дддs░╧,10017050-015,д╙е╒и╜,113.11,2.44,1173.18,34.4,10.27,24.13,235.06,"103Y12M"
10017,░Є╢йел,10017050,дддs░╧,10017050-016,жш║aи╜,110.42,2.3,28778.,39.07,9.64,29.43,305.36,"103Y12M"
10017,░Є╢йел,10017050,дддs░╧,10017050-017,жш╡╪и╜,102.61,2.32,9056.22,42.19,11.67,30.52,261.45,"103Y12M"
10017,░Є╢йел,10017050,дддs░╧,10017050-018,жшйwи╜,105.25,2.45,4653.17,34.22,11.07,23.16,209.2,"103Y12M"
10017,░Є╢йел,10017050,дддs░╧,10017050-019,жш▒dи╜,106.57,2.46,6593.76,34.41,11.13,23.29,209.27,"103Y12M"
10017,░Є╢йел,10017050,дддs░╧,10017050-020,╝wйMи╜,96.37,2.7,15435.7,27.51,13.28,14.23,107.13,"103Y12M"
10017,░Є╢йел,10017050,дддs░╧,10017050-021,ддйMи╜,99.88,2.61,2302.94,24.54,13.91,10.63,76.45,"103Y12M"
10017,░Є╢йел,10017050,дддs░╧,10017050-022,╝wжwи╜,99.14,2.64,7882.88,24.8,13.89,10.91,78.57,"103Y12M"
10017,░Є╢йел,10017050,дддs░╧,10017050-023,йMени╜,112.4,2.16,1464.36,37.21,10.59,26.61,251.22,"103Y12M"
10017,░Є╢йел,10017050,дддs░╧,10017050-024,йM╝yи╜,100.48,2.69,34307.65,24.06,16.33,7.73,47.34,"103Y12M"
10017,░Є╢йел,10017060,жw╝╓░╧,10017060-001,жшдtи╜,109.82,2.35,6797.63,36.71,10.93,25.79,236.04,"103Y12M"
10017,░Є╢йел,10017060,жw╝╓░╧,10017060-002,йw░ъи╜,104.01,2.46,16884.75,36.23,14.72,21.52,146.21,"103Y12M"
10017,░Є╢йел,10017060,жw╝╓░╧,10017060-003,╖sжши╜,106.87,2.46,7913.38,38.99,12.01,26.98,224.64,"103Y12M"
10017,░Є╢йел,10017060,жw╝╓░╧,10017060-004,йwи╣и╜,102.58,2.41,42987.97,41.67,13.4,28.27,210.92,"103Y12M"
10017,░Є╢йел,10017060,жw╝╓░╧,10017060-005,╖Oдпи╜,103.15,2.6,22841.05,36.7,16.48,20.22,122.73,"103Y12M"
10017,░Є╢йел,10017060,жw╝╓░╧,10017060-006,дzл░и╜,107.72,2.88,11913.98,39.99,13.5,26.49,196.19,"103Y12M"
10017,░Є╢йел,10017060,жw╝╓░╧,10017060-007,е├▒dи╜,103.55,2.69,10632.82,32.18,13.09,19.09,145.81,"103Y12M"
10017,░Є╢йел,10017060,жw╝╓░╧,10017060-008,╣┼дпи╜,104.67,2.48,16046.81,30.,10.64,19.36,181.97,"103Y12M"
10017,░Є╢йел,10017060,жw╝╓░╧,10017060-009,жwйMи╜,94.66,2.52,25583.75,34.93,12.33,22.6,183.33,"103Y12M"
10017,░Є╢йел,10017060,жw╝╓░╧,10017060-010,╝╓д@и╜,97.87,2.34,13405.54,36.76,11.55,25.21,218.18,"103Y12M"
10017,░Є╢йел,10017060,жw╝╓░╧,10017060-011,е~╝dи╜,102.8,2.55,2237.78,28.06,16.49,11.57,70.13,"103Y12M"
10017,░Є╢йел,10017060,жw╝╓░╧,10017060-012,дд▒[и╜,106.78,2.62,464.71,23.51,13.28,10.23,77.01,"103Y12M"
10017,░Є╢йел,10017060,жw╝╓░╧,10017060-013,д║╝dи╜,104.63,2.5,1633.48,21.17,13.05,8.12,62.19,"103Y12M"
10017,░Є╢йел,10017060,жw╝╓░╧,10017060-014,╖s▒[и╜,104.66,2.62,3425.89,27.91,17.91,10.01,55.87,"103Y12M"
10017,░Є╢йел,10017060,жw╝╓░╧,10017060-015,дTе┴и╜,98.34,2.34,16613.54,45.29,19.8,25.48,128.7,"103Y12M"
10017,░Є╢йел,10017060,жw╝╓░╧,10017060-016,е|║√и╜,98.36,2.8,12276.88,32.18,20.22,11.96,59.14,"103Y12M"
10017,░Є╢йел,10017060,жw╝╓░╧,10017060-017,дн║╓и╜,95.06,2.57,41306.53,33.31,14.82,18.49,124.73,"103Y12M"
10017,░Є╢йел,10017060,жw╝╓░╧,10017060-018,д╗жXи╜,93.43,2.63,52534.06,25.41,12.86,12.55,97.65,"103Y12M"
10017,░Є╢йел,10017060,жw╝╓░╧,10017060-019,дC╜хи╜,95.68,2.63,16970.67,40.6,19.66,20.95,106.58,"103Y12M"
10017,░Є╢йел,10017060,жw╝╓░╧,10017060-020,┼a║qи╜,109.66,2.27,3376.25,29.22,14.59,14.63,100.25,"103Y12M"
10017,░Є╢йел,10017060,жw╝╓░╧,10017060-021,кZ▒[и╜,96.39,2.57,4543.04,25.86,17.53,8.33,47.55,"103Y12M"
10017,░Є╢йел,10017060,жw╝╓░╧,10017060-022,к°╝╓и╜,91.17,2.51,23642.,25.21,15.52,9.7,62.5,"103Y12M"
10017,░Є╢йел,10017060,жw╝╓░╧,10017060-023,┐│╝dи╜,98.34,2.42,4515.67,25.53,16.79,8.74,52.09,"103Y12M"
10017,░Є╢йел,10017060,жw╝╓░╧,10017060-024,┼aжwи╜,84.85,2.42,5409.37,31.45,22.08,9.37,42.41,"103Y12M"
10017,░Є╢йел,10017060,жw╝╓░╧,10017060-025,зз╞[и╜,92.3,2.43,11672.99,36.23,28.75,7.48,26.01,"103Y12M"
10017,░Є╢йел,10017070,лH╕q░╧,10017070-001,дп╣╪и╜,86.8,2.38,10924.74,49.39,22.,27.39,124.5,"103Y12M"
10017,░Є╢йел,10017070,лH╕q░╧,10017070-002,дп╕qи╜,94.72,2.36,12264.34,30.99,8.02,22.97,286.36,"103Y12M"
10017,░Є╢йел,10017070,лH╕q░╧,10017070-003,╕qмLи╜,96.6,2.12,8285.07,41.38,10.72,30.65,285.87,"103Y12M"
10017,░Є╢йел,10017070,лH╕q░╧,10017070-004,╕qйпи╜,96.51,2.3,19610.6,37.44,9.87,27.57,279.47,"103Y12M"
10017,░Є╢йел,10017070,лH╕q░╧,10017070-005,╕qе┴и╜,105.24,2.4,8104.93,42.01,10.71,31.3,292.31,"103Y12M"
10017,░Є╢йел,10017070,лH╕q░╧,10017070-006,╕qйMи╜,112.92,2.13,11185.71,31.74,8.07,23.67,293.4,"103Y12M"
10017,░Є╢йел,10017070,лH╕q░╧,10017070-007,┤╝╝zи╜,95.11,2.1,13018.79,30.39,6.37,24.02,376.92,"103Y12M"
10017,░Є╢йел,10017070,лH╕q░╧,10017070-008,┤╝╕█и╜,109.93,2.42,980.09,31.36,8.53,22.83,267.8,"103Y12M"
10017,░Є╢йел,10017070,лH╕q░╧,10017070-009,┬з╗Ўи╜,101.95,2.26,7993.28,29.2,7.63,21.57,282.69,"103Y12M"
10017,░Є╢йел,10017070,лH╕q░╧,10017070-010,┬зкFи╜,94.65,2.38,9947.41,37.81,10.58,27.23,257.46,"103Y12M"
10017,░Є╢йел,10017070,лH╕q░╧,10017070-011,лH║ёи╜,96.96,2.42,10735.,32.82,12.68,20.15,158.92,"103Y12M"
10017,░Є╢йел,10017070,лH╕q░╧,10017070-012,кFе·и╜,95.45,2.52,10635.23,25.5,9.49,16.01,168.59,"103Y12M"
10017,░Є╢йел,10017070,лH╕q░╧,10017070-013,кFй·и╜,101.57,2.43,5569.77,25.93,9.6,16.32,169.97,"103Y12M"
10017,░Є╢йел,10017070,лH╕q░╧,10017070-014,кFжwи╜,98.79,2.41,3480.19,26.94,8.48,18.46,217.7,"103Y12M"
10017,░Є╢йел,10017070,лH╕q░╧,10017070-015,з╡йги╜,105.89,2.73,847.71,28.57,17.45,11.12,63.73,"103Y12M"
10017,░Є╢йел,10017070,лH╕q░╧,10017070-016,кFлHи╜,100.7,2.42,14228.49,24.6,12.23,12.37,101.1,"103Y12M"
10017,░Є╢йел,10017070,лH╕q░╧,10017070-017,з╡▓`и╜,102.5,2.6,2215.79,22.01,14.29,7.72,54.04,"103Y12M"
10017,░Є╢йел,10017070,лH╕q░╧,10017070-018,з╡╜хи╜,90.43,2.5,12031.24,23.57,11.44,12.13,106.,"103Y12M"
10017,░Є╢йел,10017070,лH╕q░╧,10017070-019,з╡╝wи╜,106.92,2.7,7623.28,27.85,15.25,12.6,82.66,"103Y12M"
10017,░Є╢йел,10017070,лH╕q░╧,10017070-020,з╡й╛и╜,99.19,2.67,6995.89,26.09,17.93,8.17,45.56,"103Y12M"
10018,╖sж╦ел,10018010,кF░╧,10018010-001,лnк∙и╜,92.34,2.26,14937.57,37.67,11.64,26.03,223.53,"103Y12M"
10018,╖sж╦ел,10018010,кF░╧,10018010-002,║╓╝wи╜,100.62,2.33,17641.83,38.12,13.16,24.96,189.68,"103Y12M"
10018,╖sж╦ел,10018010,кF░╧,10018010-003,лnели╜,107.82,2.41,15457.31,34.68,11.3,23.38,206.9,"103Y12M"
10018,╖sж╦ел,10018010,кF░╧,10018010-004,├Ўл╥и╜,104.61,2.26,15075.86,50.24,11.11,39.13,352.17,"103Y12M"
10018,╖sж╦ел,10018010,кF░╧,10018010-005,кFк∙и╜,108.29,2.46,15097.86,57.11,21.55,35.56,165.,"103Y12M"
10018,╖sж╦ел,10018010,кF░╧,10018010-006,║aе·и╜,96.37,2.43,3637.34,53.44,18.22,35.22,193.33,"103Y12M"
10018,╖sж╦ел,10018010,кF░╧,10018010-007,жие\и╜,91.17,2.45,12482.47,49.44,17.91,31.53,176.04,"103Y12M"
10018,╖sж╦ел,10018010,кF░╧,10018010-008,дUж╦и╜,100.31,2.72,6338.78,46.56,19.27,27.29,141.67,"103Y12M"
10018,╖sж╦ел,10018010,кF░╧,10018010-009,ж╦╜ми╜,103.98,2.55,13003.68,44.06,20.,24.06,120.31,"103Y12M"
10018,╖sж╦ел,10018010,кF░╧,10018010-010,жxлeи╜,103.79,2.74,22883.3,40.29,15.66,24.63,157.29,"103Y12M"
10018,╖sж╦ел,10018010,кF░╧,10018010-011,и|╜хи╜,118.6,1.95,18459.01,44.43,27.18,17.25,63.47,"103Y12M"
10018,╖sж╦ел,10018010,кF░╧,10018010-012,дде┐и╜,87.83,2.57,13212.46,49.05,32.58,16.48,50.58,"103Y12M"
10018,╖sж╦ел,10018010,кF░╧,10018010-013,д╜╢щи╜,89.61,2.74,12273.68,52.24,37.82,14.42,38.12,"103Y12M"
10018,╖sж╦ел,10018010,кF░╧,10018010-014,│╗ж╦и╜,95.95,2.78,18546.69,39.4,17.89,21.51,120.22,"103Y12M"
10018,╖sж╦ел,10018010,кF░╧,10018010-015,лnдjи╜,100.23,2.76,16422.2,43.56,19.,24.55,129.18,"103Y12M"
10018,╖sж╦ел,10018010,кF░╧,10018010-016,о╢┐│и╜,96.76,2.64,23644.15,31.12,18.6,12.51,67.27,"103Y12M"
10018,╖sж╦ел,10018010,кF░╧,10018010-017,┐╦дпи╜,87.69,2.64,24760.03,53.97,38.36,15.61,40.7,"103Y12M"
10018,╖sж╦ел,10018010,кF░╧,10018010-018,дх╡╪и╜,91.49,2.81,21133.38,45.65,30.49,15.17,49.76,"103Y12M"
10018,╖sж╦ел,10018010,кF░╧,10018010-019,┤_дди╜,91.38,2.9,23187.74,50.,32.92,17.08,51.88,"103Y12M"
10018,╖sж╦ел,10018010,кF░╧,10018010-020,дTе┴и╜,88.95,2.77,15332.79,45.64,29.51,16.12,54.63,"103Y12M"
10018,╖sж╦ел,10018010,кF░╧,10018010-021,кF╢щи╜,96.92,2.69,12389.69,53.19,42.79,10.39,24.29,"103Y12M"
10018,╖sж╦ел,10018010,кF░╧,10018010-022,кF╢╒и╜,97.65,2.87,12136.28,52.25,42.68,9.58,22.44,"103Y12M"
10018,╖sж╦ел,10018010,кF░╧,10018010-023,е·┤_и╜,97.82,3.06,5459.5,44.65,29.52,15.13,51.26,"103Y12M"
10018,╖sж╦ел,10018010,кF░╧,10018010-024,┬╫е\и╜,95.75,2.63,12530.81,48.,36.74,11.26,30.65,"103Y12M"
10018,╖sж╦ел,10018010,кF░╧,10018010-025,кZе\и╜,87.21,2.34,51580.43,52.09,31.23,20.87,66.83,"103Y12M"
10018,╖sж╦ел,10018010,кF░╧,10018010-026,║ёдЇи╜,93.65,2.87,13917.02,56.56,44.81,11.75,26.22,"103Y12M"
10018,╖sж╦ел,10018010,кF░╧,10018010-027,кFдsи╜,95.72,2.88,26551.69,56.4,38.42,17.98,46.8,"103Y12M"
10018,╖sж╦ел,10018010,кF░╧,10018010-028,е·┬эи╜,91.98,3.01,19287.04,38.74,22.07,16.67,75.52,"103Y12M"
10018,╖sж╦ел,10018010,кF░╧,10018010-029,╖s┐│и╜,100.17,2.78,14418.81,39.57,17.06,22.52,132.02,"103Y12M"
10018,╖sж╦ел,10018010,кF░╧,10018010-030,оу╛Їи╜,95.83,2.77,3012.73,28.93,20.06,8.86,44.17,"103Y12M"
10018,╖sж╦ел,10018010,кF░╧,10018010-031,░коpи╜,102.82,3.02,2647.47,34.74,22.16,12.58,56.77,"103Y12M"
10018,╖sж╦ел,10018010,кF░╧,10018010-032,еPоcи╜,101.99,2.44,2013.62,32.38,22.14,10.24,46.27,"103Y12M"
10018,╖sж╦ел,10018010,кF░╧,10018010-033,е·й·и╜,95.95,2.57,1624.92,41.95,28.64,13.31,46.46,"103Y12M"
10018,╖sж╦ел,10018010,кF░╧,10018010-035,е▀е\и╜,101.51,2.62,3659.12,40.96,22.54,18.43,81.77,"103Y12M"
10018,╖sж╦ел,10018010,кF░╧,10018010-036,нxе\и╜,99.74,2.48,14998.13,44.91,30.52,14.4,47.17,"103Y12M"
10018,╖sж╦ел,10018010,кF░╧,10018010-037,л╪е\и╜,101.22,2.5,15039.82,48.17,21.54,26.63,123.61,"103Y12M"
10018,╖sж╦ел,10018010,кF░╧,10018010-038,лe╖╦и╜,105.29,3.68,2027.37,44.3,28.84,15.47,53.64,"103Y12M"
10018,╖sж╦ел,10018010,кF░╧,10018010-039,дЇ╖╜и╜,106.62,3.54,1596.37,37.28,18.81,18.47,98.2,"103Y12M"
10018,╖sж╦ел,10018010,кF░╧,10018010-040,дdе╥и╜,105.33,3.69,1480.91,39.07,24.06,15.01,62.39,"103Y12M"
10018,╖sж╦ел,10018010,кF░╧,10018010-041,оH│╗и╜,104.86,2.7,3847.78,44.28,32.7,11.58,35.41,"103Y12M"
10018,╖sж╦ел,10018010,кF░╧,10018010-042,└sдsи╜,100.06,2.41,14966.78,43.87,35.72,8.16,22.83,"103Y12M"
10018,╖sж╦ел,10018010,кF░╧,10018010-043,╖s▓°и╜,99.44,2.78,8651.28,40.71,30.13,10.59,35.14,"103Y12M"
10018,╖sж╦ел,10018010,кF░╧,10018010-044,еPдЇи╜,96.35,2.92,14581.7,46.34,37.71,8.62,22.87,"103Y12M"
10018,╖sж╦ел,10018010,кF░╧,10018010-045,кўдsи╜,100.15,2.56,4583.31,39.56,27.65,11.91,43.06,"103Y12M"
10018,╖sж╦ел,10018010,кF░╧,10018010-046,├ЎкFи╜,97.61,2.92,18075.9,41.86,29.45,12.4,42.11,"103Y12M"
10018,╖sж╦ел,10018010,кF░╧,10018010-047,мь╢щи╜,100.63,3.17,1947.84,47.13,37.47,9.66,25.78,"103Y12M"
10018,╖sж╦ел,10018010,кF░╧,10018010-048,л╪╡╪и╜,93.79,2.9,10884.95,47.54,28.59,18.95,66.27,"103Y12M"
10018,╖sж╦ел,10018010,кF░╧,10018010-049,╖sе·и╜,99.56,2.89,6822.41,34.88,17.36,17.52,100.95,"103Y12M"
10018,╖sж╦ел,10018010,кF░╧,10018010-050,┤_┐│и╜,93.47,3.,21231.8,53.16,40.53,12.63,31.15,"103Y12M"
10018,╖sж╦ел,10018010,кF░╧,10018010-051,└A╡╪и╜,84.59,2.58,19049.45,48.06,31.84,16.23,50.98,"103Y12M"
10018,╖sж╦ел,10018010,кF░╧,10018010-052,┤Є└╪и╜,97.95,3.02,3450.96,32.65,18.89,13.76,72.85,"103Y12M"
10018,╖sж╦ел,10018010,кF░╧,10018010-053,й·┤Єи╜,96.66,2.57,4191.45,30.28,23.78,6.5,27.32,"103Y12M"
10018,╖sж╦ел,10018010,кF░╧,10018010-054,├Ў╖sи╜,101.67,2.25,41466.76,48.47,46.11,2.36,5.11,"103Y12M"
10018,╖sж╦ел,10018020,е_░╧,10018020-001,жшк∙и╜,111.59,2.26,16028.1,33.03,14.35,18.68,130.16,"103Y12M"
10018,╖sж╦ел,10018020,е_░╧,10018020-002,дп╝wи╜,93.06,2.34,19345.86,40.64,16.19,24.45,151.04,"103Y12M"
10018,╖sж╦ел,10018020,е_░╧,10018020-003,╝ч╢щи╜,100.46,2.53,17989.77,42.72,12.77,29.95,234.62,"103Y12M"
10018,╖sж╦ел,10018020,е_░╧,10018020-004,ддеби╜,105.66,2.58,17926.45,38.32,11.68,26.65,228.26,"103Y12M"
10018,╖sж╦ел,10018020,е_░╧,10018020-005,▒R┬зи╜,100.,2.63,13090.51,40.82,11.86,28.96,244.25,"103Y12M"
10018,╖sж╦ел,10018020,е_░╧,10018020-006,е█з{и╜,85.5,2.18,24785.55,40.58,15.02,25.56,170.15,"103Y12M"
10018,╖sж╦ел,10018020,е_░╧,10018020-007,┐│лnи╜,87.89,2.41,22868.47,47.66,28.79,18.87,65.53,"103Y12M"
10018,╖sж╦ел,10018020,е_░╧,10018020-008,е_к∙и╜,94.28,2.53,13404.43,41.59,16.82,24.77,147.29,"103Y12M"
10018,╖sж╦ел,10018020,е_░╧,10018020-009,дд┐│и╜,107.49,2.22,15922.21,42.51,15.44,27.07,175.36,"103Y12M"
10018,╖sж╦ел,10018020,е_░╧,10018020-010,дjжPи╜,84.33,2.53,7576.14,49.36,29.1,20.26,69.61,"103Y12M"
10018,╖sж╦ел,10018020,е_░╧,10018020-011,дддsи╜,95.91,2.53,17862.14,45.63,21.1,24.52,116.22,"103Y12M"
10018,╖sж╦ел,10018020,е_░╧,10018020-012,к°йMи╜,102.06,2.7,34660.48,47.08,29.22,17.86,61.14,"103Y12M"
10018,╖sж╦ел,10018020,е_░╧,10018020-013,╖sе┴и╜,94.73,2.72,21833.75,42.22,24.35,17.87,73.42,"103Y12M"
10018,╖sж╦ел,10018020,е_░╧,10018020-014,е┴┤Iи╜,99.18,2.88,15926.3,47.4,30.92,16.48,53.3,"103Y12M"
10018,╖sж╦ел,10018020,е_░╧,10018020-015,дЇе╨и╜,95.15,2.54,14445.43,40.18,19.99,20.19,101.,"103Y12M"
10018,╖sж╦ел,10018020,е_░╧,10018020-016,дх╢ои╜,93.73,2.77,24863.5,43.01,22.49,20.52,91.24,"103Y12M"
10018,╖sж╦ел,10018020,е_░╧,10018020-017,е·е╨и╜,94.28,2.97,19482.16,40.47,19.65,20.83,106.01,"103Y12M"
10018,╖sж╦ел,10018020,е_░╧,10018020-018,дhкLи╜,105.4,3.25,2757.79,41.06,19.99,21.08,105.45,"103Y12M"
10018,╖sж╦ел,10018020,е_░╧,10018020-019,║╓кLи╜,94.18,2.97,23499.86,37.37,21.69,15.68,72.27,"103Y12M"
10018,╖sж╦ел,10018020,е_░╧,10018020-020,еj╜хи╜,111.43,3.53,1067.59,44.12,22.99,21.14,91.95,"103Y12M"
10018,╖sж╦ел,10018020,е_░╧,10018020-021,┘ї╢ои╜,91.14,2.84,17157.67,34.86,23.2,11.66,50.26,"103Y12M"
10018,╖sж╦ел,10018020,е_░╧,10018020-022,┬┬к└и╜,94.5,2.97,5024.17,32.32,22.2,10.11,45.54,"103Y12M"
10018,╖sж╦ел,10018020,е_░╧,10018020-023,кZ│ои╜,91.31,2.39,28197.99,48.27,19.62,28.64,145.96,"103Y12M"
10018,╖sж╦ел,10018020,е_░╧,10018020-024,лn╝dи╜,103.04,2.73,2683.86,30.15,17.49,12.66,72.35,"103Y12M"
10018,╖sж╦ел,10018020,е_░╧,10018020-025,┬┬┤фи╜,123.23,2.99,599.12,28.74,12.23,16.5,134.92,"103Y12M"
10018,╖sж╦ел,10018020,е_░╧,10018020-026,▒d╝╓и╜,103.21,2.81,4004.85,26.26,15.38,10.88,70.72,"103Y12M"
10018,╖sж╦ел,10018020,е_░╧,10018020-027,┤фе_и╜,99.54,2.77,880.4,33.49,17.73,15.75,88.84,"103Y12M"
10018,╖sж╦ел,10018020,е_░╧,10018020-028,дд╝dи╜,99.53,2.61,8641.98,28.45,19.86,8.59,43.24,"103Y12M"
10018,╖sж╦ел,10018020,е_░╧,10018020-029,о№└╪и╜,97.57,2.69,2235.3,29.11,20.72,8.38,40.45,"103Y12M"
10018,╖sж╦ел,10018020,е_░╧,10018020-030,л╚╢ои╜,97.61,3.33,16533.28,43.25,26.41,16.84,63.75,"103Y12M"
10018,╖sж╦ел,10018020,е_░╧,10018020-031,и|н^и╜,93.18,2.56,23931.03,50.11,33.76,16.35,48.45,"103Y12M"
10018,╖sж╦ел,10018020,е_░╧,10018020-032,ж▒╖╦и╜,111.12,2.92,3915.68,35.88,17.6,18.28,103.83,"103Y12M"
10018,╖sж╦ел,10018020,е_░╧,10018020-033,жш╢ои╜,95.74,2.72,20160.95,35.8,15.78,20.02,126.92,"103Y12M"
10018,╖sж╦ел,10018020,е_░╧,10018020-034,лn╢╒и╜,103.41,3.07,14342.36,37.62,20.65,16.96,82.15,"103Y12M"
10018,╖sж╦ел,10018020,е_░╧,10018020-035,дj─Pи╜,130.99,2.25,1909.11,32.26,30.65,1.61,5.26,"103Y12M"
10018,╖sж╦ел,10018020,е_░╧,10018020-036,╣╥║╓и╜,94.26,2.86,8871.7,35.91,23.16,12.75,55.07,"103Y12M"
10018,╖sж╦ел,10018020,е_░╧,10018020-037,╜Yе█и╜,94.13,3.,28892.6,46.38,32.1,14.28,44.48,"103Y12M"
10018,╖sж╦ел,10018020,е_░╧,10018020-038,╖s╢ои╜,94.46,3.31,5605.55,46.51,32.,14.51,45.36,"103Y12M"
10018,╖sж╦ел,10018020,е_░╧,10018020-039,е·╡╪и╜,100.99,2.33,27628.72,27.81,16.02,11.8,73.65,"103Y12M"
10018,╖sж╦ел,10018020,е_░╧,10018020-040,кў╡╪и╜,90.98,2.71,24557.6,33.15,21.,12.15,57.87,"103Y12M"
10018,╖sж╦ел,10018020,е_░╧,10018020-041,кўж╦и╜,94.39,2.82,27015.51,32.06,23.41,8.65,36.97,"103Y12M"
10018,╖sж╦ел,10018020,е_░╧,10018020-042,┘їдди╜,89.65,2.5,40487.24,34.12,25.93,8.19,31.59,"103Y12M"
10018,╖sж╦ел,10018020,е_░╧,10018020-043,кў╢ои╜,99.25,3.21,3276.49,30.,17.82,12.17,68.32,"103Y12M"
10018,╖sж╦ел,10018020,е_░╧,10018020-044,еx╖╦и╜,81.57,2.1,13414.69,30.05,16.19,13.86,85.59,"103Y12M"
10018,╖sж╦ел,10018020,е_░╧,10018020-045,дд╢ои╜,91.04,2.23,26498.39,42.06,21.01,21.05,100.18,"103Y12M"
10018,╖sж╦ел,10018030,н╗дs░╧,10018030-001,┤флnи╜,112.91,3.2,584.1,33.29,18.93,14.36,75.85,"103Y12M"
10018,╖sж╦ел,10018030,н╗дs░╧,10018030-002,къдsи╜,104.39,3.34,4869.26,30.86,19.01,11.86,62.38,"103Y12M"
10018,╖sж╦ел,10018030,н╗дs░╧,10018030-003,къкLи╜,98.07,3.19,3174.36,36.1,21.37,14.73,68.97,"103Y12M"
10018,╖sж╦ел,10018030,н╗дs░╧,10018030-004,о√дЇи╜,106.85,3.03,1079.99,31.43,19.45,11.97,61.56,"103Y12M"
10018,╖sж╦ел,10018030,н╗дs░╧,10018030-005,╛ЁдUи╜,103.42,3.6,3302.91,33.11,17.6,15.51,88.17,"103Y12M"
10018,╖sж╦ел,10018030,н╗дs░╧,10018030-006,оHлeи╜,111.34,2.79,4758.5,30.21,18.04,12.17,67.5,"103Y12M"
10018,╖sж╦ел,10018030,н╗дs░╧,10018030-007,ддоHи╜,100.76,3.08,6770.73,28.77,17.12,11.65,68.05,"103Y12M"
10018,╖sж╦ел,10018030,н╗дs░╧,10018030-008,д√оHи╜,97.37,2.63,2834.47,29.07,18.97,10.1,53.25,"103Y12M"
10018,╖sж╦ел,10018030,н╗дs░╧,10018030-009,│╗оHи╜,95.98,2.33,19367.53,31.16,22.14,9.02,40.74,"103Y12M"
10018,╖sж╦ел,10018030,н╗дs░╧,10018030-010,кFн╗и╜,105.29,2.57,982.3,27.75,19.86,7.89,39.74,"103Y12M"
10018,╖sж╦ел,10018030,н╗дs░╧,10018030-011,н╗з°и╜,108.39,2.88,769.5,28.13,17.18,10.95,63.71,"103Y12M"
10018,╖sж╦ел,10018030,н╗дs░╧,10018030-012,н╗дsи╜,99.22,3.03,7556.51,33.82,22.89,10.93,47.76,"103Y12M"
10018,╖sж╦ел,10018030,н╗дs░╧,10018030-013,дj╔▄и╜,101.05,3.12,724.31,34.61,22.38,12.23,54.64,"103Y12M"
10018,╖sж╦ел,10018030,н╗дs░╧,10018030-014,м№дsи╜,117.74,3.32,358.01,29.43,13.61,15.82,116.2,"103Y12M"
10018,╖sж╦ел,10018030,н╗дs░╧,10018030-015,┤┬дsи╜,107.05,3.37,492.3,34.49,19.15,15.34,80.12,"103Y12M"
10018,╖sж╦ел,10018030,н╗дs░╧,10018030-016,о№дsи╜,107.53,3.26,588.29,34.36,18.85,15.51,82.32,"103Y12M"
10018,╖sж╦ел,10018030,н╗дs░╧,10018030-017,нX╨ди╜,111.36,2.94,336.41,34.63,16.93,17.7,104.58,"103Y12M"
10018,╖sж╦ел,10018030,н╗дs░╧,10018030-018,дj┤Єи╜,119.21,3.52,345.95,30.73,14.84,15.89,107.02,"103Y12M"
10018,╖sж╦ел,10018030,н╗дs░╧,10018030-019,лn╣iи╜,115.2,3.25,259.95,41.59,23.19,18.41,79.38,"103Y12M"
10018,╖sж╦ел,10018030,н╗дs░╧,10018030-020,дд╣iи╜,108.58,2.98,788.46,31.66,17.92,13.73,76.62,"103Y12M"
10018,╖sж╦ел,10018030,н╗дs░╧,10018030-021,д║┤Єи╜,100.23,3.38,1710.06,32.63,21.3,11.33,53.18,"103Y12M"
10018,╖sж╦ел,10018030,н╗дs░╧,10018030-022,╞QдЇи╜,113.52,3.36,695.92,34.12,19.97,14.15,70.88,"103Y12M"
10018,╖sж╦ел,10018030,н╗дs░╧,10018030-023,лn┤фи╜,114.11,3.56,242.28,34.35,18.63,15.72,84.4,"103Y12M"
10018,╖sж╦ел,10018030,н╗дs░╧,10018030-024,│╗║╓и╜,97.94,2.63,6981.01,29.24,18.87,10.36,54.9,"103Y12M"
10020,╣┼╕qел,10020010,кF░╧,10020010-001,╙y├├и╜,96.08,2.96,2784.57,36.91,27.63,9.28,33.59,"103Y12M"
10020,╣┼╕qел,10020010,кF░╧,10020010-002,лс┤Єи╜,95.94,3.01,2148.88,34.71,22.71,12.,52.82,"103Y12M"
10020,╣┼╕qел,10020010,кF░╧,10020010-003,дп╕qи╜,90.59,2.85,14271.96,35.29,23.72,11.57,48.77,"103Y12M"
10020,╣┼╕qел,10020010,кF░╧,10020010-004,дд╔▄и╜,93.01,2.72,11719.26,36.3,22.13,14.17,64.04,"103Y12M"
10020,╣┼╕qел,10020010,кF░╧,10020010-005,│╗╔▄и╜,94.6,3.09,4260.95,30.49,20.02,10.47,52.29,"103Y12M"
10020,╣┼╕qел,10020010,кF░╧,10020010-034,ж`└Yи╜,90.74,2.65,5087.78,38.97,17.24,21.73,126.05,"103Y12M"
10020,╣┼╕qел,10020010,кF░╧,10020010-035,╖sй▒и╜,89.2,2.87,6519.26,35.74,19.36,16.37,84.55,"103Y12M"
10020,╣┼╕qел,10020010,кF░╧,10020010-036,лс╔▄и╜,95.44,3.09,2333.79,34.29,19.25,15.03,78.1,"103Y12M"
10020,╣┼╕qел,10020010,кF░╧,10020010-037,д¤е╨и╜,81.63,2.51,5279.97,38.59,16.79,21.8,129.86,"103Y12M"
10020,╣┼╕qел,10020010,кF░╧,10020010-038,кFдtи╜,90.36,2.56,3469.2,45.48,20.65,24.83,120.26,"103Y12M"
10020,╣┼╕qел,10020010,кF░╧,10020010-039,д╙ени╜,86.27,2.68,9197.76,41.49,25.48,16.01,62.85,"103Y12M"
10020,╣┼╕qел,10020010,кF░╧,10020010-041,┐cнэи╜,97.55,2.88,515.24,37.35,21.82,15.53,71.17,"103Y12M"
10020,╣┼╕qел,10020010,кF░╧,10020010-042,│└╝dи╜,109.7,3.21,305.39,43.91,23.14,20.77,89.76,"103Y12M"
10020,╣┼╕qел,10020010,кF░╧,10020010-043,к°ж╦и╜,97.34,2.77,2558.94,36.56,21.51,15.05,69.95,"103Y12M"
10020,╣┼╕qел,10020010,кF░╧,10020010-044,╡uж╦и╜,97.1,2.45,6285.41,33.38,14.7,18.68,127.05,"103Y12M"
10020,╣┼╕qел,10020010,кF░╧,10020010-045,╖s╢}и╜,95.03,2.51,6275.24,37.34,14.99,22.35,149.03,"103Y12M"
10020,╣┼╕qел,10020010,кF░╧,10020010-046,л┼лHи╜,100.49,2.62,13478.43,43.74,13.84,29.89,215.92,"103Y12M"
10020,╣┼╕qел,10020010,кF░╧,10020010-047,┐│лnи╜,106.04,2.46,15577.95,39.93,13.6,26.33,193.65,"103Y12M"
10020,╣┼╕qел,10020010,кF░╧,10020010-048,┬╫ж~и╜,103.2,2.59,10475.79,48.51,24.57,23.94,97.44,"103Y12M"
10020,╣┼╕qел,10020010,кF░╧,10020010-049,к┌пєи╜,95.16,2.57,8860.73,37.74,19.7,18.04,91.59,"103Y12M"
10020,╣┼╕qел,10020010,кF░╧,10020010-050,к┌жwи╜,96.51,2.69,11082.18,41.89,16.89,25.,148.01,"103Y12M"
10020,╣┼╕qел,10020010,кF░╧,10020010-051,│╗╝dи╜,98.42,2.93,11696.59,34.79,18.02,16.77,93.05,"103Y12M"
10020,╣┼╕qел,10020010,кF░╧,10020010-052,жw╝dи╜,97.75,2.61,11532.03,38.81,16.22,22.59,139.3,"103Y12M"
10020,╣┼╕qел,10020010,кF░╧,10020010-053,┐│жwи╜,97.53,3.15,2677.41,32.2,17.85,14.35,80.41,"103Y12M"
10020,╣┼╕qел,10020010,кF░╧,10020010-054,┐│з°и╜,93.27,2.83,7217.26,31.23,19.32,11.91,61.68,"103Y12M"
10020,╣┼╕qел,10020010,кF░╧,10020010-055,┐│дпи╜,93.73,2.93,9385.8,32.44,18.92,13.51,71.41,"103Y12M"
10020,╣┼╕qел,10020010,кF░╧,10020010-056,╣L╖╛и╜,95.25,2.68,17917.56,44.3,19.63,24.67,125.7,"103Y12M"
10020,╣┼╕qел,10020010,кF░╧,10020010-057,е┴▒┌и╜,107.88,2.3,14444.3,46.32,18.52,27.81,150.17,"103Y12M"
10020,╣┼╕qел,10020010,кF░╧,10020010-058,┤┬╢зи╜,100.58,2.76,17763.74,42.4,14.04,28.36,202.08,"103Y12M"
10020,╣┼╕qел,10020010,кF░╧,10020010-059,╡╪лnи╜,91.96,2.54,9120.45,48.58,17.64,30.94,175.34,"103Y12M"
10020,╣┼╕qел,10020010,кF░╧,10020010-060,кF┐│и╜,91.6,2.38,10617.94,49.07,15.27,33.8,221.4,"103Y12M"
10020,╣┼╕qел,10020010,кF░╧,10020010-061,дддsи╜,84.96,2.32,9757.81,46.55,19.99,26.56,132.9,"103Y12M"
10020,╣┼╕qел,10020010,кF░╧,10020010-062,ддеби╜,99.48,2.57,13872.72,47.9,19.79,28.1,141.99,"103Y12M"
10020,╣┼╕qел,10020010,кF░╧,10020010-063,кL┤╦и╜,91.7,3.03,11193.48,64.94,45.08,19.85,44.03,"103Y12M"
10020,╣┼╕qел,10020010,кF░╧,10020010-064,е_к∙и╜,96.57,2.63,7170.45,47.43,20.68,26.75,129.35,"103Y12M"
10020,╣┼╕qел,10020010,кF░╧,10020010-065,─ї╝ци╜,90.8,2.5,1174.06,36.13,20.44,15.69,76.76,"103Y12M"
10020,╣┼╕qел,10020010,кF░╧,10020010-066,дх╢ои╜,87.08,2.66,11744.84,34.98,25.34,9.64,38.06,"103Y12M"
10020,╣┼╕qел,10020010,кF░╧,10020010-067,жw╖~и╜,95.11,2.72,5048.95,33.49,16.48,17.,103.15,"103Y12M"
10020,╣┼╕qел,10020010,кF░╧,10020010-068,╕q▒╨и╜,100.87,2.85,14509.25,31.38,17.51,13.87,79.22,"103Y12M"
10020,╣┼╕qел,10020020,жш░╧,10020020-001,н╗┤Єи╜,103.52,2.95,1175.91,38.45,21.13,17.32,82.,"103Y12M"
10020,╣┼╕qел,10020020,жш░╧,10020020-002,┤Є├фи╜,93.93,2.92,11563.15,38.43,21.25,17.18,80.87,"103Y12M"
10020,╣┼╕qел,10020020,жш░╧,10020020-003,е_║aи╜,100.78,2.8,18529.73,34.37,20.43,13.94,68.22,"103Y12M"
10020,╣┼╕qел,10020020,жш░╧,10020020-005,нл┐│и╜,103.8,2.79,13897.23,40.24,22.12,18.12,81.91,"103Y12M"
10020,╣┼╕qел,10020020,жш░╧,10020020-009,ж╦│Єи╜,96.34,2.72,11012.12,31.46,17.75,13.71,77.27,"103Y12M"
10020,╣┼╕qел,10020020,жш░╧,10020020-010,╖sнэи╜,96.44,3.11,17476.63,40.31,26.22,14.08,53.71,"103Y12M"
10020,╣┼╕qел,10020020,жш░╧,10020020-011,лOжwи╜,91.97,2.79,13372.43,30.61,19.44,11.16,57.42,"103Y12M"
10020,╣┼╕qел,10020020,жш░╧,10020020-012,е_┤Єи╜,104.48,3.16,1353.17,36.4,20.56,15.85,77.09,"103Y12M"
10020,╣┼╕qел,10020020,жш░╧,10020020-013,дU░ёи╜,109.7,3.16,1257.78,31.45,17.4,14.05,80.72,"103Y12M"
10020,╣┼╕qел,10020020,жш░╧,10020020-014,ж╦з°и╜,107.59,2.81,652.47,29.02,13.25,15.76,118.94,"103Y12M"
10020,╣┼╕qел,10020020,жш░╧,10020020-015,дj╖╦и╜,104.02,3.09,840.21,40.83,20.44,20.39,99.72,"103Y12M"
10020,╣┼╕qел,10020020,жш░╧,10020020-016,║╓е■и╜,94.52,2.57,9462.66,30.73,17.11,13.62,79.59,"103Y12M"
10020,╣┼╕qел,10020020,жш░╧,10020020-017,жшени╜,98.25,2.79,4350.67,32.48,20.29,12.19,60.07,"103Y12M"
10020,╣┼╕qел,10020020,жш░╧,10020020-018,┐jб╜и╜,90.76,2.59,9879.53,32.76,20.12,12.64,62.82,"103Y12M"
10020,╣┼╕qел,10020020,жш░╧,10020020-019,┤фйWи╜,95.68,3.03,3192.28,30.69,21.87,8.82,40.33,"103Y12M"
10020,╣┼╕qел,10020020,жш░╧,10020020-020,└Y┤фи╜,107.64,2.94,758.03,32.43,18.55,13.88,74.82,"103Y12M"
10020,╣┼╕qел,10020020,жш░╧,10020020-021,╝Bнэи╜,96.62,2.76,5881.32,32.49,22.69,9.8,43.21,"103Y12M"
10020,╣┼╕qел,10020020,жш░╧,10020020-022,╖sжши╜,97.06,2.75,14726.09,44.8,23.59,21.21,89.91,"103Y12M"
10020,╣┼╕qел,10020020,жш░╧,10020020-031,о╤░|и╜,105.98,2.4,9821.85,40.75,15.75,25.,158.78,"103Y12M"
10020,╣┼╕qел,10020020,жш░╧,10020020-045,░Ўд╕и╜,92.61,2.57,24003.58,47.8,19.46,28.34,145.59,"103Y12M"
10020,╣┼╕qел,10020020,жш░╧,10020020-046,лл╖ии╜,102.75,2.71,15493.07,44.6,22.92,21.67,94.56,"103Y12M"
10020,╣┼╕qел,10020020,жш░╧,10020020-047,иой▒и╜,91.71,2.94,18915.22,39.37,27.77,11.6,41.76,"103Y12M"
10020,╣┼╕qел,10020020,жш░╧,10020020-048,║╓е┴и╜,94.44,2.84,13023.42,39.51,28.45,11.06,38.89,"103Y12M"
10020,╣┼╕qел,10020020,жш░╧,10020020-049,┤Єд║и╜,98.24,3.38,2616.25,38.08,24.26,13.81,56.93,"103Y12M"
10020,╣┼╕qел,10020020,жш░╧,10020020-050,м№╖╜и╜,96.,2.79,6232.22,38.43,20.58,17.85,86.72,"103Y12M"
10020,╣┼╕qел,10020020,жш░╧,10020020-051,и|н^и╜,93.28,2.64,12600.27,50.23,20.49,29.74,145.16,"103Y12M"
10020,╣┼╕qел,10020020,жш░╧,10020020-052,нP╗╖и╜,90.41,2.38,33668.28,54.84,23.33,31.51,135.05,"103Y12M"
10020,╣┼╕qел,10020020,жш░╧,10020020-053,е·╕Їи╜,100.09,2.97,15367.01,39.85,25.25,14.6,57.8,"103Y12M"
10020,╣┼╕qел,10020020,жш░╧,10020020-054,╗Aйзи╜,97.5,2.21,34081.8,56.21,21.28,34.93,164.16,"103Y12M"
10020,╣┼╕qел,10020020,жш░╧,10020020-055,ж█▒jи╜,90.13,2.67,15896.73,44.05,23.26,20.79,89.39,"103Y12M"
10020,╣┼╕qел,10020020,жш░╧,10020020-056,е├йMи╜,96.77,2.49,16809.41,43.69,19.08,24.61,128.99,"103Y12M"
10020,╣┼╕qел,10020020,жш░╧,10020020-057,╖s┤Iи╜,92.29,2.57,15552.98,45.44,18.87,26.56,140.73,"103Y12M"
10020,╣┼╕qел,10020020,жш░╧,10020020-058,дхд╞и╜,94.74,2.29,16597.75,44.45,13.3,31.15,234.3,"103Y12M"
10020,╣┼╕qел,10020020,жш░╧,10020020-059,жш║aи╜,101.93,2.44,19141.38,43.55,17.9,25.65,143.24,"103Y12M"
10020,╣┼╕qел,10020020,жш░╧,10020020-060,░ъ╡╪и╜,96.75,2.33,8629.9,42.04,14.66,27.39,186.86,"103Y12M"
10020,╣┼╕qел,10020020,жш░╧,10020020-061,╡fк└и╜,94.75,2.33,10258.73,43.98,14.52,29.46,202.84,"103Y12M"
10020,╣┼╕qел,10020020,жш░╧,10020020-062,╛╔й·и╜,97.09,2.53,15591.74,46.17,17.87,28.29,158.33,"103Y12M"
10020,╣┼╕qел,10020020,жш░╧,10020020-063,╝yжwи╜,100.59,2.81,22136.09,40.73,20.33,20.4,100.34,"103Y12M"
10020,╣┼╕qел,10020020,жш░╧,10020020-064,лс┼ци╜,102.51,2.65,7324.75,37.42,19.38,18.04,93.07,"103Y12M"
10020,╣┼╕qел,10020020,жш░╧,10020020-065,║╓жwи╜,92.11,2.88,8163.29,29.13,20.53,8.6,41.91,"103Y12M"
10020,╣┼╕qел,10020020,жш░╧,10020020-066,╖рдlи╜,89.7,2.85,24165.47,35.19,24.59,10.6,43.13,"103Y12M"
10020,╣┼╕qел,10020020,жш░╧,10020020-067,мїе╦и╜,103.93,3.29,2630.23,42.37,30.52,11.85,38.82,"103Y12M"
10020,╣┼╕qел,10020020,жш░╧,10020020-068,лO║╓и╜,88.99,2.64,15142.39,31.35,21.51,9.84,45.76,"103Y12M"
10020,╣┼╕qел,10020020,жш░╧,10020020-069,лOе═и╜,99.11,2.83,11216.7,31.86,18.14,13.71,75.59,"103Y12M"
10020,╣┼╕qел,10020020,жш░╧,10020020-070,е_╖sи╜,110.13,3.24,587.91,36.31,21.88,14.44,66.01,"103Y12M"
09020,кўк∙┐д,09020010,кўл░┬э,09020010-001,кFк∙и╜,99.82,3.39,4877.11,30.34,16.96,13.38,78.89,"103Y12M"
09020,кўк∙┐д,09020010,кўл░┬э,09020010-002,жшк∙и╜,96.92,3.3,10793.25,31.03,17.6,13.43,76.33,"103Y12M"
09020,кўк∙┐д,09020010,кўл░┬э,09020010-003,лnк∙и╜,98.25,3.19,3493.86,31.73,16.92,14.81,87.53,"103Y12M"
09020,кўк∙┐д,09020010,кўл░┬э,09020010-004,е_к∙и╜,105.26,3.19,20274.92,31.28,17.03,14.25,83.69,"103Y12M"
09020,кўк∙┐д,09020010,кўл░┬э,09020010-005,еjл░и╜,99.84,3.35,923.36,29.59,14.69,14.9,101.39,"103Y12M"
09020,кўк∙┐д,09020010,кўл░┬э,09020010-006,кўдЇи╜,107.55,3.24,513.04,25.12,10.52,14.6,138.76,"103Y12M"
09020,кўк∙┐д,09020010,кўл░┬э,09020010-007,п]иFи╜,106.29,3.25,538.12,27.05,10.8,16.25,150.4,"103Y12M"
09020,кўк∙┐д,09020010,кўл░┬э,09020010-008,╜х▒gи╜,105.5,3.39,990.46,24.71,12.09,12.62,104.42,"103Y12M"
09020,кўк∙┐д,09020020,кўиF┬э,09020020-001,иZиFи╜,98.19,3.19,1544.73,31.42,15.66,15.76,100.61,"103Y12M"
09020,кўк∙┐д,09020020,кўиF┬э,09020020-002,дTдsи╜,100.31,3.24,166.82,31.74,10.89,20.85,191.36,"103Y12M"
09020,кўк∙┐д,09020020,кўиF┬э,09020020-003,дjмvи╜,101.13,3.12,158.57,31.6,12.94,18.66,144.26,"103Y12M"
09020,кўк∙┐д,09020020,кўиF┬э,09020020-004,е·лeи╜,97.26,3.01,352.01,26.61,13.18,13.44,101.96,"103Y12M"
09020,кўк∙┐д,09020020,кўиF┬э,09020020-005,жєдци╜,95.22,3.28,378.47,31.25,14.05,17.2,122.42,"103Y12M"
09020,кўк∙┐д,09020020,кўиF┬э,09020020-006,жш╢щи╜,108.85,3.42,227.55,28.23,9.55,18.68,195.69,"103Y12M"
09020,кўк∙┐д,09020020,кўиF┬э,09020020-007,йx└ми╜,96.96,3.34,445.26,31.43,11.03,20.39,184.86,"103Y12M"
09020,кўк∙┐д,09020020,кўиF┬э,09020020-008,о·дsи╜,92.85,3.36,366.55,32.44,15.58,16.86,108.22,"103Y12M"
09020,кўк∙┐д,09020030,кў┤Є┬э,09020030-001,╖sели╜,103.58,3.07,3255.38,32.96,16.96,16.,94.32,"103Y12M"
09020,кўк∙┐д,09020030,кў┤Є┬э,09020030-002,дsе~и╜,96.38,3.5,413.85,29.83,17.29,12.54,72.55,"103Y12M"
09020,кўк∙┐д,09020030,кў┤Є┬э,09020030-003,е┐╕qи╜,103.78,3.24,431.07,25.41,10.43,14.99,143.72,"103Y12M"
09020,кўк∙┐д,09020030,кў┤Є┬э,09020030-004,о╞├╣и╜,115.83,3.77,519.11,25.83,11.09,14.74,132.93,"103Y12M"
09020,кўк∙┐д,09020030,кў┤Є┬э,09020030-005,├гкLи╜,97.54,3.33,446.47,32.52,14.65,17.87,121.98,"103Y12M"
09020,кўк∙┐д,09020030,кў┤Є┬э,09020030-006,╖s┤Єи╜,102.24,3.26,2381.11,25.25,16.22,9.03,55.71,"103Y12M"
09020,кўк∙┐д,09020030,кў┤Є┬э,09020030-007,╖╦┤Єи╜,102.64,3.23,293.26,30.06,13.12,16.93,129.03,"103Y12M"
09020,кўк∙┐д,09020030,кў┤Є┬э,09020030-008,╜м▒gи╜,96.09,3.3,280.06,29.98,12.97,17.01,131.18,"103Y12M"
09020,кўк∙┐д,09020040,кў╣ч╢m,09020040-001,еj╣чз°,98.34,3.25,284.01,33.76,11.79,21.97,186.39,"103Y12M"
09020,кўк∙┐д,09020040,кў╣ч╢m,09020040-002,жwм№з°,102.11,3.3,587.01,29.81,14.87,14.93,100.4,"103Y12M"
09020,кўк∙┐д,09020040,кў╣ч╢m,09020040-003,жZ╜Lз°,98.56,3.08,255.45,31.63,12.31,19.32,157.04,"103Y12M"
09020,кўк∙┐д,09020040,кў╣ч╢m,09020040-004,┤ЄоHз°,100.,3.23,1069.7,24.72,13.6,11.11,81.67,"103Y12M"
09020,кўк∙┐д,09020040,кў╣ч╢m,09020040-005,║]кLз°,103.32,3.35,687.33,26.,12.92,13.09,101.34,"103Y12M"
09020,кўк∙┐д,09020040,кў╣ч╢m,09020040-006,╜Lдsз°,105.35,4.77,1568.31,15.08,8.09,6.98,86.27,"103Y12M"
09020,кўк∙┐д,09020050,пP└м╢m,09020050-001,дWз┴з°,92.07,4.15,453.18,30.5,11.05,19.45,176.03,"103Y12M"
09020,кўк∙┐д,09020050,пP└м╢m,09020050-002,дWкLз°,89.9,3.64,582.38,30.72,12.85,17.87,139.04,"103Y12M"
09020,кўк∙┐д,09020050,пP└м╢m,09020050-003,жшдfз°,96.48,3.99,705.79,27.92,11.41,16.51,144.64,"103Y12M"
09020,кўк∙┐д,09020050,пP└м╢m,09020050-004,кL┤Єз°,108.41,3.94,910.18,27.77,12.3,15.46,125.66,"103Y12M"
09020,кўк∙┐д,09020050,пP└м╢m,09020050-005,╢└оHз°,93.02,4.12,324.75,29.15,12.88,16.26,126.25,"103Y12M"
09020,кўк∙┐д,09020060,пQ╦·╢m,09020060-001,дj╦·з°,116.78,5.96,217.46,35.96,20.61,15.35,74.47,"103Y12M"
09020,кўк∙┐д,09020060,пQ╦·╢m,09020060-002,дp╦·з°,86.6,4.41,372.78,38.17,27.86,10.31,36.99,"103Y12M"
09007,│sж┐┐д,09007010,лnмё╢m,09007010-001,д╢╣╪з°,125.64,4.85,1965.97,29.56,17.84,11.71,65.64,"103Y12M"
09007,│sж┐┐д,09007010,лnмё╢m,09007010-002,┤_┐│з°,135.69,5.97,881.89,31.06,18.6,12.46,67.01,"103Y12M"
09007,│sж┐┐д,09007010,лnмё╢m,09007010-003,║╓иUз°,149.61,5.46,1056.78,27.12,14.15,12.96,91.59,"103Y12M"
09007,│sж┐┐д,09007010,лnмё╢m,09007010-004,▓MдЇз°,139.78,4.97,569.39,28.47,21.9,6.57,30.,"103Y12M"
09007,│sж┐┐д,09007010,лnмё╢m,09007010-005,дп╖Rз°,118.85,5.04,481.15,30.5,18.35,12.16,66.25,"103Y12M"
09007,│sж┐┐д,09007010,лnмё╢m,09007010-006,мzиFз°,171.53,5.17,332.85,26.96,10.24,16.72,163.33,"103Y12M"
09007,│sж┐┐д,09007010,лnмё╢m,09007010-007,░ипкз°,115.88,5.07,807.99,28.33,17.81,10.52,59.04,"103Y12M"
09007,│sж┐┐д,09007010,лnмё╢m,09007010-008,п]┴│з°,149.4,7.39,162.4,23.95,14.37,9.58,66.67,"103Y12M"
09007,│sж┐┐д,09007010,лnмё╢m,09007010-009,е|║√з°,127.27,6.48,201.39,31.58,9.77,21.8,223.08,"103Y12M"
09007,│sж┐┐д,09007020,е_мё╢m,09007020-001,╢эз┴з°,121.37,4.97,532.15,28.15,16.8,11.35,67.57,"103Y12M"
09007,│sж┐┐д,09007020,е_мё╢m,09007020-002,жZиUз°,132.5,4.13,209.68,34.78,14.49,20.29,140.,"103Y12M"
09007,│sж┐┐д,09007020,е_мё╢m,09007020-003,╛ЇеJз°,115.57,5.71,439.04,28.57,13.93,14.64,105.13,"103Y12M"
09007,│sж┐┐д,09007020,е_мё╢m,09007020-004,кр╛└з°,118.82,3.96,143.18,30.07,12.59,17.48,138.89,"103Y12M"
09007,│sж┐┐д,09007020,е_мё╢m,09007020-005,Пши╜з°,109.09,4.95,480.29,27.78,15.08,12.7,84.21,"103Y12M"
09007,│sж┐┐д,09007020,е_мё╢m,09007020-006,е╒иFз°,179.59,4.89,123.52,35.64,22.77,12.87,56.52,"103Y12M"
09007,│sж┐┐д,09007030,▓ўе·╢m,09007030-001,лCж|з°,157.4,5.44,810.78,23.23,12.46,10.76,86.36,"103Y12M"
09007,│sж┐┐д,09007030,▓ўе·╢m,09007030-002,е╨иUз°,177.5,6.,292.32,26.86,14.86,12.,80.77,"103Y12M"
09007,│sж┐┐д,09007030,▓ўе·╢m,09007030-003,жш╦·з°,128.13,3.32,83.92,46.,18.,28.,155.56,"103Y12M"
09007,│sж┐┐д,09007030,▓ўе·╢m,09007030-004,║╓е┐з°,133.33,5.46,401.61,32.54,10.06,22.49,223.53,"103Y12M"
09007,│sж┐┐д,09007030,▓ўе·╢m,09007030-005,дjйWз°,118.6,5.47,258.31,28.77,10.41,18.36,176.32,"103Y12M"
09007,│sж┐┐д,09007040,кFд▐╢m,09007040-001,ддмhз°,133.06,4.04,285.8,27.03,16.7,10.33,61.84,"103Y12M"
09007,│sж┐┐д,09007040,кFд▐╢m,09007040-002,╝╓╡╪з°,171.94,4.25,283.74,22.86,16.25,6.61,40.66,"103Y12M"
