TAG,COUNTY_ID,COUNTY,TOWN_ID,TOWN,V_ID,VILLAGE,FLD01,FLD02,FLD03,FLD04,FLD05,FLD06,FLD07,FLD08,INFO_TIME
標籤,縣市代碼,縣市名稱,鄉鎮市區代碼,鄉鎮市區名稱,村里代碼,村里名稱,納稅單位,綜合所得總額,平均數,中位數,第一分位數,第三分位數,標準差,變異係數,資料時間
,63000,臺北市,63000010,松山區,63000010-002,莊敬里,1760,1603702,911,680,375,1208,820.12,90,"102Y"
,63000,臺北市,63000010,松山區,63000010-003,東榮里,3033,5297035,1746,900,404,1875,4641.36,265.76,"102Y"
,63000,臺北市,63000010,松山區,63000010-004,三民里,2538,3494913,1377,769,393,1556,3347.71,243.11,"102Y"
,63000,臺北市,63000010,松山區,63000010-005,新益里,1736,1825733,1052,723,372,1309,1332.66,126.72,"102Y"
,63000,臺北市,63000010,松山區,63000010-006,富錦里,1862,2518589,1353,719,372,1425,5326.08,393.76,"102Y"
,63000,臺北市,63000010,松山區,63000010-007,新東里,1786,1927329,1079,721,384,1332,1290.46,119.58,"102Y"
,63000,臺北市,63000010,松山區,63000010-008,富泰里,1682,2175812,1294,797,401,1534,2700.81,208.78,"102Y"
,63000,臺北市,63000010,松山區,63000010-009,介壽里,1573,2317024,1473,861,425,1764,2178.64,147.91,"102Y"
,63000,臺北市,63000010,松山區,63000010-010,精忠里,1535,2845658,1854,911,422,1812,7597.21,409.81,"102Y"
,63000,臺北市,63000010,松山區,63000010-011,東光里,2642,3364676,1274,768,388,1567,2016.7,158.35,"102Y"
,63000,臺北市,63000010,松山區,63000010-012,龍田里,3590,5146914,1434,978,449,1855,1774.57,123.78,"102Y"
,63000,臺北市,63000010,松山區,63000010-013,東昌里,969,2897053,2990,898,453,1728,41517.52,1388.67,"102Y"
,63000,臺北市,63000010,松山區,63000010-014,東勢里,1655,2857830,1727,771,381,1599,16872.46,977.1,"102Y"
,63000,臺北市,63000010,松山區,63000010-015,中華里,2345,5726157,2442,946,457,2027,18791.1,769.54,"102Y"
,63000,臺北市,63000010,松山區,63000010-016,民有里,3488,5835556,1673,779,386,1667,5349.87,319.77,"102Y"
,63000,臺北市,63000010,松山區,63000010-017,民福里,2286,2439146,1067,697,365,1364,1557.1,145.93,"102Y"
,63000,臺北市,63000010,松山區,63000010-018,慈祐里,2301,2094234,910,638,366,1137,929.89,102.17,"102Y"
,63000,臺北市,63000010,松山區,63000010-019,安平里,2841,2913100,1025,668,370,1217,2142.84,208.98,"102Y"
,63000,臺北市,63000010,松山區,63000010-020,鵬程里,1852,2204332,1190,742,391,1477,1386.6,116.5,"102Y"
,63000,臺北市,63000010,松山區,63000010-021,自強里,3079,3986679,1295,799,392,1563,2796.88,216.01,"102Y"
,63000,臺北市,63000010,松山區,63000010-022,吉祥里,3181,4151903,1305,745,384,1462,5442.57,416.98,"102Y"
,63000,臺北市,63000010,松山區,63000010-024,新聚里,2883,3218824,1116,706,387,1332,1774.96,158.98,"102Y"
,63000,臺北市,63000010,松山區,63000010-025,復盛里,2295,2504784,1091,705,377,1313,2145.19,196.55,"102Y"
,63000,臺北市,63000010,松山區,63000010-026,中正里,3468,6125553,1766,994,478,1897,4305.16,243.74,"102Y"
,63000,臺北市,63000010,松山區,63000010-027,中崙里,1427,1750383,1227,803,420,1522,1497.02,122.04,"102Y"
,63000,臺北市,63000010,松山區,63000010-028,美仁里,1228,1801523,1467,849,417,1725,2060.17,140.43,"102Y"
,63000,臺北市,63000010,松山區,63000010-029,吉仁里,1429,1867999,1307,801,420,1587,1985.94,151.92,"102Y"
,63000,臺北市,63000010,松山區,63000010-030,敦化里,2558,3674809,1437,820,423,1599,3661.8,254.89,"102Y"
,63000,臺北市,63000010,松山區,63000010-031,復源里,1135,1527929,1346,742,404,1448,4896.37,363.72,"102Y"
,63000,臺北市,63000010,松山區,63000010-032,復建里,1576,2003145,1271,838,426,1643,1450.28,114.1,"102Y"
,63000,臺北市,63000010,松山區,63000010-033,復勢里,2298,2837041,1235,773,400,1506,1666.88,135.02,"102Y"
,63000,臺北市,63000010,松山區,63000010-034,福成里,1011,2036298,2014,894,447,1818,11527.78,572.34,"102Y"
,63000,臺北市,63000010,松山區,63000010-035,松基里,1436,2608578,1817,805,408,1732,7442.58,409.71,"102Y"
X,63000,臺北市,63000010,松山區,63000010-999,其他,46,58389,1269,1155,557,1568,975.87,76.88,"102Y"
,63000,臺北市,63000020,信義區,63000020-001,西村里,1672,1745908,1044,711,369,1346,1184.76,113.46,"102Y"
,63000,臺北市,63000020,信義區,63000020-002,正和里,1704,2314674,1358,776,389,1604,2270.95,167.18,"102Y"
,63000,臺北市,63000020,信義區,63000020-003,興隆里,1003,5249249,5234,781,401,1733,90640.91,1731.92,"102Y"
,63000,臺北市,63000020,信義區,63000020-004,中興里,1292,1528355,1183,713,354,1441,1593.38,134.7,"102Y"
,63000,臺北市,63000020,信義區,63000020-005,新仁里,1261,1565723,1242,822,422,1601,1454.76,117.16,"102Y"
,63000,臺北市,63000020,信義區,63000020-006,興雅里,2077,2244725,1081,716,378,1320,1570.81,145.34,"102Y"
,63000,臺北市,63000020,信義區,63000020-007,敦厚里,1989,2182966,1098,735,388,1409,1291.5,117.67,"102Y"
,63000,臺北市,63000020,信義區,63000020-008,廣居里,2793,3435478,1230,792,412,1549,1587,129.02,"102Y"
,63000,臺北市,63000020,信義區,63000020-009,安康里,3794,14351966,3783,975,472,2081,32514.79,859.54,"102Y"
,63000,臺北市,63000020,信義區,63000020-010,六藝里,1171,1105874,944,681,376,1183,1119.62,118.56,"102Y"
,63000,臺北市,63000020,信義區,63000020-011,雅祥里,1646,1725883,1049,687,388,1230,1629.03,155.36,"102Y"
,63000,臺北市,63000020,信義區,63000020-012,五常里,1294,1346468,1041,677,374,1221,1494.29,143.61,"102Y"
,63000,臺北市,63000020,信義區,63000020-013,五全里,1748,1816184,1039,633,360,1190,2290.58,220.46,"102Y"
,63000,臺北市,63000020,信義區,63000020-014,永吉里,989,765943,774,574,334,975,828.3,106.95,"102Y"
,63000,臺北市,63000020,信義區,63000020-015,長春里,1274,1097979,862,617,354,1076,885.3,102.72,"102Y"
,63000,臺北市,63000020,信義區,63000020-016,四育里,1905,1759124,923,653,371,1209,953.39,103.24,"102Y"
,63000,臺北市,63000020,信義區,63000020-017,四維里,1861,1968706,1058,663,373,1262,1497.67,141.57,"102Y"
,63000,臺北市,63000020,信義區,63000020-018,永春里,1596,1433598,898,637,372,1115,963.98,107.32,"102Y"
,63000,臺北市,63000020,信義區,63000020-019,富臺里,1533,1779011,1160,754,395,1404,1524.05,131.33,"102Y"
,63000,臺北市,63000020,信義區,63000020-020,國業里,2544,3065815,1205,773,414,1513,1535.42,127.41,"102Y"
,63000,臺北市,63000020,信義區,63000020-021,松隆里,673,516194,767,559,342,972,714.85,93.2,"102Y"
,63000,臺北市,63000020,信義區,63000020-022,松友里,2302,2255335,980,692,401,1246,969.92,99,"102Y"
,63000,臺北市,63000020,信義區,63000020-023,松光里,1781,1777420,998,685,391,1254,1045.32,104.74,"102Y"
,63000,臺北市,63000020,信義區,63000020-024,中坡里,1554,1460860,940,619,351,1149,1709.82,181.88,"102Y"
,63000,臺北市,63000020,信義區,63000020-025,中行里,2602,2281627,877,626,370,1083,1186.62,135.32,"102Y"
,63000,臺北市,63000020,信義區,63000020-026,大道里,2211,2174076,983,643,381,1224,1079.7,109.8,"102Y"
,63000,臺北市,63000020,信義區,63000020-027,大仁里,1320,1121439,850,598,352,1110,802.8,94.49,"102Y"
,63000,臺北市,63000020,信義區,63000020-028,景新里,1832,4944012,2699,808,413,1710,14112.66,522.94,"102Y"
,63000,臺北市,63000020,信義區,63000020-029,惠安里,2209,2131701,965,683,380,1209,1050.2,108.83,"102Y"
,63000,臺北市,63000020,信義區,63000020-030,三張里,3100,4018127,1296,699,365,1328,4445,342.93,"102Y"
,63000,臺北市,63000020,信義區,63000020-031,三犁里,1903,3809820,2002,779,411,1606,7114.29,355.36,"102Y"
,63000,臺北市,63000020,信義區,63000020-032,六合里,2429,3591424,1479,739,395,1496,5785.78,391.31,"102Y"
,63000,臺北市,63000020,信義區,63000020-033,泰和里,2577,2377853,923,633,365,1127,1018,110.33,"102Y"
,63000,臺北市,63000020,信義區,63000020-034,景聯里,1679,1790498,1066,712,368,1333,1179.34,110.59,"102Y"
,63000,臺北市,63000020,信義區,63000020-035,景勤里,1334,1275288,956,670,376,1210,1001.09,104.72,"102Y"
,63000,臺北市,63000020,信義區,63000020-036,雙和里,2456,2494827,1016,701,383,1253,1096.82,107.98,"102Y"
,63000,臺北市,63000020,信義區,63000020-037,嘉興里,1205,1156319,960,645,363,1147,1211.65,126.27,"102Y"
,63000,臺北市,63000020,信義區,63000020-038,黎順里,1429,1452572,1016,657,373,1274,1144.17,112.56,"102Y"
,63000,臺北市,63000020,信義區,63000020-039,黎平里,2538,2619911,1032,722,392,1305,1080.46,104.67,"102Y"
,63000,臺北市,63000020,信義區,63000020-040,黎忠里,1613,1511392,937,662,395,1144,1050.31,112.09,"102Y"
,63000,臺北市,63000020,信義區,63000020-041,黎安里,452,333825,739,513,321,877,776.81,105.18,"102Y"
X,63000,臺北市,63000020,信義區,63000020-999,其他,116,234621,2023,959,330,2592,2474.5,122.34,"102Y"
,63000,臺北市,63000030,大安區,63000030-001,德安里,2095,3595570,1716,823,400,1804,3732.17,217.46,"102Y"
,63000,臺北市,63000030,大安區,63000030-002,仁慈里,1969,4593616,2333,935,448,2068,15220.28,652.4,"102Y"
,63000,臺北市,63000030,大安區,63000030-003,和安里,2411,8487025,3520,962,446,1934,37105.39,1054.09,"102Y"
,63000,臺北市,63000030,大安區,63000030-004,民炤里,3112,6492312,2086,935,421,1963,10551.73,505.78,"102Y"
,63000,臺北市,63000030,大安區,63000030-005,仁愛里,2195,5403004,2462,919,404,2029,11764.93,477.96,"102Y"
,63000,臺北市,63000030,大安區,63000030-006,義村里,2223,2754126,1239,722,367,1453,2868.33,231.52,"102Y"
,63000,臺北市,63000030,大安區,63000030-007,民輝里,2640,6631156,2512,908,391,1961,10575.09,421.02,"102Y"
,63000,臺北市,63000030,大安區,63000030-008,昌隆里,1236,1753685,1419,765,376,1665,3412.62,240.52,"102Y"
,63000,臺北市,63000030,大安區,63000030-009,誠安里,1589,2500598,1574,726,353,1364,16984.89,1079.3,"102Y"
,63000,臺北市,63000030,大安區,63000030-010,光武里,2880,4084448,1418,774,377,1535,3604.39,254.15,"102Y"
,63000,臺北市,63000030,大安區,63000030-011,龍坡里,2103,3229250,1536,955,457,1951,2111.47,137.51,"102Y"
,63000,臺北市,63000030,大安區,63000030-012,龍泉里,1771,2478529,1400,878,425,1709,3002.62,214.55,"102Y"
,63000,臺北市,63000030,大安區,63000030-013,古風里,1552,2359990,1521,836,410,1743,3270.68,215.09,"102Y"
,63000,臺北市,63000030,大安區,63000030-014,古莊里,2587,3540256,1368,839,430,1665,2629.26,192.13,"102Y"
,63000,臺北市,63000030,大安區,63000030-015,龍安里,2271,5007977,2205,1006,459,2065,11322.95,513.47,"102Y"
,63000,臺北市,63000030,大安區,63000030-016,錦安里,2174,3865967,1778,982,446,1992,3598.16,202.34,"102Y"
,63000,臺北市,63000030,大安區,63000030-017,福住里,2267,4502369,1986,1006,467,2014,6888.1,346.82,"102Y"
,63000,臺北市,63000030,大安區,63000030-018,永康里,1340,1962298,1464,815,408,1676,2344.81,160.12,"102Y"
,63000,臺北市,63000030,大安區,63000030-019,光明里,1234,2569387,2082,1034,485,2085,9323.31,447.77,"102Y"
,63000,臺北市,63000030,大安區,63000030-020,錦泰里,1292,2121034,1642,916,423,1860,8571.16,522.1,"102Y"
,63000,臺北市,63000030,大安區,63000030-021,錦華里,1960,3019039,1540,990,485,1907,3705.97,240.6,"102Y"
,63000,臺北市,63000030,大安區,63000030-022,龍圖里,2549,3863455,1516,856,395,1739,2633.43,173.75,"102Y"
,63000,臺北市,63000030,大安區,63000030-023,新龍里,2396,3183214,1329,841,394,1719,1733.58,130.49,"102Y"
,63000,臺北市,63000030,大安區,63000030-026,龍陣里,1340,2085782,1557,874,438,1681,3688.94,236.99,"102Y"
,63000,臺北市,63000030,大安區,63000030-027,龍雲里,1813,3618736,1996,859,396,1824,13781.52,690.46,"102Y"
,63000,臺北市,63000030,大安區,63000030-028,龍生里,2396,3754112,1567,953,466,1924,2444.77,156.03,"102Y"
,63000,臺北市,63000030,大安區,63000030-029,住安里,1783,2465555,1383,727,401,1441,3554.35,257.04,"102Y"
,63000,臺北市,63000030,大安區,63000030-030,義安里,2094,4384326,2094,896,420,2001,5978.22,285.53,"102Y"
,63000,臺北市,63000030,大安區,63000030-031,通化里,2111,2377826,1126,643,356,1261,2487.98,220.88,"102Y"
,63000,臺北市,63000030,大安區,63000030-032,通安里,1965,2295719,1168,683,384,1349,1970.56,168.67,"102Y"
,63000,臺北市,63000030,大安區,63000030-033,臨江里,1336,1246099,933,634,358,1166,1003.41,107.58,"102Y"
,63000,臺北市,63000030,大安區,63000030-034,法治里,1649,2129405,1291,759,413,1480,1978.42,153.21,"102Y"
,63000,臺北市,63000030,大安區,63000030-035,全安里,1736,3600469,2074,821,410,1768,8480.38,408.89,"102Y"
,63000,臺北市,63000030,大安區,63000030-036,群賢里,2290,3665126,1600,786,386,1620,4974.11,310.79,"102Y"
,63000,臺北市,63000030,大安區,63000030-037,群英里,2548,3055560,1199,766,399,1576,2225.55,185.59,"102Y"
,63000,臺北市,63000030,大安區,63000030-038,虎嘯里,1420,2234944,1574,806,407,1589,6380.57,405.4,"102Y"
,63000,臺北市,63000030,大安區,63000030-039,臥龍里,686,982479,1432,776,392,1583,3782.8,264.13,"102Y"
,63000,臺北市,63000030,大安區,63000030-040,龍淵里,3210,4670882,1455,947,453,1911,2056.51,141.33,"102Y"
,63000,臺北市,63000030,大安區,63000030-041,龍門里,1597,3096756,1939,999,453,2035,5261.51,271.34,"102Y"
,63000,臺北市,63000030,大安區,63000030-043,大學里,3143,4660602,1483,903,430,1777,2369.92,159.82,"102Y"
,63000,臺北市,63000030,大安區,63000030-044,芳和里,1989,2220354,1116,712,387,1357,1614.32,144.61,"102Y"
,63000,臺北市,63000030,大安區,63000030-046,黎元里,1753,1471906,840,626,365,1083,841.98,100.28,"102Y"
,63000,臺北市,63000030,大安區,63000030-047,黎孝里,2693,2711111,1007,693,381,1286,1084.73,107.75,"102Y"
,63000,臺北市,63000030,大安區,63000030-048,黎和里,1647,1800226,1093,722,412,1356,1395.51,127.67,"102Y"
,63000,臺北市,63000030,大安區,63000030-049,建安里,2002,3207716,1602,809,385,1687,3675.54,229.4,"102Y"
,63000,臺北市,63000030,大安區,63000030-050,建倫里,2375,5420643,2282,874,396,1989,12468.22,546.28,"102Y"
,63000,臺北市,63000030,大安區,63000030-051,敦安里,2386,4664318,1955,925,421,1913,5168.2,264.38,"102Y"
,63000,臺北市,63000030,大安區,63000030-052,正聲里,1863,3238987,1739,831,389,1826,5304.49,305.1,"102Y"
,63000,臺北市,63000030,大安區,63000030-053,敦煌里,2311,3751873,1623,889,398,1821,3196.77,196.91,"102Y"
,63000,臺北市,63000030,大安區,63000030-054,華聲里,1576,2535548,1609,789,392,1607,6797.09,422.48,"102Y"
,63000,臺北市,63000030,大安區,63000030-055,車層里,2479,4451812,1796,857,393,1864,5114.91,284.82,"102Y"
,63000,臺北市,63000030,大安區,63000030-056,光信里,2800,4563377,1630,805,420,1625,4257.64,261.24,"102Y"
,63000,臺北市,63000030,大安區,63000030-057,學府里,772,906826,1175,715,384,1478,1283,109.22,"102Y"
X,63000,臺北市,63000030,大安區,63000030-999,其他,324,253965,784,467,305,763,1213.01,154.75,"102Y"
,63000,臺北市,63000040,中山區,63000040-001,正守里,1238,1381017,1116,711,369,1330,1474.69,132.2,"102Y"
,63000,臺北市,63000040,中山區,63000040-002,正義里,1697,1558417,918,606,334,1103,1814.69,197.61,"102Y"
,63000,臺北市,63000040,中山區,63000040-003,正得里,1423,2025570,1423,685,363,1327,6731.33,472.89,"102Y"
,63000,臺北市,63000040,中山區,63000040-004,民安里,1664,2104640,1265,649,364,1271,3357,265.42,"102Y"
,63000,臺北市,63000040,中山區,63000040-005,康樂里,941,1031804,1096,622,332,1238,2903.8,264.83,"102Y"
,63000,臺北市,63000040,中山區,63000040-006,中山里,2256,2158762,957,615,336,1110,2116.22,221.15,"102Y"
,63000,臺北市,63000040,中山區,63000040-007,聚盛里,1352,1218444,901,564,321,1047,1612.66,178.94,"102Y"
,63000,臺北市,63000040,中山區,63000040-008,集英里,2310,2684644,1162,661,355,1246,3452.73,297.09,"102Y"
,63000,臺北市,63000040,中山區,63000040-009,聚葉里,1308,1303551,997,658,362,1208,1558.73,156.4,"102Y"
,63000,臺北市,63000040,中山區,63000040-010,恆安里,1573,1872892,1191,664,366,1226,3822.9,321.08,"102Y"
,63000,臺北市,63000040,中山區,63000040-011,晴光里,1906,2487131,1305,668,366,1260,5955.01,456.36,"102Y"
,63000,臺北市,63000040,中山區,63000040-012,圓山里,1453,1437641,989,614,334,1131,1903.84,192.42,"102Y"
,63000,臺北市,63000040,中山區,63000040-013,劍潭里,1172,1226138,1046,700,387,1239,1364.64,130.44,"102Y"
,63000,臺北市,63000040,中山區,63000040-014,大直里,3340,3977178,1191,753,401,1460,1720.41,144.48,"102Y"
,63000,臺北市,63000040,中山區,63000040-015,成功里,2521,6747267,2676,1113,498,2404,10237.76,382.52,"102Y"
,63000,臺北市,63000040,中山區,63000040-016,永安里,3493,7203170,2062,976,452,2113,4632.17,224.63,"102Y"
,63000,臺北市,63000040,中山區,63000040-017,大佳里,273,231063,846,552,306,1058,940.83,111.16,"102Y"
,63000,臺北市,63000040,中山區,63000040-018,新喜里,1827,1836867,1005,635,357,1108,2619.71,260.56,"102Y"
,63000,臺北市,63000040,中山區,63000040-019,新庄里,1627,1360385,836,587,330,1035,1049.59,125.53,"102Y"
,63000,臺北市,63000040,中山區,63000040-020,新福里,1753,2280073,1301,608,336,1134,13631.67,1048.05,"102Y"
,63000,臺北市,63000040,中山區,63000040-021,松江里,2433,4122161,1694,722,385,1376,9516.01,561.66,"102Y"
,63000,臺北市,63000040,中山區,63000040-022,新生里,1622,1440403,888,595,335,1102,960.09,108.11,"102Y"
,63000,臺北市,63000040,中山區,63000040-023,中庄里,1730,1661790,961,601,338,1116,1945.6,202.55,"102Y"
,63000,臺北市,63000040,中山區,63000040-024,行政里,1983,1883518,950,619,343,1122,2183.75,229.91,"102Y"
,63000,臺北市,63000040,中山區,63000040-025,行仁里,2673,2335127,874,622,351,1097,1009.68,115.58,"102Y"
,63000,臺北市,63000040,中山區,63000040-026,行孝里,1354,1159901,857,622,348,1073,886.19,103.45,"102Y"
,63000,臺北市,63000040,中山區,63000040-027,下埤里,2816,3126645,1110,698,381,1280,2252.68,202.89,"102Y"
,63000,臺北市,63000040,中山區,63000040-028,江寧里,2606,3276011,1257,764,385,1540,1784.02,141.92,"102Y"
,63000,臺北市,63000040,中山區,63000040-029,江山里,2840,3365772,1185,705,375,1382,2184.68,184.34,"102Y"
,63000,臺北市,63000040,中山區,63000040-030,中吉里,2048,2734883,1335,751,383,1485,2817.72,211,"102Y"
,63000,臺北市,63000040,中山區,63000040-031,中原里,1816,2200635,1212,706,379,1282,3050.21,251.71,"102Y"
,63000,臺北市,63000040,中山區,63000040-032,興亞里,2093,2719694,1299,718,365,1423,2480.34,190.88,"102Y"
,63000,臺北市,63000040,中山區,63000040-033,中央里,1296,1440156,1111,699,354,1267,1902.85,171.24,"102Y"
,63000,臺北市,63000040,中山區,63000040-034,朱馥里,2091,2217646,1061,660,368,1248,1761.46,166.09,"102Y"
,63000,臺北市,63000040,中山區,63000040-035,龍洲里,1851,2188137,1182,722,386,1438,2123.16,179.6,"102Y"
,63000,臺北市,63000040,中山區,63000040-036,朱園里,1806,4173881,2311,780,396,1528,20006.73,865.67,"102Y"
,63000,臺北市,63000040,中山區,63000040-037,埤頭里,1285,1232244,959,652,357,1155,1057.24,110.25,"102Y"
,63000,臺北市,63000040,中山區,63000040-038,朱崙里,1096,1331573,1215,699,392,1400,1659.28,136.57,"102Y"
,63000,臺北市,63000040,中山區,63000040-039,力行里,2343,4318454,1843,774,390,1571,5515.29,299.23,"102Y"
,63000,臺北市,63000040,中山區,63000040-040,復華里,1799,2660736,1479,771,382,1601,2722.84,184.1,"102Y"
,63000,臺北市,63000040,中山區,63000040-041,金泰里,2594,5708916,2201,1014,487,1923,9517.82,432.47,"102Y"
,63000,臺北市,63000040,中山區,63000040-042,北安里,967,1138427,1177,762,408,1473,1870.39,158.87,"102Y"
X,63000,臺北市,63000040,中山區,63000040-999,其他,42,125508,2988,499,199,1185,13303.95,445.2,"102Y"
,63000,臺北市,63000050,中正區,63000050-001,水源里,1061,1092544,1030,693,383,1263,1098.69,106.7,"102Y"
,63000,臺北市,63000050,中正區,63000050-002,富水里,846,984137,1163,789,420,1417,1311.5,112.74,"102Y"
,63000,臺北市,63000050,中正區,63000050-003,文盛里,957,1149026,1201,808,390,1529,1308.54,108.99,"102Y"
,63000,臺北市,63000050,中正區,63000050-004,林興里,1577,1921394,1218,806,400,1491,2004.9,164.55,"102Y"
,63000,臺北市,63000050,中正區,63000050-005,河堤里,1695,1941562,1145,734,400,1417,1899.99,165.87,"102Y"
,63000,臺北市,63000050,中正區,63000050-006,頂東里,2260,2622084,1160,757,396,1470,1409.55,121.49,"102Y"
,63000,臺北市,63000050,中正區,63000050-007,網溪里,2085,2380126,1142,756,385,1465,1293.25,113.29,"102Y"
,63000,臺北市,63000050,中正區,63000050-008,板溪里,1214,1349465,1112,748,393,1413,1408.75,126.73,"102Y"
,63000,臺北市,63000050,中正區,63000050-009,螢圃里,1988,2124877,1069,685,364,1287,1699.17,158.97,"102Y"
,63000,臺北市,63000050,中正區,63000050-010,螢雪里,1550,1412044,911,622,346,1168,959.19,105.29,"102Y"
,63000,臺北市,63000050,中正區,63000050-011,永功里,2056,2173421,1057,699,380,1326,1321.91,125.05,"102Y"
,63000,臺北市,63000050,中正區,63000050-012,永昌里,1502,1238758,825,593,338,1049,815.01,98.82,"102Y"
,63000,臺北市,63000050,中正區,63000050-013,龍興里,1246,1379235,1107,769,397,1448,1305.29,117.92,"102Y"
,63000,臺北市,63000050,中正區,63000050-014,忠勤里,1724,1197590,695,540,322,889,583.17,83.95,"102Y"
,63000,臺北市,63000050,中正區,63000050-015,廈安里,1346,1634702,1214,752,420,1520,1587.62,130.72,"102Y"
,63000,臺北市,63000050,中正區,63000050-016,愛國里,1128,1313271,1164,751,410,1382,1677.83,144.11,"102Y"
,63000,臺北市,63000050,中正區,63000050-017,南門里,948,1507130,1590,872,430,1752,3182.91,200.21,"102Y"
,63000,臺北市,63000050,中正區,63000050-018,龍光里,1217,1566804,1287,868,424,1609,1660.64,128.99,"102Y"
,63000,臺北市,63000050,中正區,63000050-019,南福里,3429,5135419,1498,982,470,1920,1985.68,132.59,"102Y"
,63000,臺北市,63000050,中正區,63000050-020,龍福里,2117,2734952,1292,915,440,1709,1375.28,106.45,"102Y"
,63000,臺北市,63000050,中正區,63000050-021,新營里,3028,5045982,1666,1038,467,2029,3687.88,221.3,"102Y"
,63000,臺北市,63000050,中正區,63000050-022,建國里,522,783585,1501,898,420,1741,2118.72,141.14,"102Y"
,63000,臺北市,63000050,中正區,63000050-023,光復里,1282,1754633,1369,728,368,1377,3246.01,237.17,"102Y"
,63000,臺北市,63000050,中正區,63000050-024,黎明里,1125,1563496,1390,827,402,1558,2645.71,190.37,"102Y"
,63000,臺北市,63000050,中正區,63000050-025,梅花里,1289,1826055,1417,812,396,1576,2657.11,187.56,"102Y"
,63000,臺北市,63000050,中正區,63000050-026,幸福里,1689,2314695,1370,800,398,1609,2275.62,166.05,"102Y"
,63000,臺北市,63000050,中正區,63000050-027,幸市里,1791,3644822,2035,869,420,1863,5514.46,270.97,"102Y"
,63000,臺北市,63000050,中正區,63000050-028,東門里,1465,6413072,4378,879,441,1840,108956.3,2488.99,"102Y"
,63000,臺北市,63000050,中正區,63000050-029,文北里,2102,5267725,2506,942,426,2094,15082.07,601.83,"102Y"
,63000,臺北市,63000050,中正區,63000050-030,文祥里,2710,4195431,1548,960,426,1946,2562.05,165.49,"102Y"
,63000,臺北市,63000050,中正區,63000050-031,三愛里,3073,5708708,1858,862,411,1859,12054.06,648.87,"102Y"
X,63000,臺北市,63000050,中正區,63000050-999,其他,140,91098,651,382,305,601,880.58,135.33,"102Y"
,63000,臺北市,63000060,大同區,63000060-001,玉泉里,1067,1138145,1067,644,367,1246,1493.83,140.05,"102Y"
,63000,臺北市,63000060,大同區,63000060-002,建明里,1232,1558947,1265,596,345,1218,4103.11,324.26,"102Y"
,63000,臺北市,63000060,大同區,63000060-003,建功里,1477,1405829,952,632,347,1138,1479.53,155.44,"102Y"
,63000,臺北市,63000060,大同區,63000060-004,建泰里,1330,1380691,1038,676,371,1243,1335.46,128.64,"102Y"
,63000,臺北市,63000060,大同區,63000060-005,永樂里,1981,2929552,1479,642,347,1227,9461.66,639.81,"102Y"
,63000,臺北市,63000060,大同區,63000060-006,朝陽里,1446,1627577,1126,636,327,1167,2453.04,217.94,"102Y"
,63000,臺北市,63000060,大同區,63000060-007,星明里,1960,2147026,1095,675,360,1274,2200.19,200.85,"102Y"
,63000,臺北市,63000060,大同區,63000060-008,光能里,1684,1551489,921,609,334,1104,1298.78,140.97,"102Y"
,63000,臺北市,63000060,大同區,63000060-009,大有里,1719,1664417,968,588,322,1139,1457.25,150.5,"102Y"
,63000,臺北市,63000060,大同區,63000060-010,延平里,1292,1316312,1019,580,324,1123,2361,231.74,"102Y"
,63000,臺北市,63000060,大同區,63000060-011,雙連里,3014,2688776,892,617,339,1110,1155.63,129.54,"102Y"
,63000,臺北市,63000060,大同區,63000060-012,南芳里,1303,1131097,868,596,331,1071,993.1,114.4,"102Y"
,63000,臺北市,63000060,大同區,63000060-013,民權里,2108,2278038,1081,706,369,1305,1782.74,164.97,"102Y"
,63000,臺北市,63000060,大同區,63000060-014,景星里,762,568806,746,543,337,931,687.19,92.06,"102Y"
,63000,臺北市,63000060,大同區,63000060-015,隆和里,939,843841,899,583,331,1055,1214.77,135.18,"102Y"
,63000,臺北市,63000060,大同區,63000060-016,蓬萊里,1683,1704139,1013,604,343,1127,1644.38,162.4,"102Y"
,63000,臺北市,63000060,大同區,63000060-017,國順里,788,536387,681,523,304,894,583.5,85.72,"102Y"
,63000,臺北市,63000060,大同區,63000060-018,國慶里,1494,1545576,1035,672,374,1287,1347.58,130.26,"102Y"
,63000,臺北市,63000060,大同區,63000060-019,揚雅里,1129,1093147,968,587,352,1045,1711.16,176.73,"102Y"
,63000,臺北市,63000060,大同區,63000060-020,斯文里,1652,1560858,945,568,324,1032,2639.24,279.34,"102Y"
,63000,臺北市,63000060,大同區,63000060-021,鄰江里,2029,1624198,800,559,343,966,873.66,109.14,"102Y"
,63000,臺北市,63000060,大同區,63000060-022,至聖里,2722,2593192,953,590,339,1104,1990.28,208.91,"102Y"
,63000,臺北市,63000060,大同區,63000060-024,老師里,1797,1487305,828,586,342,1009,983.4,118.82,"102Y"
,63000,臺北市,63000060,大同區,63000060-025,重慶里,2286,2379578,1041,675,383,1270,1466.95,140.93,"102Y"
,63000,臺北市,63000060,大同區,63000060-026,保安里,1298,1527746,1177,628,350,1108,4897.89,416.13,"102Y"
X,63000,臺北市,63000060,大同區,63000060-999,其他,11,18920,1720,389,292,853,3591.09,208.78,"102Y"
,63000,臺北市,63000070,萬華區,63000070-001,福星里,1579,1537312,974,613,347,1084,1837.33,188.72,"102Y"
,63000,臺北市,63000070,萬華區,63000070-002,萬壽里,1054,1088994,1033,637,310,1214,1472.44,142.51,"102Y"
,63000,臺北市,63000070,萬華區,63000070-003,西門里,1262,1293009,1025,637,360,1117,3168.28,309.23,"102Y"
,63000,臺北市,63000070,萬華區,63000070-004,新起里,2287,2336439,1022,623,339,1195,2458.15,240.61,"102Y"
,63000,臺北市,63000070,萬華區,63000070-005,菜園里,1812,1603963,885,608,340,1052,1191.76,134.63,"102Y"
,63000,臺北市,63000070,萬華區,63000070-006,青山里,1532,1244878,813,556,315,960,993.89,122.31,"102Y"
,63000,臺北市,63000070,萬華區,63000070-007,富民里,1480,1165170,787,577,325,1001,781.53,99.27,"102Y"
,63000,臺北市,63000070,萬華區,63000070-008,福音里,1145,1390549,1214,586,335,1016,8554.71,704.41,"102Y"
,63000,臺北市,63000070,萬華區,63000070-009,仁德里,1663,1886945,1135,656,345,1289,2016.69,177.73,"102Y"
,63000,臺北市,63000070,萬華區,63000070-010,富福里,1463,1431426,978,605,331,1073,1762.74,180.16,"102Y"
,63000,臺北市,63000070,萬華區,63000070-011,頂碩里,2271,1947610,858,585,348,1038,1188.9,138.63,"102Y"
,63000,臺北市,63000070,萬華區,63000070-012,雙園里,1450,1319032,910,618,365,1071,983.56,108.12,"102Y"
,63000,臺北市,63000070,萬華區,63000070-013,新忠里,1019,840385,825,579,355,1055,769.18,93.27,"102Y"
,63000,臺北市,63000070,萬華區,63000070-014,新和里,2586,2334423,903,648,361,1160,986.04,109.23,"102Y"
,63000,臺北市,63000070,萬華區,63000070-015,糖?里,1696,1453402,857,585,344,1034,988.97,115.4,"102Y"
,63000,臺北市,63000070,萬華區,63000070-016,和平里,1883,1341786,713,543,327,910,613.24,86.06,"102Y"
,63000,臺北市,63000070,萬華區,63000070-017,綠堤里,1031,687470,667,528,318,843,591.39,88.69,"102Y"
,63000,臺北市,63000070,萬華區,63000070-018,華江里,2452,1859079,758,552,320,925,774.71,102.18,"102Y"
,63000,臺北市,63000070,萬華區,63000070-019,柳鄉里,1431,1035179,723,528,306,918,903.5,124.9,"102Y"
,63000,臺北市,63000070,萬華區,63000070-020,日善里,1073,851118,793,590,356,993,739.99,93.29,"102Y"
,63000,臺北市,63000070,萬華區,63000070-021,新安里,1684,1280263,760,545,340,936,754.54,99.25,"102Y"
,63000,臺北市,63000070,萬華區,63000070-022,忠德里,1252,948538,758,550,330,987,679.82,89.73,"102Y"
,63000,臺北市,63000070,萬華區,63000070-023,孝德里,967,734774,760,569,350,969,661.38,87.04,"102Y"
,63000,臺北市,63000070,萬華區,63000070-024,和德里,1663,1181951,711,522,327,875,675.21,95,"102Y"
,63000,臺北市,63000070,萬華區,63000070-025,錦德里,1605,1223487,762,553,335,973,690.95,90.64,"102Y"
,63000,臺北市,63000070,萬華區,63000070-026,全德里,1241,1145090,923,634,369,1117,1458.17,158.03,"102Y"
,63000,臺北市,63000070,萬華區,63000070-027,保德里,1029,1024408,996,599,349,1109,1920.08,192.87,"102Y"
,63000,臺北市,63000070,萬華區,63000070-028,銘德里,1413,1135796,804,569,336,976,787.51,97.97,"102Y"
,63000,臺北市,63000070,萬華區,63000070-029,榮德里,945,683878,724,549,327,938,609.05,84.16,"102Y"
,63000,臺北市,63000070,萬華區,63000070-030,壽德里,1556,1379494,887,618,358,1111,891.32,100.54,"102Y"
,63000,臺北市,63000070,萬華區,63000070-031,興德里,1167,906912,777,582,347,971,704.59,90.67,"102Y"
,63000,臺北市,63000070,萬華區,63000070-032,華中里,1784,1457640,817,588,355,1037,909.92,111.36,"102Y"
,63000,臺北市,63000070,萬華區,63000070-033,日祥里,1597,1373670,860,587,363,1072,1015.58,118.07,"102Y"
,63000,臺北市,63000070,萬華區,63000070-034,忠貞里,1312,1022329,779,546,324,950,820,105.23,"102Y"
,63000,臺北市,63000070,萬華區,63000070-035,凌霄里,1026,772361,753,566,338,951,667.17,88.63,"102Y"
,63000,臺北市,63000070,萬華區,63000070-036,騰雲里,972,942204,969,583,350,1083,3070.1,316.72,"102Y"
X,63000,臺北市,63000070,萬華區,63000070-999,其他,37,19164,518,357,264,636,449.49,86.78,"102Y"
,63000,臺北市,63000080,文山區,63000080-001,景行里,2102,2242713,1067,730,400,1342,1184.8,111.05,"102Y"
,63000,臺北市,63000080,文山區,63000080-002,景東里,2308,2509409,1087,792,418,1438,1124.16,103.39,"102Y"
,63000,臺北市,63000080,文山區,63000080-003,景美里,1755,2064620,1176,759,410,1444,1435.37,122.01,"102Y"
,63000,臺北市,63000080,文山區,63000080-004,景慶里,2111,2043784,968,672,368,1269,967.6,99.94,"102Y"
,63000,臺北市,63000080,文山區,63000080-005,景仁里,1601,1802021,1126,770,396,1441,1335.1,118.62,"102Y"
,63000,臺北市,63000080,文山區,63000080-006,景華里,1911,2143606,1122,731,399,1379,1518.83,135.4,"102Y"
,63000,臺北市,63000080,文山區,63000080-007,萬有里,1840,2079512,1130,775,421,1461,1204.9,106.61,"102Y"
,63000,臺北市,63000080,文山區,63000080-008,萬祥里,1577,1616721,1025,699,392,1380,1027.18,100.19,"102Y"
,63000,臺北市,63000080,文山區,63000080-009,萬隆里,2506,2834203,1131,774,401,1487,1207.93,106.8,"102Y"
,63000,臺北市,63000080,文山區,63000080-010,萬年里,1886,2447260,1298,734,384,1460,6500.84,500.99,"102Y"
,63000,臺北市,63000080,文山區,63000080-011,萬和里,1016,1182477,1164,776,413,1361,1620.78,139.26,"102Y"
,63000,臺北市,63000080,文山區,63000080-012,萬盛里,1661,1933802,1164,739,395,1426,3462.56,297.41,"102Y"
,63000,臺北市,63000080,文山區,63000080-013,興豐里,1638,2012869,1229,782,421,1543,1596.6,129.93,"102Y"
,63000,臺北市,63000080,文山區,63000080-014,興光里,1149,1341727,1168,715,398,1447,1885.53,161.47,"102Y"
,63000,臺北市,63000080,文山區,63000080-015,興家里,2569,2421183,942,663,391,1210,961.8,102.05,"102Y"
,63000,臺北市,63000080,文山區,63000080-016,興得里,1957,1940368,992,683,360,1288,1073.72,108.29,"102Y"
,63000,臺北市,63000080,文山區,63000080-017,興業里,1916,2047604,1069,741,398,1338,1166.02,109.11,"102Y"
,63000,臺北市,63000080,文山區,63000080-018,興安里,2276,2840093,1248,780,395,1585,1665.61,133.48,"102Y"
,63000,臺北市,63000080,文山區,63000080-019,興福里,1890,1936300,1024,693,395,1311,1225.39,119.61,"102Y"
,63000,臺北市,63000080,文山區,63000080-020,興旺里,2848,2854558,1002,720,414,1285,1067.68,106.52,"102Y"
,63000,臺北市,63000080,文山區,63000080-021,興泰里,1365,1487444,1090,726,383,1334,1423.72,130.65,"102Y"
,63000,臺北市,63000080,文山區,63000080-022,興昌里,2394,3530782,1475,868,452,1660,6338.51,429.77,"102Y"
,63000,臺北市,63000080,文山區,63000080-023,試院里,2361,2746793,1163,772,413,1428,3460.01,297.4,"102Y"
,63000,臺北市,63000080,文山區,63000080-024,華興里,2847,3803188,1336,803,414,1613,1950.25,145.99,"102Y"
,63000,臺北市,63000080,文山區,63000080-025,明義里,905,911996,1008,582,318,1163,1423.25,141.23,"102Y"
,63000,臺北市,63000080,文山區,63000080-026,明興里,2397,2450430,1022,747,404,1329,982.86,96.14,"102Y"
,63000,臺北市,63000080,文山區,63000080-027,木柵里,2836,3821039,1347,775,401,1541,2662.57,197.62,"102Y"
,63000,臺北市,63000080,文山區,63000080-028,木新里,2904,2846493,980,635,367,1189,1804.32,184.08,"102Y"
,63000,臺北市,63000080,文山區,63000080-029,順興里,2398,2401922,1002,657,386,1243,1463.22,146.08,"102Y"
,63000,臺北市,63000080,文山區,63000080-030,樟林里,2833,2882648,1018,706,398,1298,1433.94,140.92,"102Y"
,63000,臺北市,63000080,文山區,63000080-031,樟新里,1975,2443505,1237,808,441,1485,1715.48,138.66,"102Y"
,63000,臺北市,63000080,文山區,63000080-032,樟腳里,1833,2337800,1275,727,386,1490,2002.93,157.04,"102Y"
,63000,臺北市,63000080,文山區,63000080-033,萬芳里,2728,2856788,1047,731,394,1367,1088.41,103.93,"102Y"
,63000,臺北市,63000080,文山區,63000080-034,博嘉里,1831,2319714,1267,749,422,1396,4292.77,338.84,"102Y"
,63000,臺北市,63000080,文山區,63000080-035,萬興里,2764,4028160,1457,843,445,1741,2248.59,154.29,"102Y"
,63000,臺北市,63000080,文山區,63000080-036,指南里,1110,1259565,1135,746,389,1418,1270.63,111.98,"102Y"
,63000,臺北市,63000080,文山區,63000080-037,老泉里,199,147079,739,538,308,878,719.33,97.33,"102Y"
,63000,臺北市,63000080,文山區,63000080-038,忠順里,1338,1649429,1233,819,423,1620,1448.3,117.48,"102Y"
,63000,臺北市,63000080,文山區,63000080-039,萬美里,2246,2988316,1331,756,393,1520,2096.28,157.56,"102Y"
,63000,臺北市,63000080,文山區,63000080-040,政大里,2281,3984329,1747,1213,553,2194,2190.86,125.43,"102Y"
,63000,臺北市,63000080,文山區,63000080-041,樟文里,1980,1970241,995,691,391,1264,1037.95,104.31,"102Y"
,63000,臺北市,63000080,文山區,63000080-042,興邦里,1549,1675063,1081,766,416,1441,1179.76,109.1,"102Y"
,63000,臺北市,63000080,文山區,63000080-043,樟樹里,1512,1498835,991,664,385,1201,1273.2,128.44,"102Y"
X,63000,臺北市,63000080,文山區,63000080-999,其他,52,36503,702,497,331,663,873.32,124.41,"102Y"
,63000,臺北市,63000090,南港區,63000090-001,南港里,1962,2031829,1036,647,374,1167,4410.33,425.88,"102Y"
,63000,臺北市,63000090,南港區,63000090-002,中南里,1153,856900,743,557,337,949,690.88,92.96,"102Y"
,63000,臺北市,63000090,南港區,63000090-003,新富里,1276,1072225,840,598,358,1046,883.93,105.19,"102Y"
,63000,臺北市,63000090,南港區,63000090-004,三重里,2080,3511115,1688,834,416,1776,6386.93,378.36,"102Y"
,63000,臺北市,63000090,南港區,63000090-005,東新里,2354,2142850,910,636,360,1142,1139.51,125.18,"102Y"
,63000,臺北市,63000090,南港區,63000090-006,新光里,1277,1395187,1093,596,353,1090,8124.2,743.6,"102Y"
,63000,臺北市,63000090,南港區,63000090-007,東明里,1769,2013480,1138,725,394,1357,1393,122.39,"102Y"
,63000,臺北市,63000090,南港區,63000090-008,西新里,1618,1322011,817,585,351,1013,852.34,104.32,"102Y"
,63000,臺北市,63000090,南港區,63000090-009,玉成里,1633,1490833,913,651,370,1186,1086.22,118.98,"102Y"
,63000,臺北市,63000090,南港區,63000090-010,合成里,2305,2696516,1170,681,381,1230,2306.82,197.19,"102Y"
,63000,臺北市,63000090,南港區,63000090-011,成福里,2589,2374707,917,637,377,1174,957.63,104.41,"102Y"
,63000,臺北市,63000090,南港區,63000090-012,萬福里,1480,1427419,964,655,365,1189,1215.69,126.05,"102Y"
,63000,臺北市,63000090,南港區,63000090-013,鴻福里,1612,1629328,1011,691,389,1233,1216.62,120.37,"102Y"
,63000,臺北市,63000090,南港區,63000090-014,百福里,1751,1462375,835,605,359,1046,834.51,99.92,"102Y"
,63000,臺北市,63000090,南港區,63000090-015,聯成里,1733,1506292,869,618,360,1119,800.4,92.09,"102Y"
,63000,臺北市,63000090,南港區,63000090-016,舊莊里,2764,2243075,812,597,357,1016,791.07,97.48,"102Y"
,63000,臺北市,63000090,南港區,63000090-017,中研里,3119,3174975,1018,678,402,1260,1176.53,115.58,"102Y"
,63000,臺北市,63000090,南港區,63000090-018,九如里,1993,1757485,882,624,360,1102,913.75,103.62,"102Y"
,63000,臺北市,63000090,南港區,63000090-019,仁福里,1815,1762817,971,677,400,1293,896.11,92.26,"102Y"
,63000,臺北市,63000090,南港區,63000090-020,重陽里,1606,2747782,1711,1107,550,2078,2168.8,126.76,"102Y"
X,63000,臺北市,63000090,南港區,63000090-999,其他,18,10529,585,411,302,703,488.52,83.51,"102Y"
,63000,臺北市,63000100,內湖區,63000100-001,西湖里,2631,2486200,945,657,384,1166,1304.87,138.09,"102Y"
,63000,臺北市,63000100,內湖區,63000100-002,西康里,3375,4454746,1320,770,399,1517,3040.6,230.36,"102Y"
,63000,臺北市,63000100,內湖區,63000100-003,西安里,2464,2594169,1053,709,390,1296,1293.38,122.85,"102Y"
,63000,臺北市,63000100,內湖區,63000100-005,港墘里,2117,2366087,1118,748,413,1384,1263.49,113.05,"102Y"
,63000,臺北市,63000100,內湖區,63000100-006,港都里,1922,2340312,1218,715,395,1404,2540.4,208.63,"102Y"
,63000,臺北市,63000100,內湖區,63000100-007,港富里,3133,3492244,1115,705,378,1347,1832.43,164.39,"102Y"
,63000,臺北市,63000100,內湖區,63000100-008,港華里,3091,3655518,1183,701,395,1349,2487.45,210.33,"102Y"
,63000,臺北市,63000100,內湖區,63000100-009,內湖里,2146,2341314,1091,711,370,1387,1303.64,119.49,"102Y"
,63000,臺北市,63000100,內湖區,63000100-010,湖濱里,2904,4201441,1447,810,419,1628,2759.52,190.74,"102Y"
,63000,臺北市,63000100,內湖區,63000100-011,紫星里,2754,2829702,1027,681,373,1288,1210.36,117.8,"102Y"
,63000,臺北市,63000100,內湖區,63000100-012,大湖里,2049,2933196,1432,865,438,1671,2706.13,189.04,"102Y"
,63000,臺北市,63000100,內湖區,63000100-013,金龍里,1855,1706984,920,648,368,1153,1340.75,145.7,"102Y"
,63000,臺北市,63000100,內湖區,63000100-014,金瑞里,2267,2282442,1007,671,385,1258,1616.21,160.53,"102Y"
,63000,臺北市,63000100,內湖區,63000100-015,碧山里,2231,2374448,1064,694,395,1299,1666.49,156.58,"102Y"
,63000,臺北市,63000100,內湖區,63000100-016,紫雲里,1802,1801687,1000,693,362,1294,1155.96,115.62,"102Y"
,63000,臺北市,63000100,內湖區,63000100-017,清白里,3082,4801364,1558,907,457,1813,3180.07,204.13,"102Y"
,63000,臺北市,63000100,內湖區,63000100-018,葫洲里,2548,3611313,1417,899,464,1767,2064.86,145.69,"102Y"
,63000,臺北市,63000100,內湖區,63000100-019,紫陽里,2894,3546920,1226,751,405,1470,2560.65,208.93,"102Y"
,63000,臺北市,63000100,內湖區,63000100-020,瑞陽里,2670,3049881,1142,741,418,1436,1332.42,116.65,"102Y"
,63000,臺北市,63000100,內湖區,63000100-021,瑞光里,1606,1629068,1014,736,411,1290,1077.71,106.24,"102Y"
,63000,臺北市,63000100,內湖區,63000100-022,五分里,3329,3027376,909,656,390,1148,1018,111.94,"102Y"
,63000,臺北市,63000100,內湖區,63000100-023,東湖里,2716,2372935,874,619,362,1139,796.27,91.14,"102Y"
,63000,臺北市,63000100,內湖區,63000100-024,樂康里,2896,2609910,901,670,397,1168,816.34,90.58,"102Y"
,63000,臺北市,63000100,內湖區,63000100-025,內溝里,1566,1529087,976,673,357,1226,1165.02,119.31,"102Y"
,63000,臺北市,63000100,內湖區,63000100-026,週美里,2557,3331428,1303,731,395,1413,2245.55,172.35,"102Y"
,63000,臺北市,63000100,內湖區,63000100-027,行善里,2214,1956557,884,640,361,1144,849.87,96.17,"102Y"
,63000,臺北市,63000100,內湖區,63000100-028,石潭里,1262,1768108,1401,794,441,1465,2330.12,166.31,"102Y"
,63000,臺北市,63000100,內湖區,63000100-029,湖興里,2719,2942781,1082,707,398,1281,1573.61,145.4,"102Y"
,63000,臺北市,63000100,內湖區,63000100-030,湖元里,2080,2390108,1149,719,401,1330,1968.58,171.32,"102Y"
,63000,臺北市,63000100,內湖區,63000100-031,安湖里,2545,2770247,1089,724,384,1405,1375.64,126.38,"102Y"
,63000,臺北市,63000100,內湖區,63000100-032,秀湖里,2342,3498868,1494,826,423,1729,2313.73,154.87,"102Y"
,63000,臺北市,63000100,內湖區,63000100-033,安泰里,1774,1550827,874,627,381,1110,940.91,107.63,"102Y"
,63000,臺北市,63000100,內湖區,63000100-034,金湖里,3363,7453300,2216,1174,551,2503,4358.37,196.65,"102Y"
,63000,臺北市,63000100,內湖區,63000100-035,康寧里,2833,3391853,1197,826,431,1552,1503.65,125.59,"102Y"
,63000,臺北市,63000100,內湖區,63000100-036,明湖里,1724,1773587,1029,679,368,1264,1732.91,168.45,"102Y"
,63000,臺北市,63000100,內湖區,63000100-037,蘆洲里,367,263687,718,535,327,913,683.11,95.07,"102Y"
,63000,臺北市,63000100,內湖區,63000100-038,麗山里,2010,2261282,1125,723,408,1358,1649.68,146.64,"102Y"
,63000,臺北市,63000100,內湖區,63000100-039,寶湖里,2966,5619981,1895,1168,517,2343,2459.14,129.78,"102Y"
,63000,臺北市,63000100,內湖區,63000100-040,南湖里,1752,2938809,1677,1084,534,2189,2015.53,120.16,"102Y"
X,63000,臺北市,63000100,內湖區,63000100-999,其他,110,75390,685,493,254,898,740.18,108,"102Y"
,63000,臺北市,63000110,士林區,63000110-001,仁勇里,1252,1287710,1029,612,344,1188,3169.63,308.17,"102Y"
,63000,臺北市,63000110,士林區,63000110-002,義信里,1030,1130381,1097,681,374,1273,1347.57,122.79,"102Y"
,63000,臺北市,63000110,士林區,63000110-003,福林里,1006,1401524,1393,693,356,1269,4880.57,350.32,"102Y"
,63000,臺北市,63000110,士林區,63000110-004,福德里,1531,1703287,1113,717,385,1452,1186.13,106.61,"102Y"
,63000,臺北市,63000110,士林區,63000110-005,福志里,2778,3457611,1245,732,409,1474,2123.18,170.59,"102Y"
,63000,臺北市,63000110,士林區,63000110-006,舊佳里,2138,2438440,1141,624,343,1215,4587.22,402.2,"102Y"
,63000,臺北市,63000110,士林區,63000110-007,福佳里,2610,3035798,1163,681,371,1356,2028.65,174.41,"102Y"
,63000,臺北市,63000110,士林區,63000110-008,後港里,2715,2642959,973,653,364,1204,1139.32,117.04,"102Y"
,63000,臺北市,63000110,士林區,63000110-009,福中里,2221,2085601,939,634,371,1141,1147.62,122.21,"102Y"
,63000,臺北市,63000110,士林區,63000110-010,前港里,1466,1520298,1037,671,383,1281,1336.58,128.88,"102Y"
,63000,臺北市,63000110,士林區,63000110-011,百齡里,2365,1981069,838,611,364,1070,964.46,115.14,"102Y"
,63000,臺北市,63000110,士林區,63000110-012,承德里,2049,2202445,1075,717,386,1284,1346.3,125.25,"102Y"
,63000,臺北市,63000110,士林區,63000110-013,福華里,1875,1510102,805,578,348,990,787.24,97.75,"102Y"
,63000,臺北市,63000110,士林區,63000110-014,明勝里,1667,1611488,967,638,379,1162,1474.75,152.55,"102Y"
,63000,臺北市,63000110,士林區,63000110-015,福順里,1611,1317922,818,597,351,1003,875.47,107.02,"102Y"
,63000,臺北市,63000110,士林區,63000110-016,富光里,1657,1229655,742,567,346,917,673,90.69,"102Y"
,63000,臺北市,63000110,士林區,63000110-017,葫蘆里,2284,1856203,813,603,354,1034,857.02,105.45,"102Y"
,63000,臺北市,63000110,士林區,63000110-018,葫東里,1239,981124,792,568,346,1002,837.56,105.77,"102Y"
,63000,臺北市,63000110,士林區,63000110-019,社子里,1936,1601926,827,588,343,993,1163.56,140.62,"102Y"
,63000,臺北市,63000110,士林區,63000110-020,社新里,2526,1904421,754,564,357,954,645.4,85.61,"102Y"
,63000,臺北市,63000110,士林區,63000110-021,社園里,2125,1634106,769,570,353,975,710.71,92.42,"102Y"
,63000,臺北市,63000110,士林區,63000110-022,永倫里,2253,1719991,763,563,351,954,745.46,97.65,"102Y"
,63000,臺北市,63000110,士林區,63000110-023,福安里,1152,831597,722,523,320,863,776.92,107.63,"102Y"
,63000,臺北市,63000110,士林區,63000110-024,富洲里,1458,1033987,709,538,329,881,632.08,89.13,"102Y"
,63000,臺北市,63000110,士林區,63000110-025,岩山里,1194,1477255,1237,658,360,1325,3449.05,278.77,"102Y"
,63000,臺北市,63000110,士林區,63000110-026,名山里,2583,3162626,1224,742,390,1468,1805.24,147.44,"102Y"
,63000,臺北市,63000110,士林區,63000110-027,德行里,1563,1679104,1074,671,358,1223,2463.33,229.3,"102Y"
,63000,臺北市,63000110,士林區,63000110-028,德華里,1863,2046890,1099,662,368,1192,5064.91,460.99,"102Y"
,63000,臺北市,63000110,士林區,63000110-029,聖山里,1783,2254369,1264,775,405,1509,1783.66,141.07,"102Y"
,63000,臺北市,63000110,士林區,63000110-030,忠誠里,2038,3307909,1623,729,400,1457,7942.57,489.34,"102Y"
,63000,臺北市,63000110,士林區,63000110-031,芝山里,2702,5628086,2083,752,406,1554,18664.58,896.07,"102Y"
,63000,臺北市,63000110,士林區,63000110-032,東山里,1702,2552589,1500,751,387,1509,4746.49,316.48,"102Y"
,63000,臺北市,63000110,士林區,63000110-033,三玉里,2168,3217805,1484,777,399,1458,3624.61,244.21,"102Y"
,63000,臺北市,63000110,士林區,63000110-034,蘭雅里,3107,4236416,1364,736,405,1400,7285.71,534.34,"102Y"
,63000,臺北市,63000110,士林區,63000110-035,蘭興里,2329,3124862,1342,768,412,1512,2150.85,160.31,"102Y"
,63000,臺北市,63000110,士林區,63000110-036,天福里,2221,2765222,1245,743,376,1443,2835.2,227.72,"102Y"
,63000,臺北市,63000110,士林區,63000110-037,天祿里,1874,2249314,1200,724,399,1372,1832.11,152.64,"102Y"
,63000,臺北市,63000110,士林區,63000110-038,天壽里,1872,3835876,2049,906,428,1809,10264.71,500.94,"102Y"
,63000,臺北市,63000110,士林區,63000110-039,天和里,2755,4553779,1653,789,402,1623,7303.37,441.85,"102Y"
,63000,臺北市,63000110,士林區,63000110-040,天山里,2469,3259800,1320,750,379,1583,2004.18,151.8,"102Y"
,63000,臺北市,63000110,士林區,63000110-041,天玉里,3111,4762806,1531,787,402,1651,3199.33,208.98,"102Y"
,63000,臺北市,63000110,士林區,63000110-042,天母里,2444,4626537,1893,824,410,1733,5611.4,296.43,"102Y"
,63000,臺北市,63000110,士林區,63000110-043,永福里,425,1850301,4354,766,402,1764,19463.42,447.06,"102Y"
,63000,臺北市,63000110,士林區,63000110-044,公館里,379,532412,1405,659,361,1225,3325.75,236.75,"102Y"
,63000,臺北市,63000110,士林區,63000110-045,新安里,688,1536241,2233,656,353,1377,12787.03,572.66,"102Y"
,63000,臺北市,63000110,士林區,63000110-046,陽明里,989,1730391,1750,718,385,1459,5868.62,335.42,"102Y"
,63000,臺北市,63000110,士林區,63000110-047,菁山里,425,1072106,2523,628,395,1031,27455.46,1088.38,"102Y"
,63000,臺北市,63000110,士林區,63000110-048,平等里,356,334218,939,593,364,986,2254.73,240.17,"102Y"
,63000,臺北市,63000110,士林區,63000110-049,溪山里,345,440255,1276,573,372,998,7355.26,576.38,"102Y"
,63000,臺北市,63000110,士林區,63000110-050,翠山里,1041,1285135,1235,713,374,1462,1773.8,143.68,"102Y"
,63000,臺北市,63000110,士林區,63000110-051,臨溪里,1087,2279451,2097,816,426,1748,5233.67,249.58,"102Y"
X,63000,臺北市,63000110,士林區,63000110-999,其他,251,135080,538,364,288,519,774.54,143.92,"102Y"
,63000,臺北市,63000120,北投區,63000120-001,建民里,1365,1549276,1135,678,385,1317,1647.78,145.18,"102Y"
,63000,臺北市,63000120,北投區,63000120-002,文林里,1487,1650299,1110,702,387,1332,1546.04,139.31,"102Y"
,63000,臺北市,63000120,北投區,63000120-003,石牌里,1864,1768113,949,660,377,1220,894.33,94.28,"102Y"
,63000,臺北市,63000120,北投區,63000120-004,福興里,2285,2254797,987,682,385,1261,1080.19,109.47,"102Y"
,63000,臺北市,63000120,北投區,63000120-005,榮光里,2275,2188804,962,689,382,1213,1030.87,107.15,"102Y"
,63000,臺北市,63000120,北投區,63000120-006,榮華里,2746,4327761,1576,807,418,1610,6429.94,407.99,"102Y"
,63000,臺北市,63000120,北投區,63000120-007,裕民里,2657,3338826,1257,732,394,1390,1984.26,157.91,"102Y"
,63000,臺北市,63000120,北投區,63000120-008,振華里,2710,2924838,1079,699,374,1363,1261.43,116.88,"102Y"
,63000,臺北市,63000120,北投區,63000120-009,永和里,3098,4846093,1564,799,416,1588,5111.48,326.77,"102Y"
,63000,臺北市,63000120,北投區,63000120-010,永欣里,2905,5394178,1857,1006,462,2221,3329.15,179.29,"102Y"
,63000,臺北市,63000120,北投區,63000120-011,永明里,1569,1823476,1162,761,434,1433,1449.5,124.72,"102Y"
,63000,臺北市,63000120,北投區,63000120-012,東華里,1475,1522923,1032,683,378,1300,1164.78,112.81,"102Y"
,63000,臺北市,63000120,北投區,63000120-013,吉利里,2200,2265516,1030,703,394,1328,1160.96,112.74,"102Y"
,63000,臺北市,63000120,北投區,63000120-014,吉慶里,1682,1664987,990,703,388,1271,996.3,100.65,"102Y"
,63000,臺北市,63000120,北投區,63000120-015,尊賢里,1535,1417877,924,654,374,1176,975.41,105.6,"102Y"
,63000,臺北市,63000120,北投區,63000120-016,立賢里,1788,1643065,919,624,352,1196,948.78,103.25,"102Y"
,63000,臺北市,63000120,北投區,63000120-017,立農里,2894,2809532,971,673,376,1252,1050.88,108.25,"102Y"
,63000,臺北市,63000120,北投區,63000120-018,八仙里,1791,1806534,1009,649,369,1196,1255.75,124.5,"102Y"
,63000,臺北市,63000120,北投區,63000120-019,洲美里,603,453204,752,540,327,930,719.2,95.69,"102Y"
,63000,臺北市,63000120,北投區,63000120-020,奇岩里,3154,3783201,1199,676,371,1319,2690.37,224.29,"102Y"
,63000,臺北市,63000120,北投區,63000120-021,清江里,2569,2256711,878,592,344,1052,1353.22,154.05,"102Y"
,63000,臺北市,63000120,北投區,63000120-022,中央里,2824,2919073,1034,655,363,1242,1395.8,135.03,"102Y"
,63000,臺北市,63000120,北投區,63000120-023,長安里,1924,1760079,915,615,356,1098,1165.97,127.46,"102Y"
,63000,臺北市,63000120,北投區,63000120-024,大同里,1951,2048545,1050,647,354,1245,1751.7,166.83,"102Y"
,63000,臺北市,63000120,北投區,63000120-025,溫泉里,2253,2217971,984,641,363,1204,1190.32,120.91,"102Y"
,63000,臺北市,63000120,北投區,63000120-026,林泉里,1022,1010253,989,636,361,1148,2761.28,279.34,"102Y"
,63000,臺北市,63000120,北投區,63000120-027,中心里,2099,2282483,1087,641,350,1275,2031.39,186.81,"102Y"
,63000,臺北市,63000120,北投區,63000120-028,中庸里,1390,1259714,906,598,343,1078,1605.64,177.17,"102Y"
,63000,臺北市,63000120,北投區,63000120-029,開明里,2139,2530411,1183,643,383,1238,3694.98,312.34,"102Y"
,63000,臺北市,63000120,北投區,63000120-030,中和里,1681,1704079,1014,659,380,1212,1255.71,123.87,"102Y"
,63000,臺北市,63000120,北投區,63000120-031,智仁里,1882,1620416,861,645,380,1097,751.37,87.27,"102Y"
,63000,臺北市,63000120,北投區,63000120-032,秀山里,1001,833081,832,596,351,1048,840.33,100.97,"102Y"
,63000,臺北市,63000120,北投區,63000120-033,文化里,1383,1463369,1058,785,410,1449,943.4,89.16,"102Y"
,63000,臺北市,63000120,北投區,63000120-034,豐年里,1390,1116560,803,578,344,1059,731.06,91.01,"102Y"
,63000,臺北市,63000120,北投區,63000120-035,稻香里,1585,1379964,871,629,366,1049,982.68,112.87,"102Y"
,63000,臺北市,63000120,北投區,63000120-036,桃源里,1964,1766929,900,606,367,1133,1036.73,115.24,"102Y"
,63000,臺北市,63000120,北投區,63000120-037,一德里,2211,2070982,937,602,346,1100,1300.04,138.79,"102Y"
,63000,臺北市,63000120,北投區,63000120-038,關渡里,3468,3345267,965,640,369,1140,1229.4,127.45,"102Y"
,63000,臺北市,63000120,北投區,63000120-039,泉源里,659,662563,1005,560,353,1030,3084.91,306.83,"102Y"
,63000,臺北市,63000120,北投區,63000120-040,湖山里,508,651760,1283,626,343,1123,5972.33,465.5,"102Y"
,63000,臺北市,63000120,北投區,63000120-041,大屯里,347,507625,1463,567,353,1024,6379.62,436.09,"102Y"
,63000,臺北市,63000120,北投區,63000120-042,湖田里,252,280168,1112,567,319,1151,3097.49,278.61,"102Y"
X,63000,臺北市,63000120,北投區,63000120-999,其他,22,14539,661,357,304,494,933.48,141.25,"102Y"
,64000,高雄市,64000010,鹽埕區,64000010-001,藍橋里,358,269627,753,585,347,1001,660.88,87.75,"102Y"
,64000,高雄市,64000010,鹽埕區,64000010-002,慈愛里,89,82453,926,528,319,800,1881.6,203.1,"102Y"
,64000,高雄市,64000010,鹽埕區,64000010-003,博愛里,152,105849,696,469,257,853,769.06,110.44,"102Y"
,64000,高雄市,64000010,鹽埕區,64000010-004,壽星里,346,263523,762,534,291,998,788.29,103.5,"102Y"
,64000,高雄市,64000010,鹽埕區,64000010-005,中山里,390,354624,909,599,346,918,1160.26,127.6,"102Y"
,64000,高雄市,64000010,鹽埕區,64000010-006,教仁里,657,1108452,1687,540,287,927,18289.87,1084.07,"102Y"
,64000,高雄市,64000010,鹽埕區,64000010-007,新樂里,311,281718,906,544,312,1134,1299.62,143.47,"102Y"
,64000,高雄市,64000010,鹽埕區,64000010-008,中原里,221,161060,729,528,262,884,876.78,120.31,"102Y"
,64000,高雄市,64000010,鹽埕區,64000010-009,光明里,401,336954,840,602,299,1054,913.81,108.75,"102Y"
,64000,高雄市,64000010,鹽埕區,64000010-010,育仁里,248,195899,790,529,299,929,892.32,112.96,"102Y"
,64000,高雄市,64000010,鹽埕區,64000010-011,河濱里,601,569360,947,564,300,1036,1359.71,143.53,"102Y"
,64000,高雄市,64000010,鹽埕區,64000010-012,沙地里,208,321190,1544,582,349,1033,6303.72,408.22,"102Y"
,64000,高雄市,64000010,鹽埕區,64000010-013,南端里,288,266136,924,500,273,1008,2927.64,316.82,"102Y"
,64000,高雄市,64000010,鹽埕區,64000010-014,港都里,283,207236,732,534,274,917,813.95,111.15,"102Y"
,64000,高雄市,64000010,鹽埕區,64000010-015,江西里,320,297013,928,615,384,1131,1059.98,114.2,"102Y"
,64000,高雄市,64000010,鹽埕區,64000010-016,新豐里,228,185479,814,568,311,1022,944.49,116.1,"102Y"
,64000,高雄市,64000010,鹽埕區,64000010-017,府北里,411,268297,653,497,257,845,607.56,93.07,"102Y"
,64000,高雄市,64000010,鹽埕區,64000010-018,陸橋里,322,253352,787,561,322,886,1013.69,128.84,"102Y"
,64000,高雄市,64000010,鹽埕區,64000010-019,瀨南里,172,223531,1300,520,306,1084,4043.81,311.16,"102Y"
,64000,高雄市,64000010,鹽埕區,64000010-020,新化里,169,108754,644,531,330,766,529.28,82.25,"102Y"
,64000,高雄市,64000010,鹽埕區,64000010-021,江南里,204,193988,951,520,300,1001,1497.46,157.47,"102Y"
X,64000,高雄市,64000010,鹽埕區,64000010-999,其他,0,0,0,0,0,0,0,0,"102Y"
,64000,高雄市,64000020,鼓山區,64000020-001,鼓峰里,504,316046,627,538,330,805,484.26,77.22,"102Y"
,64000,高雄市,64000020,鼓山區,64000020-002,雄峰里,558,367522,659,504,305,836,640.05,97.18,"102Y"
,64000,高雄市,64000020,鼓山區,64000020-003,前峰里,1392,1135925,816,609,347,1036,793.29,97.21,"102Y"
,64000,高雄市,64000020,鼓山區,64000020-004,光榮里,1045,728123,697,519,319,844,658.21,94.47,"102Y"
,64000,高雄市,64000020,鼓山區,64000020-005,民族里,367,254760,694,542,328,877,595.99,85.86,"102Y"
,64000,高雄市,64000020,鼓山區,64000020-006,內惟里,285,211553,742,539,336,914,734.29,98.92,"102Y"
,64000,高雄市,64000020,鼓山區,64000020-007,建國里,746,591536,793,558,327,956,995.83,125.59,"102Y"
,64000,高雄市,64000020,鼓山區,64000020-008,忠正里,1066,770043,722,546,320,908,785.5,108.74,"102Y"
,64000,高雄市,64000020,鼓山區,64000020-009,自強里,199,170107,855,607,349,1106,995.21,116.42,"102Y"
,64000,高雄市,64000020,鼓山區,64000020-010,龍井里,340,212057,624,478,293,790,561.67,90.06,"102Y"
,64000,高雄市,64000020,鼓山區,64000020-011,正德里,567,409224,722,569,338,885,624.21,86.49,"102Y"
,64000,高雄市,64000020,鼓山區,64000020-012,平和里,1117,835095,748,560,321,946,734.23,98.21,"102Y"
,64000,高雄市,64000020,鼓山區,64000020-013,民強里,789,515461,653,516,318,836,547.71,83.84,"102Y"
,64000,高雄市,64000020,鼓山區,64000020-014,厚生里,964,693767,720,559,341,929,635.66,88.33,"102Y"
,64000,高雄市,64000020,鼓山區,64000020-015,龍子里,5200,5769285,1109,798,432,1416,1108.31,99.89,"102Y"
,64000,高雄市,64000020,鼓山區,64000020-016,龍水里,7023,9917566,1412,917,486,1614,2896.48,205.11,"102Y"
,64000,高雄市,64000020,鼓山區,64000020-017,明誠里,5509,5476851,994,737,406,1276,939.62,94.51,"102Y"
,64000,高雄市,64000020,鼓山區,64000020-018,華豐里,1310,1204247,919,639,366,1104,1129.68,122.89,"102Y"
,64000,高雄市,64000020,鼓山區,64000020-019,裕興里,985,810079,822,593,342,1054,741.91,90.21,"102Y"
,64000,高雄市,64000020,鼓山區,64000020-020,裕豐里,928,906476,977,666,355,1186,1399.65,143.29,"102Y"
,64000,高雄市,64000020,鼓山區,64000020-021,鼓岩里,284,159257,561,440,243,747,469.34,83.7,"102Y"
,64000,高雄市,64000020,鼓山區,64000020-022,樹德里,333,241620,726,525,317,1014,614.38,84.67,"102Y"
,64000,高雄市,64000020,鼓山區,64000020-023,寶樹里,270,173953,644,494,307,757,604.52,93.83,"102Y"
,64000,高雄市,64000020,鼓山區,64000020-024,興宗里,347,233445,673,522,310,852,563.51,83.76,"102Y"
,64000,高雄市,64000020,鼓山區,64000020-025,光化里,305,187837,616,452,300,730,635.45,103.18,"102Y"
,64000,高雄市,64000020,鼓山區,64000020-026,山下里,379,284543,751,535,342,943,719.5,95.83,"102Y"
,64000,高雄市,64000020,鼓山區,64000020-027,河邊里,387,283229,732,531,319,864,843.65,115.28,"102Y"
,64000,高雄市,64000020,鼓山區,64000020-028,綠川里,345,228823,663,526,329,857,533.59,80.45,"102Y"
,64000,高雄市,64000020,鼓山區,64000020-029,登山里,166,129728,781,517,318,849,877.73,112.32,"102Y"
,64000,高雄市,64000020,鼓山區,64000020-030,峰南里,211,134562,638,465,305,766,577.64,90.58,"102Y"
,64000,高雄市,64000020,鼓山區,64000020-031,麗興里,265,259040,978,507,305,970,2405.16,246.05,"102Y"
,64000,高雄市,64000020,鼓山區,64000020-032,新民里,259,181640,701,481,315,792,838.77,119.6,"102Y"
,64000,高雄市,64000020,鼓山區,64000020-033,延平里,267,197592,740,509,331,914,731.43,98.84,"102Y"
,64000,高雄市,64000020,鼓山區,64000020-034,維生里,411,410108,998,556,318,981,2072.22,207.67,"102Y"
,64000,高雄市,64000020,鼓山區,64000020-035,惠安里,343,286736,836,510,293,841,2200.29,263.2,"102Y"
,64000,高雄市,64000020,鼓山區,64000020-036,壽山里,351,235429,671,481,270,771,823.26,122.74,"102Y"
,64000,高雄市,64000020,鼓山區,64000020-037,哨船頭里,274,225611,823,559,331,926,1040.3,126.34,"102Y"
,64000,高雄市,64000020,鼓山區,64000020-038,桃源里,179,160080,894,621,350,1239,832.2,93.06,"102Y"
X,64000,高雄市,64000020,鼓山區,64000020-999,其他,1,654,654,654,654,654,0,0,"102Y"
,64000,高雄市,64000030,左營區,64000030-001,進學里,393,258603,658,504,319,860,504.2,76.62,"102Y"
,64000,高雄市,64000030,左營區,64000030-002,尾西里,297,189188,637,488,300,863,502.61,78.9,"102Y"
,64000,高雄市,64000030,左營區,64000030-003,頂北里,146,95848,656,480,323,738,648.62,98.8,"102Y"
,64000,高雄市,64000030,左營區,64000030-004,中北里,148,114180,771,514,332,984,774.05,100.33,"102Y"
,64000,高雄市,64000030,左營區,64000030-005,中南里,131,89515,683,517,345,834,598.28,87.56,"102Y"
,64000,高雄市,64000030,左營區,64000030-006,廟東里,174,107145,616,498,302,750,503.33,81.74,"102Y"
,64000,高雄市,64000030,左營區,64000030-007,廟北里,215,117231,545,422,270,661,491.81,90.2,"102Y"
,64000,高雄市,64000030,左營區,64000030-008,尾南里,161,97247,604,471,253,833,553.95,91.71,"102Y"
,64000,高雄市,64000030,左營區,64000030-009,尾北里,855,631234,738,571,350,917,664.03,89.94,"102Y"
,64000,高雄市,64000030,左營區,64000030-011,屏山里,363,249625,688,543,303,872,589.07,85.66,"102Y"
,64000,高雄市,64000030,左營區,64000030-012,祥和里,60,37683,628,566,368,829,413.58,65.85,"102Y"
,64000,高雄市,64000030,左營區,64000030-013,永清里,304,313355,1031,1010,871,1179,331.5,32.16,"102Y"
,64000,高雄市,64000030,左營區,64000030-014,復興里,11,8106,737,660,246,952,605.37,82.15,"102Y"
,64000,高雄市,64000030,左營區,64000030-015,莒光里,527,356864,677,551,331,920,557.91,82.39,"102Y"
,64000,高雄市,64000030,左營區,64000030-016,光輝里,835,637383,763,597,338,1069,635.37,83.24,"102Y"
,64000,高雄市,64000030,左營區,64000030-017,合群里,682,556793,816,590,353,988,810.42,99.27,"102Y"
,64000,高雄市,64000030,左營區,64000030-019,明建里,322,311084,966,884,484,1189,671.84,69.54,"102Y"
,64000,高雄市,64000030,左營區,64000030-021,頂西里,256,192689,753,574,340,977,698.78,92.84,"102Y"
,64000,高雄市,64000030,左營區,64000030-022,聖后里,204,134328,658,502,294,782,567.78,86.23,"102Y"
,64000,高雄市,64000030,左營區,64000030-023,聖西里,73,48808,669,508,274,719,820.84,122.77,"102Y"
,64000,高雄市,64000030,左營區,64000030-024,聖南里,140,105774,756,561,361,948,684.08,90.54,"102Y"
,64000,高雄市,64000030,左營區,64000030-025,城南里,148,105574,713,525,309,965,580.13,81.33,"102Y"
,64000,高雄市,64000030,左營區,64000030-026,路東里,212,161656,763,591,331,973,711.89,93.36,"102Y"
,64000,高雄市,64000030,左營區,64000030-027,?北里,85,65211,767,551,377,788,978.81,127.58,"102Y"
,64000,高雄市,64000030,左營區,64000030-028,?南里,171,121259,709,505,271,798,785.23,110.73,"102Y"
,64000,高雄市,64000030,左營區,64000030-029,埤西里,280,239176,854,517,311,875,1783.41,208.78,"102Y"
,64000,高雄市,64000030,左營區,64000030-030,埤北里,309,204942,663,534,315,885,530.32,79.96,"102Y"
,64000,高雄市,64000030,左營區,64000030-031,埤東里,260,203495,783,498,303,881,1336.82,170.8,"102Y"
,64000,高雄市,64000030,左營區,64000030-032,海勝里,1435,964962,672,553,319,855,554.59,82.47,"102Y"
,64000,高雄市,64000030,左營區,64000030-034,崇實里,1264,1154238,913,770,454,1149,737.47,80.76,"102Y"
,64000,高雄市,64000030,左營區,64000030-035,自助里,125,95107,761,635,398,859,701.93,92.26,"102Y"
,64000,高雄市,64000030,左營區,64000030-036,果貿里,785,594406,757,611,363,953,1092.69,144.31,"102Y"
,64000,高雄市,64000030,左營區,64000030-037,果惠里,333,217432,653,524,322,820,581.5,89.06,"102Y"
,64000,高雄市,64000030,左營區,64000030-038,果峰里,358,230985,645,525,332,850,547.79,84.9,"102Y"
,64000,高雄市,64000030,左營區,64000030-039,新下里,4271,4348935,1018,737,410,1291,1063.01,104.4,"102Y"
,64000,高雄市,64000030,左營區,64000030-040,新上里,8497,9432631,1110,758,398,1391,1410.51,127.06,"102Y"
,64000,高雄市,64000030,左營區,64000030-041,新中里,1531,1293279,845,605,367,1047,793.37,93.92,"102Y"
,64000,高雄市,64000030,左營區,64000030-042,新光里,4280,4303533,1005,728,411,1271,1024.54,101.89,"102Y"
,64000,高雄市,64000030,左營區,64000030-043,菜公里,9136,9274984,1015,771,422,1291,1092.72,107.63,"102Y"
,64000,高雄市,64000030,左營區,64000030-044,福山里,10526,10284604,977,747,422,1234,901.06,92.22,"102Y"
X,64000,高雄市,64000030,左營區,64000030-999,其他,4,1969,492,458,399,551,144.86,29.43,"102Y"
,64000,高雄市,64000040,楠梓區,64000040-001,清豐里,6296,5326991,846,689,399,1116,660.85,78.11,"102Y"
,64000,高雄市,64000040,楠梓區,64000040-002,東寧里,1214,1058928,872,680,409,1098,704.7,80.79,"102Y"
,64000,高雄市,64000040,楠梓區,64000040-003,五常里,1657,1159595,700,560,346,906,539.11,77.04,"102Y"
,64000,高雄市,64000040,楠梓區,64000040-004,享平里,958,746460,779,568,320,983,762.42,97.85,"102Y"
,64000,高雄市,64000040,楠梓區,64000040-005,中陽里,782,569505,728,525,346,881,723.45,99.34,"102Y"
,64000,高雄市,64000040,楠梓區,64000040-006,惠楠里,770,567775,737,543,319,985,639.89,86.78,"102Y"
,64000,高雄市,64000040,楠梓區,64000040-007,惠民里,1237,946675,765,581,346,1002,657.99,85.98,"102Y"
,64000,高雄市,64000040,楠梓區,64000040-008,惠豐里,1573,1196922,761,626,373,1008,550.14,72.3,"102Y"
,64000,高雄市,64000040,楠梓區,64000040-009,錦屏里,1004,788068,785,595,359,1018,631.29,80.43,"102Y"
,64000,高雄市,64000040,楠梓區,64000040-010,玉屏里,680,519799,764,588,361,931,723.48,94.65,"102Y"
,64000,高雄市,64000040,楠梓區,64000040-011,金田里,931,733849,788,596,362,1022,695.41,88.22,"102Y"
,64000,高雄市,64000040,楠梓區,64000040-012,稔田里,431,320679,744,567,352,982,684.35,91.98,"102Y"
,64000,高雄市,64000040,楠梓區,64000040-013,瑞屏里,1210,965686,798,616,364,1012,749.25,93.88,"102Y"
,64000,高雄市,64000040,楠梓區,64000040-014,翠屏里,4503,3477921,772,625,373,1008,615.92,79.75,"102Y"
,64000,高雄市,64000040,楠梓區,64000040-015,宏南里,628,817087,1301,994,428,1970,1163.05,89.39,"102Y"
,64000,高雄市,64000040,楠梓區,64000040-016,宏毅里,806,747302,927,791,403,1258,757.84,81.74,"102Y"
,64000,高雄市,64000040,楠梓區,64000040-017,宏榮里,879,880053,1001,786,408,1278,870.47,86.94,"102Y"
,64000,高雄市,64000040,楠梓區,64000040-018,廣昌里,858,623508,727,598,373,965,540.48,74.37,"102Y"
,64000,高雄市,64000040,楠梓區,64000040-019,久昌里,741,521683,704,597,366,949,479.6,68.12,"102Y"
,64000,高雄市,64000040,楠梓區,64000040-020,大昌里,557,376913,677,546,341,889,511.82,75.64,"102Y"
,64000,高雄市,64000040,楠梓區,64000040-021,福昌里,581,459808,791,625,358,1041,647.49,81.81,"102Y"
,64000,高雄市,64000040,楠梓區,64000040-022,盛昌里,1771,1482706,837,661,393,1115,664.41,79.36,"102Y"
,64000,高雄市,64000040,楠梓區,64000040-023,泰昌里,365,279000,764,597,377,875,662.69,86.7,"102Y"
,64000,高雄市,64000040,楠梓區,64000040-024,興昌里,1341,1147349,856,663,394,1119,730.59,85.39,"102Y"
,64000,高雄市,64000040,楠梓區,64000040-025,建昌里,807,623556,773,587,361,962,779.44,100.87,"102Y"
,64000,高雄市,64000040,楠梓區,64000040-026,宏昌里,1001,812040,811,649,381,1079,678.96,83.7,"102Y"
,64000,高雄市,64000040,楠梓區,64000040-027,和昌里,619,466797,754,577,334,1007,611.61,81.1,"102Y"
,64000,高雄市,64000040,楠梓區,64000040-028,慶昌里,1089,1010544,928,700,392,1218,1075.33,115.88,"102Y"
,64000,高雄市,64000040,楠梓區,64000040-029,隆昌里,1032,781478,757,566,339,992,695.58,91.86,"102Y"
,64000,高雄市,64000040,楠梓區,64000040-030,秀昌里,651,534940,822,609,361,1057,713.39,86.82,"102Y"
,64000,高雄市,64000040,楠梓區,64000040-031,裕昌里,1232,1085018,881,719,410,1173,791.63,89.89,"102Y"
,64000,高雄市,64000040,楠梓區,64000040-032,國昌里,1041,789613,759,593,350,961,603.17,79.52,"102Y"
,64000,高雄市,64000040,楠梓區,64000040-033,加昌里,2565,1987279,775,623,373,1017,611.88,78.98,"102Y"
,64000,高雄市,64000040,楠梓區,64000040-034,仁昌里,1510,1120719,742,597,382,937,588.17,79.25,"102Y"
,64000,高雄市,64000040,楠梓區,64000040-035,藍田里,1564,1621315,1037,805,456,1334,899.89,86.81,"102Y"
,64000,高雄市,64000040,楠梓區,64000040-036,中興里,478,398869,834,672,397,1076,634.12,75.99,"102Y"
,64000,高雄市,64000040,楠梓區,64000040-037,中和里,536,459650,858,671,383,1106,786.03,91.66,"102Y"
X,64000,高雄市,64000040,楠梓區,64000040-999,其他,2,2404,1202,1202,720,1684,1363.4,113.42,"102Y"
,64000,高雄市,64000050,三民區,64000050-001,鼎金里,1048,801773,765,599,351,937,753.14,98.44,"102Y"
,64000,高雄市,64000050,三民區,64000050-002,鼎盛里,2246,1810425,806,624,373,1033,736.93,91.42,"102Y"
,64000,高雄市,64000050,三民區,64000050-003,鼎強里,1130,834234,738,557,342,962,614.24,83.2,"102Y"
,64000,高雄市,64000050,三民區,64000050-004,鼎力里,1146,933085,814,593,354,1055,715.65,87.9,"102Y"
,64000,高雄市,64000050,三民區,64000050-005,鼎西里,2068,1600690,774,586,357,970,757.97,97.93,"102Y"
,64000,高雄市,64000050,三民區,64000050-006,鼎中里,1068,835526,782,552,329,995,756.58,96.71,"102Y"
,64000,高雄市,64000050,三民區,64000050-007,鼎泰里,6872,7441303,1083,767,422,1344,1271.81,117.45,"102Y"
,64000,高雄市,64000050,三民區,64000050-008,本館里,2650,2204627,832,613,377,1036,798.03,95.93,"102Y"
,64000,高雄市,64000050,三民區,64000050-009,本和里,2440,2201585,902,656,368,1150,1001,110.94,"102Y"
,64000,高雄市,64000050,三民區,64000050-010,本文里,657,499575,760,584,344,923,822.82,108.21,"102Y"
,64000,高雄市,64000050,三民區,64000050-011,本武里,480,400029,833,663,376,1094,691.96,83.03,"102Y"
,64000,高雄市,64000050,三民區,64000050-012,本元里,1720,1527266,888,633,372,1123,891.35,100.38,"102Y"
,64000,高雄市,64000050,三民區,64000050-013,本安里,1538,1533961,997,677,381,1252,1054.04,105.68,"102Y"
,64000,高雄市,64000050,三民區,64000050-014,本上里,1635,1814173,1110,714,404,1464,1169.13,105.37,"102Y"
,64000,高雄市,64000050,三民區,64000050-015,本揚里,2465,2397351,973,693,373,1249,970.79,99.82,"102Y"
,64000,高雄市,64000050,三民區,64000050-016,寶獅里,1140,971459,852,616,360,1099,829.56,97.35,"102Y"
,64000,高雄市,64000050,三民區,64000050-017,寶德里,1556,1229834,790,572,345,985,764.34,96.71,"102Y"
,64000,高雄市,64000050,三民區,64000050-018,寶泰里,1190,1008275,847,583,331,1042,904.83,106.79,"102Y"
,64000,高雄市,64000050,三民區,64000050-019,寶興里,2106,1768739,840,592,349,1052,1439.62,171.41,"102Y"
,64000,高雄市,64000050,三民區,64000050-020,寶中里,908,697078,768,542,339,927,830.1,108.13,"102Y"
,64000,高雄市,64000050,三民區,64000050-021,寶華里,1122,1065932,950,677,389,1207,910.65,95.86,"102Y"
,64000,高雄市,64000050,三民區,64000050-022,寶國里,2456,2296274,935,686,382,1193,1075.45,115.03,"102Y"
,64000,高雄市,64000050,三民區,64000050-023,寶民里,1032,910292,882,650,372,1144,814.56,92.35,"102Y"
,64000,高雄市,64000050,三民區,64000050-024,寶慶里,879,674071,767,587,324,1004,672.58,87.71,"102Y"
,64000,高雄市,64000050,三民區,64000050-025,寶業里,1645,1552991,944,660,359,1199,943.06,99.89,"102Y"
,64000,高雄市,64000050,三民區,64000050-026,寶盛里,1670,1485189,889,651,374,1121,834.23,93.8,"102Y"
,64000,高雄市,64000050,三民區,64000050-027,寶安里,2265,1998678,882,618,360,1102,1079.38,122.32,"102Y"
,64000,高雄市,64000050,三民區,64000050-028,寶龍里,1270,1170371,922,611,354,1113,1211.37,131.45,"102Y"
,64000,高雄市,64000050,三民區,64000050-029,寶珠里,1616,1299630,804,583,348,1007,779.51,96.93,"102Y"
,64000,高雄市,64000050,三民區,64000050-030,寶玉里,2558,2128085,832,622,360,1107,725.82,87.25,"102Y"
,64000,高雄市,64000050,三民區,64000050-031,灣子里,1216,1076049,885,641,347,1044,1021.36,115.42,"102Y"
,64000,高雄市,64000050,三民區,64000050-032,灣愛里,747,501048,671,544,335,819,642.75,95.83,"102Y"
,64000,高雄市,64000050,三民區,64000050-033,灣中里,1586,1239181,781,580,348,991,731.19,93.58,"102Y"
,64000,高雄市,64000050,三民區,64000050-034,灣華里,808,623774,772,585,327,980,713.34,92.4,"102Y"
,64000,高雄市,64000050,三民區,64000050-035,灣勝里,533,357963,672,528,312,828,567.27,84.46,"102Y"
,64000,高雄市,64000050,三民區,64000050-036,灣利里,946,641362,678,517,319,881,554.32,81.76,"102Y"
,64000,高雄市,64000050,三民區,64000050-037,灣復里,1003,729900,728,542,333,908,709.66,97.52,"102Y"
,64000,高雄市,64000050,三民區,64000050-038,正興里,3871,3642448,941,705,394,1196,860.27,91.42,"102Y"
,64000,高雄市,64000050,三民區,64000050-039,正順里,1217,1079430,887,642,364,1122,849.2,95.74,"102Y"
,64000,高雄市,64000050,三民區,64000050-040,灣興里,619,682706,1103,675,370,1300,2308.8,209.34,"102Y"
,64000,高雄市,64000050,三民區,64000050-041,灣成里,622,475435,764,570,322,975,696.27,91.09,"102Y"
,64000,高雄市,64000050,三民區,64000050-042,安康里,597,405854,680,499,311,748,1758.84,258.72,"102Y"
,64000,高雄市,64000050,三民區,64000050-043,安寧里,376,235704,627,492,318,770,518.47,82.71,"102Y"
,64000,高雄市,64000050,三民區,64000050-044,安吉里,1457,1243203,853,609,336,1057,1278.43,149.83,"102Y"
,64000,高雄市,64000050,三民區,64000050-045,安發里,1499,1312724,876,579,325,1086,1076.4,122.91,"102Y"
,64000,高雄市,64000050,三民區,64000050-046,安東里,1057,970760,918,634,364,1086,1240.38,135.06,"102Y"
,64000,高雄市,64000050,三民區,64000050-047,安和里,808,703705,871,577,321,962,1462.43,167.92,"102Y"
,64000,高雄市,64000050,三民區,64000050-048,達德里,522,498048,954,611,361,1158,1020.25,106.93,"102Y"
,64000,高雄市,64000050,三民區,64000050-049,達明里,524,455614,869,575,330,1066,978.54,112.54,"102Y"
,64000,高雄市,64000050,三民區,64000050-050,達仁里,542,466850,861,576,312,1069,895.99,104.02,"102Y"
,64000,高雄市,64000050,三民區,64000050-051,達勇里,319,313052,981,626,336,1213,1159.62,118.17,"102Y"
,64000,高雄市,64000050,三民區,64000050-052,同德里,934,838929,898,616,338,1107,1049.97,116.9,"102Y"
,64000,高雄市,64000050,三民區,64000050-053,德智里,750,656080,875,584,329,1096,986.96,112.82,"102Y"
,64000,高雄市,64000050,三民區,64000050-054,德仁里,644,602969,936,613,363,1005,1908.21,203.81,"102Y"
,64000,高雄市,64000050,三民區,64000050-055,安生里,449,339522,756,555,323,945,707.63,93.58,"102Y"
,64000,高雄市,64000050,三民區,64000050-056,德東里,265,208125,785,592,311,1039,763.31,97.19,"102Y"
,64000,高雄市,64000050,三民區,64000050-057,德行里,360,317163,881,590,345,1048,905.41,102.77,"102Y"
,64000,高雄市,64000050,三民區,64000050-058,精華里,519,444626,857,614,364,1076,879.5,102.66,"102Y"
,64000,高雄市,64000050,三民區,64000050-059,民享里,724,628683,868,591,324,1043,958.51,110.38,"102Y"
,64000,高雄市,64000050,三民區,64000050-060,安宜里,978,760695,778,571,325,966,719.45,92.5,"102Y"
,64000,高雄市,64000050,三民區,64000050-061,安泰里,1236,1327762,1074,603,331,1103,7428.84,691.54,"102Y"
,64000,高雄市,64000050,三民區,64000050-062,安邦里,1175,981729,836,591,333,1068,798.14,95.53,"102Y"
,64000,高雄市,64000050,三民區,64000050-063,十全里,495,419313,847,538,304,1014,1162.38,137.22,"102Y"
,64000,高雄市,64000050,三民區,64000050-064,十美里,606,505523,834,609,339,1000,814.7,97.66,"102Y"
,64000,高雄市,64000050,三民區,64000050-065,德北里,570,482010,846,636,344,1093,753.05,89.05,"102Y"
,64000,高雄市,64000050,三民區,64000050-066,立誠里,223,200391,899,549,286,1037,1302.71,144.97,"102Y"
,64000,高雄市,64000050,三民區,64000050-067,立業里,270,196845,729,528,312,909,746.31,102.37,"102Y"
,64000,高雄市,64000050,三民區,64000050-068,港東里,387,318991,824,497,282,918,1632.41,198.04,"102Y"
,64000,高雄市,64000050,三民區,64000050-069,港新里,500,467313,935,567,318,1055,1402.29,150.04,"102Y"
,64000,高雄市,64000050,三民區,64000050-070,港西里,190,140337,739,504,287,925,727.4,98.48,"102Y"
,64000,高雄市,64000050,三民區,64000050-072,博愛里,379,294604,777,561,307,943,819.11,105.38,"102Y"
,64000,高雄市,64000050,三民區,64000050-073,博惠里,1329,1107869,834,595,349,1029,1124.09,134.85,"102Y"
,64000,高雄市,64000050,三民區,64000050-074,長明里,341,259210,760,518,292,941,1052.22,138.42,"102Y"
,64000,高雄市,64000050,三民區,64000050-075,建東里,329,223919,681,546,315,882,551.06,80.97,"102Y"
,64000,高雄市,64000050,三民區,64000050-076,興德里,508,418464,824,591,335,1010,796.83,96.73,"102Y"
,64000,高雄市,64000050,三民區,64000050-077,鳳南里,249,169624,681,525,276,872,631.25,92.66,"102Y"
,64000,高雄市,64000050,三民區,64000050-078,鳳北里,391,283724,726,506,310,881,724.31,99.82,"102Y"
,64000,高雄市,64000050,三民區,64000050-079,德西里,279,258037,925,590,312,1101,984.38,106.44,"102Y"
,64000,高雄市,64000050,三民區,64000050-081,豐裕里,709,492878,695,513,325,850,624.81,89.88,"102Y"
,64000,高雄市,64000050,三民區,64000050-082,川東里,353,275450,780,577,342,978,759.9,97.38,"102Y"
,64000,高雄市,64000050,三民區,64000050-083,裕民里,393,374697,953,683,361,1145,1508.2,158.19,"102Y"
,64000,高雄市,64000050,三民區,64000050-084,力行里,320,210838,659,470,264,775,700.54,106.32,"102Y"
,64000,高雄市,64000050,三民區,64000050-085,千歲里,342,267991,784,539,311,973,817.69,104.35,"102Y"
,64000,高雄市,64000050,三民區,64000050-086,立德里,344,264721,770,599,318,985,645.81,83.92,"102Y"
,64000,高雄市,64000050,三民區,64000050-087,千北里,333,246339,740,568,323,948,652.55,88.21,"102Y"
,64000,高雄市,64000050,三民區,64000050-088,千秋里,552,321289,582,483,295,753,498.84,85.7,"102Y"
X,64000,高雄市,64000050,三民區,64000050-999,其他,3,786,262,272,136,393,257.43,98.2,"102Y"
,64000,高雄市,64000060,新興區,64000060-001,浩然里,652,603285,925,626,338,1153,988.97,106.88,"102Y"
,64000,高雄市,64000060,新興區,64000060-002,振成里,450,520193,1156,652,339,1209,2794.47,241.74,"102Y"
,64000,高雄市,64000060,新興區,64000060-003,德生里,1130,1488548,1317,669,360,1451,4348.79,330.13,"102Y"
,64000,高雄市,64000060,新興區,64000060-004,振華里,427,481744,1128,673,300,1295,1881.17,166.74,"102Y"
,64000,高雄市,64000060,新興區,64000060-005,正氣里,502,512423,1021,642,322,1268,1395.37,136.7,"102Y"
,64000,高雄市,64000060,新興區,64000060-006,德政里,221,195959,887,598,326,1165,1020.58,115.1,"102Y"
,64000,高雄市,64000060,新興區,64000060-007,仁聲里,308,265018,860,571,303,1126,916.76,106.55,"102Y"
,64000,高雄市,64000060,新興區,64000060-008,德望里,745,721171,968,639,324,1145,1327.26,137.11,"102Y"
,64000,高雄市,64000060,新興區,64000060-009,華聲里,349,356685,1022,549,292,1042,2212.08,216.44,"102Y"
,64000,高雄市,64000060,新興區,64000060-010,蕉園里,249,236804,951,608,295,1187,1078.56,113.41,"102Y"
,64000,高雄市,64000060,新興區,64000060-011,永寧里,498,494100,992,641,348,1143,1373.16,138.4,"102Y"
,64000,高雄市,64000060,新興區,64000060-012,玉衡里,265,200899,758,564,285,888,892.2,117.69,"102Y"
,64000,高雄市,64000060,新興區,64000060-013,順昌里,657,617466,940,596,336,1049,2590.67,275.65,"102Y"
,64000,高雄市,64000060,新興區,64000060-014,文昌里,995,1173955,1180,704,347,1391,2129.14,180.46,"102Y"
,64000,高雄市,64000060,新興區,64000060-015,光耀里,751,665025,886,608,331,1092,1245.48,140.65,"102Y"
,64000,高雄市,64000060,新興區,64000060-016,興昌里,634,593661,936,608,331,1117,1187.35,126.8,"102Y"
,64000,高雄市,64000060,新興區,64000060-017,開平里,1244,1718329,1381,737,377,1405,5278.1,382.11,"102Y"
,64000,高雄市,64000060,新興區,64000060-018,成功里,419,506757,1209,652,304,1288,2259.94,186.86,"102Y"
,64000,高雄市,64000060,新興區,64000060-019,新江里,413,396175,959,536,288,1032,2808.16,292.74,"102Y"
,64000,高雄市,64000060,新興區,64000060-020,黎明里,256,230462,900,513,305,966,1587.51,176.34,"102Y"
,64000,高雄市,64000060,新興區,64000060-021,愛平里,335,328681,981,673,378,1238,956.19,97.46,"102Y"
,64000,高雄市,64000060,新興區,64000060-022,南港里,646,509416,789,521,302,900,1054.7,133.75,"102Y"
,64000,高雄市,64000060,新興區,64000060-023,中東里,815,760804,934,561,323,993,1944.52,208.3,"102Y"
,64000,高雄市,64000060,新興區,64000060-024,明莊里,167,169429,1015,603,320,1071,1663.58,163.97,"102Y"
,64000,高雄市,64000060,新興區,64000060-025,大明里,307,238189,776,522,304,846,952.63,122.78,"102Y"
,64000,高雄市,64000060,新興區,64000060-026,秋山里,240,159687,665,502,232,785,704.04,105.81,"102Y"
,64000,高雄市,64000060,新興區,64000060-027,長驛里,261,191962,735,570,302,960,721.11,98.04,"102Y"
,64000,高雄市,64000060,新興區,64000060-028,建興里,293,215612,736,530,300,893,723.68,98.34,"102Y"
,64000,高雄市,64000060,新興區,64000060-029,建華里,268,333393,1244,619,327,1162,4588.95,368.89,"102Y"
,64000,高雄市,64000060,新興區,64000060-030,漢民里,254,216767,853,538,275,941,1072.75,125.7,"102Y"
,64000,高雄市,64000060,新興區,64000060-031,榮治里,250,436866,1747,761,377,1628,4013.21,229.66,"102Y"
,64000,高雄市,64000060,新興區,64000060-032,東坡里,373,295130,791,553,320,956,984.23,124.39,"102Y"
X,64000,高雄市,64000060,新興區,64000060-999,其他,1,0,0,0,0,0,0,0,"102Y"
,64000,高雄市,64000070,前金區,64000070-001,三川里,196,126899,647,495,268,754,658.89,101.77,"102Y"
,64000,高雄市,64000070,前金區,64000070-002,草江里,386,347294,900,596,316,1173,958.85,106.57,"102Y"
,64000,高雄市,64000070,前金區,64000070-003,長城里,379,315938,834,601,324,1034,850.7,102.05,"102Y"
,64000,高雄市,64000070,前金區,64000070-004,北金里,232,192438,829,560,323,975,873.47,105.3,"102Y"
,64000,高雄市,64000070,前金區,64000070-005,東金里,335,483101,1442,700,328,1251,5030.34,348.82,"102Y"
,64000,高雄市,64000070,前金區,64000070-006,新生里,1306,1366912,1047,707,351,1344,1291.42,123.39,"102Y"
,64000,高雄市,64000070,前金區,64000070-007,後金里,259,236738,914,610,332,1133,992.96,108.63,"102Y"
,64000,高雄市,64000070,前金區,64000070-008,長興里,335,291279,869,568,323,1042,1029.69,118.42,"102Y"
,64000,高雄市,64000070,前金區,64000070-009,青山里,583,650269,1115,643,328,1234,1970.9,176.7,"102Y"
,64000,高雄市,64000070,前金區,64000070-010,民生里,244,222074,910,593,310,1023,1011.36,111.12,"102Y"
,64000,高雄市,64000070,前金區,64000070-011,復元里,373,385758,1034,661,311,1347,1084.61,104.87,"102Y"
,64000,高雄市,64000070,前金區,64000070-012,林投里,224,262194,1171,441,288,843,5323.56,454.81,"102Y"
,64000,高雄市,64000070,前金區,64000070-013,國民里,342,464164,1357,652,368,1477,1973.23,145.39,"102Y"
,64000,高雄市,64000070,前金區,64000070-014,社東里,625,836512,1338,740,389,1479,2121.21,158.49,"102Y"
,64000,高雄市,64000070,前金區,64000070-015,社西里,384,408622,1064,651,358,1239,1379.52,129.64,"102Y"
,64000,高雄市,64000070,前金區,64000070-016,博孝里,314,282624,900,556,323,1089,1022.07,113.55,"102Y"
,64000,高雄市,64000070,前金區,64000070-017,長生里,577,584973,1014,688,342,1335,1164.65,114.88,"102Y"
,64000,高雄市,64000070,前金區,64000070-018,榮復里,361,259719,719,495,275,907,738.43,102.64,"102Y"
,64000,高雄市,64000070,前金區,64000070-019,文西里,311,262154,843,566,312,915,1217.35,144.42,"102Y"
,64000,高雄市,64000070,前金區,64000070-020,文東里,421,449618,1068,649,333,1280,1550.37,145.17,"102Y"
X,64000,高雄市,64000070,前金區,64000070-999,其他,0,0,0,0,0,0,0,0,"102Y"
,64000,高雄市,64000080,苓雅區,64000080-001,博仁里,234,328885,1405,695,405,1719,2212.01,157.38,"102Y"
,64000,高雄市,64000080,苓雅區,64000080-002,苓洲里,476,466748,981,597,318,1189,1325.37,135.16,"102Y"
,64000,高雄市,64000080,苓雅區,64000080-003,苓昇里,340,228593,672,508,279,907,627.56,93.34,"102Y"
,64000,高雄市,64000080,苓雅區,64000080-004,苓中里,498,357112,717,526,312,899,703.93,98.16,"102Y"
,64000,高雄市,64000080,苓雅區,64000080-005,苓雅里,476,412962,868,568,333,1003,1011.06,116.54,"102Y"
,64000,高雄市,64000080,苓雅區,64000080-006,苓東里,445,352413,792,542,295,972,908.03,114.66,"102Y"
,64000,高雄市,64000080,苓雅區,64000080-007,城北里,471,460623,978,612,323,1080,1566.53,160.18,"102Y"
,64000,高雄市,64000080,苓雅區,64000080-008,城西里,158,99914,632,427,276,778,661.46,104.6,"102Y"
,64000,高雄市,64000080,苓雅區,64000080-009,城東里,737,696391,945,681,379,1207,1013.47,107.26,"102Y"
,64000,高雄市,64000080,苓雅區,64000080-010,意誠里,1099,854037,777,563,319,982,789.85,101.64,"102Y"
,64000,高雄市,64000080,苓雅區,64000080-011,鼓中里,308,239773,778,566,293,1010,811.77,104.28,"102Y"
,64000,高雄市,64000080,苓雅區,64000080-012,田西里,461,387633,841,603,299,1049,909.51,108.17,"102Y"
,64000,高雄市,64000080,苓雅區,64000080-013,人和里,592,527846,892,595,317,1079,1162.89,130.42,"102Y"
,64000,高雄市,64000080,苓雅區,64000080-014,仁政里,484,478038,988,694,353,1191,1266.09,128.19,"102Y"
,64000,高雄市,64000080,苓雅區,64000080-015,廣澤里,593,550398,928,618,343,1089,1404.56,151.33,"102Y"
,64000,高雄市,64000080,苓雅區,64000080-016,美田里,392,324851,829,565,284,1041,973.72,117.5,"102Y"
,64000,高雄市,64000080,苓雅區,64000080-017,華堂里,1003,885301,883,582,328,1129,932.43,105.64,"102Y"
,64000,高雄市,64000080,苓雅區,64000080-018,日中里,769,688921,896,616,344,1120,932.96,104.14,"102Y"
,64000,高雄市,64000080,苓雅區,64000080-019,普照里,1058,1281684,1211,664,371,1260,2861.24,236.19,"102Y"
,64000,高雄市,64000080,苓雅區,64000080-020,和煦里,679,661705,975,617,351,1111,2471.51,253.61,"102Y"
,64000,高雄市,64000080,苓雅區,64000080-021,晴朗里,433,473204,1093,648,310,1323,1414.71,129.45,"102Y"
,64000,高雄市,64000080,苓雅區,64000080-022,普天里,1146,1165438,1017,641,353,1242,1316.46,129.45,"102Y"
,64000,高雄市,64000080,苓雅區,64000080-023,林富里,737,1161636,1576,789,422,1612,3967.4,251.71,"102Y"
,64000,高雄市,64000080,苓雅區,64000080-024,林圍里,951,1231230,1295,741,404,1508,2233.38,172.51,"102Y"
,64000,高雄市,64000080,苓雅區,64000080-025,林安里,504,450515,894,643,357,1183,859.79,96.19,"102Y"
,64000,高雄市,64000080,苓雅區,64000080-026,光華里,171,117777,689,493,339,797,699.47,101.56,"102Y"
,64000,高雄市,64000080,苓雅區,64000080-027,林興里,371,268461,724,565,327,877,724.03,100.06,"102Y"
,64000,高雄市,64000080,苓雅區,64000080-028,林華里,911,710135,780,589,337,996,713.67,91.55,"102Y"
,64000,高雄市,64000080,苓雅區,64000080-029,林西里,518,429792,830,576,355,1010,831.56,100.22,"102Y"
,64000,高雄市,64000080,苓雅區,64000080-030,林中里,1034,893824,864,617,319,1054,911.86,105.49,"102Y"
,64000,高雄市,64000080,苓雅區,64000080-031,林泉里,739,806961,1092,728,400,1393,1108.85,101.55,"102Y"
,64000,高雄市,64000080,苓雅區,64000080-032,林南里,1098,1272635,1159,757,401,1434,1719.98,148.4,"102Y"
,64000,高雄市,64000080,苓雅區,64000080-033,中正里,1104,1388581,1258,737,369,1439,2517.47,200.15,"102Y"
,64000,高雄市,64000080,苓雅區,64000080-034,尚義里,564,593067,1052,649,342,1346,1372.19,130.49,"102Y"
,64000,高雄市,64000080,苓雅區,64000080-035,同慶里,794,1085966,1368,899,461,1648,2218.25,162.19,"102Y"
,64000,高雄市,64000080,苓雅區,64000080-036,凱旋里,678,757405,1117,711,370,1362,1365.93,122.27,"102Y"
,64000,高雄市,64000080,苓雅區,64000080-037,安祥里,913,1162362,1273,727,364,1477,1974.89,155.12,"102Y"
,64000,高雄市,64000080,苓雅區,64000080-038,奏捷里,514,410883,799,568,321,1025,727,90.95,"102Y"
,64000,高雄市,64000080,苓雅區,64000080-039,福壽里,440,371289,844,493,306,886,2122.61,251.54,"102Y"
,64000,高雄市,64000080,苓雅區,64000080-040,福南里,524,392836,750,542,309,930,808.6,107.86,"102Y"
,64000,高雄市,64000080,苓雅區,64000080-041,五權里,702,587822,837,584,350,964,1049.01,125.28,"102Y"
,64000,高雄市,64000080,苓雅區,64000080-042,民主里,1282,1180531,921,599,360,1086,1506.41,163.59,"102Y"
,64000,高雄市,64000080,苓雅區,64000080-043,林德里,597,646667,1083,687,380,1391,1215.28,112.19,"102Y"
,64000,高雄市,64000080,苓雅區,64000080-044,林貴里,618,620125,1003,671,370,1284,1172.78,116.88,"102Y"
,64000,高雄市,64000080,苓雅區,64000080-045,林榮里,1411,1159708,822,555,329,1003,871.21,106,"102Y"
,64000,高雄市,64000080,苓雅區,64000080-046,英明里,634,488237,770,556,324,954,799.78,103.86,"102Y"
,64000,高雄市,64000080,苓雅區,64000080-047,林靖里,563,482785,858,669,389,1145,674.33,78.64,"102Y"
,64000,高雄市,64000080,苓雅區,64000080-048,朝陽里,482,390497,810,591,365,1041,715.89,88.36,"102Y"
,64000,高雄市,64000080,苓雅區,64000080-049,福隆里,792,612870,774,590,344,972,679.68,87.83,"102Y"
,64000,高雄市,64000080,苓雅區,64000080-050,福祥里,361,255775,709,533,291,903,666.1,94.01,"102Y"
,64000,高雄市,64000080,苓雅區,64000080-051,福海里,336,250895,747,577,342,958,624.24,83.6,"102Y"
,64000,高雄市,64000080,苓雅區,64000080-052,福康里,541,384359,710,573,328,920,585.76,82.45,"102Y"
,64000,高雄市,64000080,苓雅區,64000080-053,福人里,587,420618,717,555,318,939,601.6,83.96,"102Y"
,64000,高雄市,64000080,苓雅區,64000080-054,福地里,771,528675,686,545,340,833,578.47,84.36,"102Y"
,64000,高雄市,64000080,苓雅區,64000080-055,福居里,752,502158,668,512,312,873,539.81,80.84,"102Y"
,64000,高雄市,64000080,苓雅區,64000080-056,福東里,822,565011,687,545,312,893,603.4,87.79,"102Y"
,64000,高雄市,64000080,苓雅區,64000080-057,福西里,469,282030,601,502,307,752,483.65,80.43,"102Y"
,64000,高雄市,64000080,苓雅區,64000080-058,永康里,728,622982,856,630,352,1122,847.98,99.09,"102Y"
,64000,高雄市,64000080,苓雅區,64000080-059,正文里,709,602538,850,586,340,1073,915.99,107.78,"102Y"
,64000,高雄市,64000080,苓雅區,64000080-060,正言里,981,796765,812,570,333,1000,901.82,111.03,"102Y"
,64000,高雄市,64000080,苓雅區,64000080-061,正大里,1729,1504031,870,616,362,1058,847.59,97.44,"102Y"
,64000,高雄市,64000080,苓雅區,64000080-062,五福里,1192,894415,750,550,318,945,707.67,94.31,"102Y"
,64000,高雄市,64000080,苓雅區,64000080-063,正心里,1308,1145813,876,608,344,1130,853.84,97.47,"102Y"
,64000,高雄市,64000080,苓雅區,64000080-064,正道里,1383,1088766,787,597,334,979,737.53,93.68,"102Y"
,64000,高雄市,64000080,苓雅區,64000080-065,正義里,863,974127,1129,701,367,1381,1211.81,107.36,"102Y"
,64000,高雄市,64000080,苓雅區,64000080-066,正仁里,811,623689,769,579,333,982,734.82,95.55,"102Y"
,64000,高雄市,64000080,苓雅區,64000080-067,文昌里,1220,885418,726,555,332,944,607.93,83.77,"102Y"
,64000,高雄市,64000080,苓雅區,64000080-068,建軍里,569,414020,728,555,319,905,635.13,87.29,"102Y"
,64000,高雄市,64000080,苓雅區,64000080-069,衛武里,588,393686,670,516,298,858,610.23,91.14,"102Y"
X,64000,高雄市,64000080,苓雅區,64000080-999,其他,11,3678,334,291,255,452,129.69,38.79,"102Y"
,64000,高雄市,64000090,前鎮區,64000090-001,草衙里,2451,1663960,679,517,331,837,801.91,118.12,"102Y"
,64000,高雄市,64000090,前鎮區,64000090-002,明孝里,678,472959,698,525,320,880,714.23,102.39,"102Y"
,64000,高雄市,64000090,前鎮區,64000090-003,明正里,1624,1256236,774,605,364,1011,618.1,79.9,"102Y"
,64000,高雄市,64000090,前鎮區,64000090-004,明義里,677,478047,706,559,337,917,566.87,80.28,"102Y"
,64000,高雄市,64000090,前鎮區,64000090-005,仁愛里,322,222267,690,547,317,859,635.28,92.03,"102Y"
,64000,高雄市,64000090,前鎮區,64000090-006,德昌里,485,299774,618,527,341,762,449.35,72.7,"102Y"
,64000,高雄市,64000090,前鎮區,64000090-007,平等里,527,441476,838,610,357,1057,765.86,91.42,"102Y"
,64000,高雄市,64000090,前鎮區,64000090-008,平昌里,144,96303,669,473,279,861,596.8,89.24,"102Y"
,64000,高雄市,64000090,前鎮區,64000090-009,明禮里,344,226455,658,518,341,824,549.71,83.5,"102Y"
,64000,高雄市,64000090,前鎮區,64000090-010,信義里,334,230602,690,520,328,856,744.82,107.88,"102Y"
,64000,高雄市,64000090,前鎮區,64000090-011,信德里,518,330033,637,505,334,807,530.65,83.29,"102Y"
,64000,高雄市,64000090,前鎮區,64000090-012,明道里,236,166662,706,529,316,840,685.79,97.11,"102Y"
,64000,高雄市,64000090,前鎮區,64000090-013,興化里,150,109473,730,503,330,917,631.07,86.47,"102Y"
,64000,高雄市,64000090,前鎮區,64000090-014,興仁里,138,74607,541,463,295,747,344.34,63.69,"102Y"
,64000,高雄市,64000090,前鎮區,64000090-015,前鎮里,323,225108,697,533,319,1018,506.95,72.74,"102Y"
,64000,高雄市,64000090,前鎮區,64000090-016,鎮東里,464,321098,692,537,347,900,546.19,78.93,"102Y"
,64000,高雄市,64000090,前鎮區,64000090-017,鎮榮里,545,331050,607,478,307,811,462.32,76.11,"102Y"
,64000,高雄市,64000090,前鎮區,64000090-018,鎮昌里,535,368241,688,546,334,828,630.81,91.65,"102Y"
,64000,高雄市,64000090,前鎮區,64000090-019,鎮海里,1272,995449,783,562,337,1021,692.07,88.43,"102Y"
,64000,高雄市,64000090,前鎮區,64000090-020,鎮陽里,257,175928,685,521,308,866,621.92,90.85,"102Y"
,64000,高雄市,64000090,前鎮區,64000090-021,興邦里,998,932085,934,730,428,1200,774.65,82.94,"102Y"
,64000,高雄市,64000090,前鎮區,64000090-022,鎮中里,197,124820,634,472,331,774,550.69,86.91,"102Y"
,64000,高雄市,64000090,前鎮區,64000090-023,鎮北里,250,180480,722,530,328,911,695.13,96.29,"102Y"
,64000,高雄市,64000090,前鎮區,64000090-024,忠純里,1402,989892,706,559,341,921,560.07,79.32,"102Y"
,64000,高雄市,64000090,前鎮區,64000090-025,忠誠里,655,475167,725,673,406,961,447.56,61.7,"102Y"
,64000,高雄市,64000090,前鎮區,64000090-028,西山里,1165,1016197,872,596,351,1138,889.25,101.95,"102Y"
,64000,高雄市,64000090,前鎮區,64000090-029,民權里,1522,1579728,1038,707,368,1363,1069.71,103.06,"102Y"
,64000,高雄市,64000090,前鎮區,64000090-030,建隆里,352,434637,1235,770,375,1737,1316.06,106.58,"102Y"
,64000,高雄市,64000090,前鎮區,64000090-031,振興里,762,768582,1009,670,387,1226,1237.09,122.65,"102Y"
,64000,高雄市,64000090,前鎮區,64000090-032,良和里,988,1022424,1035,695,380,1333,1147.48,110.88,"102Y"
,64000,高雄市,64000090,前鎮區,64000090-033,西甲里,655,605445,924,649,340,1144,932.53,100.89,"102Y"
,64000,高雄市,64000090,前鎮區,64000090-034,盛興里,879,822902,936,619,363,1066,1272.17,135.89,"102Y"
,64000,高雄市,64000090,前鎮區,64000090-035,盛豐里,916,733140,800,599,341,977,803.24,100.36,"102Y"
,64000,高雄市,64000090,前鎮區,64000090-036,興中里,898,704062,784,548,309,924,902.1,115.06,"102Y"
,64000,高雄市,64000090,前鎮區,64000090-037,興東里,1831,1669797,912,660,366,1159,988.56,108.4,"102Y"
,64000,高雄市,64000090,前鎮區,64000090-038,忠孝里,919,933175,1015,633,335,1151,1379.24,135.83,"102Y"
,64000,高雄市,64000090,前鎮區,64000090-039,復國里,830,719089,866,579,333,1137,901.92,104.1,"102Y"
,64000,高雄市,64000090,前鎮區,64000090-040,竹內里,809,633706,783,604,346,1013,713.63,91.1,"102Y"
,64000,高雄市,64000090,前鎮區,64000090-041,竹東里,725,510178,704,535,345,841,775.9,110.26,"102Y"
,64000,高雄市,64000090,前鎮區,64000090-042,竹南里,2374,2414156,1017,754,416,1321,955.36,93.95,"102Y"
,64000,高雄市,64000090,前鎮區,64000090-043,竹北里,657,538069,819,580,311,1068,754.99,92.19,"102Y"
,64000,高雄市,64000090,前鎮區,64000090-044,竹西里,1337,1215016,909,663,378,1161,841.16,92.56,"102Y"
,64000,高雄市,64000090,前鎮區,64000090-045,竹中里,1203,984047,818,604,350,1021,745.62,91.15,"102Y"
,64000,高雄市,64000090,前鎮區,64000090-046,瑞竹里,448,343029,766,624,350,992,630.86,82.39,"102Y"
,64000,高雄市,64000090,前鎮區,64000090-047,瑞南里,1285,980915,763,574,345,940,695.08,91.06,"102Y"
,64000,高雄市,64000090,前鎮區,64000090-048,瑞豐里,793,632439,798,622,377,1022,631.37,79.17,"102Y"
,64000,高雄市,64000090,前鎮區,64000090-049,瑞祥里,1405,1190542,847,613,359,1116,742.12,87.58,"102Y"
,64000,高雄市,64000090,前鎮區,64000090-050,瑞東里,669,469588,702,536,306,891,629.16,89.63,"102Y"
,64000,高雄市,64000090,前鎮區,64000090-051,瑞和里,542,385294,711,553,330,902,669.28,94.15,"102Y"
,64000,高雄市,64000090,前鎮區,64000090-052,瑞平里,1129,883813,783,589,338,994,679.33,86.78,"102Y"
,64000,高雄市,64000090,前鎮區,64000090-053,瑞隆里,1004,752492,749,572,332,946,688.92,91.92,"102Y"
,64000,高雄市,64000090,前鎮區,64000090-054,瑞北里,844,594408,704,549,357,908,571.87,81.2,"102Y"
,64000,高雄市,64000090,前鎮區,64000090-055,瑞西里,803,557681,694,561,324,910,555.01,79.91,"102Y"
,64000,高雄市,64000090,前鎮區,64000090-056,瑞崗里,703,519450,739,551,315,928,693.71,93.88,"102Y"
,64000,高雄市,64000090,前鎮區,64000090-057,瑞興里,752,556275,740,576,320,952,704.95,95.3,"102Y"
,64000,高雄市,64000090,前鎮區,64000090-058,瑞誠里,786,557977,710,587,337,890,576.57,81.22,"102Y"
,64000,高雄市,64000090,前鎮區,64000090-059,瑞文里,702,590458,841,538,318,924,3349.47,398.22,"102Y"
,64000,高雄市,64000090,前鎮區,64000090-060,瑞華里,1441,1209768,840,626,371,1099,709.81,84.55,"102Y"
,64000,高雄市,64000090,前鎮區,64000090-061,瑞昌里,925,679117,734,574,349,962,581.04,79.14,"102Y"
X,64000,高雄市,64000090,前鎮區,64000090-999,其他,3,534,178,38,30,256,256.94,144.48,"102Y"
,64000,高雄市,64000100,旗津區,64000100-001,旗下里,277,168460,608,461,289,817,552.01,90.77,"102Y"
,64000,高雄市,64000100,旗津區,64000100-002,永安里,241,127616,530,461,285,671,376.75,71.15,"102Y"
,64000,高雄市,64000100,旗津區,64000100-003,振興里,361,215207,596,457,291,726,692.93,116.24,"102Y"
,64000,高雄市,64000100,旗津區,64000100-004,慈愛里,437,254671,583,476,287,707,518.89,89.04,"102Y"
,64000,高雄市,64000100,旗津區,64000100-005,復興里,597,348993,585,506,319,768,426.48,72.95,"102Y"
,64000,高雄市,64000100,旗津區,64000100-006,中華里,307,185221,603,456,300,735,554.93,91.98,"102Y"
,64000,高雄市,64000100,旗津區,64000100-007,實踐里,249,134748,541,493,308,726,335.05,61.91,"102Y"
,64000,高雄市,64000100,旗津區,64000100-008,北汕里,517,291518,564,457,262,743,456.24,80.91,"102Y"
,64000,高雄市,64000100,旗津區,64000100-009,南汕里,381,245263,644,536,333,799,557.04,86.53,"102Y"
,64000,高雄市,64000100,旗津區,64000100-010,上竹里,592,385869,652,539,322,850,486.1,74.58,"102Y"
,64000,高雄市,64000100,旗津區,64000100-011,中洲里,334,204018,611,463,299,773,483.95,79.23,"102Y"
,64000,高雄市,64000100,旗津區,64000100-012,安順里,167,103042,617,542,350,757,437.97,70.98,"102Y"
,64000,高雄市,64000100,旗津區,64000100-013,中興里,626,399995,639,478,315,800,519.32,81.27,"102Y"
X,64000,高雄市,64000100,旗津區,64000100-999,其他,0,0,0,0,0,0,0,0,"102Y"
,64000,高雄市,64000110,小港區,64000110-001,小港里,689,537955,781,572,346,1008,684.64,87.69,"102Y"
,64000,高雄市,64000110,小港區,64000110-002,港口里,1288,1285164,998,666,367,1353,985.38,98.76,"102Y"
,64000,高雄市,64000110,小港區,64000110-003,港正里,966,799093,827,638,364,1154,665.09,80.4,"102Y"
,64000,高雄市,64000110,小港區,64000110-004,港墘里,551,472607,858,614,352,1097,781.21,91.08,"102Y"
,64000,高雄市,64000110,小港區,64000110-005,港明里,945,668712,708,540,331,902,580.38,82.02,"102Y"
,64000,高雄市,64000110,小港區,64000110-006,港后里,734,557655,760,593,356,967,605.03,79.64,"102Y"
,64000,高雄市,64000110,小港區,64000110-007,港南里,597,484297,811,639,347,1137,638.99,78.77,"102Y"
,64000,高雄市,64000110,小港區,64000110-008,港興里,721,582723,808,602,347,1113,665.9,82.39,"102Y"
,64000,高雄市,64000110,小港區,64000110-009,鳳宮里,704,514082,730,554,329,953,592.13,81.09,"102Y"
,64000,高雄市,64000110,小港區,64000110-010,店鎮里,1912,1563458,818,607,362,1102,690.52,84.45,"102Y"
,64000,高雄市,64000110,小港區,64000110-011,大苓里,859,676756,788,558,344,1012,724.18,91.92,"102Y"
,64000,高雄市,64000110,小港區,64000110-012,二苓里,1212,951779,785,596,361,1013,722.47,92,"102Y"
,64000,高雄市,64000110,小港區,64000110-013,三苓里,885,691291,781,594,344,1018,656.01,83.98,"102Y"
,64000,高雄市,64000110,小港區,64000110-014,正苓里,1311,1020173,778,565,334,982,719.2,92.42,"102Y"
,64000,高雄市,64000110,小港區,64000110-015,順苓里,1408,1073657,763,585,348,996,635.35,83.32,"102Y"
,64000,高雄市,64000110,小港區,64000110-016,六苓里,911,851004,934,694,388,1331,799.53,85.59,"102Y"
,64000,高雄市,64000110,小港區,64000110-017,宏亮里,996,782215,785,631,355,1035,626.13,79.73,"102Y"
,64000,高雄市,64000110,小港區,64000110-018,山東里,937,710159,758,603,355,994,619.18,81.7,"102Y"
,64000,高雄市,64000110,小港區,64000110-019,青島里,625,445384,713,552,340,959,543.79,76.31,"102Y"
,64000,高雄市,64000110,小港區,64000110-020,濟南里,1251,1014228,811,638,389,1081,617.59,76.18,"102Y"
,64000,高雄市,64000110,小港區,64000110-021,泰山里,1098,950216,865,705,405,1164,653.23,75.48,"102Y"
,64000,高雄市,64000110,小港區,64000110-022,山明里,3082,2321367,753,590,361,986,589.93,78.32,"102Y"
,64000,高雄市,64000110,小港區,64000110-023,高松里,1113,809835,728,565,340,917,624.63,85.85,"102Y"
,64000,高雄市,64000110,小港區,64000110-024,松金里,788,595577,756,569,362,935,637.78,84.38,"102Y"
,64000,高雄市,64000110,小港區,64000110-025,松山里,1068,902529,845,670,398,1121,644,76.21,"102Y"
,64000,高雄市,64000110,小港區,64000110-026,大坪里,698,503853,722,602,359,929,509.94,70.64,"102Y"
,64000,高雄市,64000110,小港區,64000110-027,坪頂里,1441,1092496,758,578,362,944,712.92,94.03,"102Y"
,64000,高雄市,64000110,小港區,64000110-028,孔宅里,1184,823241,695,554,352,901,545.32,78.43,"102Y"
,64000,高雄市,64000110,小港區,64000110-029,廈莊里,830,632782,762,622,350,996,586.71,76.96,"102Y"
,64000,高雄市,64000110,小港區,64000110-030,合作里,707,502739,711,556,337,933,545.95,76.78,"102Y"
,64000,高雄市,64000110,小港區,64000110-031,桂林里,2245,1713430,763,584,345,1024,618.92,81.09,"102Y"
,64000,高雄市,64000110,小港區,64000110-032,中厝里,910,631778,694,532,330,901,602.84,86.83,"102Y"
,64000,高雄市,64000110,小港區,64000110-033,鳳鳴里,795,589210,741,590,361,965,589.84,79.58,"102Y"
,64000,高雄市,64000110,小港區,64000110-034,龍鳳里,865,693409,802,626,370,1035,636.55,79.41,"102Y"
,64000,高雄市,64000110,小港區,64000110-035,鳳森里,626,477686,763,611,379,1031,546.54,71.62,"102Y"
,64000,高雄市,64000110,小港區,64000110-036,鳳林里,864,631077,730,568,344,969,547.09,74.9,"102Y"
,64000,高雄市,64000110,小港區,64000110-037,鳳興里,701,503284,718,565,341,924,573.47,79.88,"102Y"
,64000,高雄市,64000110,小港區,64000110-038,鳳源里,988,749540,759,607,385,994,551.33,72.67,"102Y"
X,64000,高雄市,64000110,小港區,64000110-999,其他,2,1492,746,746,390,1103,1008.27,135.15,"102Y"
,64000,高雄市,64000120,鳳山區,64000120-001,縣口里,131,111219,849,515,277,811,1770.3,208.52,"102Y"
,64000,高雄市,64000120,鳳山區,64000120-002,成功里,207,163243,789,534,301,984,860.49,109.11,"102Y"
,64000,高雄市,64000120,鳳山區,64000120-003,光明里,395,397608,1007,558,317,1038,3140.51,311.99,"102Y"
,64000,高雄市,64000120,鳳山區,64000120-004,興中里,264,242526,919,682,391,1210,774.48,84.31,"102Y"
,64000,高雄市,64000120,鳳山區,64000120-005,南興里,256,206196,805,580,336,1020,829.19,102.95,"102Y"
,64000,高雄市,64000120,鳳山區,64000120-006,和德里,660,600131,909,690,371,1194,876.51,96.4,"102Y"
,64000,高雄市,64000120,鳳山區,64000120-007,鳳崗里,379,316785,836,616,369,1015,903.78,108.13,"102Y"
,64000,高雄市,64000120,鳳山區,64000120-008,中和里,1055,877915,832,586,345,1103,904.34,108.68,"102Y"
,64000,高雄市,64000120,鳳山區,64000120-009,鎮北里,1818,1373613,756,599,371,945,605.2,80.1,"102Y"
,64000,高雄市,64000120,鳳山區,64000120-010,縣衙里,250,190513,762,597,361,1005,628.76,82.51,"102Y"
,64000,高雄市,64000120,鳳山區,64000120-011,文英里,1024,822329,803,621,364,1031,667.39,83.11,"102Y"
,64000,高雄市,64000120,鳳山區,64000120-012,鎮西里,1391,1079453,776,578,336,983,713.63,91.96,"102Y"
,64000,高雄市,64000120,鳳山區,64000120-013,鎮東里,542,381302,704,554,340,858,718.31,102.1,"102Y"
,64000,高雄市,64000120,鳳山區,64000120-014,埤頂里,1731,1285998,743,581,360,954,614.59,82.73,"102Y"
,64000,高雄市,64000120,鳳山區,64000120-015,中正里,426,308223,724,579,340,954,596.05,82.38,"102Y"
,64000,高雄市,64000120,鳳山區,64000120-016,鎮南里,1393,1087454,781,574,347,1002,828.09,106.08,"102Y"
,64000,高雄市,64000120,鳳山區,64000120-017,老爺里,1948,1368008,702,562,340,955,543.17,77.35,"102Y"
,64000,高雄市,64000120,鳳山區,64000120-018,瑞竹里,1374,1051847,766,563,346,974,682.69,89.18,"102Y"
,64000,高雄市,64000120,鳳山區,64000120-019,忠義里,1427,1286248,901,635,361,1128,1061.64,117.78,"102Y"
,64000,高雄市,64000120,鳳山區,64000120-020,誠義里,1341,1336965,997,798,440,1385,779.74,78.21,"102Y"
,64000,高雄市,64000120,鳳山區,64000120-021,新興里,435,340242,782,585,326,977,711.53,90.97,"102Y"
,64000,高雄市,64000120,鳳山區,64000120-022,海光里,944,645701,684,540,331,859,568.29,83.08,"102Y"
,64000,高雄市,64000120,鳳山區,64000120-023,海風里,228,147152,645,509,294,865,523.06,81.04,"102Y"
,64000,高雄市,64000120,鳳山區,64000120-024,忠誠里,907,702268,774,595,357,975,648.93,83.81,"102Y"
,64000,高雄市,64000120,鳳山區,64000120-025,新甲里,890,701383,788,612,364,1015,629.93,79.93,"102Y"
,64000,高雄市,64000120,鳳山區,64000120-026,武漢里,1404,1108235,789,596,357,1012,688.61,87.24,"102Y"
,64000,高雄市,64000120,鳳山區,64000120-027,正義里,1760,1290504,733,564,350,916,631.37,86.11,"102Y"
,64000,高雄市,64000120,鳳山區,64000120-028,一甲里,961,728869,758,585,332,913,1350.03,178,"102Y"
,64000,高雄市,64000120,鳳山區,64000120-029,福興里,1669,1146097,687,539,331,877,572.81,83.41,"102Y"
,64000,高雄市,64000120,鳳山區,64000120-030,東門里,1396,983871,705,554,345,912,592.16,84.02,"102Y"
,64000,高雄市,64000120,鳳山區,64000120-031,瑞興里,1356,1125091,830,629,367,1062,815.83,98.33,"102Y"
,64000,高雄市,64000120,鳳山區,64000120-032,天興里,1001,731170,730,532,357,883,936.42,128.2,"102Y"
,64000,高雄市,64000120,鳳山區,64000120-033,新強里,1588,1418647,893,688,376,1172,801.09,89.67,"102Y"
,64000,高雄市,64000120,鳳山區,64000120-034,國泰里,1179,865614,734,576,351,963,585.75,79.78,"102Y"
,64000,高雄市,64000120,鳳山區,64000120-035,鳳東里,1733,1446572,835,633,355,1108,708.52,84.88,"102Y"
,64000,高雄市,64000120,鳳山區,64000120-036,新富里,1199,895904,747,569,349,939,656.3,87.83,"102Y"
,64000,高雄市,64000120,鳳山區,64000120-037,國光里,1054,708045,672,521,332,833,559.86,83.34,"102Y"
,64000,高雄市,64000120,鳳山區,64000120-038,國隆里,780,532220,682,525,330,864,560.87,82.2,"102Y"
,64000,高雄市,64000120,鳳山區,64000120-039,文德里,2867,3008510,1049,729,391,1277,1266.23,120.67,"102Y"
,64000,高雄市,64000120,鳳山區,64000120-040,過埤里,3695,3179704,861,713,415,1164,633.46,73.61,"102Y"
,64000,高雄市,64000120,鳳山區,64000120-041,曹公里,620,539469,870,657,376,1113,821.53,94.42,"102Y"
,64000,高雄市,64000120,鳳山區,64000120-042,興仁里,1045,782551,749,593,341,963,659.94,88.13,"102Y"
,64000,高雄市,64000120,鳳山區,64000120-043,五福里,905,696961,770,597,353,946,713.33,92.63,"102Y"
,64000,高雄市,64000120,鳳山區,64000120-044,忠孝里,1614,1352031,838,593,359,1025,974.75,116.36,"102Y"
,64000,高雄市,64000120,鳳山區,64000120-045,生明里,562,427999,762,570,343,1004,629.81,82.7,"102Y"
,64000,高雄市,64000120,鳳山區,64000120-046,和興里,1473,1192683,810,621,354,1065,703.6,86.9,"102Y"
,64000,高雄市,64000120,鳳山區,64000120-047,協和里,1186,1025269,864,654,376,1193,736.15,85.16,"102Y"
,64000,高雄市,64000120,鳳山區,64000120-048,文山里,1710,1375214,804,594,340,1015,814.81,101.32,"102Y"
,64000,高雄市,64000120,鳳山區,64000120-049,福誠里,1131,941568,833,616,360,1045,826.08,99.23,"102Y"
,64000,高雄市,64000120,鳳山區,64000120-050,誠德里,502,381113,759,557,356,948,820,108.01,"102Y"
,64000,高雄市,64000120,鳳山區,64000120-051,三民里,325,277505,854,624,337,1080,800.13,93.71,"102Y"
,64000,高雄市,64000120,鳳山區,64000120-052,誠正里,91,62378,685,558,358,890,482.58,70.4,"102Y"
,64000,高雄市,64000120,鳳山區,64000120-053,北門里,1034,694038,671,550,334,836,621.84,92.64,"102Y"
,64000,高雄市,64000120,鳳山區,64000120-054,富甲里,479,302790,632,515,311,766,500.62,79.2,"102Y"
,64000,高雄市,64000120,鳳山區,64000120-055,南成里,2314,1833175,792,615,371,1046,654.78,82.65,"102Y"
,64000,高雄市,64000120,鳳山區,64000120-056,文華里,2463,2153444,874,631,365,1085,875.17,100.1,"102Y"
,64000,高雄市,64000120,鳳山區,64000120-057,大德里,1299,972937,749,599,352,956,686.51,91.66,"102Y"
,64000,高雄市,64000120,鳳山區,64000120-058,武松里,727,518671,713,533,325,901,619.62,86.85,"102Y"
,64000,高雄市,64000120,鳳山區,64000120-059,文衡里,1350,1252110,927,699,432,1144,844.78,91.08,"102Y"
,64000,高雄市,64000120,鳳山區,64000120-060,文福里,2916,2645265,907,695,400,1160,927.71,102.27,"102Y"
,64000,高雄市,64000120,鳳山區,64000120-061,誠信里,554,395624,714,555,339,881,580.59,81.3,"102Y"
,64000,高雄市,64000120,鳳山區,64000120-062,誠智里,719,522288,726,580,349,935,566.31,77.96,"102Y"
,64000,高雄市,64000120,鳳山區,64000120-063,國富里,849,726816,856,704,380,1222,637.74,74.49,"102Y"
,64000,高雄市,64000120,鳳山區,64000120-064,武慶里,726,541510,746,568,342,896,659.74,88.45,"102Y"
,64000,高雄市,64000120,鳳山區,64000120-065,海洋里,1168,969287,830,596,347,1036,800.8,96.5,"102Y"
,64000,高雄市,64000120,鳳山區,64000120-066,新武里,642,478911,746,532,333,934,675.31,90.53,"102Y"
,64000,高雄市,64000120,鳳山區,64000120-067,新樂里,1364,1182039,867,640,363,1116,801.47,92.48,"102Y"
,64000,高雄市,64000120,鳳山區,64000120-068,新泰里,1211,1012970,836,638,384,1118,678.89,81.16,"102Y"
,64000,高雄市,64000120,鳳山區,64000120-069,中崙里,712,506814,712,563,351,923,545.19,76.59,"102Y"
,64000,高雄市,64000120,鳳山區,64000120-070,中榮里,1076,706741,657,526,343,839,492.62,75,"102Y"
,64000,高雄市,64000120,鳳山區,64000120-071,中民里,1208,818718,678,543,332,878,529.67,78.15,"102Y"
,64000,高雄市,64000120,鳳山區,64000120-072,二甲里,1315,979614,745,580,343,949,629.81,84.54,"102Y"
,64000,高雄市,64000120,鳳山區,64000120-073,龍成里,814,597403,734,565,336,916,774.27,105.5,"102Y"
,64000,高雄市,64000120,鳳山區,64000120-074,富榮里,706,557914,790,597,373,1026,708.78,89.69,"102Y"
,64000,高雄市,64000120,鳳山區,64000120-075,善美里,1627,1264109,777,565,355,971,1123.84,144.65,"102Y"
,64000,高雄市,64000120,鳳山區,64000120-076,南和里,731,535157,732,567,337,942,655.01,89.47,"102Y"
,64000,高雄市,64000120,鳳山區,64000120-077,福祥里,812,671831,827,552,316,939,2128.37,257.24,"102Y"
,64000,高雄市,64000120,鳳山區,64000120-078,保安里,1774,1579279,890,717,427,1160,743.41,83.51,"102Y"
X,64000,高雄市,64000120,鳳山區,64000120-999,其他,2,538,269,269,152,386,331.83,123.41,"102Y"
,64000,高雄市,64000130,林園區,64000130-001,東林里,779,570465,732,593,360,932,617.08,84.27,"102Y"
,64000,高雄市,64000130,林園區,64000130-002,林園里,954,708346,743,587,355,946,600.56,80.88,"102Y"
,64000,高雄市,64000130,林園區,64000130-003,溪州里,1045,715443,685,561,357,889,477.9,69.8,"102Y"
,64000,高雄市,64000130,林園區,64000130-004,潭頭里,675,488247,723,563,348,891,677.91,93.72,"102Y"
,64000,高雄市,64000130,林園區,64000130-005,中厝里,697,463418,665,537,351,854,491.93,73.99,"102Y"
,64000,高雄市,64000130,林園區,64000130-006,中門里,600,428948,715,564,362,933,535.32,74.88,"102Y"
,64000,高雄市,64000130,林園區,64000130-007,頂厝里,1184,844710,713,564,366,934,527.39,73.92,"102Y"
,64000,高雄市,64000130,林園區,64000130-008,港埔里,453,304154,671,540,324,824,537.32,80.03,"102Y"
,64000,高雄市,64000130,林園區,64000130-009,西溪里,822,520463,633,517,342,817,447.92,70.74,"102Y"
,64000,高雄市,64000130,林園區,64000130-010,港嘴里,426,278264,653,549,344,831,447.4,68.49,"102Y"
,64000,高雄市,64000130,林園區,64000130-011,北汕里,369,239621,649,532,324,797,557.22,85.81,"102Y"
,64000,高雄市,64000130,林園區,64000130-012,林內里,416,289965,697,542,337,894,523.23,75.06,"102Y"
,64000,高雄市,64000130,林園區,64000130-013,王公里,1203,922101,767,600,373,1038,574.28,74.92,"102Y"
,64000,高雄市,64000130,林園區,64000130-014,林家里,334,243022,728,560,344,911,572.06,78.62,"102Y"
,64000,高雄市,64000130,林園區,64000130-015,龔厝里,530,368576,695,557,357,895,496.71,71.43,"102Y"
,64000,高雄市,64000130,林園區,64000130-016,鳳芸里,433,307748,711,607,343,1001,494.1,69.52,"102Y"
,64000,高雄市,64000130,林園區,64000130-017,中芸里,455,300976,661,557,370,868,453.75,68.6,"102Y"
,64000,高雄市,64000130,林園區,64000130-018,東汕里,196,121549,620,558,355,765,404,65.14,"102Y"
,64000,高雄市,64000130,林園區,64000130-019,西汕里,142,87556,617,547,334,774,451.06,73.15,"102Y"
,64000,高雄市,64000130,林園區,64000130-020,仁愛里,887,726148,819,644,401,1037,634.99,77.56,"102Y"
,64000,高雄市,64000130,林園區,64000130-021,文賢里,601,418276,696,549,346,925,517.99,74.43,"102Y"
,64000,高雄市,64000130,林園區,64000130-022,廣應里,980,702415,717,582,372,933,539.74,75.3,"102Y"
,64000,高雄市,64000130,林園區,64000130-023,五福里,589,363738,618,500,297,804,578.35,93.65,"102Y"
,64000,高雄市,64000130,林園區,64000130-024,中汕里,509,320877,630,530,359,786,421.53,66.87,"102Y"
X,64000,高雄市,64000130,林園區,64000130-999,其他,0,0,0,0,0,0,0,0,"102Y"
,64000,高雄市,64000140,大寮區,64000140-001,拷潭里,358,227756,636,505,321,813,469.75,73.84,"102Y"
,64000,高雄市,64000140,大寮區,64000140-002,內坑里,1244,876450,705,558,358,856,660.69,93.78,"102Y"
,64000,高雄市,64000140,大寮區,64000140-003,大寮里,1657,1154701,697,523,339,845,683.04,98.02,"102Y"
,64000,高雄市,64000140,大寮區,64000140-004,上寮里,590,416052,705,557,338,926,636.86,90.31,"102Y"
,64000,高雄市,64000140,大寮區,64000140-005,三隆里,1105,786594,712,556,343,889,608.48,85.48,"102Y"
,64000,高雄市,64000140,大寮區,64000140-006,琉球里,1036,737906,712,564,355,914,584.11,82.01,"102Y"
,64000,高雄市,64000140,大寮區,64000140-007,翁園里,986,695713,706,578,357,908,516.85,73.25,"102Y"
,64000,高雄市,64000140,大寮區,64000140-008,前庄里,611,455375,745,583,342,956,621.17,83.35,"102Y"
,64000,高雄市,64000140,大寮區,64000140-009,中庄里,2784,1840877,661,538,330,833,494.51,74.79,"102Y"
,64000,高雄市,64000140,大寮區,64000140-010,後庄里,1855,1328758,716,566,340,916,641.14,89.51,"102Y"
,64000,高雄市,64000140,大寮區,64000140-011,義仁里,453,293832,649,511,325,812,490.06,75.55,"102Y"
,64000,高雄市,64000140,大寮區,64000140-012,新厝里,329,229228,697,509,332,914,582.31,83.58,"102Y"
,64000,高雄市,64000140,大寮區,64000140-013,過溪里,646,597213,924,530,334,821,5789.83,626.28,"102Y"
,64000,高雄市,64000140,大寮區,64000140-014,潮寮里,642,420911,656,528,329,838,499.19,76.14,"102Y"
,64000,高雄市,64000140,大寮區,64000140-015,會結里,328,238053,726,562,358,891,724.09,99.77,"102Y"
,64000,高雄市,64000140,大寮區,64000140-016,會社里,1357,1010515,745,552,331,940,874.53,117.44,"102Y"
,64000,高雄市,64000140,大寮區,64000140-017,山頂里,1816,1264353,696,556,336,907,553.51,79.5,"102Y"
,64000,高雄市,64000140,大寮區,64000140-018,忠義里,89,58986,663,548,299,879,506.74,76.46,"102Y"
,64000,高雄市,64000140,大寮區,64000140-019,永芳里,1786,1329083,744,561,346,898,845.16,113.57,"102Y"
,64000,高雄市,64000140,大寮區,64000140-020,義和里,509,331998,652,533,328,835,600.77,92.11,"102Y"
,64000,高雄市,64000140,大寮區,64000140-021,溪寮里,350,251343,718,566,356,884,665.74,92.71,"102Y"
,64000,高雄市,64000140,大寮區,64000140-022,江山里,456,321523,705,558,351,882,585.8,83.08,"102Y"
,64000,高雄市,64000140,大寮區,64000140-023,昭明里,904,589552,652,526,326,839,490.95,75.28,"102Y"
,64000,高雄市,64000140,大寮區,64000140-024,光武里,25,13516,541,530,282,753,334.44,61.86,"102Y"
,64000,高雄市,64000140,大寮區,64000140-025,中興里,1643,1148136,699,545,331,890,567.33,81.19,"102Y"
X,64000,高雄市,64000140,大寮區,64000140-999,其他,0,0,0,0,0,0,0,0,"102Y"
,64000,高雄市,64000150,大樹區,64000150-001,竹寮里,724,480854,664,540,326,858,529.62,79.74,"102Y"
,64000,高雄市,64000150,大樹區,64000150-002,九曲里,1153,747603,648,539,332,829,488.14,75.28,"102Y"
,64000,高雄市,64000150,大樹區,64000150-003,久堂里,1026,734883,716,566,353,910,558.46,77.97,"102Y"
,64000,高雄市,64000150,大樹區,64000150-004,水安里,612,423435,692,510,316,784,1216.14,175.77,"102Y"
,64000,高雄市,64000150,大樹區,64000150-005,水寮里,554,378814,684,549,330,868,524.68,76.73,"102Y"
,64000,高雄市,64000150,大樹區,64000150-006,檨腳里,863,573924,665,517,324,833,552.87,83.13,"102Y"
,64000,高雄市,64000150,大樹區,64000150-007,興山里,214,122047,570,474,323,695,434.52,76.19,"102Y"
,64000,高雄市,64000150,大樹區,64000150-008,和山里,178,103720,583,489,320,695,424.95,72.93,"102Y"
,64000,高雄市,64000150,大樹區,64000150-009,姑山里,210,142616,679,583,394,864,464.8,68.44,"102Y"
,64000,高雄市,64000150,大樹區,64000150-010,大坑里,300,204903,683,522,328,816,572.15,83.77,"102Y"
,64000,高雄市,64000150,大樹區,64000150-011,井腳里,309,219981,712,566,360,906,531.11,74.6,"102Y"
,64000,高雄市,64000150,大樹區,64000150-012,小坪里,314,236468,753,573,342,925,832.57,110.56,"102Y"
,64000,高雄市,64000150,大樹區,64000150-013,龍目里,339,224973,664,528,332,804,623.07,93.89,"102Y"
,64000,高雄市,64000150,大樹區,64000150-014,大樹里,549,356523,649,509,331,824,540.5,83.23,"102Y"
,64000,高雄市,64000150,大樹區,64000150-015,三和里,207,198497,959,564,338,1084,1216.4,126.85,"102Y"
,64000,高雄市,64000150,大樹區,64000150-016,溪埔里,374,286708,767,641,395,931,669.47,87.33,"102Y"
,64000,高雄市,64000150,大樹區,64000150-017,興田里,396,229841,580,490,252,738,519.93,89.58,"102Y"
,64000,高雄市,64000150,大樹區,64000150-018,統嶺里,144,80908,562,467,286,767,455.44,81.06,"102Y"
X,64000,高雄市,64000150,大樹區,64000150-999,其他,0,0,0,0,0,0,0,0,"102Y"
,64000,高雄市,64000160,大社區,64000160-001,嘉誠里,193,121851,631,448,286,713,746.48,118.24,"102Y"
,64000,高雄市,64000160,大社區,64000160-002,保社里,824,620202,753,592,348,990,699.56,92.94,"102Y"
,64000,高雄市,64000160,大社區,64000160-003,大社里,1413,1064704,754,566,340,973,656.56,87.13,"102Y"
,64000,高雄市,64000160,大社區,64000160-004,翠屏里,451,334042,741,590,369,957,552.01,74.53,"102Y"
,64000,高雄市,64000160,大社區,64000160-005,三奶里,680,475246,699,526,331,882,690.77,98.84,"102Y"
,64000,高雄市,64000160,大社區,64000160-006,觀音里,1454,1071811,737,567,346,934,633.32,85.91,"102Y"
,64000,高雄市,64000160,大社區,64000160-007,神農里,1203,856474,712,544,318,959,630.99,88.63,"102Y"
,64000,高雄市,64000160,大社區,64000160-008,中里里,817,554138,678,545,329,886,516.77,76.19,"102Y"
,64000,高雄市,64000160,大社區,64000160-009,保安里,910,667310,733,564,351,948,630.4,85.97,"102Y"
X,64000,高雄市,64000160,大社區,64000160-999,其他,0,0,0,0,0,0,0,0,"102Y"
,64000,高雄市,64000170,仁武區,64000170-001,大灣里,1015,791966,780,593,364,978,687.22,88.08,"102Y"
,64000,高雄市,64000170,仁武區,64000170-002,灣內里,1913,1551900,811,621,371,1028,717.17,88.4,"102Y"
,64000,高雄市,64000170,仁武區,64000170-003,考潭里,744,564283,758,546,314,937,725.69,95.68,"102Y"
,64000,高雄市,64000170,仁武區,64000170-004,烏林里,937,582711,622,507,331,755,483.74,77.78,"102Y"
,64000,高雄市,64000170,仁武區,64000170-005,仁福里,159,122257,769,514,318,838,959.76,124.82,"102Y"
,64000,高雄市,64000170,仁武區,64000170-006,仁武里,1542,1100480,714,548,336,943,600.56,84.15,"102Y"
,64000,高雄市,64000170,仁武區,64000170-007,文武里,2479,1838665,742,578,348,960,619.1,83.47,"102Y"
,64000,高雄市,64000170,仁武區,64000170-008,竹後里,570,386780,679,515,306,844,727.2,107.17,"102Y"
,64000,高雄市,64000170,仁武區,64000170-009,八卦里,4481,3776390,843,662,387,1119,679.1,80.58,"102Y"
,64000,高雄市,64000170,仁武區,64000170-010,高楠里,427,253650,594,471,323,719,469.27,79,"102Y"
,64000,高雄市,64000170,仁武區,64000170-011,後安里,627,399190,637,516,341,826,525.42,82.53,"102Y"
,64000,高雄市,64000170,仁武區,64000170-012,中華里,394,224134,569,478,325,726,409.27,71.94,"102Y"
,64000,高雄市,64000170,仁武區,64000170-013,五和里,1143,812828,711,574,352,922,550.42,77.4,"102Y"
,64000,高雄市,64000170,仁武區,64000170-014,仁和里,1104,991847,898,689,359,1145,932.09,103.75,"102Y"
,64000,高雄市,64000170,仁武區,64000170-015,赤山里,1657,1387088,837,631,355,1086,730.06,87.21,"102Y"
,64000,高雄市,64000170,仁武區,64000170-016,仁慈里,726,687824,947,681,375,1199,1030.02,108.72,"102Y"
X,64000,高雄市,64000170,仁武區,64000170-999,其他,2,540,270,270,159,381,313.42,116.12,"102Y"
,64000,高雄市,64000180,鳥松區,64000180-001,鳥松里,3254,3943957,1212,751,406,1356,3451.96,284.81,"102Y"
,64000,高雄市,64000180,鳥松區,64000180-002,夢裡里,1572,2121651,1350,801,407,1606,1730.11,128.19,"102Y"
,64000,高雄市,64000180,鳥松區,64000180-003,大華里,3457,5286030,1529,739,391,1540,7092.72,463.86,"102Y"
,64000,高雄市,64000180,鳥松區,64000180-004,?埔里,967,793018,820,551,339,966,958.83,116.92,"102Y"
,64000,高雄市,64000180,鳥松區,64000180-005,仁美里,1596,1101540,690,534,326,865,570.22,82.62,"102Y"
,64000,高雄市,64000180,鳥松區,64000180-006,大竹里,182,127452,700,542,356,918,532.38,76.02,"102Y"
,64000,高雄市,64000180,鳥松區,64000180-007,華美里,1050,842053,802,585,353,950,924,115.22,"102Y"
X,64000,高雄市,64000180,鳥松區,64000180-999,其他,0,0,0,0,0,0,0,0,"102Y"
,64000,高雄市,64000190,岡山區,64000190-001,平安里,401,323484,807,557,316,987,877.08,108.73,"102Y"
,64000,高雄市,64000190,岡山區,64000190-002,岡山里,1346,1130405,840,569,335,932,1471.37,175.2,"102Y"
,64000,高雄市,64000190,岡山區,64000190-003,壽天里,1136,1083335,954,618,366,1140,1725.36,180.92,"102Y"
,64000,高雄市,64000190,岡山區,64000190-004,維仁里,292,224749,770,542,318,896,813.49,105.69,"102Y"
,64000,高雄市,64000190,岡山區,64000190-005,後紅里,1218,991905,814,634,364,1003,2022.23,248.32,"102Y"
,64000,高雄市,64000190,岡山區,64000190-006,大遼里,373,250136,671,510,321,883,560.23,83.54,"102Y"
,64000,高雄市,64000190,岡山區,64000190-007,忠孝里,782,587196,751,583,333,913,714.36,95.14,"102Y"
,64000,高雄市,64000190,岡山區,64000190-008,和平里,111,86673,781,630,382,995,600.45,76.9,"102Y"
,64000,高雄市,64000190,岡山區,64000190-009,前峰里,840,617942,736,545,342,877,1277.86,173.71,"102Y"
,64000,高雄市,64000190,岡山區,64000190-010,劉厝里,375,283762,757,566,354,915,717.9,94.87,"102Y"
,64000,高雄市,64000190,岡山區,64000190-011,協和里,1107,885349,800,567,347,962,1229.39,153.72,"102Y"
,64000,高雄市,64000190,岡山區,64000190-012,後協里,1669,1207126,723,565,346,947,582.94,80.6,"102Y"
,64000,高雄市,64000190,岡山區,64000190-013,信義里,602,479744,797,724,403,1030,554.84,69.62,"102Y"
,64000,高雄市,64000190,岡山區,64000190-014,潭底里,218,126759,581,483,310,765,416.22,71.58,"102Y"
,64000,高雄市,64000190,岡山區,64000190-015,三和里,227,131184,578,459,283,789,449.13,77.72,"102Y"
,64000,高雄市,64000190,岡山區,64000190-016,仁壽里,1129,1245689,1103,592,362,966,7934.63,719.14,"102Y"
,64000,高雄市,64000190,岡山區,64000190-017,碧紅里,1222,955683,782,597,372,1002,659.85,84.37,"102Y"
,64000,高雄市,64000190,岡山區,64000190-018,程香里,1340,1061547,792,619,368,1004,696.24,87.89,"102Y"
,64000,高雄市,64000190,岡山區,64000190-019,竹圍里,2217,1777174,802,610,359,1021,696.28,86.86,"102Y"
,64000,高雄市,64000190,岡山區,64000190-020,台上里,1708,1319692,773,589,346,1000,735.71,95.22,"102Y"
,64000,高雄市,64000190,岡山區,64000190-021,灣裡里,596,433460,727,565,350,902,679.04,93.37,"102Y"
,64000,高雄市,64000190,岡山區,64000190-022,白米里,559,379495,679,574,332,884,503.18,74.12,"102Y"
,64000,高雄市,64000190,岡山區,64000190-023,石潭里,556,443964,798,604,354,1024,681.75,85.38,"102Y"
,64000,高雄市,64000190,岡山區,64000190-024,福興里,293,182690,624,510,296,813,477.33,76.56,"102Y"
,64000,高雄市,64000190,岡山區,64000190-025,本洲里,505,379406,751,534,327,856,915.78,121.89,"102Y"
,64000,高雄市,64000190,岡山區,64000190-026,嘉興里,1061,753972,711,542,331,890,667.81,93.97,"102Y"
,64000,高雄市,64000190,岡山區,64000190-027,嘉峰里,520,361026,694,566,360,868,538.81,77.61,"102Y"
,64000,高雄市,64000190,岡山區,64000190-028,華崗里,416,281509,677,515,333,848,565.12,83.51,"102Y"
,64000,高雄市,64000190,岡山區,64000190-029,大莊里,256,161168,630,457,316,699,1027.4,163.19,"102Y"
,64000,高雄市,64000190,岡山區,64000190-030,協榮里,676,505063,747,608,342,937,638.79,85.5,"102Y"
,64000,高雄市,64000190,岡山區,64000190-031,為隨里,180,118903,661,552,346,801,534.14,80.86,"102Y"
,64000,高雄市,64000190,岡山區,64000190-032,壽峰里,749,591004,789,590,369,999,724.33,91.8,"102Y"
,64000,高雄市,64000190,岡山區,64000190-033,仁義里,546,411372,753,614,369,1011,586.75,77.88,"102Y"
X,64000,高雄市,64000190,岡山區,64000190-999,其他,4,1440,360,426,328,457,179.4,49.82,"102Y"
,64000,高雄市,64000200,橋頭區,64000200-001,橋頭里,721,699055,970,712,397,1217,1614.86,166.56,"102Y"
,64000,高雄市,64000200,橋頭區,64000200-002,橋南里,378,302570,800,628,361,980,910.04,113.69,"102Y"
,64000,高雄市,64000200,橋頭區,64000200-003,仕隆里,743,616890,830,655,374,1096,692.25,83.38,"102Y"
,64000,高雄市,64000200,橋頭區,64000200-004,仕豐里,723,541277,749,580,350,976,598.46,79.94,"102Y"
,64000,高雄市,64000200,橋頭區,64000200-005,芋寮里,382,297012,778,607,391,972,607.51,78.13,"102Y"
,64000,高雄市,64000200,橋頭區,64000200-006,東林里,722,525429,728,578,368,940,550.73,75.68,"102Y"
,64000,高雄市,64000200,橋頭區,64000200-007,西林里,429,312088,727,554,359,942,565.99,77.8,"102Y"
,64000,高雄市,64000200,橋頭區,64000200-008,白樹里,878,698609,796,593,359,975,1310.04,164.64,"102Y"
,64000,高雄市,64000200,橋頭區,64000200-009,筆秀里,477,346397,726,536,340,868,705.24,97.11,"102Y"
,64000,高雄市,64000200,橋頭區,64000200-010,新莊里,637,591555,929,685,382,1146,883.81,95.17,"102Y"
,64000,高雄市,64000200,橋頭區,64000200-011,甲北里,589,404864,687,522,332,883,596.01,86.71,"102Y"
,64000,高雄市,64000200,橋頭區,64000200-012,甲南里,724,495840,685,523,340,885,583.36,85.18,"102Y"
,64000,高雄市,64000200,橋頭區,64000200-013,頂鹽里,341,249586,732,568,348,903,566.56,77.41,"102Y"
,64000,高雄市,64000200,橋頭區,64000200-014,中崎里,178,124039,697,531,326,875,675.58,96.95,"102Y"
,64000,高雄市,64000200,橋頭區,64000200-015,仕和里,1206,907144,752,565,364,983,611.15,81.25,"102Y"
,64000,高雄市,64000200,橋頭區,64000200-016,德松里,388,307011,791,650,386,1007,590.02,74.57,"102Y"
,64000,高雄市,64000200,橋頭區,64000200-017,三德里,231,149242,646,522,352,812,469.35,72.65,"102Y"
X,64000,高雄市,64000200,橋頭區,64000200-999,其他,0,0,0,0,0,0,0,0,"102Y"
,64000,高雄市,64000210,燕巢區,64000210-001,尖山里,217,144206,665,549,317,817,635.58,95.64,"102Y"
,64000,高雄市,64000210,燕巢區,64000210-002,瓊林里,589,394234,669,521,330,836,586.06,87.56,"102Y"
,64000,高雄市,64000210,燕巢區,64000210-003,安招里,865,610917,706,519,315,843,898.37,127.2,"102Y"
,64000,高雄市,64000210,燕巢區,64000210-004,角宿里,665,476239,716,508,330,875,666.94,93.13,"102Y"
,64000,高雄市,64000210,燕巢區,64000210-005,鳳雄里,574,446896,779,587,341,990,918.49,117.97,"102Y"
,64000,高雄市,64000210,燕巢區,64000210-006,金山里,91,58674,645,454,304,760,570.46,88.47,"102Y"
,64000,高雄市,64000210,燕巢區,64000210-007,東燕里,516,335538,650,494,331,799,516.82,79.48,"102Y"
,64000,高雄市,64000210,燕巢區,64000210-008,南燕里,916,673784,736,569,375,923,682.3,92.76,"102Y"
,64000,高雄市,64000210,燕巢區,64000210-009,西燕里,886,626214,707,553,332,882,650.54,92.04,"102Y"
,64000,高雄市,64000210,燕巢區,64000210-010,橫山里,422,299106,709,531,327,894,677.01,95.52,"102Y"
,64000,高雄市,64000210,燕巢區,64000210-011,深水里,565,354519,627,470,309,757,810.45,129.16,"102Y"
X,64000,高雄市,64000210,燕巢區,64000210-999,其他,0,0,0,0,0,0,0,0,"102Y"
,64000,高雄市,64000220,田寮區,64000220-001,鹿埔里,66,31135,472,438,311,570,229.69,48.69,"102Y"
,64000,高雄市,64000220,田寮區,64000220-002,南安里,195,109671,562,461,319,667,400.19,71.16,"102Y"
,64000,高雄市,64000220,田寮區,64000220-003,大同里,57,30987,544,471,323,693,356.76,65.62,"102Y"
,64000,高雄市,64000220,田寮區,64000220-004,田寮里,66,40035,607,517,329,815,415.74,68.54,"102Y"
,64000,高雄市,64000220,田寮區,64000220-005,七星里,110,74115,674,555,320,880,479.3,71.14,"102Y"
,64000,高雄市,64000220,田寮區,64000220-006,崇德里,179,108531,606,488,299,833,455.42,75.11,"102Y"
,64000,高雄市,64000220,田寮區,64000220-007,西德里,122,71711,588,439,273,815,457.96,77.91,"102Y"
,64000,高雄市,64000220,田寮區,64000220-008,三和里,58,38374,662,431,301,753,616.8,93.23,"102Y"
,64000,高雄市,64000220,田寮區,64000220-009,古亭里,75,36963,493,449,243,641,346.36,70.28,"102Y"
,64000,高雄市,64000220,田寮區,64000220-010,新興里,305,209797,688,548,353,864,559.48,81.34,"102Y"
X,64000,高雄市,64000220,田寮區,64000220-999,其他,0,0,0,0,0,0,0,0,"102Y"
,64000,高雄市,64000230,阿蓮區,64000230-001,石安里,309,192531,623,474,312,748,520.89,83.6,"102Y"
,64000,高雄市,64000230,阿蓮區,64000230-002,中路里,507,366249,722,550,355,840,730.83,101.17,"102Y"
,64000,高雄市,64000230,阿蓮區,64000230-003,?山里,269,160365,596,508,307,820,413.29,69.33,"102Y"
,64000,高雄市,64000230,阿蓮區,64000230-004,港後里,542,359370,663,465,313,809,674.71,101.76,"102Y"
,64000,高雄市,64000230,阿蓮區,64000230-005,崗山里,179,113107,632,447,289,827,533.15,84.37,"102Y"
,64000,高雄市,64000230,阿蓮區,64000230-006,阿蓮里,1386,983019,709,514,326,886,856.18,120.72,"102Y"
,64000,高雄市,64000230,阿蓮區,64000230-007,清蓮里,709,499474,704,531,337,852,681.54,96.74,"102Y"
,64000,高雄市,64000230,阿蓮區,64000230-008,和蓮里,570,414893,728,546,340,906,600.81,82.54,"102Y"
,64000,高雄市,64000230,阿蓮區,64000230-009,青旗里,360,243123,675,483,293,782,718.97,106.46,"102Y"
,64000,高雄市,64000230,阿蓮區,64000230-010,復安里,424,266792,629,467,291,758,546.67,86.88,"102Y"
,64000,高雄市,64000230,阿蓮區,64000230-011,玉庫里,244,158220,648,481,329,800,704.53,108.65,"102Y"
,64000,高雄市,64000230,阿蓮區,64000230-012,南蓮里,774,516145,667,522,308,819,612.62,91.87,"102Y"
X,64000,高雄市,64000230,阿蓮區,64000230-999,其他,3,2153,718,806,581,898,325.76,45.38,"102Y"
,64000,高雄市,64000240,路竹區,64000240-001,竹滬里,832,586459,705,511,328,878,664.52,94.27,"102Y"
,64000,高雄市,64000240,路竹區,64000240-002,頂寮里,271,191018,705,527,342,801,1194.69,169.49,"102Y"
,64000,高雄市,64000240,路竹區,64000240-003,新達里,305,193953,636,482,297,801,543.82,85.52,"102Y"
,64000,高雄市,64000240,路竹區,64000240-004,後鄉里,360,254765,708,536,336,910,572.08,80.84,"102Y"
,64000,高雄市,64000240,路竹區,64000240-005,北嶺里,395,265638,673,515,345,839,556.29,82.72,"102Y"
,64000,高雄市,64000240,路竹區,64000240-006,社西里,653,433721,664,524,335,813,532.87,80.23,"102Y"
,64000,高雄市,64000240,路竹區,64000240-007,甲北里,628,437540,697,546,345,840,618.05,88.71,"102Y"
,64000,高雄市,64000240,路竹區,64000240-008,甲南里,941,639502,680,529,331,864,561.61,82.64,"102Y"
,64000,高雄市,64000240,路竹區,64000240-009,下坑里,693,462981,668,506,317,777,973.08,145.65,"102Y"
,64000,高雄市,64000240,路竹區,64000240-010,竹園里,462,296812,642,524,323,793,508.4,79.13,"102Y"
,64000,高雄市,64000240,路竹區,64000240-011,竹東里,1130,907026,803,602,366,980,814.22,101.44,"102Y"
,64000,高雄市,64000240,路竹區,64000240-012,竹西里,675,483243,716,536,320,869,724.68,101.22,"102Y"
,64000,高雄市,64000240,路竹區,64000240-013,文北里,943,661259,701,535,350,895,545.05,77.73,"102Y"
,64000,高雄市,64000240,路竹區,64000240-014,文南里,747,576744,772,619,372,984,584.19,75.66,"102Y"
,64000,高雄市,64000240,路竹區,64000240-015,三爺里,274,240969,879,539,340,944,1314.23,149.44,"102Y"
,64000,高雄市,64000240,路竹區,64000240-016,鴨寮里,605,455597,753,553,354,984,710.61,94.36,"102Y"
,64000,高雄市,64000240,路竹區,64000240-017,社東里,499,336376,674,512,341,847,540.09,80.12,"102Y"
,64000,高雄市,64000240,路竹區,64000240-018,社中里,267,158184,592,483,329,756,408.41,68.94,"102Y"
,64000,高雄市,64000240,路竹區,64000240-019,竹南里,902,900340,998,600,361,1068,1697.34,170.05,"102Y"
,64000,高雄市,64000240,路竹區,64000240-020,社南里,1479,1118857,756,573,352,926,714.49,94.45,"102Y"
X,64000,高雄市,64000240,路竹區,64000240-999,其他,0,0,0,0,0,0,0,0,"102Y"
,64000,高雄市,64000250,湖內區,64000250-001,海山里,257,180700,703,487,314,858,714.46,101.61,"102Y"
,64000,高雄市,64000250,湖內區,64000250-002,劉家里,210,120741,575,466,323,741,380.51,66.18,"102Y"
,64000,高雄市,64000250,湖內區,64000250-003,太爺里,250,173807,695,506,284,880,611.94,88.02,"102Y"
,64000,高雄市,64000250,湖內區,64000250-004,公?里,662,455487,688,565,337,893,528.61,76.83,"102Y"
,64000,高雄市,64000250,湖內區,64000250-005,葉厝里,755,497566,659,516,320,848,516.32,78.35,"102Y"
,64000,高雄市,64000250,湖內區,64000250-006,大湖里,1091,951394,872,581,344,910,3390.68,388.82,"102Y"
,64000,高雄市,64000250,湖內區,64000250-007,田尾里,334,247731,742,518,344,863,722.58,97.42,"102Y"
,64000,高雄市,64000250,湖內區,64000250-008,湖內里,1009,681265,675,544,337,830,518.63,76.81,"102Y"
,64000,高雄市,64000250,湖內區,64000250-009,海埔里,446,264306,593,468,304,726,487.6,82.28,"102Y"
,64000,高雄市,64000250,湖內區,64000250-010,文賢里,294,195932,666,485,313,809,650.87,97.66,"102Y"
,64000,高雄市,64000250,湖內區,64000250-011,中賢里,535,304913,570,458,300,709,434.97,76.32,"102Y"
,64000,高雄市,64000250,湖內區,64000250-012,逸賢里,255,137004,537,421,279,684,420.03,78.18,"102Y"
,64000,高雄市,64000250,湖內區,64000250-013,忠興里,157,93287,594,473,341,712,439.92,74.04,"102Y"
,64000,高雄市,64000250,湖內區,64000250-014,湖東里,710,506781,714,515,330,841,1063.83,149.04,"102Y"
X,64000,高雄市,64000250,湖內區,64000250-999,其他,2,1123,561,561,518,605,122.17,21.76,"102Y"
,64000,高雄市,64000260,茄萣區,64000260-001,福德里,226,132356,586,473,317,706,474.49,81.02,"102Y"
,64000,高雄市,64000260,茄萣區,64000260-002,萬福里,198,117551,594,435,296,696,500.82,84.36,"102Y"
,64000,高雄市,64000260,茄萣區,64000260-003,白雲里,402,239966,597,462,308,738,479.4,80.31,"102Y"
,64000,高雄市,64000260,茄萣區,64000260-004,嘉賜里,952,577394,607,485,325,784,481.75,79.43,"102Y"
,64000,高雄市,64000260,茄萣區,64000260-005,嘉安里,423,234640,555,449,306,670,409.52,73.83,"102Y"
,64000,高雄市,64000260,茄萣區,64000260-006,嘉定里,251,149402,595,476,320,734,475.51,79.89,"102Y"
,64000,高雄市,64000260,茄萣區,64000260-007,保定里,748,421655,564,444,288,713,443.03,78.59,"102Y"
,64000,高雄市,64000260,茄萣區,64000260-008,光定里,218,118084,542,411,281,694,440.27,81.28,"102Y"
,64000,高雄市,64000260,茄萣區,64000260-009,大定里,264,157926,598,438,291,626,1068.24,178.58,"102Y"
,64000,高雄市,64000260,茄萣區,64000260-010,吉定里,241,156800,651,515,330,804,496.53,76.32,"102Y"
,64000,高雄市,64000260,茄萣區,64000260-011,嘉樂里,499,279573,560,439,301,699,418.31,74.66,"102Y"
,64000,高雄市,64000260,茄萣區,64000260-012,嘉泰里,252,144918,575,457,308,652,464.23,80.73,"102Y"
,64000,高雄市,64000260,茄萣區,64000260-013,嘉福里,205,105493,515,407,295,633,404.86,78.68,"102Y"
,64000,高雄市,64000260,茄萣區,64000260-014,和協里,252,141814,563,473,314,683,403.55,71.71,"102Y"
,64000,高雄市,64000260,茄萣區,64000260-015,崎漏里,997,577130,579,456,293,708,484.67,83.73,"102Y"
X,64000,高雄市,64000260,茄萣區,64000260-999,其他,6,3111,518,384,314,485,394.9,76.16,"102Y"
,64000,高雄市,64000270,永安區,64000270-001,永安里,399,248543,623,499,301,834,468.31,75.18,"102Y"
,64000,高雄市,64000270,永安區,64000270-002,永華里,453,321121,709,527,329,854,613.49,86.54,"102Y"
,64000,高雄市,64000270,永安區,64000270-003,新港里,513,296362,578,467,268,770,429.67,74.38,"102Y"
,64000,高雄市,64000270,永安區,64000270-004,鹽田里,89,62689,704,540,301,844,659.77,93.67,"102Y"
,64000,高雄市,64000270,永安區,64000270-005,保寧里,690,464162,673,523,327,864,568.79,84.55,"102Y"
,64000,高雄市,64000270,永安區,64000270-006,維新里,1013,656341,648,510,315,810,519.12,80.12,"102Y"
X,64000,高雄市,64000270,永安區,64000270-999,其他,0,0,0,0,0,0,0,0,"102Y"
,64000,高雄市,64000280,彌陀區,64000280-001,光和里,301,178453,593,489,315,753,446.8,75.36,"102Y"
,64000,高雄市,64000280,彌陀區,64000280-002,彌靖里,505,349471,692,501,304,784,1716.65,248.06,"102Y"
,64000,高雄市,64000280,彌陀區,64000280-003,彌仁里,136,76084,559,449,264,734,402.84,72.01,"102Y"
,64000,高雄市,64000280,彌陀區,64000280-004,彌壽里,180,133883,744,569,345,948,560.24,75.32,"102Y"
,64000,高雄市,64000280,彌陀區,64000280-005,彌陀里,450,313035,696,542,321,879,782.96,112.55,"102Y"
,64000,高雄市,64000280,彌陀區,64000280-006,舊港里,351,204834,584,478,318,746,423.39,72.55,"102Y"
,64000,高雄市,64000280,彌陀區,64000280-007,文安里,410,227658,555,428,307,656,449.39,80.93,"102Y"
,64000,高雄市,64000280,彌陀區,64000280-008,鹽埕里,457,280347,613,477,326,760,508.75,82.93,"102Y"
,64000,高雄市,64000280,彌陀區,64000280-009,過港里,204,129380,634,498,307,771,646.5,101.94,"102Y"
,64000,高雄市,64000280,彌陀區,64000280-010,海尾里,172,100213,583,437,293,802,422.75,72.56,"102Y"
,64000,高雄市,64000280,彌陀區,64000280-011,漯底里,274,167357,611,464,318,762,484.55,79.33,"102Y"
,64000,高雄市,64000280,彌陀區,64000280-012,南寮里,418,248853,595,489,314,753,461.45,77.51,"102Y"
X,64000,高雄市,64000280,彌陀區,64000280-999,其他,0,0,0,0,0,0,0,0,"102Y"
,64000,高雄市,64000290,梓官區,64000290-001,梓信里,622,433746,697,525,322,844,664.16,95.24,"102Y"
,64000,高雄市,64000290,梓官區,64000290-002,梓義里,561,408082,727,552,309,903,667.79,91.8,"102Y"
,64000,高雄市,64000290,梓官區,64000290-003,梓和里,685,465181,679,526,329,859,571.99,84.23,"102Y"
,64000,高雄市,64000290,梓官區,64000290-004,梓平里,417,295174,708,578,354,903,539.08,76.16,"102Y"
,64000,高雄市,64000290,梓官區,64000290-005,中崙里,312,218668,701,577,336,961,512.07,73.06,"102Y"
,64000,高雄市,64000290,梓官區,64000290-006,赤崁里,486,294659,606,495,321,760,475.67,78.46,"102Y"
,64000,高雄市,64000290,梓官區,64000290-007,禮蚵里,486,296155,609,489,310,760,513.79,84.31,"102Y"
,64000,高雄市,64000290,梓官區,64000290-008,智蚵里,658,419430,637,515,327,805,480.06,75.31,"102Y"
,64000,高雄市,64000290,梓官區,64000290-009,信蚵里,486,299057,615,472,304,747,799.47,129.92,"102Y"
,64000,高雄市,64000290,梓官區,64000290-010,同安里,266,172709,649,504,297,856,532.1,81.95,"102Y"
,64000,高雄市,64000290,梓官區,64000290-011,大舍里,937,583071,622,489,313,816,480.71,77.25,"102Y"
,64000,高雄市,64000290,梓官區,64000290-012,赤東里,556,330212,594,481,303,765,447.76,75.39,"102Y"
,64000,高雄市,64000290,梓官區,64000290-013,赤西里,179,105365,589,472,318,716,486.32,82.62,"102Y"
,64000,高雄市,64000290,梓官區,64000290-014,茄苳里,570,343261,602,500,319,769,444.34,73.78,"102Y"
,64000,高雄市,64000290,梓官區,64000290-015,典寶里,753,561805,746,528,338,928,739.05,99.06,"102Y"
X,64000,高雄市,64000290,梓官區,64000290-999,其他,0,0,0,0,0,0,0,0,"102Y"
,64000,高雄市,64000300,旗山區,64000300-001,太平里,558,382377,685,507,313,864,676.26,98.69,"102Y"
,64000,高雄市,64000300,旗山區,64000300-002,大德里,692,470245,680,565,316,870,558.13,82.13,"102Y"
,64000,高雄市,64000300,旗山區,64000300-003,湄洲里,475,334286,704,538,294,887,639.65,90.89,"102Y"
,64000,高雄市,64000300,旗山區,64000300-004,圓富里,357,207288,581,453,283,741,510.52,87.92,"102Y"
,64000,高雄市,64000300,旗山區,64000300-005,中正里,277,166339,601,482,292,718,458.09,76.28,"102Y"
,64000,高雄市,64000300,旗山區,64000300-006,大林里,224,135263,604,480,345,740,428.72,71,"102Y"
,64000,高雄市,64000300,旗山區,64000300-007,上洲里,200,124963,625,527,326,833,454.54,72.75,"102Y"
,64000,高雄市,64000300,旗山區,64000300-008,新光里,163,103250,633,490,298,795,554.78,87.58,"102Y"
,64000,高雄市,64000300,旗山區,64000300-009,南勝里,411,261692,637,471,282,785,575.45,90.38,"102Y"
,64000,高雄市,64000300,旗山區,64000300-010,中寮里,21,9721,463,377,129,610,393.6,85.03,"102Y"
,64000,高雄市,64000300,旗山區,64000300-011,東平里,434,312608,720,587,341,949,539.48,74.9,"102Y"
,64000,高雄市,64000300,旗山區,64000300-012,東昌里,240,157597,657,524,297,861,533.72,81.28,"102Y"
,64000,高雄市,64000300,旗山區,64000300-013,竹峰里,355,300943,848,598,351,1123,751.01,88.59,"102Y"
,64000,高雄市,64000300,旗山區,64000300-014,瑞吉里,453,291024,642,499,303,863,523.37,81.47,"102Y"
,64000,高雄市,64000300,旗山區,64000300-015,永和里,795,540068,679,536,343,862,556.71,81.95,"102Y"
,64000,高雄市,64000300,旗山區,64000300-016,三協里,454,312857,689,503,302,898,576.9,83.72,"102Y"
,64000,高雄市,64000300,旗山區,64000300-017,鯤洲里,148,119662,809,515,346,825,1154.28,142.76,"102Y"
,64000,高雄市,64000300,旗山區,64000300-018,大山里,283,185803,657,508,333,877,500.73,76.27,"102Y"
,64000,高雄市,64000300,旗山區,64000300-019,中洲里,116,81223,700,552,333,874,599.86,85.67,"102Y"
,64000,高雄市,64000300,旗山區,64000300-020,南洲里,271,184724,682,535,315,896,584.39,85.73,"102Y"
,64000,高雄市,64000300,旗山區,64000300-021,廣福里,131,110881,846,593,341,903,1152.22,136.13,"102Y"
X,64000,高雄市,64000300,旗山區,64000300-999,其他,0,0,0,0,0,0,0,0,"102Y"
,64000,高雄市,64000310,美濃區,64000310-001,福安里,568,453585,799,575,357,978,1103.47,138.18,"102Y"
,64000,高雄市,64000310,美濃區,64000310-002,合和里,538,381194,709,539,325,899,603.62,85.19,"102Y"
,64000,高雄市,64000310,美濃區,64000310-003,祿興里,534,384748,721,575,324,965,563.29,78.18,"102Y"
,64000,高雄市,64000310,美濃區,64000310-004,中壇里,446,336628,755,605,351,952,617.14,81.76,"102Y"
,64000,高雄市,64000310,美濃區,64000310-005,德興里,309,223480,723,583,341,966,578.47,79.98,"102Y"
,64000,高雄市,64000310,美濃區,64000310-006,龍山里,438,317548,725,569,358,958,538.96,74.34,"102Y"
,64000,高雄市,64000310,美濃區,64000310-007,獅山里,469,325684,694,548,372,887,507.99,73.15,"102Y"
,64000,高雄市,64000310,美濃區,64000310-008,龍肚里,316,230007,728,565,345,981,544.16,74.76,"102Y"
,64000,高雄市,64000310,美濃區,64000310-009,廣德里,233,160216,688,565,362,828,533.64,77.61,"102Y"
,64000,高雄市,64000310,美濃區,64000310-010,興隆里,226,157956,699,549,362,892,543.45,77.76,"102Y"
,64000,高雄市,64000310,美濃區,64000310-011,中圳里,438,344291,786,569,339,984,669.26,85.14,"102Y"
,64000,高雄市,64000310,美濃區,64000310-012,東門里,281,201155,716,540,347,951,540.25,75.47,"102Y"
,64000,高雄市,64000310,美濃區,64000310-013,泰安里,385,302594,786,604,351,1047,674.39,85.81,"102Y"
,64000,高雄市,64000310,美濃區,64000310-014,瀰濃里,505,396974,786,607,375,1035,619.31,78.78,"102Y"
,64000,高雄市,64000310,美濃區,64000310-015,清水里,376,263803,702,600,390,895,526,74.97,"102Y"
,64000,高雄市,64000310,美濃區,64000310-016,吉洋里,330,222458,674,566,367,849,499.61,74.11,"102Y"
,64000,高雄市,64000310,美濃區,64000310-017,吉和里,272,196588,723,544,350,929,650.81,90.05,"102Y"
,64000,高雄市,64000310,美濃區,64000310-018,吉東里,336,214408,638,485,306,833,521.38,81.71,"102Y"
,64000,高雄市,64000310,美濃區,64000310-019,廣林里,265,186146,702,542,356,952,522.5,74.38,"102Y"
X,64000,高雄市,64000310,美濃區,64000310-999,其他,0,0,0,0,0,0,0,0,"102Y"
,64000,高雄市,64000320,六龜區,64000320-001,新威里,117,74011,633,555,353,850,410.41,64.88,"102Y"
,64000,高雄市,64000320,六龜區,64000320-002,新興里,77,49517,643,445,280,805,652.31,101.44,"102Y"
,64000,高雄市,64000320,六龜區,64000320-003,新寮里,78,54406,698,531,351,924,579.97,83.15,"102Y"
,64000,高雄市,64000320,六龜區,64000320-004,新發里,131,76019,580,437,285,685,540.6,93.16,"102Y"
,64000,高雄市,64000320,六龜區,64000320-005,荖濃里,129,64434,499,403,245,591,387.24,77.53,"102Y"
,64000,高雄市,64000320,六龜區,64000320-006,六龜里,133,77452,582,496,277,750,452.62,77.72,"102Y"
,64000,高雄市,64000320,六龜區,64000320-007,義寶里,193,117334,608,475,311,743,488.73,80.39,"102Y"
,64000,高雄市,64000320,六龜區,64000320-008,興龍里,97,43029,444,380,254,574,287.86,64.89,"102Y"
,64000,高雄市,64000320,六龜區,64000320-009,中興里,221,140534,636,502,312,746,751.27,118.14,"102Y"
,64000,高雄市,64000320,六龜區,64000320-010,寶來里,122,70196,575,468,239,709,475.09,82.57,"102Y"
,64000,高雄市,64000320,六龜區,64000320-011,文武里,207,122364,591,478,307,718,451.12,76.31,"102Y"
,64000,高雄市,64000320,六龜區,64000320-012,大津里,48,25669,535,480,372,597,305.06,57.05,"102Y"
X,64000,高雄市,64000320,六龜區,64000320-999,其他,0,0,0,0,0,0,0,0,"102Y"
,64000,高雄市,64000330,甲仙區,64000330-001,東安里,88,54811,623,495,335,760,488.49,78.43,"102Y"
,64000,高雄市,64000330,甲仙區,64000330-002,西安里,172,113879,662,536,318,797,497.85,75.19,"102Y"
,64000,高雄市,64000330,甲仙區,64000330-003,和安里,113,74544,660,509,304,762,689.49,104.52,"102Y"
,64000,高雄市,64000330,甲仙區,64000330-004,大田里,244,113043,463,394,246,636,341.12,73.63,"102Y"
,64000,高雄市,64000330,甲仙區,64000330-005,寶隆里,111,46921,423,372,241,557,282.9,66.93,"102Y"
,64000,高雄市,64000330,甲仙區,64000330-006,關山里,67,33484,500,393,254,654,427.39,85.52,"102Y"
,64000,高雄市,64000330,甲仙區,64000330-007,小林里,71,33032,465,403,249,593,317.62,68.27,"102Y"
X,64000,高雄市,64000330,甲仙區,64000330-999,其他,0,0,0,0,0,0,0,0,"102Y"
,64000,高雄市,64000340,杉林區,64000340-001,杉林里,101,43698,433,345,228,532,377.09,87.16,"102Y"
,64000,高雄市,64000340,杉林區,64000340-002,木梓里,79,40699,515,447,280,587,422.15,81.94,"102Y"
,64000,高雄市,64000340,杉林區,64000340-003,集來里,168,94640,563,462,293,708,487.68,86.57,"102Y"
,64000,高雄市,64000340,杉林區,64000340-004,新庄里,265,171786,648,529,343,818,453.63,69.98,"102Y"
,64000,高雄市,64000340,杉林區,64000340-005,上平里,289,170282,589,462,308,718,460.16,78.1,"102Y"
,64000,高雄市,64000340,杉林區,64000340-006,月眉里,546,346371,634,514,342,809,473.44,74.63,"102Y"
,64000,高雄市,64000340,杉林區,64000340-007,月美里,201,129193,643,482,325,812,530.95,82.61,"102Y"
X,64000,高雄市,64000340,杉林區,64000340-999,其他,1,0,0,0,0,0,0,0,"102Y"
,64000,高雄市,64000350,內門區,64000350-001,溝坪里,151,82615,547,436,266,684,482.94,88.27,"102Y"
,64000,高雄市,64000350,內門區,64000350-002,金竹里,89,45993,517,430,279,623,442.35,85.6,"102Y"
,64000,高雄市,64000350,內門區,64000350-003,永富里,172,97159,565,438,308,649,470.88,83.36,"102Y"
,64000,高雄市,64000350,內門區,64000350-004,永吉里,68,42647,627,453,322,789,502.89,80.18,"102Y"
,64000,高雄市,64000350,內門區,64000350-005,永興里,68,35478,522,497,311,708,271.6,52.06,"102Y"
,64000,高雄市,64000350,內門區,64000350-006,石坑里,69,42440,615,501,359,762,414,67.31,"102Y"
,64000,高雄市,64000350,內門區,64000350-007,內門里,186,115238,620,519,344,824,410.34,66.23,"102Y"
,64000,高雄市,64000350,內門區,64000350-008,內豊里,214,111938,523,404,267,671,412.58,78.88,"102Y"
,64000,高雄市,64000350,內門區,64000350-009,觀亭里,325,200185,616,506,276,733,570.76,92.66,"102Y"
,64000,高雄市,64000350,內門區,64000350-010,中埔里,101,60855,603,450,349,731,462.64,76.78,"102Y"
,64000,高雄市,64000350,內門區,64000350-011,內東里,125,73086,585,426,303,701,557.78,95.4,"102Y"
,64000,高雄市,64000350,內門區,64000350-012,內南里,71,39979,563,422,237,701,448.93,79.73,"102Y"
,64000,高雄市,64000350,內門區,64000350-013,東埔里,85,55634,655,447,302,741,718.83,109.82,"102Y"
,64000,高雄市,64000350,內門區,64000350-014,三平里,89,49010,551,470,276,698,395.47,71.82,"102Y"
,64000,高雄市,64000350,內門區,64000350-015,木柵里,83,44172,532,449,287,679,386.67,72.66,"102Y"
,64000,高雄市,64000350,內門區,64000350-016,內興里,84,45133,537,442,261,669,407.73,75.89,"102Y"
,64000,高雄市,64000350,內門區,64000350-017,瑞山里,41,28380,692,476,249,939,656.3,94.81,"102Y"
,64000,高雄市,64000350,內門區,64000350-018,光興里,90,54322,604,536,284,761,428.99,71.07,"102Y"
X,64000,高雄市,64000350,內門區,64000350-999,其他,0,0,0,0,0,0,0,0,"102Y"
,64000,高雄市,64000360,茂林區,64000360-001,茂林里,169,122423,724,631,374,1017,473.96,65.43,"102Y"
,64000,高雄市,64000360,茂林區,64000360-002,萬山里,62,52545,847,588,328,1020,927.2,109.4,"102Y"
,64000,高雄市,64000360,茂林區,64000360-003,多納里,84,50253,598,472,359,812,396.15,66.22,"102Y"
X,64000,高雄市,64000360,茂林區,64000360-999,其他,0,0,0,0,0,0,0,0,"102Y"
,64000,高雄市,64000370,桃源區,64000370-001,桃源里,124,82748,667,589,322,843,455.01,68.18,"102Y"
,64000,高雄市,64000370,桃源區,64000370-002,寶山里,85,57700,679,559,373,969,439.38,64.73,"102Y"
,64000,高雄市,64000370,桃源區,64000370-003,建山里,102,61844,606,530,404,739,422.46,69.68,"102Y"
,64000,高雄市,64000370,桃源區,64000370-004,高中里,85,63403,746,618,439,881,528.93,70.91,"102Y"
,64000,高雄市,64000370,桃源區,64000370-005,勤和里,35,17413,498,462,322,669,276.31,55.54,"102Y"
,64000,高雄市,64000370,桃源區,64000370-006,復興里,30,23806,794,706,513,1043,431.43,54.37,"102Y"
,64000,高雄市,64000370,桃源區,64000370-007,拉芙蘭里,53,38575,728,654,391,1061,436.86,60.02,"102Y"
,64000,高雄市,64000370,桃源區,64000370-008,梅山里,41,26001,634,505,376,742,409.18,64.52,"102Y"
X,64000,高雄市,64000370,桃源區,64000370-999,其他,0,0,0,0,0,0,0,0,"102Y"
,64000,高雄市,64000380,那瑪夏區,64000380-001,達卡努瓦里,198,123907,626,513,314,780,469.4,75.01,"102Y"
,64000,高雄市,64000380,那瑪夏區,64000380-002,瑪雅里,115,89789,781,644,378,1057,513.48,65.77,"102Y"
,64000,高雄市,64000380,那瑪夏區,64000380-003,南沙魯里,83,41419,499,427,253,642,390.18,78.19,"102Y"
X,64000,高雄市,64000380,那瑪夏區,64000380-999,其他,0,0,0,0,0,0,0,0,"102Y"
,65000,新北市,65000010,板橋區,65000010-001,留侯里,457,416758,912,586,363,961,1880.73,206.23,"102Y"
,65000,新北市,65000010,板橋區,65000010-002,流芳里,455,456929,1004,623,345,1148,2352.66,234.27,"102Y"
,65000,新北市,65000010,板橋區,65000010-003,赤松里,252,268625,1066,698,366,1247,1783.93,167.35,"102Y"
,65000,新北市,65000010,板橋區,65000010-004,黃石里,325,239347,736,518,302,965,689.92,93.68,"102Y"
,65000,新北市,65000010,板橋區,65000010-005,挹秀里,573,655171,1143,712,388,1437,1379.24,120.63,"102Y"
,65000,新北市,65000010,板橋區,65000010-006,湳興里,1631,1313145,805,595,354,1010,755.54,93.84,"102Y"
,65000,新北市,65000010,板橋區,65000010-007,新興里,902,714234,792,596,340,995,785.57,99.21,"102Y"
,65000,新北市,65000010,板橋區,65000010-008,社後里,1696,1216076,717,541,328,880,655.37,91.4,"102Y"
,65000,新北市,65000010,板橋區,65000010-009,香社里,1269,941050,742,562,358,909,668.05,90.09,"102Y"
,65000,新北市,65000010,板橋區,65000010-010,中正里,1283,943827,736,550,354,953,619.89,84.26,"102Y"
,65000,新北市,65000010,板橋區,65000010-011,自強里,1907,1785468,936,643,384,1172,1221.24,130.44,"102Y"
,65000,新北市,65000010,板橋區,65000010-012,自立里,829,567191,684,531,344,848,563.46,82.35,"102Y"
,65000,新北市,65000010,板橋區,65000010-013,光華里,916,792019,865,588,329,1041,1165.56,134.8,"102Y"
,65000,新北市,65000010,板橋區,65000010-014,國光里,1281,1281703,1001,691,391,1337,951,95.05,"102Y"
,65000,新北市,65000010,板橋區,65000010-015,港尾里,984,929324,944,635,364,1202,1012.04,107.16,"102Y"
,65000,新北市,65000010,板橋區,65000010-016,金華里,1162,795639,685,511,326,857,635.04,92.74,"102Y"
,65000,新北市,65000010,板橋區,65000010-017,港德里,1371,1029339,751,550,341,877,754.56,100.5,"102Y"
,65000,新北市,65000010,板橋區,65000010-018,民權里,801,627418,783,571,350,956,749.34,95.67,"102Y"
,65000,新北市,65000010,板橋區,65000010-019,建國里,1040,718178,691,525,333,872,574.74,83.23,"102Y"
,65000,新北市,65000010,板橋區,65000010-020,漢生里,1463,1353167,925,610,378,1117,1125.8,121.72,"102Y"
,65000,新北市,65000010,板橋區,65000010-021,公?里,1123,876347,780,564,344,987,701.79,89.93,"102Y"
,65000,新北市,65000010,板橋區,65000010-022,新民里,1341,1164253,868,630,360,1093,986.44,113.62,"102Y"
,65000,新北市,65000010,板橋區,65000010-023,幸福里,1161,817988,705,533,336,891,614,87.15,"102Y"
,65000,新北市,65000010,板橋區,65000010-024,忠誠里,1319,1250372,948,651,380,1284,907.85,95.77,"102Y"
,65000,新北市,65000010,板橋區,65000010-025,百壽里,636,564538,888,565,356,949,2374.8,267.54,"102Y"
,65000,新北市,65000010,板橋區,65000010-026,介壽里,883,715862,811,581,357,997,824.43,101.69,"102Y"
,65000,新北市,65000010,板橋區,65000010-027,新埔里,668,564541,845,570,329,1006,1021.17,120.83,"102Y"
,65000,新北市,65000010,板橋區,65000010-028,華江里,2344,2557441,1091,730,391,1360,1298.32,119,"102Y"
,65000,新北市,65000010,板橋區,65000010-029,江翠里,1398,1235339,884,569,343,971,1407.34,159.26,"102Y"
,65000,新北市,65000010,板橋區,65000010-030,純翠里,1646,1314645,799,610,359,1011,714.64,89.48,"102Y"
,65000,新北市,65000010,板橋區,65000010-031,溪頭里,1745,1459957,837,581,361,1009,888.36,106.18,"102Y"
,65000,新北市,65000010,板橋區,65000010-032,聯翠里,1260,1345029,1067,726,390,1338,1123.24,105.22,"102Y"
,65000,新北市,65000010,板橋區,65000010-033,宏翠里,1555,1293004,832,618,368,1061,785.72,94.49,"102Y"
,65000,新北市,65000010,板橋區,65000010-034,仁翠里,818,514985,630,511,323,791,480.58,76.34,"102Y"
,65000,新北市,65000010,板橋區,65000010-035,新翠里,2573,2292048,891,645,384,1096,1086.72,121.99,"102Y"
,65000,新北市,65000010,板橋區,65000010-036,吉翠里,996,665247,668,500,318,859,574.3,85.98,"102Y"
,65000,新北市,65000010,板橋區,65000010-037,德翠里,2184,1890732,866,642,380,1133,742.09,85.72,"102Y"
,65000,新北市,65000010,板橋區,65000010-038,滿翠里,804,540435,672,536,327,834,569.87,84.78,"102Y"
,65000,新北市,65000010,板橋區,65000010-039,明翠里,1376,1029422,748,550,334,911,715.44,95.63,"102Y"
,65000,新北市,65000010,板橋區,65000010-040,松翠里,1061,888270,837,599,354,987,867.68,103.64,"102Y"
,65000,新北市,65000010,板橋區,65000010-041,柏翠里,1194,1290766,1081,630,369,1179,2353.78,217.73,"102Y"
,65000,新北市,65000010,板橋區,65000010-042,龍翠里,1594,1483410,931,585,356,1073,1185.48,127.39,"102Y"
,65000,新北市,65000010,板橋區,65000010-043,華翠里,1148,1005883,876,574,360,1059,885.16,101.02,"102Y"
,65000,新北市,65000010,板橋區,65000010-044,忠翠里,3347,4333627,1295,818,438,1672,1634.97,126.27,"102Y"
,65000,新北市,65000010,板橋區,65000010-045,嵐翠里,636,444652,699,525,327,798,1004.87,143.73,"102Y"
,65000,新北市,65000010,板橋區,65000010-046,文翠里,1253,995118,794,557,344,944,915.26,115.24,"102Y"
,65000,新北市,65000010,板橋區,65000010-047,青翠里,804,582850,725,540,336,860,672.04,92.7,"102Y"
,65000,新北市,65000010,板橋區,65000010-048,懷翠里,1675,1232667,736,535,328,942,641.66,87.19,"102Y"
,65000,新北市,65000010,板橋區,65000010-049,福翠里,397,257354,648,513,336,772,530.47,81.83,"102Y"
,65000,新北市,65000010,板橋區,65000010-050,港嘴里,1842,1447804,786,556,346,980,741.07,94.28,"102Y"
,65000,新北市,65000010,板橋區,65000010-051,振興里,1315,938531,714,524,330,874,668.21,93.62,"102Y"
,65000,新北市,65000010,板橋區,65000010-052,振義里,1143,860034,752,573,359,941,659.79,87.69,"102Y"
,65000,新北市,65000010,板橋區,65000010-053,光復里,983,802956,817,584,364,1013,812.35,99.45,"102Y"
,65000,新北市,65000010,板橋區,65000010-054,埔墘里,2000,1732032,866,599,360,1066,926.58,106.99,"102Y"
,65000,新北市,65000010,板橋區,65000010-055,長壽里,887,651522,735,552,342,939,626.77,85.33,"102Y"
,65000,新北市,65000010,板橋區,65000010-056,福壽里,1054,1099561,1043,603,353,1120,2126.75,203.86,"102Y"
,65000,新北市,65000010,板橋區,65000010-057,海山里,2359,2427787,1029,644,369,1246,1307.93,127.09,"102Y"
,65000,新北市,65000010,板橋區,65000010-058,九如里,780,582717,747,540,334,944,894.26,119.7,"102Y"
,65000,新北市,65000010,板橋區,65000010-059,玉光里,1565,1212502,775,583,365,954,722.78,93.29,"102Y"
,65000,新北市,65000010,板橋區,65000010-060,光仁里,856,612965,716,543,328,911,673.48,94.05,"102Y"
,65000,新北市,65000010,板橋區,65000010-061,埤墘里,1190,1043178,877,612,376,1075,876.47,99.98,"102Y"
,65000,新北市,65000010,板橋區,65000010-062,永安里,1035,867401,838,582,376,1058,804.27,95.97,"102Y"
,65000,新北市,65000010,板橋區,65000010-063,雙玉里,1064,838743,788,587,352,1005,694.67,88.12,"102Y"
,65000,新北市,65000010,板橋區,65000010-064,廣新里,884,609720,690,561,344,869,534.38,77.48,"102Y"
,65000,新北市,65000010,板橋區,65000010-065,深丘里,2797,3923816,1403,785,408,1553,2518.27,179.51,"102Y"
,65000,新北市,65000010,板橋區,65000010-066,香丘里,1179,1019864,865,565,334,1020,1867.76,215.92,"102Y"
,65000,新北市,65000010,板橋區,65000010-067,西安里,786,667713,850,581,370,1024,1027.63,120.97,"102Y"
,65000,新北市,65000010,板橋區,65000010-068,東丘里,1346,1135304,843,581,334,998,952.3,112.9,"102Y"
,65000,新北市,65000010,板橋區,65000010-069,長安里,1361,1185472,871,615,368,1146,833.7,95.71,"102Y"
,65000,新北市,65000010,板橋區,65000010-070,福丘里,1699,3009758,1771,922,439,1899,3824.52,215.89,"102Y"
,65000,新北市,65000010,板橋區,65000010-071,福祿里,1182,1052763,891,628,366,1207,876.54,98.41,"102Y"
,65000,新北市,65000010,板橋區,65000010-072,民族里,1395,1371905,983,676,378,1216,1001.84,101.87,"102Y"
,65000,新北市,65000010,板橋區,65000010-073,國泰里,1148,1048852,914,639,367,1169,1024.58,112.14,"102Y"
,65000,新北市,65000010,板橋區,65000010-074,福德里,1594,1411263,885,626,375,1101,970.78,109.65,"102Y"
,65000,新北市,65000010,板橋區,65000010-075,景星里,1087,1011256,930,638,362,1174,1035.95,111.35,"102Y"
,65000,新北市,65000010,板橋區,65000010-076,福星里,1161,1097099,945,677,371,1254,893.11,94.51,"102Y"
,65000,新北市,65000010,板橋區,65000010-077,鄉雲里,1194,1023099,857,594,340,1054,869.07,101.42,"102Y"
,65000,新北市,65000010,板橋區,65000010-078,廣德里,2109,1849542,877,621,362,1103,982.04,111.98,"102Y"
,65000,新北市,65000010,板橋區,65000010-079,大豐里,1421,1067776,751,556,339,953,628.39,83.63,"102Y"
,65000,新北市,65000010,板橋區,65000010-080,重慶里,2681,2099584,783,585,345,991,728.01,92.96,"102Y"
,65000,新北市,65000010,板橋區,65000010-081,仁愛里,995,783829,788,562,342,914,1155.4,146.67,"102Y"
,65000,新北市,65000010,板橋區,65000010-082,和平里,1297,1501864,1158,871,483,1547,1125.08,97.16,"102Y"
,65000,新北市,65000010,板橋區,65000010-083,廣福里,1210,936546,774,583,342,962,873.57,112.86,"102Y"
,65000,新北市,65000010,板橋區,65000010-084,華興里,1283,1136140,886,645,369,1146,800.37,90.38,"102Y"
,65000,新北市,65000010,板橋區,65000010-085,華貴里,799,539368,675,543,334,853,531.93,78.8,"102Y"
,65000,新北市,65000010,板橋區,65000010-086,華德里,2206,1943994,881,657,397,1084,898.99,102.02,"102Y"
,65000,新北市,65000010,板橋區,65000010-087,華東里,2523,2866011,1136,709,390,1374,1807.07,159.08,"102Y"
,65000,新北市,65000010,板橋區,65000010-088,信義里,1222,928758,760,554,339,926,725.27,95.43,"102Y"
,65000,新北市,65000010,板橋區,65000010-089,浮洲里,987,668115,677,497,320,828,691.48,102.15,"102Y"
,65000,新北市,65000010,板橋區,65000010-090,華中里,1469,896605,610,492,335,747,499.08,81.77,"102Y"
,65000,新北市,65000010,板橋區,65000010-091,僑中里,1138,714614,628,513,328,761,545.26,86.83,"102Y"
,65000,新北市,65000010,板橋區,65000010-092,中山里,952,602558,633,493,310,747,582.05,91.96,"102Y"
,65000,新北市,65000010,板橋區,65000010-093,復興里,229,136305,595,473,321,743,485.89,81.63,"102Y"
,65000,新北市,65000010,板橋區,65000010-094,大安里,1148,774727,675,523,329,809,637.09,94.41,"102Y"
,65000,新北市,65000010,板橋區,65000010-095,福安里,734,479890,654,506,321,808,619.22,94.71,"102Y"
,65000,新北市,65000010,板橋區,65000010-096,聚安里,1514,1017377,672,535,345,835,561.54,83.57,"102Y"
,65000,新北市,65000010,板橋區,65000010-097,龍安里,723,442141,612,508,326,746,470.4,76.92,"102Y"
,65000,新北市,65000010,板橋區,65000010-098,崑崙里,2816,2498948,887,588,354,989,4358.33,491.13,"102Y"
,65000,新北市,65000010,板橋區,65000010-099,溪洲里,1795,1326796,739,544,338,908,687.55,93.02,"102Y"
,65000,新北市,65000010,板橋區,65000010-100,溪北里,1015,742952,732,531,325,886,692.65,94.63,"102Y"
,65000,新北市,65000010,板橋區,65000010-101,香雅里,811,567551,700,553,347,847,576.12,82.33,"102Y"
,65000,新北市,65000010,板橋區,65000010-102,新生里,1319,946834,718,562,348,886,599.23,83.48,"102Y"
,65000,新北市,65000010,板橋區,65000010-103,文德里,946,820768,868,585,351,1096,834.51,96.18,"102Y"
,65000,新北市,65000010,板橋區,65000010-104,文化里,991,958729,967,583,358,1103,1394.28,144.12,"102Y"
,65000,新北市,65000010,板橋區,65000010-105,新海里,992,624846,630,501,326,785,513.12,81.46,"102Y"
,65000,新北市,65000010,板橋區,65000010-106,莒光里,892,810401,909,640,385,1143,892.7,98.26,"102Y"
,65000,新北市,65000010,板橋區,65000010-107,富貴里,780,817116,1048,645,373,1200,1517.55,144.86,"102Y"
,65000,新北市,65000010,板橋區,65000010-108,正泰里,980,741192,756,577,350,923,674.49,89.18,"102Y"
,65000,新北市,65000010,板橋區,65000010-109,民生里,734,594958,811,592,365,971,769.12,94.89,"102Y"
,65000,新北市,65000010,板橋區,65000010-110,後埔里,1280,1459243,1140,642,377,1186,4262.15,373.86,"102Y"
,65000,新北市,65000010,板橋區,65000010-111,華福里,678,531200,783,559,333,1006,730.57,93.25,"102Y"
,65000,新北市,65000010,板橋區,65000010-112,堂春里,1225,862046,704,533,338,879,600.84,85.38,"102Y"
,65000,新北市,65000010,板橋區,65000010-113,成和里,1822,1464640,804,614,365,1029,931.33,115.86,"102Y"
,65000,新北市,65000010,板橋區,65000010-114,光榮里,786,587922,748,558,348,931,644.02,86.1,"102Y"
,65000,新北市,65000010,板橋區,65000010-115,民安里,634,500409,789,560,310,1004,763.74,96.76,"102Y"
,65000,新北市,65000010,板橋區,65000010-116,陽明里,888,731474,824,550,344,923,1097.41,133.22,"102Y"
,65000,新北市,65000010,板橋區,65000010-117,朝陽里,961,656261,683,538,340,823,587.08,85.97,"102Y"
,65000,新北市,65000010,板橋區,65000010-118,松柏里,674,553036,821,558,342,949,989.05,120.54,"102Y"
,65000,新北市,65000010,板橋區,65000010-119,文聖里,1177,963647,819,600,364,1035,745.37,91.04,"102Y"
,65000,新北市,65000010,板橋區,65000010-120,居仁里,928,669287,721,523,346,891,619.22,85.86,"102Y"
,65000,新北市,65000010,板橋區,65000010-121,莊敬里,1339,1458207,1089,773,412,1437,1500.57,137.79,"102Y"
,65000,新北市,65000010,板橋區,65000010-122,東安里,700,505472,722,546,347,925,591.27,81.88,"102Y"
,65000,新北市,65000010,板橋區,65000010-123,五權里,1178,841454,714,527,336,877,651.5,91.21,"102Y"
,65000,新北市,65000010,板橋區,65000010-124,溪福里,3975,3275469,824,609,374,1063,706.95,85.79,"102Y"
,65000,新北市,65000010,板橋區,65000010-125,大觀里,1089,668460,614,502,330,793,440.14,71.7,"102Y"
,65000,新北市,65000010,板橋區,65000010-126,歡園里,349,220676,632,515,325,767,482.96,76.38,"102Y"
X,65000,新北市,65000010,板橋區,65000010-999,其他,7,5393,770,430,350,747,848.52,110.13,"102Y"
,65000,新北市,65000020,三重區,65000020-001,大有里,1728,1176890,681,524,322,863,591.61,86.87,"102Y"
,65000,新北市,65000020,三重區,65000020-002,二重里,487,281275,578,452,287,731,487.15,84.34,"102Y"
,65000,新北市,65000020,三重區,65000020-003,頂崁里,800,641315,802,537,316,912,1954.2,243.77,"102Y"
,65000,新北市,65000020,三重區,65000020-004,谷王里,291,216198,743,521,341,963,658.99,88.7,"102Y"
,65000,新北市,65000020,三重區,65000020-005,中興里,1273,930874,731,521,322,885,741.01,101.34,"102Y"
,65000,新北市,65000020,三重區,65000020-006,德厚里,102,74613,732,537,320,1031,577.75,78.98,"102Y"
,65000,新北市,65000020,三重區,65000020-007,成功里,1935,1717994,888,663,383,1192,752.5,84.75,"102Y"
,65000,新北市,65000020,三重區,65000020-008,福祉里,1769,1515038,856,614,360,1127,746.08,87.11,"102Y"
,65000,新北市,65000020,三重區,65000020-009,福民里,1006,707859,704,529,329,864,643.5,91.45,"102Y"
,65000,新北市,65000020,三重區,65000020-010,過田里,2014,1662577,826,561,343,1021,1034.32,125.29,"102Y"
,65000,新北市,65000020,三重區,65000020-011,錦田里,630,1116044,1771,517,323,890,17481.93,986.84,"102Y"
,65000,新北市,65000020,三重區,65000020-012,重明里,1008,1059497,1051,646,384,1247,1591.85,151.45,"102Y"
,65000,新北市,65000020,三重區,65000020-013,光田里,1400,1160849,829,576,346,1001,1033.63,124.66,"102Y"
,65000,新北市,65000020,三重區,65000020-014,光陽里,2058,1763103,857,569,335,1023,1200.45,140.12,"102Y"
,65000,新北市,65000020,三重區,65000020-015,田心里,1159,814283,703,516,312,864,970.32,138.11,"102Y"
,65000,新北市,65000020,三重區,65000020-016,福田里,1127,788514,700,517,320,879,631.69,90.28,"102Y"
,65000,新北市,65000020,三重區,65000020-017,田中里,1889,1408375,746,543,343,934,725.79,97.35,"102Y"
,65000,新北市,65000020,三重區,65000020-018,田安里,1840,1428509,776,552,329,974,739.84,95.3,"102Y"
,65000,新北市,65000020,三重區,65000020-019,三民里,954,729360,765,563,348,966,724.78,94.8,"102Y"
,65000,新北市,65000020,三重區,65000020-020,光明里,2285,2005024,877,596,348,1042,1155.5,131.68,"102Y"
,65000,新北市,65000020,三重區,65000020-021,光正里,761,829138,1090,709,395,1309,1329.41,122.02,"102Y"
,65000,新北市,65000020,三重區,65000020-022,同安里,336,205366,611,465,288,752,568.74,93.05,"102Y"
,65000,新北市,65000020,三重區,65000020-023,同慶里,510,416279,816,610,341,1025,832.73,102.02,"102Y"
,65000,新北市,65000020,三重區,65000020-024,菜寮里,588,417940,711,515,324,829,816.46,114.87,"102Y"
,65000,新北市,65000020,三重區,65000020-025,永春里,594,434128,731,556,343,866,673.44,92.14,"102Y"
,65000,新北市,65000020,三重區,65000020-026,中正里,395,293077,742,545,332,914,676.89,91.23,"102Y"
,65000,新北市,65000020,三重區,65000020-027,吉利里,427,271507,636,451,289,751,906.29,142.53,"102Y"
,65000,新北市,65000020,三重區,65000020-028,大同里,639,474919,743,532,334,934,728.45,98.01,"102Y"
,65000,新北市,65000020,三重區,65000020-029,中民里,359,224951,627,478,314,748,545.12,87,"102Y"
,65000,新北市,65000020,三重區,65000020-030,平和里,393,242879,618,460,306,753,647.34,104.75,"102Y"
,65000,新北市,65000020,三重區,65000020-031,大安里,425,271502,639,487,315,808,545.71,85.42,"102Y"
,65000,新北市,65000020,三重區,65000020-032,仁德里,563,394830,701,506,315,813,881.11,125.64,"102Y"
,65000,新北市,65000020,三重區,65000020-033,忠孝里,466,322479,692,474,286,822,738.23,106.68,"102Y"
,65000,新北市,65000020,三重區,65000020-034,仁義里,299,208787,698,503,323,838,637.62,91.31,"102Y"
,65000,新北市,65000020,三重區,65000020-035,光榮里,429,378506,882,641,404,1150,837.74,94.95,"102Y"
,65000,新北市,65000020,三重區,65000020-036,光輝里,461,346649,752,519,322,871,807.95,107.45,"102Y"
,65000,新北市,65000020,三重區,65000020-037,福星里,248,157751,636,495,295,851,514.1,80.82,"102Y"
,65000,新北市,65000020,三重區,65000020-038,福利里,723,673167,931,611,345,1109,1280.41,137.52,"102Y"
,65000,新北市,65000020,三重區,65000020-039,清和里,1273,1140065,896,622,361,1142,880.76,98.35,"102Y"
,65000,新北市,65000020,三重區,65000020-040,永興里,430,337799,786,574,347,1035,712.09,90.65,"102Y"
,65000,新北市,65000020,三重區,65000020-041,中山里,825,658726,798,525,330,923,1019.46,127.68,"102Y"
,65000,新北市,65000020,三重區,65000020-042,大園里,725,519630,717,519,321,873,749.47,104.57,"102Y"
,65000,新北市,65000020,三重區,65000020-043,國隆里,756,567113,750,559,329,940,687.76,91.68,"102Y"
,65000,新北市,65000020,三重區,65000020-044,重陽里,1019,807138,792,533,341,904,2624,331.28,"102Y"
,65000,新北市,65000020,三重區,65000020-045,民生里,1145,732906,640,501,319,814,530.44,82.87,"102Y"
,65000,新北市,65000020,三重區,65000020-046,重新里,461,325501,706,537,327,884,730.45,103.45,"102Y"
,65000,新北市,65000020,三重區,65000020-047,正德里,300,202499,675,490,288,856,729.38,108.06,"102Y"
,65000,新北市,65000020,三重區,65000020-048,正義里,557,434020,779,539,341,913,1068.41,137.11,"102Y"
,65000,新北市,65000020,三重區,65000020-049,正安里,576,415388,721,510,318,907,669.3,92.81,"102Y"
,65000,新北市,65000020,三重區,65000020-050,自強里,518,353497,682,509,311,826,680.74,99.75,"102Y"
,65000,新北市,65000020,三重區,65000020-051,文化里,690,549066,796,525,324,860,1448.8,182.07,"102Y"
,65000,新北市,65000020,三重區,65000020-052,中央里,426,297830,699,586,349,905,518.89,74.22,"102Y"
,65000,新北市,65000020,三重區,65000020-053,雙園里,291,243165,836,568,352,951,1776.54,212.6,"102Y"
,65000,新北市,65000020,三重區,65000020-054,錦通里,403,246763,612,468,273,802,493.98,80.67,"102Y"
,65000,新北市,65000020,三重區,65000020-055,錦安里,500,340677,681,533,319,850,570.14,83.68,"102Y"
,65000,新北市,65000020,三重區,65000020-056,長安里,590,404186,685,511,328,791,713.38,104.13,"102Y"
,65000,新北市,65000020,三重區,65000020-057,光華里,552,458519,831,592,374,943,827.89,99.67,"102Y"
,65000,新北市,65000020,三重區,65000020-058,長生里,260,182128,700,510,305,904,659.63,94.17,"102Y"
,65000,新北市,65000020,三重區,65000020-059,開元里,386,250470,649,525,360,790,573.53,88.39,"102Y"
,65000,新北市,65000020,三重區,65000020-060,大德里,251,179489,715,552,335,891,574.68,80.36,"102Y"
,65000,新北市,65000020,三重區,65000020-061,長元里,693,462050,667,510,325,803,568.23,85.23,"102Y"
,65000,新北市,65000020,三重區,65000020-062,長江里,541,453772,839,583,368,1022,971.67,115.85,"102Y"
,65000,新北市,65000020,三重區,65000020-063,長泰里,613,397483,648,503,327,812,581.7,89.71,"102Y"
,65000,新北市,65000020,三重區,65000020-064,長福里,432,290444,672,511,322,844,559.23,83.18,"102Y"
,65000,新北市,65000020,三重區,65000020-065,介壽里,338,229130,678,522,317,843,572.17,84.4,"102Y"
,65000,新北市,65000020,三重區,65000020-066,萬壽里,582,440497,757,549,340,949,734.34,97.02,"102Y"
,65000,新北市,65000020,三重區,65000020-067,錦江里,605,389504,644,453,292,752,938.96,145.85,"102Y"
,65000,新北市,65000020,三重區,65000020-068,龍濱里,892,658763,739,540,318,876,758.83,102.75,"102Y"
,65000,新北市,65000020,三重區,65000020-069,龍門里,514,999107,1944,495,310,792,28572.22,1469.92,"102Y"
,65000,新北市,65000020,三重區,65000020-070,秀江里,364,271972,747,508,304,878,1127.68,150.93,"102Y"
,65000,新北市,65000020,三重區,65000020-071,奕壽里,525,364457,694,499,298,867,659.52,95,"102Y"
,65000,新北市,65000020,三重區,65000020-072,三安里,838,584513,698,517,317,830,694.6,99.58,"102Y"
,65000,新北市,65000020,三重區,65000020-073,福安里,873,645716,740,527,339,923,660.29,89.27,"102Y"
,65000,新北市,65000020,三重區,65000020-074,信安里,613,463182,756,562,343,991,620.49,82.12,"102Y"
,65000,新北市,65000020,三重區,65000020-075,安慶里,555,343610,619,495,312,749,530.11,85.62,"102Y"
,65000,新北市,65000020,三重區,65000020-076,幸福里,1290,1152679,894,514,300,860,3057.05,342.12,"102Y"
,65000,新北市,65000020,三重區,65000020-077,六合里,1067,963983,903,502,294,802,6214.71,687.88,"102Y"
,65000,新北市,65000020,三重區,65000020-078,六福里,1623,1067839,658,526,329,828,533.61,81.1,"102Y"
,65000,新北市,65000020,三重區,65000020-079,順德里,567,349034,616,502,316,753,525.24,85.32,"102Y"
,65000,新北市,65000020,三重區,65000020-080,承德里,469,323860,691,540,346,872,563.29,81.57,"102Y"
,65000,新北市,65000020,三重區,65000020-081,瑞德里,556,365916,658,517,325,794,604.77,91.89,"102Y"
,65000,新北市,65000020,三重區,65000020-082,崇德里,1018,657803,646,499,326,848,509.7,78.88,"102Y"
,65000,新北市,65000020,三重區,65000020-083,厚德里,1017,831932,818,593,376,1022,762.74,93.24,"102Y"
,65000,新北市,65000020,三重區,65000020-084,維德里,849,656601,773,498,333,843,2590.83,335,"102Y"
,65000,新北市,65000020,三重區,65000020-085,尚德里,894,585328,655,498,323,814,565.56,86.38,"102Y"
,65000,新北市,65000020,三重區,65000020-086,培德里,1065,873965,821,531,321,947,1092.12,133.08,"102Y"
,65000,新北市,65000020,三重區,65000020-087,永德里,1299,875259,674,514,324,816,601.28,89.24,"102Y"
,65000,新北市,65000020,三重區,65000020-088,永盛里,855,553564,647,506,305,817,631.16,97.48,"102Y"
,65000,新北市,65000020,三重區,65000020-089,永福里,1463,1028755,703,516,319,836,673.68,95.8,"102Y"
,65000,新北市,65000020,三重區,65000020-090,永清里,1556,1068192,686,532,330,840,614.45,89.51,"102Y"
,65000,新北市,65000020,三重區,65000020-091,永安里,1134,781778,689,522,313,870,619.9,89.92,"102Y"
,65000,新北市,65000020,三重區,65000020-092,永煇里,677,408181,603,490,299,764,510.35,84.65,"102Y"
,65000,新北市,65000020,三重區,65000020-093,溪美里,2240,1697099,758,565,348,976,665.18,87.8,"102Y"
,65000,新北市,65000020,三重區,65000020-094,福隆里,1368,1031896,754,555,331,972,665.69,88.25,"102Y"
,65000,新北市,65000020,三重區,65000020-095,五常里,1183,753679,637,509,326,777,512.4,80.43,"102Y"
,65000,新北市,65000020,三重區,65000020-096,五福里,1129,944674,837,596,364,1075,819.03,97.88,"102Y"
,65000,新北市,65000020,三重區,65000020-097,仁忠里,796,461955,580,478,312,724,418.09,72.04,"102Y"
,65000,新北市,65000020,三重區,65000020-098,慈福里,572,335826,587,472,296,723,544.24,92.7,"102Y"
,65000,新北市,65000020,三重區,65000020-099,慈生里,598,363462,608,497,300,760,557.81,91.78,"102Y"
,65000,新北市,65000020,三重區,65000020-100,慈惠里,595,376892,633,485,321,768,854.23,134.86,"102Y"
,65000,新北市,65000020,三重區,65000020-101,慈愛里,978,569742,583,494,304,764,412.68,70.84,"102Y"
,65000,新北市,65000020,三重區,65000020-102,慈化里,698,538424,771,508,314,820,3062.92,397.07,"102Y"
,65000,新北市,65000020,三重區,65000020-103,慈祐里,1323,990707,749,543,344,926,742.06,99.1,"102Y"
,65000,新北市,65000020,三重區,65000020-104,五華里,1472,1344138,913,615,362,1112,918.25,100.56,"102Y"
,65000,新北市,65000020,三重區,65000020-105,富貴里,1948,2097051,1077,673,387,1297,1240.98,115.28,"102Y"
,65000,新北市,65000020,三重區,65000020-106,富華里,955,777340,814,567,350,938,1623.54,199.46,"102Y"
,65000,新北市,65000020,三重區,65000020-107,富福里,583,370176,635,487,303,786,541.57,85.29,"102Y"
,65000,新北市,65000020,三重區,65000020-108,碧華里,2224,2518342,1132,772,414,1376,1626.45,143.63,"102Y"
,65000,新北市,65000020,三重區,65000020-109,五谷里,623,485325,779,570,340,942,804.27,103.24,"102Y"
,65000,新北市,65000020,三重區,65000020-110,博愛里,1416,981089,693,508,327,853,649.42,93.73,"102Y"
,65000,新北市,65000020,三重區,65000020-111,福德里,1163,911720,784,542,329,967,945.04,120.55,"102Y"
,65000,新北市,65000020,三重區,65000020-112,永吉里,881,623596,708,516,318,849,1375.31,194.3,"102Y"
,65000,新北市,65000020,三重區,65000020-113,永發里,2016,1575180,781,577,332,973,749.58,95.93,"102Y"
,65000,新北市,65000020,三重區,65000020-114,永順里,1315,828782,630,486,324,777,519.55,82.44,"102Y"
,65000,新北市,65000020,三重區,65000020-115,永豐里,1508,1053501,699,527,336,878,718.06,102.78,"102Y"
,65000,新北市,65000020,三重區,65000020-116,立德里,984,766254,779,545,329,958,839.26,107.77,"102Y"
,65000,新北市,65000020,三重區,65000020-117,福樂里,987,624632,633,480,315,774,535.86,84.67,"102Y"
,65000,新北市,65000020,三重區,65000020-118,仁華里,1255,908505,724,543,340,913,604.1,83.45,"102Y"
,65000,新北市,65000020,三重區,65000020-119,五順里,998,633768,635,504,316,828,482.71,76.01,"102Y"
X,65000,新北市,65000020,三重區,65000020-999,其他,44,24312,553,506,335,692,302.77,54.8,"102Y"
,65000,新北市,65000030,中和區,65000030-001,中原里,1627,1392441,856,612,360,1075,1057.21,123.53,"102Y"
,65000,新北市,65000030,中和區,65000030-002,平河里,2978,2627918,882,644,379,1113,1067.8,121.01,"102Y"
,65000,新北市,65000030,中和區,65000030-003,信和里,1118,819896,733,539,341,883,896.3,122.22,"102Y"
,65000,新北市,65000030,中和區,65000030-004,仁和里,1294,887435,686,546,318,865,576.16,84.01,"102Y"
,65000,新北市,65000030,中和區,65000030-005,中正里,1247,843458,676,516,318,853,594.1,87.83,"102Y"
,65000,新北市,65000030,中和區,65000030-006,建和里,1086,829983,764,551,344,948,827.46,108.27,"102Y"
,65000,新北市,65000030,中和區,65000030-007,連和里,859,784774,914,685,383,1122,886.61,97.05,"102Y"
,65000,新北市,65000030,中和區,65000030-008,連城里,2061,1763424,856,621,371,1117,802.53,93.8,"102Y"
,65000,新北市,65000030,中和區,65000030-009,力行里,2023,1897228,938,690,401,1228,866.08,92.35,"102Y"
,65000,新北市,65000030,中和區,65000030-010,枋寮里,1093,882333,807,577,352,997,722.57,89.51,"102Y"
,65000,新北市,65000030,中和區,65000030-011,漳和里,1121,1037253,925,611,356,1121,1120.83,121.13,"102Y"
,65000,新北市,65000030,中和區,65000030-012,廟美里,1404,1089688,776,568,363,972,756.56,97.48,"102Y"
,65000,新北市,65000030,中和區,65000030-013,福真里,1249,947192,758,570,346,961,687.9,90.71,"102Y"
,65000,新北市,65000030,中和區,65000030-014,福善里,1372,1037190,756,568,364,918,684.17,90.5,"102Y"
,65000,新北市,65000030,中和區,65000030-015,福美里,1343,970987,723,535,341,925,646.89,89.47,"102Y"
,65000,新北市,65000030,中和區,65000030-016,福祥里,1513,1208120,798,572,345,963,1030.79,129.09,"102Y"
,65000,新北市,65000030,中和區,65000030-017,瓦?里,1617,1403399,868,609,369,1046,1298.13,149.57,"102Y"
,65000,新北市,65000030,中和區,65000030-018,福和里,1129,1018608,902,561,364,976,3336.17,369.77,"102Y"
,65000,新北市,65000030,中和區,65000030-019,佳和里,1494,1262694,845,603,360,1046,925.45,109.5,"102Y"
,65000,新北市,65000030,中和區,65000030-020,安樂里,1278,1400042,1095,726,393,1432,1137.29,103.82,"102Y"
,65000,新北市,65000030,中和區,65000030-021,安和里,1092,1077129,986,659,388,1295,1152.44,116.84,"102Y"
,65000,新北市,65000030,中和區,65000030-022,安平里,1988,2217971,1116,739,386,1413,1255.51,112.53,"102Y"
,65000,新北市,65000030,中和區,65000030-023,中安里,1618,1781272,1101,755,385,1395,1136.52,103.23,"102Y"
,65000,新北市,65000030,中和區,65000030-024,泰安里,1117,922105,826,551,348,967,896.17,108.56,"102Y"
,65000,新北市,65000030,中和區,65000030-025,新南里,2812,2894741,1029,736,404,1372,994.15,96.57,"102Y"
,65000,新北市,65000030,中和區,65000030-026,南山里,1839,1922415,1045,714,399,1279,1376.3,131.66,"102Y"
,65000,新北市,65000030,中和區,65000030-027,秀山里,1439,1147963,798,584,365,1005,758.23,95.05,"102Y"
,65000,新北市,65000030,中和區,65000030-028,秀成里,1138,989176,869,591,368,1008,979.79,112.72,"102Y"
,65000,新北市,65000030,中和區,65000030-029,秀福里,1616,1476610,914,628,359,1101,1000.35,109.48,"102Y"
,65000,新北市,65000030,中和區,65000030-030,秀景里,2092,1901494,909,653,380,1202,818.85,90.09,"102Y"
,65000,新北市,65000030,中和區,65000030-031,秀明里,1631,1539294,944,637,361,1143,1454,154.06,"102Y"
,65000,新北市,65000030,中和區,65000030-032,秀峰里,1404,1164168,829,616,356,1060,780.23,94.1,"102Y"
,65000,新北市,65000030,中和區,65000030-033,秀仁里,1064,942351,886,636,379,1146,778.64,87.92,"102Y"
,65000,新北市,65000030,中和區,65000030-034,頂南里,967,796699,824,594,373,993,770.69,93.54,"102Y"
,65000,新北市,65000030,中和區,65000030-035,華新里,2252,1754940,779,600,367,1015,638.43,81.93,"102Y"
,65000,新北市,65000030,中和區,65000030-036,東南里,1156,865842,749,562,332,937,657.29,87.76,"102Y"
,65000,新北市,65000030,中和區,65000030-037,華南里,1548,1383947,894,616,361,1087,892.03,99.78,"102Y"
,65000,新北市,65000030,中和區,65000030-038,忠孝里,1457,1037090,712,551,335,877,631.11,88.66,"102Y"
,65000,新北市,65000030,中和區,65000030-039,崇南里,1322,1147294,868,643,387,1091,783.11,90.24,"102Y"
,65000,新北市,65000030,中和區,65000030-040,景南里,947,743928,786,549,363,959,741.24,94.36,"102Y"
,65000,新北市,65000030,中和區,65000030-041,橫路里,89,52574,591,466,280,742,466.89,79.04,"102Y"
,65000,新北市,65000030,中和區,65000030-042,內南里,1484,1035440,698,522,338,838,659.57,94.53,"102Y"
,65000,新北市,65000030,中和區,65000030-043,壽南里,695,511021,735,551,323,950,641.61,87.26,"102Y"
,65000,新北市,65000030,中和區,65000030-044,外南里,1350,1061146,786,573,345,982,806.23,102.57,"102Y"
,65000,新北市,65000030,中和區,65000030-045,復興里,1593,1191434,748,553,337,944,662.5,88.58,"102Y"
,65000,新北市,65000030,中和區,65000030-046,和興里,1405,1322895,942,614,359,1098,1491.72,158.43,"102Y"
,65000,新北市,65000030,中和區,65000030-047,景平里,1867,1675882,898,627,365,1113,921.64,102.67,"102Y"
,65000,新北市,65000030,中和區,65000030-048,景新里,1105,851032,770,577,357,971,639.12,82.98,"102Y"
,65000,新北市,65000030,中和區,65000030-049,景福里,1749,1494593,855,598,353,1033,894.99,104.73,"102Y"
,65000,新北市,65000030,中和區,65000030-050,景安里,1570,1343769,856,620,361,1100,787.62,92.02,"102Y"
,65000,新北市,65000030,中和區,65000030-051,景文里,1118,1091525,976,660,383,1214,1162.3,119.05,"102Y"
,65000,新北市,65000030,中和區,65000030-052,錦和里,1704,1490851,875,613,368,1089,871.46,99.61,"102Y"
,65000,新北市,65000030,中和區,65000030-053,錦昌里,669,639911,957,656,354,1220,1010.36,105.63,"102Y"
,65000,新北市,65000030,中和區,65000030-054,灰?里,191,148428,777,551,333,931,734.5,94.52,"102Y"
,65000,新北市,65000030,中和區,65000030-055,積穗里,2718,2384725,877,623,375,1084,1310.56,149.37,"102Y"
,65000,新北市,65000030,中和區,65000030-056,民享里,825,579870,703,548,360,896,551.16,78.42,"102Y"
,65000,新北市,65000030,中和區,65000030-057,員山里,1970,1720265,873,617,367,1097,1510.49,172.98,"102Y"
,65000,新北市,65000030,中和區,65000030-058,嘉穗里,884,602246,681,519,336,863,611.41,89.75,"102Y"
,65000,新北市,65000030,中和區,65000030-059,文元里,1656,1159147,700,537,334,861,639.46,91.36,"102Y"
,65000,新北市,65000030,中和區,65000030-060,嘉新里,1129,799066,708,542,343,896,719.5,101.66,"102Y"
,65000,新北市,65000030,中和區,65000030-061,民安里,1499,1115475,744,568,357,926,616.89,82.9,"102Y"
,65000,新北市,65000030,中和區,65000030-062,安穗里,1411,1094288,776,580,355,987,662.28,85.4,"102Y"
,65000,新北市,65000030,中和區,65000030-063,瑞穗里,727,568495,782,597,371,1016,642.69,82.19,"102Y"
,65000,新北市,65000030,中和區,65000030-064,明穗里,1545,1278421,827,587,359,998,1328.17,160.51,"102Y"
,65000,新北市,65000030,中和區,65000030-065,清穗里,934,697453,747,568,351,920,811.29,108.64,"102Y"
,65000,新北市,65000030,中和區,65000030-066,自強里,1575,1108874,704,533,328,891,594.8,84.48,"102Y"
,65000,新北市,65000030,中和區,65000030-067,德穗里,1411,1202783,852,577,350,975,1266.07,148.52,"102Y"
,65000,新北市,65000030,中和區,65000030-068,民生里,1387,1149628,829,622,380,1053,710.51,85.72,"102Y"
,65000,新北市,65000030,中和區,65000030-069,國光里,1177,917469,779,598,348,1009,658.69,84.5,"102Y"
,65000,新北市,65000030,中和區,65000030-070,壽德里,1349,1112812,825,630,381,1105,715.1,86.69,"102Y"
,65000,新北市,65000030,中和區,65000030-071,明德里,1138,795435,699,543,353,881,686.32,98.19,"102Y"
,65000,新北市,65000030,中和區,65000030-072,秀水里,1080,742357,687,539,334,839,595.14,86.58,"102Y"
,65000,新北市,65000030,中和區,65000030-073,德行里,2300,2395199,1041,729,408,1328,1087.9,104.47,"102Y"
,65000,新北市,65000030,中和區,65000030-074,宜安里,622,559290,899,636,363,1124,923.53,102.71,"102Y"
,65000,新北市,65000030,中和區,65000030-075,安順里,1505,1410884,937,648,365,1165,1034.92,110.4,"102Y"
,65000,新北市,65000030,中和區,65000030-076,秀義里,815,697313,856,609,372,1085,786.26,91.9,"102Y"
,65000,新北市,65000030,中和區,65000030-077,秀士里,722,615201,852,615,358,1175,735.75,86.35,"102Y"
,65000,新北市,65000030,中和區,65000030-078,興南里,928,683333,736,539,336,947,700.2,95.09,"102Y"
,65000,新北市,65000030,中和區,65000030-079,景本里,617,455732,739,522,338,913,790.91,107.08,"102Y"
,65000,新北市,65000030,中和區,65000030-080,福南里,1302,1036476,796,587,366,949,899.31,112.97,"102Y"
,65000,新北市,65000030,中和區,65000030-081,中興里,2220,2278482,1026,742,425,1296,1652.54,161.01,"102Y"
,65000,新北市,65000030,中和區,65000030-082,吉興里,1052,998654,949,663,402,1265,908.05,95.66,"102Y"
,65000,新北市,65000030,中和區,65000030-083,中山里,864,685851,794,603,371,1001,731.65,92.17,"102Y"
,65000,新北市,65000030,中和區,65000030-084,碧河里,1344,1176016,875,632,365,1146,911.48,104.17,"102Y"
,65000,新北市,65000030,中和區,65000030-085,錦中里,1159,880749,760,568,349,963,679.07,89.36,"102Y"
,65000,新北市,65000030,中和區,65000030-086,錦盛里,1162,806936,694,539,344,855,618.9,89.12,"102Y"
,65000,新北市,65000030,中和區,65000030-087,民有里,908,691527,762,541,350,856,1224.14,160.73,"102Y"
,65000,新北市,65000030,中和區,65000030-088,員富里,991,700487,707,553,339,888,628.96,88.98,"102Y"
,65000,新北市,65000030,中和區,65000030-089,嘉慶里,1209,849024,702,545,341,897,590.91,84.15,"102Y"
,65000,新北市,65000030,中和區,65000030-090,冠穗里,1111,847106,762,534,340,923,725.97,95.21,"102Y"
,65000,新北市,65000030,中和區,65000030-091,國華里,972,708336,729,567,346,920,585.46,80.34,"102Y"
,65000,新北市,65000030,中和區,65000030-092,正南里,1003,666735,665,515,327,804,625.75,94.13,"102Y"
,65000,新北市,65000030,中和區,65000030-093,正行里,1000,874380,874,632,384,1061,941.85,107.72,"102Y"
X,65000,新北市,65000030,中和區,65000030-999,其他,26,17460,672,493,312,864,538.5,80.19,"102Y"
,65000,新北市,65000040,永和區,65000040-001,福林里,1058,926515,876,615,355,1149,828.17,94.57,"102Y"
,65000,新北市,65000040,永和區,65000040-002,文化里,851,768728,903,640,364,1177,1119.2,123.9,"102Y"
,65000,新北市,65000040,永和區,65000040-003,豫溪里,1174,1196403,1019,709,351,1276,1260.73,123.71,"102Y"
,65000,新北市,65000040,永和區,65000040-004,光明里,988,939895,951,662,367,1246,928.72,97.63,"102Y"
,65000,新北市,65000040,永和區,65000040-005,仁愛里,879,824015,937,640,366,1203,884.07,94.31,"102Y"
,65000,新北市,65000040,永和區,65000040-006,永貞里,1168,1078148,923,660,367,1131,1463.74,158.57,"102Y"
,65000,新北市,65000040,永和區,65000040-007,永福里,961,1041191,1083,666,369,1296,3245.03,299.51,"102Y"
,65000,新北市,65000040,永和區,65000040-008,民治里,971,853091,879,614,348,1026,1913.89,217.84,"102Y"
,65000,新北市,65000040,永和區,65000040-009,永成里,235,167075,711,527,367,827,606.81,85.35,"102Y"
,65000,新北市,65000040,永和區,65000040-010,忠義里,187,121311,649,489,305,820,588.48,90.71,"102Y"
,65000,新北市,65000040,永和區,65000040-011,永元里,1632,1510083,925,648,373,1167,964.99,104.29,"102Y"
,65000,新北市,65000040,永和區,65000040-012,秀林里,1177,996550,847,593,352,1082,857.02,101.22,"102Y"
,65000,新北市,65000040,永和區,65000040-013,保安里,2434,2837132,1166,776,417,1481,1294.5,111.06,"102Y"
,65000,新北市,65000040,永和區,65000040-014,中溪里,1589,1539320,969,656,390,1196,1082.95,111.79,"102Y"
,65000,新北市,65000040,永和區,65000040-015,永安里,1429,1618153,1132,763,399,1497,1169.04,103.24,"102Y"
,65000,新北市,65000040,永和區,65000040-016,民族里,1528,1544909,1011,651,368,1214,1475.41,145.93,"102Y"
,65000,新北市,65000040,永和區,65000040-017,民權里,1504,1516168,1008,679,389,1245,1347.1,133.63,"102Y"
,65000,新北市,65000040,永和區,65000040-018,中興里,919,896577,976,638,358,1161,1074.42,110.13,"102Y"
,65000,新北市,65000040,永和區,65000040-019,勵行里,364,297986,819,605,341,1028,755.4,92.27,"102Y"
,65000,新北市,65000040,永和區,65000040-020,秀朗里,1248,1016997,815,598,358,997,870.73,106.85,"102Y"
,65000,新北市,65000040,永和區,65000040-021,秀成里,901,786905,873,625,364,1098,891.52,102.08,"102Y"
,65000,新北市,65000040,永和區,65000040-022,上溪里,672,612237,911,643,359,1144,915.91,100.53,"102Y"
,65000,新北市,65000040,永和區,65000040-023,竹林里,1224,1110545,907,629,345,1135,1001.24,110.35,"102Y"
,65000,新北市,65000040,永和區,65000040-024,雙和里,1303,1256504,964,731,397,1263,912.47,94.62,"102Y"
,65000,新北市,65000040,永和區,65000040-025,安和里,1351,1334597,988,683,365,1246,1263.03,127.85,"102Y"
,65000,新北市,65000040,永和區,65000040-026,水源里,1369,1276451,932,682,361,1192,898.97,96.42,"102Y"
,65000,新北市,65000040,永和區,65000040-027,協和里,877,724632,826,574,335,987,882.46,106.8,"102Y"
,65000,新北市,65000040,永和區,65000040-028,河堤里,1065,1219030,1145,821,435,1433,1186.08,103.62,"102Y"
,65000,新北市,65000040,永和區,65000040-029,頂溪里,818,821657,1004,661,387,1286,1242.57,123.7,"102Y"
,65000,新北市,65000040,永和區,65000040-030,潭墘里,1511,1650790,1093,738,396,1464,1190.21,108.94,"102Y"
,65000,新北市,65000040,永和區,65000040-031,潭安里,1559,1508422,968,680,367,1215,1299.32,134.29,"102Y"
,65000,新北市,65000040,永和區,65000040-032,大新里,903,900050,997,725,372,1368,948.92,95.2,"102Y"
,65000,新北市,65000040,永和區,65000040-033,保平里,1537,1538760,1001,666,389,1215,1563.77,156.2,"102Y"
,65000,新北市,65000040,永和區,65000040-034,民本里,1310,1370984,1047,713,416,1321,1192.8,113.97,"102Y"
,65000,新北市,65000040,永和區,65000040-035,民樂里,1597,1791272,1122,692,391,1299,1593.24,142.04,"102Y"
,65000,新北市,65000040,永和區,65000040-036,光復里,564,481398,854,618,366,1091,810.61,94.97,"102Y"
,65000,新北市,65000040,永和區,65000040-037,復興里,824,746405,906,633,350,1130,918.8,101.43,"102Y"
,65000,新北市,65000040,永和區,65000040-038,福和里,1895,1984512,1047,715,383,1382,1088.47,103.94,"102Y"
,65000,新北市,65000040,永和區,65000040-039,得和里,1544,1518891,984,684,384,1255,1024.39,104.13,"102Y"
,65000,新北市,65000040,永和區,65000040-040,智光里,1010,746557,739,565,335,954,606.2,82.01,"102Y"
,65000,新北市,65000040,永和區,65000040-041,新生里,212,150392,709,564,386,891,510.99,72.03,"102Y"
,65000,新北市,65000040,永和區,65000040-042,大同里,244,165097,677,518,341,819,648.62,95.86,"102Y"
,65000,新北市,65000040,永和區,65000040-043,前溪里,687,668071,972,678,377,1200,1050.07,107.98,"102Y"
,65000,新北市,65000040,永和區,65000040-044,和平里,1562,1518208,972,680,371,1279,1076.71,110.78,"102Y"
,65000,新北市,65000040,永和區,65000040-045,新?里,742,659745,889,637,369,1090,862.14,96.96,"102Y"
,65000,新北市,65000040,永和區,65000040-046,下溪里,1212,1161349,958,635,379,1077,2072.68,216.31,"102Y"
,65000,新北市,65000040,永和區,65000040-047,秀和里,1645,1767747,1075,667,377,1243,2144.49,199.56,"102Y"
,65000,新北市,65000040,永和區,65000040-048,河濱里,1022,1069977,1047,675,404,1257,1477.64,141.14,"102Y"
,65000,新北市,65000040,永和區,65000040-049,民生里,1231,1091895,887,598,354,1074,2099.43,236.69,"102Y"
,65000,新北市,65000040,永和區,65000040-050,秀得里,856,797141,931,660,396,1174,1171.77,125.83,"102Y"
,65000,新北市,65000040,永和區,65000040-051,上林里,1098,1107108,1008,675,379,1301,1070.77,106.2,"102Y"
,65000,新北市,65000040,永和區,65000040-052,網溪里,364,346358,952,672,380,1190,1191.41,125.21,"102Y"
,65000,新北市,65000040,永和區,65000040-053,正興里,785,742655,946,616,370,1153,1078.93,114.04,"102Y"
,65000,新北市,65000040,永和區,65000040-054,永興里,1030,894899,869,616,354,1102,896.06,103.13,"102Y"
,65000,新北市,65000040,永和區,65000040-055,桂林里,1150,1097033,954,625,364,1162,1028.25,107.79,"102Y"
,65000,新北市,65000040,永和區,65000040-056,店街里,1445,1581312,1094,725,384,1345,1441.23,131.7,"102Y"
,65000,新北市,65000040,永和區,65000040-057,信義里,942,997882,1059,674,388,1218,1612.63,152.23,"102Y"
,65000,新北市,65000040,永和區,65000040-058,後溪里,590,582234,987,725,376,1291,933.36,94.58,"102Y"
,65000,新北市,65000040,永和區,65000040-059,民富里,901,724867,805,627,378,1067,652.43,81.1,"102Y"
,65000,新北市,65000040,永和區,65000040-060,秀元里,998,865383,867,620,341,1124,890.85,102.74,"102Y"
,65000,新北市,65000040,永和區,65000040-061,永樂里,817,748360,916,672,395,1206,781.15,85.28,"102Y"
,65000,新北市,65000040,永和區,65000040-062,保順里,3398,4120870,1213,852,436,1585,1337.05,110.25,"102Y"
X,65000,新北市,65000040,永和區,65000040-999,其他,0,0,0,0,0,0,0,0,"102Y"
,65000,新北市,65000050,新莊區,65000050-001,海山里,1688,1281778,759,565,332,971,683.05,89.95,"102Y"
,65000,新北市,65000050,新莊區,65000050-002,頭前里,1854,1711451,923,608,352,1111,1170.14,126.76,"102Y"
,65000,新北市,65000050,新莊區,65000050-003,國泰里,506,371060,733,533,304,866,1013.58,138.22,"102Y"
,65000,新北市,65000050,新莊區,65000050-004,全安里,1374,1135664,827,591,342,1029,1086.73,131.48,"102Y"
,65000,新北市,65000050,新莊區,65000050-005,福基里,1209,1130928,935,642,354,1171,1018.4,108.87,"102Y"
,65000,新北市,65000050,新莊區,65000050-006,豐年里,1106,785515,710,514,334,850,999.17,140.68,"102Y"
,65000,新北市,65000050,新莊區,65000050-007,忠孝里,1536,1156882,753,533,328,946,710.69,94.36,"102Y"
,65000,新北市,65000050,新莊區,65000050-008,恆安里,1343,1111248,827,581,342,1063,774.91,93.65,"102Y"
,65000,新北市,65000050,新莊區,65000050-009,後港里,2230,1593170,714,529,325,901,656.38,91.88,"102Y"
,65000,新北市,65000050,新莊區,65000050-010,文衡里,674,578678,859,618,368,1080,825.6,96.16,"102Y"
,65000,新北市,65000050,新莊區,65000050-011,中美里,1675,1281372,765,552,338,965,717.42,93.78,"102Y"
,65000,新北市,65000050,新莊區,65000050-012,八德里,945,603016,638,502,321,759,586.35,91.89,"102Y"
,65000,新北市,65000050,新莊區,65000050-013,興漢里,1117,912733,817,567,338,970,995.32,121.81,"102Y"
,65000,新北市,65000050,新莊區,65000050-014,中和里,1396,1059181,759,520,320,911,797.96,105.17,"102Y"
,65000,新北市,65000050,新莊區,65000050-015,西盛里,3397,2648215,780,580,348,968,830.03,106.47,"102Y"
,65000,新北市,65000050,新莊區,65000050-016,榮和里,954,799610,838,531,316,911,2662.48,317.66,"102Y"
,65000,新北市,65000050,新莊區,65000050-017,中泰里,1217,778905,640,495,324,827,508.2,79.4,"102Y"
,65000,新北市,65000050,新莊區,65000050-018,瓊林里,1673,1190293,711,514,326,882,740.27,104.05,"102Y"
,65000,新北市,65000050,新莊區,65000050-019,文德里,518,465254,898,618,384,1071,1376.87,153.3,"102Y"
,65000,新北市,65000050,新莊區,65000050-020,中誠里,658,698774,1062,546,353,934,5055.57,476.06,"102Y"
,65000,新北市,65000050,新莊區,65000050-021,裕民里,1947,1311841,674,502,323,835,770.56,114.36,"102Y"
,65000,新北市,65000050,新莊區,65000050-022,文明里,546,530127,971,576,332,1067,2008.32,206.84,"102Y"
,65000,新北市,65000050,新莊區,65000050-023,中港里,1987,1651498,831,576,347,1004,920.41,110.74,"102Y"
,65000,新北市,65000050,新莊區,65000050-024,富國里,748,446559,597,503,322,742,467.57,78.32,"102Y"
,65000,新北市,65000050,新莊區,65000050-025,思源里,1685,1299208,771,558,335,917,909.75,117.99,"102Y"
,65000,新北市,65000050,新莊區,65000050-026,立人里,729,756268,1037,653,386,1194,1426.83,137.54,"102Y"
,65000,新北市,65000050,新莊區,65000050-027,南港里,1610,1113260,691,537,328,853,633.58,91.63,"102Y"
,65000,新北市,65000050,新莊區,65000050-028,仁愛里,756,438722,580,467,313,736,425.99,73.41,"102Y"
,65000,新北市,65000050,新莊區,65000050-029,立德里,853,798610,936,641,343,1094,1395.95,149.1,"102Y"
,65000,新北市,65000050,新莊區,65000050-030,信義里,1626,1150156,707,520,326,871,665.59,94.1,"102Y"
,65000,新北市,65000050,新莊區,65000050-031,立言里,1668,1305161,782,562,336,986,708.84,90.59,"102Y"
,65000,新北市,65000050,新莊區,65000050-032,民安里,1704,1275447,749,561,351,951,650.37,86.89,"102Y"
,65000,新北市,65000050,新莊區,65000050-033,和平里,1577,1061035,673,512,329,824,603.86,89.75,"102Y"
,65000,新北市,65000050,新莊區,65000050-034,立功里,972,623623,642,504,320,819,515.95,80.42,"102Y"
,65000,新北市,65000050,新莊區,65000050-035,民本里,850,492976,580,491,337,705,418.56,72.17,"102Y"
,65000,新北市,65000050,新莊區,65000050-036,化成里,1122,894170,797,527,325,912,979.92,122.96,"102Y"
,65000,新北市,65000050,新莊區,65000050-037,立志里,1184,869776,735,538,344,871,696.47,94.81,"102Y"
,65000,新北市,65000050,新莊區,65000050-038,光華里,2049,1556555,760,547,340,889,1618.94,213.11,"102Y"
,65000,新北市,65000050,新莊區,65000050-039,思賢里,1273,992506,780,577,349,1002,673.37,86.37,"102Y"
,65000,新北市,65000050,新莊區,65000050-040,營盤里,817,605417,741,519,284,917,802.56,108.3,"102Y"
,65000,新北市,65000050,新莊區,65000050-041,光榮里,1254,850242,678,538,339,873,549.81,81.09,"102Y"
,65000,新北市,65000050,新莊區,65000050-042,自強里,630,368344,585,470,301,704,484.48,82.86,"102Y"
,65000,新北市,65000050,新莊區,65000050-043,丹鳳里,2359,1643913,697,544,346,875,654.48,93.92,"102Y"
,65000,新北市,65000050,新莊區,65000050-044,光明里,1280,855540,668,519,321,822,582.92,87.21,"102Y"
,65000,新北市,65000050,新莊區,65000050-045,自立里,1513,1050506,694,507,325,864,686.95,98.94,"102Y"
,65000,新北市,65000050,新莊區,65000050-046,合鳳里,1254,788389,629,494,316,772,608.85,96.84,"102Y"
,65000,新北市,65000050,新莊區,65000050-047,幸福里,1253,740054,591,483,305,742,458.35,77.6,"102Y"
,65000,新北市,65000050,新莊區,65000050-048,雙鳳里,3330,2901451,871,630,368,1092,1126.39,129.28,"102Y"
,65000,新北市,65000050,新莊區,65000050-049,自信里,733,601149,820,572,367,968,1062.52,129.56,"102Y"
,65000,新北市,65000050,新莊區,65000050-050,龍鳳里,2584,2238184,866,627,383,1115,899.73,103.87,"102Y"
,65000,新北市,65000050,新莊區,65000050-051,中華里,841,726459,864,602,354,1060,843.27,97.62,"102Y"
,65000,新北市,65000050,新莊區,65000050-052,中隆里,1319,1179109,894,619,349,1058,1160.58,129.83,"102Y"
,65000,新北市,65000050,新莊區,65000050-053,中原里,2849,2363574,830,600,359,1030,847.03,102.1,"102Y"
,65000,新北市,65000050,新莊區,65000050-054,中信里,2626,2101726,800,591,362,1008,756.49,94.52,"102Y"
,65000,新北市,65000050,新莊區,65000050-055,四維里,1283,812541,633,506,336,798,525.67,83,"102Y"
,65000,新北市,65000050,新莊區,65000050-056,建福里,864,526500,609,485,328,767,486.77,79.88,"102Y"
,65000,新北市,65000050,新莊區,65000050-057,中宏里,1117,894295,801,588,362,975,771.37,96.35,"102Y"
,65000,新北市,65000050,新莊區,65000050-058,中全里,1033,677508,656,498,327,763,627.3,95.64,"102Y"
,65000,新北市,65000050,新莊區,65000050-059,立泰里,1563,1163533,744,565,350,953,621.03,83.42,"102Y"
,65000,新北市,65000050,新莊區,65000050-060,全泰里,1786,1591721,891,602,356,1107,1452.76,163.01,"102Y"
,65000,新北市,65000050,新莊區,65000050-061,仁義里,1087,668185,615,487,307,775,500.31,81.39,"102Y"
,65000,新北市,65000050,新莊區,65000050-062,立基里,2085,1928602,925,618,361,1112,1247.81,134.9,"102Y"
,65000,新北市,65000050,新莊區,65000050-063,昌明里,1090,847807,778,532,339,996,731.81,94.09,"102Y"
,65000,新北市,65000050,新莊區,65000050-064,昌平里,1464,1341510,916,677,404,1128,907.76,99.06,"102Y"
,65000,新北市,65000050,新莊區,65000050-065,文聖里,1233,1020649,828,596,348,1037,853,103.05,"102Y"
,65000,新北市,65000050,新莊區,65000050-066,萬安里,1176,744349,633,507,342,770,509.28,80.46,"102Y"
,65000,新北市,65000050,新莊區,65000050-067,龍安里,699,438811,628,475,316,770,586.95,93.5,"102Y"
,65000,新北市,65000050,新莊區,65000050-068,福營里,790,562594,712,490,287,867,924.22,129.78,"102Y"
,65000,新北市,65000050,新莊區,65000050-069,後德里,1050,913687,870,568,351,1005,1642.88,188.8,"102Y"
,65000,新北市,65000050,新莊區,65000050-070,建安里,2048,1580774,772,566,346,988,726.76,94.16,"102Y"
,65000,新北市,65000050,新莊區,65000050-071,成德里,1408,942977,670,536,332,854,540.53,80.71,"102Y"
,65000,新北市,65000050,新莊區,65000050-072,福興里,1718,1377082,802,567,354,978,955.82,119.25,"102Y"
,65000,新北市,65000050,新莊區,65000050-073,昌信里,1087,1011691,931,643,382,1155,1041.3,111.88,"102Y"
,65000,新北市,65000050,新莊區,65000050-074,昌隆里,1371,1204794,879,642,364,1163,762.3,86.75,"102Y"
,65000,新北市,65000050,新莊區,65000050-075,中平里,2630,2580280,981,697,405,1275,1074.73,109.54,"102Y"
,65000,新北市,65000050,新莊區,65000050-076,立廷里,3573,3787218,1060,801,438,1417,975.52,92.03,"102Y"
,65000,新北市,65000050,新莊區,65000050-077,泰豐里,677,500828,740,539,331,898,689.23,93.17,"102Y"
,65000,新北市,65000050,新莊區,65000050-078,富民里,1035,697899,674,531,323,869,572.15,84.85,"102Y"
,65000,新北市,65000050,新莊區,65000050-079,龍福里,645,480596,745,585,375,991,561.76,75.39,"102Y"
,65000,新北市,65000050,新莊區,65000050-080,祥鳳里,665,465252,700,537,345,915,549.34,78.52,"102Y"
,65000,新北市,65000050,新莊區,65000050-081,民全里,1109,802543,724,561,336,891,702.49,97.07,"102Y"
,65000,新北市,65000050,新莊區,65000050-082,民有里,1174,810394,690,542,343,882,560.33,81.17,"102Y"
,65000,新北市,65000050,新莊區,65000050-083,光正里,1235,952918,772,543,347,910,1122.7,145.5,"102Y"
,65000,新北市,65000050,新莊區,65000050-084,光和里,768,462509,602,506,319,763,444.8,73.86,"102Y"
X,65000,新北市,65000050,新莊區,65000050-999,其他,11,6897,627,621,416,720,372.02,59.33,"102Y"
,65000,新北市,65000060,新店區,65000060-001,國豐里,1165,1058253,908,613,352,1152,919.85,101.26,"102Y"
,65000,新北市,65000060,新店區,65000060-002,明德里,1399,1405458,1005,661,372,1263,1195.26,118.98,"102Y"
,65000,新北市,65000060,新店區,65000060-003,大豐里,1284,1227100,956,638,358,1234,1290.08,134.99,"102Y"
,65000,新北市,65000060,新店區,65000060-004,大同里,1449,1599476,1104,679,379,1291,2495.84,226.1,"102Y"
,65000,新北市,65000060,新店區,65000060-005,江陵里,2038,2748563,1349,786,408,1583,2005.88,148.73,"102Y"
,65000,新北市,65000060,新店區,65000060-006,寶興里,1842,2414502,1311,724,385,1487,3589.09,273.81,"102Y"
,65000,新北市,65000060,新店區,65000060-007,寶安里,2049,2019797,986,651,379,1238,1104.84,112.08,"102Y"
,65000,新北市,65000060,新店區,65000060-008,信義里,2296,2509137,1093,661,374,1331,2749.36,251.58,"102Y"
,65000,新北市,65000060,新店區,65000060-009,忠孝里,931,739923,795,587,353,1001,739.77,93.08,"102Y"
,65000,新北市,65000060,新店區,65000060-010,大鵬里,925,958039,1036,763,394,1371,977.74,94.4,"102Y"
,65000,新北市,65000060,新店區,65000060-011,太平里,993,877986,884,600,356,1103,1134.42,128.3,"102Y"
,65000,新北市,65000060,新店區,65000060-012,頂城里,389,241645,621,506,314,775,537.97,86.6,"102Y"
,65000,新北市,65000060,新店區,65000060-013,下城里,977,1965195,2011,836,407,2115,3916.35,194.7,"102Y"
,65000,新北市,65000060,新店區,65000060-014,柴埕里,2667,2313281,867,628,364,1123,816.84,94.17,"102Y"
,65000,新北市,65000060,新店區,65000060-015,永安里,1531,1105600,722,543,343,886,1004.95,139.16,"102Y"
,65000,新北市,65000060,新店區,65000060-016,公崙里,3404,3079340,905,643,371,1130,978.41,108.16,"102Y"
,65000,新北市,65000060,新店區,65000060-017,德安里,1739,1313257,755,571,358,931,663.82,87.9,"102Y"
,65000,新北市,65000060,新店區,65000060-018,雙城里,1455,978029,672,521,325,859,559.61,83.25,"102Y"
,65000,新北市,65000060,新店區,65000060-019,日興里,1524,1025036,673,515,323,826,671.11,99.78,"102Y"
,65000,新北市,65000060,新店區,65000060-020,玫瑰里,1756,1230517,701,544,346,897,574.5,81.98,"102Y"
,65000,新北市,65000060,新店區,65000060-021,塗潭里,194,131738,679,497,274,791,996.64,146.77,"102Y"
,65000,新北市,65000060,新店區,65000060-022,美潭里,1671,1464938,877,622,371,1100,1056.14,120.47,"102Y"
,65000,新北市,65000060,新店區,65000060-023,員潭里,1361,1058359,778,613,375,1012,604.43,77.73,"102Y"
,65000,新北市,65000060,新店區,65000060-024,雙坑里,151,88005,583,531,349,727,429.97,73.77,"102Y"
,65000,新北市,65000060,新店區,65000060-025,粗坑里,961,985795,1026,659,358,1241,1915.82,186.76,"102Y"
,65000,新北市,65000060,新店區,65000060-026,屈尺里,635,453876,715,524,322,904,612.06,85.63,"102Y"
,65000,新北市,65000060,新店區,65000060-027,龜山里,412,304130,738,491,314,854,1274.14,172.61,"102Y"
,65000,新北市,65000060,新店區,65000060-028,廣興里,298,189402,636,474,308,775,589.01,92.67,"102Y"
,65000,新北市,65000060,新店區,65000060-029,直潭里,322,268471,834,579,346,943,929.01,111.42,"102Y"
,65000,新北市,65000060,新店區,65000060-030,青潭里,1754,1396185,796,594,352,1004,733.6,92.16,"102Y"
,65000,新北市,65000060,新店區,65000060-031,新店里,560,454467,812,584,337,1022,770.11,94.89,"102Y"
,65000,新北市,65000060,新店區,65000060-032,張南里,687,746301,1086,701,397,1335,1328.92,122.33,"102Y"
,65000,新北市,65000060,新店區,65000060-033,國校里,808,727389,900,631,365,1114,1370.48,152.24,"102Y"
,65000,新北市,65000060,新店區,65000060-034,文中里,579,576572,996,679,390,1231,1035.52,103.99,"102Y"
,65000,新北市,65000060,新店區,65000060-035,廣明里,265,197235,744,557,328,874,1060.82,142.53,"102Y"
,65000,新北市,65000060,新店區,65000060-036,文明里,755,744742,986,586,337,984,2362.61,239.52,"102Y"
,65000,新北市,65000060,新店區,65000060-037,中興里,1977,1974905,999,684,374,1222,1900.89,190.29,"102Y"
,65000,新北市,65000060,新店區,65000060-038,新生里,2059,2244999,1090,701,371,1366,1397.95,128.21,"102Y"
,65000,新北市,65000060,新店區,65000060-039,新德里,844,695381,824,586,340,1037,898.18,109.01,"102Y"
,65000,新北市,65000060,新店區,65000060-040,張北里,2346,2392419,1020,652,372,1228,1270.12,124.55,"102Y"
,65000,新北市,65000060,新店區,65000060-041,五?里,2570,2725720,1061,676,375,1233,2210.67,208.44,"102Y"
,65000,新北市,65000060,新店區,65000060-042,新安里,1545,1525712,988,673,372,1187,1111.81,112.59,"102Y"
,65000,新北市,65000060,新店區,65000060-043,忠誠里,912,862510,946,661,382,1220,997.83,105.51,"102Y"
,65000,新北市,65000060,新店區,65000060-044,中正里,2085,1987004,953,657,387,1189,978.18,102.64,"102Y"
,65000,新北市,65000060,新店區,65000060-045,中華里,1335,1460935,1094,638,384,1272,2384.21,217.87,"102Y"
,65000,新北市,65000060,新店區,65000060-046,仁愛里,705,628664,892,629,338,1113,953.57,106.94,"102Y"
,65000,新北市,65000060,新店區,65000060-047,百忍里,1306,1172503,898,615,380,1122,922.16,102.72,"102Y"
,65000,新北市,65000060,新店區,65000060-048,百和里,1141,1015601,890,635,340,1133,913.39,102.62,"102Y"
,65000,新北市,65000060,新店區,65000060-049,福德里,1275,1093251,857,607,353,1096,865.21,100.9,"102Y"
,65000,新北市,65000060,新店區,65000060-050,百福里,1145,1060648,926,647,356,1157,946.98,102.23,"102Y"
,65000,新北市,65000060,新店區,65000060-051,福民里,1400,1426005,1019,704,385,1322,1017.54,99.9,"102Y"
,65000,新北市,65000060,新店區,65000060-052,中山里,1852,2791994,1508,978,474,1884,2178.23,144.49,"102Y"
,65000,新北市,65000060,新店區,65000060-053,和平里,194,124982,644,500,297,812,620.27,96.28,"102Y"
,65000,新北市,65000060,新店區,65000060-054,中央里,2133,3084202,1446,864,412,1803,2320.93,160.51,"102Y"
,65000,新北市,65000060,新店區,65000060-055,明城里,1177,1270491,1079,736,414,1348,1216.02,112.65,"102Y"
,65000,新北市,65000060,新店區,65000060-056,安和里,2113,1789375,847,602,361,1077,957.33,113.05,"102Y"
,65000,新北市,65000060,新店區,65000060-057,吉祥里,1420,1275650,898,628,370,1105,1134.7,126.31,"102Y"
,65000,新北市,65000060,新店區,65000060-058,寶福里,2462,2710791,1101,681,377,1347,1405.87,127.68,"102Y"
,65000,新北市,65000060,新店區,65000060-059,小城里,1209,1170214,968,666,357,1187,1072.63,110.82,"102Y"
,65000,新北市,65000060,新店區,65000060-060,香坡里,3133,3157996,1008,692,383,1237,1459.73,144.82,"102Y"
,65000,新北市,65000060,新店區,65000060-061,建國里,1061,990057,933,618,355,1159,1035.72,110.99,"102Y"
,65000,新北市,65000060,新店區,65000060-062,復興里,1079,905915,840,590,341,1056,917.43,109.27,"102Y"
,65000,新北市,65000060,新店區,65000060-063,美城里,787,596903,758,552,341,888,1079.54,142.33,"102Y"
,65000,新北市,65000060,新店區,65000060-064,安昌里,1545,1366827,885,684,384,1150,776.64,87.79,"102Y"
,65000,新北市,65000060,新店區,65000060-065,長春里,961,1445090,1504,943,443,1744,4806.77,319.66,"102Y"
,65000,新北市,65000060,新店區,65000060-066,新和里,1297,1008933,778,585,358,1028,661.69,85.06,"102Y"
,65000,新北市,65000060,新店區,65000060-067,永平里,1618,1388361,858,645,381,1129,755.84,88.09,"102Y"
,65000,新北市,65000060,新店區,65000060-068,達觀里,1269,1211157,954,644,375,1225,1356.32,142.11,"102Y"
,65000,新北市,65000060,新店區,65000060-069,華城里,991,3201944,3231,1186,503,2440,17862.79,552.85,"102Y"
X,65000,新北市,65000060,新店區,65000060-999,其他,10,88138,8814,437,252,783,26147.61,296.67,"102Y"
,65000,新北市,65000070,樹林區,65000070-001,三多里,1242,752909,606,479,294,774,500.68,82.59,"102Y"
,65000,新北市,65000070,樹林區,65000070-002,三福里,1164,726774,624,482,298,786,565.65,90.59,"102Y"
,65000,新北市,65000070,樹林區,65000070-003,三興里,1115,654185,587,484,314,741,447.01,76.19,"102Y"
,65000,新北市,65000070,樹林區,65000070-004,圳安里,1106,741509,670,512,320,832,706.04,105.31,"102Y"
,65000,新北市,65000070,樹林區,65000070-005,保安里,1945,1464150,753,543,328,955,709,94.18,"102Y"
,65000,新北市,65000070,樹林區,65000070-006,潭底里,1220,855448,701,534,321,836,699.4,99.75,"102Y"
,65000,新北市,65000070,樹林區,65000070-007,?寮里,1355,886839,654,506,328,809,554.4,84.71,"102Y"
,65000,新北市,65000070,樹林區,65000070-008,樹德里,1126,830242,737,532,338,898,690.44,93.64,"102Y"
,65000,新北市,65000070,樹林區,65000070-009,樹西里,1691,1518799,898,612,342,1089,1329.78,148.05,"102Y"
,65000,新北市,65000070,樹林區,65000070-010,樹南里,1296,1043376,805,595,351,1004,749.58,93.11,"102Y"
,65000,新北市,65000070,樹林區,65000070-011,樹人里,1033,819277,793,559,349,941,840.97,106.04,"102Y"
,65000,新北市,65000070,樹林區,65000070-012,坡內里,428,286687,670,459,292,744,1185.28,176.95,"102Y"
,65000,新北市,65000070,樹林區,65000070-013,樹東里,365,290290,795,523,305,962,1010.58,127.07,"102Y"
,65000,新北市,65000070,樹林區,65000070-014,大同里,961,741607,772,583,359,988,696.69,90.28,"102Y"
,65000,新北市,65000070,樹林區,65000070-015,和平里,1126,713525,634,494,307,791,557.71,88.01,"102Y"
,65000,新北市,65000070,樹林區,65000070-016,彭厝里,1508,997687,662,512,319,829,528.54,79.89,"102Y"
,65000,新北市,65000070,樹林區,65000070-017,彭福里,1478,1079940,731,538,335,914,818.72,112.05,"102Y"
,65000,新北市,65000070,樹林區,65000070-018,東山里,1047,679069,649,478,291,757,1048.7,161.69,"102Y"
,65000,新北市,65000070,樹林區,65000070-019,東陽里,1732,1188629,686,548,318,904,543.42,79.18,"102Y"
,65000,新北市,65000070,樹林區,65000070-020,東昇里,1471,1090876,742,555,333,892,819.62,110.52,"102Y"
,65000,新北市,65000070,樹林區,65000070-021,樂山里,419,298576,713,507,318,834,777.28,109.08,"102Y"
,65000,新北市,65000070,樹林區,65000070-022,東園里,452,324518,718,521,324,891,667.85,93.02,"102Y"
,65000,新北市,65000070,樹林區,65000070-023,西園里,473,316826,670,507,310,823,584.27,87.23,"102Y"
,65000,新北市,65000070,樹林區,65000070-024,南園里,4279,4879412,1140,795,442,1393,1389.95,121.89,"102Y"
,65000,新北市,65000070,樹林區,65000070-025,北園里,643,426857,664,508,316,783,634.57,95.59,"102Y"
,65000,新北市,65000070,樹林區,65000070-026,柑園里,2822,3394501,1203,821,429,1463,2218.85,184.46,"102Y"
,65000,新北市,65000070,樹林區,65000070-027,樹北里,300,237187,791,559,363,944,852.5,107.83,"102Y"
,65000,新北市,65000070,樹林區,65000070-028,圳福里,1266,828589,654,503,324,828,544.51,83.2,"102Y"
,65000,新北市,65000070,樹林區,65000070-029,樹興里,1078,811277,753,541,348,957,646.85,85.95,"102Y"
,65000,新北市,65000070,樹林區,65000070-030,樹福里,1184,1183091,999,666,374,1237,1075.78,107.66,"102Y"
,65000,新北市,65000070,樹林區,65000070-031,光興里,1076,669190,622,500,318,789,482.8,77.63,"102Y"
,65000,新北市,65000070,樹林區,65000070-032,金寮里,1203,792296,659,519,334,840,558.02,84.73,"102Y"
,65000,新北市,65000070,樹林區,65000070-033,彭興里,1622,972631,600,478,314,775,473.97,79.04,"102Y"
,65000,新北市,65000070,樹林區,65000070-034,文林里,1538,1134769,738,566,346,939,609.43,82.6,"102Y"
,65000,新北市,65000070,樹林區,65000070-035,山佳里,1655,1135810,686,541,350,825,603.28,87.9,"102Y"
,65000,新北市,65000070,樹林區,65000070-036,中山里,1430,1030185,720,551,344,904,586.34,81.39,"102Y"
,65000,新北市,65000070,樹林區,65000070-037,育英里,931,764713,821,597,366,1015,793.75,96.63,"102Y"
,65000,新北市,65000070,樹林區,65000070-038,中華里,981,664390,677,533,326,894,512.61,75.69,"102Y"
,65000,新北市,65000070,樹林區,65000070-039,太順里,807,497616,617,496,313,775,487.89,79.12,"102Y"
,65000,新北市,65000070,樹林區,65000070-040,圳民里,805,523270,650,513,310,820,630.56,97,"102Y"
,65000,新北市,65000070,樹林區,65000070-041,圳生里,626,353653,565,461,300,730,408.78,72.36,"102Y"
,65000,新北市,65000070,樹林區,65000070-042,三龍里,710,467926,659,486,293,819,668.89,101.49,"102Y"
X,65000,新北市,65000070,樹林區,65000070-999,其他,4,1587,397,453,337,513,247.69,62.41,"102Y"
,65000,新北市,65000080,鶯歌區,65000080-001,東鶯里,276,204183,740,549,341,913,716.49,96.85,"102Y"
,65000,新北市,65000080,鶯歌區,65000080-002,西鶯里,705,502666,713,519,332,888,655.35,91.91,"102Y"
,65000,新北市,65000080,鶯歌區,65000080-003,南鶯里,1668,1285571,771,577,345,965,793.8,102.99,"102Y"
,65000,新北市,65000080,鶯歌區,65000080-004,北鶯里,1220,1124459,922,683,392,1182,960.47,104.21,"102Y"
,65000,新北市,65000080,鶯歌區,65000080-005,中鶯里,285,219215,769,556,341,1005,753.32,97.94,"102Y"
,65000,新北市,65000080,鶯歌區,65000080-006,建德里,149,89771,602,492,325,733,422.71,70.16,"102Y"
,65000,新北市,65000080,鶯歌區,65000080-007,同慶里,486,375678,773,524,336,900,862.89,111.63,"102Y"
,65000,新北市,65000080,鶯歌區,65000080-008,永昌里,2473,1745765,706,539,346,896,617.16,87.42,"102Y"
,65000,新北市,65000080,鶯歌區,65000080-009,南靖里,998,676102,677,511,324,847,699.97,103.32,"102Y"
,65000,新北市,65000080,鶯歌區,65000080-010,尖山里,1969,1352773,687,521,335,871,580.78,84.53,"102Y"
,65000,新北市,65000080,鶯歌區,65000080-011,二橋里,2013,1382686,687,530,340,863,596.07,86.78,"102Y"
,65000,新北市,65000080,鶯歌區,65000080-012,二甲里,261,159829,612,492,288,796,468.69,76.54,"102Y"
,65000,新北市,65000080,鶯歌區,65000080-013,東湖里,88,60936,692,491,320,760,835.95,120.72,"102Y"
,65000,新北市,65000080,鶯歌區,65000080-014,大湖里,1592,1101163,692,539,347,843,670.86,96.99,"102Y"
,65000,新北市,65000080,鶯歌區,65000080-015,鳳鳴里,1370,884290,645,506,342,808,554.45,85.9,"102Y"
,65000,新北市,65000080,鶯歌區,65000080-016,鳳福里,1240,811529,654,503,340,775,766.02,117.05,"102Y"
,65000,新北市,65000080,鶯歌區,65000080-017,永吉里,1458,902195,619,490,337,774,474.21,76.63,"102Y"
,65000,新北市,65000080,鶯歌區,65000080-018,中湖里,1634,1000024,612,486,327,742,529.17,86.46,"102Y"
,65000,新北市,65000080,鶯歌區,65000080-019,鳳祥里,1367,881288,645,498,329,803,530.79,82.33,"102Y"
,65000,新北市,65000080,鶯歌區,65000080-020,建國里,1833,1234134,673,530,336,834,796.5,118.3,"102Y"
X,65000,新北市,65000080,鶯歌區,65000080-999,其他,0,0,0,0,0,0,0,0,"102Y"
,65000,新北市,65000090,三峽區,65000090-001,三峽里,88,64016,727,505,311,953,640.16,88,"102Y"
,65000,新北市,65000090,三峽區,65000090-002,秀川里,159,102358,644,502,289,794,542.14,84.22,"102Y"
,65000,新北市,65000090,三峽區,65000090-003,八張里,953,644014,676,537,334,837,558.15,82.59,"102Y"
,65000,新北市,65000090,三峽區,65000090-004,中埔里,611,388756,636,524,325,827,461.96,72.6,"102Y"
,65000,新北市,65000090,三峽區,65000090-005,弘道里,272,179338,659,504,323,814,614.6,93.22,"102Y"
,65000,新北市,65000090,三峽區,65000090-006,永?里,1998,1599094,800,587,336,975,956.27,119.48,"102Y"
,65000,新北市,65000090,三峽區,65000090-007,礁溪里,1514,1057789,699,527,328,885,586.29,83.92,"102Y"
,65000,新北市,65000090,三峽區,65000090-008,鳶山里,2574,1934684,752,539,332,935,802.8,106.81,"102Y"
,65000,新北市,65000090,三峽區,65000090-009,龍埔里,2371,1763238,744,554,327,951,693.94,93.31,"102Y"
,65000,新北市,65000090,三峽區,65000090-010,大埔里,1054,788195,748,569,339,990,630.04,84.25,"102Y"
,65000,新北市,65000090,三峽區,65000090-011,嘉添里,549,401714,732,512,293,875,886.32,121.13,"102Y"
,65000,新北市,65000090,三峽區,65000090-012,添福里,311,183766,591,450,316,736,492.79,83.4,"102Y"
,65000,新北市,65000090,三峽區,65000090-013,金圳里,106,64541,609,460,303,755,480.03,78.84,"102Y"
,65000,新北市,65000090,三峽區,65000090-014,五寮里,143,79056,553,460,300,684,475.05,85.93,"102Y"
,65000,新北市,65000090,三峽區,65000090-015,插角里,147,114064,776,545,364,950,742.06,95.63,"102Y"
,65000,新北市,65000090,三峽區,65000090-016,有木里,111,75290,678,442,286,731,1165.26,171.79,"102Y"
,65000,新北市,65000090,三峽區,65000090-017,溪北里,541,332701,615,492,327,776,452.4,73.56,"102Y"
,65000,新北市,65000090,三峽區,65000090-018,溪南里,365,260068,713,488,313,838,700.87,98.37,"102Y"
,65000,新北市,65000090,三峽區,65000090-019,溪東里,824,537649,652,478,324,772,719.02,110.2,"102Y"
,65000,新北市,65000090,三峽區,65000090-020,成福里,228,141964,623,505,334,756,487.71,78.33,"102Y"
,65000,新北市,65000090,三峽區,65000090-021,安坑里,311,189250,609,480,297,751,480.04,78.89,"102Y"
,65000,新北市,65000090,三峽區,65000090-022,竹崙里,454,283102,624,439,308,708,1141.2,183.01,"102Y"
,65000,新北市,65000090,三峽區,65000090-023,介壽里,1512,957481,633,480,321,792,596.99,94.27,"102Y"
,65000,新北市,65000090,三峽區,65000090-024,安溪里,1899,1435635,756,557,342,957,879.4,116.32,"102Y"
,65000,新北市,65000090,三峽區,65000090-025,中正里,1276,821386,644,498,310,820,529.5,82.26,"102Y"
,65000,新北市,65000090,三峽區,65000090-026,二鬮里,878,604926,689,501,322,851,790.41,114.72,"102Y"
,65000,新北市,65000090,三峽區,65000090-027,龍學里,4159,4810275,1157,855,459,1504,1347.8,116.53,"102Y"
,65000,新北市,65000090,三峽區,65000090-028,龍恩里,1618,1721682,1064,804,435,1446,928.36,87.25,"102Y"
X,65000,新北市,65000090,三峽區,65000090-999,其他,5,2112,422,414,349,513,90.68,21.46,"102Y"
,65000,新北市,65000100,淡水區,65000100-001,中和里,164,120524,735,503,313,800,924.94,125.86,"102Y"
,65000,新北市,65000100,淡水區,65000100-002,屯山里,280,188441,673,512,313,824,627.79,93.28,"102Y"
,65000,新北市,65000100,淡水區,65000100-003,賢孝里,392,304866,778,552,325,912,1378.65,177.27,"102Y"
,65000,新北市,65000100,淡水區,65000100-004,興仁里,467,466422,999,516,296,905,5677.92,568.5,"102Y"
,65000,新北市,65000100,淡水區,65000100-005,蕃薯里,268,246103,918,571,320,929,2887.29,314.42,"102Y"
,65000,新北市,65000100,淡水區,65000100-006,義山里,775,497174,642,481,314,761,743.23,115.86,"102Y"
,65000,新北市,65000100,淡水區,65000100-007,忠山里,244,163813,671,493,311,860,579.18,86.27,"102Y"
,65000,新北市,65000100,淡水區,65000100-008,崁頂里,2109,2160719,1025,752,408,1277,1792.64,174.97,"102Y"
,65000,新北市,65000100,淡水區,65000100-009,埤島里,466,377189,809,619,354,956,785.15,97,"102Y"
,65000,新北市,65000100,淡水區,65000100-010,新興里,2182,1752504,803,604,353,1020,764.49,95.19,"102Y"
,65000,新北市,65000100,淡水區,65000100-011,水碓里,1760,1332157,757,544,323,932,888.99,117.45,"102Y"
,65000,新北市,65000100,淡水區,65000100-012,北投里,2713,2510248,925,712,392,1205,876.33,94.71,"102Y"
,65000,新北市,65000100,淡水區,65000100-013,水源里,580,429712,741,531,312,945,954.07,128.78,"102Y"
,65000,新北市,65000100,淡水區,65000100-014,忠寮里,303,230705,761,499,301,858,1078.81,141.69,"102Y"
,65000,新北市,65000100,淡水區,65000100-015,樹興里,375,367713,981,581,291,1128,1646.49,167.91,"102Y"
,65000,新北市,65000100,淡水區,65000100-016,坪頂里,448,436738,975,599,336,1152,1630.87,167.29,"102Y"
,65000,新北市,65000100,淡水區,65000100-017,福德里,2326,2661835,1144,781,411,1392,1620.1,141.57,"102Y"
,65000,新北市,65000100,淡水區,65000100-018,竹圍里,2182,1989272,912,650,377,1163,969.57,106.35,"102Y"
,65000,新北市,65000100,淡水區,65000100-019,民生里,2368,2099923,887,628,365,1116,1032.96,116.48,"102Y"
,65000,新北市,65000100,淡水區,65000100-020,八勢里,1945,2565025,1319,777,405,1418,2908.81,220.57,"102Y"
,65000,新北市,65000100,淡水區,65000100-021,竿蓁里,3441,3541775,1029,711,385,1249,1341.46,130.33,"102Y"
,65000,新北市,65000100,淡水區,65000100-022,鄧公里,2218,3371420,1520,695,387,1270,22188.39,1459.74,"102Y"
,65000,新北市,65000100,淡水區,65000100-023,中興里,1172,844213,720,523,316,875,743.17,103.17,"102Y"
,65000,新北市,65000100,淡水區,65000100-024,長庚里,490,378481,772,527,297,925,830.67,107.54,"102Y"
,65000,新北市,65000100,淡水區,65000100-025,清文里,331,221511,669,476,291,811,836.1,124.94,"102Y"
,65000,新北市,65000100,淡水區,65000100-026,草東里,240,193980,808,557,311,978,803.01,99.35,"102Y"
,65000,新北市,65000100,淡水區,65000100-027,協元里,449,299342,667,499,304,848,598.64,89.79,"102Y"
,65000,新北市,65000100,淡水區,65000100-028,永吉里,283,200969,710,495,324,910,653.07,91.96,"102Y"
,65000,新北市,65000100,淡水區,65000100-029,民安里,229,195889,855,559,303,1036,1045.52,122.22,"102Y"
,65000,新北市,65000100,淡水區,65000100-030,新生里,185,159770,864,576,359,1048,1134.27,131.34,"102Y"
,65000,新北市,65000100,淡水區,65000100-031,文化里,583,466111,800,567,331,1078,705.82,88.28,"102Y"
,65000,新北市,65000100,淡水區,65000100-032,油車里,1640,1287137,785,563,325,999,795.72,101.39,"102Y"
,65000,新北市,65000100,淡水區,65000100-033,沙崙里,1003,738585,736,536,316,898,781.57,106.14,"102Y"
,65000,新北市,65000100,淡水區,65000100-034,新義里,1159,790619,682,510,317,849,652.98,95.72,"102Y"
,65000,新北市,65000100,淡水區,65000100-035,新春里,2081,1939956,932,683,389,1190,968.67,103.91,"102Y"
,65000,新北市,65000100,淡水區,65000100-036,新民里,1409,1366633,970,653,376,1193,1420.26,146.43,"102Y"
,65000,新北市,65000100,淡水區,65000100-037,正德里,1357,1155851,852,643,370,1120,719.58,84.48,"102Y"
,65000,新北市,65000100,淡水區,65000100-038,北新里,884,821685,930,680,373,1290,846.99,91.12,"102Y"
,65000,新北市,65000100,淡水區,65000100-039,民權里,1351,1252221,927,657,366,1231,948.18,102.3,"102Y"
,65000,新北市,65000100,淡水區,65000100-040,幸福里,1195,897876,751,551,328,929,780.42,103.87,"102Y"
,65000,新北市,65000100,淡水區,65000100-041,學府里,1265,970112,767,567,348,977,780.98,101.84,"102Y"
,65000,新北市,65000100,淡水區,65000100-042,大庄里,1689,1504050,890,625,369,1090,946.68,106.31,"102Y"
X,65000,新北市,65000100,淡水區,65000100-999,其他,3,2174,725,309,308,933,720.66,99.47,"102Y"
,65000,新北市,65000110,汐止區,65000110-001,義民里,428,322378,753,540,319,930,787.89,104.6,"102Y"
,65000,新北市,65000110,汐止區,65000110-002,禮門里,315,249877,793,550,342,877,918.15,115.74,"102Y"
,65000,新北市,65000110,汐止區,65000110-003,智慧里,1439,1468872,1021,709,402,1248,1093.41,107.12,"102Y"
,65000,新北市,65000110,汐止區,65000110-004,信望里,112,104706,935,560,290,973,1699.3,181.77,"102Y"
,65000,新北市,65000110,汐止區,65000110-005,橋東里,1006,833355,828,580,353,1006,1051,126.87,"102Y"
,65000,新北市,65000110,汐止區,65000110-006,秀峰里,1260,952938,756,543,328,944,733.28,96.96,"102Y"
,65000,新北市,65000110,汐止區,65000110-007,新昌里,1731,1455520,841,613,366,1038,809.26,96.24,"102Y"
,65000,新北市,65000110,汐止區,65000110-008,復興里,2520,2860892,1135,793,434,1480,1549.82,136.51,"102Y"
,65000,新北市,65000110,汐止區,65000110-009,茄苳里,1343,918810,684,535,353,880,557.5,81.49,"102Y"
,65000,新北市,65000110,汐止區,65000110-010,長安里,464,300874,648,489,325,802,542.94,83.73,"102Y"
,65000,新北市,65000110,汐止區,65000110-011,保安里,472,326189,691,498,314,821,979.88,141.79,"102Y"
,65000,新北市,65000110,汐止區,65000110-012,保長里,1283,914134,712,565,354,931,563.6,79.1,"102Y"
,65000,新北市,65000110,汐止區,65000110-013,鄉長里,689,479234,696,511,332,859,602.37,86.6,"102Y"
,65000,新北市,65000110,汐止區,65000110-014,江北里,1766,1270221,719,547,345,889,641.71,89.22,"102Y"
,65000,新北市,65000110,汐止區,65000110-015,拱北里,1355,902476,666,518,335,829,597.52,89.71,"102Y"
,65000,新北市,65000110,汐止區,65000110-016,烘內里,442,353452,800,568,345,956,769.36,96.21,"102Y"
,65000,新北市,65000110,汐止區,65000110-017,八連里,276,165024,598,496,314,756,505.64,84.57,"102Y"
,65000,新北市,65000110,汐止區,65000110-018,樟樹里,693,418859,604,480,320,732,478.59,79.18,"102Y"
,65000,新北市,65000110,汐止區,65000110-019,北峰里,1400,900399,643,509,327,784,524.78,81.6,"102Y"
,65000,新北市,65000110,汐止區,65000110-020,北山里,1845,1597455,866,588,359,1056,1040.78,120.21,"102Y"
,65000,新北市,65000110,汐止區,65000110-021,白雲里,1301,1240416,953,670,381,1158,1091.48,114.48,"102Y"
,65000,新北市,65000110,汐止區,65000110-022,橫科里,1396,1107935,794,558,346,982,738.11,93,"102Y"
,65000,新北市,65000110,汐止區,65000110-023,東山里,164,118585,723,547,330,871,687.61,95.09,"102Y"
,65000,新北市,65000110,汐止區,65000110-024,福山里,1268,1522515,1201,636,361,1319,1909.23,159.01,"102Y"
,65000,新北市,65000110,汐止區,65000110-025,宜興里,970,1002565,1034,678,371,1165,1465.54,141.79,"102Y"
,65000,新北市,65000110,汐止區,65000110-026,中興里,2447,1838091,751,549,345,929,691.33,92.03,"102Y"
,65000,新北市,65000110,汐止區,65000110-027,湖光里,2049,2144680,1047,723,406,1294,1351.67,129.14,"102Y"
,65000,新北市,65000110,汐止區,65000110-028,仁德里,542,427595,789,534,340,915,1538.33,194.99,"102Y"
,65000,新北市,65000110,汐止區,65000110-029,厚德里,2254,1751593,777,598,363,992,712.59,91.7,"102Y"
,65000,新北市,65000110,汐止區,65000110-030,忠孝里,2378,1839252,773,574,346,957,721.46,93.28,"102Y"
,65000,新北市,65000110,汐止區,65000110-031,自強里,1683,1533246,911,624,354,1171,1018.49,111.8,"102Y"
,65000,新北市,65000110,汐止區,65000110-032,文化里,1377,1194530,867,613,360,1056,1032.6,119.03,"102Y"
,65000,新北市,65000110,汐止區,65000110-033,金龍里,1563,1204920,771,582,363,965,735.91,95.46,"102Y"
,65000,新北市,65000110,汐止區,65000110-034,福德里,1029,775149,753,569,348,934,625.24,83,"102Y"
,65000,新北市,65000110,汐止區,65000110-035,興福里,931,771670,829,602,370,1059,759.28,91.61,"102Y"
,65000,新北市,65000110,汐止區,65000110-036,康福里,1903,1667520,876,658,398,1097,1040.35,118.73,"102Y"
,65000,新北市,65000110,汐止區,65000110-037,忠山里,1272,1900922,1494,843,448,1774,2535.61,169.67,"102Y"
,65000,新北市,65000110,汐止區,65000110-038,環河里,455,314535,691,494,327,822,660.05,95.48,"102Y"
,65000,新北市,65000110,汐止區,65000110-039,東勢里,1430,1947039,1362,825,432,1629,1946.54,142.96,"102Y"
,65000,新北市,65000110,汐止區,65000110-040,山光里,764,584184,765,588,361,961,631.99,82.65,"102Y"
,65000,新北市,65000110,汐止區,65000110-041,大同里,870,701397,806,595,346,1011,811.68,100.68,"102Y"
,65000,新北市,65000110,汐止區,65000110-042,崇德里,1539,1293456,840,618,366,1046,784.57,93.35,"102Y"
,65000,新北市,65000110,汐止區,65000110-043,湖興里,2179,2391749,1098,724,404,1306,1691.87,154.14,"102Y"
,65000,新北市,65000110,汐止區,65000110-044,長青里,345,502113,1455,805,378,1791,1793.16,123.21,"102Y"
,65000,新北市,65000110,汐止區,65000110-045,福安里,1853,1915292,1034,794,426,1370,927.66,89.75,"102Y"
,65000,新北市,65000110,汐止區,65000110-046,秀山里,1390,1585782,1141,693,361,1319,2099.99,184.07,"102Y"
,65000,新北市,65000110,汐止區,65000110-047,建成里,1707,1548065,907,718,409,1184,748.87,82.58,"102Y"
,65000,新北市,65000110,汐止區,65000110-048,城中里,1450,1346846,929,703,411,1225,804.09,86.57,"102Y"
,65000,新北市,65000110,汐止區,65000110-049,湖蓮里,985,1308961,1329,985,480,1724,1333.65,100.36,"102Y"
,65000,新北市,65000110,汐止區,65000110-050,保新里,801,563346,703,559,353,893,553.44,78.69,"102Y"
X,65000,新北市,65000110,汐止區,65000110-999,其他,4,2438,610,480,256,834,481.76,79.04,"102Y"
,65000,新北市,65000120,瑞芳區,65000120-001,龍潭里,249,197328,792,564,339,870,913.07,115.22,"102Y"
,65000,新北市,65000120,瑞芳區,65000120-002,龍興里,653,506035,775,594,335,1039,677.92,87.48,"102Y"
,65000,新北市,65000120,瑞芳區,65000120-003,龍鎮里,392,250364,639,497,303,796,566.71,88.73,"102Y"
,65000,新北市,65000120,瑞芳區,65000120-004,龍川里,479,309115,645,477,317,818,550.95,85.37,"102Y"
,65000,新北市,65000120,瑞芳區,65000120-005,龍山里,372,234673,631,488,325,788,531.26,84.21,"102Y"
,65000,新北市,65000120,瑞芳區,65000120-006,龍安里,171,112023,655,492,306,843,529.87,80.88,"102Y"
,65000,新北市,65000120,瑞芳區,65000120-007,爪?里,1109,681752,615,488,307,774,479.51,78,"102Y"
,65000,新北市,65000120,瑞芳區,65000120-008,柑坪里,306,179641,587,445,288,752,506.33,86.25,"102Y"
,65000,新北市,65000120,瑞芳區,65000120-009,東和里,463,272034,588,496,320,733,418.1,71.16,"102Y"
,65000,新北市,65000120,瑞芳區,65000120-010,上天里,394,219424,557,476,321,704,380.98,68.41,"102Y"
,65000,新北市,65000120,瑞芳區,65000120-011,吉慶里,495,296609,599,486,302,761,524.4,87.52,"102Y"
,65000,新北市,65000120,瑞芳區,65000120-012,吉安里,812,514599,634,505,300,778,611.76,96.53,"102Y"
,65000,新北市,65000120,瑞芳區,65000120-013,傑魚里,575,324148,564,443,300,671,511.9,90.8,"102Y"
,65000,新北市,65000120,瑞芳區,65000120-014,猴硐里,123,63699,518,420,281,644,449.17,86.73,"102Y"
,65000,新北市,65000120,瑞芳區,65000120-015,光復里,68,36074,530,512,326,751,319.25,60.18,"102Y"
,65000,新北市,65000120,瑞芳區,65000120-016,弓橋里,89,46213,519,384,231,635,417.25,80.36,"102Y"
,65000,新北市,65000120,瑞芳區,65000120-017,碩仁里,32,14839,464,354,212,566,557.23,120.17,"102Y"
,65000,新北市,65000120,瑞芳區,65000120-018,基山里,90,59757,664,542,320,790,576.1,86.77,"102Y"
,65000,新北市,65000120,瑞芳區,65000120-019,永慶里,74,46973,635,507,329,740,566.95,89.32,"102Y"
,65000,新北市,65000120,瑞芳區,65000120-020,崇文里,81,61825,763,600,350,931,725.04,94.99,"102Y"
,65000,新北市,65000120,瑞芳區,65000120-021,福住里,30,17128,571,436,313,764,389.7,68.25,"102Y"
,65000,新北市,65000120,瑞芳區,65000120-022,頌德里,80,41667,521,486,317,699,336.61,64.63,"102Y"
,65000,新北市,65000120,瑞芳區,65000120-023,新山里,87,49463,569,489,318,751,388.69,68.37,"102Y"
,65000,新北市,65000120,瑞芳區,65000120-024,瓜山里,47,44201,940,518,346,1156,1653.36,175.81,"102Y"
,65000,新北市,65000120,瑞芳區,65000120-025,銅山里,57,31738,557,481,308,789,375.26,67.4,"102Y"
,65000,新北市,65000120,瑞芳區,65000120-026,石山里,93,72056,775,537,316,1000,694.69,89.66,"102Y"
,65000,新北市,65000120,瑞芳區,65000120-027,?新里,64,37017,578,424,241,891,525.25,90.81,"102Y"
,65000,新北市,65000120,瑞芳區,65000120-028,?洞里,139,96051,691,484,340,1008,527.48,76.33,"102Y"
,65000,新北市,65000120,瑞芳區,65000120-029,海濱里,266,166320,625,522,293,822,510.81,81.69,"102Y"
,65000,新北市,65000120,瑞芳區,65000120-030,瑞濱里,540,320545,594,467,287,766,456.51,76.9,"102Y"
,65000,新北市,65000120,瑞芳區,65000120-031,深澳里,237,141786,598,498,305,753,477.75,79.86,"102Y"
,65000,新北市,65000120,瑞芳區,65000120-032,南雅里,55,28776,523,425,295,664,414.78,79.28,"102Y"
,65000,新北市,65000120,瑞芳區,65000120-033,鼻頭里,126,65448,519,433,255,622,579.52,111.57,"102Y"
,65000,新北市,65000120,瑞芳區,65000120-034,新峰里,874,557246,638,514,320,828,476.29,74.7,"102Y"
X,65000,新北市,65000120,瑞芳區,65000120-999,其他,0,0,0,0,0,0,0,0,"102Y"
,65000,新北市,65000130,土城區,65000130-001,埤塘里,1029,717625,697,518,335,879,659.59,94.58,"102Y"
,65000,新北市,65000130,土城區,65000130-002,土城里,587,416464,709,487,307,846,786.33,110.83,"102Y"
,65000,新北市,65000130,土城區,65000130-003,員林里,1759,1354490,770,556,344,933,783.54,101.75,"102Y"
,65000,新北市,65000130,土城區,65000130-004,員仁里,1668,1091327,654,478,314,772,1869.36,285.72,"102Y"
,65000,新北市,65000130,土城區,65000130-005,長風里,631,567618,900,657,386,1185,925.76,102.91,"102Y"
,65000,新北市,65000130,土城區,65000130-006,日新里,1372,919470,670,503,319,847,629.19,93.89,"102Y"
,65000,新北市,65000130,土城區,65000130-007,日和里,1682,1134657,675,516,317,836,577.93,85.67,"102Y"
,65000,新北市,65000130,土城區,65000130-008,貨饒里,1244,852830,686,529,333,856,576.46,84.09,"102Y"
,65000,新北市,65000130,土城區,65000130-009,柑林里,959,844454,881,647,382,1156,727.48,82.62,"102Y"
,65000,新北市,65000130,土城區,65000130-010,埤林里,2693,2340018,869,636,371,1151,755.4,86.93,"102Y"
,65000,新北市,65000130,土城區,65000130-011,瑞興里,901,649235,721,553,354,905,649.9,90.19,"102Y"
,65000,新北市,65000130,土城區,65000130-012,清水里,2294,1642360,716,537,342,909,609.96,85.2,"102Y"
,65000,新北市,65000130,土城區,65000130-013,清和里,1639,1019192,622,493,323,768,518.73,83.42,"102Y"
,65000,新北市,65000130,土城區,65000130-014,永豐里,1259,1119614,889,606,351,1114,1050.65,118.15,"102Y"
,65000,新北市,65000130,土城區,65000130-015,清化里,438,303668,693,498,329,790,919.33,132.6,"102Y"
,65000,新北市,65000130,土城區,65000130-016,清溪里,1897,1548474,816,580,350,973,991.73,121.49,"102Y"
,65000,新北市,65000130,土城區,65000130-017,?廷里,1967,1262861,642,503,331,797,527.88,82.22,"102Y"
,65000,新北市,65000130,土城區,65000130-018,平和里,1892,1327885,702,523,339,845,988.45,140.84,"102Y"
,65000,新北市,65000130,土城區,65000130-019,廷寮里,1313,929771,708,541,338,909,585.96,82.75,"102Y"
,65000,新北市,65000130,土城區,65000130-020,大安里,1427,1045408,733,535,315,870,1128.58,154.05,"102Y"
,65000,新北市,65000130,土城區,65000130-021,永寧里,2380,1742079,732,546,338,901,713.32,97.45,"102Y"
,65000,新北市,65000130,土城區,65000130-022,沛陂里,1370,986929,720,527,324,838,1000.49,138.88,"102Y"
,65000,新北市,65000130,土城區,65000130-023,頂埔里,1445,1055226,730,525,339,870,961.82,131.71,"102Y"
,65000,新北市,65000130,土城區,65000130-024,頂福里,1347,834542,620,500,321,781,478.37,77.21,"102Y"
,65000,新北市,65000130,土城區,65000130-025,頂新里,851,803942,945,707,392,1196,943.54,99.88,"102Y"
,65000,新北市,65000130,土城區,65000130-026,祖田里,435,255001,586,442,299,726,484.59,82.67,"102Y"
,65000,新北市,65000130,土城區,65000130-027,樂利里,1646,1154304,701,528,324,875,607.56,86.64,"102Y"
,65000,新北市,65000130,土城區,65000130-028,廣福里,1742,1545053,887,623,360,1159,966.4,108.96,"102Y"
,65000,新北市,65000130,土城區,65000130-029,學府里,1053,745307,708,542,346,874,573.62,81.04,"102Y"
,65000,新北市,65000130,土城區,65000130-030,延壽里,1282,844314,659,510,333,814,567.01,86.09,"102Y"
,65000,新北市,65000130,土城區,65000130-031,安和里,1378,953702,692,531,332,900,559.55,80.85,"102Y"
,65000,新北市,65000130,土城區,65000130-032,青雲里,816,580093,711,522,328,862,697.76,98.15,"102Y"
,65000,新北市,65000130,土城區,65000130-033,員福里,1618,1140859,705,511,320,859,690.79,97.97,"102Y"
,65000,新北市,65000130,土城區,65000130-034,延吉里,1118,679754,608,480,320,737,525.54,86.44,"102Y"
,65000,新北市,65000130,土城區,65000130-035,復興里,1373,1043644,760,555,342,936,679.52,89.4,"102Y"
,65000,新北市,65000130,土城區,65000130-036,裕生里,1672,1276040,763,570,349,950,672.49,88.12,"102Y"
,65000,新北市,65000130,土城區,65000130-037,員信里,1286,952487,741,553,347,873,798.23,107.77,"102Y"
,65000,新北市,65000130,土城區,65000130-038,永富里,1386,868286,626,507,331,802,458.26,73.15,"102Y"
,65000,新北市,65000130,土城區,65000130-039,學成里,950,718656,756,591,360,909,751.54,99.35,"102Y"
,65000,新北市,65000130,土城區,65000130-040,延和里,1890,1402264,742,559,344,909,754.67,101.72,"102Y"
,65000,新北市,65000130,土城區,65000130-041,中正里,922,725362,787,575,353,1013,675.75,85.89,"102Y"
,65000,新北市,65000130,土城區,65000130-042,學士里,1398,1381886,988,722,401,1288,976.68,98.81,"102Y"
,65000,新北市,65000130,土城區,65000130-043,明德里,1850,1876668,1014,716,396,1319,1233.9,121.64,"102Y"
,65000,新北市,65000130,土城區,65000130-044,廣興里,1063,841597,792,577,335,1001,805.48,101.74,"102Y"
,65000,新北市,65000130,土城區,65000130-045,青山里,817,547427,670,501,318,816,678.72,101.3,"102Y"
,65000,新北市,65000130,土城區,65000130-046,金城里,1725,1380269,800,603,365,1028,817.9,102.22,"102Y"
,65000,新北市,65000130,土城區,65000130-047,延祿里,1079,717025,665,542,347,836,501.04,75.4,"102Y"
X,65000,新北市,65000130,土城區,65000130-999,其他,5,4940,988,598,591,1027,741.42,75.04,"102Y"
,65000,新北市,65000140,蘆洲區,65000140-001,正義里,3485,3779756,1085,793,429,1442,1100.27,101.45,"102Y"
,65000,新北市,65000140,蘆洲區,65000140-002,中原里,1509,1133822,751,530,327,929,721.98,96.09,"102Y"
,65000,新北市,65000140,蘆洲區,65000140-003,中路里,1121,775625,692,532,338,853,594.2,85.88,"102Y"
,65000,新北市,65000140,蘆洲區,65000140-004,光華里,1426,1083326,760,538,338,903,939.4,123.65,"102Y"
,65000,新北市,65000140,蘆洲區,65000140-005,保佑里,1001,693224,693,509,318,842,619.67,89.48,"102Y"
,65000,新北市,65000140,蘆洲區,65000140-006,水湳里,2960,2436472,823,583,352,1025,941.44,114.37,"102Y"
,65000,新北市,65000140,蘆洲區,65000140-007,樓厝里,1803,1402137,778,571,362,962,731.55,94.07,"102Y"
,65000,新北市,65000140,蘆洲區,65000140-008,鷺江里,1528,1345244,880,569,354,993,1340.87,152.3,"102Y"
,65000,新北市,65000140,蘆洲區,65000140-009,恆德里,1811,1496737,826,583,350,1001,902.22,109.17,"102Y"
,65000,新北市,65000140,蘆洲區,65000140-010,溪墘里,910,642023,706,532,322,895,625.97,88.72,"102Y"
,65000,新北市,65000140,蘆洲區,65000140-011,樹德里,965,713101,739,532,321,898,821.58,111.18,"102Y"
,65000,新北市,65000140,蘆洲區,65000140-012,保和里,739,532170,720,510,294,845,1151.44,159.9,"102Y"
,65000,新北市,65000140,蘆洲區,65000140-013,仁復里,552,444621,805,587,346,987,881.63,109.45,"102Y"
,65000,新北市,65000140,蘆洲區,65000140-014,得勝里,923,695259,753,497,316,802,1692.08,224.63,"102Y"
,65000,新北市,65000140,蘆洲區,65000140-015,南港里,1474,1057900,718,541,349,876,609.43,84.91,"102Y"
,65000,新北市,65000140,蘆洲區,65000140-016,永樂里,1656,1305498,788,560,348,981,995.98,126.34,"102Y"
,65000,新北市,65000140,蘆洲區,65000140-017,永康里,1869,1346081,720,561,347,910,601.47,83.51,"102Y"
,65000,新北市,65000140,蘆洲區,65000140-018,信義里,1105,723761,655,480,321,761,820.47,125.27,"102Y"
,65000,新北市,65000140,蘆洲區,65000140-019,玉清里,1644,1414012,860,585,349,1033,1067.82,124.15,"102Y"
,65000,新北市,65000140,蘆洲區,65000140-020,復興里,970,618696,638,497,327,772,557.04,87.33,"102Y"
,65000,新北市,65000140,蘆洲區,65000140-021,水河里,2523,1815522,720,548,340,891,661.68,91.95,"102Y"
,65000,新北市,65000140,蘆洲區,65000140-022,仁愛里,1491,1081239,725,540,347,869,671.45,92.59,"102Y"
,65000,新北市,65000140,蘆洲區,65000140-023,忠義里,829,566045,683,523,315,850,637.84,93.41,"102Y"
,65000,新北市,65000140,蘆洲區,65000140-024,九芎里,1424,954757,670,516,310,833,593.02,88.45,"102Y"
,65000,新北市,65000140,蘆洲區,65000140-025,中華里,923,648023,702,493,312,818,779.14,110.98,"102Y"
,65000,新北市,65000140,蘆洲區,65000140-026,得仁里,926,642572,694,500,324,825,663.51,95.62,"102Y"
,65000,新北市,65000140,蘆洲區,65000140-027,仁德里,1659,1205336,727,525,340,843,829.01,114.1,"102Y"
,65000,新北市,65000140,蘆洲區,65000140-028,仁義里,1045,806921,772,566,353,935,692.04,89.62,"102Y"
,65000,新北市,65000140,蘆洲區,65000140-029,光明里,1314,984935,750,555,351,890,1084.07,144.63,"102Y"
,65000,新北市,65000140,蘆洲區,65000140-030,保新里,703,441544,628,497,320,769,560.39,89.22,"102Y"
,65000,新北市,65000140,蘆洲區,65000140-031,長安里,1309,885652,677,522,335,820,710.48,105.01,"102Y"
,65000,新北市,65000140,蘆洲區,65000140-032,民和里,754,510522,677,487,315,813,621.6,91.81,"102Y"
,65000,新北市,65000140,蘆洲區,65000140-033,忠孝里,697,491679,705,532,333,855,597.94,84.76,"102Y"
,65000,新北市,65000140,蘆洲區,65000140-034,福安里,929,644284,694,527,338,874,627.45,90.47,"102Y"
,65000,新北市,65000140,蘆洲區,65000140-035,永安里,1411,995698,706,548,338,873,633.6,89.79,"102Y"
,65000,新北市,65000140,蘆洲區,65000140-036,延平里,1036,758352,732,562,345,927,652.97,89.2,"102Y"
,65000,新北市,65000140,蘆洲區,65000140-037,成功里,1926,1448564,752,558,345,921,758.19,100.81,"102Y"
,65000,新北市,65000140,蘆洲區,65000140-038,永德里,1180,808065,685,529,338,879,555.07,81.06,"102Y"
X,65000,新北市,65000140,蘆洲區,65000140-999,其他,2,7369,3684,3684,1870,5499,5132.69,139.31,"102Y"
,65000,新北市,65000150,五股區,65000150-001,興珍里,1684,1263701,750,500,299,846,1152.1,153.53,"102Y"
,65000,新北市,65000150,五股區,65000150-002,更寮里,328,215163,656,507,325,813,572.12,87.22,"102Y"
,65000,新北市,65000150,五股區,65000150-003,集福里,1018,690019,678,520,315,852,601.98,88.81,"102Y"
,65000,新北市,65000150,五股區,65000150-004,觀音里,294,192903,656,505,304,780,676.42,103.09,"102Y"
,65000,新北市,65000150,五股區,65000150-005,成州里,1423,872328,613,482,298,765,544.77,88.87,"102Y"
,65000,新北市,65000150,五股區,65000150-006,成功里,1449,898577,620,500,320,755,514,82.89,"102Y"
,65000,新北市,65000150,五股區,65000150-007,五龍里,391,240058,614,462,267,735,616.47,100.41,"102Y"
,65000,新北市,65000150,五股區,65000150-008,五股里,1109,801969,723,519,328,814,773.37,106.94,"102Y"
,65000,新北市,65000150,五股區,65000150-009,五福里,1055,665495,631,458,289,781,923.11,146.34,"102Y"
,65000,新北市,65000150,五股區,65000150-010,德音里,1488,1681679,1130,617,360,1078,4968.05,439.59,"102Y"
,65000,新北市,65000150,五股區,65000150-011,陸一里,450,327281,727,558,332,880,744.62,102.38,"102Y"
,65000,新北市,65000150,五股區,65000150-012,貿商里,751,610206,813,597,347,999,1548.05,190.52,"102Y"
,65000,新北市,65000150,五股區,65000150-013,德泰里,1264,1262938,999,573,353,948,8516.72,852.39,"102Y"
,65000,新北市,65000150,五股區,65000150-014,成德里,736,444070,603,493,311,714,487.33,80.77,"102Y"
,65000,新北市,65000150,五股區,65000150-015,六福里,1001,698725,698,549,346,874,586.57,84.03,"102Y"
,65000,新北市,65000150,五股區,65000150-016,集賢里,998,606166,607,494,320,760,489.08,80.52,"102Y"
,65000,新北市,65000150,五股區,65000150-017,民義里,886,651816,736,521,322,870,1207.5,164.13,"102Y"
,65000,新北市,65000150,五股區,65000150-018,成泰里,1585,1118045,705,537,325,884,651.5,92.36,"102Y"
,65000,新北市,65000150,五股區,65000150-019,水碓里,2187,1640783,750,545,342,924,832.25,110.93,"102Y"
,65000,新北市,65000150,五股區,65000150-020,福德里,873,603829,692,557,340,909,511.68,73.98,"102Y"
X,65000,新北市,65000150,五股區,65000150-999,其他,3,2892,964,800,414,1432,1027.78,106.63,"102Y"
,65000,新北市,65000160,泰山區,65000160-001,大科里,265,183541,693,539,309,937,574.35,82.93,"102Y"
,65000,新北市,65000160,泰山區,65000160-002,黎明里,1001,745605,745,591,354,971,633.1,85,"102Y"
,65000,新北市,65000160,泰山區,65000160-003,山腳里,1998,1447490,724,545,341,903,648.31,89.49,"102Y"
,65000,新北市,65000160,泰山區,65000160-004,福泰里,830,520393,627,497,314,759,563.92,89.94,"102Y"
,65000,新北市,65000160,泰山區,65000160-005,楓樹里,1291,1055093,817,566,347,962,1298.87,158.93,"102Y"
,65000,新北市,65000160,泰山區,65000160-006,同榮里,1294,1009471,780,556,347,948,847.86,108.68,"102Y"
,65000,新北市,65000160,泰山區,65000160-007,義學里,1294,923898,714,549,347,906,629.31,88.14,"102Y"
,65000,新北市,65000160,泰山區,65000160-008,明志里,1189,864834,727,511,322,904,721.81,99.24,"102Y"
,65000,新北市,65000160,泰山區,65000160-009,貴子里,1203,984452,818,585,342,1006,749.33,91.57,"102Y"
,65000,新北市,65000160,泰山區,65000160-010,貴和里,1596,1175010,736,568,345,947,644.37,87.52,"102Y"
,65000,新北市,65000160,泰山區,65000160-011,同興里,1168,1040104,890,650,383,1157,823.25,92.45,"102Y"
,65000,新北市,65000160,泰山區,65000160-012,義仁里,2233,1794281,804,610,373,1038,680.31,84.67,"102Y"
,65000,新北市,65000160,泰山區,65000160-013,泰友里,642,441459,688,547,337,872,531.17,77.25,"102Y"
,65000,新北市,65000160,泰山區,65000160-014,新明里,990,668136,675,541,343,870,522.42,77.41,"102Y"
,65000,新北市,65000160,泰山區,65000160-015,貴賢里,1266,1078714,852,607,363,1089,776.47,91.13,"102Y"
,65000,新北市,65000160,泰山區,65000160-016,福興里,1134,985923,869,646,386,1124,925.04,106.4,"102Y"
,65000,新北市,65000160,泰山區,65000160-017,全興里,2766,2798894,1012,791,462,1330,891.92,88.14,"102Y"
X,65000,新北市,65000160,泰山區,65000160-999,其他,0,0,0,0,0,0,0,0,"102Y"
,65000,新北市,65000170,林口區,65000170-001,東林里,1317,936684,711,522,336,837,862.36,121.25,"102Y"
,65000,新北市,65000170,林口區,65000170-002,林口里,1519,1144293,753,546,335,941,770.53,102.28,"102Y"
,65000,新北市,65000170,林口區,65000170-003,西林里,2624,2872252,1095,727,401,1351,1174.33,107.28,"102Y"
,65000,新北市,65000170,林口區,65000170-004,菁湖里,1428,1527892,1070,681,351,1311,1356.69,126.8,"102Y"
,65000,新北市,65000170,林口區,65000170-005,中湖里,982,912383,929,586,348,1001,2889.52,311,"102Y"
,65000,新北市,65000170,林口區,65000170-006,湖北里,435,339060,779,589,357,996,688.98,88.39,"102Y"
,65000,新北市,65000170,林口區,65000170-007,湖南里,5387,6030491,1119,818,457,1411,1140.33,101.86,"102Y"
,65000,新北市,65000170,林口區,65000170-008,南勢里,4920,6323832,1285,919,495,1615,1695.85,131.94,"102Y"
,65000,新北市,65000170,林口區,65000170-009,東勢里,1878,1773223,944,618,379,1156,1121.68,118.8,"102Y"
,65000,新北市,65000170,林口區,65000170-010,頂福里,314,219097,698,528,324,818,667.97,95.73,"102Y"
,65000,新北市,65000170,林口區,65000170-011,下福里,382,272565,714,562,347,923,576.5,80.8,"102Y"
,65000,新北市,65000170,林口區,65000170-012,嘉寶里,227,161193,710,537,324,870,694.75,97.84,"102Y"
,65000,新北市,65000170,林口區,65000170-013,瑞平里,192,125924,656,531,336,766,560.28,85.43,"102Y"
,65000,新北市,65000170,林口區,65000170-014,太平里,393,256224,652,519,316,821,550.53,84.44,"102Y"
,65000,新北市,65000170,林口區,65000170-015,仁愛里,1985,2356517,1187,832,438,1531,1238.48,104.32,"102Y"
,65000,新北市,65000170,林口區,65000170-016,麗林里,2454,2789899,1137,830,473,1509,1022.11,89.91,"102Y"
,65000,新北市,65000170,林口區,65000170-017,麗園里,1205,1187471,985,603,369,1110,1879.09,190.68,"102Y"
X,65000,新北市,65000170,林口區,65000170-999,其他,2,1820,910,910,633,1187,784.03,86.15,"102Y"
,65000,新北市,65000180,深坑區,65000180-001,深坑里,928,784256,845,599,373,1048,815.94,96.55,"102Y"
,65000,新北市,65000180,深坑區,65000180-002,萬順里,712,524811,737,553,360,929,603.23,81.84,"102Y"
,65000,新北市,65000180,深坑區,65000180-003,土庫里,874,697067,798,542,332,890,1430.06,179.3,"102Y"
,65000,新北市,65000180,深坑區,65000180-004,昇高里,558,442153,792,551,332,974,786.91,99.31,"102Y"
,65000,新北市,65000180,深坑區,65000180-005,阿柔里,158,120633,764,549,358,908,794.66,104.08,"102Y"
,65000,新北市,65000180,深坑區,65000180-006,埔新里,1810,1543935,853,625,359,1087,826.03,96.84,"102Y"
,65000,新北市,65000180,深坑區,65000180-007,萬福里,817,659631,807,548,346,947,1006.7,124.69,"102Y"
,65000,新北市,65000180,深坑區,65000180-008,賴仲里,660,606684,919,643,402,1076,1104.36,120.14,"102Y"
X,65000,新北市,65000180,深坑區,65000180-999,其他,0,0,0,0,0,0,0,0,"102Y"
,65000,新北市,65000190,石碇區,65000190-001,石碇里,126,68264,542,448,291,636,398.36,73.53,"102Y"
,65000,新北市,65000190,石碇區,65000190-002,潭邊里,186,165131,888,489,292,905,2520.08,283.86,"102Y"
,65000,新北市,65000190,石碇區,65000190-003,隆盛里,184,106769,580,474,300,705,484.3,83.46,"102Y"
,65000,新北市,65000190,石碇區,65000190-004,烏塗里,164,115846,706,534,309,877,633.74,89.72,"102Y"
,65000,新北市,65000190,石碇區,65000190-005,彭山里,70,45298,647,456,284,719,646.54,99.91,"102Y"
,65000,新北市,65000190,石碇區,65000190-006,豐田里,91,62545,687,536,312,781,746.76,108.65,"102Y"
,65000,新北市,65000190,石碇區,65000190-007,永定里,122,68653,563,470,310,687,381.26,67.75,"102Y"
,65000,新北市,65000190,石碇區,65000190-008,中民里,186,109923,591,480,314,748,410.2,69.41,"102Y"
,65000,新北市,65000190,石碇區,65000190-009,光明里,33,22763,690,506,220,928,657.71,95.35,"102Y"
,65000,新北市,65000190,石碇區,65000190-010,豐林里,72,50406,700,506,328,733,785.96,112.27,"102Y"
,65000,新北市,65000190,石碇區,65000190-011,永安里,145,89239,615,502,328,810,470.89,76.51,"102Y"
,65000,新北市,65000190,石碇區,65000190-012,格頭里,214,138433,647,476,285,811,626.87,96.91,"102Y"
X,65000,新北市,65000190,石碇區,65000190-999,其他,0,0,0,0,0,0,0,0,"102Y"
,65000,新北市,65000200,坪林區,65000200-001,粗窟里,187,146665,784,502,290,728,2019.64,257.51,"102Y"
,65000,新北市,65000200,坪林區,65000200-002,坪林里,306,203591,665,511,327,794,645.83,97.07,"102Y"
,65000,新北市,65000200,坪林區,65000200-003,大林里,226,154733,685,503,304,833,690.89,100.91,"102Y"
,65000,新北市,65000200,坪林區,65000200-004,石??里,84,60103,716,547,336,871,538.57,75.27,"102Y"
,65000,新北市,65000200,坪林區,65000200-005,上德里,155,104923,677,515,326,800,715.19,105.65,"102Y"
,65000,新北市,65000200,坪林區,65000200-006,水德里,119,71904,604,519,339,784,377.32,62.45,"102Y"
,65000,新北市,65000200,坪林區,65000200-007,漁光里,156,104085,667,496,337,809,534.74,80.15,"102Y"
X,65000,新北市,65000200,坪林區,65000200-999,其他,0,0,0,0,0,0,0,0,"102Y"
,65000,新北市,65000210,三芝區,65000210-001,八賢里,97,60227,621,459,270,724,721.03,116.13,"102Y"
,65000,新北市,65000210,三芝區,65000210-002,埔頭里,1363,791390,581,457,291,746,464.8,80.05,"102Y"
,65000,新北市,65000210,三芝區,65000210-003,古庄里,288,176097,611,494,297,779,503.64,82.37,"102Y"
,65000,新北市,65000210,三芝區,65000210-004,新庄里,210,118732,565,458,269,702,442.07,78.19,"102Y"
,65000,新北市,65000210,三芝區,65000210-005,埔坪里,1774,1066235,601,462,285,745,555.04,92.35,"102Y"
,65000,新北市,65000210,三芝區,65000210-006,茂長里,168,106602,635,468,267,851,570.06,89.84,"102Y"
,65000,新北市,65000210,三芝區,65000210-007,橫山里,129,77905,604,453,266,727,513.16,84.97,"102Y"
,65000,新北市,65000210,三芝區,65000210-008,錫板里,206,138852,674,529,302,784,609.3,90.4,"102Y"
,65000,新北市,65000210,三芝區,65000210-009,後厝里,630,504702,801,541,315,963,1058.39,132.12,"102Y"
,65000,新北市,65000210,三芝區,65000210-010,福德里,219,204405,933,638,351,1164,1067.47,114.37,"102Y"
,65000,新北市,65000210,三芝區,65000210-011,圓山里,142,102665,723,447,292,820,1317.45,182.22,"102Y"
,65000,新北市,65000210,三芝區,65000210-012,店子里,151,93199,617,485,283,794,535.79,86.81,"102Y"
,65000,新北市,65000210,三芝區,65000210-013,興華里,338,255086,755,515,305,839,1223.5,162.12,"102Y"
X,65000,新北市,65000210,三芝區,65000210-999,其他,0,0,0,0,0,0,0,0,"102Y"
,65000,新北市,65000220,石門區,65000220-001,德茂里,245,138017,563,443,290,687,513.69,91.19,"102Y"
,65000,新北市,65000220,石門區,65000220-002,富基里,347,216422,624,446,287,742,649.11,104.07,"102Y"
,65000,新北市,65000220,石門區,65000220-003,老梅里,566,426376,753,427,272,714,3781.54,501.99,"102Y"
,65000,新北市,65000220,石門區,65000220-004,山溪里,200,118582,593,440,271,733,563.02,94.96,"102Y"
,65000,新北市,65000220,石門區,65000220-005,石門里,437,293380,671,494,302,830,599.79,89.34,"102Y"
,65000,新北市,65000220,石門區,65000220-006,尖鹿里,442,258948,586,446,296,732,608.16,103.81,"102Y"
,65000,新北市,65000220,石門區,65000220-007,乾華里,74,43829,592,468,310,804,458.28,77.38,"102Y"
,65000,新北市,65000220,石門區,65000220-008,茂林里,231,172233,746,578,343,1040,554.06,74.31,"102Y"
,65000,新北市,65000220,石門區,65000220-009,草里里,266,149528,562,439,282,711,449.94,80.04,"102Y"
X,65000,新北市,65000220,石門區,65000220-999,其他,0,0,0,0,0,0,0,0,"102Y"
,65000,新北市,65000230,八里區,65000230-001,龍源里,2062,1889000,916,579,351,1012,2116.81,231.07,"102Y"
,65000,新北市,65000230,八里區,65000230-002,米倉里,879,677199,770,548,331,931,873.59,113.39,"102Y"
,65000,新北市,65000230,八里區,65000230-003,大崁里,739,584684,791,567,328,966,1018.05,128.68,"102Y"
,65000,新北市,65000230,八里區,65000230-004,埤頭里,968,689517,712,558,328,887,679.8,95.44,"102Y"
,65000,新北市,65000230,八里區,65000230-005,頂罟里,494,343843,696,500,319,866,643.53,92.46,"102Y"
,65000,新北市,65000230,八里區,65000230-006,舊城里,1802,1213654,674,528,335,876,543.19,80.65,"102Y"
,65000,新北市,65000230,八里區,65000230-007,訊塘里,1089,756112,694,535,319,853,668.12,96.23,"102Y"
,65000,新北市,65000230,八里區,65000230-008,荖阡里,432,299821,694,503,308,857,734.26,105.8,"102Y"
,65000,新北市,65000230,八里區,65000230-009,長坑里,385,230321,598,471,293,762,481.7,80.52,"102Y"
,65000,新北市,65000230,八里區,65000230-010,下罟里,361,244218,677,516,309,814,743.61,109.92,"102Y"
X,65000,新北市,65000230,八里區,65000230-999,其他,2,3602,1801,1801,1022,2581,2204.55,122.39,"102Y"
,65000,新北市,65000240,平溪區,65000240-001,薯榔里,100,50599,506,428,275,679,360.77,71.3,"102Y"
,65000,新北市,65000240,平溪區,65000240-002,菁桐里,69,38404,557,444,300,716,435.75,78.29,"102Y"
,65000,新北市,65000240,平溪區,65000240-003,白石里,63,36858,585,486,352,740,332.31,56.8,"102Y"
,65000,新北市,65000240,平溪區,65000240-004,石底里,115,66589,579,430,236,739,547,94.47,"102Y"
,65000,新北市,65000240,平溪區,65000240-005,平溪里,84,43150,514,387,260,693,378.8,73.74,"102Y"
,65000,新北市,65000240,平溪區,65000240-006,嶺腳里,155,90640,585,472,292,691,594.2,101.61,"102Y"
,65000,新北市,65000240,平溪區,65000240-007,東勢里,90,69071,767,525,341,852,966.5,125.94,"102Y"
,65000,新北市,65000240,平溪區,65000240-008,望古里,40,22419,560,455,286,714,415.43,74.12,"102Y"
,65000,新北市,65000240,平溪區,65000240-009,南山里,85,37444,441,397,240,548,292.32,66.36,"102Y"
,65000,新北市,65000240,平溪區,65000240-010,平湖里,33,17393,527,420,317,604,334.99,63.56,"102Y"
,65000,新北市,65000240,平溪區,65000240-011,十分里,165,111959,679,499,296,825,720.47,106.18,"102Y"
,65000,新北市,65000240,平溪區,65000240-012,新寮里,23,14643,637,550,358,947,348.07,54.67,"102Y"
X,65000,新北市,65000240,平溪區,65000240-999,其他,0,0,0,0,0,0,0,0,"102Y"
,65000,新北市,65000250,雙溪區,65000250-001,雙溪里,122,67456,553,442,275,692,441.28,79.81,"102Y"
,65000,新北市,65000250,雙溪區,65000250-002,共和里,120,73132,609,476,299,694,520.27,85.37,"102Y"
,65000,新北市,65000250,雙溪區,65000250-003,新基里,209,127723,611,480,285,778,576.68,94.37,"102Y"
,65000,新北市,65000250,雙溪區,65000250-004,魚行里,176,118407,673,512,300,866,541.45,80.48,"102Y"
,65000,新北市,65000250,雙溪區,65000250-005,三港里,114,87259,765,632,397,1007,569.14,74.36,"102Y"
,65000,新北市,65000250,雙溪區,65000250-006,牡丹里,427,361211,846,478,290,802,3931.4,464.74,"102Y"
,65000,新北市,65000250,雙溪區,65000250-007,三貂里,68,76058,1119,466,269,822,4208.64,376.27,"102Y"
,65000,新北市,65000250,雙溪區,65000250-008,平林里,253,176504,698,503,328,893,602.92,86.42,"102Y"
,65000,新北市,65000250,雙溪區,65000250-009,上林里,143,84772,593,520,300,747,423.46,71.43,"102Y"
,65000,新北市,65000250,雙溪區,65000250-010,外柑里,97,52426,540,446,289,712,378.02,69.94,"102Y"
,65000,新北市,65000250,雙溪區,65000250-011,長源里,70,36893,527,407,283,688,398.17,75.55,"102Y"
,65000,新北市,65000250,雙溪區,65000250-012,泰平里,216,146048,676,464,312,812,711.8,105.27,"102Y"
X,65000,新北市,65000250,雙溪區,65000250-999,其他,1,457,457,457,457,457,0,0,"102Y"
,65000,新北市,65000260,貢寮區,65000260-001,貢寮里,218,141014,647,483,329,816,543.9,84.08,"102Y"
,65000,新北市,65000260,貢寮區,65000260-002,吉林里,96,67991,708,429,276,688,1301.33,183.74,"102Y"
,65000,新北市,65000260,貢寮區,65000260-003,雙玉里,158,111139,703,521,363,769,642.15,91.29,"102Y"
,65000,新北市,65000260,貢寮區,65000260-004,龍崗里,92,55864,607,473,281,780,518.16,85.33,"102Y"
,65000,新北市,65000260,貢寮區,65000260-005,龍門里,169,99064,586,466,291,707,498.38,85.02,"102Y"
,65000,新北市,65000260,貢寮區,65000260-006,福隆里,353,216574,614,453,288,730,605.3,98.66,"102Y"
,65000,新北市,65000260,貢寮區,65000260-007,仁里里,470,308461,656,498,297,846,582.84,88.81,"102Y"
,65000,新北市,65000260,貢寮區,65000260-008,真理里,462,264061,572,427,269,754,487.18,85.24,"102Y"
,65000,新北市,65000260,貢寮區,65000260-009,福連里,171,97440,570,448,285,746,517.41,90.8,"102Y"
,65000,新北市,65000260,貢寮區,65000260-010,美豐里,169,92011,544,482,271,696,415.76,76.37,"102Y"
,65000,新北市,65000260,貢寮區,65000260-011,和美里,229,142497,622,486,313,722,723.92,116.34,"102Y"
X,65000,新北市,65000260,貢寮區,65000260-999,其他,0,0,0,0,0,0,0,0,"102Y"
,65000,新北市,65000270,金山區,65000270-001,和平里,116,88760,765,530,373,983,930.24,121.57,"102Y"
,65000,新北市,65000270,金山區,65000270-002,大同里,169,110543,654,539,305,838,586.3,89.63,"102Y"
,65000,新北市,65000270,金山區,65000270-003,豐漁里,109,54284,498,391,237,655,429.84,86.31,"102Y"
,65000,新北市,65000270,金山區,65000270-004,磺港里,366,201211,550,435,287,657,454.3,82.64,"102Y"
,65000,新北市,65000270,金山區,65000270-005,美田里,1191,789008,662,505,293,870,563.61,85.08,"102Y"
,65000,新北市,65000270,金山區,65000270-006,五湖里,496,342585,691,451,283,835,1319.84,191.09,"102Y"
,65000,新北市,65000270,金山區,65000270-007,重和里,339,262765,775,484,272,826,1095.06,141.28,"102Y"
,65000,新北市,65000270,金山區,65000270-008,兩湖里,87,46716,537,410,201,691,478.51,89.11,"102Y"
,65000,新北市,65000270,金山區,65000270-009,六股里,168,105989,631,494,300,757,678.62,107.57,"102Y"
,65000,新北市,65000270,金山區,65000270-010,三界里,136,72069,530,404,235,710,478.51,90.3,"102Y"
,65000,新北市,65000270,金山區,65000270-011,清泉里,186,113349,609,486,315,809,474.9,77.93,"102Y"
,65000,新北市,65000270,金山區,65000270-012,萬壽里,87,52689,606,490,303,865,430.75,71.12,"102Y"
,65000,新北市,65000270,金山區,65000270-013,西湖里,58,38605,666,468,273,861,552.58,83.02,"102Y"
,65000,新北市,65000270,金山區,65000270-014,永興里,138,76157,552,448,286,691,439.99,79.73,"102Y"
,65000,新北市,65000270,金山區,65000270-015,金美里,1398,829916,594,458,278,755,523.04,88.11,"102Y"
X,65000,新北市,65000270,金山區,65000270-999,其他,1,376,376,376,376,376,0,0,"102Y"
,65000,新北市,65000280,萬里區,65000280-001,萬里里,1177,723878,615,472,293,767,605.34,98.43,"102Y"
,65000,新北市,65000280,萬里區,65000280-002,龜吼里,503,363009,722,526,290,827,774.14,107.27,"102Y"
,65000,新北市,65000280,萬里區,65000280-003,野柳里,648,403167,622,482,297,740,603.66,97.02,"102Y"
,65000,新北市,65000280,萬里區,65000280-004,大鵬里,677,391228,578,445,273,707,519,89.81,"102Y"
,65000,新北市,65000280,萬里區,65000280-005,磺潭里,140,97908,699,529,324,843,611.5,87.44,"102Y"
,65000,新北市,65000280,萬里區,65000280-006,雙興里,215,161927,753,488,290,791,1153.97,153.22,"102Y"
,65000,新北市,65000280,萬里區,65000280-007,溪底里,139,90258,649,504,359,867,485.19,74.72,"102Y"
,65000,新北市,65000280,萬里區,65000280-008,崁?里,119,82955,697,502,354,779,700.2,100.44,"102Y"
,65000,新北市,65000280,萬里區,65000280-009,中幅里,268,187098,698,473,282,762,1794.2,257,"102Y"
,65000,新北市,65000280,萬里區,65000280-010,北基里,613,343404,560,432,292,652,680.87,121.54,"102Y"
X,65000,新北市,65000280,萬里區,65000280-999,其他,0,0,0,0,0,0,0,0,"102Y"
,65000,新北市,65000290,烏來區,65000290-001,烏來里,562,443316,789,578,341,975,1080.71,137,"102Y"
,65000,新北市,65000290,烏來區,65000290-002,忠治里,344,232995,677,548,350,910,488.39,72.11,"102Y"
,65000,新北市,65000290,烏來區,65000290-003,福山里,98,69398,708,518,354,853,681.79,96.28,"102Y"
,65000,新北市,65000290,烏來區,65000290-004,信賢里,102,68099,668,518,320,851,541.96,81.18,"102Y"
,65000,新北市,65000290,烏來區,65000290-005,孝義里,45,30137,670,520,379,834,526.74,78.65,"102Y"
X,65000,新北市,65000290,烏來區,65000290-999,其他,0,0,0,0,0,0,0,0,"102Y"
,66000,臺中市,66000010,中區,66000010-001,繼光里,496,397373,801,507,288,962,974.77,121.67,"102Y"
,66000,臺中市,66000010,中區,66000010-002,大墩里,700,646655,924,566,304,1104,1308.33,141.63,"102Y"
,66000,臺中市,66000010,中區,66000010-003,綠川里,538,372967,693,453,239,820,791.46,114.17,"102Y"
,66000,臺中市,66000010,中區,66000010-004,公園里,531,481907,908,538,281,1024,1312.71,144.64,"102Y"
,66000,臺中市,66000010,中區,66000010-005,光復里,628,689700,1098,551,282,1035,4438.93,404.18,"102Y"
,66000,臺中市,66000010,中區,66000010-006,柳川里,456,368919,809,572,326,1056,943.06,116.57,"102Y"
,66000,臺中市,66000010,中區,66000010-007,大誠里,558,492161,882,508,291,930,3445.32,390.62,"102Y"
,66000,臺中市,66000010,中區,66000010-008,中華里,426,326383,766,495,286,942,899.16,117.36,"102Y"
X,66000,臺中市,66000010,中區,66000010-999,其他,0,0,0,0,0,0,0,0,"102Y"
,66000,臺中市,66000020,東區,66000020-001,新庄里,864,761160,881,561,301,981,1266.05,143.71,"102Y"
,66000,臺中市,66000020,東區,66000020-002,振興里,936,667175,713,516,280,893,746.22,104.69,"102Y"
,66000,臺中市,66000020,東區,66000020-003,東橋里,1148,906641,790,522,299,909,2212.15,280.1,"102Y"
,66000,臺中市,66000020,東區,66000020-004,東興里,954,734696,770,557,310,934,984.68,127.86,"102Y"
,66000,臺中市,66000020,東區,66000020-005,干城里,738,551792,748,549,302,920,822.11,109.95,"102Y"
,66000,臺中市,66000020,東區,66000020-006,泉源里,437,292207,669,486,264,841,631.87,94.5,"102Y"
,66000,臺中市,66000020,東區,66000020-007,旱溪里,649,473818,730,492,275,843,1756.21,240.55,"102Y"
,66000,臺中市,66000020,東區,66000020-008,樂成里,569,413838,727,526,300,940,698.22,96,"102Y"
,66000,臺中市,66000020,東區,66000020-009,東門里,2109,1430536,678,495,293,819,718.75,105.96,"102Y"
,66000,臺中市,66000020,東區,66000020-010,十甲里,1296,972369,750,538,308,926,815.97,108.75,"102Y"
,66000,臺中市,66000020,東區,66000020-011,東南里,1036,763794,737,535,328,913,704.28,95.53,"102Y"
,66000,臺中市,66000020,東區,66000020-012,東勢里,730,495494,679,504,301,896,571.07,84.13,"102Y"
,66000,臺中市,66000020,東區,66000020-013,合作里,1044,758013,726,553,327,868,954.13,131.41,"102Y"
,66000,臺中市,66000020,東區,66000020-014,富台里,398,240394,604,445,276,796,559.02,92.55,"102Y"
,66000,臺中市,66000020,東區,66000020-015,富仁里,1111,946997,852,589,323,1066,954.8,112.02,"102Y"
,66000,臺中市,66000020,東區,66000020-016,東信里,2792,2037900,730,524,302,901,905.11,124,"102Y"
,66000,臺中市,66000020,東區,66000020-017,東英里,1978,1666877,843,589,322,1058,1004.15,119.16,"102Y"
X,66000,臺中市,66000020,東區,66000020-999,其他,1,491,491,491,491,491,0,0,"102Y"
,66000,臺中市,66000030,南區,66000030-001,城隍里,1101,848726,771,564,314,964,768.55,99.7,"102Y"
,66000,臺中市,66000030,南區,66000030-002,國光里,1306,1047792,802,560,308,1010,850.07,105.96,"102Y"
,66000,臺中市,66000030,南區,66000030-003,南門里,1271,1126337,886,610,346,1104,927.26,104.64,"102Y"
,66000,臺中市,66000030,南區,66000030-004,德義里,1027,900028,876,587,323,1147,957.71,109.28,"102Y"
,66000,臺中市,66000030,南區,66000030-005,積善里,829,611024,737,514,316,924,718.27,97.45,"102Y"
,66000,臺中市,66000030,南區,66000030-006,江川里,1015,928220,915,620,326,1171,1034.73,113.15,"102Y"
,66000,臺中市,66000030,南區,66000030-007,新榮里,1431,1222359,854,634,365,1090,801.33,93.81,"102Y"
,66000,臺中市,66000030,南區,66000030-008,福興里,1249,994998,797,586,323,1024,718.48,90.19,"102Y"
,66000,臺中市,66000030,南區,66000030-009,福平里,1645,1253316,762,552,328,959,741.4,97.31,"102Y"
,66000,臺中市,66000030,南區,66000030-010,和平里,1311,1106358,844,601,360,1068,883.69,104.71,"102Y"
,66000,臺中市,66000030,南區,66000030-011,永興里,2285,2034622,890,630,357,1122,864.12,97.05,"102Y"
,66000,臺中市,66000030,南區,66000030-012,樹義里,3406,2963326,870,630,365,1101,836.78,96.18,"102Y"
,66000,臺中市,66000030,南區,66000030-013,樹德里,2506,2241275,894,665,370,1157,866.65,96.9,"102Y"
,66000,臺中市,66000030,南區,66000030-014,西川里,1468,1317901,898,656,353,1214,820.33,91.38,"102Y"
,66000,臺中市,66000030,南區,66000030-015,長春里,715,604443,845,573,314,1072,878.06,103.87,"102Y"
,66000,臺中市,66000030,南區,66000030-016,長榮里,933,771395,827,574,309,1016,893.56,108.08,"102Y"
,66000,臺中市,66000030,南區,66000030-017,福順里,1789,1510402,844,608,351,1064,777.7,92.12,"102Y"
,66000,臺中市,66000030,南區,66000030-018,平和里,1146,941068,821,596,337,1024,775.04,94.38,"102Y"
,66000,臺中市,66000030,南區,66000030-019,南和里,1919,1687100,879,630,341,1155,883.68,100.51,"102Y"
,66000,臺中市,66000030,南區,66000030-020,永和里,1385,1089773,787,581,336,973,760.08,96.6,"102Y"
,66000,臺中市,66000030,南區,66000030-021,工學里,2081,1854208,891,677,389,1201,769.44,86.36,"102Y"
,66000,臺中市,66000030,南區,66000030-022,崇倫里,1842,1538066,835,625,364,1079,782.72,93.74,"102Y"
X,66000,臺中市,66000030,南區,66000030-999,其他,4,1583,396,284,258,422,295.44,74.67,"102Y"
,66000,臺中市,66000040,西區,66000040-001,民生里,722,752015,1042,708,356,1334,1267.35,121.68,"102Y"
,66000,臺中市,66000040,西區,66000040-002,利民里,538,619748,1152,771,396,1466,1258.04,109.21,"102Y"
,66000,臺中市,66000040,西區,66000040-003,三民里,650,753973,1160,811,380,1626,1167.55,100.65,"102Y"
,66000,臺中市,66000040,西區,66000040-004,東昇里,842,826157,981,641,355,1280,1050.83,107.1,"102Y"
,66000,臺中市,66000040,西區,66000040-005,廣民里,470,429442,914,540,292,1075,1444.73,158.12,"102Y"
,66000,臺中市,66000040,西區,66000040-006,平和里,683,640257,937,613,314,1203,1017.22,108.51,"102Y"
,66000,臺中市,66000040,西區,66000040-007,公民里,1669,1697839,1017,649,340,1284,1227.12,120.63,"102Y"
,66000,臺中市,66000040,西區,66000040-008,藍興里,1405,1350420,961,652,351,1208,1034.63,107.64,"102Y"
,66000,臺中市,66000040,西區,66000040-009,公?里,1792,1560098,871,584,323,1013,1031.96,118.54,"102Y"
,66000,臺中市,66000040,西區,66000040-010,和龍里,633,453734,717,525,279,896,831.76,116.04,"102Y"
,66000,臺中市,66000040,西區,66000040-011,民龍里,1096,1438396,1312,627,325,1224,6394.7,487.25,"102Y"
,66000,臺中市,66000040,西區,66000040-012,後龍里,1153,1365198,1184,637,334,1223,2647.39,223.59,"102Y"
,66000,臺中市,66000040,西區,66000040-013,安龍里,1006,1169303,1162,622,324,1258,5077.35,436.83,"102Y"
,66000,臺中市,66000040,西區,66000040-014,吉龍里,2405,2885772,1200,696,350,1342,3185.8,265.5,"102Y"
,66000,臺中市,66000040,西區,66000040-015,昇平里,1908,1840052,964,599,328,1121,1691.16,175.36,"102Y"
,66000,臺中市,66000040,西區,66000040-016,忠明里,1914,2392127,1250,614,342,1218,3551.84,284.19,"102Y"
,66000,臺中市,66000040,西區,66000040-017,公正里,2205,2164376,982,660,357,1200,1164.68,118.65,"102Y"
,66000,臺中市,66000040,西區,66000040-018,土庫里,1993,2735332,1372,669,350,1307,6584.56,479.76,"102Y"
,66000,臺中市,66000040,西區,66000040-019,忠誠里,2133,2236448,1048,606,305,1151,2788.55,265.96,"102Y"
,66000,臺中市,66000040,西區,66000040-020,公益里,888,599169,675,504,293,860,609.37,90.31,"102Y"
,66000,臺中市,66000040,西區,66000040-021,中興里,1291,1754785,1359,630,324,1314,4160.96,306.12,"102Y"
,66000,臺中市,66000040,西區,66000040-022,公平里,1684,1745732,1037,625,339,1202,2795.77,269.69,"102Y"
,66000,臺中市,66000040,西區,66000040-023,公德里,1505,1544448,1026,674,348,1268,1301.38,126.81,"102Y"
,66000,臺中市,66000040,西區,66000040-024,?龍里,953,915168,960,621,340,1078,1327.28,138.21,"102Y"
,66000,臺中市,66000040,西區,66000040-025,大忠里,1579,1619058,1025,732,387,1332,1094.06,106.7,"102Y"
X,66000,臺中市,66000040,西區,66000040-999,其他,0,0,0,0,0,0,0,0,"102Y"
,66000,臺中市,66000050,北區,66000050-001,光大里,521,352239,676,462,282,841,645.56,95.49,"102Y"
,66000,臺中市,66000050,北區,66000050-002,文莊里,1013,784559,774,548,315,949,899.93,116.2,"102Y"
,66000,臺中市,66000050,北區,66000050-003,五常里,387,319376,825,610,316,1032,794.2,96.24,"102Y"
,66000,臺中市,66000050,北區,66000050-004,新興里,434,319539,736,510,285,858,961.59,130.6,"102Y"
,66000,臺中市,66000050,北區,66000050-005,新北里,648,918001,1417,660,343,1305,3883.81,274.15,"102Y"
,66000,臺中市,66000050,北區,66000050-006,樂英里,703,509405,725,522,295,856,1401.02,193.35,"102Y"
,66000,臺中市,66000050,北區,66000050-007,錦村里,1042,808982,776,549,318,980,734.47,94.6,"102Y"
,66000,臺中市,66000050,北區,66000050-008,建成里,1482,982102,663,509,316,819,602.81,90.97,"102Y"
,66000,臺中市,66000050,北區,66000050-009,錦洲里,1000,805386,805,560,313,972,889.96,110.5,"102Y"
,66000,臺中市,66000050,北區,66000050-010,金華里,834,911285,1093,650,318,1321,1656.57,151.61,"102Y"
,66000,臺中市,66000050,北區,66000050-011,金龍里,1270,918325,723,532,302,920,686.32,94.91,"102Y"
,66000,臺中市,66000050,北區,66000050-012,邱厝里,735,815070,1109,673,341,1369,1505.14,135.73,"102Y"
,66000,臺中市,66000050,北區,66000050-013,建興里,1805,1465589,812,562,315,989,858.85,105.77,"102Y"
,66000,臺中市,66000050,北區,66000050-014,頂厝里,1383,1403190,1015,634,343,1209,1501.58,148,"102Y"
,66000,臺中市,66000050,北區,66000050-015,賴厝里,1410,1352896,960,666,375,1220,1082.71,112.84,"102Y"
,66000,臺中市,66000050,北區,66000050-016,賴村里,1354,1183587,874,568,315,992,2497.01,285.65,"102Y"
,66000,臺中市,66000050,北區,66000050-017,育德里,1121,1198256,1069,614,341,1184,2463.92,230.51,"102Y"
,66000,臺中市,66000050,北區,66000050-018,淡溝里,1703,1745586,1025,644,351,1214,1279.01,124.78,"102Y"
,66000,臺中市,66000050,北區,66000050-019,中達里,771,601567,780,541,316,991,811.73,104.04,"102Y"
,66000,臺中市,66000050,北區,66000050-020,錦祥里,1026,829492,808,545,329,1000,885.39,109.51,"102Y"
,66000,臺中市,66000050,北區,66000050-021,健行里,2049,2327290,1136,598,336,1174,6440.17,567.01,"102Y"
,66000,臺中市,66000050,北區,66000050-022,明德里,1795,1569691,874,602,337,1091,992.06,113.45,"102Y"
,66000,臺中市,66000050,北區,66000050-023,長青里,1966,1574173,801,579,329,1013,783.3,97.83,"102Y"
,66000,臺中市,66000050,北區,66000050-024,賴明里,1250,1016600,813,541,312,951,1100.93,135.37,"102Y"
,66000,臺中市,66000050,北區,66000050-025,賴興里,1327,1161099,875,597,329,1085,1339.9,153.13,"102Y"
,66000,臺中市,66000050,北區,66000050-026,中正里,408,341843,838,633,348,1082,801.58,95.67,"102Y"
,66000,臺中市,66000050,北區,66000050-027,六合里,468,336156,718,503,277,943,710.24,98.88,"102Y"
,66000,臺中市,66000050,北區,66000050-028,大湖里,510,309503,607,461,277,794,518.07,85.37,"102Y"
,66000,臺中市,66000050,北區,66000050-029,錦平里,653,556601,852,560,316,1109,841.77,98.76,"102Y"
,66000,臺中市,66000050,北區,66000050-030,建德里,1058,794014,750,540,304,913,948.73,126.42,"102Y"
,66000,臺中市,66000050,北區,66000050-031,崇德里,1115,1028136,922,623,348,1151,993.23,107.71,"102Y"
,66000,臺中市,66000050,北區,66000050-032,賴旺里,1184,960825,812,574,326,998,1640.39,202.14,"102Y"
,66000,臺中市,66000050,北區,66000050-033,明新里,849,672374,792,517,317,895,1441.66,182.04,"102Y"
,66000,臺中市,66000050,北區,66000050-034,立人里,1099,900988,820,600,334,1065,781.82,95.36,"102Y"
,66000,臺中市,66000050,北區,66000050-035,梅川里,954,935286,980,655,338,1166,1224.42,124.89,"102Y"
,66000,臺中市,66000050,北區,66000050-036,賴福里,1319,1493096,1132,720,395,1384,1482.34,130.95,"102Y"
X,66000,臺中市,66000050,北區,66000050-999,其他,1,969,969,969,969,969,0,0,"102Y"
,66000,臺中市,66000060,西屯區,66000060-001,西安里,1610,1497401,930,629,340,1161,1431.42,153.91,"102Y"
,66000,臺中市,66000060,西屯區,66000060-002,西墩里,1327,1252067,944,609,339,1135,1366.73,144.85,"102Y"
,66000,臺中市,66000060,西屯區,66000060-003,潮洋里,1503,2030959,1351,801,386,1584,2311.22,171.04,"102Y"
,66000,臺中市,66000060,西屯區,66000060-004,龍潭里,230,168742,734,526,313,894,707.28,96.4,"102Y"
,66000,臺中市,66000060,西屯區,66000060-005,惠來里,4412,9903437,2245,991,459,2166,7220.8,321.69,"102Y"
,66000,臺中市,66000060,西屯區,66000060-006,上石里,1717,1537145,895,673,378,1155,1090.28,121.78,"102Y"
,66000,臺中市,66000060,西屯區,66000060-007,逢甲里,1452,1146162,789,566,325,987,848.87,107.54,"102Y"
,66000,臺中市,66000060,西屯區,66000060-008,鵬程里,656,459740,701,552,325,949,552.98,78.9,"102Y"
,66000,臺中市,66000060,西屯區,66000060-009,何安里,1739,1656580,953,599,336,1096,4019.44,421.94,"102Y"
,66000,臺中市,66000060,西屯區,66000060-010,何厝里,1111,1084731,976,530,303,963,4770.27,488.58,"102Y"
,66000,臺中市,66000060,西屯區,66000060-011,大河里,1280,930901,727,504,306,858,768.49,105.67,"102Y"
,66000,臺中市,66000060,西屯區,66000060-012,大石里,555,380870,686,501,286,892,636.36,92.73,"102Y"
,66000,臺中市,66000060,西屯區,66000060-013,大福里,821,546061,665,491,295,825,630.8,94.84,"102Y"
,66000,臺中市,66000060,西屯區,66000060-014,大鵬里,1373,982413,716,533,322,920,650.56,90.92,"102Y"
,66000,臺中市,66000060,西屯區,66000060-015,港尾里,1553,1220779,786,573,316,1031,752.44,95.72,"102Y"
,66000,臺中市,66000060,西屯區,66000060-016,廣福里,760,588261,774,535,304,941,836.06,108.01,"102Y"
,66000,臺中市,66000060,西屯區,66000060-017,林厝里,1095,1510011,1379,719,371,1605,2276.31,165.07,"102Y"
,66000,臺中市,66000060,西屯區,66000060-018,永安里,3896,3839226,985,662,371,1185,1955.78,198.47,"102Y"
,66000,臺中市,66000060,西屯區,66000060-019,福安里,1027,1316185,1282,710,374,1407,4388.31,342.41,"102Y"
,66000,臺中市,66000060,西屯區,66000060-020,協和里,1382,1445774,1046,563,319,1018,4284.1,409.51,"102Y"
,66000,臺中市,66000060,西屯區,66000060-021,何仁里,2187,1750743,801,585,314,994,804.13,100.45,"102Y"
,66000,臺中市,66000060,西屯區,66000060-022,何德里,1288,1172679,910,642,351,1127,946.23,103.93,"102Y"
,66000,臺中市,66000060,西屯區,66000060-023,何源里,2174,1860074,856,588,319,1083,901.02,105.31,"102Y"
,66000,臺中市,66000060,西屯區,66000060-024,西平里,1565,1389003,888,644,348,1193,827.07,93.19,"102Y"
,66000,臺中市,66000060,西屯區,66000060-025,何南里,1579,1444958,915,617,336,1181,952.87,104.13,"102Y"
,66000,臺中市,66000060,西屯區,66000060-026,至善里,1488,1460948,982,691,382,1307,942.33,95.98,"102Y"
,66000,臺中市,66000060,西屯區,66000060-027,上安里,1882,1839711,978,710,387,1240,1094.36,111.95,"102Y"
,66000,臺中市,66000060,西屯區,66000060-028,上德里,1521,1387876,912,640,349,1182,891.6,97.71,"102Y"
,66000,臺中市,66000060,西屯區,66000060-029,逢福里,1793,1673518,933,661,361,1153,906.16,97.09,"102Y"
,66000,臺中市,66000060,西屯區,66000060-030,何明里,1279,1053381,824,564,313,1007,933.93,113.4,"102Y"
,66000,臺中市,66000060,西屯區,66000060-031,何成里,2552,2482438,973,660,352,1188,1666.88,171.36,"102Y"
,66000,臺中市,66000060,西屯區,66000060-032,何福里,1503,1227738,817,566,309,1062,804.61,98.5,"102Y"
,66000,臺中市,66000060,西屯區,66000060-033,福和里,1307,981248,751,535,299,943,770.69,102.65,"102Y"
,66000,臺中市,66000060,西屯區,66000060-034,福中里,1120,1104671,986,588,343,1019,3122.77,316.61,"102Y"
,66000,臺中市,66000060,西屯區,66000060-035,福恩里,1678,1685198,1004,763,393,1340,898.34,89.45,"102Y"
,66000,臺中市,66000060,西屯區,66000060-036,福聯里,904,956375,1058,681,365,1202,2176.28,205.71,"102Y"
,66000,臺中市,66000060,西屯區,66000060-037,福瑞里,960,1075425,1120,786,405,1304,1168.35,104.3,"102Y"
,66000,臺中市,66000060,西屯區,66000060-038,福林里,2542,3464260,1363,901,456,1636,1963.09,144.05,"102Y"
,66000,臺中市,66000060,西屯區,66000060-039,福雅里,1916,2190150,1143,754,404,1382,1967.36,172.11,"102Y"
X,66000,臺中市,66000060,西屯區,66000060-999,其他,3,688,229,323,161,344,199.61,87.1,"102Y"
,66000,臺中市,66000070,南屯區,66000070-001,南屯里,2997,3103133,1035,708,382,1329,1176.68,113.64,"102Y"
,66000,臺中市,66000070,南屯區,66000070-002,豐樂里,3740,4560298,1219,773,390,1595,2060.3,168.97,"102Y"
,66000,臺中市,66000070,南屯區,66000070-003,楓樹里,1698,1492991,879,603,348,1115,893.22,101.59,"102Y"
,66000,臺中市,66000070,南屯區,66000070-004,中和里,1449,1017888,702,525,314,835,889.58,126.64,"102Y"
,66000,臺中市,66000070,南屯區,66000070-005,春社里,1664,1291780,776,553,320,933,1271.29,163.76,"102Y"
,66000,臺中市,66000070,南屯區,66000070-006,春安里,183,169928,929,606,342,1017,1206.42,129.92,"102Y"
,66000,臺中市,66000070,南屯區,66000070-007,文山里,2820,2366182,839,648,379,1053,955.37,113.86,"102Y"
,66000,臺中市,66000070,南屯區,66000070-008,新生里,283,193447,684,508,276,803,719.58,105.27,"102Y"
,66000,臺中市,66000070,南屯區,66000070-009,永定里,1519,1350885,889,618,347,1123,892.92,100.4,"102Y"
,66000,臺中市,66000070,南屯區,66000070-010,三厝里,2328,2668936,1146,788,417,1383,1980.4,172.74,"102Y"
,66000,臺中市,66000070,南屯區,66000070-011,溝墘里,2002,2527851,1263,762,384,1541,1925.57,152.5,"102Y"
,66000,臺中市,66000070,南屯區,66000070-012,田心里,2031,2149448,1058,704,376,1309,1344.51,127.04,"102Y"
,66000,臺中市,66000070,南屯區,66000070-013,黎明里,1568,1411889,900,617,363,1113,1082.29,120.2,"102Y"
,66000,臺中市,66000070,南屯區,66000070-014,鎮平里,481,370184,770,519,306,926,823.54,107.01,"102Y"
,66000,臺中市,66000070,南屯區,66000070-015,大同里,1710,1626248,951,666,339,1192,1126.79,118.48,"102Y"
,66000,臺中市,66000070,南屯區,66000070-016,文心里,1242,1556480,1253,696,363,1290,3546.99,283.03,"102Y"
,66000,臺中市,66000070,南屯區,66000070-017,同心里,1797,1823931,1015,641,360,1162,1878.39,185.07,"102Y"
,66000,臺中市,66000070,南屯區,66000070-018,向心里,1428,2010624,1408,691,345,1404,6101.67,433.36,"102Y"
,66000,臺中市,66000070,南屯區,66000070-019,大誠里,1283,1369019,1067,667,363,1329,1964.87,184.14,"102Y"
,66000,臺中市,66000070,南屯區,66000070-020,大興里,1404,1285249,915,633,333,1125,954.09,104.22,"102Y"
,66000,臺中市,66000070,南屯區,66000070-021,大業里,2305,2496797,1083,723,351,1375,1207.04,111.43,"102Y"
,66000,臺中市,66000070,南屯區,66000070-022,惠中里,2459,3213642,1307,792,400,1633,1893.91,144.92,"102Y"
,66000,臺中市,66000070,南屯區,66000070-023,寶山里,1723,1509868,876,651,378,1050,1355.8,154.72,"102Y"
,66000,臺中市,66000070,南屯區,66000070-024,三和里,2912,4219408,1449,925,459,1689,4852.65,334.9,"102Y"
,66000,臺中市,66000070,南屯區,66000070-025,三義里,2237,2870850,1283,882,454,1538,3900.72,303.95,"102Y"
X,66000,臺中市,66000070,南屯區,66000070-999,其他,4,2367,592,658,527,723,314.29,53.12,"102Y"
,66000,臺中市,66000080,北屯區,66000080-001,北興里,1082,801583,741,508,301,932,760.85,102.7,"102Y"
,66000,臺中市,66000080,北屯區,66000080-002,北屯里,1123,1006400,896,606,332,1124,1071.13,119.52,"102Y"
,66000,臺中市,66000080,北屯區,66000080-003,三光里,2238,1841526,823,580,333,1030,869,105.61,"102Y"
,66000,臺中市,66000080,北屯區,66000080-004,平田里,1783,1442942,809,555,315,1013,919.68,113.64,"102Y"
,66000,臺中市,66000080,北屯區,66000080-005,平和里,1751,1552895,887,625,327,1127,934.55,105.38,"102Y"
,66000,臺中市,66000080,北屯區,66000080-006,東光里,1364,1031548,756,558,317,907,749.89,99.16,"102Y"
,66000,臺中市,66000080,北屯區,66000080-007,舊社里,1918,1543016,804,577,318,1006,843.91,104.9,"102Y"
,66000,臺中市,66000080,北屯區,66000080-008,水景里,4149,4155594,1002,637,344,1192,2942.46,293.78,"102Y"
,66000,臺中市,66000080,北屯區,66000080-009,軍功里,3328,2995341,900,638,357,1117,887.76,98.64,"102Y"
,66000,臺中市,66000080,北屯區,66000080-010,和平里,2198,1831838,833,572,343,1017,996.98,119.63,"102Y"
,66000,臺中市,66000080,北屯區,66000080-011,東山里,588,444350,756,536,298,923,788.45,104.33,"102Y"
,66000,臺中市,66000080,北屯區,66000080-012,民政里,244,214419,879,474,268,944,1254.91,142.8,"102Y"
,66000,臺中市,66000080,北屯區,66000080-013,?子里,1095,1198218,1094,680,363,1219,2302.86,210.45,"102Y"
,66000,臺中市,66000080,北屯區,66000080-014,大坑里,491,381859,778,518,301,874,885.97,113.92,"102Y"
,66000,臺中市,66000080,北屯區,66000080-015,民德里,204,154577,758,531,301,1020,714.26,94.26,"102Y"
,66000,臺中市,66000080,北屯區,66000080-016,松竹里,2814,2777540,987,677,365,1252,1076.07,109.02,"102Y"
,66000,臺中市,66000080,北屯區,66000080-017,仁和里,2521,2651234,1052,687,360,1324,1474.6,140.22,"102Y"
,66000,臺中市,66000080,北屯區,66000080-018,仁美里,2431,2464426,1014,650,349,1240,1527.95,150.72,"102Y"
,66000,臺中市,66000080,北屯區,66000080-019,四民里,457,315662,691,495,252,911,649.41,94.02,"102Y"
,66000,臺中市,66000080,北屯區,66000080-020,后庄里,3091,2792216,903,641,352,1137,1020.17,112.93,"102Y"
,66000,臺中市,66000080,北屯區,66000080-021,同榮里,1679,1505214,896,588,336,1081,2164.97,241.49,"102Y"
,66000,臺中市,66000080,北屯區,66000080-022,仁愛里,314,211236,673,497,279,856,629.79,93.62,"102Y"
,66000,臺中市,66000080,北屯區,66000080-023,水湳里,1943,1564053,805,554,325,959,1028.13,127.72,"102Y"
,66000,臺中市,66000080,北屯區,66000080-024,陳平里,1380,1024464,742,569,323,976,690.83,93.06,"102Y"
,66000,臺中市,66000080,北屯區,66000080-025,新平里,1157,792643,685,501,291,850,671.73,98.05,"102Y"
,66000,臺中市,66000080,北屯區,66000080-026,平安里,1729,1394790,807,552,290,976,985.79,122.2,"102Y"
,66000,臺中市,66000080,北屯區,66000080-027,平順里,1017,761732,749,565,317,920,700.28,93.5,"102Y"
,66000,臺中市,66000080,北屯區,66000080-028,平德里,2002,1792051,895,592,336,1099,973.48,108.75,"102Y"
,66000,臺中市,66000080,北屯區,66000080-029,松安里,1590,1234216,776,568,330,1010,724.7,93.36,"102Y"
,66000,臺中市,66000080,北屯區,66000080-030,松茂里,1728,1423668,824,615,339,1066,785.22,95.31,"102Y"
,66000,臺中市,66000080,北屯區,66000080-031,大德里,1465,1158323,791,567,336,981,795.9,100.66,"102Y"
,66000,臺中市,66000080,北屯區,66000080-032,松強里,1898,2023462,1066,714,394,1293,1494.15,140.15,"102Y"
,66000,臺中市,66000080,北屯區,66000080-033,松勇里,1634,1421748,870,610,352,1071,1105.24,127.02,"102Y"
,66000,臺中市,66000080,北屯區,66000080-034,北京里,1005,877182,873,544,326,965,2101.49,240.77,"102Y"
,66000,臺中市,66000080,北屯區,66000080-035,平心里,1531,1245139,813,600,338,1035,795.92,97.87,"102Y"
,66000,臺中市,66000080,北屯區,66000080-036,平福里,1337,1363032,1019,705,362,1305,1188.91,116.62,"102Y"
,66000,臺中市,66000080,北屯區,66000080-037,松和里,1893,1393317,736,542,326,941,685.18,93.09,"102Y"
,66000,臺中市,66000080,北屯區,66000080-038,平陽里,1567,1377228,879,579,319,1042,1021.1,116.18,"102Y"
,66000,臺中市,66000080,北屯區,66000080-039,平興里,1868,1541852,825,595,338,1033,967.02,117.16,"102Y"
,66000,臺中市,66000080,北屯區,66000080-040,平昌里,1350,1104544,818,567,321,1004,894.33,109.31,"102Y"
,66000,臺中市,66000080,北屯區,66000080-041,三和里,1723,1257978,730,546,309,912,695.22,95.22,"102Y"
,66000,臺中市,66000080,北屯區,66000080-042,忠平里,1208,1009696,836,565,337,998,1253.18,149.93,"102Y"
X,66000,臺中市,66000080,北屯區,66000080-999,其他,2,352,176,176,124,228,147.28,83.64,"102Y"
,66000,臺中市,66000090,豐原區,66000090-001,豐原里,723,539255,746,536,288,894,796.57,106.8,"102Y"
,66000,臺中市,66000090,豐原區,66000090-002,頂街里,330,270461,820,541,310,984,898.9,109.68,"102Y"
,66000,臺中市,66000090,豐原區,66000090-003,中山里,333,454306,1364,633,274,1123,4165.99,305.36,"102Y"
,66000,臺中市,66000090,豐原區,66000090-004,豐榮里,396,446323,1127,568,314,1126,3809.2,337.97,"102Y"
,66000,臺中市,66000090,豐原區,66000090-005,下街里,272,220017,809,505,275,885,952.34,117.74,"102Y"
,66000,臺中市,66000090,豐原區,66000090-006,富春里,287,215127,750,469,288,860,938.92,125.26,"102Y"
,66000,臺中市,66000090,豐原區,66000090-007,葫蘆里,238,177148,744,454,250,887,894.19,120.14,"102Y"
,66000,臺中市,66000090,豐原區,66000090-008,豐西里,533,490222,920,546,313,972,3014.54,327.76,"102Y"
,66000,臺中市,66000090,豐原區,66000090-009,西安里,1766,1358537,769,539,299,944,1004.13,130.53,"102Y"
,66000,臺中市,66000090,豐原區,66000090-010,西勢里,712,581410,817,543,312,982,878.71,107.61,"102Y"
,66000,臺中市,66000090,豐原區,66000090-011,東勢里,479,368579,769,527,317,952,809.29,105.17,"102Y"
,66000,臺中市,66000090,豐原區,66000090-012,民生里,327,239925,734,536,290,877,841.92,114.75,"102Y"
,66000,臺中市,66000090,豐原區,66000090-013,大湳里,887,666701,752,542,313,942,703.3,93.57,"102Y"
,66000,臺中市,66000090,豐原區,66000090-014,北湳里,1003,729932,728,506,302,896,777.93,106.9,"102Y"
,66000,臺中市,66000090,豐原區,66000090-015,東湳里,1294,807329,624,463,277,789,581.35,93.18,"102Y"
,66000,臺中市,66000090,豐原區,66000090-016,西湳里,2780,1974766,710,489,290,829,1127.33,158.7,"102Y"
,66000,臺中市,66000090,豐原區,66000090-017,圳寮里,395,278582,705,522,302,899,605.85,85.9,"102Y"
,66000,臺中市,66000090,豐原區,66000090-018,豐圳里,1033,709316,687,503,296,818,743.09,108.22,"102Y"
,66000,臺中市,66000090,豐原區,66000090-019,社皮里,3067,2080765,678,510,291,843,645.4,95.13,"102Y"
,66000,臺中市,66000090,豐原區,66000090-020,三村里,2177,1725478,793,530,307,966,1217.02,153.55,"102Y"
,66000,臺中市,66000090,豐原區,66000090-021,中興里,924,618428,669,504,291,803,600.03,89.65,"102Y"
,66000,臺中市,66000090,豐原區,66000090-022,田心里,1918,1426897,744,525,307,922,756.87,101.74,"102Y"
,66000,臺中市,66000090,豐原區,66000090-023,豐田里,3211,2229877,694,505,297,818,983.42,141.61,"102Y"
,66000,臺中市,66000090,豐原區,66000090-024,鎌村里,1461,927244,635,490,295,800,538.38,84.83,"102Y"
,66000,臺中市,66000090,豐原區,66000090-025,南陽里,3362,2703357,804,553,313,1000,902.22,112.2,"102Y"
,66000,臺中市,66000090,豐原區,66000090-026,陽明里,931,707886,760,540,306,953,720.24,94.72,"102Y"
,66000,臺中市,66000090,豐原區,66000090-027,北陽里,4246,3244989,764,531,310,927,870.37,113.89,"102Y"
,66000,臺中市,66000090,豐原區,66000090-028,中陽里,1793,1341913,748,532,302,928,760.4,101.6,"102Y"
,66000,臺中市,66000090,豐原區,66000090-029,東陽里,475,309548,652,451,270,734,784.93,120.45,"102Y"
,66000,臺中市,66000090,豐原區,66000090-030,南村里,1776,1433749,807,521,300,904,1963.99,243.28,"102Y"
,66000,臺中市,66000090,豐原區,66000090-031,南田里,1064,666858,627,485,272,788,576.06,91.91,"102Y"
,66000,臺中市,66000090,豐原區,66000090-032,南嵩里,990,672648,679,486,284,791,1120.18,164.87,"102Y"
,66000,臺中市,66000090,豐原區,66000090-033,翁明里,719,630946,878,515,299,834,3162.93,360.43,"102Y"
,66000,臺中市,66000090,豐原區,66000090-034,翁子里,965,632505,655,486,288,790,851.02,129.84,"102Y"
,66000,臺中市,66000090,豐原區,66000090-035,翁社里,644,404815,629,440,279,743,915.3,145.61,"102Y"
,66000,臺中市,66000090,豐原區,66000090-036,朴子里,974,655089,673,458,263,780,1164.77,173.18,"102Y"
X,66000,臺中市,66000090,豐原區,66000090-999,其他,2,490,245,245,227,263,50.09,20.44,"102Y"
,66000,臺中市,66000100,東勢區,66000100-001,北興里,389,273632,703,520,307,830,665.82,94.65,"102Y"
,66000,臺中市,66000100,東勢區,66000100-002,中寧里,246,140137,570,453,257,769,434.21,76.22,"102Y"
,66000,臺中市,66000100,東勢區,66000100-003,東安里,355,248432,700,527,262,846,667.21,95.34,"102Y"
,66000,臺中市,66000100,東勢區,66000100-004,南平里,510,342609,672,508,303,818,589.82,87.8,"102Y"
,66000,臺中市,66000100,東勢區,66000100-005,延平里,643,425217,661,503,280,837,628.16,94.99,"102Y"
,66000,臺中市,66000100,東勢區,66000100-006,上新里,288,494851,1718,477,289,859,18277.85,1063.76,"102Y"
,66000,臺中市,66000100,東勢區,66000100-007,廣興里,428,316436,739,536,304,958,639.5,86.5,"102Y"
,66000,臺中市,66000100,東勢區,66000100-008,泰昌里,977,714279,731,539,311,939,669.82,91.62,"102Y"
,66000,臺中市,66000100,東勢區,66000100-009,中嵙里,416,279736,672,501,303,845,596.51,88.71,"102Y"
,66000,臺中市,66000100,東勢區,66000100-010,福隆里,865,565177,653,503,301,834,555.96,85.09,"102Y"
,66000,臺中市,66000100,東勢區,66000100-011,隆興里,259,150471,581,447,263,710,511.28,88.01,"102Y"
,66000,臺中市,66000100,東勢區,66000100-012,新盛里,1304,810519,622,479,281,767,561.5,90.34,"102Y"
,66000,臺中市,66000100,東勢區,66000100-013,詒福里,368,232576,632,478,289,776,575.17,91.01,"102Y"
,66000,臺中市,66000100,東勢區,66000100-014,上城里,241,171670,712,514,333,858,677.99,95.18,"102Y"
,66000,臺中市,66000100,東勢區,66000100-015,下城里,190,112698,593,459,305,724,591.63,99.74,"102Y"
,66000,臺中市,66000100,東勢區,66000100-016,慶東里,380,241682,636,512,282,808,549.17,86.35,"102Y"
,66000,臺中市,66000100,東勢區,66000100-017,慶福里,223,124414,558,439,276,678,523.23,93.78,"102Y"
,66000,臺中市,66000100,東勢區,66000100-018,東新里,538,379120,705,532,335,930,574.28,81.5,"102Y"
,66000,臺中市,66000100,東勢區,66000100-019,粵寧里,547,354758,649,493,298,841,540.99,83.42,"102Y"
,66000,臺中市,66000100,東勢區,66000100-020,下新里,430,268854,625,473,272,815,574.2,91.84,"102Y"
,66000,臺中市,66000100,東勢區,66000100-021,興隆里,258,148116,574,476,296,668,440.94,76.81,"102Y"
,66000,臺中市,66000100,東勢區,66000100-022,茂興里,406,223668,551,429,277,697,459.78,83.46,"102Y"
,66000,臺中市,66000100,東勢區,66000100-023,泰興里,154,103094,669,549,325,821,560.27,83.69,"102Y"
,66000,臺中市,66000100,東勢區,66000100-024,埤頭里,160,98793,617,463,296,669,603.03,97.66,"102Y"
,66000,臺中市,66000100,東勢區,66000100-025,明正里,208,113367,545,468,262,678,411.94,75.58,"102Y"
X,66000,臺中市,66000100,東勢區,66000100-999,其他,0,0,0,0,0,0,0,0,"102Y"
,66000,臺中市,66000110,大甲區,66000110-001,朝陽里,472,379711,804,560,307,963,829.26,103.08,"102Y"
,66000,臺中市,66000110,大甲區,66000110-002,大甲里,385,322397,837,533,285,1045,1059.16,126.48,"102Y"
,66000,臺中市,66000110,大甲區,66000110-003,順天里,493,365853,742,470,272,879,882.52,118.92,"102Y"
,66000,臺中市,66000110,大甲區,66000110-004,孔門里,243,488644,2011,550,362,1057,9963.97,495.5,"102Y"
,66000,臺中市,66000110,大甲區,66000110-005,平安里,688,506013,735,522,316,929,722.19,98.19,"102Y"
,66000,臺中市,66000110,大甲區,66000110-006,庄美里,722,626840,868,520,314,904,2132.87,245.67,"102Y"
,66000,臺中市,66000110,大甲區,66000110-007,新美里,1075,782919,728,511,292,893,716.98,98.45,"102Y"
,66000,臺中市,66000110,大甲區,66000110-008,岷山里,670,479983,716,513,300,829,1035.71,144.57,"102Y"
,66000,臺中市,66000110,大甲區,66000110-009,中山里,1258,857051,681,485,293,854,739.24,108.51,"102Y"
,66000,臺中市,66000110,大甲區,66000110-010,南陽里,247,173863,704,459,282,915,693.78,98.56,"102Y"
,66000,臺中市,66000110,大甲區,66000110-011,薰風里,291,271702,934,523,273,914,1943.57,208.16,"102Y"
,66000,臺中市,66000110,大甲區,66000110-012,義和里,977,677528,693,490,300,857,701.97,101.22,"102Y"
,66000,臺中市,66000110,大甲區,66000110-013,武陵里,330,214293,649,519,310,797,584.76,90.05,"102Y"
,66000,臺中市,66000110,大甲區,66000110-014,文曲里,289,173946,602,466,275,735,531.99,88.39,"102Y"
,66000,臺中市,66000110,大甲區,66000110-015,武曲里,579,572079,988,489,280,856,2636.39,266.83,"102Y"
,66000,臺中市,66000110,大甲區,66000110-016,文武里,1783,1446340,811,556,310,955,1497.4,184.59,"102Y"
,66000,臺中市,66000110,大甲區,66000110-017,奉化里,619,503186,813,588,331,994,815.9,100.37,"102Y"
,66000,臺中市,66000110,大甲區,66000110-018,德化里,481,301005,626,482,277,780,580.38,92.74,"102Y"
,66000,臺中市,66000110,大甲區,66000110-019,江南里,381,233009,612,463,286,805,575.25,94.06,"102Y"
,66000,臺中市,66000110,大甲區,66000110-020,頂店里,1412,1067337,756,519,307,866,1211.1,160.22,"102Y"
,66000,臺中市,66000110,大甲區,66000110-021,太白里,369,252138,683,480,315,801,686.43,100.46,"102Y"
,66000,臺中市,66000110,大甲區,66000110-022,孟春里,1194,782153,655,481,295,793,642.66,98.1,"102Y"
,66000,臺中市,66000110,大甲區,66000110-023,幸福里,712,482925,678,492,323,781,704.41,103.85,"102Y"
,66000,臺中市,66000110,大甲區,66000110-024,日南里,1820,1180889,649,479,309,765,1197.53,184.56,"102Y"
,66000,臺中市,66000110,大甲區,66000110-025,龍泉里,436,251922,578,440,277,760,455.72,78.87,"102Y"
,66000,臺中市,66000110,大甲區,66000110-026,西岐里,504,331794,658,466,290,728,1002.29,152.25,"102Y"
,66000,臺中市,66000110,大甲區,66000110-027,銅安里,389,233778,601,459,303,750,525.31,87.41,"102Y"
,66000,臺中市,66000110,大甲區,66000110-028,福德里,301,162573,540,426,277,689,426.78,79.02,"102Y"
,66000,臺中市,66000110,大甲區,66000110-029,建興里,389,220847,568,465,298,689,416.68,73.39,"102Y"
X,66000,臺中市,66000110,大甲區,66000110-999,其他,1,510,510,510,510,510,0,0,"102Y"
,66000,臺中市,66000120,清水區,66000120-001,鰲峰里,327,237332,726,498,277,954,770.91,106.22,"102Y"
,66000,臺中市,66000120,清水區,66000120-002,靈泉里,379,288251,761,557,327,1018,647.95,85.19,"102Y"
,66000,臺中市,66000120,清水區,66000120-003,清水里,760,568975,749,543,288,992,710.87,94.95,"102Y"
,66000,臺中市,66000120,清水區,66000120-004,文昌里,247,166146,673,470,259,861,681.04,101.25,"102Y"
,66000,臺中市,66000120,清水區,66000120-005,南寧里,590,462547,784,557,326,968,816.37,104.13,"102Y"
,66000,臺中市,66000120,清水區,66000120-006,西寧里,509,316492,622,494,302,810,567.67,91.3,"102Y"
,66000,臺中市,66000120,清水區,66000120-007,北寧里,229,151777,663,471,274,771,642.96,97.01,"102Y"
,66000,臺中市,66000120,清水區,66000120-008,中興里,141,87869,623,477,260,749,702.31,112.7,"102Y"
,66000,臺中市,66000120,清水區,66000120-009,西社里,733,553426,755,542,328,903,963.61,127.63,"102Y"
,66000,臺中市,66000120,清水區,66000120-010,南社里,2851,2118096,743,551,334,966,625.13,84.14,"102Y"
,66000,臺中市,66000120,清水區,66000120-011,裕嘉里,455,280200,616,483,296,733,579.16,94.05,"102Y"
,66000,臺中市,66000120,清水區,66000120-012,臨江里,447,294733,659,459,277,734,1327.33,201.31,"102Y"
,66000,臺中市,66000120,清水區,66000120-013,秀水里,1276,843409,661,497,312,807,698.56,105.69,"102Y"
,66000,臺中市,66000120,清水區,66000120-014,武鹿里,1068,724706,679,499,299,848,625.94,92.24,"102Y"
,66000,臺中市,66000120,清水區,66000120-015,海濱里,547,317400,580,464,288,696,580.09,99.97,"102Y"
,66000,臺中市,66000120,清水區,66000120-016,?榔里,1489,1037365,697,537,332,886,603.5,86.62,"102Y"
,66000,臺中市,66000120,清水區,66000120-017,中社里,795,534376,672,551,317,890,501.38,74.59,"102Y"
,66000,臺中市,66000120,清水區,66000120-018,高西里,330,183584,556,401,263,637,852.69,153.27,"102Y"
,66000,臺中市,66000120,清水區,66000120-019,高南里,361,215725,598,449,259,695,642.06,107.44,"102Y"
,66000,臺中市,66000120,清水區,66000120-020,高東里,311,195867,630,483,309,692,688.82,109.37,"102Y"
,66000,臺中市,66000120,清水區,66000120-021,高北里,296,176298,596,459,289,723,506.59,85.06,"102Y"
,66000,臺中市,66000120,清水區,66000120-022,高美里,332,209754,632,468,291,802,564.15,89.29,"102Y"
,66000,臺中市,66000120,清水區,66000120-023,國姓里,592,360739,609,467,285,735,546.99,89.76,"102Y"
,66000,臺中市,66000120,清水區,66000120-024,菁埔里,642,373608,582,459,294,697,501.12,86.11,"102Y"
,66000,臺中市,66000120,清水區,66000120-025,頂湳里,479,285563,596,449,265,733,540.29,90.63,"102Y"
,66000,臺中市,66000120,清水區,66000120-026,田寮里,682,389985,572,439,272,707,486.61,85.1,"102Y"
,66000,臺中市,66000120,清水區,66000120-027,橋頭里,2321,1609493,693,514,307,858,652.53,94.1,"102Y"
,66000,臺中市,66000120,清水區,66000120-028,下湳里,956,632754,662,484,286,784,623.72,94.24,"102Y"
,66000,臺中市,66000120,清水區,66000120-029,東山里,304,170222,560,474,298,703,414.41,74.01,"102Y"
,66000,臺中市,66000120,清水區,66000120-030,楊厝里,252,125922,500,434,261,634,373.4,74.73,"102Y"
,66000,臺中市,66000120,清水區,66000120-031,海風里,331,204871,619,467,310,744,549.41,88.77,"102Y"
,66000,臺中市,66000120,清水區,66000120-032,吳厝里,393,214136,545,454,302,636,398.74,73.18,"102Y"
X,66000,臺中市,66000120,清水區,66000120-999,其他,0,0,0,0,0,0,0,0,"102Y"
,66000,臺中市,66000130,沙鹿區,66000130-001,居仁里,422,336197,797,538,329,944,943.42,118.42,"102Y"
,66000,臺中市,66000130,沙鹿區,66000130-002,洛泉里,694,610397,880,536,306,1004,1415.46,160.93,"102Y"
,66000,臺中市,66000130,沙鹿區,66000130-003,沙鹿里,375,397219,1059,553,305,1138,1657.17,156.45,"102Y"
,66000,臺中市,66000130,沙鹿區,66000130-004,美仁里,138,135324,981,558,306,861,2763.99,281.86,"102Y"
,66000,臺中市,66000130,沙鹿區,66000130-005,興仁里,769,517540,673,490,294,808,729.28,108.36,"102Y"
,66000,臺中市,66000130,沙鹿區,66000130-006,斗抵里,1399,1060054,758,532,323,918,1071.29,141.38,"102Y"
,66000,臺中市,66000130,沙鹿區,66000130-007,鹿峰里,1515,1080907,713,520,300,877,699.71,98.07,"102Y"
,66000,臺中市,66000130,沙鹿區,66000130-008,鹿寮里,2034,1550936,763,541,318,950,759.26,99.57,"102Y"
,66000,臺中市,66000130,沙鹿區,66000130-009,竹林里,2255,1706686,757,541,321,961,825.81,109.11,"102Y"
,66000,臺中市,66000130,沙鹿區,66000130-010,犁分里,290,180816,624,470,304,750,527.85,84.66,"102Y"
,66000,臺中市,66000130,沙鹿區,66000130-011,北勢里,1429,1051605,736,530,324,944,709.66,96.43,"102Y"
,66000,臺中市,66000130,沙鹿區,66000130-012,福興里,1041,791233,760,579,341,979,746.25,98.18,"102Y"
,66000,臺中市,66000130,沙鹿區,66000130-013,晉江里,461,335336,727,503,293,849,850.73,116.95,"102Y"
,66000,臺中市,66000130,沙鹿區,66000130-014,六路里,1453,1156814,796,592,349,1014,693.22,87.07,"102Y"
,66000,臺中市,66000130,沙鹿區,66000130-015,南勢里,972,714801,735,573,339,931,612.81,83.33,"102Y"
,66000,臺中市,66000130,沙鹿區,66000130-016,埔子里,1515,1351262,892,654,377,1167,884.96,99.22,"102Y"
,66000,臺中市,66000130,沙鹿區,66000130-017,公明里,1211,818218,676,527,339,861,522.71,77.36,"102Y"
,66000,臺中市,66000130,沙鹿區,66000130-018,清泉里,697,498649,715,619,373,943,502.11,70.18,"102Y"
,66000,臺中市,66000130,沙鹿區,66000130-019,西勢里,544,312976,575,477,291,712,444.78,77.31,"102Y"
,66000,臺中市,66000130,沙鹿區,66000130-020,興安里,1100,895816,814,534,324,884,1303.7,160.09,"102Y"
,66000,臺中市,66000130,沙鹿區,66000130-021,三鹿里,1960,1427294,728,618,380,949,515.3,70.76,"102Y"
X,66000,臺中市,66000130,沙鹿區,66000130-999,其他,2,2118,1059,1059,530,1589,1497.87,141.42,"102Y"
,66000,臺中市,66000140,梧棲區,66000140-001,頂寮里,956,650582,681,526,313,848,658.26,96.73,"102Y"
,66000,臺中市,66000140,梧棲區,66000140-002,下寮里,604,419745,695,526,340,822,617.13,88.8,"102Y"
,66000,臺中市,66000140,梧棲區,66000140-003,中正里,1302,969541,745,548,324,916,867.4,116.48,"102Y"
,66000,臺中市,66000140,梧棲區,66000140-004,中和里,172,126760,737,509,326,905,701.62,95.2,"102Y"
,66000,臺中市,66000140,梧棲區,66000140-005,文化里,429,315425,735,568,334,929,651.59,88.62,"102Y"
,66000,臺中市,66000140,梧棲區,66000140-006,安仁里,241,170585,708,496,290,908,711.58,100.53,"102Y"
,66000,臺中市,66000140,梧棲區,66000140-007,草湳里,1982,1319902,666,508,316,807,759.32,114.02,"102Y"
,66000,臺中市,66000140,梧棲區,66000140-008,南簡里,1450,989676,683,542,321,852,548.75,80.4,"102Y"
,66000,臺中市,66000140,梧棲區,66000140-009,福德里,1304,917299,703,534,323,901,624.1,88.72,"102Y"
,66000,臺中市,66000140,梧棲區,66000140-010,大庄里,2297,1584460,690,529,337,834,685.53,99.38,"102Y"
,66000,臺中市,66000140,梧棲區,66000140-011,大村里,1770,1268954,717,540,326,907,630.14,87.9,"102Y"
,66000,臺中市,66000140,梧棲區,66000140-012,興農里,724,480560,664,490,325,800,600.55,90.48,"102Y"
,66000,臺中市,66000140,梧棲區,66000140-013,永寧里,754,525514,697,489,311,757,1126.48,161.63,"102Y"
,66000,臺中市,66000140,梧棲區,66000140-014,永安里,819,571156,697,481,299,749,1780.72,255.34,"102Y"
X,66000,臺中市,66000140,梧棲區,66000140-999,其他,0,0,0,0,0,0,0,0,"102Y"
,66000,臺中市,66000150,后里區,66000150-001,廣福里,429,250212,583,463,274,739,485.11,83.17,"102Y"
,66000,臺中市,66000150,后里區,66000150-002,仁里里,211,118048,559,443,277,753,426.78,76.28,"102Y"
,66000,臺中市,66000150,后里區,66000150-003,義里里,892,640285,718,538,333,894,625.98,87.21,"102Y"
,66000,臺中市,66000150,后里區,66000150-004,后里里,1145,759460,663,484,288,798,655.42,98.81,"102Y"
,66000,臺中市,66000150,后里區,66000150-005,厚里里,631,402797,638,494,276,812,585.78,91.76,"102Y"
,66000,臺中市,66000150,后里區,66000150-006,墩東里,1414,970507,686,520,316,901,591.84,86.23,"102Y"
,66000,臺中市,66000150,后里區,66000150-007,墩西里,552,370848,672,506,295,843,612.62,91.19,"102Y"
,66000,臺中市,66000150,后里區,66000150-008,墩南里,991,678696,685,475,286,805,1218.57,177.93,"102Y"
,66000,臺中市,66000150,后里區,66000150-009,墩北里,1046,708397,677,502,297,829,729.52,107.72,"102Y"
,66000,臺中市,66000150,后里區,66000150-010,中和里,758,513109,677,499,301,810,639.5,94.47,"102Y"
,66000,臺中市,66000150,后里區,66000150-011,舊社里,507,313338,618,474,285,806,515.46,83.4,"102Y"
,66000,臺中市,66000150,后里區,66000150-012,聯合里,411,255074,621,487,297,753,552.15,88.97,"102Y"
,66000,臺中市,66000150,后里區,66000150-013,太平里,582,359052,617,502,301,807,455.79,73.88,"102Y"
,66000,臺中市,66000150,后里區,66000150-014,眉山里,922,631416,685,534,318,863,591.88,86.43,"102Y"
,66000,臺中市,66000150,后里區,66000150-015,泰安里,313,202573,647,495,301,758,591.67,91.42,"102Y"
,66000,臺中市,66000150,后里區,66000150-016,公館里,497,278299,560,452,269,722,515.21,92.01,"102Y"
,66000,臺中市,66000150,后里區,66000150-017,月眉里,483,303731,629,503,288,802,516.78,82.18,"102Y"
,66000,臺中市,66000150,后里區,66000150-018,義德里,794,532439,671,525,310,852,562.9,83.94,"102Y"
X,66000,臺中市,66000150,后里區,66000150-999,其他,0,0,0,0,0,0,0,0,"102Y"
,66000,臺中市,66000160,神岡區,66000160-001,神岡里,1003,636687,635,480,296,772,684.47,107.83,"102Y"
,66000,臺中市,66000160,神岡區,66000160-002,庄前里,661,443340,671,495,306,839,624.3,93.08,"102Y"
,66000,臺中市,66000160,神岡區,66000160-003,北庄里,814,512794,630,456,288,762,632.98,100.48,"102Y"
,66000,臺中市,66000160,神岡區,66000160-004,庄後里,612,373896,611,454,283,747,571.37,93.52,"102Y"
,66000,臺中市,66000160,神岡區,66000160-005,社口里,2281,1513648,664,487,293,795,672.71,101.37,"102Y"
,66000,臺中市,66000160,神岡區,66000160-006,社南里,1705,1146176,672,485,291,838,613.67,91.29,"102Y"
,66000,臺中市,66000160,神岡區,66000160-007,三角里,813,613539,755,506,293,862,1064.31,141.03,"102Y"
,66000,臺中市,66000160,神岡區,66000160-008,岸裡里,991,632451,638,463,286,756,678.54,106.32,"102Y"
,66000,臺中市,66000160,神岡區,66000160-009,大社里,1307,858673,657,488,296,832,586.28,89.24,"102Y"
,66000,臺中市,66000160,神岡區,66000160-010,豐洲里,2309,1484015,643,468,276,785,602.41,93.73,"102Y"
,66000,臺中市,66000160,神岡區,66000160-011,神洲里,831,514649,619,440,256,763,631.96,102.04,"102Y"
,66000,臺中市,66000160,神岡區,66000160-012,溪洲里,779,452085,580,439,274,697,604.86,104.23,"102Y"
,66000,臺中市,66000160,神岡區,66000160-013,圳前里,650,440272,677,494,306,746,899.08,132.74,"102Y"
,66000,臺中市,66000160,神岡區,66000160-014,新庄里,1074,612116,570,445,297,699,479.77,84.18,"102Y"
,66000,臺中市,66000160,神岡區,66000160-015,圳堵里,556,314170,565,446,272,711,461.53,81.68,"102Y"
,66000,臺中市,66000160,神岡區,66000160-016,山皮里,280,176784,631,426,274,710,705.93,111.81,"102Y"
X,66000,臺中市,66000160,神岡區,66000160-999,其他,0,0,0,0,0,0,0,0,"102Y"
,66000,臺中市,66000170,潭子區,66000170-001,潭陽里,3463,2348262,678,519,320,850,591.49,87.23,"102Y"
,66000,臺中市,66000170,潭子區,66000170-002,潭秀里,477,426752,895,525,288,951,1591.15,177.85,"102Y"
,66000,臺中市,66000170,潭子區,66000170-003,潭北里,726,540223,744,531,331,866,784.81,105.47,"102Y"
,66000,臺中市,66000170,潭子區,66000170-004,福仁里,3102,2072734,668,511,311,826,585.82,87.67,"102Y"
,66000,臺中市,66000170,潭子區,66000170-005,頭家里,1567,1160437,741,559,335,924,659.09,89,"102Y"
,66000,臺中市,66000170,潭子區,66000170-006,甘蔗里,2966,2230440,752,562,328,955,748.88,99.58,"102Y"
,66000,臺中市,66000170,潭子區,66000170-007,東寶里,3715,2555843,688,521,312,861,609.18,88.55,"102Y"
,66000,臺中市,66000170,潭子區,66000170-008,大富里,836,591267,707,519,301,898,682.25,96.46,"102Y"
,66000,臺中市,66000170,潭子區,66000170-009,大豐里,1933,1508366,780,575,339,988,791.55,101.44,"102Y"
,66000,臺中市,66000170,潭子區,66000170-010,栗林里,1612,1221590,758,495,303,829,3260.36,430.23,"102Y"
,66000,臺中市,66000170,潭子區,66000170-011,嘉仁里,1143,741645,649,476,287,787,651.16,100.35,"102Y"
,66000,臺中市,66000170,潭子區,66000170-012,新田里,403,254663,632,474,283,708,662.29,104.81,"102Y"
,66000,臺中市,66000170,潭子區,66000170-013,聚興里,1144,802975,702,496,300,824,742.87,105.84,"102Y"
,66000,臺中市,66000170,潭子區,66000170-014,頭家東里,1247,923354,740,569,346,943,637.38,86.08,"102Y"
,66000,臺中市,66000170,潭子區,66000170-015,家興里,2098,1581230,754,589,345,981,621.38,82.45,"102Y"
,66000,臺中市,66000170,潭子區,66000170-016,家福里,1235,917562,743,552,326,954,646.29,86.99,"102Y"
X,66000,臺中市,66000170,潭子區,66000170-999,其他,1,217,217,217,217,217,0,0,"102Y"
,66000,臺中市,66000180,大雅區,66000180-001,大雅里,1456,1041382,715,503,291,869,758.18,106,"102Y"
,66000,臺中市,66000180,大雅區,66000180-002,員林里,2823,2167723,768,544,311,952,1356.8,176.69,"102Y"
,66000,臺中市,66000180,大雅區,66000180-003,六寶里,1671,1398629,837,516,292,799,8314.73,993.4,"102Y"
,66000,臺中市,66000180,大雅區,66000180-004,秀山里,965,660441,684,468,278,811,768.67,112.31,"102Y"
,66000,臺中市,66000180,大雅區,66000180-005,忠義里,808,528119,654,522,317,823,540.2,82.65,"102Y"
,66000,臺中市,66000180,大雅區,66000180-006,橫山里,1256,934914,744,522,304,907,759.06,101.98,"102Y"
,66000,臺中市,66000180,大雅區,66000180-007,三和里,1598,1211871,758,549,325,950,739.22,97.48,"102Y"
,66000,臺中市,66000180,大雅區,66000180-008,西寶里,1479,1067391,722,521,304,872,925.69,128.27,"102Y"
,66000,臺中市,66000180,大雅區,66000180-009,上楓里,1792,1234901,689,509,305,859,704.93,102.29,"102Y"
,66000,臺中市,66000180,大雅區,66000180-010,二和里,1779,1469527,826,574,345,1001,898.8,108.81,"102Y"
,66000,臺中市,66000180,大雅區,66000180-011,四德里,1431,1120894,783,577,331,975,771.07,98.44,"102Y"
,66000,臺中市,66000180,大雅區,66000180-012,上雅里,1722,1282224,745,534,304,941,763.07,102.48,"102Y"
,66000,臺中市,66000180,大雅區,66000180-013,文雅里,1817,1356171,746,559,332,930,733.45,98.27,"102Y"
,66000,臺中市,66000180,大雅區,66000180-014,大楓里,1372,870924,635,481,292,786,584.16,92.03,"102Y"
,66000,臺中市,66000180,大雅區,66000180-015,雅楓里,1009,617936,612,467,296,727,786.97,128.5,"102Y"
X,66000,臺中市,66000180,大雅區,66000180-999,其他,0,0,0,0,0,0,0,0,"102Y"
,66000,臺中市,66000190,新社區,66000190-001,新社里,858,605351,706,554,342,894,576.33,81.69,"102Y"
,66000,臺中市,66000190,新社區,66000190-002,復盛里,370,255610,691,551,300,881,566.29,81.97,"102Y"
,66000,臺中市,66000190,新社區,66000190-003,中正里,323,209263,648,506,283,812,617.83,95.36,"102Y"
,66000,臺中市,66000190,新社區,66000190-004,月湖里,209,134407,643,485,317,748,682.94,106.2,"102Y"
,66000,臺中市,66000190,新社區,66000190-005,崑山里,173,104077,602,475,305,739,462.45,76.87,"102Y"
,66000,臺中市,66000190,新社區,66000190-006,大南里,449,326499,727,522,306,861,752.12,103.43,"102Y"
,66000,臺中市,66000190,新社區,66000190-007,永源里,513,345400,673,495,288,807,668.36,99.27,"102Y"
,66000,臺中市,66000190,新社區,66000190-008,中興里,103,62859,610,463,287,724,553.32,90.67,"102Y"
,66000,臺中市,66000190,新社區,66000190-009,協成里,479,290736,607,468,289,731,532.79,87.78,"102Y"
,66000,臺中市,66000190,新社區,66000190-010,東興里,246,170316,692,548,307,852,634.17,91.6,"102Y"
,66000,臺中市,66000190,新社區,66000190-011,慶西里,135,84376,625,468,236,731,805.29,128.84,"102Y"
,66000,臺中市,66000190,新社區,66000190-012,中和里,116,75036,647,430,274,737,744.7,115.12,"102Y"
,66000,臺中市,66000190,新社區,66000190-013,福興里,187,107222,573,436,258,705,504.95,88.07,"102Y"
X,66000,臺中市,66000190,新社區,66000190-999,其他,0,0,0,0,0,0,0,0,"102Y"
,66000,臺中市,66000200,石岡區,66000200-001,石岡里,316,225519,714,504,303,845,724.36,101.5,"102Y"
,66000,臺中市,66000200,石岡區,66000200-002,萬安里,412,267117,648,481,323,781,540.39,83.35,"102Y"
,66000,臺中市,66000200,石岡區,66000200-003,九房里,332,211548,637,506,305,757,614.3,96.41,"102Y"
,66000,臺中市,66000200,石岡區,66000200-004,金星里,315,196126,623,502,285,811,508.96,81.74,"102Y"
,66000,臺中市,66000200,石岡區,66000200-005,龍興里,150,89576,597,461,284,727,504.43,84.47,"102Y"
,66000,臺中市,66000200,石岡區,66000200-006,萬興里,437,349440,800,486,290,864,2715.56,339.6,"102Y"
,66000,臺中市,66000200,石岡區,66000200-007,梅子里,486,330088,679,489,291,824,716.24,105.45,"102Y"
,66000,臺中市,66000200,石岡區,66000200-008,土牛里,276,173851,630,489,295,817,516.4,81.98,"102Y"
,66000,臺中市,66000200,石岡區,66000200-009,德興里,427,289158,677,523,348,872,674.57,99.61,"102Y"
,66000,臺中市,66000200,石岡區,66000200-010,和盛里,341,215585,632,482,295,802,556.85,88.08,"102Y"
X,66000,臺中市,66000200,石岡區,66000200-999,其他,0,0,0,0,0,0,0,0,"102Y"
,66000,臺中市,66000210,外埔區,66000210-001,永豐里,272,171977,632,457,274,838,635.91,100.58,"102Y"
,66000,臺中市,66000210,外埔區,66000210-002,六分里,606,376690,622,492,308,791,510.91,82.19,"102Y"
,66000,臺中市,66000210,外埔區,66000210-003,三崁里,471,296505,630,499,299,754,555.25,88.2,"102Y"
,66000,臺中市,66000210,外埔區,66000210-004,大同里,1343,907739,676,514,325,845,653.61,96.7,"102Y"
,66000,臺中市,66000210,外埔區,66000210-005,水美里,941,895415,952,531,312,907,4965.2,521.8,"102Y"
,66000,臺中市,66000210,外埔區,66000210-006,大東里,1768,1150805,651,503,315,808,543.75,83.54,"102Y"
,66000,臺中市,66000210,外埔區,66000210-007,馬鳴里,361,222588,617,459,292,790,502.73,81.53,"102Y"
,66000,臺中市,66000210,外埔區,66000210-008,中山里,336,214018,637,465,289,789,562.14,88.25,"102Y"
,66000,臺中市,66000210,外埔區,66000210-009,鐵山里,544,342691,630,470,295,730,625.07,99.23,"102Y"
,66000,臺中市,66000210,外埔區,66000210-010,土城里,397,245960,620,476,281,722,720.73,116.33,"102Y"
,66000,臺中市,66000210,外埔區,66000210-011,?子里,282,157160,557,430,269,693,488.28,87.61,"102Y"
X,66000,臺中市,66000210,外埔區,66000210-999,其他,0,0,0,0,0,0,0,0,"102Y"
,66000,臺中市,66000220,大安區,66000220-001,南埔里,219,131698,601,481,319,712,481.96,80.14,"102Y"
,66000,臺中市,66000220,大安區,66000220-002,南庄里,255,154390,605,448,274,784,529.08,87.39,"102Y"
,66000,臺中市,66000220,大安區,66000220-003,中庄里,749,467162,624,461,274,732,663.77,106.42,"102Y"
,66000,臺中市,66000220,大安區,66000220-004,龜?里,439,265446,605,479,271,751,508.87,84.16,"102Y"
,66000,臺中市,66000220,大安區,66000220-005,福興里,323,197265,611,481,276,815,465.18,76.17,"102Y"
,66000,臺中市,66000220,大安區,66000220-006,東安里,366,233464,638,480,288,748,770.55,120.8,"102Y"
,66000,臺中市,66000220,大安區,66000220-007,頂安里,221,125083,566,453,275,675,469.76,83,"102Y"
,66000,臺中市,66000220,大安區,66000220-008,永安里,409,242915,594,490,289,750,477.89,80.46,"102Y"
,66000,臺中市,66000220,大安區,66000220-009,福住里,277,156913,566,445,287,680,576.24,101.72,"102Y"
,66000,臺中市,66000220,大安區,66000220-010,海墘里,359,221315,616,457,292,741,564.66,91.6,"102Y"
,66000,臺中市,66000220,大安區,66000220-011,西安里,501,319108,637,474,291,809,590.81,92.76,"102Y"
,66000,臺中市,66000220,大安區,66000220-012,松雅里,256,185876,726,553,327,987,629.32,86.67,"102Y"
X,66000,臺中市,66000220,大安區,66000220-999,其他,1,2265,2265,2265,2265,2265,0,0,"102Y"
,66000,臺中市,66000230,烏日區,66000230-001,烏日里,2720,2114660,777,592,344,988,686.65,88.32,"102Y"
,66000,臺中市,66000230,烏日區,66000230-002,湖日里,654,451952,691,521,326,830,623.87,90.28,"102Y"
,66000,臺中市,66000230,烏日區,66000230-003,三和里,1120,857524,766,592,344,1007,647.03,84.51,"102Y"
,66000,臺中市,66000230,烏日區,66000230-004,榮泉里,973,699329,719,552,336,881,639.86,89.03,"102Y"
,66000,臺中市,66000230,烏日區,66000230-005,學田里,625,504955,808,495,327,853,2142.64,265.2,"102Y"
,66000,臺中市,66000230,烏日區,66000230-006,九德里,3810,2798427,734,553,330,925,681.56,92.79,"102Y"
,66000,臺中市,66000230,烏日區,66000230-007,仁德里,2267,1769392,780,583,345,971,781.04,100.07,"102Y"
,66000,臺中市,66000230,烏日區,66000230-008,前竹里,739,596646,807,509,309,882,2392.77,296.37,"102Y"
,66000,臺中市,66000230,烏日區,66000230-009,五光里,448,303707,678,525,303,823,603.36,89,"102Y"
,66000,臺中市,66000230,烏日區,66000230-010,光明里,648,427805,660,492,301,815,681.51,103.23,"102Y"
,66000,臺中市,66000230,烏日區,66000230-011,東園里,510,343798,674,485,288,791,660.06,97.92,"102Y"
,66000,臺中市,66000230,烏日區,66000230-012,溪埧里,1307,856663,655,473,293,814,656.48,100.16,"102Y"
,66000,臺中市,66000230,烏日區,66000230-013,螺潭里,629,487788,775,533,312,884,1230.68,158.7,"102Y"
,66000,臺中市,66000230,烏日區,66000230-014,北里里,462,329107,712,493,274,842,717,100.65,"102Y"
,66000,臺中市,66000230,烏日區,66000230-015,南里里,324,240880,743,486,267,834,1292.52,173.85,"102Y"
,66000,臺中市,66000230,烏日區,66000230-016,溪尾里,162,95170,587,487,301,675,768.21,130.76,"102Y"
X,66000,臺中市,66000230,烏日區,66000230-999,其他,0,0,0,0,0,0,0,0,"102Y"
,66000,臺中市,66000240,大肚區,66000240-001,王田里,1347,867325,644,496,300,787,652.23,101.29,"102Y"
,66000,臺中市,66000240,大肚區,66000240-002,中和里,268,189641,708,546,325,845,636.73,89.98,"102Y"
,66000,臺中市,66000240,大肚區,66000240-003,福山里,1151,763355,663,498,293,763,1413.85,213.18,"102Y"
,66000,臺中市,66000240,大肚區,66000240-004,營埔里,440,285560,649,473,291,770,829.95,127.88,"102Y"
,66000,臺中市,66000240,大肚區,66000240-005,社腳里,810,523573,646,481,314,779,707.06,109.39,"102Y"
,66000,臺中市,66000240,大肚區,66000240-006,新興里,848,511335,603,463,295,728,590.37,97.91,"102Y"
,66000,臺中市,66000240,大肚區,66000240-007,大東里,944,658935,698,560,345,863,571.45,81.87,"102Y"
,66000,臺中市,66000240,大肚區,66000240-008,大肚里,660,531997,806,560,312,934,938.26,116.4,"102Y"
,66000,臺中市,66000240,大肚區,66000240-009,永和里,265,177043,668,499,305,851,599.68,89.76,"102Y"
,66000,臺中市,66000240,大肚區,66000240-010,磺溪里,493,341508,693,502,319,856,638.61,92.19,"102Y"
,66000,臺中市,66000240,大肚區,66000240-011,永順里,492,289981,589,456,297,757,485.39,82.35,"102Y"
,66000,臺中市,66000240,大肚區,66000240-012,成功里,274,173117,632,499,313,744,534.01,84.52,"102Y"
,66000,臺中市,66000240,大肚區,66000240-013,山陽里,432,260853,604,469,298,726,480.44,79.57,"102Y"
,66000,臺中市,66000240,大肚區,66000240-014,頂街里,2381,1795606,754,593,353,950,641.62,85.08,"102Y"
,66000,臺中市,66000240,大肚區,66000240-015,瑞井里,1424,888771,624,483,309,773,601.35,96.35,"102Y"
,66000,臺中市,66000240,大肚區,66000240-016,蔗?里,1381,866906,628,492,308,785,524.15,83.5,"102Y"
,66000,臺中市,66000240,大肚區,66000240-017,自強里,985,623047,633,504,319,783,477.72,75.53,"102Y"
X,66000,臺中市,66000240,大肚區,66000240-999,其他,2,1826,913,913,625,1202,816.22,89.38,"102Y"
,66000,臺中市,66000250,龍井區,66000250-001,竹坑里,969,654709,676,514,319,790,941,139.27,"102Y"
,66000,臺中市,66000250,龍井區,66000250-002,龍東里,876,570776,652,517,339,803,563.62,86.5,"102Y"
,66000,臺中市,66000250,龍井區,66000250-003,龍西里,569,356937,627,503,312,803,484.76,77.28,"102Y"
,66000,臺中市,66000250,龍井區,66000250-004,田中里,1033,671493,650,524,302,844,573,88.15,"102Y"
,66000,臺中市,66000250,龍井區,66000250-005,福田里,303,185693,613,463,267,775,570.87,93.15,"102Y"
,66000,臺中市,66000250,龍井區,66000250-006,麗水里,661,392952,594,469,286,748,521.39,87.71,"102Y"
,66000,臺中市,66000250,龍井區,66000250-007,龍津里,1570,948892,604,481,292,765,486.91,80.56,"102Y"
,66000,臺中市,66000250,龍井區,66000250-008,三德里,922,565361,613,458,285,753,601.55,98.1,"102Y"
,66000,臺中市,66000250,龍井區,66000250-009,忠和里,1601,1110576,694,513,302,827,683.5,98.53,"102Y"
,66000,臺中市,66000250,龍井區,66000250-010,山腳里,1716,1079267,629,495,302,827,493.73,78.5,"102Y"
,66000,臺中市,66000250,龍井區,66000250-011,龍泉里,2213,1686425,762,615,352,989,625.98,82.14,"102Y"
,66000,臺中市,66000250,龍井區,66000250-012,龍崗里,827,554835,671,504,303,815,633,94.35,"102Y"
,66000,臺中市,66000250,龍井區,66000250-013,新庄里,1799,1321661,735,535,320,893,1165.86,158.69,"102Y"
,66000,臺中市,66000250,龍井區,66000250-014,南寮里,429,258982,604,487,302,762,467.79,77.49,"102Y"
,66000,臺中市,66000250,龍井區,66000250-015,新東里,1444,1108621,768,535,324,961,781.84,101.84,"102Y"
,66000,臺中市,66000250,龍井區,66000250-016,東海里,2559,2665390,1042,622,350,1140,4123.12,395.85,"102Y"
X,66000,臺中市,66000250,龍井區,66000250-999,其他,0,0,0,0,0,0,0,0,"102Y"
,66000,臺中市,66000260,霧峰區,66000260-001,桐林里,255,175435,688,501,311,800,675.58,98.2,"102Y"
,66000,臺中市,66000260,霧峰區,66000260-002,吉峰里,2576,1788075,694,501,307,846,902.24,129.98,"102Y"
,66000,臺中市,66000260,霧峰區,66000260-003,甲寅里,1309,866780,662,516,305,844,556.95,84.11,"102Y"
,66000,臺中市,66000260,霧峰區,66000260-004,本鄉里,650,466265,717,514,304,889,681.23,94.97,"102Y"
,66000,臺中市,66000260,霧峰區,66000260-005,中正里,586,459087,783,564,329,985,1251.21,159.71,"102Y"
,66000,臺中市,66000260,霧峰區,66000260-006,錦榮里,326,255367,783,536,315,958,1047.63,133.74,"102Y"
,66000,臺中市,66000260,霧峰區,66000260-007,萊園里,278,194422,699,514,318,799,794.32,113.58,"102Y"
,66000,臺中市,66000260,霧峰區,66000260-008,本堂里,1829,1495598,818,586,351,988,820.95,100.4,"102Y"
,66000,臺中市,66000260,霧峰區,66000260-009,坑口里,786,509922,649,519,312,839,538.99,83.08,"102Y"
,66000,臺中市,66000260,霧峰區,66000260-010,北柳里,1076,756873,703,527,322,909,603.79,85.84,"102Y"
,66000,臺中市,66000260,霧峰區,66000260-011,南柳里,478,301363,630,473,270,796,565.1,89.63,"102Y"
,66000,臺中市,66000260,霧峰區,66000260-012,四德里,580,416251,718,497,281,852,760.17,105.92,"102Y"
,66000,臺中市,66000260,霧峰區,66000260-013,五福里,738,472777,641,464,295,762,712.38,111.2,"102Y"
,66000,臺中市,66000260,霧峰區,66000260-014,萬豐里,678,419587,619,472,286,752,861.57,139.22,"102Y"
,66000,臺中市,66000260,霧峰區,66000260-015,舊正里,526,357821,680,533,337,856,580.96,85.4,"102Y"
,66000,臺中市,66000260,霧峰區,66000260-016,峰谷里,250,163019,652,452,308,741,712.6,109.28,"102Y"
,66000,臺中市,66000260,霧峰區,66000260-017,六股里,651,393976,605,463,293,750,486.93,80.46,"102Y"
,66000,臺中市,66000260,霧峰區,66000260-018,丁台里,590,393567,667,491,300,772,628.71,94.25,"102Y"
,66000,臺中市,66000260,霧峰區,66000260-019,北勢里,502,332404,662,493,310,850,562.82,85,"102Y"
,66000,臺中市,66000260,霧峰區,66000260-020,南勢里,300,180795,603,426,265,713,656.46,108.93,"102Y"
X,66000,臺中市,66000260,霧峰區,66000260-999,其他,0,0,0,0,0,0,0,0,"102Y"
,66000,臺中市,66000270,太平區,66000270-001,太平里,1836,1331535,725,476,278,809,1023.95,141.19,"102Y"
,66000,臺中市,66000270,太平區,66000270-002,長億里,1616,1072824,664,516,314,836,585.48,88.19,"102Y"
,66000,臺中市,66000270,太平區,66000270-003,中平里,1131,762680,674,496,295,801,1095.12,162.4,"102Y"
,66000,臺中市,66000270,太平區,66000270-004,中興里,1175,858914,731,520,302,856,872.23,119.32,"102Y"
,66000,臺中市,66000270,太平區,66000270-005,建國里,819,536724,655,486,300,817,611.27,93.28,"102Y"
,66000,臺中市,66000270,太平區,66000270-006,東平里,1121,774094,691,493,311,796,1721.81,249.34,"102Y"
,66000,臺中市,66000270,太平區,66000270-007,宜欣里,1763,1107042,628,487,300,801,546.11,86.97,"102Y"
,66000,臺中市,66000270,太平區,66000270-008,中山里,793,535690,676,525,312,878,693.83,102.71,"102Y"
,66000,臺中市,66000270,太平區,66000270-009,坪林里,848,576960,680,515,293,864,631.66,92.84,"102Y"
,66000,臺中市,66000270,太平區,66000270-010,光華里,1354,926523,684,503,305,827,713.45,104.26,"102Y"
,66000,臺中市,66000270,太平區,66000270-011,新坪里,1819,1313744,722,547,329,913,710.38,98.36,"102Y"
,66000,臺中市,66000270,太平區,66000270-012,新光里,1871,1318806,705,517,320,870,667.14,94.65,"102Y"
,66000,臺中市,66000270,太平區,66000270-013,新福里,1564,1184510,757,559,319,957,706.27,93.25,"102Y"
,66000,臺中市,66000270,太平區,66000270-014,頭汴里,414,239779,579,411,265,669,771.42,133.19,"102Y"
,66000,臺中市,66000270,太平區,66000270-015,東汴里,175,85412,488,412,273,648,333.05,68.24,"102Y"
,66000,臺中市,66000270,太平區,66000270-016,興隆里,720,420064,583,462,265,697,573.17,98.24,"102Y"
,66000,臺中市,66000270,太平區,66000270-017,光隆里,796,487190,612,452,281,752,552.56,90.28,"102Y"
,66000,臺中市,66000270,太平區,66000270-018,德隆里,1293,816042,631,463,285,743,784.41,124.29,"102Y"
,66000,臺中市,66000270,太平區,66000270-019,黃竹里,102,66747,654,449,241,925,574.57,87.8,"102Y"
,66000,臺中市,66000270,太平區,66000270-020,永成里,1790,1221308,682,498,306,800,1519.8,222.75,"102Y"
,66000,臺中市,66000270,太平區,66000270-021,永平里,1121,801681,715,510,313,844,763.21,106.72,"102Y"
,66000,臺中市,66000270,太平區,66000270-022,成功里,904,559593,619,488,295,759,551.69,89.12,"102Y"
,66000,臺中市,66000270,太平區,66000270-023,東和里,671,442109,659,489,323,825,667.71,101.34,"102Y"
,66000,臺中市,66000270,太平區,66000270-024,中政里,940,608390,647,487,309,806,564.32,87.19,"102Y"
,66000,臺中市,66000270,太平區,66000270-025,平安里,623,355549,571,481,300,755,412.77,72.33,"102Y"
,66000,臺中市,66000270,太平區,66000270-026,建興里,710,454080,640,490,298,738,730.51,114.22,"102Y"
,66000,臺中市,66000270,太平區,66000270-027,新興里,906,703375,776,606,327,1067,627.01,80.76,"102Y"
,66000,臺中市,66000270,太平區,66000270-028,新高里,1230,1017982,828,568,332,966,1560.54,188.56,"102Y"
,66000,臺中市,66000270,太平區,66000270-029,新吉里,1407,1009621,718,528,324,894,790.84,110.21,"102Y"
,66000,臺中市,66000270,太平區,66000270-030,新城里,1256,896339,714,533,321,883,653.99,91.64,"102Y"
,66000,臺中市,66000270,太平區,66000270-031,宜佳里,1539,1056135,686,514,303,823,674.74,98.32,"102Y"
,66000,臺中市,66000270,太平區,66000270-032,宜昌里,937,603147,644,494,310,798,567.94,88.23,"102Y"
,66000,臺中市,66000270,太平區,66000270-033,光明里,980,814199,831,566,338,980,903.08,108.7,"102Y"
,66000,臺中市,66000270,太平區,66000270-034,豐年里,1187,849740,716,542,319,888,641.78,89.65,"102Y"
,66000,臺中市,66000270,太平區,66000270-035,大興里,600,417446,696,527,302,814,665.2,95.61,"102Y"
,66000,臺中市,66000270,太平區,66000270-036,勤益里,622,427630,688,524,320,896,580.88,84.49,"102Y"
,66000,臺中市,66000270,太平區,66000270-037,聖和里,359,243393,678,507,302,790,607.69,89.63,"102Y"
,66000,臺中市,66000270,太平區,66000270-038,福隆里,897,575134,641,489,289,808,565.34,88.17,"102Y"
,66000,臺中市,66000270,太平區,66000270-039,永隆里,642,362059,564,453,299,677,485.7,86.12,"102Y"
X,66000,臺中市,66000270,太平區,66000270-999,其他,6,3225,538,505,272,671,367.43,68.35,"102Y"
,66000,臺中市,66000280,大里區,66000280-001,大里里,959,632760,660,486,302,766,630.87,95.61,"102Y"
,66000,臺中市,66000280,大里區,66000280-002,新里里,2674,2320075,868,586,336,1103,1157.6,133.42,"102Y"
,66000,臺中市,66000280,大里區,66000280-003,樹王里,974,688780,707,504,292,864,696.49,98.49,"102Y"
,66000,臺中市,66000280,大里區,66000280-004,東興里,2250,1721922,765,541,323,942,758.02,99.05,"102Y"
,66000,臺中市,66000280,大里區,66000280-005,祥興里,2060,1427741,693,526,313,890,607.74,87.69,"102Y"
,66000,臺中市,66000280,大里區,66000280-006,日新里,1053,750099,712,537,305,914,629.13,88.32,"102Y"
,66000,臺中市,66000280,大里區,66000280-007,西榮里,1541,1039085,674,495,304,857,641.41,95.12,"102Y"
,66000,臺中市,66000280,大里區,66000280-008,內新里,2388,1786137,748,553,322,944,835.12,111.65,"102Y"
,66000,臺中市,66000280,大里區,66000280-009,東昇里,958,798976,834,551,303,938,2516.17,301.7,"102Y"
,66000,臺中市,66000280,大里區,66000280-010,立仁里,1334,801846,601,470,289,732,654.81,108.94,"102Y"
,66000,臺中市,66000280,大里區,66000280-011,新仁里,2099,1368347,652,501,305,799,633.11,97.12,"102Y"
,66000,臺中市,66000280,大里區,66000280-012,大元里,1359,934426,688,514,311,878,593.24,86.28,"102Y"
,66000,臺中市,66000280,大里區,66000280-013,夏田里,252,176917,702,563,316,884,566.65,80.71,"102Y"
,66000,臺中市,66000280,大里區,66000280-014,仁化里,2507,1696963,677,500,312,800,767.57,113.4,"102Y"
,66000,臺中市,66000280,大里區,66000280-015,健民里,1097,653514,596,456,289,743,720.7,120.98,"102Y"
,66000,臺中市,66000280,大里區,66000280-016,塗城里,2249,1325144,589,477,296,746,450.33,76.43,"102Y"
,66000,臺中市,66000280,大里區,66000280-017,瑞城里,3346,2351238,703,523,320,853,728.21,103.63,"102Y"
,66000,臺中市,66000280,大里區,66000280-018,金城里,2638,1731942,657,505,311,819,613.56,93.45,"102Y"
,66000,臺中市,66000280,大里區,66000280-019,東湖里,2742,1855513,677,519,319,853,581.29,85.9,"102Y"
,66000,臺中市,66000280,大里區,66000280-020,西湖里,805,579279,720,500,299,835,761,105.75,"102Y"
,66000,臺中市,66000280,大里區,66000280-021,國光里,1861,1771892,952,618,338,1116,3182,334.2,"102Y"
,66000,臺中市,66000280,大里區,66000280-022,大明里,1256,886679,706,548,326,870,589.35,83.48,"102Y"
,66000,臺中市,66000280,大里區,66000280-023,永隆里,2958,3186346,1077,761,393,1401,1972.44,183.11,"102Y"
,66000,臺中市,66000280,大里區,66000280-024,長榮里,2659,2226805,837,602,334,1077,818.2,97.7,"102Y"
,66000,臺中市,66000280,大里區,66000280-025,中新里,1479,1183473,800,576,341,982,1075.45,134.4,"102Y"
,66000,臺中市,66000280,大里區,66000280-026,立德里,2197,1521171,692,542,326,885,585.25,84.53,"102Y"
,66000,臺中市,66000280,大里區,66000280-027,仁德里,1864,1234009,662,494,293,843,586.09,88.53,"102Y"
X,66000,臺中市,66000280,大里區,66000280-999,其他,0,0,0,0,0,0,0,0,"102Y"
,66000,臺中市,66000290,和平區,66000290-001,南勢里,364,230922,634,491,267,808,558.86,88.09,"102Y"
,66000,臺中市,66000290,和平區,66000290-002,天輪里,91,56997,626,446,289,755,590.37,94.26,"102Y"
,66000,臺中市,66000290,和平區,66000290-003,博愛里,324,238456,736,458,284,732,2388.07,324.48,"102Y"
,66000,臺中市,66000290,和平區,66000290-004,中坑里,82,42362,517,408,278,587,405.22,78.44,"102Y"
,66000,臺中市,66000290,和平區,66000290-005,自由里,137,87812,641,541,355,849,434.71,67.82,"102Y"
,66000,臺中市,66000290,和平區,66000290-006,達觀里,129,84558,655,534,320,823,508.21,77.53,"102Y"
,66000,臺中市,66000290,和平區,66000290-007,梨山里,212,137072,647,479,288,843,555.78,85.96,"102Y"
,66000,臺中市,66000290,和平區,66000290-008,平等里,93,55980,602,537,335,753,497.86,82.71,"102Y"
X,66000,臺中市,66000290,和平區,66000290-999,其他,1,1386,1386,1386,1386,1386,0,0,"102Y"
,67000,臺南市,67000010,新營區,67000010-001,忠政里,1795,1603290,893,651,387,1107,1252.65,140.24,"102Y"
,67000,臺南市,67000010,新營區,67000010-002,民權里,885,760936,860,622,353,1052,914.97,106.42,"102Y"
,67000,臺南市,67000010,新營區,67000010-003,三仙里,914,718682,786,551,331,983,749.53,95.32,"102Y"
,67000,臺南市,67000010,新營區,67000010-004,好平里,201,141482,704,518,338,907,608.21,86.41,"102Y"
,67000,臺南市,67000010,新營區,67000010-005,延平里,344,213476,621,487,311,811,502.26,80.94,"102Y"
,67000,臺南市,67000010,新營區,67000010-006,永生里,328,294456,898,582,327,1091,1338.14,149.06,"102Y"
,67000,臺南市,67000010,新營區,67000010-007,大宏里,1058,934863,884,661,384,1107,785.85,88.94,"102Y"
,67000,臺南市,67000010,新營區,67000010-008,王公里,1422,1374463,967,636,375,1142,2089.38,216.16,"102Y"
,67000,臺南市,67000010,新營區,67000010-009,中營里,443,408989,923,637,374,1135,1000.43,108.36,"102Y"
,67000,臺南市,67000010,新營區,67000010-010,土庫里,385,289015,751,561,361,912,594.68,79.22,"102Y"
,67000,臺南市,67000010,新營區,67000010-011,興安里,137,108070,789,516,285,905,1036.45,131.39,"102Y"
,67000,臺南市,67000010,新營區,67000010-012,南興里,740,536598,725,590,350,943,563.59,77.72,"102Y"
,67000,臺南市,67000010,新營區,67000010-013,興業里,552,489070,886,652,375,1090,839.2,94.72,"102Y"
,67000,臺南市,67000010,新營區,67000010-014,民生里,1025,811674,792,590,337,1002,691,87.26,"102Y"
,67000,臺南市,67000010,新營區,67000010-015,民榮里,1365,1049128,769,584,340,962,791.44,102.97,"102Y"
,67000,臺南市,67000010,新營區,67000010-016,埤寮里,487,374947,770,575,352,994,650.49,84.49,"102Y"
,67000,臺南市,67000010,新營區,67000010-017,護鎮里,388,275322,710,590,359,939,524.91,73.97,"102Y"
,67000,臺南市,67000010,新營區,67000010-018,太南里,398,284166,714,472,317,776,2311.15,323.7,"102Y"
,67000,臺南市,67000010,新營區,67000010-019,太北里,434,289733,668,512,345,834,552.92,82.82,"102Y"
,67000,臺南市,67000010,新營區,67000010-020,南紙里,1134,814414,718,566,355,928,544.27,75.79,"102Y"
,67000,臺南市,67000010,新營區,67000010-021,嘉芳里,511,362342,709,540,328,904,623.22,87.89,"102Y"
,67000,臺南市,67000010,新營區,67000010-022,舊?里,65,50968,784,677,439,846,719.02,91.7,"102Y"
,67000,臺南市,67000010,新營區,67000010-023,角帶里,101,62664,620,527,336,744,408.64,65.86,"102Y"
,67000,臺南市,67000010,新營區,67000010-024,鐵線里,151,94583,626,515,314,795,502.46,80.22,"102Y"
,67000,臺南市,67000010,新營區,67000010-025,五興里,193,121518,630,477,333,684,569.49,90.45,"102Y"
,67000,臺南市,67000010,新營區,67000010-026,姑爺里,99,63012,636,482,339,791,565.87,88.91,"102Y"
,67000,臺南市,67000010,新營區,67000010-027,新北里,1617,1359628,841,646,378,1110,707.74,84.17,"102Y"
,67000,臺南市,67000010,新營區,67000010-028,新南里,1502,1378940,918,670,373,1181,890.75,97.02,"102Y"
,67000,臺南市,67000010,新營區,67000010-029,新東里,2101,2186660,1041,825,470,1397,842.5,80.95,"102Y"
X,67000,臺南市,67000010,新營區,67000010-999,其他,0,0,0,0,0,0,0,0,"102Y"
,67000,臺南市,67000020,鹽水區,67000020-001,水秀里,392,265856,678,510,329,821,634.51,93.56,"102Y"
,67000,臺南市,67000020,鹽水區,67000020-002,福得里,164,122638,748,534,325,913,664.98,88.93,"102Y"
,67000,臺南市,67000020,鹽水區,67000020-003,三生里,100,71039,710,588,328,888,648.8,91.33,"102Y"
,67000,臺南市,67000020,鹽水區,67000020-004,武廟里,129,95609,741,580,320,931,651.23,87.87,"102Y"
,67000,臺南市,67000020,鹽水區,67000020-005,中境里,155,108877,702,521,330,824,637.77,90.8,"102Y"
,67000,臺南市,67000020,鹽水區,67000020-006,水仙里,85,53242,626,511,346,757,459.62,73.38,"102Y"
,67000,臺南市,67000020,鹽水區,67000020-007,水正里,239,171661,718,549,290,856,689.82,96.04,"102Y"
,67000,臺南市,67000020,鹽水區,67000020-008,橋南里,1023,667210,652,508,321,834,550.2,84.36,"102Y"
,67000,臺南市,67000020,鹽水區,67000020-009,舊營里,193,138089,715,570,365,839,626.3,87.53,"102Y"
,67000,臺南市,67000020,鹽水區,67000020-010,汫水里,196,122287,624,490,334,779,500.43,80.21,"102Y"
,67000,臺南市,67000020,鹽水區,67000020-011,岸內里,993,699352,704,549,342,907,543.1,77.11,"102Y"
,67000,臺南市,67000020,鹽水區,67000020-012,義稠里,194,130087,671,501,353,795,590.5,88.06,"102Y"
,67000,臺南市,67000020,鹽水區,67000020-013,下中里,152,107368,706,545,359,889,518.56,73.41,"102Y"
,67000,臺南市,67000020,鹽水區,67000020-014,歡雅里,352,212977,605,449,306,725,606.8,100.29,"102Y"
,67000,臺南市,67000020,鹽水區,67000020-015,大莊里,107,60336,564,440,284,720,482.48,85.56,"102Y"
,67000,臺南市,67000020,鹽水區,67000020-016,桐寮里,78,52365,671,536,334,822,502.6,74.86,"102Y"
,67000,臺南市,67000020,鹽水區,67000020-017,後宅里,134,83843,626,498,307,827,486.1,77.69,"102Y"
,67000,臺南市,67000020,鹽水區,67000020-018,孫厝里,102,53904,528,418,272,669,398.1,75.33,"102Y"
,67000,臺南市,67000020,鹽水區,67000020-019,竹埔里,148,105160,711,491,313,815,712.83,100.32,"102Y"
,67000,臺南市,67000020,鹽水區,67000020-020,下林里,75,45673,609,433,277,757,572.33,93.98,"102Y"
,67000,臺南市,67000020,鹽水區,67000020-021,田寮里,52,35263,678,525,349,847,545.51,80.44,"102Y"
,67000,臺南市,67000020,鹽水區,67000020-022,大豐里,51,36315,712,543,343,717,794.2,111.53,"102Y"
,67000,臺南市,67000020,鹽水區,67000020-023,飯店里,75,45275,604,535,294,831,409.33,67.81,"102Y"
,67000,臺南市,67000020,鹽水區,67000020-024,河南里,101,63214,626,461,319,726,517.63,82.7,"102Y"
,67000,臺南市,67000020,鹽水區,67000020-025,南港里,190,101162,532,459,314,681,346.85,65.15,"102Y"
X,67000,臺南市,67000020,鹽水區,67000020-999,其他,1,725,725,725,725,725,0,0,"102Y"
,67000,臺南市,67000030,白河區,67000030-001,白河里,393,291614,742,545,320,936,696.66,93.89,"102Y"
,67000,臺南市,67000030,白河區,67000030-002,永安里,829,578120,697,524,299,894,618.88,88.74,"102Y"
,67000,臺南市,67000030,白河區,67000030-003,外角里,308,180853,587,455,286,763,462.39,78.75,"102Y"
,67000,臺南市,67000030,白河區,67000030-004,庄內里,358,242172,676,504,302,817,842.89,124.6,"102Y"
,67000,臺南市,67000030,白河區,67000030-005,秀祐里,222,133480,601,472,279,738,485.72,80.78,"102Y"
,67000,臺南市,67000030,白河區,67000030-006,河東里,266,177516,667,513,309,840,590.91,88.54,"102Y"
,67000,臺南市,67000030,白河區,67000030-007,虎山里,82,57704,704,510,300,826,872.13,123.93,"102Y"
,67000,臺南市,67000030,白河區,67000030-008,大林里,101,66301,656,473,316,880,493.26,75.14,"102Y"
,67000,臺南市,67000030,白河區,67000030-009,崁頭里,66,33533,508,455,220,676,396.43,78.03,"102Y"
,67000,臺南市,67000030,白河區,67000030-010,六溪里,91,55590,611,496,288,695,841.17,137.7,"102Y"
,67000,臺南市,67000030,白河區,67000030-011,仙草里,165,85393,518,420,242,737,386.8,74.74,"102Y"
,67000,臺南市,67000030,白河區,67000030-012,關嶺里,151,98333,651,486,285,731,703,107.95,"102Y"
,67000,臺南市,67000030,白河區,67000030-013,玉豐里,267,157755,591,480,310,731,503.78,85.26,"102Y"
,67000,臺南市,67000030,白河區,67000030-014,大竹里,274,177982,650,510,324,786,622.96,95.9,"102Y"
,67000,臺南市,67000030,白河區,67000030-015,詔安里,165,103360,626,497,324,758,534.13,85.27,"102Y"
,67000,臺南市,67000030,白河區,67000030-016,廣安里,147,103395,703,540,326,968,559.9,79.6,"102Y"
,67000,臺南市,67000030,白河區,67000030-017,蓮潭里,157,97911,624,498,288,779,495.54,79.46,"102Y"
,67000,臺南市,67000030,白河區,67000030-018,竹門里,161,106811,663,520,293,790,660.79,99.6,"102Y"
,67000,臺南市,67000030,白河區,67000030-019,崎內里,144,85242,592,458,298,761,494.28,83.5,"102Y"
,67000,臺南市,67000030,白河區,67000030-020,昇安里,263,173426,659,542,321,784,563.5,85.45,"102Y"
,67000,臺南市,67000030,白河區,67000030-021,汴頭里,91,54263,596,531,342,841,368.85,61.86,"102Y"
,67000,臺南市,67000030,白河區,67000030-022,內角里,156,105978,679,540,334,808,664.54,97.82,"102Y"
,67000,臺南市,67000030,白河區,67000030-023,草店里,174,113944,655,549,332,842,558.86,85.34,"102Y"
,67000,臺南市,67000030,白河區,67000030-024,甘宅里,102,57243,561,468,318,699,384.73,68.55,"102Y"
X,67000,臺南市,67000030,白河區,67000030-999,其他,1,780,780,780,780,780,0,0,"102Y"
,67000,臺南市,67000040,柳營區,67000040-001,士林里,459,372787,812,557,364,950,1108.36,136.47,"102Y"
,67000,臺南市,67000040,柳營區,67000040-002,光福里,543,370336,682,506,333,864,589.53,86.44,"102Y"
,67000,臺南市,67000040,柳營區,67000040-003,中埕里,224,164867,736,550,350,922,602.33,81.84,"102Y"
,67000,臺南市,67000040,柳營區,67000040-004,東昇里,695,507981,731,562,351,914,597.14,81.7,"102Y"
,67000,臺南市,67000040,柳營區,67000040-005,八翁里,351,241082,687,558,343,842,1003.86,146.16,"102Y"
,67000,臺南市,67000040,柳營區,67000040-006,人和里,189,117505,622,495,324,811,473.02,76.08,"102Y"
,67000,臺南市,67000040,柳營區,67000040-007,太康里,384,306211,797,618,381,974,705.78,88.51,"102Y"
,67000,臺南市,67000040,柳營區,67000040-008,重溪里,411,272747,664,542,325,882,499.08,75.21,"102Y"
,67000,臺南市,67000040,柳營區,67000040-009,篤農里,331,214485,648,462,310,762,613.83,94.73,"102Y"
,67000,臺南市,67000040,柳營區,67000040-010,大農里,128,73027,571,444,324,719,411.65,72.15,"102Y"
,67000,臺南市,67000040,柳營區,67000040-011,神農里,301,191490,636,545,327,843,441.82,69.45,"102Y"
,67000,臺南市,67000040,柳營區,67000040-012,果毅里,255,162532,637,526,338,787,456.27,71.59,"102Y"
,67000,臺南市,67000040,柳營區,67000040-013,旭山里,301,187540,623,488,308,706,590.01,94.7,"102Y"
X,67000,臺南市,67000040,柳營區,67000040-999,其他,1,390,390,390,390,390,0,0,"102Y"
,67000,臺南市,67000050,後壁區,67000050-001,後壁里,466,326887,701,516,352,898,568.71,81.07,"102Y"
,67000,臺南市,67000050,後壁區,67000050-002,侯伯里,313,229520,733,551,323,923,636.57,86.81,"102Y"
,67000,臺南市,67000050,後壁區,67000050-003,嘉苳里,286,193893,678,567,360,899,522.49,77.07,"102Y"
,67000,臺南市,67000050,後壁區,67000050-004,土溝里,273,176225,646,509,350,837,438.92,68,"102Y"
,67000,臺南市,67000050,後壁區,67000050-005,嘉田里,257,186647,726,547,357,927,650.6,89.58,"102Y"
,67000,臺南市,67000050,後壁區,67000050-006,嘉民里,257,162516,632,523,344,826,428.75,67.8,"102Y"
,67000,臺南市,67000050,後壁區,67000050-007,菁豊里,181,130324,720,566,355,1018,511.36,71.02,"102Y"
,67000,臺南市,67000050,後壁區,67000050-008,崁頂里,100,69984,700,559,397,762,693.14,99.04,"102Y"
,67000,臺南市,67000050,後壁區,67000050-009,仕安里,103,63878,620,531,369,798,451.77,72.85,"102Y"
,67000,臺南市,67000050,後壁區,67000050-010,竹新里,324,206755,638,533,340,810,513.46,80.46,"102Y"
,67000,臺南市,67000050,後壁區,67000050-011,新東里,373,250149,671,531,355,844,492.58,73.45,"102Y"
,67000,臺南市,67000050,後壁區,67000050-012,頂安里,322,224676,698,553,359,876,526.95,75.52,"102Y"
,67000,臺南市,67000050,後壁區,67000050-013,長安里,315,221390,703,571,343,923,497.64,70.81,"102Y"
,67000,臺南市,67000050,後壁區,67000050-014,福安里,308,242256,787,520,315,871,1411.34,179.43,"102Y"
,67000,臺南市,67000050,後壁區,67000050-015,烏樹里,157,119527,761,517,279,884,1032.98,135.68,"102Y"
,67000,臺南市,67000050,後壁區,67000050-016,後?里,85,65146,766,602,390,964,561.86,73.31,"102Y"
,67000,臺南市,67000050,後壁區,67000050-017,墨林里,176,120093,682,525,362,882,501.59,73.51,"102Y"
,67000,臺南市,67000050,後壁區,67000050-018,菁寮里,83,59165,713,659,359,1017,514.65,72.2,"102Y"
,67000,臺南市,67000050,後壁區,67000050-019,新嘉里,172,116787,679,534,351,903,549.63,80.95,"102Y"
,67000,臺南市,67000050,後壁區,67000050-020,頂長里,100,65697,657,507,350,804,473.52,72.08,"102Y"
,67000,臺南市,67000050,後壁區,67000050-021,平安里,243,162985,671,552,340,877,525,78.27,"102Y"
X,67000,臺南市,67000050,後壁區,67000050-999,其他,0,0,0,0,0,0,0,0,"102Y"
,67000,臺南市,67000060,東山區,67000060-001,東山里,304,187853,618,490,300,794,506.09,81.9,"102Y"
,67000,臺南市,67000060,東山區,67000060-002,東中里,568,403670,711,500,294,835,784.92,110.45,"102Y"
,67000,臺南市,67000060,東山區,67000060-003,東正里,310,186492,602,478,314,761,453.85,75.44,"102Y"
,67000,臺南市,67000060,東山區,67000060-004,三榮里,165,101095,613,431,248,789,715.82,116.83,"102Y"
,67000,臺南市,67000060,東山區,67000060-005,大客里,176,111838,635,538,347,855,400.97,63.1,"102Y"
,67000,臺南市,67000060,東山區,67000060-006,科里里,214,145047,678,525,311,872,577.01,85.13,"102Y"
,67000,臺南市,67000060,東山區,67000060-007,東河里,172,97701,568,409,302,699,459.27,80.85,"102Y"
,67000,臺南市,67000060,東山區,67000060-008,南溪里,79,47561,602,459,312,813,455.35,75.63,"102Y"
,67000,臺南市,67000060,東山區,67000060-009,水雲里,61,38217,627,479,259,792,507.16,80.95,"102Y"
,67000,臺南市,67000060,東山區,67000060-010,林安里,67,38350,572,451,319,803,399.45,69.79,"102Y"
,67000,臺南市,67000060,東山區,67000060-011,東原里,381,226262,594,477,298,733,472.12,79.5,"102Y"
,67000,臺南市,67000060,東山區,67000060-012,嶺南里,96,50819,529,425,312,636,454.79,85.91,"102Y"
,67000,臺南市,67000060,東山區,67000060-013,南勢里,163,94035,577,457,299,756,464.91,80.59,"102Y"
,67000,臺南市,67000060,東山區,67000060-014,青山里,164,92990,567,480,272,677,507.73,89.54,"102Y"
,67000,臺南市,67000060,東山區,67000060-015,高原里,166,85766,517,411,229,662,424.78,82.22,"102Y"
,67000,臺南市,67000060,東山區,67000060-016,聖賢里,411,283541,690,552,356,868,545.97,79.14,"102Y"
X,67000,臺南市,67000060,東山區,67000060-999,其他,0,0,0,0,0,0,0,0,"102Y"
,67000,臺南市,67000070,麻豆區,67000070-001,穀興里,211,177001,839,563,317,1097,835.92,99.65,"102Y"
,67000,臺南市,67000070,麻豆區,67000070-002,保安里,167,131502,787,571,334,933,797.22,101.24,"102Y"
,67000,臺南市,67000070,麻豆區,67000070-003,東角里,903,725835,804,628,353,1052,672.21,83.63,"102Y"
,67000,臺南市,67000070,麻豆區,67000070-004,?江里,775,580561,749,564,335,916,692.08,92.39,"102Y"
,67000,臺南市,67000070,麻豆區,67000070-005,巷口里,492,392664,798,595,369,1049,750.01,93.97,"102Y"
,67000,臺南市,67000070,麻豆區,67000070-006,中興里,628,497479,792,611,369,998,718.31,90.68,"102Y"
,67000,臺南市,67000070,麻豆區,67000070-007,興農里,481,358030,744,556,345,926,645.68,86.74,"102Y"
,67000,臺南市,67000070,麻豆區,67000070-008,新建里,362,282596,781,568,352,953,733.95,94.02,"102Y"
,67000,臺南市,67000070,麻豆區,67000070-009,油車里,1116,845225,757,592,355,971,715.55,94.48,"102Y"
,67000,臺南市,67000070,麻豆區,67000070-010,北勢里,237,166535,703,521,323,850,742.37,105.65,"102Y"
,67000,臺南市,67000070,麻豆區,67000070-011,大埕里,868,638400,735,578,332,911,677.53,92.12,"102Y"
,67000,臺南市,67000070,麻豆區,67000070-012,總榮里,195,137973,708,548,356,844,554.71,78.4,"102Y"
,67000,臺南市,67000070,麻豆區,67000070-013,龍泉里,214,140106,655,537,346,855,478.59,73.1,"102Y"
,67000,臺南市,67000070,麻豆區,67000070-014,南勢里,706,538590,763,560,351,948,683.64,89.61,"102Y"
,67000,臺南市,67000070,麻豆區,67000070-015,寮?里,450,292953,651,512,326,827,523.18,80.36,"102Y"
,67000,臺南市,67000070,麻豆區,67000070-016,小埤里,265,172242,650,519,346,810,508.64,78.26,"102Y"
,67000,臺南市,67000070,麻豆區,67000070-017,埤頭里,332,220253,663,512,342,839,523.96,78.98,"102Y"
,67000,臺南市,67000070,麻豆區,67000070-018,大山里,154,105824,687,561,364,831,503.76,73.31,"102Y"
,67000,臺南市,67000070,麻豆區,67000070-019,海埔里,261,168334,645,506,333,781,574.39,89.06,"102Y"
,67000,臺南市,67000070,麻豆區,67000070-020,莊禮里,99,63679,643,431,292,764,654.13,101.7,"102Y"
,67000,臺南市,67000070,麻豆區,67000070-021,港尾里,284,254143,895,525,333,1019,1059.37,118.38,"102Y"
,67000,臺南市,67000070,麻豆區,67000070-022,麻口里,269,163938,609,471,317,700,502.49,82.45,"102Y"
,67000,臺南市,67000070,麻豆區,67000070-023,安東里,157,122853,783,531,301,990,859.77,109.87,"102Y"
,67000,臺南市,67000070,麻豆區,67000070-024,安業里,167,117830,706,596,349,882,527.44,74.75,"102Y"
,67000,臺南市,67000070,麻豆區,67000070-025,安西里,178,107139,602,494,328,769,526.12,87.41,"102Y"
,67000,臺南市,67000070,麻豆區,67000070-026,謝安里,233,152928,656,520,356,815,499.25,76.07,"102Y"
,67000,臺南市,67000070,麻豆區,67000070-027,中民里,198,142263,719,557,345,882,609.95,84.89,"102Y"
,67000,臺南市,67000070,麻豆區,67000070-028,安正里,230,139638,607,508,328,751,428.62,70.6,"102Y"
,67000,臺南市,67000070,麻豆區,67000070-029,磚井里,305,191907,629,485,320,791,540.84,85.96,"102Y"
X,67000,臺南市,67000070,麻豆區,67000070-999,其他,0,0,0,0,0,0,0,0,"102Y"
,67000,臺南市,67000080,下營區,67000080-001,下營里,239,162872,681,556,294,869,607.41,89.13,"102Y"
,67000,臺南市,67000080,下營區,67000080-002,仁里里,743,509538,686,557,347,861,580.02,84.58,"102Y"
,67000,臺南市,67000080,下營區,67000080-003,宅內里,236,145922,618,498,325,816,433.98,70.19,"102Y"
,67000,臺南市,67000080,下營區,67000080-004,後街里,393,261098,664,526,339,793,536.28,80.72,"102Y"
,67000,臺南市,67000080,下營區,67000080-005,新興里,637,445383,699,546,353,910,524.5,75.02,"102Y"
,67000,臺南市,67000080,下營區,67000080-006,營前里,575,421940,734,563,352,1022,574.33,78.27,"102Y"
,67000,臺南市,67000080,下營區,67000080-007,大屯里,192,114035,594,473,312,771,464.19,78.16,"102Y"
,67000,臺南市,67000080,下營區,67000080-008,大埤里,138,91214,661,581,315,905,497.77,75.31,"102Y"
,67000,臺南市,67000080,下營區,67000080-009,茅港里,305,206785,678,496,318,824,714.25,105.35,"102Y"
,67000,臺南市,67000080,下營區,67000080-010,中營里,280,189676,677,564,332,846,552.56,81.57,"102Y"
,67000,臺南市,67000080,下營區,67000080-011,開化里,504,346838,688,537,347,900,593,86.17,"102Y"
,67000,臺南市,67000080,下營區,67000080-012,西連里,190,131219,691,553,326,876,532.14,77.05,"102Y"
,67000,臺南市,67000080,下營區,67000080-013,賀建里,304,186049,612,476,325,768,475.31,77.66,"102Y"
,67000,臺南市,67000080,下營區,67000080-014,甲中里,221,159090,720,506,330,930,640.12,88.92,"102Y"
,67000,臺南市,67000080,下營區,67000080-015,紅厝里,272,197833,727,540,338,821,675.76,92.91,"102Y"
X,67000,臺南市,67000080,下營區,67000080-999,其他,1,430,430,430,430,430,0,0,"102Y"
,67000,臺南市,67000090,六甲區,67000090-001,六甲里,828,610179,737,576,353,918,639.4,86.77,"102Y"
,67000,臺南市,67000090,六甲區,67000090-002,甲東里,718,479605,668,522,336,828,541.33,81.04,"102Y"
,67000,臺南市,67000090,六甲區,67000090-003,甲南里,413,283573,687,559,347,887,518.07,75.45,"102Y"
,67000,臺南市,67000090,六甲區,67000090-004,龍湖里,272,180267,663,539,328,822,529.69,79.92,"102Y"
,67000,臺南市,67000090,六甲區,67000090-005,七甲里,251,176779,704,516,330,853,593.62,84.28,"102Y"
,67000,臺南市,67000090,六甲區,67000090-006,二甲里,905,638016,705,553,367,898,579.61,82.21,"102Y"
,67000,臺南市,67000090,六甲區,67000090-007,水林里,606,407661,673,545,355,842,504.08,74.93,"102Y"
,67000,臺南市,67000090,六甲區,67000090-008,中社里,431,296641,688,552,336,883,546.99,79.47,"102Y"
,67000,臺南市,67000090,六甲區,67000090-009,龜港里,305,216477,710,592,373,891,587.22,82.73,"102Y"
,67000,臺南市,67000090,六甲區,67000090-010,菁埔里,123,84455,687,548,359,821,512.12,74.58,"102Y"
,67000,臺南市,67000090,六甲區,67000090-011,王爺里,148,94975,642,516,336,797,510.75,79.59,"102Y"
,67000,臺南市,67000090,六甲區,67000090-012,大丘里,89,54050,607,490,306,799,664.49,109.42,"102Y"
X,67000,臺南市,67000090,六甲區,67000090-999,其他,1,646,646,646,646,646,0,0,"102Y"
,67000,臺南市,67000100,官田區,67000100-001,官田里,556,392969,707,554,363,923,640.56,90.63,"102Y"
,67000,臺南市,67000100,官田區,67000100-002,二鎮里,940,640825,682,538,341,874,530.62,77.83,"102Y"
,67000,臺南市,67000100,官田區,67000100-003,湖山里,234,159385,681,498,338,879,549.03,80.6,"102Y"
,67000,臺南市,67000100,官田區,67000100-004,嘉南里,71,51880,731,532,338,905,739.14,101.15,"102Y"
,67000,臺南市,67000100,官田區,67000100-005,大崎里,76,53057,698,537,280,978,686.95,98.4,"102Y"
,67000,臺南市,67000100,官田區,67000100-006,隆田里,574,405226,706,550,338,908,604.43,85.62,"102Y"
,67000,臺南市,67000100,官田區,67000100-007,隆本里,912,623452,684,542,356,883,535.93,78.4,"102Y"
,67000,臺南市,67000100,官田區,67000100-008,南?里,306,179925,588,484,319,741,421.89,71.75,"102Y"
,67000,臺南市,67000100,官田區,67000100-009,東庄里,327,224003,685,552,342,873,526.66,76.88,"102Y"
,67000,臺南市,67000100,官田區,67000100-010,西庄里,166,107601,648,498,322,805,516.9,79.74,"102Y"
,67000,臺南市,67000100,官田區,67000100-011,拔林里,125,77985,624,457,305,839,537.28,86.12,"102Y"
,67000,臺南市,67000100,官田區,67000100-012,渡頭里,554,368263,665,526,323,826,606.12,91.18,"102Y"
,67000,臺南市,67000100,官田區,67000100-013,社子里,199,126830,637,516,342,798,465.84,73.09,"102Y"
X,67000,臺南市,67000100,官田區,67000100-999,其他,0,0,0,0,0,0,0,0,"102Y"
,67000,臺南市,67000110,大內區,67000110-001,石湖里,223,130542,585,443,300,774,495.71,84.68,"102Y"
,67000,臺南市,67000110,大內區,67000110-002,石林里,142,83359,587,432,291,820,478.07,81.44,"102Y"
,67000,臺南市,67000110,大內區,67000110-003,石城里,380,243340,640,520,338,815,465.18,72.64,"102Y"
,67000,臺南市,67000110,大內區,67000110-004,內江里,233,154886,665,519,315,888,557.25,83.83,"102Y"
,67000,臺南市,67000110,大內區,67000110-005,大內里,206,133896,650,520,315,855,487.51,75,"102Y"
,67000,臺南市,67000110,大內區,67000110-006,內郭里,143,85487,598,488,322,713,539.3,90.21,"102Y"
,67000,臺南市,67000110,大內區,67000110-007,頭社里,192,105820,551,501,331,705,345.89,62.76,"102Y"
,67000,臺南市,67000110,大內區,67000110-008,環湖里,100,64468,645,496,305,810,660.71,102.49,"102Y"
,67000,臺南市,67000110,大內區,67000110-009,二溪里,164,108742,663,460,319,807,637.18,96.1,"102Y"
,67000,臺南市,67000110,大內區,67000110-010,曲溪里,113,60945,539,497,351,681,290.48,53.86,"102Y"
X,67000,臺南市,67000110,大內區,67000110-999,其他,0,0,0,0,0,0,0,0,"102Y"
,67000,臺南市,67000120,佳里區,67000120-001,東寧里,537,405073,754,538,317,909,826.41,109.56,"102Y"
,67000,臺南市,67000120,佳里區,67000120-002,忠仁里,782,553262,707,541,345,908,574.92,81.26,"102Y"
,67000,臺南市,67000120,佳里區,67000120-003,鎮山里,1658,1106611,667,516,340,823,554.46,83.07,"102Y"
,67000,臺南市,67000120,佳里區,67000120-004,建南里,2433,1871217,769,570,343,975,722.74,93.97,"102Y"
,67000,臺南市,67000120,佳里區,67000120-005,安西里,3548,2757882,777,563,341,962,868.53,111.74,"102Y"
,67000,臺南市,67000120,佳里區,67000120-006,六安里,1305,1037212,795,587,364,999,684.4,86.11,"102Y"
,67000,臺南市,67000120,佳里區,67000120-007,佳化里,587,384618,655,473,324,782,584.69,89.23,"102Y"
,67000,臺南市,67000120,佳里區,67000120-008,禮化里,257,204861,797,493,328,867,2249.13,282.16,"102Y"
,67000,臺南市,67000120,佳里區,67000120-009,興化里,316,214305,678,560,347,854,536.99,79.18,"102Y"
,67000,臺南市,67000120,佳里區,67000120-010,營頂里,147,113765,774,591,367,858,824.01,106.47,"102Y"
,67000,臺南市,67000120,佳里區,67000120-011,溪州里,83,55123,664,441,311,807,604.24,90.98,"102Y"
,67000,臺南市,67000120,佳里區,67000120-012,海澄里,365,233423,640,468,309,841,558.55,87.34,"102Y"
,67000,臺南市,67000120,佳里區,67000120-013,漳洲里,154,79822,518,437,293,642,342.07,66,"102Y"
,67000,臺南市,67000120,佳里區,67000120-014,頂?里,213,137838,647,500,333,878,495.73,76.6,"102Y"
,67000,臺南市,67000120,佳里區,67000120-015,嘉福里,193,114379,593,442,300,763,567.71,95.79,"102Y"
,67000,臺南市,67000120,佳里區,67000120-016,通興里,189,105436,558,427,313,636,472.65,84.73,"102Y"
,67000,臺南市,67000120,佳里區,67000120-017,蚶寮里,151,81371,539,453,309,733,335.99,62.35,"102Y"
,67000,臺南市,67000120,佳里區,67000120-018,龍安里,256,171797,671,434,280,750,840.59,125.26,"102Y"
,67000,臺南市,67000120,佳里區,67000120-019,民安里,363,230683,635,498,332,770,514.51,80.96,"102Y"
,67000,臺南市,67000120,佳里區,67000120-020,子龍里,323,206093,638,493,292,884,538.47,84.39,"102Y"
,67000,臺南市,67000120,佳里區,67000120-021,三協里,228,182165,799,528,346,891,974.51,121.97,"102Y"
X,67000,臺南市,67000120,佳里區,67000120-999,其他,7,2660,380,480,230,537,194.64,51.22,"102Y"
,67000,臺南市,67000130,學甲區,67000130-001,仁得里,1150,760092,661,510,320,825,581.81,88.03,"102Y"
,67000,臺南市,67000130,學甲區,67000130-002,新榮里,572,378274,661,504,331,826,512.31,77.47,"102Y"
,67000,臺南市,67000130,學甲區,67000130-003,光華里,293,168329,575,459,308,740,456.79,79.51,"102Y"
,67000,臺南市,67000130,學甲區,67000130-004,宅港里,172,108613,631,530,329,795,457.83,72.5,"102Y"
,67000,臺南市,67000130,學甲區,67000130-005,慈福里,507,351103,693,546,320,864,610.69,88.18,"102Y"
,67000,臺南市,67000130,學甲區,67000130-006,秀昌里,622,433214,696,507,342,826,1052.5,151.12,"102Y"
,67000,臺南市,67000130,學甲區,67000130-007,明宜里,534,371600,696,496,298,849,864.31,124.2,"102Y"
,67000,臺南市,67000130,學甲區,67000130-008,豐和里,272,157973,581,469,328,722,433.81,74.69,"102Y"
,67000,臺南市,67000130,學甲區,67000130-009,平和里,210,117654,560,463,283,699,441.71,78.84,"102Y"
,67000,臺南市,67000130,學甲區,67000130-010,新達里,558,362577,650,503,315,796,557.6,85.81,"102Y"
,67000,臺南市,67000130,學甲區,67000130-011,大灣里,281,192767,686,491,324,849,656.11,95.64,"102Y"
,67000,臺南市,67000130,學甲區,67000130-012,三慶里,306,185780,607,525,293,764,473.32,77.96,"102Y"
,67000,臺南市,67000130,學甲區,67000130-013,中洲里,361,225456,625,485,309,745,635.68,101.78,"102Y"
X,67000,臺南市,67000130,學甲區,67000130-999,其他,0,0,0,0,0,0,0,0,"102Y"
,67000,臺南市,67000140,西港區,67000140-001,西港里,874,605718,693,540,349,848,601.28,86.76,"102Y"
,67000,臺南市,67000140,西港區,67000140-002,南海里,598,366080,612,484,305,778,503.32,82.22,"102Y"
,67000,臺南市,67000140,西港區,67000140-003,港東里,358,209755,586,449,311,708,516.86,88.22,"102Y"
,67000,臺南市,67000140,西港區,67000140-004,檨林里,318,177778,559,460,302,701,435.73,77.94,"102Y"
,67000,臺南市,67000140,西港區,67000140-005,後營里,334,205981,617,487,318,768,463.13,75.1,"102Y"
,67000,臺南市,67000140,西港區,67000140-006,營西里,301,208939,694,541,350,836,591.03,85.15,"102Y"
,67000,臺南市,67000140,西港區,67000140-007,金砂里,178,117351,659,509,351,774,671.12,101.8,"102Y"
,67000,臺南市,67000140,西港區,67000140-008,劉厝里,277,155574,562,470,329,719,375.87,66.92,"102Y"
,67000,臺南市,67000140,西港區,67000140-009,竹林里,237,142394,601,478,292,764,489.63,81.49,"102Y"
,67000,臺南市,67000140,西港區,67000140-010,永樂里,187,105872,566,448,300,665,525.54,92.82,"102Y"
,67000,臺南市,67000140,西港區,67000140-011,新復里,193,117806,610,456,282,723,570.92,93.53,"102Y"
,67000,臺南市,67000140,西港區,67000140-012,慶安里,1243,815819,656,502,313,832,573.18,87.33,"102Y"
X,67000,臺南市,67000140,西港區,67000140-999,其他,0,0,0,0,0,0,0,0,"102Y"
,67000,臺南市,67000150,七股區,67000150-001,後港里,103,54328,527,447,273,681,421.66,79.94,"102Y"
,67000,臺南市,67000150,七股區,67000150-002,大潭里,134,70423,526,419,288,643,408.12,77.66,"102Y"
,67000,臺南市,67000150,七股區,67000150-003,城內里,73,54724,750,546,331,1018,825.6,110.13,"102Y"
,67000,臺南市,67000150,七股區,67000150-004,篤加里,148,101996,689,484,334,708,1071.82,155.53,"102Y"
,67000,臺南市,67000150,七股區,67000150-005,頂山里,124,70506,569,420,292,651,575.9,101.28,"102Y"
,67000,臺南市,67000150,七股區,67000150-006,西寮里,52,29537,568,503,253,718,449.95,79.21,"102Y"
,67000,臺南市,67000150,七股區,67000150-007,?埕里,48,32789,683,549,308,807,547.74,80.19,"102Y"
,67000,臺南市,67000150,七股區,67000150-008,龍山里,266,146647,551,423,297,649,458.8,83.22,"102Y"
,67000,臺南市,67000150,七股區,67000150-009,溪南里,59,46353,786,532,307,1041,804.38,102.39,"102Y"
,67000,臺南市,67000150,七股區,67000150-010,七股里,206,124059,602,512,305,763,428.46,71.15,"102Y"
,67000,臺南市,67000150,七股區,67000150-011,玉成里,170,100116,589,440,278,741,534.27,90.72,"102Y"
,67000,臺南市,67000150,七股區,67000150-012,大埕里,393,229203,583,487,317,701,450.75,77.29,"102Y"
,67000,臺南市,67000150,七股區,67000150-013,大寮里,193,109408,567,466,318,658,552.47,97.46,"102Y"
,67000,臺南市,67000150,七股區,67000150-014,看坪里,127,71892,566,446,303,675,447.96,79.13,"102Y"
,67000,臺南市,67000150,七股區,67000150-015,樹林里,245,147888,604,467,323,721,471.69,78.14,"102Y"
,67000,臺南市,67000150,七股區,67000150-016,竹港里,138,80097,580,481,312,711,515.22,88.77,"102Y"
,67000,臺南市,67000150,七股區,67000150-017,中寮里,114,65882,578,439,295,656,542.64,93.9,"102Y"
,67000,臺南市,67000150,七股區,67000150-018,竹橋里,128,78174,611,494,326,766,418.84,68.58,"102Y"
,67000,臺南市,67000150,七股區,67000150-019,義合里,229,145755,636,499,325,786,486.48,76.43,"102Y"
,67000,臺南市,67000150,七股區,67000150-020,?榔里,144,76122,529,418,250,668,426.75,80.73,"102Y"
,67000,臺南市,67000150,七股區,67000150-021,永吉里,172,96017,558,448,316,693,396.18,70.97,"102Y"
,67000,臺南市,67000150,七股區,67000150-022,三股里,206,118775,577,485,324,741,425.33,73.77,"102Y"
,67000,臺南市,67000150,七股區,67000150-023,十份里,196,110308,563,455,282,655,619.77,110.12,"102Y"
X,67000,臺南市,67000150,七股區,67000150-999,其他,0,0,0,0,0,0,0,0,"102Y"
,67000,臺南市,67000160,將軍區,67000160-001,長榮里,281,155724,554,446,292,733,403.74,72.85,"102Y"
,67000,臺南市,67000160,將軍區,67000160-002,西華里,350,221611,633,503,338,761,499.01,78.81,"102Y"
,67000,臺南市,67000160,將軍區,67000160-003,西和里,196,117716,601,479,302,737,474.95,79.08,"102Y"
,67000,臺南市,67000160,將軍區,67000160-004,忠興里,404,236752,586,472,295,783,423.43,72.26,"102Y"
,67000,臺南市,67000160,將軍區,67000160-005,嘉昌里,154,95946,623,518,334,729,466.85,74.93,"102Y"
,67000,臺南市,67000160,將軍區,67000160-006,保源里,204,114598,562,433,309,625,486.9,86.68,"102Y"
,67000,臺南市,67000160,將軍區,67000160-007,苓和里,230,150246,653,514,341,776,600.34,91.9,"102Y"
,67000,臺南市,67000160,將軍區,67000160-008,仁和里,114,72816,639,514,354,772,500.2,78.31,"102Y"
,67000,臺南市,67000160,將軍區,67000160-009,北埔里,88,51092,581,443,327,693,452.42,77.92,"102Y"
,67000,臺南市,67000160,將軍區,67000160-010,將富里,122,75933,622,461,281,779,660.28,106.09,"102Y"
,67000,臺南市,67000160,將軍區,67000160-011,將貴里,92,55876,607,452,301,713,531.3,87.48,"102Y"
,67000,臺南市,67000160,將軍區,67000160-012,三吉里,70,40659,581,509,349,704,393.75,67.79,"102Y"
,67000,臺南市,67000160,將軍區,67000160-013,玉山里,119,71991,605,447,318,671,787.3,130.14,"102Y"
,67000,臺南市,67000160,將軍區,67000160-014,廣山里,80,50036,625,435,305,782,552.98,88.41,"102Y"
,67000,臺南市,67000160,將軍區,67000160-015,長沙里,255,125805,493,420,275,624,340.28,68.97,"102Y"
,67000,臺南市,67000160,將軍區,67000160-016,平沙里,187,104063,556,421,280,743,429.56,77.19,"102Y"
,67000,臺南市,67000160,將軍區,67000160-017,鯤鯓里,352,208905,593,499,349,751,411.67,69.36,"102Y"
,67000,臺南市,67000160,將軍區,67000160-018,鯤溟里,127,70025,551,449,295,709,416.31,75.5,"102Y"
X,67000,臺南市,67000160,將軍區,67000160-999,其他,0,0,0,0,0,0,0,0,"102Y"
,67000,臺南市,67000170,北門區,67000170-001,保吉里,314,181153,577,424,286,684,589.62,102.2,"102Y"
,67000,臺南市,67000170,北門區,67000170-002,雙春里,86,45987,535,439,261,699,452.49,84.62,"102Y"
,67000,臺南市,67000170,北門區,67000170-003,東壁里,168,98730,588,465,311,689,479.74,81.63,"102Y"
,67000,臺南市,67000170,北門區,67000170-004,鯤江里,159,97115,611,457,299,702,590.24,96.64,"102Y"
,67000,臺南市,67000170,北門區,67000170-005,北門里,151,87960,583,466,299,711,497.89,85.47,"102Y"
,67000,臺南市,67000170,北門區,67000170-006,錦湖里,153,102762,672,511,346,771,626.81,93.32,"102Y"
,67000,臺南市,67000170,北門區,67000170-007,三光里,206,128824,625,505,342,753,534.11,85.41,"102Y"
,67000,臺南市,67000170,北門區,67000170-008,仁里里,123,74755,608,465,285,706,561.73,92.43,"102Y"
,67000,臺南市,67000170,北門區,67000170-009,玉港里,134,88533,661,521,327,775,530.57,80.3,"102Y"
,67000,臺南市,67000170,北門區,67000170-010,中樞里,144,84657,588,445,294,642,562.77,95.73,"102Y"
,67000,臺南市,67000170,北門區,67000170-011,慈安里,130,81379,626,502,324,763,478.7,76.47,"102Y"
,67000,臺南市,67000170,北門區,67000170-012,永華里,62,39950,644,538,356,773,494.1,76.68,"102Y"
,67000,臺南市,67000170,北門區,67000170-013,永隆里,82,49541,604,512,311,792,433.36,71.73,"102Y"
X,67000,臺南市,67000170,北門區,67000170-999,其他,0,0,0,0,0,0,0,0,"102Y"
,67000,臺南市,67000180,新化區,67000180-001,武安里,561,415306,740,538,323,906,793.11,107.13,"102Y"
,67000,臺南市,67000180,新化區,67000180-002,東榮里,1109,801513,723,521,323,895,750.83,103.89,"102Y"
,67000,臺南市,67000180,新化區,67000180-003,護國里,514,374009,728,557,347,909,623.53,85.69,"102Y"
,67000,臺南市,67000180,新化區,67000180-004,太平里,1145,820868,717,534,324,909,641.74,89.51,"102Y"
,67000,臺南市,67000180,新化區,67000180-005,中央里,114,76688,673,532,300,835,567.45,84.35,"102Y"
,67000,臺南市,67000180,新化區,67000180-006,觀音里,138,100910,731,549,300,873,852.55,116.59,"102Y"
,67000,臺南市,67000180,新化區,67000180-007,竹林里,103,66824,649,519,297,876,502.38,77.43,"102Y"
,67000,臺南市,67000180,新化區,67000180-008,清水里,270,173024,641,509,306,813,582.13,90.84,"102Y"
,67000,臺南市,67000180,新化區,67000180-009,協興里,998,663544,665,497,325,795,588.03,88.44,"102Y"
,67000,臺南市,67000180,新化區,67000180-010,唪口里,561,394669,704,550,322,881,584.84,83.13,"102Y"
,67000,臺南市,67000180,新化區,67000180-011,北勢里,412,263210,639,528,336,841,431.04,67.47,"102Y"
,67000,臺南市,67000180,新化區,67000180-012,豐榮里,832,602545,724,539,340,915,586.87,81.04,"102Y"
,67000,臺南市,67000180,新化區,67000180-013,全興里,766,670805,876,639,349,1121,783.91,89.52,"102Y"
,67000,臺南市,67000180,新化區,67000180-014,崙頂里,461,316618,687,540,324,885,578.23,84.19,"102Y"
,67000,臺南市,67000180,新化區,67000180-015,知義里,444,282347,636,483,288,770,608.94,95.76,"102Y"
,67000,臺南市,67000180,新化區,67000180-016,山?里,385,252286,655,486,311,826,581.79,88.78,"102Y"
,67000,臺南市,67000180,新化區,67000180-017,大坑里,66,41104,623,466,313,780,518.48,83.25,"102Y"
,67000,臺南市,67000180,新化區,67000180-018,??拔里,527,342986,651,487,315,840,536.48,82.43,"102Y"
,67000,臺南市,67000180,新化區,67000180-019,羊林里,189,118280,626,491,291,846,494.28,78.98,"102Y"
,67000,臺南市,67000180,新化區,67000180-020,礁坑里,162,106653,658,497,323,687,878.36,133.42,"102Y"
X,67000,臺南市,67000180,新化區,67000180-999,其他,0,0,0,0,0,0,0,0,"102Y"
,67000,臺南市,67000190,善化區,67000190-001,東關里,329,328151,997,741,397,1416,916.17,91.85,"102Y"
,67000,臺南市,67000190,善化區,67000190-002,坐駕里,1260,1110786,882,652,379,1154,795.99,90.29,"102Y"
,67000,臺南市,67000190,善化區,67000190-003,光文里,1850,1700599,919,675,381,1180,823.77,89.61,"102Y"
,67000,臺南市,67000190,善化區,67000190-004,文昌里,778,632760,813,607,349,1017,746.32,91.76,"102Y"
,67000,臺南市,67000190,善化區,67000190-005,南關里,491,399656,814,572,355,974,904.21,111.09,"102Y"
,67000,臺南市,67000190,善化區,67000190-006,西關里,186,128994,694,565,333,952,497.49,71.73,"102Y"
,67000,臺南市,67000190,善化區,67000190-007,北關里,137,103460,755,537,319,965,680.3,90.08,"102Y"
,67000,臺南市,67000190,善化區,67000190-008,文正里,476,427843,899,650,387,1151,791.19,88.02,"102Y"
,67000,臺南市,67000190,善化區,67000190-009,胡家里,307,199382,649,506,341,857,446.73,68.79,"102Y"
,67000,臺南市,67000190,善化區,67000190-010,胡厝里,419,299980,716,546,360,841,646.54,90.31,"102Y"
,67000,臺南市,67000190,善化區,67000190-011,什乃里,334,235499,705,587,355,926,488.48,69.28,"102Y"
,67000,臺南市,67000190,善化區,67000190-012,溪美里,521,543163,1043,661,389,1133,1732.16,166.15,"102Y"
,67000,臺南市,67000190,善化區,67000190-013,六分里,168,124902,743,593,389,969,536.87,72.21,"102Y"
,67000,臺南市,67000190,善化區,67000190-014,六德里,259,174834,675,490,353,772,633.26,93.81,"102Y"
,67000,臺南市,67000190,善化區,67000190-015,田寮里,444,309230,696,567,362,881,519.65,74.61,"102Y"
,67000,臺南市,67000190,善化區,67000190-016,東隆里,219,162834,744,532,343,873,790.25,106.28,"102Y"
,67000,臺南市,67000190,善化區,67000190-017,東昌里,237,162942,688,552,364,812,539.12,78.42,"102Y"
,67000,臺南市,67000190,善化區,67000190-018,牛庄里,452,395861,876,541,341,973,2838.04,324.05,"102Y"
,67000,臺南市,67000190,善化區,67000190-019,嘉北里,384,277722,723,543,359,892,618.04,85.46,"102Y"
,67000,臺南市,67000190,善化區,67000190-020,嘉南里,260,182505,702,535,345,873,585.08,83.35,"102Y"
,67000,臺南市,67000190,善化區,67000190-021,小新里,1818,1783951,981,773,446,1289,818.24,83.39,"102Y"
X,67000,臺南市,67000190,善化區,67000190-999,其他,0,0,0,0,0,0,0,0,"102Y"
,67000,臺南市,67000200,新市區,67000200-001,新市里,848,623046,735,557,340,926,614.47,83.63,"102Y"
,67000,臺南市,67000200,新市區,67000200-002,新和里,2056,1580014,768,556,346,946,901.2,117.27,"102Y"
,67000,臺南市,67000200,新市區,67000200-003,社內里,622,458126,737,565,349,942,609.93,82.81,"102Y"
,67000,臺南市,67000200,新市區,67000200-004,大洲里,180,114012,633,506,324,772,503.76,79.53,"102Y"
,67000,臺南市,67000200,新市區,67000200-005,豐華里,251,151974,605,453,292,735,635.06,104.89,"102Y"
,67000,臺南市,67000200,新市區,67000200-006,三舍里,449,406648,906,563,356,1069,1186.34,130.99,"102Y"
,67000,臺南市,67000200,新市區,67000200-007,大營里,962,702507,730,558,341,917,622.28,85.21,"102Y"
,67000,臺南市,67000200,新市區,67000200-008,大社里,1302,1026823,789,606,368,980,1454.14,184.38,"102Y"
,67000,臺南市,67000200,新市區,67000200-009,潭頂里,486,322003,663,518,319,863,520.18,78.51,"102Y"
,67000,臺南市,67000200,新市區,67000200-010,港墘里,1086,693199,638,497,326,785,504.34,79.01,"102Y"
,67000,臺南市,67000200,新市區,67000200-011,永就里,907,657289,725,555,345,921,569.26,78.55,"102Y"
X,67000,臺南市,67000200,新市區,67000200-999,其他,0,0,0,0,0,0,0,0,"102Y"
,67000,臺南市,67000210,安定區,67000210-001,蘇林里,541,361758,669,524,343,843,507.86,75.95,"102Y"
,67000,臺南市,67000210,安定區,67000210-002,蘇厝里,535,364127,681,551,349,873,491.96,72.28,"102Y"
,67000,臺南市,67000210,安定區,67000210-003,安定里,382,269577,706,553,344,873,550.52,78.01,"102Y"
,67000,臺南市,67000210,安定區,67000210-004,安加里,327,256279,784,585,370,1021,678.52,86.58,"102Y"
,67000,臺南市,67000210,安定區,67000210-005,保西里,198,142334,719,554,363,862,602.7,83.84,"102Y"
,67000,臺南市,67000210,安定區,67000210-006,港尾里,404,268533,665,527,330,837,531.07,79.9,"102Y"
,67000,臺南市,67000210,安定區,67000210-007,中榮里,473,372378,787,597,366,994,675.72,85.83,"102Y"
,67000,臺南市,67000210,安定區,67000210-008,港口里,703,507712,722,552,350,897,606.58,83.99,"102Y"
,67000,臺南市,67000210,安定區,67000210-009,港南里,608,371887,612,467,293,731,519.03,84.86,"102Y"
,67000,臺南市,67000210,安定區,67000210-010,大同里,174,97865,562,452,302,674,468.36,83.27,"102Y"
,67000,臺南市,67000210,安定區,67000210-011,六嘉里,363,196976,543,428,273,664,422.67,77.89,"102Y"
,67000,臺南市,67000210,安定區,67000210-012,中沙里,181,188649,1042,504,298,841,4510.21,432.74,"102Y"
,67000,臺南市,67000210,安定區,67000210-013,新吉里,589,437907,743,532,329,937,720.85,96.96,"102Y"
,67000,臺南市,67000210,安定區,67000210-014,海寮里,646,429608,665,476,329,757,1040.24,156.42,"102Y"
,67000,臺南市,67000210,安定區,67000210-015,管寮里,212,134123,633,516,340,769,513.2,81.12,"102Y"
,67000,臺南市,67000210,安定區,67000210-016,南安里,154,115168,748,570,350,902,684.52,91.53,"102Y"
X,67000,臺南市,67000210,安定區,67000210-999,其他,0,0,0,0,0,0,0,0,"102Y"
,67000,臺南市,67000220,山上區,67000220-001,明和里,463,341252,737,527,371,878,783.57,106.31,"102Y"
,67000,臺南市,67000220,山上區,67000220-002,南洲里,426,290505,682,508,339,825,599.54,87.92,"102Y"
,67000,臺南市,67000220,山上區,67000220-003,山上里,240,149735,624,509,322,813,444.5,71.25,"102Y"
,67000,臺南市,67000220,山上區,67000220-004,新莊里,272,180246,663,496,338,770,690.09,104.14,"102Y"
,67000,臺南市,67000220,山上區,67000220-005,玉?里,96,54634,569,481,330,706,381.25,66.99,"102Y"
,67000,臺南市,67000220,山上區,67000220-006,平陽里,74,49110,664,545,338,773,605.21,91.19,"102Y"
,67000,臺南市,67000220,山上區,67000220-007,豐德里,82,48804,595,430,316,655,513.87,86.34,"102Y"
X,67000,臺南市,67000220,山上區,67000220-999,其他,0,0,0,0,0,0,0,0,"102Y"
,67000,臺南市,67000230,玉井區,67000230-001,玉井里,220,153334,697,485,295,819,707.04,101.44,"102Y"
,67000,臺南市,67000230,玉井區,67000230-002,玉田里,953,639876,671,515,327,882,527.74,78.6,"102Y"
,67000,臺南市,67000230,玉井區,67000230-003,中正里,232,148945,642,483,278,808,597.84,93.12,"102Y"
,67000,臺南市,67000230,玉井區,67000230-004,竹圍里,296,179365,606,515,322,788,427.34,70.52,"102Y"
,67000,臺南市,67000230,玉井區,67000230-005,沙田里,84,55714,663,518,290,855,576.85,86.97,"102Y"
,67000,臺南市,67000230,玉井區,67000230-006,三埔里,78,49034,629,552,348,880,401.18,63.82,"102Y"
,67000,臺南市,67000230,玉井區,67000230-007,三和里,128,80633,630,500,295,823,481.07,76.37,"102Y"
,67000,臺南市,67000230,玉井區,67000230-008,望明里,263,166971,635,472,320,792,533.35,84.01,"102Y"
,67000,臺南市,67000230,玉井區,67000230-009,層林里,96,58096,605,466,350,674,466.61,77.1,"102Y"
,67000,臺南市,67000230,玉井區,67000230-010,豐里里,156,94039,603,480,271,686,580.86,96.36,"102Y"
X,67000,臺南市,67000230,玉井區,67000230-999,其他,1,562,562,562,562,562,0,0,"102Y"
,67000,臺南市,67000240,楠西區,67000240-001,楠西里,358,225392,630,511,319,811,478.48,76,"102Y"
,67000,臺南市,67000240,楠西區,67000240-002,灣丘里,183,108116,591,468,312,708,464.67,78.65,"102Y"
,67000,臺南市,67000240,楠西區,67000240-003,密枝里,84,58141,692,551,368,813,600.39,86.74,"102Y"
,67000,臺南市,67000240,楠西區,67000240-004,照興里,147,79080,538,421,292,641,433.23,80.53,"102Y"
,67000,臺南市,67000240,楠西區,67000240-005,鹿田里,167,124201,744,497,329,830,1606.74,216.04,"102Y"
,67000,臺南市,67000240,楠西區,67000240-006,龜丹里,106,64097,605,536,357,740,402.99,66.64,"102Y"
,67000,臺南市,67000240,楠西區,67000240-007,東勢里,436,261147,599,487,302,772,454.01,75.8,"102Y"
X,67000,臺南市,67000240,楠西區,67000240-999,其他,0,0,0,0,0,0,0,0,"102Y"
,67000,臺南市,67000250,南化區,67000250-001,南化里,282,187395,665,503,335,806,555.36,83.57,"102Y"
,67000,臺南市,67000250,南化區,67000250-002,小崙里,132,73674,558,462,293,657,438.65,78.59,"102Y"
,67000,臺南市,67000250,南化區,67000250-003,中坑里,77,48710,633,504,307,813,452.14,71.47,"102Y"
,67000,臺南市,67000250,南化區,67000250-004,北平里,76,47436,624,453,346,813,492.88,78.97,"102Y"
,67000,臺南市,67000250,南化區,67000250-005,東和里,99,63859,645,524,330,805,677.46,105.03,"102Y"
,67000,臺南市,67000250,南化區,67000250-006,西埔里,146,81537,558,425,297,671,409.32,73.29,"102Y"
,67000,臺南市,67000250,南化區,67000250-007,北寮里,212,137155,647,494,315,791,701.63,108.45,"102Y"
,67000,臺南市,67000250,南化區,67000250-008,玉山里,143,87306,611,464,282,756,500.78,82.02,"102Y"
,67000,臺南市,67000250,南化區,67000250-009,關山里,112,71726,640,506,340,811,494.12,77.16,"102Y"
X,67000,臺南市,67000250,南化區,67000250-999,其他,1,546,546,546,546,546,0,0,"102Y"
,67000,臺南市,67000260,左鎮區,67000260-001,光和里,58,41512,716,617,292,862,617.82,86.32,"102Y"
,67000,臺南市,67000260,左鎮區,67000260-002,榮和里,108,65022,602,497,343,769,431.07,71.6,"102Y"
,67000,臺南市,67000260,左鎮區,67000260-003,左鎮里,81,44225,546,432,304,741,357.49,65.47,"102Y"
,67000,臺南市,67000260,左鎮區,67000260-004,中正里,162,112897,697,507,313,859,885.45,127.06,"102Y"
,67000,臺南市,67000260,左鎮區,67000260-005,睦光里,71,43031,606,484,322,698,460.76,76.02,"102Y"
,67000,臺南市,67000260,左鎮區,67000260-006,內庄里,78,47518,609,461,344,742,467.11,76.68,"102Y"
,67000,臺南市,67000260,左鎮區,67000260-007,澄山里,57,35691,626,537,295,878,481.99,76.98,"102Y"
,67000,臺南市,67000260,左鎮區,67000260-008,岡林里,50,27722,554,493,275,694,376.98,67.99,"102Y"
,67000,臺南市,67000260,左鎮區,67000260-009,草山里,29,17766,613,467,288,753,513.23,83.78,"102Y"
,67000,臺南市,67000260,左鎮區,67000260-010,二寮里,22,14891,677,586,503,832,301.89,44.6,"102Y"
X,67000,臺南市,67000260,左鎮區,67000260-999,其他,2,859,429,429,416,442,36.61,8.53,"102Y"
,67000,臺南市,67000270,仁德區,67000270-001,太子里,1475,947410,642,510,316,811,536.81,83.58,"102Y"
,67000,臺南市,67000270,仁德區,67000270-002,土庫里,707,468004,662,502,301,851,556.34,84.04,"102Y"
,67000,臺南市,67000270,仁德區,67000270-003,一甲里,896,739061,825,603,343,1000,899.86,109.09,"102Y"
,67000,臺南市,67000270,仁德區,67000270-004,仁德里,2218,1840147,830,644,369,1069,716.98,86.42,"102Y"
,67000,臺南市,67000270,仁德區,67000270-005,仁義里,2869,2217697,773,574,356,961,826.54,106.93,"102Y"
,67000,臺南市,67000270,仁德區,67000270-006,新田里,943,658727,699,549,332,898,570.92,81.73,"102Y"
,67000,臺南市,67000270,仁德區,67000270-007,後壁里,2585,1844204,713,548,347,891,736.46,103.23,"102Y"
,67000,臺南市,67000270,仁德區,67000270-008,上崙里,1371,922237,673,540,339,845,535.03,79.54,"102Y"
,67000,臺南市,67000270,仁德區,67000270-009,田厝里,365,223846,613,481,314,727,657.46,107.2,"102Y"
,67000,臺南市,67000270,仁德區,67000270-010,三甲里,188,140563,748,529,324,977,623.12,83.34,"102Y"
,67000,臺南市,67000270,仁德區,67000270-011,保安里,793,557104,703,519,334,844,691.78,98.47,"102Y"
,67000,臺南市,67000270,仁德區,67000270-012,成功里,1210,889746,735,547,334,906,708.6,96.37,"102Y"
,67000,臺南市,67000270,仁德區,67000270-013,仁和里,208,132359,636,565,311,833,476.33,74.85,"102Y"
,67000,臺南市,67000270,仁德區,67000270-014,仁愛里,403,327587,813,647,371,1124,619.23,76.18,"102Y"
,67000,臺南市,67000270,仁德區,67000270-015,二行里,581,449869,774,533,332,905,855.78,110.52,"102Y"
,67000,臺南市,67000270,仁德區,67000270-016,大甲里,592,374345,632,509,338,766,471.95,74.64,"102Y"
,67000,臺南市,67000270,仁德區,67000270-017,中洲里,354,240936,681,514,336,830,591.3,86.88,"102Y"
,67000,臺南市,67000270,仁德區,67000270-018,中生里,341,228000,669,539,333,807,557.58,83.39,"102Y"
X,67000,臺南市,67000270,仁德區,67000270-999,其他,4,2753,688,611,561,738,277.86,40.38,"102Y"
,67000,臺南市,67000280,歸仁區,67000280-001,南保里,1872,1384617,740,544,338,878,1006.8,136.12,"102Y"
,67000,臺南市,67000280,歸仁區,67000280-002,六甲里,974,680605,699,520,342,872,630.88,90.28,"102Y"
,67000,臺南市,67000280,歸仁區,67000280-003,歸仁里,711,565113,795,576,366,1001,729.94,91.84,"102Y"
,67000,臺南市,67000280,歸仁區,67000280-004,後市里,1016,802397,790,547,343,888,2398.49,303.7,"102Y"
,67000,臺南市,67000280,歸仁區,67000280-005,辜厝里,945,667749,707,519,336,835,768.9,108.81,"102Y"
,67000,臺南市,67000280,歸仁區,67000280-006,許厝里,945,672259,711,522,349,858,625.81,87.97,"102Y"
,67000,臺南市,67000280,歸仁區,67000280-007,看西里,590,451269,765,595,366,943,758.46,99.16,"102Y"
,67000,臺南市,67000280,歸仁區,67000280-008,看東里,523,370957,709,558,357,858,584.14,82.36,"102Y"
,67000,臺南市,67000280,歸仁區,67000280-009,崙頂里,784,705509,900,621,381,1056,1358.63,150.98,"102Y"
,67000,臺南市,67000280,歸仁區,67000280-010,沙崙里,175,134103,766,442,300,715,2401.52,313.39,"102Y"
,67000,臺南市,67000280,歸仁區,67000280-011,大潭里,432,303022,701,542,351,879,566.11,80.71,"102Y"
,67000,臺南市,67000280,歸仁區,67000280-012,武東里,412,343905,835,628,361,1030,1183.2,141.75,"102Y"
,67000,臺南市,67000280,歸仁區,67000280-013,八甲里,685,488577,713,528,353,826,771.81,108.21,"102Y"
,67000,臺南市,67000280,歸仁區,67000280-014,七甲里,866,641922,741,554,360,933,698.31,94.21,"102Y"
,67000,臺南市,67000280,歸仁區,67000280-015,媽廟里,545,392696,721,534,355,883,773.71,107.38,"102Y"
,67000,臺南市,67000280,歸仁區,67000280-016,西埔里,453,303573,670,508,323,828,559.17,83.44,"102Y"
,67000,臺南市,67000280,歸仁區,67000280-017,大廟里,697,470936,676,513,322,825,630.61,93.33,"102Y"
,67000,臺南市,67000280,歸仁區,67000280-018,南興里,1206,913874,758,578,351,938,662.73,87.46,"102Y"
,67000,臺南市,67000280,歸仁區,67000280-019,新厝里,691,494076,715,527,346,851,613.96,85.87,"102Y"
,67000,臺南市,67000280,歸仁區,67000280-020,歸南里,656,441254,673,504,333,762,735,109.27,"102Y"
,67000,臺南市,67000280,歸仁區,67000280-021,文化里,910,657154,722,566,358,898,608.12,84.21,"102Y"
X,67000,臺南市,67000280,歸仁區,67000280-999,其他,3,931,310,288,269,341,74.07,23.87,"102Y"
,67000,臺南市,67000290,關廟區,67000290-001,關廟里,602,497814,827,546,358,871,2825.82,341.72,"102Y"
,67000,臺南市,67000290,關廟區,67000290-002,山西里,518,362001,699,531,352,868,594.71,85.1,"102Y"
,67000,臺南市,67000290,關廟區,67000290-003,香洋里,917,642246,700,512,326,845,887.13,126.66,"102Y"
,67000,臺南市,67000290,關廟區,67000290-004,北勢里,609,401803,660,541,353,843,461.96,70.02,"102Y"
,67000,臺南市,67000290,關廟區,67000290-005,新埔里,235,141623,603,455,319,767,447.2,74.2,"102Y"
,67000,臺南市,67000290,關廟區,67000290-006,新光里,125,64037,512,430,329,643,326.31,63.7,"102Y"
,67000,臺南市,67000290,關廟區,67000290-007,五甲里,830,510898,616,506,332,796,443.78,72.1,"102Y"
,67000,臺南市,67000290,關廟區,67000290-008,東勢里,789,475290,602,500,333,769,423.62,70.32,"102Y"
,67000,臺南市,67000290,關廟區,67000290-009,松腳里,505,406772,805,478,315,797,2546.61,316.16,"102Y"
,67000,臺南市,67000290,關廟區,67000290-010,南花里,421,298845,710,533,330,849,711.17,100.19,"102Y"
,67000,臺南市,67000290,關廟區,67000290-011,北花里,520,330632,636,479,312,795,568.52,89.41,"102Y"
,67000,臺南市,67000290,關廟區,67000290-012,深坑里,419,274724,656,511,324,809,507.64,77.42,"102Y"
,67000,臺南市,67000290,關廟區,67000290-013,布袋里,309,173529,562,431,278,652,508.53,90.55,"102Y"
,67000,臺南市,67000290,關廟區,67000290-014,田中里,158,85880,544,413,295,670,464.78,85.51,"102Y"
,67000,臺南市,67000290,關廟區,67000290-015,龜洞里,174,102240,588,461,315,739,425.03,72.33,"102Y"
,67000,臺南市,67000290,關廟區,67000290-016,埤頭里,384,236360,616,445,304,710,568.22,92.32,"102Y"
,67000,臺南市,67000290,關廟區,67000290-017,下湖里,95,51483,542,452,289,690,348.89,64.38,"102Y"
X,67000,臺南市,67000290,關廟區,67000290-999,其他,0,0,0,0,0,0,0,0,"102Y"
,67000,臺南市,67000300,龍崎區,67000300-001,崎頂里,231,148540,643,506,326,759,586.82,91.26,"102Y"
,67000,臺南市,67000300,龍崎區,67000300-002,土崎里,115,64242,559,455,300,698,403.23,72.18,"102Y"
,67000,臺南市,67000300,龍崎區,67000300-003,中坑里,21,20873,994,563,374,844,1746.29,175.69,"102Y"
,67000,臺南市,67000300,龍崎區,67000300-004,楠坑里,52,37604,723,428,307,755,843.36,116.62,"102Y"
,67000,臺南市,67000300,龍崎區,67000300-005,牛埔里,85,52777,621,419,293,772,722,116.28,"102Y"
,67000,臺南市,67000300,龍崎區,67000300-006,大坪里,57,29231,513,483,291,638,295.62,57.65,"102Y"
,67000,臺南市,67000300,龍崎區,67000300-007,龍船里,76,48455,638,580,345,871,378.08,59.3,"102Y"
,67000,臺南市,67000300,龍崎區,67000300-008,石??里,60,35772,596,464,313,727,464.96,77.99,"102Y"
X,67000,臺南市,67000300,龍崎區,67000300-999,其他,0,0,0,0,0,0,0,0,"102Y"
,67000,臺南市,67000310,永康區,67000310-001,五王里,1620,1138421,703,551,330,884,624.84,88.92,"102Y"
,67000,臺南市,67000310,永康區,67000310-002,網寮里,1918,1572981,820,596,352,1038,1037.08,126.45,"102Y"
,67000,臺南市,67000310,永康區,67000310-003,永康里,2397,1871472,781,575,353,978,747.12,95.69,"102Y"
,67000,臺南市,67000310,永康區,67000310-004,埔園里,3178,2725418,858,665,393,1127,685.46,79.93,"102Y"
,67000,臺南市,67000310,永康區,67000310-005,大橋里,1781,2164698,1215,601,344,1065,9655.62,794.41,"102Y"
,67000,臺南市,67000310,永康區,67000310-006,王行里,712,574521,807,527,329,908,1734.91,215.01,"102Y"
,67000,臺南市,67000310,永康區,67000310-007,烏竹里,792,607371,767,591,374,999,587.45,76.6,"102Y"
,67000,臺南市,67000310,永康區,67000310-008,蔦松里,508,362015,713,525,346,832,594.5,83.42,"102Y"
,67000,臺南市,67000310,永康區,67000310-009,三民里,362,325497,899,607,347,1092,991.44,110.26,"102Y"
,67000,臺南市,67000310,永康區,67000310-010,?行里,2862,2355201,823,575,348,959,1377.84,167.43,"102Y"
,67000,臺南市,67000310,永康區,67000310-011,甲頂里,682,504652,740,560,340,888,928.46,125.47,"102Y"
,67000,臺南市,67000310,永康區,67000310-012,大灣里,957,661379,691,525,324,864,560.29,81.07,"102Y"
,67000,臺南市,67000310,永康區,67000310-013,東灣里,907,628831,693,516,317,864,619.94,89.42,"102Y"
,67000,臺南市,67000310,永康區,67000310-014,西灣里,2202,1781915,809,600,347,997,713.84,88.21,"102Y"
,67000,臺南市,67000310,永康區,67000310-015,南灣里,1013,647328,639,509,325,778,547.99,85.76,"102Y"
,67000,臺南市,67000310,永康區,67000310-016,崑山里,1781,1341038,753,553,341,903,700.21,92.99,"102Y"
,67000,臺南市,67000310,永康區,67000310-017,北灣里,2493,1932630,775,601,362,977,666.3,85.95,"102Y"
,67000,臺南市,67000310,永康區,67000310-018,新樹里,385,262029,681,501,319,759,739.68,108.68,"102Y"
,67000,臺南市,67000310,永康區,67000310-019,復興里,361,256732,711,480,309,859,705.45,99.2,"102Y"
,67000,臺南市,67000310,永康區,67000310-020,復國里,2079,1451175,698,545,339,865,573.05,82.1,"102Y"
,67000,臺南市,67000310,永康區,67000310-021,建國里,389,264307,679,483,306,810,651.34,95.86,"102Y"
,67000,臺南市,67000310,永康區,67000310-022,神洲里,248,147718,596,509,314,778,405.43,68.07,"102Y"
,67000,臺南市,67000310,永康區,67000310-023,西勢里,1821,1339745,736,561,339,954,611.02,83.05,"102Y"
,67000,臺南市,67000310,永康區,67000310-024,成功里,452,307472,680,541,333,863,616.29,90.6,"102Y"
,67000,臺南市,67000310,永康區,67000310-025,中興里,921,621706,675,532,329,878,530.08,78.53,"102Y"
,67000,臺南市,67000310,永康區,67000310-026,勝利里,2047,1645505,804,597,339,1031,735.05,91.44,"102Y"
,67000,臺南市,67000310,永康區,67000310-027,龍潭里,3092,2547743,824,628,384,1044,894.07,108.51,"102Y"
,67000,臺南市,67000310,永康區,67000310-028,光復里,107,69611,651,504,314,808,531.04,81.63,"102Y"
,67000,臺南市,67000310,永康區,67000310-029,?洲里,1845,1477128,801,611,349,998,720.47,89.99,"102Y"
,67000,臺南市,67000310,永康區,67000310-030,二王里,2260,1855411,821,624,367,1016,1178.97,143.61,"102Y"
,67000,臺南市,67000310,永康區,67000310-031,六合里,1705,1426171,836,599,363,1011,1465.05,175.15,"102Y"
,67000,臺南市,67000310,永康區,67000310-032,三合里,876,582409,665,526,334,856,524.7,78.92,"102Y"
,67000,臺南市,67000310,永康區,67000310-033,東橋里,1641,1699299,1036,793,414,1438,883.49,85.32,"102Y"
,67000,臺南市,67000310,永康區,67000310-034,安康里,1489,1173109,788,560,336,955,1118.02,141.91,"102Y"
,67000,臺南市,67000310,永康區,67000310-035,西橋里,961,709165,738,535,328,924,639.8,86.7,"102Y"
,67000,臺南市,67000310,永康區,67000310-036,尚頂里,1428,1283541,899,590,342,991,1976.95,219.94,"102Y"
,67000,臺南市,67000310,永康區,67000310-037,復華里,2654,2105367,793,597,355,986,785.65,99.04,"102Y"
,67000,臺南市,67000310,永康區,67000310-038,正強里,2339,1839049,786,586,355,985,869.41,110.58,"102Y"
,67000,臺南市,67000310,永康區,67000310-039,中華里,834,776995,932,643,368,1176,949.38,101.9,"102Y"
X,67000,臺南市,67000310,永康區,67000310-999,其他,5,2158,432,280,259,426,423.55,98.15,"102Y"
,67000,臺南市,67000320,東區,67000320-001,富裕里,721,572712,794,543,328,966,782.3,98.49,"102Y"
,67000,臺南市,67000320,東區,67000320-002,裕農里,999,904273,905,605,338,1066,1232.72,136.18,"102Y"
,67000,臺南市,67000320,東區,67000320-003,大智里,2023,1658498,820,633,373,1023,706.69,86.2,"102Y"
,67000,臺南市,67000320,東區,67000320-004,崇學里,1067,1062381,996,626,335,1222,1229.17,123.45,"102Y"
,67000,臺南市,67000320,東區,67000320-005,泉南里,1633,1712803,1049,641,358,1213,1361.52,129.81,"102Y"
,67000,臺南市,67000320,東區,67000320-006,仁和里,1309,955612,730,583,344,929,636.64,87.21,"102Y"
,67000,臺南市,67000320,東區,67000320-007,後甲里,896,652840,729,559,345,951,610.27,83.76,"102Y"
,67000,臺南市,67000320,東區,67000320-008,東光里,1870,2532691,1354,768,408,1478,2911.43,214.96,"102Y"
,67000,臺南市,67000320,東區,67000320-009,新東里,890,861219,968,659,357,1249,1076.68,111.27,"102Y"
,67000,臺南市,67000320,東區,67000320-010,中西里,1155,1520235,1316,717,379,1447,7672.21,582.9,"102Y"
,67000,臺南市,67000320,東區,67000320-011,東安里,472,404909,858,591,348,1019,1056.53,123.16,"102Y"
,67000,臺南市,67000320,東區,67000320-012,崇明里,1435,1730262,1206,811,398,1527,1511.45,125.35,"102Y"
,67000,臺南市,67000320,東區,67000320-013,自強里,1769,1667040,942,632,358,1174,1076.31,114.21,"102Y"
,67000,臺南市,67000320,東區,67000320-014,和平里,1581,1646055,1041,714,393,1299,1199.1,115.17,"102Y"
,67000,臺南市,67000320,東區,67000320-015,路東里,539,559455,1038,634,356,1133,2828.54,272.51,"102Y"
,67000,臺南市,67000320,東區,67000320-016,大德里,451,320713,711,505,286,868,873.11,122.78,"102Y"
,67000,臺南市,67000320,東區,67000320-017,關聖里,1542,2400426,1557,947,465,1815,3832.97,246.22,"102Y"
,67000,臺南市,67000320,東區,67000320-018,衛國里,478,705961,1477,534,307,999,8890.67,601.98,"102Y"
,67000,臺南市,67000320,東區,67000320-019,崇善里,1660,1583964,954,689,373,1239,864.58,90.61,"102Y"
,67000,臺南市,67000320,東區,67000320-020,富強里,1479,1282033,867,588,354,1071,979.7,113.02,"102Y"
,67000,臺南市,67000320,東區,67000320-021,圍下里,703,721664,1027,617,347,1173,1323.06,128.88,"102Y"
,67000,臺南市,67000320,東區,67000320-022,小東里,1420,1406739,991,671,379,1216,1043.44,105.33,"102Y"
,67000,臺南市,67000320,東區,67000320-023,大學里,505,676723,1340,899,431,1810,1304.13,97.32,"102Y"
,67000,臺南市,67000320,東區,67000320-024,龍山里,1721,2223562,1292,839,424,1530,1959.03,151.63,"102Y"
,67000,臺南市,67000320,東區,67000320-025,虎尾里,1581,1410448,892,657,372,1152,843.4,94.54,"102Y"
,67000,臺南市,67000320,東區,67000320-026,德高里,812,648494,799,573,345,1020,813.86,101.91,"102Y"
,67000,臺南市,67000320,東區,67000320-027,莊敬里,1360,1389047,1021,700,374,1246,1075.9,105.34,"102Y"
,67000,臺南市,67000320,東區,67000320-028,大福里,542,382913,706,506,321,817,1286.83,182.15,"102Y"
,67000,臺南市,67000320,東區,67000320-029,忠孝里,1400,1294068,924,647,367,1155,1011.33,109.41,"102Y"
,67000,臺南市,67000320,東區,67000320-030,崇誨里,778,562019,722,571,319,931,611.86,84.7,"102Y"
,67000,臺南市,67000320,東區,67000320-031,東明里,1163,1333595,1147,687,359,1306,2431.11,212.01,"102Y"
,67000,臺南市,67000320,東區,67000320-032,崇德里,1666,1517685,911,622,370,1098,1009.91,110.86,"102Y"
,67000,臺南市,67000320,東區,67000320-033,東智里,679,510681,752,587,346,939,606.81,80.68,"102Y"
,67000,臺南市,67000320,東區,67000320-034,東聖里,699,531171,760,572,356,927,719.42,94.67,"102Y"
,67000,臺南市,67000320,東區,67000320-035,崇成里,1025,1003955,979,685,369,1192,1135.98,115.98,"102Y"
,67000,臺南市,67000320,東區,67000320-036,東門里,659,918131,1393,585,323,1153,11445.12,821.49,"102Y"
,67000,臺南市,67000320,東區,67000320-037,成大里,623,551088,885,597,336,1071,962.34,108.79,"102Y"
,67000,臺南市,67000320,東區,67000320-038,大同里,828,660169,797,523,307,961,1080.06,135.46,"102Y"
,67000,臺南市,67000320,東區,67000320-039,德光里,1472,1691131,1149,707,365,1327,4719.28,410.78,"102Y"
,67000,臺南市,67000320,東區,67000320-040,崇信里,1276,1147047,899,644,357,1170,943.47,104.95,"102Y"
,67000,臺南市,67000320,東區,67000320-041,崇文里,1983,1853837,935,693,375,1209,865.22,92.55,"102Y"
,67000,臺南市,67000320,東區,67000320-042,復興里,1049,833992,795,560,348,974,866.32,108.97,"102Y"
,67000,臺南市,67000320,東區,67000320-043,裕聖里,1571,2084734,1327,1065,550,1808,1112.65,83.85,"102Y"
,67000,臺南市,67000320,東區,67000320-044,南聖里,845,1231947,1458,906,462,1861,3807.78,261.18,"102Y"
,67000,臺南市,67000320,東區,67000320-045,文聖里,1466,1934610,1320,1017,517,1754,1211.6,91.81,"102Y"
X,67000,臺南市,67000320,東區,67000320-999,其他,3,1781,594,676,392,837,450.52,75.88,"102Y"
,67000,臺南市,67000330,南區,67000330-001,竹溪里,624,722013,1157,673,365,1344,1608.61,139.02,"102Y"
,67000,臺南市,67000330,南區,67000330-002,荔宅里,23,20803,904,789,337,1408,769.47,85.07,"102Y"
,67000,臺南市,67000330,南區,67000330-003,明德里,75,37331,498,398,327,648,292.07,58.68,"102Y"
,67000,臺南市,67000330,南區,67000330-004,大成里,262,199216,760,540,286,895,803.8,105.71,"102Y"
,67000,臺南市,67000330,南區,67000330-005,廣州里,691,538692,780,527,293,975,797.56,102.31,"102Y"
,67000,臺南市,67000330,南區,67000330-006,新昌里,682,475472,697,500,294,860,671.53,96.32,"102Y"
,67000,臺南市,67000330,南區,67000330-007,新興里,888,715737,806,562,301,962,963.58,119.55,"102Y"
,67000,臺南市,67000330,南區,67000330-008,田寮里,988,730117,739,539,315,881,791.98,107.17,"102Y"
,67000,臺南市,67000330,南區,67000330-009,國宅里,805,550573,684,530,327,824,633.5,92.62,"102Y"
,67000,臺南市,67000330,南區,67000330-010,日新里,512,342266,668,493,306,760,895.98,134.03,"102Y"
,67000,臺南市,67000330,南區,67000330-011,光明里,1085,667692,615,489,328,732,572.74,93.07,"102Y"
,67000,臺南市,67000330,南區,67000330-012,白雪里,455,288158,633,490,300,778,606.81,95.82,"102Y"
,67000,臺南市,67000330,南區,67000330-013,明亮里,987,638049,646,494,313,773,580.47,89.79,"102Y"
,67000,臺南市,67000330,南區,67000330-014,喜東里,570,394014,691,494,301,878,611.5,88.46,"102Y"
,67000,臺南市,67000330,南區,67000330-015,喜北里,481,266664,554,450,296,733,382.97,69.08,"102Y"
,67000,臺南市,67000330,南區,67000330-016,喜南里,241,146953,610,487,319,718,542.77,89.01,"102Y"
,67000,臺南市,67000330,南區,67000330-017,省躬里,655,391781,598,464,305,718,587.39,98.2,"102Y"
,67000,臺南市,67000330,南區,67000330-018,興農里,483,269416,558,415,292,634,683.75,122.58,"102Y"
,67000,臺南市,67000330,南區,67000330-019,同安里,528,321572,609,480,295,740,487.39,80.03,"102Y"
,67000,臺南市,67000330,南區,67000330-020,佛壇里,594,377854,636,503,322,805,540.83,85.02,"102Y"
,67000,臺南市,67000330,南區,67000330-021,大林里,743,721025,970,641,345,1159,1068.68,110.12,"102Y"
,67000,臺南市,67000330,南區,67000330-022,大忠里,1301,879987,676,494,299,849,644.44,95.28,"102Y"
,67000,臺南市,67000330,南區,67000330-023,大恩里,1059,789060,745,553,347,920,700.09,93.96,"102Y"
,67000,臺南市,67000330,南區,67000330-024,新生里,908,590232,650,538,316,823,529.8,81.5,"102Y"
,67000,臺南市,67000330,南區,67000330-025,再興里,732,646062,883,545,318,909,1658.56,187.92,"102Y"
,67000,臺南市,67000330,南區,67000330-026,明興里,893,569766,638,489,308,767,605.52,94.9,"102Y"
,67000,臺南市,67000330,南區,67000330-027,文華里,1031,767836,745,501,293,842,1236.18,165.99,"102Y"
,67000,臺南市,67000330,南區,67000330-028,金華里,1489,1139710,765,544,320,928,830.45,108.5,"102Y"
,67000,臺南市,67000330,南區,67000330-029,南都里,606,373683,617,509,311,776,474.9,77.02,"102Y"
,67000,臺南市,67000330,南區,67000330-030,開南里,1528,896336,587,488,313,734,449.13,76.56,"102Y"
,67000,臺南市,67000330,南區,67000330-031,彰南里,604,637880,1056,581,313,1117,1973.06,186.83,"102Y"
,67000,臺南市,67000330,南區,67000330-032,建南里,1472,971184,660,514,301,816,583.67,88.47,"102Y"
,67000,臺南市,67000330,南區,67000330-033,郡南里,1027,655618,638,503,318,796,526.11,82.41,"102Y"
,67000,臺南市,67000330,南區,67000330-034,府南里,1404,1016085,724,553,347,898,612.68,84.66,"102Y"
,67000,臺南市,67000330,南區,67000330-035,文南里,1729,1436513,831,570,349,992,938.2,112.92,"102Y"
,67000,臺南市,67000330,南區,67000330-036,鯤鯓里,336,187957,559,469,294,703,445.46,79.63,"102Y"
,67000,臺南市,67000330,南區,67000330-037,松安里,377,220663,585,472,324,703,433.88,74.13,"102Y"
,67000,臺南市,67000330,南區,67000330-038,永寧里,371,204517,551,442,295,708,462.28,83.86,"102Y"
,67000,臺南市,67000330,南區,67000330-039,南華里,593,342768,578,457,300,699,664.29,114.92,"102Y"
X,67000,臺南市,67000330,南區,67000330-999,其他,1,1049,1049,1049,1049,1049,0,0,"102Y"
,67000,臺南市,67000340,北區,67000340-001,開元里,653,444781,681,495,311,830,681.38,100.04,"102Y"
,67000,臺南市,67000340,北區,67000340-002,新勝里,508,357615,704,488,302,842,686.39,97.5,"102Y"
,67000,臺南市,67000340,北區,67000340-003,勝安里,300,229871,766,523,339,898,788.35,102.89,"102Y"
,67000,臺南市,67000340,北區,67000340-004,東興里,643,760934,1183,672,373,1233,1578.16,133.36,"102Y"
,67000,臺南市,67000340,北區,67000340-005,力行里,776,627192,808,558,325,999,813.21,100.62,"102Y"
,67000,臺南市,67000340,北區,67000340-006,華興里,658,506414,770,522,316,887,1076.16,139.83,"102Y"
,67000,臺南市,67000340,北區,67000340-007,振興里,554,473610,855,573,335,1045,903.47,105.68,"102Y"
,67000,臺南市,67000340,北區,67000340-008,仁愛里,668,737109,1103,678,369,1335,1264.06,114.55,"102Y"
,67000,臺南市,67000340,北區,67000340-009,大仁里,219,140287,641,517,329,809,521.9,81.47,"102Y"
,67000,臺南市,67000340,北區,67000340-010,大山里,103,58030,563,465,311,650,637.01,113.07,"102Y"
,67000,臺南市,67000340,北區,67000340-011,大道里,548,363673,664,533,322,850,541.26,81.56,"102Y"
,67000,臺南市,67000340,北區,67000340-012,光武里,341,227797,668,541,333,855,486.89,72.88,"102Y"
,67000,臺南市,67000340,北區,67000340-013,實踐里,572,406789,711,572,347,924,588.23,82.71,"102Y"
,67000,臺南市,67000340,北區,67000340-014,小康里,567,380763,672,479,292,780,767.35,114.27,"102Y"
,67000,臺南市,67000340,北區,67000340-015,正風里,367,236448,644,495,274,757,711.32,110.41,"102Y"
,67000,臺南市,67000340,北區,67000340-016,延平里,414,253647,613,464,284,773,536.03,87.49,"102Y"
,67000,臺南市,67000340,北區,67000340-017,興北里,389,269631,693,529,315,870,637.3,91.94,"102Y"
,67000,臺南市,67000340,北區,67000340-018,大豐里,1224,949565,776,514,314,896,984.71,126.93,"102Y"
,67000,臺南市,67000340,北區,67000340-019,重興里,714,793357,1111,676,397,1242,1586.42,142.77,"102Y"
,67000,臺南市,67000340,北區,67000340-020,和順里,2492,2727682,1095,710,383,1287,1845.7,168.62,"102Y"
,67000,臺南市,67000340,北區,67000340-021,國姓里,405,290429,717,490,277,819,796.22,111.03,"102Y"
,67000,臺南市,67000340,北區,67000340-022,六甲里,670,469182,700,540,300,885,640.69,91.49,"102Y"
,67000,臺南市,67000340,北區,67000340-023,正覺里,791,618193,782,490,299,814,1467.95,187.83,"102Y"
,67000,臺南市,67000340,北區,67000340-024,成功里,1548,1685765,1089,665,356,1153,3925.54,360.47,"102Y"
,67000,臺南市,67000340,北區,67000340-025,文元里,2034,2028080,997,713,396,1283,989.62,99.25,"102Y"
,67000,臺南市,67000340,北區,67000340-026,大港里,1617,1234252,763,557,319,906,940.95,123.27,"102Y"
,67000,臺南市,67000340,北區,67000340-027,國興里,533,457765,859,568,346,983,1235.26,143.83,"102Y"
,67000,臺南市,67000340,北區,67000340-028,裕民里,408,386133,946,539,291,1049,1804.56,190.68,"102Y"
,67000,臺南市,67000340,北區,67000340-029,安民里,322,230963,717,528,318,871,754.13,105.14,"102Y"
,67000,臺南市,67000340,北區,67000340-030,興南里,507,417781,824,615,350,1035,718.71,87.22,"102Y"
,67000,臺南市,67000340,北區,67000340-031,長榮里,713,517819,726,528,308,957,672.51,92.6,"102Y"
,67000,臺南市,67000340,北區,67000340-032,中樓里,491,411884,839,602,345,1030,879.46,104.84,"102Y"
,67000,臺南市,67000340,北區,67000340-033,公園里,544,426214,783,586,315,947,760.47,97.06,"102Y"
,67000,臺南市,67000340,北區,67000340-034,玉皇里,460,363277,790,505,290,864,1223.49,154.92,"102Y"
,67000,臺南市,67000340,北區,67000340-035,長德里,353,254737,722,486,319,823,683.84,94.76,"102Y"
,67000,臺南市,67000340,北區,67000340-036,三德里,304,220739,726,491,324,923,756.64,104.2,"102Y"
,67000,臺南市,67000340,北區,67000340-037,五福里,314,206202,657,477,274,833,763.83,116.31,"102Y"
,67000,臺南市,67000340,北區,67000340-038,元寶里,1024,905636,884,691,387,1149,758.16,85.72,"102Y"
,67000,臺南市,67000340,北區,67000340-039,永祥里,822,523741,637,499,329,799,521.57,81.86,"102Y"
,67000,臺南市,67000340,北區,67000340-040,成德里,4211,5140332,1221,881,447,1577,1548.58,126.86,"102Y"
,67000,臺南市,67000340,北區,67000340-041,文成里,1093,1090773,998,690,397,1305,958.04,96,"102Y"
,67000,臺南市,67000340,北區,67000340-042,大和里,1124,812116,723,562,317,921,604.61,83.68,"102Y"
,67000,臺南市,67000340,北區,67000340-043,賢北里,1165,1142281,980,673,361,1229,1100.72,112.26,"102Y"
X,67000,臺南市,67000340,北區,67000340-999,其他,0,0,0,0,0,0,0,0,"102Y"
,67000,臺南市,67000350,安南區,67000350-001,東和里,736,808005,1098,817,475,1493,1083.48,98.69,"102Y"
,67000,臺南市,67000350,安南區,67000350-002,安順里,1407,1081696,769,576,336,973,707,91.96,"102Y"
,67000,臺南市,67000350,安南區,67000350-003,塭南里,1211,828762,684,531,348,844,566.02,82.71,"102Y"
,67000,臺南市,67000350,安南區,67000350-004,州南里,1324,849817,642,491,316,809,541.63,84.38,"102Y"
,67000,臺南市,67000350,安南區,67000350-005,州北里,1285,949582,739,543,348,908,640.33,86.65,"102Y"
,67000,臺南市,67000350,安南區,67000350-006,安東里,775,496481,641,489,311,774,595.71,92.99,"102Y"
,67000,臺南市,67000350,安南區,67000350-007,安西里,944,705327,747,539,328,953,658.11,88.08,"102Y"
,67000,臺南市,67000350,安南區,67000350-008,頂安里,1323,1054182,797,641,371,1016,807.59,101.35,"102Y"
,67000,臺南市,67000350,安南區,67000350-009,安慶里,1743,1250557,717,516,313,889,713.85,99.5,"102Y"
,67000,臺南市,67000350,安南區,67000350-010,新順里,1898,1508502,795,595,362,1008,704.88,88.69,"102Y"
,67000,臺南市,67000350,安南區,67000350-011,原佃里,534,443368,830,607,352,983,852.44,102.67,"102Y"
,67000,臺南市,67000350,安南區,67000350-012,總頭里,402,273937,681,471,294,776,742.72,108.99,"102Y"
,67000,臺南市,67000350,安南區,67000350-013,長安里,1083,661357,611,489,310,786,458.88,75.14,"102Y"
,67000,臺南市,67000350,安南區,67000350-014,公親里,263,169901,646,512,339,763,523.85,81.09,"102Y"
,67000,臺南市,67000350,安南區,67000350-015,海東里,1477,1019976,691,528,316,888,588.92,85.28,"102Y"
,67000,臺南市,67000350,安南區,67000350-016,海西里,563,356836,634,491,312,784,691.79,109.15,"102Y"
,67000,臺南市,67000350,安南區,67000350-017,海南里,510,304146,596,458,299,707,574.42,96.32,"102Y"
,67000,臺南市,67000350,安南區,67000350-018,溪心里,1804,1340001,743,563,346,961,606.85,81.7,"102Y"
,67000,臺南市,67000350,安南區,67000350-019,?田里,357,303525,850,598,378,1022,805.64,94.76,"102Y"
,67000,臺南市,67000350,安南區,67000350-020,淵東里,1138,809090,711,541,335,860,754.67,106.15,"102Y"
,67000,臺南市,67000350,安南區,67000350-021,淵西里,681,420395,617,483,297,740,510.53,82.7,"102Y"
,67000,臺南市,67000350,安南區,67000350-022,佃東里,735,447047,608,515,335,767,430.73,70.82,"102Y"
,67000,臺南市,67000350,安南區,67000350-023,佃西里,396,252140,637,482,300,782,586.61,92.13,"102Y"
,67000,臺南市,67000350,安南區,67000350-024,公塭里,201,118024,587,490,323,723,448.67,76.41,"102Y"
,67000,臺南市,67000350,安南區,67000350-025,南興里,329,197776,601,483,315,716,497.2,82.71,"102Y"
,67000,臺南市,67000350,安南區,67000350-026,學東里,408,246465,604,492,326,746,446.96,73.99,"102Y"
,67000,臺南市,67000350,安南區,67000350-027,城東里,261,140653,539,427,290,639,458.8,85.14,"102Y"
,67000,臺南市,67000350,安南區,67000350-028,城北里,289,168364,583,474,316,720,441.22,75.74,"102Y"
,67000,臺南市,67000350,安南區,67000350-029,城中里,217,123110,567,460,305,716,431.57,76.07,"102Y"
,67000,臺南市,67000350,安南區,67000350-030,城南里,550,340304,619,509,320,743,523.31,84.58,"102Y"
,67000,臺南市,67000350,安南區,67000350-031,城西里,264,160744,609,494,323,773,438.42,72,"102Y"
,67000,臺南市,67000350,安南區,67000350-032,青草里,217,134559,620,510,318,794,459.39,74.08,"102Y"
,67000,臺南市,67000350,安南區,67000350-033,砂崙里,240,141509,590,493,313,713,542.65,92.03,"102Y"
,67000,臺南市,67000350,安南區,67000350-034,顯宮里,315,194405,617,479,286,789,506.45,82.06,"102Y"
,67000,臺南市,67000350,安南區,67000350-035,鹿耳里,184,99545,541,393,278,702,401.72,74.25,"102Y"
,67000,臺南市,67000350,安南區,67000350-036,四草里,311,209302,673,514,311,793,589.92,87.66,"102Y"
,67000,臺南市,67000350,安南區,67000350-037,安和里,657,394600,601,473,293,760,565.66,94.18,"102Y"
,67000,臺南市,67000350,安南區,67000350-038,溪北里,837,579786,693,521,309,881,619.03,89.37,"102Y"
,67000,臺南市,67000350,安南區,67000350-039,溪頂里,1288,901848,700,560,349,894,553.53,79.05,"102Y"
,67000,臺南市,67000350,安南區,67000350-040,溪墘里,845,533210,631,492,306,780,553.99,87.79,"102Y"
,67000,臺南市,67000350,安南區,67000350-041,海佃里,1108,690156,623,470,293,754,556.09,89.28,"102Y"
,67000,臺南市,67000350,安南區,67000350-042,幸福里,933,549087,589,460,297,741,470.36,79.92,"102Y"
,67000,臺南市,67000350,安南區,67000350-043,鳳凰里,1201,816248,680,523,322,831,600.47,88.35,"102Y"
,67000,臺南市,67000350,安南區,67000350-044,梅花里,1112,798369,718,540,350,843,665.6,92.71,"102Y"
,67000,臺南市,67000350,安南區,67000350-045,理想里,1354,927178,685,541,330,876,537.96,78.56,"102Y"
,67000,臺南市,67000350,安南區,67000350-046,溪東里,1038,758927,731,551,340,877,722.98,98.88,"102Y"
,67000,臺南市,67000350,安南區,67000350-047,淵中里,781,531768,681,510,323,838,624.22,91.68,"102Y"
,67000,臺南市,67000350,安南區,67000350-048,布袋里,460,313190,681,501,330,850,608.01,89.3,"102Y"
,67000,臺南市,67000350,安南區,67000350-049,國安里,668,458658,687,519,340,871,523.34,76.22,"102Y"
,67000,臺南市,67000350,安南區,67000350-050,安富里,1348,929945,690,517,306,856,609.83,88.4,"102Y"
,67000,臺南市,67000350,安南區,67000350-051,大安里,873,506452,580,462,295,744,436.02,75.16,"102Y"
X,67000,臺南市,67000350,安南區,67000350-999,其他,4,618,155,136,49,242,126.42,81.8,"102Y"
,67000,臺南市,67000360,安平區,67000360-001,西門里,279,158439,568,470,318,709,406.57,71.59,"102Y"
,67000,臺南市,67000360,安平區,67000360-002,金城里,474,419424,885,581,344,1020,1214.28,137.23,"102Y"
,67000,臺南市,67000360,安平區,67000360-003,石門里,529,355259,672,521,306,849,576.16,85.79,"102Y"
,67000,臺南市,67000360,安平區,67000360-004,漁光里,81,44947,555,468,299,697,397.38,71.61,"102Y"
,67000,臺南市,67000360,安平區,67000360-005,建平里,1448,1459971,1008,654,348,1242,1714.34,170.03,"102Y"
,67000,臺南市,67000360,安平區,67000360-006,怡平里,1242,1301178,1048,688,373,1291,1320.05,126,"102Y"
,67000,臺南市,67000360,安平區,67000360-007,華平里,1456,1158410,796,590,353,998,765.35,96.2,"102Y"
,67000,臺南市,67000360,安平區,67000360-008,平通里,1922,1758604,915,638,360,1104,1116.59,122.03,"102Y"
,67000,臺南市,67000360,安平區,67000360-009,文平里,1628,1534114,942,644,342,1163,1176.12,124.81,"102Y"
,67000,臺南市,67000360,安平區,67000360-010,國平里,2123,2037846,960,700,387,1200,921.37,95.99,"102Y"
,67000,臺南市,67000360,安平區,67000360-011,育平里,2148,1864228,868,643,373,1062,993.35,114.46,"102Y"
,67000,臺南市,67000360,安平區,67000360-012,億載里,807,766746,950,647,374,1152,989.9,104.19,"102Y"
,67000,臺南市,67000360,安平區,67000360-013,海頭里,335,199454,595,459,287,740,566.5,95.15,"102Y"
,67000,臺南市,67000360,安平區,67000360-014,港仔里,277,200428,724,493,328,762,851.35,117.66,"102Y"
,67000,臺南市,67000360,安平區,67000360-015,平安里,1006,764310,760,519,299,970,847.64,111.57,"102Y"
X,67000,臺南市,67000360,安平區,67000360-999,其他,0,0,0,0,0,0,0,0,"102Y"
,67000,臺南市,67000370,中西區,67000370-001,公正里,530,522762,986,600,297,1207,1312.7,133.09,"102Y"
,67000,臺南市,67000370,中西區,67000370-002,銀同里,321,279315,870,536,311,976,1596.57,183.48,"102Y"
,67000,臺南市,67000370,中西區,67000370-003,小西里,212,145265,685,499,306,795,813.57,118.73,"102Y"
,67000,臺南市,67000370,中西區,67000370-004,仙草里,757,604661,799,561,313,973,849.84,106.39,"102Y"
,67000,臺南市,67000370,中西區,67000370-005,赤嵌里,456,1039000,2279,571,311,1058,16384.6,719.09,"102Y"
,67000,臺南市,67000370,中西區,67000370-006,五妃里,605,588517,973,636,335,1214,1181.23,121.43,"102Y"
,67000,臺南市,67000370,中西區,67000370-007,郡王里,514,825451,1606,726,401,1295,7142.87,444.78,"102Y"
,67000,臺南市,67000370,中西區,67000370-008,福安里,328,427733,1304,500,244,1019,5294.69,406.01,"102Y"
,67000,臺南市,67000370,中西區,67000370-009,法華里,929,915160,985,672,362,1228,1013.95,102.93,"102Y"
,67000,臺南市,67000370,中西區,67000370-010,大南里,452,679839,1504,645,355,1110,9405.37,625.33,"102Y"
,67000,臺南市,67000370,中西區,67000370-011,開山里,546,449123,823,530,310,973,1127.37,137.05,"102Y"
,67000,臺南市,67000370,中西區,67000370-012,進學里,436,506340,1161,655,339,1295,2485.74,214.04,"102Y"
,67000,臺南市,67000370,中西區,67000370-013,建國里,379,422840,1116,493,268,986,3568.73,319.87,"102Y"
,67000,臺南市,67000370,中西區,67000370-014,青年里,444,396205,892,569,276,1077,1039.71,116.51,"102Y"
,67000,臺南市,67000370,中西區,67000370-015,永福里,468,817265,1746,632,324,1172,10353.45,592.88,"102Y"
,67000,臺南市,67000370,中西區,67000370-016,永華里,408,346836,850,547,332,980,1005.55,118.29,"102Y"
,67000,臺南市,67000370,中西區,67000370-017,天后里,434,1198978,2763,500,252,951,26624.78,963.75,"102Y"
,67000,臺南市,67000370,中西區,67000370-018,三民里,428,363457,849,567,314,1073,861.68,101.47,"102Y"
,67000,臺南市,67000370,中西區,67000370-019,萬昌里,542,410420,757,535,317,913,795.79,105.09,"102Y"
,67000,臺南市,67000370,中西區,67000370-020,普濟里,276,239835,869,486,267,847,1803.68,207.57,"102Y"
,67000,臺南市,67000370,中西區,67000370-021,水仙里,337,261640,776,492,280,911,901.68,116.14,"102Y"
,67000,臺南市,67000370,中西區,67000370-022,藥王里,1038,869327,838,642,354,1021,838.64,100.14,"102Y"
,67000,臺南市,67000370,中西區,67000370-023,協和里,572,410469,718,507,293,841,889.87,124.01,"102Y"
,67000,臺南市,67000370,中西區,67000370-024,文賢里,360,234402,651,530,298,825,547.05,84.02,"102Y"
,67000,臺南市,67000370,中西區,67000370-025,光賢里,1127,1045819,928,636,374,1147,1026.1,110.57,"102Y"
,67000,臺南市,67000370,中西區,67000370-026,元安里,363,285484,786,474,259,843,1805.24,229.54,"102Y"
,67000,臺南市,67000370,中西區,67000370-027,協進里,313,285160,911,707,357,1241,839.55,92.15,"102Y"
,67000,臺南市,67000370,中西區,67000370-028,安海里,452,540149,1195,640,345,1330,1885.14,157.75,"102Y"
,67000,臺南市,67000370,中西區,67000370-029,民生里,380,259410,683,476,286,822,812.01,118.95,"102Y"
,67000,臺南市,67000370,中西區,67000370-030,中正里,338,238921,707,458,262,768,883.99,125.06,"102Y"
,67000,臺南市,67000370,中西區,67000370-031,大涼里,913,753437,825,594,317,1036,850.61,103.08,"102Y"
,67000,臺南市,67000370,中西區,67000370-032,民主里,266,182042,684,431,265,728,1115.88,163.05,"102Y"
,67000,臺南市,67000370,中西區,67000370-033,西湖里,1801,1958416,1087,704,391,1336,1295.88,119.17,"102Y"
,67000,臺南市,67000370,中西區,67000370-034,西賢里,1617,1680847,1039,658,359,1246,1438.47,138.38,"102Y"
,67000,臺南市,67000370,中西區,67000370-035,三合里,455,353795,778,522,309,860,935.03,120.25,"102Y"
,67000,臺南市,67000370,中西區,67000370-036,民權里,387,316084,817,527,326,942,910.92,111.53,"102Y"
,67000,臺南市,67000370,中西區,67000370-037,保安里,291,221515,761,527,282,912,873.69,114.78,"102Y"
,67000,臺南市,67000370,中西區,67000370-038,郡西里,277,185420,669,481,274,811,1031.69,154.12,"102Y"
X,67000,臺南市,67000370,中西區,67000370-999,其他,1,1100,1100,1100,1100,1100,0,0,"102Y"
,10002,宜蘭縣,10002010,宜蘭市,10002010-001,神農里,237,198354,837,603,368,1152,722.02,86.27,"102Y"
,10002,宜蘭縣,10002010,宜蘭市,10002010-002,民權里,556,438614,789,607,324,1086,718.52,91.08,"102Y"
,10002,宜蘭縣,10002010,宜蘭市,10002010-003,民生里,93,59405,639,442,247,728,663.33,103.85,"102Y"
,10002,宜蘭縣,10002010,宜蘭市,10002010-004,昇平里,166,119573,720,542,309,895,654.65,90.88,"102Y"
,10002,宜蘭縣,10002010,宜蘭市,10002010-005,大東里,158,114110,722,511,293,836,773.46,107.1,"102Y"
,10002,宜蘭縣,10002010,宜蘭市,10002010-006,新興里,150,105139,701,561,311,948,630.5,89.95,"102Y"
,10002,宜蘭縣,10002010,宜蘭市,10002010-007,和睦里,656,470078,717,566,315,868,629.87,87.9,"102Y"
,10002,宜蘭縣,10002010,宜蘭市,10002010-008,進士里,1862,1565006,840,598,359,1069,902.06,107.32,"102Y"
,10002,宜蘭縣,10002010,宜蘭市,10002010-009,南橋里,195,180742,927,672,370,1178,863.39,93.15,"102Y"
,10002,宜蘭縣,10002010,宜蘭市,10002010-010,建業里,459,488114,1063,728,359,1423,1028.68,96.73,"102Y"
,10002,宜蘭縣,10002010,宜蘭市,10002010-011,南津里,426,372406,874,678,364,1129,779.88,89.21,"102Y"
,10002,宜蘭縣,10002010,宜蘭市,10002010-012,凱旋里,448,336088,750,584,346,983,591.76,78.88,"102Y"
,10002,宜蘭縣,10002010,宜蘭市,10002010-013,黎明里,517,412134,797,630,379,1001,673.88,84.53,"102Y"
,10002,宜蘭縣,10002010,宜蘭市,10002010-014,東村里,1499,1202469,802,606,342,1025,742.4,92.55,"102Y"
,10002,宜蘭縣,10002010,宜蘭市,10002010-015,延平里,1950,1643280,843,640,356,1106,693.39,82.28,"102Y"
,10002,宜蘭縣,10002010,宜蘭市,10002010-016,七張里,339,241276,712,538,292,815,1076.81,151.3,"102Y"
,10002,宜蘭縣,10002010,宜蘭市,10002010-017,慈安里,1326,881753,665,518,330,857,525.38,79.01,"102Y"
,10002,宜蘭縣,10002010,宜蘭市,10002010-018,新民里,244,166543,683,489,264,864,649.54,95.16,"102Y"
,10002,宜蘭縣,10002010,宜蘭市,10002010-019,東門里,158,138745,878,638,335,1128,857.03,97.6,"102Y"
,10002,宜蘭縣,10002010,宜蘭市,10002010-020,中正里,134,90891,678,461,305,838,639.45,94.27,"102Y"
,10002,宜蘭縣,10002010,宜蘭市,10002010-021,小東里,397,266862,672,499,301,944,528.46,78.62,"102Y"
,10002,宜蘭縣,10002010,宜蘭市,10002010-022,菜園里,375,259886,693,521,334,889,617.58,89.11,"102Y"
,10002,宜蘭縣,10002010,宜蘭市,10002010-023,孝廉里,242,165521,684,558,342,872,538.85,78.78,"102Y"
,10002,宜蘭縣,10002010,宜蘭市,10002010-024,新生里,663,432205,652,520,317,790,555.05,85.14,"102Y"
,10002,宜蘭縣,10002010,宜蘭市,10002010-025,茭白里,667,441181,661,546,322,865,506.18,76.53,"102Y"
,10002,宜蘭縣,10002010,宜蘭市,10002010-026,北津里,507,338594,668,511,299,911,531.5,79.59,"102Y"
,10002,宜蘭縣,10002010,宜蘭市,10002010-027,梅洲里,801,508896,635,510,287,860,533.99,84.05,"102Y"
,10002,宜蘭縣,10002010,宜蘭市,10002010-028,北門里,226,149563,662,529,293,897,497.9,75.24,"102Y"
,10002,宜蘭縣,10002010,宜蘭市,10002010-029,慶和里,168,107788,642,547,335,872,416.62,64.93,"102Y"
,10002,宜蘭縣,10002010,宜蘭市,10002010-030,鄂王里,165,123550,749,596,334,920,681.27,90.98,"102Y"
,10002,宜蘭縣,10002010,宜蘭市,10002010-031,中山里,208,146504,704,579,304,892,623.2,88.48,"102Y"
,10002,宜蘭縣,10002010,宜蘭市,10002010-032,西門里,354,250168,707,536,297,884,663.27,93.86,"102Y"
,10002,宜蘭縣,10002010,宜蘭市,10002010-033,大道里,311,192842,620,468,284,856,486.21,78.41,"102Y"
,10002,宜蘭縣,10002010,宜蘭市,10002010-034,南門里,186,153911,827,608,382,993,794.29,95.99,"102Y"
,10002,宜蘭縣,10002010,宜蘭市,10002010-035,負郭里,959,772071,805,631,345,1072,677.03,84.09,"102Y"
,10002,宜蘭縣,10002010,宜蘭市,10002010-036,民族里,758,608168,802,603,336,1047,744.67,92.81,"102Y"
,10002,宜蘭縣,10002010,宜蘭市,10002010-037,建軍里,849,628606,740,562,343,923,678.23,91.6,"102Y"
,10002,宜蘭縣,10002010,宜蘭市,10002010-038,思源里,2445,2386166,976,743,410,1281,905.8,92.81,"102Y"
,10002,宜蘭縣,10002010,宜蘭市,10002010-039,文化里,1042,871251,836,632,346,1062,767.22,91.76,"102Y"
,10002,宜蘭縣,10002010,宜蘭市,10002010-040,復興里,895,703694,786,586,356,1006,740.62,94.2,"102Y"
X,10002,宜蘭縣,10002010,宜蘭市,10002010-999,其他,8,5982,748,642,461,903,498.59,66.68,"102Y"
,10002,宜蘭縣,10002020,羅東鎮,10002020-004,大新里,461,418027,907,568,326,1025,1731.55,190.95,"102Y"
,10002,宜蘭縣,10002020,羅東鎮,10002020-005,東安里,1076,828913,770,575,326,985,804.79,104.47,"102Y"
,10002,宜蘭縣,10002020,羅東鎮,10002020-006,新群里,774,550651,711,547,335,901,614.27,86.34,"102Y"
,10002,宜蘭縣,10002020,羅東鎮,10002020-007,羅莊里,846,634751,750,559,332,966,875.47,116.68,"102Y"
,10002,宜蘭縣,10002020,羅東鎮,10002020-008,南昌里,686,543391,792,594,349,985,790.25,99.76,"102Y"
,10002,宜蘭縣,10002020,羅東鎮,10002020-009,南豪里,403,281078,697,528,310,906,580.36,83.21,"102Y"
,10002,宜蘭縣,10002020,羅東鎮,10002020-010,成功里,479,352493,736,615,338,912,617.88,83.96,"102Y"
,10002,宜蘭縣,10002020,羅東鎮,10002020-011,仁德里,331,258373,781,533,345,940,968.23,124.04,"102Y"
,10002,宜蘭縣,10002020,羅東鎮,10002020-016,漢民里,1109,846757,764,551,320,897,1310.7,171.66,"102Y"
,10002,宜蘭縣,10002020,羅東鎮,10002020-017,西安里,876,605783,692,545,328,865,613.58,88.73,"102Y"
,10002,宜蘭縣,10002020,羅東鎮,10002020-018,北成里,861,788208,915,643,362,1157,901.41,98.47,"102Y"
,10002,宜蘭縣,10002020,羅東鎮,10002020-019,賢文里,1155,863587,748,548,304,941,704.24,94.19,"102Y"
,10002,宜蘭縣,10002020,羅東鎮,10002020-020,公正里,886,741256,837,616,336,994,1107.62,132.39,"102Y"
,10002,宜蘭縣,10002020,羅東鎮,10002020-021,集祥里,310,252244,814,553,291,1001,903.05,110.98,"102Y"
,10002,宜蘭縣,10002020,羅東鎮,10002020-022,信義里,1018,859253,844,613,368,1060,990.26,117.32,"102Y"
,10002,宜蘭縣,10002020,羅東鎮,10002020-023,竹林里,903,673879,746,545,334,916,746.85,100.08,"102Y"
,10002,宜蘭縣,10002020,羅東鎮,10002020-024,仁愛里,1133,898172,793,574,345,981,710.8,89.66,"102Y"
,10002,宜蘭縣,10002020,羅東鎮,10002020-025,樹林里,1237,1073545,868,629,353,1107,782.49,90.16,"102Y"
,10002,宜蘭縣,10002020,羅東鎮,10002020-026,國華里,1405,1199411,854,610,353,1079,849.63,99.53,"102Y"
,10002,宜蘭縣,10002020,羅東鎮,10002020-027,維揚里,890,695929,782,586,353,979,717.59,91.77,"102Y"
,10002,宜蘭縣,10002020,羅東鎮,10002020-028,開明里,391,272852,698,510,320,910,651.1,93.3,"102Y"
,10002,宜蘭縣,10002020,羅東鎮,10002020-029,中山里,399,275075,689,500,256,885,695.94,100.95,"102Y"
,10002,宜蘭縣,10002020,羅東鎮,10002020-030,仁和里,264,175022,663,506,294,825,585.22,88.27,"102Y"
X,10002,宜蘭縣,10002020,羅東鎮,10002020-999,其他,0,0,0,0,0,0,0,0,"102Y"
,10002,宜蘭縣,10002030,蘇澳鎮,10002030-001,龍德里,927,562007,606,486,318,757,504.73,83.25,"102Y"
,10002,宜蘭縣,10002030,蘇澳鎮,10002030-002,頂寮里,253,159681,631,524,325,755,508.53,80.57,"102Y"
,10002,宜蘭縣,10002030,蘇澳鎮,10002030-003,永榮里,1011,695238,688,564,344,876,523.82,76.17,"102Y"
,10002,宜蘭縣,10002030,蘇澳鎮,10002030-004,存仁里,231,146961,636,537,353,794,445.68,70.05,"102Y"
,10002,宜蘭縣,10002030,蘇澳鎮,10002030-005,港邊里,342,240037,702,521,341,829,628.78,89.59,"102Y"
,10002,宜蘭縣,10002030,蘇澳鎮,10002030-007,隘丁里,762,504624,662,547,361,811,507.07,76.57,"102Y"
,10002,宜蘭縣,10002030,蘇澳鎮,10002030-008,新城里,378,233795,619,506,350,825,437.6,70.75,"102Y"
,10002,宜蘭縣,10002030,蘇澳鎮,10002030-009,聖湖里,756,533769,706,571,352,876,615.67,87.2,"102Y"
,10002,宜蘭縣,10002030,蘇澳鎮,10002030-010,蘇西里,693,489284,706,551,326,897,606.48,85.9,"102Y"
,10002,宜蘭縣,10002030,蘇澳鎮,10002030-011,蘇北里,285,193803,680,535,299,868,560.82,82.47,"102Y"
,10002,宜蘭縣,10002030,蘇澳鎮,10002030-012,蘇南里,135,89424,662,505,332,722,656.35,99.09,"102Y"
,10002,宜蘭縣,10002030,蘇澳鎮,10002030-013,蘇東里,128,85221,666,531,303,804,664.18,99.76,"102Y"
,10002,宜蘭縣,10002030,蘇澳鎮,10002030-014,長安里,171,108456,634,561,337,818,435.98,68.74,"102Y"
,10002,宜蘭縣,10002030,蘇澳鎮,10002030-015,永光里,121,104155,861,490,303,823,1728.77,200.84,"102Y"
,10002,宜蘭縣,10002030,蘇澳鎮,10002030-016,永春里,152,92706,610,520,312,752,430.65,70.61,"102Y"
,10002,宜蘭縣,10002030,蘇澳鎮,10002030-017,永樂里,129,77960,604,427,305,670,892.93,147.75,"102Y"
,10002,宜蘭縣,10002030,蘇澳鎮,10002030-018,南安里,243,142576,587,488,268,823,449.53,76.62,"102Y"
,10002,宜蘭縣,10002030,蘇澳鎮,10002030-019,南正里,208,119724,576,513,327,748,386.85,67.21,"102Y"
,10002,宜蘭縣,10002030,蘇澳鎮,10002030-020,南成里,203,115900,571,482,325,701,416.28,72.91,"102Y"
,10002,宜蘭縣,10002030,蘇澳鎮,10002030-021,南興里,263,161433,614,469,314,757,539.89,87.96,"102Y"
,10002,宜蘭縣,10002030,蘇澳鎮,10002030-022,南寧里,206,157332,764,532,301,822,1071.33,140.27,"102Y"
,10002,宜蘭縣,10002030,蘇澳鎮,10002030-023,南建里,216,133513,618,485,309,727,588.5,95.21,"102Y"
,10002,宜蘭縣,10002030,蘇澳鎮,10002030-024,東澳里,70,40327,576,453,306,708,522.31,90.66,"102Y"
,10002,宜蘭縣,10002030,蘇澳鎮,10002030-025,南強里,154,91930,597,475,319,742,408.64,68.46,"102Y"
,10002,宜蘭縣,10002030,蘇澳鎮,10002030-026,朝陽里,96,57146,595,444,275,696,705.35,118.49,"102Y"
,10002,宜蘭縣,10002030,蘇澳鎮,10002030-027,聖愛里,745,484788,651,524,343,807,498.81,76.65,"102Y"
X,10002,宜蘭縣,10002030,蘇澳鎮,10002030-999,其他,1,152,152,152,152,152,0,0,"102Y"
,10002,宜蘭縣,10002040,頭城鎮,10002040-001,石城里,57,32806,576,451,266,729,485.63,84.38,"102Y"
,10002,宜蘭縣,10002040,頭城鎮,10002040-002,大里里,119,68428,575,508,313,716,476.29,82.83,"102Y"
,10002,宜蘭縣,10002040,頭城鎮,10002040-003,大溪里,159,87734,552,460,280,697,565.16,102.42,"102Y"
,10002,宜蘭縣,10002040,頭城鎮,10002040-004,合興里,73,41693,571,386,266,720,501.8,87.86,"102Y"
,10002,宜蘭縣,10002040,頭城鎮,10002040-005,更新里,259,152611,589,433,259,685,680.06,115.41,"102Y"
,10002,宜蘭縣,10002040,頭城鎮,10002040-006,外澳里,160,125981,787,564,321,872,1177.36,149.53,"102Y"
,10002,宜蘭縣,10002040,頭城鎮,10002040-007,港口里,154,100724,654,428,256,734,888.52,135.85,"102Y"
,10002,宜蘭縣,10002040,頭城鎮,10002040-008,武營里,394,287720,730,546,312,979,673.2,92.19,"102Y"
,10002,宜蘭縣,10002040,頭城鎮,10002040-009,大坑里,282,165483,587,433,287,745,498.23,84.9,"102Y"
,10002,宜蘭縣,10002040,頭城鎮,10002040-010,城東里,211,140084,664,503,304,811,569.29,85.75,"102Y"
,10002,宜蘭縣,10002040,頭城鎮,10002040-011,城北里,136,88626,652,566,284,843,499.57,76.66,"102Y"
,10002,宜蘭縣,10002040,頭城鎮,10002040-012,城西里,175,119340,682,477,301,755,723.92,106.16,"102Y"
,10002,宜蘭縣,10002040,頭城鎮,10002040-013,城南里,192,133334,694,527,333,824,589.34,84.86,"102Y"
,10002,宜蘭縣,10002040,頭城鎮,10002040-014,竹安里,422,232565,551,458,283,682,431.09,78.22,"102Y"
,10002,宜蘭縣,10002040,頭城鎮,10002040-015,新建里,513,357287,696,556,323,863,594.76,85.4,"102Y"
,10002,宜蘭縣,10002040,頭城鎮,10002040-016,拔雅里,469,315080,672,510,316,801,602.16,89.63,"102Y"
,10002,宜蘭縣,10002040,頭城鎮,10002040-017,福成里,242,150061,620,482,300,753,540.48,87.16,"102Y"
,10002,宜蘭縣,10002040,頭城鎮,10002040-018,金面里,449,264229,588,493,299,743,439.74,74.72,"102Y"
,10002,宜蘭縣,10002040,頭城鎮,10002040-019,金盈里,205,133624,652,503,311,777,634.29,97.31,"102Y"
,10002,宜蘭縣,10002040,頭城鎮,10002040-020,頂埔里,369,226830,615,469,288,733,609.73,99.19,"102Y"
,10002,宜蘭縣,10002040,頭城鎮,10002040-021,下埔里,215,138863,646,502,304,810,533.73,82.64,"102Y"
,10002,宜蘭縣,10002040,頭城鎮,10002040-022,中崙里,249,142058,571,434,254,724,509.45,89.3,"102Y"
,10002,宜蘭縣,10002040,頭城鎮,10002040-023,二城里,296,161128,544,422,248,733,447.17,82.15,"102Y"
,10002,宜蘭縣,10002040,頭城鎮,10002040-024,龜山里,102,58300,572,482,261,714,482.25,84.37,"102Y"
X,10002,宜蘭縣,10002040,頭城鎮,10002040-999,其他,0,0,0,0,0,0,0,0,"102Y"
,10002,宜蘭縣,10002050,礁溪鄉,10002050-001,白雲村,416,257435,619,492,282,791,520.14,84.05,"102Y"
,10002,宜蘭縣,10002050,礁溪鄉,10002050-002,玉石村,517,382818,740,530,308,886,1168.62,157.82,"102Y"
,10002,宜蘭縣,10002050,礁溪鄉,10002050-003,德陽村,1100,854948,777,555,333,975,965.26,124.19,"102Y"
,10002,宜蘭縣,10002050,礁溪鄉,10002050-004,大忠村,749,527487,704,530,327,846,638.89,90.72,"102Y"
,10002,宜蘭縣,10002050,礁溪鄉,10002050-005,大義村,163,99127,608,528,262,838,468.27,77,"102Y"
,10002,宜蘭縣,10002050,礁溪鄉,10002050-006,六結村,430,333090,775,550,328,1040,716.1,92.44,"102Y"
,10002,宜蘭縣,10002050,礁溪鄉,10002050-007,二龍村,293,188256,643,527,317,770,515.63,80.25,"102Y"
,10002,宜蘭縣,10002050,礁溪鄉,10002050-008,時潮村,343,227075,662,472,295,753,916.66,138.46,"102Y"
,10002,宜蘭縣,10002050,礁溪鄉,10002050-009,玉田村,542,360718,666,516,300,864,555.15,83.41,"102Y"
,10002,宜蘭縣,10002050,礁溪鄉,10002050-010,三民村,616,365952,594,500,320,738,443.86,74.71,"102Y"
,10002,宜蘭縣,10002050,礁溪鄉,10002050-011,林美村,269,174323,648,488,317,753,612.49,94.51,"102Y"
,10002,宜蘭縣,10002050,礁溪鄉,10002050-012,白鵝村,203,124782,615,457,315,727,506.06,82.33,"102Y"
,10002,宜蘭縣,10002050,礁溪鄉,10002050-013,玉光村,254,171313,674,499,290,832,622.37,92.28,"102Y"
,10002,宜蘭縣,10002050,礁溪鄉,10002050-014,光武村,320,227099,710,561,288,840,672.08,94.7,"102Y"
,10002,宜蘭縣,10002050,礁溪鄉,10002050-015,吳沙村,679,503457,741,526,321,905,821.79,110.83,"102Y"
,10002,宜蘭縣,10002050,礁溪鄉,10002050-016,龍潭村,833,501071,602,470,311,743,483.16,80.32,"102Y"
,10002,宜蘭縣,10002050,礁溪鄉,10002050-017,匏崙村,191,112430,589,475,287,720,463.03,78.66,"102Y"
,10002,宜蘭縣,10002050,礁溪鄉,10002050-018,二結村,112,71920,642,485,297,901,738.96,115.08,"102Y"
X,10002,宜蘭縣,10002050,礁溪鄉,10002050-999,其他,0,0,0,0,0,0,0,0,"102Y"
,10002,宜蘭縣,10002060,壯圍鄉,10002060-001,吉祥村,636,444570,699,522,306,852,704.17,100.74,"102Y"
,10002,宜蘭縣,10002060,壯圍鄉,10002060-002,美福村,435,286553,659,527,308,830,560.85,85.14,"102Y"
,10002,宜蘭縣,10002060,壯圍鄉,10002060-003,新南村,220,135864,618,465,288,796,496.32,80.37,"102Y"
,10002,宜蘭縣,10002060,壯圍鄉,10002060-004,東港村,195,107599,552,465,262,665,467.47,84.72,"102Y"
,10002,宜蘭縣,10002060,壯圍鄉,10002060-005,復興村,322,185627,576,488,283,777,423.24,73.42,"102Y"
,10002,宜蘭縣,10002060,壯圍鄉,10002060-006,過嶺村,312,189596,608,447,276,730,572.63,94.23,"102Y"
,10002,宜蘭縣,10002060,壯圍鄉,10002060-007,永鎮村,145,93098,642,488,262,755,892.93,139.07,"102Y"
,10002,宜蘭縣,10002060,壯圍鄉,10002060-008,忠孝村,541,354595,655,490,303,785,620.87,94.73,"102Y"
,10002,宜蘭縣,10002060,壯圍鄉,10002060-009,古亭村,382,247789,649,492,307,865,526.07,81.1,"102Y"
,10002,宜蘭縣,10002060,壯圍鄉,10002060-010,功勞村,295,218997,742,570,315,965,674.84,90.9,"102Y"
,10002,宜蘭縣,10002060,壯圍鄉,10002060-011,美城村,518,376096,726,523,322,876,728.67,100.36,"102Y"
,10002,宜蘭縣,10002060,壯圍鄉,10002060-012,新社村,217,148957,686,508,297,815,709.44,103.35,"102Y"
,10002,宜蘭縣,10002060,壯圍鄉,10002060-013,大福村,407,246020,604,456,294,750,515.68,85.31,"102Y"
,10002,宜蘭縣,10002060,壯圍鄉,10002060-014,古結村,267,183493,687,537,328,868,597.43,86.93,"102Y"
X,10002,宜蘭縣,10002060,壯圍鄉,10002060-999,其他,0,0,0,0,0,0,0,0,"102Y"
,10002,宜蘭縣,10002070,員山鄉,10002070-001,員山村,1581,1246653,789,569,342,965,1113.21,141.18,"102Y"
,10002,宜蘭縣,10002070,員山鄉,10002070-002,尚德村,554,388300,701,524,310,882,659.31,94.07,"102Y"
,10002,宜蘭縣,10002070,員山鄉,10002070-003,惠好村,376,259764,691,537,319,923,569.85,82.48,"102Y"
,10002,宜蘭縣,10002070,員山鄉,10002070-004,七賢村,299,220151,736,542,298,879,771.21,104.74,"102Y"
,10002,宜蘭縣,10002070,員山鄉,10002070-005,深溝村,412,319448,775,520,304,919,1528.61,197.15,"102Y"
,10002,宜蘭縣,10002070,員山鄉,10002070-006,蓁巷村,291,171047,588,419,265,721,881.97,150.05,"102Y"
,10002,宜蘭縣,10002070,員山鄉,10002070-007,內城村,332,188308,567,435,289,694,703.76,124.08,"102Y"
,10002,宜蘭縣,10002070,員山鄉,10002070-008,中華村,124,66975,540,381,247,704,497.82,92.17,"102Y"
,10002,宜蘭縣,10002070,員山鄉,10002070-009,永和村,442,274108,620,467,276,768,553.4,89.24,"102Y"
,10002,宜蘭縣,10002070,員山鄉,10002070-010,頭分村,350,220854,631,491,304,782,524.51,83.12,"102Y"
,10002,宜蘭縣,10002070,員山鄉,10002070-011,枕山村,519,355738,685,504,297,780,947.93,138.3,"102Y"
,10002,宜蘭縣,10002070,員山鄉,10002070-012,同樂村,550,359524,654,472,282,745,1264.14,193.39,"102Y"
,10002,宜蘭縣,10002070,員山鄉,10002070-013,湖東村,188,111511,593,463,279,776,488.94,82.43,"102Y"
,10002,宜蘭縣,10002070,員山鄉,10002070-014,逸仙村,207,153199,740,537,319,855,775.86,104.83,"102Y"
,10002,宜蘭縣,10002070,員山鄉,10002070-015,湖北村,252,158648,630,485,280,792,580.37,92.19,"102Y"
,10002,宜蘭縣,10002070,員山鄉,10002070-016,湖西村,287,252517,880,481,270,773,3951.33,449.09,"102Y"
X,10002,宜蘭縣,10002070,員山鄉,10002070-999,其他,0,0,0,0,0,0,0,0,"102Y"
,10002,宜蘭縣,10002080,冬山鄉,10002080-001,武淵村,357,255130,715,499,322,856,992.73,138.91,"102Y"
,10002,宜蘭縣,10002080,冬山鄉,10002080-002,珍珠村,490,395725,808,565,331,950,913.73,113.14,"102Y"
,10002,宜蘭縣,10002080,冬山鄉,10002080-003,補城村,303,235092,776,595,351,947,890.66,114.79,"102Y"
,10002,宜蘭縣,10002080,冬山鄉,10002080-004,三奇村,246,151414,616,526,315,844,428.31,69.59,"102Y"
,10002,宜蘭縣,10002080,冬山鄉,10002080-005,大興村,295,192991,654,523,325,844,516.35,78.93,"102Y"
,10002,宜蘭縣,10002080,冬山鄉,10002080-006,東城村,449,292825,652,538,314,825,554.83,85.07,"102Y"
,10002,宜蘭縣,10002080,冬山鄉,10002080-007,香和村,866,613726,709,568,334,908,601.55,84.88,"102Y"
,10002,宜蘭縣,10002080,冬山鄉,10002080-008,南興村,937,731954,781,625,359,1000,643.7,82.4,"102Y"
,10002,宜蘭縣,10002080,冬山鄉,10002080-009,冬山村,216,143372,664,534,289,839,579.73,87.34,"102Y"
,10002,宜蘭縣,10002080,冬山鄉,10002080-010,安平村,196,116592,595,455,312,680,537.31,90.33,"102Y"
,10002,宜蘭縣,10002080,冬山鄉,10002080-011,太和村,413,287262,696,541,345,838,579.28,83.28,"102Y"
,10002,宜蘭縣,10002080,冬山鄉,10002080-012,八寶村,248,153069,617,513,325,809,433.36,70.21,"102Y"
,10002,宜蘭縣,10002080,冬山鄉,10002080-013,丸山村,385,271309,705,541,328,855,801.95,113.8,"102Y"
,10002,宜蘭縣,10002080,冬山鄉,10002080-014,中山村,108,70691,655,497,362,745,556.4,85,"102Y"
,10002,宜蘭縣,10002080,冬山鄉,10002080-015,順安村,1439,898025,624,496,310,790,507.84,81.38,"102Y"
,10002,宜蘭縣,10002080,冬山鄉,10002080-016,永美村,949,780182,822,601,360,979,1913.41,232.74,"102Y"
,10002,宜蘭縣,10002080,冬山鄉,10002080-017,群英村,1452,979591,675,529,330,824,554.78,82.23,"102Y"
,10002,宜蘭縣,10002080,冬山鄉,10002080-018,清溝村,1129,854238,757,578,363,946,636.31,84.1,"102Y"
,10002,宜蘭縣,10002080,冬山鄉,10002080-019,鹿埔村,642,426252,664,514,308,794,869.96,131.03,"102Y"
,10002,宜蘭縣,10002080,冬山鄉,10002080-020,得安村,264,161311,611,453,276,736,647.54,105.98,"102Y"
,10002,宜蘭縣,10002080,冬山鄉,10002080-021,廣興村,751,495418,660,496,315,816,715.49,108.46,"102Y"
,10002,宜蘭縣,10002080,冬山鄉,10002080-022,廣安村,471,346089,735,561,333,961,666.41,90.69,"102Y"
,10002,宜蘭縣,10002080,冬山鄉,10002080-023,柯林村,435,336756,774,588,325,1049,661.2,85.41,"102Y"
,10002,宜蘭縣,10002080,冬山鄉,10002080-024,大進村,164,108677,663,465,287,694,970.53,146.46,"102Y"
X,10002,宜蘭縣,10002080,冬山鄉,10002080-999,其他,0,0,0,0,0,0,0,0,"102Y"
,10002,宜蘭縣,10002090,五結鄉,10002090-001,三興村,556,393867,708,546,319,865,644.88,91.03,"102Y"
,10002,宜蘭縣,10002090,五結鄉,10002090-002,二結村,547,446872,817,602,356,986,1058.39,129.55,"102Y"
,10002,宜蘭縣,10002090,五結鄉,10002090-003,鎮安村,726,494342,681,560,348,877,552.33,81.12,"102Y"
,10002,宜蘭縣,10002090,五結鄉,10002090-004,上四村,461,289631,628,523,303,824,483.47,76.95,"102Y"
,10002,宜蘭縣,10002090,五結鄉,10002090-005,中興村,386,257374,667,512,309,872,572.72,85.89,"102Y"
,10002,宜蘭縣,10002090,五結鄉,10002090-006,四結村,790,657747,833,598,356,1033,940.32,112.94,"102Y"
,10002,宜蘭縣,10002090,五結鄉,10002090-007,福興村,532,376761,708,541,311,879,652.4,92.12,"102Y"
,10002,宜蘭縣,10002090,五結鄉,10002090-008,五結村,1028,735363,715,552,339,930,597.6,83.54,"102Y"
,10002,宜蘭縣,10002090,五結鄉,10002090-009,大吉村,968,633897,655,516,317,847,559.44,85.43,"102Y"
,10002,宜蘭縣,10002090,五結鄉,10002090-010,協和村,873,640225,733,541,329,906,706.78,96.38,"102Y"
,10002,宜蘭縣,10002090,五結鄉,10002090-011,孝威村,388,234365,604,465,298,737,513.37,84.99,"102Y"
,10002,宜蘭縣,10002090,五結鄉,10002090-012,錦眾村,332,207960,626,502,288,768,519.82,82.99,"102Y"
,10002,宜蘭縣,10002090,五結鄉,10002090-013,利澤村,538,327771,609,490,304,770,506.4,83.12,"102Y"
,10002,宜蘭縣,10002090,五結鄉,10002090-014,成興村,752,492348,655,518,318,781,1009.24,154.15,"102Y"
,10002,宜蘭縣,10002090,五結鄉,10002090-015,季新村,697,407241,584,464,279,733,501.41,85.82,"102Y"
X,10002,宜蘭縣,10002090,五結鄉,10002090-999,其他,1,587,587,587,587,587,0,0,"102Y"
,10002,宜蘭縣,10002100,三星鄉,10002100-001,員山村,49,28677,585,418,298,753,446.32,76.26,"102Y"
,10002,宜蘭縣,10002100,三星鄉,10002100-002,天山村,126,79983,635,463,298,819,587.75,92.59,"102Y"
,10002,宜蘭縣,10002100,三星鄉,10002100-003,天福村,119,81390,684,511,293,877,720.23,105.3,"102Y"
,10002,宜蘭縣,10002100,三星鄉,10002100-004,雙賢村,121,82116,679,562,307,924,506.82,74.68,"102Y"
,10002,宜蘭縣,10002100,三星鄉,10002100-005,人和村,97,71988,742,544,335,859,775.13,104.44,"102Y"
,10002,宜蘭縣,10002100,三星鄉,10002100-006,義德村,277,194617,703,538,352,844,660.34,93.99,"102Y"
,10002,宜蘭縣,10002100,三星鄉,10002100-007,集慶村,274,182308,665,518,323,822,571.79,85.94,"102Y"
,10002,宜蘭縣,10002100,三星鄉,10002100-008,月眉村,210,139878,666,483,304,822,669.5,100.51,"102Y"
,10002,宜蘭縣,10002100,三星鄉,10002100-009,拱照村,225,154488,687,510,319,905,612.54,89.21,"102Y"
,10002,宜蘭縣,10002100,三星鄉,10002100-010,大隱村,1027,679998,662,507,314,807,663.3,100.18,"102Y"
,10002,宜蘭縣,10002100,三星鄉,10002100-011,行健村,188,133599,711,488,286,846,906.28,127.53,"102Y"
,10002,宜蘭縣,10002100,三星鄉,10002100-012,萬德村,126,78980,627,478,315,762,576.88,92.03,"102Y"
,10002,宜蘭縣,10002100,三星鄉,10002100-013,貴林村,97,65357,674,534,329,807,541.05,80.3,"102Y"
,10002,宜蘭縣,10002100,三星鄉,10002100-014,萬富村,166,138894,837,559,361,1028,792.95,94.77,"102Y"
,10002,宜蘭縣,10002100,三星鄉,10002100-015,大義村,296,220364,744,495,277,927,822,110.41,"102Y"
,10002,宜蘭縣,10002100,三星鄉,10002100-016,尚武村,177,99412,562,468,288,765,378.15,67.33,"102Y"
,10002,宜蘭縣,10002100,三星鄉,10002100-017,大洲村,412,343286,833,564,316,921,1245.96,149.54,"102Y"
,10002,宜蘭縣,10002100,三星鄉,10002100-018,尾塹村,349,245056,702,578,349,897,503.67,71.73,"102Y"
X,10002,宜蘭縣,10002100,三星鄉,10002100-999,其他,0,0,0,0,0,0,0,0,"102Y"
,10002,宜蘭縣,10002110,大同鄉,10002110-001,寒溪村,175,108978,623,418,273,822,691.45,111.03,"102Y"
,10002,宜蘭縣,10002110,大同鄉,10002110-002,崙埤村,103,64267,624,558,355,763,380.59,61,"102Y"
,10002,宜蘭縣,10002110,大同鄉,10002110-003,松羅村,108,66317,614,507,342,777,391.35,63.73,"102Y"
,10002,宜蘭縣,10002110,大同鄉,10002110-004,復興村,39,20190,518,407,300,593,480.29,92.78,"102Y"
,10002,宜蘭縣,10002110,大同鄉,10002110-005,英士村,35,18140,518,349,270,685,459.81,88.72,"102Y"
,10002,宜蘭縣,10002110,大同鄉,10002110-006,樂水村,37,24440,661,622,406,887,403.03,61.01,"102Y"
,10002,宜蘭縣,10002110,大同鄉,10002110-007,太平村,13,6674,513,272,228,616,535.43,104.29,"102Y"
,10002,宜蘭縣,10002110,大同鄉,10002110-008,四季村,72,55834,775,725,437,974,454.36,58.59,"102Y"
,10002,宜蘭縣,10002110,大同鄉,10002110-009,南山村,39,23666,607,567,343,835,337.78,55.66,"102Y"
,10002,宜蘭縣,10002110,大同鄉,10002110-010,茂安村,24,15353,640,616,328,761,472.47,73.86,"102Y"
X,10002,宜蘭縣,10002110,大同鄉,10002110-999,其他,0,0,0,0,0,0,0,0,"102Y"
,10002,宜蘭縣,10002120,南澳鄉,10002120-001,南澳村,279,188719,676,568,363,863,479.17,70.84,"102Y"
,10002,宜蘭縣,10002120,南澳鄉,10002120-002,碧候村,168,87787,523,492,297,655,341.68,65.39,"102Y"
,10002,宜蘭縣,10002120,南澳鄉,10002120-003,東岳村,108,79334,735,626,387,905,539.53,73.45,"102Y"
,10002,宜蘭縣,10002120,南澳鄉,10002120-004,金岳村,66,39229,594,576,376,727,401.46,67.54,"102Y"
,10002,宜蘭縣,10002120,南澳鄉,10002120-005,武塔村,83,59316,715,570,308,921,579.06,81.03,"102Y"
,10002,宜蘭縣,10002120,南澳鄉,10002120-006,金洋村,82,46374,566,533,334,732,349.75,61.84,"102Y"
,10002,宜蘭縣,10002120,南澳鄉,10002120-007,澳花村,188,106101,564,489,285,690,436.89,77.41,"102Y"
X,10002,宜蘭縣,10002120,南澳鄉,10002120-999,其他,1,747,747,747,747,747,0,0,"102Y"
,10003,桃園縣,10003010,桃園市,10003010-001,文化里,268,295957,1104,616,358,1244,1787.24,161.84,"102Y"
,10003,桃園縣,10003010,桃園市,10003010-002,文明里,521,487727,936,652,349,1117,1099.07,117.41,"102Y"
,10003,桃園縣,10003010,桃園市,10003010-003,武陵里,526,547704,1041,661,369,1105,1826.92,175.45,"102Y"
,10003,桃園縣,10003010,桃園市,10003010-004,大林里,3299,2809441,852,618,388,1035,1404.49,164.92,"102Y"
,10003,桃園縣,10003010,桃園市,10003010-005,忠義里,2705,2608184,964,711,415,1211,1014.04,105.17,"102Y"
,10003,桃園縣,10003010,桃園市,10003010-006,會稽里,2878,2470197,858,641,371,1089,808.12,94.15,"102Y"
,10003,桃園縣,10003010,桃園市,10003010-007,長美里,289,209012,723,516,308,910,681.61,94.25,"102Y"
,10003,桃園縣,10003010,桃園市,10003010-008,民生里,535,515446,963,589,353,1083,1692.91,175.71,"102Y"
,10003,桃園縣,10003010,桃園市,10003010-009,永興里,582,506112,870,563,314,1006,1074.82,123.6,"102Y"
,10003,桃園縣,10003010,桃園市,10003010-010,汴洲里,1500,1152629,768,581,345,942,855.9,111.38,"102Y"
,10003,桃園縣,10003010,桃園市,10003010-011,永安里,1446,1114722,771,568,343,998,706.2,91.61,"102Y"
,10003,桃園縣,10003010,桃園市,10003010-012,東埔里,1364,1025910,752,545,327,956,919.66,122.27,"102Y"
,10003,桃園縣,10003010,桃園市,10003010-013,東門里,1053,927597,881,580,314,1088,961.36,109.13,"102Y"
,10003,桃園縣,10003010,桃園市,10003010-014,東山里,573,504261,880,617,367,1014,981.05,111.48,"102Y"
,10003,桃園縣,10003010,桃園市,10003010-015,萬壽里,347,264664,763,566,318,977,695.61,91.2,"102Y"
,10003,桃園縣,10003010,桃園市,10003010-016,長安里,1069,836483,782,551,339,941,1022.41,130.66,"102Y"
,10003,桃園縣,10003010,桃園市,10003010-017,中埔里,758,633828,836,588,351,1035,967.8,115.74,"102Y"
,10003,桃園縣,10003010,桃園市,10003010-018,西埔里,1061,933475,880,619,374,1120,861.5,97.92,"102Y"
,10003,桃園縣,10003010,桃園市,10003010-019,西門里,504,510827,1014,546,331,1064,1985.34,195.88,"102Y"
,10003,桃園縣,10003010,桃園市,10003010-020,中和里,444,416437,938,534,297,1006,1869.58,199.33,"102Y"
,10003,桃園縣,10003010,桃園市,10003010-021,文昌里,338,262033,775,536,320,1041,717.28,92.52,"102Y"
,10003,桃園縣,10003010,桃園市,10003010-022,新埔里,2999,3389601,1130,750,418,1377,1337.56,118.34,"102Y"
,10003,桃園縣,10003010,桃園市,10003010-023,中山里,2058,2108939,1025,698,402,1290,1072.84,104.69,"102Y"
,10003,桃園縣,10003010,桃園市,10003010-024,慈文里,1922,1519989,791,595,367,1018,673.86,85.21,"102Y"
,10003,桃園縣,10003010,桃園市,10003010-025,西湖里,487,477137,980,641,346,1142,1370.53,139.89,"102Y"
,10003,桃園縣,10003010,桃園市,10003010-026,南門里,1897,1704979,899,620,366,1090,1097.17,122.07,"102Y"
,10003,桃園縣,10003010,桃園市,10003010-027,南華里,441,379812,861,514,324,1003,1217.21,141.33,"102Y"
,10003,桃園縣,10003010,桃園市,10003010-028,玉山里,1755,1465321,835,570,345,1006,837.27,100.28,"102Y"
,10003,桃園縣,10003010,桃園市,10003010-029,中成里,1412,1282176,908,618,369,1026,1157.79,127.5,"102Y"
,10003,桃園縣,10003010,桃園市,10003010-030,中正里,1682,1774234,1055,668,382,1251,2665.41,252.68,"102Y"
,10003,桃園縣,10003010,桃園市,10003010-031,北門里,524,406496,776,529,321,861,1179.69,152.07,"102Y"
,10003,桃園縣,10003010,桃園市,10003010-032,雲林里,2108,1976634,938,654,384,1195,1150.72,122.72,"102Y"
,10003,桃園縣,10003010,桃園市,10003010-033,福林里,1928,1682668,873,636,382,1088,799,91.55,"102Y"
,10003,桃園縣,10003010,桃園市,10003010-034,光興里,1861,1871269,1006,668,388,1246,1175.01,116.86,"102Y"
,10003,桃園縣,10003010,桃園市,10003010-035,龍山里,1121,787450,702,515,340,832,672.65,95.76,"102Y"
,10003,桃園縣,10003010,桃園市,10003010-036,龍岡里,1874,1679882,896,689,400,1142,827.77,92.34,"102Y"
,10003,桃園縣,10003010,桃園市,10003010-037,成功里,1481,1650449,1114,682,364,1313,2034.56,182.57,"102Y"
,10003,桃園縣,10003010,桃園市,10003010-038,青溪里,1495,1308888,876,587,341,988,1225.3,139.95,"102Y"
,10003,桃園縣,10003010,桃園市,10003010-039,朝陽里,642,510140,795,584,336,1000,706.25,88.88,"102Y"
,10003,桃園縣,10003010,桃園市,10003010-040,中興里,1769,1554471,879,614,373,1076,847.58,96.45,"102Y"
,10003,桃園縣,10003010,桃園市,10003010-041,豐林里,2139,1738112,813,575,354,1025,831.88,102.38,"102Y"
,10003,桃園縣,10003010,桃園市,10003010-042,建國里,1671,1278741,765,567,349,976,680.66,88.95,"102Y"
,10003,桃園縣,10003010,桃園市,10003010-043,大豐里,1620,1306405,806,591,353,1019,896.34,111.15,"102Y"
,10003,桃園縣,10003010,桃園市,10003010-044,福安里,1459,1362206,934,638,373,1159,1176.25,125.98,"102Y"
,10003,桃園縣,10003010,桃園市,10003010-045,三民里,1526,1811134,1187,685,392,1313,2185.21,184.12,"102Y"
,10003,桃園縣,10003010,桃園市,10003010-046,大興里,3445,3220653,935,656,381,1177,1019.47,109.05,"102Y"
,10003,桃園縣,10003010,桃園市,10003010-047,春日里,1967,1528958,777,617,370,973,648.17,83.39,"102Y"
,10003,桃園縣,10003010,桃園市,10003010-048,信光里,2080,1918959,923,621,367,1095,1780.95,193.04,"102Y"
,10003,桃園縣,10003010,桃園市,10003010-049,中寧里,2058,2251555,1094,797,428,1393,1358.04,124.13,"102Y"
,10003,桃園縣,10003010,桃園市,10003010-050,同安里,2524,3005843,1191,688,380,1387,1948.41,163.61,"102Y"
,10003,桃園縣,10003010,桃園市,10003010-051,莊敬里,2692,3476458,1291,772,421,1495,2174.82,168.41,"102Y"
,10003,桃園縣,10003010,桃園市,10003010-052,文中里,821,702748,856,627,359,1089,796.47,93.05,"102Y"
,10003,桃園縣,10003010,桃園市,10003010-053,泰山里,1325,1226908,926,637,373,1174,983.69,106.23,"102Y"
,10003,桃園縣,10003010,桃園市,10003010-054,中路里,1368,1175694,859,621,387,1065,841.53,97.92,"102Y"
,10003,桃園縣,10003010,桃園市,10003010-055,中德里,2118,1832701,865,616,378,1069,889.63,102.81,"102Y"
,10003,桃園縣,10003010,桃園市,10003010-056,龍祥里,1574,1414440,899,666,381,1143,826.19,91.94,"102Y"
,10003,桃園縣,10003010,桃園市,10003010-057,大有里,1461,1352925,926,709,400,1181,844.23,91.17,"102Y"
,10003,桃園縣,10003010,桃園市,10003010-058,寶山里,2529,2204450,872,651,385,1089,958.44,109.95,"102Y"
,10003,桃園縣,10003010,桃園市,10003010-059,龍鳳里,2279,2050202,900,673,390,1186,812.03,90.27,"102Y"
,10003,桃園縣,10003010,桃園市,10003010-060,龍安里,1674,1628594,973,707,414,1217,920.05,94.57,"102Y"
,10003,桃園縣,10003010,桃園市,10003010-061,自強里,2366,2874721,1215,754,416,1332,3901.2,321.08,"102Y"
,10003,桃園縣,10003010,桃園市,10003010-062,中信里,1842,1679385,912,655,377,1138,1395.73,153.09,"102Y"
,10003,桃園縣,10003010,桃園市,10003010-063,長德里,1547,1372039,887,625,376,1080,913.86,103.04,"102Y"
,10003,桃園縣,10003010,桃園市,10003010-064,中平里,1375,1150159,836,575,350,1068,826.87,98.85,"102Y"
,10003,桃園縣,10003010,桃園市,10003010-065,中原里,1490,1413044,948,687,400,1263,846.94,89.31,"102Y"
,10003,桃園縣,10003010,桃園市,10003010-066,中泰里,1445,1666011,1153,817,442,1501,1117.16,96.9,"102Y"
,10003,桃園縣,10003010,桃園市,10003010-067,南埔里,1469,1470552,1001,656,382,1184,2041.98,203.98,"102Y"
,10003,桃園縣,10003010,桃園市,10003010-068,寶慶里,2104,2581657,1227,874,474,1528,1833.79,149.45,"102Y"
,10003,桃園縣,10003010,桃園市,10003010-069,北埔里,1512,1539774,1018,765,425,1251,998.28,98.03,"102Y"
,10003,桃園縣,10003010,桃園市,10003010-070,中聖里,1838,2012373,1095,774,406,1437,1086.52,99.24,"102Y"
,10003,桃園縣,10003010,桃園市,10003010-071,龍壽里,1545,1327445,859,654,422,1089,719.21,83.71,"102Y"
,10003,桃園縣,10003010,桃園市,10003010-072,同德里,2059,2723317,1323,952,484,1681,2219.44,167.8,"102Y"
,10003,桃園縣,10003010,桃園市,10003010-073,明德里,1172,2126299,1814,811,422,1789,4022.7,221.73,"102Y"
,10003,桃園縣,10003010,桃園市,10003010-074,寶安里,2537,2622752,1034,755,420,1308,1054.27,101.98,"102Y"
,10003,桃園縣,10003010,桃園市,10003010-075,瑞慶里,1779,1715121,964,716,416,1186,936.49,97.14,"102Y"
,10003,桃園縣,10003010,桃園市,10003010-076,三元里,1126,1124037,998,727,401,1207,1154.57,115.66,"102Y"
X,10003,桃園縣,10003010,桃園市,10003010-999,其他,6,2958,493,492,318,556,296.39,60.12,"102Y"
,10003,桃園縣,10003020,中壢市,10003020-001,龍平里,782,556388,711,582,340,903,551.62,77.53,"102Y"
,10003,桃園縣,10003020,中壢市,10003020-002,龍昌里,1650,1198923,727,578,363,933,562.65,77.43,"102Y"
,10003,桃園縣,10003020,中壢市,10003020-003,仁德里,897,626166,698,582,366,957,476.82,68.31,"102Y"
,10003,桃園縣,10003020,中壢市,10003020-004,永興里,303,218923,723,518,299,895,801.53,110.94,"102Y"
,10003,桃園縣,10003020,中壢市,10003020-005,內壢里,657,505275,769,579,355,938,780.14,101.44,"102Y"
,10003,桃園縣,10003020,中壢市,10003020-006,成功里,1329,1091926,822,613,397,1014,905.87,110.25,"102Y"
,10003,桃園縣,10003020,中壢市,10003020-007,光明里,1837,1985544,1081,687,397,1276,2344.7,216.93,"102Y"
,10003,桃園縣,10003020,中壢市,10003020-008,自立里,1378,1005539,730,583,360,932,571.46,78.31,"102Y"
,10003,桃園縣,10003020,中壢市,10003020-009,自強里,1190,1124001,945,674,370,1198,934.45,98.93,"102Y"
,10003,桃園縣,10003020,中壢市,10003020-010,中堅里,1113,976422,877,717,430,1155,632.91,72.14,"102Y"
,10003,桃園縣,10003020,中壢市,10003020-011,龍興里,1340,1077689,804,631,387,1029,668.62,83.14,"102Y"
,10003,桃園縣,10003020,中壢市,10003020-012,仁美里,1766,1526125,864,635,384,1071,1038.86,120.21,"102Y"
,10003,桃園縣,10003020,中壢市,10003020-013,仁愛里,925,793071,857,593,363,1047,942.42,109.92,"102Y"
,10003,桃園縣,10003020,中壢市,10003020-014,新街里,687,645055,939,620,375,1141,1067.54,113.7,"102Y"
,10003,桃園縣,10003020,中壢市,10003020-015,中央里,1321,1237001,936,659,368,1189,919.99,98.25,"102Y"
,10003,桃園縣,10003020,中壢市,10003020-016,普仁里,1234,1011946,820,591,355,1069,726.02,88.53,"102Y"
,10003,桃園縣,10003020,中壢市,10003020-017,普義里,1349,1213880,900,678,394,1119,876.55,97.41,"102Y"
,10003,桃園縣,10003020,中壢市,10003020-018,忠義里,1097,956668,872,680,415,1106,790.58,90.65,"102Y"
,10003,桃園縣,10003020,中壢市,10003020-019,中正里,1479,1245919,842,613,373,1026,920.02,109.21,"102Y"
,10003,桃園縣,10003020,中壢市,10003020-020,興仁里,987,777677,788,593,363,951,802.23,101.82,"102Y"
,10003,桃園縣,10003020,中壢市,10003020-021,東興里,1070,1012480,946,650,380,1121,1157.1,122.28,"102Y"
,10003,桃園縣,10003020,中壢市,10003020-022,洽溪里,727,689548,948,711,408,1275,782.29,82.48,"102Y"
,10003,桃園縣,10003020,中壢市,10003020-023,篤行里,809,739110,914,663,413,1190,827.22,90.54,"102Y"
,10003,桃園縣,10003020,中壢市,10003020-024,新明里,1197,930375,777,579,356,958,728.92,93.78,"102Y"
,10003,桃園縣,10003020,中壢市,10003020-025,新興里,1297,1108805,855,635,379,1068,788.18,92.2,"102Y"
,10003,桃園縣,10003020,中壢市,10003020-026,中原里,1241,1005555,810,620,387,1036,695.97,85.89,"102Y"
,10003,桃園縣,10003020,中壢市,10003020-027,內定里,2097,1664635,794,620,375,1007,683.69,86.13,"102Y"
,10003,桃園縣,10003020,中壢市,10003020-028,中壢里,224,179076,799,578,305,1033,760.8,95.17,"102Y"
,10003,桃園縣,10003020,中壢市,10003020-029,龍岡里,1416,1099130,776,611,371,999,884.71,113.98,"102Y"
,10003,桃園縣,10003020,中壢市,10003020-030,仁祥里,802,535524,668,548,356,859,484.26,72.52,"102Y"
,10003,桃園縣,10003020,中壢市,10003020-031,水尾里,1167,1088717,933,572,355,1016,3040.04,325.86,"102Y"
,10003,桃園縣,10003020,中壢市,10003020-032,青埔里,714,684378,959,674,396,1175,1156,120.6,"102Y"
,10003,桃園縣,10003020,中壢市,10003020-033,復興里,2969,2547923,858,680,410,1103,692.66,80.71,"102Y"
,10003,桃園縣,10003020,中壢市,10003020-034,文化里,2900,2478058,855,621,390,1066,842.34,98.58,"102Y"
,10003,桃園縣,10003020,中壢市,10003020-035,興國里,683,551347,807,580,337,990,869.88,107.76,"102Y"
,10003,桃園縣,10003020,中壢市,10003020-036,忠福里,2375,2010493,847,625,366,1082,856.68,101.2,"102Y"
,10003,桃園縣,10003020,中壢市,10003020-037,信義里,1565,1515423,968,677,399,1243,998.59,103.13,"102Y"
,10003,桃園縣,10003020,中壢市,10003020-038,石頭里,596,610486,1024,659,329,1271,1270.11,124,"102Y"
,10003,桃園縣,10003020,中壢市,10003020-039,龍東里,1251,943848,754,583,363,952,664.37,88.06,"102Y"
,10003,桃園縣,10003020,中壢市,10003020-040,中建里,356,276700,777,485,274,952,875.13,112.59,"102Y"
,10003,桃園縣,10003020,中壢市,10003020-041,興南里,1048,955375,912,619,366,1122,947.81,103.97,"102Y"
,10003,桃園縣,10003020,中壢市,10003020-042,後寮里,1441,1160710,805,606,380,979,702.68,87.24,"102Y"
,10003,桃園縣,10003020,中壢市,10003020-043,過嶺里,1365,1356839,994,714,419,1262,914.11,91.96,"102Y"
,10003,桃園縣,10003020,中壢市,10003020-044,五權里,1928,1966599,1020,692,414,1223,1235.08,121.08,"102Y"
,10003,桃園縣,10003020,中壢市,10003020-045,舊明里,497,384357,773,519,305,929,954.21,123.39,"102Y"
,10003,桃園縣,10003020,中壢市,10003020-046,芝芭里,770,703804,914,657,385,1162,875.59,95.79,"102Y"
,10003,桃園縣,10003020,中壢市,10003020-047,月眉里,1274,984707,773,592,368,941,694.21,89.82,"102Y"
,10003,桃園縣,10003020,中壢市,10003020-048,三民里,903,729740,808,570,348,974,885.59,109.59,"102Y"
,10003,桃園縣,10003020,中壢市,10003020-049,山東里,988,757176,766,570,378,883,726.64,94.82,"102Y"
,10003,桃園縣,10003020,中壢市,10003020-050,中榮里,274,276189,1008,593,357,986,1764.15,175.02,"102Y"
,10003,桃園縣,10003020,中壢市,10003020-051,內厝里,1432,1419661,991,639,377,1152,1307.99,131.94,"102Y"
,10003,桃園縣,10003020,中壢市,10003020-052,振興里,1439,1133634,788,571,364,930,963.35,122.29,"102Y"
,10003,桃園縣,10003020,中壢市,10003020-053,普慶里,854,738378,865,632,381,1082,853.99,98.77,"102Y"
,10003,桃園縣,10003020,中壢市,10003020-054,興和里,887,696270,785,575,374,958,728.67,92.83,"102Y"
,10003,桃園縣,10003020,中壢市,10003020-055,永光里,1733,1679461,969,692,412,1206,1016.03,104.84,"102Y"
,10003,桃園縣,10003020,中壢市,10003020-056,復華里,1614,1260800,781,604,368,1012,651.88,83.45,"102Y"
,10003,桃園縣,10003020,中壢市,10003020-057,忠孝里,1540,1443675,937,701,411,1207,850.35,90.71,"102Y"
,10003,桃園縣,10003020,中壢市,10003020-058,福德里,854,693515,812,622,373,1051,670.91,82.62,"102Y"
,10003,桃園縣,10003020,中壢市,10003020-059,和平里,822,619698,754,581,364,972,641.04,85.03,"102Y"
,10003,桃園縣,10003020,中壢市,10003020-060,普忠里,1026,1056493,1030,716,396,1383,1009.21,98.01,"102Y"
,10003,桃園縣,10003020,中壢市,10003020-061,普強里,1217,1163229,956,636,365,1187,1392.28,145.66,"102Y"
,10003,桃園縣,10003020,中壢市,10003020-062,明德里,1552,1370601,883,636,386,1132,808.55,91.56,"102Y"
,10003,桃園縣,10003020,中壢市,10003020-063,至善里,1169,998414,854,651,403,1104,733.22,85.85,"102Y"
,10003,桃園縣,10003020,中壢市,10003020-064,五福里,993,732495,738,536,321,945,654.36,88.71,"102Y"
,10003,桃園縣,10003020,中壢市,10003020-065,龍德里,1234,1125162,912,725,424,1250,691.31,75.82,"102Y"
,10003,桃園縣,10003020,中壢市,10003020-066,正義里,1500,1299893,867,605,363,1064,871.26,100.54,"102Y"
,10003,桃園縣,10003020,中壢市,10003020-067,龍安里,559,426016,762,593,355,951,693.67,91.02,"102Y"
,10003,桃園縣,10003020,中壢市,10003020-068,中山里,1612,1403865,871,657,403,1122,762.3,87.53,"102Y"
,10003,桃園縣,10003020,中壢市,10003020-069,德義里,924,739530,800,592,353,1020,696.8,87.06,"102Y"
,10003,桃園縣,10003020,中壢市,10003020-070,仁義里,1255,1107946,883,661,382,1127,777.71,88.09,"102Y"
,10003,桃園縣,10003020,中壢市,10003020-071,華勛里,857,581708,679,558,353,890,486.95,71.74,"102Y"
,10003,桃園縣,10003020,中壢市,10003020-072,仁福里,1463,1148385,785,610,382,983,695.56,88.61,"102Y"
,10003,桃園縣,10003020,中壢市,10003020-073,幸福里,1887,1509067,800,595,360,1023,725.72,90.75,"102Y"
,10003,桃園縣,10003020,中壢市,10003020-074,永福里,1896,1582379,835,613,365,1044,759.19,90.97,"102Y"
,10003,桃園縣,10003020,中壢市,10003020-075,仁和里,1088,792694,729,616,394,941,489.37,67.17,"102Y"
,10003,桃園縣,10003020,中壢市,10003020-076,華愛里,1013,848103,837,610,370,1051,793.29,94.75,"102Y"
,10003,桃園縣,10003020,中壢市,10003020-077,莊敬里,1035,849884,821,648,364,1052,690.14,84.05,"102Y"
,10003,桃園縣,10003020,中壢市,10003020-078,自治里,976,858507,880,618,377,1112,894.37,101.68,"102Y"
,10003,桃園縣,10003020,中壢市,10003020-079,健行里,1523,1372994,902,681,388,1174,810.53,89.91,"102Y"
,10003,桃園縣,10003020,中壢市,10003020-080,興平里,824,651638,791,612,374,1002,696.68,88.1,"102Y"
,10003,桃園縣,10003020,中壢市,10003020-081,中興里,1035,896611,866,651,406,1090,731.78,84.47,"102Y"
,10003,桃園縣,10003020,中壢市,10003020-082,龍慈里,1456,1274217,875,677,395,1106,817.51,93.41,"102Y"
,10003,桃園縣,10003020,中壢市,10003020-083,自信里,1671,1556864,932,719,415,1211,965.53,103.63,"102Y"
,10003,桃園縣,10003020,中壢市,10003020-084,林森里,1229,1174871,956,650,376,1153,1102.83,115.36,"102Y"
,10003,桃園縣,10003020,中壢市,10003020-085,金華里,1496,2254955,1507,945,491,1876,2086.97,138.46,"102Y"
X,10003,桃園縣,10003020,中壢市,10003020-999,其他,13,8551,658,552,455,860,427.27,64.96,"102Y"
,10003,桃園縣,10003030,大溪鎮,10003030-001,興和里,471,355184,754,561,331,919,681.74,90.4,"102Y"
,10003,桃園縣,10003030,大溪鎮,10003030-002,福仁里,261,198489,760,462,290,799,1309.97,172.25,"102Y"
,10003,桃園縣,10003030,大溪鎮,10003030-003,一心里,1305,1085390,832,554,338,961,1785.66,214.7,"102Y"
,10003,桃園縣,10003030,大溪鎮,10003030-004,一德里,1393,939316,674,523,324,849,570.51,84.61,"102Y"
,10003,桃園縣,10003030,大溪鎮,10003030-005,月眉里,290,192931,665,519,346,758,592.57,89.07,"102Y"
,10003,桃園縣,10003030,大溪鎮,10003030-006,永福里,247,432033,1749,543,361,1163,5684.76,325.01,"102Y"
,10003,桃園縣,10003030,大溪鎮,10003030-007,美華里,767,535686,698,493,302,785,1289.65,184.65,"102Y"
,10003,桃園縣,10003030,大溪鎮,10003030-008,福安里,504,375543,745,535,318,867,719.02,96.5,"102Y"
,10003,桃園縣,10003030,大溪鎮,10003030-009,復興里,170,111291,655,507,317,787,578.17,88.32,"102Y"
,10003,桃園縣,10003030,大溪鎮,10003030-010,新峰里,116,96085,828,516,302,773,1805.66,217.99,"102Y"
,10003,桃園縣,10003030,大溪鎮,10003030-011,康安里,299,195204,653,484,325,796,602.42,92.27,"102Y"
,10003,桃園縣,10003030,大溪鎮,10003030-012,義和里,399,263519,660,487,309,750,634.17,96.02,"102Y"
,10003,桃園縣,10003030,大溪鎮,10003030-013,瑞興里,660,466715,707,504,304,757,1080.63,152.82,"102Y"
,10003,桃園縣,10003030,大溪鎮,10003030-014,中新里,417,270276,648,487,319,778,675.03,104.15,"102Y"
,10003,桃園縣,10003030,大溪鎮,10003030-015,仁義里,702,442611,630,495,323,815,487.86,77.38,"102Y"
,10003,桃園縣,10003030,大溪鎮,10003030-016,僑愛里,805,630142,783,644,368,1046,594.75,75.98,"102Y"
,10003,桃園縣,10003030,大溪鎮,10003030-017,仁善里,2081,1695667,815,597,367,1040,787,96.58,"102Y"
,10003,桃園縣,10003030,大溪鎮,10003030-018,仁愛里,1443,1078790,748,590,361,951,600.06,80.26,"102Y"
,10003,桃園縣,10003030,大溪鎮,10003030-019,仁武里,889,651395,733,540,333,932,625.48,85.36,"102Y"
,10003,桃園縣,10003030,大溪鎮,10003030-020,員林里,444,342702,772,547,350,946,722.69,93.63,"102Y"
,10003,桃園縣,10003030,大溪鎮,10003030-021,南興里,1349,877497,650,517,326,806,572.5,88.01,"102Y"
,10003,桃園縣,10003030,大溪鎮,10003030-022,瑞源里,1107,961426,868,624,380,1090,1025.66,118.1,"102Y"
,10003,桃園縣,10003030,大溪鎮,10003030-023,光明里,646,480948,745,569,347,922,694.34,93.26,"102Y"
,10003,桃園縣,10003030,大溪鎮,10003030-024,三元里,869,717645,826,639,384,1079,694.57,84.11,"102Y"
,10003,桃園縣,10003030,大溪鎮,10003030-025,田心里,1287,936538,728,551,338,910,689.69,94.78,"102Y"
,10003,桃園縣,10003030,大溪鎮,10003030-026,仁文里,948,605182,638,506,320,766,546.95,85.68,"102Y"
,10003,桃園縣,10003030,大溪鎮,10003030-027,仁和里,1273,1051356,826,596,372,1039,922.34,111.68,"102Y"
X,10003,桃園縣,10003030,大溪鎮,10003030-999,其他,1,292,292,292,292,292,0,0,"102Y"
,10003,桃園縣,10003040,楊梅市,10003040-001,楊梅里,1274,1094326,859,631,373,1097,801.45,93.3,"102Y"
,10003,桃園縣,10003040,楊梅市,10003040-002,楊江里,351,298509,850,602,340,1071,855.34,100.57,"102Y"
,10003,桃園縣,10003040,楊梅市,10003040-003,紅梅里,883,689707,781,585,377,926,1095.43,140.24,"102Y"
,10003,桃園縣,10003040,楊梅市,10003040-004,永寧里,2001,1701804,850,669,399,1103,697.07,81.96,"102Y"
,10003,桃園縣,10003040,楊梅市,10003040-005,大平里,1028,736186,716,544,360,869,761.19,106.29,"102Y"
,10003,桃園縣,10003040,楊梅市,10003040-006,東流里,831,568362,684,556,363,883,490.85,71.77,"102Y"
,10003,桃園縣,10003040,楊梅市,10003040-007,水美里,1325,998480,754,581,373,975,619.07,82.15,"102Y"
,10003,桃園縣,10003040,楊梅市,10003040-008,上田里,832,592891,713,549,344,931,558.3,78.35,"102Y"
,10003,桃園縣,10003040,楊梅市,10003040-009,梅新里,678,545904,805,593,368,999,710.67,88.26,"102Y"
,10003,桃園縣,10003040,楊梅市,10003040-010,大同里,1149,939974,818,608,380,1010,768,93.88,"102Y"
,10003,桃園縣,10003040,楊梅市,10003040-011,埔心里,461,334541,726,554,332,898,664,91.5,"102Y"
,10003,桃園縣,10003040,楊梅市,10003040-012,金龍里,312,199272,639,530,347,813,507.06,79.39,"102Y"
,10003,桃園縣,10003040,楊梅市,10003040-013,瑞塘里,1494,1096216,734,577,358,962,585.64,79.82,"102Y"
,10003,桃園縣,10003040,楊梅市,10003040-014,四維里,1466,1466528,1000,817,450,1330,812.73,81.24,"102Y"
,10003,桃園縣,10003040,楊梅市,10003040-015,梅溪里,1162,994120,856,627,379,1089,884.61,103.4,"102Y"
,10003,桃園縣,10003040,楊梅市,10003040-016,高山里,1249,981269,786,640,402,996,595.58,75.81,"102Y"
,10003,桃園縣,10003040,楊梅市,10003040-017,高榮里,984,749365,762,577,370,945,808.32,106.14,"102Y"
,10003,桃園縣,10003040,楊梅市,10003040-018,仁美里,1316,975571,741,571,358,947,613.81,82.8,"102Y"
,10003,桃園縣,10003040,楊梅市,10003040-019,光華里,1051,763647,727,536,329,914,668.79,92.04,"102Y"
,10003,桃園縣,10003040,楊梅市,10003040-020,富岡里,647,459682,710,551,360,886,609.18,85.74,"102Y"
,10003,桃園縣,10003040,楊梅市,10003040-021,豐野里,1174,872011,743,599,369,966,551.94,74.31,"102Y"
,10003,桃園縣,10003040,楊梅市,10003040-022,員本里,776,577145,744,573,355,952,651.13,87.55,"102Y"
,10003,桃園縣,10003040,楊梅市,10003040-023,瑞原里,1225,822636,672,513,348,874,547.85,81.58,"102Y"
,10003,桃園縣,10003040,楊梅市,10003040-024,三湖里,824,600505,729,548,347,925,661.95,90.83,"102Y"
,10003,桃園縣,10003040,楊梅市,10003040-025,上湖里,1629,1170122,718,568,369,940,530.2,73.81,"102Y"
,10003,桃園縣,10003040,楊梅市,10003040-026,中山里,1025,860588,840,613,380,1054,770.13,91.73,"102Y"
,10003,桃園縣,10003040,楊梅市,10003040-027,楊明里,1564,1410737,902,699,417,1133,792.54,87.86,"102Y"
,10003,桃園縣,10003040,楊梅市,10003040-028,金溪里,1300,1893060,1456,826,430,1601,3184.01,218.65,"102Y"
,10003,桃園縣,10003040,楊梅市,10003040-029,裕成里,1041,961281,923,666,388,1152,960.17,103.98,"102Y"
,10003,桃園縣,10003040,楊梅市,10003040-030,秀才里,1098,733316,668,529,350,853,507.96,76.06,"102Y"
,10003,桃園縣,10003040,楊梅市,10003040-031,青山里,1072,758547,708,572,359,876,666.5,94.19,"102Y"
,10003,桃園縣,10003040,楊梅市,10003040-032,新榮里,1156,983202,851,619,385,1034,740.51,87.07,"102Y"
,10003,桃園縣,10003040,楊梅市,10003040-033,雙榮里,1049,942881,899,683,423,1143,730.84,81.31,"102Y"
,10003,桃園縣,10003040,楊梅市,10003040-034,瑞坪里,1775,1430797,806,631,383,1029,651.74,80.85,"102Y"
,10003,桃園縣,10003040,楊梅市,10003040-035,永平里,594,429881,724,542,344,922,610.38,84.34,"102Y"
,10003,桃園縣,10003040,楊梅市,10003040-036,瑞溪里,951,769532,809,660,415,1018,593.61,73.36,"102Y"
,10003,桃園縣,10003040,楊梅市,10003040-037,高上里,825,582018,705,539,348,905,751.87,106.58,"102Y"
,10003,桃園縣,10003040,楊梅市,10003040-038,富豐里,824,601045,729,610,374,934,581.57,79.73,"102Y"
,10003,桃園縣,10003040,楊梅市,10003040-039,裕新里,615,496534,807,608,349,1045,710.43,87.99,"102Y"
,10003,桃園縣,10003040,楊梅市,10003040-040,三民里,1050,870287,829,649,398,1059,656.59,79.22,"102Y"
,10003,桃園縣,10003040,楊梅市,10003040-041,頭湖里,770,576041,748,589,391,923,603.47,80.67,"102Y"
X,10003,桃園縣,10003040,楊梅市,10003040-999,其他,0,0,0,0,0,0,0,0,"102Y"
,10003,桃園縣,10003050,蘆竹鄉,10003050-001,新興村,1032,788651,764,568,344,928,779.08,101.95,"102Y"
,10003,桃園縣,10003050,蘆竹鄉,10003050-002,中福村,1336,1134348,849,597,364,1000,1257.63,148.12,"102Y"
,10003,桃園縣,10003050,蘆竹鄉,10003050-003,新莊村,1501,1268392,845,632,378,1048,959.87,113.59,"102Y"
,10003,桃園縣,10003050,蘆竹鄉,10003050-004,大竹村,1415,1328967,939,634,387,1164,1182.25,125.88,"102Y"
,10003,桃園縣,10003050,蘆竹鄉,10003050-006,蘆竹村,1234,1085497,880,610,357,1091,988.32,112.35,"102Y"
,10003,桃園縣,10003050,蘆竹鄉,10003050-007,南崁村,1184,1296772,1095,642,362,1123,1975.86,180.4,"102Y"
,10003,桃園縣,10003050,蘆竹鄉,10003050-008,錦興村,1377,1270131,922,649,382,1152,975.13,105.72,"102Y"
,10003,桃園縣,10003050,蘆竹鄉,10003050-009,五福村,1211,1214448,1003,739,423,1201,1166.74,116.34,"102Y"
,10003,桃園縣,10003050,蘆竹鄉,10003050-010,內厝村,818,657435,804,562,334,937,949,118.08,"102Y"
,10003,桃園縣,10003050,蘆竹鄉,10003050-011,山鼻村,599,438189,732,535,341,890,814.15,111.29,"102Y"
,10003,桃園縣,10003050,蘆竹鄉,10003050-012,山腳村,1159,833251,719,550,357,882,644.84,89.69,"102Y"
,10003,桃園縣,10003050,蘆竹鄉,10003050-013,外社村,424,352430,831,587,356,913,1574.89,189.47,"102Y"
,10003,桃園縣,10003050,蘆竹鄉,10003050-014,坑子村,512,379664,742,542,367,845,1106.72,149.25,"102Y"
,10003,桃園縣,10003050,蘆竹鄉,10003050-015,坑口村,724,520230,719,550,369,880,584.48,81.34,"102Y"
,10003,桃園縣,10003050,蘆竹鄉,10003050-016,海湖村,1587,1042582,657,530,343,812,541.8,82.47,"102Y"
,10003,桃園縣,10003050,蘆竹鄉,10003050-017,南榮村,1190,1392334,1170,675,399,1142,3912.67,334.41,"102Y"
,10003,桃園縣,10003050,蘆竹鄉,10003050-018,南興村,2700,2869865,1063,809,460,1368,975.43,91.77,"102Y"
,10003,桃園縣,10003050,蘆竹鄉,10003050-019,長興村,906,647570,715,543,345,863,635.38,88.89,"102Y"
,10003,桃園縣,10003050,蘆竹鄉,10003050-020,錦中村,1116,1064106,954,635,370,1160,1119.01,117.36,"102Y"
,10003,桃園縣,10003050,蘆竹鄉,10003050-021,富竹村,429,366117,853,621,351,1043,1064.15,124.69,"102Y"
,10003,桃園縣,10003050,蘆竹鄉,10003050-022,上竹村,1129,966375,856,621,373,1009,892.54,104.27,"102Y"
,10003,桃園縣,10003050,蘆竹鄉,10003050-023,宏竹村,905,710087,785,596,389,940,973.84,124.12,"102Y"
,10003,桃園縣,10003050,蘆竹鄉,10003050-024,瓦窯村,976,801083,821,603,370,1091,687.51,83.76,"102Y"
,10003,桃園縣,10003050,蘆竹鄉,10003050-025,營盤村,1729,1761082,1019,761,422,1310,1099.4,107.94,"102Y"
,10003,桃園縣,10003050,蘆竹鄉,10003050-026,羊稠村,1972,2620546,1329,896,479,1618,1782.29,134.12,"102Y"
,10003,桃園縣,10003050,蘆竹鄉,10003050-027,順興村,984,999156,1015,833,488,1257,932.4,91.83,"102Y"
,10003,桃園縣,10003050,蘆竹鄉,10003050-028,福昌村,1503,1529183,1017,797,468,1332,857.61,84.29,"102Y"
,10003,桃園縣,10003050,蘆竹鄉,10003050-029,福興村,2201,2166190,984,781,464,1242,1021.02,103.74,"102Y"
,10003,桃園縣,10003050,蘆竹鄉,10003050-030,蘆興村,483,514829,1066,713,379,1304,1112.3,104.35,"102Y"
,10003,桃園縣,10003050,蘆竹鄉,10003050-031,長壽村,1595,1667246,1045,838,478,1410,851.57,81.47,"102Y"
,10003,桃園縣,10003050,蘆竹鄉,10003050-032,吉祥村,1065,1745051,1639,1149,609,1959,2905.02,177.29,"102Y"
,10003,桃園縣,10003050,蘆竹鄉,10003050-033,中山村,863,839120,972,756,439,1245,1029.71,105.9,"102Y"
,10003,桃園縣,10003050,蘆竹鄉,10003050-034,福祿村,990,937441,947,805,457,1248,681.65,71.99,"102Y"
,10003,桃園縣,10003050,蘆竹鄉,10003050-035,興榮村,844,831256,985,744,439,1325,820.67,83.33,"102Y"
,10003,桃園縣,10003050,蘆竹鄉,10003050-036,中興村,1138,1047944,921,750,464,1150,803.84,87.29,"102Y"
,10003,桃園縣,10003050,蘆竹鄉,10003050-037,上興村,925,898641,972,708,421,1190,964.44,99.27,"102Y"
,10003,桃園縣,10003050,蘆竹鄉,10003050-038,營福村,917,804728,878,708,416,1169,654.25,74.55,"102Y"
X,10003,桃園縣,10003050,蘆竹鄉,10003050-999,其他,4,2365,591,479,401,669,367.41,62.14,"102Y"
,10003,桃園縣,10003060,大園鄉,10003060-001,大園村,1832,1311170,716,546,328,881,658.67,92.03,"102Y"
,10003,桃園縣,10003060,大園鄉,10003060-002,田心村,1914,1417165,740,574,363,934,677.87,91.55,"102Y"
,10003,桃園縣,10003060,大園鄉,10003060-003,溪海村,1295,893674,690,562,362,889,512.2,74.22,"102Y"
,10003,桃園縣,10003060,大園鄉,10003060-004,和平村,452,327842,725,515,352,907,665.59,91.77,"102Y"
,10003,桃園縣,10003060,大園鄉,10003060-005,橫峰村,2563,2113051,824,602,371,1021,843.6,102.32,"102Y"
,10003,桃園縣,10003060,大園鄉,10003060-006,五權村,1452,1109117,764,572,372,922,697.35,91.29,"102Y"
,10003,桃園縣,10003060,大園鄉,10003060-007,埔心村,1783,1301276,730,546,345,879,712.82,97.67,"102Y"
,10003,桃園縣,10003060,大園鄉,10003060-008,大海村,442,339304,768,561,377,915,1045.19,136.15,"102Y"
,10003,桃園縣,10003060,大園鄉,10003060-010,三石村,1007,772507,767,569,356,940,1087.67,141.78,"102Y"
,10003,桃園縣,10003060,大園鄉,10003060-011,?林村,2104,1518907,722,576,369,924,551.44,76.39,"102Y"
,10003,桃園縣,10003060,大園鄉,10003060-012,竹圍村,974,673733,692,531,348,887,552.35,79.85,"102Y"
,10003,桃園縣,10003060,大園鄉,10003060-013,海口村,523,384708,736,600,371,871,570.72,77.59,"102Y"
,10003,桃園縣,10003060,大園鄉,10003060-014,沙崙村,751,515084,686,512,339,866,553.15,80.65,"102Y"
,10003,桃園縣,10003060,大園鄉,10003060-015,後厝村,744,562652,756,590,365,922,659.83,87.25,"102Y"
,10003,桃園縣,10003060,大園鄉,10003060-016,圳頭村,784,580825,741,545,341,891,856.87,115.66,"102Y"
,10003,桃園縣,10003060,大園鄉,10003060-017,內海村,645,453435,703,544,368,865,604.67,86.01,"102Y"
,10003,桃園縣,10003060,大園鄉,10003060-018,北港村,755,496921,658,532,338,852,542.03,82.35,"102Y"
,10003,桃園縣,10003060,大園鄉,10003060-019,南港村,1507,1093371,726,589,379,937,525.96,72.49,"102Y"
X,10003,桃園縣,10003060,大園鄉,10003060-999,其他,0,0,0,0,0,0,0,0,"102Y"
,10003,桃園縣,10003070,龜山鄉,10003070-001,楓樹村,1893,1585214,837,623,388,1091,690.42,82.45,"102Y"
,10003,桃園縣,10003070,龜山鄉,10003070-002,龜山村,1958,1512435,772,573,368,925,955.27,123.67,"102Y"
,10003,桃園縣,10003070,龜山鄉,10003070-003,兔坑村,1204,711752,591,470,323,731,482.1,81.55,"102Y"
,10003,桃園縣,10003070,龜山鄉,10003070-004,大同村,1812,1440707,795,574,353,1046,774.47,97.41,"102Y"
,10003,桃園縣,10003070,龜山鄉,10003070-005,山福村,1005,686095,683,519,333,850,690.05,101.08,"102Y"
,10003,桃園縣,10003070,龜山鄉,10003070-006,山頂村,1755,1288404,734,603,379,939,574.39,78.24,"102Y"
,10003,桃園縣,10003070,龜山鄉,10003070-007,陸光村,986,721878,732,566,344,973,609.77,83.29,"102Y"
,10003,桃園縣,10003070,龜山鄉,10003070-008,精忠村,1612,1315953,816,609,360,995,838.02,102.66,"102Y"
,10003,桃園縣,10003070,龜山鄉,10003070-009,公西村,361,269577,747,580,342,884,669.93,89.71,"102Y"
,10003,桃園縣,10003070,龜山鄉,10003070-010,樂善村,1061,767700,724,556,347,908,630.4,87.12,"102Y"
,10003,桃園縣,10003070,龜山鄉,10003070-011,南上村,604,455130,754,575,341,970,640.39,84.99,"102Y"
,10003,桃園縣,10003070,龜山鄉,10003070-012,大坑村,541,354375,655,507,334,800,551.46,84.19,"102Y"
,10003,桃園縣,10003070,龜山鄉,10003070-013,中興村,1446,1044155,722,548,340,871,654.43,90.63,"102Y"
,10003,桃園縣,10003070,龜山鄉,10003070-014,山德村,1615,1188881,736,540,336,900,699.45,95.01,"102Y"
,10003,桃園縣,10003070,龜山鄉,10003070-015,新路村,1805,1371488,760,570,345,944,712.18,93.73,"102Y"
,10003,桃園縣,10003070,龜山鄉,10003070-016,嶺頂村,1198,794975,664,503,334,806,583.43,87.92,"102Y"
,10003,桃園縣,10003070,龜山鄉,10003070-017,龍壽村,535,339830,635,468,287,738,725.82,114.27,"102Y"
,10003,桃園縣,10003070,龜山鄉,10003070-018,舊路村,689,468974,681,522,333,870,687.89,101.06,"102Y"
,10003,桃園縣,10003070,龜山鄉,10003070-019,大崗村,1137,909283,800,574,375,972,783.91,98.02,"102Y"
,10003,桃園縣,10003070,龜山鄉,10003070-020,文化村,2020,2415489,1196,834,456,1496,1517.84,126.93,"102Y"
,10003,桃園縣,10003070,龜山鄉,10003070-021,南美村,808,659266,816,630,371,1063,652.55,79.98,"102Y"
,10003,桃園縣,10003070,龜山鄉,10003070-022,幸福村,1361,774744,569,467,320,702,428.65,75.3,"102Y"
,10003,桃園縣,10003070,龜山鄉,10003070-023,福源村,657,429607,654,513,336,784,603.3,92.26,"102Y"
,10003,桃園縣,10003070,龜山鄉,10003070-024,龍華村,1008,635318,630,497,310,789,532.4,84.47,"102Y"
,10003,桃園縣,10003070,龜山鄉,10003070-025,迴龍村,1729,1240309,717,541,341,869,732.69,102.14,"102Y"
,10003,桃園縣,10003070,龜山鄉,10003070-026,新嶺村,1138,702094,617,487,322,766,535.3,86.76,"102Y"
,10003,桃園縣,10003070,龜山鄉,10003070-027,大湖村,1817,1885651,1038,798,453,1319,949.87,91.53,"102Y"
,10003,桃園縣,10003070,龜山鄉,10003070-028,大華村,2737,2736990,1000,750,422,1289,983.6,98.36,"102Y"
,10003,桃園縣,10003070,龜山鄉,10003070-029,長庚村,1672,2605345,1558,1083,785,1836,1345.2,86.33,"102Y"
,10003,桃園縣,10003070,龜山鄉,10003070-030,新興村,586,459630,784,603,381,1007,642.05,81.86,"102Y"
X,10003,桃園縣,10003070,龜山鄉,10003070-999,其他,1,427,427,427,427,427,0,0,"102Y"
,10003,桃園縣,10003080,八德市,10003080-001,興仁里,1300,982403,756,553,364,898,708.85,93.8,"102Y"
,10003,桃園縣,10003080,八德市,10003080-002,福興里,1478,1153353,780,633,390,1004,609.14,78.06,"102Y"
,10003,桃園縣,10003080,八德市,10003080-003,瑞豐里,444,298438,672,532,329,835,556.91,82.85,"102Y"
,10003,桃園縣,10003080,八德市,10003080-004,瑞發里,982,664136,676,533,331,832,572.26,84.62,"102Y"
,10003,桃園縣,10003080,八德市,10003080-005,瑞德里,989,660212,668,530,334,864,540.46,80.96,"102Y"
,10003,桃園縣,10003080,八德市,10003080-006,瑞祥里,1026,716210,698,584,357,925,481.18,68.93,"102Y"
,10003,桃園縣,10003080,八德市,10003080-007,廣興里,1028,669820,652,514,341,833,484.43,74.35,"102Y"
,10003,桃園縣,10003080,八德市,10003080-008,廣隆里,1398,1105998,791,584,365,1020,691.4,87.39,"102Y"
,10003,桃園縣,10003080,八德市,10003080-009,竹園里,1019,739435,726,548,348,871,683.6,94.21,"102Y"
,10003,桃園縣,10003080,八德市,10003080-010,霄裡里,532,350050,658,530,335,835,536.73,81.57,"102Y"
,10003,桃園縣,10003080,八德市,10003080-011,茄苳里,904,640213,708,536,354,875,588.58,83.11,"102Y"
,10003,桃園縣,10003080,八德市,10003080-012,高明里,1166,747816,641,529,345,810,473.1,73.77,"102Y"
,10003,桃園縣,10003080,八德市,10003080-013,白鷺里,953,719945,755,551,354,907,802.78,106.26,"102Y"
,10003,桃園縣,10003080,八德市,10003080-014,大湳里,1260,1021231,811,606,373,969,934.49,115.3,"102Y"
,10003,桃園縣,10003080,八德市,10003080-015,大安里,964,745664,774,569,356,921,905.52,117.07,"102Y"
,10003,桃園縣,10003080,八德市,10003080-016,大興里,1120,882127,788,586,345,990,769.15,97.66,"102Y"
,10003,桃園縣,10003080,八德市,10003080-017,大和里,2214,1828281,826,614,383,965,2518.78,305.02,"102Y"
,10003,桃園縣,10003080,八德市,10003080-018,大同里,392,321317,820,523,307,788,3102.95,378.55,"102Y"
,10003,桃園縣,10003080,八德市,10003080-019,大成里,944,661406,701,550,342,892,552.77,78.89,"102Y"
,10003,桃園縣,10003080,八德市,10003080-020,大義里,1111,888717,800,579,372,980,702.64,87.84,"102Y"
,10003,桃園縣,10003080,八德市,10003080-021,大忠里,537,348169,648,528,326,838,484.62,74.75,"102Y"
,10003,桃園縣,10003080,八德市,10003080-022,大福里,1764,1506821,854,625,385,1100,761.91,89.19,"102Y"
,10003,桃園縣,10003080,八德市,10003080-023,大勇里,1282,1131357,882,581,374,1057,1575.1,178.48,"102Y"
,10003,桃園縣,10003080,八德市,10003080-024,大信里,836,510373,610,496,340,777,427.06,69.95,"102Y"
,10003,桃園縣,10003080,八德市,10003080-025,大華里,822,592949,721,557,344,925,563.05,78.06,"102Y"
,10003,桃園縣,10003080,八德市,10003080-026,大仁里,1320,916399,694,535,359,862,603.78,86.97,"102Y"
,10003,桃園縣,10003080,八德市,10003080-027,大智里,1070,908191,849,617,388,1103,746.19,87.91,"102Y"
,10003,桃園縣,10003080,八德市,10003080-028,瑞泰里,1293,871393,674,539,366,836,500.43,74.25,"102Y"
,10003,桃園縣,10003080,八德市,10003080-029,大昌里,913,588414,644,507,341,798,500.21,77.61,"102Y"
,10003,桃園縣,10003080,八德市,10003080-030,大正里,1413,1166865,826,637,383,1052,678.85,82.2,"102Y"
,10003,桃園縣,10003080,八德市,10003080-031,大強里,1050,687412,655,519,336,819,520.32,79.48,"102Y"
,10003,桃園縣,10003080,八德市,10003080-032,大發里,670,454788,679,533,346,854,577.21,85.03,"102Y"
,10003,桃園縣,10003080,八德市,10003080-033,大明里,1186,896614,756,543,357,955,662.46,87.63,"102Y"
,10003,桃園縣,10003080,八德市,10003080-034,大竹里,460,296714,645,509,330,785,713.32,110.59,"102Y"
,10003,桃園縣,10003080,八德市,10003080-035,大慶里,417,280025,672,542,351,810,569,84.73,"102Y"
,10003,桃園縣,10003080,八德市,10003080-036,大千里,678,499685,737,576,371,906,831.08,112.77,"102Y"
,10003,桃園縣,10003080,八德市,10003080-037,大榮里,578,438204,758,568,357,857,759.67,100.2,"102Y"
,10003,桃園縣,10003080,八德市,10003080-038,茄明里,1330,966194,726,576,360,913,723.73,99.62,"102Y"
,10003,桃園縣,10003080,八德市,10003080-039,高城里,1025,723902,706,591,364,891,516.51,73.13,"102Y"
,10003,桃園縣,10003080,八德市,10003080-040,瑞興里,808,574216,711,549,360,870,593.55,83.52,"102Y"
,10003,桃園縣,10003080,八德市,10003080-041,大愛里,730,623069,854,641,389,1084,721.41,84.52,"102Y"
,10003,桃園縣,10003080,八德市,10003080-042,大宏里,1057,999931,946,651,384,1162,1256.88,132.86,"102Y"
,10003,桃園縣,10003080,八德市,10003080-043,大漢里,1222,932999,764,605,383,980,663.58,86.91,"102Y"
,10003,桃園縣,10003080,八德市,10003080-044,廣德里,867,774433,893,622,399,1107,950.29,106.39,"102Y"
,10003,桃園縣,10003080,八德市,10003080-045,龍友里,594,394577,664,550,371,819,504.22,75.91,"102Y"
,10003,桃園縣,10003080,八德市,10003080-046,陸光里,1078,701322,651,529,344,811,506.92,77.92,"102Y"
,10003,桃園縣,10003080,八德市,10003080-047,永豐里,873,669239,767,570,345,942,822.26,107.26,"102Y"
,10003,桃園縣,10003080,八德市,10003080-048,大順里,769,501475,652,495,337,786,660.61,101.3,"102Y"
X,10003,桃園縣,10003080,八德市,10003080-999,其他,66,48451,734,527,371,889,614.33,83.68,"102Y"
,10003,桃園縣,10003090,龍潭鄉,10003090-001,黃唐村,1316,966034,734,550,337,927,708.31,96.49,"102Y"
,10003,桃園縣,10003090,龍潭鄉,10003090-002,中山村,1535,1361162,887,646,367,1108,908.27,102.43,"102Y"
,10003,桃園縣,10003090,龍潭鄉,10003090-003,烏林村,1207,797986,661,514,346,833,522.52,79.03,"102Y"
,10003,桃園縣,10003090,龍潭鄉,10003090-004,高平村,906,668565,738,565,355,926,854.44,115.79,"102Y"
,10003,桃園縣,10003090,龍潭鄉,10003090-006,凌雲村,938,611263,652,527,350,856,477.56,73.28,"102Y"
,10003,桃園縣,10003090,龍潭鄉,10003090-007,八德村,1143,784213,686,556,362,881,523.18,76.25,"102Y"
,10003,桃園縣,10003090,龍潭鄉,10003090-008,三水村,167,120307,720,546,368,846,686.56,95.3,"102Y"
,10003,桃園縣,10003090,龍潭鄉,10003090-009,上林村,1287,1003091,779,601,371,973,661.2,84.83,"102Y"
,10003,桃園縣,10003090,龍潭鄉,10003090-010,中正村,1533,1496968,976,685,402,1250,966.9,99.02,"102Y"
,10003,桃園縣,10003090,龍潭鄉,10003090-011,龍潭村,607,452244,745,535,340,860,999.85,134.2,"102Y"
,10003,桃園縣,10003090,龍潭鄉,10003090-012,高原村,1303,1046809,803,574,363,961,816.68,101.66,"102Y"
,10003,桃園縣,10003090,龍潭鄉,10003090-013,九龍村,1030,811490,788,595,380,985,698.26,88.63,"102Y"
,10003,桃園縣,10003090,龍潭鄉,10003090-014,中興村,1313,1067832,813,576,370,931,831.4,102.23,"102Y"
,10003,桃園縣,10003090,龍潭鄉,10003090-015,佳安村,1055,1074711,1019,840,450,1379,866.35,85.05,"102Y"
,10003,桃園縣,10003090,龍潭鄉,10003090-016,三和村,712,977553,1373,859,422,1771,1524.79,111.06,"102Y"
,10003,桃園縣,10003090,龍潭鄉,10003090-017,三坑村,367,260603,710,534,308,861,782,110.13,"102Y"
,10003,桃園縣,10003090,龍潭鄉,10003090-018,大平村,538,533599,992,701,401,1211,962.94,97.09,"102Y"
,10003,桃園縣,10003090,龍潭鄉,10003090-019,三林村,939,983284,1047,708,414,1362,943.06,90.06,"102Y"
,10003,桃園縣,10003090,龍潭鄉,10003090-020,永興村,826,607043,735,522,334,863,1031.01,140.29,"102Y"
,10003,桃園縣,10003090,龍潭鄉,10003090-021,烏樹林村,698,461975,662,521,354,839,540.5,81.67,"102Y"
,10003,桃園縣,10003090,龍潭鄉,10003090-022,百年村,1303,1416601,1087,798,448,1363,1233.78,113.48,"102Y"
,10003,桃園縣,10003090,龍潭鄉,10003090-023,龍祥村,966,720682,746,593,385,926,672.46,90.14,"102Y"
,10003,桃園縣,10003090,龍潭鄉,10003090-024,聖德村,922,600871,652,515,351,808,539.4,82.77,"102Y"
,10003,桃園縣,10003090,龍潭鄉,10003090-025,龍星村,1305,1187064,910,699,395,1165,783.33,86.12,"102Y"
,10003,桃園縣,10003090,龍潭鄉,10003090-026,上華村,955,871043,912,647,379,1173,907.66,99.51,"102Y"
,10003,桃園縣,10003090,龍潭鄉,10003090-027,武漢村,730,540940,741,579,368,900,722.24,97.47,"102Y"
,10003,桃園縣,10003090,龍潭鄉,10003090-028,東興村,1153,1072553,930,728,418,1234,742.23,79.79,"102Y"
,10003,桃園縣,10003090,龍潭鄉,10003090-029,北興村,599,340989,569,483,331,732,370.03,65,"102Y"
,10003,桃園縣,10003090,龍潭鄉,10003090-030,建林村,1311,1419848,1083,737,428,1325,1822.94,168.32,"102Y"
,10003,桃園縣,10003090,龍潭鄉,10003090-031,富林村,1150,1032462,898,667,402,1184,707.16,78.77,"102Y"
X,10003,桃園縣,10003090,龍潭鄉,10003090-999,其他,2,863,431,431,329,534,289.78,67.18,"102Y"
,10003,桃園縣,10003100,平鎮市,10003100-001,雙連里,1449,1227295,847,591,376,1022,1012.81,119.58,"102Y"
,10003,桃園縣,10003100,平鎮市,10003100-002,高雙里,1330,1291143,971,674,406,1211,947.27,97.58,"102Y"
,10003,桃園縣,10003100,平鎮市,10003100-003,復旦里,1808,2081659,1151,788,432,1437,1444.16,125.43,"102Y"
,10003,桃園縣,10003100,平鎮市,10003100-004,廣興里,1793,1783799,995,703,417,1241,1087.23,109.28,"102Y"
,10003,桃園縣,10003100,平鎮市,10003100-005,義民里,1644,1465870,892,626,369,1106,1157.37,129.8,"102Y"
,10003,桃園縣,10003100,平鎮市,10003100-006,宋屋里,1219,912373,748,575,362,954,623.67,83.33,"102Y"
,10003,桃園縣,10003100,平鎮市,10003100-007,新勢里,1194,904880,758,565,351,968,657.51,86.76,"102Y"
,10003,桃園縣,10003100,平鎮市,10003100-008,新富里,1884,1791241,951,686,405,1203,1071.75,112.73,"102Y"
,10003,桃園縣,10003100,平鎮市,10003100-009,北勢里,817,684611,838,615,365,1015,801.14,95.61,"102Y"
,10003,桃園縣,10003100,平鎮市,10003100-010,北興里,1330,979117,736,557,359,911,676.44,91.89,"102Y"
,10003,桃園縣,10003100,平鎮市,10003100-011,北貴里,1347,1009184,749,571,366,962,625.62,83.5,"102Y"
,10003,桃園縣,10003100,平鎮市,10003100-012,平鎮里,1382,1032077,747,578,368,904,719.09,96.29,"102Y"
,10003,桃園縣,10003100,平鎮市,10003100-013,南勢里,1808,1398704,774,587,362,994,688.86,89.04,"102Y"
,10003,桃園縣,10003100,平鎮市,10003100-014,莊敬里,1261,855595,679,570,373,840,496.05,73.11,"102Y"
,10003,桃園縣,10003100,平鎮市,10003100-015,山峰里,753,477007,633,495,333,798,483.29,76.29,"102Y"
,10003,桃園縣,10003100,平鎮市,10003100-016,湧光里,1626,1091955,672,525,360,838,520.77,77.55,"102Y"
,10003,桃園縣,10003100,平鎮市,10003100-017,龍恩里,758,513948,678,541,338,830,565.5,83.4,"102Y"
,10003,桃園縣,10003100,平鎮市,10003100-018,東社里,928,612947,661,518,346,824,513.45,77.74,"102Y"
,10003,桃園縣,10003100,平鎮市,10003100-019,龍興里,678,490440,723,570,368,932,537.53,74.31,"102Y"
,10003,桃園縣,10003100,平鎮市,10003100-020,貿易里,634,517900,817,683,394,1095,608.07,74.44,"102Y"
,10003,桃園縣,10003100,平鎮市,10003100-021,忠貞里,133,118182,889,590,382,1176,802.66,90.33,"102Y"
,10003,桃園縣,10003100,平鎮市,10003100-022,中正里,526,480485,913,709,412,1160,858.35,93.97,"102Y"
,10003,桃園縣,10003100,平鎮市,10003100-023,建安里,1259,897339,713,547,357,865,595.96,83.62,"102Y"
,10003,桃園縣,10003100,平鎮市,10003100-024,東勢里,1568,1099732,701,530,348,880,561.76,80.1,"102Y"
,10003,桃園縣,10003100,平鎮市,10003100-025,東安里,709,506695,715,573,371,908,588.89,82.4,"102Y"
,10003,桃園縣,10003100,平鎮市,10003100-026,新安里,1166,785463,674,554,354,877,538.92,80,"102Y"
,10003,桃園縣,10003100,平鎮市,10003100-027,鎮興里,939,646194,688,522,340,873,661.99,96.2,"102Y"
,10003,桃園縣,10003100,平鎮市,10003100-028,義興里,2248,1921380,855,629,376,1078,817.41,95.64,"102Y"
,10003,桃園縣,10003100,平鎮市,10003100-029,湧豐里,607,433999,715,546,369,866,567.41,79.36,"102Y"
,10003,桃園縣,10003100,平鎮市,10003100-030,湧安里,1335,881342,660,561,362,856,432.25,65.47,"102Y"
,10003,桃園縣,10003100,平鎮市,10003100-031,廣達里,1063,862967,812,599,369,1007,737.69,90.87,"102Y"
,10003,桃園縣,10003100,平鎮市,10003100-032,福林里,990,833463,842,693,404,1071,686.34,81.52,"102Y"
,10003,桃園縣,10003100,平鎮市,10003100-033,金星里,1808,1506190,833,646,403,1058,690.37,82.87,"102Y"
,10003,桃園縣,10003100,平鎮市,10003100-034,廣仁里,1320,896614,679,519,344,824,573.62,84.45,"102Y"
,10003,桃園縣,10003100,平鎮市,10003100-035,新貴里,1011,763705,755,565,357,913,676.27,89.53,"102Y"
,10003,桃園縣,10003100,平鎮市,10003100-036,北富里,1304,1128545,865,617,370,1044,1027.37,118.71,"102Y"
,10003,桃園縣,10003100,平鎮市,10003100-037,新榮里,1699,1347914,793,584,370,967,863.62,108.86,"102Y"
,10003,桃園縣,10003100,平鎮市,10003100-038,華安里,1158,774297,669,542,363,845,503.1,75.24,"102Y"
,10003,桃園縣,10003100,平鎮市,10003100-039,金陵里,999,936116,937,697,408,1142,1446.18,154.33,"102Y"
,10003,桃園縣,10003100,平鎮市,10003100-040,北安里,536,443646,828,613,338,1012,807.49,97.56,"102Y"
,10003,桃園縣,10003100,平鎮市,10003100-041,北華里,1276,1220557,957,659,383,1160,1155.97,120.85,"102Y"
,10003,桃園縣,10003100,平鎮市,10003100-042,復興里,1604,1470629,917,667,388,1213,834.77,91.05,"102Y"
,10003,桃園縣,10003100,平鎮市,10003100-043,平興里,1762,1758369,998,762,438,1285,924.26,92.62,"102Y"
,10003,桃園縣,10003100,平鎮市,10003100-044,新英里,1029,924478,898,683,408,1163,759.3,84.51,"102Y"
,10003,桃園縣,10003100,平鎮市,10003100-045,平安里,1311,969147,739,596,372,953,531.09,71.84,"102Y"
,10003,桃園縣,10003100,平鎮市,10003100-046,平南里,1892,1449338,766,581,359,953,665.18,86.83,"102Y"
X,10003,桃園縣,10003100,平鎮市,10003100-999,其他,3,1342,447,215,187,591,451.01,100.86,"102Y"
,10003,桃園縣,10003110,新屋鄉,10003110-001,新屋村,847,623571,736,571,373,933,595.76,80.92,"102Y"
,10003,桃園縣,10003110,新屋鄉,10003110-002,新生村,1206,890645,739,576,367,950,596.47,80.77,"102Y"
,10003,桃園縣,10003110,新屋鄉,10003110-003,後湖村,430,312547,727,590,392,935,519.13,71.42,"102Y"
,10003,桃園縣,10003110,新屋鄉,10003110-004,清華村,1138,806543,709,557,349,894,597.53,84.31,"102Y"
,10003,桃園縣,10003110,新屋鄉,10003110-005,頭洲村,1175,888206,756,578,380,915,866.15,114.58,"102Y"
,10003,桃園縣,10003110,新屋鄉,10003110-006,埔頂村,823,527895,641,505,353,814,486.9,75.91,"102Y"
,10003,桃園縣,10003110,新屋鄉,10003110-007,九斗村,673,531047,789,561,360,919,1718.8,217.83,"102Y"
,10003,桃園縣,10003110,新屋鄉,10003110-008,社子村,403,281409,698,543,346,892,578.07,82.78,"102Y"
,10003,桃園縣,10003110,新屋鄉,10003110-009,東明村,409,284218,695,579,363,892,495.91,71.36,"102Y"
,10003,桃園縣,10003110,新屋鄉,10003110-010,石磊村,573,381787,666,515,343,822,820.33,123.12,"102Y"
,10003,桃園縣,10003110,新屋鄉,10003110-011,下埔村,174,117603,676,539,346,928,458.37,67.82,"102Y"
,10003,桃園縣,10003110,新屋鄉,10003110-012,下田村,477,307788,645,534,336,799,567.5,87.95,"102Y"
,10003,桃園縣,10003110,新屋鄉,10003110-013,石牌村,226,138055,611,520,336,832,405.7,66.41,"102Y"
,10003,桃園縣,10003110,新屋鄉,10003110-014,赤欄村,339,244125,720,570,331,903,834.3,115.85,"102Y"
,10003,桃園縣,10003110,新屋鄉,10003110-015,永興村,240,167954,700,577,360,839,571.47,81.66,"102Y"
,10003,桃園縣,10003110,新屋鄉,10003110-016,永安村,648,424219,655,517,355,814,513.63,78.46,"102Y"
,10003,桃園縣,10003110,新屋鄉,10003110-017,笨港村,247,167034,676,563,367,847,506.27,74.86,"102Y"
,10003,桃園縣,10003110,新屋鄉,10003110-018,深圳村,146,98615,675,558,358,875,490.42,72.61,"102Y"
,10003,桃園縣,10003110,新屋鄉,10003110-019,蚵間村,228,146667,643,551,369,816,442.26,68.75,"102Y"
,10003,桃園縣,10003110,新屋鄉,10003110-020,?榔村,285,177262,622,498,304,820,466.69,75.03,"102Y"
,10003,桃園縣,10003110,新屋鄉,10003110-021,後庄村,282,205459,729,551,347,924,678.64,93.15,"102Y"
,10003,桃園縣,10003110,新屋鄉,10003110-022,大坡村,352,247544,703,573,386,895,501.25,71.28,"102Y"
,10003,桃園縣,10003110,新屋鄉,10003110-023,望間村,379,256364,676,534,327,856,550.41,81.37,"102Y"
X,10003,桃園縣,10003110,新屋鄉,10003110-999,其他,0,0,0,0,0,0,0,0,"102Y"
,10003,桃園縣,10003120,觀音鄉,10003120-001,觀音村,818,554419,678,550,367,879,467.19,68.93,"102Y"
,10003,桃園縣,10003120,觀音鄉,10003120-002,白玉村,302,192012,636,533,342,786,462.71,72.78,"102Y"
,10003,桃園縣,10003120,觀音鄉,10003120-003,廣興村,372,256626,690,560,373,847,583.98,84.65,"102Y"
,10003,桃園縣,10003120,觀音鄉,10003120-004,大潭村,442,302836,685,526,360,874,542.49,79.18,"102Y"
,10003,桃園縣,10003120,觀音鄉,10003120-005,武威村,238,166803,701,532,324,918,543.03,77.48,"102Y"
,10003,桃園縣,10003120,觀音鄉,10003120-006,保生村,567,377851,666,519,328,795,820.77,123.16,"102Y"
,10003,桃園縣,10003120,觀音鄉,10003120-007,三和村,235,178871,761,568,369,1001,607.01,79.75,"102Y"
,10003,桃園縣,10003120,觀音鄉,10003120-008,新興村,213,147009,690,528,324,880,593.25,85.96,"102Y"
,10003,桃園縣,10003120,觀音鄉,10003120-009,坑尾村,454,308886,680,548,365,857,503.34,73.98,"102Y"
,10003,桃園縣,10003120,觀音鄉,10003120-010,金湖村,765,571050,746,606,377,959,585.24,78.4,"102Y"
,10003,桃園縣,10003120,觀音鄉,10003120-011,藍埔村,685,489434,715,542,356,896,603.57,84.47,"102Y"
,10003,桃園縣,10003120,觀音鄉,10003120-012,大同村,928,684479,738,602,369,964,542.78,73.59,"102Y"
,10003,桃園縣,10003120,觀音鄉,10003120-013,大堀村,420,312771,745,594,389,957,574.13,77.1,"102Y"
,10003,桃園縣,10003120,觀音鄉,10003120-014,崙坪村,1386,980509,707,532,358,869,629.85,89.03,"102Y"
,10003,桃園縣,10003120,觀音鄉,10003120-015,富源村,1126,832751,740,580,380,933,598.39,80.91,"102Y"
,10003,桃園縣,10003120,觀音鄉,10003120-016,上大村,665,489955,737,569,357,913,625.39,84.88,"102Y"
,10003,桃園縣,10003120,觀音鄉,10003120-017,新坡村,797,556634,698,540,348,854,684.99,98.08,"102Y"
,10003,桃園縣,10003120,觀音鄉,10003120-018,廣福村,647,456166,705,528,354,873,612.67,86.9,"102Y"
,10003,桃園縣,10003120,觀音鄉,10003120-019,塔腳村,258,179464,696,530,349,853,592.77,85.22,"102Y"
,10003,桃園縣,10003120,觀音鄉,10003120-020,保障村,629,431847,687,534,365,832,618.85,90.14,"102Y"
,10003,桃園縣,10003120,觀音鄉,10003120-021,草漯村,660,473304,717,574,380,890,564.37,78.7,"102Y"
,10003,桃園縣,10003120,觀音鄉,10003120-022,樹林村,958,640704,669,554,379,860,469.63,70.22,"102Y"
,10003,桃園縣,10003120,觀音鄉,10003120-023,富林村,555,378398,682,586,384,887,448.43,65.77,"102Y"
,10003,桃園縣,10003120,觀音鄉,10003120-024,草新村,1453,1132279,779,674,413,1060,505.31,64.84,"102Y"
X,10003,桃園縣,10003120,觀音鄉,10003120-999,其他,0,0,0,0,0,0,0,0,"102Y"
,10003,桃園縣,10003130,復興鄉,10003130-001,三民村,316,211123,668,501,319,858,540.93,80.96,"102Y"
,10003,桃園縣,10003130,復興鄉,10003130-002,澤仁村,238,167366,703,600,373,922,514.55,73.17,"102Y"
,10003,桃園縣,10003130,復興鄉,10003130-003,義盛村,89,55214,620,540,346,776,363.64,58.62,"102Y"
,10003,桃園縣,10003130,復興鄉,10003130-004,霞雲村,68,39902,587,528,408,768,297.86,50.76,"102Y"
,10003,桃園縣,10003130,復興鄉,10003130-005,長興村,74,46371,627,542,383,769,375.35,59.9,"102Y"
,10003,桃園縣,10003130,復興鄉,10003130-006,三光村,69,43218,626,522,321,799,441.03,70.41,"102Y"
,10003,桃園縣,10003130,復興鄉,10003130-007,奎輝村,79,50326,637,512,344,794,435.14,68.31,"102Y"
,10003,桃園縣,10003130,復興鄉,10003130-008,華陵村,125,94547,756,603,401,942,568.53,75.16,"102Y"
,10003,桃園縣,10003130,復興鄉,10003130-009,羅浮村,157,107808,687,558,310,900,511.3,74.46,"102Y"
,10003,桃園縣,10003130,復興鄉,10003130-010,高義村,82,43481,530,453,290,683,343.8,64.84,"102Y"
X,10003,桃園縣,10003130,復興鄉,10003130-999,其他,0,0,0,0,0,0,0,0,"102Y"
,10004,新竹縣,10004010,竹北市,10004010-001,斗崙里,4134,6653357,1609,1172,593,2074,1847.11,114.77,"102Y"
,10004,新竹縣,10004010,竹北市,10004010-002,鹿場里,3253,6875530,2114,1586,849,2581,2713.29,128.37,"102Y"
,10004,新竹縣,10004010,竹北市,10004010-003,東平里,3927,8088854,2060,1615,887,2575,3279.7,159.22,"102Y"
,10004,新竹縣,10004010,竹北市,10004010-004,中興里,2334,4632806,1985,1473,684,2703,2175.14,109.58,"102Y"
,10004,新竹縣,10004010,竹北市,10004010-005,隘口里,805,1368100,1700,1214,645,1922,2405.31,141.53,"102Y"
,10004,新竹縣,10004010,竹北市,10004010-006,東海里,1046,849539,812,590,381,1013,729.33,89.8,"102Y"
,10004,新竹縣,10004010,竹北市,10004010-007,竹北里,2103,2601675,1237,899,469,1654,1186.37,95.9,"102Y"
,10004,新竹縣,10004010,竹北市,10004010-008,竹仁里,3111,3010168,968,689,389,1258,913.96,94.46,"102Y"
,10004,新竹縣,10004010,竹北市,10004010-009,竹義里,1776,1650123,929,696,401,1230,902.43,97.13,"102Y"
,10004,新竹縣,10004010,竹北市,10004010-010,泰和里,1995,1901252,953,702,400,1241,820.82,86.13,"102Y"
,10004,新竹縣,10004010,竹北市,10004010-011,新社里,2447,2354232,962,707,407,1247,944.68,98.19,"102Y"
,10004,新竹縣,10004010,竹北市,10004010-012,聯興里,1521,1389719,914,652,387,1180,835.28,91.42,"102Y"
,10004,新竹縣,10004010,竹北市,10004010-013,麻園里,655,545403,833,623,350,1054,737.17,88.53,"102Y"
,10004,新竹縣,10004010,竹北市,10004010-014,溪州里,776,695031,896,643,372,1137,859.57,95.97,"102Y"
,10004,新竹縣,10004010,竹北市,10004010-015,白地里,695,503962,725,539,342,901,612,84.4,"102Y"
,10004,新竹縣,10004010,竹北市,10004010-016,新港里,354,276809,782,577,375,947,739.87,94.62,"102Y"
,10004,新竹縣,10004010,竹北市,10004010-017,大義里,479,331449,692,519,339,837,619.04,89.46,"102Y"
,10004,新竹縣,10004010,竹北市,10004010-018,崇義里,546,403873,740,568,340,948,619.78,83.79,"102Y"
,10004,新竹縣,10004010,竹北市,10004010-019,大眉里,626,576338,921,628,400,1118,1000.1,108.63,"102Y"
,10004,新竹縣,10004010,竹北市,10004010-020,尚義里,419,305843,730,549,340,934,678.87,93,"102Y"
,10004,新竹縣,10004010,竹北市,10004010-021,十興里,3015,5287355,1754,1477,785,2265,1522.74,86.83,"102Y"
,10004,新竹縣,10004010,竹北市,10004010-022,新國里,1701,1666095,979,690,402,1267,924.81,94.42,"102Y"
,10004,新竹縣,10004010,竹北市,10004010-023,新庄里,335,233274,696,519,310,934,610.52,87.68,"102Y"
,10004,新竹縣,10004010,竹北市,10004010-024,北崙里,1416,2024719,1430,934,464,1825,1782.57,124.67,"102Y"
,10004,新竹縣,10004010,竹北市,10004010-025,新崙里,2154,2301515,1068,735,394,1386,1167.56,109.27,"102Y"
,10004,新竹縣,10004010,竹北市,10004010-026,福德里,1116,990174,887,634,349,1155,863.97,97.38,"102Y"
,10004,新竹縣,10004010,竹北市,10004010-027,東興里,1449,1975430,1363,1056,532,1861,1254.66,92.03,"102Y"
,10004,新竹縣,10004010,竹北市,10004010-028,北興里,265,382271,1443,987,482,1846,1544.63,107.08,"102Y"
,10004,新竹縣,10004010,竹北市,10004010-029,興安里,1349,2372102,1758,1326,652,2316,1803.28,102.55,"102Y"
,10004,新竹縣,10004010,竹北市,10004010-030,文化里,1185,2094693,1768,1186,540,2208,2206.89,124.85,"102Y"
X,10004,新竹縣,10004010,竹北市,10004010-999,其他,1,2513,2513,2513,2513,2513,0,0,"102Y"
,10004,新竹縣,10004020,竹東鎮,10004020-001,上坪里,64,48069,751,639,408,959,497.04,66.18,"102Y"
,10004,新竹縣,10004020,竹東鎮,10004020-002,瑞峰里,117,87464,748,457,290,874,824.73,110.32,"102Y"
,10004,新竹縣,10004020,竹東鎮,10004020-003,軟橋里,89,53319,599,519,295,750,443.17,73.97,"102Y"
,10004,新竹縣,10004020,竹東鎮,10004020-004,員崠里,796,649090,815,623,376,1061,686.05,84.13,"102Y"
,10004,新竹縣,10004020,竹東鎮,10004020-005,東寧里,1124,962693,856,629,377,1139,722.79,84.39,"102Y"
,10004,新竹縣,10004020,竹東鎮,10004020-006,上?村,3050,2489886,816,594,360,1052,863.87,105.82,"102Y"
,10004,新竹縣,10004020,竹東鎮,10004020-007,大鄉里,1513,1384085,915,651,392,1152,994.41,108.7,"102Y"
,10004,新竹縣,10004020,竹東鎮,10004020-008,東華里,260,189909,730,535,274,969,737.29,100.94,"102Y"
,10004,新竹縣,10004020,竹東鎮,10004020-009,商華里,943,723978,768,581,351,974,665.5,86.68,"102Y"
,10004,新竹縣,10004020,竹東鎮,10004020-010,竹東里,476,363304,763,532,312,929,890.62,116.69,"102Y"
,10004,新竹縣,10004020,竹東鎮,10004020-011,榮樂里,481,373536,777,552,307,955,794.15,102.26,"102Y"
,10004,新竹縣,10004020,竹東鎮,10004020-012,?林里,1342,1013728,755,574,346,966,629.57,83.34,"102Y"
,10004,新竹縣,10004020,竹東鎮,10004020-013,仁愛里,1042,938041,900,603,392,1067,1523.34,169.22,"102Y"
,10004,新竹縣,10004020,竹東鎮,10004020-014,五豐里,2535,2247284,887,648,383,1116,870.42,98.19,"102Y"
,10004,新竹縣,10004020,竹東鎮,10004020-015,三重里,2183,2304068,1055,729,408,1332,1230.33,116.57,"102Y"
,10004,新竹縣,10004020,竹東鎮,10004020-016,頭重里,1632,1853129,1135,706,378,1464,1321.88,116.41,"102Y"
,10004,新竹縣,10004020,竹東鎮,10004020-017,員山里,594,623521,1050,694,383,1223,1184.57,112.85,"102Y"
,10004,新竹縣,10004020,竹東鎮,10004020-018,柯湖里,173,128351,742,517,311,878,732.23,98.7,"102Y"
,10004,新竹縣,10004020,竹東鎮,10004020-019,二重里,3367,3863993,1148,732,387,1430,1476.73,128.68,"102Y"
,10004,新竹縣,10004020,竹東鎮,10004020-020,中山里,542,411788,760,568,342,1014,726.84,95.67,"102Y"
,10004,新竹縣,10004020,竹東鎮,10004020-021,中正里,606,495960,818,560,325,1015,827.2,101.07,"102Y"
,10004,新竹縣,10004020,竹東鎮,10004020-022,南華里,367,304786,830,604,346,1058,796.88,95.95,"102Y"
,10004,新竹縣,10004020,竹東鎮,10004020-023,榮華里,2309,2000641,866,620,374,1105,789.13,91.08,"102Y"
,10004,新竹縣,10004020,竹東鎮,10004020-024,忠孝里,598,458283,766,570,349,971,654.41,85.39,"102Y"
,10004,新竹縣,10004020,竹東鎮,10004020-025,陸豐里,180,135468,753,616,370,950,597.62,79.41,"102Y"
X,10004,新竹縣,10004020,竹東鎮,10004020-999,其他,2,1429,714,714,436,993,788.52,110.39,"102Y"
,10004,新竹縣,10004030,新埔鎮,10004030-001,內立里,332,233213,702,543,329,912,567.97,80.86,"102Y"
,10004,新竹縣,10004030,新埔鎮,10004030-002,寶石里,268,210510,785,556,373,1048,751.45,95.67,"102Y"
,10004,新竹縣,10004030,新埔鎮,10004030-003,文山里,1529,1268010,829,598,368,1016,851.35,102.66,"102Y"
,10004,新竹縣,10004030,新埔鎮,10004030-004,五埔里,614,421371,686,569,345,873,506.66,73.83,"102Y"
,10004,新竹縣,10004030,新埔鎮,10004030-005,四座里,1176,954145,811,613,369,1046,707.96,87.26,"102Y"
,10004,新竹縣,10004030,新埔鎮,10004030-006,旱坑里,630,472839,751,567,383,982,631.95,84.2,"102Y"
,10004,新竹縣,10004030,新埔鎮,10004030-007,田新里,859,674117,785,615,359,1047,730.86,93.13,"102Y"
,10004,新竹縣,10004030,新埔鎮,10004030-008,新埔里,324,246225,760,568,347,1007,618.62,81.4,"102Y"
,10004,新竹縣,10004030,新埔鎮,10004030-009,新生里,177,138810,784,568,309,945,798.83,101.86,"102Y"
,10004,新竹縣,10004030,新埔鎮,10004030-010,新民里,357,257649,722,539,358,875,685.74,95.02,"102Y"
,10004,新竹縣,10004030,新埔鎮,10004030-011,上寮里,624,481315,771,571,361,962,658.83,85.41,"102Y"
,10004,新竹縣,10004030,新埔鎮,10004030-012,下寮里,799,781014,977,597,381,995,2059.74,210.72,"102Y"
,10004,新竹縣,10004030,新埔鎮,10004030-013,南平里,285,228523,802,513,361,925,899.48,112.18,"102Y"
,10004,新竹縣,10004030,新埔鎮,10004030-014,北平里,181,129818,717,610,370,893,639.66,89.19,"102Y"
,10004,新竹縣,10004030,新埔鎮,10004030-015,巨埔里,335,258046,770,552,366,973,656.04,85.17,"102Y"
,10004,新竹縣,10004030,新埔鎮,10004030-016,照門里,407,305056,750,565,367,977,732.75,97.76,"102Y"
,10004,新竹縣,10004030,新埔鎮,10004030-017,清水里,120,83909,699,588,354,896,591.19,84.55,"102Y"
,10004,新竹縣,10004030,新埔鎮,10004030-018,鹿鳴里,185,147447,797,620,430,1034,552.14,69.28,"102Y"
,10004,新竹縣,10004030,新埔鎮,10004030-019,新北里,146,115634,792,568,350,966,806.17,101.79,"102Y"
X,10004,新竹縣,10004030,新埔鎮,10004030-999,其他,1,556,556,556,556,556,0,0,"102Y"
,10004,新竹縣,10004040,關西鎮,10004040-001,東興里,165,116961,709,576,311,973,552.31,77.92,"102Y"
,10004,新竹縣,10004040,關西鎮,10004040-002,西安里,605,457862,757,540,361,977,720.39,95.19,"102Y"
,10004,新竹縣,10004040,關西鎮,10004040-003,南雄里,229,156816,685,513,331,907,573.55,83.76,"102Y"
,10004,新竹縣,10004040,關西鎮,10004040-004,北斗里,1174,887266,756,560,364,947,642.84,85.06,"102Y"
,10004,新竹縣,10004040,關西鎮,10004040-005,仁安里,337,230402,684,551,361,838,573.54,83.89,"102Y"
,10004,新竹縣,10004040,關西鎮,10004040-006,北山里,188,142541,758,519,346,789,723.43,95.41,"102Y"
,10004,新竹縣,10004040,關西鎮,10004040-007,南山里,324,230101,710,543,324,907,718.94,101.23,"102Y"
,10004,新竹縣,10004040,關西鎮,10004040-008,東安里,1191,887149,745,545,351,942,757.04,101.63,"102Y"
,10004,新竹縣,10004040,關西鎮,10004040-009,東光里,377,301892,801,601,359,976,715.53,89.35,"102Y"
,10004,新竹縣,10004040,關西鎮,10004040-010,新富里,149,107546,722,507,349,817,814.01,112.78,"102Y"
,10004,新竹縣,10004040,關西鎮,10004040-011,金山里,140,96946,692,535,374,840,568.51,82.1,"102Y"
,10004,新竹縣,10004040,關西鎮,10004040-012,錦山里,220,141074,641,523,328,887,447.04,69.71,"102Y"
,10004,新竹縣,10004040,關西鎮,10004040-013,玉山里,121,75910,627,482,321,688,575.99,91.81,"102Y"
,10004,新竹縣,10004040,關西鎮,10004040-014,大同里,236,161912,686,492,335,790,700.48,102.1,"102Y"
,10004,新竹縣,10004040,關西鎮,10004040-015,石光里,570,447287,785,597,382,1008,652.47,83.15,"102Y"
,10004,新竹縣,10004040,關西鎮,10004040-016,上林里,225,165912,737,552,354,918,609.78,82.7,"102Y"
,10004,新竹縣,10004040,關西鎮,10004040-017,新力里,151,105990,702,512,327,950,537.05,76.51,"102Y"
,10004,新竹縣,10004040,關西鎮,10004040-018,南和里,247,232217,940,558,360,1001,2014.65,214.29,"102Y"
,10004,新竹縣,10004040,關西鎮,10004040-019,東山里,226,177354,785,580,359,910,775.7,98.85,"102Y"
,10004,新竹縣,10004040,關西鎮,10004040-020,南新里,229,152340,665,485,353,740,574.52,86.36,"102Y"
,10004,新竹縣,10004040,關西鎮,10004040-021,東平里,257,185517,722,539,341,969,589.03,81.6,"102Y"
X,10004,新竹縣,10004040,關西鎮,10004040-999,其他,1,559,559,559,559,559,0,0,"102Y"
,10004,新竹縣,10004050,湖口鄉,10004050-001,孝勢村,472,346445,734,541,335,905,680.71,92.74,"102Y"
,10004,新竹縣,10004050,湖口鄉,10004050-002,仁勢村,268,196444,733,514,335,883,716.53,97.75,"102Y"
,10004,新竹縣,10004050,湖口鄉,10004050-003,愛勢村,1372,1063044,775,580,361,983,678.39,87.55,"102Y"
,10004,新竹縣,10004050,湖口鄉,10004050-004,信勢村,1681,1396444,831,610,386,1047,756.95,91.12,"102Y"
,10004,新竹縣,10004050,湖口鄉,10004050-005,中勢村,956,751099,786,613,387,1031,618.1,78.67,"102Y"
,10004,新竹縣,10004050,湖口鄉,10004050-006,德盛村,1540,1191670,774,607,376,1025,606.48,78.38,"102Y"
,10004,新竹縣,10004050,湖口鄉,10004050-007,和興村,907,644680,711,552,363,922,531.28,74.75,"102Y"
,10004,新竹縣,10004050,湖口鄉,10004050-008,長嶺村,921,702201,762,595,372,1005,578.02,75.81,"102Y"
,10004,新竹縣,10004050,湖口鄉,10004050-009,長安村,353,243963,691,553,358,889,548.5,79.37,"102Y"
,10004,新竹縣,10004050,湖口鄉,10004050-010,湖口村,904,739883,818,594,368,1018,772.12,94.34,"102Y"
,10004,新竹縣,10004050,湖口鄉,10004050-011,湖鏡村,823,658480,800,626,377,1029,614.16,76.76,"102Y"
,10004,新竹縣,10004050,湖口鄉,10004050-012,湖南村,507,378536,747,572,362,983,613.78,82.21,"102Y"
,10004,新竹縣,10004050,湖口鄉,10004050-013,波羅村,705,543248,771,632,410,1004,518.23,67.25,"102Y"
,10004,新竹縣,10004050,湖口鄉,10004050-014,鳳凰村,1856,1321394,712,569,374,914,523.19,73.49,"102Y"
,10004,新竹縣,10004050,湖口鄉,10004050-015,鳳山村,1086,759922,700,548,356,926,538.23,76.92,"102Y"
,10004,新竹縣,10004050,湖口鄉,10004050-016,中興村,1945,1493494,768,635,403,995,546.14,71.12,"102Y"
,10004,新竹縣,10004050,湖口鄉,10004050-017,信義村,1054,854374,811,631,381,1070,648.3,79.98,"102Y"
,10004,新竹縣,10004050,湖口鄉,10004050-018,中正村,784,694237,886,638,391,1056,963.82,108.84,"102Y"
,10004,新竹縣,10004050,湖口鄉,10004050-019,東興村,1373,1116691,813,632,390,1015,875.39,107.63,"102Y"
,10004,新竹縣,10004050,湖口鄉,10004050-020,勝利村,1351,997325,738,577,384,976,654.78,88.7,"102Y"
X,10004,新竹縣,10004050,湖口鄉,10004050-999,其他,3,1557,519,385,246,725,492.41,94.87,"102Y"
,10004,新竹縣,10004060,新豐鄉,10004060-001,福興村,304,240731,792,553,376,982,901.57,113.85,"102Y"
,10004,新竹縣,10004060,新豐鄉,10004060-002,後湖村,503,356819,709,536,343,930,570.37,80.4,"102Y"
,10004,新竹縣,10004060,新豐鄉,10004060-003,青埔村,490,352522,719,555,353,916,600.39,83.45,"102Y"
,10004,新竹縣,10004060,新豐鄉,10004060-004,埔和村,807,514085,637,509,348,829,447.39,70.23,"102Y"
,10004,新竹縣,10004060,新豐鄉,10004060-005,瑞興村,499,377021,756,591,372,944,634.05,83.92,"102Y"
,10004,新竹縣,10004060,新豐鄉,10004060-006,坡頭村,225,136619,607,506,324,742,523.91,86.28,"102Y"
,10004,新竹縣,10004060,新豐鄉,10004060-007,中崙村,1062,820885,773,625,386,978,605.71,78.36,"102Y"
,10004,新竹縣,10004060,新豐鄉,10004060-008,重興村,1606,1185357,738,569,361,916,730.3,98.95,"102Y"
,10004,新竹縣,10004060,新豐鄉,10004060-009,新豐村,558,338033,606,501,328,773,478.35,78.96,"102Y"
,10004,新竹縣,10004060,新豐鄉,10004060-010,員山村,916,815421,890,666,384,1175,823.18,92.47,"102Y"
,10004,新竹縣,10004060,新豐鄉,10004060-011,松林村,1733,1602607,925,719,417,1215,740.12,80.03,"102Y"
,10004,新竹縣,10004060,新豐鄉,10004060-012,上坑村,466,337027,723,564,353,887,612.06,84.63,"102Y"
,10004,新竹縣,10004060,新豐鄉,10004060-013,鳳坑村,298,213504,716,535,332,894,647.74,90.41,"102Y"
,10004,新竹縣,10004060,新豐鄉,10004060-014,忠孝村,1296,1195630,923,728,431,1197,855.12,92.69,"102Y"
,10004,新竹縣,10004060,新豐鄉,10004060-015,山崎村,1454,1293595,890,682,409,1135,1001.78,112.6,"102Y"
,10004,新竹縣,10004060,新豐鄉,10004060-016,松柏村,1577,1520467,964,813,440,1295,707.44,73.37,"102Y"
,10004,新竹縣,10004060,新豐鄉,10004060-017,崎頂村,904,651661,721,594,367,923,533.45,74,"102Y"
X,10004,新竹縣,10004060,新豐鄉,10004060-999,其他,2,753,376,376,366,386,28.49,7.57,"102Y"
,10004,新竹縣,10004070,芎林鄉,10004070-001,五龍村,163,123556,758,530,384,900,884.59,116.7,"102Y"
,10004,新竹縣,10004070,芎林鄉,10004070-002,華龍村,117,80616,689,525,332,798,602.78,87.48,"102Y"
,10004,新竹縣,10004070,芎林鄉,10004070-003,秀湖村,336,244577,728,532,337,937,673.88,92.58,"102Y"
,10004,新竹縣,10004070,芎林鄉,10004070-004,永興村,105,77691,740,551,374,912,619.93,83.78,"102Y"
,10004,新竹縣,10004070,芎林鄉,10004070-005,石潭村,843,630448,748,567,353,899,680.98,91.06,"102Y"
,10004,新竹縣,10004070,芎林鄉,10004070-006,新鳳村,433,320480,740,572,360,911,643.88,87,"102Y"
,10004,新竹縣,10004070,芎林鄉,10004070-007,中坑村,175,125019,714,512,348,862,689.17,96.47,"102Y"
,10004,新竹縣,10004070,芎林鄉,10004070-008,水坑村,190,131169,690,572,362,931,462.32,66.97,"102Y"
,10004,新竹縣,10004070,芎林鄉,10004070-009,文林村,806,687977,854,614,377,1073,775.18,90.82,"102Y"
,10004,新竹縣,10004070,芎林鄉,10004070-010,芎林村,512,411504,804,602,358,1064,704.3,87.63,"102Y"
,10004,新竹縣,10004070,芎林鄉,10004070-011,上山村,1378,1724012,1251,767,412,1509,2082.17,166.43,"102Y"
,10004,新竹縣,10004070,芎林鄉,10004070-012,下山村,353,333900,946,628,364,1210,1454.67,153.79,"102Y"
X,10004,新竹縣,10004070,芎林鄉,10004070-999,其他,0,0,0,0,0,0,0,0,"102Y"
,10004,新竹縣,10004080,橫山鄉,10004080-001,橫山村,1084,773039,713,547,346,896,695.67,97.55,"102Y"
,10004,新竹縣,10004080,橫山鄉,10004080-002,田寮村,268,206164,769,593,387,996,591.16,76.85,"102Y"
,10004,新竹縣,10004080,橫山鄉,10004080-003,南昌村,63,49986,793,458,295,910,893.79,112.65,"102Y"
,10004,新竹縣,10004080,橫山鄉,10004080-004,豐鄉村,48,42122,878,459,324,836,1275.12,145.31,"102Y"
,10004,新竹縣,10004080,橫山鄉,10004080-005,豐田村,81,50963,629,538,293,803,487.74,77.52,"102Y"
,10004,新竹縣,10004080,橫山鄉,10004080-006,內灣村,241,145459,604,508,318,746,443.93,73.55,"102Y"
,10004,新竹縣,10004080,橫山鄉,10004080-007,福興村,111,72802,656,506,309,861,558.56,85.16,"102Y"
,10004,新竹縣,10004080,橫山鄉,10004080-008,沙坑村,247,165267,669,516,296,861,537.72,80.36,"102Y"
,10004,新竹縣,10004080,橫山鄉,10004080-009,新興村,475,332366,700,550,323,919,569.68,81.42,"102Y"
,10004,新竹縣,10004080,橫山鄉,10004080-010,大肚村,506,340805,674,522,333,870,521.19,77.38,"102Y"
,10004,新竹縣,10004080,橫山鄉,10004080-011,力行村,192,141434,737,616,363,945,508.73,69.06,"102Y"
X,10004,新竹縣,10004080,橫山鄉,10004080-999,其他,0,0,0,0,0,0,0,0,"102Y"
,10004,新竹縣,10004090,北埔鄉,10004090-001,北埔村,350,243913,697,504,317,917,572.97,82.22,"102Y"
,10004,新竹縣,10004090,北埔鄉,10004090-002,南興村,357,245463,688,515,304,866,581.93,84.64,"102Y"
,10004,新竹縣,10004090,北埔鄉,10004090-003,埔尾村,773,562602,728,551,356,926,691.89,95.06,"102Y"
,10004,新竹縣,10004090,北埔鄉,10004090-004,水?村,224,129754,579,476,306,730,437.84,75.59,"102Y"
,10004,新竹縣,10004090,北埔鄉,10004090-005,南埔村,122,89917,737,517,327,921,726.6,98.59,"102Y"
,10004,新竹縣,10004090,北埔鄉,10004090-006,大林村,249,167300,672,525,386,815,561.54,83.58,"102Y"
,10004,新竹縣,10004090,北埔鄉,10004090-007,大湖村,136,96514,710,568,334,844,645.79,91,"102Y"
,10004,新竹縣,10004090,北埔鄉,10004090-008,南坑村,97,71011,732,504,366,835,700.17,95.64,"102Y"
,10004,新竹縣,10004090,北埔鄉,10004090-009,外坪村,65,45054,693,564,329,714,702.69,101.38,"102Y"
X,10004,新竹縣,10004090,北埔鄉,10004090-999,其他,0,0,0,0,0,0,0,0,"102Y"
,10004,新竹縣,10004100,寶山鄉,10004100-001,雙溪村,807,810553,1004,659,367,1210,1237.72,123.23,"102Y"
,10004,新竹縣,10004100,寶山鄉,10004100-002,大崎村,684,1216322,1778,1089,466,2274,2315.92,130.24,"102Y"
,10004,新竹縣,10004100,寶山鄉,10004100-003,三峰村,279,577070,2068,915,405,2366,3473.9,167.95,"102Y"
,10004,新竹縣,10004100,寶山鄉,10004100-004,新城村,325,216181,665,531,333,829,541.37,81.39,"102Y"
,10004,新竹縣,10004100,寶山鄉,10004100-005,深井村,216,141445,655,534,364,844,468.54,71.55,"102Y"
,10004,新竹縣,10004100,寶山鄉,10004100-006,寶斗村,187,122446,655,532,324,861,501.2,76.54,"102Y"
,10004,新竹縣,10004100,寶山鄉,10004100-007,山湖村,172,210219,1222,621,334,1228,1884.93,154.22,"102Y"
,10004,新竹縣,10004100,寶山鄉,10004100-008,寶山村,260,340987,1311,615,358,1112,4289.95,327.11,"102Y"
,10004,新竹縣,10004100,寶山鄉,10004100-009,油田村,136,77021,566,467,247,747,454.84,80.31,"102Y"
,10004,新竹縣,10004100,寶山鄉,10004100-010,雙新村,873,1049865,1203,744,400,1427,1502.1,124.91,"102Y"
X,10004,新竹縣,10004100,寶山鄉,10004100-999,其他,0,0,0,0,0,0,0,0,"102Y"
,10004,新竹縣,10004110,峨眉鄉,10004110-001,峨眉村,253,197892,782,583,363,971,681.14,87.08,"102Y"
,10004,新竹縣,10004110,峨眉鄉,10004110-002,中盛村,196,132104,674,523,333,860,801.54,118.92,"102Y"
,10004,新竹縣,10004110,峨眉鄉,10004110-003,石井村,150,100884,673,539,352,827,546.49,81.25,"102Y"
,10004,新竹縣,10004110,峨眉鄉,10004110-004,富興村,335,230813,689,513,337,864,581.29,84.37,"102Y"
,10004,新竹縣,10004110,峨眉鄉,10004110-005,七星村,124,90852,733,624,339,904,564.89,77.1,"102Y"
,10004,新竹縣,10004110,峨眉鄉,10004110-006,湖光村,220,130279,592,494,300,737,442.11,74.66,"102Y"
X,10004,新竹縣,10004110,峨眉鄉,10004110-999,其他,0,0,0,0,0,0,0,0,"102Y"
,10004,新竹縣,10004120,尖石鄉,10004120-001,義興村,113,71989,637,515,355,857,435.86,68.42,"102Y"
,10004,新竹縣,10004120,尖石鄉,10004120-002,嘉樂村,191,138976,728,580,372,847,628.61,86.39,"102Y"
,10004,新竹縣,10004120,尖石鄉,10004120-003,新樂村,201,128389,639,494,365,783,581.99,91.11,"102Y"
,10004,新竹縣,10004120,尖石鄉,10004120-004,梅花村,72,40286,560,471,306,695,364.75,65.19,"102Y"
,10004,新竹縣,10004120,尖石鄉,10004120-005,錦屏村,177,113008,638,440,291,777,588.47,92.17,"102Y"
,10004,新竹縣,10004120,尖石鄉,10004120-006,玉峰村,147,85908,584,497,337,773,375.96,64.33,"102Y"
,10004,新竹縣,10004120,尖石鄉,10004120-007,秀巒村,166,110919,668,531,322,918,532.02,79.62,"102Y"
X,10004,新竹縣,10004120,尖石鄉,10004120-999,其他,0,0,0,0,0,0,0,0,"102Y"
,10004,新竹縣,10004130,五峰鄉,10004130-001,大隘村,235,145624,620,509,323,783,434.52,70.12,"102Y"
,10004,新竹縣,10004130,五峰鄉,10004130-002,花園村,105,56424,537,469,285,667,341.53,63.55,"102Y"
,10004,新竹縣,10004130,五峰鄉,10004130-003,竹林村,53,33719,636,466,359,779,506.08,79.55,"102Y"
,10004,新竹縣,10004130,五峰鄉,10004130-004,桃山村,182,119634,657,537,293,823,577.7,87.89,"102Y"
X,10004,新竹縣,10004130,五峰鄉,10004130-999,其他,0,0,0,0,0,0,0,0,"102Y"
,10005,苗栗縣,10005010,苗栗市,10005010-001,中苗里,410,342191,835,590,322,1120,799.89,95.84,"102Y"
,10005,苗栗縣,10005010,苗栗市,10005010-002,建功里,1621,1384731,854,624,353,1157,793.45,92.88,"102Y"
,10005,苗栗縣,10005010,苗栗市,10005010-003,青苗里,340,272178,801,601,321,1052,684.3,85.48,"102Y"
,10005,苗栗縣,10005010,苗栗市,10005010-004,玉清里,844,659474,781,600,346,1043,639.72,81.87,"102Y"
,10005,苗栗縣,10005010,苗栗市,10005010-005,玉華里,1245,1160053,932,602,362,1072,4548.76,488.18,"102Y"
,10005,苗栗縣,10005010,苗栗市,10005010-006,維新里,1349,1083442,803,583,354,1001,789.93,98.35,"102Y"
,10005,苗栗縣,10005010,苗栗市,10005010-007,維祥里,1221,958682,785,569,345,1060,667.06,84.96,"102Y"
,10005,苗栗縣,10005010,苗栗市,10005010-008,綠苗里,264,184713,700,523,295,962,619.44,88.53,"102Y"
,10005,苗栗縣,10005010,苗栗市,10005010-009,高苗里,1059,807808,763,560,335,973,736.09,96.5,"102Y"
,10005,苗栗縣,10005010,苗栗市,10005010-010,玉苗里,280,183642,656,488,278,791,696.19,106.15,"102Y"
,10005,苗栗縣,10005010,苗栗市,10005010-011,大同里,185,116562,630,466,280,764,677.98,107.6,"102Y"
,10005,苗栗縣,10005010,苗栗市,10005010-012,新苗里,341,247999,727,501,291,840,1003.09,137.93,"102Y"
,10005,苗栗縣,10005010,苗栗市,10005010-013,勝利里,1348,1026766,762,566,338,1015,642.65,84.37,"102Y"
,10005,苗栗縣,10005010,苗栗市,10005010-014,恭敬里,476,371007,779,558,339,1063,677.99,86.99,"102Y"
,10005,苗栗縣,10005010,苗栗市,10005010-015,上苗里,624,517970,830,634,356,1107,724.34,87.26,"102Y"
,10005,苗栗縣,10005010,苗栗市,10005010-016,北苗里,1962,1663352,848,646,370,1137,696.37,82.14,"102Y"
,10005,苗栗縣,10005010,苗栗市,10005010-017,清華里,1167,902006,773,599,336,1037,673.6,87.15,"102Y"
,10005,苗栗縣,10005010,苗栗市,10005010-018,嘉盛里,1285,985109,767,556,343,1033,628.56,81.99,"102Y"
,10005,苗栗縣,10005010,苗栗市,10005010-019,福星里,1429,1173616,821,641,375,1111,703.65,85.68,"102Y"
,10005,苗栗縣,10005010,苗栗市,10005010-020,新川里,358,260091,727,517,323,836,962.43,132.47,"102Y"
,10005,苗栗縣,10005010,苗栗市,10005010-021,文山里,1212,1025076,846,642,374,1145,692.01,81.82,"102Y"
,10005,苗栗縣,10005010,苗栗市,10005010-022,福麗里,1716,1360175,793,575,330,1063,743.94,93.86,"102Y"
,10005,苗栗縣,10005010,苗栗市,10005010-023,水源里,798,547876,687,549,326,906,532.14,77.51,"102Y"
,10005,苗栗縣,10005010,苗栗市,10005010-024,新英里,523,370774,709,559,361,886,561.89,79.26,"102Y"
,10005,苗栗縣,10005010,苗栗市,10005010-025,福安里,1230,933697,759,606,364,1029,593.94,78.24,"102Y"
,10005,苗栗縣,10005010,苗栗市,10005010-026,嘉新里,1127,875529,777,601,352,1043,622.21,80.09,"102Y"
,10005,苗栗縣,10005010,苗栗市,10005010-027,南勢里,594,373417,629,520,335,845,439.38,69.89,"102Y"
,10005,苗栗縣,10005010,苗栗市,10005010-028,文聖里,1113,867596,780,614,367,1066,590.92,75.81,"102Y"
X,10005,苗栗縣,10005010,苗栗市,10005010-999,其他,0,0,0,0,0,0,0,0,"102Y"
,10005,苗栗縣,10005020,苑裡鎮,10005020-001,苑東里,681,483907,711,509,300,931,643.22,90.52,"102Y"
,10005,苗栗縣,10005020,苑裡鎮,10005020-002,苑南里,558,388048,695,492,296,862,656.89,94.46,"102Y"
,10005,苗栗縣,10005020,苑裡鎮,10005020-003,苑北里,265,173025,653,478,301,840,527.15,80.74,"102Y"
,10005,苗栗縣,10005020,苑裡鎮,10005020-004,西平里,449,256666,572,464,282,701,474.28,82.97,"102Y"
,10005,苗栗縣,10005020,苑裡鎮,10005020-005,苑港里,340,208602,614,453,296,746,572.13,93.25,"102Y"
,10005,苗栗縣,10005020,苑裡鎮,10005020-006,西勢里,611,386331,632,507,316,817,496.3,78.49,"102Y"
,10005,苗栗縣,10005020,苑裡鎮,10005020-007,海岸里,317,162067,511,422,257,656,425.92,83.31,"102Y"
,10005,苗栗縣,10005020,苑裡鎮,10005020-008,房裡里,693,404627,584,441,290,721,488.69,83.7,"102Y"
,10005,苗栗縣,10005020,苑裡鎮,10005020-009,客庄里,1360,975171,717,545,329,890,663.07,92.47,"102Y"
,10005,苗栗縣,10005020,苑裡鎮,10005020-010,中正里,673,415831,618,449,287,786,621.52,100.59,"102Y"
,10005,苗栗縣,10005020,苑裡鎮,10005020-011,苑坑里,249,147110,591,436,311,665,549.2,92.96,"102Y"
,10005,苗栗縣,10005020,苑裡鎮,10005020-012,水坡里,150,87107,581,419,284,752,471.3,81.16,"102Y"
,10005,苗栗縣,10005020,苑裡鎮,10005020-013,新復里,417,287725,690,511,306,881,604.94,87.67,"102Y"
,10005,苗栗縣,10005020,苑裡鎮,10005020-014,山?里,416,254441,612,471,298,778,522.19,85.38,"102Y"
,10005,苗栗縣,10005020,苑裡鎮,10005020-015,舊社里,593,371670,627,468,286,805,543,86.64,"102Y"
,10005,苗栗縣,10005020,苑裡鎮,10005020-016,福田里,387,246802,638,488,292,732,643.95,100.98,"102Y"
,10005,苗栗縣,10005020,苑裡鎮,10005020-017,石鎮里,165,103568,628,478,307,808,489.62,78,"102Y"
,10005,苗栗縣,10005020,苑裡鎮,10005020-018,蕉埔里,239,145611,609,477,302,787,454.53,74.61,"102Y"
,10005,苗栗縣,10005020,苑裡鎮,10005020-019,社苓里,667,412921,619,481,310,777,523.33,84.53,"102Y"
,10005,苗栗縣,10005020,苑裡鎮,10005020-020,泰田里,505,295091,584,437,275,752,476.87,81.61,"102Y"
,10005,苗栗縣,10005020,苑裡鎮,10005020-021,上?里,471,241729,513,412,263,652,381.04,74.24,"102Y"
,10005,苗栗縣,10005020,苑裡鎮,10005020-022,玉田里,568,332670,586,442,280,710,733.32,125.21,"102Y"
,10005,苗栗縣,10005020,苑裡鎮,10005020-023,南勢里,180,94386,524,425,243,708,419.17,79.94,"102Y"
,10005,苗栗縣,10005020,苑裡鎮,10005020-024,山柑里,436,285730,655,514,310,796,648.32,98.93,"102Y"
,10005,苗栗縣,10005020,苑裡鎮,10005020-025,田心里,572,355703,622,482,301,795,502.62,80.83,"102Y"
X,10005,苗栗縣,10005020,苑裡鎮,10005020-999,其他,0,0,0,0,0,0,0,0,"102Y"
,10005,苗栗縣,10005030,通霄鎮,10005030-001,通東里,368,259485,705,504,309,875,728.75,103.35,"102Y"
,10005,苗栗縣,10005030,通霄鎮,10005030-002,通西里,683,485954,711,524,308,897,1081.54,152.01,"102Y"
,10005,苗栗縣,10005030,通霄鎮,10005030-003,平元里,647,424365,656,525,327,828,517.33,78.87,"102Y"
,10005,苗栗縣,10005030,通霄鎮,10005030-004,梅南里,471,279822,594,462,286,769,467.56,78.7,"102Y"
,10005,苗栗縣,10005030,通霄鎮,10005030-005,圳頭里,181,97940,541,429,266,658,407.63,75.33,"102Y"
,10005,苗栗縣,10005030,通霄鎮,10005030-006,通南里,884,536665,607,439,275,725,1869.77,307.99,"102Y"
,10005,苗栗縣,10005030,通霄鎮,10005030-007,城北里,174,105112,604,463,306,769,469.64,77.74,"102Y"
,10005,苗栗縣,10005030,通霄鎮,10005030-008,城南里,228,173470,761,497,283,899,853.79,112.22,"102Y"
,10005,苗栗縣,10005030,通霄鎮,10005030-009,南和里,205,143932,702,498,282,866,863.08,122.93,"102Y"
,10005,苗栗縣,10005030,通霄鎮,10005030-010,福興里,145,93324,644,531,283,807,566.72,88.05,"102Y"
,10005,苗栗縣,10005030,通霄鎮,10005030-011,坪頂里,308,198824,646,481,292,792,602.72,93.37,"102Y"
,10005,苗栗縣,10005030,通霄鎮,10005030-012,五南里,405,261761,646,461,295,727,1466.6,226.91,"102Y"
,10005,苗栗縣,10005030,通霄鎮,10005030-013,五北里,428,244217,571,461,298,734,492.04,86.23,"102Y"
,10005,苗栗縣,10005030,通霄鎮,10005030-014,內湖里,530,327841,619,521,327,756,480.62,77.7,"102Y"
,10005,苗栗縣,10005030,通霄鎮,10005030-015,楓樹里,97,63069,650,455,266,707,757.56,116.51,"102Y"
,10005,苗栗縣,10005030,通霄鎮,10005030-016,烏眉里,231,160995,697,547,363,939,599.49,86.02,"102Y"
,10005,苗栗縣,10005030,通霄鎮,10005030-017,福龍里,98,55443,566,475,289,692,424.9,75.11,"102Y"
,10005,苗栗縣,10005030,通霄鎮,10005030-018,福源里,209,120048,574,469,289,732,425.72,74.12,"102Y"
,10005,苗栗縣,10005030,通霄鎮,10005030-019,通灣里,693,416715,601,465,279,780,485.57,80.75,"102Y"
,10005,苗栗縣,10005030,通霄鎮,10005030-020,新埔里,355,192208,541,435,269,673,430.04,79.43,"102Y"
,10005,苗栗縣,10005030,通霄鎮,10005030-021,內島里,226,136541,604,468,314,750,443.55,73.42,"102Y"
,10005,苗栗縣,10005030,通霄鎮,10005030-022,白東里,466,284777,611,487,321,757,503.75,82.43,"102Y"
,10005,苗栗縣,10005030,通霄鎮,10005030-023,白西里,228,130685,573,460,297,737,413.87,72.21,"102Y"
,10005,苗栗縣,10005030,通霄鎮,10005030-024,平安里,688,486415,707,500,325,935,587.75,83.13,"102Y"
X,10005,苗栗縣,10005030,通霄鎮,10005030-999,其他,0,0,0,0,0,0,0,0,"102Y"
,10005,苗栗縣,10005040,竹南鎮,10005040-001,竹南里,808,715725,886,601,325,1112,969.15,109.41,"102Y"
,10005,苗栗縣,10005040,竹南鎮,10005040-002,照南里,1237,1280808,1035,696,385,1330,1195.73,115.48,"102Y"
,10005,苗栗縣,10005040,竹南鎮,10005040-003,正南里,958,778797,813,588,336,1072,764.66,94.06,"102Y"
,10005,苗栗縣,10005040,竹南鎮,10005040-004,新南里,1512,1500797,993,712,394,1247,1362.6,137.28,"102Y"
,10005,苗栗縣,10005040,竹南鎮,10005040-005,大厝里,1915,1743089,910,688,383,1210,798.96,87.78,"102Y"
,10005,苗栗縣,10005040,竹南鎮,10005040-006,營盤里,1207,1061112,879,632,354,1137,837.66,95.28,"102Y"
,10005,苗栗縣,10005040,竹南鎮,10005040-007,聖福里,1335,1227983,920,659,385,1158,1279.39,139.09,"102Y"
,10005,苗栗縣,10005040,竹南鎮,10005040-008,竹興里,1037,669886,646,498,332,813,523.97,81.11,"102Y"
,10005,苗栗縣,10005040,竹南鎮,10005040-009,龍鳳里,800,554328,693,522,358,871,624.19,90.08,"102Y"
,10005,苗栗縣,10005040,竹南鎮,10005040-010,山佳里,1603,1264321,789,603,351,1036,651.81,82.64,"102Y"
,10005,苗栗縣,10005040,竹南鎮,10005040-011,中港里,376,286722,763,533,317,959,887.94,116.44,"102Y"
,10005,苗栗縣,10005040,竹南鎮,10005040-012,中華里,1014,800702,790,593,366,987,689.17,87.28,"102Y"
,10005,苗栗縣,10005040,竹南鎮,10005040-013,中英里,507,330554,652,515,330,829,509,78.07,"102Y"
,10005,苗栗縣,10005040,竹南鎮,10005040-014,中美里,685,461298,673,528,336,845,536.41,79.65,"102Y"
,10005,苗栗縣,10005040,竹南鎮,10005040-015,開元里,279,207684,744,590,339,950,635.34,85.35,"102Y"
,10005,苗栗縣,10005040,竹南鎮,10005040-016,海口里,1189,1001731,842,643,379,1076,749.8,89,"102Y"
,10005,苗栗縣,10005040,竹南鎮,10005040-017,港墘里,687,534798,778,581,366,962,656.51,84.34,"102Y"
,10005,苗栗縣,10005040,竹南鎮,10005040-018,公?里,422,276567,655,507,322,793,592.23,90.37,"102Y"
,10005,苗栗縣,10005040,竹南鎮,10005040-019,大埔里,1109,744571,671,511,323,835,593.97,88.47,"102Y"
,10005,苗栗縣,10005040,竹南鎮,10005040-020,頂埔里,720,481689,669,528,336,820,580.61,86.79,"102Y"
,10005,苗栗縣,10005040,竹南鎮,10005040-021,崎頂里,1238,935310,756,568,364,935,697.28,92.29,"102Y"
,10005,苗栗縣,10005040,竹南鎮,10005040-022,公義里,338,245000,725,484,323,827,1094.66,151.02,"102Y"
,10005,苗栗縣,10005040,竹南鎮,10005040-023,佳興里,1167,1050866,900,633,383,1136,887.01,98.5,"102Y"
,10005,苗栗縣,10005040,竹南鎮,10005040-024,天文里,767,643141,839,644,378,1070,797.76,95.14,"102Y"
,10005,苗栗縣,10005040,竹南鎮,10005040-025,龍山里,759,614112,809,584,376,997,745.52,92.14,"102Y"
X,10005,苗栗縣,10005040,竹南鎮,10005040-999,其他,0,0,0,0,0,0,0,0,"102Y"
,10005,苗栗縣,10005050,頭份鎮,10005050-001,流東里,672,426619,635,495,338,791,540.2,85.09,"102Y"
,10005,苗栗縣,10005050,頭份鎮,10005050-002,珊湖里,536,341467,637,496,305,793,597.35,93.77,"102Y"
,10005,苗栗縣,10005050,頭份鎮,10005050-003,斗煥里,1048,711581,679,541,361,864,520.31,76.63,"102Y"
,10005,苗栗縣,10005050,頭份鎮,10005050-004,新華里,1222,813908,666,517,330,865,550.94,82.72,"102Y"
,10005,苗栗縣,10005050,頭份鎮,10005050-005,興隆里,1430,1269333,888,605,366,1120,912.44,102.79,"102Y"
,10005,苗栗縣,10005050,頭份鎮,10005050-006,上埔里,867,604118,697,531,339,878,591.55,84.9,"102Y"
,10005,苗栗縣,10005050,頭份鎮,10005050-007,土牛里,253,147834,584,473,300,736,457.77,78.34,"102Y"
,10005,苗栗縣,10005050,頭份鎮,10005050-008,頭份里,1126,849003,754,568,355,960,682.96,90.58,"102Y"
,10005,苗栗縣,10005050,頭份鎮,10005050-009,忠孝里,1157,1033383,893,610,365,1131,1920.36,215.01,"102Y"
,10005,苗栗縣,10005050,頭份鎮,10005050-010,仁愛里,536,343704,641,505,292,808,578.37,90.2,"102Y"
,10005,苗栗縣,10005050,頭份鎮,10005050-011,信義里,269,212040,788,521,309,967,1032.73,131.01,"102Y"
,10005,苗栗縣,10005050,頭份鎮,10005050-012,和平里,347,281856,812,583,316,1034,778.96,95.9,"102Y"
,10005,苗栗縣,10005050,頭份鎮,10005050-013,民族里,705,522967,742,555,357,955,640.23,86.31,"102Y"
,10005,苗栗縣,10005050,頭份鎮,10005050-014,東庄里,1118,961833,860,623,366,1109,864.84,100.53,"102Y"
,10005,苗栗縣,10005050,頭份鎮,10005050-015,後庄里,1407,1409926,1002,761,418,1354,875.99,87.42,"102Y"
,10005,苗栗縣,10005050,頭份鎮,10005050-016,山下里,1344,1244214,926,682,387,1197,931.75,100.65,"102Y"
,10005,苗栗縣,10005050,頭份鎮,10005050-017,蟠桃里,2098,2011143,959,738,433,1238,796.74,83.12,"102Y"
,10005,苗栗縣,10005050,頭份鎮,10005050-018,田寮里,1416,1097187,775,595,372,1003,645.71,83.33,"102Y"
,10005,苗栗縣,10005050,頭份鎮,10005050-019,蘆竹里,454,271259,597,462,308,722,493.19,82.54,"102Y"
,10005,苗栗縣,10005050,頭份鎮,10005050-020,上興里,560,384889,687,535,353,852,596.78,86.83,"102Y"
,10005,苗栗縣,10005050,頭份鎮,10005050-021,下興里,831,603938,727,551,344,911,641.53,88.27,"102Y"
,10005,苗栗縣,10005050,頭份鎮,10005050-022,尖山里,481,316796,659,513,305,828,705.11,107.06,"102Y"
,10005,苗栗縣,10005050,頭份鎮,10005050-023,尖下里,886,587142,663,515,336,868,517.63,78.11,"102Y"
,10005,苗栗縣,10005050,頭份鎮,10005050-024,廣興里,284,200116,705,568,354,917,562.27,79.8,"102Y"
,10005,苗栗縣,10005050,頭份鎮,10005050-025,濫坑里,718,443985,618,506,325,828,409.92,66.29,"102Y"
,10005,苗栗縣,10005050,頭份鎮,10005050-026,民權里,686,568087,828,556,333,953,1428.19,172.46,"102Y"
,10005,苗栗縣,10005050,頭份鎮,10005050-027,民生里,808,554373,686,535,346,881,571.87,83.35,"102Y"
,10005,苗栗縣,10005050,頭份鎮,10005050-028,建國里,1305,1161730,890,635,392,1102,932.26,104.72,"102Y"
,10005,苗栗縣,10005050,頭份鎮,10005050-029,成功里,1340,1084350,809,606,365,1072,730.94,90.33,"102Y"
,10005,苗栗縣,10005050,頭份鎮,10005050-030,自強里,728,581325,799,578,346,976,996.05,124.74,"102Y"
,10005,苗栗縣,10005050,頭份鎮,10005050-031,合興里,929,926395,997,772,457,1276,896.14,89.87,"102Y"
,10005,苗栗縣,10005050,頭份鎮,10005050-032,文化里,1198,1181143,986,739,416,1343,877.98,89.05,"102Y"
X,10005,苗栗縣,10005050,頭份鎮,10005050-999,其他,1,517,517,517,517,517,0,0,"102Y"
,10005,苗栗縣,10005060,後龍鎮,10005060-001,南龍里,410,271226,662,514,325,839,598.95,90.54,"102Y"
,10005,苗栗縣,10005060,後龍鎮,10005060-002,中龍里,278,221431,797,573,349,966,975.4,122.46,"102Y"
,10005,苗栗縣,10005060,後龍鎮,10005060-003,北龍里,425,278556,655,476,263,853,655.1,99.95,"102Y"
,10005,苗栗縣,10005060,後龍鎮,10005060-004,大庄里,1346,940386,699,519,317,852,672.64,96.28,"102Y"
,10005,苗栗縣,10005060,後龍鎮,10005060-005,溪洲里,638,426288,668,510,310,815,652.23,97.62,"102Y"
,10005,苗栗縣,10005060,後龍鎮,10005060-006,豐富里,404,266992,661,488,327,840,522.97,79.13,"102Y"
,10005,苗栗縣,10005060,後龍鎮,10005060-007,校椅里,264,186667,707,572,358,951,539.11,76.25,"102Y"
,10005,苗栗縣,10005060,後龍鎮,10005060-008,埔頂里,838,578302,690,531,332,872,806.38,116.85,"102Y"
,10005,苗栗縣,10005060,後龍鎮,10005060-009,新民里,418,284768,681,546,350,869,506.71,74.38,"102Y"
,10005,苗栗縣,10005060,後龍鎮,10005060-010,復興里,171,106162,621,496,305,695,498.81,80.35,"102Y"
,10005,苗栗縣,10005060,後龍鎮,10005060-011,東明里,426,279985,657,513,329,839,540.44,82.23,"102Y"
,10005,苗栗縣,10005060,後龍鎮,10005060-012,大山里,433,303497,701,499,334,803,808.72,115.38,"102Y"
,10005,苗栗縣,10005060,後龍鎮,10005060-013,灣寶里,348,221032,635,480,319,805,513.27,80.81,"102Y"
,10005,苗栗縣,10005060,後龍鎮,10005060-014,海寶里,227,148232,653,507,310,769,607.03,92.96,"102Y"
,10005,苗栗縣,10005060,後龍鎮,10005060-015,外埔里,252,160433,637,467,282,847,681.65,107.07,"102Y"
,10005,苗栗縣,10005060,後龍鎮,10005060-016,海埔里,245,133401,544,467,302,673,378.12,69.44,"102Y"
,10005,苗栗縣,10005060,後龍鎮,10005060-017,秀水里,177,124133,701,499,304,794,782.2,111.53,"102Y"
,10005,苗栗縣,10005060,後龍鎮,10005060-018,水尾里,245,137354,561,455,268,737,441.26,78.71,"102Y"
,10005,苗栗縣,10005060,後龍鎮,10005060-019,龍津里,161,85580,532,413,277,700,408.27,76.81,"102Y"
,10005,苗栗縣,10005060,後龍鎮,10005060-020,龍坑里,357,241722,677,506,302,804,725.55,107.16,"102Y"
,10005,苗栗縣,10005060,後龍鎮,10005060-021,福寧里,193,121236,628,501,313,800,509.44,81.1,"102Y"
,10005,苗栗縣,10005060,後龍鎮,10005060-022,中和里,271,151877,560,472,310,722,393.93,70.29,"102Y"
,10005,苗栗縣,10005060,後龍鎮,10005060-023,南港里,315,190976,606,481,306,789,576.36,95.07,"102Y"
X,10005,苗栗縣,10005060,後龍鎮,10005060-999,其他,0,0,0,0,0,0,0,0,"102Y"
,10005,苗栗縣,10005070,卓蘭鎮,10005070-001,中街里,186,126571,680,559,278,885,610.68,89.74,"102Y"
,10005,苗栗縣,10005070,卓蘭鎮,10005070-002,新厝里,368,224017,609,460,291,816,538.71,88.5,"102Y"
,10005,苗栗縣,10005070,卓蘭鎮,10005070-003,上新里,488,306232,628,488,292,773,614.18,97.87,"102Y"
,10005,苗栗縣,10005070,卓蘭鎮,10005070-004,豐田里,216,137033,634,506,302,775,589.59,92.93,"102Y"
,10005,苗栗縣,10005070,卓蘭鎮,10005070-005,西坪里,157,105124,670,518,308,856,609.66,91.05,"102Y"
,10005,苗栗縣,10005070,卓蘭鎮,10005070-006,景山里,181,118754,656,530,329,850,485.47,73.99,"102Y"
,10005,苗栗縣,10005070,卓蘭鎮,10005070-007,老庄里,472,305863,648,517,308,841,525.27,81.06,"102Y"
,10005,苗栗縣,10005070,卓蘭鎮,10005070-008,新榮里,247,149688,606,476,284,773,477.63,78.81,"102Y"
,10005,苗栗縣,10005070,卓蘭鎮,10005070-009,內灣里,447,257710,577,450,271,695,518.85,89.99,"102Y"
,10005,苗栗縣,10005070,卓蘭鎮,10005070-010,苗豐里,172,113820,662,517,313,845,527.64,79.73,"102Y"
,10005,苗栗縣,10005070,卓蘭鎮,10005070-011,坪林里,311,183887,591,451,273,709,656.39,111.01,"102Y"
X,10005,苗栗縣,10005070,卓蘭鎮,10005070-999,其他,0,0,0,0,0,0,0,0,"102Y"
,10005,苗栗縣,10005080,大湖鄉,10005080-001,大湖村,454,307116,676,546,350,882,481.79,71.22,"102Y"
,10005,苗栗縣,10005080,大湖鄉,10005080-002,明湖村,177,119052,673,526,289,893,595.27,88.5,"102Y"
,10005,苗栗縣,10005080,大湖鄉,10005080-003,靜湖村,464,308400,665,491,294,782,671.03,100.96,"102Y"
,10005,苗栗縣,10005080,大湖鄉,10005080-004,富興村,301,171178,569,477,265,723,427.57,75.18,"102Y"
,10005,苗栗縣,10005080,大湖鄉,10005080-005,大南村,101,61817,612,505,325,753,461.18,75.35,"102Y"
,10005,苗栗縣,10005080,大湖鄉,10005080-006,大寮村,308,200730,652,536,284,871,563.94,86.53,"102Y"
,10005,苗栗縣,10005080,大湖鄉,10005080-007,南湖村,167,102491,614,485,299,801,506.21,82.48,"102Y"
,10005,苗栗縣,10005080,大湖鄉,10005080-008,義和村,292,188515,646,523,316,823,506.5,78.45,"102Y"
,10005,苗栗縣,10005080,大湖鄉,10005080-009,東興村,139,88973,640,519,313,734,706.08,110.31,"102Y"
,10005,苗栗縣,10005080,大湖鄉,10005080-010,武榮村,90,49503,550,470,309,689,372.97,67.81,"102Y"
,10005,苗栗縣,10005080,大湖鄉,10005080-011,栗林村,166,95621,576,433,286,763,432.85,75.14,"102Y"
,10005,苗栗縣,10005080,大湖鄉,10005080-012,新開村,208,131195,631,500,261,786,588.38,93.28,"102Y"
X,10005,苗栗縣,10005080,大湖鄉,10005080-999,其他,1,403,403,403,403,403,0,0,"102Y"
,10005,苗栗縣,10005090,公館鄉,10005090-001,館中村,549,388956,708,548,329,938,594.43,83.9,"102Y"
,10005,苗栗縣,10005090,公館鄉,10005090-002,館東村,778,594441,764,556,347,984,718.81,94.08,"102Y"
,10005,苗栗縣,10005090,公館鄉,10005090-003,館南村,1146,801455,699,557,335,896,538.67,77.02,"102Y"
,10005,苗栗縣,10005090,公館鄉,10005090-004,大坑村,287,177732,619,489,328,775,468.65,75.68,"102Y"
,10005,苗栗縣,10005090,公館鄉,10005090-005,中義村,754,598999,794,552,353,897,2427.96,305.62,"102Y"
,10005,苗栗縣,10005090,公館鄉,10005090-006,玉泉村,758,611993,807,592,338,1112,745.75,92.37,"102Y"
,10005,苗栗縣,10005090,公館鄉,10005090-007,石墻村,439,289937,660,505,322,876,484.41,73.35,"102Y"
,10005,苗栗縣,10005090,公館鄉,10005090-008,福基村,309,200024,647,508,312,814,499.63,77.18,"102Y"
,10005,苗栗縣,10005090,公館鄉,10005090-009,福星村,638,434732,681,537,336,898,505.04,74.12,"102Y"
,10005,苗栗縣,10005090,公館鄉,10005090-010,開礦村,92,53885,586,423,231,726,559.48,95.52,"102Y"
,10005,苗栗縣,10005090,公館鄉,10005090-011,福德村,106,75172,709,512,318,993,559.59,78.91,"102Y"
,10005,苗栗縣,10005090,公館鄉,10005090-012,五谷村,714,533419,747,578,355,985,635.21,85.03,"102Y"
,10005,苗栗縣,10005090,公館鄉,10005090-013,玉谷村,444,300567,677,540,341,850,567.1,83.77,"102Y"
,10005,苗栗縣,10005090,公館鄉,10005090-014,鶴岡村,505,362718,718,556,350,983,560.3,78.01,"102Y"
,10005,苗栗縣,10005090,公館鄉,10005090-015,鶴山村,433,278548,643,516,289,868,503.89,78.33,"102Y"
,10005,苗栗縣,10005090,公館鄉,10005090-016,仁安村,368,256151,696,523,325,918,605.49,86.99,"102Y"
,10005,苗栗縣,10005090,公館鄉,10005090-017,尖山村,452,329133,728,565,340,929,607.47,83.42,"102Y"
,10005,苗栗縣,10005090,公館鄉,10005090-018,南河村,65,37565,578,438,229,702,527.08,91.2,"102Y"
,10005,苗栗縣,10005090,公館鄉,10005090-019,北河村,80,51234,640,501,337,832,516.18,80.6,"102Y"
X,10005,苗栗縣,10005090,公館鄉,10005090-999,其他,0,0,0,0,0,0,0,0,"102Y"
,10005,苗栗縣,10005100,銅鑼鄉,10005100-001,福興村,334,228347,684,517,333,880,561.98,82.2,"102Y"
,10005,苗栗縣,10005100,銅鑼鄉,10005100-002,銅鑼村,1524,1055016,692,549,353,903,551.43,79.66,"102Y"
,10005,苗栗縣,10005100,銅鑼鄉,10005100-003,朝陽村,578,373829,647,517,316,849,483.89,74.82,"102Y"
,10005,苗栗縣,10005100,銅鑼鄉,10005100-004,樟樹村,368,252629,686,558,358,918,496.85,72.38,"102Y"
,10005,苗栗縣,10005100,銅鑼鄉,10005100-005,九湖村,343,220850,644,483,318,851,465.38,72.28,"102Y"
,10005,苗栗縣,10005100,銅鑼鄉,10005100-006,竹森村,339,233651,689,523,314,893,655.75,95.14,"102Y"
,10005,苗栗縣,10005100,銅鑼鄉,10005100-007,中平村,1016,674556,664,506,332,876,534.75,80.54,"102Y"
,10005,苗栗縣,10005100,銅鑼鄉,10005100-008,興隆村,154,100423,652,523,302,874,501.96,76.98,"102Y"
,10005,苗栗縣,10005100,銅鑼鄉,10005100-009,盛隆村,98,63963,653,529,357,866,407.72,62.47,"102Y"
,10005,苗栗縣,10005100,銅鑼鄉,10005100-010,新隆村,140,97344,695,627,368,937,458.61,65.96,"102Y"
X,10005,苗栗縣,10005100,銅鑼鄉,10005100-999,其他,0,0,0,0,0,0,0,0,"102Y"
,10005,苗栗縣,10005110,南庄鄉,10005110-001,東村,251,164416,655,508,332,849,526.68,80.4,"102Y"
,10005,苗栗縣,10005110,南庄鄉,10005110-002,西村,157,96379,614,460,312,753,557.18,90.76,"102Y"
,10005,苗栗縣,10005110,南庄鄉,10005110-003,南江村,270,188998,700,543,335,847,703.29,100.47,"102Y"
,10005,苗栗縣,10005110,南庄鄉,10005110-004,田美村,210,199466,950,495,308,768,4445.57,468.03,"102Y"
,10005,苗栗縣,10005110,南庄鄉,10005110-005,獅山村,203,130481,643,473,296,794,748.43,116.44,"102Y"
,10005,苗栗縣,10005110,南庄鄉,10005110-006,南富村,277,206432,745,498,317,885,829.76,111.34,"102Y"
,10005,苗栗縣,10005110,南庄鄉,10005110-007,員林村,270,180577,669,519,327,811,606.46,90.68,"102Y"
,10005,苗栗縣,10005110,南庄鄉,10005110-008,蓬萊村,153,100624,658,533,258,789,704.74,107.16,"102Y"
,10005,苗栗縣,10005110,南庄鄉,10005110-009,東河村,188,123134,655,512,342,755,904.31,138.07,"102Y"
X,10005,苗栗縣,10005110,南庄鄉,10005110-999,其他,0,0,0,0,0,0,0,0,"102Y"
,10005,苗栗縣,10005120,頭屋鄉,10005120-001,頭屋村,804,559418,696,542,349,899,561.29,80.67,"102Y"
,10005,苗栗縣,10005120,頭屋鄉,10005120-002,象山村,633,431766,682,527,324,861,730.84,107.15,"102Y"
,10005,苗栗縣,10005120,頭屋鄉,10005120-003,北坑村,198,115942,586,478,291,767,449.52,76.77,"102Y"
,10005,苗栗縣,10005120,頭屋鄉,10005120-004,獅潭村,563,382522,679,548,339,917,498.29,73.34,"102Y"
,10005,苗栗縣,10005120,頭屋鄉,10005120-005,曲洞村,281,194515,692,535,356,867,544.74,78.69,"102Y"
,10005,苗栗縣,10005120,頭屋鄉,10005120-006,飛鳳村,113,80580,713,590,361,877,572.65,80.3,"102Y"
,10005,苗栗縣,10005120,頭屋鄉,10005120-007,明德村,337,229508,681,494,307,894,567.9,83.39,"102Y"
,10005,苗栗縣,10005120,頭屋鄉,10005120-008,鳴鳳村,80,62586,782,483,253,1043,1031.67,131.87,"102Y"
X,10005,苗栗縣,10005120,頭屋鄉,10005120-999,其他,0,0,0,0,0,0,0,0,"102Y"
,10005,苗栗縣,10005130,三義鄉,10005130-001,廣盛村,1309,912744,697,542,327,902,587.84,84.3,"102Y"
,10005,苗栗縣,10005130,三義鄉,10005130-002,?湖村,596,441907,741,587,376,975,650.16,87.69,"102Y"
,10005,苗栗縣,10005130,三義鄉,10005130-003,?潭村,445,310717,698,543,335,914,547.88,78.47,"102Y"
,10005,苗栗縣,10005130,三義鄉,10005130-004,勝興村,1170,768647,657,507,338,824,536.47,81.66,"102Y"
,10005,苗栗縣,10005130,三義鄉,10005130-005,西湖村,415,267691,645,529,330,846,493.33,76.48,"102Y"
,10005,苗栗縣,10005130,三義鄉,10005130-006,龍騰村,96,80270,836,554,350,957,973.71,116.45,"102Y"
,10005,苗栗縣,10005130,三義鄉,10005130-007,鯉魚潭村,301,187639,623,504,316,781,486.47,78.04,"102Y"
X,10005,苗栗縣,10005130,三義鄉,10005130-999,其他,0,0,0,0,0,0,0,0,"102Y"
,10005,苗栗縣,10005140,西湖鄉,10005140-001,高埔村,172,112529,654,498,309,941,564.93,86.35,"102Y"
,10005,苗栗縣,10005140,西湖鄉,10005140-002,下埔村,175,121022,692,492,333,853,621.18,89.82,"102Y"
,10005,苗栗縣,10005140,西湖鄉,10005140-003,五湖村,266,183904,691,539,319,915,545.67,78.93,"102Y"
,10005,苗栗縣,10005140,西湖鄉,10005140-004,四湖村,154,106850,694,542,317,881,599.7,86.43,"102Y"
,10005,苗栗縣,10005140,西湖鄉,10005140-005,金獅村,135,103419,766,544,327,949,894.5,116.77,"102Y"
,10005,苗栗縣,10005140,西湖鄉,10005140-006,龍洞村,122,83476,684,534,320,877,556.35,81.31,"102Y"
,10005,苗栗縣,10005140,西湖鄉,10005140-007,三湖村,230,149806,651,527,319,857,500.73,76.88,"102Y"
,10005,苗栗縣,10005140,西湖鄉,10005140-008,湖東村,328,218412,666,515,323,822,565,84.85,"102Y"
,10005,苗栗縣,10005140,西湖鄉,10005140-009,二湖村,174,133948,770,574,357,971,677.72,88.04,"102Y"
X,10005,苗栗縣,10005140,西湖鄉,10005140-999,其他,0,0,0,0,0,0,0,0,"102Y"
,10005,苗栗縣,10005150,造橋鄉,10005150-001,造橋村,719,553409,770,543,339,906,1576.67,204.84,"102Y"
,10005,苗栗縣,10005150,造橋鄉,10005150-002,平興村,134,97471,727,580,354,905,578.97,79.59,"102Y"
,10005,苗栗縣,10005150,造橋鄉,10005150-003,豐湖村,347,227088,654,534,348,851,483.55,73.89,"102Y"
,10005,苗栗縣,10005150,造橋鄉,10005150-004,大西村,1238,822793,665,541,335,881,475.14,71.49,"102Y"
,10005,苗栗縣,10005150,造橋鄉,10005150-005,錦水村,171,116368,681,568,384,897,470.93,69.2,"102Y"
,10005,苗栗縣,10005150,造橋鄉,10005150-006,大龍村,164,99963,610,463,294,785,481.88,79.06,"102Y"
,10005,苗栗縣,10005150,造橋鄉,10005150-007,朝陽村,444,289288,652,502,344,812,553.9,85.01,"102Y"
,10005,苗栗縣,10005150,造橋鄉,10005150-008,談文村,220,139691,635,516,354,791,534.29,84.15,"102Y"
,10005,苗栗縣,10005150,造橋鄉,10005150-009,龍昇村,272,174270,641,504,312,785,525.78,82.06,"102Y"
X,10005,苗栗縣,10005150,造橋鄉,10005150-999,其他,1,372,372,372,372,372,0,0,"102Y"
,10005,苗栗縣,10005160,三灣鄉,10005160-001,三灣村,697,476534,684,527,312,872,655.6,95.89,"102Y"
,10005,苗栗縣,10005160,三灣鄉,10005160-002,內灣村,194,113800,587,460,304,724,472.39,80.53,"102Y"
,10005,苗栗縣,10005160,三灣鄉,10005160-003,銅鏡村,261,203897,781,553,294,972,840.58,107.6,"102Y"
,10005,苗栗縣,10005160,三灣鄉,10005160-004,頂寮村,58,35861,618,509,376,682,418.42,67.67,"102Y"
,10005,苗栗縣,10005160,三灣鄉,10005160-005,北埔村,133,77655,584,476,314,727,473.25,81.05,"102Y"
,10005,苗栗縣,10005160,三灣鄉,10005160-006,大河村,120,81245,677,472,282,843,683.67,100.98,"102Y"
,10005,苗栗縣,10005160,三灣鄉,10005160-007,大坪村,129,90378,701,586,346,910,523.9,74.78,"102Y"
,10005,苗栗縣,10005160,三灣鄉,10005160-008,永和村,87,61417,706,505,243,809,840.61,119.08,"102Y"
X,10005,苗栗縣,10005160,三灣鄉,10005160-999,其他,0,0,0,0,0,0,0,0,"102Y"
,10005,苗栗縣,10005170,獅潭鄉,10005170-001,百壽村,54,31021,574,473,263,881,459.28,79.95,"102Y"
,10005,苗栗縣,10005170,獅潭鄉,10005170-002,永興村,123,80240,652,526,334,820,625.08,95.82,"102Y"
,10005,苗栗縣,10005170,獅潭鄉,10005170-003,新店村,205,130984,639,487,319,811,503.06,78.73,"102Y"
,10005,苗栗縣,10005170,獅潭鄉,10005170-004,和興村,102,67886,666,507,354,841,520.82,78.25,"102Y"
,10005,苗栗縣,10005170,獅潭鄉,10005170-005,豐林村,119,79737,670,535,347,826,542.98,81.03,"102Y"
,10005,苗栗縣,10005170,獅潭鄉,10005170-006,新豐村,81,50785,627,427,304,903,513.55,81.91,"102Y"
,10005,苗栗縣,10005170,獅潭鄉,10005170-007,竹木村,155,100753,650,504,334,849,474.32,72.97,"102Y"
X,10005,苗栗縣,10005170,獅潭鄉,10005170-999,其他,0,0,0,0,0,0,0,0,"102Y"
,10005,苗栗縣,10005180,泰安鄉,10005180-001,八卦村,37,23703,641,516,281,874,499.16,77.92,"102Y"
,10005,苗栗縣,10005180,泰安鄉,10005180-002,錦水村,189,125800,666,560,333,843,542.99,81.58,"102Y"
,10005,苗栗縣,10005180,泰安鄉,10005180-003,清安村,178,125298,704,538,334,931,557.98,79.27,"102Y"
,10005,苗栗縣,10005180,泰安鄉,10005180-004,大興村,78,54658,701,595,401,861,468.13,66.8,"102Y"
,10005,苗栗縣,10005180,泰安鄉,10005180-005,中興村,76,48555,639,539,382,750,411.22,64.37,"102Y"
,10005,苗栗縣,10005180,泰安鄉,10005180-006,梅園村,41,28142,686,649,412,926,398.56,58.06,"102Y"
,10005,苗栗縣,10005180,泰安鄉,10005180-007,象鼻村,80,54281,679,558,370,885,472.79,69.68,"102Y"
,10005,苗栗縣,10005180,泰安鄉,10005180-008,士林村,59,35074,594,529,392,712,382,64.26,"102Y"
X,10005,苗栗縣,10005180,泰安鄉,10005180-999,其他,0,0,0,0,0,0,0,0,"102Y"
,10007,彰化縣,10007010,彰化市,10007010-001,文化里,461,368250,799,548,278,949,987.41,123.61,"102Y"
,10007,彰化縣,10007010,彰化市,10007010-002,下�籵�,1740,1588996,913,607,350,1082,1573.57,172.31,"102Y"
,10007,彰化縣,10007010,彰化市,10007010-003,興北里,565,457562,810,607,322,1063,755.52,93.29,"102Y"
,10007,彰化縣,10007010,彰化市,10007010-004,信義里,325,330726,1018,608,292,1210,1646.37,161.79,"102Y"
,10007,彰化縣,10007010,彰化市,10007010-005,民生里,546,490603,899,589,318,1044,1239.41,137.94,"102Y"
,10007,彰化縣,10007010,彰化市,10007010-006,陽明里,626,524381,838,578,316,1059,1022.51,122.07,"102Y"
,10007,彰化縣,10007010,彰化市,10007010-007,萬安里,1431,1199521,838,574,321,1051,1323.2,157.85,"102Y"
,10007,彰化縣,10007010,彰化市,10007010-008,新興里,1841,1545186,839,608,331,1047,806.16,96.05,"102Y"
,10007,彰化縣,10007010,彰化市,10007010-009,新華里,536,410528,766,550,328,936,782.58,102.18,"102Y"
,10007,彰化縣,10007010,彰化市,10007010-010,龍山里,674,609161,904,679,377,1134,894.05,98.92,"102Y"
,10007,彰化縣,10007010,彰化市,10007010-011,中山里,262,196900,752,497,287,905,837.15,111.39,"102Y"
,10007,彰化縣,10007010,彰化市,10007010-012,中正里,531,555027,1045,497,282,941,4454.17,426.13,"102Y"
,10007,彰化縣,10007010,彰化市,10007010-013,永福里,288,376555,1307,670,343,1269,6488.6,496.27,"102Y"
,10007,彰化縣,10007010,彰化市,10007010-014,光復里,301,308586,1025,560,275,1086,1614.42,157.47,"102Y"
,10007,彰化縣,10007010,彰化市,10007010-015,光華里,296,241610,816,529,270,1089,845.38,103.57,"102Y"
,10007,彰化縣,10007010,彰化市,10007010-016,萬壽里,293,214537,732,507,312,856,953.87,130.27,"102Y"
,10007,彰化縣,10007010,彰化市,10007010-017,中央里,290,228585,788,458,255,846,2046.69,259.66,"102Y"
,10007,彰化縣,10007010,彰化市,10007010-018,富貴里,302,217623,721,455,239,872,821.65,114.02,"102Y"
,10007,彰化縣,10007010,彰化市,10007010-019,民權里,368,285361,775,537,299,921,1092.82,140.93,"102Y"
,10007,彰化縣,10007010,彰化市,10007010-020,西興里,1181,949265,804,572,305,1014,786.51,97.85,"102Y"
,10007,彰化縣,10007010,彰化市,10007010-021,西勢里,1289,1085970,842,595,317,1084,823.16,97.71,"102Y"
,10007,彰化縣,10007010,彰化市,10007010-022,忠孝里,444,441771,995,598,338,1190,1373.43,138.04,"102Y"
,10007,彰化縣,10007010,彰化市,10007010-023,忠權里,1089,867978,797,553,315,1052,752.33,94.39,"102Y"
,10007,彰化縣,10007010,彰化市,10007010-024,五權里,1354,1032779,763,558,329,938,874.58,114.66,"102Y"
,10007,彰化縣,10007010,彰化市,10007010-025,長樂里,385,300982,782,528,272,986,888.55,113.66,"102Y"
,10007,彰化縣,10007010,彰化市,10007010-026,東芳里,1055,663607,629,462,277,788,572.11,90.95,"102Y"
,10007,彰化縣,10007010,彰化市,10007010-027,南安里,671,404809,603,445,258,757,615.83,102.08,"102Y"
,10007,彰化縣,10007010,彰化市,10007010-028,南美里,571,373662,654,467,287,785,629.57,96.21,"102Y"
,10007,彰化縣,10007010,彰化市,10007010-029,莿桐里,1094,812698,743,499,288,888,1398.39,188.24,"102Y"
,10007,彰化縣,10007010,彰化市,10007010-030,磚�虼�,1081,699065,647,470,271,793,776.68,120.1,"102Y"
,10007,彰化縣,10007010,彰化市,10007010-031,平和里,1535,1159519,755,531,310,895,895.71,118.58,"102Y"
,10007,彰化縣,10007010,彰化市,10007010-032,桃源里,706,545126,772,489,285,833,1144.69,148.25,"102Y"
,10007,彰化縣,10007010,彰化市,10007010-033,卦山里,872,808114,927,611,341,1125,1358.22,146.56,"102Y"
,10007,彰化縣,10007010,彰化市,10007010-034,東興里,564,522103,926,598,328,1059,1130.33,122.1,"102Y"
,10007,彰化縣,10007010,彰化市,10007010-035,大同里,350,277019,791,533,264,950,939.22,118.67,"102Y"
,10007,彰化縣,10007010,彰化市,10007010-036,永生里,414,281527,680,478,271,848,693.75,102.02,"102Y"
,10007,彰化縣,10007010,彰化市,10007010-037,華陽里,563,430373,764,564,313,980,803.63,105.13,"102Y"
,10007,彰化縣,10007010,彰化市,10007010-038,華北里,516,395810,767,551,322,987,775.87,101.15,"102Y"
,10007,彰化縣,10007010,彰化市,10007010-039,南?里,2772,2387110,861,577,317,1043,1376.41,159.83,"102Y"
,10007,彰化縣,10007010,彰化市,10007010-040,成功里,560,493916,882,570,317,1084,1004.48,113.89,"102Y"
,10007,彰化縣,10007010,彰化市,10007010-041,延和里,1786,1621274,908,558,318,1037,1726.21,190.16,"102Y"
,10007,彰化縣,10007010,彰化市,10007010-042,南興里,2439,1913415,785,559,314,1008,753.25,96.02,"102Y"
,10007,彰化縣,10007010,彰化市,10007010-043,西安里,915,806358,881,615,316,1068,1300.56,147.58,"102Y"
,10007,彰化縣,10007010,彰化市,10007010-044,彰安里,1030,831020,807,569,318,983,859.45,106.52,"102Y"
,10007,彰化縣,10007010,彰化市,10007010-045,光南里,548,529280,966,616,334,1083,2946.44,305.06,"102Y"
,10007,彰化縣,10007010,彰化市,10007010-046,介壽里,719,575175,800,577,309,1013,820.43,102.56,"102Y"
,10007,彰化縣,10007010,彰化市,10007010-047,延平里,2940,2610548,888,581,331,1078,1466.76,165.19,"102Y"
,10007,彰化縣,10007010,彰化市,10007010-048,建寶里,840,726988,865,616,343,1108,879.03,101.57,"102Y"
,10007,彰化縣,10007010,彰化市,10007010-049,福安里,383,302587,790,585,298,1034,734.33,92.95,"102Y"
,10007,彰化縣,10007010,彰化市,10007010-050,大竹里,1053,733814,697,516,312,919,586.92,84.22,"102Y"
,10007,彰化縣,10007010,彰化市,10007010-051,竹中里,557,365013,655,488,305,841,559.02,85.31,"102Y"
,10007,彰化縣,10007010,彰化市,10007010-052,安溪里,608,414862,682,530,306,888,556.16,81.51,"102Y"
,10007,彰化縣,10007010,彰化市,10007010-053,香山里,1074,736790,686,534,310,851,598.85,87.29,"102Y"
,10007,彰化縣,10007010,彰化市,10007010-054,牛埔里,894,564653,632,488,295,801,533.28,84.43,"102Y"
,10007,彰化縣,10007010,彰化市,10007010-055,福山里,2265,1408625,622,480,287,797,538.22,86.54,"102Y"
,10007,彰化縣,10007010,彰化市,10007010-056,中庄里,853,582962,683,542,314,852,581.3,85.06,"102Y"
,10007,彰化縣,10007010,彰化市,10007010-057,三村里,308,185268,602,433,260,685,638.4,106.13,"102Y"
,10007,彰化縣,10007010,彰化市,10007010-058,國聖里,847,544764,643,467,273,787,664.32,103.29,"102Y"
,10007,彰化縣,10007010,彰化市,10007010-059,寶?里,369,239218,648,461,273,855,576.13,88.87,"102Y"
,10007,彰化縣,10007010,彰化市,10007010-060,茄苳里,293,191898,655,459,266,743,723.92,110.53,"102Y"
,10007,彰化縣,10007010,彰化市,10007010-061,茄南里,907,646221,712,517,304,876,764.88,107.35,"102Y"
,10007,彰化縣,10007010,彰化市,10007010-062,阿夷里,2702,2175216,805,575,330,1024,788.74,97.98,"102Y"
,10007,彰化縣,10007010,彰化市,10007010-063,古夷里,797,510185,640,472,272,812,618.23,96.58,"102Y"
,10007,彰化縣,10007010,彰化市,10007010-064,復興里,1504,1161989,773,552,299,994,1038.69,134.44,"102Y"
,10007,彰化縣,10007010,彰化市,10007010-065,和調里,951,683858,719,505,301,903,681.68,94.8,"102Y"
,10007,彰化縣,10007010,彰化市,10007010-066,石牌里,324,235483,727,512,296,827,1845.22,253.88,"102Y"
,10007,彰化縣,10007010,彰化市,10007010-067,福田里,357,211268,592,459,302,738,480.81,81.25,"102Y"
,10007,彰化縣,10007010,彰化市,10007010-068,竹巷里,235,144997,617,494,289,789,504.44,81.76,"102Y"
,10007,彰化縣,10007010,彰化市,10007010-069,田中里,252,174492,692,508,308,813,861.78,124.46,"102Y"
,10007,彰化縣,10007010,彰化市,10007010-070,快官里,339,275004,811,525,308,890,1273.48,156.98,"102Y"
,10007,彰化縣,10007010,彰化市,10007010-071,台鳳里,1450,872909,602,475,277,780,481.14,79.92,"102Y"
,10007,彰化縣,10007010,彰化市,10007010-072,崙平里,1856,1441676,777,542,307,950,1014.66,130.63,"102Y"
,10007,彰化縣,10007010,彰化市,10007010-073,向陽里,1640,1422998,868,608,338,1112,967.06,111.45,"102Y"
X,10007,彰化縣,10007010,彰化市,10007010-999,其他,0,0,0,0,0,0,0,0,"102Y"
,10007,彰化縣,10007020,鹿港鎮,10007020-001,大有里,354,249942,706,480,293,842,821.76,116.39,"102Y"
,10007,彰化縣,10007020,鹿港鎮,10007020-002,中興里,185,130395,705,475,233,902,1018.96,144.57,"102Y"
,10007,彰化縣,10007020,鹿港鎮,10007020-003,洛津里,240,153860,641,465,281,835,572.52,89.31,"102Y"
,10007,彰化縣,10007020,鹿港鎮,10007020-004,順興里,245,177475,724,508,307,944,688.98,95.11,"102Y"
,10007,彰化縣,10007020,鹿港鎮,10007020-005,頂厝里,2397,1740052,726,510,300,878,789.53,108.76,"102Y"
,10007,彰化縣,10007020,鹿港鎮,10007020-006,東崎里,1430,910055,636,491,300,776,603.65,94.85,"102Y"
,10007,彰化縣,10007020,鹿港鎮,10007020-007,埔崙里,1496,1005180,672,468,290,790,959.46,142.8,"102Y"
,10007,彰化縣,10007020,鹿港鎮,10007020-008,東石里,1261,847490,672,462,303,767,975.4,145.13,"102Y"
,10007,彰化縣,10007020,鹿港鎮,10007020-009,郭厝里,136,86350,635,482,270,876,550.35,86.68,"102Y"
,10007,彰化縣,10007020,鹿港鎮,10007020-010,新宮里,241,139058,577,418,230,711,602.12,104.35,"102Y"
,10007,彰化縣,10007020,鹿港鎮,10007020-011,玉順里,342,223510,654,459,287,795,659.9,100.97,"102Y"
,10007,彰化縣,10007020,鹿港鎮,10007020-012,景福里,389,284098,730,513,274,984,707.75,96.91,"102Y"
,10007,彰化縣,10007020,鹿港鎮,10007020-013,泰興里,426,457362,1074,567,321,1074,3910.41,364.23,"102Y"
,10007,彰化縣,10007020,鹿港鎮,10007020-014,長興里,90,79607,885,443,282,898,1447.05,163.6,"102Y"
,10007,彰化縣,10007020,鹿港鎮,10007020-015,龍山里,233,150732,647,422,250,811,780.05,120.58,"102Y"
,10007,彰化縣,10007020,鹿港鎮,10007020-016,興化里,183,129882,710,530,317,854,703.47,99.12,"102Y"
,10007,彰化縣,10007020,鹿港鎮,10007020-017,菜園里,302,185648,615,481,295,797,497.88,80.99,"102Y"
,10007,彰化縣,10007020,鹿港鎮,10007020-018,街尾里,704,508419,722,540,302,856,764,105.79,"102Y"
,10007,彰化縣,10007020,鹿港鎮,10007020-019,頂番里,1209,840460,695,480,275,822,761.06,109.48,"102Y"
,10007,彰化縣,10007020,鹿港鎮,10007020-020,頭崙里,847,556108,657,443,261,773,665.89,101.42,"102Y"
,10007,彰化縣,10007020,鹿港鎮,10007020-021,廖厝里,1296,809112,624,467,271,761,646.6,103.57,"102Y"
,10007,彰化縣,10007020,鹿港鎮,10007020-022,溝墘里,1398,968342,693,434,267,724,2270.9,327.85,"102Y"
,10007,彰化縣,10007020,鹿港鎮,10007020-023,草中里,915,584327,639,458,274,790,627.82,98.31,"102Y"
,10007,彰化縣,10007020,鹿港鎮,10007020-024,頭南里,614,548376,893,433,272,694,3751.45,420.04,"102Y"
,10007,彰化縣,10007020,鹿港鎮,10007020-025,山崙里,782,456821,584,416,255,685,682.73,116.87,"102Y"
,10007,彰化縣,10007020,鹿港鎮,10007020-026,海埔里,996,569343,572,444,267,713,500.23,87.51,"102Y"
,10007,彰化縣,10007020,鹿港鎮,10007020-027,詔安里,584,320831,549,397,253,654,576.34,104.91,"102Y"
,10007,彰化縣,10007020,鹿港鎮,10007020-028,洋厝里,641,427069,666,487,282,786,801.05,120.23,"102Y"
,10007,彰化縣,10007020,鹿港鎮,10007020-029,永安里,1440,1158951,805,529,299,932,1578.63,196.14,"102Y"
X,10007,彰化縣,10007020,鹿港鎮,10007020-999,其他,1,321,321,321,321,321,0,0,"102Y"
,10007,彰化縣,10007030,和美鎮,10007030-001,竹營里,2005,1429215,713,510,304,846,1160.05,162.74,"102Y"
,10007,彰化縣,10007030,和美鎮,10007030-002,和東里,1509,1176724,780,498,283,895,1290.82,165.53,"102Y"
,10007,彰化縣,10007030,和美鎮,10007030-003,和南里,144,97730,679,466,250,834,682.76,100.6,"102Y"
,10007,彰化縣,10007030,和美鎮,10007030-004,和北里,646,471352,730,498,295,907,879.64,120.56,"102Y"
,10007,彰化縣,10007030,和美鎮,10007030-005,和西里,1141,854771,749,545,312,930,716.85,95.69,"102Y"
,10007,彰化縣,10007030,和美鎮,10007030-006,四張里,967,627209,649,490,294,771,769.38,118.62,"102Y"
,10007,彰化縣,10007030,和美鎮,10007030-007,頭前里,551,360331,654,505,303,771,647.29,98.98,"102Y"
,10007,彰化縣,10007030,和美鎮,10007030-008,還社里,273,151766,556,454,272,681,490.47,88.23,"102Y"
,10007,彰化縣,10007030,和美鎮,10007030-009,面前里,655,423099,646,471,269,754,706.2,109.33,"102Y"
,10007,彰化縣,10007030,和美鎮,10007030-010,鎮平里,910,551779,606,469,289,722,528.43,87.15,"102Y"
,10007,彰化縣,10007030,和美鎮,10007030-011,大霞里,429,256645,598,445,269,713,610.21,102,"102Y"
,10007,彰化縣,10007030,和美鎮,10007030-012,源埤里,524,337770,645,489,279,815,597.77,92.74,"102Y"
,10007,彰化縣,10007030,和美鎮,10007030-013,南佃里,638,362034,567,426,272,683,575.22,101.37,"102Y"
,10007,彰化縣,10007030,和美鎮,10007030-014,雅溝里,456,279016,612,438,277,711,598.77,97.86,"102Y"
,10007,彰化縣,10007030,和美鎮,10007030-015,山犁里,1753,1228397,701,503,305,904,655.56,93.55,"102Y"
,10007,彰化縣,10007030,和美鎮,10007030-016,嘉犁里,622,443825,714,474,289,824,1334.9,187.08,"102Y"
,10007,彰化縣,10007030,和美鎮,10007030-017,鐵山里,980,760522,776,502,315,873,1147.17,147.82,"102Y"
,10007,彰化縣,10007030,和美鎮,10007030-018,詔安里,667,429058,643,474,288,783,652.75,101.47,"102Y"
,10007,彰化縣,10007030,和美鎮,10007030-019,柑井里,1096,684599,625,470,277,776,591.69,94.73,"102Y"
,10007,彰化縣,10007030,和美鎮,10007030-020,竹園里,295,173800,589,443,266,713,577.06,97.95,"102Y"
,10007,彰化縣,10007030,和美鎮,10007030-021,新庄里,802,523653,653,483,299,819,602.32,92.25,"102Y"
,10007,彰化縣,10007030,和美鎮,10007030-022,犁盛里,758,522808,690,519,302,836,666.25,96.6,"102Y"
,10007,彰化縣,10007030,和美鎮,10007030-023,中寮里,309,174277,564,423,290,678,475.08,84.23,"102Y"
,10007,彰化縣,10007030,和美鎮,10007030-024,中圍里,929,557025,600,471,300,734,491.18,81.92,"102Y"
,10007,彰化縣,10007030,和美鎮,10007030-025,糖友里,1441,1066891,740,568,336,966,655.61,88.55,"102Y"
,10007,彰化縣,10007030,和美鎮,10007030-026,塗厝里,574,363012,632,453,286,769,614.98,97.24,"102Y"
,10007,彰化縣,10007030,和美鎮,10007030-027,地潭里,262,159082,607,480,307,786,465.56,76.68,"102Y"
,10007,彰化縣,10007030,和美鎮,10007030-028,湖內里,402,234046,582,467,286,697,495.99,85.19,"102Y"
,10007,彰化縣,10007030,和美鎮,10007030-029,嘉寶里,620,371075,599,429,253,666,709.01,118.46,"102Y"
,10007,彰化縣,10007030,和美鎮,10007030-030,月眉里,1058,591339,559,432,278,695,474.72,84.94,"102Y"
,10007,彰化縣,10007030,和美鎮,10007030-031,好修里,547,308172,563,453,267,709,514.11,91.25,"102Y"
,10007,彰化縣,10007030,和美鎮,10007030-032,仁愛里,845,580371,687,490,291,810,729.95,106.28,"102Y"
X,10007,彰化縣,10007030,和美鎮,10007030-999,其他,2,844,422,422,396,448,73.48,17.41,"102Y"
,10007,彰化縣,10007040,線西鄉,10007040-001,線西村,685,429791,627,453,266,723,912.05,145.36,"102Y"
,10007,彰化縣,10007040,線西鄉,10007040-002,頂庄村,343,178063,519,394,267,673,422.39,81.36,"102Y"
,10007,彰化縣,10007040,線西鄉,10007040-003,寓埔村,664,396266,597,420,264,746,597.97,100.2,"102Y"
,10007,彰化縣,10007040,線西鄉,10007040-004,塭仔村,389,242057,622,439,278,766,619.43,99.55,"102Y"
,10007,彰化縣,10007040,線西鄉,10007040-005,溝內村,319,171620,538,427,251,690,422.69,78.57,"102Y"
,10007,彰化縣,10007040,線西鄉,10007040-006,下犁村,570,344329,604,419,257,700,689.41,114.13,"102Y"
,10007,彰化縣,10007040,線西鄉,10007040-007,頂犁村,774,490904,634,451,257,799,675.38,106.49,"102Y"
,10007,彰化縣,10007040,線西鄉,10007040-008,德興村,436,265537,609,455,275,745,602.8,98.98,"102Y"
X,10007,彰化縣,10007040,線西鄉,10007040-999,其他,2,3299,1649,1649,908,2391,2097.35,127.15,"102Y"
,10007,彰化縣,10007050,伸港鄉,10007050-001,曾家村,467,253822,544,426,250,676,469.02,86.29,"102Y"
,10007,彰化縣,10007050,伸港鄉,10007050-002,蚵寮村,270,161826,599,437,263,684,694.77,115.92,"102Y"
,10007,彰化縣,10007050,伸港鄉,10007050-003,埤墘村,428,239083,559,429,268,727,483.9,86.63,"102Y"
,10007,彰化縣,10007050,伸港鄉,10007050-004,溪底村,537,324742,605,462,291,747,519.05,85.83,"102Y"
,10007,彰化縣,10007050,伸港鄉,10007050-005,泉州村,634,345110,544,421,260,696,454.06,83.41,"102Y"
,10007,彰化縣,10007050,伸港鄉,10007050-006,泉厝村,379,233997,617,475,281,773,575.35,93.19,"102Y"
,10007,彰化縣,10007050,伸港鄉,10007050-007,海尾村,544,310689,571,445,285,702,499.42,87.45,"102Y"
,10007,彰化縣,10007050,伸港鄉,10007050-008,全興村,422,245310,581,427,255,712,746.07,128.35,"102Y"
,10007,彰化縣,10007050,伸港鄉,10007050-009,定興村,842,445037,529,428,259,675,433.36,81.99,"102Y"
,10007,彰化縣,10007050,伸港鄉,10007050-010,新港村,1664,1088397,654,464,278,812,641.16,98.02,"102Y"
,10007,彰化縣,10007050,伸港鄉,10007050-011,什股村,495,265129,536,403,263,659,459.2,85.73,"102Y"
,10007,彰化縣,10007050,伸港鄉,10007050-012,大同村,527,321899,611,490,292,798,501.06,82.03,"102Y"
,10007,彰化縣,10007050,伸港鄉,10007050-013,七嘉村,873,521068,597,452,288,724,512.23,85.82,"102Y"
,10007,彰化縣,10007050,伸港鄉,10007050-014,汴頭村,697,403686,579,414,263,696,659.12,113.8,"102Y"
X,10007,彰化縣,10007050,伸港鄉,10007050-999,其他,1,224,224,224,224,224,0,0,"102Y"
,10007,彰化縣,10007060,福興鄉,10007060-001,番社村,383,260177,679,503,304,837,628.3,92.49,"102Y"
,10007,彰化縣,10007060,福興鄉,10007060-002,社尾村,367,223649,609,445,294,731,570.56,93.63,"102Y"
,10007,彰化縣,10007060,福興鄉,10007060-003,大崙村,341,236603,694,484,299,812,791.42,114.06,"102Y"
,10007,彰化縣,10007060,福興鄉,10007060-004,外埔村,427,273899,641,483,305,805,574.88,89.62,"102Y"
,10007,彰化縣,10007060,福興鄉,10007060-005,外中村,351,216821,618,490,293,803,467.36,75.66,"102Y"
,10007,彰化縣,10007060,福興鄉,10007060-006,元中村,367,237434,647,464,293,766,619.62,95.77,"102Y"
,10007,彰化縣,10007060,福興鄉,10007060-007,三汴村,464,310199,669,496,304,826,671.51,100.45,"102Y"
,10007,彰化縣,10007060,福興鄉,10007060-008,萬豐村,302,220475,730,487,327,777,1323.88,181.34,"102Y"
,10007,彰化縣,10007060,福興鄉,10007060-009,番婆村,666,466892,701,470,276,730,1850.33,263.94,"102Y"
,10007,彰化縣,10007060,福興鄉,10007060-010,橋頭村,826,563072,682,461,278,793,879.99,129.09,"102Y"
,10007,彰化縣,10007060,福興鄉,10007060-011,秀厝村,587,330120,562,396,252,676,613.24,109.04,"102Y"
,10007,彰化縣,10007060,福興鄉,10007060-012,鎮平村,283,180334,637,454,265,750,706.93,110.94,"102Y"
,10007,彰化縣,10007060,福興鄉,10007060-013,三和村,232,151155,652,485,274,771,608.72,93.43,"102Y"
,10007,彰化縣,10007060,福興鄉,10007060-014,麥厝村,551,329249,598,441,272,709,565.84,94.69,"102Y"
,10007,彰化縣,10007060,福興鄉,10007060-015,廈粘村,553,318989,577,428,258,719,502.51,87.12,"102Y"
,10007,彰化縣,10007060,福興鄉,10007060-016,頂粘村,624,411250,659,444,266,746,944.81,143.36,"102Y"
,10007,彰化縣,10007060,福興鄉,10007060-017,福寶村,304,183648,604,450,278,703,657.21,108.79,"102Y"
,10007,彰化縣,10007060,福興鄉,10007060-018,二港村,367,219322,598,453,273,728,500.74,83.79,"102Y"
,10007,彰化縣,10007060,福興鄉,10007060-019,福興村,1049,632637,603,449,275,732,556.81,92.33,"102Y"
,10007,彰化縣,10007060,福興鄉,10007060-020,福南村,776,504057,650,438,274,738,952.66,146.66,"102Y"
,10007,彰化縣,10007060,福興鄉,10007060-021,同安村,649,398495,614,463,272,769,585.22,95.31,"102Y"
,10007,彰化縣,10007060,福興鄉,10007060-022,西勢村,554,348571,629,467,278,761,611.18,97.14,"102Y"
X,10007,彰化縣,10007060,福興鄉,10007060-999,其他,0,0,0,0,0,0,0,0,"102Y"
,10007,彰化縣,10007070,秀水鄉,10007070-001,秀水村,509,323235,635,448,264,771,665.31,104.77,"102Y"
,10007,彰化縣,10007070,秀水鄉,10007070-002,安溪村,637,466005,732,543,306,907,684.75,93.6,"102Y"
,10007,彰化縣,10007070,秀水鄉,10007070-003,莊雅村,847,556322,657,479,290,802,630.02,95.92,"102Y"
,10007,彰化縣,10007070,秀水鄉,10007070-004,金興村,479,292088,610,459,287,705,701.56,115.05,"102Y"
,10007,彰化縣,10007070,秀水鄉,10007070-005,陝西村,400,246305,616,512,290,802,469.8,76.3,"102Y"
,10007,彰化縣,10007070,秀水鄉,10007070-006,安東村,1229,827189,673,487,277,843,680.72,101.14,"102Y"
,10007,彰化縣,10007070,秀水鄉,10007070-007,鶴鳴村,953,638982,670,485,300,801,674.41,100.58,"102Y"
,10007,彰化縣,10007070,秀水鄉,10007070-008,馬興村,689,470106,682,492,302,823,667.09,97.77,"102Y"
,10007,彰化縣,10007070,秀水鄉,10007070-009,義興村,375,219371,585,434,259,680,573.1,97.97,"102Y"
,10007,彰化縣,10007070,秀水鄉,10007070-010,福安村,1441,1009053,700,513,301,869,642.3,91.73,"102Y"
,10007,彰化縣,10007070,秀水鄉,10007070-011,埔崙村,639,440237,689,517,312,888,579.71,84.14,"102Y"
,10007,彰化縣,10007070,秀水鄉,10007070-012,曾厝村,505,301331,597,460,281,778,515.84,86.45,"102Y"
,10007,彰化縣,10007070,秀水鄉,10007070-013,金陵村,496,312440,630,486,299,788,538.18,85.44,"102Y"
,10007,彰化縣,10007070,秀水鄉,10007070-014,下崙村,620,404630,653,446,273,770,882.36,135.2,"102Y"
X,10007,彰化縣,10007070,秀水鄉,10007070-999,其他,0,0,0,0,0,0,0,0,"102Y"
,10007,彰化縣,10007080,花壇鄉,10007080-001,花壇村,1049,717140,684,511,277,844,666.2,97.45,"102Y"
,10007,彰化縣,10007080,花壇鄉,10007080-002,金墩村,576,352247,612,453,260,762,565.44,92.46,"102Y"
,10007,彰化縣,10007080,花壇鄉,10007080-003,中庄村,696,447127,642,475,291,753,666.78,103.79,"102Y"
,10007,彰化縣,10007080,花壇鄉,10007080-004,劉厝村,284,163550,576,431,263,678,498.15,86.5,"102Y"
,10007,彰化縣,10007080,花壇鄉,10007080-005,崙雅村,426,279944,657,464,275,788,869.4,132.3,"102Y"
,10007,彰化縣,10007080,花壇鄉,10007080-006,南口村,531,364741,687,508,296,840,700.4,101.97,"102Y"
,10007,彰化縣,10007080,花壇鄉,10007080-007,中口村,205,130453,636,502,300,738,542.05,85.18,"102Y"
,10007,彰化縣,10007080,花壇鄉,10007080-008,北口村,582,340673,585,449,271,720,509.08,86.97,"102Y"
,10007,彰化縣,10007080,花壇鄉,10007080-009,長沙村,1670,1172665,702,496,287,860,764.79,108.91,"102Y"
,10007,彰化縣,10007080,花壇鄉,10007080-010,文德村,910,542641,596,460,277,737,520.71,87.32,"102Y"
,10007,彰化縣,10007080,花壇鄉,10007080-011,白沙村,1458,1330908,913,521,289,937,2102.49,230.33,"102Y"
,10007,彰化縣,10007080,花壇鄉,10007080-012,岩竹村,334,197400,591,450,271,730,507.55,85.88,"102Y"
,10007,彰化縣,10007080,花壇鄉,10007080-013,橋頭村,1050,610197,581,453,274,726,498.89,85.85,"102Y"
,10007,彰化縣,10007080,花壇鄉,10007080-014,灣雅村,244,137843,565,434,273,724,460.9,81.59,"102Y"
,10007,彰化縣,10007080,花壇鄉,10007080-015,灣東村,220,148917,677,470,298,850,676.71,99.97,"102Y"
,10007,彰化縣,10007080,花壇鄉,10007080-016,三春村,526,284176,540,423,270,658,461.15,85.36,"102Y"
,10007,彰化縣,10007080,花壇鄉,10007080-017,永春村,514,308414,600,486,310,760,453.17,75.52,"102Y"
,10007,彰化縣,10007080,花壇鄉,10007080-018,長春村,459,283629,618,476,274,799,527.46,85.36,"102Y"
X,10007,彰化縣,10007080,花壇鄉,10007080-999,其他,0,0,0,0,0,0,0,0,"102Y"
,10007,彰化縣,10007090,芬園鄉,10007090-001,舊社村,435,252794,581,462,283,731,498.45,85.77,"102Y"
,10007,彰化縣,10007090,芬園鄉,10007090-002,大埔村,324,168327,520,403,236,718,429.72,82.71,"102Y"
,10007,彰化縣,10007090,芬園鄉,10007090-003,竹林村,458,279333,610,494,293,762,529.32,86.79,"102Y"
,10007,彰化縣,10007090,芬園鄉,10007090-004,社口村,651,415555,638,509,290,823,525.76,82.37,"102Y"
,10007,彰化縣,10007090,芬園鄉,10007090-005,茄荖村,622,363538,584,455,273,732,498.48,85.29,"102Y"
,10007,彰化縣,10007090,芬園鄉,10007090-006,嘉興村,396,235341,594,461,276,740,514.33,86.55,"102Y"
,10007,彰化縣,10007090,芬園鄉,10007090-007,芬園村,236,130266,552,442,294,714,392.37,71.08,"102Y"
,10007,彰化縣,10007090,芬園鄉,10007090-008,縣庄村,298,184912,621,515,280,782,611.17,98.49,"102Y"
,10007,彰化縣,10007090,芬園鄉,10007090-009,圳墘村,133,96154,723,520,341,817,672.5,93.02,"102Y"
,10007,彰化縣,10007090,芬園鄉,10007090-010,溪頭村,413,247544,599,460,287,715,568.32,94.82,"102Y"
,10007,彰化縣,10007090,芬園鄉,10007090-011,進芬村,241,161890,672,508,308,874,521.27,77.6,"102Y"
,10007,彰化縣,10007090,芬園鄉,10007090-012,同安村,241,144417,599,480,326,754,427.13,71.28,"102Y"
,10007,彰化縣,10007090,芬園鄉,10007090-013,中崙村,221,134294,608,505,300,805,436.36,71.81,"102Y"
,10007,彰化縣,10007090,芬園鄉,10007090-014,大竹村,216,130062,602,467,308,777,494.84,82.18,"102Y"
,10007,彰化縣,10007090,芬園鄉,10007090-015,楓坑村,135,73111,542,383,233,662,521.17,96.23,"102Y"
X,10007,彰化縣,10007090,芬園鄉,10007090-999,其他,3,1263,421,445,390,464,76.68,18.21,"102Y"
,10007,彰化縣,10007100,員林鎮,10007100-001,東和里,304,243326,800,561,311,929,921.09,115.08,"102Y"
,10007,彰化縣,10007100,員林鎮,10007100-002,民生里,805,559595,695,527,305,853,803.27,115.55,"102Y"
,10007,彰化縣,10007100,員林鎮,10007100-003,中正里,1066,878481,824,582,339,1071,776.96,94.28,"102Y"
,10007,彰化縣,10007100,員林鎮,10007100-004,仁美里,879,784794,893,603,325,1067,1050.37,117.65,"102Y"
,10007,彰化縣,10007100,員林鎮,10007100-005,新興里,216,162453,752,586,336,947,618.07,82.18,"102Y"
,10007,彰化縣,10007100,員林鎮,10007100-006,和平里,970,769054,793,547,326,969,888.05,112.01,"102Y"
,10007,彰化縣,10007100,員林鎮,10007100-007,光明里,257,176901,688,485,299,861,674.49,97.99,"102Y"
,10007,彰化縣,10007100,員林鎮,10007100-008,中山里,204,196693,964,606,341,1091,1221.92,126.73,"102Y"
,10007,彰化縣,10007100,員林鎮,10007100-009,黎明里,533,470291,882,532,296,909,2860.62,324.21,"102Y"
,10007,彰化縣,10007100,員林鎮,10007100-010,惠來里,1744,1381777,792,563,319,972,904.7,114.19,"102Y"
,10007,彰化縣,10007100,員林鎮,10007100-011,三義里,786,586771,747,545,323,865,834.44,111.78,"102Y"
,10007,彰化縣,10007100,員林鎮,10007100-012,新生里,1347,1418585,1053,542,306,941,5478.57,520.21,"102Y"
,10007,彰化縣,10007100,員林鎮,10007100-013,南平里,1539,1235585,803,586,344,1014,755.82,94.14,"102Y"
,10007,彰化縣,10007100,員林鎮,10007100-014,南興里,1328,875103,659,525,324,831,513.18,77.88,"102Y"
,10007,彰化縣,10007100,員林鎮,10007100-015,源潭里,450,310285,690,534,339,851,585.29,84.88,"102Y"
,10007,彰化縣,10007100,員林鎮,10007100-016,大埔里,544,333527,613,495,305,763,495.52,80.82,"102Y"
,10007,彰化縣,10007100,員林鎮,10007100-017,三條里,834,704439,845,572,345,1037,834.38,98.78,"102Y"
,10007,彰化縣,10007100,員林鎮,10007100-018,三和里,1970,1670862,848,597,340,1030,1124.14,132.54,"102Y"
,10007,彰化縣,10007100,員林鎮,10007100-019,三橋里,947,689904,729,547,338,905,665.79,91.39,"102Y"
,10007,彰化縣,10007100,員林鎮,10007100-020,中央里,575,410186,713,526,306,903,652.18,91.42,"102Y"
,10007,彰化縣,10007100,員林鎮,10007100-021,溝皂里,701,575162,820,548,334,931,1692.87,206.32,"102Y"
,10007,彰化縣,10007100,員林鎮,10007100-022,大饒里,900,644224,716,535,320,888,626.35,87.5,"102Y"
,10007,彰化縣,10007100,員林鎮,10007100-023,大明里,625,399089,639,494,307,800,538.1,84.27,"102Y"
,10007,彰化縣,10007100,員林鎮,10007100-024,萬年里,1065,819485,769,550,322,959,779.43,101.29,"102Y"
,10007,彰化縣,10007100,員林鎮,10007100-025,崙雅里,672,405661,604,487,283,764,552.24,91.48,"102Y"
,10007,彰化縣,10007100,員林鎮,10007100-026,振興里,714,471785,661,498,294,829,631.6,95.59,"102Y"
,10007,彰化縣,10007100,員林鎮,10007100-027,林厝里,698,451406,647,497,299,754,1318.06,203.81,"102Y"
,10007,彰化縣,10007100,員林鎮,10007100-028,出水里,374,226583,606,510,305,760,442.13,72.98,"102Y"
,10007,彰化縣,10007100,員林鎮,10007100-029,湖水里,284,182803,644,484,327,760,928.89,144.31,"102Y"
,10007,彰化縣,10007100,員林鎮,10007100-030,大?里,185,103540,560,435,268,708,448.91,80.21,"102Y"
,10007,彰化縣,10007100,員林鎮,10007100-031,鎮興里,453,278386,615,521,298,790,458.55,74.62,"102Y"
,10007,彰化縣,10007100,員林鎮,10007100-032,浮圳里,614,458389,747,558,329,892,875.81,117.31,"102Y"
,10007,彰化縣,10007100,員林鎮,10007100-033,西東里,534,336341,630,486,301,793,527.74,83.79,"102Y"
,10007,彰化縣,10007100,員林鎮,10007100-034,南東里,495,313026,632,493,310,759,808.52,127.85,"102Y"
,10007,彰化縣,10007100,員林鎮,10007100-035,中東里,444,299508,675,520,310,794,737.84,109.38,"102Y"
,10007,彰化縣,10007100,員林鎮,10007100-036,東北里,634,387163,611,496,306,779,475.05,77.79,"102Y"
,10007,彰化縣,10007100,員林鎮,10007100-037,三愛里,952,970193,1019,638,348,1066,2410.62,236.54,"102Y"
,10007,彰化縣,10007100,員林鎮,10007100-038,三信里,777,730777,941,640,348,1161,1180.79,125.55,"102Y"
,10007,彰化縣,10007100,員林鎮,10007100-039,三多里,852,1940465,2278,623,335,1139,18975.35,833.15,"102Y"
,10007,彰化縣,10007100,員林鎮,10007100-040,仁愛里,506,483047,955,580,333,1198,1156.62,121.16,"102Y"
,10007,彰化縣,10007100,員林鎮,10007100-041,忠孝里,675,548548,813,591,342,1057,906.55,111.55,"102Y"
X,10007,彰化縣,10007100,員林鎮,10007100-999,其他,0,0,0,0,0,0,0,0,"102Y"
,10007,彰化縣,10007110,溪湖鎮,10007110-001,光平里,350,231345,661,493,268,825,636.12,96.24,"102Y"
,10007,彰化縣,10007110,溪湖鎮,10007110-002,平和里,231,175614,760,590,344,965,643.98,84.71,"102Y"
,10007,彰化縣,10007110,溪湖鎮,10007110-003,太平里,517,405827,785,528,313,1021,815.05,103.83,"102Y"
,10007,彰化縣,10007110,溪湖鎮,10007110-004,光華里,144,109356,759,541,321,891,1254.43,165.18,"102Y"
,10007,彰化縣,10007110,溪湖鎮,10007110-005,東寮里,948,696134,734,533,309,913,812.19,110.6,"102Y"
,10007,彰化縣,10007110,溪湖鎮,10007110-006,西寮里,586,432246,738,520,281,862,1041.71,141.23,"102Y"
,10007,彰化縣,10007110,溪湖鎮,10007110-007,大突里,893,695396,779,554,317,959,890.33,114.33,"102Y"
,10007,彰化縣,10007110,溪湖鎮,10007110-008,北勢里,298,184829,620,490,275,780,546.79,88.16,"102Y"
,10007,彰化縣,10007110,溪湖鎮,10007110-009,汴頭里,728,512964,705,522,332,836,607.79,86.26,"102Y"
,10007,彰化縣,10007110,溪湖鎮,10007110-010,大竹里,702,519160,740,562,332,930,681.67,92.17,"102Y"
,10007,彰化縣,10007110,溪湖鎮,10007110-011,湖西里,633,451164,713,544,336,877,602.83,84.58,"102Y"
,10007,彰化縣,10007110,溪湖鎮,10007110-012,田中里,160,93705,586,504,278,759,412.89,70.5,"102Y"
,10007,彰化縣,10007110,溪湖鎮,10007110-013,河東里,403,222265,552,436,255,701,483.81,87.72,"102Y"
,10007,彰化縣,10007110,溪湖鎮,10007110-014,中山里,556,349556,629,485,301,785,504.98,80.32,"102Y"
,10007,彰化縣,10007110,溪湖鎮,10007110-015,中竹里,225,127473,567,445,308,663,485.56,85.71,"102Y"
,10007,彰化縣,10007110,溪湖鎮,10007110-016,東溪里,316,202186,640,451,270,757,682.02,106.59,"102Y"
,10007,彰化縣,10007110,溪湖鎮,10007110-017,西溪里,518,339817,656,509,290,798,580.27,88.45,"102Y"
,10007,彰化縣,10007110,溪湖鎮,10007110-018,湖東里,1251,903705,722,545,314,929,628.18,86.96,"102Y"
,10007,彰化縣,10007110,溪湖鎮,10007110-019,頂庄里,155,92652,598,441,288,723,529.19,88.53,"102Y"
,10007,彰化縣,10007110,溪湖鎮,10007110-020,忠覺里,351,227831,649,492,279,860,525.53,80.96,"102Y"
,10007,彰化縣,10007110,溪湖鎮,10007110-021,湳底里,131,99959,763,518,319,858,1049.16,137.5,"102Y"
,10007,彰化縣,10007110,溪湖鎮,10007110-022,大庭里,331,200876,607,511,297,789,459.67,75.74,"102Y"
,10007,彰化縣,10007110,溪湖鎮,10007110-023,媽厝里,231,148956,645,504,303,789,643.26,99.76,"102Y"
,10007,彰化縣,10007110,溪湖鎮,10007110-024,西勢里,502,328158,654,490,291,825,596.37,91.23,"102Y"
,10007,彰化縣,10007110,溪湖鎮,10007110-025,番婆里,403,238403,592,486,286,794,462.06,78.11,"102Y"
X,10007,彰化縣,10007110,溪湖鎮,10007110-999,其他,0,0,0,0,0,0,0,0,"102Y"
,10007,彰化縣,10007120,田中鎮,10007120-001,香山里,186,107981,581,471,265,735,456.55,78.64,"102Y"
,10007,彰化縣,10007120,田中鎮,10007120-002,碧峰里,218,143286,657,565,322,842,511.42,77.81,"102Y"
,10007,彰化縣,10007120,田中鎮,10007120-003,東源里,156,95903,615,509,303,781,449.05,73.04,"102Y"
,10007,彰化縣,10007120,田中鎮,10007120-004,復興里,384,243090,633,524,340,810,445.48,70.37,"102Y"
,10007,彰化縣,10007120,田中鎮,10007120-005,平和里,366,215510,589,464,311,759,421.95,71.66,"102Y"
,10007,彰化縣,10007120,田中鎮,10007120-006,頂潭里,338,242123,716,561,349,866,726.41,101.41,"102Y"
,10007,彰化縣,10007120,田中鎮,10007120-007,中潭里,448,284961,636,494,334,819,509.52,80.1,"102Y"
,10007,彰化縣,10007120,田中鎮,10007120-008,龍潭里,142,85928,605,461,292,783,500.5,82.71,"102Y"
,10007,彰化縣,10007120,田中鎮,10007120-009,北路里,970,727226,750,606,348,976,622.07,82.97,"102Y"
,10007,彰化縣,10007120,田中鎮,10007120-010,西路里,689,501866,728,562,344,943,584.2,80.2,"102Y"
,10007,彰化縣,10007120,田中鎮,10007120-011,東路里,288,206902,718,513,310,950,635.05,88.4,"102Y"
,10007,彰化縣,10007120,田中鎮,10007120-012,南路里,348,238519,685,509,298,907,613.56,89.52,"102Y"
,10007,彰化縣,10007120,田中鎮,10007120-013,中路里,630,478151,759,588,347,983,618.7,81.52,"102Y"
,10007,彰化縣,10007120,田中鎮,10007120-014,新庄里,638,455452,714,599,350,915,573.91,80.39,"102Y"
,10007,彰化縣,10007120,田中鎮,10007120-015,三安里,355,207140,583,461,286,685,591.41,101.36,"102Y"
,10007,彰化縣,10007120,田中鎮,10007120-016,大崙里,269,185186,688,496,318,849,788.59,114.55,"102Y"
,10007,彰化縣,10007120,田中鎮,10007120-017,沙崙里,457,304229,666,500,308,746,869.48,130.61,"102Y"
,10007,彰化縣,10007120,田中鎮,10007120-018,新民里,1211,831553,687,565,347,903,491.94,71.64,"102Y"
,10007,彰化縣,10007120,田中鎮,10007120-019,梅州里,314,198199,631,497,312,812,491.36,77.84,"102Y"
,10007,彰化縣,10007120,田中鎮,10007120-020,三民里,359,223717,623,504,323,813,463.54,74.39,"102Y"
,10007,彰化縣,10007120,田中鎮,10007120-021,三光里,193,123190,638,465,301,685,863.84,135.34,"102Y"
,10007,彰化縣,10007120,田中鎮,10007120-022,大社里,207,123984,599,467,307,703,506.24,84.52,"102Y"
X,10007,彰化縣,10007120,田中鎮,10007120-999,其他,1,2000,2000,2000,2000,2000,0,0,"102Y"
,10007,彰化縣,10007130,大村鄉,10007130-001,大村村,869,586442,675,521,311,851,563.13,83.45,"102Y"
,10007,彰化縣,10007130,大村鄉,10007130-002,茄苳村,387,250794,648,499,288,783,586.42,90.49,"102Y"
,10007,彰化縣,10007130,大村鄉,10007130-003,南勢村,314,184865,589,465,293,738,444.66,75.53,"102Y"
,10007,彰化縣,10007130,大村鄉,10007130-004,田洋村,266,160962,605,509,305,817,416.91,68.9,"102Y"
,10007,彰化縣,10007130,大村鄉,10007130-005,新興村,262,148060,565,450,308,712,426.19,75.42,"102Y"
,10007,彰化縣,10007130,大村鄉,10007130-006,過溝村,721,513643,712,550,328,901,615.55,86.4,"102Y"
,10007,彰化縣,10007130,大村鄉,10007130-007,美港村,923,4813484,5215,499,288,793,70752.55,1356.7,"102Y"
,10007,彰化縣,10007130,大村鄉,10007130-008,平和村,652,415482,637,474,306,753,747.18,117.25,"102Y"
,10007,彰化縣,10007130,大村鄉,10007130-009,貢旗村,344,214039,622,448,288,713,632.92,101.72,"102Y"
,10007,彰化縣,10007130,大村鄉,10007130-010,加錫村,333,204680,615,486,294,775,507.17,82.51,"102Y"
,10007,彰化縣,10007130,大村鄉,10007130-011,村上村,408,265011,650,508,295,816,553.09,85.15,"102Y"
,10007,彰化縣,10007130,大村鄉,10007130-012,大橋村,489,301249,616,482,274,775,558.24,90.62,"102Y"
,10007,彰化縣,10007130,大村鄉,10007130-013,大崙村,325,197835,609,496,308,760,570.74,93.76,"102Y"
,10007,彰化縣,10007130,大村鄉,10007130-014,擺塘村,668,430700,645,495,286,831,559.36,86.76,"102Y"
,10007,彰化縣,10007130,大村鄉,10007130-015,黃厝村,542,355242,655,490,313,811,603.48,92.07,"102Y"
,10007,彰化縣,10007130,大村鄉,10007130-016,福興村,558,316793,568,448,299,681,600.84,105.83,"102Y"
X,10007,彰化縣,10007130,大村鄉,10007130-999,其他,0,0,0,0,0,0,0,0,"102Y"
,10007,彰化縣,10007140,埔鹽鄉,10007140-001,埔鹽村,470,323527,688,520,326,814,618.49,89.85,"102Y"
,10007,彰化縣,10007140,埔鹽鄉,10007140-002,埔南村,474,299920,633,468,289,820,594.56,93.96,"102Y"
,10007,彰化縣,10007140,埔鹽鄉,10007140-003,?子村,356,219304,616,464,287,777,529.21,85.91,"102Y"
,10007,彰化縣,10007140,埔鹽鄉,10007140-004,出水村,259,161286,623,488,261,809,569.92,91.52,"102Y"
,10007,彰化縣,10007140,埔鹽鄉,10007140-005,南港村,429,264106,616,490,308,793,474.06,77,"102Y"
,10007,彰化縣,10007140,埔鹽鄉,10007140-006,打廉村,230,152208,662,483,310,792,653.91,98.81,"102Y"
,10007,彰化縣,10007140,埔鹽鄉,10007140-007,豐澤村,332,199038,600,456,285,716,501.87,83.71,"102Y"
,10007,彰化縣,10007140,埔鹽鄉,10007140-008,崑崙村,301,223621,743,533,300,918,865.98,116.56,"102Y"
,10007,彰化縣,10007140,埔鹽鄉,10007140-009,角樹村,201,114093,568,430,274,705,443.48,78.13,"102Y"
,10007,彰化縣,10007140,埔鹽鄉,10007140-010,瓦?村,312,205203,658,502,317,799,581.44,88.41,"102Y"
,10007,彰化縣,10007140,埔鹽鄉,10007140-011,好修村,482,293074,608,453,269,780,526.73,86.63,"102Y"
,10007,彰化縣,10007140,埔鹽鄉,10007140-012,西湖村,463,295001,637,470,286,747,620.57,97.4,"102Y"
,10007,彰化縣,10007140,埔鹽鄉,10007140-013,大有村,323,192973,597,455,283,733,500.77,83.82,"102Y"
,10007,彰化縣,10007140,埔鹽鄉,10007140-014,新興村,109,77444,710,550,329,830,614.2,86.45,"102Y"
,10007,彰化縣,10007140,埔鹽鄉,10007140-015,永平村,296,168687,570,434,252,686,489.07,85.82,"102Y"
,10007,彰化縣,10007140,埔鹽鄉,10007140-016,永樂村,224,156766,700,464,248,842,708.38,101.22,"102Y"
,10007,彰化縣,10007140,埔鹽鄉,10007140-017,石埤村,263,135824,516,430,248,619,406.88,78.79,"102Y"
,10007,彰化縣,10007140,埔鹽鄉,10007140-018,天盛村,185,128056,692,501,313,793,835.78,120.74,"102Y"
,10007,彰化縣,10007140,埔鹽鄉,10007140-019,太平村,325,180815,556,413,268,693,486.48,87.44,"102Y"
,10007,彰化縣,10007140,埔鹽鄉,10007140-020,新水村,343,208983,609,470,273,751,552.03,90.6,"102Y"
,10007,彰化縣,10007140,埔鹽鄉,10007140-021,三省村,287,176510,615,489,263,751,553.59,90.01,"102Y"
,10007,彰化縣,10007140,埔鹽鄉,10007140-022,南新村,298,185400,622,480,252,755,657.28,105.65,"102Y"
X,10007,彰化縣,10007140,埔鹽鄉,10007140-999,其他,0,0,0,0,0,0,0,0,"102Y"
,10007,彰化縣,10007150,埔心鄉,10007150-001,東門村,996,665226,668,506,303,858,580.22,86.87,"102Y"
,10007,彰化縣,10007150,埔心鄉,10007150-002,埔心村,339,201165,593,465,289,666,560.92,94.52,"102Y"
,10007,彰化縣,10007150,埔心鄉,10007150-003,義民村,414,278415,672,515,312,848,592.08,88.04,"102Y"
,10007,彰化縣,10007150,埔心鄉,10007150-004,油車村,320,183149,572,474,298,727,432.04,75.49,"102Y"
,10007,彰化縣,10007150,埔心鄉,10007150-005,瓦北村,487,335956,690,466,288,811,735.43,106.61,"102Y"
,10007,彰化縣,10007150,埔心鄉,10007150-006,瓦中村,539,330466,613,459,274,747,537.69,87.7,"102Y"
,10007,彰化縣,10007150,埔心鄉,10007150-007,瓦南村,382,237262,621,482,300,773,490.44,78.96,"102Y"
,10007,彰化縣,10007150,埔心鄉,10007150-008,太平村,543,328455,605,454,279,727,544.31,89.98,"102Y"
,10007,彰化縣,10007150,埔心鄉,10007150-009,經口村,641,421153,657,535,309,850,525.01,79.91,"102Y"
,10007,彰化縣,10007150,埔心鄉,10007150-010,大華村,123,81318,661,420,255,807,686.27,103.8,"102Y"
,10007,彰化縣,10007150,埔心鄉,10007150-011,仁里村,269,172399,641,486,301,740,588.42,91.81,"102Y"
,10007,彰化縣,10007150,埔心鄉,10007150-012,舊?村,427,290416,680,479,283,815,812.26,119.43,"102Y"
,10007,彰化縣,10007150,埔心鄉,10007150-013,南?村,278,161042,579,448,314,728,440.34,76.01,"102Y"
,10007,彰化縣,10007150,埔心鄉,10007150-014,新?村,194,114213,589,464,292,690,534.39,90.77,"102Y"
,10007,彰化縣,10007150,埔心鄉,10007150-015,羅厝村,291,149781,515,438,267,648,387.18,75.22,"102Y"
,10007,彰化縣,10007150,埔心鄉,10007150-016,芎蕉村,473,285553,604,476,298,721,491.24,81.37,"102Y"
,10007,彰化縣,10007150,埔心鄉,10007150-017,二重村,318,195470,615,459,276,768,557,90.62,"102Y"
,10007,彰化縣,10007150,埔心鄉,10007150-018,梧鳳村,203,116097,572,463,294,709,483.72,84.58,"102Y"
,10007,彰化縣,10007150,埔心鄉,10007150-019,埤霞村,217,127037,585,476,273,746,480.89,82.14,"102Y"
,10007,彰化縣,10007150,埔心鄉,10007150-020,埤?村,204,115907,568,426,278,723,527.84,92.9,"102Y"
X,10007,彰化縣,10007150,埔心鄉,10007150-999,其他,0,0,0,0,0,0,0,0,"102Y"
,10007,彰化縣,10007160,永靖鄉,10007160-001,永東村,197,128206,651,546,300,841,500.54,76.91,"102Y"
,10007,彰化縣,10007160,永靖鄉,10007160-002,永西村,462,350330,758,547,299,852,1016.53,134.06,"102Y"
,10007,彰化縣,10007160,永靖鄉,10007160-003,永南村,532,318062,598,474,289,733,527.39,88.21,"102Y"
,10007,彰化縣,10007160,永靖鄉,10007160-004,永北村,585,408359,698,525,314,814,718.17,102.88,"102Y"
,10007,彰化縣,10007160,永靖鄉,10007160-005,港西村,452,277819,615,496,295,782,491.87,80.03,"102Y"
,10007,彰化縣,10007160,永靖鄉,10007160-006,五福村,339,200723,592,502,284,753,459.54,77.61,"102Y"
,10007,彰化縣,10007160,永靖鄉,10007160-007,湳港村,290,176609,609,467,296,739,570.06,93.61,"102Y"
,10007,彰化縣,10007160,永靖鄉,10007160-008,新莊村,241,147808,613,473,297,768,655.74,106.92,"102Y"
,10007,彰化縣,10007160,永靖鄉,10007160-009,瑚璉村,701,438309,625,521,287,773,505.41,80.83,"102Y"
,10007,彰化縣,10007160,永靖鄉,10007160-010,五汴村,436,311919,715,476,292,833,1111.68,155.39,"102Y"
,10007,彰化縣,10007160,永靖鄉,10007160-011,浮圳村,287,166127,579,469,315,715,428.12,73.96,"102Y"
,10007,彰化縣,10007160,永靖鄉,10007160-012,光雲村,393,236026,601,469,285,739,495.54,82.51,"102Y"
,10007,彰化縣,10007160,永靖鄉,10007160-013,東寧村,462,284720,616,449,288,735,562.77,91.32,"102Y"
,10007,彰化縣,10007160,永靖鄉,10007160-014,永興村,434,291021,671,481,296,787,906.22,135.15,"102Y"
,10007,彰化縣,10007160,永靖鄉,10007160-015,崙子村,402,266706,663,501,307,836,601.34,90.64,"102Y"
,10007,彰化縣,10007160,永靖鄉,10007160-016,獨鰲村,202,127513,631,498,294,786,578.51,91.64,"102Y"
,10007,彰化縣,10007160,永靖鄉,10007160-017,敦厚村,178,114964,646,520,312,825,591.66,91.61,"102Y"
,10007,彰化縣,10007160,永靖鄉,10007160-018,崙美村,145,87245,602,467,282,682,564.36,93.8,"102Y"
,10007,彰化縣,10007160,永靖鄉,10007160-019,同安村,162,100883,623,475,321,764,544.14,87.38,"102Y"
,10007,彰化縣,10007160,永靖鄉,10007160-020,同仁村,186,109572,589,450,287,750,520.2,88.3,"102Y"
,10007,彰化縣,10007160,永靖鄉,10007160-021,湳墘村,177,103224,583,468,270,702,496.92,85.21,"102Y"
,10007,彰化縣,10007160,永靖鄉,10007160-022,四芳村,144,77397,537,473,302,680,408.94,76.08,"102Y"
,10007,彰化縣,10007160,永靖鄉,10007160-023,福興村,255,180852,709,526,331,864,664.22,93.65,"102Y"
,10007,彰化縣,10007160,永靖鄉,10007160-024,竹子村,273,161258,591,504,300,716,410.71,69.53,"102Y"
X,10007,彰化縣,10007160,永靖鄉,10007160-999,其他,0,0,0,0,0,0,0,0,"102Y"
,10007,彰化縣,10007170,社頭鄉,10007170-001,社頭村,782,546872,699,540,320,853,611.97,87.51,"102Y"
,10007,彰化縣,10007170,社頭鄉,10007170-002,東興村,380,213291,561,457,293,702,431.17,76.82,"102Y"
,10007,彰化縣,10007170,社頭鄉,10007170-003,山湖村,278,178409,642,468,304,775,593.27,92.44,"102Y"
,10007,彰化縣,10007170,社頭鄉,10007170-004,廣興村,1283,763783,595,491,302,755,459.37,77.17,"102Y"
,10007,彰化縣,10007170,社頭鄉,10007170-005,廣福村,234,151508,647,493,263,774,757.42,116.98,"102Y"
,10007,彰化縣,10007170,社頭鄉,10007170-006,朝興村,272,179399,660,481,318,826,632.93,95.96,"102Y"
,10007,彰化縣,10007170,社頭鄉,10007170-007,仁雅村,811,540294,666,507,294,844,664.34,99.72,"102Y"
,10007,彰化縣,10007170,社頭鄉,10007170-008,橋頭村,489,335343,686,472,300,787,913.75,133.24,"102Y"
,10007,彰化縣,10007170,社頭鄉,10007170-009,仁和村,181,121347,670,510,312,779,662.21,98.77,"102Y"
,10007,彰化縣,10007170,社頭鄉,10007170-010,崙雅村,267,196318,735,520,332,914,695.88,94.64,"102Y"
,10007,彰化縣,10007170,社頭鄉,10007170-011,湳底村,402,241108,600,470,282,741,513.71,85.65,"102Y"
,10007,彰化縣,10007170,社頭鄉,10007170-012,泰安村,250,157265,629,487,316,780,529.66,84.2,"102Y"
,10007,彰化縣,10007170,社頭鄉,10007170-013,美雅村,312,194944,625,495,319,782,478.63,76.6,"102Y"
,10007,彰化縣,10007170,社頭鄉,10007170-014,新厝村,353,224390,636,500,309,788,484.8,76.27,"102Y"
,10007,彰化縣,10007170,社頭鄉,10007170-015,平和村,241,134760,559,418,267,713,446.44,79.84,"102Y"
,10007,彰化縣,10007170,社頭鄉,10007170-016,里仁村,258,164883,639,491,330,859,479.98,75.1,"102Y"
,10007,彰化縣,10007170,社頭鄉,10007170-017,張厝村,304,186233,613,477,267,760,582.12,95.02,"102Y"
,10007,彰化縣,10007170,社頭鄉,10007170-018,龍井村,207,117084,566,430,302,721,454.08,80.28,"102Y"
,10007,彰化縣,10007170,社頭鄉,10007170-019,舊社村,387,242512,627,468,255,773,617.95,98.61,"102Y"
,10007,彰化縣,10007170,社頭鄉,10007170-020,埤斗村,234,145946,624,491,315,726,611.81,98.09,"102Y"
,10007,彰化縣,10007170,社頭鄉,10007170-021,湳雅村,348,229266,659,535,343,779,545.29,82.77,"102Y"
,10007,彰化縣,10007170,社頭鄉,10007170-022,松竹村,263,171858,653,517,277,840,554.22,84.81,"102Y"
,10007,彰化縣,10007170,社頭鄉,10007170-023,清水村,315,199097,632,467,287,692,1002.44,158.6,"102Y"
,10007,彰化縣,10007170,社頭鄉,10007170-024,協和村,541,326753,604,498,313,758,453.1,75.02,"102Y"
X,10007,彰化縣,10007170,社頭鄉,10007170-999,其他,0,0,0,0,0,0,0,0,"102Y"
,10007,彰化縣,10007180,二水鄉,10007180-001,合和村,197,124317,631,473,324,751,576.33,91.33,"102Y"
,10007,彰化縣,10007180,二水鄉,10007180-002,上豊村,226,127420,564,481,324,734,365.83,64.89,"102Y"
,10007,彰化縣,10007180,二水鄉,10007180-003,過圳村,145,84355,582,472,318,711,524.86,90.22,"102Y"
,10007,彰化縣,10007180,二水鄉,10007180-004,五伯村,145,107441,741,544,331,887,768.46,103.71,"102Y"
,10007,彰化縣,10007180,二水鄉,10007180-005,光化村,288,207254,720,544,361,923,648.17,90.07,"102Y"
,10007,彰化縣,10007180,二水鄉,10007180-006,文化村,276,218389,791,603,380,950,704.35,89.02,"102Y"
,10007,彰化縣,10007180,二水鄉,10007180-007,二水村,246,166613,677,561,345,884,470.64,69.49,"102Y"
,10007,彰化縣,10007180,二水鄉,10007180-008,聖化村,121,85608,708,549,336,884,511.6,72.31,"102Y"
,10007,彰化縣,10007180,二水鄉,10007180-009,裕民村,247,164940,668,570,343,867,502.14,75.2,"102Y"
,10007,彰化縣,10007180,二水鄉,10007180-010,惠民村,180,118101,656,559,374,843,420.47,64.08,"102Y"
,10007,彰化縣,10007180,二水鄉,10007180-011,大園村,171,112359,657,555,333,850,464.68,70.72,"102Y"
,10007,彰化縣,10007180,二水鄉,10007180-012,修仁村,179,115189,644,524,349,820,438.12,68.08,"102Y"
,10007,彰化縣,10007180,二水鄉,10007180-013,合興村,145,91303,630,519,353,747,461.07,73.22,"102Y"
,10007,彰化縣,10007180,二水鄉,10007180-014,源泉村,136,102168,751,614,357,968,623.84,83.04,"102Y"
,10007,彰化縣,10007180,二水鄉,10007180-015,倡和村,106,61980,585,448,300,809,414.49,70.89,"102Y"
,10007,彰化縣,10007180,二水鄉,10007180-016,復興村,235,135858,578,464,312,697,425.61,73.62,"102Y"
,10007,彰化縣,10007180,二水鄉,10007180-017,十五村,167,100881,604,506,334,739,573.09,94.87,"102Y"
X,10007,彰化縣,10007180,二水鄉,10007180-999,其他,0,0,0,0,0,0,0,0,"102Y"
,10007,彰化縣,10007190,北斗鎮,10007190-001,光復里,477,362522,760,587,326,977,645.73,84.96,"102Y"
,10007,彰化縣,10007190,北斗鎮,10007190-002,新政里,282,206431,732,535,295,964,690.93,94.39,"102Y"
,10007,彰化縣,10007190,北斗鎮,10007190-003,重慶里,153,102743,672,502,281,853,599.26,89.24,"102Y"
,10007,彰化縣,10007190,北斗鎮,10007190-004,五權里,185,117352,634,506,290,827,529.12,83.41,"102Y"
,10007,彰化縣,10007190,北斗鎮,10007190-005,七星里,371,252090,679,492,317,831,592.05,87.13,"102Y"
,10007,彰化縣,10007190,北斗鎮,10007190-006,居仁里,407,289992,713,541,299,904,641.66,90.06,"102Y"
,10007,彰化縣,10007190,北斗鎮,10007190-007,東光里,572,378730,662,537,292,883,509.57,76.96,"102Y"
,10007,彰化縣,10007190,北斗鎮,10007190-008,文昌里,797,546959,686,506,282,848,711.98,103.75,"102Y"
,10007,彰化縣,10007190,北斗鎮,10007190-009,中和里,298,188921,634,470,278,769,627.07,98.91,"102Y"
,10007,彰化縣,10007190,北斗鎮,10007190-010,西德里,1343,961800,716,540,306,883,725.15,101.26,"102Y"
,10007,彰化縣,10007190,北斗鎮,10007190-011,西安里,452,343592,760,588,309,923,699.43,92.01,"102Y"
,10007,彰化縣,10007190,北斗鎮,10007190-012,中寮里,585,390989,668,490,302,857,595.78,89.14,"102Y"
,10007,彰化縣,10007190,北斗鎮,10007190-013,大道里,458,338274,739,509,278,919,734.73,99.48,"102Y"
,10007,彰化縣,10007190,北斗鎮,10007190-014,新生里,461,262379,569,452,280,722,468.5,82.31,"102Y"
,10007,彰化縣,10007190,北斗鎮,10007190-015,大新里,438,281517,643,518,305,813,497.99,77.48,"102Y"
X,10007,彰化縣,10007190,北斗鎮,10007190-999,其他,0,0,0,0,0,0,0,0,"102Y"
,10007,彰化縣,10007200,二林鎮,10007200-001,東和里,553,433921,785,569,338,982,747.5,95.26,"102Y"
,10007,彰化縣,10007200,二林鎮,10007200-002,南光里,954,742551,778,590,339,981,699.51,89.87,"102Y"
,10007,彰化縣,10007200,二林鎮,10007200-003,西平里,337,220274,654,504,293,801,685.04,104.81,"102Y"
,10007,彰化縣,10007200,二林鎮,10007200-004,北平里,763,548784,719,558,342,929,603.46,83.9,"102Y"
,10007,彰化縣,10007200,二林鎮,10007200-005,中西里,320,206250,645,502,321,820,541.92,84.08,"102Y"
,10007,彰化縣,10007200,二林鎮,10007200-006,廣興里,286,160243,560,452,292,729,443.41,79.14,"102Y"
,10007,彰化縣,10007200,二林鎮,10007200-007,香田里,216,149259,691,523,343,859,653.71,94.6,"102Y"
,10007,彰化縣,10007200,二林鎮,10007200-008,外竹里,194,114045,588,444,309,691,591.98,100.7,"102Y"
,10007,彰化縣,10007200,二林鎮,10007200-009,興華里,234,149986,641,489,282,843,503.2,78.51,"102Y"
,10007,彰化縣,10007200,二林鎮,10007200-010,東興里,335,237512,709,526,337,858,637.87,89.97,"102Y"
,10007,彰化縣,10007200,二林鎮,10007200-011,後厝里,867,641459,740,559,352,975,641.88,86.76,"102Y"
,10007,彰化縣,10007200,二林鎮,10007200-012,豐田里,544,389731,716,535,304,936,769.73,107.44,"102Y"
,10007,彰化縣,10007200,二林鎮,10007200-013,頂厝里,273,158909,582,490,311,755,418.86,71.96,"102Y"
,10007,彰化縣,10007200,二林鎮,10007200-014,趙甲里,279,187747,673,535,320,852,610.54,90.73,"102Y"
,10007,彰化縣,10007200,二林鎮,10007200-015,振興里,235,136008,579,452,255,709,491.61,84.94,"102Y"
,10007,彰化縣,10007200,二林鎮,10007200-016,萬興里,171,114180,668,512,321,794,656.37,98.3,"102Y"
,10007,彰化縣,10007200,二林鎮,10007200-017,永興里,339,206558,609,467,285,734,548.88,90.08,"102Y"
,10007,彰化縣,10007200,二林鎮,10007200-018,西庄里,270,165732,614,467,299,712,623.81,101.63,"102Y"
,10007,彰化縣,10007200,二林鎮,10007200-019,梅芳里,189,117097,620,484,275,758,597.24,96.4,"102Y"
,10007,彰化縣,10007200,二林鎮,10007200-020,華崙里,846,522630,618,494,291,771,504.94,81.74,"102Y"
,10007,彰化縣,10007200,二林鎮,10007200-021,東勢里,198,118977,601,464,278,781,510.65,84.98,"102Y"
,10007,彰化縣,10007200,二林鎮,10007200-022,萬合里,208,140728,677,563,356,834,600.44,88.75,"102Y"
,10007,彰化縣,10007200,二林鎮,10007200-023,大永里,169,95443,565,437,274,711,425.27,75.3,"102Y"
,10007,彰化縣,10007200,二林鎮,10007200-024,原斗里,295,180401,612,513,324,783,415.42,67.93,"102Y"
,10007,彰化縣,10007200,二林鎮,10007200-025,西斗里,228,140014,614,487,303,788,506.29,82.45,"102Y"
,10007,彰化縣,10007200,二林鎮,10007200-026,東華里,204,126407,620,496,280,822,522.62,84.34,"102Y"
,10007,彰化縣,10007200,二林鎮,10007200-027,復豐里,130,76943,592,474,284,761,473.86,80.06,"102Y"
X,10007,彰化縣,10007200,二林鎮,10007200-999,其他,0,0,0,0,0,0,0,0,"102Y"
,10007,彰化縣,10007210,田尾鄉,10007210-001,田尾村,275,168272,612,446,260,798,562.92,92,"102Y"
,10007,彰化縣,10007210,田尾鄉,10007210-002,豐田村,156,91263,585,454,288,703,497.46,85.03,"102Y"
,10007,彰化縣,10007210,田尾鄉,10007210-003,饒平村,681,478672,703,508,294,922,615.92,87.63,"102Y"
,10007,彰化縣,10007210,田尾鄉,10007210-004,睦宜村,237,141671,598,462,280,704,561.5,93.93,"102Y"
,10007,彰化縣,10007210,田尾鄉,10007210-005,福田村,188,124386,662,477,296,805,564.66,85.34,"102Y"
,10007,彰化縣,10007210,田尾鄉,10007210-006,新興村,278,175157,630,500,314,763,536.45,85.14,"102Y"
,10007,彰化縣,10007210,田尾鄉,10007210-007,北鎮村,312,186920,599,429,273,715,559.12,93.33,"102Y"
,10007,彰化縣,10007210,田尾鄉,10007210-008,南鎮村,125,76870,615,527,306,813,458.11,74.5,"102Y"
,10007,彰化縣,10007210,田尾鄉,10007210-009,新生村,326,200186,614,473,299,749,525.29,85.54,"102Y"
,10007,彰化縣,10007210,田尾鄉,10007210-010,南曾村,319,209864,658,461,268,802,768.59,116.83,"102Y"
,10007,彰化縣,10007210,田尾鄉,10007210-011,北曾村,374,246960,660,506,305,767,688.48,104.26,"102Y"
,10007,彰化縣,10007210,田尾鄉,10007210-012,溪畔村,269,174451,649,515,293,869,534.42,82.41,"102Y"
,10007,彰化縣,10007210,田尾鄉,10007210-013,打簾村,337,202138,600,460,255,713,533.13,88.88,"102Y"
,10007,彰化縣,10007210,田尾鄉,10007210-014,柳鳳村,190,113011,595,493,278,805,466.37,78.41,"102Y"
,10007,彰化縣,10007210,田尾鄉,10007210-015,陸豐村,171,110562,647,507,307,779,662.88,102.52,"102Y"
,10007,彰化縣,10007210,田尾鄉,10007210-016,海豐村,293,195450,667,467,285,737,777.33,116.53,"102Y"
,10007,彰化縣,10007210,田尾鄉,10007210-017,仁里村,363,195963,540,459,260,717,388.83,72.03,"102Y"
,10007,彰化縣,10007210,田尾鄉,10007210-018,新厝村,58,29609,511,408,293,612,357.72,70.07,"102Y"
,10007,彰化縣,10007210,田尾鄉,10007210-019,溪頂村,183,118420,647,419,236,706,812.3,125.53,"102Y"
,10007,彰化縣,10007210,田尾鄉,10007210-020,正義村,222,167693,755,531,310,951,789.52,104.52,"102Y"
X,10007,彰化縣,10007210,田尾鄉,10007210-999,其他,0,0,0,0,0,0,0,0,"102Y"
,10007,彰化縣,10007220,埤頭鄉,10007220-001,和豊村,563,355914,632,482,286,772,614.11,97.14,"102Y"
,10007,彰化縣,10007220,埤頭鄉,10007220-002,興農村,390,251508,645,471,288,799,655.13,101.59,"102Y"
,10007,彰化縣,10007220,埤頭鄉,10007220-003,埤頭村,410,267953,654,531,300,807,533.23,81.59,"102Y"
,10007,彰化縣,10007220,埤頭鄉,10007220-004,豊崙村,552,350176,634,479,304,766,667.7,105.25,"102Y"
,10007,彰化縣,10007220,埤頭鄉,10007220-005,崙子村,323,223101,691,529,323,813,615.09,89.05,"102Y"
,10007,彰化縣,10007220,埤頭鄉,10007220-006,永豊村,354,239851,678,504,318,825,606.77,89.55,"102Y"
,10007,彰化縣,10007220,埤頭鄉,10007220-007,合興村,892,584139,655,505,291,838,574.28,87.7,"102Y"
,10007,彰化縣,10007220,埤頭鄉,10007220-008,平原村,505,348823,691,500,301,888,655.11,94.84,"102Y"
,10007,彰化縣,10007220,埤頭鄉,10007220-009,崙腳村,167,119580,716,527,329,839,653.03,91.2,"102Y"
,10007,彰化縣,10007220,埤頭鄉,10007220-010,元埔村,118,105025,890,502,320,948,2565.79,288.28,"102Y"
,10007,彰化縣,10007220,埤頭鄉,10007220-011,芙朝村,353,222595,631,494,297,832,518.87,82.28,"102Y"
,10007,彰化縣,10007220,埤頭鄉,10007220-012,新庄村,241,164850,684,513,300,818,681.59,99.64,"102Y"
,10007,彰化縣,10007220,埤頭鄉,10007220-013,陸嘉村,169,110556,654,505,337,827,608.03,92.95,"102Y"
,10007,彰化縣,10007220,埤頭鄉,10007220-014,竹圍村,224,147697,659,522,300,856,536.33,81.34,"102Y"
,10007,彰化縣,10007220,埤頭鄉,10007220-015,中和村,303,203618,672,513,303,828,636.02,94.64,"102Y"
,10007,彰化縣,10007220,埤頭鄉,10007220-016,庄內村,215,138630,645,491,279,781,644.37,99.94,"102Y"
,10007,彰化縣,10007220,埤頭鄉,10007220-017,大湖村,224,152585,681,477,334,746,992.32,145.68,"102Y"
X,10007,彰化縣,10007220,埤頭鄉,10007220-999,其他,0,0,0,0,0,0,0,0,"102Y"
,10007,彰化縣,10007230,芳苑鄉,10007230-001,芳苑村,164,95365,581,460,291,716,541.9,93.19,"102Y"
,10007,彰化縣,10007230,芳苑鄉,10007230-002,芳中村,62,36654,591,548,381,775,331.08,56,"102Y"
,10007,彰化縣,10007230,芳苑鄉,10007230-003,仁愛村,136,105606,777,602,310,981,697.69,89.85,"102Y"
,10007,彰化縣,10007230,芳苑鄉,10007230-004,信義村,91,62504,687,434,318,720,864,125.79,"102Y"
,10007,彰化縣,10007230,芳苑鄉,10007230-005,後寮村,210,138724,661,472,320,789,760.48,115.12,"102Y"
,10007,彰化縣,10007230,芳苑鄉,10007230-006,三合村,525,328058,625,486,306,787,624.55,99.95,"102Y"
,10007,彰化縣,10007230,芳苑鄉,10007230-007,永興村,219,126096,576,450,292,679,461.13,80.09,"102Y"
,10007,彰化縣,10007230,芳苑鄉,10007230-008,五俊村,71,43805,617,410,262,598,1150.48,186.47,"102Y"
,10007,彰化縣,10007230,芳苑鄉,10007230-009,路上村,100,66699,667,575,375,837,471.62,70.71,"102Y"
,10007,彰化縣,10007230,芳苑鄉,10007230-010,路平村,130,83873,645,476,332,818,499.16,77.37,"102Y"
,10007,彰化縣,10007230,芳苑鄉,10007230-011,三成村,161,96421,599,505,270,785,507.76,84.78,"102Y"
,10007,彰化縣,10007230,芳苑鄉,10007230-012,福榮村,95,56653,596,538,294,776,421.73,70.72,"102Y"
,10007,彰化縣,10007230,芳苑鄉,10007230-013,頂?村,104,67056,645,476,296,829,572.05,88.72,"102Y"
,10007,彰化縣,10007230,芳苑鄉,10007230-014,新街村,124,71698,578,462,273,796,452.64,78.28,"102Y"
,10007,彰化縣,10007230,芳苑鄉,10007230-015,王功村,325,187685,577,469,325,794,416.13,72.06,"102Y"
,10007,彰化縣,10007230,芳苑鄉,10007230-016,博愛村,120,69618,580,459,292,831,385.59,66.46,"102Y"
,10007,彰化縣,10007230,芳苑鄉,10007230-017,和平村,110,53471,486,418,267,624,357.63,73.57,"102Y"
,10007,彰化縣,10007230,芳苑鄉,10007230-018,民生村,115,66322,577,460,283,723,504.96,87.56,"102Y"
,10007,彰化縣,10007230,芳苑鄉,10007230-019,興仁村,178,111236,625,474,305,711,650.59,104.11,"102Y"
,10007,彰化縣,10007230,芳苑鄉,10007230-020,新寶村,231,118298,512,419,270,627,397.81,77.68,"102Y"
,10007,彰化縣,10007230,芳苑鄉,10007230-021,草湖村,274,163066,595,501,310,723,450.39,75.68,"102Y"
,10007,彰化縣,10007230,芳苑鄉,10007230-022,文津村,154,86784,564,485,301,718,393.6,69.84,"102Y"
,10007,彰化縣,10007230,芳苑鄉,10007230-023,建平村,360,203519,565,466,272,782,446.66,79.01,"102Y"
,10007,彰化縣,10007230,芳苑鄉,10007230-024,崙腳村,111,71039,640,448,278,809,721.76,112.78,"102Y"
,10007,彰化縣,10007230,芳苑鄉,10007230-025,新生村,209,117449,562,432,284,615,692.87,123.3,"102Y"
,10007,彰化縣,10007230,芳苑鄉,10007230-026,漢寶村,645,361535,561,439,252,667,563.49,100.53,"102Y"
X,10007,彰化縣,10007230,芳苑鄉,10007230-999,其他,0,0,0,0,0,0,0,0,"102Y"
,10007,彰化縣,10007240,大城鄉,10007240-001,潭墘村,198,130497,659,501,309,844,563.65,85.52,"102Y"
,10007,彰化縣,10007240,大城鄉,10007240-002,上山村,189,113197,599,456,307,734,502.49,83.9,"102Y"
,10007,彰化縣,10007240,大城鄉,10007240-003,東城村,294,183847,625,471,325,785,515.57,82.45,"102Y"
,10007,彰化縣,10007240,大城鄉,10007240-004,西城村,176,110376,627,480,317,763,620.02,98.86,"102Y"
,10007,彰化縣,10007240,大城鄉,10007240-005,大城村,242,144474,597,483,300,813,459.76,77.01,"102Y"
,10007,彰化縣,10007240,大城鄉,10007240-006,菜寮村,174,109603,630,543,305,815,456.92,72.54,"102Y"
,10007,彰化縣,10007240,大城鄉,10007240-007,山腳村,210,127178,606,496,287,828,458.37,75.69,"102Y"
,10007,彰化縣,10007240,大城鄉,10007240-008,永和村,107,68051,636,484,311,816,505.82,79.53,"102Y"
,10007,彰化縣,10007240,大城鄉,10007240-009,頂庄村,108,71738,664,510,358,911,528.38,79.55,"102Y"
,10007,彰化縣,10007240,大城鄉,10007240-010,公館村,152,97312,640,472,341,864,520.32,81.27,"102Y"
,10007,彰化縣,10007240,大城鄉,10007240-011,臺西村,130,69933,538,397,286,667,426.5,79.28,"102Y"
,10007,彰化縣,10007240,大城鄉,10007240-012,東港村,202,114810,568,449,269,725,535.18,94.16,"102Y"
,10007,彰化縣,10007240,大城鄉,10007240-013,西港村,131,78564,600,533,346,782,404.34,67.42,"102Y"
,10007,彰化縣,10007240,大城鄉,10007240-014,豐美村,147,80730,549,480,312,740,412.3,75.07,"102Y"
,10007,彰化縣,10007240,大城鄉,10007240-015,三豐村,74,52412,708,477,281,958,702.59,99.2,"102Y"
X,10007,彰化縣,10007240,大城鄉,10007240-999,其他,0,0,0,0,0,0,0,0,"102Y"
,10007,彰化縣,10007250,竹塘鄉,10007250-001,竹元村,237,147653,623,456,287,737,755.84,121.32,"102Y"
,10007,彰化縣,10007250,竹塘鄉,10007250-002,竹塘村,484,333791,690,558,333,915,497.28,72.11,"102Y"
,10007,彰化縣,10007250,竹塘鄉,10007250-003,小西村,152,118737,781,592,367,915,749.09,95.89,"102Y"
,10007,彰化縣,10007250,竹塘鄉,10007250-004,民靖村,152,106977,704,497,355,863,796.53,113.18,"102Y"
,10007,彰化縣,10007250,竹塘鄉,10007250-005,五庄村,282,177259,629,507,288,815,490.13,77.97,"102Y"
,10007,彰化縣,10007250,竹塘鄉,10007250-006,樹腳村,116,61885,533,519,309,631,322.81,60.51,"102Y"
,10007,彰化縣,10007250,竹塘鄉,10007250-007,田頭村,206,140137,680,558,322,868,570.47,83.86,"102Y"
,10007,彰化縣,10007250,竹塘鄉,10007250-008,新廣村,242,157453,651,495,331,801,515.11,79.17,"102Y"
,10007,彰化縣,10007250,竹塘鄉,10007250-009,溪墘村,77,49241,639,486,324,820,465.46,72.79,"102Y"
,10007,彰化縣,10007250,竹塘鄉,10007250-010,竹林村,142,80153,564,427,278,718,466.19,82.59,"102Y"
,10007,彰化縣,10007250,竹塘鄉,10007250-011,土庫村,94,56832,605,427,271,664,886.33,146.6,"102Y"
,10007,彰化縣,10007250,竹塘鄉,10007250-012,內新村,118,72292,613,529,317,815,433.14,70.7,"102Y"
,10007,彰化縣,10007250,竹塘鄉,10007250-013,長安村,133,82763,622,520,289,836,485.55,78.03,"102Y"
,10007,彰化縣,10007250,竹塘鄉,10007250-014,永安村,92,48742,530,492,277,728,395.23,74.6,"102Y"
X,10007,彰化縣,10007250,竹塘鄉,10007250-999,其他,0,0,0,0,0,0,0,0,"102Y"
,10007,彰化縣,10007260,溪州鄉,10007260-001,溪厝村,436,284836,653,475,272,742,1198.61,183.47,"102Y"
,10007,彰化縣,10007260,溪州鄉,10007260-002,舊眉村,294,218137,742,528,305,852,770.82,103.89,"102Y"
,10007,彰化縣,10007260,溪州鄉,10007260-003,柑園村,197,122171,620,459,295,725,602.03,97.08,"102Y"
,10007,彰化縣,10007260,溪州鄉,10007260-004,水尾村,282,195701,694,515,321,881,600.39,86.51,"102Y"
,10007,彰化縣,10007260,溪州鄉,10007260-005,坑厝村,161,96777,601,507,301,829,463.5,77.11,"102Y"
,10007,彰化縣,10007260,溪州鄉,10007260-006,圳寮村,296,164091,554,421,270,640,557.78,100.62,"102Y"
,10007,彰化縣,10007260,溪州鄉,10007260-007,潮洋村,181,103064,569,475,252,730,450.22,79.07,"102Y"
,10007,彰化縣,10007260,溪州鄉,10007260-008,瓦厝村,248,155602,627,466,286,811,554.48,88.37,"102Y"
,10007,彰化縣,10007260,溪州鄉,10007260-009,西畔村,409,222890,545,462,287,673,440.88,80.9,"102Y"
,10007,彰化縣,10007260,溪州鄉,10007260-010,張厝村,130,84482,650,473,268,800,638.29,98.22,"102Y"
,10007,彰化縣,10007260,溪州鄉,10007260-011,溪州村,423,322307,762,546,307,869,1167.38,153.21,"102Y"
,10007,彰化縣,10007260,溪州鄉,10007260-012,成功村,348,218510,628,461,284,811,542.99,86.48,"102Y"
,10007,彰化縣,10007260,溪州鄉,10007260-013,菜公村,158,96284,609,451,233,843,560.89,92.04,"102Y"
,10007,彰化縣,10007260,溪州鄉,10007260-014,尾厝村,433,297051,686,522,335,871,583.55,85.06,"102Y"
,10007,彰化縣,10007260,溪州鄉,10007260-015,大庄村,372,228697,615,440,276,696,602.28,97.97,"102Y"
,10007,彰化縣,10007260,溪州鄉,10007260-016,三圳村,251,162550,648,473,297,815,598.54,92.42,"102Y"
,10007,彰化縣,10007260,溪州鄉,10007260-017,東州村,496,381754,770,481,299,853,1375.85,178.76,"102Y"
,10007,彰化縣,10007260,溪州鄉,10007260-018,榮光村,128,76113,595,479,325,722,668.63,112.44,"102Y"
,10007,彰化縣,10007260,溪州鄉,10007260-019,三條村,176,111162,632,499,305,754,529.95,83.91,"102Y"
X,10007,彰化縣,10007260,溪州鄉,10007260-999,其他,0,0,0,0,0,0,0,0,"102Y"
,10008,南投縣,10008010,南投市,10008010-001,龍泉里,292,191273,655,494,260,811,635.33,96.99,"102Y"
,10008,南投縣,10008010,南投市,10008010-002,康壽里,495,420321,849,561,330,978,1631.15,192.1,"102Y"
,10008,南投縣,10008010,南投市,10008010-003,三民里,261,212539,814,595,361,983,774.97,95.17,"102Y"
,10008,南投縣,10008010,南投市,10008010-004,仁和里,173,127212,735,497,278,784,899.26,122.29,"102Y"
,10008,南投縣,10008010,南投市,10008010-005,南投里,223,148394,665,460,277,727,739.43,111.12,"102Y"
,10008,南投縣,10008010,南投市,10008010-006,彰仁里,134,83732,625,442,199,910,561.17,89.81,"102Y"
,10008,南投縣,10008010,南投市,10008010-007,崇文里,310,237297,765,536,311,885,788.39,102.99,"102Y"
,10008,南投縣,10008010,南投市,10008010-008,漳興里,834,633859,760,588,330,976,734.72,96.67,"102Y"
,10008,南投縣,10008010,南投市,10008010-009,漳和里,2297,1740406,758,544,319,923,1386.3,182.96,"102Y"
,10008,南投縣,10008010,南投市,10008010-010,軍功里,1354,933373,689,526,316,898,704.12,102.14,"102Y"
,10008,南投縣,10008010,南投市,10008010-011,東山里,99,62538,632,489,337,775,521.49,82.55,"102Y"
,10008,南投縣,10008010,南投市,10008010-012,平和里,1972,1481032,751,553,314,942,722.07,96.14,"102Y"
,10008,南投縣,10008010,南投市,10008010-013,振興里,592,358668,606,469,278,802,498.49,82.28,"102Y"
,10008,南投縣,10008010,南投市,10008010-014,千秋里,266,173069,651,504,309,883,515.54,79.24,"102Y"
,10008,南投縣,10008010,南投市,10008010-015,三興里,1725,1322044,766,557,320,1032,669.38,87.34,"102Y"
,10008,南投縣,10008010,南投市,10008010-016,三和里,1103,900117,816,600,326,1046,762.91,93.49,"102Y"
,10008,南投縣,10008010,南投市,10008010-017,嘉興里,547,351667,643,489,301,787,638.35,99.29,"102Y"
,10008,南投縣,10008010,南投市,10008010-018,嘉和里,1380,1020834,740,538,325,956,794.21,107.36,"102Y"
,10008,南投縣,10008010,南投市,10008010-019,福山里,494,278464,564,458,296,706,443.92,78.75,"102Y"
,10008,南投縣,10008010,南投市,10008010-020,永興里,155,104178,672,503,272,866,613.97,91.35,"102Y"
,10008,南投縣,10008010,南投市,10008010-021,鳳鳴里,143,94179,659,511,365,829,571,86.7,"102Y"
,10008,南投縣,10008010,南投市,10008010-022,鳳山里,268,185104,691,461,307,705,1267.67,183.54,"102Y"
,10008,南投縣,10008010,南投市,10008010-023,平山里,1615,1128035,698,515,319,847,854.19,122.29,"102Y"
,10008,南投縣,10008010,南投市,10008010-024,新興里,1575,990439,629,493,310,798,529.31,84.17,"102Y"
,10008,南投縣,10008010,南投市,10008010-025,永豐里,921,940652,1021,509,307,808,11363.66,1112.62,"102Y"
,10008,南投縣,10008010,南投市,10008010-026,福興里,836,566433,678,483,301,778,1127.46,166.4,"102Y"
,10008,南投縣,10008010,南投市,10008010-027,營北里,2268,2273646,1002,712,398,1331,922.24,92,"102Y"
,10008,南投縣,10008010,南投市,10008010-028,營南里,734,547917,746,536,302,941,697.5,93.44,"102Y"
,10008,南投縣,10008010,南投市,10008010-029,內興里,2119,1956715,923,661,388,1220,852.36,92.3,"102Y"
,10008,南投縣,10008010,南投市,10008010-030,內新里,419,311818,744,577,343,974,607.19,81.59,"102Y"
,10008,南投縣,10008010,南投市,10008010-031,光華里,342,259273,758,544,320,906,942.47,124.32,"102Y"
,10008,南投縣,10008010,南投市,10008010-032,光榮里,407,299271,735,544,325,882,853.31,116.05,"102Y"
,10008,南投縣,10008010,南投市,10008010-033,光明里,415,323489,779,615,382,996,580.44,74.46,"102Y"
,10008,南投縣,10008010,南投市,10008010-034,光輝里,176,142800,811,575,330,946,977.51,120.48,"102Y"
X,10008,南投縣,10008010,南投市,10008010-999,其他,0,0,0,0,0,0,0,0,"102Y"
,10008,南投縣,10008020,埔里鎮,10008020-001,東門里,711,496591,698,468,274,856,927.9,132.85,"102Y"
,10008,南投縣,10008020,埔里鎮,10008020-002,南門里,252,171039,679,499,223,898,657.8,96.92,"102Y"
,10008,南投縣,10008020,埔里鎮,10008020-003,西門里,767,511291,667,514,282,919,581.84,87.28,"102Y"
,10008,南投縣,10008020,埔里鎮,10008020-004,北門里,590,403470,684,524,308,883,579.91,84.8,"102Y"
,10008,南投縣,10008020,埔里鎮,10008020-005,同聲里,510,327426,642,450,237,749,975.9,152.01,"102Y"
,10008,南投縣,10008020,埔里鎮,10008020-006,薰化里,295,203131,689,522,254,954,653.38,94.89,"102Y"
,10008,南投縣,10008020,埔里鎮,10008020-007,清新里,788,517057,656,494,293,855,597.02,90.99,"102Y"
,10008,南投縣,10008020,埔里鎮,10008020-008,大城里,1399,965590,690,509,305,863,775.65,112.38,"102Y"
,10008,南投縣,10008020,埔里鎮,10008020-009,籃城里,170,137231,807,459,258,918,1937.81,240.05,"102Y"
,10008,南投縣,10008020,埔里鎮,10008020-010,枇杷里,1708,1214208,711,516,303,888,698.65,98.28,"102Y"
,10008,南投縣,10008020,埔里鎮,10008020-011,水頭里,740,567679,767,478,290,832,2799.41,364.92,"102Y"
,10008,南投縣,10008020,埔里鎮,10008020-012,麒麟里,153,102830,672,485,289,757,701.01,104.3,"102Y"
,10008,南投縣,10008020,埔里鎮,10008020-013,珠格里,182,120469,662,474,276,815,708.76,107.08,"102Y"
,10008,南投縣,10008020,埔里鎮,10008020-014,溪南里,207,132011,638,462,278,811,602.81,94.52,"102Y"
,10008,南投縣,10008020,埔里鎮,10008020-015,桃米里,205,202481,988,487,277,781,4544.86,460.14,"102Y"
,10008,南投縣,10008020,埔里鎮,10008020-016,成功里,57,36937,648,453,327,773,562.87,86.86,"102Y"
,10008,南投縣,10008020,埔里鎮,10008020-017,南村里,250,159058,636,503,298,772,535.64,84.19,"102Y"
,10008,南投縣,10008020,埔里鎮,10008020-018,愛蘭里,303,265523,876,629,352,1080,1013.64,115.67,"102Y"
,10008,南投縣,10008020,埔里鎮,10008020-019,鐵山里,365,238680,654,510,317,785,674.11,103.09,"102Y"
,10008,南投縣,10008020,埔里鎮,10008020-020,房里里,202,126458,626,471,299,775,499.39,79.77,"102Y"
,10008,南投縣,10008020,埔里鎮,10008020-021,向善里,97,58369,602,426,277,646,959.15,159.4,"102Y"
,10008,南投縣,10008020,埔里鎮,10008020-022,一新里,161,105741,657,397,263,605,1239.67,188.75,"102Y"
,10008,南投縣,10008020,埔里鎮,10008020-023,廣成里,184,105080,571,457,294,751,446.89,78.25,"102Y"
,10008,南投縣,10008020,埔里鎮,10008020-024,史港里,90,66092,734,445,305,990,787.84,107.28,"102Y"
,10008,南投縣,10008020,埔里鎮,10008020-025,福興里,199,158122,795,430,239,731,2340.14,294.51,"102Y"
,10008,南投縣,10008020,埔里鎮,10008020-026,牛眠里,456,258033,566,427,259,703,492.06,86.96,"102Y"
,10008,南投縣,10008020,埔里鎮,10008020-027,大湳里,329,228880,696,507,287,963,601.27,86.43,"102Y"
,10008,南投縣,10008020,埔里鎮,10008020-028,蜈蚣里,450,288282,641,507,308,834,525.41,82.01,"102Y"
,10008,南投縣,10008020,埔里鎮,10008020-029,合成里,206,114412,555,414,229,650,598.05,107.68,"102Y"
,10008,南投縣,10008020,埔里鎮,10008020-030,北安里,876,628718,718,532,284,916,674.28,93.95,"102Y"
,10008,南投縣,10008020,埔里鎮,10008020-031,杷城里,621,420209,677,483,294,891,608.96,89.99,"102Y"
,10008,南投縣,10008020,埔里鎮,10008020-032,北梅里,754,568903,755,561,308,997,705.42,93.49,"102Y"
,10008,南投縣,10008020,埔里鎮,10008020-033,泰安里,545,375227,688,521,310,916,596.25,86.6,"102Y"
X,10008,南投縣,10008020,埔里鎮,10008020-999,其他,0,0,0,0,0,0,0,0,"102Y"
,10008,南投縣,10008030,草屯鎮,10008030-001,玉峰里,724,492555,680,514,286,867,626.23,92.05,"102Y"
,10008,南投縣,10008030,草屯鎮,10008030-002,炎峰里,720,577161,802,559,303,1025,812.75,101.39,"102Y"
,10008,南投縣,10008030,草屯鎮,10008030-003,和平里,430,314422,731,501,294,954,724.66,99.1,"102Y"
,10008,南投縣,10008030,草屯鎮,10008030-004,敦和里,1945,1428298,734,509,289,901,1190.7,162.14,"102Y"
,10008,南投縣,10008030,草屯鎮,10008030-005,山腳里,2453,2157492,880,603,339,1094,1423.22,161.82,"102Y"
,10008,南投縣,10008030,草屯鎮,10008030-006,富寮里,1793,1348316,752,552,306,965,757.97,100.8,"102Y"
,10008,南投縣,10008030,草屯鎮,10008030-007,御史里,1686,1206521,716,522,289,900,810.77,113.3,"102Y"
,10008,南投縣,10008030,草屯鎮,10008030-008,新豐里,1146,744872,650,488,280,819,617.68,95.03,"102Y"
,10008,南投縣,10008030,草屯鎮,10008030-009,碧峰里,1272,883070,694,531,324,865,669.43,96.43,"102Y"
,10008,南投縣,10008030,草屯鎮,10008030-010,碧洲里,711,515006,724,545,315,962,606.1,83.68,"102Y"
,10008,南投縣,10008030,草屯鎮,10008030-011,復興里,810,596284,736,518,308,836,1996.09,271.15,"102Y"
,10008,南投縣,10008030,草屯鎮,10008030-012,上林里,1000,738478,738,532,295,917,765.03,103.6,"102Y"
,10008,南投縣,10008030,草屯鎮,10008030-013,新庄里,992,708432,714,501,300,865,784.47,109.85,"102Y"
,10008,南投縣,10008030,草屯鎮,10008030-014,北投里,763,589503,773,466,296,771,3358.39,434.68,"102Y"
,10008,南投縣,10008030,草屯鎮,10008030-015,石川里,401,296380,739,531,308,895,928.22,125.59,"102Y"
,10008,南投縣,10008030,草屯鎮,10008030-016,加老里,728,484615,666,494,292,842,614.23,92.27,"102Y"
,10008,南投縣,10008030,草屯鎮,10008030-017,北勢里,459,291355,635,449,271,704,1464.66,230.74,"102Y"
,10008,南投縣,10008030,草屯鎮,10008030-018,中原里,557,361018,648,511,293,860,564.87,87.15,"102Y"
,10008,南投縣,10008030,草屯鎮,10008030-019,南埔里,1078,761348,706,531,300,869,834.76,118.19,"102Y"
,10008,南投縣,10008030,草屯鎮,10008030-020,土城里,408,226961,556,435,247,664,542.8,97.58,"102Y"
,10008,南投縣,10008030,草屯鎮,10008030-021,坪頂里,194,130855,675,480,256,750,866.71,128.49,"102Y"
,10008,南投縣,10008030,草屯鎮,10008030-022,雙冬里,423,229185,542,450,264,682,450.5,83.15,"102Y"
,10008,南投縣,10008030,草屯鎮,10008030-023,平林里,229,142804,624,467,295,714,631.26,101.23,"102Y"
,10008,南投縣,10008030,草屯鎮,10008030-024,中正里,220,177295,806,511,318,903,1029.94,127.8,"102Y"
,10008,南投縣,10008030,草屯鎮,10008030-025,中山里,781,626621,802,549,309,969,1196.32,149.11,"102Y"
,10008,南投縣,10008030,草屯鎮,10008030-026,明正里,1125,826871,735,553,307,949,647.84,88.14,"102Y"
,10008,南投縣,10008030,草屯鎮,10008030-027,新厝里,1008,781003,775,542,329,978,903.92,116.66,"102Y"
X,10008,南投縣,10008030,草屯鎮,10008030-999,其他,2,411,206,206,103,308,290.62,141.42,"102Y"
,10008,南投縣,10008040,竹山鎮,10008040-001,竹山里,560,390629,698,526,304,931,623.49,89.38,"102Y"
,10008,南投縣,10008040,竹山鎮,10008040-002,中正里,179,122999,687,501,290,869,664.85,96.76,"102Y"
,10008,南投縣,10008040,竹山鎮,10008040-003,中山里,1092,734018,672,497,295,861,636.43,94.68,"102Y"
,10008,南投縣,10008040,竹山鎮,10008040-004,雲林里,980,699364,714,528,323,890,658.41,92.26,"102Y"
,10008,南投縣,10008040,竹山鎮,10008040-005,??里,369,230127,624,498,300,755,525.93,84.33,"102Y"
,10008,南投縣,10008040,竹山鎮,10008040-006,下坪里,283,205634,727,531,360,917,594.1,81.76,"102Y"
,10008,南投縣,10008040,竹山鎮,10008040-007,桂林里,836,570035,682,509,317,900,606.89,89,"102Y"
,10008,南投縣,10008040,竹山鎮,10008040-008,中和里,209,120408,576,458,272,758,444.2,77.1,"102Y"
,10008,南投縣,10008040,竹山鎮,10008040-009,中崎里,324,187192,578,486,288,721,432.45,74.85,"102Y"
,10008,南投縣,10008040,竹山鎮,10008040-010,德興里,157,91547,583,448,300,712,583.25,100.02,"102Y"
,10008,南投縣,10008040,竹山鎮,10008040-011,延平里,653,420571,644,483,289,747,697.95,108.37,"102Y"
,10008,南投縣,10008040,竹山鎮,10008040-012,延正里,330,197336,598,474,275,658,730.96,122.24,"102Y"
,10008,南投縣,10008040,竹山鎮,10008040-013,延山里,151,106766,707,583,351,957,516.34,73.03,"102Y"
,10008,南投縣,10008040,竹山鎮,10008040-014,延和里,1305,920623,705,549,308,900,598.06,84.78,"102Y"
,10008,南投縣,10008040,竹山鎮,10008040-015,山崇里,407,287997,708,506,308,888,926.18,130.89,"102Y"
,10008,南投縣,10008040,竹山鎮,10008040-016,社寮里,246,165161,671,487,283,823,721.95,107.53,"102Y"
,10008,南投縣,10008040,竹山鎮,10008040-017,中央里,256,159565,623,496,332,783,469.2,75.28,"102Y"
,10008,南投縣,10008040,竹山鎮,10008040-018,富州里,136,85921,632,505,312,770,531.78,84.17,"102Y"
,10008,南投縣,10008040,竹山鎮,10008040-019,大鞍里,41,25517,622,365,256,660,905.8,145.54,"102Y"
,10008,南投縣,10008040,竹山鎮,10008040-020,田子里,81,45922,567,457,302,705,438.98,77.43,"102Y"
,10008,南投縣,10008040,竹山鎮,10008040-021,福興里,78,41736,535,465,341,619,358.13,66.93,"102Y"
,10008,南投縣,10008040,竹山鎮,10008040-022,鯉魚里,127,66413,523,406,246,639,458.78,87.73,"102Y"
,10008,南投縣,10008040,竹山鎮,10008040-023,瑞竹里,98,57590,588,466,283,706,542.46,92.31,"102Y"
,10008,南投縣,10008040,竹山鎮,10008040-024,坪頂里,63,45355,720,553,322,939,552.5,76.74,"102Y"
,10008,南投縣,10008040,竹山鎮,10008040-025,桶頭里,117,60528,517,400,279,626,417.27,80.66,"102Y"
,10008,南投縣,10008040,竹山鎮,10008040-026,秀林里,119,69748,586,485,307,698,452.21,77.15,"102Y"
,10008,南投縣,10008040,竹山鎮,10008040-027,延祥里,904,544382,602,484,290,769,468.54,77.81,"102Y"
,10008,南投縣,10008040,竹山鎮,10008040-028,竹圍里,591,388668,658,522,315,851,532,80.89,"102Y"
X,10008,南投縣,10008040,竹山鎮,10008040-999,其他,0,0,0,0,0,0,0,0,"102Y"
,10008,南投縣,10008050,集集鎮,10008050-001,集集里,264,194380,736,513,285,908,751.93,102.12,"102Y"
,10008,南投縣,10008050,集集鎮,10008050-002,和平里,243,167564,690,512,293,863,735.56,106.67,"102Y"
,10008,南投縣,10008050,集集鎮,10008050-003,林尾里,108,108737,1007,661,384,1146,1576.86,156.62,"102Y"
,10008,南投縣,10008050,集集鎮,10008050-004,田寮里,342,244152,714,678,318,963,490.39,68.69,"102Y"
,10008,南投縣,10008050,集集鎮,10008050-005,隘寮里,110,77354,703,555,315,951,643.5,91.51,"102Y"
,10008,南投縣,10008050,集集鎮,10008050-006,玉映里,121,79117,654,525,316,843,547.29,83.7,"102Y"
,10008,南投縣,10008050,集集鎮,10008050-007,吳厝里,219,132915,607,485,250,808,508.48,83.78,"102Y"
,10008,南投縣,10008050,集集鎮,10008050-008,八張里,335,236946,707,540,325,841,695.5,98.33,"102Y"
,10008,南投縣,10008050,集集鎮,10008050-009,永昌里,221,189939,859,604,296,1093,1001.06,116.48,"102Y"
,10008,南投縣,10008050,集集鎮,10008050-010,富山里,105,57451,547,463,285,721,391.3,71.52,"102Y"
,10008,南投縣,10008050,集集鎮,10008050-011,廣明里,196,144418,737,513,316,990,646.31,87.72,"102Y"
X,10008,南投縣,10008050,集集鎮,10008050-999,其他,0,0,0,0,0,0,0,0,"102Y"
,10008,南投縣,10008060,名間鄉,10008060-001,南雅村,278,172338,620,486,294,828,492.69,79.48,"102Y"
,10008,南投縣,10008060,名間鄉,10008060-002,中正村,902,590005,654,520,316,813,573.9,87.74,"102Y"
,10008,南投縣,10008060,名間鄉,10008060-003,中山村,550,355805,647,488,275,785,751.98,116.24,"102Y"
,10008,南投縣,10008060,名間鄉,10008060-004,濁水村,361,234456,649,489,299,768,576.73,88.8,"102Y"
,10008,南投縣,10008060,名間鄉,10008060-005,炭寮村,188,136926,728,480,306,723,1039.38,142.71,"102Y"
,10008,南投縣,10008060,名間鄉,10008060-006,新民村,205,118598,579,483,297,708,482.59,83.42,"102Y"
,10008,南投縣,10008060,名間鄉,10008060-007,新街村,1202,751756,625,495,293,800,527.98,84.42,"102Y"
,10008,南投縣,10008060,名間鄉,10008060-008,東湖村,427,265577,622,499,313,793,509.26,81.88,"102Y"
,10008,南投縣,10008060,名間鄉,10008060-009,萬丹村,233,144954,622,462,271,738,796.89,128.09,"102Y"
,10008,南投縣,10008060,名間鄉,10008060-010,田仔村,286,190456,666,469,296,849,653.47,98.13,"102Y"
,10008,南投縣,10008060,名間鄉,10008060-011,大庄村,394,259279,658,510,306,832,583.45,88.66,"102Y"
,10008,南投縣,10008060,名間鄉,10008060-012,?下村,156,98347,630,535,303,765,513.77,81.5,"102Y"
,10008,南投縣,10008060,名間鄉,10008060-013,大坑村,156,95932,615,489,305,779,473.52,77,"102Y"
,10008,南投縣,10008060,名間鄉,10008060-014,竹圍村,176,107025,608,472,311,715,582.67,95.82,"102Y"
,10008,南投縣,10008060,名間鄉,10008060-015,赤水村,211,130673,619,472,294,800,488.26,78.84,"102Y"
,10008,南投縣,10008060,名間鄉,10008060-016,三崙村,305,200317,657,477,292,763,843.01,128.36,"102Y"
,10008,南投縣,10008060,名間鄉,10008060-017,松山村,353,218712,620,444,276,717,685.01,110.56,"102Y"
,10008,南投縣,10008060,名間鄉,10008060-018,松柏村,219,127668,583,454,262,688,546.81,93.8,"102Y"
,10008,南投縣,10008060,名間鄉,10008060-019,埔中村,197,112362,570,448,321,677,447.05,78.38,"102Y"
,10008,南投縣,10008060,名間鄉,10008060-020,崁腳村,200,132409,662,513,300,856,539.61,81.51,"102Y"
,10008,南投縣,10008060,名間鄉,10008060-021,新厝村,170,107680,633,493,312,832,505.86,79.86,"102Y"
,10008,南投縣,10008060,名間鄉,10008060-022,新光村,416,294190,707,553,305,863,690.51,97.64,"102Y"
,10008,南投縣,10008060,名間鄉,10008060-023,仁和村,175,96668,552,462,300,711,399.41,72.31,"102Y"
X,10008,南投縣,10008060,名間鄉,10008060-999,其他,0,0,0,0,0,0,0,0,"102Y"
,10008,南投縣,10008070,鹿谷鄉,10008070-001,鹿谷村,418,292852,701,521,313,886,697.04,99.49,"102Y"
,10008,南投縣,10008070,鹿谷鄉,10008070-002,初鄉村,319,191647,601,480,302,761,470.61,78.33,"102Y"
,10008,南投縣,10008070,鹿谷鄉,10008070-003,彰雅村,267,178883,670,511,331,816,600.17,89.58,"102Y"
,10008,南投縣,10008070,鹿谷鄉,10008070-004,廣興村,448,329371,735,544,322,977,621.21,84.49,"102Y"
,10008,南投縣,10008070,鹿谷鄉,10008070-005,內湖村,196,118243,603,462,288,753,509.16,84.4,"102Y"
,10008,南投縣,10008070,鹿谷鄉,10008070-006,竹林村,236,163107,691,502,336,847,601.44,87.02,"102Y"
,10008,南投縣,10008070,鹿谷鄉,10008070-007,竹豐村,131,75205,574,474,326,659,622.82,108.49,"102Y"
,10008,南投縣,10008070,鹿谷鄉,10008070-008,和雅村,102,62119,609,469,318,758,509.02,83.58,"102Y"
,10008,南投縣,10008070,鹿谷鄉,10008070-009,鳳凰村,289,191251,662,560,325,768,775.59,117.2,"102Y"
,10008,南投縣,10008070,鹿谷鄉,10008070-010,永隆村,334,237544,711,544,327,894,574.16,80.73,"102Y"
,10008,南投縣,10008070,鹿谷鄉,10008070-011,秀峰村,163,100087,614,491,326,745,491.39,80.03,"102Y"
,10008,南投縣,10008070,鹿谷鄉,10008070-012,清水村,129,80215,622,493,315,744,511.62,82.28,"102Y"
,10008,南投縣,10008070,鹿谷鄉,10008070-013,瑞田村,112,70948,633,498,354,761,515.86,81.43,"102Y"
X,10008,南投縣,10008070,鹿谷鄉,10008070-999,其他,0,0,0,0,0,0,0,0,"102Y"
,10008,南投縣,10008080,中寮鄉,10008080-001,廣興村,161,97033,603,472,305,720,492,81.63,"102Y"
,10008,南投縣,10008080,中寮鄉,10008080-002,崁頂村,79,51567,653,467,279,877,545.69,83.6,"102Y"
,10008,南投縣,10008080,中寮鄉,10008080-003,八仙村,167,89744,537,423,242,710,444.49,82.71,"102Y"
,10008,南投縣,10008080,中寮鄉,10008080-004,和興村,98,59087,603,509,277,807,491.82,81.57,"102Y"
,10008,南投縣,10008080,中寮鄉,10008080-005,福盛村,123,78476,638,477,299,844,573.66,89.91,"102Y"
,10008,南投縣,10008080,中寮鄉,10008080-006,永平村,448,276647,618,463,285,767,537.27,87.01,"102Y"
,10008,南投縣,10008080,中寮鄉,10008080-007,復興村,70,39001,557,431,240,747,467.75,83.95,"102Y"
,10008,南投縣,10008080,中寮鄉,10008080-008,中寮村,165,95112,576,456,301,733,484.23,84,"102Y"
,10008,南投縣,10008080,中寮鄉,10008080-009,廣福村,105,66824,636,490,288,764,585.08,91.93,"102Y"
,10008,南投縣,10008080,中寮鄉,10008080-010,永福村,314,203297,647,468,295,838,571.67,88.3,"102Y"
,10008,南投縣,10008080,中寮鄉,10008080-011,義和村,244,122139,501,401,284,604,372.28,74.37,"102Y"
,10008,南投縣,10008080,中寮鄉,10008080-012,清水村,143,77350,541,453,259,702,463.05,85.61,"102Y"
,10008,南投縣,10008080,中寮鄉,10008080-013,龍安村,147,84581,575,448,256,731,488.84,84.96,"102Y"
,10008,南投縣,10008080,中寮鄉,10008080-014,龍岩村,153,84499,552,442,270,734,422.8,76.55,"102Y"
,10008,南投縣,10008080,中寮鄉,10008080-015,永和村,105,62094,591,490,287,787,408.72,69.11,"102Y"
,10008,南投縣,10008080,中寮鄉,10008080-016,內城村,90,52845,587,424,277,639,966.09,164.53,"102Y"
,10008,南投縣,10008080,中寮鄉,10008080-017,永芳村,79,36577,463,371,243,657,331.81,71.67,"102Y"
,10008,南投縣,10008080,中寮鄉,10008080-018,爽文村,98,51795,529,457,311,618,439.01,83.06,"102Y"
X,10008,南投縣,10008080,中寮鄉,10008080-999,其他,0,0,0,0,0,0,0,0,"102Y"
,10008,南投縣,10008090,魚池鄉,10008090-001,東池村,327,206984,633,448,297,836,541.02,85.47,"102Y"
,10008,南投縣,10008090,魚池鄉,10008090-002,魚池村,461,312682,678,529,329,860,533.95,78.72,"102Y"
,10008,南投縣,10008090,魚池鄉,10008090-003,中明村,174,96128,552,419,300,678,476.73,86.29,"102Y"
,10008,南投縣,10008090,魚池鄉,10008090-004,新城村,244,154167,632,522,314,812,482.07,76.3,"102Y"
,10008,南投縣,10008090,魚池鄉,10008090-005,大林村,186,102965,554,437,313,647,461.62,83.39,"102Y"
,10008,南投縣,10008090,魚池鄉,10008090-006,東光村,161,95145,591,430,287,705,550.38,93.13,"102Y"
,10008,南投縣,10008090,魚池鄉,10008090-007,共和村,147,105708,719,461,292,807,1236.35,171.93,"102Y"
,10008,南投縣,10008090,魚池鄉,10008090-008,大雁村,125,112642,901,517,337,819,1952.72,216.69,"102Y"
,10008,南投縣,10008090,魚池鄉,10008090-009,五城村,143,85182,596,431,293,690,628.24,105.47,"102Y"
,10008,南投縣,10008090,魚池鄉,10008090-010,水社村,189,132143,699,521,302,947,596.76,85.35,"102Y"
,10008,南投縣,10008090,魚池鄉,10008090-011,頭社村,166,103110,621,488,298,753,612.76,98.65,"102Y"
,10008,南投縣,10008090,魚池鄉,10008090-012,武登村,112,65060,581,465,330,745,410.75,70.71,"102Y"
,10008,南投縣,10008090,魚池鄉,10008090-013,日月村,128,110848,866,464,269,768,2739.74,316.37,"102Y"
X,10008,南投縣,10008090,魚池鄉,10008090-999,其他,1,6,6,6,6,6,0,0,"102Y"
,10008,南投縣,10008100,國姓鄉,10008100-001,國姓村,312,210575,675,453,284,852,722.04,106.98,"102Y"
,10008,南投縣,10008100,國姓鄉,10008100-002,石門村,344,206399,600,461,285,738,521.4,86.9,"102Y"
,10008,南投縣,10008100,國姓鄉,10008100-003,大旗村,98,55839,570,482,251,706,456.33,80.09,"102Y"
,10008,南投縣,10008100,國姓鄉,10008100-004,北港村,290,178901,617,482,306,766,531.29,86.12,"102Y"
,10008,南投縣,10008100,國姓鄉,10008100-005,長流村,232,119629,516,418,269,645,435.89,84.53,"102Y"
,10008,南投縣,10008100,國姓鄉,10008100-006,長福村,109,49063,450,343,196,546,401.83,89.27,"102Y"
,10008,南投縣,10008100,國姓鄉,10008100-007,福龜村,307,166201,541,425,252,724,506.91,93.63,"102Y"
,10008,南投縣,10008100,國姓鄉,10008100-008,乾溝村,144,85416,593,474,316,770,407.18,68.65,"102Y"
,10008,南投縣,10008100,國姓鄉,10008100-009,柑林村,185,93075,503,398,229,655,435.03,86.47,"102Y"
,10008,南投縣,10008100,國姓鄉,10008100-010,北山村,223,124023,556,445,255,666,522.11,93.88,"102Y"
,10008,南投縣,10008100,國姓鄉,10008100-011,南港村,269,139314,518,430,274,664,421.1,81.31,"102Y"
,10008,南投縣,10008100,國姓鄉,10008100-012,大石村,111,60780,548,423,259,723,467.83,85.44,"102Y"
,10008,南投縣,10008100,國姓鄉,10008100-013,長豐村,97,50609,522,448,234,678,406.76,77.96,"102Y"
X,10008,南投縣,10008100,國姓鄉,10008100-999,其他,0,0,0,0,0,0,0,0,"102Y"
,10008,南投縣,10008110,水里鄉,10008110-001,水里村,189,110020,582,387,227,685,810.05,139.16,"102Y"
,10008,南投縣,10008110,水里鄉,10008110-002,農富村,138,78438,568,392,209,726,553.6,97.4,"102Y"
,10008,南投縣,10008110,水里鄉,10008110-003,新城村,355,214303,604,470,265,712,738.82,122.39,"102Y"
,10008,南投縣,10008110,水里鄉,10008110-004,中央村,143,77960,545,388,231,720,464.47,85.2,"102Y"
,10008,南投縣,10008110,水里鄉,10008110-005,城中村,201,128502,639,512,234,785,593.44,92.82,"102Y"
,10008,南投縣,10008110,水里鄉,10008110-006,北埔村,257,172032,669,484,281,816,703.91,105.16,"102Y"
,10008,南投縣,10008110,水里鄉,10008110-007,鉅工村,293,242289,827,610,314,1217,815.68,98.64,"102Y"
,10008,南投縣,10008110,水里鄉,10008110-008,永豐村,336,195633,582,456,266,726,537.34,92.29,"102Y"
,10008,南投縣,10008110,水里鄉,10008110-009,頂崁村,265,176600,666,453,247,762,1443.79,216.65,"102Y"
,10008,南投縣,10008110,水里鄉,10008110-010,車埕村,84,49063,584,455,296,677,647.61,110.88,"102Y"
,10008,南投縣,10008110,水里鄉,10008110-011,新興村,114,58086,510,453,296,629,350.29,68.75,"102Y"
,10008,南投縣,10008110,水里鄉,10008110-012,新山村,32,26395,825,619,431,840,860.42,104.31,"102Y"
,10008,南投縣,10008110,水里鄉,10008110-013,郡坑村,53,25564,482,422,278,563,321.12,66.58,"102Y"
,10008,南投縣,10008110,水里鄉,10008110-014,上安村,187,99069,530,449,258,709,393.94,74.36,"102Y"
,10008,南投縣,10008110,水里鄉,10008110-015,民和村,125,71982,576,414,261,661,526.52,91.43,"102Y"
,10008,南投縣,10008110,水里鄉,10008110-016,永興村,60,28962,483,418,260,652,296.27,61.38,"102Y"
,10008,南投縣,10008110,水里鄉,10008110-017,玉峰村,161,86262,536,430,261,706,431.27,80.49,"102Y"
,10008,南投縣,10008110,水里鄉,10008110-018,興隆村,46,22053,479,445,283,617,320.43,66.84,"102Y"
,10008,南投縣,10008110,水里鄉,10008110-019,南光村,403,268005,665,512,291,854,568.63,85.5,"102Y"
X,10008,南投縣,10008110,水里鄉,10008110-999,其他,0,0,0,0,0,0,0,0,"102Y"
,10008,南投縣,10008120,信義鄉,10008120-001,人和村,141,87842,623,545,361,782,384.01,61.64,"102Y"
,10008,南投縣,10008120,信義鄉,10008120-002,地利村,128,74828,585,531,344,753,383.55,65.61,"102Y"
,10008,南投縣,10008120,信義鄉,10008120-003,潭南村,59,26754,453,432,238,629,286.4,63.16,"102Y"
,10008,南投縣,10008120,信義鄉,10008120-004,明德村,271,181369,669,535,334,857,567.26,84.76,"102Y"
,10008,南投縣,10008120,信義鄉,10008120-005,愛國村,84,58061,691,458,297,793,738.45,106.84,"102Y"
,10008,南投縣,10008120,信義鄉,10008120-006,自強村,114,63440,556,435,264,733,442.44,79.5,"102Y"
,10008,南投縣,10008120,信義鄉,10008120-007,羅娜村,184,125296,681,553,357,810,557.77,81.91,"102Y"
,10008,南投縣,10008120,信義鄉,10008120-008,望美村,266,161222,606,482,341,740,500.45,82.57,"102Y"
,10008,南投縣,10008120,信義鄉,10008120-009,同富村,170,116059,683,530,337,818,578.13,84.68,"102Y"
,10008,南投縣,10008120,信義鄉,10008120-010,神木村,68,37503,552,422,223,657,693.54,125.75,"102Y"
,10008,南投縣,10008120,信義鄉,10008120-011,東埔村,136,80570,592,535,306,736,411.76,69.5,"102Y"
,10008,南投縣,10008120,信義鄉,10008120-012,雙龍村,73,36503,500,501,277,610,304.15,60.83,"102Y"
,10008,南投縣,10008120,信義鄉,10008120-013,新鄉村,86,51976,604,544,348,828,402.59,66.61,"102Y"
,10008,南投縣,10008120,信義鄉,10008120-014,豐丘村,90,53984,600,559,303,782,418.32,69.74,"102Y"
X,10008,南投縣,10008120,信義鄉,10008120-999,其他,0,0,0,0,0,0,0,0,"102Y"
,10008,南投縣,10008130,仁愛鄉,10008130-001,法治村,73,40572,556,514,289,721,363.05,65.32,"102Y"
,10008,南投縣,10008130,仁愛鄉,10008130-002,中正村,121,73076,604,495,295,703,460.12,76.19,"102Y"
,10008,南投縣,10008130,仁愛鄉,10008130-003,互助村,196,143313,731,578,383,924,517.97,70.84,"102Y"
,10008,南投縣,10008130,仁愛鄉,10008130-004,新生村,94,61518,654,546,349,849,454.61,69.46,"102Y"
,10008,南投縣,10008130,仁愛鄉,10008130-005,力行村,51,42722,838,619,366,1092,656.4,78.36,"102Y"
,10008,南投縣,10008130,仁愛鄉,10008130-006,發祥村,83,54384,655,555,413,856,386.13,58.93,"102Y"
,10008,南投縣,10008130,仁愛鄉,10008130-007,合作村,49,29828,609,557,288,864,444.17,72.96,"102Y"
,10008,南投縣,10008130,仁愛鄉,10008130-008,親愛村,200,135881,679,558,305,943,483.19,71.12,"102Y"
,10008,南投縣,10008130,仁愛鄉,10008130-009,大同村,319,220871,692,549,331,824,626.06,90.42,"102Y"
,10008,南投縣,10008130,仁愛鄉,10008130-010,南豐村,206,125798,611,457,297,768,563.89,92.34,"102Y"
,10008,南投縣,10008130,仁愛鄉,10008130-011,春陽村,139,87747,631,541,366,777,429.93,68.11,"102Y"
,10008,南投縣,10008130,仁愛鄉,10008130-012,精英村,105,55536,529,444,252,685,427.3,80.79,"102Y"
,10008,南投縣,10008130,仁愛鄉,10008130-013,萬豐村,56,37623,672,613,408,781,425.3,63.3,"102Y"
,10008,南投縣,10008130,仁愛鄉,10008130-014,榮興村,10,5387,539,550,352,680,353.89,65.69,"102Y"
,10008,南投縣,10008130,仁愛鄉,10008130-015,翠華村,36,17125,476,427,243,708,334.34,70.29,"102Y"
,10008,南投縣,10008130,仁愛鄉,10008130-016,都達村,56,34633,618,554,352,772,354.29,57.29,"102Y"
X,10008,南投縣,10008130,仁愛鄉,10008130-999,其他,0,0,0,0,0,0,0,0,"102Y"
,10009,雲林縣,10009010,斗六市,10009010-001,忠孝里,489,399229,816,589,338,1036,1222.08,149.69,"102Y"
,10009,雲林縣,10009010,斗六市,10009010-002,仁愛里,347,312150,900,521,278,948,2351.27,261.38,"102Y"
,10009,雲林縣,10009010,斗六市,10009010-003,信義里,226,186224,824,550,300,1062,842.3,102.22,"102Y"
,10009,雲林縣,10009010,斗六市,10009010-004,四維里,202,156921,777,528,303,882,1372.25,176.65,"102Y"
,10009,雲林縣,10009010,斗六市,10009010-005,太平里,257,198371,772,580,297,1023,711.12,92.13,"102Y"
,10009,雲林縣,10009010,斗六市,10009010-006,中和里,275,225983,822,565,332,1115,759.31,92.4,"102Y"
,10009,雲林縣,10009010,斗六市,10009010-007,光興里,258,182339,707,471,244,785,826.36,116.93,"102Y"
,10009,雲林縣,10009010,斗六市,10009010-008,三平里,1536,1362277,887,636,362,1173,871.59,98.27,"102Y"
,10009,雲林縣,10009010,斗六市,10009010-009,八德里,1002,710996,710,513,316,906,634.22,89.38,"102Y"
,10009,雲林縣,10009010,斗六市,10009010-010,鎮北里,902,699266,775,582,356,991,662.51,85.46,"102Y"
,10009,雲林縣,10009010,斗六市,10009010-011,龍潭里,528,655752,1242,816,443,1725,1319.2,106.22,"102Y"
,10009,雲林縣,10009010,斗六市,10009010-012,鎮南里,1195,957629,801,603,355,1052,717.4,89.52,"102Y"
,10009,雲林縣,10009010,斗六市,10009010-013,林頭里,1152,876423,761,590,346,990,731.22,96.11,"102Y"
,10009,雲林縣,10009010,斗六市,10009010-014,重光里,566,378945,670,487,315,839,640.58,95.68,"102Y"
,10009,雲林縣,10009010,斗六市,10009010-015,溝埧里,204,171006,838,589,381,1052,733.52,87.5,"102Y"
,10009,雲林縣,10009010,斗六市,10009010-016,江厝里,546,357507,655,516,326,821,550.63,84.09,"102Y"
,10009,雲林縣,10009010,斗六市,10009010-017,三光里,128,87915,687,501,345,851,698.92,101.76,"102Y"
,10009,雲林縣,10009010,斗六市,10009010-018,崙?里,763,653249,856,629,347,1082,827.9,96.7,"102Y"
,10009,雲林縣,10009010,斗六市,10009010-019,嘉東里,414,362919,877,651,348,1170,776.38,88.57,"102Y"
,10009,雲林縣,10009010,斗六市,10009010-020,久安里,603,466006,773,577,326,1019,664.72,86.01,"102Y"
,10009,雲林縣,10009010,斗六市,10009010-021,長平里,459,302894,660,514,340,770,577.15,87.46,"102Y"
,10009,雲林縣,10009010,斗六市,10009010-022,保庄里,1537,1286121,837,660,385,1076,703.59,84.08,"102Y"
,10009,雲林縣,10009010,斗六市,10009010-023,虎溪里,1594,1701732,1068,558,342,986,8946.49,838.01,"102Y"
,10009,雲林縣,10009010,斗六市,10009010-024,梅林里,370,351026,949,470,336,791,3424.21,360.93,"102Y"
,10009,雲林縣,10009010,斗六市,10009010-025,湖山里,248,147895,596,484,307,767,470.19,78.85,"102Y"
,10009,雲林縣,10009010,斗六市,10009010-026,榴中里,1280,829147,648,519,336,805,570.44,88.06,"102Y"
,10009,雲林縣,10009010,斗六市,10009010-027,榴北里,295,170145,577,488,306,736,405.5,70.31,"102Y"
,10009,雲林縣,10009010,斗六市,10009010-028,榴南里,529,329065,622,503,314,789,588.63,94.63,"102Y"
,10009,雲林縣,10009010,斗六市,10009010-029,溪洲里,820,556030,678,522,324,816,571.71,84.31,"102Y"
,10009,雲林縣,10009010,斗六市,10009010-030,長安里,765,458331,599,472,306,731,544.36,90.86,"102Y"
,10009,雲林縣,10009010,斗六市,10009010-031,十三里,249,156306,628,479,304,789,564.38,89.91,"102Y"
,10009,雲林縣,10009010,斗六市,10009010-032,鎮東里,1596,1288212,807,613,342,1074,721.08,89.34,"102Y"
,10009,雲林縣,10009010,斗六市,10009010-033,鎮西里,1197,970483,811,584,344,1022,936.33,115.49,"102Y"
,10009,雲林縣,10009010,斗六市,10009010-034,公正里,913,752255,824,638,372,1062,685.88,83.24,"102Y"
,10009,雲林縣,10009010,斗六市,10009010-035,社口里,697,506086,726,550,307,906,719.71,99.12,"102Y"
,10009,雲林縣,10009010,斗六市,10009010-036,公誠里,758,592901,782,569,344,1012,765.66,97.89,"102Y"
,10009,雲林縣,10009010,斗六市,10009010-037,明德里,1021,778663,763,592,364,959,631.17,82.76,"102Y"
,10009,雲林縣,10009010,斗六市,10009010-038,成功里,753,636210,845,617,371,1091,801.63,94.88,"102Y"
X,10009,雲林縣,10009010,斗六市,10009010-999,其他,2,1123,562,562,474,649,247.61,44.09,"102Y"
,10009,雲林縣,10009020,斗南鎮,10009020-001,東仁里,361,254834,706,534,289,942,599.09,84.87,"102Y"
,10009,雲林縣,10009020,斗南鎮,10009020-002,西岐里,1699,1291494,760,577,327,980,654.48,86.1,"102Y"
,10009,雲林縣,10009020,斗南鎮,10009020-003,南昌里,605,440443,728,515,293,874,811.07,111.41,"102Y"
,10009,雲林縣,10009020,斗南鎮,10009020-004,北銘里,444,309631,697,516,282,878,740.98,106.25,"102Y"
,10009,雲林縣,10009020,斗南鎮,10009020-005,中天里,363,260315,717,523,279,930,667.36,93.06,"102Y"
,10009,雲林縣,10009020,斗南鎮,10009020-006,舊社里,722,513105,711,546,312,916,672.68,94.65,"102Y"
,10009,雲林縣,10009020,斗南鎮,10009020-007,林子里,342,219970,643,514,303,753,595.56,92.6,"102Y"
,10009,雲林縣,10009020,斗南鎮,10009020-008,石龜里,168,93153,554,475,303,718,368.62,66.48,"102Y"
,10009,雲林縣,10009020,斗南鎮,10009020-009,靖興里,208,150190,722,551,350,895,588.91,81.56,"102Y"
,10009,雲林縣,10009020,斗南鎮,10009020-010,新南里,124,64079,517,389,259,656,395.36,76.51,"102Y"
,10009,雲林縣,10009020,斗南鎮,10009020-011,阿丹里,224,155947,696,531,295,797,1037.83,149.07,"102Y"
,10009,雲林縣,10009020,斗南鎮,10009020-012,將軍里,400,276260,691,526,319,884,566.7,82.05,"102Y"
,10009,雲林縣,10009020,斗南鎮,10009020-013,東明里,215,139875,651,492,297,822,614.35,94.43,"102Y"
,10009,雲林縣,10009020,斗南鎮,10009020-014,新光里,686,464673,677,511,298,864,582.31,85.97,"102Y"
,10009,雲林縣,10009020,斗南鎮,10009020-015,田頭里,546,394251,722,549,337,848,669.18,92.67,"102Y"
,10009,雲林縣,10009020,斗南鎮,10009020-016,明昌里,1461,1024837,701,528,319,911,583.85,83.23,"102Y"
,10009,雲林縣,10009020,斗南鎮,10009020-017,大東里,206,129234,627,490,311,771,494.79,78.87,"102Y"
,10009,雲林縣,10009020,斗南鎮,10009020-018,埤麻里,192,124983,651,508,307,810,525.96,80.8,"102Y"
,10009,雲林縣,10009020,斗南鎮,10009020-019,西伯里,217,137781,635,539,344,842,448.06,70.57,"102Y"
,10009,雲林縣,10009020,斗南鎮,10009020-020,新崙里,334,204185,611,445,292,712,884.69,144.71,"102Y"
,10009,雲林縣,10009020,斗南鎮,10009020-021,小東里,393,252287,642,491,293,833,527.29,82.14,"102Y"
,10009,雲林縣,10009020,斗南鎮,10009020-022,石溪里,197,130059,660,487,334,830,541.87,82.08,"102Y"
X,10009,雲林縣,10009020,斗南鎮,10009020-999,其他,0,0,0,0,0,0,0,0,"102Y"
,10009,雲林縣,10009030,虎尾鎮,10009030-001,中山里,308,233195,757,541,256,957,858.58,113.4,"102Y"
,10009,雲林縣,10009030,虎尾鎮,10009030-002,新興里,539,425391,789,548,298,1003,821.62,104.1,"102Y"
,10009,雲林縣,10009030,虎尾鎮,10009030-003,東仁里,847,729377,861,602,351,1108,1325.24,153.9,"102Y"
,10009,雲林縣,10009030,虎尾鎮,10009030-004,公安里,958,776750,811,639,369,1056,761.66,93.94,"102Y"
,10009,雲林縣,10009030,虎尾鎮,10009030-005,德興里,721,539544,748,572,337,975,691.04,92.34,"102Y"
,10009,雲林縣,10009030,虎尾鎮,10009030-006,西安里,1050,853895,813,631,353,1042,720.66,88.62,"102Y"
,10009,雲林縣,10009030,虎尾鎮,10009030-007,安慶里,478,404920,847,614,334,1027,833.63,98.41,"102Y"
,10009,雲林縣,10009030,虎尾鎮,10009030-008,平和里,1258,1228347,976,860,436,1278,909.54,93.15,"102Y"
,10009,雲林縣,10009030,虎尾鎮,10009030-009,興南里,608,554521,912,696,380,1230,738.41,80.96,"102Y"
,10009,雲林縣,10009030,虎尾鎮,10009030-010,新吉里,1097,1027426,937,752,398,1248,769.49,82.16,"102Y"
,10009,雲林縣,10009030,虎尾鎮,10009030-011,穎川里,508,377312,743,569,345,953,600.48,80.85,"102Y"
,10009,雲林縣,10009030,虎尾鎮,10009030-012,延平里,227,152246,671,529,329,899,501.65,74.8,"102Y"
,10009,雲林縣,10009030,虎尾鎮,10009030-013,三合里,243,168935,695,542,323,911,606.69,87.27,"102Y"
,10009,雲林縣,10009030,虎尾鎮,10009030-014,北溪里,157,98001,624,548,324,811,450.95,72.24,"102Y"
,10009,雲林縣,10009030,虎尾鎮,10009030-015,墾地里,174,109177,627,462,254,753,625.94,99.76,"102Y"
,10009,雲林縣,10009030,虎尾鎮,10009030-016,西屯里,332,231198,696,550,333,885,557.92,80.12,"102Y"
,10009,雲林縣,10009030,虎尾鎮,10009030-017,芳草里,171,90159,527,472,270,647,417.34,79.15,"102Y"
,10009,雲林縣,10009030,虎尾鎮,10009030-018,埒內里,624,428017,686,527,306,863,592.41,86.37,"102Y"
,10009,雲林縣,10009030,虎尾鎮,10009030-019,堀頭里,205,123700,603,442,244,752,584.88,96.93,"102Y"
,10009,雲林縣,10009030,虎尾鎮,10009030-020,安溪里,474,322739,681,537,314,907,532.54,78.21,"102Y"
,10009,雲林縣,10009030,虎尾鎮,10009030-021,興中里,380,241896,637,484,290,834,522.97,82.15,"102Y"
,10009,雲林縣,10009030,虎尾鎮,10009030-022,廉使里,729,521809,716,525,318,914,755.27,105.52,"102Y"
,10009,雲林縣,10009030,虎尾鎮,10009030-023,惠來里,510,296485,581,489,317,781,413.43,71.12,"102Y"
,10009,雲林縣,10009030,虎尾鎮,10009030-024,頂溪里,547,350286,640,514,329,774,544.2,84.98,"102Y"
,10009,雲林縣,10009030,虎尾鎮,10009030-025,中溪里,316,201642,638,505,305,800,518.59,81.27,"102Y"
,10009,雲林縣,10009030,虎尾鎮,10009030-026,下溪里,359,241055,671,518,282,871,590.35,87.92,"102Y"
,10009,雲林縣,10009030,虎尾鎮,10009030-027,建國里,105,68937,657,543,319,807,561.09,85.46,"102Y"
,10009,雲林縣,10009030,虎尾鎮,10009030-028,立仁里,1237,1023327,827,633,389,1097,663.65,80.22,"102Y"
,10009,雲林縣,10009030,虎尾鎮,10009030-029,東屯里,291,186634,641,516,326,838,516.74,80.57,"102Y"
X,10009,雲林縣,10009030,虎尾鎮,10009030-999,其他,0,0,0,0,0,0,0,0,"102Y"
,10009,雲林縣,10009040,西螺鎮,10009040-001,振興里,322,224193,696,543,302,869,834.91,119.92,"102Y"
,10009,雲林縣,10009040,西螺鎮,10009040-002,大園里,390,266321,683,544,295,904,589.05,86.26,"102Y"
,10009,雲林縣,10009040,西螺鎮,10009040-003,廣福里,553,408261,738,577,323,985,629.91,85.32,"102Y"
,10009,雲林縣,10009040,西螺鎮,10009040-004,正興里,781,574844,736,575,342,957,598.47,81.31,"102Y"
,10009,雲林縣,10009040,西螺鎮,10009040-005,永安里,99,57549,581,515,305,820,380.58,65.47,"102Y"
,10009,雲林縣,10009040,西螺鎮,10009040-006,中和里,161,120514,749,546,296,950,670.03,89.51,"102Y"
,10009,雲林縣,10009040,西螺鎮,10009040-007,福興里,145,100605,694,560,241,903,837.57,120.72,"102Y"
,10009,雲林縣,10009040,西螺鎮,10009040-008,光華里,260,206727,795,589,368,1036,683.18,85.92,"102Y"
,10009,雲林縣,10009040,西螺鎮,10009040-009,中興里,663,476936,719,568,302,934,609.52,84.73,"102Y"
,10009,雲林縣,10009040,西螺鎮,10009040-010,漢光里,1013,685553,677,543,334,882,562.56,83.13,"102Y"
,10009,雲林縣,10009040,西螺鎮,10009040-011,新安里,221,135314,612,523,289,831,463.38,75.68,"102Y"
,10009,雲林縣,10009040,西螺鎮,10009040-012,新豐里,260,165764,638,492,261,831,672.99,105.56,"102Y"
,10009,雲林縣,10009040,西螺鎮,10009040-013,詔安里,198,145945,737,540,329,971,640.69,86.92,"102Y"
,10009,雲林縣,10009040,西螺鎮,10009040-014,河南里,197,139268,707,544,300,807,631.43,89.32,"102Y"
,10009,雲林縣,10009040,西螺鎮,10009040-015,安定里,304,215906,710,556,352,852,606.46,85.39,"102Y"
,10009,雲林縣,10009040,西螺鎮,10009040-016,福田里,229,150236,656,513,314,795,616.78,94.01,"102Y"
,10009,雲林縣,10009040,西螺鎮,10009040-017,大新里,282,183025,649,542,300,809,526.24,81.08,"102Y"
,10009,雲林縣,10009040,西螺鎮,10009040-018,埤頭里,149,105565,708,516,329,850,592.93,83.69,"102Y"
,10009,雲林縣,10009040,西螺鎮,10009040-019,東興里,200,120925,605,501,294,735,485.81,80.35,"102Y"
,10009,雲林縣,10009040,西螺鎮,10009040-020,廣興里,178,145582,818,536,297,998,1202.28,147,"102Y"
,10009,雲林縣,10009040,西螺鎮,10009040-021,鹿場里,325,194244,598,491,295,758,520.43,87.08,"102Y"
,10009,雲林縣,10009040,西螺鎮,10009040-022,頂湳里,159,102558,645,507,281,860,521.83,80.9,"102Y"
,10009,雲林縣,10009040,西螺鎮,10009040-023,下湳里,135,89929,666,577,306,857,513.65,77.11,"102Y"
,10009,雲林縣,10009040,西螺鎮,10009040-024,九隆里,140,101333,724,582,319,916,557.53,77.03,"102Y"
,10009,雲林縣,10009040,西螺鎮,10009040-025,吳厝里,216,120272,557,467,262,687,456.1,81.91,"102Y"
,10009,雲林縣,10009040,西螺鎮,10009040-026,七座里,163,93140,571,500,314,715,402.24,70.39,"102Y"
,10009,雲林縣,10009040,西螺鎮,10009040-027,公?里,256,149522,584,494,289,790,429.25,73.49,"102Y"
X,10009,雲林縣,10009040,西螺鎮,10009040-999,其他,0,0,0,0,0,0,0,0,"102Y"
,10009,雲林縣,10009050,土庫鎮,10009050-001,忠正里,236,185859,788,641,368,932,674.56,85.65,"102Y"
,10009,雲林縣,10009050,土庫鎮,10009050-002,順天里,241,168189,698,496,319,850,630.37,90.33,"102Y"
,10009,雲林縣,10009050,土庫鎮,10009050-003,宮北里,375,279686,746,585,334,877,699.16,93.74,"102Y"
,10009,雲林縣,10009050,土庫鎮,10009050-004,越港里,288,209602,728,572,349,1000,532.77,73.2,"102Y"
,10009,雲林縣,10009050,土庫鎮,10009050-005,溪邊里,220,138601,630,518,312,874,485.46,77.06,"102Y"
,10009,雲林縣,10009050,土庫鎮,10009050-006,興新里,312,219474,703,506,298,884,673.16,95.7,"102Y"
,10009,雲林縣,10009050,土庫鎮,10009050-007,奮起里,221,146035,661,519,310,818,585.61,88.62,"102Y"
,10009,雲林縣,10009050,土庫鎮,10009050-008,埤腳里,243,153303,631,489,294,764,543.4,86.13,"102Y"
,10009,雲林縣,10009050,土庫鎮,10009050-009,大荖里,167,113545,680,446,295,841,658.49,96.85,"102Y"
,10009,雲林縣,10009050,土庫鎮,10009050-010,石廟里,624,459425,736,564,353,969,566.4,76.93,"102Y"
,10009,雲林縣,10009050,土庫鎮,10009050-011,東平里,374,256228,685,519,305,869,590.62,86.21,"102Y"
,10009,雲林縣,10009050,土庫鎮,10009050-012,南平里,367,237270,647,518,346,781,563.85,87.21,"102Y"
,10009,雲林縣,10009050,土庫鎮,10009050-013,北平里,207,146249,707,523,336,904,682.86,96.65,"102Y"
,10009,雲林縣,10009050,土庫鎮,10009050-014,西平里,373,239773,643,511,318,841,499.98,77.78,"102Y"
,10009,雲林縣,10009050,土庫鎮,10009050-015,後埔里,482,286059,593,450,279,756,497.07,83.76,"102Y"
,10009,雲林縣,10009050,土庫鎮,10009050-016,崙內里,260,163507,629,519,275,799,732.7,116.51,"102Y"
,10009,雲林縣,10009050,土庫鎮,10009050-017,新庄里,247,188084,761,515,325,770,1318.18,173.11,"102Y"
X,10009,雲林縣,10009050,土庫鎮,10009050-999,其他,0,0,0,0,0,0,0,0,"102Y"
,10009,雲林縣,10009060,北港鎮,10009060-001,東陽里,189,111099,588,442,277,800,492.66,83.81,"102Y"
,10009,雲林縣,10009060,北港鎮,10009060-002,光民里,148,98300,664,540,313,812,604.31,90.99,"102Y"
,10009,雲林縣,10009060,北港鎮,10009060-003,東華里,114,72279,634,446,255,803,569.67,89.85,"102Y"
,10009,雲林縣,10009060,北港鎮,10009060-004,南安里,227,167987,740,562,313,911,768.61,103.86,"102Y"
,10009,雲林縣,10009060,北港鎮,10009060-005,中和里,105,87206,831,535,325,958,967.02,116.43,"102Y"
,10009,雲林縣,10009060,北港鎮,10009060-006,義民里,113,74796,662,505,229,809,685.79,103.61,"102Y"
,10009,雲林縣,10009060,北港鎮,10009060-007,共榮里,129,94849,735,473,241,852,825.77,112.31,"102Y"
,10009,雲林縣,10009060,北港鎮,10009060-008,西勢里,261,179383,687,512,319,869,614.25,89.37,"102Y"
,10009,雲林縣,10009060,北港鎮,10009060-009,仁和里,151,121963,808,538,363,961,999.54,123.75,"102Y"
,10009,雲林縣,10009060,北港鎮,10009060-010,賜福里,96,58327,608,482,310,759,496.25,81.68,"102Y"
,10009,雲林縣,10009060,北港鎮,10009060-011,公?里,136,89232,656,434,299,792,554.4,84.5,"102Y"
,10009,雲林縣,10009060,北港鎮,10009060-012,大同里,352,248233,705,525,311,924,587.94,83.37,"102Y"
,10009,雲林縣,10009060,北港鎮,10009060-013,仁安里,128,96829,756,607,297,921,768.84,101.63,"102Y"
,10009,雲林縣,10009060,北港鎮,10009060-014,華勝里,1487,1120260,753,592,327,984,658.44,87.4,"102Y"
,10009,雲林縣,10009060,北港鎮,10009060-015,光復里,508,383704,755,612,342,984,595.19,78.8,"102Y"
,10009,雲林縣,10009060,北港鎮,10009060-016,新街里,1823,1399123,767,586,334,1018,626.2,81.59,"102Y"
,10009,雲林縣,10009060,北港鎮,10009060-017,劉厝里,278,184034,662,527,295,801,717.59,108.4,"102Y"
,10009,雲林縣,10009060,北港鎮,10009060-018,府番里,172,100245,583,497,287,685,472.68,81.1,"102Y"
,10009,雲林縣,10009060,北港鎮,10009060-019,草湖里,239,157272,658,477,273,832,648.7,98.58,"102Y"
,10009,雲林縣,10009060,北港鎮,10009060-020,溝皂里,191,118793,622,492,314,727,530.12,85.24,"102Y"
,10009,雲林縣,10009060,北港鎮,10009060-021,後溝里,185,123417,667,512,298,818,559.72,83.9,"102Y"
,10009,雲林縣,10009060,北港鎮,10009060-022,番溝里,139,81026,583,487,328,777,376.95,64.67,"102Y"
,10009,雲林縣,10009060,北港鎮,10009060-023,大北里,92,52753,573,427,277,714,577.7,100.75,"102Y"
,10009,雲林縣,10009060,北港鎮,10009060-024,好收里,319,193815,608,518,318,764,475.74,78.3,"102Y"
,10009,雲林縣,10009060,北港鎮,10009060-025,樹腳里,765,538782,704,531,316,882,637.08,90.46,"102Y"
,10009,雲林縣,10009060,北港鎮,10009060-026,扶朝里,170,95021,559,456,256,696,450.55,80.61,"102Y"
,10009,雲林縣,10009060,北港鎮,10009060-027,水埔里,86,61590,716,595,364,926,524.93,73.3,"102Y"
,10009,雲林縣,10009060,北港鎮,10009060-028,新厝里,88,45950,522,468,239,670,382.22,73.2,"102Y"
X,10009,雲林縣,10009060,北港鎮,10009060-999,其他,0,0,0,0,0,0,0,0,"102Y"
,10009,雲林縣,10009070,古坑鄉,10009070-001,水碓村,239,149856,627,516,313,762,486.49,77.59,"102Y"
,10009,雲林縣,10009070,古坑鄉,10009070-002,田心村,267,190653,714,564,322,971,567.98,79.54,"102Y"
,10009,雲林縣,10009070,古坑鄉,10009070-003,高林村,253,155370,614,489,295,804,481.52,78.41,"102Y"
,10009,雲林縣,10009070,古坑鄉,10009070-004,荷苞村,283,187491,663,540,320,863,510.83,77.1,"102Y"
,10009,雲林縣,10009070,古坑鄉,10009070-005,東和村,715,511555,715,527,326,894,672.95,94.06,"102Y"
,10009,雲林縣,10009070,古坑鄉,10009070-006,新庄村,277,175461,633,492,324,779,514.43,81.21,"102Y"
,10009,雲林縣,10009070,古坑鄉,10009070-007,棋盤村,417,271043,650,485,314,807,833.48,128.23,"102Y"
,10009,雲林縣,10009070,古坑鄉,10009070-008,華山村,121,68103,563,423,262,645,612.96,108.91,"102Y"
,10009,雲林縣,10009070,古坑鄉,10009070-009,華南村,48,35183,733,540,288,958,853.79,116.48,"102Y"
,10009,雲林縣,10009070,古坑鄉,10009070-010,永光村,431,285026,661,510,319,782,758.45,114.69,"102Y"
,10009,雲林縣,10009070,古坑鄉,10009070-011,桂林村,175,102178,584,469,277,781,446.56,76.48,"102Y"
,10009,雲林縣,10009070,古坑鄉,10009070-012,崁腳村,244,144450,592,463,274,823,460.41,77.77,"102Y"
,10009,雲林縣,10009070,古坑鄉,10009070-013,樟湖村,78,49964,641,462,248,819,572.13,89.32,"102Y"
,10009,雲林縣,10009070,古坑鄉,10009070-014,草嶺村,75,43821,584,490,276,704,494.47,84.63,"102Y"
,10009,雲林縣,10009070,古坑鄉,10009070-015,永昌村,470,307060,653,528,314,875,509.6,78,"102Y"
,10009,雲林縣,10009070,古坑鄉,10009070-016,麻園村,137,80858,590,462,278,767,496.05,84.05,"102Y"
,10009,雲林縣,10009070,古坑鄉,10009070-017,古坑村,554,359960,650,511,312,812,542.91,83.56,"102Y"
,10009,雲林縣,10009070,古坑鄉,10009070-018,朝陽村,545,388895,714,557,359,875,659.02,92.36,"102Y"
,10009,雲林縣,10009070,古坑鄉,10009070-019,西平村,335,225661,674,517,318,899,536.32,79.62,"102Y"
,10009,雲林縣,10009070,古坑鄉,10009070-020,湳仔村,143,90132,630,471,253,828,553.51,87.82,"102Y"
X,10009,雲林縣,10009070,古坑鄉,10009070-999,其他,0,0,0,0,0,0,0,0,"102Y"
,10009,雲林縣,10009080,大埤鄉,10009080-001,北和村,161,111862,695,536,330,874,611.72,88.04,"102Y"
,10009,雲林縣,10009080,大埤鄉,10009080-002,南和村,539,358100,664,497,329,845,561.78,84.56,"102Y"
,10009,雲林縣,10009080,大埤鄉,10009080-003,大德村,216,133439,618,480,316,796,508,82.23,"102Y"
,10009,雲林縣,10009080,大埤鄉,10009080-004,松竹村,200,121698,608,491,316,818,443.1,72.82,"102Y"
,10009,雲林縣,10009080,大埤鄉,10009080-005,尚義村,419,251213,600,459,272,781,607.88,101.39,"102Y"
,10009,雲林縣,10009080,大埤鄉,10009080-006,嘉興村,424,253401,598,453,298,754,488.12,81.67,"102Y"
,10009,雲林縣,10009080,大埤鄉,10009080-007,豐田村,400,248517,621,488,298,793,519.71,83.65,"102Y"
,10009,雲林縣,10009080,大埤鄉,10009080-008,三結村,274,167001,609,453,277,770,533.9,87.6,"102Y"
,10009,雲林縣,10009080,大埤鄉,10009080-009,吉田村,157,79492,506,395,241,668,445.79,88.05,"102Y"
,10009,雲林縣,10009080,大埤鄉,10009080-010,豐岡村,126,79044,627,494,323,825,480.65,76.62,"102Y"
,10009,雲林縣,10009080,大埤鄉,10009080-011,聯美村,223,131793,591,469,267,745,524.27,88.71,"102Y"
,10009,雲林縣,10009080,大埤鄉,10009080-012,怡然村,162,123449,762,481,310,919,883.71,115.97,"102Y"
,10009,雲林縣,10009080,大埤鄉,10009080-013,北鎮村,128,81533,637,497,342,827,524.77,82.38,"102Y"
,10009,雲林縣,10009080,大埤鄉,10009080-014,興安村,120,84903,708,568,326,900,541.08,76.47,"102Y"
,10009,雲林縣,10009080,大埤鄉,10009080-015,西鎮村,127,74870,590,445,271,752,504.66,85.6,"102Y"
X,10009,雲林縣,10009080,大埤鄉,10009080-999,其他,1,416,416,416,416,416,0,0,"102Y"
,10009,雲林縣,10009090,莿桐鄉,10009090-001,莿桐村,1061,729390,687,530,312,874,608.21,88.47,"102Y"
,10009,雲林縣,10009090,莿桐鄉,10009090-002,甘厝村,184,107044,582,455,280,728,477.36,82.05,"102Y"
,10009,雲林縣,10009090,莿桐鄉,10009090-003,甘西村,351,220589,628,478,300,756,557.73,88.75,"102Y"
,10009,雲林縣,10009090,莿桐鄉,10009090-004,興桐村,255,151783,595,496,313,729,544.72,91.51,"102Y"
,10009,雲林縣,10009090,莿桐鄉,10009090-005,義和村,203,168764,831,539,305,918,2073.08,249.36,"102Y"
,10009,雲林縣,10009090,莿桐鄉,10009090-006,埔子村,468,287121,614,483,287,787,514.15,83.81,"102Y"
,10009,雲林縣,10009090,莿桐鄉,10009090-007,大美村,773,535312,693,549,336,855,629.45,90.89,"102Y"
,10009,雲林縣,10009090,莿桐鄉,10009090-008,埔尾村,346,198298,573,467,293,704,462.82,80.75,"102Y"
,10009,雲林縣,10009090,莿桐鄉,10009090-009,饒平村,303,182505,602,453,274,750,549.01,91.15,"102Y"
,10009,雲林縣,10009090,莿桐鄉,10009090-010,興貴村,448,281209,628,470,305,770,872.03,138.93,"102Y"
,10009,雲林縣,10009090,莿桐鄉,10009090-011,四合村,375,238633,636,506,315,806,498.97,78.41,"102Y"
,10009,雲林縣,10009090,莿桐鄉,10009090-012,麻園村,302,182117,603,486,307,733,509.12,84.43,"102Y"
,10009,雲林縣,10009090,莿桐鄉,10009090-013,五華村,267,133800,501,418,259,678,368.11,73.46,"102Y"
,10009,雲林縣,10009090,莿桐鄉,10009090-014,六合村,435,251619,578,466,307,722,448.3,77.5,"102Y"
X,10009,雲林縣,10009090,莿桐鄉,10009090-999,其他,0,0,0,0,0,0,0,0,"102Y"
,10009,雲林縣,10009100,林內鄉,10009100-001,林南村,284,181901,640,506,328,788,518.82,81,"102Y"
,10009,雲林縣,10009100,林內鄉,10009100-002,林中村,1009,640633,635,496,329,791,522.96,82.37,"102Y"
,10009,雲林縣,10009100,林內鄉,10009100-003,林北村,552,323123,585,477,310,763,443.72,75.8,"102Y"
,10009,雲林縣,10009100,林內鄉,10009100-004,坪頂村,95,54431,573,429,273,562,734.33,128.16,"102Y"
,10009,雲林縣,10009100,林內鄉,10009100-005,林茂村,175,109598,626,540,321,832,412.57,65.88,"102Y"
,10009,雲林縣,10009100,林內鄉,10009100-006,九芎村,661,373268,565,479,306,730,389.03,68.89,"102Y"
,10009,雲林縣,10009100,林內鄉,10009100-007,湖本村,152,77220,508,413,303,569,380.29,74.86,"102Y"
,10009,雲林縣,10009100,林內鄉,10009100-008,烏塗村,313,172351,551,443,314,687,383.74,69.69,"102Y"
,10009,雲林縣,10009100,林內鄉,10009100-009,烏麻村,263,145696,554,439,286,700,448.75,81.01,"102Y"
,10009,雲林縣,10009100,林內鄉,10009100-010,重興村,433,266310,615,461,305,737,548.29,89.15,"102Y"
X,10009,雲林縣,10009100,林內鄉,10009100-999,其他,0,0,0,0,0,0,0,0,"102Y"
,10009,雲林縣,10009110,二崙鄉,10009110-001,崙東村,309,220940,715,507,320,894,646.17,90.37,"102Y"
,10009,雲林縣,10009110,二崙鄉,10009110-002,崙西村,342,252370,738,575,320,928,672.88,91.19,"102Y"
,10009,雲林縣,10009110,二崙鄉,10009110-003,來惠村,278,161414,581,442,261,790,506.05,87.16,"102Y"
,10009,雲林縣,10009110,二崙鄉,10009110-004,三和村,293,192917,658,544,292,793,657.35,99.84,"102Y"
,10009,雲林縣,10009110,二崙鄉,10009110-005,湳仔村,246,154885,630,498,342,772,460.09,73.07,"102Y"
,10009,雲林縣,10009110,二崙鄉,10009110-006,田尾村,358,231628,647,511,309,792,568.21,87.82,"102Y"
,10009,雲林縣,10009110,二崙鄉,10009110-007,定安村,153,96756,632,486,238,785,601.32,95.09,"102Y"
,10009,雲林縣,10009110,二崙鄉,10009110-008,大華村,135,94629,701,569,295,876,654.76,93.41,"102Y"
,10009,雲林縣,10009110,二崙鄉,10009110-009,義庄村,88,52544,597,531,306,820,394.5,66.07,"102Y"
,10009,雲林縣,10009110,二崙鄉,10009110-010,楊賢村,224,138223,617,500,296,785,471.49,76.41,"102Y"
,10009,雲林縣,10009110,二崙鄉,10009110-011,港後村,303,199134,657,522,328,827,511.81,77.88,"102Y"
,10009,雲林縣,10009110,二崙鄉,10009110-012,大義村,170,112399,661,557,312,900,483.36,73.11,"102Y"
,10009,雲林縣,10009110,二崙鄉,10009110-013,油車村,387,263789,682,561,343,930,489.92,71.87,"102Y"
,10009,雲林縣,10009110,二崙鄉,10009110-014,大庄村,196,125456,640,536,281,822,514.3,80.35,"102Y"
,10009,雲林縣,10009110,二崙鄉,10009110-015,庄西村,155,91780,592,486,254,730,590.06,99.65,"102Y"
,10009,雲林縣,10009110,二崙鄉,10009110-016,大同村,132,92472,701,559,311,879,603.83,86.19,"102Y"
,10009,雲林縣,10009110,二崙鄉,10009110-017,復興村,158,98806,625,509,269,814,505.31,80.8,"102Y"
,10009,雲林縣,10009110,二崙鄉,10009110-018,永定村,245,164346,671,540,319,840,536.42,79.97,"102Y"
X,10009,雲林縣,10009110,二崙鄉,10009110-999,其他,0,0,0,0,0,0,0,0,"102Y"
,10009,雲林縣,10009120,崙背鄉,10009120-001,東明村,256,182067,711,543,297,871,621.9,87.44,"102Y"
,10009,雲林縣,10009120,崙背鄉,10009120-002,西榮村,317,195016,615,491,266,815,632.99,102.89,"102Y"
,10009,雲林縣,10009120,崙背鄉,10009120-003,南陽村,640,467144,730,587,332,917,646.65,88.59,"102Y"
,10009,雲林縣,10009120,崙背鄉,10009120-004,崙前村,425,302510,712,558,351,913,584.65,82.14,"102Y"
,10009,雲林縣,10009120,崙背鄉,10009120-005,羅厝村,408,279296,685,497,281,821,1075.48,157.11,"102Y"
,10009,雲林縣,10009120,崙背鄉,10009120-006,港尾村,240,150079,625,480,290,827,494.87,79.14,"102Y"
,10009,雲林縣,10009120,崙背鄉,10009120-007,阿勸村,351,218124,621,500,304,783,541.46,87.13,"102Y"
,10009,雲林縣,10009120,崙背鄉,10009120-008,五魁村,173,119739,692,564,357,902,585.25,84.56,"102Y"
,10009,雲林縣,10009120,崙背鄉,10009120-009,大有村,287,187110,652,516,322,865,515.1,79.01,"102Y"
,10009,雲林縣,10009120,崙背鄉,10009120-010,豐榮村,351,232832,663,539,333,886,483.48,72.89,"102Y"
,10009,雲林縣,10009120,崙背鄉,10009120-011,草湖村,250,138458,554,448,264,763,446.8,80.67,"102Y"
,10009,雲林縣,10009120,崙背鄉,10009120-012,舊庄村,183,102678,561,476,289,751,405.49,72.27,"102Y"
,10009,雲林縣,10009120,崙背鄉,10009120-013,水尾村,206,125484,609,506,278,776,508.05,83.4,"102Y"
,10009,雲林縣,10009120,崙背鄉,10009120-014,枋南村,147,91594,623,467,292,770,580.26,93.13,"102Y"
X,10009,雲林縣,10009120,崙背鄉,10009120-999,其他,0,0,0,0,0,0,0,0,"102Y"
,10009,雲林縣,10009130,麥寮鄉,10009130-001,麥津村,866,631624,729,609,341,972,555.6,76.18,"102Y"
,10009,雲林縣,10009130,麥寮鄉,10009130-002,麥豐村,1584,1215679,767,634,343,1009,615.59,80.21,"102Y"
,10009,雲林縣,10009130,麥寮鄉,10009130-003,瓦�虴�,346,252297,729,584,340,952,620.73,85.13,"102Y"
,10009,雲林縣,10009130,麥寮鄉,10009130-004,興華村,443,289598,654,511,299,873,548.08,83.84,"102Y"
,10009,雲林縣,10009130,麥寮鄉,10009130-005,崙後村,446,308942,693,572,335,912,538.03,77.67,"102Y"
,10009,雲林縣,10009130,麥寮鄉,10009130-006,後安村,567,386301,681,537,289,868,677.01,99.37,"102Y"
,10009,雲林縣,10009130,麥寮鄉,10009130-007,海豐村,401,280042,698,552,304,914,651.41,93.28,"102Y"
,10009,雲林縣,10009130,麥寮鄉,10009130-008,三盛村,683,500826,733,569,327,955,711.53,97.04,"102Y"
,10009,雲林縣,10009130,麥寮鄉,10009130-009,橋頭村,851,600411,706,578,335,938,581.84,82.47,"102Y"
,10009,雲林縣,10009130,麥寮鄉,10009130-010,新吉村,202,122678,607,532,304,797,434.72,71.58,"102Y"
,10009,雲林縣,10009130,麥寮鄉,10009130-011,施厝村,658,495264,753,648,353,964,583.45,77.52,"102Y"
,10009,雲林縣,10009130,麥寮鄉,10009130-012,雷厝村,343,223778,652,503,305,810,582.53,89.29,"102Y"
X,10009,雲林縣,10009130,麥寮鄉,10009130-999,其他,1,327,327,327,327,327,0,0,"102Y"
,10009,雲林縣,10009140,東勢鄉,10009140-001,東南村,343,261496,762,585,346,886,716.92,94.04,"102Y"
,10009,雲林縣,10009140,東勢鄉,10009140-002,東北村,308,209309,680,540,342,908,561.5,82.63,"102Y"
,10009,雲林縣,10009140,東勢鄉,10009140-003,嘉隆村,293,223348,762,572,331,957,1395.09,183.01,"102Y"
,10009,雲林縣,10009140,東勢鄉,10009140-004,復興村,102,66177,649,522,303,850,489.81,75.49,"102Y"
,10009,雲林縣,10009140,東勢鄉,10009140-005,月眉村,234,161181,689,514,313,825,753.69,109.42,"102Y"
,10009,雲林縣,10009140,東勢鄉,10009140-006,程海村,79,47418,600,456,294,828,463.64,77.24,"102Y"
,10009,雲林縣,10009140,東勢鄉,10009140-007,龍潭村,110,66492,604,442,255,802,527.11,87.2,"102Y"
,10009,雲林縣,10009140,東勢鄉,10009140-008,安南村,165,95399,578,474,307,773,433.48,74.97,"102Y"
,10009,雲林縣,10009140,東勢鄉,10009140-009,昌南村,180,111127,617,509,311,750,507.04,82.13,"102Y"
,10009,雲林縣,10009140,東勢鄉,10009140-010,同安村,365,209956,575,446,271,737,496.32,86.28,"102Y"
,10009,雲林縣,10009140,東勢鄉,10009140-011,新坤村,209,112245,537,470,268,748,369.06,68.72,"102Y"
,10009,雲林縣,10009140,東勢鄉,10009140-012,四美村,168,102977,613,419,293,781,571.09,93.17,"102Y"
X,10009,雲林縣,10009140,東勢鄉,10009140-999,其他,0,0,0,0,0,0,0,0,"102Y"
,10009,雲林縣,10009150,褒忠鄉,10009150-001,中民村,496,367055,740,555,315,897,924.56,124.94,"102Y"
,10009,雲林縣,10009150,褒忠鄉,10009150-002,埔姜村,343,230613,672,563,330,889,580.87,86.4,"102Y"
,10009,雲林縣,10009150,褒忠鄉,10009150-003,中勝村,320,238605,746,576,339,984,672.97,90.25,"102Y"
,10009,雲林縣,10009150,褒忠鄉,10009150-004,新湖村,213,135411,636,523,307,805,487.89,76.74,"102Y"
,10009,雲林縣,10009150,褒忠鄉,10009150-005,馬鳴村,301,222327,739,562,318,940,672.42,91.04,"102Y"
,10009,雲林縣,10009150,褒忠鄉,10009150-006,有才村,189,106896,566,464,304,691,423.86,74.94,"102Y"
,10009,雲林縣,10009150,褒忠鄉,10009150-007,田洋村,159,88801,558,447,261,775,439.84,78.75,"102Y"
,10009,雲林縣,10009150,褒忠鄉,10009150-008,龍岩村,220,119076,541,469,263,729,408.81,75.53,"102Y"
,10009,雲林縣,10009150,褒忠鄉,10009150-009,潮厝村,157,106053,675,519,344,767,651.78,96.49,"102Y"
X,10009,雲林縣,10009150,褒忠鄉,10009150-999,其他,0,0,0,0,0,0,0,0,"102Y"
,10009,雲林縣,10009160,臺西鄉,10009160-001,台西村,299,209835,702,583,328,903,525.93,74.94,"102Y"
,10009,雲林縣,10009160,臺西鄉,10009160-002,海北村,215,147715,687,584,342,923,524.8,76.38,"102Y"
,10009,雲林縣,10009160,臺西鄉,10009160-003,海南村,230,148629,646,548,307,839,560,86.66,"102Y"
,10009,雲林縣,10009160,臺西鄉,10009160-004,海口村,366,245789,672,544,315,832,564.47,84.05,"102Y"
,10009,雲林縣,10009160,臺西鄉,10009160-005,溪頂村,223,140600,630,466,271,717,705.16,111.84,"102Y"
,10009,雲林縣,10009160,臺西鄉,10009160-006,牛厝村,265,157567,595,451,306,732,491.17,82.61,"102Y"
,10009,雲林縣,10009160,臺西鄉,10009160-007,泉州村,111,74151,668,551,390,814,512.87,76.77,"102Y"
,10009,雲林縣,10009160,臺西鄉,10009160-008,光華村,152,88721,584,506,305,784,393.82,67.47,"102Y"
,10009,雲林縣,10009160,臺西鄉,10009160-009,五榔村,86,62941,732,561,413,820,665.87,90.98,"102Y"
,10009,雲林縣,10009160,臺西鄉,10009160-010,山寮村,140,83132,594,497,313,703,506.93,85.37,"102Y"
,10009,雲林縣,10009160,臺西鄉,10009160-011,富琦村,328,202701,618,502,289,834,493.77,79.9,"102Y"
,10009,雲林縣,10009160,臺西鄉,10009160-012,永豐村,289,180609,625,522,282,826,493.02,78.89,"102Y"
,10009,雲林縣,10009160,臺西鄉,10009160-013,和豐村,523,339412,649,563,314,825,561.56,86.53,"102Y"
,10009,雲林縣,10009160,臺西鄉,10009160-014,蚊港村,344,216428,629,539,327,832,428.92,68.17,"102Y"
,10009,雲林縣,10009160,臺西鄉,10009160-015,五港村,317,197567,623,535,319,813,456.5,73.25,"102Y"
X,10009,雲林縣,10009160,臺西鄉,10009160-999,其他,0,0,0,0,0,0,0,0,"102Y"
,10009,雲林縣,10009170,元長鄉,10009170-001,長南村,794,535919,675,511,315,815,642.73,95.22,"102Y"
,10009,雲林縣,10009170,元長鄉,10009170-002,長北村,336,204346,608,502,300,734,497.23,81.76,"102Y"
,10009,雲林縣,10009170,元長鄉,10009170-003,子茂村,267,171712,643,528,317,862,485.74,75.53,"102Y"
,10009,雲林縣,10009170,元長鄉,10009170-004,後湖村,116,77317,667,525,301,839,534.67,80.22,"102Y"
,10009,雲林縣,10009170,元長鄉,10009170-005,山內村,179,109113,610,459,279,781,516.46,84.73,"102Y"
,10009,雲林縣,10009170,元長鄉,10009170-006,合和村,191,112232,588,466,284,750,460.79,78.42,"102Y"
,10009,雲林縣,10009170,元長鄉,10009170-007,五塊村,193,115811,600,468,281,729,552.79,92.12,"102Y"
,10009,雲林縣,10009170,元長鄉,10009170-008,潭西村,149,86115,578,521,316,812,408.86,70.74,"102Y"
,10009,雲林縣,10009170,元長鄉,10009170-009,潭東村,101,55300,548,396,268,609,537.6,98.19,"102Y"
,10009,雲林縣,10009170,元長鄉,10009170-010,客厝村,178,108123,607,461,266,787,535.16,88.1,"102Y"
,10009,雲林縣,10009170,元長鄉,10009170-011,卓運村,65,45649,702,528,324,873,632.91,90.12,"102Y"
,10009,雲林縣,10009170,元長鄉,10009170-012,頂寮村,254,147469,581,478,275,746,437.23,75.31,"102Y"
,10009,雲林縣,10009170,元長鄉,10009170-013,下寮村,276,183895,666,511,311,857,584.75,87.76,"102Y"
,10009,雲林縣,10009170,元長鄉,10009170-014,龍岩村,172,113103,658,498,304,818,627.14,95.37,"102Y"
,10009,雲林縣,10009170,元長鄉,10009170-015,西莊村,156,89717,575,474,290,702,488.53,84.95,"102Y"
,10009,雲林縣,10009170,元長鄉,10009170-016,鹿北村,213,124971,587,479,298,742,432.8,73.77,"102Y"
,10009,雲林縣,10009170,元長鄉,10009170-017,鹿南村,132,73536,557,433,288,676,449.08,80.61,"102Y"
,10009,雲林縣,10009170,元長鄉,10009170-018,瓦�虴�,256,157742,616,452,274,760,628.54,102.01,"102Y"
,10009,雲林縣,10009170,元長鄉,10009170-019,內寮村,99,63115,638,547,307,831,515.75,80.9,"102Y"
,10009,雲林縣,10009170,元長鄉,10009170-020,崙仔村,114,68757,603,476,247,812,549.1,91.04,"102Y"
,10009,雲林縣,10009170,元長鄉,10009170-021,新吉村,132,79958,606,481,300,683,531.84,87.8,"102Y"
X,10009,雲林縣,10009170,元長鄉,10009170-999,其他,0,0,0,0,0,0,0,0,"102Y"
,10009,雲林縣,10009180,四湖鄉,10009180-001,四湖村,373,261224,700,555,330,916,545.49,77.89,"102Y"
,10009,雲林縣,10009180,四湖鄉,10009180-002,新庄村,105,67947,647,480,306,782,510,78.81,"102Y"
,10009,雲林縣,10009180,四湖鄉,10009180-003,溪底村,200,122654,613,531,288,806,439.66,71.69,"102Y"
,10009,雲林縣,10009180,四湖鄉,10009180-004,鹿場村,178,102491,576,441,275,747,474.33,82.38,"102Y"
,10009,雲林縣,10009180,四湖鄉,10009180-005,湖西村,534,406158,761,540,314,901,1864.26,245.11,"102Y"
,10009,雲林縣,10009180,四湖鄉,10009180-006,施湖村,213,128951,605,493,305,844,449.71,74.28,"102Y"
,10009,雲林縣,10009180,四湖鄉,10009180-007,湖寮村,165,108443,657,567,317,904,470.8,71.63,"102Y"
,10009,雲林縣,10009180,四湖鄉,10009180-008,蔡厝村,145,144088,994,552,357,849,3121.63,314.14,"102Y"
,10009,雲林縣,10009180,四湖鄉,10009180-009,飛沙村,194,124084,640,492,283,820,601.67,94.07,"102Y"
,10009,雲林縣,10009180,四湖鄉,10009180-010,三姓村,79,45833,580,512,276,836,379.23,65.37,"102Y"
,10009,雲林縣,10009180,四湖鄉,10009180-011,內湖村,148,84971,574,483,252,795,470.4,81.93,"102Y"
,10009,雲林縣,10009180,四湖鄉,10009180-012,羊調村,187,117665,629,466,291,725,585.09,92.99,"102Y"
,10009,雲林縣,10009180,四湖鄉,10009180-013,崙北村,297,180510,608,520,284,844,499.34,82.16,"102Y"
,10009,雲林縣,10009180,四湖鄉,10009180-014,崙南村,132,78124,592,490,306,711,485.51,82.03,"102Y"
,10009,雲林縣,10009180,四湖鄉,10009180-015,廣溝村,136,86388,635,462,323,784,602.46,94.84,"102Y"
,10009,雲林縣,10009180,四湖鄉,10009180-016,箔子村,151,97287,644,534,293,768,589.22,91.45,"102Y"
,10009,雲林縣,10009180,四湖鄉,10009180-017,林厝村,183,117440,642,504,314,829,521.21,81.22,"102Y"
,10009,雲林縣,10009180,四湖鄉,10009180-018,林東村,178,113198,636,498,321,759,557.96,87.74,"102Y"
,10009,雲林縣,10009180,四湖鄉,10009180-019,溪尾村,114,72136,633,479,274,861,480.6,75.95,"102Y"
,10009,雲林縣,10009180,四湖鄉,10009180-020,飛東村,125,73404,587,518,314,822,360.62,61.41,"102Y"
,10009,雲林縣,10009180,四湖鄉,10009180-021,箔東村,175,104746,599,489,280,778,448.82,74.98,"102Y"
X,10009,雲林縣,10009180,四湖鄉,10009180-999,其他,0,0,0,0,0,0,0,0,"102Y"
,10009,雲林縣,10009190,口湖鄉,10009190-001,湖東村,260,160957,619,479,274,823,542.87,87.69,"102Y"
,10009,雲林縣,10009190,口湖鄉,10009190-002,口湖村,279,172654,619,512,306,793,472.02,76.28,"102Y"
,10009,雲林縣,10009190,口湖鄉,10009190-003,頂湖村,126,79467,631,515,255,784,590.57,93.64,"102Y"
,10009,雲林縣,10009190,口湖鄉,10009190-004,埔北村,158,100188,634,471,300,771,554.94,87.52,"102Y"
,10009,雲林縣,10009190,口湖鄉,10009190-005,埔南村,145,84813,585,459,265,771,502.88,85.97,"102Y"
,10009,雲林縣,10009190,口湖鄉,10009190-006,謝厝村,200,100581,503,399,240,649,390.05,77.56,"102Y"
,10009,雲林縣,10009190,口湖鄉,10009190-007,蚵寮村,229,151999,664,454,277,729,903.8,136.17,"102Y"
,10009,雲林縣,10009190,口湖鄉,10009190-008,下崙村,411,233125,567,467,282,736,454.59,80.14,"102Y"
,10009,雲林縣,10009190,口湖鄉,10009190-009,崙中村,321,191496,597,471,257,778,564.49,94.62,"102Y"
,10009,雲林縣,10009190,口湖鄉,10009190-010,崙東村,330,191025,579,465,291,726,469.81,81.16,"102Y"
,10009,雲林縣,10009190,口湖鄉,10009190-011,青蚶村,101,56692,561,458,291,747,416.88,74.27,"102Y"
,10009,雲林縣,10009190,口湖鄉,10009190-012,港東村,258,141343,548,425,230,696,525.1,95.85,"102Y"
,10009,雲林縣,10009190,口湖鄉,10009190-013,港西村,140,86013,614,445,275,734,602.06,97.99,"102Y"
,10009,雲林縣,10009190,口湖鄉,10009190-014,台子村,284,153665,541,469,293,712,429.44,79.37,"102Y"
,10009,雲林縣,10009190,口湖鄉,10009190-015,成龍村,144,88601,615,474,289,796,527.92,85.8,"102Y"
,10009,雲林縣,10009190,口湖鄉,10009190-016,湖口村,170,97670,575,455,257,773,462.27,80.46,"102Y"
,10009,雲林縣,10009190,口湖鄉,10009190-017,水井村,158,78824,499,390,210,663,432.54,86.7,"102Y"
,10009,雲林縣,10009190,口湖鄉,10009190-018,後厝村,119,71317,599,469,253,802,555.54,92.7,"102Y"
,10009,雲林縣,10009190,口湖鄉,10009190-019,梧南村,315,177566,564,506,286,784,405.62,71.96,"102Y"
,10009,雲林縣,10009190,口湖鄉,10009190-020,梧北村,194,110622,570,463,289,725,440.3,77.22,"102Y"
,10009,雲林縣,10009190,口湖鄉,10009190-021,過港村,97,50972,525,418,300,641,413.31,78.65,"102Y"
X,10009,雲林縣,10009190,口湖鄉,10009190-999,其他,0,0,0,0,0,0,0,0,"102Y"
,10009,雲林縣,10009200,水林鄉,10009200-001,水北村,495,345823,699,535,315,903,637.53,91.25,"102Y"
,10009,雲林縣,10009200,水林鄉,10009200-002,水南村,432,278789,645,515,295,834,526.3,81.55,"102Y"
,10009,雲林縣,10009200,水林鄉,10009200-003,海埔村,138,76169,552,448,251,683,478.23,86.64,"102Y"
,10009,雲林縣,10009200,水林鄉,10009200-004,土厝村,235,146153,622,513,305,759,529.42,85.13,"102Y"
,10009,雲林縣,10009200,水林鄉,10009200-005,春埔村,182,109970,604,490,283,829,472.05,78.12,"102Y"
,10009,雲林縣,10009200,水林鄉,10009200-006,西井村,121,70734,585,457,272,812,524.01,89.64,"102Y"
,10009,雲林縣,10009200,水林鄉,10009200-007,車港村,77,49644,645,558,341,754,478.61,74.24,"102Y"
,10009,雲林縣,10009200,水林鄉,10009200-008,蘇秦村,190,132679,698,545,287,927,606.47,86.85,"102Y"
,10009,雲林縣,10009200,水林鄉,10009200-009,灣東村,127,77991,614,488,280,843,483.18,78.68,"102Y"
,10009,雲林縣,10009200,水林鄉,10009200-010,灣西村,146,92200,632,448,284,736,576.33,91.26,"102Y"
,10009,雲林縣,10009200,水林鄉,10009200-011,萬興村,122,65608,538,453,257,647,533.85,99.27,"102Y"
,10009,雲林縣,10009200,水林鄉,10009200-012,尖山村,128,77747,607,502,277,820,458.25,75.44,"102Y"
,10009,雲林縣,10009200,水林鄉,10009200-013,大山村,169,97807,579,433,271,747,520.11,89.87,"102Y"
,10009,雲林縣,10009200,水林鄉,10009200-014,大溝村,146,93013,637,591,331,816,415.53,65.23,"102Y"
,10009,雲林縣,10009200,水林鄉,10009200-015,順興村,138,80704,585,507,299,717,466.36,79.74,"102Y"
,10009,雲林縣,10009200,水林鄉,10009200-016,蕃薯村,159,87344,549,459,270,701,477.47,86.92,"102Y"
,10009,雲林縣,10009200,水林鄉,10009200-017,山腳村,152,84394,555,495,323,694,382.34,68.86,"102Y"
,10009,雲林縣,10009200,水林鄉,10009200-018,松北村,181,133198,736,503,275,918,744.83,101.21,"102Y"
,10009,雲林縣,10009200,水林鄉,10009200-019,松中村,88,51010,580,527,328,708,425.2,73.35,"102Y"
,10009,雲林縣,10009200,水林鄉,10009200-020,松西村,111,67331,607,505,327,761,436.49,71.96,"102Y"
,10009,雲林縣,10009200,水林鄉,10009200-021,?埔村,107,64111,599,466,284,774,560.62,93.57,"102Y"
,10009,雲林縣,10009200,水林鄉,10009200-022,塭底村,110,61809,562,459,300,739,442.28,78.71,"102Y"
,10009,雲林縣,10009200,水林鄉,10009200-023,後寮村,118,71626,607,507,259,782,473.39,77.99,"102Y"
,10009,雲林縣,10009200,水林鄉,10009200-024,溪墘村,124,66115,533,417,256,742,415.43,77.91,"102Y"
X,10009,雲林縣,10009200,水林鄉,10009200-999,其他,0,0,0,0,0,0,0,0,"102Y"
,10010,嘉義縣,10010010,太保市,10010010-001,太保里,607,478144,788,586,347,993,709.6,90.08,"102Y"
,10010,嘉義縣,10010010,太保市,10010010-002,後庄里,107,73796,690,514,364,763,726.58,105.35,"102Y"
,10010,嘉義縣,10010010,太保市,10010010-003,前潭里,292,196077,671,478,296,740,827.15,123.18,"102Y"
,10010,嘉義縣,10010010,太保市,10010010-004,後潭里,341,235867,692,542,327,865,547.97,79.22,"102Y"
,10010,嘉義縣,10010010,太保市,10010010-005,梅埔里,216,138385,641,468,270,751,749.44,116.98,"102Y"
,10010,嘉義縣,10010010,太保市,10010010-006,春珠里,205,137896,673,527,334,813,547.14,81.34,"102Y"
,10010,嘉義縣,10010010,太保市,10010010-007,崙頂里,202,149381,740,592,306,910,675.03,91.28,"102Y"
,10010,嘉義縣,10010010,太保市,10010010-008,東勢里,452,494999,1095,816,440,1326,1161.48,106.06,"102Y"
,10010,嘉義縣,10010010,太保市,10010010-009,新埤里,270,195508,724,529,326,905,615.94,85.06,"102Y"
,10010,嘉義縣,10010010,太保市,10010010-010,舊埤里,517,360335,697,602,331,972,490.44,70.37,"102Y"
,10010,嘉義縣,10010010,太保市,10010010-011,田尾里,142,110383,777,654,341,1037,631.62,81.25,"102Y"
,10010,嘉義縣,10010010,太保市,10010010-012,港尾里,114,72993,640,500,294,867,490.33,76.58,"102Y"
,10010,嘉義縣,10010010,太保市,10010010-013,過溝里,844,655975,777,623,365,1011,620.48,79.83,"102Y"
,10010,嘉義縣,10010010,太保市,10010010-014,麻寮里,1087,815911,751,636,372,1008,555.11,73.95,"102Y"
,10010,嘉義縣,10010010,太保市,10010010-015,南新里,414,291006,703,503,298,803,764.41,108.75,"102Y"
,10010,嘉義縣,10010010,太保市,10010010-016,北新里,688,488128,709,575,334,884,740.72,104.4,"102Y"
,10010,嘉義縣,10010010,太保市,10010010-017,埤鄉里,148,96931,655,522,296,852,539.9,82.44,"102Y"
,10010,嘉義縣,10010010,太保市,10010010-018,安仁里,705,707055,1003,817,438,1379,809.45,80.71,"102Y"
X,10010,嘉義縣,10010010,太保市,10010010-999,其他,0,0,0,0,0,0,0,0,"102Y"
,10010,嘉義縣,10010020,朴子市,10010020-001,安福里,501,376338,751,612,347,1000,576.45,76.74,"102Y"
,10010,嘉義縣,10010020,朴子市,10010020-002,平和里,667,560433,840,665,374,1041,745.04,88.67,"102Y"
,10010,嘉義縣,10010020,朴子市,10010020-003,內厝里,265,186350,703,568,336,941,504.95,71.81,"102Y"
,10010,嘉義縣,10010020,朴子市,10010020-004,開元里,127,93226,734,598,335,916,534.73,72.85,"102Y"
,10010,嘉義縣,10010020,朴子市,10010020-005,順天里,160,127019,794,596,315,958,940.02,118.41,"102Y"
,10010,嘉義縣,10010020,朴子市,10010020-006,中正里,190,132746,699,523,245,908,684.21,97.93,"102Y"
,10010,嘉義縣,10010020,朴子市,10010020-007,博厚里,191,147117,770,606,350,947,661.34,85.86,"102Y"
,10010,嘉義縣,10010020,朴子市,10010020-008,文化里,527,396726,753,594,319,972,648.59,86.16,"102Y"
,10010,嘉義縣,10010020,朴子市,10010020-009,永和里,602,387819,644,519,304,844,510.03,79.17,"102Y"
,10010,嘉義縣,10010020,朴子市,10010020-010,竹圍里,1241,966286,779,581,328,1032,689.57,88.56,"102Y"
,10010,嘉義縣,10010020,朴子市,10010020-011,新寮里,133,70419,529,410,243,674,436.74,82.49,"102Y"
,10010,嘉義縣,10010020,朴子市,10010020-012,?溪里,121,75114,621,480,340,726,488.67,78.72,"102Y"
,10010,嘉義縣,10010020,朴子市,10010020-013,溪口里,151,89334,592,455,319,709,444.61,75.15,"102Y"
,10010,嘉義縣,10010020,朴子市,10010020-014,德興里,240,156551,652,502,353,819,479.29,73.48,"102Y"
,10010,嘉義縣,10010020,朴子市,10010020-015,仁和里,594,769332,1295,872,550,1492,1782.83,137.65,"102Y"
,10010,嘉義縣,10010020,朴子市,10010020-016,大鄉里,750,525139,700,535,318,904,565.06,80.7,"102Y"
,10010,嘉義縣,10010020,朴子市,10010020-017,大葛里,751,651532,868,700,369,1153,713.51,82.24,"102Y"
,10010,嘉義縣,10010020,朴子市,10010020-018,佳禾里,123,69074,562,442,265,744,444.67,79.18,"102Y"
,10010,嘉義縣,10010020,朴子市,10010020-019,竹村里,210,137457,655,513,317,782,600.98,91.81,"102Y"
,10010,嘉義縣,10010020,朴子市,10010020-020,崁前里,147,81466,554,441,276,704,433.05,78.14,"102Y"
,10010,嘉義縣,10010020,朴子市,10010020-021,順安里,38,17183,452,395,259,599,294.25,65.07,"102Y"
,10010,嘉義縣,10010020,朴子市,10010020-022,崁後里,114,65734,577,455,295,828,407.64,70.7,"102Y"
,10010,嘉義縣,10010020,朴子市,10010020-023,德家里,122,68455,561,471,298,646,432.16,77.02,"102Y"
,10010,嘉義縣,10010020,朴子市,10010020-024,新庄里,131,83070,634,550,342,806,424.99,67.02,"102Y"
,10010,嘉義縣,10010020,朴子市,10010020-025,梅華里,169,100731,596,480,287,693,557.19,93.48,"102Y"
,10010,嘉義縣,10010020,朴子市,10010020-026,松華里,205,132537,647,485,281,837,587.4,90.86,"102Y"
,10010,嘉義縣,10010020,朴子市,10010020-027,南竹里,89,56473,635,478,275,913,495.98,78.16,"102Y"
X,10010,嘉義縣,10010020,朴子市,10010020-999,其他,0,0,0,0,0,0,0,0,"102Y"
,10010,嘉義縣,10010030,布袋鎮,10010030-001,岱江里,100,56055,561,503,344,740,337.67,60.24,"102Y"
,10010,嘉義縣,10010030,布袋鎮,10010030-002,九龍里,75,53593,715,509,275,816,802.25,112.27,"102Y"
,10010,嘉義縣,10010030,布袋鎮,10010030-003,岑海里,384,273201,711,560,379,889,579.8,81.49,"102Y"
,10010,嘉義縣,10010030,布袋鎮,10010030-004,興中里,248,157328,634,536,377,822,426.73,67.27,"102Y"
,10010,嘉義縣,10010030,布袋鎮,10010030-005,光復里,348,253766,729,580,327,947,608.69,83.47,"102Y"
,10010,嘉義縣,10010030,布袋鎮,10010030-006,見龍里,193,119692,620,478,320,745,556.35,89.71,"102Y"
,10010,嘉義縣,10010030,布袋鎮,10010030-007,新厝里,180,124870,694,589,376,860,484.73,69.87,"102Y"
,10010,嘉義縣,10010030,布袋鎮,10010030-008,龍江里,170,114558,674,596,374,887,423.74,62.88,"102Y"
,10010,嘉義縣,10010030,布袋鎮,10010030-009,新岑里,216,124702,577,491,352,656,406.74,70.45,"102Y"
,10010,嘉義縣,10010030,布袋鎮,10010030-010,新民里,216,141919,657,500,337,819,533.12,81.14,"102Y"
,10010,嘉義縣,10010030,布袋鎮,10010030-011,復興里,435,293682,675,525,334,791,622.14,92.15,"102Y"
,10010,嘉義縣,10010030,布袋鎮,10010030-012,好美里,199,103434,520,418,255,659,426.47,82.05,"102Y"
,10010,嘉義縣,10010030,布袋鎮,10010030-013,永安里,241,146485,608,498,321,842,413.15,67.97,"102Y"
,10010,嘉義縣,10010030,布袋鎮,10010030-014,東港里,444,297993,671,547,315,817,599.17,89.27,"102Y"
,10010,嘉義縣,10010030,布袋鎮,10010030-015,江山里,52,31175,600,562,366,678,365.68,61,"102Y"
,10010,嘉義縣,10010030,布袋鎮,10010030-016,菜舖里,79,48306,611,513,328,818,420.38,68.75,"102Y"
,10010,嘉義縣,10010030,布袋鎮,10010030-017,考試里,51,36099,708,533,293,856,668.88,94.5,"102Y"
,10010,嘉義縣,10010030,布袋鎮,10010030-018,振寮里,160,113882,712,531,359,920,615.08,86.42,"102Y"
,10010,嘉義縣,10010030,布袋鎮,10010030-019,西安里,186,125855,677,527,311,855,547.38,80.9,"102Y"
,10010,嘉義縣,10010030,布袋鎮,10010030-020,東安里,199,122717,617,481,291,751,547.26,88.74,"102Y"
,10010,嘉義縣,10010030,布袋鎮,10010030-021,中安里,252,161054,639,508,309,821,537.82,84.15,"102Y"
,10010,嘉義縣,10010030,布袋鎮,10010030-022,樹林里,87,52720,606,470,275,838,525.42,86.71,"102Y"
,10010,嘉義縣,10010030,布袋鎮,10010030-023,貴舍里,103,66324,644,523,303,880,455.58,70.75,"102Y"
X,10010,嘉義縣,10010030,布袋鎮,10010030-999,其他,0,0,0,0,0,0,0,0,"102Y"
,10010,嘉義縣,10010040,大林鎮,10010040-001,東林里,157,121655,775,583,313,1018,956.12,123.39,"102Y"
,10010,嘉義縣,10010040,大林鎮,10010040-002,西林里,558,397275,712,544,330,908,606.47,85.18,"102Y"
,10010,嘉義縣,10010040,大林鎮,10010040-003,吉林里,265,182969,690,510,273,866,629.58,91.18,"102Y"
,10010,嘉義縣,10010040,大林鎮,10010040-004,平林里,1558,1228919,789,578,339,990,736.01,93.31,"102Y"
,10010,嘉義縣,10010040,大林鎮,10010040-005,明華里,229,157003,686,541,317,832,607.5,88.61,"102Y"
,10010,嘉義縣,10010040,大林鎮,10010040-006,明和里,408,297680,730,545,321,1023,566.87,77.69,"102Y"
,10010,嘉義縣,10010040,大林鎮,10010040-007,排路里,131,92723,708,506,253,924,680.5,96.14,"102Y"
,10010,嘉義縣,10010040,大林鎮,10010040-008,西結里,129,84486,655,470,257,735,728.15,111.18,"102Y"
,10010,嘉義縣,10010040,大林鎮,10010040-009,湖北里,134,81425,608,479,308,788,453.06,74.56,"102Y"
,10010,嘉義縣,10010040,大林鎮,10010040-010,大糖里,51,34297,672,450,272,920,688.69,102.41,"102Y"
,10010,嘉義縣,10010040,大林鎮,10010040-011,大美里,308,196085,637,501,345,807,534.93,84.02,"102Y"
,10010,嘉義縣,10010040,大林鎮,10010040-012,過溪里,275,174204,633,514,306,839,493.69,77.94,"102Y"
,10010,嘉義縣,10010040,大林鎮,10010040-013,中坑里,208,144626,695,533,329,887,605.29,87.05,"102Y"
,10010,嘉義縣,10010040,大林鎮,10010040-014,上林里,148,88950,601,480,312,763,449.57,74.8,"102Y"
,10010,嘉義縣,10010040,大林鎮,10010040-015,中林里,337,238964,709,520,331,800,705.32,99.47,"102Y"
,10010,嘉義縣,10010040,大林鎮,10010040-016,三和里,472,276453,586,469,261,748,517.65,88.38,"102Y"
,10010,嘉義縣,10010040,大林鎮,10010040-017,溝背里,204,136531,669,543,318,876,508.25,75.94,"102Y"
,10010,嘉義縣,10010040,大林鎮,10010040-018,義和里,131,86479,660,558,363,824,475.89,72.09,"102Y"
,10010,嘉義縣,10010040,大林鎮,10010040-019,內林里,140,108925,778,552,301,967,967.35,124.33,"102Y"
,10010,嘉義縣,10010040,大林鎮,10010040-020,三角里,136,93574,688,546,304,859,546.79,79.47,"102Y"
,10010,嘉義縣,10010040,大林鎮,10010040-021,三村里,186,127295,684,495,303,827,660.71,96.54,"102Y"
X,10010,嘉義縣,10010040,大林鎮,10010040-999,其他,1,302,302,302,302,302,0,0,"102Y"
,10010,嘉義縣,10010050,民雄鄉,10010050-001,東榮村,652,520847,799,615,330,1036,727.64,91.09,"102Y"
,10010,嘉義縣,10010050,民雄鄉,10010050-002,中樂村,458,356436,778,563,344,923,822.62,105.7,"102Y"
,10010,嘉義縣,10010050,民雄鄉,10010050-003,西安村,931,753379,809,601,319,1039,736.41,91,"102Y"
,10010,嘉義縣,10010050,民雄鄉,10010050-004,寮頂村,530,368409,695,525,303,834,648.18,93.25,"102Y"
,10010,嘉義縣,10010050,民雄鄉,10010050-005,福權村,408,295576,724,554,342,929,641.95,88.61,"102Y"
,10010,嘉義縣,10010050,民雄鄉,10010050-006,東湖村,407,267096,656,494,303,921,525.08,80.01,"102Y"
,10010,嘉義縣,10010050,民雄鄉,10010050-007,頂崙村,346,244893,708,533,315,906,620.7,87.7,"102Y"
,10010,嘉義縣,10010050,民雄鄉,10010050-008,菁埔村,366,237800,650,472,303,824,606.95,93.42,"102Y"
,10010,嘉義縣,10010050,民雄鄉,10010050-009,中和村,223,168265,755,558,331,998,708.08,93.84,"102Y"
,10010,嘉義縣,10010050,民雄鄉,10010050-010,平和村,184,123427,671,532,332,900,501.83,74.81,"102Y"
,10010,嘉義縣,10010050,民雄鄉,10010050-011,西昌村,188,116974,622,497,299,797,502.46,80.76,"102Y"
,10010,嘉義縣,10010050,民雄鄉,10010050-012,豊收村,510,376460,738,534,307,892,703.63,95.32,"102Y"
,10010,嘉義縣,10010050,民雄鄉,10010050-013,三興村,346,434978,1257,784,388,1824,1150.26,91.5,"102Y"
,10010,嘉義縣,10010050,民雄鄉,10010050-014,東興村,88,64218,730,496,311,955,648.38,88.85,"102Y"
,10010,嘉義縣,10010050,民雄鄉,10010050-015,鎮北村,241,181549,753,522,312,975,725.1,96.25,"102Y"
,10010,嘉義縣,10010050,民雄鄉,10010050-016,興中村,476,314045,660,516,302,828,569.76,86.36,"102Y"
,10010,嘉義縣,10010050,民雄鄉,10010050-017,興南村,686,440771,643,498,291,798,585.78,91.17,"102Y"
,10010,嘉義縣,10010050,民雄鄉,10010050-018,福興村,472,300862,637,503,296,818,499.38,78.34,"102Y"
,10010,嘉義縣,10010050,民雄鄉,10010050-019,文隆村,659,488293,741,584,341,964,611.46,82.52,"102Y"
,10010,嘉義縣,10010050,民雄鄉,10010050-020,山中村,851,578991,680,516,308,901,543.61,79.9,"102Y"
,10010,嘉義縣,10010050,民雄鄉,10010050-021,中央村,318,217944,685,540,323,806,585.14,85.38,"102Y"
,10010,嘉義縣,10010050,民雄鄉,10010050-022,北斗村,1318,872836,662,522,317,865,540.54,81.62,"102Y"
,10010,嘉義縣,10010050,民雄鄉,10010050-023,?福村,677,545959,806,607,350,1027,777.97,96.47,"102Y"
,10010,嘉義縣,10010050,民雄鄉,10010050-024,大崎村,557,363074,652,507,294,802,669.87,102.77,"102Y"
,10010,嘉義縣,10010050,民雄鄉,10010050-025,秀林村,563,379981,675,523,315,838,686.87,101.77,"102Y"
,10010,嘉義縣,10010050,民雄鄉,10010050-026,松山村,345,224879,652,519,314,796,710.77,109.04,"102Y"
,10010,嘉義縣,10010050,民雄鄉,10010050-027,金興村,723,432942,599,496,310,761,438.33,73.2,"102Y"
,10010,嘉義縣,10010050,民雄鄉,10010050-028,福樂村,1746,1304068,747,556,340,930,807.53,108.12,"102Y"
X,10010,嘉義縣,10010050,民雄鄉,10010050-999,其他,0,0,0,0,0,0,0,0,"102Y"
,10010,嘉義縣,10010060,溪口鄉,10010060-001,溪東村,308,213000,692,553,344,842,532.51,77,"102Y"
,10010,嘉義縣,10010060,溪口鄉,10010060-002,溪西村,127,81286,640,498,300,756,569.93,89.04,"102Y"
,10010,嘉義縣,10010060,溪口鄉,10010060-003,溪北村,104,60285,580,472,276,787,473.49,81.68,"102Y"
,10010,嘉義縣,10010060,溪口鄉,10010060-004,游東村,174,101345,582,417,288,751,507.43,87.12,"102Y"
,10010,嘉義縣,10010060,溪口鄉,10010060-005,游西村,130,98522,758,553,346,850,869.66,114.75,"102Y"
,10010,嘉義縣,10010060,溪口鄉,10010060-006,柴林村,157,110874,706,546,333,812,674.13,95.46,"102Y"
,10010,嘉義縣,10010060,溪口鄉,10010060-007,林腳村,147,93968,639,474,295,799,626.28,97.97,"102Y"
,10010,嘉義縣,10010060,溪口鄉,10010060-008,美南村,223,143676,644,542,293,855,500.47,77.68,"102Y"
,10010,嘉義縣,10010060,溪口鄉,10010060-009,美北村,181,111913,618,449,233,808,605.98,98.01,"102Y"
,10010,嘉義縣,10010060,溪口鄉,10010060-010,本厝村,195,122474,628,470,281,810,553.07,88.06,"102Y"
,10010,嘉義縣,10010060,溪口鄉,10010060-011,柳溝村,266,150913,567,468,285,751,411.11,72.46,"102Y"
,10010,嘉義縣,10010060,溪口鄉,10010060-012,疊溪村,226,141469,626,487,305,785,550.16,87.89,"102Y"
,10010,嘉義縣,10010060,溪口鄉,10010060-013,妙崙村,132,80614,611,517,321,711,681.2,111.54,"102Y"
,10010,嘉義縣,10010060,溪口鄉,10010060-014,坪頂村,190,120187,633,501,331,842,466.63,73.77,"102Y"
X,10010,嘉義縣,10010060,溪口鄉,10010060-999,其他,0,0,0,0,0,0,0,0,"102Y"
,10010,嘉義縣,10010070,新港鄉,10010070-001,宮前村,565,455016,805,618,348,1019,678.73,84.28,"102Y"
,10010,嘉義縣,10010070,新港鄉,10010070-002,宮後村,380,295466,778,633,319,1024,690.1,88.75,"102Y"
,10010,嘉義縣,10010070,新港鄉,10010070-003,大興村,385,262443,682,517,297,851,615.64,90.31,"102Y"
,10010,嘉義縣,10010070,新港鄉,10010070-004,福德村,387,299996,775,567,338,927,851.02,109.78,"102Y"
,10010,嘉義縣,10010070,新港鄉,10010070-005,古民村,227,142175,626,468,289,737,631.81,100.88,"102Y"
,10010,嘉義縣,10010070,新港鄉,10010070-006,中庄村,274,172494,630,523,306,876,443.57,70.46,"102Y"
,10010,嘉義縣,10010070,新港鄉,10010070-007,大潭村,308,204347,663,520,309,792,582.15,87.74,"102Y"
,10010,嘉義縣,10010070,新港鄉,10010070-008,西庄村,165,112362,681,530,294,943,514.59,75.57,"102Y"
,10010,嘉義縣,10010070,新港鄉,10010070-009,埤子村,91,53340,586,504,296,776,377.61,64.42,"102Y"
,10010,嘉義縣,10010070,新港鄉,10010070-010,南崙村,134,93395,697,529,312,860,609.62,87.47,"102Y"
,10010,嘉義縣,10010070,新港鄉,10010070-011,北崙村,71,41985,591,448,292,778,536.02,90.65,"102Y"
,10010,嘉義縣,10010070,新港鄉,10010070-012,海瀛村,76,44557,586,449,326,683,529.45,90.31,"102Y"
,10010,嘉義縣,10010070,新港鄉,10010070-013,月眉村,377,264043,700,568,317,912,543.65,77.62,"102Y"
,10010,嘉義縣,10010070,新港鄉,10010070-014,月潭村,335,214130,639,484,303,830,505.87,79.14,"102Y"
,10010,嘉義縣,10010070,新港鄉,10010070-015,溪北村,262,176180,672,528,308,826,609.02,90.57,"102Y"
,10010,嘉義縣,10010070,新港鄉,10010070-016,三間村,352,272767,775,684,390,1031,561.3,72.43,"102Y"
,10010,嘉義縣,10010070,新港鄉,10010070-017,中洋村,240,153565,640,542,342,815,473.26,73.96,"102Y"
,10010,嘉義縣,10010070,新港鄉,10010070-018,菜公村,192,137871,718,502,316,898,1019.56,141.98,"102Y"
,10010,嘉義縣,10010070,新港鄉,10010070-019,安和村,178,111427,626,491,296,737,795.43,127.07,"102Y"
,10010,嘉義縣,10010070,新港鄉,10010070-020,潭大村,254,158000,622,478,312,758,500.13,80.4,"102Y"
,10010,嘉義縣,10010070,新港鄉,10010070-021,南港村,242,163330,675,525,307,905,555.84,82.36,"102Y"
,10010,嘉義縣,10010070,新港鄉,10010070-022,板頭村,113,75773,671,538,326,869,543.15,81,"102Y"
,10010,嘉義縣,10010070,新港鄉,10010070-023,共和村,155,98531,636,453,289,816,570.92,89.81,"102Y"
X,10010,嘉義縣,10010070,新港鄉,10010070-999,其他,0,0,0,0,0,0,0,0,"102Y"
,10010,嘉義縣,10010080,六腳鄉,10010080-001,蒜頭村,316,216289,684,534,306,875,671.03,98.04,"102Y"
,10010,嘉義縣,10010080,六腳鄉,10010080-002,蒜東村,186,124161,668,529,319,796,620.86,93.01,"102Y"
,10010,嘉義縣,10010080,六腳鄉,10010080-003,蒜南村,193,129557,671,550,326,835,522.52,77.84,"102Y"
,10010,嘉義縣,10010080,六腳鄉,10010080-004,工廠村,63,53382,847,582,305,1232,745.61,87.99,"102Y"
,10010,嘉義縣,10010080,六腳鄉,10010080-005,灣南村,217,159206,734,590,355,1011,546.63,74.51,"102Y"
,10010,嘉義縣,10010080,六腳鄉,10010080-006,灣北村,213,143444,673,531,339,893,466.43,69.26,"102Y"
,10010,嘉義縣,10010080,六腳鄉,10010080-007,雙涵村,144,96460,670,565,309,872,541.26,80.8,"102Y"
,10010,嘉義縣,10010080,六腳鄉,10010080-008,塗師村,118,74879,635,527,331,811,444.54,70.05,"102Y"
,10010,嘉義縣,10010080,六腳鄉,10010080-009,三義村,111,65896,594,489,304,754,517.02,87.09,"102Y"
,10010,嘉義縣,10010080,六腳鄉,10010080-010,港美村,160,92055,575,516,300,758,398.15,69.2,"102Y"
,10010,嘉義縣,10010080,六腳鄉,10010080-011,豐美村,202,126244,625,495,319,757,514.83,82.38,"102Y"
,10010,嘉義縣,10010080,六腳鄉,10010080-012,六斗村,182,112383,617,524,279,825,463.59,75.08,"102Y"
,10010,嘉義縣,10010080,六腳鄉,10010080-013,崙陽村,230,151364,658,532,304,842,549.83,83.55,"102Y"
,10010,嘉義縣,10010080,六腳鄉,10010080-014,蘇厝村,326,210978,647,464,273,812,624.97,96.57,"102Y"
,10010,嘉義縣,10010080,六腳鄉,10010080-015,竹本村,101,55997,554,434,288,704,480.49,86.66,"102Y"
,10010,嘉義縣,10010080,六腳鄉,10010080-016,永賢村,72,46472,645,485,373,846,445.06,68.95,"102Y"
,10010,嘉義縣,10010080,六腳鄉,10010080-017,魚寮村,98,61570,628,529,328,775,441.01,70.2,"102Y"
,10010,嘉義縣,10010080,六腳鄉,10010080-018,潭墘村,159,98947,622,498,285,779,516.38,82.98,"102Y"
,10010,嘉義縣,10010080,六腳鄉,10010080-019,正義村,250,153156,613,522,321,841,446.37,72.86,"102Y"
,10010,嘉義縣,10010080,六腳鄉,10010080-020,溪厝村,114,68070,597,507,307,758,486.07,81.4,"102Y"
,10010,嘉義縣,10010080,六腳鄉,10010080-021,六腳村,168,106232,632,522,293,842,483.79,76.51,"102Y"
,10010,嘉義縣,10010080,六腳鄉,10010080-022,六南村,101,70740,700,532,313,931,538.42,76.87,"102Y"
,10010,嘉義縣,10010080,六腳鄉,10010080-023,崩山村,105,68276,650,494,335,859,500.37,76.95,"102Y"
,10010,嘉義縣,10010080,六腳鄉,10010080-024,古林村,108,64255,595,523,336,846,383.35,64.43,"102Y"
,10010,嘉義縣,10010080,六腳鄉,10010080-025,更寮村,88,69694,792,534,278,947,852.79,107.68,"102Y"
X,10010,嘉義縣,10010080,六腳鄉,10010080-999,其他,0,0,0,0,0,0,0,0,"102Y"
,10010,嘉義縣,10010090,東石鄉,10010090-001,東石村,273,157150,576,491,313,757,411.21,71.43,"102Y"
,10010,嘉義縣,10010090,東石鄉,10010090-002,猿樹村,151,98095,650,459,283,837,694.14,106.85,"102Y"
,10010,嘉義縣,10010090,東石鄉,10010090-003,型厝村,203,119322,588,487,334,733,446.75,76,"102Y"
,10010,嘉義縣,10010090,東石鄉,10010090-004,塭港村,181,105199,581,491,280,754,451.55,77.69,"102Y"
,10010,嘉義縣,10010090,東石鄉,10010090-005,三家村,204,124865,612,494,319,777,475.36,77.66,"102Y"
,10010,嘉義縣,10010090,東石鄉,10010090-006,永屯村,117,63549,543,430,251,678,484.32,89.17,"102Y"
,10010,嘉義縣,10010090,東石鄉,10010090-007,海埔村,47,25082,534,432,213,739,429.03,80.39,"102Y"
,10010,嘉義縣,10010090,東石鄉,10010090-008,龍港村,119,77551,652,533,338,739,596.98,91.61,"102Y"
,10010,嘉義縣,10010090,東石鄉,10010090-009,副瀨村,160,101294,633,490,332,793,535.48,84.58,"102Y"
,10010,嘉義縣,10010090,東石鄉,10010090-010,下揖村,92,45873,499,456,276,653,341.27,68.44,"102Y"
,10010,嘉義縣,10010090,東石鄉,10010090-011,頂揖村,57,34483,605,407,302,659,709.55,117.29,"102Y"
,10010,嘉義縣,10010090,東石鄉,10010090-012,溪下村,152,86159,567,434,272,780,419.53,74.01,"102Y"
,10010,嘉義縣,10010090,東石鄉,10010090-013,港墘村,205,168309,821,579,323,898,1077.72,131.27,"102Y"
,10010,嘉義縣,10010090,東石鄉,10010090-014,蔦松村,157,97049,618,487,321,801,469.23,75.91,"102Y"
,10010,嘉義縣,10010090,東石鄉,10010090-015,圍潭村,91,48335,531,406,251,645,458.86,86.39,"102Y"
,10010,嘉義縣,10010090,東石鄉,10010090-016,洲仔村,136,77707,571,450,270,749,601.18,105.22,"102Y"
,10010,嘉義縣,10010090,東石鄉,10010090-017,東崙村,144,91918,638,525,300,776,595.41,93.28,"102Y"
,10010,嘉義縣,10010090,東石鄉,10010090-018,西崙村,214,134059,626,516,280,780,563.47,89.95,"102Y"
,10010,嘉義縣,10010090,東石鄉,10010090-019,塭仔村,126,68448,543,424,273,675,397.05,73.09,"102Y"
,10010,嘉義縣,10010090,東石鄉,10010090-020,網寮村,175,95024,543,413,276,689,421.57,77.64,"102Y"
,10010,嘉義縣,10010090,東石鄉,10010090-021,掌潭村,107,62823,587,503,275,793,439.86,74.92,"102Y"
,10010,嘉義縣,10010090,東石鄉,10010090-022,港口村,38,19263,507,462,281,574,351.63,69.37,"102Y"
,10010,嘉義縣,10010090,東石鄉,10010090-023,鰲鼓村,203,122731,605,473,302,778,530.48,87.74,"102Y"
X,10010,嘉義縣,10010090,東石鄉,10010090-999,其他,0,0,0,0,0,0,0,0,"102Y"
,10010,嘉義縣,10010100,義竹鄉,10010100-001,岸腳村,151,99018,656,500,327,825,522.53,79.68,"102Y"
,10010,嘉義縣,10010100,義竹鄉,10010100-002,義竹村,386,281276,729,536,333,920,626.82,86.02,"102Y"
,10010,嘉義縣,10010100,義竹鄉,10010100-003,六桂村,287,182994,638,535,332,866,443.08,69.49,"102Y"
,10010,嘉義縣,10010100,義竹鄉,10010100-004,仁里村,218,166555,764,591,339,932,715.47,93.65,"102Y"
,10010,嘉義縣,10010100,義竹鄉,10010100-005,傳芳村,151,88282,585,502,314,779,388.08,66.38,"102Y"
,10010,嘉義縣,10010100,義竹鄉,10010100-006,頭竹村,251,185036,737,558,342,879,657.03,89.12,"102Y"
,10010,嘉義縣,10010100,義竹鄉,10010100-007,五厝村,92,68225,742,476,323,801,1054.49,142.2,"102Y"
,10010,嘉義縣,10010100,義竹鄉,10010100-008,中平村,64,47496,742,610,346,1062,543.61,73.25,"102Y"
,10010,嘉義縣,10010100,義竹鄉,10010100-009,埤前村,140,99953,714,589,365,878,568.31,79.6,"102Y"
,10010,嘉義縣,10010100,義竹鄉,10010100-010,平溪村,81,51734,639,466,304,779,503.21,78.79,"102Y"
,10010,嘉義縣,10010100,義竹鄉,10010100-011,後鎮村,98,53477,546,467,283,747,387.06,70.93,"102Y"
,10010,嘉義縣,10010100,義竹鄉,10010100-012,北華村,118,59987,508,423,245,646,389.22,76.56,"102Y"
,10010,嘉義縣,10010100,義竹鄉,10010100-013,新店村,273,176366,646,518,328,862,491.57,76.09,"102Y"
,10010,嘉義縣,10010100,義竹鄉,10010100-014,東過村,153,87722,573,459,311,769,435.04,75.88,"102Y"
,10010,嘉義縣,10010100,義竹鄉,10010100-015,西過村,141,85433,606,473,303,726,710.9,117.33,"102Y"
,10010,嘉義縣,10010100,義竹鄉,10010100-016,官和村,143,87724,613,444,293,771,526.91,85.89,"102Y"
,10010,嘉義縣,10010100,義竹鄉,10010100-017,官順村,81,47699,589,445,310,716,490.47,83.29,"102Y"
,10010,嘉義縣,10010100,義竹鄉,10010100-018,新富村,114,73998,649,548,282,850,519.99,80.11,"102Y"
,10010,嘉義縣,10010100,義竹鄉,10010100-019,東光村,145,101400,699,550,318,930,540.52,77.29,"102Y"
,10010,嘉義縣,10010100,義竹鄉,10010100-020,東榮村,76,49626,653,466,280,871,574.77,88.02,"102Y"
,10010,嘉義縣,10010100,義竹鄉,10010100-021,龍蛟村,101,63086,625,490,293,719,531.34,85.07,"102Y"
,10010,嘉義縣,10010100,義竹鄉,10010100-022,溪洲村,115,65836,572,528,290,722,379.44,66.28,"102Y"
X,10010,嘉義縣,10010100,義竹鄉,10010100-999,其他,0,0,0,0,0,0,0,0,"102Y"
,10010,嘉義縣,10010110,鹿草鄉,10010110-001,後寮村,87,56240,646,536,404,793,514.84,79.64,"102Y"
,10010,嘉義縣,10010110,鹿草鄉,10010110-002,鹿東村,121,83785,692,590,368,861,509.39,73.57,"102Y"
,10010,嘉義縣,10010110,鹿草鄉,10010110-003,鹿草村,295,176089,597,487,304,776,456.67,76.51,"102Y"
,10010,嘉義縣,10010110,鹿草鄉,10010110-004,西井村,304,210587,693,527,307,910,590.64,85.26,"102Y"
,10010,嘉義縣,10010110,鹿草鄉,10010110-005,豊稠村,113,75582,669,554,365,882,491,73.41,"102Y"
,10010,嘉義縣,10010110,鹿草鄉,10010110-006,重寮村,181,113046,625,489,337,771,471.1,75.43,"102Y"
,10010,嘉義縣,10010110,鹿草鄉,10010110-007,施家村,96,58034,605,492,334,660,454,75.1,"102Y"
,10010,嘉義縣,10010110,鹿草鄉,10010110-008,下潭村,117,75810,648,538,327,840,443.88,68.51,"102Y"
,10010,嘉義縣,10010110,鹿草鄉,10010110-009,光潭村,181,116053,641,547,329,895,431.19,67.25,"102Y"
,10010,嘉義縣,10010110,鹿草鄉,10010110-010,碧潭村,147,96832,659,523,328,830,493.04,74.85,"102Y"
,10010,嘉義縣,10010110,鹿草鄉,10010110-011,松竹村,185,121192,655,540,316,809,528.08,80.61,"102Y"
,10010,嘉義縣,10010110,鹿草鄉,10010110-012,竹山村,183,116034,634,491,306,748,539.76,85.13,"102Y"
,10010,嘉義縣,10010110,鹿草鄉,10010110-013,後堀村,305,204399,670,495,322,882,538.95,80.42,"102Y"
,10010,嘉義縣,10010110,鹿草鄉,10010110-014,三角村,338,213337,631,525,318,846,453.16,71.8,"102Y"
,10010,嘉義縣,10010110,鹿草鄉,10010110-015,下麻村,116,76258,657,459,320,841,543.45,82.67,"102Y"
X,10010,嘉義縣,10010110,鹿草鄉,10010110-999,其他,0,0,0,0,0,0,0,0,"102Y"
,10010,嘉義縣,10010120,水上鄉,10010120-001,水上村,953,663623,696,551,324,917,541.77,77.8,"102Y"
,10010,嘉義縣,10010120,水上鄉,10010120-002,水頭村,652,495588,760,590,345,992,605.97,79.72,"102Y"
,10010,嘉義縣,10010120,水上鄉,10010120-003,大堀村,342,215374,630,457,287,768,657.33,104.38,"102Y"
,10010,嘉義縣,10010120,水上鄉,10010120-004,大崙村,477,311040,652,491,297,774,639.63,98.09,"102Y"
,10010,嘉義縣,10010120,水上鄉,10010120-005,塗溝村,181,119424,660,515,308,823,581.25,88.1,"102Y"
,10010,嘉義縣,10010120,水上鄉,10010120-006,粗溪村,370,246976,668,541,297,860,554.78,83.11,"102Y"
,10010,嘉義縣,10010120,水上鄉,10010120-007,下寮村,490,342933,700,532,325,839,662.81,94.71,"102Y"
,10010,嘉義縣,10010120,水上鄉,10010120-008,三和村,483,385501,798,686,402,1068,548.65,68.74,"102Y"
,10010,嘉義縣,10010120,水上鄉,10010120-009,回歸村,136,98519,724,532,301,830,743.68,102.66,"102Y"
,10010,嘉義縣,10010120,水上鄉,10010120-010,三鎮村,140,103632,740,495,299,937,853.39,115.29,"102Y"
,10010,嘉義縣,10010120,水上鄉,10010120-011,靖和村,129,93676,726,629,396,937,461.56,63.56,"102Y"
,10010,嘉義縣,10010120,水上鄉,10010120-012,南和村,321,219626,684,527,311,869,588.45,86.01,"102Y"
,10010,嘉義縣,10010120,水上鄉,10010120-013,龍德村,524,378745,723,553,326,918,583.01,80.66,"102Y"
,10010,嘉義縣,10010120,水上鄉,10010120-014,溪洲村,247,152018,615,498,319,805,454.63,73.87,"102Y"
,10010,嘉義縣,10010120,水上鄉,10010120-015,柳林村,458,280421,612,515,330,750,472.62,77.19,"102Y"
,10010,嘉義縣,10010120,水上鄉,10010120-016,柳鄉村,489,305199,624,505,311,777,479.63,76.85,"102Y"
,10010,嘉義縣,10010120,水上鄉,10010120-017,柳新村,365,208553,571,506,316,752,366.8,64.2,"102Y"
,10010,嘉義縣,10010120,水上鄉,10010120-018,寬士村,983,676389,688,528,331,871,585.84,85.14,"102Y"
,10010,嘉義縣,10010120,水上鄉,10010120-019,民生村,704,441739,627,506,322,803,574.55,91.57,"102Y"
,10010,嘉義縣,10010120,水上鄉,10010120-020,忠和村,394,217541,552,454,279,713,445.09,80.61,"102Y"
,10010,嘉義縣,10010120,水上鄉,10010120-021,中庄村,376,250934,667,506,295,812,875.35,131.16,"102Y"
,10010,嘉義縣,10010120,水上鄉,10010120-022,南鄉村,137,90922,664,473,300,709,793.7,119.59,"102Y"
,10010,嘉義縣,10010120,水上鄉,10010120-023,三界村,158,102183,647,497,323,740,567.43,87.74,"102Y"
,10010,嘉義縣,10010120,水上鄉,10010120-024,國姓村,218,117000,537,411,253,701,440.28,82.04,"102Y"
,10010,嘉義縣,10010120,水上鄉,10010120-025,內溪村,249,168318,676,463,276,739,1832.8,271.13,"102Y"
,10010,嘉義縣,10010120,水上鄉,10010120-026,義興村,181,100712,556,420,254,705,500.18,89.89,"102Y"
X,10010,嘉義縣,10010120,水上鄉,10010120-999,其他,1,1004,1004,1004,1004,1004,0,0,"102Y"
,10010,嘉義縣,10010130,中埔鄉,10010130-001,中埔村,341,224734,659,541,332,835,513.77,77.96,"102Y"
,10010,嘉義縣,10010130,中埔鄉,10010130-002,??村,159,114277,719,540,340,974,536.14,74.6,"102Y"
,10010,嘉義縣,10010130,中埔鄉,10010130-003,龍門村,126,77548,615,494,325,769,441.48,71.73,"102Y"
,10010,嘉義縣,10010130,中埔鄉,10010130-004,裕民村,164,105787,645,510,331,773,526.73,81.66,"102Y"
,10010,嘉義縣,10010130,中埔鄉,10010130-005,金蘭村,267,167134,626,494,260,730,633,101.12,"102Y"
,10010,嘉義縣,10010130,中埔鄉,10010130-006,富收村,580,387638,668,506,309,829,638.8,95.58,"102Y"
,10010,嘉義縣,10010130,中埔鄉,10010130-007,和睦村,757,535988,708,541,323,895,638.03,90.11,"102Y"
,10010,嘉義縣,10010130,中埔鄉,10010130-008,和美村,1896,1343558,709,547,321,914,610.06,86.09,"102Y"
,10010,嘉義縣,10010130,中埔鄉,10010130-009,和興村,1325,851849,643,532,323,825,511.6,79.58,"102Y"
,10010,嘉義縣,10010130,中埔鄉,10010130-010,隆興村,341,239430,702,492,289,819,890.19,126.78,"102Y"
,10010,嘉義縣,10010130,中埔鄉,10010130-011,義仁村,253,170116,672,500,297,863,630.56,93.78,"102Y"
,10010,嘉義縣,10010130,中埔鄉,10010130-012,社口村,347,203104,585,474,289,722,557.06,95.17,"102Y"
,10010,嘉義縣,10010130,中埔鄉,10010130-013,灣潭村,139,82551,594,464,303,717,488.07,82.18,"102Y"
,10010,嘉義縣,10010130,中埔鄉,10010130-014,石?村,188,110344,587,510,281,785,424.54,72.33,"102Y"
,10010,嘉義縣,10010130,中埔鄉,10010130-015,頂埔村,115,75762,659,551,349,856,505.33,76.7,"102Y"
,10010,嘉義縣,10010130,中埔鄉,10010130-016,同仁村,346,210604,609,529,305,813,445.08,73.12,"102Y"
,10010,嘉義縣,10010130,中埔鄉,10010130-017,瑞豐村,106,50783,479,395,298,569,339.91,70.95,"102Y"
,10010,嘉義縣,10010130,中埔鄉,10010130-018,沄水村,129,84263,653,525,340,767,593.21,90.82,"102Y"
,10010,嘉義縣,10010130,中埔鄉,10010130-019,三層村,110,57831,526,472,248,663,412.71,78.5,"102Y"
,10010,嘉義縣,10010130,中埔鄉,10010130-020,深坑村,119,84463,710,505,309,835,701.25,98.8,"102Y"
,10010,嘉義縣,10010130,中埔鄉,10010130-021,東興村,39,21833,560,608,332,686,306.5,54.75,"102Y"
,10010,嘉義縣,10010130,中埔鄉,10010130-022,中崙村,28,19070,681,566,274,763,730.22,107.22,"102Y"
X,10010,嘉義縣,10010130,中埔鄉,10010130-999,其他,2,1219,609,609,576,642,92.98,15.26,"102Y"
,10010,嘉義縣,10010140,竹崎鄉,10010140-001,竹崎村,568,353646,623,487,278,797,509.68,81.86,"102Y"
,10010,嘉義縣,10010140,竹崎鄉,10010140-002,和平村,416,261224,628,505,298,758,590.63,94.06,"102Y"
,10010,嘉義縣,10010140,竹崎鄉,10010140-003,坑頭村,102,62633,614,511,309,844,448.81,73.09,"102Y"
,10010,嘉義縣,10010140,竹崎鄉,10010140-004,沙坑村,143,82369,576,483,286,694,477.18,82.84,"102Y"
,10010,嘉義縣,10010140,竹崎鄉,10010140-005,獅埜村,229,130083,568,476,295,713,415.56,73.16,"102Y"
,10010,嘉義縣,10010140,竹崎鄉,10010140-006,義和村,118,83745,710,567,362,843,566.3,79.79,"102Y"
,10010,嘉義縣,10010140,竹崎鄉,10010140-007,義仁村,176,110988,631,499,295,783,511.5,81.11,"102Y"
,10010,嘉義縣,10010140,竹崎鄉,10010140-008,灣橋村,1185,762827,644,498,310,791,548.06,85.14,"102Y"
,10010,嘉義縣,10010140,竹崎鄉,10010140-009,鹿滿村,286,186165,651,493,313,792,564.53,86.73,"102Y"
,10010,嘉義縣,10010140,竹崎鄉,10010140-010,紫雲村,261,158877,609,481,290,710,626.51,102.92,"102Y"
,10010,嘉義縣,10010140,竹崎鄉,10010140-011,內埔村,305,180638,592,485,290,751,489.24,82.61,"102Y"
,10010,嘉義縣,10010140,竹崎鄉,10010140-012,昇平村,286,170147,595,467,297,773,592.22,99.55,"102Y"
,10010,嘉義縣,10010140,竹崎鄉,10010140-013,白杞村,117,62079,531,425,266,599,440.98,83.11,"102Y"
,10010,嘉義縣,10010140,竹崎鄉,10010140-014,桃源村,160,98984,619,491,289,702,627.73,101.47,"102Y"
,10010,嘉義縣,10010140,竹崎鄉,10010140-015,塘興村,122,77506,635,519,303,821,532.95,83.89,"102Y"
,10010,嘉義縣,10010140,竹崎鄉,10010140-016,義隆村,99,64742,654,428,269,769,717.17,109.66,"102Y"
,10010,嘉義縣,10010140,竹崎鄉,10010140-017,龍山村,308,202955,659,492,277,760,615.74,93.44,"102Y"
,10010,嘉義縣,10010140,竹崎鄉,10010140-018,文?村,103,61930,601,490,278,744,481.38,80.06,"102Y"
,10010,嘉義縣,10010140,竹崎鄉,10010140-019,金獅村,46,27342,594,397,290,723,564.23,94.93,"102Y"
,10010,嘉義縣,10010140,竹崎鄉,10010140-020,復金村,348,199709,574,491,287,728,481.53,83.91,"102Y"
,10010,嘉義縣,10010140,竹崎鄉,10010140-021,緞繻村,131,76449,584,488,327,723,431.08,73.87,"102Y"
,10010,嘉義縣,10010140,竹崎鄉,10010140-022,仁壽村,30,21612,720,490,216,808,867.57,120.43,"102Y"
,10010,嘉義縣,10010140,竹崎鄉,10010140-023,中和村,102,61353,602,482,258,746,521.14,86.64,"102Y"
,10010,嘉義縣,10010140,竹崎鄉,10010140-024,光華村,66,34428,522,446,318,607,341,65.37,"102Y"
X,10010,嘉義縣,10010140,竹崎鄉,10010140-999,其他,1,288,288,288,288,288,0,0,"102Y"
,10010,嘉義縣,10010150,梅山鄉,10010150-001,梅東村,433,311972,720,593,359,919,585.71,81.29,"102Y"
,10010,嘉義縣,10010150,梅山鄉,10010150-002,梅南村,197,136065,691,527,306,843,664.96,96.28,"102Y"
,10010,嘉義縣,10010150,梅山鄉,10010150-003,過山村,94,61348,653,523,300,733,531.13,81.38,"102Y"
,10010,嘉義縣,10010150,梅山鄉,10010150-004,梅北村,920,641640,697,557,333,917,533.35,76.47,"102Y"
,10010,嘉義縣,10010150,梅山鄉,10010150-005,圳南村,39,17333,444,404,258,480,313.74,70.59,"102Y"
,10010,嘉義縣,10010150,梅山鄉,10010150-006,永興村,79,45313,574,484,304,743,443.49,77.32,"102Y"
,10010,嘉義縣,10010150,梅山鄉,10010150-007,半天村,58,33867,584,509,288,728,413.73,70.86,"102Y"
,10010,嘉義縣,10010150,梅山鄉,10010150-008,圳北村,85,51353,604,451,287,621,679.42,112.46,"102Y"
,10010,嘉義縣,10010150,梅山鄉,10010150-009,大南村,264,175924,666,526,341,848,533.19,80.01,"102Y"
,10010,嘉義縣,10010150,梅山鄉,10010150-010,?溪村,94,51197,545,476,296,717,352.15,64.66,"102Y"
,10010,嘉義縣,10010150,梅山鄉,10010150-011,安靖村,129,67656,524,471,282,640,407.44,77.69,"102Y"
,10010,嘉義縣,10010150,梅山鄉,10010150-012,太平村,81,58101,717,525,319,875,679.95,94.79,"102Y"
,10010,嘉義縣,10010150,梅山鄉,10010150-013,碧湖村,24,19045,794,594,273,959,752.31,94.8,"102Y"
,10010,嘉義縣,10010150,梅山鄉,10010150-014,太興村,52,28632,551,431,226,630,538.53,97.81,"102Y"
,10010,嘉義縣,10010150,梅山鄉,10010150-015,瑞?村,72,39261,545,479,290,701,381.14,69.9,"102Y"
,10010,嘉義縣,10010150,梅山鄉,10010150-016,瑞里村,61,34965,573,408,230,653,576.89,100.65,"102Y"
,10010,嘉義縣,10010150,梅山鄉,10010150-017,太和村,52,33433,643,487,333,879,500.72,77.88,"102Y"
,10010,嘉義縣,10010150,梅山鄉,10010150-018,龍眼村,53,30078,568,510,269,741,468.95,82.63,"102Y"
X,10010,嘉義縣,10010150,梅山鄉,10010150-999,其他,0,0,0,0,0,0,0,0,"102Y"
,10010,嘉義縣,10010160,番路鄉,10010160-001,江西村,267,201777,756,507,336,965,749.6,99.19,"102Y"
,10010,嘉義縣,10010160,番路鄉,10010160-002,內甕村,67,53653,801,607,286,1077,870.47,108.7,"102Y"
,10010,嘉義縣,10010160,番路鄉,10010160-003,新福村,183,112307,614,482,308,791,506.94,82.6,"102Y"
,10010,嘉義縣,10010160,番路鄉,10010160-004,下坑村,380,263451,693,536,305,878,572.93,82.64,"102Y"
,10010,嘉義縣,10010160,番路鄉,10010160-005,番路村,170,106497,626,551,303,819,453.98,72.47,"102Y"
,10010,嘉義縣,10010160,番路鄉,10010160-006,民和村,135,73197,542,391,244,720,504.77,93.1,"102Y"
,10010,嘉義縣,10010160,番路鄉,10010160-007,觸口村,180,111269,618,530,334,803,462.16,74.76,"102Y"
,10010,嘉義縣,10010160,番路鄉,10010160-008,大湖村,92,50406,548,472,274,631,492.02,89.8,"102Y"
,10010,嘉義縣,10010160,番路鄉,10010160-009,公田村,135,101406,751,478,306,679,2270.81,302.31,"102Y"
,10010,嘉義縣,10010160,番路鄉,10010160-010,公興村,71,40808,575,503,338,687,428.42,74.54,"102Y"
,10010,嘉義縣,10010160,番路鄉,10010160-011,草山村,50,25630,513,440,293,675,359.4,70.11,"102Y"
X,10010,嘉義縣,10010160,番路鄉,10010160-999,其他,0,0,0,0,0,0,0,0,"102Y"
,10010,嘉義縣,10010170,大埔鄉,10010170-001,大埔村,276,176866,641,521,331,856,505.7,78.92,"102Y"
,10010,嘉義縣,10010170,大埔鄉,10010170-002,和平村,86,52571,611,516,299,786,512.37,83.82,"102Y"
,10010,嘉義縣,10010170,大埔鄉,10010170-003,永樂村,65,37541,578,404,210,894,503.74,87.22,"102Y"
,10010,嘉義縣,10010170,大埔鄉,10010170-004,茄苳村,139,87454,629,492,329,802,518.94,82.48,"102Y"
,10010,嘉義縣,10010170,大埔鄉,10010170-005,西興村,101,98246,973,492,308,741,2503.31,257.35,"102Y"
X,10010,嘉義縣,10010170,大埔鄉,10010170-999,其他,0,0,0,0,0,0,0,0,"102Y"
,10010,嘉義縣,10010180,阿里山鄉,10010180-001,中山村,88,65031,739,587,357,858,673.44,91.13,"102Y"
,10010,嘉義縣,10010180,阿里山鄉,10010180-002,中正村,48,38539,803,569,263,995,841.31,104.79,"102Y"
,10010,嘉義縣,10010180,阿里山鄉,10010180-003,香林村,50,36453,729,600,452,929,448.44,61.51,"102Y"
,10010,嘉義縣,10010180,阿里山鄉,10010180-004,十字村,40,25635,641,442,345,867,530.2,82.73,"102Y"
,10010,嘉義縣,10010180,阿里山鄉,10010180-005,來吉村,51,41668,817,542,368,961,771.98,94.49,"102Y"
,10010,嘉義縣,10010180,阿里山鄉,10010180-006,豐山村,34,15709,462,332,34,593,593.73,128.5,"102Y"
,10010,嘉義縣,10010180,阿里山鄉,10010180-007,達邦村,84,61098,727,584,401,857,521.17,71.65,"102Y"
,10010,嘉義縣,10010180,阿里山鄉,10010180-008,樂野村,81,53115,656,472,299,915,501.95,76.55,"102Y"
,10010,嘉義縣,10010180,阿里山鄉,10010180-009,里佳村,30,22216,741,720,496,1025,347.63,46.94,"102Y"
,10010,嘉義縣,10010180,阿里山鄉,10010180-010,山美村,53,29435,555,516,333,768,272.71,49.1,"102Y"
,10010,嘉義縣,10010180,阿里山鄉,10010180-011,新美村,30,16696,557,514,330,707,380.21,68.32,"102Y"
,10010,嘉義縣,10010180,阿里山鄉,10010180-012,茶山村,17,8381,493,353,227,790,399.56,81.04,"102Y"
X,10010,嘉義縣,10010180,阿里山鄉,10010180-999,其他,0,0,0,0,0,0,0,0,"102Y"
,10013,屏東縣,10013010,屏東市,10013010-001,光榮里,199,145996,734,551,324,837,641.72,87.47,"102Y"
,10013,屏東縣,10013010,屏東市,10013010-002,文明里,108,103611,959,644,361,1169,1063.25,110.83,"102Y"
,10013,屏東縣,10013010,屏東市,10013010-003,武廟里,145,122241,843,547,299,1005,932.32,110.59,"102Y"
,10013,屏東縣,10013010,屏東市,10013010-004,大同里,199,131854,663,490,233,872,633.84,95.66,"102Y"
,10013,屏東縣,10013010,屏東市,10013010-005,泰安里,200,184976,925,629,370,1010,1218.3,131.73,"102Y"
,10013,屏東縣,10013010,屏東市,10013010-006,端正里,103,90059,874,542,322,945,927.46,106.07,"102Y"
,10013,屏東縣,10013010,屏東市,10013010-007,民權里,167,113680,681,534,287,870,618.07,90.8,"102Y"
,10013,屏東縣,10013010,屏東市,10013010-008,大埔里,163,107228,658,504,294,834,567.67,86.29,"102Y"
,10013,屏東縣,10013010,屏東市,10013010-009,必信里,145,96276,664,566,288,894,500,75.3,"102Y"
,10013,屏東縣,10013010,屏東市,10013010-010,崇智里,119,69682,586,488,256,726,515.47,88.03,"102Y"
,10013,屏東縣,10013010,屏東市,10013010-011,崇禮里,87,62169,715,529,306,848,646.29,90.44,"102Y"
,10013,屏東縣,10013010,屏東市,10013010-012,維新里,612,405897,663,550,325,803,567.88,85.62,"102Y"
,10013,屏東縣,10013010,屏東市,10013010-013,安樂里,147,123757,842,567,303,1212,850.84,101.06,"102Y"
,10013,屏東縣,10013010,屏東市,10013010-014,平和里,225,167578,745,492,241,843,1027.8,138,"102Y"
,10013,屏東縣,10013010,屏東市,10013010-015,楠樹里,140,88422,632,569,332,817,427.09,67.62,"102Y"
,10013,屏東縣,10013010,屏東市,10013010-016,扶風里,168,128740,766,510,315,891,871.89,113.78,"102Y"
,10013,屏東縣,10013010,屏東市,10013010-017,慶春里,84,91493,1089,476,294,924,3934.08,361.19,"102Y"
,10013,屏東縣,10013010,屏東市,10013010-018,金泉里,164,105823,645,447,234,790,700.59,108.58,"102Y"
,10013,屏東縣,10013010,屏東市,10013010-019,勝豐里,100,57388,574,431,224,786,546.48,95.22,"102Y"
,10013,屏東縣,10013010,屏東市,10013010-020,橋南里,422,345481,819,604,360,952,939.86,114.8,"102Y"
,10013,屏東縣,10013010,屏東市,10013010-021,橋北里,240,163682,682,548,300,898,566.92,83.13,"102Y"
,10013,屏東縣,10013010,屏東市,10013010-022,長春里,612,508708,831,590,339,1047,751.29,90.38,"102Y"
,10013,屏東縣,10013010,屏東市,10013010-023,豐榮里,801,667601,833,613,357,1074,803.4,96.39,"102Y"
,10013,屏東縣,10013010,屏東市,10013010-024,豐源里,1312,1099856,838,635,371,1078,716.92,85.52,"102Y"
,10013,屏東縣,10013010,屏東市,10013010-025,豐田里,1354,1171026,865,643,377,1094,759.5,87.82,"102Y"
,10013,屏東縣,10013010,屏東市,10013010-026,大連里,3434,3103330,904,666,375,1167,873.52,96.66,"102Y"
,10013,屏東縣,10013010,屏東市,10013010-027,湖西里,329,224061,681,555,332,931,519.87,76.34,"102Y"
,10013,屏東縣,10013010,屏東市,10013010-028,湖南里,265,177879,671,517,314,903,581.95,86.7,"102Y"
,10013,屏東縣,10013010,屏東市,10013010-029,歸心里,218,146290,671,533,310,850,705.74,105.17,"102Y"
,10013,屏東縣,10013010,屏東市,10013010-030,瑞光里,2134,1800850,844,634,355,1136,693.56,82.19,"102Y"
,10013,屏東縣,10013010,屏東市,10013010-031,新生里,1456,1091204,749,595,358,964,585.73,78.15,"102Y"
,10013,屏東縣,10013010,屏東市,10013010-032,頂宅里,90,52384,582,482,285,770,447.92,76.96,"102Y"
,10013,屏東縣,10013010,屏東市,10013010-033,厚生里,658,420552,639,518,307,794,541.1,84.66,"102Y"
,10013,屏東縣,10013010,屏東市,10013010-034,擇仁里,186,112232,603,481,299,780,483.57,80.14,"102Y"
,10013,屏東縣,10013010,屏東市,10013010-035,建國里,213,165255,776,577,327,1041,719.6,92.75,"102Y"
,10013,屏東縣,10013010,屏東市,10013010-036,一心里,400,357660,894,659,322,1236,788.28,88.16,"102Y"
,10013,屏東縣,10013010,屏東市,10013010-037,萬年里,144,83821,582,465,276,771,467.03,80.23,"102Y"
,10013,屏東縣,10013010,屏東市,10013010-038,義勇里,404,443362,1097,825,376,1419,1459.38,132.98,"102Y"
,10013,屏東縣,10013010,屏東市,10013010-039,光華里,185,119509,646,516,261,875,670.1,103.73,"102Y"
,10013,屏東縣,10013010,屏東市,10013010-040,永安里,1911,1396075,731,561,345,941,600.78,82.24,"102Y"
,10013,屏東縣,10013010,屏東市,10013010-041,新興里,714,565679,792,710,415,1007,535.98,67.65,"102Y"
,10013,屏東縣,10013010,屏東市,10013010-042,公館里,328,249230,760,576,358,925,663.9,87.37,"102Y"
,10013,屏東縣,10013010,屏東市,10013010-043,龍華里,496,344082,694,525,324,901,616.15,88.82,"102Y"
,10013,屏東縣,10013010,屏東市,10013010-044,玉成里,297,198001,667,533,348,895,515.23,77.28,"102Y"
,10013,屏東縣,10013010,屏東市,10013010-045,頂柳里,229,148322,648,504,284,803,539.03,83.22,"102Y"
,10013,屏東縣,10013010,屏東市,10013010-046,大湖里,393,262330,668,491,318,787,592.98,88.84,"102Y"
,10013,屏東縣,10013010,屏東市,10013010-047,凌雲里,125,72365,579,476,253,739,482.27,83.3,"102Y"
,10013,屏東縣,10013010,屏東市,10013010-048,鵬程里,161,144928,900,808,614,1096,485.92,53.98,"102Y"
,10013,屏東縣,10013010,屏東市,10013010-049,安鎮里,456,308143,676,530,331,842,541.81,80.18,"102Y"
,10013,屏東縣,10013010,屏東市,10013010-050,永光里,252,155209,616,523,286,791,522.79,84.88,"102Y"
,10013,屏東縣,10013010,屏東市,10013010-051,大洲里,270,165303,612,490,318,739,496.09,81.03,"102Y"
,10013,屏東縣,10013010,屏東市,10013010-053,大武里,2285,1689008,739,565,333,952,629.41,85.15,"102Y"
,10013,屏東縣,10013010,屏東市,10013010-054,前進里,656,422186,644,514,293,824,570.96,88.72,"102Y"
,10013,屏東縣,10013010,屏東市,10013010-055,清溪里,1151,841961,732,586,357,936,575.97,78.74,"102Y"
,10013,屏東縣,10013010,屏東市,10013010-056,長安里,352,218429,621,494,286,821,496.4,79.99,"102Y"
,10013,屏東縣,10013010,屏東市,10013010-057,永順里,66,38972,590,431,260,781,475.86,80.59,"102Y"
,10013,屏東縣,10013010,屏東市,10013010-058,永昌里,41,26141,638,449,290,784,771.69,121.03,"102Y"
,10013,屏東縣,10013010,屏東市,10013010-059,斯文里,563,466858,829,589,343,984,840.23,101.33,"102Y"
,10013,屏東縣,10013010,屏東市,10013010-060,華山里,1437,1116791,777,612,364,1009,630.71,81.16,"102Y"
,10013,屏東縣,10013010,屏東市,10013010-061,興樂里,217,173900,801,572,324,1010,815.69,101.78,"102Y"
,10013,屏東縣,10013010,屏東市,10013010-062,明正里,246,241301,981,585,309,1176,2121.25,216.26,"102Y"
,10013,屏東縣,10013010,屏東市,10013010-063,太平里,224,190833,852,654,360,1075,780.95,91.67,"102Y"
,10013,屏東縣,10013010,屏東市,10013010-064,中正里,1551,1342765,866,651,369,1137,720.16,83.18,"102Y"
,10013,屏東縣,10013010,屏東市,10013010-065,勝利里,1389,1062352,765,601,364,984,661.41,86.48,"102Y"
,10013,屏東縣,10013010,屏東市,10013010-066,永城里,522,369966,709,521,296,891,710.95,100.31,"102Y"
,10013,屏東縣,10013010,屏東市,10013010-067,溝美里,687,541895,789,595,342,1012,753.67,95.55,"102Y"
,10013,屏東縣,10013010,屏東市,10013010-068,北勢里,718,567848,791,569,339,979,951.88,120.36,"102Y"
,10013,屏東縣,10013010,屏東市,10013010-069,北興里,1776,1382318,778,596,339,1020,653.15,83.92,"102Y"
,10013,屏東縣,10013010,屏東市,10013010-070,仁愛里,696,559147,803,608,346,1063,688.66,85.72,"102Y"
,10013,屏東縣,10013010,屏東市,10013010-071,廣興里,431,273860,635,501,301,798,531.77,83.69,"102Y"
,10013,屏東縣,10013010,屏東市,10013010-073,崇蘭里,3271,2782484,851,672,392,1104,723.18,85.01,"102Y"
,10013,屏東縣,10013010,屏東市,10013010-074,空翔里,331,298458,902,658,388,1051,1272.3,141.1,"102Y"
,10013,屏東縣,10013010,屏東市,10013010-075,潭墘里,3059,2254491,737,599,355,980,560.86,76.1,"102Y"
,10013,屏東縣,10013010,屏東市,10013010-076,三山里,292,181946,623,473,298,815,527.3,84.62,"102Y"
,10013,屏東縣,10013010,屏東市,10013010-077,海豐里,189,141044,746,599,383,901,606.07,81.21,"102Y"
,10013,屏東縣,10013010,屏東市,10013010-078,仁義里,255,171051,671,554,335,866,531.94,79.3,"102Y"
,10013,屏東縣,10013010,屏東市,10013010-079,和興里,181,104403,577,502,314,740,411.58,71.35,"102Y"
,10013,屏東縣,10013010,屏東市,10013010-080,信和里,335,216337,646,548,320,826,485.31,75.15,"102Y"
,10013,屏東縣,10013010,屏東市,10013010-081,崇武里,742,554711,748,605,336,993,610.01,81.6,"102Y"
X,10013,屏東縣,10013010,屏東市,10013010-999,其他,3,1070,357,370,186,534,348.88,97.82,"102Y"
,10013,屏東縣,10013020,潮州鎮,10013020-001,潮州里,154,123883,804,476,269,858,1345.89,167.31,"102Y"
,10013,屏東縣,10013020,潮州鎮,10013020-002,同榮里,156,88200,565,435,206,732,609.57,107.82,"102Y"
,10013,屏東縣,10013020,潮州鎮,10013020-003,新榮里,363,271774,749,553,287,1009,740.68,98.93,"102Y"
,10013,屏東縣,10013020,潮州鎮,10013020-004,新生里,292,205222,703,546,303,907,595.31,84.7,"102Y"
,10013,屏東縣,10013020,潮州鎮,10013020-005,光華里,1218,922185,757,589,338,1016,625.25,82.58,"102Y"
,10013,屏東縣,10013020,潮州鎮,10013020-006,彭城里,175,122843,702,497,311,873,610.06,86.91,"102Y"
,10013,屏東縣,10013020,潮州鎮,10013020-007,三星里,1422,1098481,772,602,354,1021,654.63,84.74,"102Y"
,10013,屏東縣,10013020,潮州鎮,10013020-008,三共里,1884,1514857,804,597,355,1028,877.7,109.16,"102Y"
,10013,屏東縣,10013020,潮州鎮,10013020-009,三和里,556,447209,804,631,328,1063,753.3,93.65,"102Y"
,10013,屏東縣,10013020,潮州鎮,10013020-010,五魁里,332,222272,669,539,316,878,563.51,84.17,"102Y"
,10013,屏東縣,10013020,潮州鎮,10013020-011,蓬萊里,486,351520,723,563,328,941,595.45,82.32,"102Y"
,10013,屏東縣,10013020,潮州鎮,10013020-012,八爺里,510,329312,646,517,322,860,489.54,75.81,"102Y"
,10013,屏東縣,10013020,潮州鎮,10013020-013,永春里,1763,1256220,713,576,331,963,553.71,77.71,"102Y"
,10013,屏東縣,10013020,潮州鎮,10013020-014,富春里,244,150207,616,505,316,789,523.11,84.98,"102Y"
,10013,屏東縣,10013020,潮州鎮,10013020-015,光春里,276,171731,622,493,331,809,520.69,83.68,"102Y"
,10013,屏東縣,10013020,潮州鎮,10013020-016,興美里,163,111371,683,575,343,861,473.34,69.28,"102Y"
,10013,屏東縣,10013020,潮州鎮,10013020-017,檨子里,69,39064,566,512,306,730,359.21,63.45,"102Y"
,10013,屏東縣,10013020,潮州鎮,10013020-018,九塊里,252,142884,567,455,268,696,488.29,86.12,"102Y"
,10013,屏東縣,10013020,潮州鎮,10013020-019,泗林里,343,231708,676,531,331,893,555.66,82.26,"102Y"
,10013,屏東縣,10013020,潮州鎮,10013020-020,四春里,370,218013,589,488,302,747,479.47,81.37,"102Y"
,10013,屏東縣,10013020,潮州鎮,10013020-021,崙東里,219,121016,553,465,269,690,413.91,74.9,"102Y"
X,10013,屏東縣,10013020,潮州鎮,10013020-999,其他,0,0,0,0,0,0,0,0,"102Y"
,10013,屏東縣,10013030,東港鎮,10013030-001,新勝里,605,507952,840,551,330,939,2182.41,259.94,"102Y"
,10013,屏東縣,10013030,東港鎮,10013030-002,頂新里,130,92507,712,537,373,815,591.84,83.17,"102Y"
,10013,屏東縣,10013030,東港鎮,10013030-003,頂中里,113,76954,681,476,286,883,653.81,96.01,"102Y"
,10013,屏東縣,10013030,東港鎮,10013030-004,東和里,160,91092,569,412,256,717,508.21,89.26,"102Y"
,10013,屏東縣,10013030,東港鎮,10013030-005,興台里,138,102497,743,566,361,830,656.77,88.43,"102Y"
,10013,屏東縣,10013030,東港鎮,10013030-006,中興里,188,114271,608,463,279,737,577.53,95.02,"102Y"
,10013,屏東縣,10013030,東港鎮,10013030-007,朝安里,389,252218,648,489,267,846,581.56,89.7,"102Y"
,10013,屏東縣,10013030,東港鎮,10013030-008,八德里,177,138610,783,529,323,880,1205.01,153.87,"102Y"
,10013,屏東縣,10013030,東港鎮,10013030-009,東隆里,253,153979,609,496,309,749,506.72,83.26,"102Y"
,10013,屏東縣,10013030,東港鎮,10013030-010,豐漁里,120,81549,680,542,324,853,641.45,94.39,"102Y"
,10013,屏東縣,10013030,東港鎮,10013030-011,盛漁里,235,132405,563,462,312,686,481.44,85.45,"102Y"
,10013,屏東縣,10013030,東港鎮,10013030-012,興漁里,358,216792,606,490,323,772,454.73,75.09,"102Y"
,10013,屏東縣,10013030,東港鎮,10013030-013,鎮海里,477,268997,564,445,299,698,465.87,82.61,"102Y"
,10013,屏東縣,10013030,東港鎮,10013030-014,嘉蓮里,304,185568,610,497,310,742,503.91,82.55,"102Y"
,10013,屏東縣,10013030,東港鎮,10013030-015,南平里,245,115104,470,383,218,635,357.07,76,"102Y"
,10013,屏東縣,10013030,東港鎮,10013030-016,船頭里,1196,860940,720,560,334,927,595.42,82.71,"102Y"
,10013,屏東縣,10013030,東港鎮,10013030-017,下?里,363,213447,588,483,318,733,408.09,69.4,"102Y"
,10013,屏東縣,10013030,東港鎮,10013030-018,大潭里,328,202376,617,485,302,772,507.9,82.32,"102Y"
,10013,屏東縣,10013030,東港鎮,10013030-019,興東里,2046,1578904,772,581,324,982,798.5,103.47,"102Y"
,10013,屏東縣,10013030,東港鎮,10013030-020,興農里,277,203790,736,553,341,980,716.81,97.43,"102Y"
,10013,屏東縣,10013030,東港鎮,10013030-021,興和里,221,140218,634,499,317,831,485.27,76.48,"102Y"
,10013,屏東縣,10013030,東港鎮,10013030-022,共和里,129,118899,922,573,333,1087,1060.56,115.07,"102Y"
,10013,屏東縣,10013030,東港鎮,10013030-023,大鵬里,32,22542,704,503,317,977,606.77,86.14,"102Y"
X,10013,屏東縣,10013030,東港鎮,10013030-999,其他,0,0,0,0,0,0,0,0,"102Y"
,10013,屏東縣,10013040,恆春鎮,10013040-001,城南里,266,176244,663,512,288,813,611.15,92.24,"102Y"
,10013,屏東縣,10013040,恆春鎮,10013040-002,城北里,524,348554,665,474,302,913,577,86.74,"102Y"
,10013,屏東縣,10013040,恆春鎮,10013040-003,城西里,246,169655,690,548,328,904,523.47,75.9,"102Y"
,10013,屏東縣,10013040,恆春鎮,10013040-004,山腳里,881,624593,709,504,291,852,1469.69,207.3,"102Y"
,10013,屏東縣,10013040,恆春鎮,10013040-005,網紗里,630,549086,872,491,297,825,5018.02,575.75,"102Y"
,10013,屏東縣,10013040,恆春鎮,10013040-006,仁壽里,125,71893,575,429,242,708,568.1,98.77,"102Y"
,10013,屏東縣,10013040,恆春鎮,10013040-007,茄湖里,69,36621,531,442,265,659,377.47,71.12,"102Y"
,10013,屏東縣,10013040,恆春鎮,10013040-008,頭溝里,64,40105,627,609,341,781,383.54,61.21,"102Y"
,10013,屏東縣,10013040,恆春鎮,10013040-009,四溝里,127,82856,652,512,334,865,486.09,74.51,"102Y"
,10013,屏東縣,10013040,恆春鎮,10013040-010,德和里,156,105171,674,495,284,845,562.38,83.42,"102Y"
,10013,屏東縣,10013040,恆春鎮,10013040-011,龍水里,193,228892,1186,481,318,746,7877.33,664.21,"102Y"
,10013,屏東縣,10013040,恆春鎮,10013040-012,山海里,233,246879,1060,418,280,677,6043.22,570.35,"102Y"
,10013,屏東縣,10013040,恆春鎮,10013040-013,大光里,333,183756,552,457,280,724,395.06,71.59,"102Y"
,10013,屏東縣,10013040,恆春鎮,10013040-014,水泉里,210,105033,500,386,246,649,392.29,78.43,"102Y"
,10013,屏東縣,10013040,恆春鎮,10013040-015,南灣里,382,391994,1026,717,379,1451,947.15,92.3,"102Y"
,10013,屏東縣,10013040,恆春鎮,10013040-016,墾丁里,224,151187,675,532,313,826,590.72,87.52,"102Y"
,10013,屏東縣,10013040,恆春鎮,10013040-017,鵝鑾里,141,96320,683,415,279,673,1679.96,245.93,"102Y"
X,10013,屏東縣,10013040,恆春鎮,10013040-999,其他,34,18919,556,435,323,614,387.8,69.69,"102Y"
,10013,屏東縣,10013050,萬丹鄉,10013050-001,萬安村,157,113692,724,542,279,924,671.53,92.73,"102Y"
,10013,屏東縣,10013050,萬丹鄉,10013050-002,萬惠村,205,153379,748,593,307,1050,610.42,81.59,"102Y"
,10013,屏東縣,10013050,萬丹鄉,10013050-003,萬全村,860,646791,752,589,341,959,633.85,84.28,"102Y"
,10013,屏東縣,10013050,萬丹鄉,10013050-004,萬後村,157,103922,662,511,318,889,509.51,76.97,"102Y"
,10013,屏東縣,10013050,萬丹鄉,10013050-005,萬生村,344,243419,708,544,333,861,644.63,91.1,"102Y"
,10013,屏東縣,10013050,萬丹鄉,10013050-006,寶厝村,499,353368,708,564,344,923,532.99,75.26,"102Y"
,10013,屏東縣,10013050,萬丹鄉,10013050-007,四維村,397,264619,667,513,316,908,498.72,74.82,"102Y"
,10013,屏東縣,10013050,萬丹鄉,10013050-008,竹林村,276,205070,743,477,293,788,977.5,131.56,"102Y"
,10013,屏東縣,10013050,萬丹鄉,10013050-009,廣安村,585,394518,674,527,303,859,569.14,84.39,"102Y"
,10013,屏東縣,10013050,萬丹鄉,10013050-010,田厝村,223,162205,727,609,349,981,547.02,75.2,"102Y"
,10013,屏東縣,10013050,萬丹鄉,10013050-011,崙頂村,435,278957,641,500,326,823,510.12,79.55,"102Y"
,10013,屏東縣,10013050,萬丹鄉,10013050-012,?北村,316,199793,632,506,309,759,578.28,91.46,"102Y"
,10013,屏東縣,10013050,萬丹鄉,10013050-013,?南村,278,180045,648,580,312,833,487.11,75.21,"102Y"
,10013,屏東縣,10013050,萬丹鄉,10013050-014,上村村,158,99193,628,508,310,778,531.67,84.69,"102Y"
,10013,屏東縣,10013050,萬丹鄉,10013050-015,加興村,243,171255,705,508,330,956,599.39,85.05,"102Y"
,10013,屏東縣,10013050,萬丹鄉,10013050-016,社口村,284,197734,696,531,320,874,588.41,84.51,"102Y"
,10013,屏東縣,10013050,萬丹鄉,10013050-017,磚寮村,207,135116,653,585,345,834,443.65,67.97,"102Y"
,10013,屏東縣,10013050,萬丹鄉,10013050-018,社皮村,412,300474,729,566,334,932,594.59,81.53,"102Y"
,10013,屏東縣,10013050,萬丹鄉,10013050-019,社上村,316,208651,660,535,325,796,588.78,89.17,"102Y"
,10013,屏東縣,10013050,萬丹鄉,10013050-020,社中村,311,225036,724,546,322,878,723.54,99.99,"102Y"
,10013,屏東縣,10013050,萬丹鄉,10013050-021,水泉村,414,329486,796,635,350,1006,651.16,81.82,"102Y"
,10013,屏東縣,10013050,萬丹鄉,10013050-022,新庄村,463,343969,743,588,336,966,580.95,78.2,"102Y"
,10013,屏東縣,10013050,萬丹鄉,10013050-023,香社村,325,223232,687,514,321,864,618.24,90.01,"102Y"
,10013,屏東縣,10013050,萬丹鄉,10013050-024,後村村,219,135855,620,500,301,836,431.27,69.52,"102Y"
,10013,屏東縣,10013050,萬丹鄉,10013050-025,新鐘村,447,309332,692,546,332,924,526.73,76.12,"102Y"
,10013,屏東縣,10013050,萬丹鄉,10013050-026,灣內村,249,159492,641,526,310,780,514.48,80.32,"102Y"
,10013,屏東縣,10013050,萬丹鄉,10013050-027,興全村,217,143051,659,514,315,860,572.5,86.85,"102Y"
,10013,屏東縣,10013050,萬丹鄉,10013050-028,興安村,165,116494,706,606,344,929,492.78,69.8,"102Y"
,10013,屏東縣,10013050,萬丹鄉,10013050-029,水仙村,117,79406,679,567,386,820,469.35,69.16,"102Y"
,10013,屏東縣,10013050,萬丹鄉,10013050-030,甘棠村,61,35602,584,449,288,720,460.08,78.83,"102Y"
X,10013,屏東縣,10013050,萬丹鄉,10013050-999,其他,0,0,0,0,0,0,0,0,"102Y"
,10013,屏東縣,10013060,長治鄉,10013060-001,進興村,618,452219,732,581,348,956,560.59,76.61,"102Y"
,10013,屏東縣,10013060,長治鄉,10013060-002,新潭村,916,704966,770,607,362,1029,605.94,78.73,"102Y"
,10013,屏東縣,10013060,長治鄉,10013060-003,潭頭村,510,408185,800,643,370,1053,601.92,75.21,"102Y"
,10013,屏東縣,10013060,長治鄉,10013060-004,香楊村,694,604759,871,662,358,1141,743.87,85.36,"102Y"
,10013,屏東縣,10013060,長治鄉,10013060-005,長興村,274,213891,781,539,324,1005,688.25,88.17,"102Y"
,10013,屏東縣,10013060,長治鄉,10013060-006,德成村,218,156967,720,589,364,955,515.25,71.56,"102Y"
,10013,屏東縣,10013060,長治鄉,10013060-007,德協村,250,181794,727,521,315,939,659.15,90.65,"102Y"
,10013,屏東縣,10013060,長治鄉,10013060-008,復興村,285,191263,671,542,319,864,551.59,82.19,"102Y"
,10013,屏東縣,10013060,長治鄉,10013060-009,崙上村,404,279206,691,561,353,902,518.71,75.06,"102Y"
,10013,屏東縣,10013060,長治鄉,10013060-010,德榮村,263,188547,717,543,367,929,535.59,74.71,"102Y"
,10013,屏東縣,10013060,長治鄉,10013060-011,德和村,142,77830,548,484,295,666,406.42,74.15,"102Y"
,10013,屏東縣,10013060,長治鄉,10013060-012,繁華村,433,269617,623,506,323,766,491.1,78.87,"102Y"
,10013,屏東縣,10013060,長治鄉,10013060-013,繁昌村,313,203284,649,497,293,798,573.42,88.29,"102Y"
,10013,屏東縣,10013060,長治鄉,10013060-014,繁榮村,247,157739,639,523,320,821,486.18,76.13,"102Y"
,10013,屏東縣,10013060,長治鄉,10013060-015,繁隆村,230,146872,639,546,308,867,442.26,69.26,"102Y"
,10013,屏東縣,10013060,長治鄉,10013060-016,榮華村,107,68245,638,454,328,716,793.27,124.38,"102Y"
X,10013,屏東縣,10013060,長治鄉,10013060-999,其他,0,0,0,0,0,0,0,0,"102Y"
,10013,屏東縣,10013070,麟洛鄉,10013070-001,新田村,543,401339,739,587,392,984,525.31,71.07,"102Y"
,10013,屏東縣,10013070,麟洛鄉,10013070-002,麟頂村,256,193162,755,533,325,986,734.14,97.3,"102Y"
,10013,屏東縣,10013070,麟洛鄉,10013070-003,麟蹄村,399,268511,673,521,304,903,656.32,97.53,"102Y"
,10013,屏東縣,10013070,麟洛鄉,10013070-004,麟趾村,681,494653,726,595,364,924,534.06,73.53,"102Y"
,10013,屏東縣,10013070,麟洛鄉,10013070-005,田中村,305,225354,739,588,338,969,592.09,80.13,"102Y"
,10013,屏東縣,10013070,麟洛鄉,10013070-006,田心村,226,177590,786,625,345,1011,658.64,83.82,"102Y"
,10013,屏東縣,10013070,麟洛鄉,10013070-007,田道村,162,106429,657,527,340,899,490.07,74.6,"102Y"
X,10013,屏東縣,10013070,麟洛鄉,10013070-999,其他,0,0,0,0,0,0,0,0,"102Y"
,10013,屏東縣,10013080,九如鄉,10013080-001,九清村,310,213655,689,563,335,897,532.51,77.26,"102Y"
,10013,屏東縣,10013080,九如鄉,10013080-002,九塊村,258,169115,655,528,319,827,517.65,78.97,"102Y"
,10013,屏東縣,10013080,九如鄉,10013080-003,九明村,303,182141,601,498,335,744,469.99,78.18,"102Y"
,10013,屏東縣,10013080,九如鄉,10013080-004,玉水村,249,143236,575,484,296,763,400.43,69.61,"102Y"
,10013,屏東縣,10013080,九如鄉,10013080-005,大坵村,194,132984,685,489,303,782,822.92,120.05,"102Y"
,10013,屏東縣,10013080,九如鄉,10013080-006,三塊村,249,144649,581,506,316,747,408.71,70.36,"102Y"
,10013,屏東縣,10013080,九如鄉,10013080-007,後庄村,329,195827,595,515,294,794,434.48,73,"102Y"
,10013,屏東縣,10013080,九如鄉,10013080-008,耆老村,239,162740,681,549,319,915,495.99,72.84,"102Y"
,10013,屏東縣,10013080,九如鄉,10013080-009,洽興村,230,143989,626,505,307,811,483.2,77.18,"102Y"
,10013,屏東縣,10013080,九如鄉,10013080-010,東寧村,943,648611,688,540,313,873,628.04,91.31,"102Y"
,10013,屏東縣,10013080,九如鄉,10013080-011,玉泉村,342,241607,706,527,333,872,706.4,99.99,"102Y"
X,10013,屏東縣,10013080,九如鄉,10013080-999,其他,0,0,0,0,0,0,0,0,"102Y"
,10013,屏東縣,10013090,里港鄉,10013090-001,玉田村,652,450021,690,547,324,913,553.59,80.21,"102Y"
,10013,屏東縣,10013090,里港鄉,10013090-002,大平村,254,159239,627,524,293,785,511.42,81.58,"102Y"
,10013,屏東縣,10013090,里港鄉,10013090-003,永春村,179,126827,709,564,326,867,635.19,89.65,"102Y"
,10013,屏東縣,10013090,里港鄉,10013090-004,春林村,261,182774,700,558,379,931,541.31,77.3,"102Y"
,10013,屏東縣,10013090,里港鄉,10013090-005,過江村,415,290316,700,537,332,926,594.36,84.96,"102Y"
,10013,屏東縣,10013090,里港鄉,10013090-006,鐵店村,292,214571,735,566,342,987,623.92,84.91,"102Y"
,10013,屏東縣,10013090,里港鄉,10013090-007,塔樓村,294,213276,725,533,346,868,671.21,92.53,"102Y"
,10013,屏東縣,10013090,里港鄉,10013090-008,潮厝村,301,201845,671,508,325,912,509.66,76,"102Y"
,10013,屏東縣,10013090,里港鄉,10013090-009,茄苳村,295,210331,713,568,305,960,574.84,80.62,"102Y"
,10013,屏東縣,10013090,里港鄉,10013090-010,載興村,447,283356,634,517,319,815,479.85,75.7,"102Y"
,10013,屏東縣,10013090,里港鄉,10013090-011,土庫村,374,238024,636,504,318,843,506,79.51,"102Y"
,10013,屏東縣,10013090,里港鄉,10013090-012,三?村,334,222435,666,497,295,842,599.23,89.98,"102Y"
,10013,屏東縣,10013090,里港鄉,10013090-013,中和村,171,134688,788,515,324,777,1723.86,218.86,"102Y"
,10013,屏東縣,10013090,里港鄉,10013090-014,瀰力村,88,56523,642,493,302,741,609.04,94.82,"102Y"
X,10013,屏東縣,10013090,里港鄉,10013090-999,其他,0,0,0,0,0,0,0,0,"102Y"
,10013,屏東縣,10013100,鹽埔鄉,10013100-001,新圍村,546,340254,623,514,304,821,476.54,76.47,"102Y"
,10013,屏東縣,10013100,鹽埔鄉,10013100-002,高朗村,462,308888,669,526,329,871,512.58,76.67,"102Y"
,10013,屏東縣,10013100,鹽埔鄉,10013100-003,鹽北村,381,246520,647,502,331,827,518.74,80.17,"102Y"
,10013,屏東縣,10013100,鹽埔鄉,10013100-004,鹽中村,423,273470,647,531,341,808,492.58,76.19,"102Y"
,10013,屏東縣,10013100,鹽埔鄉,10013100-005,鹽南村,326,223718,686,565,349,847,506.88,73.86,"102Y"
,10013,屏東縣,10013100,鹽埔鄉,10013100-006,仕絨村,183,113947,623,427,274,748,597.65,95.98,"102Y"
,10013,屏東縣,10013100,鹽埔鄉,10013100-007,振興村,253,163785,647,533,335,789,495.7,76.57,"102Y"
,10013,屏東縣,10013100,鹽埔鄉,10013100-008,永隆村,82,45749,558,464,311,683,392.2,70.3,"102Y"
,10013,屏東縣,10013100,鹽埔鄉,10013100-009,久愛村,137,85988,628,496,298,805,478.44,76.23,"102Y"
,10013,屏東縣,10013100,鹽埔鄉,10013100-010,洛陽村,349,210085,602,469,296,770,466.49,77.5,"102Y"
,10013,屏東縣,10013100,鹽埔鄉,10013100-011,新二村,681,446176,655,523,317,827,516.64,78.85,"102Y"
,10013,屏東縣,10013100,鹽埔鄉,10013100-012,彭厝村,166,106579,642,536,331,852,449.1,69.95,"102Y"
X,10013,屏東縣,10013100,鹽埔鄉,10013100-999,其他,0,0,0,0,0,0,0,0,"102Y"
,10013,屏東縣,10013110,高樹鄉,10013110-001,高樹村,389,267792,688,493,285,850,753.76,109.49,"102Y"
,10013,屏東縣,10013110,高樹鄉,10013110-002,長榮村,207,153355,741,467,257,873,1100.31,148.52,"102Y"
,10013,屏東縣,10013110,高樹鄉,10013110-003,東興村,128,90186,705,567,319,822,599.76,85.12,"102Y"
,10013,屏東縣,10013110,高樹鄉,10013110-004,東振村,84,50523,601,464,324,852,408.35,67.89,"102Y"
,10013,屏東縣,10013110,高樹鄉,10013110-005,源泉村,134,77232,576,443,317,707,462.6,80.26,"102Y"
,10013,屏東縣,10013110,高樹鄉,10013110-006,建興村,141,87158,618,530,345,762,525.09,84.95,"102Y"
,10013,屏東縣,10013110,高樹鄉,10013110-007,大埔村,81,52280,645,433,296,716,680.89,105.49,"102Y"
,10013,屏東縣,10013110,高樹鄉,10013110-008,菜寮村,100,63754,638,471,277,841,553.41,86.8,"102Y"
,10013,屏東縣,10013110,高樹鄉,10013110-009,司馬村,92,58899,640,539,329,768,467.69,73.05,"102Y"
,10013,屏東縣,10013110,高樹鄉,10013110-010,舊寮村,173,116834,675,490,299,867,599.22,88.73,"102Y"
,10013,屏東縣,10013110,高樹鄉,10013110-011,新豐村,209,126409,605,501,281,797,492.73,81.47,"102Y"
,10013,屏東縣,10013110,高樹鄉,10013110-012,泰山村,235,148667,633,506,314,877,523.84,82.8,"102Y"
,10013,屏東縣,10013110,高樹鄉,10013110-013,南華村,157,90010,573,481,294,714,574.36,100.18,"102Y"
,10013,屏東縣,10013110,高樹鄉,10013110-014,廣福村,131,84921,648,450,311,811,518.47,79.98,"102Y"
,10013,屏東縣,10013110,高樹鄉,10013110-015,廣興村,148,91582,619,503,310,741,541.99,87.59,"102Y"
,10013,屏東縣,10013110,高樹鄉,10013110-016,舊庄村,121,65744,543,459,270,723,384.53,70.77,"102Y"
,10013,屏東縣,10013110,高樹鄉,10013110-017,田子村,144,89600,622,473,333,833,437.55,70.32,"102Y"
,10013,屏東縣,10013110,高樹鄉,10013110-018,鹽樹村,185,108901,589,469,274,711,552.43,93.85,"102Y"
,10013,屏東縣,10013110,高樹鄉,10013110-019,新南村,226,134941,597,505,315,748,439.46,73.6,"102Y"
X,10013,屏東縣,10013110,高樹鄉,10013110-999,其他,0,0,0,0,0,0,0,0,"102Y"
,10013,屏東縣,10013120,萬巒鄉,10013120-001,萬巒村,310,248616,802,581,370,918,1084.01,135.16,"102Y"
,10013,屏東縣,10013120,萬巒鄉,10013120-002,萬全村,170,134518,791,538,333,833,1007.86,127.37,"102Y"
,10013,屏東縣,10013120,萬巒鄉,10013120-003,萬和村,376,275055,732,608,366,928,536.98,73.41,"102Y"
,10013,屏東縣,10013120,萬巒鄉,10013120-004,鹿寮村,200,168575,843,692,388,1001,1085.59,128.8,"102Y"
,10013,屏東縣,10013120,萬巒鄉,10013120-005,硫黃村,115,79573,692,531,357,882,519.01,75.01,"102Y"
,10013,屏東縣,10013120,萬巒鄉,10013120-006,泗溝村,234,170779,730,558,373,970,545.57,74.75,"102Y"
,10013,屏東縣,10013120,萬巒鄉,10013120-007,五溝村,241,174792,725,548,361,910,571.01,78.73,"102Y"
,10013,屏東縣,10013120,萬巒鄉,10013120-008,成德村,266,176266,663,521,314,867,515.83,77.84,"102Y"
,10013,屏東縣,10013120,萬巒鄉,10013120-009,萬金村,313,165477,529,434,303,658,424.78,80.35,"102Y"
,10013,屏東縣,10013120,萬巒鄉,10013120-010,赤山村,249,137572,552,460,305,678,455.91,82.52,"102Y"
,10013,屏東縣,10013120,萬巒鄉,10013120-011,佳佐村,272,154425,568,462,267,712,447.18,78.77,"102Y"
,10013,屏東縣,10013120,萬巒鄉,10013120-012,佳和村,272,195096,717,507,289,946,654.24,91.21,"102Y"
,10013,屏東縣,10013120,萬巒鄉,10013120-013,新厝村,180,102510,569,463,306,687,506.51,88.94,"102Y"
,10013,屏東縣,10013120,萬巒鄉,10013120-014,新置村,181,107682,595,499,317,765,406.17,68.27,"102Y"
X,10013,屏東縣,10013120,萬巒鄉,10013120-999,其他,0,0,0,0,0,0,0,0,"102Y"
,10013,屏東縣,10013130,內埔鄉,10013130-001,內埔村,1072,799364,746,596,329,980,581.69,78.01,"102Y"
,10013,屏東縣,10013130,內埔鄉,10013130-002,內田村,804,584005,726,576,336,970,588.59,81.03,"102Y"
,10013,屏東縣,10013130,內埔鄉,10013130-003,興南村,288,188162,653,533,330,890,465.29,71.22,"102Y"
,10013,屏東縣,10013130,內埔鄉,10013130-004,義亭村,114,80737,708,595,331,955,512.86,72.41,"102Y"
,10013,屏東縣,10013130,內埔鄉,10013130-005,美和村,554,393228,710,573,341,910,606.35,85.43,"102Y"
,10013,屏東縣,10013130,內埔鄉,10013130-006,和興村,714,567900,795,671,383,1047,578.68,72.75,"102Y"
,10013,屏東縣,10013130,內埔鄉,10013130-007,東寧村,1149,836278,728,600,352,932,545.62,74.96,"102Y"
,10013,屏東縣,10013130,內埔鄉,10013130-008,豐田村,686,496699,724,581,350,926,573.42,79.2,"102Y"
,10013,屏東縣,10013130,內埔鄉,10013130-009,振豐村,400,291935,730,579,346,985,557.13,76.34,"102Y"
,10013,屏東縣,10013130,內埔鄉,10013130-010,富田村,429,291716,680,559,359,897,506.89,74.54,"102Y"
,10013,屏東縣,10013130,內埔鄉,10013130-011,竹圍村,441,281767,639,505,319,831,505.31,79.09,"102Y"
,10013,屏東縣,10013130,內埔鄉,10013130-012,東勢村,592,375195,634,506,343,792,467.19,73.72,"102Y"
,10013,屏東縣,10013130,內埔鄉,10013130-013,東片村,228,156741,687,535,335,805,657.11,95.59,"102Y"
,10013,屏東縣,10013130,內埔鄉,10013130-014,上樹村,238,146984,618,492,324,725,463.31,75.02,"102Y"
,10013,屏東縣,10013130,內埔鄉,10013130-015,老埤村,365,214747,588,471,302,744,429.62,73.02,"102Y"
,10013,屏東縣,10013130,內埔鄉,10013130-016,中林村,269,142273,529,447,305,654,383.77,72.56,"102Y"
,10013,屏東縣,10013130,內埔鄉,10013130-017,龍泉村,403,233256,579,486,294,737,487.11,84.16,"102Y"
,10013,屏東縣,10013130,內埔鄉,10013130-018,龍潭村,384,238377,621,532,307,786,477.14,76.86,"102Y"
,10013,屏東縣,10013130,內埔鄉,10013130-019,建興村,135,82188,609,490,316,882,413.81,67.97,"102Y"
,10013,屏東縣,10013130,內埔鄉,10013130-020,大新村,321,201072,626,499,304,791,515.69,82.33,"102Y"
,10013,屏東縣,10013130,內埔鄉,10013130-021,黎明村,391,248058,634,527,347,803,457.7,72.14,"102Y"
,10013,屏東縣,10013130,內埔鄉,10013130-022,隘寮村,167,107828,646,526,365,827,434.62,67.31,"102Y"
,10013,屏東縣,10013130,內埔鄉,10013130-023,水門村,138,80415,583,493,265,768,452.84,77.71,"102Y"
X,10013,屏東縣,10013130,內埔鄉,10013130-999,其他,0,0,0,0,0,0,0,0,"102Y"
,10013,屏東縣,10013140,竹田鄉,10013140-001,竹田村,404,286127,708,544,359,895,612.94,86.54,"102Y"
,10013,屏東縣,10013140,竹田鄉,10013140-002,竹南村,168,126497,753,559,338,849,1389.02,184.48,"102Y"
,10013,屏東縣,10013140,竹田鄉,10013140-003,糶糴村,168,133465,794,594,410,904,866.96,109.13,"102Y"
,10013,屏東縣,10013140,竹田鄉,10013140-004,履豐村,149,105507,708,559,344,935,471.8,66.63,"102Y"
,10013,屏東縣,10013140,竹田鄉,10013140-005,頭崙村,263,179827,684,545,342,873,533.64,78.05,"102Y"
,10013,屏東縣,10013140,竹田鄉,10013140-006,二崙村,210,160966,767,643,347,976,626.14,81.69,"102Y"
,10013,屏東縣,10013140,竹田鄉,10013140-007,美崙村,173,111640,645,560,322,809,482.28,74.74,"102Y"
,10013,屏東縣,10013140,竹田鄉,10013140-008,南勢村,96,62965,656,602,385,799,440.75,67.2,"102Y"
,10013,屏東縣,10013140,竹田鄉,10013140-009,西勢村,602,411987,684,552,322,879,562.67,82.22,"102Y"
,10013,屏東縣,10013140,竹田鄉,10013140-010,福田村,105,69278,660,577,311,883,448.18,67.93,"102Y"
,10013,屏東縣,10013140,竹田鄉,10013140-011,永豐村,185,148636,803,678,453,1026,496.1,61.75,"102Y"
,10013,屏東縣,10013140,竹田鄉,10013140-012,六巷村,153,110418,722,597,359,882,564.75,78.25,"102Y"
,10013,屏東縣,10013140,竹田鄉,10013140-013,泗洲村,206,127335,618,503,285,825,469.08,75.89,"102Y"
,10013,屏東縣,10013140,竹田鄉,10013140-014,大湖村,225,154768,688,525,339,869,602.06,87.53,"102Y"
,10013,屏東縣,10013140,竹田鄉,10013140-015,鳳明村,211,120157,569,442,311,739,426.1,74.83,"102Y"
X,10013,屏東縣,10013140,竹田鄉,10013140-999,其他,0,0,0,0,0,0,0,0,"102Y"
,10013,屏東縣,10013150,新埤鄉,10013150-001,新埤村,414,261822,632,518,334,814,488.8,77.29,"102Y"
,10013,屏東縣,10013150,新埤鄉,10013150-002,建功村,240,169352,706,590,356,922,532.1,75.41,"102Y"
,10013,屏東縣,10013150,新埤鄉,10013150-003,打鐵村,210,151295,720,553,329,972,570.44,79.18,"102Y"
,10013,屏東縣,10013150,新埤鄉,10013150-004,南豐村,137,73883,539,456,300,701,387.32,71.82,"102Y"
,10013,屏東縣,10013150,新埤鄉,10013150-005,萬隆村,218,130083,597,492,304,772,441.77,74.03,"102Y"
,10013,屏東縣,10013150,新埤鄉,10013150-006,箕湖村,122,62832,515,457,232,696,398.27,77.33,"102Y"
,10013,屏東縣,10013150,新埤鄉,10013150-007,餉潭村,188,86769,462,424,279,559,318.13,68.93,"102Y"
X,10013,屏東縣,10013150,新埤鄉,10013150-999,其他,0,0,0,0,0,0,0,0,"102Y"
,10013,屏東縣,10013160,枋寮鄉,10013160-001,枋寮村,259,165554,639,528,312,857,472.75,73.96,"102Y"
,10013,屏東縣,10013160,枋寮鄉,10013160-002,新龍村,131,89659,684,532,335,884,642.57,93.89,"102Y"
,10013,屏東縣,10013160,枋寮鄉,10013160-003,保生村,147,86311,587,529,310,729,408.57,69.59,"102Y"
,10013,屏東縣,10013160,枋寮鄉,10013160-004,中寮村,84,52232,622,531,341,774,437.07,70.29,"102Y"
,10013,屏東縣,10013160,枋寮鄉,10013160-005,安樂村,294,185979,633,511,307,805,532.1,84.12,"102Y"
,10013,屏東縣,10013160,枋寮鄉,10013160-006,隆山村,763,520190,682,531,333,860,697.26,102.27,"102Y"
,10013,屏東縣,10013160,枋寮鄉,10013160-007,天時村,407,275847,678,522,348,840,524.53,77.39,"102Y"
,10013,屏東縣,10013160,枋寮鄉,10013160-008,地利村,320,218274,682,534,339,872,519.21,76.12,"102Y"
,10013,屏東縣,10013160,枋寮鄉,10013160-009,人和村,421,285124,677,537,321,856,582.85,86.06,"102Y"
,10013,屏東縣,10013160,枋寮鄉,10013160-010,內寮村,83,46295,558,400,308,637,664.02,119.05,"102Y"
,10013,屏東縣,10013160,枋寮鄉,10013160-011,新開村,120,59947,500,369,252,616,444.15,88.91,"102Y"
,10013,屏東縣,10013160,枋寮鄉,10013160-012,太源村,140,76558,547,441,314,664,396.68,72.54,"102Y"
,10013,屏東縣,10013160,枋寮鄉,10013160-013,玉泉村,59,28104,476,368,234,712,351.22,73.73,"102Y"
,10013,屏東縣,10013160,枋寮鄉,10013160-014,東海村,628,413676,659,526,342,824,495.91,75.28,"102Y"
,10013,屏東縣,10013160,枋寮鄉,10013160-015,大庄村,101,52965,524,473,330,642,311.95,59.49,"102Y"
X,10013,屏東縣,10013160,枋寮鄉,10013160-999,其他,0,0,0,0,0,0,0,0,"102Y"
,10013,屏東縣,10013170,新園鄉,10013170-001,瓦�虴�,318,228995,720,559,330,985,569.32,79.06,"102Y"
,10013,屏東縣,10013170,新園鄉,10013170-002,仙吉村,661,453544,686,530,339,892,571.67,83.32,"102Y"
,10013,屏東縣,10013170,新園鄉,10013170-003,田洋村,453,293976,649,529,327,800,519.47,80.05,"102Y"
,10013,屏東縣,10013170,新園鄉,10013170-004,港墘村,140,90825,649,521,321,767,536.3,82.67,"102Y"
,10013,屏東縣,10013170,新園鄉,10013170-005,內庄村,189,131834,698,554,356,897,534.96,76.69,"102Y"
,10013,屏東縣,10013170,新園鄉,10013170-006,新東村,512,338554,661,505,308,844,573.85,86.78,"102Y"
,10013,屏東縣,10013170,新園鄉,10013170-007,新園村,490,336863,687,511,334,873,700.52,101.9,"102Y"
,10013,屏東縣,10013170,新園鄉,10013170-008,烏龍村,277,197154,712,566,350,901,548.85,77.11,"102Y"
,10013,屏東縣,10013170,新園鄉,10013170-009,興龍村,538,410357,763,599,365,933,658.39,86.32,"102Y"
,10013,屏東縣,10013170,新園鄉,10013170-010,中洲村,337,231266,686,556,368,865,469.54,68.42,"102Y"
,10013,屏東縣,10013170,新園鄉,10013170-011,南龍村,322,213160,662,524,334,829,520.2,78.58,"102Y"
,10013,屏東縣,10013170,新園鄉,10013170-012,港西村,432,298776,692,588,346,908,495.01,71.57,"102Y"
,10013,屏東縣,10013170,新園鄉,10013170-013,五房村,540,347171,643,512,329,819,484.78,75.4,"102Y"
,10013,屏東縣,10013170,新園鄉,10013170-014,鹽埔村,809,467539,578,463,302,741,436.79,75.58,"102Y"
,10013,屏東縣,10013170,新園鄉,10013170-015,共和村,378,212659,563,442,317,726,484.79,86.17,"102Y"
X,10013,屏東縣,10013170,新園鄉,10013170-999,其他,0,0,0,0,0,0,0,0,"102Y"
,10013,屏東縣,10013180,崁頂鄉,10013180-001,崁頂村,475,327476,689,569,331,913,521.6,75.66,"102Y"
,10013,屏東縣,10013180,崁頂鄉,10013180-002,園寮村,442,291630,660,529,333,894,486.84,73.79,"102Y"
,10013,屏東縣,10013180,崁頂鄉,10013180-003,圍內村,289,187100,647,511,299,881,498.09,76.94,"102Y"
,10013,屏東縣,10013180,崁頂鄉,10013180-004,力社村,279,187429,672,525,353,855,520.35,77.46,"102Y"
,10013,屏東縣,10013180,崁頂鄉,10013180-005,洲子村,189,116245,615,477,288,856,520.24,84.58,"102Y"
,10013,屏東縣,10013180,崁頂鄉,10013180-006,北勢村,304,205270,675,549,335,896,505.89,74.92,"102Y"
,10013,屏東縣,10013180,崁頂鄉,10013180-007,越溪村,202,129288,640,535,332,777,484.34,75.67,"102Y"
,10013,屏東縣,10013180,崁頂鄉,10013180-008,港東村,385,261647,680,553,311,847,539.99,79.46,"102Y"
X,10013,屏東縣,10013180,崁頂鄉,10013180-999,其他,1,501,501,501,501,501,0,0,"102Y"
,10013,屏東縣,10013190,林邊鄉,10013190-001,林邊村,326,238511,732,619,371,946,514.07,70.26,"102Y"
,10013,屏東縣,10013190,林邊鄉,10013190-002,光林村,289,202767,702,525,303,935,651.53,92.86,"102Y"
,10013,屏東縣,10013190,林邊鄉,10013190-003,仁和村,387,255921,661,547,334,839,497.07,75.17,"102Y"
,10013,屏東縣,10013190,林邊鄉,10013190-004,中林村,191,148034,775,590,362,954,926.57,119.55,"102Y"
,10013,屏東縣,10013190,林邊鄉,10013190-005,永樂村,708,518502,732,591,343,1002,541.11,73.89,"102Y"
,10013,屏東縣,10013190,林邊鄉,10013190-006,水利村,297,164689,555,462,300,730,396.11,71.43,"102Y"
,10013,屏東縣,10013190,林邊鄉,10013190-007,崎?村,223,115311,517,470,294,679,344.24,66.57,"102Y"
,10013,屏東縣,10013190,林邊鄉,10013190-008,田厝村,158,96540,611,512,319,781,443.53,72.59,"102Y"
,10013,屏東縣,10013190,林邊鄉,10013190-009,竹林村,395,259890,658,511,323,870,528.68,80.35,"102Y"
,10013,屏東縣,10013190,林邊鄉,10013190-010,鎮安村,204,130640,640,507,316,842,508.39,79.39,"102Y"
X,10013,屏東縣,10013190,林邊鄉,10013190-999,其他,1,351,351,351,351,351,0,0,"102Y"
,10013,屏東縣,10013200,南州鄉,10013200-001,溪洲村,403,256216,636,509,321,799,480.98,75.65,"102Y"
,10013,屏東縣,10013200,南州鄉,10013200-002,溪南村,249,170006,683,515,335,860,559.57,81.96,"102Y"
,10013,屏東縣,10013200,南州鄉,10013200-003,仁里村,111,91727,826,670,405,996,695.16,84.12,"102Y"
,10013,屏東縣,10013200,南州鄉,10013200-004,溪北村,179,140527,785,652,436,1015,527.51,67.19,"102Y"
,10013,屏東縣,10013200,南州鄉,10013200-005,七塊村,203,152436,751,603,358,1020,532.55,70.92,"102Y"
,10013,屏東縣,10013200,南州鄉,10013200-006,萬華村,196,124568,636,505,333,817,483.22,76.03,"102Y"
,10013,屏東縣,10013200,南州鄉,10013200-007,米崙村,231,153667,665,488,317,838,546.72,82.19,"102Y"
,10013,屏東縣,10013200,南州鄉,10013200-008,壽元村,159,91233,574,450,277,775,430.65,75.05,"102Y"
,10013,屏東縣,10013200,南州鄉,10013200-009,同安村,209,135326,647,497,333,862,458.01,70.74,"102Y"
,10013,屏東縣,10013200,南州鄉,10013200-010,南安村,81,49697,614,506,349,750,422.53,68.87,"102Y"
X,10013,屏東縣,10013200,南州鄉,10013200-999,其他,1,583,583,583,583,583,0,0,"102Y"
,10013,屏東縣,10013210,佳冬鄉,10013210-001,佳冬村,298,222224,746,625,381,970,527.63,70.75,"102Y"
,10013,屏東縣,10013210,佳冬鄉,10013210-002,六根村,283,173527,613,539,327,768,450.53,73.47,"102Y"
,10013,屏東縣,10013210,佳冬鄉,10013210-003,賴家村,160,95006,594,488,293,711,550.07,92.64,"102Y"
,10013,屏東縣,10013210,佳冬鄉,10013210-004,萬建村,328,220723,673,540,360,835,480.2,71.36,"102Y"
,10013,屏東縣,10013210,佳冬鄉,10013210-005,石光村,376,242026,644,495,314,830,556.71,86.49,"102Y"
,10013,屏東縣,10013210,佳冬鄉,10013210-006,玉光村,391,236237,604,481,321,757,491.33,81.32,"102Y"
,10013,屏東縣,10013210,佳冬鄉,10013210-007,昌隆村,194,137943,711,576,338,943,522.7,73.51,"102Y"
,10013,屏東縣,10013210,佳冬鄉,10013210-008,豐隆村,116,77166,665,512,301,862,551.57,82.92,"102Y"
,10013,屏東縣,10013210,佳冬鄉,10013210-009,大同村,208,150333,723,541,353,915,615.53,85.16,"102Y"
,10013,屏東縣,10013210,佳冬鄉,10013210-010,羌園村,186,118707,638,470,280,754,871.24,136.51,"102Y"
,10013,屏東縣,10013210,佳冬鄉,10013210-011,燄溫村,149,80693,542,489,297,683,360.58,66.58,"102Y"
,10013,屏東縣,10013210,佳冬鄉,10013210-012,塭豐村,280,145236,519,458,307,654,350.48,67.57,"102Y"
X,10013,屏東縣,10013210,佳冬鄉,10013210-999,其他,0,0,0,0,0,0,0,0,"102Y"
,10013,屏東縣,10013220,琉球鄉,10013220-001,本福村,368,275820,750,584,346,949,622.64,83.07,"102Y"
,10013,屏東縣,10013220,琉球鄉,10013220-002,中福村,198,136156,688,546,308,955,561.68,81.68,"102Y"
,10013,屏東縣,10013220,琉球鄉,10013220-003,漁福村,151,100941,668,577,289,847,524.09,78.4,"102Y"
,10013,屏東縣,10013220,琉球鄉,10013220-004,大福村,263,167444,637,501,310,788,496.36,77.96,"102Y"
,10013,屏東縣,10013220,琉球鄉,10013220-005,南福村,180,106570,592,495,271,739,522.8,88.3,"102Y"
,10013,屏東縣,10013220,琉球鄉,10013220-006,天福村,138,80621,584,515,325,724,400.59,68.57,"102Y"
,10013,屏東縣,10013220,琉球鄉,10013220-007,上福村,218,134898,619,488,304,797,487.32,78.75,"102Y"
,10013,屏東縣,10013220,琉球鄉,10013220-008,杉福村,116,71010,612,471,313,811,498.89,81.5,"102Y"
X,10013,屏東縣,10013220,琉球鄉,10013220-999,其他,0,0,0,0,0,0,0,0,"102Y"
,10013,屏東縣,10013230,車城鄉,10013230-001,福興村,276,178000,645,545,314,862,449.31,69.67,"102Y"
,10013,屏東縣,10013230,車城鄉,10013230-002,福安村,102,68710,674,551,289,913,542.55,80.54,"102Y"
,10013,屏東縣,10013230,車城鄉,10013230-003,田中村,114,60861,534,447,323,626,351.21,65.79,"102Y"
,10013,屏東縣,10013230,車城鄉,10013230-004,海口村,124,81971,661,510,318,880,705.79,106.77,"102Y"
,10013,屏東縣,10013230,車城鄉,10013230-005,統埔村,71,42903,604,477,320,833,482.99,79.93,"102Y"
,10013,屏東縣,10013230,車城鄉,10013230-006,溫泉村,133,77343,582,461,306,647,640.67,110.17,"102Y"
,10013,屏東縣,10013230,車城鄉,10013230-007,保力村,186,104152,560,478,329,756,364.84,65.15,"102Y"
,10013,屏東縣,10013230,車城鄉,10013230-008,新街村,47,25349,539,510,295,701,341.53,63.32,"102Y"
,10013,屏東縣,10013230,車城鄉,10013230-009,埔墘村,92,53666,583,497,325,773,352.6,60.45,"102Y"
,10013,屏東縣,10013230,車城鄉,10013230-010,射寮村,73,33670,461,392,248,580,299.81,65,"102Y"
,10013,屏東縣,10013230,車城鄉,10013230-011,後灣村,93,53932,580,445,283,755,396.17,68.31,"102Y"
X,10013,屏東縣,10013230,車城鄉,10013230-999,其他,0,0,0,0,0,0,0,0,"102Y"
,10013,屏東縣,10013240,滿州鄉,10013240-001,滿州村,248,171583,692,518,309,832,712.05,102.92,"102Y"
,10013,屏東縣,10013240,滿州鄉,10013240-002,里德村,53,30729,580,469,281,670,462.88,79.84,"102Y"
,10013,屏東縣,10013240,滿州鄉,10013240-003,永靖村,216,134733,624,527,327,763,464.91,74.53,"102Y"
,10013,屏東縣,10013240,滿州鄉,10013240-004,港口村,186,101315,545,476,274,712,396.2,72.74,"102Y"
,10013,屏東縣,10013240,滿州鄉,10013240-005,?林村,93,70304,756,574,317,837,1224.3,161.95,"102Y"
,10013,屏東縣,10013240,滿州鄉,10013240-006,長樂村,158,89535,567,416,273,728,459.81,81.14,"102Y"
,10013,屏東縣,10013240,滿州鄉,10013240-007,九棚村,47,27321,581,481,284,759,416.48,71.65,"102Y"
,10013,屏東縣,10013240,滿州鄉,10013240-008,港仔村,45,26303,585,567,305,881,336.34,57.54,"102Y"
X,10013,屏東縣,10013240,滿州鄉,10013240-999,其他,0,0,0,0,0,0,0,0,"102Y"
,10013,屏東縣,10013250,枋山鄉,10013250-001,枋山村,150,102320,682,536,331,846,561.41,82.3,"102Y"
,10013,屏東縣,10013250,枋山鄉,10013250-002,加祿村,279,169879,609,506,319,780,445.78,73.21,"102Y"
,10013,屏東縣,10013250,枋山鄉,10013250-003,楓港村,124,76059,613,487,283,786,533.43,86.97,"102Y"
,10013,屏東縣,10013250,枋山鄉,10013250-004,善餘村,104,64949,625,494,299,729,489.79,78.43,"102Y"
X,10013,屏東縣,10013250,枋山鄉,10013250-999,其他,0,0,0,0,0,0,0,0,"102Y"
,10013,屏東縣,10013260,三地門鄉,10013260-001,三地村,256,178912,699,578,358,846,596.91,85.41,"102Y"
,10013,屏東縣,10013260,三地門鄉,10013260-002,達來村,36,21806,606,552,375,711,298.4,49.26,"102Y"
,10013,屏東縣,10013260,三地門鄉,10013260-003,德文村,59,29457,499,456,341,602,285.14,57.11,"102Y"
,10013,屏東縣,10013260,三地門鄉,10013260-004,大社村,84,46058,548,521,285,686,309.28,56.41,"102Y"
,10013,屏東縣,10013260,三地門鄉,10013260-005,賽嘉村,79,49946,632,551,447,683,397.67,62.9,"102Y"
,10013,屏東縣,10013260,三地門鄉,10013260-006,口社村,87,70402,809,667,450,1065,493.24,60.95,"102Y"
,10013,屏東縣,10013260,三地門鄉,10013260-007,馬兒村,30,18643,621,543,434,691,339.27,54.59,"102Y"
,10013,屏東縣,10013260,三地門鄉,10013260-008,安坡村,54,31610,585,527,342,677,457.98,78.24,"102Y"
,10013,屏東縣,10013260,三地門鄉,10013260-009,青山村,106,73874,697,553,411,873,437.32,62.75,"102Y"
,10013,屏東縣,10013260,三地門鄉,10013260-010,青葉村,80,48256,603,558,399,766,295.16,48.93,"102Y"
X,10013,屏東縣,10013260,三地門鄉,10013260-999,其他,0,0,0,0,0,0,0,0,"102Y"
,10013,屏東縣,10013270,霧臺鄉,10013270-001,霧台村,249,178719,718,604,363,940,478.56,66.68,"102Y"
,10013,屏東縣,10013270,霧臺鄉,10013270-002,阿禮村,55,38810,706,657,429,900,416.37,59.01,"102Y"
,10013,屏東縣,10013270,霧臺鄉,10013270-003,吉露村,31,17979,580,581,396,731,354.98,61.21,"102Y"
,10013,屏東縣,10013270,霧臺鄉,10013270-004,大武村,43,23025,535,484,288,649,337.17,62.97,"102Y"
,10013,屏東縣,10013270,霧臺鄉,10013270-005,佳暮村,53,29953,565,415,292,606,471.81,83.49,"102Y"
,10013,屏東縣,10013270,霧臺鄉,10013270-006,好茶村,57,32345,567,535,276,741,352.27,62.08,"102Y"
X,10013,屏東縣,10013270,霧臺鄉,10013270-999,其他,0,0,0,0,0,0,0,0,"102Y"
,10013,屏東縣,10013280,瑪家鄉,10013280-001,瑪家村,68,52523,772,676,401,933,547.35,70.86,"102Y"
,10013,屏東縣,10013280,瑪家鄉,10013280-002,北葉村,175,118414,677,578,392,861,402.25,59.45,"102Y"
,10013,屏東縣,10013280,瑪家鄉,10013280-003,?山村,162,96630,596,519,314,753,417.54,70,"102Y"
,10013,屏東縣,10013280,瑪家鄉,10013280-004,佳義村,139,90032,648,581,384,848,452.99,69.94,"102Y"
,10013,屏東縣,10013280,瑪家鄉,10013280-005,排灣村,67,45921,685,647,466,866,349.77,51.03,"102Y"
,10013,屏東縣,10013280,瑪家鄉,10013280-006,三和村,414,284775,688,601,384,879,468.08,68.05,"102Y"
X,10013,屏東縣,10013280,瑪家鄉,10013280-999,其他,0,0,0,0,0,0,0,0,"102Y"
,10013,屏東縣,10013290,泰武鄉,10013290-001,佳平村,151,97696,647,565,333,840,439.92,67.99,"102Y"
,10013,屏東縣,10013290,泰武鄉,10013290-002,武潭村,176,111577,634,556,312,783,449.35,70.88,"102Y"
,10013,屏東縣,10013290,泰武鄉,10013290-003,平和村,115,60723,528,472,292,699,340.77,64.54,"102Y"
,10013,屏東縣,10013290,泰武鄉,10013290-004,佳興村,46,32589,708,487,358,887,537.13,75.82,"102Y"
,10013,屏東縣,10013290,泰武鄉,10013290-005,泰武村,90,51587,573,495,286,723,387.46,67.6,"102Y"
,10013,屏東縣,10013290,泰武鄉,10013290-006,萬安村,148,101256,684,631,403,878,427.48,62.48,"102Y"
X,10013,屏東縣,10013290,泰武鄉,10013290-999,其他,0,0,0,0,0,0,0,0,"102Y"
,10013,屏東縣,10013300,來義鄉,10013300-001,來義村,208,101741,489,443,232,703,361.75,73.96,"102Y"
,10013,屏東縣,10013300,來義鄉,10013300-002,義林村,118,66373,562,460,288,758,420.57,74.77,"102Y"
,10013,屏東縣,10013300,來義鄉,10013300-003,丹林村,171,98504,576,483,248,748,443.09,76.92,"102Y"
,10013,屏東縣,10013300,來義鄉,10013300-004,古樓村,224,129850,580,457,255,794,426.13,73.51,"102Y"
,10013,屏東縣,10013300,來義鄉,10013300-005,文樂村,173,108826,629,528,300,747,649.21,103.21,"102Y"
,10013,屏東縣,10013300,來義鄉,10013300-006,望嘉村,173,109363,632,571,319,792,477.9,75.6,"102Y"
,10013,屏東縣,10013300,來義鄉,10013300-007,南和村,219,127894,584,487,240,840,526.15,90.09,"102Y"
X,10013,屏東縣,10013300,來義鄉,10013300-999,其他,0,0,0,0,0,0,0,0,"102Y"
,10013,屏東縣,10013310,春日鄉,10013310-001,春日村,107,67214,628,564,263,855,482.78,76.85,"102Y"
,10013,屏東縣,10013310,春日鄉,10013310-002,古華村,95,49726,523,507,343,660,262.3,50.11,"102Y"
,10013,屏東縣,10013310,春日鄉,10013310-003,士文村,26,17000,654,484,344,921,453.19,69.31,"102Y"
,10013,屏東縣,10013310,春日鄉,10013310-004,七佳村,157,95783,610,486,285,728,478.31,78.4,"102Y"
,10013,屏東縣,10013310,春日鄉,10013310-005,歸崇村,98,53426,545,534,243,730,416.33,76.37,"102Y"
,10013,屏東縣,10013310,春日鄉,10013310-006,力里村,78,41712,535,463,252,655,379.44,70.95,"102Y"
X,10013,屏東縣,10013310,春日鄉,10013310-999,其他,0,0,0,0,0,0,0,0,"102Y"
,10013,屏東縣,10013320,獅子鄉,10013320-001,楓林村,137,90094,658,570,355,807,430.68,65.49,"102Y"
,10013,屏東縣,10013320,獅子鄉,10013320-002,丹路村,112,82021,732,641,331,902,603.18,82.36,"102Y"
,10013,屏東縣,10013320,獅子鄉,10013320-003,草埔村,130,90573,697,531,333,829,598.47,85.9,"102Y"
,10013,屏東縣,10013320,獅子鄉,10013320-004,內文村,35,21119,603,518,344,809,346.62,57.44,"102Y"
,10013,屏東縣,10013320,獅子鄉,10013320-005,竹坑村,46,30454,662,623,380,812,414.74,62.65,"102Y"
,10013,屏東縣,10013320,獅子鄉,10013320-006,獅子村,49,34102,696,580,452,910,360.99,51.87,"102Y"
,10013,屏東縣,10013320,獅子鄉,10013320-007,內獅村,75,51855,691,555,336,915,510.15,73.78,"102Y"
,10013,屏東縣,10013320,獅子鄉,10013320-008,南世村,60,35543,592,532,389,733,344.02,58.07,"102Y"
X,10013,屏東縣,10013320,獅子鄉,10013320-999,其他,0,0,0,0,0,0,0,0,"102Y"
,10013,屏東縣,10013330,牡丹鄉,10013330-001,石門村,293,218749,747,563,374,929,597.44,80.02,"102Y"
,10013,屏東縣,10013330,牡丹鄉,10013330-002,牡丹村,111,78116,704,624,401,950,432.24,61.42,"102Y"
,10013,屏東縣,10013330,牡丹鄉,10013330-003,東源村,74,42675,577,493,309,855,319.07,55.33,"102Y"
,10013,屏東縣,10013330,牡丹鄉,10013330-004,旭海村,60,39624,660,508,358,898,467.13,70.73,"102Y"
,10013,屏東縣,10013330,牡丹鄉,10013330-005,高士村,108,69415,643,518,288,890,484.66,75.41,"102Y"
,10013,屏東縣,10013330,牡丹鄉,10013330-006,四林村,72,39126,543,413,257,673,489.83,90.14,"102Y"
X,10013,屏東縣,10013330,牡丹鄉,10013330-999,其他,1,419,419,419,419,419,0,0,"102Y"
,10014,臺東縣,10014010,臺東市,10014010-001,富岡里,230,134221,584,456,293,678,583.45,99.98,"102Y"
,10014,臺東縣,10014010,臺東市,10014010-002,富豐里,168,110253,656,543,335,863,441.5,67.27,"102Y"
,10014,臺東縣,10014010,臺東市,10014010-003,岩灣里,455,367971,809,645,374,1107,599.85,74.17,"102Y"
,10014,臺東縣,10014010,臺東市,10014010-004,南王里,617,444988,721,606,340,978,521.73,72.34,"102Y"
,10014,臺東縣,10014010,臺東市,10014010-005,卑南里,853,841544,987,760,440,1375,776.51,78.71,"102Y"
,10014,臺東縣,10014010,臺東市,10014010-006,南榮里,588,477642,812,624,403,973,642.55,79.1,"102Y"
,10014,臺東縣,10014010,臺東市,10014010-007,新生里,1940,1636671,844,628,365,1140,695.52,82.44,"102Y"
,10014,臺東縣,10014010,臺東市,10014010-008,民生里,979,767541,784,585,321,1010,684.57,87.32,"102Y"
,10014,臺東縣,10014010,臺東市,10014010-009,寶桑里,185,110235,596,453,304,774,480.3,80.61,"102Y"
,10014,臺東縣,10014010,臺東市,10014010-010,馬蘭里,863,686102,795,623,356,1045,670.98,84.4,"102Y"
,10014,臺東縣,10014010,臺東市,10014010-011,中心里,961,877940,914,664,373,1225,812.25,88.91,"102Y"
,10014,臺東縣,10014010,臺東市,10014010-012,自強里,1321,1126624,853,649,357,1115,718.12,84.2,"102Y"
,10014,臺東縣,10014010,臺東市,10014010-013,民族里,455,499676,1098,730,360,1323,2903.23,264.37,"102Y"
,10014,臺東縣,10014010,臺東市,10014010-014,四維里,120,72782,607,497,292,764,492.69,81.23,"102Y"
,10014,臺東縣,10014010,臺東市,10014010-015,中華里,335,211048,630,492,308,820,493.38,78.31,"102Y"
,10014,臺東縣,10014010,臺東市,10014010-016,強國里,142,91100,642,486,317,814,508.93,79.33,"102Y"
,10014,臺東縣,10014010,臺東市,10014010-017,建國里,278,159201,573,486,264,740,461.59,80.6,"102Y"
,10014,臺東縣,10014010,臺東市,10014010-018,民權里,261,218008,835,674,360,1069,698.45,83.62,"102Y"
,10014,臺東縣,10014010,臺東市,10014010-019,仁愛里,197,119197,605,488,300,761,481.66,79.61,"102Y"
,10014,臺東縣,10014010,臺東市,10014010-020,中正里,279,216268,775,577,282,1011,727.17,93.81,"102Y"
,10014,臺東縣,10014010,臺東市,10014010-021,大同里,195,147040,754,542,303,943,785.26,104.14,"102Y"
,10014,臺東縣,10014010,臺東市,10014010-022,成功里,171,102992,602,512,292,744,447.2,74.25,"102Y"
,10014,臺東縣,10014010,臺東市,10014010-023,文化里,220,195290,888,613,353,1157,921.79,103.84,"102Y"
,10014,臺東縣,10014010,臺東市,10014010-024,中山里,261,204149,782,542,268,878,2360.57,301.79,"102Y"
,10014,臺東縣,10014010,臺東市,10014010-025,復國里,102,64161,629,470,291,799,526.6,83.72,"102Y"
,10014,臺東縣,10014010,臺東市,10014010-026,興國里,190,140118,737,552,334,1011,593.98,80.54,"102Y"
,10014,臺東縣,10014010,臺東市,10014010-027,復興里,88,67898,772,557,330,787,1586.62,205.64,"102Y"
,10014,臺東縣,10014010,臺東市,10014010-028,鐵花里,126,105367,836,641,365,1035,719.32,86.02,"102Y"
,10014,臺東縣,10014010,臺東市,10014010-029,新園里,224,142664,637,513,339,761,568.56,89.27,"102Y"
,10014,臺東縣,10014010,臺東市,10014010-030,豐田里,382,241583,632,525,312,787,489.2,77.35,"102Y"
,10014,臺東縣,10014010,臺東市,10014010-031,豐年里,549,378853,690,528,331,850,602.46,87.3,"102Y"
,10014,臺東縣,10014010,臺東市,10014010-032,光明里,770,706346,917,749,431,1178,792.89,86.43,"102Y"
,10014,臺東縣,10014010,臺東市,10014010-033,豐樂里,380,249017,655,498,301,843,572.85,87.42,"102Y"
,10014,臺東縣,10014010,臺東市,10014010-034,永樂里,502,464459,925,699,407,1238,804.36,86.94,"102Y"
,10014,臺東縣,10014010,臺東市,10014010-035,康樂里,269,189874,706,562,330,951,562.8,79.73,"102Y"
,10014,臺東縣,10014010,臺東市,10014010-036,東海里,922,792410,859,604,366,1042,2392.11,278.33,"102Y"
,10014,臺東縣,10014010,臺東市,10014010-037,新興里,250,172371,689,513,322,905,574.92,83.38,"102Y"
,10014,臺東縣,10014010,臺東市,10014010-038,豐榮里,2335,1932245,828,655,380,1096,660.75,79.85,"102Y"
,10014,臺東縣,10014010,臺東市,10014010-039,豐谷里,1160,825513,712,565,345,957,538.42,75.66,"102Y"
,10014,臺東縣,10014010,臺東市,10014010-040,豐里里,453,329716,728,562,346,931,581.91,79.95,"102Y"
,10014,臺東縣,10014010,臺東市,10014010-041,豐原里,209,137194,656,530,324,830,519.94,79.21,"102Y"
,10014,臺東縣,10014010,臺東市,10014010-042,建和里,257,157678,614,489,317,786,489.53,79.79,"102Y"
,10014,臺東縣,10014010,臺東市,10014010-043,建興里,173,106840,618,484,300,692,568.6,92.07,"102Y"
,10014,臺東縣,10014010,臺東市,10014010-044,建業里,203,134835,664,515,333,838,517.86,77.97,"102Y"
,10014,臺東縣,10014010,臺東市,10014010-045,知本里,226,139914,619,500,311,833,481.29,77.74,"102Y"
,10014,臺東縣,10014010,臺東市,10014010-046,建農里,289,176843,612,489,320,741,636.87,104.08,"102Y"
X,10014,臺東縣,10014010,臺東市,10014010-999,其他,9,4423,491,609,298,675,243.9,49.63,"102Y"
,10014,臺東縣,10014020,成功鎮,10014020-001,博愛里,103,52142,506,476,320,670,272.51,53.83,"102Y"
,10014,臺東縣,10014020,成功鎮,10014020-002,忠孝里,150,74006,493,439,302,631,289.18,58.61,"102Y"
,10014,臺東縣,10014020,成功鎮,10014020-003,三仙里,230,108519,472,398,256,604,330.07,69.96,"102Y"
,10014,臺東縣,10014020,成功鎮,10014020-004,三民里,554,331815,599,489,300,729,468.81,78.27,"102Y"
,10014,臺東縣,10014020,成功鎮,10014020-005,忠智里,407,289566,711,542,338,919,612.65,86.11,"102Y"
,10014,臺東縣,10014020,成功鎮,10014020-006,忠仁里,438,279464,638,527,308,859,469.53,73.59,"102Y"
,10014,臺東縣,10014020,成功鎮,10014020-007,和平里,138,68679,498,413,242,665,377.08,75.77,"102Y"
,10014,臺東縣,10014020,成功鎮,10014020-008,信義里,288,150862,524,422,281,616,487.9,93.14,"102Y"
X,10014,臺東縣,10014020,成功鎮,10014020-999,其他,5,1791,358,330,212,457,250.41,69.9,"102Y"
,10014,臺東縣,10014030,關山鎮,10014030-001,德高里,287,167762,585,470,298,717,527.59,90.26,"102Y"
,10014,臺東縣,10014030,關山鎮,10014030-002,豐泉里,300,223055,744,601,364,1015,561.39,75.5,"102Y"
,10014,臺東縣,10014030,關山鎮,10014030-003,新福里,189,122724,649,475,293,859,566.71,87.28,"102Y"
,10014,臺東縣,10014030,關山鎮,10014030-004,中福里,201,143643,715,520,288,929,623.86,87.3,"102Y"
,10014,臺東縣,10014030,關山鎮,10014030-005,里?里,410,276908,675,537,310,840,564.71,83.61,"102Y"
,10014,臺東縣,10014030,關山鎮,10014030-006,電光里,91,48065,528,465,285,687,360.97,68.34,"102Y"
,10014,臺東縣,10014030,關山鎮,10014030-007,月眉里,121,72909,603,530,319,748,410.41,68.11,"102Y"
X,10014,臺東縣,10014030,關山鎮,10014030-999,其他,0,0,0,0,0,0,0,0,"102Y"
,10014,臺東縣,10014040,卑南鄉,10014040-001,嘉豐村,56,32817,586,477,312,661,459.78,78.46,"102Y"
,10014,臺東縣,10014040,卑南鄉,10014040-002,利吉村,69,35822,519,471,324,661,301.54,58.08,"102Y"
,10014,臺東縣,10014040,卑南鄉,10014040-003,富山村,58,32623,562,407,168,640,668.32,118.82,"102Y"
,10014,臺東縣,10014040,卑南鄉,10014040-004,富源村,60,32250,538,514,323,707,311.77,58,"102Y"
,10014,臺東縣,10014040,卑南鄉,10014040-005,明峰村,211,133423,632,507,331,730,683.75,108.13,"102Y"
,10014,臺東縣,10014040,卑南鄉,10014040-006,初鹿村,224,147882,660,515,325,814,556.34,84.27,"102Y"
,10014,臺東縣,10014040,卑南鄉,10014040-007,美農村,135,82729,613,497,313,772,481.98,78.65,"102Y"
,10014,臺東縣,10014040,卑南鄉,10014040-008,賓朗村,424,260016,613,502,306,779,469.91,76.63,"102Y"
,10014,臺東縣,10014040,卑南鄉,10014040-009,泰安村,161,110241,685,527,320,809,902.74,131.84,"102Y"
,10014,臺東縣,10014040,卑南鄉,10014040-010,太平村,595,425144,715,569,353,904,531.29,74.36,"102Y"
,10014,臺東縣,10014040,卑南鄉,10014040-011,利嘉村,205,133350,650,542,396,817,429.48,66.02,"102Y"
,10014,臺東縣,10014040,卑南鄉,10014040-012,東興村,200,115955,580,505,357,753,316.6,54.61,"102Y"
,10014,臺東縣,10014040,卑南鄉,10014040-013,溫泉村,192,137149,714,475,288,794,1057.84,148.09,"102Y"
X,10014,臺東縣,10014040,卑南鄉,10014040-999,其他,0,0,0,0,0,0,0,0,"102Y"
,10014,臺東縣,10014050,鹿野鄉,10014050-001,瑞和村,94,55331,589,498,323,751,454.07,77.14,"102Y"
,10014,臺東縣,10014050,鹿野鄉,10014050-002,瑞豐村,150,108687,725,575,359,897,680.62,93.93,"102Y"
,10014,臺東縣,10014050,鹿野鄉,10014050-003,瑞源村,156,104982,673,556,338,794,510.59,75.87,"102Y"
,10014,臺東縣,10014050,鹿野鄉,10014050-004,永安村,216,142634,660,524,308,799,609.79,92.34,"102Y"
,10014,臺東縣,10014050,鹿野鄉,10014050-005,瑞隆村,139,80263,577,460,287,775,429.67,74.41,"102Y"
,10014,臺東縣,10014050,鹿野鄉,10014050-006,鹿野村,169,117905,698,576,373,878,555.59,79.64,"102Y"
,10014,臺東縣,10014050,鹿野鄉,10014050-007,龍田村,172,122266,711,542,346,824,702.71,98.86,"102Y"
X,10014,臺東縣,10014050,鹿野鄉,10014050-999,其他,0,0,0,0,0,0,0,0,"102Y"
,10014,臺東縣,10014060,池上鄉,10014060-001,福文村,162,105859,653,488,340,805,550.42,84.23,"102Y"
,10014,臺東縣,10014060,池上鄉,10014060-002,慶豐村,103,61077,593,510,303,667,438.65,73.97,"102Y"
,10014,臺東縣,10014060,池上鄉,10014060-003,大坡村,50,31682,634,486,316,764,455.46,71.88,"102Y"
,10014,臺東縣,10014060,池上鄉,10014060-004,大埔村,159,111142,699,529,322,912,618.35,88.46,"102Y"
,10014,臺東縣,10014060,池上鄉,10014060-005,福原村,437,333051,762,567,309,967,1254.03,164.54,"102Y"
,10014,臺東縣,10014060,池上鄉,10014060-006,錦園村,61,33281,546,519,277,717,421.31,77.22,"102Y"
,10014,臺東縣,10014060,池上鄉,10014060-007,新興村,137,94527,690,503,311,777,587.86,85.2,"102Y"
,10014,臺東縣,10014060,池上鄉,10014060-008,萬安村,45,29935,665,497,297,799,615.88,92.58,"102Y"
,10014,臺東縣,10014060,池上鄉,10014060-009,富興村,49,25012,510,457,319,650,341.4,66.88,"102Y"
,10014,臺東縣,10014060,池上鄉,10014060-010,振興村,51,25380,498,439,289,608,274.23,55.1,"102Y"
X,10014,臺東縣,10014060,池上鄉,10014060-999,其他,0,0,0,0,0,0,0,0,"102Y"
,10014,臺東縣,10014070,東河鄉,10014070-001,北源村,197,103738,527,479,304,683,328.04,62.3,"102Y"
,10014,臺東縣,10014070,東河鄉,10014070-002,泰源村,213,106449,500,424,252,660,342.16,68.47,"102Y"
,10014,臺東縣,10014070,東河鄉,10014070-003,東河村,187,112258,600,432,295,862,450.56,75.06,"102Y"
,10014,臺東縣,10014070,東河鄉,10014070-004,尚德村,43,20510,477,347,257,559,429.54,90.05,"102Y"
,10014,臺東縣,10014070,東河鄉,10014070-005,隆昌村,71,37414,527,504,234,701,341.01,64.71,"102Y"
,10014,臺東縣,10014070,東河鄉,10014070-006,興昌村,137,91615,669,489,283,821,720.4,107.73,"102Y"
,10014,臺東縣,10014070,東河鄉,10014070-007,都蘭村,304,205661,677,475,280,793,993.45,146.85,"102Y"
X,10014,臺東縣,10014070,東河鄉,10014070-999,其他,0,0,0,0,0,0,0,0,"102Y"
,10014,臺東縣,10014080,長濱鄉,10014080-001,樟原村,92,46611,507,416,248,657,397.82,78.52,"102Y"
,10014,臺東縣,10014080,長濱鄉,10014080-002,三間村,224,121678,543,426,267,676,452.99,83.39,"102Y"
,10014,臺東縣,10014080,長濱鄉,10014080-003,忠勇村,66,30913,468,378,263,615,348.45,74.39,"102Y"
,10014,臺東縣,10014080,長濱鄉,10014080-004,長濱村,331,186813,564,438,288,657,505.2,89.51,"102Y"
,10014,臺東縣,10014080,長濱鄉,10014080-005,竹湖村,156,80484,516,450,303,609,375.16,72.72,"102Y"
,10014,臺東縣,10014080,長濱鄉,10014080-006,寧埔村,218,110941,509,428,281,666,352.82,69.33,"102Y"
X,10014,臺東縣,10014080,長濱鄉,10014080-999,其他,1,548,548,548,548,548,0,0,"102Y"
,10014,臺東縣,10014090,太麻里鄉,10014090-001,美和村,164,96480,588,484,322,719,436.42,74.18,"102Y"
,10014,臺東縣,10014090,太麻里鄉,10014090-002,三和村,81,40353,498,420,289,633,313.24,62.88,"102Y"
,10014,臺東縣,10014090,太麻里鄉,10014090-003,華源村,74,36699,496,385,214,665,386.19,77.87,"102Y"
,10014,臺東縣,10014090,太麻里鄉,10014090-004,北里村,67,40430,603,449,329,683,673.67,111.64,"102Y"
,10014,臺東縣,10014090,太麻里鄉,10014090-005,泰和村,252,151849,603,479,299,801,466.32,77.39,"102Y"
,10014,臺東縣,10014090,太麻里鄉,10014090-006,大王村,291,187493,644,546,347,877,433.66,67.31,"102Y"
,10014,臺東縣,10014090,太麻里鄉,10014090-007,香蘭村,118,67969,576,512,266,696,406.2,70.52,"102Y"
,10014,臺東縣,10014090,太麻里鄉,10014090-008,金崙村,243,151440,623,532,372,756,388.52,62.34,"102Y"
,10014,臺東縣,10014090,太麻里鄉,10014090-009,多良村,103,61288,595,518,410,726,324.09,54.47,"102Y"
X,10014,臺東縣,10014090,太麻里鄉,10014090-999,其他,0,0,0,0,0,0,0,0,"102Y"
,10014,臺東縣,10014100,大武鄉,10014100-001,大竹村,103,71009,689,553,327,819,552.23,80.1,"102Y"
,10014,臺東縣,10014100,大武鄉,10014100-002,大鳥村,142,84279,594,518,372,697,351.38,59.2,"102Y"
,10014,臺東縣,10014100,大武鄉,10014100-003,大武村,298,185031,621,512,298,861,449.65,72.42,"102Y"
,10014,臺東縣,10014100,大武鄉,10014100-004,尚武村,236,142726,605,503,278,770,496.6,82.11,"102Y"
,10014,臺東縣,10014100,大武鄉,10014100-005,南興村,90,56295,625,549,347,811,446.01,71.3,"102Y"
X,10014,臺東縣,10014100,大武鄉,10014100-999,其他,0,0,0,0,0,0,0,0,"102Y"
,10014,臺東縣,10014110,綠島鄉,10014110-001,公?村,199,159794,803,681,374,1037,792.17,98.65,"102Y"
,10014,臺東縣,10014110,綠島鄉,10014110-002,中寮村,293,241700,825,663,367,1013,660.34,80.05,"102Y"
,10014,臺東縣,10014110,綠島鄉,10014110-003,南寮村,316,263449,834,697,398,1173,562.68,67.49,"102Y"
X,10014,臺東縣,10014110,綠島鄉,10014110-999,其他,0,0,0,0,0,0,0,0,"102Y"
,10014,臺東縣,10014120,海端鄉,10014120-001,廣原村,139,93691,674,560,341,765,500.77,74.29,"102Y"
,10014,臺東縣,10014120,海端鄉,10014120-002,霧鹿村,48,30280,631,566,446,852,283.01,44.86,"102Y"
,10014,臺東縣,10014120,海端鄉,10014120-003,利稻村,46,30785,669,567,378,868,401.03,59.92,"102Y"
,10014,臺東縣,10014120,海端鄉,10014120-004,海端村,216,137864,638,546,360,771,445.29,69.77,"102Y"
,10014,臺東縣,10014120,海端鄉,10014120-005,崁頂村,132,81838,620,544,352,753,398.91,64.34,"102Y"
,10014,臺東縣,10014120,海端鄉,10014120-006,加拿村,89,55942,629,540,320,814,418.92,66.65,"102Y"
X,10014,臺東縣,10014120,海端鄉,10014120-999,其他,0,0,0,0,0,0,0,0,"102Y"
,10014,臺東縣,10014130,延平鄉,10014130-001,武陵村,116,78053,673,563,367,843,418.21,62.15,"102Y"
,10014,臺東縣,10014130,延平鄉,10014130-002,永康村,67,44533,665,548,379,864,442.04,66.5,"102Y"
,10014,臺東縣,10014130,延平鄉,10014130-003,紅葉村,88,58517,665,589,315,827,491.04,73.84,"102Y"
,10014,臺東縣,10014130,延平鄉,10014130-004,鸞山村,117,63962,547,456,297,739,380.15,69.54,"102Y"
,10014,臺東縣,10014130,延平鄉,10014130-005,桃源村,216,137968,639,524,324,838,457.9,71.69,"102Y"
X,10014,臺東縣,10014130,延平鄉,10014130-999,其他,0,0,0,0,0,0,0,0,"102Y"
,10014,臺東縣,10014140,金峰鄉,10014140-001,新興村,81,66990,827,699,451,1063,577.14,69.78,"102Y"
,10014,臺東縣,10014140,金峰鄉,10014140-002,正興村,93,81637,878,715,500,1029,741.63,84.49,"102Y"
,10014,臺東縣,10014140,金峰鄉,10014140-003,嘉蘭村,137,102961,752,609,448,1043,454.46,60.47,"102Y"
,10014,臺東縣,10014140,金峰鄉,10014140-004,賓茂村,54,40280,746,709,343,965,464.25,62.24,"102Y"
,10014,臺東縣,10014140,金峰鄉,10014140-005,歷坵村,27,16191,600,547,347,732,400.2,66.74,"102Y"
X,10014,臺東縣,10014140,金峰鄉,10014140-999,其他,0,0,0,0,0,0,0,0,"102Y"
,10014,臺東縣,10014150,達仁鄉,10014150-001,台?村,80,46152,577,497,306,724,349.84,60.64,"102Y"
,10014,臺東縣,10014150,達仁鄉,10014150-002,土?村,131,84379,644,555,336,845,406.95,63.18,"102Y"
,10014,臺東縣,10014150,達仁鄉,10014150-003,新化村,35,25134,718,689,425,998,436.78,60.82,"102Y"
,10014,臺東縣,10014150,達仁鄉,10014150-004,安朔村,115,84075,731,622,364,1013,456.31,62.42,"102Y"
,10014,臺東縣,10014150,達仁鄉,10014150-005,森永村,78,51653,662,563,354,892,428.04,64.64,"102Y"
,10014,臺東縣,10014150,達仁鄉,10014150-006,南田村,59,41428,702,589,358,974,477.23,67.97,"102Y"
X,10014,臺東縣,10014150,達仁鄉,10014150-999,其他,0,0,0,0,0,0,0,0,"102Y"
,10014,臺東縣,10014160,蘭嶼鄉,10014160-001,東清村,182,114881,631,568,344,844,410.13,64.98,"102Y"
,10014,臺東縣,10014160,蘭嶼鄉,10014160-002,朗島村,106,65558,618,518,339,719,458.24,74.09,"102Y"
,10014,臺東縣,10014160,蘭嶼鄉,10014160-003,紅頭村,253,201139,795,626,390,945,712.54,89.63,"102Y"
,10014,臺東縣,10014160,蘭嶼鄉,10014160-004,椰油村,160,123022,769,739,395,987,485.68,63.17,"102Y"
X,10014,臺東縣,10014160,蘭嶼鄉,10014160-999,其他,0,0,0,0,0,0,0,0,"102Y"
,10015,花蓮縣,10015010,花蓮市,10015010-001,民立里,545,562848,1033,714,375,1350,1149.11,111.27,"102Y"
,10015,花蓮縣,10015010,花蓮市,10015010-002,民運里,592,442063,747,532,307,889,844,113.03,"102Y"
,10015,花蓮縣,10015010,花蓮市,10015010-003,民族里,149,125850,845,555,325,1056,1249.33,147.91,"102Y"
,10015,花蓮縣,10015010,花蓮市,10015010-004,主信里,205,140333,685,524,276,822,662.13,96.72,"102Y"
,10015,花蓮縣,10015010,花蓮市,10015010-005,主睦里,168,117123,697,461,258,881,639.95,91.79,"102Y"
,10015,花蓮縣,10015010,花蓮市,10015010-006,主和里,764,492671,645,490,287,845,567.17,87.95,"102Y"
,10015,花蓮縣,10015010,花蓮市,10015010-007,國威里,536,452217,844,569,323,1121,930.05,110.24,"102Y"
,10015,花蓮縣,10015010,花蓮市,10015010-008,國風里,1100,881122,801,607,357,1049,682.72,85.23,"102Y"
,10015,花蓮縣,10015010,花蓮市,10015010-009,民德里,540,509175,943,688,392,1243,840.55,89.14,"102Y"
,10015,花蓮縣,10015010,花蓮市,10015010-010,民意里,497,327962,660,504,308,851,570.86,86.51,"102Y"
,10015,花蓮縣,10015010,花蓮市,10015010-011,民治里,15,11179,745,644,472,1063,373.96,50.18,"102Y"
,10015,花蓮縣,10015010,花蓮市,10015010-012,主義里,131,84783,647,465,266,741,717.07,110.8,"102Y"
,10015,花蓮縣,10015010,花蓮市,10015010-013,主工里,211,151091,716,546,309,911,678.03,94.69,"102Y"
,10015,花蓮縣,10015010,花蓮市,10015010-014,主農里,1149,827701,720,547,301,942,656.79,91.17,"102Y"
,10015,花蓮縣,10015010,花蓮市,10015010-015,國治里,333,316162,949,569,288,1150,2392.16,251.96,"102Y"
,10015,花蓮縣,10015010,花蓮市,10015010-016,國富里,1706,1330915,780,579,341,994,739.52,94.79,"102Y"
,10015,花蓮縣,10015010,花蓮市,10015010-017,民政里,1293,1097762,849,630,339,1103,783.13,92.24,"102Y"
,10015,花蓮縣,10015010,花蓮市,10015010-018,民勤里,1056,1075907,1019,767,442,1350,907.6,89.08,"102Y"
,10015,花蓮縣,10015010,花蓮市,10015010-019,民生里,399,302652,759,553,287,984,694.67,91.58,"102Y"
,10015,花蓮縣,10015010,花蓮市,10015010-020,主商里,223,177302,795,572,333,1087,691.59,86.98,"102Y"
,10015,花蓮縣,10015010,花蓮市,10015010-021,主學里,609,416344,684,511,316,886,583.95,85.42,"102Y"
,10015,花蓮縣,10015010,花蓮市,10015010-022,國光里,383,289416,756,534,296,1019,703.55,93.1,"102Y"
,10015,花蓮縣,10015010,花蓮市,10015010-023,國聯里,885,639132,722,528,277,921,753.88,104.39,"102Y"
,10015,花蓮縣,10015010,花蓮市,10015010-024,國強里,534,430940,807,638,339,1047,691.37,85.67,"102Y"
,10015,花蓮縣,10015010,花蓮市,10015010-025,民心里,315,329931,1047,613,374,1103,1617.46,154.43,"102Y"
,10015,花蓮縣,10015010,花蓮市,10015010-026,民樂里,198,178812,903,647,392,1134,807.38,89.4,"102Y"
,10015,花蓮縣,10015010,花蓮市,10015010-027,民主里,168,124318,740,550,262,996,645.78,87.27,"102Y"
,10015,花蓮縣,10015010,花蓮市,10015010-028,主勤里,292,218801,749,511,293,1019,677.24,90.38,"102Y"
,10015,花蓮縣,10015010,花蓮市,10015010-029,主力里,897,647635,722,556,315,900,674.36,93.4,"102Y"
,10015,花蓮縣,10015010,花蓮市,10015010-030,國安里,183,151924,830,585,364,1046,776.4,93.52,"102Y"
,10015,花蓮縣,10015010,花蓮市,10015010-031,國魂里,678,514810,759,530,299,959,866.73,114.15,"102Y"
,10015,花蓮縣,10015010,花蓮市,10015010-032,國慶里,325,350454,1078,646,337,1295,1175.43,109.01,"102Y"
,10015,花蓮縣,10015010,花蓮市,10015010-033,民享里,954,799101,838,607,365,1082,889.9,106.24,"102Y"
,10015,花蓮縣,10015010,花蓮市,10015010-034,民有里,179,152539,852,524,309,1014,1127.96,132.36,"102Y"
,10015,花蓮縣,10015010,花蓮市,10015010-035,民權里,115,101739,885,651,345,1221,765.78,86.56,"102Y"
,10015,花蓮縣,10015010,花蓮市,10015010-036,主計里,232,173048,746,528,280,1003,739.93,99.2,"102Y"
,10015,花蓮縣,10015010,花蓮市,10015010-037,主權里,1700,1229936,723,531,310,929,722.74,99.9,"102Y"
,10015,花蓮縣,10015010,花蓮市,10015010-038,國華里,765,617402,807,565,313,1103,792.89,98.24,"102Y"
,10015,花蓮縣,10015010,花蓮市,10015010-039,國防里,262,185667,709,573,317,956,557.95,78.73,"102Y"
,10015,花蓮縣,10015010,花蓮市,10015010-040,國福里,365,202813,556,479,288,711,407.59,73.35,"102Y"
,10015,花蓮縣,10015010,花蓮市,10015010-041,國裕里,1423,1090819,767,575,336,984,704.02,91.84,"102Y"
,10015,花蓮縣,10015010,花蓮市,10015010-042,主安里,783,553596,707,546,328,926,581.84,82.29,"102Y"
,10015,花蓮縣,10015010,花蓮市,10015010-043,國盛里,1056,737424,698,531,296,911,678.17,97.11,"102Y"
,10015,花蓮縣,10015010,花蓮市,10015010-044,國興里,1350,1344167,996,690,386,1296,911.32,91.53,"102Y"
,10015,花蓮縣,10015010,花蓮市,10015010-045,民孝里,1088,903162,830,669,408,1046,844.53,101.74,"102Y"
X,10015,花蓮縣,10015010,花蓮市,10015010-999,其他,1,334,334,334,334,334,0,0,"102Y"
,10015,花蓮縣,10015020,鳳林鎮,10015020-001,鳳仁里,337,218236,648,521,309,896,503.7,77.78,"102Y"
,10015,花蓮縣,10015020,鳳林鎮,10015020-002,鳳義里,146,122282,838,563,349,998,991.57,118.39,"102Y"
,10015,花蓮縣,10015020,鳳林鎮,10015020-003,鳳禮里,175,126225,721,538,314,902,871.16,120.78,"102Y"
,10015,花蓮縣,10015020,鳳林鎮,10015020-004,鳳智里,330,238823,724,547,363,910,560.18,77.4,"102Y"
,10015,花蓮縣,10015020,鳳林鎮,10015020-005,鳳信里,319,203313,637,503,300,776,556.22,87.27,"102Y"
,10015,花蓮縣,10015020,鳳林鎮,10015020-006,山興里,77,38271,497,390,231,614,418.46,84.19,"102Y"
,10015,花蓮縣,10015020,鳳林鎮,10015020-007,大榮里,244,148955,610,453,283,766,539.82,88.43,"102Y"
,10015,花蓮縣,10015020,鳳林鎮,10015020-008,北林里,127,68136,537,451,280,646,456.97,85.17,"102Y"
,10015,花蓮縣,10015020,鳳林鎮,10015020-009,南平里,107,76730,717,508,358,800,910.72,127,"102Y"
,10015,花蓮縣,10015020,鳳林鎮,10015020-010,林榮里,197,115793,588,456,265,742,480.45,81.74,"102Y"
,10015,花蓮縣,10015020,鳳林鎮,10015020-011,長橋里,210,132783,632,543,317,785,483.06,76.4,"102Y"
,10015,花蓮縣,10015020,鳳林鎮,10015020-012,森榮里,28,16850,602,554,243,726,722.5,120.06,"102Y"
X,10015,花蓮縣,10015020,鳳林鎮,10015020-999,其他,0,0,0,0,0,0,0,0,"102Y"
,10015,花蓮縣,10015030,玉里鎮,10015030-001,中城里,1472,1162286,790,596,357,1061,648.93,82.18,"102Y"
,10015,花蓮縣,10015030,玉里鎮,10015030-002,啟模里,353,242345,687,515,299,794,713.23,103.89,"102Y"
,10015,花蓮縣,10015030,玉里鎮,10015030-003,永昌里,297,190433,641,494,279,840,501.89,78.27,"102Y"
,10015,花蓮縣,10015030,玉里鎮,10015030-004,泰昌里,249,206720,830,564,324,1038,984.98,118.64,"102Y"
,10015,花蓮縣,10015030,玉里鎮,10015030-005,國武里,396,286255,723,525,318,853,691.31,95.64,"102Y"
,10015,花蓮縣,10015030,玉里鎮,10015030-006,源城里,244,143580,588,513,299,733,423.95,72.05,"102Y"
,10015,花蓮縣,10015030,玉里鎮,10015030-007,長良里,90,44807,498,439,283,629,329.17,66.12,"102Y"
,10015,花蓮縣,10015030,玉里鎮,10015030-008,樂合里,156,86258,553,429,285,712,412.24,74.55,"102Y"
,10015,花蓮縣,10015030,玉里鎮,10015030-009,東豐里,69,36882,535,411,252,700,410.25,76.75,"102Y"
,10015,花蓮縣,10015030,玉里鎮,10015030-010,觀音里,211,107751,511,416,259,644,419.65,82.18,"102Y"
,10015,花蓮縣,10015030,玉里鎮,10015030-011,松浦里,241,118256,491,445,281,652,296.83,60.49,"102Y"
,10015,花蓮縣,10015030,玉里鎮,10015030-012,春日里,98,58376,596,481,329,678,666.93,111.96,"102Y"
,10015,花蓮縣,10015030,玉里鎮,10015030-013,德武里,100,57133,571,518,329,756,353.94,61.95,"102Y"
,10015,花蓮縣,10015030,玉里鎮,10015030-014,三民里,128,80146,626,486,346,748,498.05,79.54,"102Y"
,10015,花蓮縣,10015030,玉里鎮,10015030-015,大禹里,225,141802,630,493,343,752,655.32,103.98,"102Y"
X,10015,花蓮縣,10015030,玉里鎮,10015030-999,其他,0,0,0,0,0,0,0,0,"102Y"
,10015,花蓮縣,10015040,新城鄉,10015040-001,新城村,375,257477,687,488,300,855,861.17,125.42,"102Y"
,10015,花蓮縣,10015040,新城鄉,10015040-002,順安村,189,105338,557,459,242,684,449.93,80.73,"102Y"
,10015,花蓮縣,10015040,新城鄉,10015040-003,康樂村,690,568676,824,595,364,1138,891.97,108.23,"102Y"
,10015,花蓮縣,10015040,新城鄉,10015040-004,北埔村,1042,742438,713,561,340,889,616.35,86.5,"102Y"
,10015,花蓮縣,10015040,新城鄉,10015040-005,佳林村,249,175910,706,537,318,890,617.91,87.46,"102Y"
,10015,花蓮縣,10015040,新城鄉,10015040-006,嘉里村,1122,904643,806,694,388,1037,611.47,75.84,"102Y"
,10015,花蓮縣,10015040,新城鄉,10015040-007,嘉新村,210,128200,610,505,334,787,414.72,67.93,"102Y"
,10015,花蓮縣,10015040,新城鄉,10015040-008,大漢村,630,381458,605,480,291,728,550.59,90.93,"102Y"
X,10015,花蓮縣,10015040,新城鄉,10015040-999,其他,0,0,0,0,0,0,0,0,"102Y"
,10015,花蓮縣,10015050,吉安鄉,10015050-001,北昌村,2407,1817770,755,567,330,970,690.66,91.45,"102Y"
,10015,花蓮縣,10015050,吉安鄉,10015050-002,勝安村,1595,1294855,812,609,338,1049,779.99,96.08,"102Y"
,10015,花蓮縣,10015050,吉安鄉,10015050-003,太昌村,903,660699,732,533,311,888,923.71,126.25,"102Y"
,10015,花蓮縣,10015050,吉安鄉,10015050-004,永安村,1323,1037841,784,586,332,1021,711.34,90.68,"102Y"
,10015,花蓮縣,10015050,吉安鄉,10015050-005,慶豐村,2105,1665023,791,614,350,1042,677.29,85.63,"102Y"
,10015,花蓮縣,10015050,吉安鄉,10015050-006,吉安村,1602,1333821,833,627,372,1120,668.65,80.31,"102Y"
,10015,花蓮縣,10015050,吉安鄉,10015050-007,福興村,756,593454,785,594,336,1001,704.46,89.74,"102Y"
,10015,花蓮縣,10015050,吉安鄉,10015050-008,南華村,339,220357,650,505,295,830,585.1,90.01,"102Y"
,10015,花蓮縣,10015050,吉安鄉,10015050-009,干城村,286,189659,663,522,307,791,614.01,92.59,"102Y"
,10015,花蓮縣,10015050,吉安鄉,10015050-010,永興村,687,422282,615,477,294,778,503.61,81.93,"102Y"
,10015,花蓮縣,10015050,吉安鄉,10015050-011,稻香村,937,747426,798,560,329,1089,760.23,95.31,"102Y"
,10015,花蓮縣,10015050,吉安鄉,10015050-012,南昌村,1185,836985,706,550,315,905,611.06,86.51,"102Y"
,10015,花蓮縣,10015050,吉安鄉,10015050-013,宜昌村,1175,816190,695,541,319,879,583.67,84.03,"102Y"
,10015,花蓮縣,10015050,吉安鄉,10015050-014,仁里村,1916,1322522,690,532,312,878,581.37,84.23,"102Y"
,10015,花蓮縣,10015050,吉安鄉,10015050-015,東昌村,1578,1105013,700,564,346,914,542.43,77.46,"102Y"
,10015,花蓮縣,10015050,吉安鄉,10015050-016,仁安村,607,363398,599,481,284,769,504.33,84.24,"102Y"
,10015,花蓮縣,10015050,吉安鄉,10015050-017,仁和村,1204,752324,625,516,319,817,496.26,79.42,"102Y"
,10015,花蓮縣,10015050,吉安鄉,10015050-018,光華村,490,370863,757,552,346,957,707.02,93.41,"102Y"
X,10015,花蓮縣,10015050,吉安鄉,10015050-999,其他,2,1004,502,502,411,593,257.34,51.25,"102Y"
,10015,花蓮縣,10015060,壽豐鄉,10015060-001,樹湖村,72,46401,644,459,259,658,798.85,123.96,"102Y"
,10015,花蓮縣,10015060,壽豐鄉,10015060-002,溪口村,218,133381,612,470,282,717,511.08,83.53,"102Y"
,10015,花蓮縣,10015060,壽豐鄉,10015060-003,豐山村,439,255469,582,461,279,710,468.16,80.45,"102Y"
,10015,花蓮縣,10015060,壽豐鄉,10015060-004,豐裡村,326,195046,598,456,261,701,562.31,93.99,"102Y"
,10015,花蓮縣,10015060,壽豐鄉,10015060-005,豐坪村,192,113450,591,420,258,732,621.2,105.13,"102Y"
,10015,花蓮縣,10015060,壽豐鄉,10015060-006,共和村,140,89386,638,449,249,709,834.99,130.78,"102Y"
,10015,花蓮縣,10015060,壽豐鄉,10015060-007,壽豐村,394,261363,663,490,291,823,628.3,94.72,"102Y"
,10015,花蓮縣,10015060,壽豐鄉,10015060-008,光榮村,171,97947,573,437,263,737,534.45,93.31,"102Y"
,10015,花蓮縣,10015060,壽豐鄉,10015060-009,池南村,163,96362,591,478,264,707,480.83,81.33,"102Y"
,10015,花蓮縣,10015060,壽豐鄉,10015060-010,平和村,271,192629,711,529,297,842,664.24,93.45,"102Y"
,10015,花蓮縣,10015060,壽豐鄉,10015060-011,志學村,583,414316,711,512,295,924,665.54,93.65,"102Y"
,10015,花蓮縣,10015060,壽豐鄉,10015060-012,米棧村,42,17418,415,386,247,575,244.19,58.88,"102Y"
,10015,花蓮縣,10015060,壽豐鄉,10015060-013,月眉村,199,99168,498,422,267,684,353.41,70.92,"102Y"
,10015,花蓮縣,10015060,壽豐鄉,10015060-014,水璉村,110,57028,518,443,281,704,337.5,65.1,"102Y"
,10015,花蓮縣,10015060,壽豐鄉,10015060-015,鹽寮村,83,54524,657,455,268,917,633.29,96.4,"102Y"
X,10015,花蓮縣,10015060,壽豐鄉,10015060-999,其他,0,0,0,0,0,0,0,0,"102Y"
,10015,花蓮縣,10015070,光復鄉,10015070-001,大安村,234,150282,642,504,262,887,548.78,85.45,"102Y"
,10015,花蓮縣,10015070,光復鄉,10015070-002,大華村,310,201272,649,500,278,823,706.49,108.81,"102Y"
,10015,花蓮縣,10015070,光復鄉,10015070-003,大平村,211,119844,568,457,269,791,419.36,73.83,"102Y"
,10015,花蓮縣,10015070,光復鄉,10015070-004,大馬村,212,112577,531,439,252,661,406.08,76.47,"102Y"
,10015,花蓮縣,10015070,光復鄉,10015070-005,大同村,271,166720,615,436,261,811,632.31,102.78,"102Y"
,10015,花蓮縣,10015070,光復鄉,10015070-006,大進村,128,93594,731,582,348,980,555.15,75.92,"102Y"
,10015,花蓮縣,10015070,光復鄉,10015070-007,大全村,144,72951,507,399,244,624,430.79,85.04,"102Y"
,10015,花蓮縣,10015070,光復鄉,10015070-008,大興村,69,34353,498,395,215,611,448.11,90.01,"102Y"
,10015,花蓮縣,10015070,光復鄉,10015070-009,大富村,73,41134,563,476,301,786,379.42,67.33,"102Y"
,10015,花蓮縣,10015070,光復鄉,10015070-010,大豐村,87,55063,633,454,212,795,909.83,143.75,"102Y"
,10015,花蓮縣,10015070,光復鄉,10015070-011,東富村,216,99891,462,384,215,645,355.8,76.94,"102Y"
,10015,花蓮縣,10015070,光復鄉,10015070-012,西富村,198,104393,527,445,300,682,363.78,69,"102Y"
,10015,花蓮縣,10015070,光復鄉,10015070-013,南富村,185,106148,574,468,292,695,449.61,78.36,"102Y"
,10015,花蓮縣,10015070,光復鄉,10015070-014,北富村,167,82960,497,445,266,638,325.67,65.56,"102Y"
X,10015,花蓮縣,10015070,光復鄉,10015070-999,其他,0,0,0,0,0,0,0,0,"102Y"
,10015,花蓮縣,10015080,豐濱鄉,10015080-001,豐濱村,335,167374,500,418,249,662,340.17,68.08,"102Y"
,10015,花蓮縣,10015080,豐濱鄉,10015080-002,新社村,95,43893,462,373,175,648,440.3,95.3,"102Y"
,10015,花蓮縣,10015080,豐濱鄉,10015080-003,磯崎村,48,24728,515,454,317,697,344.94,66.96,"102Y"
,10015,花蓮縣,10015080,豐濱鄉,10015080-004,港口村,108,73795,683,335,216,532,2667.91,390.45,"102Y"
,10015,花蓮縣,10015080,豐濱鄉,10015080-005,靜浦村,108,47312,438,396,227,567,335.68,76.63,"102Y"
X,10015,花蓮縣,10015080,豐濱鄉,10015080-999,其他,0,0,0,0,0,0,0,0,"102Y"
,10015,花蓮縣,10015090,瑞穗鄉,10015090-001,瑞穗村,483,306052,634,488,309,753,538.3,84.95,"102Y"
,10015,花蓮縣,10015090,瑞穗鄉,10015090-002,瑞美村,420,271018,645,507,333,843,467.97,72.52,"102Y"
,10015,花蓮縣,10015090,瑞穗鄉,10015090-003,瑞良村,100,62020,620,482,318,642,622.89,100.43,"102Y"
,10015,花蓮縣,10015090,瑞穗鄉,10015090-004,瑞祥村,186,115557,621,475,304,725,738.67,118.9,"102Y"
,10015,花蓮縣,10015090,瑞穗鄉,10015090-005,瑞北村,106,58937,556,432,241,714,527.49,94.87,"102Y"
,10015,花蓮縣,10015090,瑞穗鄉,10015090-006,舞鶴村,162,84929,524,434,243,601,774.49,147.73,"102Y"
,10015,花蓮縣,10015090,瑞穗鄉,10015090-007,鶴岡村,138,62439,452,433,243,590,294.86,65.17,"102Y"
,10015,花蓮縣,10015090,瑞穗鄉,10015090-008,奇美村,74,34605,468,330,197,553,450.13,96.26,"102Y"
,10015,花蓮縣,10015090,瑞穗鄉,10015090-009,富源村,124,63874,515,427,258,638,398.17,77.3,"102Y"
,10015,花蓮縣,10015090,瑞穗鄉,10015090-010,富民村,152,78066,514,429,272,646,405.9,79.03,"102Y"
,10015,花蓮縣,10015090,瑞穗鄉,10015090-011,富興村,88,49814,566,431,225,754,497.58,87.9,"102Y"
X,10015,花蓮縣,10015090,瑞穗鄉,10015090-999,其他,0,0,0,0,0,0,0,0,"102Y"
,10015,花蓮縣,10015100,富里鄉,10015100-001,吳江村,72,33227,461,429,243,595,308.06,66.75,"102Y"
,10015,花蓮縣,10015100,富里鄉,10015100-002,東里村,179,116512,651,523,342,783,511.55,78.59,"102Y"
,10015,花蓮縣,10015100,富里鄉,10015100-003,萬寧村,99,54722,553,458,308,693,363.08,65.69,"102Y"
,10015,花蓮縣,10015100,富里鄉,10015100-004,新興村,96,48357,504,450,261,666,334.34,66.37,"102Y"
,10015,花蓮縣,10015100,富里鄉,10015100-005,竹田村,199,118773,597,458,292,777,518.54,86.88,"102Y"
,10015,花蓮縣,10015100,富里鄉,10015100-006,羅山村,66,35892,544,435,239,704,448.58,82.49,"102Y"
,10015,花蓮縣,10015100,富里鄉,10015100-007,石牌村,174,90948,523,442,271,665,416.66,79.71,"102Y"
,10015,花蓮縣,10015100,富里鄉,10015100-008,明里村,57,34888,612,467,381,770,471.07,76.96,"102Y"
,10015,花蓮縣,10015100,富里鄉,10015100-009,富里村,264,159400,604,452,261,749,585.54,96.98,"102Y"
,10015,花蓮縣,10015100,富里鄉,10015100-010,永豐村,74,38434,519,437,260,641,417.94,80.47,"102Y"
,10015,花蓮縣,10015100,富里鄉,10015100-011,豐南村,71,38756,546,484,318,630,376.39,68.95,"102Y"
,10015,花蓮縣,10015100,富里鄉,10015100-012,富南村,78,42535,545,469,283,663,344.96,63.26,"102Y"
,10015,花蓮縣,10015100,富里鄉,10015100-013,學田村,101,60635,600,467,283,667,501.2,83.48,"102Y"
X,10015,花蓮縣,10015100,富里鄉,10015100-999,其他,0,0,0,0,0,0,0,0,"102Y"
,10015,花蓮縣,10015110,秀林鄉,10015110-001,崇德村,326,180633,554,466,257,662,573.38,103.48,"102Y"
,10015,花蓮縣,10015110,秀林鄉,10015110-002,富世村,448,258325,577,460,266,802,443.51,76.92,"102Y"
,10015,花蓮縣,10015110,秀林鄉,10015110-003,秀林村,414,239673,579,463,276,746,443.45,76.6,"102Y"
,10015,花蓮縣,10015110,秀林鄉,10015110-004,水源村,233,136562,586,465,256,814,483.39,82.48,"102Y"
,10015,花蓮縣,10015110,秀林鄉,10015110-005,銅門村,289,152014,526,450,266,682,385.11,73.22,"102Y"
,10015,花蓮縣,10015110,秀林鄉,10015110-006,文蘭村,224,137182,612,502,308,830,465.99,76.09,"102Y"
,10015,花蓮縣,10015110,秀林鄉,10015110-007,景美村,353,193447,548,438,247,701,462.84,84.46,"102Y"
,10015,花蓮縣,10015110,秀林鄉,10015110-008,佳民村,196,104056,531,446,250,722,404.04,76.1,"102Y"
,10015,花蓮縣,10015110,秀林鄉,10015110-009,和平村,391,189809,485,403,237,587,457.02,94.14,"102Y"
X,10015,花蓮縣,10015110,秀林鄉,10015110-999,其他,0,0,0,0,0,0,0,0,"102Y"
,10015,花蓮縣,10015120,萬榮鄉,10015120-001,西林村,276,163395,592,492,281,763,465,78.55,"102Y"
,10015,花蓮縣,10015120,萬榮鄉,10015120-002,見晴村,128,66795,522,448,254,692,361.26,69.23,"102Y"
,10015,花蓮縣,10015120,萬榮鄉,10015120-003,萬榮村,162,92595,572,488,234,705,515.7,90.23,"102Y"
,10015,花蓮縣,10015120,萬榮鄉,10015120-004,明利村,129,67065,520,370,246,560,623.09,119.85,"102Y"
,10015,花蓮縣,10015120,萬榮鄉,10015120-005,馬遠村,288,137116,476,383,244,639,332.8,69.9,"102Y"
,10015,花蓮縣,10015120,萬榮鄉,10015120-006,紅葉村,290,136157,470,363,224,623,398.38,84.85,"102Y"
X,10015,花蓮縣,10015120,萬榮鄉,10015120-999,其他,0,0,0,0,0,0,0,0,"102Y"
,10015,花蓮縣,10015130,卓溪鄉,10015130-001,崙山村,117,65740,562,501,296,734,410.48,73.05,"102Y"
,10015,花蓮縣,10015130,卓溪鄉,10015130-002,立山村,228,127565,559,505,309,742,355.55,63.55,"102Y"
,10015,花蓮縣,10015130,卓溪鄉,10015130-003,太平村,174,103102,593,511,325,736,414.35,69.93,"102Y"
,10015,花蓮縣,10015130,卓溪鄉,10015130-004,卓溪村,154,85863,558,490,292,696,356.85,64,"102Y"
,10015,花蓮縣,10015130,卓溪鄉,10015130-005,卓清村,181,94138,520,464,280,700,338.73,65.13,"102Y"
,10015,花蓮縣,10015130,卓溪鄉,10015130-006,古風村,155,87419,564,474,308,690,402.58,71.38,"102Y"
X,10015,花蓮縣,10015130,卓溪鄉,10015130-999,其他,0,0,0,0,0,0,0,0,"102Y"
,10016,澎湖縣,10016010,馬公市,10016010-002,復興里,161,149652,930,826,578,1114,577.59,62.14,"102Y"
,10016,澎湖縣,10016010,馬公市,10016010-003,長安里,174,176627,1015,657,358,1045,1286.55,126.74,"102Y"
,10016,澎湖縣,10016010,馬公市,10016010-004,中央里,138,109164,791,654,354,1034,650.88,82.28,"102Y"
,10016,澎湖縣,10016010,馬公市,10016010-005,啟明里,282,270495,959,675,343,1311,988.68,103.07,"102Y"
,10016,澎湖縣,10016010,馬公市,10016010-006,重慶里,311,242567,780,550,288,976,846.67,108.55,"102Y"
,10016,澎湖縣,10016010,馬公市,10016010-007,中興里,284,262145,923,762,491,1206,689.27,74.67,"102Y"
,10016,澎湖縣,10016010,馬公市,10016010-008,光復里,598,512692,857,669,393,1047,820.1,95.66,"102Y"
,10016,澎湖縣,10016010,馬公市,10016010-009,光榮里,1278,1175720,920,744,396,1230,736.81,80.09,"102Y"
,10016,澎湖縣,10016010,馬公市,10016010-010,光明里,402,359125,893,745,412,1248,658.93,73.76,"102Y"
,10016,澎湖縣,10016010,馬公市,10016010-011,朝陽里,1673,1467184,877,700,394,1181,702.41,80.09,"102Y"
,10016,澎湖縣,10016010,馬公市,10016010-012,陽明里,772,716122,928,722,397,1214,770.15,83.02,"102Y"
,10016,澎湖縣,10016010,馬公市,10016010-013,重光里,429,388417,905,729,409,1201,699.79,77.29,"102Y"
,10016,澎湖縣,10016010,馬公市,10016010-014,西衛里,1241,1147342,925,712,402,1251,726.22,78.55,"102Y"
,10016,澎湖縣,10016010,馬公市,10016010-015,西文里,983,838570,853,699,412,1132,635.26,74.47,"102Y"
,10016,澎湖縣,10016010,馬公市,10016010-016,東文里,910,765329,841,706,366,1155,649.02,77.17,"102Y"
,10016,澎湖縣,10016010,馬公市,10016010-017,案山里,550,446854,812,727,449,1059,511.57,62.97,"102Y"
,10016,澎湖縣,10016010,馬公市,10016010-018,光華里,233,219965,944,887,697,1128,471.38,49.93,"102Y"
,10016,澎湖縣,10016010,馬公市,10016010-019,前寮里,248,246805,995,768,476,1247,818.61,82.26,"102Y"
,10016,澎湖縣,10016010,馬公市,10016010-020,石泉里,723,639534,885,776,446,1166,598.03,67.61,"102Y"
,10016,澎湖縣,10016010,馬公市,10016010-021,菜園里,91,78286,860,719,483,1145,538.64,62.61,"102Y"
,10016,澎湖縣,10016010,馬公市,10016010-022,東衛里,542,467710,863,733,452,1148,604.89,70.1,"102Y"
,10016,澎湖縣,10016010,馬公市,10016010-023,安宅里,137,111279,812,673,355,1147,598.05,73.63,"102Y"
,10016,澎湖縣,10016010,馬公市,10016010-024,烏崁里,238,163183,686,613,329,911,499.7,72.88,"102Y"
,10016,澎湖縣,10016010,馬公市,10016010-025,興仁里,262,200109,764,646,386,928,594.24,77.8,"102Y"
,10016,澎湖縣,10016010,馬公市,10016010-026,鐵線里,120,92904,774,573,286,908,761.58,98.37,"102Y"
,10016,澎湖縣,10016010,馬公市,10016010-027,山水里,345,262235,760,630,324,978,629.82,82.86,"102Y"
,10016,澎湖縣,10016010,馬公市,10016010-028,鎖港里,511,367431,719,651,382,927,487.85,67.85,"102Y"
,10016,澎湖縣,10016010,馬公市,10016010-029,五德里,77,54828,712,570,376,799,740.27,103.96,"102Y"
,10016,澎湖縣,10016010,馬公市,10016010-030,井垵里,74,51901,701,605,367,894,508.56,72.51,"102Y"
,10016,澎湖縣,10016010,馬公市,10016010-031,?裡里,257,183263,713,582,324,911,550.28,77.17,"102Y"
,10016,澎湖縣,10016010,馬公市,10016010-032,風櫃里,214,126700,592,525,370,761,362.45,61.22,"102Y"
,10016,澎湖縣,10016010,馬公市,10016010-033,虎井里,159,119948,754,582,343,997,625.57,82.92,"102Y"
,10016,澎湖縣,10016010,馬公市,10016010-034,桶盤里,44,24930,567,448,263,817,449.58,79.35,"102Y"
X,10016,澎湖縣,10016010,馬公市,10016010-999,其他,0,0,0,0,0,0,0,0,"102Y"
,10016,澎湖縣,10016020,湖西鄉,10016020-001,湖西村,255,210028,824,686,387,1113,600.49,72.91,"102Y"
,10016,澎湖縣,10016020,湖西鄉,10016020-002,湖東村,76,50125,660,562,298,920,469.73,71.22,"102Y"
,10016,澎湖縣,10016020,湖西鄉,10016020-003,青螺村,41,26977,658,567,321,749,578.39,87.9,"102Y"
,10016,澎湖縣,10016020,湖西鄉,10016020-004,白坑村,45,22687,504,361,243,568,475.13,94.24,"102Y"
,10016,澎湖縣,10016020,湖西鄉,10016020-005,南寮村,117,85603,732,529,276,968,657.41,89.85,"102Y"
,10016,澎湖縣,10016020,湖西鄉,10016020-006,北寮村,62,41787,674,618,406,807,405.55,60.17,"102Y"
,10016,澎湖縣,10016020,湖西鄉,10016020-007,紅羅村,157,115367,735,584,350,906,609.16,82.9,"102Y"
,10016,澎湖縣,10016020,湖西鄉,10016020-008,西溪村,181,128550,710,661,376,899,451.85,63.62,"102Y"
,10016,澎湖縣,10016020,湖西鄉,10016020-009,成功村,171,144330,844,673,426,1148,573.34,67.93,"102Y"
,10016,澎湖縣,10016020,湖西鄉,10016020-010,東石村,24,17061,711,754,289,955,430.95,60.62,"102Y"
,10016,澎湖縣,10016020,湖西鄉,10016020-011,中西村,38,34573,910,617,355,1120,790.93,86.93,"102Y"
,10016,澎湖縣,10016020,湖西鄉,10016020-012,潭邊村,51,42201,827,724,464,1125,504.99,61.03,"102Y"
,10016,澎湖縣,10016020,湖西鄉,10016020-013,鼎灣村,143,128652,900,738,417,1148,727.59,80.87,"102Y"
,10016,澎湖縣,10016020,湖西鄉,10016020-014,許家村,89,79755,896,742,485,1112,699.11,78.02,"102Y"
,10016,澎湖縣,10016020,湖西鄉,10016020-015,沙港村,164,125255,764,678,342,1002,577.7,75.64,"102Y"
,10016,澎湖縣,10016020,湖西鄉,10016020-016,城北村,85,63734,750,655,529,908,470.47,62.75,"102Y"
,10016,澎湖縣,10016020,湖西鄉,10016020-017,太武村,18,9030,502,489,333,688,282.57,56.33,"102Y"
,10016,澎湖縣,10016020,湖西鄉,10016020-018,隘門村,229,191836,838,684,409,1047,602.33,71.9,"102Y"
,10016,澎湖縣,10016020,湖西鄉,10016020-019,林投村,233,155233,666,562,288,924,491.58,73.79,"102Y"
,10016,澎湖縣,10016020,湖西鄉,10016020-020,尖山村,140,93401,667,551,362,801,499.87,74.93,"102Y"
,10016,澎湖縣,10016020,湖西鄉,10016020-021,龍門村,410,260446,635,549,351,829,429.89,67.67,"102Y"
,10016,澎湖縣,10016020,湖西鄉,10016020-022,?葉村,129,82777,642,508,296,858,516.79,80.54,"102Y"
X,10016,澎湖縣,10016020,湖西鄉,10016020-999,其他,0,0,0,0,0,0,0,0,"102Y"
,10016,澎湖縣,10016030,白沙鄉,10016030-001,中屯村,134,107141,800,628,380,1111,561.55,70.23,"102Y"
,10016,澎湖縣,10016030,白沙鄉,10016030-002,講美村,176,122383,695,583,360,936,496.13,71.35,"102Y"
,10016,澎湖縣,10016030,白沙鄉,10016030-003,城前村,26,24491,942,784,412,1388,639.43,67.88,"102Y"
,10016,澎湖縣,10016030,白沙鄉,10016030-004,鎮海村,32,19989,625,559,283,706,529.11,84.7,"102Y"
,10016,澎湖縣,10016030,白沙鄉,10016030-005,港子村,77,56741,737,606,362,1076,529.84,71.9,"102Y"
,10016,澎湖縣,10016030,白沙鄉,10016030-006,岐頭村,39,25481,653,523,259,815,595.83,91.19,"102Y"
,10016,澎湖縣,10016030,白沙鄉,10016030-007,小赤村,40,38827,971,720,483,1102,878.38,90.49,"102Y"
,10016,澎湖縣,10016030,白沙鄉,10016030-008,赤崁村,372,286849,771,675,382,1000,527.75,68.44,"102Y"
,10016,澎湖縣,10016030,白沙鄉,10016030-009,瓦硐村,45,37279,828,687,464,1065,481.17,58.08,"102Y"
,10016,澎湖縣,10016030,白沙鄉,10016030-010,後寮村,135,103697,768,642,365,946,572.49,74.53,"102Y"
,10016,澎湖縣,10016030,白沙鄉,10016030-011,通梁村,154,103671,673,530,287,931,577.67,85.81,"102Y"
,10016,澎湖縣,10016030,白沙鄉,10016030-012,吉貝村,166,114225,688,545,290,895,570.97,82.98,"102Y"
,10016,澎湖縣,10016030,白沙鄉,10016030-013,鳥嶼村,188,107417,571,506,261,777,410.55,71.85,"102Y"
,10016,澎湖縣,10016030,白沙鄉,10016030-014,員貝村,30,26697,890,791,364,1422,602.19,67.67,"102Y"
,10016,澎湖縣,10016030,白沙鄉,10016030-015,大倉村,48,27752,578,610,320,808,355.02,61.4,"102Y"
X,10016,澎湖縣,10016030,白沙鄉,10016030-999,其他,0,0,0,0,0,0,0,0,"102Y"
,10016,澎湖縣,10016040,西嶼鄉,10016040-001,橫礁村,29,18249,629,595,423,761,365.27,58.05,"102Y"
,10016,澎湖縣,10016040,西嶼鄉,10016040-002,合界村,87,58125,668,485,218,818,717.71,107.42,"102Y"
,10016,澎湖縣,10016040,西嶼鄉,10016040-003,小門村,55,44188,803,604,432,947,732.35,91.15,"102Y"
,10016,澎湖縣,10016040,西嶼鄉,10016040-004,竹灣村,157,99323,633,561,290,808,482.19,76.22,"102Y"
,10016,澎湖縣,10016040,西嶼鄉,10016040-005,大池村,106,71933,679,538,284,841,565.04,83.26,"102Y"
,10016,澎湖縣,10016040,西嶼鄉,10016040-006,二崁村,32,33905,1060,511,341,672,2494.22,235.41,"102Y"
,10016,澎湖縣,10016040,西嶼鄉,10016040-007,池東村,153,120820,790,638,389,963,615.03,77.88,"102Y"
,10016,澎湖縣,10016040,西嶼鄉,10016040-008,池西村,34,24788,729,490,314,1052,628.92,86.26,"102Y"
,10016,澎湖縣,10016040,西嶼鄉,10016040-009,赤馬村,90,51160,568,520,329,760,351.77,61.88,"102Y"
,10016,澎湖縣,10016040,西嶼鄉,10016040-010,內垵村,246,140839,573,476,284,766,435.67,76.1,"102Y"
,10016,澎湖縣,10016040,西嶼鄉,10016040-011,外垵村,332,221949,669,545,327,834,660.36,98.78,"102Y"
X,10016,澎湖縣,10016040,西嶼鄉,10016040-999,其他,0,0,0,0,0,0,0,0,"102Y"
,10016,澎湖縣,10016050,望安鄉,10016050-001,東安村,216,180051,834,700,372,1219,583.48,70,"102Y"
,10016,澎湖縣,10016050,望安鄉,10016050-002,西安村,143,120475,842,680,366,1052,696.39,82.66,"102Y"
,10016,澎湖縣,10016050,望安鄉,10016050-003,中社村,65,51319,790,508,400,967,748.19,94.76,"102Y"
,10016,澎湖縣,10016050,望安鄉,10016050-004,水垵村,83,69076,832,816,374,1197,554.93,66.68,"102Y"
,10016,澎湖縣,10016050,望安鄉,10016050-005,將軍村,221,145147,657,541,320,855,535.76,81.57,"102Y"
,10016,澎湖縣,10016050,望安鄉,10016050-006,東坪村,64,42158,659,590,327,722,565.28,85.81,"102Y"
,10016,澎湖縣,10016050,望安鄉,10016050-007,西坪村,41,20740,506,430,278,623,416.03,82.24,"102Y"
,10016,澎湖縣,10016050,望安鄉,10016050-008,東吉村,41,28641,699,597,303,980,537.67,76.97,"102Y"
,10016,澎湖縣,10016050,望安鄉,10016050-009,花嶼村,42,31093,740,657,441,965,469.04,63.36,"102Y"
X,10016,澎湖縣,10016050,望安鄉,10016050-999,其他,0,0,0,0,0,0,0,0,"102Y"
,10016,澎湖縣,10016060,七美鄉,10016060-001,東湖村,50,28259,565,442,295,713,415.95,73.6,"102Y"
,10016,澎湖縣,10016060,七美鄉,10016060-002,西湖村,106,85007,802,646,254,1106,682.73,85.13,"102Y"
,10016,澎湖縣,10016060,七美鄉,10016060-003,中和村,157,120337,766,640,381,874,837.1,109.21,"102Y"
,10016,澎湖縣,10016060,七美鄉,10016060-004,平和村,79,53779,681,647,302,933,524.25,77.01,"102Y"
,10016,澎湖縣,10016060,七美鄉,10016060-005,海豐村,67,48753,728,596,297,1091,546.94,75.16,"102Y"
,10016,澎湖縣,10016060,七美鄉,10016060-006,南港村,252,189625,752,616,332,958,667.33,88.68,"102Y"
X,10016,澎湖縣,10016060,七美鄉,10016060-999,其他,0,0,0,0,0,0,0,0,"102Y"
,10017,基隆市,10017010,中正區,10017010-001,德義里,299,264177,884,581,317,1036,1233.43,139.6,"102Y"
,10017,基隆市,10017010,中正區,10017010-002,正義里,414,296778,717,575,352,874,556.19,77.59,"102Y"
,10017,基隆市,10017010,中正區,10017010-003,信義里,309,232005,751,543,327,923,972.53,129.53,"102Y"
,10017,基隆市,10017010,中正區,10017010-004,義重里,328,251111,766,546,357,874,1355.37,177.04,"102Y"
,10017,基隆市,10017010,中正區,10017010-005,港通里,511,529724,1037,577,338,1175,3240.06,312.55,"102Y"
,10017,基隆市,10017010,中正區,10017010-006,中船里,358,250058,698,569,321,904,573.81,82.15,"102Y"
,10017,基隆市,10017010,中正區,10017010-007,正船里,410,291883,712,546,330,875,636.13,89.36,"102Y"
,10017,基隆市,10017010,中正區,10017010-008,入船里,265,198986,751,611,348,1001,576.62,76.79,"102Y"
,10017,基隆市,10017010,中正區,10017010-009,中砂里,374,274982,735,549,342,959,634.23,86.26,"102Y"
,10017,基隆市,10017010,中正區,10017010-010,正砂里,814,677347,832,563,354,1071,876.8,105.37,"102Y"
,10017,基隆市,10017010,中正區,10017010-011,真砂里,445,365489,821,543,342,848,2769.33,337.18,"102Y"
,10017,基隆市,10017010,中正區,10017010-012,砂灣里,612,433989,709,540,332,925,576.26,81.26,"102Y"
,10017,基隆市,10017010,中正區,10017010-013,建國里,614,501650,817,609,372,1067,654.57,80.12,"102Y"
,10017,基隆市,10017010,中正區,10017010-014,中濱里,375,247404,660,486,316,801,642.39,97.37,"102Y"
,10017,基隆市,10017010,中正區,10017010-015,海濱里,334,205042,614,502,339,816,419.57,68.35,"102Y"
,10017,基隆市,10017010,中正區,10017010-016,社寮里,506,318317,629,491,318,798,515.17,81.89,"102Y"
,10017,基隆市,10017010,中正區,10017010-017,和憲里,226,123081,545,481,309,698,358.57,65.84,"102Y"
,10017,基隆市,10017010,中正區,10017010-018,平寮里,394,244594,621,523,351,760,457.68,73.72,"102Y"
,10017,基隆市,10017010,中正區,10017010-019,八斗里,403,252069,625,522,327,795,460.44,73.61,"102Y"
,10017,基隆市,10017010,中正區,10017010-020,碧砂里,337,207289,615,485,291,801,527.38,85.74,"102Y"
,10017,基隆市,10017010,中正區,10017010-021,長潭里,127,84494,665,506,333,850,558.37,83.93,"102Y"
,10017,基隆市,10017010,中正區,10017010-022,砂子里,1372,890782,649,511,325,814,541.92,83.47,"102Y"
,10017,基隆市,10017010,中正區,10017010-023,中正里,577,378871,657,489,311,843,640.94,97.61,"102Y"
,10017,基隆市,10017010,中正區,10017010-024,正濱里,316,253755,803,580,377,919,1234.2,153.69,"102Y"
,10017,基隆市,10017010,中正區,10017010-025,新豐里,1667,1276874,766,598,375,991,657.92,85.89,"102Y"
,10017,基隆市,10017010,中正區,10017010-026,新富里,1384,932339,674,529,338,832,528.48,78.45,"102Y"
X,10017,基隆市,10017010,中正區,10017010-999,其他,0,0,0,0,0,0,0,0,"102Y"
,10017,基隆市,10017020,七堵區,10017020-001,長興里,1264,866697,686,539,343,842,558.67,81.48,"102Y"
,10017,基隆市,10017020,七堵區,10017020-002,正光里,794,591883,745,540,331,888,739.3,99.18,"102Y"
,10017,基隆市,10017020,七堵區,10017020-003,富民里,1282,995085,776,570,345,978,745.13,96,"102Y"
,10017,基隆市,10017020,七堵區,10017020-004,永平里,648,456940,705,540,338,925,565.29,80.17,"102Y"
,10017,基隆市,10017020,七堵區,10017020-005,永安里,787,574187,730,555,354,908,638.11,87.46,"102Y"
,10017,基隆市,10017020,七堵區,10017020-006,八德里,537,345188,643,496,313,785,586.43,91.23,"102Y"
,10017,基隆市,10017020,七堵區,10017020-007,自強里,293,196043,669,514,330,858,513.15,76.69,"102Y"
,10017,基隆市,10017020,七堵區,10017020-008,六堵里,769,575409,748,561,350,905,731.89,97.81,"102Y"
,10017,基隆市,10017020,七堵區,10017020-009,泰安里,1472,1005587,683,532,337,860,571.68,83.68,"102Y"
,10017,基隆市,10017020,七堵區,10017020-010,堵北里,1232,831206,675,522,327,843,594.4,88.1,"102Y"
,10017,基隆市,10017020,七堵區,10017020-011,堵南里,695,444845,640,508,309,859,502.42,78.5,"102Y"
,10017,基隆市,10017020,七堵區,10017020-012,瑪南里,125,81721,654,523,345,766,680.73,104.13,"102Y"
,10017,基隆市,10017020,七堵區,10017020-013,瑪東里,82,50569,617,426,268,727,709.39,115.03,"102Y"
,10017,基隆市,10017020,七堵區,10017020-014,瑪西里,83,50304,606,406,276,769,543.19,89.62,"102Y"
,10017,基隆市,10017020,七堵區,10017020-015,友一里,665,694282,1044,687,360,1311,1238.03,118.58,"102Y"
,10017,基隆市,10017020,七堵區,10017020-016,友二里,109,66165,607,477,298,719,568.89,93.72,"102Y"
,10017,基隆市,10017020,七堵區,10017020-017,正明里,743,543250,731,576,347,959,584.14,79.89,"102Y"
,10017,基隆市,10017020,七堵區,10017020-018,百福里,2077,1474538,710,527,337,873,727.28,102.44,"102Y"
,10017,基隆市,10017020,七堵區,10017020-019,實踐里,1262,801278,635,501,323,799,497.83,78.41,"102Y"
,10017,基隆市,10017020,七堵區,10017020-020,長安里,699,450772,645,506,323,807,556.61,86.31,"102Y"
X,10017,基隆市,10017020,七堵區,10017020-999,其他,2,1010,505,505,400,611,298.3,59.04,"102Y"
,10017,基隆市,10017030,暖暖區,10017030-001,八西里,458,332456,726,544,318,961,629.65,86.74,"102Y"
,10017,基隆市,10017030,暖暖區,10017030-002,八堵里,196,124992,638,521,332,816,481.88,75.56,"102Y"
,10017,基隆市,10017030,暖暖區,10017030-003,八南里,208,133894,644,516,337,756,555.94,86.36,"102Y"
,10017,基隆市,10017030,暖暖區,10017030-004,過港里,1166,830670,712,539,339,885,701.87,98.52,"102Y"
,10017,基隆市,10017030,暖暖區,10017030-005,碇內里,880,660956,751,572,333,932,697.42,92.85,"102Y"
,10017,基隆市,10017030,暖暖區,10017030-006,碇和里,1000,750700,751,548,328,950,717.3,95.55,"102Y"
,10017,基隆市,10017030,暖暖區,10017030-007,暖同里,844,651012,771,580,351,954,709.81,92.02,"102Y"
,10017,基隆市,10017030,暖暖區,10017030-008,暖暖里,855,627672,734,583,350,945,580.45,79.07,"102Y"
,10017,基隆市,10017030,暖暖區,10017030-009,暖東里,111,78141,704,526,339,897,669.45,95.1,"102Y"
,10017,基隆市,10017030,暖暖區,10017030-010,暖西里,1503,1277131,850,592,348,1078,876.62,103.17,"102Y"
,10017,基隆市,10017030,暖暖區,10017030-011,八中里,145,88926,613,463,282,778,544.45,88.78,"102Y"
,10017,基隆市,10017030,暖暖區,10017030-012,碇安里,1638,1233712,753,580,361,976,667.11,88.57,"102Y"
,10017,基隆市,10017030,暖暖區,10017030-013,碇祥里,1722,1282215,745,569,336,951,640.35,86,"102Y"
X,10017,基隆市,10017030,暖暖區,10017030-999,其他,6,5408,901,675,465,1245,575.8,63.89,"102Y"
,10017,基隆市,10017040,仁愛區,10017040-001,林泉里,550,394755,718,551,330,849,695.72,96.93,"102Y"
,10017,基隆市,10017040,仁愛區,10017040-002,花崗里,370,279652,756,589,381,1003,619.25,81.93,"102Y"
,10017,基隆市,10017040,仁愛區,10017040-003,虹橋里,500,420638,841,616,380,1114,715.28,85.02,"102Y"
,10017,基隆市,10017040,仁愛區,10017040-004,水錦里,643,559191,870,653,374,1195,709.93,81.63,"102Y"
,10017,基隆市,10017040,仁愛區,10017040-005,智仁里,864,761524,881,659,370,1172,737.81,83.71,"102Y"
,10017,基隆市,10017040,仁愛區,10017040-006,和明里,673,698142,1037,680,380,1327,1874.21,180.67,"102Y"
,10017,基隆市,10017040,仁愛區,10017040-007,忠勇里,316,263119,833,579,370,1023,812.82,97.62,"102Y"
,10017,基隆市,10017040,仁愛區,10017040-008,玉田里,352,293733,834,622,336,1087,868.44,104.07,"102Y"
,10017,基隆市,10017040,仁愛區,10017040-009,仁德里,401,335719,837,535,324,1000,1100.72,131.48,"102Y"
,10017,基隆市,10017040,仁愛區,10017040-010,博愛里,525,415692,792,568,347,931,864.17,109.14,"102Y"
,10017,基隆市,10017040,仁愛區,10017040-011,福仁里,241,152167,631,491,310,790,548.28,86.83,"102Y"
,10017,基隆市,10017040,仁愛區,10017040-012,誠仁里,323,195907,607,488,314,810,442.33,72.93,"102Y"
,10017,基隆市,10017040,仁愛區,10017040-013,吉仁里,804,505946,629,506,321,774,521.21,82.83,"102Y"
,10017,基隆市,10017040,仁愛區,10017040-014,育仁里,213,127543,599,498,331,737,445.18,74.35,"102Y"
,10017,基隆市,10017040,仁愛區,10017040-015,英仁里,370,235308,636,500,284,878,535.82,84.25,"102Y"
,10017,基隆市,10017040,仁愛區,10017040-016,龍門里,211,136797,648,539,347,767,472.12,72.82,"102Y"
,10017,基隆市,10017040,仁愛區,10017040-017,德厚里,578,439054,760,570,358,926,726.57,95.65,"102Y"
,10017,基隆市,10017040,仁愛區,10017040-018,曲水里,267,196415,736,580,326,957,658.6,89.53,"102Y"
,10017,基隆市,10017040,仁愛區,10017040-019,崇文里,285,187009,656,482,343,798,538.7,82.1,"102Y"
,10017,基隆市,10017040,仁愛區,10017040-020,文安里,237,136269,575,445,246,747,513.32,89.28,"102Y"
,10017,基隆市,10017040,仁愛區,10017040-021,兆連里,185,129048,698,518,329,853,572.52,82.08,"102Y"
,10017,基隆市,10017040,仁愛區,10017040-022,獅球里,258,173320,672,515,315,795,562.71,83.76,"102Y"
,10017,基隆市,10017040,仁愛區,10017040-023,書院里,283,181817,642,471,331,799,560.39,87.22,"102Y"
,10017,基隆市,10017040,仁愛區,10017040-024,朝棟里,855,636057,744,545,339,961,669.49,89.99,"102Y"
,10017,基隆市,10017040,仁愛區,10017040-025,明德里,204,138450,679,541,353,889,603.58,88.93,"102Y"
,10017,基隆市,10017040,仁愛區,10017040-026,同風里,188,107592,572,416,274,739,477.84,83.49,"102Y"
,10017,基隆市,10017040,仁愛區,10017040-027,文昌里,284,213135,750,504,292,854,852.79,113.63,"102Y"
,10017,基隆市,10017040,仁愛區,10017040-028,新店里,266,211267,794,593,284,1014,760.52,95.76,"102Y"
,10017,基隆市,10017040,仁愛區,10017040-029,光華里,771,545482,707,546,338,898,593.7,83.92,"102Y"
X,10017,基隆市,10017040,仁愛區,10017040-999,其他,0,0,0,0,0,0,0,0,"102Y"
,10017,基隆市,10017050,中山區,10017050-001,新建里,217,157205,724,499,323,931,664.97,91.79,"102Y"
,10017,基隆市,10017050,中山區,10017050-002,安民里,351,239090,681,528,346,860,522.39,76.69,"102Y"
,10017,基隆市,10017050,中山區,10017050-003,安平里,244,161592,662,516,354,830,524.31,79.17,"102Y"
,10017,基隆市,10017050,中山區,10017050-004,中山里,285,191877,673,492,322,826,648.87,96.38,"102Y"
,10017,基隆市,10017050,中山區,10017050-005,民治里,258,161060,624,519,336,796,524.28,83.98,"102Y"
,10017,基隆市,10017050,中山區,10017050-006,中興里,414,281538,680,531,333,870,542.77,79.81,"102Y"
,10017,基隆市,10017050,中山區,10017050-007,仁正里,235,156237,665,510,324,858,613.74,92.32,"102Y"
,10017,基隆市,10017050,中山區,10017050-008,健民里,319,201615,632,525,346,783,457.58,72.4,"102Y"
,10017,基隆市,10017050,中山區,10017050-009,通化里,293,186274,636,505,350,770,571.87,89.95,"102Y"
,10017,基隆市,10017050,中山區,10017050-010,居仁里,372,254375,684,520,360,824,588.79,86.11,"102Y"
,10017,基隆市,10017050,中山區,10017050-011,通明里,543,373616,688,548,331,871,572.16,83.16,"102Y"
,10017,基隆市,10017050,中山區,10017050-012,協和里,458,351584,768,574,360,1074,610.47,79.52,"102Y"
,10017,基隆市,10017050,中山區,10017050-013,文化里,280,184148,658,538,320,864,493.8,75.08,"102Y"
,10017,基隆市,10017050,中山區,10017050-014,仙洞里,171,117896,689,520,321,898,585.03,84.86,"102Y"
,10017,基隆市,10017050,中山區,10017050-015,太白里,252,175120,695,550,345,911,567.83,81.71,"102Y"
,10017,基隆市,10017050,中山區,10017050-016,西榮里,201,129690,645,471,312,737,605.59,93.86,"102Y"
,10017,基隆市,10017050,中山區,10017050-017,西華里,286,196184,686,556,325,873,633.6,92.37,"102Y"
,10017,基隆市,10017050,中山區,10017050-018,西定里,270,172523,639,483,324,845,506.46,79.26,"102Y"
,10017,基隆市,10017050,中山區,10017050-019,西康里,395,238392,604,520,327,793,403,66.77,"102Y"
,10017,基隆市,10017050,中山區,10017050-020,德和里,2052,1747400,852,609,366,1107,772.89,90.76,"102Y"
,10017,基隆市,10017050,中山區,10017050-021,中和里,1809,1335733,738,554,353,928,789.79,106.96,"102Y"
,10017,基隆市,10017050,中山區,10017050-022,德安里,1235,986071,798,622,378,1016,656.35,82.2,"102Y"
,10017,基隆市,10017050,中山區,10017050-023,和平里,160,123994,775,648,380,1043,513.28,66.23,"102Y"
,10017,基隆市,10017050,中山區,10017050-024,和慶里,1826,1195792,655,548,345,842,488.96,74.67,"102Y"
X,10017,基隆市,10017050,中山區,10017050-999,其他,7,4969,710,618,439,961,504.22,71.03,"102Y"
,10017,基隆市,10017060,安樂區,10017060-001,西川里,339,204425,603,467,304,765,469.2,77.81,"102Y"
,10017,基隆市,10017060,安樂區,10017060-002,定國里,298,194049,651,527,339,840,483.4,74.24,"102Y"
,10017,基隆市,10017060,安樂區,10017060-003,新西里,387,260865,674,530,332,822,556.57,82.57,"102Y"
,10017,基隆市,10017060,安樂區,10017060-004,定邦里,359,238223,664,526,302,835,596.1,89.83,"102Y"
,10017,基隆市,10017060,安樂區,10017060-005,慈仁里,296,183023,618,481,337,768,486.72,78.72,"102Y"
,10017,基隆市,10017060,安樂區,10017060-006,干城里,589,354570,602,513,324,783,421.31,69.99,"102Y"
,10017,基隆市,10017060,安樂區,10017060-007,永康里,613,398445,650,535,334,823,533.59,82.09,"102Y"
,10017,基隆市,10017060,安樂區,10017060-008,嘉仁里,1048,672405,642,488,311,788,563.27,87.79,"102Y"
,10017,基隆市,10017060,安樂區,10017060-009,安和里,293,215755,736,579,347,875,655.76,89.05,"102Y"
,10017,基隆市,10017060,安樂區,10017060-010,樂一里,164,96185,586,533,322,709,443.47,75.61,"102Y"
,10017,基隆市,10017060,安樂區,10017060-011,外寮里,1284,944638,736,579,352,924,635.57,86.39,"102Y"
,10017,基隆市,10017060,安樂區,10017060-012,中崙里,528,413388,783,590,361,987,750.05,95.8,"102Y"
,10017,基隆市,10017060,安樂區,10017060-013,內寮里,1749,1415380,809,578,350,991,1007.55,124.5,"102Y"
,10017,基隆市,10017060,安樂區,10017060-014,新崙里,1326,987757,745,569,363,950,633.65,85.06,"102Y"
,10017,基隆市,10017060,安樂區,10017060-015,三民里,905,598556,661,531,322,872,506.74,76.62,"102Y"
,10017,基隆市,10017060,安樂區,10017060-016,四維里,1817,1533279,844,647,386,1143,676.84,80.21,"102Y"
,10017,基隆市,10017060,安樂區,10017060-017,五福里,1177,833034,708,546,350,870,576.95,81.52,"102Y"
,10017,基隆市,10017060,安樂區,10017060-018,六合里,1399,1148174,821,597,354,1053,764.54,93.16,"102Y"
,10017,基隆市,10017060,安樂區,10017060-019,七賢里,963,692037,719,567,361,918,569.94,79.31,"102Y"
,10017,基隆市,10017060,安樂區,10017060-020,鶯歌里,1074,1004116,935,676,386,1274,975.95,104.39,"102Y"
,10017,基隆市,10017060,安樂區,10017060-021,武崙里,1543,1321460,856,663,387,1096,726.81,84.87,"102Y"
,10017,基隆市,10017060,安樂區,10017060-022,長樂里,1274,1436706,1128,753,424,1405,1887.91,167.41,"102Y"
,10017,基隆市,10017060,安樂區,10017060-023,興寮里,1517,1160293,765,600,370,1019,596.15,77.94,"102Y"
,10017,基隆市,10017060,安樂區,10017060-024,鶯安里,1112,1048482,943,716,410,1237,823.06,87.29,"102Y"
,10017,基隆市,10017060,安樂區,10017060-025,壯觀里,1516,1505738,993,813,456,1275,826.96,83.26,"102Y"
X,10017,基隆市,10017060,安樂區,10017060-999,其他,0,0,0,0,0,0,0,0,"102Y"
,10017,基隆市,10017070,信義區,10017070-001,仁壽里,422,359676,852,593,314,1053,866.74,101.69,"102Y"
,10017,基隆市,10017070,信義區,10017070-002,仁義里,522,467360,895,657,404,1160,833.54,93.1,"102Y"
,10017,基隆市,10017070,信義區,10017070-003,義昭里,365,342662,939,629,375,1260,1022.84,108.95,"102Y"
,10017,基隆市,10017070,信義區,10017070-004,義幸里,877,712552,812,565,335,1061,753.4,92.73,"102Y"
,10017,基隆市,10017070,信義區,10017070-005,義民里,222,173055,780,612,312,1003,717.42,92.03,"102Y"
,10017,基隆市,10017070,信義區,10017070-006,義和里,425,300304,707,537,301,944,596.75,84.45,"102Y"
,10017,基隆市,10017070,信義區,10017070-007,智慧里,233,184736,793,602,320,1097,666.91,84.11,"102Y"
,10017,基隆市,10017070,信義區,10017070-008,智誠里,425,270826,637,485,311,802,527.29,82.75,"102Y"
,10017,基隆市,10017070,信義區,10017070-009,禮儀里,534,406075,760,572,363,940,718.11,94.43,"102Y"
,10017,基隆市,10017070,信義區,10017070-010,禮東里,581,532586,917,599,371,1135,994.48,108.49,"102Y"
,10017,基隆市,10017070,信義區,10017070-011,信綠里,758,591610,780,597,345,1048,672.4,86.15,"102Y"
,10017,基隆市,10017070,信義區,10017070-012,東光里,646,460918,713,549,349,880,557.49,78.14,"102Y"
,10017,基隆市,10017070,信義區,10017070-013,東明里,1218,918306,754,575,349,972,656.18,87.03,"102Y"
,10017,基隆市,10017070,信義區,10017070-014,東安里,939,720572,767,563,357,942,736.12,95.93,"102Y"
,10017,基隆市,10017070,信義區,10017070-015,孝岡里,427,310200,726,599,363,947,555.71,76.49,"102Y"
,10017,基隆市,10017070,信義區,10017070-016,東信里,1408,1176824,836,639,361,1125,712.49,85.25,"102Y"
,10017,基隆市,10017070,信義區,10017070-017,孝深里,1048,647895,618,503,323,770,539.27,87.23,"102Y"
,10017,基隆市,10017070,信義區,10017070-018,孝賢里,1137,856326,753,574,347,965,625.93,83.11,"102Y"
,10017,基隆市,10017070,信義區,10017070-019,孝德里,703,438703,624,526,318,822,470.02,75.32,"102Y"
,10017,基隆市,10017070,信義區,10017070-020,孝忠里,2124,1883915,887,660,381,1162,793.97,89.51,"102Y"
X,10017,基隆市,10017070,信義區,10017070-999,其他,0,0,0,0,0,0,0,0,"102Y"
,10018,新竹市,10018010,東區,10018010-001,南門里,256,247220,966,545,331,1014,1704.17,176.47,"102Y"
,10018,新竹市,10018010,東區,10018010-002,福德里,494,474114,960,635,322,1274,1208.21,125.89,"102Y"
,10018,新竹市,10018010,東區,10018010-003,南市里,298,214756,721,534,317,849,809.44,112.32,"102Y"
,10018,新竹市,10018010,東區,10018010-004,關帝里,183,162389,887,547,283,956,1134.7,127.87,"102Y"
,10018,新竹市,10018010,東區,10018010-005,東門里,235,225476,959,577,336,975,1368.53,142.63,"102Y"
,10018,新竹市,10018010,東區,10018010-006,榮光里,150,205060,1367,764,413,1630,1559.51,114.08,"102Y"
,10018,新竹市,10018010,東區,10018010-007,成功里,267,257566,965,540,304,1056,2337.46,242.31,"102Y"
,10018,新竹市,10018010,東區,10018010-008,下竹里,188,155422,827,599,359,1116,690.91,83.57,"102Y"
,10018,新竹市,10018010,東區,10018010-009,竹蓮里,273,203154,744,605,357,936,575.18,77.29,"102Y"
,10018,新竹市,10018010,東區,10018010-010,寺前里,225,146487,651,525,309,869,485.48,74.57,"102Y"
,10018,新竹市,10018010,東區,10018010-011,育賢里,324,440045,1358,812,391,1819,1485.68,109.39,"102Y"
,10018,新竹市,10018010,東區,10018010-012,中正里,217,206836,953,569,275,1228,1045.37,109.67,"102Y"
,10018,新竹市,10018010,東區,10018010-013,公園里,1092,1679224,1538,906,463,1824,2272.87,147.8,"102Y"
,10018,新竹市,10018010,東區,10018010-014,頂竹里,1056,939605,890,597,339,1078,952.26,107.02,"102Y"
,10018,新竹市,10018010,東區,10018010-015,南大里,450,362404,805,555,342,1007,806.22,100.11,"102Y"
,10018,新竹市,10018010,東區,10018010-016,振興里,1949,1848729,949,658,380,1172,998.24,105.24,"102Y"
,10018,新竹市,10018010,東區,10018010-017,親仁里,603,959015,1590,948,476,1935,2190.23,137.72,"102Y"
,10018,新竹市,10018010,東區,10018010-018,文華里,1703,1860410,1092,741,395,1397,1207.14,110.5,"102Y"
,10018,新竹市,10018010,東區,10018010-019,復中里,1748,2299811,1316,756,401,1525,2403.95,182.72,"102Y"
,10018,新竹市,10018010,東區,10018010-020,三民里,1802,1980375,1099,686,362,1347,1469.44,133.71,"102Y"
,10018,新竹市,10018010,東區,10018010-021,東園里,1777,2388336,1344,1015,512,1781,1459.54,108.59,"102Y"
,10018,新竹市,10018010,東區,10018010-022,東勢里,908,1604041,1767,1226,540,2292,2233.25,126.42,"102Y"
,10018,新竹市,10018010,東區,10018010-023,光復里,800,945859,1182,754,399,1479,1768.4,149.57,"102Y"
,10018,新竹市,10018010,東區,10018010-024,豐功里,1747,3518666,2014,1528,586,2827,1946.58,96.65,"102Y"
,10018,新竹市,10018010,東區,10018010-025,武功里,1333,1630323,1223,893,474,1724,1041.35,85.14,"102Y"
,10018,新竹市,10018010,東區,10018010-026,綠水里,2313,3957404,1711,1199,539,2264,2283.35,133.46,"102Y"
,10018,新竹市,10018010,東區,10018010-027,東山里,1231,1611516,1309,837,410,1665,1959.96,149.72,"102Y"
,10018,新竹市,10018010,東區,10018010-028,光鎮里,1190,1066951,897,595,355,1094,1035.74,115.52,"102Y"
,10018,新竹市,10018010,東區,10018010-029,新興里,1063,889621,837,582,340,1077,854.2,102.07,"102Y"
,10018,新竹市,10018010,東區,10018010-030,柴橋里,1879,3272277,1741,977,451,2026,3270.59,187.8,"102Y"
,10018,新竹市,10018010,東區,10018010-031,高峰里,2091,2844564,1360,690,387,1436,3142.86,231.03,"102Y"
,10018,新竹市,10018010,東區,10018010-032,仙宮里,490,705259,1439,992,513,1989,1326.12,92.14,"102Y"
,10018,新竹市,10018010,東區,10018010-033,光明里,1241,2734164,2203,1460,620,2865,3574.77,162.25,"102Y"
,10018,新竹市,10018010,東區,10018010-035,立功里,267,186519,699,538,312,853,615.58,88.12,"102Y"
,10018,新竹市,10018010,東區,10018010-036,軍功里,1073,1318768,1229,853,438,1702,1256.29,102.22,"102Y"
,10018,新竹市,10018010,東區,10018010-037,建功里,1064,1143551,1075,715,385,1329,1159.66,107.9,"102Y"
,10018,新竹市,10018010,東區,10018010-038,前溪里,959,768927,802,567,327,1023,804.66,100.36,"102Y"
,10018,新竹市,10018010,東區,10018010-039,水源里,1051,844866,804,574,344,1020,818.68,101.84,"102Y"
,10018,新竹市,10018010,東區,10018010-040,千甲里,661,546210,826,571,328,999,904.75,109.49,"102Y"
,10018,新竹市,10018010,東區,10018010-041,埔頂里,1334,1831610,1373,965,504,1839,1425.16,103.8,"102Y"
,10018,新竹市,10018010,東區,10018010-042,龍山里,1856,2767064,1491,1151,601,1946,1427.01,95.72,"102Y"
,10018,新竹市,10018010,東區,10018010-043,新莊里,3676,6512508,1772,1430,690,2321,1755.56,99.09,"102Y"
,10018,新竹市,10018010,東區,10018010-044,仙水里,1690,2560870,1515,1078,504,2092,1565.35,103.3,"102Y"
,10018,新竹市,10018010,東區,10018010-045,金山里,1935,2913069,1505,965,476,1876,2788.89,185.25,"102Y"
,10018,新竹市,10018010,東區,10018010-046,關東里,1599,2024832,1266,809,418,1662,1403.13,110.8,"102Y"
,10018,新竹市,10018010,東區,10018010-047,科園里,2624,6062979,2311,1212,518,2556,7007.68,303.29,"102Y"
,10018,新竹市,10018010,東區,10018010-048,建華里,843,969174,1150,724,367,1483,1716.68,149.32,"102Y"
,10018,新竹市,10018010,東區,10018010-049,新光里,1233,1070752,868,608,365,1069,831.9,95.8,"102Y"
,10018,新竹市,10018010,東區,10018010-050,復興里,1734,2183900,1259,879,441,1629,1448.02,114.97,"102Y"
,10018,新竹市,10018010,東區,10018010-051,錦華里,652,916700,1406,824,443,1578,3323.98,236.42,"102Y"
,10018,新竹市,10018010,東區,10018010-052,湖濱里,1290,2112925,1638,735,412,1612,6732.5,411.04,"102Y"
,10018,新竹市,10018010,東區,10018010-053,明湖里,1738,1776882,1022,724,434,1275,1233.92,120.69,"102Y"
X,10018,新竹市,10018010,東區,10018010-999,其他,0,0,0,0,0,0,0,0,"102Y"
,10018,新竹市,10018020,北區,10018020-001,西門里,178,181820,1021,653,361,1239,1519.68,148.77,"102Y"
,10018,新竹市,10018020,北區,10018020-002,仁德里,255,188516,739,547,300,877,882.06,119.31,"102Y"
,10018,新竹市,10018020,北區,10018020-003,潛園里,260,217160,835,593,325,1081,898.79,107.61,"102Y"
,10018,新竹市,10018020,北區,10018020-004,中央里,148,107112,724,516,275,971,658.95,91.05,"102Y"
,10018,新竹市,10018020,北區,10018020-005,崇禮里,394,356421,905,628,358,1041,951.99,105.24,"102Y"
,10018,新竹市,10018020,北區,10018020-006,石坊里,189,153950,815,590,336,1151,685.77,84.19,"102Y"
,10018,新竹市,10018020,北區,10018020-007,興南里,550,593515,1079,689,395,1355,1100.89,102.02,"102Y"
,10018,新竹市,10018020,北區,10018020-008,北門里,310,302212,975,660,352,1225,981.4,100.67,"102Y"
,10018,新竹市,10018020,北區,10018020-009,中興里,199,163078,819,550,273,1031,927.64,113.2,"102Y"
,10018,新竹市,10018020,北區,10018020-010,大同里,345,505196,1464,710,386,1590,2329.75,159.1,"102Y"
,10018,新竹市,10018020,北區,10018020-011,中山里,246,227655,925,557,315,911,1648.05,178.09,"102Y"
,10018,新竹市,10018020,北區,10018020-012,長和里,461,404702,878,643,361,1106,859.99,97.96,"102Y"
,10018,新竹市,10018020,北區,10018020-013,新民里,518,422620,816,575,319,1034,1093.75,134.06,"102Y"
,10018,新竹市,10018020,北區,10018020-014,民富里,1561,1355760,869,605,362,1078,1014.58,116.82,"102Y"
,10018,新竹市,10018020,北區,10018020-015,水田里,1083,1254035,1158,650,365,1297,2493.45,215.34,"102Y"
,10018,新竹市,10018020,北區,10018020-016,文雅里,1338,1245504,931,645,385,1172,1372.48,147.44,"102Y"
,10018,新竹市,10018020,北區,10018020-017,光田里,748,659503,882,654,361,1114,832.57,94.43,"102Y"
,10018,新竹市,10018020,北區,10018020-018,士林里,521,485899,933,619,349,1103,1285.78,137.87,"102Y"
,10018,新竹市,10018020,北區,10018020-019,福林里,1367,1495461,1094,681,370,1360,1248.9,114.16,"102Y"
,10018,新竹市,10018020,北區,10018020-020,古賢里,262,191198,730,574,382,889,560.62,76.82,"102Y"
,10018,新竹市,10018020,北區,10018020-021,湳雅里,1028,1205713,1173,707,379,1585,1276.31,108.82,"102Y"
,10018,新竹市,10018020,北區,10018020-022,舊社里,2084,2161496,1037,681,384,1300,1162.17,112.05,"102Y"
,10018,新竹市,10018020,北區,10018020-023,武陵里,1516,1463778,966,648,381,1150,1249.91,129.45,"102Y"
,10018,新竹市,10018020,北區,10018020-024,南寮里,1550,1155566,746,560,333,959,690.7,92.65,"102Y"
,10018,新竹市,10018020,北區,10018020-025,舊港里,144,89570,622,496,350,769,505.18,81.22,"102Y"
,10018,新竹市,10018020,北區,10018020-026,康樂里,842,645639,767,578,329,974,666.17,86.88,"102Y"
,10018,新竹市,10018020,北區,10018020-027,港北里,416,327970,788,503,292,903,2799.64,355.11,"102Y"
,10018,新竹市,10018020,北區,10018020-028,中寮里,1099,949119,864,660,402,1062,863.99,100.04,"102Y"
,10018,新竹市,10018020,北區,10018020-029,海濱里,1082,824019,762,596,365,964,610.54,80.17,"102Y"
,10018,新竹市,10018020,北區,10018020-030,客雅里,1710,1604973,939,697,407,1208,905.55,96.48,"102Y"
,10018,新竹市,10018020,北區,10018020-031,育英里,1286,1246472,969,660,384,1272,1013.78,104.59,"102Y"
,10018,新竹市,10018020,北區,10018020-032,曲溪里,1600,1286512,804,584,347,994,753.65,93.73,"102Y"
,10018,新竹市,10018020,北區,10018020-033,西雅里,937,773961,826,588,349,994,971.98,117.67,"102Y"
,10018,新竹市,10018020,北區,10018020-034,南勢里,1239,979334,790,553,346,976,802.21,101.49,"102Y"
,10018,新竹市,10018020,北區,10018020-035,大鵬里,112,118438,1057,983,726,1349,512.05,48.42,"102Y"
,10018,新竹市,10018020,北區,10018020-036,境福里,1740,1622071,932,620,368,1192,938.23,100.64,"102Y"
,10018,新竹市,10018020,北區,10018020-037,磐石里,1866,1874855,1005,694,376,1260,1192.06,118.64,"102Y"
,10018,新竹市,10018020,北區,10018020-038,新雅里,1452,1144661,788,572,348,985,753.06,95.53,"102Y"
,10018,新竹市,10018020,北區,10018020-039,光華里,1270,1270308,1000,609,359,1143,1985.27,198.48,"102Y"
,10018,新竹市,10018020,北區,10018020-040,金華里,1864,2113386,1134,728,402,1414,1744.28,153.85,"102Y"
,10018,新竹市,10018020,北區,10018020-041,金竹里,2006,2140310,1067,736,406,1343,1130.58,105.96,"102Y"
,10018,新竹市,10018020,北區,10018020-042,湳中里,2565,3511023,1369,978,512,1791,1678.92,122.65,"102Y"
,10018,新竹市,10018020,北區,10018020-043,金雅里,789,721095,914,622,383,1171,933.89,102.18,"102Y"
,10018,新竹市,10018020,北區,10018020-044,台溪里,525,400764,763,616,347,1034,618.26,80.99,"102Y"
X,10018,新竹市,10018020,北區,10018020-999,其他,1,502,502,502,502,502,0,0,"102Y"
,10018,新竹市,10018030,香山區,10018030-001,港南里,701,465467,664,529,343,837,563.66,84.89,"102Y"
,10018,新竹市,10018030,香山區,10018030-002,虎山里,1704,1122086,659,505,326,823,572.66,86.96,"102Y"
,10018,新竹市,10018030,香山區,10018030-003,虎林里,794,639981,806,605,359,1046,661.46,82.06,"102Y"
,10018,新竹市,10018030,香山區,10018030-004,浸水里,719,508559,707,568,355,902,552.22,78.07,"102Y"
,10018,新竹市,10018030,香山區,10018030-005,樹下里,719,503912,701,503,335,866,651.7,92.99,"102Y"
,10018,新竹市,10018030,香山區,10018030-006,埔前里,1197,1006649,841,621,374,1108,753.76,89.63,"102Y"
,10018,新竹市,10018030,香山區,10018030-007,中埔里,1030,829286,805,566,340,972,799.93,99.35,"102Y"
,10018,新竹市,10018030,香山區,10018030-008,牛埔里,1366,1397463,1023,673,391,1228,1555.32,152.03,"102Y"
,10018,新竹市,10018030,香山區,10018030-009,頂埔里,2015,2091410,1038,834,478,1380,930.67,89.67,"102Y"
,10018,新竹市,10018030,香山區,10018030-010,東香里,1426,2150706,1508,983,469,1982,2466.56,163.54,"102Y"
,10018,新竹市,10018030,香山區,10018030-011,香村里,1002,1087250,1085,618,370,1271,1978.24,182.31,"102Y"
,10018,新竹市,10018030,香山區,10018030-012,香山里,1380,1135786,823,611,364,1044,719.85,87.46,"102Y"
,10018,新竹市,10018030,香山區,10018030-013,大庄里,891,694088,779,568,376,989,717.9,92.16,"102Y"
,10018,新竹市,10018030,香山區,10018030-014,美山里,351,242607,691,485,306,841,773.88,111.96,"102Y"
,10018,新竹市,10018030,香山區,10018030-015,朝山里,617,457705,742,570,361,997,601.8,81.13,"102Y"
,10018,新竹市,10018030,香山區,10018030-016,海山里,685,526522,769,555,357,914,823.79,107.17,"102Y"
,10018,新竹市,10018030,香山區,10018030-017,茄苳里,255,180036,706,503,339,840,642.58,91.01,"102Y"
,10018,新竹市,10018030,香山區,10018030-018,大湖里,270,191412,709,575,373,865,541.59,76.39,"102Y"
,10018,新竹市,10018030,香山區,10018030-019,南隘里,251,229175,913,609,358,1120,876.79,96.03,"102Y"
,10018,新竹市,10018030,香山區,10018030-020,中隘里,558,486480,872,584,360,1022,1089.71,124.99,"102Y"
,10018,新竹市,10018030,香山區,10018030-021,內湖里,1372,1120528,817,571,349,966,935.79,114.58,"102Y"
,10018,新竹市,10018030,香山區,10018030-022,鹽水里,440,337350,767,598,359,917,741.29,96.69,"102Y"
,10018,新竹市,10018030,香山區,10018030-023,南港里,259,179692,694,547,363,824,558.33,80.48,"102Y"
,10018,新竹市,10018030,香山區,10018030-024,頂福里,1420,1448147,1020,720,401,1372,928.53,91.05,"102Y"
X,10018,新竹市,10018030,香山區,10018030-999,其他,2,1299,649,649,642,657,21.92,3.38,"102Y"
,10020,嘉義市,10020010,東區,10020010-001,荖藤里,1197,929667,777,611,358,999,651.72,83.91,"102Y"
,10020,嘉義市,10020010,東區,10020010-002,後湖里,1024,732844,716,571,334,922,574.22,80.23,"102Y"
,10020,嘉義市,10020010,東區,10020010-003,仁義里,882,730272,828,612,346,1036,815.93,98.55,"102Y"
,10020,嘉義市,10020010,東區,10020010-004,中庄里,998,824268,826,612,351,1027,771.48,93.41,"102Y"
,10020,嘉義市,10020010,東區,10020010-005,頂庄里,750,638741,852,628,349,1143,729.22,85.62,"102Y"
,10020,嘉義市,10020010,東區,10020010-034,圳頭里,1182,974015,824,612,354,1067,772.3,93.72,"102Y"
,10020,嘉義市,10020010,東區,10020010-035,新店里,1375,1321848,961,661,365,1276,946.06,98.41,"102Y"
,10020,嘉義市,10020010,東區,10020010-036,後庄里,1216,989924,814,618,346,1030,708.5,87.03,"102Y"
,10020,嘉義市,10020010,東區,10020010-037,王田里,870,831430,956,677,382,1191,944.1,98.79,"102Y"
,10020,嘉義市,10020010,東區,10020010-038,東川里,632,667083,1056,705,393,1304,1121.58,106.26,"102Y"
,10020,嘉義市,10020010,東區,10020010-039,太平里,1416,1462033,1033,742,426,1276,957.2,92.71,"102Y"
,10020,嘉義市,10020010,東區,10020010-041,盧厝里,460,496954,1080,729,381,1347,1134.21,104.99,"102Y"
,10020,嘉義市,10020010,東區,10020010-042,鹿寮里,218,186128,854,665,356,1067,793.06,92.89,"102Y"
,10020,嘉義市,10020010,東區,10020010-043,長竹里,956,1037985,1086,734,383,1395,1110.91,102.32,"102Y"
,10020,嘉義市,10020010,東區,10020010-044,短竹里,715,644450,901,677,385,1166,780.79,86.63,"102Y"
,10020,嘉義市,10020010,東區,10020010-045,新開里,604,482469,799,598,321,1023,690.69,86.47,"102Y"
,10020,嘉義市,10020010,東區,10020010-046,宣信里,413,284409,689,522,297,848,715.23,103.86,"102Y"
,10020,嘉義市,10020010,東區,10020010-047,興南里,441,329468,747,580,318,958,669.91,89.67,"102Y"
,10020,嘉義市,10020010,東區,10020010-048,豐年里,419,384386,917,678,366,1169,867.57,94.57,"102Y"
,10020,嘉義市,10020010,東區,10020010-049,芳草里,894,665881,745,560,345,947,633.84,85.1,"102Y"
,10020,嘉義市,10020010,東區,10020010-050,芳安里,617,531664,862,648,361,1146,715.94,83.09,"102Y"
,10020,嘉義市,10020010,東區,10020010-051,頂寮里,758,564748,745,561,332,924,669.14,89.81,"102Y"
,10020,嘉義市,10020010,東區,10020010-052,安寮里,878,732009,834,595,345,1048,989.99,118.74,"102Y"
,10020,嘉義市,10020010,東區,10020010-053,興安里,627,483206,771,597,338,994,636.64,82.61,"102Y"
,10020,嘉義市,10020010,東區,10020010-054,興村里,1085,822670,758,563,349,954,1054.55,139.08,"102Y"
,10020,嘉義市,10020010,東區,10020010-055,興仁里,988,750807,760,574,347,957,640.75,84.32,"102Y"
,10020,嘉義市,10020010,東區,10020010-056,過溝里,699,569828,815,592,313,1044,814.02,99.85,"102Y"
,10020,嘉義市,10020010,東區,10020010-057,民族里,401,284077,708,508,272,836,1040.01,146.81,"102Y"
,10020,嘉義市,10020010,東區,10020010-058,朝陽里,548,390428,712,532,304,892,676.92,95.01,"102Y"
,10020,嘉義市,10020010,東區,10020010-059,華南里,602,442578,735,540,310,914,716.72,97.49,"102Y"
,10020,嘉義市,10020010,東區,10020010-060,東興里,607,567728,935,564,273,1072,1590.36,170.04,"102Y"
,10020,嘉義市,10020010,東區,10020010-061,中山里,672,654798,974,709,369,1197,999.67,102.59,"102Y"
,10020,嘉義市,10020010,東區,10020010-062,中央里,749,652115,871,519,261,914,1585.63,182.12,"102Y"
,10020,嘉義市,10020010,東區,10020010-063,林森里,809,831757,1028,776,391,1391,938.14,91.25,"102Y"
,10020,嘉義市,10020010,東區,10020010-064,北門里,740,618012,835,594,329,1038,889.91,106.56,"102Y"
,10020,嘉義市,10020010,東區,10020010-065,蘭潭里,622,554837,892,609,332,1112,900.24,100.92,"102Y"
,10020,嘉義市,10020010,東區,10020010-066,文雅里,1170,1536241,1313,854,450,1687,2339.31,178.16,"102Y"
,10020,嘉義市,10020010,東區,10020010-067,安業里,535,413866,774,587,360,1016,600.86,77.67,"102Y"
,10020,嘉義市,10020010,東區,10020010-068,義教里,806,640012,794,583,338,1073,721.07,90.81,"102Y"
X,10020,嘉義市,10020010,東區,10020010-999,其他,5,1622,324,260,47,360,362.71,111.83,"102Y"
,10020,嘉義市,10020020,西區,10020020-001,香湖里,210,155129,739,564,321,926,677.57,91.72,"102Y"
,10020,嘉義市,10020020,西區,10020020-002,湖邊里,558,390308,699,530,304,924,626.09,89.51,"102Y"
,10020,嘉義市,10020020,西區,10020020-003,北榮里,626,497762,795,569,312,1006,736.44,92.62,"102Y"
,10020,嘉義市,10020020,西區,10020020-005,重興里,469,314010,670,504,316,899,544.52,81.33,"102Y"
,10020,嘉義市,10020020,西區,10020020-009,竹圍里,1105,788164,713,537,305,896,672.62,94.3,"102Y"
,10020,嘉義市,10020020,西區,10020020-010,新厝里,1080,860874,797,591,352,993,1096.8,137.6,"102Y"
,10020,嘉義市,10020020,西區,10020020-011,保安里,975,733373,752,595,327,949,650.22,86.45,"102Y"
,10020,嘉義市,10020020,西區,10020020-012,北湖里,703,522136,743,588,342,988,609.33,82.04,"102Y"
,10020,嘉義市,10020020,西區,10020020-013,下埤里,408,269409,660,482,301,818,602.64,91.26,"102Y"
,10020,嘉義市,10020020,西區,10020020-014,竹村里,290,218901,755,512,313,927,742.32,98.34,"102Y"
,10020,嘉義市,10020020,西區,10020020-015,大溪里,481,329512,685,535,327,872,547.42,79.91,"102Y"
,10020,嘉義市,10020020,西區,10020020-016,福全里,1157,867071,749,532,308,907,831.19,110.91,"102Y"
,10020,嘉義市,10020020,西區,10020020-017,西平里,853,685260,803,572,340,1029,801.32,99.75,"102Y"
,10020,嘉義市,10020020,西區,10020020-018,磚?里,942,734772,780,589,335,1013,694.99,89.1,"102Y"
,10020,嘉義市,10020020,西區,10020020-019,港坪里,925,795213,860,663,369,1158,744.08,86.55,"102Y"
,10020,嘉義市,10020020,西區,10020020-020,頭港里,389,276622,711,554,318,948,580.15,81.58,"102Y"
,10020,嘉義市,10020020,西區,10020020-021,劉厝里,1847,1625882,880,689,380,1183,723.81,82.23,"102Y"
,10020,嘉義市,10020020,西區,10020020-022,新西里,517,342339,662,504,309,852,553.89,83.65,"102Y"
,10020,嘉義市,10020020,西區,10020020-031,書院里,619,506949,819,572,297,1028,880.23,107.48,"102Y"
,10020,嘉義市,10020020,西區,10020020-045,培元里,414,316873,765,605,348,1001,663.42,86.68,"102Y"
,10020,嘉義市,10020020,西區,10020020-046,垂楊里,488,371347,761,584,297,906,758.54,99.68,"102Y"
,10020,嘉義市,10020020,西區,10020020-047,車店里,1702,1360809,800,594,340,1031,736.73,92.14,"102Y"
,10020,嘉義市,10020020,西區,10020020-048,福民里,1604,1341750,837,593,323,1036,958.97,114.64,"102Y"
,10020,嘉義市,10020020,西區,10020020-049,湖內里,1122,810869,723,539,312,932,623.66,86.3,"102Y"
,10020,嘉義市,10020020,西區,10020020-050,美源里,1120,906782,810,560,319,965,942.99,116.47,"102Y"
,10020,嘉義市,10020020,西區,10020020-051,育英里,580,488589,842,602,321,1069,857.69,101.82,"102Y"
,10020,嘉義市,10020020,西區,10020020-052,致遠里,443,323938,731,575,324,940,617.69,84.47,"102Y"
,10020,嘉義市,10020020,西區,10020020-053,光路里,1424,1163383,817,614,333,1068,748.89,91.67,"102Y"
,10020,嘉義市,10020020,西區,10020020-054,翠岱里,363,303491,836,639,369,1051,788.62,94.32,"102Y"
,10020,嘉義市,10020020,西區,10020020-055,自強里,425,366197,862,630,313,1184,859.61,99.76,"102Y"
,10020,嘉義市,10020020,西區,10020020-056,永和里,467,339494,727,535,299,907,767.94,105.64,"102Y"
,10020,嘉義市,10020020,西區,10020020-057,新富里,510,386498,758,539,271,986,832.8,109.89,"102Y"
,10020,嘉義市,10020020,西區,10020020-058,文化里,769,654533,851,590,308,1002,1030.42,121.06,"102Y"
,10020,嘉義市,10020020,西區,10020020-059,西榮里,689,515968,749,505,273,907,838.67,111.99,"102Y"
,10020,嘉義市,10020020,西區,10020020-060,國華里,479,410999,858,597,291,951,1110.6,129.43,"102Y"
,10020,嘉義市,10020020,西區,10020020-061,番社里,477,405023,849,599,331,1009,898.71,105.84,"102Y"
,10020,嘉義市,10020020,西區,10020020-062,導明里,429,318970,744,551,320,908,703.76,94.65,"102Y"
,10020,嘉義市,10020020,西區,10020020-063,慶安里,378,243228,643,500,294,809,571.88,88.88,"102Y"
,10020,嘉義市,10020020,西區,10020020-064,後驛里,471,305159,648,486,288,768,681.74,105.22,"102Y"
,10020,嘉義市,10020020,西區,10020020-065,福安里,1147,948567,827,626,343,1062,762.63,92.22,"102Y"
,10020,嘉義市,10020020,西區,10020020-066,獅子里,733,544547,743,588,354,971,606.41,81.63,"102Y"
,10020,嘉義市,10020020,西區,10020020-067,紅瓦里,395,284112,719,541,322,890,621.7,86.44,"102Y"
,10020,嘉義市,10020020,西區,10020020-068,保福里,926,736668,796,605,327,1063,761.4,95.71,"102Y"
,10020,嘉義市,10020020,西區,10020020-069,保生里,1163,884307,760,558,327,954,835.82,109.92,"102Y"
,10020,嘉義市,10020020,西區,10020020-070,北新里,257,188408,733,601,354,964,559.21,76.28,"102Y"
X,10020,嘉義市,10020020,西區,10020020-999,其他,0,0,0,0,0,0,0,0,"102Y"
,09020,金門縣,09020010,金城鎮,09020010-001,東門里,1338,1191561,891,687,395,1196,733.39,82.35,"102Y"
,09020,金門縣,09020010,金城鎮,09020010-002,西門里,3073,3060181,996,771,442,1305,814.46,81.79,"102Y"
,09020,金門縣,09020010,金城鎮,09020010-003,南門里,1604,1439121,897,726,423,1135,688.27,76.71,"102Y"
,09020,金門縣,09020010,金城鎮,09020010-004,北門里,1202,1085289,903,708,400,1162,745.76,82.6,"102Y"
,09020,金門縣,09020010,金城鎮,09020010-005,古城里,974,857011,880,743,442,1162,615.09,69.91,"102Y"
,09020,金門縣,09020010,金城鎮,09020010-006,金水里,585,498817,853,669,399,1098,668.15,78.36,"102Y"
,09020,金門縣,09020010,金城鎮,09020010-007,珠沙里,783,676844,864,684,380,1153,683.69,79.09,"102Y"
,09020,金門縣,09020010,金城鎮,09020010-008,賢庵里,1124,979270,871,698,416,1158,694.87,79.76,"102Y"
X,09020,金門縣,09020010,金城鎮,09020010-999,其他,11,6489,590,424,240,884,534.99,90.7,"102Y"
,09020,金門縣,09020020,金沙鎮,09020020-001,汶沙里,1356,1196324,882,700,411,1093,779.17,88.32,"102Y"
,09020,金門縣,09020020,金沙鎮,09020020-002,三山里,453,343867,759,649,385,974,547.86,72.17,"102Y"
,09020,金門縣,09020020,金沙鎮,09020020-003,大洋里,298,245592,824,681,422,1060,625.46,75.89,"102Y"
,09020,金門縣,09020020,金沙鎮,09020020-004,光前里,600,522688,871,666,384,1180,778.84,89.4,"102Y"
,09020,金門縣,09020020,金沙鎮,09020020-005,何斗里,511,423663,829,667,418,1060,648.79,78.25,"102Y"
,09020,金門縣,09020020,金沙鎮,09020020-006,西園里,383,300602,785,653,416,1022,538.52,68.61,"102Y"
,09020,金門縣,09020020,金沙鎮,09020020-007,官嶼里,509,458061,900,720,389,1136,919.7,102.2,"102Y"
,09020,金門縣,09020020,金沙鎮,09020020-008,浦山里,568,461758,813,622,381,1002,682.26,83.92,"102Y"
X,09020,金門縣,09020020,金沙鎮,09020020-999,其他,3,2297,766,567,562,870,352.35,46.01,"102Y"
,09020,金門縣,09020030,金湖鎮,09020030-001,新市里,1360,1325165,974,740,460,1201,888.23,91.16,"102Y"
,09020,金門縣,09020030,金湖鎮,09020030-002,山外里,931,762291,819,686,412,1046,613.66,74.95,"102Y"
,09020,金門縣,09020030,金湖鎮,09020030-003,正義里,663,555907,838,675,417,1046,668.33,79.71,"102Y"
,09020,金門縣,09020030,金湖鎮,09020030-004,料羅里,571,523498,917,846,497,1203,591.96,64.57,"102Y"
,09020,金門縣,09020030,金湖鎮,09020030-005,瓊林里,880,711878,809,663,403,1041,615.75,76.12,"102Y"
,09020,金門縣,09020030,金湖鎮,09020030-006,新湖里,2045,1800415,880,720,437,1120,686.9,78.02,"102Y"
,09020,金門縣,09020030,金湖鎮,09020030-007,溪湖里,364,257744,708,564,362,889,623.21,88.01,"102Y"
,09020,金門縣,09020030,金湖鎮,09020030-008,蓮庵里,455,379621,834,726,421,1145,553.11,66.29,"102Y"
X,09020,金門縣,09020030,金湖鎮,09020030-999,其他,1,253,253,253,253,253,0,0,"102Y"
,09020,金門縣,09020040,金寧鄉,09020040-001,古寧村,829,710952,858,662,399,1055,958.01,111.71,"102Y"
,09020,金門縣,09020040,金寧鄉,09020040-002,安美村,1037,846717,817,639,399,1067,630.59,77.23,"102Y"
,09020,金門縣,09020040,金寧鄉,09020040-003,后盤村,370,323677,875,724,419,1177,610.05,69.74,"102Y"
,09020,金門縣,09020040,金寧鄉,09020040-004,湖埔村,1458,1346489,924,751,420,1235,706.16,76.46,"102Y"
,09020,金門縣,09020040,金寧鄉,09020040-005,榜林村,1343,1142680,851,700,409,1133,657.97,77.33,"102Y"
,09020,金門縣,09020040,金寧鄉,09020040-006,盤山村,1253,1163142,928,746,418,1200,724.05,78,"102Y"
X,09020,金門縣,09020040,金寧鄉,09020040-999,其他,2,332,166,166,97,235,194.52,117.08,"102Y"
,09020,金門縣,09020050,烈嶼鄉,09020050-001,上岐村,707,566564,801,651,408,986,682.02,85.11,"102Y"
,09020,金門縣,09020050,烈嶼鄉,09020050-002,上林村,361,274359,760,638,415,984,541.37,71.23,"102Y"
,09020,金門縣,09020050,烈嶼鄉,09020050-003,西口村,590,488114,827,661,397,1087,629.34,76.07,"102Y"
,09020,金門縣,09020050,烈嶼鄉,09020050-004,林湖村,821,672941,820,690,402,1109,596.27,72.75,"102Y"
,09020,金門縣,09020050,烈嶼鄉,09020050-005,黃埔村,356,287046,806,648,402,1039,643.83,79.85,"102Y"
X,09020,金門縣,09020050,烈嶼鄉,09020050-999,其他,1,2052,2052,2052,2052,2052,0,0,"102Y"
,09020,金門縣,09020060,烏坵鄉,09020060-001,大坵村,71,64111,903,703,409,1166,756.77,83.81,"102Y"
,09020,金門縣,09020060,烏坵鄉,09020060-002,小坵村,99,94931,959,659,397,1241,874.78,91.23,"102Y"
X,09020,金門縣,09020060,烏坵鄉,09020060-999,其他,0,0,0,0,0,0,0,0,"102Y"
,09007,連江縣,09007010,南竿鄉,09007010-001,介壽村,743,739850,996,800,490,1285,742.37,74.55,"102Y"
,09007,連江縣,09007010,南竿鄉,09007010-002,復興村,359,359634,1002,807,495,1418,694.73,69.35,"102Y"
,09007,連江縣,09007010,南竿鄉,09007010-003,福沃村,273,280306,1027,783,455,1308,987.99,96.22,"102Y"
,09007,連江縣,09007010,南竿鄉,09007010-004,清水村,252,256778,1019,810,480,1318,791.65,77.69,"102Y"
,09007,連江縣,09007010,南竿鄉,09007010-005,仁愛村,161,159713,992,842,471,1395,680.89,68.64,"102Y"
,09007,連江縣,09007010,南竿鄉,09007010-006,津沙村,82,92962,1134,732,447,1381,1095.83,96.66,"102Y"
,09007,連江縣,09007010,南竿鄉,09007010-007,馬祖村,163,169762,1041,765,493,1370,866.02,83.15,"102Y"
,09007,連江縣,09007010,南竿鄉,09007010-008,珠螺村,37,30270,818,558,430,1076,651.72,79.66,"102Y"
,09007,連江縣,09007010,南竿鄉,09007010-009,四維村,46,42704,928,656,509,1189,714.79,77,"102Y"
X,09007,連江縣,09007010,南竿鄉,09007010-999,其他,0,0,0,0,0,0,0,0,"102Y"
,09007,連江縣,09007020,北竿鄉,09007020-001,塘岐村,315,302090,959,752,426,1262,870.53,90.77,"102Y"
,09007,連江縣,09007020,北竿鄉,09007020-002,后沃村,58,59499,1026,807,520,1308,728.61,71.03,"102Y"
,09007,連江縣,09007020,北竿鄉,09007020-003,橋仔村,63,54337,862,873,425,1241,500.46,58.03,"102Y"
,09007,連江縣,09007020,北竿鄉,09007020-004,芹壁村,54,47109,872,753,385,1322,688.06,78.87,"102Y"
,09007,連江縣,09007020,北竿鄉,09007020-005,?里村,79,64144,812,618,460,1094,569.44,70.13,"102Y"
,09007,連江縣,09007020,北竿鄉,09007020-006,白沙村,35,23717,678,754,407,872,368.06,54.32,"102Y"
X,09007,連江縣,09007020,北竿鄉,09007020-999,其他,0,0,0,0,0,0,0,0,"102Y"
,09007,連江縣,09007030,莒光鄉,09007030-001,青帆村,148,142626,964,787,507,1175,746.72,77.49,"102Y"
,09007,連江縣,09007030,莒光鄉,09007030-002,田沃村,64,56156,877,704,424,1178,578.71,65.95,"102Y"
,09007,連江縣,09007030,莒光鄉,09007030-003,西坵村,21,18441,878,796,442,1128,638.28,72.69,"102Y"
,09007,連江縣,09007030,莒光鄉,09007030-004,福正村,43,31518,733,566,314,1082,534.57,72.93,"102Y"
,09007,連江縣,09007030,莒光鄉,09007030-005,大坪村,142,124142,874,698,422,1068,699.36,80,"102Y"
X,09007,連江縣,09007030,莒光鄉,09007030-999,其他,0,0,0,0,0,0,0,0,"102Y"
,09007,連江縣,09007040,東引鄉,09007040-001,中柳村,182,164440,904,800,547,1173,573.44,63.47,"102Y"
,09007,連江縣,09007040,東引鄉,09007040-002,樂華村,193,174948,906,771,499,1183,600.72,66.27,"102Y"
X,09007,連江縣,09007040,東引鄉,09007040-999,其他,0,0,0,0,0,0,0,0,"102Y"
